Date Time, Speed, Direction, Direction, Gust, X, R 
1/1/2025 0:00,0.78,113,ESE,1.17,0,0
1/1/2025 1:00,2.33,319,NW,2.53,0,0
1/1/2025 2:00,2.14,318,NW,3.3,0,0
1/1/2025 3:00,3.5,343,NNW,4.28,0,0
1/1/2025 4:00,2.33,91,E,3.3,0,0
1/1/2025 5:00,2.92,4,N,3.69,0,0
1/1/2025 6:00,4.47,310,NW,5.05,0,0
1/1/2025 7:00,3.69,309,NW,5.25,0,0
1/1/2025 8:00,3.3,342,NNW,4.28,0,0
1/1/2025 9:00,4.86,353,N,6.8,0,0
1/1/2025 10:00,1.94,28,NNE,3.3,0,0
1/1/2025 11:00,3.69,319,NW,4.67,0,0
1/1/2025 12:00,1.56,319,NW,2.14,0,0
1/1/2025 13:00,4.08,320,NW,4.67,0,0
1/1/2025 14:00,5.83,326,NW,7.19,0,0
1/1/2025 15:00,8.75,332,NNW,9.91,0,0
1/1/2025 16:00,6.41,329,NNW,7,0,0
1/1/2025 17:00,4.67,337,NNW,6.03,0,0
1/1/2025 18:00,5.44,322,NW,6.03,0,0
1/1/2025 19:00,4.28,323,NW,4.67,0,0
1/1/2025 20:00,3.69,325,NW,4.67,0,0
1/1/2025 21:00,5.44,324,NW,6.22,0,0
1/1/2025 22:00,4.28,336,NNW,5.44,0,0
1/1/2025 23:00,2.14,324,NW,4.47,0,0
1/2/2025 0:00,0.39,220,SW,0.97,0,0
1/2/2025 1:00,8.36,329,NNW,9.14,0,0
1/2/2025 2:00,4.28,336,NNW,6.03,0,0
1/2/2025 3:00,6.22,343,NNW,7.97,0,0
1/2/2025 4:00,4.08,29,NNE,5.05,0,0
1/2/2025 5:00,2.33,334,NNW,3.89,0,0
1/2/2025 6:00,7,47,NE,11.27,0,0
1/2/2025 7:00,3.3,45,NE,4.47,0,0
1/2/2025 8:00,6.8,7,N,7.97,0,0
1/2/2025 9:00,9.72,46,NE,13.22,0,0
1/2/2025 10:00,3.5,65,ENE,5.64,0,0
1/2/2025 11:00,5.25,44,NE,7.78,0,0
1/2/2025 12:00,11.66,7,N,14.97,0,0
1/2/2025 13:00,8.75,2,N,13.41,0,0
1/2/2025 14:00,11.27,3,N,13.02,0,0
1/2/2025 15:00,7.19,357,N,11.27,0,0
1/2/2025 16:00,7.97,5,N,11.08,0,0
1/2/2025 17:00,4.28,34,NE,7.97,0,0
1/2/2025 18:00,7,45,NE,9.91,0,0
1/2/2025 19:00,5.44,12,NNE,7,0,0
1/2/2025 20:00,5.64,317,NW,7.58,0,0
1/2/2025 21:00,7.58,325,NW,8.55,0,0
1/2/2025 22:00,7.19,328,NNW,8.75,0,0
1/2/2025 23:00,2.72,303,WNW,3.3,0,0
1/3/2025 0:00,7,307,NW,8.36,0,0
1/3/2025 1:00,2.92,305,NW,4.28,0,0
1/3/2025 2:00,2.53,301,WNW,3.69,0,0
1/3/2025 3:00,2.92,355,N,3.3,0,0
1/3/2025 4:00,2.92,137,SE,8.16,0,0
1/3/2025 5:00,3.89,148,SSE,7.19,0,0
1/3/2025 6:00,6.03,159,SSE,9.52,0,0
1/3/2025 7:00,4.47,146,SE,7.97,0,0
1/3/2025 8:00,9.33,161,SSE,11.47,0,0
1/3/2025 9:00,4.47,140,SE,7.78,0,0
1/3/2025 10:00,6.22,151,SSE,8.94,0,0
1/3/2025 11:00,7.58,165,SSE,9.91,0,0
1/3/2025 12:00,5.44,171,S,8.75,0,0
1/3/2025 13:00,8.55,229,SW,14.38,0,0
1/3/2025 14:00,6.61,232,SW,11.27,0,0
1/3/2025 15:00,3.11,260,W,8.36,0,0
1/3/2025 16:00,8.75,296,WNW,11.47,0,0
1/3/2025 17:00,5.83,300,WNW,7.58,0,0
1/3/2025 18:00,4.08,295,WNW,5.83,0,0
1/3/2025 19:00,1.75,180,S,3.3,0,0
1/3/2025 20:00,1.17,198,SSW,4.08,0,0
1/3/2025 21:00,1.75,193,SSW,2.72,0,0
1/3/2025 22:00,2.14,183,S,3.5,0,0
1/3/2025 23:00,2.92,160,SSE,4.47,0,0
1/4/2025 0:00,2.33,165,SSE,3.11,0,0
1/4/2025 1:00,1.94,140,SE,2.92,0,0
1/4/2025 2:00,1.94,267,W,2.72,0,0
1/4/2025 3:00,2.53,290,WNW,3.89,0,0
1/4/2025 4:00,3.11,354,N,3.89,0,0
1/4/2025 5:00,1.17,89,E,1.56,0,0
1/4/2025 6:00,3.11,314,NW,4.86,0,0
1/4/2025 7:00,1.56,62,ENE,2.92,0,0
1/4/2025 8:00,0.39,137,SE,1.17,0,0
1/4/2025 9:00,3.89,336,NNW,5.05,0,0
1/4/2025 10:00,1.75,96,E,1.94,0,0
1/4/2025 11:00,3.11,316,NW,3.89,0,0
1/4/2025 12:00,4.28,292,WNW,5.44,0,0
1/4/2025 13:00,1.17,354,N,1.94,0,0
1/4/2025 14:00,1.56,200,SSW,2.14,0,0
1/4/2025 15:00,1.17,201,SSW,2.14,0,0
1/4/2025 16:00,1.36,210,SSW,2.14,0,0
1/4/2025 17:00,1.56,160,SSE,2.33,0,0
1/4/2025 18:00,4.08,308,NW,5.83,0,0
1/4/2025 19:00,4.67,323,NW,5.83,0,0
1/4/2025 20:00,2.14,349,N,3.11,0,0
1/4/2025 21:00,5.05,328,NNW,7.19,0,0
1/4/2025 22:00,1.17,103,ESE,1.94,0,0
1/4/2025 23:00,1.36,334,NNW,2.92,0,0
1/5/2025 0:00,1.36,88,E,1.94,0,0
1/5/2025 1:00,1.56,318,NW,1.94,0,0
1/5/2025 2:00,1.36,320,NW,1.75,0,0
1/5/2025 3:00,0.39,127,SE,1.17,0,0
1/5/2025 4:00,1.17,309,NW,1.36,0,0
1/5/2025 5:00,3.11,68,ENE,4.28,0,0
1/5/2025 6:00,3.69,327,NNW,4.47,0,0
1/5/2025 7:00,3.89,30,NNE,4.28,0,0
1/5/2025 8:00,0.97,8,N,2.14,0,0
1/5/2025 9:00,0.19,2,N,1.75,0,0
1/5/2025 10:00,0.78,155,SSE,1.56,0,0
1/5/2025 11:00,5.64,336,NNW,6.22,0,0
1/5/2025 12:00,3.11,324,NW,5.64,0,0
1/5/2025 13:00,2.72,242,WSW,4.08,0,0
1/5/2025 14:00,1.75,250,WSW,3.11,0,0
1/5/2025 15:00,3.3,215,SW,4.67,0,0
1/5/2025 16:00,1.75,333,NNW,2.14,0,0
1/5/2025 17:00,1.17,330,NNW,1.56,0,0
1/5/2025 18:00,3.3,332,NNW,3.89,0,0
1/5/2025 19:00,0,187,S,0,0,0
1/5/2025 20:00,3.89,158,SSE,5.05,0,0
1/5/2025 21:00,2.14,327,NNW,2.72,0,0
1/5/2025 22:00,1.75,118,ESE,2.33,0,0
1/5/2025 23:00,3.89,311,NW,4.28,0,0
1/6/2025 0:00,1.75,123,ESE,2.33,0,0
1/6/2025 1:00,0.19,194,SSW,0.78,0,0
1/6/2025 2:00,1.56,61,ENE,3.69,0,0
1/6/2025 3:00,2.72,75,ENE,4.28,0,0
1/6/2025 4:00,4.08,164,SSE,7.39,0,0
1/6/2025 5:00,0.97,159,SSE,2.72,0,0
1/6/2025 6:00,2.14,8,N,2.92,0,0
1/6/2025 7:00,2.14,165,SSE,3.3,0,0
1/6/2025 8:00,1.36,280,W,3.3,0,0
1/6/2025 9:00,0,317,NW,0.97,0,0
1/6/2025 10:00,0,178,S,0.39,0,0
1/6/2025 11:00,5.25,314,NW,6.22,0,0
1/6/2025 12:00,5.25,357,N,6.03,0,0
1/6/2025 13:00,2.92,259,W,4.28,0,0
1/6/2025 14:00,4.47,309,NW,5.05,0,0
1/6/2025 15:00,6.41,309,NW,7.97,0,0
1/6/2025 16:00,3.89,292,WNW,5.44,0,0
1/6/2025 17:00,5.25,330,NNW,6.03,0,0
1/6/2025 18:00,3.11,325,NW,4.08,0,0
1/6/2025 19:00,3.69,2,N,4.28,0,0
1/6/2025 20:00,4.67,337,NNW,5.44,0,0
1/6/2025 21:00,3.69,289,WNW,3.89,0,0
1/6/2025 22:00,1.94,232,SW,2.92,0,0
1/6/2025 23:00,0,128,SE,1.17,0,0
1/7/2025 0:00,0,0,N,0,0,0
1/7/2025 1:00,11.27,338,NNW,14,0,0
1/7/2025 2:00,15.36,351,N,20.8,0,0
1/7/2025 3:00,17.11,4,N,21.58,0,0
1/7/2025 4:00,16.13,7,N,23.13,0,0
1/7/2025 5:00,13.02,336,NNW,15.94,0,0
1/7/2025 6:00,20.22,5,N,29.74,0,0
1/7/2025 7:00,13.41,2,N,26.24,0,0
1/7/2025 8:00,13.61,344,NNW,16.52,0,0
1/7/2025 9:00,12.25,342,NNW,15.94,0,0
1/7/2025 10:00,14.38,4,N,19.83,0,0
1/7/2025 11:00,14.19,359,N,18.86,0,0
1/7/2025 12:00,12.25,22,NNE,19.83,0,0
1/7/2025 13:00,9.33,6,N,14.19,0,0
1/7/2025 14:00,11.66,14,NNE,19.83,0,0
1/7/2025 15:00,7.97,18,NNE,13.22,0,0
1/7/2025 16:00,9.91,335,NNW,14,0,0
1/7/2025 17:00,7.97,4,N,9.33,0,0
1/7/2025 18:00,10.3,345,NNW,16.72,0,0
1/7/2025 19:00,10.5,353,N,13.22,0,0
1/7/2025 20:00,14,1,N,18.27,0,0
1/7/2025 21:00,11.47,3,N,15.36,0,0
1/7/2025 22:00,15.94,8,N,18.66,0,0
1/7/2025 23:00,14.58,14,NNE,21.97,0,0
1/8/2025 0:00,17.3,5,N,22.35,0,0
1/8/2025 1:00,12.05,350,N,18.86,0,0
1/8/2025 2:00,11.86,3,N,13.8,0,0
1/8/2025 3:00,8.75,349,N,12.44,0,0
1/8/2025 4:00,6.61,343,NNW,8.55,0,0
1/8/2025 5:00,2.72,32,NNE,4.28,0,0
1/8/2025 6:00,2.14,125,SE,3.5,0,0
1/8/2025 7:00,1.56,156,SSE,2.14,0,0
1/8/2025 8:00,0,121,ESE,1.56,0,0
1/8/2025 9:00,2.72,127,SE,4.86,0,0
1/8/2025 10:00,0.19,255,WSW,2.53,0,0
1/8/2025 11:00,3.3,164,SSE,5.64,0,0
1/8/2025 12:00,1.94,134,SE,3.69,0,0
1/8/2025 13:00,1.75,166,SSE,2.92,0,0
1/8/2025 14:00,1.17,134,SE,3.3,0,0
1/8/2025 15:00,0.97,146,SE,2.53,0,0
1/8/2025 16:00,0.19,153,SSE,1.36,0,0
1/8/2025 17:00,2.33,114,ESE,2.92,0,0
1/8/2025 18:00,0.19,143,SE,1.36,0,0
1/8/2025 19:00,1.94,134,SE,4.67,0,0
1/8/2025 20:00,1.56,144,SE,2.53,0,0
1/8/2025 21:00,3.5,323,NW,4.08,0,0
1/8/2025 22:00,1.17,120,ESE,1.56,0,0
1/8/2025 23:00,2.92,323,NW,3.5,0,0
1/9/2025 0:00,5.83,309,NW,7.39,0,0
1/9/2025 1:00,5.25,314,NW,6.22,0,0
1/9/2025 2:00,7.58,343,NNW,9.14,0,0
1/9/2025 3:00,7.58,316,NW,8.55,0,0
1/9/2025 4:00,7.19,314,NW,8.36,0,0
1/9/2025 5:00,3.3,319,NW,5.83,0,0
1/9/2025 6:00,5.64,307,NW,7.78,0,0
1/9/2025 7:00,5.83,315,NW,6.41,0,0
1/9/2025 8:00,1.94,342,NNW,3.11,0,0
1/9/2025 9:00,0.97,290,WNW,1.36,0,0
1/9/2025 10:00,1.56,324,NW,1.94,0,0
1/9/2025 11:00,0.39,151,SSE,0.58,0,0
1/9/2025 12:00,3.69,165,SSE,4.47,0,0
1/9/2025 13:00,2.33,135,SE,3.89,0,0
1/9/2025 14:00,,,,,1,1
1/9/2025 15:00,1.94,172,S,2.53,0,0
1/9/2025 16:00,1.75,325,NW,1.94,0,0
1/9/2025 17:00,0,286,WNW,1.36,0,0
1/9/2025 18:00,0.58,88,E,1.17,0,0
1/9/2025 19:00,1.36,288,WNW,1.56,0,0
1/9/2025 20:00,1.94,245,WSW,3.11,0,0
1/9/2025 21:00,0.58,95,E,2.14,0,0
1/9/2025 22:00,2.92,202,SSW,3.69,0,0
1/9/2025 23:00,3.69,55,NE,7.97,0,0
1/10/2025 0:00,3.5,46,NE,5.05,0,0
1/10/2025 1:00,1.75,0,N,2.53,0,0
1/10/2025 2:00,1.94,98,E,4.08,0,0
1/10/2025 3:00,3.89,261,W,5.44,0,0
1/10/2025 4:00,3.5,304,NW,7,0,0
1/10/2025 5:00,6.61,316,NW,7.78,0,0
1/10/2025 6:00,6.8,309,NW,8.75,0,0
1/10/2025 7:00,5.25,326,NW,7.78,0,0
1/10/2025 8:00,4.08,344,NNW,4.67,0,0
1/10/2025 9:00,3.11,321,NW,3.3,0,0
1/10/2025 10:00,2.92,314,NW,3.5,0,0
1/10/2025 11:00,1.56,312,NW,1.94,0,0
1/10/2025 12:00,2.53,129,SE,4.67,0,0
1/10/2025 13:00,2.72,138,SE,5.05,0,0
1/10/2025 14:00,3.69,212,SSW,6.03,0,0
1/10/2025 15:00,1.94,212,SSW,3.5,0,0
1/10/2025 16:00,10.11,215,SW,12.44,0,0
1/10/2025 17:00,1.36,207,SSW,2.14,0,0
1/10/2025 18:00,6.8,213,SSW,9.14,0,0
1/10/2025 19:00,1.56,196,SSW,6.03,0,0
1/10/2025 20:00,2.72,268,W,5.83,0,0
1/10/2025 21:00,1.36,264,W,4.08,0,0
1/10/2025 22:00,0.97,165,SSE,2.92,0,0
1/10/2025 23:00,1.17,146,SE,3.89,0,0
1/11/2025 0:00,2.92,340,NNW,4.47,0,0
1/11/2025 1:00,6.8,322,NW,8.36,0,0
1/11/2025 2:00,5.64,345,NNW,7.39,0,0
1/11/2025 3:00,7.97,2,N,9.52,0,0
1/11/2025 4:00,6.03,8,N,7.78,0,0
1/11/2025 5:00,7.39,341,NNW,8.36,0,0
1/11/2025 6:00,10.11,343,NNW,15.75,0,0
1/11/2025 7:00,12.05,343,NNW,15.16,0,0
1/11/2025 8:00,10.69,339,NNW,14,0,0
1/11/2025 9:00,12.83,347,NNW,17.88,0,0
1/11/2025 10:00,11.66,346,NNW,15.36,0,0
1/11/2025 11:00,16.91,330,NNW,19.63,0,0
1/11/2025 12:00,12.83,349,N,17.49,0,0
1/11/2025 13:00,12.44,352,N,14.97,0,0
1/11/2025 14:00,16.13,354,N,21.38,0,0
1/11/2025 15:00,17.3,354,N,20.8,0,0
1/11/2025 16:00,16.33,358,N,19.63,0,0
1/11/2025 17:00,15.55,347,NNW,18.08,0,0
1/11/2025 18:00,17.3,355,N,20.6,0,0
1/11/2025 19:00,16.52,351,N,20.41,0,0
1/11/2025 20:00,15.75,345,NNW,19.24,0,0
1/11/2025 21:00,15.16,334,NNW,20.22,0,0
1/11/2025 22:00,12.44,346,NNW,18.08,0,0
1/11/2025 23:00,13.61,335,NNW,16.13,0,0
1/12/2025 0:00,14.77,348,NNW,17.49,0,0
1/12/2025 1:00,13.41,335,NNW,16.13,0,0
1/12/2025 2:00,10.89,355,N,15.75,0,0
1/12/2025 3:00,11.08,348,NNW,14.38,0,0
1/12/2025 4:00,12.25,343,NNW,13.41,0,0
1/12/2025 5:00,8.36,337,NNW,12.44,0,0
1/12/2025 6:00,10.89,342,NNW,13.02,0,0
1/12/2025 7:00,7.78,348,NNW,12.83,0,0
1/12/2025 8:00,7.58,8,N,10.3,0,0
1/12/2025 9:00,0.58,238,WSW,3.89,0,0
1/12/2025 10:00,6.41,352,N,8.36,0,0
1/12/2025 11:00,4.67,339,NNW,7.78,0,0
1/12/2025 12:00,7.78,360,N,11.86,0,0
1/12/2025 13:00,10.3,358,N,14.58,0,0
1/12/2025 14:00,12.05,2,N,15.16,0,0
1/12/2025 15:00,10.5,2,N,20.02,0,0
1/12/2025 16:00,7.58,342,NNW,9.72,0,0
1/12/2025 17:00,2.92,136,SE,4.67,0,0
1/12/2025 18:00,0.19,222,SW,2.53,0,0
1/12/2025 19:00,1.56,305,NW,2.14,0,0
1/12/2025 20:00,0,175,S,1.36,0,0
1/12/2025 21:00,1.36,316,NW,2.53,0,0
1/12/2025 22:00,2.72,145,SE,4.47,0,0
1/12/2025 23:00,7.58,161,SSE,8.75,0,0
1/13/2025 0:00,0.97,129,SE,1.56,0,0
1/13/2025 1:00,2.72,353,N,3.69,0,0
1/13/2025 2:00,3.5,61,ENE,6.03,0,0
1/13/2025 3:00,13.22,43,NE,18.66,0,0
1/13/2025 4:00,11.86,53,NE,17.11,0,0
1/13/2025 5:00,14.58,48,NE,19.05,0,0
1/13/2025 6:00,8.75,31,NNE,14.97,0,0
1/13/2025 7:00,6.61,343,NNW,9.33,0,0
1/13/2025 8:00,7.97,3,N,10.69,0,0
1/13/2025 9:00,14.38,19,NNE,17.3,0,0
1/13/2025 10:00,8.16,16,NNE,14.77,0,0
1/13/2025 11:00,10.69,7,N,14.77,0,0
1/13/2025 12:00,8.55,358,N,11.27,0,0
1/13/2025 13:00,7,51,NE,10.5,0,0
1/13/2025 14:00,4.86,77,ENE,11.27,0,0
1/13/2025 15:00,4.28,70,ENE,11.47,0,0
1/13/2025 16:00,5.25,80,E,7.58,0,0
1/13/2025 17:00,2.92,57,ENE,6.61,0,0
1/13/2025 18:00,3.69,185,S,6.03,0,0
1/13/2025 19:00,3.11,310,NW,5.25,0,0
1/13/2025 20:00,0.97,273,W,1.94,0,0
1/13/2025 21:00,1.36,96,E,1.56,0,0
1/13/2025 22:00,0.97,110,ESE,1.75,0,0
1/13/2025 23:00,4.67,156,SSE,5.83,0,0
1/14/2025 0:00,1.36,129,SE,2.33,0,0
1/14/2025 1:00,0.58,14,NNE,1.56,0,0
1/14/2025 2:00,3.11,303,WNW,3.89,0,0
1/14/2025 3:00,1.56,340,NNW,3.5,0,0
1/14/2025 4:00,3.3,269,W,4.08,0,0
1/14/2025 5:00,1.75,81,E,3.11,0,0
1/14/2025 6:00,2.92,14,NNE,4.08,0,0
1/14/2025 7:00,4.47,318,NW,5.64,0,0
1/14/2025 8:00,3.5,329,NNW,4.47,0,0
1/14/2025 9:00,3.89,314,NW,5.05,0,0
1/14/2025 10:00,2.33,316,NW,3.5,0,0
1/14/2025 11:00,2.92,325,NW,3.69,0,0
1/14/2025 12:00,1.75,314,NW,3.3,0,0
1/14/2025 13:00,4.47,303,WNW,5.44,0,0
1/14/2025 14:00,7.58,309,NW,8.55,0,0
1/14/2025 15:00,7.39,316,NW,9.33,0,0
1/14/2025 16:00,6.8,314,NW,8.55,0,0
1/14/2025 17:00,5.44,307,NW,7.78,0,0
1/14/2025 18:00,3.69,333,NNW,4.08,0,0
1/14/2025 19:00,2.53,310,NW,3.5,0,0
1/14/2025 20:00,2.33,296,WNW,2.92,0,0
1/14/2025 21:00,2.92,326,NW,3.11,0,0
1/14/2025 22:00,1.36,91,E,2.33,0,0
1/14/2025 23:00,3.5,317,NW,4.67,0,0
1/15/2025 0:00,7.19,323,NW,8.16,0,0
1/15/2025 1:00,6.8,320,NW,9.14,0,0
1/15/2025 2:00,6.8,331,NNW,8.36,0,0
1/15/2025 3:00,2.72,29,NNE,3.11,0,0
1/15/2025 4:00,2.33,334,NNW,2.72,0,0
1/15/2025 5:00,10.11,334,NNW,11.08,0,0
1/15/2025 6:00,9.14,24,NNE,10.89,0,0
1/15/2025 7:00,4.08,318,NW,5.44,0,0
1/15/2025 8:00,6.8,1,N,10.3,0,0
1/15/2025 9:00,4.86,357,N,6.8,0,0
1/15/2025 10:00,6.61,336,NNW,8.75,0,0
1/15/2025 11:00,10.11,333,NNW,11.27,0,0
1/15/2025 12:00,8.36,330,NNW,11.27,0,0
1/15/2025 13:00,7.58,314,NW,8.94,0,0
1/15/2025 14:00,7.19,307,NW,8.36,0,0
1/15/2025 15:00,4.86,311,NW,6.61,0,0
1/15/2025 16:00,5.83,304,NW,6.8,0,0
1/15/2025 17:00,5.83,337,NNW,7,0,0
1/15/2025 18:00,3.5,280,W,4.47,0,0
1/15/2025 19:00,4.47,304,NW,6.22,0,0
1/15/2025 20:00,3.69,305,NW,4.67,0,0
1/15/2025 21:00,3.3,333,NNW,4.08,0,0
1/15/2025 22:00,3.3,312,NW,4.08,0,0
1/15/2025 23:00,2.92,320,NW,3.69,0,0
1/16/2025 0:00,3.5,341,NNW,4.47,0,0
1/16/2025 1:00,4.67,328,NNW,5.83,0,0
1/16/2025 2:00,7.58,328,NNW,9.14,0,0
1/16/2025 3:00,7.19,341,NNW,9.91,0,0
1/16/2025 4:00,7.19,330,NNW,8.94,0,0
1/16/2025 5:00,4.08,41,NE,5.44,0,0
1/16/2025 6:00,7.97,329,NNW,8.75,0,0
1/16/2025 7:00,8.55,328,NNW,9.72,0,0
1/16/2025 8:00,9.52,330,NNW,11.27,0,0
1/16/2025 9:00,3.3,64,ENE,6.03,0,0
1/16/2025 10:00,5.05,318,NW,5.83,0,0
1/16/2025 11:00,4.67,305,NW,5.64,0,0
1/16/2025 12:00,8.36,308,NW,9.91,0,0
1/16/2025 13:00,9.91,326,NW,11.66,0,0
1/16/2025 14:00,3.89,306,NW,6.41,0,0
1/16/2025 15:00,1.94,296,WNW,2.33,0,0
1/16/2025 16:00,0.39,225,SW,2.14,0,0
1/16/2025 17:00,1.17,182,S,1.75,0,0
1/16/2025 18:00,1.17,82,E,1.56,0,0
1/16/2025 19:00,0,121,ESE,1.36,0,0
1/16/2025 20:00,0,48,NE,3.3,0,0
1/16/2025 21:00,1.56,272,W,1.94,0,0
1/16/2025 22:00,3.69,330,NNW,3.89,0,0
1/16/2025 23:00,2.33,298,WNW,3.3,0,0
1/17/2025 0:00,0.78,271,W,2.14,0,0
1/17/2025 1:00,3.11,162,SSE,3.89,0,0
1/17/2025 2:00,1.94,269,W,3.89,0,0
1/17/2025 3:00,3.5,275,W,5.25,0,0
1/17/2025 4:00,1.56,248,WSW,6.41,0,0
1/17/2025 5:00,2.72,183,S,3.89,0,0
1/17/2025 6:00,2.92,301,WNW,4.28,0,0
1/17/2025 7:00,2.33,323,NW,3.3,0,0
1/17/2025 8:00,0.78,27,NNE,1.56,0,0
1/17/2025 9:00,3.3,276,W,5.05,0,0
1/17/2025 10:00,1.75,282,WNW,2.53,0,0
1/17/2025 11:00,5.44,165,SSE,6.41,0,0
1/17/2025 12:00,6.22,174,S,7.97,0,0
1/17/2025 13:00,4.67,193,SSW,8.55,0,0
1/17/2025 14:00,4.47,202,SSW,7.78,0,0
1/17/2025 15:00,4.08,189,S,6.41,0,0
1/17/2025 16:00,1.56,237,WSW,7,0,0
1/17/2025 17:00,2.33,220,SW,6.22,0,0
1/17/2025 18:00,2.33,280,W,6.8,0,0
1/17/2025 19:00,4.28,281,W,5.44,0,0
1/17/2025 20:00,4.47,319,NW,5.44,0,0
1/17/2025 21:00,1.94,286,WNW,3.11,0,0
1/17/2025 22:00,3.5,303,WNW,4.86,0,0
1/17/2025 23:00,3.11,319,NW,4.86,0,0
1/18/2025 0:00,2.53,320,NW,4.28,0,0
1/18/2025 1:00,3.3,293,WNW,4.67,0,0
1/18/2025 2:00,2.72,304,NW,3.5,0,0
1/18/2025 3:00,3.3,292,WNW,4.08,0,0
1/18/2025 4:00,2.72,35,NE,3.3,0,0
1/18/2025 5:00,4.08,18,NNE,4.86,0,0
1/18/2025 6:00,1.94,11,N,3.5,0,0
1/18/2025 7:00,4.86,46,NE,6.41,0,0
1/18/2025 8:00,6.03,333,NNW,8.36,0,0
1/18/2025 9:00,4.28,348,NNW,5.64,0,0
1/18/2025 10:00,4.86,340,NNW,5.64,0,0
1/18/2025 11:00,6.03,321,NW,7.97,0,0
1/18/2025 12:00,7.39,350,N,9.14,0,0
1/18/2025 13:00,7,330,NNW,7.78,0,0
1/18/2025 14:00,3.3,298,WNW,5.05,0,0
1/18/2025 15:00,2.72,231,SW,3.69,0,0
1/18/2025 16:00,1.17,247,WSW,2.14,0,0
1/18/2025 17:00,1.94,232,SW,2.92,0,0
1/18/2025 18:00,0.39,214,SW,1.56,0,0
1/18/2025 19:00,1.36,273,W,1.94,0,0
1/18/2025 20:00,3.89,333,NNW,4.47,0,0
1/18/2025 21:00,2.14,287,WNW,2.92,0,0
1/18/2025 22:00,1.94,87,E,3.11,0,0
1/18/2025 23:00,0.97,285,WNW,1.75,0,0
1/19/2025 0:00,2.72,323,NW,3.3,0,0
1/19/2025 1:00,1.17,56,NE,2.33,0,0
1/19/2025 2:00,3.3,65,ENE,4.86,0,0
1/19/2025 3:00,3.11,57,ENE,4.47,0,0
1/19/2025 4:00,1.17,103,ESE,1.94,0,0
1/19/2025 5:00,1.94,124,SE,6.03,0,0
1/19/2025 6:00,2.92,159,SSE,7.39,0,0
1/19/2025 7:00,2.92,312,NW,3.5,0,0
1/19/2025 8:00,1.75,345,NNW,2.92,0,0
1/19/2025 9:00,4.67,333,NNW,6.8,0,0
1/19/2025 10:00,3.69,343,NNW,4.47,0,0
1/19/2025 11:00,3.5,327,NNW,4.67,0,0
1/19/2025 12:00,3.69,337,NNW,4.67,0,0
1/19/2025 13:00,2.53,314,NW,3.5,0,0
1/19/2025 14:00,1.75,169,S,2.72,0,0
1/19/2025 15:00,1.75,198,SSW,2.92,0,0
1/19/2025 16:00,2.92,143,SE,4.28,0,0
1/19/2025 17:00,1.17,209,SSW,1.94,0,0
1/19/2025 18:00,0.58,192,SSW,1.36,0,0
1/19/2025 19:00,5.25,300,WNW,7.19,0,0
1/19/2025 20:00,1.36,331,NNW,2.33,0,0
1/19/2025 21:00,3.69,337,NNW,5.25,0,0
1/19/2025 22:00,3.5,305,NW,4.47,0,0
1/19/2025 23:00,3.11,35,NE,4.67,0,0
1/20/2025 0:00,1.75,92,E,2.33,0,0
1/20/2025 1:00,4.08,5,N,5.25,0,0
1/20/2025 2:00,4.28,358,N,4.86,0,0
1/20/2025 3:00,4.28,348,NNW,6.22,0,0
1/20/2025 4:00,4.67,351,N,6.8,0,0
1/20/2025 5:00,4.86,3,N,6.22,0,0
1/20/2025 6:00,4.08,344,NNW,6.22,0,0
1/20/2025 7:00,7.78,324,NW,9.72,0,0
1/20/2025 8:00,9.52,329,NNW,10.89,0,0
1/20/2025 9:00,7.78,330,NNW,9.14,0,0
1/20/2025 10:00,11.08,12,NNE,16.33,0,0
1/20/2025 11:00,11.47,22,NNE,15.16,0,0
1/20/2025 12:00,11.08,3,N,15.55,0,0
1/20/2025 13:00,7.78,332,NNW,11.08,0,0
1/20/2025 14:00,12.83,9,N,15.75,0,0
1/20/2025 15:00,9.52,3,N,12.64,0,0
1/20/2025 16:00,4.86,72,ENE,7.78,0,0
1/20/2025 17:00,5.64,90,E,8.16,0,0
1/20/2025 18:00,4.67,85,E,6.22,0,0
1/20/2025 19:00,0.39,245,WSW,3.89,0,0
1/20/2025 20:00,2.14,266,W,3.3,0,0
1/20/2025 21:00,1.56,164,SSE,4.08,0,0
1/20/2025 22:00,1.17,117,ESE,2.53,0,0
1/20/2025 23:00,3.11,285,WNW,4.28,0,0
1/21/2025 0:00,1.36,122,ESE,2.33,0,0
1/21/2025 1:00,1.36,135,SE,2.72,0,0
1/21/2025 2:00,4.47,317,NW,5.05,0,0
1/21/2025 3:00,3.11,344,NNW,4.47,0,0
1/21/2025 4:00,2.53,322,NW,3.11,0,0
1/21/2025 5:00,4.67,317,NW,5.64,0,0
1/21/2025 6:00,7.78,336,NNW,8.55,0,0
1/21/2025 7:00,5.44,334,NNW,7.19,0,0
1/21/2025 8:00,5.05,333,NNW,6.61,0,0
1/21/2025 9:00,6.03,323,NW,7.39,0,0
1/21/2025 10:00,7,326,NW,8.94,0,0
1/21/2025 11:00,7.39,314,NW,9.14,0,0
1/21/2025 12:00,7.97,316,NW,8.55,0,0
1/21/2025 13:00,10.11,320,NW,11.08,0,0
1/21/2025 14:00,5.83,329,NNW,7,0,0
1/21/2025 15:00,5.83,334,NNW,8.75,0,0
1/21/2025 16:00,7,26,NNE,8.36,0,0
1/21/2025 17:00,2.53,348,NNW,4.28,0,0
1/21/2025 18:00,4.47,36,NE,7.78,0,0
1/21/2025 19:00,2.72,281,W,3.5,0,0
1/21/2025 20:00,6.22,299,WNW,7.78,0,0
1/21/2025 21:00,3.89,315,NW,4.67,0,0
1/21/2025 22:00,4.86,309,NW,6.61,0,0
1/21/2025 23:00,6.61,316,NW,7.78,0,0
1/22/2025 0:00,5.83,320,NW,6.8,0,0
1/22/2025 1:00,5.25,322,NW,7,0,0
1/22/2025 2:00,5.25,3,N,6.03,0,0
1/22/2025 3:00,6.61,330,NNW,8.16,0,0
1/22/2025 4:00,6.8,329,NNW,7.97,0,0
1/22/2025 5:00,6.03,317,NW,6.8,0,0
1/22/2025 6:00,3.89,346,NNW,4.67,0,0
1/22/2025 7:00,3.5,342,NNW,4.47,0,0
1/22/2025 8:00,0,327,NNW,1.17,0,0
1/22/2025 9:00,5.64,322,NW,6.61,0,0
1/22/2025 10:00,6.03,311,NW,7.58,0,0
1/22/2025 11:00,6.61,320,NW,7.97,0,0
1/22/2025 12:00,5.05,314,NW,6.61,0,0
1/22/2025 13:00,2.72,321,NW,4.47,0,0
1/22/2025 14:00,5.83,320,NW,6.61,0,0
1/22/2025 15:00,8.75,325,NW,9.33,0,0
1/22/2025 16:00,4.08,262,W,5.44,0,0
1/22/2025 17:00,5.25,322,NW,6.61,0,0
1/22/2025 18:00,3.5,308,NW,4.28,0,0
1/22/2025 19:00,2.53,325,NW,3.11,0,0
1/22/2025 20:00,2.14,307,NW,3.89,0,0
1/22/2025 21:00,2.14,309,NW,2.72,0,0
1/22/2025 22:00,3.89,327,NNW,4.28,0,0
1/22/2025 23:00,8.55,329,NNW,9.72,0,0
1/23/2025 0:00,6.61,311,NW,7.58,0,0
1/23/2025 1:00,5.25,314,NW,7.78,0,0
1/23/2025 2:00,6.61,49,NE,9.52,0,0
1/23/2025 3:00,5.05,8,N,7.39,0,0
1/23/2025 4:00,9.91,325,NW,11.66,0,0
1/23/2025 5:00,5.44,16,NNE,8.55,0,0
1/23/2025 6:00,11.47,35,NE,15.16,0,0
1/23/2025 7:00,7.58,39,NE,9.52,0,0
1/23/2025 8:00,4.08,292,WNW,6.61,0,0
1/23/2025 9:00,2.92,4,N,6.41,0,0
1/23/2025 10:00,6.41,48,NE,9.14,0,0
1/23/2025 11:00,5.05,51,NE,9.14,0,0
1/23/2025 12:00,9.91,39,NE,12.83,0,0
1/23/2025 13:00,5.64,65,ENE,9.91,0,0
1/23/2025 14:00,1.94,11,N,4.67,0,0
1/23/2025 15:00,4.86,55,NE,7.39,0,0
1/23/2025 16:00,9.52,325,NW,10.69,0,0
1/23/2025 17:00,6.8,317,NW,7.97,0,0
1/23/2025 18:00,6.8,318,NW,8.16,0,0
1/23/2025 19:00,7.19,317,NW,9.14,0,0
1/23/2025 20:00,4.47,302,WNW,6.03,0,0
1/23/2025 21:00,5.44,306,NW,7.19,0,0
1/23/2025 22:00,2.33,296,WNW,3.11,0,0
1/23/2025 23:00,1.94,326,NW,4.08,0,0
1/24/2025 0:00,3.69,321,NW,4.28,0,0
1/24/2025 1:00,3.5,289,WNW,4.28,0,0
1/24/2025 2:00,2.72,94,E,3.69,0,0
1/24/2025 3:00,3.89,335,NNW,5.25,0,0
1/24/2025 4:00,4.08,334,NNW,5.25,0,0
1/24/2025 5:00,2.14,300,WNW,2.53,0,0
1/24/2025 6:00,4.28,335,NNW,4.67,0,0
1/24/2025 7:00,8.55,326,NW,9.91,0,0
1/24/2025 8:00,8.75,326,NW,10.5,0,0
1/24/2025 9:00,7,326,NW,8.75,0,0
1/24/2025 10:00,7.58,318,NW,8.36,0,0
1/24/2025 11:00,7.78,314,NW,8.94,0,0
1/24/2025 12:00,8.94,315,NW,12.05,0,0
1/24/2025 13:00,6.61,340,NNW,8.94,0,0
1/24/2025 14:00,4.67,329,NNW,7.19,0,0
1/24/2025 15:00,6.22,315,NW,7,0,0
1/24/2025 16:00,3.89,315,NW,4.47,0,0
1/24/2025 17:00,3.69,285,WNW,4.67,0,0
1/24/2025 18:00,0.58,355,N,2.14,0,0
1/24/2025 19:00,0.97,303,WNW,1.36,0,0
1/24/2025 20:00,0,267,W,1.75,0,0
1/24/2025 21:00,2.72,129,SE,3.69,0,0
1/24/2025 22:00,1.94,217,SW,7,0,0
1/24/2025 23:00,4.67,176,S,7.97,0,0
1/25/2025 0:00,3.11,191,S,4.86,0,0
1/25/2025 1:00,2.72,182,S,4.08,0,0
1/25/2025 2:00,3.89,310,NW,5.05,0,0
1/25/2025 3:00,4.28,329,NNW,6.22,0,0
1/25/2025 4:00,3.11,7,N,3.89,0,0
1/25/2025 5:00,4.86,293,WNW,6.22,0,0
1/25/2025 6:00,1.36,29,NNE,3.3,0,0
1/25/2025 7:00,0.58,35,NE,3.11,0,0
1/25/2025 8:00,2.14,307,NW,3.3,0,0
1/25/2025 9:00,2.72,315,NW,4.08,0,0
1/25/2025 10:00,4.47,309,NW,5.25,0,0
1/25/2025 11:00,3.69,307,NW,4.47,0,0
1/25/2025 12:00,2.72,167,SSE,3.89,0,0
1/25/2025 13:00,2.92,152,SSE,5.05,0,0
1/25/2025 14:00,2.33,171,S,5.25,0,0
1/25/2025 15:00,3.11,185,S,5.05,0,0
1/25/2025 16:00,1.56,312,NW,2.72,0,0
1/25/2025 17:00,3.89,232,SW,6.61,0,0
1/25/2025 18:00,4.28,250,WSW,6.03,0,0
1/25/2025 19:00,8.36,70,ENE,13.8,0,0
1/25/2025 20:00,8.36,13,NNE,14.77,0,0
1/25/2025 21:00,9.52,9,N,14.58,0,0
1/25/2025 22:00,2.92,80,E,5.83,0,0
1/25/2025 23:00,5.25,64,ENE,7.58,0,0
1/26/2025 0:00,4.86,81,E,7.78,0,0
1/26/2025 1:00,5.64,59,ENE,9.52,0,0
1/26/2025 2:00,9.52,44,NE,13.61,0,0
1/26/2025 3:00,11.66,52,NE,18.08,0,0
1/26/2025 4:00,6.41,58,ENE,14,0,0
1/26/2025 5:00,7,39,NE,15.55,0,0
1/26/2025 6:00,10.89,47,NE,16.72,0,0
1/26/2025 7:00,5.25,57,ENE,9.72,0,0
1/26/2025 8:00,8.36,38,NE,13.22,0,0
1/26/2025 9:00,9.91,17,NNE,12.44,0,0
1/26/2025 10:00,10.3,10,N,15.94,0,0
1/26/2025 11:00,9.33,0,N,13.8,0,0
1/26/2025 12:00,9.72,344,NNW,14.58,0,0
1/26/2025 13:00,10.3,333,NNW,14.58,0,0
1/26/2025 14:00,6.22,14,NNE,11.66,0,0
1/26/2025 15:00,9.52,360,N,16.13,0,0
1/26/2025 16:00,9.91,14,NNE,14.58,0,0
1/26/2025 17:00,9.33,8,N,14,0,0
1/26/2025 18:00,8.36,5,N,10.11,0,0
1/26/2025 19:00,5.64,295,WNW,7.97,0,0
1/26/2025 20:00,4.86,312,NW,6.22,0,0
1/26/2025 21:00,1.94,289,WNW,2.72,0,0
1/26/2025 22:00,3.11,25,NNE,4.08,0,0
1/26/2025 23:00,6.22,353,N,7.39,0,0
1/27/2025 0:00,2.72,57,ENE,5.25,0,0
1/27/2025 1:00,1.75,353,N,2.72,0,0
1/27/2025 2:00,4.86,325,NW,5.44,0,0
1/27/2025 3:00,1.56,27,NNE,2.14,0,0
1/27/2025 4:00,1.36,78,ENE,2.72,0,0
1/27/2025 5:00,2.92,134,SE,4.08,0,0
1/27/2025 6:00,1.17,134,SE,1.94,0,0
1/27/2025 7:00,1.36,130,SE,3.69,0,0
1/27/2025 8:00,2.33,130,SE,3.69,0,0
1/27/2025 9:00,2.92,136,SE,4.28,0,0
1/27/2025 10:00,3.5,142,SE,6.41,0,0
1/27/2025 11:00,4.08,147,SSE,6.8,0,0
1/27/2025 12:00,4.28,157,SSE,5.05,0,0
1/27/2025 13:00,3.69,158,SSE,4.86,0,0
1/27/2025 14:00,3.89,167,SSE,5.64,0,0
1/27/2025 15:00,3.69,205,SSW,7,0,0
1/27/2025 16:00,4.67,215,SW,6.61,0,0
1/27/2025 17:00,3.11,243,WSW,5.25,0,0
1/27/2025 18:00,0,131,SE,1.75,0,0
1/27/2025 19:00,2.53,100,E,3.3,0,0
1/27/2025 20:00,0.19,30,NNE,0.97,0,0
1/27/2025 21:00,1.36,273,W,2.33,0,0
1/27/2025 22:00,2.33,254,WSW,2.72,0,0
1/27/2025 23:00,3.69,288,WNW,5.05,0,0
1/28/2025 0:00,2.92,329,NNW,3.5,0,0
1/28/2025 1:00,2.53,348,NNW,2.92,0,0
1/28/2025 2:00,2.92,299,WNW,3.69,0,0
1/28/2025 3:00,2.33,345,NNW,2.92,0,0
1/28/2025 4:00,2.92,307,NW,4.67,0,0
1/28/2025 5:00,0.39,319,NW,1.56,0,0
1/28/2025 6:00,2.72,323,NW,3.3,0,0
1/28/2025 7:00,2.72,346,NNW,3.89,0,0
1/28/2025 8:00,0.78,304,NW,2.14,0,0
1/28/2025 9:00,1.17,299,WNW,1.94,0,0
1/28/2025 10:00,1.75,332,NNW,2.14,0,0
1/28/2025 11:00,1.94,137,SE,2.92,0,0
1/28/2025 12:00,2.72,140,SE,4.86,0,0
1/28/2025 13:00,2.33,120,ESE,3.69,0,0
1/28/2025 14:00,3.11,173,S,4.67,0,0
1/28/2025 15:00,4.08,163,SSE,6.61,0,0
1/28/2025 16:00,4.08,203,SSW,6.61,0,0
1/28/2025 17:00,4.86,207,SSW,7.19,0,0
1/28/2025 18:00,1.94,179,S,2.92,0,0
1/28/2025 19:00,5.05,315,NW,6.61,0,0
1/28/2025 20:00,2.92,304,NW,4.47,0,0
1/28/2025 21:00,5.05,296,WNW,6.61,0,0
1/28/2025 22:00,4.47,314,NW,5.83,0,0
1/28/2025 23:00,1.56,320,NW,3.3,0,0
1/29/2025 0:00,0.97,269,W,1.36,0,0
1/29/2025 1:00,2.72,165,SSE,3.5,0,0
1/29/2025 2:00,0,352,N,1.56,0,0
1/29/2025 3:00,1.36,130,SE,2.14,0,0
1/29/2025 4:00,3.69,189,S,7.39,0,0
1/29/2025 5:00,2.72,276,W,4.47,0,0
1/29/2025 6:00,4.08,321,NW,5.25,0,0
1/29/2025 7:00,1.36,340,NNW,2.14,0,0
1/29/2025 8:00,1.17,288,WNW,1.75,0,0
1/29/2025 9:00,2.33,287,WNW,2.92,0,0
1/29/2025 10:00,4.47,337,NNW,5.25,0,0
1/29/2025 11:00,3.5,334,NNW,4.47,0,0
1/29/2025 12:00,3.11,331,NNW,4.47,0,0
1/29/2025 13:00,2.92,312,NW,3.89,0,0
1/29/2025 14:00,0.78,169,S,2.14,0,0
1/29/2025 15:00,4.86,155,SSE,6.61,0,0
1/29/2025 16:00,5.05,199,SSW,6.41,0,0
1/29/2025 17:00,2.53,247,WSW,7.58,0,0
1/29/2025 18:00,4.08,276,W,7,0,0
1/29/2025 19:00,6.41,317,NW,8.36,0,0
1/29/2025 20:00,6.41,307,NW,7.78,0,0
1/29/2025 21:00,5.05,298,WNW,7.58,0,0
1/29/2025 22:00,6.22,277,W,7.58,0,0
1/29/2025 23:00,5.25,284,WNW,7,0,0
1/30/2025 0:00,2.33,258,WSW,3.89,0,0
1/30/2025 1:00,3.5,288,WNW,5.25,0,0
1/30/2025 2:00,2.53,278,W,3.5,0,0
1/30/2025 3:00,1.56,323,NW,3.11,0,0
1/30/2025 4:00,3.11,339,NNW,4.08,0,0
1/30/2025 5:00,3.89,350,N,6.03,0,0
1/30/2025 6:00,3.3,353,N,4.86,0,0
1/30/2025 7:00,3.3,60,ENE,7.19,0,0
1/30/2025 8:00,2.72,61,ENE,4.28,0,0
1/30/2025 9:00,4.47,358,N,6.03,0,0
1/30/2025 10:00,4.08,43,NE,6.8,0,0
1/30/2025 11:00,3.69,336,NNW,6.03,0,0
1/30/2025 12:00,3.5,319,NW,4.08,0,0
1/30/2025 13:00,1.36,112,ESE,2.33,0,0
1/30/2025 14:00,2.14,124,SE,3.3,0,0
1/30/2025 15:00,2.33,182,S,4.47,0,0
1/30/2025 16:00,2.92,126,SE,4.08,0,0
1/30/2025 17:00,2.53,264,W,5.64,0,0
1/30/2025 18:00,6.61,280,W,8.16,0,0
1/30/2025 19:00,2.92,255,WSW,4.86,0,0
1/30/2025 20:00,3.3,275,W,4.08,0,0
1/30/2025 21:00,2.14,282,WNW,3.3,0,0
1/30/2025 22:00,0,353,N,0.78,0,0
1/30/2025 23:00,0.97,96,E,2.33,0,0
1/31/2025 0:00,2.53,117,ESE,5.25,0,0
1/31/2025 1:00,6.22,153,SSE,10.3,0,0
1/31/2025 2:00,7,157,SSE,11.27,0,0
1/31/2025 3:00,8.55,158,SSE,10.89,0,0
1/31/2025 4:00,4.86,140,SE,8.55,0,0
1/31/2025 5:00,4.47,143,SE,7.39,0,0
1/31/2025 6:00,5.05,150,SSE,8.75,0,0
1/31/2025 7:00,5.44,148,SSE,10.5,0,0
1/31/2025 8:00,4.08,146,SE,8.36,0,0
1/31/2025 9:00,7.58,158,SSE,11.27,0,0
1/31/2025 10:00,6.8,152,SSE,10.3,0,0
1/31/2025 11:00,9.33,154,SSE,12.25,0,0
1/31/2025 12:00,12.25,158,SSE,16.13,0,0
1/31/2025 13:00,11.27,162,SSE,14.77,0,0
1/31/2025 14:00,7.78,161,SSE,11.66,0,0
1/31/2025 15:00,5.25,150,SSE,8.36,0,0
1/31/2025 16:00,8.75,158,SSE,10.69,0,0
1/31/2025 17:00,6.22,154,SSE,9.91,0,0
1/31/2025 18:00,5.05,161,SSE,8.36,0,0
1/31/2025 19:00,6.03,161,SSE,7.97,0,0
1/31/2025 20:00,3.3,171,S,6.41,0,0
1/31/2025 21:00,4.08,157,SSE,5.05,0,0
1/31/2025 22:00,5.83,167,SSE,7,0,0
1/31/2025 23:00,4.08,158,SSE,6.22,0,0
2/1/2025 0:00,4.08,137,SE,6.22,0,0
2/1/2025 1:00,4.08,140,SE,6.22,0,0
2/1/2025 2:00,2.92,137,SE,4.67,0,0
2/1/2025 3:00,2.53,97,E,5.44,0,0
2/1/2025 4:00,3.69,126,SE,5.25,0,0
2/1/2025 5:00,3.89,160,SSE,4.86,0,0
2/1/2025 6:00,6.8,153,SSE,8.94,0,0
2/1/2025 7:00,5.25,153,SSE,8.16,0,0
2/1/2025 8:00,5.44,161,SSE,7.19,0,0
2/1/2025 9:00,5.05,165,SSE,6.22,0,0
2/1/2025 10:00,8.16,165,SSE,10.5,0,0
2/1/2025 11:00,3.69,196,SSW,4.67,0,0
2/1/2025 12:00,6.8,164,SSE,7.78,0,0
2/1/2025 13:00,8.55,162,SSE,11.47,0,0
2/1/2025 14:00,11.86,178,S,17.49,0,0
2/1/2025 15:00,11.86,176,S,18.47,0,0
2/1/2025 16:00,5.83,181,S,13.8,0,0
2/1/2025 17:00,9.33,188,S,16.72,0,0
2/1/2025 18:00,9.72,184,S,15.55,0,0
2/1/2025 19:00,9.91,182,S,20.02,0,0
2/1/2025 20:00,12.25,178,S,18.27,0,0
2/1/2025 21:00,10.5,182,S,17.88,0,0
2/1/2025 22:00,7.78,179,S,16.72,0,0
2/1/2025 23:00,8.94,178,S,14.58,0,0
2/2/2025 0:00,9.52,177,S,15.94,0,0
2/2/2025 1:00,9.33,169,S,14.38,0,0
2/2/2025 2:00,13.02,162,SSE,18.66,0,0
2/2/2025 3:00,9.91,165,SSE,19.05,0,0
2/2/2025 4:00,14.77,167,SSE,19.83,0,0
2/2/2025 5:00,10.11,172,S,16.72,0,0
2/2/2025 6:00,13.22,160,SSE,19.83,0,0
2/2/2025 7:00,8.75,173,S,13.41,0,0
2/2/2025 8:00,7.78,152,SSE,11.27,0,0
2/2/2025 9:00,6.03,147,SSE,10.5,0,0
2/2/2025 10:00,8.75,161,SSE,10.3,0,0
2/2/2025 11:00,6.03,158,SSE,7.97,0,0
2/2/2025 12:00,8.55,155,SSE,14.19,0,0
2/2/2025 13:00,4.08,150,SSE,6.22,0,0
2/2/2025 14:00,4.47,165,SSE,7.19,0,0
2/2/2025 15:00,6.03,158,SSE,12.83,0,0
2/2/2025 16:00,9.52,172,S,12.64,0,0
2/2/2025 17:00,9.52,162,SSE,13.8,0,0
2/2/2025 18:00,8.75,159,SSE,12.25,0,0
2/2/2025 19:00,8.16,168,SSE,10.69,0,0
2/2/2025 20:00,9.14,168,SSE,12.44,0,0
2/2/2025 21:00,8.16,160,SSE,12.44,0,0
2/2/2025 22:00,3.89,172,S,6.8,0,0
2/2/2025 23:00,5.83,175,S,8.75,0,0
2/3/2025 0:00,6.41,197,SSW,13.02,0,0
2/3/2025 1:00,5.44,182,S,11.27,0,0
2/3/2025 2:00,6.61,177,S,12.44,0,0
2/3/2025 3:00,7.19,178,S,11.47,0,0
2/3/2025 4:00,9.14,173,S,15.16,0,0
2/3/2025 5:00,5.25,168,SSE,10.69,0,0
2/3/2025 6:00,7.97,158,SSE,10.89,0,0
2/3/2025 7:00,8.75,161,SSE,11.27,0,0
2/3/2025 8:00,11.08,160,SSE,15.55,0,0
2/3/2025 9:00,6.22,154,SSE,10.69,0,0
2/3/2025 10:00,8.36,153,SSE,12.64,0,0
2/3/2025 11:00,6.22,148,SSE,10.89,0,0
2/3/2025 12:00,7.97,151,SSE,11.08,0,0
2/3/2025 13:00,12.05,166,SSE,17.69,0,0
2/3/2025 14:00,11.66,164,SSE,20.41,0,0
2/3/2025 15:00,16.13,158,SSE,19.63,0,0
2/3/2025 16:00,15.16,161,SSE,20.41,0,0
2/3/2025 17:00,11.27,154,SSE,20.8,0,0
2/3/2025 18:00,13.61,157,SSE,19.05,0,0
2/3/2025 19:00,10.5,167,SSE,16.72,0,0
2/3/2025 20:00,15.94,160,SSE,19.05,0,0
2/3/2025 21:00,13.61,161,SSE,19.63,0,0
2/3/2025 22:00,9.72,144,SE,15.36,0,0
2/3/2025 23:00,13.22,163,SSE,16.52,0,0
2/4/2025 0:00,11.47,158,SSE,13.61,0,0
2/4/2025 1:00,11.47,140,SE,15.36,0,0
2/4/2025 2:00,11.66,146,SE,16.52,0,0
2/4/2025 3:00,12.05,144,SE,16.91,0,0
2/4/2025 4:00,12.64,141,SE,15.94,0,0
2/4/2025 5:00,13.61,141,SE,17.69,0,0
2/4/2025 6:00,14.38,142,SE,20.22,0,0
2/4/2025 7:00,12.64,140,SE,18.08,0,0
2/4/2025 8:00,12.44,143,SE,18.66,0,0
2/4/2025 9:00,13.02,144,SE,17.88,0,0
2/4/2025 10:00,16.91,153,SSE,23.52,0,0
2/4/2025 11:00,16.52,151,SSE,24.1,0,0
2/4/2025 12:00,19.24,150,SSE,26.63,0,0
2/4/2025 13:00,16.72,147,SSE,22.16,0,0
2/4/2025 14:00,15.16,154,SSE,22.74,0,0
2/4/2025 15:00,16.91,152,SSE,28.96,0,0
2/4/2025 16:00,13.8,173,S,20.8,0,0
2/4/2025 17:00,8.55,305,NW,14.77,0,0
2/4/2025 18:00,9.72,318,NW,12.25,0,0
2/4/2025 19:00,12.25,283,WNW,18.27,0,0
2/4/2025 20:00,14.77,288,WNW,20.22,0,0
2/4/2025 21:00,9.52,286,WNW,16.52,0,0
2/4/2025 22:00,6.8,297,WNW,10.89,0,0
2/4/2025 23:00,14,286,WNW,18.86,0,0
2/5/2025 0:00,13.41,287,WNW,17.3,0,0
2/5/2025 1:00,5.83,289,WNW,9.33,0,0
2/5/2025 2:00,4.28,263,W,6.41,0,0
2/5/2025 3:00,1.94,278,W,2.92,0,0
2/5/2025 4:00,1.94,39,NE,2.14,0,0
2/5/2025 5:00,0,25,NNE,0.97,0,0
2/5/2025 6:00,1.56,94,E,2.33,0,0
2/5/2025 7:00,4.47,318,NW,5.44,0,0
2/5/2025 8:00,5.25,317,NW,5.64,0,0
2/5/2025 9:00,5.64,321,NW,6.61,0,0
2/5/2025 10:00,1.94,151,SSE,3.5,0,0
2/5/2025 11:00,2.53,151,SSE,3.5,0,0
2/5/2025 12:00,3.11,157,SSE,4.86,0,0
2/5/2025 13:00,2.33,257,WSW,3.11,0,0
2/5/2025 14:00,5.05,315,NW,6.41,0,0
2/5/2025 15:00,6.41,329,NNW,8.16,0,0
2/5/2025 16:00,5.25,6,N,7.39,0,0
2/5/2025 17:00,6.61,5,N,8.55,0,0
2/5/2025 18:00,3.5,48,NE,5.64,0,0
2/5/2025 19:00,5.25,29,NNE,6.61,0,0
2/5/2025 20:00,3.89,11,N,6.61,0,0
2/5/2025 21:00,6.22,336,NNW,7,0,0
2/5/2025 22:00,5.83,340,NNW,7.39,0,0
2/5/2025 23:00,4.67,24,NNE,5.25,0,0
2/6/2025 0:00,0.97,247,WSW,1.75,0,0
2/6/2025 1:00,2.53,336,NNW,5.05,0,0
2/6/2025 2:00,1.75,49,NE,3.3,0,0
2/6/2025 3:00,3.11,81,E,6.03,0,0
2/6/2025 4:00,6.8,52,NE,10.11,0,0
2/6/2025 5:00,9.91,43,NE,11.86,0,0
2/6/2025 6:00,7.39,48,NE,11.27,0,0
2/6/2025 7:00,7.19,63,ENE,9.72,0,0
2/6/2025 8:00,1.36,134,SE,4.47,0,0
2/6/2025 9:00,4.67,323,NW,5.64,0,0
2/6/2025 10:00,2.72,296,WNW,4.08,0,0
2/6/2025 11:00,5.25,29,NNE,6.41,0,0
2/6/2025 12:00,7.58,288,WNW,9.14,0,0
2/6/2025 13:00,5.05,319,NW,6.03,0,0
2/6/2025 14:00,8.16,151,SSE,13.22,0,0
2/6/2025 15:00,17.69,163,SSE,23.52,0,0
2/6/2025 16:00,20.6,173,S,29.74,0,0
2/6/2025 17:00,18.47,178,S,26.82,0,0
2/6/2025 18:00,14.77,176,S,23.71,0,0
2/6/2025 19:00,19.05,190,S,27.99,0,0
2/6/2025 20:00,20.22,186,S,30.13,0,0
2/6/2025 21:00,14.77,245,WSW,22.35,0,0
2/6/2025 22:00,12.64,311,NW,15.75,0,0
2/6/2025 23:00,4.47,282,WNW,6.61,0,0
2/7/2025 0:00,7.58,236,SW,13.22,0,0
2/7/2025 1:00,6.41,236,SW,10.3,0,0
2/7/2025 2:00,5.64,228,SW,9.14,0,0
2/7/2025 3:00,6.22,227,SW,10.11,0,0
2/7/2025 4:00,5.25,276,W,6.61,0,0
2/7/2025 5:00,5.44,315,NW,7.78,0,0
2/7/2025 6:00,3.5,352,N,4.67,0,0
2/7/2025 7:00,1.75,320,NW,2.14,0,0
2/7/2025 8:00,1.56,245,WSW,3.5,0,0
2/7/2025 9:00,3.3,345,NNW,4.08,0,0
2/7/2025 10:00,2.14,318,NW,2.72,0,0
2/7/2025 11:00,3.5,329,NNW,4.67,0,0
2/7/2025 12:00,5.44,322,NW,6.61,0,0
2/7/2025 13:00,2.72,280,W,3.5,0,0
2/7/2025 14:00,4.67,230,SW,7.39,0,0
2/7/2025 15:00,2.72,211,SSW,4.47,0,0
2/7/2025 16:00,1.75,301,WNW,3.3,0,0
2/7/2025 17:00,10.3,310,NW,14.77,0,0
2/7/2025 18:00,9.91,310,NW,12.83,0,0
2/7/2025 19:00,7.39,306,NW,10.11,0,0
2/7/2025 20:00,7.19,309,NW,11.66,0,0
2/7/2025 21:00,6.22,308,NW,8.75,0,0
2/7/2025 22:00,5.25,307,NW,6.41,0,0
2/7/2025 23:00,4.47,336,NNW,5.25,0,0
2/8/2025 0:00,6.03,309,NW,6.8,0,0
2/8/2025 1:00,9.91,320,NW,11.27,0,0
2/8/2025 2:00,7.19,319,NW,9.33,0,0
2/8/2025 3:00,6.41,348,NNW,8.94,0,0
2/8/2025 4:00,8.55,353,N,10.69,0,0
2/8/2025 5:00,4.67,1,N,6.22,0,0
2/8/2025 6:00,6.41,349,N,7.97,0,0
2/8/2025 7:00,6.61,348,NNW,8.55,0,0
2/8/2025 8:00,7,348,NNW,9.52,0,0
2/8/2025 9:00,9.72,347,NNW,11.86,0,0
2/8/2025 10:00,7.78,338,NNW,9.72,0,0
2/8/2025 11:00,4.47,331,NNW,5.64,0,0
2/8/2025 12:00,4.08,333,NNW,5.05,0,0
2/8/2025 13:00,4.28,324,NW,4.67,0,0
2/8/2025 14:00,6.41,321,NW,7.39,0,0
2/8/2025 15:00,7.19,351,N,8.75,0,0
2/8/2025 16:00,7.39,334,NNW,8.55,0,0
2/8/2025 17:00,5.64,294,WNW,8.55,0,0
2/8/2025 18:00,7,293,WNW,9.72,0,0
2/8/2025 19:00,9.33,304,NW,13.61,0,0
2/8/2025 20:00,10.3,313,NW,12.25,0,0
2/8/2025 21:00,3.3,25,NNE,4.28,0,0
2/8/2025 22:00,6.8,355,N,8.55,0,0
2/8/2025 23:00,10.11,1,N,13.41,0,0
2/9/2025 0:00,7.78,336,NNW,9.72,0,0
2/9/2025 1:00,4.86,322,NW,5.83,0,0
2/9/2025 2:00,1.36,339,NNW,2.92,0,0
2/9/2025 3:00,0.39,108,ESE,2.33,0,0
2/9/2025 4:00,2.14,32,NNE,4.47,0,0
2/9/2025 5:00,0.39,343,NNW,2.53,0,0
2/9/2025 6:00,1.36,323,NW,2.72,0,0
2/9/2025 7:00,1.75,81,E,4.08,0,0
2/9/2025 8:00,3.3,336,NNW,4.28,0,0
2/9/2025 9:00,1.36,324,NW,2.92,0,0
2/9/2025 10:00,1.36,264,W,2.33,0,0
2/9/2025 11:00,7.19,8,N,12.05,0,0
2/9/2025 12:00,5.44,360,N,7.78,0,0
2/9/2025 13:00,7,316,NW,8.55,0,0
2/9/2025 14:00,6.03,315,NW,7,0,0
2/9/2025 15:00,5.83,311,NW,7,0,0
2/9/2025 16:00,7.39,315,NW,8.16,0,0
2/9/2025 17:00,5.83,326,NW,6.41,0,0
2/9/2025 18:00,3.69,349,N,4.28,0,0
2/9/2025 19:00,6.61,306,NW,8.55,0,0
2/9/2025 20:00,7.78,305,NW,10.3,0,0
2/9/2025 21:00,3.3,313,NW,4.47,0,0
2/9/2025 22:00,1.36,3,N,2.92,0,0
2/9/2025 23:00,0.39,0,N,1.36,0,0
2/10/2025 0:00,2.33,304,NW,2.92,0,0
2/10/2025 1:00,3.11,322,NW,4.08,0,0
2/10/2025 2:00,1.75,259,W,2.33,0,0
2/10/2025 3:00,1.36,311,NW,1.75,0,0
2/10/2025 4:00,1.17,74,ENE,2.14,0,0
2/10/2025 5:00,2.53,63,ENE,4.08,0,0
2/10/2025 6:00,0.78,7,N,1.36,0,0
2/10/2025 7:00,1.56,326,NW,3.69,0,0
2/10/2025 8:00,3.5,343,NNW,4.08,0,0
2/10/2025 9:00,0.78,18,NNE,0.97,0,0
2/10/2025 10:00,1.17,156,SSE,1.94,0,0
2/10/2025 11:00,2.53,147,SSE,4.28,0,0
2/10/2025 12:00,2.33,197,SSW,3.3,0,0
2/10/2025 13:00,1.36,350,N,2.53,0,0
2/10/2025 14:00,0.97,132,SE,2.53,0,0
2/10/2025 15:00,4.47,170,S,6.61,0,0
2/10/2025 16:00,5.64,197,SSW,6.8,0,0
2/10/2025 17:00,3.89,205,SSW,5.05,0,0
2/10/2025 18:00,8.16,301,WNW,9.91,0,0
2/10/2025 19:00,7.58,297,WNW,11.27,0,0
2/10/2025 20:00,4.28,333,NNW,7.39,0,0
2/10/2025 21:00,4.67,308,NW,6.03,0,0
2/10/2025 22:00,4.08,322,NW,5.25,0,0
2/10/2025 23:00,3.11,311,NW,3.89,0,0
2/11/2025 0:00,1.36,272,W,2.14,0,0
2/11/2025 1:00,1.17,89,E,1.56,0,0
2/11/2025 2:00,1.56,37,NE,2.53,0,0
2/11/2025 3:00,1.75,287,WNW,2.53,0,0
2/11/2025 4:00,0.97,153,SSE,1.75,0,0
2/11/2025 5:00,1.36,349,N,2.33,0,0
2/11/2025 6:00,2.33,323,NW,2.92,0,0
2/11/2025 7:00,3.5,321,NW,4.08,0,0
2/11/2025 8:00,1.75,294,WNW,2.72,0,0
2/11/2025 9:00,3.69,145,SE,6.8,0,0
2/11/2025 10:00,4.86,151,SSE,7.39,0,0
2/11/2025 11:00,3.89,148,SSE,7.39,0,0
2/11/2025 12:00,2.33,145,SE,4.67,0,0
2/11/2025 13:00,1.75,134,SE,3.69,0,0
2/11/2025 14:00,3.69,233,SW,4.86,0,0
2/11/2025 15:00,6.22,308,NW,7.19,0,0
2/11/2025 16:00,5.83,310,NW,8.36,0,0
2/11/2025 17:00,3.69,257,WSW,6.61,0,0
2/11/2025 18:00,2.92,253,WSW,5.44,0,0
2/11/2025 19:00,2.92,211,SSW,4.67,0,0
2/11/2025 20:00,4.28,281,W,6.41,0,0
2/11/2025 21:00,7,207,SSW,10.89,0,0
2/11/2025 22:00,6.61,201,SSW,8.94,0,0
2/11/2025 23:00,5.05,166,SSE,7.78,0,0
2/12/2025 0:00,4.28,144,SE,7.97,0,0
2/12/2025 1:00,2.33,136,SE,4.08,0,0
2/12/2025 2:00,2.33,88,E,4.67,0,0
2/12/2025 3:00,4.08,67,ENE,6.22,0,0
2/12/2025 4:00,5.25,66,ENE,7,0,0
2/12/2025 5:00,7.19,54,NE,9.91,0,0
2/12/2025 6:00,9.14,60,ENE,12.25,0,0
2/12/2025 7:00,9.14,57,ENE,12.05,0,0
2/12/2025 8:00,9.52,53,NE,15.55,0,0
2/12/2025 9:00,10.5,50,NE,13.61,0,0
2/12/2025 10:00,7.97,64,ENE,14.19,0,0
2/12/2025 11:00,6.41,60,ENE,9.14,0,0
2/12/2025 12:00,6.03,55,NE,9.52,0,0
2/12/2025 13:00,8.55,38,NE,13.41,0,0
2/12/2025 14:00,5.44,46,NE,7.39,0,0
2/12/2025 15:00,6.22,63,ENE,9.14,0,0
2/12/2025 16:00,7.19,41,NE,8.75,0,0
2/12/2025 17:00,5.83,48,NE,9.52,0,0
2/12/2025 18:00,4.28,61,ENE,7,0,0
2/12/2025 19:00,1.56,112,ESE,4.08,0,0
2/12/2025 20:00,1.94,310,NW,2.14,0,0
2/12/2025 21:00,0,153,SSE,0.58,0,0
2/12/2025 22:00,0.39,35,NE,1.36,0,0
2/12/2025 23:00,1.36,304,NW,2.92,0,0
2/13/2025 0:00,6.41,142,SE,7.97,0,0
2/13/2025 1:00,12.25,144,SE,19.05,0,0
2/13/2025 2:00,12.64,145,SE,19.44,0,0
2/13/2025 3:00,16.91,162,SSE,21.38,0,0
2/13/2025 4:00,10.89,199,SSW,14.77,0,0
2/13/2025 5:00,9.72,167,SSE,13.8,0,0
2/13/2025 6:00,8.75,175,S,19.24,0,0
2/13/2025 7:00,7.19,184,S,20.8,0,0
2/13/2025 8:00,10.5,182,S,21.97,0,0
2/13/2025 9:00,14.38,174,S,22.74,0,0
2/13/2025 10:00,16.52,176,S,22.94,0,0
2/13/2025 11:00,16.91,174,S,27.02,0,0
2/13/2025 12:00,21.38,175,S,29.55,0,0
2/13/2025 13:00,14.58,182,S,26.82,0,0
2/13/2025 14:00,13.61,178,S,22.94,0,0
2/13/2025 15:00,12.05,186,S,20.8,0,0
2/13/2025 16:00,11.27,191,S,24.69,0,0
2/13/2025 17:00,6.41,256,WSW,17.3,0,0
2/13/2025 18:00,10.5,198,SSW,20.6,0,0
2/13/2025 19:00,9.52,197,SSW,18.86,0,0
2/13/2025 20:00,8.36,200,SSW,13.41,0,0
2/13/2025 21:00,4.67,196,SSW,14.77,0,0
2/13/2025 22:00,9.14,280,W,14.58,0,0
2/13/2025 23:00,10.89,274,W,17.49,0,0
2/14/2025 0:00,8.16,282,WNW,14,0,0
2/14/2025 1:00,8.94,287,WNW,15.36,0,0
2/14/2025 2:00,12.44,283,WNW,17.88,0,0
2/14/2025 3:00,14,291,WNW,22.94,0,0
2/14/2025 4:00,9.72,282,WNW,15.55,0,0
2/14/2025 5:00,12.05,303,WNW,14.77,0,0
2/14/2025 6:00,9.91,275,W,14.19,0,0
2/14/2025 7:00,7.58,294,WNW,10.5,0,0
2/14/2025 8:00,11.27,281,W,15.16,0,0
2/14/2025 9:00,8.75,301,WNW,11.47,0,0
2/14/2025 10:00,4.47,286,WNW,8.75,0,0
2/14/2025 11:00,7,285,WNW,10.3,0,0
2/14/2025 12:00,12.05,296,WNW,16.13,0,0
2/14/2025 13:00,10.5,295,WNW,15.75,0,0
2/14/2025 14:00,10.89,296,WNW,15.36,0,0
2/14/2025 15:00,11.27,301,WNW,13.41,0,0
2/14/2025 16:00,7.19,281,W,9.91,0,0
2/14/2025 17:00,9.72,291,WNW,12.64,0,0
2/14/2025 18:00,7.39,284,WNW,11.08,0,0
2/14/2025 19:00,7.97,296,WNW,10.69,0,0
2/14/2025 20:00,6.03,296,WNW,9.33,0,0
2/14/2025 21:00,2.33,352,N,2.92,0,0
2/14/2025 22:00,2.14,356,N,3.5,0,0
2/14/2025 23:00,2.53,342,NNW,3.3,0,0
2/15/2025 0:00,1.17,333,NNW,1.56,0,0
2/15/2025 1:00,3.11,307,NW,4.08,0,0
2/15/2025 2:00,1.75,97,E,1.94,0,0
2/15/2025 3:00,4.08,313,NW,4.67,0,0
2/15/2025 4:00,0.19,328,NNW,0.58,0,0
2/15/2025 5:00,2.33,344,NNW,3.5,0,0
2/15/2025 6:00,2.14,65,ENE,2.92,0,0
2/15/2025 7:00,5.05,327,NNW,5.44,0,0
2/15/2025 8:00,1.17,4,N,1.75,0,0
2/15/2025 9:00,3.89,320,NW,4.86,0,0
2/15/2025 10:00,1.56,84,E,4.08,0,0
2/15/2025 11:00,4.86,288,WNW,6.03,0,0
2/15/2025 12:00,2.14,138,SE,3.3,0,0
2/15/2025 13:00,1.36,167,SSE,2.53,0,0
2/15/2025 14:00,3.89,158,SSE,4.86,0,0
2/15/2025 15:00,1.75,123,ESE,2.53,0,0
2/15/2025 16:00,4.67,159,SSE,5.44,0,0
2/15/2025 17:00,0.97,301,WNW,1.94,0,0
2/15/2025 18:00,0.39,349,N,0.58,0,0
2/15/2025 19:00,1.17,210,SSW,2.33,0,0
2/15/2025 20:00,1.94,32,NNE,2.14,0,0
2/15/2025 21:00,0.78,354,N,2.53,0,0
2/15/2025 22:00,0.58,40,NE,2.14,0,0
2/15/2025 23:00,3.5,93,E,5.83,0,0
2/16/2025 0:00,1.94,137,SE,2.72,0,0
2/16/2025 1:00,0,26,NNE,1.17,0,0
2/16/2025 2:00,0.39,5,N,2.33,0,0
2/16/2025 3:00,0.19,155,SSE,1.36,0,0
2/16/2025 4:00,2.53,13,NNE,2.92,0,0
2/16/2025 5:00,4.08,295,WNW,6.03,0,0
2/16/2025 6:00,4.86,3,N,8.16,0,0
2/16/2025 7:00,3.89,297,WNW,5.44,0,0
2/16/2025 8:00,0,225,SW,0.97,0,0
2/16/2025 9:00,1.75,12,NNE,3.5,0,0
2/16/2025 10:00,3.5,317,NW,4.08,0,0
2/16/2025 11:00,1.75,184,S,2.53,0,0
2/16/2025 12:00,2.53,158,SSE,3.89,0,0
2/16/2025 13:00,3.11,157,SSE,4.28,0,0
2/16/2025 14:00,3.89,168,SSE,5.64,0,0
2/16/2025 15:00,6.8,160,SSE,8.16,0,0
2/16/2025 16:00,4.47,164,SSE,7.78,0,0
2/16/2025 17:00,2.92,170,S,5.44,0,0
2/16/2025 18:00,2.92,276,W,5.44,0,0
2/16/2025 19:00,4.28,264,W,6.8,0,0
2/16/2025 20:00,3.3,311,NW,5.64,0,0
2/16/2025 21:00,2.72,267,W,6.8,0,0
2/16/2025 22:00,2.53,271,W,4.47,0,0
2/16/2025 23:00,6.22,312,NW,7.78,0,0
2/17/2025 0:00,5.83,317,NW,9.14,0,0
2/17/2025 1:00,5.25,323,NW,6.61,0,0
2/17/2025 2:00,3.5,328,NNW,4.47,0,0
2/17/2025 3:00,1.56,289,WNW,3.5,0,0
2/17/2025 4:00,3.11,335,NNW,4.47,0,0
2/17/2025 5:00,0.19,10,N,1.36,0,0
2/17/2025 6:00,0.39,17,NNE,1.75,0,0
2/17/2025 7:00,2.33,317,NW,3.5,0,0
2/17/2025 8:00,2.53,166,SSE,3.69,0,0
2/17/2025 9:00,2.14,137,SE,3.69,0,0
2/17/2025 10:00,2.14,136,SE,3.3,0,0
2/17/2025 11:00,1.75,133,SE,5.44,0,0
2/17/2025 12:00,2.14,190,S,3.3,0,0
2/17/2025 13:00,2.14,140,SE,3.69,0,0
2/17/2025 14:00,1.17,140,SE,2.53,0,0
2/17/2025 15:00,4.86,307,NW,6.22,0,0
2/17/2025 16:00,7.97,300,WNW,9.72,0,0
2/17/2025 17:00,8.94,292,WNW,13.02,0,0
2/17/2025 18:00,7.78,294,WNW,10.5,0,0
2/17/2025 19:00,6.03,306,NW,8.75,0,0
2/17/2025 20:00,6.41,302,WNW,7.97,0,0
2/17/2025 21:00,7.58,300,WNW,9.52,0,0
2/17/2025 22:00,7.39,307,NW,11.08,0,0
2/17/2025 23:00,5.83,302,WNW,7.97,0,0
2/18/2025 0:00,6.22,310,NW,9.72,0,0
2/18/2025 1:00,7.39,309,NW,8.94,0,0
2/18/2025 2:00,1.75,85,E,2.72,0,0
2/18/2025 3:00,2.33,359,N,4.08,0,0
2/18/2025 4:00,1.36,64,ENE,2.33,0,0
2/18/2025 5:00,2.92,347,NNW,4.28,0,0
2/18/2025 6:00,2.33,340,NNW,3.11,0,0
2/18/2025 7:00,1.36,88,E,2.72,0,0
2/18/2025 8:00,0.97,282,WNW,1.56,0,0
2/18/2025 9:00,5.05,326,NW,5.64,0,0
2/18/2025 10:00,2.33,331,NNW,3.11,0,0
2/18/2025 11:00,4.28,291,WNW,5.44,0,0
2/18/2025 12:00,2.92,292,WNW,4.47,0,0
2/18/2025 13:00,1.94,264,W,2.92,0,0
2/18/2025 14:00,1.56,172,S,2.72,0,0
2/18/2025 15:00,1.94,120,ESE,2.53,0,0
2/18/2025 16:00,3.69,184,S,6.22,0,0
2/18/2025 17:00,1.56,119,ESE,2.92,0,0
2/18/2025 18:00,2.53,250,WSW,4.67,0,0
2/18/2025 19:00,2.33,295,WNW,3.3,0,0
2/18/2025 20:00,3.5,326,NW,4.08,0,0
2/18/2025 21:00,1.56,91,E,2.92,0,0
2/18/2025 22:00,0.97,19,NNE,3.5,0,0
2/18/2025 23:00,1.94,179,S,2.92,0,0
2/19/2025 0:00,2.72,91,E,2.92,0,0
2/19/2025 1:00,5.44,163,SSE,7,0,0
2/19/2025 2:00,0.97,216,SW,3.11,0,0
2/19/2025 3:00,1.94,357,N,5.05,0,0
2/19/2025 4:00,3.11,148,SSE,5.05,0,0
2/19/2025 5:00,4.08,162,SSE,6.03,0,0
2/19/2025 6:00,1.56,297,WNW,3.11,0,0
2/19/2025 7:00,0.78,119,ESE,1.56,0,0
2/19/2025 8:00,2.92,136,SE,6.22,0,0
2/19/2025 9:00,2.33,135,SE,6.03,0,0
2/19/2025 10:00,5.83,184,S,8.36,0,0
2/19/2025 11:00,4.47,183,S,7.97,0,0
2/19/2025 12:00,7.19,192,SSW,10.11,0,0
2/19/2025 13:00,4.08,210,SSW,7.97,0,0
2/19/2025 14:00,5.05,182,S,8.94,0,0
2/19/2025 15:00,4.47,349,N,5.83,0,0
2/19/2025 16:00,7.58,306,NW,9.72,0,0
2/19/2025 17:00,5.44,300,WNW,7.39,0,0
2/19/2025 18:00,6.41,314,NW,7.97,0,0
2/19/2025 19:00,1.17,132,SE,2.33,0,0
2/19/2025 20:00,3.5,332,NNW,5.05,0,0
2/19/2025 21:00,2.72,328,NNW,4.67,0,0
2/19/2025 22:00,6.41,316,NW,7.58,0,0
2/19/2025 23:00,3.11,327,NNW,4.86,0,0
2/20/2025 0:00,2.92,89,E,3.89,0,0
2/20/2025 1:00,1.56,27,NNE,3.3,0,0
2/20/2025 2:00,4.86,318,NW,6.03,0,0
2/20/2025 3:00,3.69,303,WNW,4.28,0,0
2/20/2025 4:00,2.92,316,NW,4.08,0,0
2/20/2025 5:00,6.8,342,NNW,8.75,0,0
2/20/2025 6:00,5.44,335,NNW,7.58,0,0
2/20/2025 7:00,6.41,337,NNW,7.78,0,0
2/20/2025 8:00,4.28,285,WNW,5.64,0,0
2/20/2025 9:00,3.69,302,WNW,4.47,0,0
2/20/2025 10:00,3.3,338,NNW,4.47,0,0
2/20/2025 11:00,2.14,193,SSW,3.3,0,0
2/20/2025 12:00,4.28,160,SSE,5.25,0,0
2/20/2025 13:00,2.92,160,SSE,4.47,0,0
2/20/2025 14:00,3.3,176,S,6.41,0,0
2/20/2025 15:00,4.86,182,S,7.58,0,0
2/20/2025 16:00,6.03,182,S,9.14,0,0
2/20/2025 17:00,7,193,SSW,9.33,0,0
2/20/2025 18:00,1.56,129,SE,2.72,0,0
2/20/2025 19:00,1.17,330,NNW,2.14,0,0
2/20/2025 20:00,1.75,131,SE,3.11,0,0
2/20/2025 21:00,0,193,SSW,0.58,0,0
2/20/2025 22:00,1.36,134,SE,1.94,0,0
2/20/2025 23:00,2.14,325,NW,2.92,0,0
2/21/2025 0:00,1.36,334,NNW,3.11,0,0
2/21/2025 1:00,1.17,236,SW,2.92,0,0
2/21/2025 2:00,0.39,134,SE,1.36,0,0
2/21/2025 3:00,2.53,317,NW,3.3,0,0
2/21/2025 4:00,2.72,313,NW,3.3,0,0
2/21/2025 5:00,2.53,335,NNW,2.92,0,0
2/21/2025 6:00,2.14,319,NW,2.33,0,0
2/21/2025 7:00,4.47,301,WNW,5.25,0,0
2/21/2025 8:00,0.58,91,E,1.36,0,0
2/21/2025 9:00,6.8,349,N,7.78,0,0
2/21/2025 10:00,7.97,322,NW,9.33,0,0
2/21/2025 11:00,8.55,317,NW,9.72,0,0
2/21/2025 12:00,7.97,314,NW,9.14,0,0
2/21/2025 13:00,9.33,315,NW,10.3,0,0
2/21/2025 14:00,8.36,315,NW,9.33,0,0
2/21/2025 15:00,4.28,306,NW,6.03,0,0
2/21/2025 16:00,1.36,295,WNW,2.53,0,0
2/21/2025 17:00,4.47,283,WNW,6.03,0,0
2/21/2025 18:00,1.36,193,SSW,2.14,0,0
2/21/2025 19:00,1.94,120,ESE,2.33,0,0
2/21/2025 20:00,2.14,158,SSE,2.72,0,0
2/21/2025 21:00,5.05,80,E,7,0,0
2/21/2025 22:00,2.72,44,NE,4.28,0,0
2/21/2025 23:00,0.97,39,NE,2.14,0,0
2/22/2025 0:00,1.36,81,E,2.33,0,0
2/22/2025 1:00,1.94,86,E,4.08,0,0
2/22/2025 2:00,3.69,328,NNW,4.28,0,0
2/22/2025 3:00,1.36,225,SW,1.94,0,0
2/22/2025 4:00,1.56,70,ENE,2.92,0,0
2/22/2025 5:00,0.97,271,W,2.33,0,0
2/22/2025 6:00,3.89,344,NNW,4.86,0,0
2/22/2025 7:00,0.97,34,NE,1.94,0,0
2/22/2025 8:00,0,135,SE,0.97,0,0
2/22/2025 9:00,6.41,322,NW,6.8,0,0
2/22/2025 10:00,2.72,312,NW,3.89,0,0
2/22/2025 11:00,2.92,291,WNW,3.69,0,0
2/22/2025 12:00,4.47,315,NW,4.86,0,0
2/22/2025 13:00,0.97,10,N,1.17,0,0
2/22/2025 14:00,3.3,185,S,5.05,0,0
2/22/2025 15:00,2.14,193,SSW,2.92,0,0
2/22/2025 16:00,2.72,182,S,5.05,0,0
2/22/2025 17:00,3.89,125,SE,6.22,0,0
2/22/2025 18:00,2.53,231,SW,4.08,0,0
2/22/2025 19:00,1.17,102,ESE,3.5,0,0
2/22/2025 20:00,3.3,118,ESE,5.44,0,0
2/22/2025 21:00,1.94,178,S,2.72,0,0
2/22/2025 22:00,1.75,240,WSW,2.92,0,0
2/22/2025 23:00,1.94,331,NNW,2.14,0,0
2/23/2025 0:00,1.56,79,E,3.11,0,0
2/23/2025 1:00,1.56,128,SE,2.92,0,0
2/23/2025 2:00,1.36,171,S,2.72,0,0
2/23/2025 3:00,1.17,134,SE,2.53,0,0
2/23/2025 4:00,4.08,162,SSE,6.22,0,0
2/23/2025 5:00,1.94,200,SSW,2.92,0,0
2/23/2025 6:00,2.33,294,WNW,3.11,0,0
2/23/2025 7:00,1.36,242,WSW,2.33,0,0
2/23/2025 8:00,1.17,174,S,1.56,0,0
2/23/2025 9:00,0.39,108,ESE,1.94,0,0
2/23/2025 10:00,1.36,345,NNW,1.75,0,0
2/23/2025 11:00,3.69,165,SSE,5.05,0,0
2/23/2025 12:00,4.67,158,SSE,6.8,0,0
2/23/2025 13:00,3.5,185,S,5.83,0,0
2/23/2025 14:00,3.11,193,SSW,4.28,0,0
2/23/2025 15:00,1.17,183,S,2.53,0,0
2/23/2025 16:00,0,130,SE,0.97,0,0
2/23/2025 17:00,1.94,184,S,2.72,0,0
2/23/2025 18:00,3.5,172,S,6.03,0,0
2/23/2025 19:00,1.75,84,E,2.33,0,0
2/23/2025 20:00,1.94,125,SE,3.5,0,0
2/23/2025 21:00,4.47,157,SSE,6.61,0,0
2/23/2025 22:00,4.08,160,SSE,5.05,0,0
2/23/2025 23:00,1.94,190,S,3.3,0,0
2/24/2025 0:00,1.56,185,S,2.14,0,0
2/24/2025 1:00,2.92,331,NNW,4.28,0,0
2/24/2025 2:00,2.53,287,WNW,2.72,0,0
2/24/2025 3:00,4.08,325,NW,4.86,0,0
2/24/2025 4:00,0.58,169,S,1.94,0,0
2/24/2025 5:00,0.78,123,ESE,2.33,0,0
2/24/2025 6:00,1.75,138,SE,3.11,0,0
2/24/2025 7:00,6.61,159,SSE,8.16,0,0
2/24/2025 8:00,7.58,160,SSE,9.72,0,0
2/24/2025 9:00,5.44,195,SSW,7.97,0,0
2/24/2025 10:00,4.08,148,SSE,7.19,0,0
2/24/2025 11:00,1.56,143,SE,3.3,0,0
2/24/2025 12:00,1.94,119,ESE,4.67,0,0
2/24/2025 13:00,5.05,178,S,7.19,0,0
2/24/2025 14:00,4.86,186,S,7.19,0,0
2/24/2025 15:00,4.08,194,SSW,5.25,0,0
2/24/2025 16:00,3.3,215,SW,4.86,0,0
2/24/2025 17:00,5.25,191,S,8.16,0,0
2/24/2025 18:00,3.3,182,S,5.25,0,0
2/24/2025 19:00,3.5,204,SSW,6.03,0,0
2/24/2025 20:00,2.14,241,WSW,4.86,0,0
2/24/2025 21:00,3.3,237,WSW,6.22,0,0
2/24/2025 22:00,1.94,210,SSW,3.3,0,0
2/24/2025 23:00,0,238,WSW,1.17,0,0
2/25/2025 0:00,2.53,301,WNW,3.11,0,0
2/25/2025 1:00,5.05,322,NW,6.41,0,0
2/25/2025 2:00,1.94,41,NE,3.5,0,0
2/25/2025 3:00,2.14,21,NNE,3.11,0,0
2/25/2025 4:00,2.14,35,NE,3.11,0,0
2/25/2025 5:00,5.25,336,NNW,5.83,0,0
2/25/2025 6:00,5.25,345,NNW,6.41,0,0
2/25/2025 7:00,5.83,4,N,7,0,0
2/25/2025 8:00,8.16,346,NNW,9.91,0,0
2/25/2025 9:00,4.47,356,N,6.03,0,0
2/25/2025 10:00,3.3,317,NW,4.28,0,0
2/25/2025 11:00,2.53,252,WSW,3.5,0,0
2/25/2025 12:00,4.28,297,WNW,5.25,0,0
2/25/2025 13:00,3.69,274,W,5.05,0,0
2/25/2025 14:00,2.72,284,WNW,4.28,0,0
2/25/2025 15:00,2.92,196,SSW,4.08,0,0
2/25/2025 16:00,1.17,199,SSW,2.53,0,0
2/25/2025 17:00,0.19,207,SSW,1.75,0,0
2/25/2025 18:00,1.94,294,WNW,4.28,0,0
2/25/2025 19:00,3.89,309,NW,6.41,0,0
2/25/2025 20:00,7.58,316,NW,11.47,0,0
2/25/2025 21:00,1.56,137,SE,2.53,0,0
2/25/2025 22:00,0.19,72,ENE,0.78,0,0
2/25/2025 23:00,0.19,98,E,1.75,0,0
2/26/2025 0:00,2.53,304,NW,2.72,0,0
2/26/2025 1:00,1.75,114,ESE,2.33,0,0
2/26/2025 2:00,3.89,319,NW,4.47,0,0
2/26/2025 3:00,1.36,102,ESE,3.11,0,0
2/26/2025 4:00,2.92,333,NNW,3.5,0,0
2/26/2025 5:00,4.28,294,WNW,5.25,0,0
2/26/2025 6:00,0.39,77,ENE,0.97,0,0
2/26/2025 7:00,0.78,31,NNE,1.36,0,0
2/26/2025 8:00,6.03,328,NNW,7.19,0,0
2/26/2025 9:00,2.53,295,WNW,3.11,0,0
2/26/2025 10:00,4.86,321,NW,5.64,0,0
2/26/2025 11:00,2.72,270,W,3.69,0,0
2/26/2025 12:00,3.11,330,NNW,4.67,0,0
2/26/2025 13:00,4.28,300,WNW,6.03,0,0
2/26/2025 14:00,10.11,337,NNW,11.66,0,0
2/26/2025 15:00,4.67,335,NNW,10.11,0,0
2/26/2025 16:00,7.58,34,NE,9.72,0,0
2/26/2025 17:00,9.72,317,NW,12.64,0,0
2/26/2025 18:00,9.91,34,NE,13.22,0,0
2/26/2025 19:00,6.8,40,NE,11.08,0,0
2/26/2025 20:00,7.97,314,NW,10.11,0,0
2/26/2025 21:00,9.14,337,NNW,10.11,0,0
2/26/2025 22:00,8.16,343,NNW,9.14,0,0
2/26/2025 23:00,10.11,332,NNW,11.47,0,0
2/27/2025 0:00,6.03,314,NW,8.16,0,0
2/27/2025 1:00,6.61,345,NNW,8.36,0,0
2/27/2025 2:00,11.27,334,NNW,12.64,0,0
2/27/2025 3:00,4.47,338,NNW,6.8,0,0
2/27/2025 4:00,10.5,323,NW,11.66,0,0
2/27/2025 5:00,7.39,341,NNW,10.5,0,0
2/27/2025 6:00,4.47,49,NE,6.61,0,0
2/27/2025 7:00,5.05,331,NNW,8.36,0,0
2/27/2025 8:00,4.08,31,NNE,7.19,0,0
2/27/2025 9:00,5.44,56,NE,12.05,0,0
2/27/2025 10:00,9.14,49,NE,14.19,0,0
2/27/2025 11:00,9.91,47,NE,12.83,0,0
2/27/2025 12:00,7.97,54,NE,11.27,0,0
2/27/2025 13:00,13.22,39,NE,15.94,0,0
2/27/2025 14:00,12.44,46,NE,17.49,0,0
2/27/2025 15:00,13.22,46,NE,17.69,0,0
2/27/2025 16:00,6.41,43,NE,10.3,0,0
2/27/2025 17:00,13.8,47,NE,17.3,0,0
2/27/2025 18:00,10.69,45,NE,14.97,0,0
2/27/2025 19:00,6.41,59,ENE,11.47,0,0
2/27/2025 20:00,8.16,42,NE,10.5,0,0
2/27/2025 21:00,5.83,46,NE,7.19,0,0
2/27/2025 22:00,3.11,269,W,4.28,0,0
2/27/2025 23:00,5.64,312,NW,7.19,0,0
2/28/2025 0:00,3.5,287,WNW,5.44,0,0
2/28/2025 1:00,6.41,318,NW,7,0,0
2/28/2025 2:00,5.64,345,NNW,6.03,0,0
2/28/2025 3:00,1.94,254,WSW,2.53,0,0
2/28/2025 4:00,0,184,S,0,0,0
2/28/2025 5:00,0.97,43,NE,2.53,0,0
2/28/2025 6:00,1.17,225,SW,2.72,0,0
2/28/2025 7:00,1.17,319,NW,2.72,0,0
2/28/2025 8:00,2.92,320,NW,3.11,0,0
2/28/2025 9:00,2.53,317,NW,2.92,0,0
2/28/2025 10:00,0.39,326,NW,1.56,0,0
2/28/2025 11:00,1.17,178,S,3.3,0,0
2/28/2025 12:00,1.75,180,S,2.33,0,0
2/28/2025 13:00,2.14,229,SW,2.72,0,0
2/28/2025 14:00,3.89,151,SSE,6.22,0,0
2/28/2025 15:00,4.67,162,SSE,5.83,0,0
2/28/2025 16:00,0.19,157,SSE,0.58,0,0
2/28/2025 17:00,2.92,86,E,3.69,0,0
2/28/2025 18:00,4.08,84,E,5.05,0,0
2/28/2025 19:00,3.3,65,ENE,4.28,0,0
2/28/2025 20:00,2.53,114,ESE,3.3,0,0
2/28/2025 21:00,2.33,168,SSE,4.28,0,0
2/28/2025 22:00,2.14,237,WSW,4.67,0,0
2/28/2025 23:00,1.56,282,WNW,3.11,0,0
3/1/2025 0:00,2.53,130,SE,4.08,0,0
3/1/2025 1:00,4.08,172,S,6.41,0,0
3/1/2025 2:00,4.08,159,SSE,7.97,0,0
3/1/2025 3:00,5.83,183,S,12.25,0,0
3/1/2025 4:00,5.64,254,WSW,7,0,0
3/1/2025 5:00,3.11,272,W,5.64,0,0
3/1/2025 6:00,3.11,267,W,6.03,0,0
3/1/2025 7:00,4.67,194,SSW,5.64,0,0
3/1/2025 8:00,2.92,221,SW,5.64,0,0
3/1/2025 9:00,3.11,194,SSW,6.61,0,0
3/1/2025 10:00,7.19,197,SSW,11.47,0,0
3/1/2025 11:00,5.05,195,SSW,9.14,0,0
3/1/2025 12:00,7.39,203,SSW,13.8,0,0
3/1/2025 13:00,8.94,191,S,16.91,0,0
3/1/2025 14:00,14.19,202,SSW,17.88,0,0
3/1/2025 15:00,3.11,185,S,10.89,0,0
3/1/2025 16:00,4.08,279,W,6.22,0,0
3/1/2025 17:00,2.72,138,SE,6.03,0,0
3/1/2025 18:00,5.64,210,SSW,11.47,0,0
3/1/2025 19:00,4.67,236,SW,9.52,0,0
3/1/2025 20:00,2.53,153,SSE,8.94,0,0
3/1/2025 21:00,5.83,276,W,9.33,0,0
3/1/2025 22:00,6.03,279,W,14.38,0,0
3/1/2025 23:00,9.14,285,WNW,12.05,0,0
3/2/2025 0:00,3.89,284,WNW,7.39,0,0
3/2/2025 1:00,1.94,273,W,3.3,0,0
3/2/2025 2:00,4.28,291,WNW,7,0,0
3/2/2025 3:00,4.28,286,WNW,7.19,0,0
3/2/2025 4:00,4.28,291,WNW,7.39,0,0
3/2/2025 5:00,3.3,255,WSW,8.55,0,0
3/2/2025 6:00,2.14,210,SSW,3.3,0,0
3/2/2025 7:00,5.05,285,WNW,7.78,0,0
3/2/2025 8:00,8.55,284,WNW,12.05,0,0
3/2/2025 9:00,12.64,292,WNW,16.72,0,0
3/2/2025 10:00,12.05,306,NW,15.36,0,0
3/2/2025 11:00,13.41,298,WNW,18.27,0,0
3/2/2025 12:00,13.8,302,WNW,17.3,0,0
3/2/2025 13:00,12.05,290,WNW,18.47,0,0
3/2/2025 14:00,11.47,297,WNW,18.86,0,0
3/2/2025 15:00,13.02,301,WNW,18.86,0,0
3/2/2025 16:00,16.52,285,WNW,21.38,0,0
3/2/2025 17:00,14.97,290,WNW,24.69,0,0
3/2/2025 18:00,14.58,280,W,19.83,0,0
3/2/2025 19:00,13.22,298,WNW,21.97,0,0
3/2/2025 20:00,16.13,299,WNW,20.22,0,0
3/2/2025 21:00,8.36,301,WNW,13.02,0,0
3/2/2025 22:00,7.58,305,NW,10.3,0,0
3/2/2025 23:00,5.83,318,NW,10.89,0,0
3/3/2025 0:00,8.55,316,NW,10.3,0,0
3/3/2025 1:00,9.14,308,NW,13.8,0,0
3/3/2025 2:00,12.64,303,WNW,16.52,0,0
3/3/2025 3:00,11.27,305,NW,14.58,0,0
3/3/2025 4:00,8.36,305,NW,11.47,0,0
3/3/2025 5:00,6.41,351,N,7.97,0,0
3/3/2025 6:00,5.83,292,WNW,7.97,0,0
3/3/2025 7:00,2.72,339,NNW,4.67,0,0
3/3/2025 8:00,5.25,296,WNW,7.19,0,0
3/3/2025 9:00,5.64,312,NW,10.11,0,0
3/3/2025 10:00,1.36,3,N,2.14,0,0
3/3/2025 11:00,1.56,196,SSW,2.92,0,0
3/3/2025 12:00,7.78,158,SSE,9.72,0,0
3/3/2025 13:00,9.14,158,SSE,11.66,0,0
3/3/2025 14:00,9.33,321,NW,12.25,0,0
3/3/2025 15:00,11.27,293,WNW,14,0,0
3/3/2025 16:00,11.66,295,WNW,15.75,0,0
3/3/2025 17:00,8.55,292,WNW,11.47,0,0
3/3/2025 18:00,9.33,291,WNW,14.19,0,0
3/3/2025 19:00,9.91,297,WNW,14.77,0,0
3/3/2025 20:00,10.11,306,NW,13.8,0,0
3/3/2025 21:00,6.61,283,WNW,8.94,0,0
3/3/2025 22:00,5.05,314,NW,6.61,0,0
3/3/2025 23:00,5.25,252,WSW,9.52,0,0
3/4/2025 0:00,7,286,WNW,9.14,0,0
3/4/2025 1:00,3.3,205,SSW,6.22,0,0
3/4/2025 2:00,1.56,236,SW,2.72,0,0
3/4/2025 3:00,3.5,228,SW,6.22,0,0
3/4/2025 4:00,3.3,218,SW,5.83,0,0
3/4/2025 5:00,3.69,223,SW,6.41,0,0
3/4/2025 6:00,1.17,229,SW,2.92,0,0
3/4/2025 7:00,3.69,159,SSE,4.86,0,0
3/4/2025 8:00,4.08,176,S,7.39,0,0
3/4/2025 9:00,3.69,198,SSW,6.03,0,0
3/4/2025 10:00,6.41,158,SSE,8.36,0,0
3/4/2025 11:00,3.89,153,SSE,6.41,0,0
3/4/2025 12:00,4.08,164,SSE,5.64,0,0
3/4/2025 13:00,3.11,208,SSW,4.47,0,0
3/4/2025 14:00,4.47,328,NNW,5.05,0,0
3/4/2025 15:00,5.05,317,NW,6.03,0,0
3/4/2025 16:00,7,322,NW,8.36,0,0
3/4/2025 17:00,5.25,342,NNW,7,0,0
3/4/2025 18:00,7.97,353,N,9.52,0,0
3/4/2025 19:00,4.28,340,NNW,4.86,0,0
3/4/2025 20:00,3.89,340,NNW,4.67,0,0
3/4/2025 21:00,6.8,339,NNW,7.97,0,0
3/4/2025 22:00,4.28,332,NNW,4.67,0,0
3/4/2025 23:00,4.47,315,NW,5.44,0,0
3/5/2025 0:00,3.5,316,NW,4.28,0,0
3/5/2025 1:00,4.08,342,NNW,5.25,0,0
3/5/2025 2:00,3.69,313,NW,5.44,0,0
3/5/2025 3:00,5.64,325,NW,6.61,0,0
3/5/2025 4:00,8.55,332,NNW,9.72,0,0
3/5/2025 5:00,7,348,NNW,8.36,0,0
3/5/2025 6:00,4.86,353,N,5.64,0,0
3/5/2025 7:00,2.72,342,NNW,3.11,0,0
3/5/2025 8:00,1.56,75,ENE,2.72,0,0
3/5/2025 9:00,5.05,327,NNW,5.64,0,0
3/5/2025 10:00,0.97,198,SSW,1.75,0,0
3/5/2025 11:00,8.16,314,NW,9.91,0,0
3/5/2025 12:00,7.58,309,NW,10.11,0,0
3/5/2025 13:00,7.39,298,WNW,11.47,0,0
3/5/2025 14:00,13.8,314,NW,16.72,0,0
3/5/2025 15:00,14.19,311,NW,19.44,0,0
3/5/2025 16:00,14.38,308,NW,21.19,0,0
3/5/2025 17:00,13.22,296,WNW,16.91,0,0
3/5/2025 18:00,13.8,293,WNW,21.38,0,0
3/5/2025 19:00,7.97,296,WNW,13.41,0,0
3/5/2025 20:00,7.78,311,NW,11.86,0,0
3/5/2025 21:00,8.94,296,WNW,13.02,0,0
3/5/2025 22:00,8.55,299,WNW,11.66,0,0
3/5/2025 23:00,9.14,296,WNW,13.02,0,0
3/6/2025 0:00,9.14,291,WNW,15.75,0,0
3/6/2025 1:00,12.64,304,NW,16.33,0,0
3/6/2025 2:00,12.64,296,WNW,16.91,0,0
3/6/2025 3:00,13.22,297,WNW,18.86,0,0
3/6/2025 4:00,9.33,293,WNW,14.77,0,0
3/6/2025 5:00,6.8,294,WNW,12.05,0,0
3/6/2025 6:00,7.39,297,WNW,11.08,0,0
3/6/2025 7:00,5.25,309,NW,7.39,0,0
3/6/2025 8:00,5.44,300,WNW,7.39,0,0
3/6/2025 9:00,4.67,356,N,6.41,0,0
3/6/2025 10:00,0.78,341,NNW,2.92,0,0
3/6/2025 11:00,2.14,304,NW,2.92,0,0
3/6/2025 12:00,3.3,200,SSW,4.67,0,0
3/6/2025 13:00,4.28,197,SSW,6.41,0,0
3/6/2025 14:00,4.08,200,SSW,6.8,0,0
3/6/2025 15:00,5.83,192,SSW,7.97,0,0
3/6/2025 16:00,3.69,217,SW,7,0,0
3/6/2025 17:00,4.47,211,SSW,7.78,0,0
3/6/2025 18:00,8.75,318,NW,10.3,0,0
3/6/2025 19:00,8.36,306,NW,11.27,0,0
3/6/2025 20:00,5.25,313,NW,7.58,0,0
3/6/2025 21:00,2.14,278,W,3.5,0,0
3/6/2025 22:00,1.94,308,NW,2.92,0,0
3/6/2025 23:00,3.69,299,WNW,4.47,0,0
3/7/2025 0:00,2.92,279,W,3.5,0,0
3/7/2025 1:00,0.78,167,SSE,1.75,0,0
3/7/2025 2:00,3.69,304,NW,4.86,0,0
3/7/2025 3:00,1.36,34,NE,2.92,0,0
3/7/2025 4:00,2.53,337,NNW,3.3,0,0
3/7/2025 5:00,2.14,99,E,3.3,0,0
3/7/2025 6:00,3.5,302,WNW,4.86,0,0
3/7/2025 7:00,5.44,325,NW,6.41,0,0
3/7/2025 8:00,3.89,331,NNW,4.86,0,0
3/7/2025 9:00,5.64,313,NW,6.61,0,0
3/7/2025 10:00,5.05,294,WNW,7,0,0
3/7/2025 11:00,4.86,276,W,5.83,0,0
3/7/2025 12:00,4.47,286,WNW,5.64,0,0
3/7/2025 13:00,5.05,318,NW,6.8,0,0
3/7/2025 14:00,6.03,297,WNW,7.78,0,0
3/7/2025 15:00,4.86,304,NW,7.39,0,0
3/7/2025 16:00,7.97,242,WSW,9.72,0,0
3/7/2025 17:00,5.83,288,WNW,7.19,0,0
3/7/2025 18:00,10.89,306,NW,14.58,0,0
3/7/2025 19:00,8.16,308,NW,10.89,0,0
3/7/2025 20:00,5.05,302,WNW,7.78,0,0
3/7/2025 21:00,1.94,330,NNW,4.08,0,0
3/7/2025 22:00,1.17,103,ESE,2.33,0,0
3/7/2025 23:00,2.72,343,NNW,3.3,0,0
3/8/2025 0:00,1.17,160,SSE,1.75,0,0
3/8/2025 1:00,2.53,195,SSW,5.83,0,0
3/8/2025 2:00,3.69,189,S,5.83,0,0
3/8/2025 3:00,2.53,184,S,6.03,0,0
3/8/2025 4:00,3.3,190,S,5.83,0,0
3/8/2025 5:00,3.3,182,S,5.44,0,0
3/8/2025 6:00,4.28,195,SSW,6.61,0,0
3/8/2025 7:00,3.3,189,S,6.03,0,0
3/8/2025 8:00,2.14,265,W,3.3,0,0
3/8/2025 9:00,2.33,199,SSW,3.3,0,0
3/8/2025 10:00,3.5,154,SSE,5.25,0,0
3/8/2025 11:00,3.69,169,S,6.03,0,0
3/8/2025 12:00,4.47,157,SSE,6.41,0,0
3/8/2025 13:00,2.33,192,SSW,5.83,0,0
3/8/2025 14:00,3.69,177,S,6.61,0,0
3/8/2025 15:00,6.8,192,SSW,9.52,0,0
3/8/2025 16:00,6.41,165,SSE,7.78,0,0
3/8/2025 17:00,2.53,154,SSE,5.83,0,0
3/8/2025 18:00,4.67,170,S,6.41,0,0
3/8/2025 19:00,2.92,182,S,4.08,0,0
3/8/2025 20:00,3.69,166,SSE,4.86,0,0
3/8/2025 21:00,1.56,354,N,1.94,0,0
3/8/2025 22:00,1.17,286,WNW,2.33,0,0
3/8/2025 23:00,0.78,280,W,1.17,0,0
3/9/2025 0:00,2.53,291,WNW,2.92,0,0
3/9/2025 1:00,3.89,316,NW,4.28,0,0
3/9/2025 2:00,,,,,1,1
3/9/2025 3:00,2.14,305,NW,2.72,0,0
3/9/2025 4:00,1.36,313,NW,1.75,0,0
3/9/2025 5:00,1.94,100,E,2.72,0,0
3/9/2025 6:00,1.36,232,SW,2.72,0,0
3/9/2025 7:00,3.89,289,WNW,5.44,0,0
3/9/2025 8:00,3.89,323,NW,5.05,0,0
3/9/2025 9:00,1.94,322,NW,2.92,0,0
3/9/2025 10:00,1.75,13,NNE,2.72,0,0
3/9/2025 11:00,3.11,166,SSE,4.08,0,0
3/9/2025 12:00,4.08,228,SW,11.08,0,0
3/9/2025 13:00,7.78,243,WSW,11.66,0,0
3/9/2025 14:00,5.44,219,SW,9.52,0,0
3/9/2025 15:00,5.05,228,SW,9.91,0,0
3/9/2025 16:00,5.05,239,WSW,8.55,0,0
3/9/2025 17:00,6.22,243,WSW,10.11,0,0
3/9/2025 18:00,3.69,235,SW,6.61,0,0
3/9/2025 19:00,0.78,301,WNW,2.72,0,0
3/9/2025 20:00,5.25,198,SSW,6.8,0,0
3/9/2025 21:00,2.53,209,SSW,4.28,0,0
3/9/2025 22:00,2.33,193,SSW,2.72,0,0
3/9/2025 23:00,1.94,196,SSW,2.14,0,0
3/10/2025 0:00,3.3,305,NW,4.86,0,0
3/10/2025 1:00,1.75,274,W,2.33,0,0
3/10/2025 2:00,2.92,315,NW,3.69,0,0
3/10/2025 3:00,3.3,314,NW,4.67,0,0
3/10/2025 4:00,2.92,326,NW,3.5,0,0
3/10/2025 5:00,1.94,326,NW,2.92,0,0
3/10/2025 6:00,2.14,352,N,2.92,0,0
3/10/2025 7:00,2.33,354,N,3.3,0,0
3/10/2025 8:00,1.56,86,E,3.5,0,0
3/10/2025 9:00,2.14,333,NNW,3.11,0,0
3/10/2025 10:00,1.75,176,S,2.53,0,0
3/10/2025 11:00,1.94,339,NNW,2.53,0,0
3/10/2025 12:00,6.8,318,NW,8.36,0,0
3/10/2025 13:00,9.52,318,NW,10.11,0,0
3/10/2025 14:00,4.86,295,WNW,6.22,0,0
3/10/2025 15:00,5.83,282,WNW,6.8,0,0
3/10/2025 16:00,5.83,279,W,7.58,0,0
3/10/2025 17:00,3.69,191,S,5.25,0,0
3/10/2025 18:00,2.53,191,S,6.61,0,0
3/10/2025 19:00,6.61,195,SSW,10.3,0,0
3/10/2025 20:00,2.92,156,SSE,6.03,0,0
3/10/2025 21:00,2.14,139,SE,5.44,0,0
3/10/2025 22:00,0.58,70,ENE,2.14,0,0
3/10/2025 23:00,2.92,69,ENE,4.47,0,0
3/11/2025 0:00,2.14,262,W,4.86,0,0
3/11/2025 1:00,2.33,355,N,3.11,0,0
3/11/2025 2:00,4.08,299,WNW,5.25,0,0
3/11/2025 3:00,2.33,349,N,2.92,0,0
3/11/2025 4:00,2.72,134,SE,4.28,0,0
3/11/2025 5:00,1.94,142,SE,3.11,0,0
3/11/2025 6:00,3.5,291,WNW,4.08,0,0
3/11/2025 7:00,1.36,357,N,2.14,0,0
3/11/2025 8:00,2.53,136,SE,3.89,0,0
3/11/2025 9:00,2.72,149,SSE,4.08,0,0
3/11/2025 10:00,3.69,149,SSE,6.8,0,0
3/11/2025 11:00,7.78,156,SSE,10.11,0,0
3/11/2025 12:00,7,197,SSW,10.11,0,0
3/11/2025 13:00,8.16,179,S,11.27,0,0
3/11/2025 14:00,7.19,190,S,11.47,0,0
3/11/2025 15:00,3.69,201,SSW,6.8,0,0
3/11/2025 16:00,3.11,269,W,7.39,0,0
3/11/2025 17:00,2.14,227,SW,5.44,0,0
3/11/2025 18:00,6.22,198,SSW,9.72,0,0
3/11/2025 19:00,2.72,252,WSW,7.19,0,0
3/11/2025 20:00,5.25,177,S,7.78,0,0
3/11/2025 21:00,3.69,201,SSW,6.03,0,0
3/11/2025 22:00,5.44,202,SSW,9.14,0,0
3/11/2025 23:00,6.03,190,S,9.14,0,0
3/12/2025 0:00,5.44,184,S,7.78,0,0
3/12/2025 1:00,5.64,183,S,7.78,0,0
3/12/2025 2:00,6.61,172,S,9.14,0,0
3/12/2025 3:00,8.75,170,S,11.86,0,0
3/12/2025 4:00,7.58,158,SSE,9.91,0,0
3/12/2025 5:00,9.72,161,SSE,13.02,0,0
3/12/2025 6:00,11.86,163,SSE,17.11,0,0
3/12/2025 7:00,8.16,174,S,11.86,0,0
3/12/2025 8:00,14.97,157,SSE,20.8,0,0
3/12/2025 9:00,13.22,153,SSE,20.22,0,0
3/12/2025 10:00,20.99,159,SSE,24.69,0,0
3/12/2025 11:00,19.44,163,SSE,24.1,0,0
3/12/2025 12:00,12.25,150,SSE,19.63,0,0
3/12/2025 13:00,19.63,162,SSE,24.3,0,0
3/12/2025 14:00,26.63,161,SSE,33.63,0,0
3/12/2025 15:00,12.44,211,SSW,17.3,0,0
3/12/2025 16:00,10.5,163,SSE,15.75,0,0
3/12/2025 17:00,8.36,170,S,15.16,0,0
3/12/2025 18:00,6.61,257,WSW,9.91,0,0
3/12/2025 19:00,7.39,211,SSW,11.86,0,0
3/12/2025 20:00,6.03,204,SSW,12.83,0,0
3/12/2025 21:00,3.69,277,W,7.58,0,0
3/12/2025 22:00,3.69,187,S,7.58,0,0
3/12/2025 23:00,5.05,175,S,12.44,0,0
3/13/2025 0:00,7.39,163,SSE,9.52,0,0
3/13/2025 1:00,9.33,160,SSE,11.66,0,0
3/13/2025 2:00,3.11,266,W,9.14,0,0
3/13/2025 3:00,0.19,189,S,1.94,0,0
3/13/2025 4:00,5.44,286,WNW,16.52,0,0
3/13/2025 5:00,0.97,210,SSW,2.92,0,0
3/13/2025 6:00,2.33,205,SSW,4.47,0,0
3/13/2025 7:00,2.14,220,SW,4.47,0,0
3/13/2025 8:00,4.67,298,WNW,6.03,0,0
3/13/2025 9:00,5.25,284,WNW,6.8,0,0
3/13/2025 10:00,7.78,285,WNW,10.3,0,0
3/13/2025 11:00,8.94,291,WNW,15.36,0,0
3/13/2025 12:00,11.47,298,WNW,15.36,0,0
3/13/2025 13:00,10.11,294,WNW,14.19,0,0
3/13/2025 14:00,13.41,294,WNW,16.33,0,0
3/13/2025 15:00,12.83,306,NW,16.52,0,0
3/13/2025 16:00,13.02,293,WNW,17.49,0,0
3/13/2025 17:00,8.16,275,W,16.13,0,0
3/13/2025 18:00,14,281,W,18.08,0,0
3/13/2025 19:00,4.28,270,W,9.14,0,0
3/13/2025 20:00,5.05,185,S,8.55,0,0
3/13/2025 21:00,3.69,206,SSW,6.03,0,0
3/13/2025 22:00,4.86,200,SSW,6.22,0,0
3/13/2025 23:00,6.8,198,SSW,9.33,0,0
3/14/2025 0:00,9.33,172,S,13.41,0,0
3/14/2025 1:00,10.89,167,SSE,14.97,0,0
3/14/2025 2:00,14,165,SSE,19.24,0,0
3/14/2025 3:00,9.91,170,S,14.77,0,0
3/14/2025 4:00,13.61,156,SSE,20.22,0,0
3/14/2025 5:00,12.25,146,SE,19.24,0,0
3/14/2025 6:00,13.41,143,SE,20.41,0,0
3/14/2025 7:00,13.8,142,SE,21.58,0,0
3/14/2025 8:00,14.19,143,SE,19.44,0,0
3/14/2025 9:00,9.91,145,SE,19.63,0,0
3/14/2025 10:00,13.61,166,SSE,18.86,0,0
3/14/2025 11:00,4.47,159,SSE,5.25,0,0
3/14/2025 12:00,10.11,281,W,12.44,0,0
3/14/2025 13:00,13.22,313,NW,27.21,0,0
3/14/2025 14:00,6.61,323,NW,9.14,0,0
3/14/2025 15:00,9.72,279,W,15.36,0,0
3/14/2025 16:00,9.72,295,WNW,12.83,0,0
3/14/2025 17:00,15.94,308,NW,18.86,0,0
3/14/2025 18:00,10.11,286,WNW,13.8,0,0
3/14/2025 19:00,6.8,298,WNW,10.11,0,0
3/14/2025 20:00,6.03,295,WNW,8.75,0,0
3/14/2025 21:00,5.64,326,NW,8.36,0,0
3/14/2025 22:00,1.56,205,SSW,5.83,0,0
3/14/2025 23:00,7,286,WNW,11.08,0,0
3/15/2025 0:00,4.08,265,W,6.22,0,0
3/15/2025 1:00,4.67,269,W,6.41,0,0
3/15/2025 2:00,5.05,266,W,7,0,0
3/15/2025 3:00,5.25,258,WSW,7.19,0,0
3/15/2025 4:00,5.25,277,W,7.19,0,0
3/15/2025 5:00,3.69,230,SW,7,0,0
3/15/2025 6:00,3.89,212,SSW,6.03,0,0
3/15/2025 7:00,4.47,211,SSW,7.58,0,0
3/15/2025 8:00,3.89,210,SSW,6.22,0,0
3/15/2025 9:00,5.05,246,WSW,7.19,0,0
3/15/2025 10:00,3.11,225,SW,7.58,0,0
3/15/2025 11:00,8.36,244,WSW,10.69,0,0
3/15/2025 12:00,5.83,203,SSW,8.55,0,0
3/15/2025 13:00,5.83,210,SSW,8.94,0,0
3/15/2025 14:00,4.28,225,SW,7.97,0,0
3/15/2025 15:00,4.08,226,SW,7.19,0,0
3/15/2025 16:00,7,242,WSW,9.33,0,0
3/15/2025 17:00,6.61,237,WSW,11.08,0,0
3/15/2025 18:00,5.25,216,SW,7.78,0,0
3/15/2025 19:00,2.14,213,SSW,5.05,0,0
3/15/2025 20:00,3.5,216,SW,5.64,0,0
3/15/2025 21:00,3.69,214,SW,7,0,0
3/15/2025 22:00,5.64,193,SSW,7.39,0,0
3/15/2025 23:00,4.08,180,S,5.44,0,0
3/16/2025 0:00,1.56,137,SE,2.92,0,0
3/16/2025 1:00,3.5,135,SE,7.58,0,0
3/16/2025 2:00,8.55,138,SE,12.83,0,0
3/16/2025 3:00,10.3,142,SE,13.22,0,0
3/16/2025 4:00,8.55,140,SE,13.02,0,0
3/16/2025 5:00,7.97,145,SE,11.08,0,0
3/16/2025 6:00,7.58,141,SE,11.27,0,0
3/16/2025 7:00,8.16,158,SSE,11.27,0,0
3/16/2025 8:00,7.97,143,SE,12.05,0,0
3/16/2025 9:00,10.89,155,SSE,17.11,0,0
3/16/2025 10:00,14.58,163,SSE,18.66,0,0
3/16/2025 11:00,12.64,157,SSE,16.72,0,0
3/16/2025 12:00,11.27,185,S,16.52,0,0
3/16/2025 13:00,12.25,165,SSE,16.33,0,0
3/16/2025 14:00,16.33,160,SSE,21.58,0,0
3/16/2025 15:00,12.25,165,SSE,19.05,0,0
3/16/2025 16:00,15.16,165,SSE,19.24,0,0
3/16/2025 17:00,16.13,162,SSE,19.63,0,0
3/16/2025 18:00,14.77,169,S,20.6,0,0
3/16/2025 19:00,14.19,169,S,20.22,0,0
3/16/2025 20:00,14.38,164,SSE,20.02,0,0
3/16/2025 21:00,13.41,182,S,20.8,0,0
3/16/2025 22:00,5.83,266,W,13.02,0,0
3/16/2025 23:00,2.53,227,SW,5.64,0,0
3/17/2025 0:00,2.53,231,SW,7,0,0
3/17/2025 1:00,5.44,174,S,7.97,0,0
3/17/2025 2:00,7.19,175,S,10.89,0,0
3/17/2025 3:00,7.39,163,SSE,8.94,0,0
3/17/2025 4:00,6.41,170,S,9.91,0,0
3/17/2025 5:00,5.83,171,S,7.58,0,0
3/17/2025 6:00,4.67,189,S,8.36,0,0
3/17/2025 7:00,6.22,203,SSW,8.55,0,0
3/17/2025 8:00,4.28,209,SSW,8.36,0,0
3/17/2025 9:00,5.64,207,SSW,8.36,0,0
3/17/2025 10:00,9.14,230,SW,14.19,0,0
3/17/2025 11:00,4.86,254,WSW,11.66,0,0
3/17/2025 12:00,7.39,222,SW,14,0,0
3/17/2025 13:00,13.02,217,SW,19.63,0,0
3/17/2025 14:00,8.94,227,SW,17.11,0,0
3/17/2025 15:00,10.11,220,SW,17.11,0,0
3/17/2025 16:00,11.47,221,SW,18.27,0,0
3/17/2025 17:00,10.89,221,SW,21.58,0,0
3/17/2025 18:00,13.02,294,WNW,16.72,0,0
3/17/2025 19:00,12.83,321,NW,15.94,0,0
3/17/2025 20:00,14.19,312,NW,16.52,0,0
3/17/2025 21:00,13.22,310,NW,16.13,0,0
3/17/2025 22:00,16.52,324,NW,20.22,0,0
3/17/2025 23:00,9.52,307,NW,13.22,0,0
3/18/2025 0:00,10.3,300,WNW,13.8,0,0
3/18/2025 1:00,9.91,298,WNW,12.64,0,0
3/18/2025 2:00,7.39,294,WNW,11.86,0,0
3/18/2025 3:00,7.39,290,WNW,9.91,0,0
3/18/2025 4:00,8.55,306,NW,12.05,0,0
3/18/2025 5:00,8.94,319,NW,11.47,0,0
3/18/2025 6:00,7,340,NNW,8.55,0,0
3/18/2025 7:00,5.25,358,N,6.61,0,0
3/18/2025 8:00,7.58,342,NNW,9.91,0,0
3/18/2025 9:00,4.47,350,N,6.03,0,0
3/18/2025 10:00,6.8,338,NNW,8.36,0,0
3/18/2025 11:00,4.47,0,N,5.83,0,0
3/18/2025 12:00,3.89,326,NW,4.86,0,0
3/18/2025 13:00,1.17,244,WSW,3.3,0,0
3/18/2025 14:00,3.89,181,S,5.44,0,0
3/18/2025 15:00,4.67,190,S,6.8,0,0
3/18/2025 16:00,5.05,191,S,7.39,0,0
3/18/2025 17:00,5.83,188,S,7.97,0,0
3/18/2025 18:00,4.67,184,S,6.61,0,0
3/18/2025 19:00,7.58,307,NW,9.91,0,0
3/18/2025 20:00,8.16,305,NW,11.27,0,0
3/18/2025 21:00,9.33,324,NW,12.64,0,0
3/18/2025 22:00,8.16,303,WNW,10.3,0,0
3/18/2025 23:00,6.61,300,WNW,9.91,0,0
3/19/2025 0:00,2.33,316,NW,5.83,0,0
3/19/2025 1:00,0.58,116,ESE,1.94,0,0
3/19/2025 2:00,1.17,110,ESE,1.36,0,0
3/19/2025 3:00,1.36,63,ENE,2.33,0,0
3/19/2025 4:00,4.47,320,NW,5.05,0,0
3/19/2025 5:00,1.75,326,NW,2.53,0,0
3/19/2025 6:00,3.11,305,NW,4.08,0,0
3/19/2025 7:00,2.53,276,W,3.3,0,0
3/19/2025 8:00,2.33,313,NW,3.69,0,0
3/19/2025 9:00,0.78,233,SW,2.53,0,0
3/19/2025 10:00,2.72,327,NNW,3.11,0,0
3/19/2025 11:00,2.33,129,SE,4.47,0,0
3/19/2025 12:00,4.28,155,SSE,6.41,0,0
3/19/2025 13:00,5.25,181,S,8.75,0,0
3/19/2025 14:00,7.19,161,SSE,9.33,0,0
3/19/2025 15:00,4.28,213,SSW,7,0,0
3/19/2025 16:00,5.83,170,S,7.97,0,0
3/19/2025 17:00,6.22,220,SW,10.5,0,0
3/19/2025 18:00,7.19,205,SSW,11.66,0,0
3/19/2025 19:00,10.5,198,SSW,13.8,0,0
3/19/2025 20:00,9.72,200,SSW,15.16,0,0
3/19/2025 21:00,6.22,186,S,9.14,0,0
3/19/2025 22:00,8.94,204,SSW,14.19,0,0
3/19/2025 23:00,5.44,201,SSW,8.75,0,0
3/20/2025 0:00,7.78,329,NNW,9.52,0,0
3/20/2025 1:00,5.25,325,NW,6.61,0,0
3/20/2025 2:00,7.19,319,NW,8.55,0,0
3/20/2025 3:00,3.11,304,NW,5.25,0,0
3/20/2025 4:00,1.36,205,SSW,2.14,0,0
3/20/2025 5:00,3.89,313,NW,4.28,0,0
3/20/2025 6:00,3.69,341,NNW,4.67,0,0
3/20/2025 7:00,1.36,80,E,3.69,0,0
3/20/2025 8:00,3.11,358,N,4.86,0,0
3/20/2025 9:00,2.72,339,NNW,4.86,0,0
3/20/2025 10:00,4.67,342,NNW,5.64,0,0
3/20/2025 11:00,4.47,348,NNW,5.64,0,0
3/20/2025 12:00,7,354,N,9.91,0,0
3/20/2025 13:00,6.61,354,N,8.94,0,0
3/20/2025 14:00,4.67,313,NW,7.58,0,0
3/20/2025 15:00,5.44,180,S,7.58,0,0
3/20/2025 16:00,7,186,S,9.14,0,0
3/20/2025 17:00,4.47,178,S,5.64,0,0
3/20/2025 18:00,9.52,306,NW,12.05,0,0
3/20/2025 19:00,11.08,308,NW,15.75,0,0
3/20/2025 20:00,12.83,306,NW,15.75,0,0
3/20/2025 21:00,5.44,304,NW,9.91,0,0
3/20/2025 22:00,6.41,311,NW,10.11,0,0
3/20/2025 23:00,9.91,328,NNW,11.08,0,0
3/21/2025 0:00,7,317,NW,8.36,0,0
3/21/2025 1:00,6.8,310,NW,8.36,0,0
3/21/2025 2:00,5.83,309,NW,6.8,0,0
3/21/2025 3:00,3.11,348,NNW,5.05,0,0
3/21/2025 4:00,2.53,311,NW,4.28,0,0
3/21/2025 5:00,0.97,308,NW,1.75,0,0
3/21/2025 6:00,3.3,328,NNW,4.86,0,0
3/21/2025 7:00,3.89,318,NW,4.47,0,0
3/21/2025 8:00,2.33,87,E,3.3,0,0
3/21/2025 9:00,0.78,3,N,1.56,0,0
3/21/2025 10:00,3.11,162,SSE,3.69,0,0
3/21/2025 11:00,4.08,164,SSE,5.64,0,0
3/21/2025 12:00,4.47,180,S,6.61,0,0
3/21/2025 13:00,5.44,156,SSE,6.61,0,0
3/21/2025 14:00,5.64,166,SSE,7,0,0
3/21/2025 15:00,5.25,175,S,7.39,0,0
3/21/2025 16:00,2.33,181,S,4.08,0,0
3/21/2025 17:00,8.16,298,WNW,9.91,0,0
3/21/2025 18:00,9.72,318,NW,12.64,0,0
3/21/2025 19:00,10.3,299,WNW,14,0,0
3/21/2025 20:00,10.3,297,WNW,13.41,0,0
3/21/2025 21:00,4.86,310,NW,6.8,0,0
3/21/2025 22:00,7,294,WNW,10.69,0,0
3/21/2025 23:00,4.47,297,WNW,6.61,0,0
3/22/2025 0:00,6.03,317,NW,7.39,0,0
3/22/2025 1:00,3.3,313,NW,4.28,0,0
3/22/2025 2:00,7,308,NW,8.75,0,0
3/22/2025 3:00,6.8,298,WNW,9.14,0,0
3/22/2025 4:00,8.16,297,WNW,10.11,0,0
3/22/2025 5:00,9.14,297,WNW,11.27,0,0
3/22/2025 6:00,5.64,314,NW,8.16,0,0
3/22/2025 7:00,6.41,313,NW,8.94,0,0
3/22/2025 8:00,4.86,309,NW,7,0,0
3/22/2025 9:00,1.17,256,WSW,2.53,0,0
3/22/2025 10:00,5.64,162,SSE,6.8,0,0
3/22/2025 11:00,3.3,158,SSE,6.22,0,0
3/22/2025 12:00,5.44,298,WNW,7.78,0,0
3/22/2025 13:00,6.41,308,NW,9.14,0,0
3/22/2025 14:00,8.16,305,NW,11.47,0,0
3/22/2025 15:00,6.61,305,NW,7.97,0,0
3/22/2025 16:00,6.8,313,NW,9.91,0,0
3/22/2025 17:00,4.08,300,WNW,5.64,0,0
3/22/2025 18:00,8.55,306,NW,10.89,0,0
3/22/2025 19:00,7.58,307,NW,10.89,0,0
3/22/2025 20:00,6.03,302,WNW,10.3,0,0
3/22/2025 21:00,6.41,315,NW,9.33,0,0
3/22/2025 22:00,7.58,310,NW,10.69,0,0
3/22/2025 23:00,7,327,NNW,9.52,0,0
3/23/2025 0:00,4.86,303,WNW,6.41,0,0
3/23/2025 1:00,4.47,323,NW,4.86,0,0
3/23/2025 2:00,0,307,NW,1.36,0,0
3/23/2025 3:00,2.53,265,W,5.83,0,0
3/23/2025 4:00,4.28,291,WNW,5.25,0,0
3/23/2025 5:00,1.56,46,NE,2.53,0,0
3/23/2025 6:00,1.17,93,E,1.94,0,0
3/23/2025 7:00,0.19,116,ESE,1.36,0,0
3/23/2025 8:00,0.58,255,WSW,1.94,0,0
3/23/2025 9:00,1.75,130,SE,2.53,0,0
3/23/2025 10:00,5.25,158,SSE,6.22,0,0
3/23/2025 11:00,6.41,159,SSE,7.97,0,0
3/23/2025 12:00,6.22,157,SSE,7.58,0,0
3/23/2025 13:00,2.53,189,S,4.47,0,0
3/23/2025 14:00,6.61,183,S,8.75,0,0
3/23/2025 15:00,4.28,184,S,7,0,0
3/23/2025 16:00,5.25,163,SSE,8.16,0,0
3/23/2025 17:00,7.19,157,SSE,9.33,0,0
3/23/2025 18:00,2.92,139,SE,4.47,0,0
3/23/2025 19:00,2.53,126,SE,4.67,0,0
3/23/2025 20:00,2.92,124,SE,3.89,0,0
3/23/2025 21:00,0.39,257,WSW,2.53,0,0
3/23/2025 22:00,1.75,124,SE,2.92,0,0
3/23/2025 23:00,3.11,90,E,3.69,0,0
3/24/2025 0:00,0.58,142,SE,1.36,0,0
3/24/2025 1:00,2.33,123,ESE,3.3,0,0
3/24/2025 2:00,3.69,166,SSE,4.47,0,0
3/24/2025 3:00,0.78,174,S,1.17,0,0
3/24/2025 4:00,1.36,309,NW,1.94,0,0
3/24/2025 5:00,3.11,9,N,3.89,0,0
3/24/2025 6:00,1.36,325,NW,2.53,0,0
3/24/2025 7:00,4.08,330,NNW,4.67,0,0
3/24/2025 8:00,4.47,314,NW,5.44,0,0
3/24/2025 9:00,5.05,336,NNW,5.44,0,0
3/24/2025 10:00,9.33,320,NW,10.5,0,0
3/24/2025 11:00,3.11,22,NNE,7.19,0,0
3/24/2025 12:00,4.67,24,NNE,9.72,0,0
3/24/2025 13:00,6.03,53,NE,12.83,0,0
3/24/2025 14:00,5.25,63,ENE,13.22,0,0
3/24/2025 15:00,9.14,50,NE,12.44,0,0
3/24/2025 16:00,10.11,48,NE,12.64,0,0
3/24/2025 17:00,7.19,43,NE,10.11,0,0
3/24/2025 18:00,6.8,28,NNE,7.78,0,0
3/24/2025 19:00,5.44,47,NE,7.58,0,0
3/24/2025 20:00,6.22,317,NW,6.8,0,0
3/24/2025 21:00,4.47,341,NNW,6.22,0,0
3/24/2025 22:00,1.36,350,N,2.14,0,0
3/24/2025 23:00,1.17,16,NNE,2.53,0,0
3/25/2025 0:00,0.39,319,NW,1.94,0,0
3/25/2025 1:00,4.47,315,NW,5.25,0,0
3/25/2025 2:00,6.03,333,NNW,6.61,0,0
3/25/2025 3:00,4.67,315,NW,6.03,0,0
3/25/2025 4:00,3.5,329,NNW,4.28,0,0
3/25/2025 5:00,3.89,338,NNW,5.64,0,0
3/25/2025 6:00,4.86,329,NNW,5.44,0,0
3/25/2025 7:00,5.44,319,NW,6.41,0,0
3/25/2025 8:00,4.86,322,NW,5.05,0,0
3/25/2025 9:00,5.44,322,NW,7,0,0
3/25/2025 10:00,6.61,317,NW,7.19,0,0
3/25/2025 11:00,4.08,306,NW,5.44,0,0
3/25/2025 12:00,5.44,315,NW,8.16,0,0
3/25/2025 13:00,9.33,351,N,10.89,0,0
3/25/2025 14:00,6.41,318,NW,7.58,0,0
3/25/2025 15:00,4.08,260,W,7.39,0,0
3/25/2025 16:00,4.67,242,WSW,7.97,0,0
3/25/2025 17:00,0.78,151,SSE,2.72,0,0
3/25/2025 18:00,2.33,121,ESE,3.3,0,0
3/25/2025 19:00,0.58,149,SSE,3.3,0,0
3/25/2025 20:00,2.92,213,SSW,4.47,0,0
3/25/2025 21:00,5.64,232,SW,9.52,0,0
3/25/2025 22:00,3.89,241,WSW,8.16,0,0
3/25/2025 23:00,3.3,236,SW,5.64,0,0
3/26/2025 0:00,4.47,257,WSW,7.97,0,0
3/26/2025 1:00,3.89,290,WNW,7.19,0,0
3/26/2025 2:00,4.67,242,WSW,8.16,0,0
3/26/2025 3:00,6.8,218,SW,12.44,0,0
3/26/2025 4:00,7.58,213,SSW,10.3,0,0
3/26/2025 5:00,5.44,228,SW,12.25,0,0
3/26/2025 6:00,6.61,229,SW,14.38,0,0
3/26/2025 7:00,10.11,215,SW,13.61,0,0
3/26/2025 8:00,13.61,202,SSW,21.38,0,0
3/26/2025 9:00,9.72,188,S,15.16,0,0
3/26/2025 10:00,11.66,210,SSW,19.63,0,0
3/26/2025 11:00,8.75,194,SSW,15.75,0,0
3/26/2025 12:00,11.08,188,S,20.22,0,0
3/26/2025 13:00,9.72,196,SSW,13.8,0,0
3/26/2025 14:00,8.55,207,SSW,15.36,0,0
3/26/2025 15:00,10.3,192,SSW,17.3,0,0
3/26/2025 16:00,8.36,192,SSW,14.58,0,0
3/26/2025 17:00,8.36,193,SSW,15.75,0,0
3/26/2025 18:00,6.22,174,S,14.97,0,0
3/26/2025 19:00,7,164,SSE,10.3,0,0
3/26/2025 20:00,4.47,181,S,8.75,0,0
3/26/2025 21:00,6.22,181,S,10.5,0,0
3/26/2025 22:00,7.39,180,S,11.47,0,0
3/26/2025 23:00,6.8,184,S,12.64,0,0
3/27/2025 0:00,10.5,177,S,15.94,0,0
3/27/2025 1:00,11.47,182,S,13.8,0,0
3/27/2025 2:00,9.14,189,S,12.44,0,0
3/27/2025 3:00,10.3,198,SSW,14.58,0,0
3/27/2025 4:00,10.69,194,SSW,17.11,0,0
3/27/2025 5:00,8.36,192,SSW,12.05,0,0
3/27/2025 6:00,9.33,164,SSE,11.08,0,0
3/27/2025 7:00,7.39,174,S,10.5,0,0
3/27/2025 8:00,8.75,161,SSE,11.86,0,0
3/27/2025 9:00,8.75,161,SSE,12.25,0,0
3/27/2025 10:00,11.47,162,SSE,14.38,0,0
3/27/2025 11:00,8.16,161,SSE,12.25,0,0
3/27/2025 12:00,6.41,181,S,14.19,0,0
3/27/2025 13:00,8.36,218,SW,15.16,0,0
3/27/2025 14:00,3.69,161,SSE,7.39,0,0
3/27/2025 15:00,7.19,191,S,12.05,0,0
3/27/2025 16:00,7.58,188,S,14,0,0
3/27/2025 17:00,6.8,226,SW,13.8,0,0
3/27/2025 18:00,6.41,189,S,12.83,0,0
3/27/2025 19:00,6.41,190,S,10.3,0,0
3/27/2025 20:00,6.41,186,S,11.08,0,0
3/27/2025 21:00,5.83,165,SSE,10.69,0,0
3/27/2025 22:00,7.19,186,S,13.8,0,0
3/27/2025 23:00,5.64,220,SW,12.05,0,0
3/28/2025 0:00,5.44,182,S,8.75,0,0
3/28/2025 1:00,4.08,193,SSW,6.8,0,0
3/28/2025 2:00,5.44,195,SSW,10.5,0,0
3/28/2025 3:00,5.64,224,SW,10.3,0,0
3/28/2025 4:00,2.72,249,WSW,6.41,0,0
3/28/2025 5:00,4.28,258,WSW,8.75,0,0
3/28/2025 6:00,4.67,243,WSW,8.94,0,0
3/28/2025 7:00,1.94,227,SW,3.5,0,0
3/28/2025 8:00,7.19,310,NW,9.14,0,0
3/28/2025 9:00,2.33,226,SW,4.86,0,0
3/28/2025 10:00,3.11,243,WSW,5.25,0,0
3/28/2025 11:00,7.39,298,WNW,10.89,0,0
3/28/2025 12:00,7,289,WNW,10.5,0,0
3/28/2025 13:00,4.08,283,WNW,7.39,0,0
3/28/2025 14:00,5.64,271,W,9.52,0,0
3/28/2025 15:00,8.94,251,WSW,20.8,0,0
3/28/2025 16:00,5.25,228,SW,10.69,0,0
3/28/2025 17:00,5.44,218,SW,7.39,0,0
3/28/2025 18:00,5.64,227,SW,9.91,0,0
3/28/2025 19:00,7.19,254,WSW,10.69,0,0
3/28/2025 20:00,6.03,279,W,10.11,0,0
3/28/2025 21:00,6.03,283,WNW,8.75,0,0
3/28/2025 22:00,4.47,244,WSW,8.36,0,0
3/28/2025 23:00,5.25,276,W,8.36,0,0
3/29/2025 0:00,5.83,292,WNW,9.33,0,0
3/29/2025 1:00,3.11,304,NW,5.83,0,0
3/29/2025 2:00,6.41,289,WNW,8.36,0,0
3/29/2025 3:00,6.03,299,WNW,10.11,0,0
3/29/2025 4:00,7.19,290,WNW,9.14,0,0
3/29/2025 5:00,7.97,306,NW,10.5,0,0
3/29/2025 6:00,2.92,6,N,3.5,0,0
3/29/2025 7:00,5.44,336,NNW,6.22,0,0
3/29/2025 8:00,3.11,329,NNW,4.08,0,0
3/29/2025 9:00,2.92,334,NNW,4.28,0,0
3/29/2025 10:00,2.92,336,NNW,6.03,0,0
3/29/2025 11:00,2.72,317,NW,3.3,0,0
3/29/2025 12:00,4.67,284,WNW,5.83,0,0
3/29/2025 13:00,4.67,161,SSE,6.8,0,0
3/29/2025 14:00,6.03,182,S,9.14,0,0
3/29/2025 15:00,3.89,196,SSW,7.39,0,0
3/29/2025 16:00,1.75,211,SSW,6.8,0,0
3/29/2025 17:00,2.53,235,SW,5.83,0,0
3/29/2025 18:00,1.75,271,W,8.36,0,0
3/29/2025 19:00,3.69,264,W,8.36,0,0
3/29/2025 20:00,4.28,273,W,7.97,0,0
3/29/2025 21:00,2.33,205,SSW,3.69,0,0
3/29/2025 22:00,7.78,160,SSE,9.91,0,0
3/29/2025 23:00,6.8,189,S,10.89,0,0
3/30/2025 0:00,6.61,177,S,10.89,0,0
3/30/2025 1:00,6.8,172,S,9.72,0,0
3/30/2025 2:00,9.33,158,SSE,11.86,0,0
3/30/2025 3:00,5.83,143,SE,11.86,0,0
3/30/2025 4:00,7,140,SE,12.25,0,0
3/30/2025 5:00,5.83,125,SE,11.66,0,0
3/30/2025 6:00,9.33,135,SE,14.38,0,0
3/30/2025 7:00,12.44,141,SE,19.05,0,0
3/30/2025 8:00,12.83,155,SSE,20.22,0,0
3/30/2025 9:00,14.77,159,SSE,22.55,0,0
3/30/2025 10:00,17.11,161,SSE,20.99,0,0
3/30/2025 11:00,14,157,SSE,20.22,0,0
3/30/2025 12:00,12.44,165,SSE,20.8,0,0
3/30/2025 13:00,11.66,186,S,20.8,0,0
3/30/2025 14:00,14.58,200,SSW,21.19,0,0
3/30/2025 15:00,13.02,205,SSW,19.05,0,0
3/30/2025 16:00,15.16,205,SSW,22.74,0,0
3/30/2025 17:00,11.66,196,SSW,15.94,0,0
3/30/2025 18:00,10.89,201,SSW,14.38,0,0
3/30/2025 19:00,7.39,196,SSW,11.86,0,0
3/30/2025 20:00,7.78,187,S,11.47,0,0
3/30/2025 21:00,8.94,188,S,12.44,0,0
3/30/2025 22:00,8.94,182,S,14,0,0
3/30/2025 23:00,7.58,182,S,10.69,0,0
3/31/2025 0:00,9.72,171,S,14,0,0
3/31/2025 1:00,9.14,178,S,11.47,0,0
3/31/2025 2:00,7.78,187,S,14.38,0,0
3/31/2025 3:00,8.55,265,W,13.8,0,0
3/31/2025 4:00,4.47,202,SSW,7.58,0,0
3/31/2025 5:00,3.89,202,SSW,6.03,0,0
3/31/2025 6:00,7,205,SSW,10.69,0,0
3/31/2025 7:00,6.8,211,SSW,10.89,0,0
3/31/2025 8:00,6.22,204,SSW,8.55,0,0
3/31/2025 9:00,6.03,236,SW,9.33,0,0
3/31/2025 10:00,8.55,276,W,11.47,0,0
3/31/2025 11:00,7.39,220,SW,13.61,0,0
3/31/2025 12:00,9.91,240,WSW,14.38,0,0
3/31/2025 13:00,8.55,230,SW,12.83,0,0
3/31/2025 14:00,8.94,235,SW,15.36,0,0
3/31/2025 15:00,10.5,231,SW,17.11,0,0
3/31/2025 16:00,6.22,257,WSW,13.22,0,0
3/31/2025 17:00,6.22,223,SW,10.69,0,0
3/31/2025 18:00,9.52,238,WSW,12.83,0,0
3/31/2025 19:00,5.44,269,W,9.72,0,0
3/31/2025 20:00,7,267,W,11.66,0,0
3/31/2025 21:00,7.39,274,W,11.66,0,0
3/31/2025 22:00,10.11,273,W,15.55,0,0
3/31/2025 23:00,8.16,247,WSW,15.16,0,0
4/1/2025 0:00,7.39,239,WSW,10.69,0,0
4/1/2025 1:00,6.61,235,SW,11.86,0,0
4/1/2025 2:00,5.44,221,SW,10.89,0,0
4/1/2025 3:00,7.19,231,SW,13.02,0,0
4/1/2025 4:00,8.94,236,SW,18.08,0,0
4/1/2025 5:00,5.64,240,WSW,9.33,0,0
4/1/2025 6:00,6.03,251,WSW,10.3,0,0
4/1/2025 7:00,8.75,272,W,13.22,0,0
4/1/2025 8:00,6.41,240,WSW,10.69,0,0
4/1/2025 9:00,5.25,284,WNW,6.61,0,0
4/1/2025 10:00,4.08,311,NW,6.22,0,0
4/1/2025 11:00,6.41,251,WSW,13.22,0,0
4/1/2025 12:00,8.36,271,W,11.86,0,0
4/1/2025 13:00,12.83,279,W,15.94,0,0
4/1/2025 14:00,11.86,282,WNW,15.36,0,0
4/1/2025 15:00,10.5,274,W,17.69,0,0
4/1/2025 16:00,11.27,268,W,18.08,0,0
4/1/2025 17:00,9.33,290,WNW,18.66,0,0
4/1/2025 18:00,11.27,285,WNW,14.77,0,0
4/1/2025 19:00,12.05,285,WNW,18.66,0,0
4/1/2025 20:00,12.64,297,WNW,18.27,0,0
4/1/2025 21:00,8.94,292,WNW,12.44,0,0
4/1/2025 22:00,12.44,308,NW,18.47,0,0
4/1/2025 23:00,11.27,297,WNW,14.97,0,0
4/2/2025 0:00,8.55,306,NW,10.69,0,0
4/2/2025 1:00,12.44,317,NW,14.97,0,0
4/2/2025 2:00,12.83,323,NW,16.13,0,0
4/2/2025 3:00,11.27,323,NW,15.94,0,0
4/2/2025 4:00,10.89,319,NW,14.58,0,0
4/2/2025 5:00,6.8,304,NW,9.72,0,0
4/2/2025 6:00,7.78,320,NW,8.94,0,0
4/2/2025 7:00,4.08,339,NNW,5.25,0,0
4/2/2025 8:00,6.61,314,NW,7.97,0,0
4/2/2025 9:00,6.41,299,WNW,10.11,0,0
4/2/2025 10:00,4.08,341,NNW,6.61,0,0
4/2/2025 11:00,3.89,327,NNW,5.64,0,0
4/2/2025 12:00,1.94,348,NNW,4.86,0,0
4/2/2025 13:00,5.44,166,SSE,8.75,0,0
4/2/2025 14:00,6.8,164,SSE,7.97,0,0
4/2/2025 15:00,3.11,161,SSE,4.67,0,0
4/2/2025 16:00,4.47,313,NW,6.41,0,0
4/2/2025 17:00,8.94,300,WNW,11.66,0,0
4/2/2025 18:00,9.52,306,NW,11.47,0,0
4/2/2025 19:00,14,305,NW,18.47,0,0
4/2/2025 20:00,13.22,294,WNW,17.88,0,0
4/2/2025 21:00,13.02,297,WNW,17.69,0,0
4/2/2025 22:00,9.14,292,WNW,12.44,0,0
4/2/2025 23:00,6.61,290,WNW,9.14,0,0
4/3/2025 0:00,4.47,303,WNW,6.41,0,0
4/3/2025 1:00,4.28,290,WNW,5.44,0,0
4/3/2025 2:00,5.64,324,NW,6.61,0,0
4/3/2025 3:00,5.83,314,NW,7.39,0,0
4/3/2025 4:00,2.53,20,NNE,3.3,0,0
4/3/2025 5:00,1.17,22,NNE,2.53,0,0
4/3/2025 6:00,5.05,296,WNW,6.8,0,0
4/3/2025 7:00,4.08,304,NW,5.25,0,0
4/3/2025 8:00,1.94,312,NW,2.53,0,0
4/3/2025 9:00,2.53,87,E,4.08,0,0
4/3/2025 10:00,0.58,236,SW,1.36,0,0
4/3/2025 11:00,3.69,161,SSE,4.67,0,0
4/3/2025 12:00,3.5,203,SSW,5.05,0,0
4/3/2025 13:00,2.72,153,SSE,3.89,0,0
4/3/2025 14:00,5.05,192,SSW,8.16,0,0
4/3/2025 15:00,5.05,227,SW,9.14,0,0
4/3/2025 16:00,5.44,206,SSW,11.47,0,0
4/3/2025 17:00,2.33,197,SSW,6.22,0,0
4/3/2025 18:00,3.11,270,W,6.03,0,0
4/3/2025 19:00,8.36,323,NW,10.11,0,0
4/3/2025 20:00,10.11,321,NW,13.22,0,0
4/3/2025 21:00,7,310,NW,8.94,0,0
4/3/2025 22:00,8.16,339,NNW,10.11,0,0
4/3/2025 23:00,7.58,321,NW,9.33,0,0
4/4/2025 0:00,3.5,296,WNW,4.67,0,0
4/4/2025 1:00,1.94,163,SSE,2.33,0,0
4/4/2025 2:00,2.72,168,SSE,3.69,0,0
4/4/2025 3:00,2.33,278,W,3.3,0,0
4/4/2025 4:00,1.17,293,WNW,1.56,0,0
4/4/2025 5:00,3.69,319,NW,4.08,0,0
4/4/2025 6:00,0.58,86,E,1.75,0,0
4/4/2025 7:00,3.3,295,WNW,4.47,0,0
4/4/2025 8:00,3.89,284,WNW,5.44,0,0
4/4/2025 9:00,0,332,NNW,0.58,0,0
4/4/2025 10:00,1.36,187,S,2.14,0,0
4/4/2025 11:00,1.56,197,SSW,2.33,0,0
4/4/2025 12:00,2.72,236,SW,3.5,0,0
4/4/2025 13:00,5.05,312,NW,7.39,0,0
4/4/2025 14:00,5.83,271,W,7.39,0,0
4/4/2025 15:00,5.05,313,NW,8.55,0,0
4/4/2025 16:00,5.64,35,NE,9.33,0,0
4/4/2025 17:00,4.86,300,WNW,5.83,0,0
4/4/2025 18:00,6.61,237,WSW,10.11,0,0
4/4/2025 19:00,8.94,314,NW,11.47,0,0
4/4/2025 20:00,8.36,312,NW,10.69,0,0
4/4/2025 21:00,3.3,309,NW,4.67,0,0
4/4/2025 22:00,5.05,311,NW,6.61,0,0
4/4/2025 23:00,0.97,313,NW,1.94,0,0
4/5/2025 0:00,3.11,147,SSE,5.25,0,0
4/5/2025 1:00,4.28,194,SSW,6.41,0,0
4/5/2025 2:00,1.94,221,SW,3.3,0,0
4/5/2025 3:00,0.19,267,W,0.78,0,0
4/5/2025 4:00,2.72,192,SSW,3.69,0,0
4/5/2025 5:00,3.89,189,S,6.41,0,0
4/5/2025 6:00,2.33,200,SSW,3.11,0,0
4/5/2025 7:00,2.53,203,SSW,4.47,0,0
4/5/2025 8:00,0.78,249,WSW,1.75,0,0
4/5/2025 9:00,1.56,255,WSW,2.92,0,0
4/5/2025 10:00,2.14,136,SE,3.89,0,0
4/5/2025 11:00,3.69,182,S,5.83,0,0
4/5/2025 12:00,3.11,170,S,3.69,0,0
4/5/2025 13:00,1.75,118,ESE,2.72,0,0
4/5/2025 14:00,3.3,178,S,5.25,0,0
4/5/2025 15:00,4.86,155,SSE,6.41,0,0
4/5/2025 16:00,3.89,209,SSW,5.44,0,0
4/5/2025 17:00,4.86,208,SSW,7.39,0,0
4/5/2025 18:00,6.03,172,S,8.36,0,0
4/5/2025 19:00,2.92,122,ESE,4.47,0,0
4/5/2025 20:00,2.33,99,E,3.3,0,0
4/5/2025 21:00,2.14,78,ENE,4.67,0,0
4/5/2025 22:00,4.86,358,N,7.19,0,0
4/5/2025 23:00,2.14,142,SE,3.11,0,0
4/6/2025 0:00,3.89,170,S,5.05,0,0
4/6/2025 1:00,4.08,165,SSE,7.58,0,0
4/6/2025 2:00,4.28,202,SSW,7,0,0
4/6/2025 3:00,5.64,192,SSW,7.58,0,0
4/6/2025 4:00,5.25,176,S,9.33,0,0
4/6/2025 5:00,2.53,258,WSW,3.69,0,0
4/6/2025 6:00,0.97,320,NW,1.75,0,0
4/6/2025 7:00,3.11,284,WNW,4.47,0,0
4/6/2025 8:00,2.53,302,WNW,4.08,0,0
4/6/2025 9:00,1.17,352,N,2.33,0,0
4/6/2025 10:00,0.19,155,SSE,2.53,0,0
4/6/2025 11:00,2.33,149,SSE,4.08,0,0
4/6/2025 12:00,1.75,118,ESE,2.33,0,0
4/6/2025 13:00,4.08,170,S,5.44,0,0
4/6/2025 14:00,6.03,174,S,9.14,0,0
4/6/2025 15:00,5.25,169,S,7,0,0
4/6/2025 16:00,5.64,190,S,8.55,0,0
4/6/2025 17:00,1.94,191,S,8.94,0,0
4/6/2025 18:00,5.44,132,SE,9.72,0,0
4/6/2025 19:00,,,,,1,1
4/6/2025 20:00,,,,,1,1
4/6/2025 21:00,8.16,196,SSW,14.38,0,0
4/6/2025 22:00,4.28,178,S,5.83,0,0
4/6/2025 23:00,6.8,186,S,11.08,0,0
4/7/2025 0:00,8.36,203,SSW,11.86,0,0
4/7/2025 1:00,7.39,163,SSE,10.11,0,0
4/7/2025 2:00,5.64,181,S,8.75,0,0
4/7/2025 3:00,8.16,166,SSE,10.89,0,0
4/7/2025 4:00,9.33,159,SSE,12.83,0,0
4/7/2025 5:00,5.83,148,SSE,12.25,0,0
4/7/2025 6:00,8.55,157,SSE,11.08,0,0
4/7/2025 7:00,3.11,139,SE,6.22,0,0
4/7/2025 8:00,4.47,158,SSE,8.94,0,0
4/7/2025 9:00,3.11,211,SSW,4.86,0,0
4/7/2025 10:00,3.5,199,SSW,5.05,0,0
4/7/2025 11:00,4.08,179,S,6.03,0,0
4/7/2025 12:00,6.22,189,S,7.97,0,0
4/7/2025 13:00,4.67,170,S,7.58,0,0
4/7/2025 14:00,6.41,189,S,9.14,0,0
4/7/2025 15:00,5.64,154,SSE,7.78,0,0
4/7/2025 16:00,6.8,223,SW,10.5,0,0
4/7/2025 17:00,8.75,227,SW,12.83,0,0
4/7/2025 18:00,6.41,208,SSW,10.69,0,0
4/7/2025 19:00,4.86,211,SSW,7.78,0,0
4/7/2025 20:00,4.67,340,NNW,7,0,0
4/7/2025 21:00,4.86,306,NW,6.22,0,0
4/7/2025 22:00,4.67,196,SSW,6.22,0,0
4/7/2025 23:00,2.33,243,WSW,3.5,0,0
4/8/2025 0:00,1.17,257,WSW,1.56,0,0
4/8/2025 1:00,4.86,318,NW,6.03,0,0
4/8/2025 2:00,3.5,298,WNW,4.08,0,0
4/8/2025 3:00,3.89,299,WNW,5.05,0,0
4/8/2025 4:00,3.3,304,NW,4.28,0,0
4/8/2025 5:00,1.94,305,NW,2.14,0,0
4/8/2025 6:00,1.75,323,NW,2.92,0,0
4/8/2025 7:00,0.39,227,SW,1.56,0,0
4/8/2025 8:00,1.75,205,SSW,2.33,0,0
4/8/2025 9:00,2.14,317,NW,3.5,0,0
4/8/2025 10:00,4.28,159,SSE,4.67,0,0
4/8/2025 11:00,4.67,156,SSE,6.22,0,0
4/8/2025 12:00,5.05,161,SSE,6.03,0,0
4/8/2025 13:00,6.41,193,SSW,8.16,0,0
4/8/2025 14:00,6.61,188,S,9.72,0,0
4/8/2025 15:00,4.47,210,SSW,8.94,0,0
4/8/2025 16:00,3.89,205,SSW,6.8,0,0
4/8/2025 17:00,4.08,188,S,5.05,0,0
4/8/2025 18:00,4.08,182,S,5.64,0,0
4/8/2025 19:00,2.14,233,SW,3.5,0,0
4/8/2025 20:00,11.66,310,NW,14.38,0,0
4/8/2025 21:00,7.78,308,NW,11.66,0,0
4/8/2025 22:00,7.58,308,NW,9.52,0,0
4/8/2025 23:00,4.67,318,NW,5.64,0,0
4/9/2025 0:00,1.56,337,NNW,2.33,0,0
4/9/2025 1:00,2.14,159,SSE,2.72,0,0
4/9/2025 2:00,1.36,81,E,2.14,0,0
4/9/2025 3:00,1.56,146,SE,2.92,0,0
4/9/2025 4:00,3.5,160,SSE,4.47,0,0
4/9/2025 5:00,1.56,151,SSE,3.3,0,0
4/9/2025 6:00,0.39,108,ESE,1.17,0,0
4/9/2025 7:00,3.69,317,NW,5.05,0,0
4/9/2025 8:00,2.92,322,NW,4.08,0,0
4/9/2025 9:00,2.33,322,NW,2.72,0,0
4/9/2025 10:00,6.03,316,NW,6.41,0,0
4/9/2025 11:00,7.19,320,NW,7.39,0,0
4/9/2025 12:00,7.39,316,NW,8.36,0,0
4/9/2025 13:00,7,315,NW,7.58,0,0
4/9/2025 14:00,3.5,276,W,6.03,0,0
4/9/2025 15:00,,,,,1,1
4/9/2025 16:00,5.83,196,SSW,7,0,0
4/9/2025 17:00,3.11,190,S,5.25,0,0
4/9/2025 18:00,2.33,142,SE,5.44,0,0
4/9/2025 19:00,2.14,122,ESE,3.5,0,0
4/9/2025 20:00,2.72,132,SE,4.28,0,0
4/9/2025 21:00,0,222,SW,3.3,0,0
4/9/2025 22:00,2.33,143,SE,3.69,0,0
4/9/2025 23:00,2.53,153,SSE,3.69,0,0
4/10/2025 0:00,3.89,191,S,5.83,0,0
4/10/2025 1:00,2.33,156,SSE,3.69,0,0
4/10/2025 2:00,3.89,157,SSE,5.25,0,0
4/10/2025 3:00,4.67,193,SSW,7,0,0
4/10/2025 4:00,3.69,187,S,5.44,0,0
4/10/2025 5:00,3.89,189,S,7.19,0,0
4/10/2025 6:00,3.3,296,WNW,4.86,0,0
4/10/2025 7:00,3.89,289,WNW,5.64,0,0
4/10/2025 8:00,4.67,325,NW,6.03,0,0
4/10/2025 9:00,2.92,20,NNE,4.28,0,0
4/10/2025 10:00,2.72,134,SE,7.39,0,0
4/10/2025 11:00,6.61,165,SSE,8.16,0,0
4/10/2025 12:00,5.25,167,SSE,8.36,0,0
4/10/2025 13:00,6.22,190,S,7.97,0,0
4/10/2025 14:00,6.22,172,S,8.16,0,0
4/10/2025 15:00,1.94,170,S,3.11,0,0
4/10/2025 16:00,2.72,169,S,4.08,0,0
4/10/2025 17:00,7.97,308,NW,10.89,0,0
4/10/2025 18:00,9.91,307,NW,12.44,0,0
4/10/2025 19:00,9.52,313,NW,12.25,0,0
4/10/2025 20:00,9.52,312,NW,11.66,0,0
4/10/2025 21:00,7.58,328,NNW,9.91,0,0
4/10/2025 22:00,2.53,181,S,6.22,0,0
4/10/2025 23:00,2.14,154,SSE,2.92,0,0
4/11/2025 0:00,5.25,181,S,8.55,0,0
4/11/2025 1:00,3.69,167,SSE,5.83,0,0
4/11/2025 2:00,3.89,171,S,8.55,0,0
4/11/2025 3:00,2.53,176,S,6.03,0,0
4/11/2025 4:00,2.14,93,E,6.8,0,0
4/11/2025 5:00,5.83,191,S,7.19,0,0
4/11/2025 6:00,4.86,172,S,6.41,0,0
4/11/2025 7:00,6.22,165,SSE,7.39,0,0
4/11/2025 8:00,1.56,171,S,2.53,0,0
4/11/2025 9:00,5.05,141,SE,7.58,0,0
4/11/2025 10:00,8.94,162,SSE,10.89,0,0
4/11/2025 11:00,4.08,184,S,8.16,0,0
4/11/2025 12:00,7.58,187,S,10.89,0,0
4/11/2025 13:00,2.92,138,SE,6.61,0,0
4/11/2025 14:00,3.11,139,SE,6.03,0,0
4/11/2025 15:00,4.28,134,SE,10.3,0,0
4/11/2025 16:00,4.67,325,NW,5.83,0,0
4/11/2025 17:00,7.19,317,NW,9.14,0,0
4/11/2025 18:00,3.3,118,ESE,3.89,0,0
4/11/2025 19:00,7.78,313,NW,12.83,0,0
4/11/2025 20:00,9.91,291,WNW,14.77,0,0
4/11/2025 21:00,7,324,NW,9.52,0,0
4/11/2025 22:00,4.67,301,WNW,6.8,0,0
4/11/2025 23:00,2.53,143,SE,4.08,0,0
4/12/2025 0:00,4.28,169,S,6.03,0,0
4/12/2025 1:00,1.94,136,SE,3.89,0,0
4/12/2025 2:00,1.75,76,ENE,3.3,0,0
4/12/2025 3:00,9.14,304,NW,11.47,0,0
4/12/2025 4:00,5.05,280,W,6.61,0,0
4/12/2025 5:00,7.39,318,NW,9.52,0,0
4/12/2025 6:00,8.94,322,NW,10.3,0,0
4/12/2025 7:00,6.61,314,NW,9.91,0,0
4/12/2025 8:00,6.8,302,WNW,8.94,0,0
4/12/2025 9:00,4.47,279,W,5.64,0,0
4/12/2025 10:00,2.14,149,SSE,3.69,0,0
4/12/2025 11:00,3.89,159,SSE,5.05,0,0
4/12/2025 12:00,5.05,169,S,6.8,0,0
4/12/2025 13:00,6.8,170,S,10.69,0,0
4/12/2025 14:00,5.44,187,S,7.97,0,0
4/12/2025 15:00,7,182,S,10.11,0,0
4/12/2025 16:00,6.61,182,S,9.14,0,0
4/12/2025 17:00,6.61,159,SSE,8.94,0,0
4/12/2025 18:00,7.58,160,SSE,10.5,0,0
4/12/2025 19:00,9.33,159,SSE,11.27,0,0
4/12/2025 20:00,6.03,166,SSE,8.94,0,0
4/12/2025 21:00,5.05,139,SE,7.19,0,0
4/12/2025 22:00,9.33,168,SSE,13.02,0,0
4/12/2025 23:00,6.8,181,S,10.11,0,0
4/13/2025 0:00,8.16,189,S,11.47,0,0
4/13/2025 1:00,8.75,193,SSW,12.05,0,0
4/13/2025 2:00,4.28,201,SSW,7.39,0,0
4/13/2025 3:00,6.61,200,SSW,8.16,0,0
4/13/2025 4:00,4.67,189,S,7.19,0,0
4/13/2025 5:00,4.08,189,S,5.44,0,0
4/13/2025 6:00,2.92,187,S,5.25,0,0
4/13/2025 7:00,3.69,165,SSE,6.03,0,0
4/13/2025 8:00,3.5,187,S,4.47,0,0
4/13/2025 9:00,2.92,144,SE,5.44,0,0
4/13/2025 10:00,2.72,143,SE,4.47,0,0
4/13/2025 11:00,3.69,153,SSE,4.86,0,0
4/13/2025 12:00,2.14,175,S,3.11,0,0
4/13/2025 13:00,3.11,272,W,4.28,0,0
4/13/2025 14:00,5.83,250,WSW,7.58,0,0
4/13/2025 15:00,3.11,275,W,4.28,0,0
4/13/2025 16:00,2.14,281,W,3.11,0,0
4/13/2025 17:00,2.72,129,SE,5.05,0,0
4/13/2025 18:00,1.36,147,SSE,3.11,0,0
4/13/2025 19:00,3.3,89,E,4.28,0,0
4/13/2025 20:00,2.14,112,ESE,4.47,0,0
4/13/2025 21:00,3.11,141,SE,4.47,0,0
4/13/2025 22:00,4.08,165,SSE,5.05,0,0
4/13/2025 23:00,2.72,165,SSE,5.25,0,0
4/14/2025 0:00,4.28,159,SSE,6.8,0,0
4/14/2025 1:00,3.3,172,S,6.41,0,0
4/14/2025 2:00,3.3,184,S,4.67,0,0
4/14/2025 3:00,2.72,203,SSW,4.67,0,0
4/14/2025 4:00,0.58,180,S,1.36,0,0
4/14/2025 5:00,1.56,87,E,2.53,0,0
4/14/2025 6:00,1.75,166,SSE,2.53,0,0
4/14/2025 7:00,2.53,199,SSW,4.67,0,0
4/14/2025 8:00,4.28,182,S,6.8,0,0
4/14/2025 9:00,3.5,199,SSW,5.44,0,0
4/14/2025 10:00,5.05,162,SSE,6.41,0,0
4/14/2025 11:00,2.92,159,SSE,4.08,0,0
4/14/2025 12:00,5.83,188,S,8.36,0,0
4/14/2025 13:00,3.69,181,S,4.86,0,0
4/14/2025 14:00,7,187,S,9.14,0,0
4/14/2025 15:00,5.83,217,SW,9.52,0,0
4/14/2025 16:00,4.47,232,SW,7.19,0,0
4/14/2025 17:00,5.44,239,WSW,9.91,0,0
4/14/2025 18:00,3.11,278,W,5.25,0,0
4/14/2025 19:00,2.53,239,WSW,7.78,0,0
4/14/2025 20:00,8.36,234,SW,12.83,0,0
4/14/2025 21:00,7.19,205,SSW,12.64,0,0
4/14/2025 22:00,5.83,230,SW,10.3,0,0
4/14/2025 23:00,6.22,230,SW,9.33,0,0
4/15/2025 0:00,6.8,238,WSW,10.89,0,0
4/15/2025 1:00,4.28,228,SW,7.19,0,0
4/15/2025 2:00,5.44,228,SW,8.94,0,0
4/15/2025 3:00,7.78,244,WSW,10.11,0,0
4/15/2025 4:00,4.47,230,SW,9.14,0,0
4/15/2025 5:00,5.44,210,SSW,9.33,0,0
4/15/2025 6:00,5.25,218,SW,8.36,0,0
4/15/2025 7:00,4.08,224,SW,7.39,0,0
4/15/2025 8:00,3.69,236,SW,8.75,0,0
4/15/2025 9:00,5.05,223,SW,8.94,0,0
4/15/2025 10:00,5.83,222,SW,8.75,0,0
4/15/2025 11:00,4.86,231,SW,8.75,0,0
4/15/2025 12:00,4.08,227,SW,12.25,0,0
4/15/2025 13:00,5.25,213,SSW,10.69,0,0
4/15/2025 14:00,6.61,221,SW,9.91,0,0
4/15/2025 15:00,7.39,222,SW,12.05,0,0
4/15/2025 16:00,6.61,230,SW,13.8,0,0
4/15/2025 17:00,9.33,244,WSW,12.83,0,0
4/15/2025 18:00,9.33,243,WSW,13.8,0,0
4/15/2025 19:00,6.61,228,SW,11.27,0,0
4/15/2025 20:00,8.55,249,WSW,11.47,0,0
4/15/2025 21:00,6.03,233,SW,12.25,0,0
4/15/2025 22:00,5.64,249,WSW,7.39,0,0
4/15/2025 23:00,2.92,218,SW,6.61,0,0
4/16/2025 0:00,4.08,246,WSW,6.41,0,0
4/16/2025 1:00,1.75,252,WSW,5.44,0,0
4/16/2025 2:00,2.14,219,SW,4.86,0,0
4/16/2025 3:00,2.14,219,SW,5.05,0,0
4/16/2025 4:00,4.86,296,WNW,6.61,0,0
4/16/2025 5:00,4.86,258,WSW,7.39,0,0
4/16/2025 6:00,4.47,260,W,7.58,0,0
4/16/2025 7:00,4.28,238,WSW,9.33,0,0
4/16/2025 8:00,4.86,246,WSW,8.36,0,0
4/16/2025 9:00,4.67,224,SW,8.36,0,0
4/16/2025 10:00,6.22,234,SW,10.11,0,0
4/16/2025 11:00,9.14,214,SW,13.41,0,0
4/16/2025 12:00,6.03,227,SW,11.08,0,0
4/16/2025 13:00,5.83,248,WSW,11.66,0,0
4/16/2025 14:00,5.44,238,WSW,9.91,0,0
4/16/2025 15:00,8.75,214,SW,13.61,0,0
4/16/2025 16:00,5.83,227,SW,10.5,0,0
4/16/2025 17:00,10.5,217,SW,15.94,0,0
4/16/2025 18:00,5.05,220,SW,9.14,0,0
4/16/2025 19:00,6.41,217,SW,10.5,0,0
4/16/2025 20:00,6.8,229,SW,12.25,0,0
4/16/2025 21:00,6.41,217,SW,10.11,0,0
4/16/2025 22:00,5.64,216,SW,9.14,0,0
4/16/2025 23:00,6.03,224,SW,13.22,0,0
4/17/2025 0:00,7.97,223,SW,10.69,0,0
4/17/2025 1:00,4.67,216,SW,7.78,0,0
4/17/2025 2:00,4.86,214,SW,7.78,0,0
4/17/2025 3:00,3.69,211,SSW,6.03,0,0
4/17/2025 4:00,3.3,255,WSW,7.97,0,0
4/17/2025 5:00,2.14,249,WSW,2.92,0,0
4/17/2025 6:00,2.72,221,SW,4.86,0,0
4/17/2025 7:00,2.72,162,SSE,4.08,0,0
4/17/2025 8:00,1.75,170,S,2.72,0,0
4/17/2025 9:00,5.44,342,NNW,6.61,0,0
4/17/2025 10:00,2.53,198,SSW,4.86,0,0
4/17/2025 11:00,1.17,145,SE,3.11,0,0
4/17/2025 12:00,4.67,157,SSE,6.03,0,0
4/17/2025 13:00,4.08,176,S,7.19,0,0
4/17/2025 14:00,6.22,190,S,9.33,0,0
4/17/2025 15:00,6.41,190,S,11.08,0,0
4/17/2025 16:00,7.58,193,SSW,12.64,0,0
4/17/2025 17:00,8.36,189,S,13.02,0,0
4/17/2025 18:00,6.8,215,SW,11.27,0,0
4/17/2025 19:00,7.39,215,SW,11.08,0,0
4/17/2025 20:00,6.41,218,SW,10.69,0,0
4/17/2025 21:00,6.22,216,SW,10.89,0,0
4/17/2025 22:00,2.33,268,W,7,0,0
4/17/2025 23:00,3.69,237,WSW,7.39,0,0
4/18/2025 0:00,4.67,216,SW,7.78,0,0
4/18/2025 1:00,4.08,220,SW,9.33,0,0
4/18/2025 2:00,6.03,215,SW,9.14,0,0
4/18/2025 3:00,5.25,217,SW,8.94,0,0
4/18/2025 4:00,5.25,218,SW,8.55,0,0
4/18/2025 5:00,5.64,213,SSW,10.3,0,0
4/18/2025 6:00,5.25,215,SW,8.36,0,0
4/18/2025 7:00,4.08,201,SSW,7,0,0
4/18/2025 8:00,2.53,211,SSW,5.25,0,0
4/18/2025 9:00,4.86,209,SSW,7,0,0
4/18/2025 10:00,4.28,194,SSW,7.39,0,0
4/18/2025 11:00,6.03,190,S,9.33,0,0
4/18/2025 12:00,4.28,187,S,6.8,0,0
4/18/2025 13:00,4.86,196,SSW,8.55,0,0
4/18/2025 14:00,4.47,226,SW,9.91,0,0
4/18/2025 15:00,5.25,220,SW,9.72,0,0
4/18/2025 16:00,7,218,SW,9.91,0,0
4/18/2025 17:00,4.47,194,SSW,7.39,0,0
4/18/2025 18:00,1.56,108,ESE,2.72,0,0
4/18/2025 19:00,2.33,140,SE,4.86,0,0
4/18/2025 20:00,2.72,77,ENE,4.08,0,0
4/18/2025 21:00,2.14,210,SSW,3.5,0,0
4/18/2025 22:00,4.67,161,SSE,6.41,0,0
4/18/2025 23:00,6.03,160,SSE,7.97,0,0
4/19/2025 0:00,5.83,181,S,8.75,0,0
4/19/2025 1:00,6.22,163,SSE,8.94,0,0
4/19/2025 2:00,4.67,188,S,8.55,0,0
4/19/2025 3:00,5.83,199,SSW,8.55,0,0
4/19/2025 4:00,5.64,177,S,8.36,0,0
4/19/2025 5:00,4.08,195,SSW,6.03,0,0
4/19/2025 6:00,5.25,187,S,8.36,0,0
4/19/2025 7:00,2.92,210,SSW,6.61,0,0
4/19/2025 8:00,3.89,207,SSW,5.83,0,0
4/19/2025 9:00,4.67,201,SSW,7.58,0,0
4/19/2025 10:00,8.55,179,S,12.05,0,0
4/19/2025 11:00,10.69,186,S,14.77,0,0
4/19/2025 12:00,9.52,189,S,13.41,0,0
4/19/2025 13:00,5.25,208,SSW,9.91,0,0
4/19/2025 14:00,4.47,217,SW,9.14,0,0
4/19/2025 15:00,7.97,225,SW,12.83,0,0
4/19/2025 16:00,5.44,213,SSW,11.66,0,0
4/19/2025 17:00,7.58,220,SW,13.22,0,0
4/19/2025 18:00,7.39,215,SW,12.64,0,0
4/19/2025 19:00,8.16,226,SW,12.44,0,0
4/19/2025 20:00,8.75,230,SW,12.44,0,0
4/19/2025 21:00,5.05,222,SW,10.11,0,0
4/19/2025 22:00,4.67,228,SW,7,0,0
4/19/2025 23:00,4.08,222,SW,8.16,0,0
4/20/2025 0:00,4.28,212,SSW,8.55,0,0
4/20/2025 1:00,4.08,216,SW,7.39,0,0
4/20/2025 2:00,6.03,237,WSW,9.91,0,0
4/20/2025 3:00,2.92,212,SSW,7.19,0,0
4/20/2025 4:00,4.08,300,WNW,6.03,0,0
4/20/2025 5:00,4.08,284,WNW,5.44,0,0
4/20/2025 6:00,3.11,221,SW,6.03,0,0
4/20/2025 7:00,2.72,198,SSW,5.83,0,0
4/20/2025 8:00,0.97,112,ESE,4.67,0,0
4/20/2025 9:00,3.69,273,W,5.83,0,0
4/20/2025 10:00,2.72,256,WSW,4.67,0,0
4/20/2025 11:00,1.94,274,W,3.69,0,0
4/20/2025 12:00,1.36,157,SSE,3.3,0,0
4/20/2025 13:00,3.11,136,SE,5.05,0,0
4/20/2025 14:00,3.89,183,S,6.61,0,0
4/20/2025 15:00,4.08,152,SSE,6.22,0,0
4/20/2025 16:00,4.28,180,S,7,0,0
4/20/2025 17:00,5.64,200,SSW,8.36,0,0
4/20/2025 18:00,6.8,191,S,9.14,0,0
4/20/2025 19:00,6.03,167,SSE,9.91,0,0
4/20/2025 20:00,3.69,282,WNW,6.41,0,0
4/20/2025 21:00,6.22,227,SW,10.3,0,0
4/20/2025 22:00,3.69,230,SW,6.03,0,0
4/20/2025 23:00,7.39,187,S,11.08,0,0
4/21/2025 0:00,6.8,176,S,10.11,0,0
4/21/2025 1:00,7.19,179,S,11.47,0,0
4/21/2025 2:00,6.41,168,SSE,10.89,0,0
4/21/2025 3:00,7.19,188,S,11.08,0,0
4/21/2025 4:00,7.58,193,SSW,12.25,0,0
4/21/2025 5:00,6.22,183,S,10.3,0,0
4/21/2025 6:00,4.67,190,S,8.36,0,0
4/21/2025 7:00,3.5,192,SSW,7,0,0
4/21/2025 8:00,2.33,133,SE,6.41,0,0
4/21/2025 9:00,1.56,147,SSE,3.5,0,0
4/21/2025 10:00,1.75,222,SW,2.72,0,0
4/21/2025 11:00,2.14,164,SSE,4.47,0,0
4/21/2025 12:00,2.14,163,SSE,3.5,0,0
4/21/2025 13:00,2.14,194,SSW,3.3,0,0
4/21/2025 14:00,2.33,177,S,3.11,0,0
4/21/2025 15:00,1.75,144,SE,5.44,0,0
4/21/2025 16:00,2.33,125,SE,3.89,0,0
4/21/2025 17:00,2.92,128,SE,3.89,0,0
4/21/2025 18:00,0.39,190,S,2.92,0,0
4/21/2025 19:00,1.56,100,E,3.11,0,0
4/21/2025 20:00,2.14,65,ENE,4.28,0,0
4/21/2025 21:00,2.33,103,ESE,3.69,0,0
4/21/2025 22:00,3.11,193,SSW,5.64,0,0
4/21/2025 23:00,6.41,174,S,8.75,0,0
4/22/2025 0:00,9.52,187,S,14.77,0,0
4/22/2025 1:00,7.39,169,S,11.86,0,0
4/22/2025 2:00,7.97,172,S,13.02,0,0
4/22/2025 3:00,7.58,180,S,12.05,0,0
4/22/2025 4:00,7.58,192,SSW,12.64,0,0
4/22/2025 5:00,9.14,191,S,12.05,0,0
4/22/2025 6:00,6.61,191,S,10.11,0,0
4/22/2025 7:00,6.22,197,SSW,8.75,0,0
4/22/2025 8:00,7.78,195,SSW,10.3,0,0
4/22/2025 9:00,8.75,182,S,13.02,0,0
4/22/2025 10:00,7.19,177,S,11.66,0,0
4/22/2025 11:00,8.75,178,S,12.83,0,0
4/22/2025 12:00,4.28,222,SW,9.14,0,0
4/22/2025 13:00,5.25,218,SW,10.3,0,0
4/22/2025 14:00,6.8,233,SW,11.86,0,0
4/22/2025 15:00,7.97,219,SW,14.77,0,0
4/22/2025 16:00,7.97,230,SW,12.64,0,0
4/22/2025 17:00,6.22,219,SW,10.89,0,0
4/22/2025 18:00,7.78,209,SSW,13.02,0,0
4/22/2025 19:00,7.78,210,SSW,10.5,0,0
4/22/2025 20:00,6.22,208,SSW,8.55,0,0
4/22/2025 21:00,5.83,215,SW,13.22,0,0
4/22/2025 22:00,6.03,221,SW,11.27,0,0
4/22/2025 23:00,4.08,225,SW,8.16,0,0
4/23/2025 0:00,3.11,208,SSW,8.16,0,0
4/23/2025 1:00,4.28,183,S,6.61,0,0
4/23/2025 2:00,3.3,229,SW,6.03,0,0
4/23/2025 3:00,1.17,178,S,3.3,0,0
4/23/2025 4:00,2.92,210,SSW,4.86,0,0
4/23/2025 5:00,3.5,256,WSW,5.25,0,0
4/23/2025 6:00,5.64,306,NW,7.58,0,0
4/23/2025 7:00,3.11,340,NNW,4.86,0,0
4/23/2025 8:00,1.75,12,NNE,2.53,0,0
4/23/2025 9:00,0.97,256,WSW,3.89,0,0
4/23/2025 10:00,5.25,161,SSE,7.39,0,0
4/23/2025 11:00,5.64,178,S,9.52,0,0
4/23/2025 12:00,6.61,170,S,10.69,0,0
4/23/2025 13:00,8.55,196,SSW,13.41,0,0
4/23/2025 14:00,8.55,194,SSW,13.22,0,0
4/23/2025 15:00,9.91,224,SW,16.13,0,0
4/23/2025 16:00,8.36,217,SW,12.05,0,0
4/23/2025 17:00,8.16,222,SW,11.86,0,0
4/23/2025 18:00,9.14,220,SW,14,0,0
4/23/2025 19:00,7,225,SW,10.3,0,0
4/23/2025 20:00,3.5,240,WSW,5.83,0,0
4/23/2025 21:00,4.28,230,SW,7.58,0,0
4/23/2025 22:00,7.78,305,NW,9.72,0,0
4/23/2025 23:00,4.28,201,SSW,6.61,0,0
4/24/2025 0:00,2.92,244,WSW,4.86,0,0
4/24/2025 1:00,4.28,226,SW,7.58,0,0
4/24/2025 2:00,6.03,300,WNW,8.36,0,0
4/24/2025 3:00,5.25,289,WNW,6.61,0,0
4/24/2025 4:00,4.67,299,WNW,6.61,0,0
4/24/2025 5:00,2.72,216,SW,7,0,0
4/24/2025 6:00,4.67,280,W,7.78,0,0
4/24/2025 7:00,1.75,92,E,2.33,0,0
4/24/2025 8:00,3.89,164,SSE,5.44,0,0
4/24/2025 9:00,6.41,240,WSW,9.33,0,0
4/24/2025 10:00,1.75,243,WSW,3.89,0,0
4/24/2025 11:00,1.36,2,N,1.94,0,0
4/24/2025 12:00,2.33,179,S,3.5,0,0
4/24/2025 13:00,4.67,232,SW,7.78,0,0
4/24/2025 14:00,5.05,213,SSW,10.3,0,0
4/24/2025 15:00,7.19,196,SSW,11.47,0,0
4/24/2025 16:00,6.41,194,SSW,11.66,0,0
4/24/2025 17:00,2.92,201,SSW,10.69,0,0
4/24/2025 18:00,3.69,268,W,10.11,0,0
4/24/2025 19:00,4.86,265,W,14.19,0,0
4/24/2025 20:00,5.83,281,W,8.36,0,0
4/24/2025 21:00,4.86,271,W,14.58,0,0
4/24/2025 22:00,2.14,305,NW,5.05,0,0
4/24/2025 23:00,4.28,195,SSW,10.69,0,0
4/25/2025 0:00,3.11,273,W,9.72,0,0
4/25/2025 1:00,2.72,225,SW,7.97,0,0
4/25/2025 2:00,2.14,261,W,6.41,0,0
4/25/2025 3:00,2.72,251,WSW,7.97,0,0
4/25/2025 4:00,4.28,277,W,6.41,0,0
4/25/2025 5:00,2.14,227,SW,5.44,0,0
4/25/2025 6:00,4.47,276,W,8.16,0,0
4/25/2025 7:00,8.55,291,WNW,12.25,0,0
4/25/2025 8:00,2.92,276,W,6.8,0,0
4/25/2025 9:00,4.47,207,SSW,7.19,0,0
4/25/2025 10:00,5.44,198,SSW,9.52,0,0
4/25/2025 11:00,7.39,198,SSW,11.47,0,0
4/25/2025 12:00,7.97,199,SSW,11.08,0,0
4/25/2025 13:00,6.41,204,SSW,11.08,0,0
4/25/2025 14:00,8.75,177,S,11.86,0,0
4/25/2025 15:00,4.08,202,SSW,11.66,0,0
4/25/2025 16:00,7.39,176,S,11.27,0,0
4/25/2025 17:00,8.94,205,SSW,12.05,0,0
4/25/2025 18:00,4.08,214,SW,6.8,0,0
4/25/2025 19:00,4.67,198,SSW,7.19,0,0
4/25/2025 20:00,2.92,272,W,5.64,0,0
4/25/2025 21:00,3.89,278,W,7.19,0,0
4/25/2025 22:00,7,310,NW,8.16,0,0
4/25/2025 23:00,5.44,313,NW,7.39,0,0
4/26/2025 0:00,5.25,303,WNW,7.19,0,0
4/26/2025 1:00,5.64,307,NW,6.8,0,0
4/26/2025 2:00,5.83,307,NW,6.8,0,0
4/26/2025 3:00,5.25,306,NW,7,0,0
4/26/2025 4:00,4.67,305,NW,6.61,0,0
4/26/2025 5:00,4.47,293,WNW,6.61,0,0
4/26/2025 6:00,2.72,297,WNW,4.08,0,0
4/26/2025 7:00,3.5,309,NW,5.05,0,0
4/26/2025 8:00,6.22,308,NW,7.97,0,0
4/26/2025 9:00,1.94,232,SW,3.3,0,0
4/26/2025 10:00,5.25,155,SSE,7.97,0,0
4/26/2025 11:00,3.89,145,SE,7.78,0,0
4/26/2025 12:00,5.44,160,SSE,8.94,0,0
4/26/2025 13:00,5.64,167,SSE,8.36,0,0
4/26/2025 14:00,3.5,257,WSW,9.52,0,0
4/26/2025 15:00,0.78,270,W,7.19,0,0
4/26/2025 16:00,3.3,255,WSW,8.75,0,0
4/26/2025 17:00,4.08,262,W,6.8,0,0
4/26/2025 18:00,2.92,278,W,5.05,0,0
4/26/2025 19:00,3.3,286,WNW,6.22,0,0
4/26/2025 20:00,4.28,202,SSW,7.58,0,0
4/26/2025 21:00,2.53,223,SW,8.16,0,0
4/26/2025 22:00,1.94,247,WSW,5.25,0,0
4/26/2025 23:00,2.92,254,WSW,4.86,0,0
4/27/2025 0:00,2.72,262,W,3.89,0,0
4/27/2025 1:00,1.56,236,SW,4.67,0,0
4/27/2025 2:00,2.53,219,SW,4.47,0,0
4/27/2025 3:00,2.92,259,W,4.86,0,0
4/27/2025 4:00,2.14,294,WNW,4.67,0,0
4/27/2025 5:00,2.53,246,WSW,3.3,0,0
4/27/2025 6:00,1.75,269,W,2.53,0,0
4/27/2025 7:00,1.75,230,SW,3.11,0,0
4/27/2025 8:00,0.97,174,S,3.3,0,0
4/27/2025 9:00,3.89,289,WNW,5.83,0,0
4/27/2025 10:00,2.92,278,W,5.05,0,0
4/27/2025 11:00,2.14,146,SE,4.47,0,0
4/27/2025 12:00,2.33,153,SSE,3.89,0,0
4/27/2025 13:00,4.08,153,SSE,5.64,0,0
4/27/2025 14:00,3.5,152,SSE,4.28,0,0
4/27/2025 15:00,4.28,159,SSE,5.44,0,0
4/27/2025 16:00,5.44,160,SSE,7.78,0,0
4/27/2025 17:00,4.08,151,SSE,6.22,0,0
4/27/2025 18:00,2.33,165,SSE,6.41,0,0
4/27/2025 19:00,3.11,170,S,6.22,0,0
4/27/2025 20:00,1.75,229,SW,6.03,0,0
4/27/2025 21:00,2.92,176,S,3.69,0,0
4/27/2025 22:00,3.11,319,NW,4.28,0,0
4/27/2025 23:00,2.92,290,WNW,4.28,0,0
4/28/2025 0:00,2.72,315,NW,3.3,0,0
4/28/2025 1:00,0,170,S,1.75,0,0
4/28/2025 2:00,1.75,276,W,2.72,0,0
4/28/2025 3:00,1.94,152,SSE,4.47,0,0
4/28/2025 4:00,6.22,161,SSE,8.55,0,0
4/28/2025 5:00,3.89,279,W,5.64,0,0
4/28/2025 6:00,2.14,290,WNW,4.08,0,0
4/28/2025 7:00,4.28,161,SSE,5.44,0,0
4/28/2025 8:00,4.28,164,SSE,7.78,0,0
4/28/2025 9:00,5.05,160,SSE,7.19,0,0
4/28/2025 10:00,3.69,162,SSE,5.05,0,0
4/28/2025 11:00,2.14,129,SE,4.28,0,0
4/28/2025 12:00,4.28,165,SSE,5.44,0,0
4/28/2025 13:00,7.39,184,S,11.08,0,0
4/28/2025 14:00,8.94,183,S,13.02,0,0
4/28/2025 15:00,6.22,175,S,9.14,0,0
4/28/2025 16:00,7.58,186,S,9.91,0,0
4/28/2025 17:00,6.41,169,S,8.75,0,0
4/28/2025 18:00,4.86,172,S,7.19,0,0
4/28/2025 19:00,2.33,226,SW,7.19,0,0
4/28/2025 20:00,4.47,209,SSW,6.41,0,0
4/28/2025 21:00,2.72,253,WSW,4.28,0,0
4/28/2025 22:00,5.64,176,S,8.55,0,0
4/28/2025 23:00,6.41,172,S,10.11,0,0
4/29/2025 0:00,8.55,169,S,11.27,0,0
4/29/2025 1:00,9.33,179,S,12.44,0,0
4/29/2025 2:00,9.33,185,S,13.41,0,0
4/29/2025 3:00,8.16,180,S,11.86,0,0
4/29/2025 4:00,7,189,S,12.05,0,0
4/29/2025 5:00,6.22,189,S,9.52,0,0
4/29/2025 6:00,5.05,191,S,7.97,0,0
4/29/2025 7:00,4.86,187,S,7.39,0,0
4/29/2025 8:00,4.47,167,SSE,6.8,0,0
4/29/2025 9:00,5.64,163,SSE,7.39,0,0
4/29/2025 10:00,3.5,170,S,5.05,0,0
4/29/2025 11:00,3.11,186,S,4.28,0,0
4/29/2025 12:00,2.92,164,SSE,4.08,0,0
4/29/2025 13:00,6.41,177,S,8.36,0,0
4/29/2025 14:00,5.64,188,S,8.36,0,0
4/29/2025 15:00,4.28,188,S,7.39,0,0
4/29/2025 16:00,6.61,179,S,9.72,0,0
4/29/2025 17:00,8.55,170,S,12.64,0,0
4/29/2025 18:00,8.75,160,SSE,11.86,0,0
4/29/2025 19:00,1.17,23,NNE,3.3,0,0
4/29/2025 20:00,4.67,163,SSE,8.16,0,0
4/29/2025 21:00,4.67,274,W,7.58,0,0
4/29/2025 22:00,5.83,181,S,8.94,0,0
4/29/2025 23:00,7.78,170,S,10.11,0,0
4/30/2025 0:00,8.94,177,S,11.66,0,0
4/30/2025 1:00,7.19,173,S,10.5,0,0
4/30/2025 2:00,9.91,163,SSE,12.25,0,0
4/30/2025 3:00,9.52,167,SSE,12.64,0,0
4/30/2025 4:00,10.3,165,SSE,14.58,0,0
4/30/2025 5:00,10.11,165,SSE,12.44,0,0
4/30/2025 6:00,8.55,168,SSE,11.08,0,0
4/30/2025 7:00,8.36,177,S,11.86,0,0
4/30/2025 8:00,7,178,S,10.5,0,0
4/30/2025 9:00,6.41,174,S,7.97,0,0
4/30/2025 10:00,5.83,190,S,9.52,0,0
4/30/2025 11:00,4.67,172,S,7.58,0,0
4/30/2025 12:00,4.28,175,S,6.8,0,0
4/30/2025 13:00,5.44,186,S,8.36,0,0
4/30/2025 14:00,7,182,S,9.52,0,0
4/30/2025 15:00,6.41,182,S,9.72,0,0
4/30/2025 16:00,3.5,164,SSE,8.16,0,0
4/30/2025 17:00,3.69,262,W,9.72,0,0
4/30/2025 18:00,3.89,282,WNW,7.19,0,0
4/30/2025 19:00,5.83,202,SSW,11.08,0,0
4/30/2025 20:00,5.83,210,SSW,10.69,0,0
4/30/2025 21:00,7.78,203,SSW,12.64,0,0
4/30/2025 22:00,4.47,202,SSW,9.33,0,0
4/30/2025 23:00,5.25,182,S,9.52,0,0
5/1/2025 0:00,5.25,185,S,9.91,0,0
5/1/2025 1:00,4.86,194,SSW,9.72,0,0
5/1/2025 2:00,6.22,200,SSW,8.55,0,0
5/1/2025 3:00,3.69,203,SSW,5.83,0,0
5/1/2025 4:00,4.67,198,SSW,7.97,0,0
5/1/2025 5:00,6.41,180,S,11.66,0,0
5/1/2025 6:00,6.61,184,S,10.89,0,0
5/1/2025 7:00,7.78,199,SSW,10.89,0,0
5/1/2025 8:00,7.19,198,SSW,10.69,0,0
5/1/2025 9:00,8.55,200,SSW,12.25,0,0
5/1/2025 10:00,7.78,188,S,12.83,0,0
5/1/2025 11:00,8.75,184,S,12.44,0,0
5/1/2025 12:00,9.14,184,S,13.8,0,0
5/1/2025 13:00,3.5,204,SSW,10.5,0,0
5/1/2025 14:00,6.61,196,SSW,12.83,0,0
5/1/2025 15:00,4.08,215,SW,12.64,0,0
5/1/2025 16:00,7.58,205,SSW,11.47,0,0
5/1/2025 17:00,5.05,201,SSW,10.69,0,0
5/1/2025 18:00,6.61,251,WSW,13.22,0,0
5/1/2025 19:00,3.69,209,SSW,6.41,0,0
5/1/2025 20:00,7.78,196,SSW,13.41,0,0
5/1/2025 21:00,7,206,SSW,10.5,0,0
5/1/2025 22:00,6.8,202,SSW,10.89,0,0
5/1/2025 23:00,6.61,202,SSW,10.11,0,0
5/2/2025 0:00,6.41,231,SW,11.08,0,0
5/2/2025 1:00,5.83,223,SW,10.5,0,0
5/2/2025 2:00,3.69,191,S,7.58,0,0
5/2/2025 3:00,3.5,167,SSE,5.25,0,0
5/2/2025 4:00,2.14,152,SSE,3.89,0,0
5/2/2025 5:00,3.5,171,S,4.08,0,0
5/2/2025 6:00,3.3,204,SSW,6.03,0,0
5/2/2025 7:00,0.78,211,SSW,3.3,0,0
5/2/2025 8:00,1.17,195,SSW,4.08,0,0
5/2/2025 9:00,0.97,168,SSE,3.5,0,0
5/2/2025 10:00,2.92,144,SE,5.64,0,0
5/2/2025 11:00,4.86,157,SSE,5.83,0,0
5/2/2025 12:00,5.64,159,SSE,6.8,0,0
5/2/2025 13:00,5.25,158,SSE,6.8,0,0
5/2/2025 14:00,6.03,195,SSW,8.36,0,0
5/2/2025 15:00,8.16,190,S,11.27,0,0
5/2/2025 16:00,7.58,199,SSW,10.5,0,0
5/2/2025 17:00,3.3,185,S,5.05,0,0
5/2/2025 18:00,1.94,220,SW,3.5,0,0
5/2/2025 19:00,5.83,238,WSW,9.91,0,0
5/2/2025 20:00,1.94,223,SW,5.83,0,0
5/2/2025 21:00,7.58,286,WNW,10.69,0,0
5/2/2025 22:00,2.53,177,S,3.11,0,0
5/2/2025 23:00,6.8,297,WNW,10.11,0,0
5/3/2025 0:00,1.94,279,W,2.72,0,0
5/3/2025 1:00,3.69,143,SE,5.83,0,0
5/3/2025 2:00,2.14,317,NW,2.53,0,0
5/3/2025 3:00,2.33,236,SW,5.05,0,0
5/3/2025 4:00,2.53,196,SSW,4.86,0,0
5/3/2025 5:00,5.25,285,WNW,6.8,0,0
5/3/2025 6:00,3.89,326,NW,5.25,0,0
5/3/2025 7:00,6.8,297,WNW,9.33,0,0
5/3/2025 8:00,8.36,306,NW,11.08,0,0
5/3/2025 9:00,7.19,297,WNW,8.94,0,0
5/3/2025 10:00,8.55,325,NW,10.11,0,0
5/3/2025 11:00,2.53,246,WSW,8.36,0,0
5/3/2025 12:00,5.25,159,SSE,6.41,0,0
5/3/2025 13:00,5.83,156,SSE,9.33,0,0
5/3/2025 14:00,5.83,153,SSE,8.36,0,0
5/3/2025 15:00,13.61,306,NW,15.36,0,0
5/3/2025 16:00,14.19,303,WNW,17.69,0,0
5/3/2025 17:00,13.22,294,WNW,18.66,0,0
5/3/2025 18:00,13.61,283,WNW,19.44,0,0
5/3/2025 19:00,13.41,279,W,16.13,0,0
5/3/2025 20:00,10.11,302,WNW,14.38,0,0
5/3/2025 21:00,11.66,302,WNW,15.36,0,0
5/3/2025 22:00,9.14,294,WNW,12.25,0,0
5/3/2025 23:00,9.33,304,NW,12.64,0,0
5/4/2025 0:00,4.86,288,WNW,6.41,0,0
5/4/2025 1:00,1.56,172,S,3.69,0,0
5/4/2025 2:00,4.67,291,WNW,5.83,0,0
5/4/2025 3:00,4.47,308,NW,7.19,0,0
5/4/2025 4:00,7.39,303,WNW,9.72,0,0
5/4/2025 5:00,6.8,318,NW,8.55,0,0
5/4/2025 6:00,3.89,309,NW,6.03,0,0
5/4/2025 7:00,5.83,308,NW,7,0,0
5/4/2025 8:00,7,321,NW,8.55,0,0
5/4/2025 9:00,3.3,292,WNW,4.47,0,0
5/4/2025 10:00,5.44,154,SSE,6.61,0,0
5/4/2025 11:00,6.8,157,SSE,9.33,0,0
5/4/2025 12:00,8.94,160,SSE,11.08,0,0
5/4/2025 13:00,8.55,155,SSE,11.86,0,0
5/4/2025 14:00,7,161,SSE,9.72,0,0
5/4/2025 15:00,6.22,149,SSE,9.72,0,0
5/4/2025 16:00,5.83,153,SSE,8.94,0,0
5/4/2025 17:00,6.61,153,SSE,8.94,0,0
5/4/2025 18:00,2.72,69,ENE,3.69,0,0
5/4/2025 19:00,3.69,322,NW,5.44,0,0
5/4/2025 20:00,2.72,177,S,5.64,0,0
5/4/2025 21:00,2.14,121,ESE,3.89,0,0
5/4/2025 22:00,1.75,124,SE,3.11,0,0
5/4/2025 23:00,1.56,135,SE,3.69,0,0
5/5/2025 0:00,1.94,139,SE,3.3,0,0
5/5/2025 1:00,2.72,140,SE,4.86,0,0
5/5/2025 2:00,3.11,152,SSE,5.05,0,0
5/5/2025 3:00,9.33,335,NNW,11.66,0,0
5/5/2025 4:00,6.8,347,NNW,10.11,0,0
5/5/2025 5:00,8.16,323,NW,10.89,0,0
5/5/2025 6:00,11.66,360,N,16.91,0,0
5/5/2025 7:00,11.86,347,NNW,17.49,0,0
5/5/2025 8:00,17.69,349,N,22.55,0,0
5/5/2025 9:00,13.02,325,NW,18.66,0,0
5/5/2025 10:00,11.66,343,NNW,16.13,0,0
5/5/2025 11:00,16.33,7,N,20.02,0,0
5/5/2025 12:00,16.13,2,N,23.33,0,0
5/5/2025 13:00,17.69,349,N,20.99,0,0
5/5/2025 14:00,13.61,356,N,19.44,0,0
5/5/2025 15:00,15.16,350,N,18.86,0,0
5/5/2025 16:00,8.75,7,N,10.89,0,0
5/5/2025 17:00,6.8,274,W,8.36,0,0
5/5/2025 18:00,4.67,210,SSW,7.19,0,0
5/5/2025 19:00,4.67,117,ESE,5.44,0,0
5/5/2025 20:00,3.69,128,SE,4.28,0,0
5/5/2025 21:00,3.69,134,SE,5.83,0,0
5/5/2025 22:00,3.89,142,SE,5.05,0,0
5/5/2025 23:00,3.11,138,SE,4.47,0,0
5/6/2025 0:00,4.08,169,S,5.44,0,0
5/6/2025 1:00,3.5,157,SSE,6.03,0,0
5/6/2025 2:00,0.97,192,SSW,1.94,0,0
5/6/2025 3:00,0.58,165,SSE,2.53,0,0
5/6/2025 4:00,3.89,264,W,10.5,0,0
5/6/2025 5:00,10.3,233,SW,14.38,0,0
5/6/2025 6:00,8.16,231,SW,14,0,0
5/6/2025 7:00,6.41,229,SW,10.3,0,0
5/6/2025 8:00,1.56,162,SSE,3.3,0,0
5/6/2025 9:00,3.3,220,SW,6.22,0,0
5/6/2025 10:00,6.8,226,SW,11.66,0,0
5/6/2025 11:00,8.75,235,SW,12.25,0,0
5/6/2025 12:00,10.5,237,WSW,15.55,0,0
5/6/2025 13:00,11.47,236,SW,16.91,0,0
5/6/2025 14:00,10.11,228,SW,19.05,0,0
5/6/2025 15:00,10.69,230,SW,18.86,0,0
5/6/2025 16:00,11.08,223,SW,16.13,0,0
5/6/2025 17:00,8.75,222,SW,13.8,0,0
5/6/2025 18:00,9.72,228,SW,15.55,0,0
5/6/2025 19:00,10.3,222,SW,15.94,0,0
5/6/2025 20:00,6.61,223,SW,14.97,0,0
5/6/2025 21:00,6.22,220,SW,9.33,0,0
5/6/2025 22:00,6.22,223,SW,11.08,0,0
5/6/2025 23:00,6.03,224,SW,11.08,0,0
5/7/2025 0:00,5.64,222,SW,8.55,0,0
5/7/2025 1:00,5.44,209,SSW,11.86,0,0
5/7/2025 2:00,5.44,218,SW,7.78,0,0
5/7/2025 3:00,4.47,215,SW,8.75,0,0
5/7/2025 4:00,7.58,213,SSW,14.77,0,0
5/7/2025 5:00,8.55,215,SW,12.64,0,0
5/7/2025 6:00,7.58,210,SSW,12.05,0,0
5/7/2025 7:00,8.55,204,SSW,13.22,0,0
5/7/2025 8:00,7.39,199,SSW,11.08,0,0
5/7/2025 9:00,5.64,207,SSW,14.77,0,0
5/7/2025 10:00,6.61,197,SSW,10.3,0,0
5/7/2025 11:00,6.41,217,SW,13.02,0,0
5/7/2025 12:00,5.83,225,SW,10.3,0,0
5/7/2025 13:00,7.39,243,WSW,11.66,0,0
5/7/2025 14:00,7.97,245,WSW,10.69,0,0
5/7/2025 15:00,5.64,247,WSW,11.47,0,0
5/7/2025 16:00,7.39,243,WSW,12.44,0,0
5/7/2025 17:00,9.14,233,SW,13.41,0,0
5/7/2025 18:00,7,229,SW,11.08,0,0
5/7/2025 19:00,5.05,208,SSW,8.94,0,0
5/7/2025 20:00,5.64,191,S,9.33,0,0
5/7/2025 21:00,3.3,227,SW,6.41,0,0
5/7/2025 22:00,4.47,230,SW,9.72,0,0
5/7/2025 23:00,3.89,207,SSW,9.14,0,0
5/8/2025 0:00,3.89,200,SSW,6.8,0,0
5/8/2025 1:00,5.05,162,SSE,7.19,0,0
5/8/2025 2:00,4.47,176,S,7.97,0,0
5/8/2025 3:00,5.64,177,S,9.72,0,0
5/8/2025 4:00,5.25,168,SSE,7.58,0,0
5/8/2025 5:00,7.58,160,SSE,10.11,0,0
5/8/2025 6:00,5.44,179,S,7.39,0,0
5/8/2025 7:00,7.58,161,SSE,9.14,0,0
5/8/2025 8:00,5.64,193,SSW,7.39,0,0
5/8/2025 9:00,5.83,168,SSE,8.75,0,0
5/8/2025 10:00,3.5,183,S,5.83,0,0
5/8/2025 11:00,3.89,162,SSE,6.41,0,0
5/8/2025 12:00,3.89,172,S,5.83,0,0
5/8/2025 13:00,4.08,160,SSE,6.61,0,0
5/8/2025 14:00,1.94,181,S,3.89,0,0
5/8/2025 15:00,5.05,160,SSE,6.03,0,0
5/8/2025 16:00,5.64,161,SSE,6.61,0,0
5/8/2025 17:00,3.11,142,SE,5.83,0,0
5/8/2025 18:00,5.05,159,SSE,6.41,0,0
5/8/2025 19:00,3.11,120,ESE,4.47,0,0
5/8/2025 20:00,4.86,165,SSE,6.03,0,0
5/8/2025 21:00,1.94,109,ESE,3.5,0,0
5/8/2025 22:00,4.08,183,S,6.8,0,0
5/8/2025 23:00,6.22,162,SSE,8.94,0,0
5/9/2025 0:00,5.25,163,SSE,7.19,0,0
5/9/2025 1:00,5.25,190,S,6.61,0,0
5/9/2025 2:00,4.47,168,SSE,6.22,0,0
5/9/2025 3:00,3.5,178,S,6.41,0,0
5/9/2025 4:00,2.92,190,S,4.86,0,0
5/9/2025 5:00,1.75,179,S,4.08,0,0
5/9/2025 6:00,0.19,269,W,1.17,0,0
5/9/2025 7:00,3.5,288,WNW,4.47,0,0
5/9/2025 8:00,1.56,323,NW,2.33,0,0
5/9/2025 9:00,1.36,250,WSW,2.14,0,0
5/9/2025 10:00,4.08,160,SSE,4.86,0,0
5/9/2025 11:00,2.14,129,SE,4.28,0,0
5/9/2025 12:00,2.72,169,S,4.28,0,0
5/9/2025 13:00,5.05,156,SSE,5.64,0,0
5/9/2025 14:00,5.05,160,SSE,5.83,0,0
5/9/2025 15:00,6.61,158,SSE,7.78,0,0
5/9/2025 16:00,3.11,148,SSE,4.86,0,0
5/9/2025 17:00,3.89,149,SSE,5.83,0,0
5/9/2025 18:00,2.72,138,SE,4.28,0,0
5/9/2025 19:00,2.14,134,SE,4.08,0,0
5/9/2025 20:00,2.53,132,SE,3.89,0,0
5/9/2025 21:00,3.3,183,S,5.05,0,0
5/9/2025 22:00,6.61,165,SSE,9.33,0,0
5/9/2025 23:00,4.08,178,S,8.55,0,0
5/10/2025 0:00,6.8,178,S,9.14,0,0
5/10/2025 1:00,9.91,164,SSE,12.25,0,0
5/10/2025 2:00,4.47,160,SSE,5.83,0,0
5/10/2025 3:00,3.3,189,S,5.05,0,0
5/10/2025 4:00,0.78,207,SSW,2.14,0,0
5/10/2025 5:00,2.14,68,ENE,3.11,0,0
5/10/2025 6:00,1.94,74,ENE,2.92,0,0
5/10/2025 7:00,2.33,189,S,4.08,0,0
5/10/2025 8:00,4.28,176,S,8.75,0,0
5/10/2025 9:00,4.86,184,S,7.19,0,0
5/10/2025 10:00,5.05,192,SSW,7.78,0,0
5/10/2025 11:00,5.44,158,SSE,6.8,0,0
5/10/2025 12:00,6.22,159,SSE,8.36,0,0
5/10/2025 13:00,5.25,167,SSE,8.75,0,0
5/10/2025 14:00,7.39,183,S,11.86,0,0
5/10/2025 15:00,5.64,150,SSE,7.97,0,0
5/10/2025 16:00,5.64,160,SSE,7.97,0,0
5/10/2025 17:00,4.86,178,S,8.36,0,0
5/10/2025 18:00,4.47,150,SSE,9.14,0,0
5/10/2025 19:00,3.89,159,SSE,5.25,0,0
5/10/2025 20:00,7,189,S,10.11,0,0
5/10/2025 21:00,2.33,183,S,5.05,0,0
5/10/2025 22:00,1.75,125,SE,4.86,0,0
5/10/2025 23:00,3.69,160,SSE,4.67,0,0
5/11/2025 0:00,2.53,124,SE,5.83,0,0
5/11/2025 1:00,1.17,317,NW,5.64,0,0
5/11/2025 2:00,2.92,147,SSE,5.25,0,0
5/11/2025 3:00,3.69,301,WNW,6.03,0,0
5/11/2025 4:00,8.55,160,SSE,11.86,0,0
5/11/2025 5:00,6.22,152,SSE,9.14,0,0
5/11/2025 6:00,5.25,142,SE,9.72,0,0
5/11/2025 7:00,8.55,160,SSE,13.41,0,0
5/11/2025 8:00,6.22,165,SSE,7.78,0,0
5/11/2025 9:00,5.25,182,S,7.97,0,0
5/11/2025 10:00,2.14,204,SSW,4.86,0,0
5/11/2025 11:00,3.5,199,SSW,6.61,0,0
5/11/2025 12:00,7.39,218,SW,11.47,0,0
5/11/2025 13:00,9.14,219,SW,15.55,0,0
5/11/2025 14:00,10.11,223,SW,13.8,0,0
5/11/2025 15:00,8.55,222,SW,12.83,0,0
5/11/2025 16:00,8.36,230,SW,13.8,0,0
5/11/2025 17:00,3.69,251,WSW,12.83,0,0
5/11/2025 18:00,5.44,256,WSW,10.11,0,0
5/11/2025 19:00,3.11,238,WSW,10.89,0,0
5/11/2025 20:00,3.89,248,WSW,9.72,0,0
5/11/2025 21:00,2.53,232,SW,8.75,0,0
5/11/2025 22:00,3.69,219,SW,7.19,0,0
5/11/2025 23:00,4.67,202,SSW,7.78,0,0
5/12/2025 0:00,4.47,205,SSW,9.14,0,0
5/12/2025 1:00,5.44,199,SSW,8.94,0,0
5/12/2025 2:00,6.22,184,S,12.25,0,0
5/12/2025 3:00,5.44,184,S,10.89,0,0
5/12/2025 4:00,6.61,185,S,11.86,0,0
5/12/2025 5:00,7.97,172,S,14,0,0
5/12/2025 6:00,3.89,256,WSW,10.3,0,0
5/12/2025 7:00,4.86,200,SSW,7.58,0,0
5/12/2025 8:00,3.5,203,SSW,7.19,0,0
5/12/2025 9:00,3.69,281,W,9.14,0,0
5/12/2025 10:00,2.72,242,WSW,9.14,0,0
5/12/2025 11:00,5.44,205,SSW,10.5,0,0
5/12/2025 12:00,3.69,256,WSW,9.14,0,0
5/12/2025 13:00,3.3,261,W,9.72,0,0
5/12/2025 14:00,1.75,214,SW,10.89,0,0
5/12/2025 15:00,6.41,255,WSW,11.86,0,0
5/12/2025 16:00,3.89,261,W,10.3,0,0
5/12/2025 17:00,4.28,202,SSW,8.94,0,0
5/12/2025 18:00,3.89,199,SSW,8.55,0,0
5/12/2025 19:00,3.89,214,SW,9.72,0,0
5/12/2025 20:00,4.08,264,W,7.97,0,0
5/12/2025 21:00,3.69,255,WSW,8.36,0,0
5/12/2025 22:00,5.83,298,WNW,8.55,0,0
5/12/2025 23:00,7.58,312,NW,9.33,0,0
5/13/2025 0:00,8.94,289,WNW,10.69,0,0
5/13/2025 1:00,5.44,294,WNW,7.97,0,0
5/13/2025 2:00,6.8,274,W,9.14,0,0
5/13/2025 3:00,7.78,287,WNW,12.64,0,0
5/13/2025 4:00,4.86,296,WNW,7.78,0,0
5/13/2025 5:00,7.19,307,NW,8.94,0,0
5/13/2025 6:00,4.86,284,WNW,6.22,0,0
5/13/2025 7:00,5.44,307,NW,7.39,0,0
5/13/2025 8:00,3.11,300,WNW,4.47,0,0
5/13/2025 9:00,0.97,328,NNW,2.33,0,0
5/13/2025 10:00,4.86,154,SSE,5.83,0,0
5/13/2025 11:00,6.61,164,SSE,8.36,0,0
5/13/2025 12:00,3.89,165,SSE,6.03,0,0
5/13/2025 13:00,7.78,161,SSE,9.91,0,0
5/13/2025 14:00,7.19,186,S,11.66,0,0
5/13/2025 15:00,3.69,210,SSW,10.11,0,0
5/13/2025 16:00,4.28,204,SSW,8.16,0,0
5/13/2025 17:00,7,220,SW,11.27,0,0
5/13/2025 18:00,5.25,302,WNW,8.55,0,0
5/13/2025 19:00,7.39,293,WNW,10.89,0,0
5/13/2025 20:00,9.91,309,NW,12.44,0,0
5/13/2025 21:00,9.33,331,NNW,12.05,0,0
5/13/2025 22:00,6.8,313,NW,9.52,0,0
5/13/2025 23:00,4.86,160,SSE,5.83,0,0
5/14/2025 0:00,6.8,166,SSE,8.94,0,0
5/14/2025 1:00,6.41,168,SSE,8.55,0,0
5/14/2025 2:00,6.41,170,S,9.72,0,0
5/14/2025 3:00,4.08,160,SSE,5.25,0,0
5/14/2025 4:00,8.55,162,SSE,11.47,0,0
5/14/2025 5:00,7.97,160,SSE,11.86,0,0
5/14/2025 6:00,6.61,160,SSE,9.33,0,0
5/14/2025 7:00,7.58,160,SSE,10.89,0,0
5/14/2025 8:00,5.64,170,S,8.75,0,0
5/14/2025 9:00,5.83,163,SSE,8.16,0,0
5/14/2025 10:00,7.19,161,SSE,8.94,0,0
5/14/2025 11:00,4.86,157,SSE,6.8,0,0
5/14/2025 12:00,6.22,195,SSW,10.11,0,0
5/14/2025 13:00,5.83,167,SSE,8.36,0,0
5/14/2025 14:00,5.64,199,SSW,9.14,0,0
5/14/2025 15:00,6.61,194,SSW,9.14,0,0
5/14/2025 16:00,6.03,176,S,12.44,0,0
5/14/2025 17:00,4.67,204,SSW,12.25,0,0
5/14/2025 18:00,1.56,181,S,6.22,0,0
5/14/2025 19:00,2.53,123,ESE,4.28,0,0
5/14/2025 20:00,2.92,148,SSE,4.67,0,0
5/14/2025 21:00,7,140,SE,10.5,0,0
5/14/2025 22:00,9.52,159,SSE,12.44,0,0
5/14/2025 23:00,11.47,164,SSE,13.8,0,0
5/15/2025 0:00,6.03,165,SSE,8.36,0,0
5/15/2025 1:00,4.86,171,S,9.52,0,0
5/15/2025 2:00,5.05,173,S,9.33,0,0
5/15/2025 3:00,5.05,191,S,8.75,0,0
5/15/2025 4:00,3.69,186,S,6.61,0,0
5/15/2025 5:00,4.08,173,S,6.03,0,0
5/15/2025 6:00,2.72,163,SSE,5.83,0,0
5/15/2025 7:00,4.28,184,S,7.19,0,0
5/15/2025 8:00,3.89,173,S,5.83,0,0
5/15/2025 9:00,2.72,184,S,5.25,0,0
5/15/2025 10:00,3.11,177,S,5.05,0,0
5/15/2025 11:00,5.25,157,SSE,6.61,0,0
5/15/2025 12:00,4.67,168,SSE,6.61,0,0
5/15/2025 13:00,6.61,154,SSE,8.94,0,0
5/15/2025 14:00,5.83,193,SSW,8.36,0,0
5/15/2025 15:00,2.14,171,S,4.28,0,0
5/15/2025 16:00,4.28,102,ESE,8.75,0,0
5/15/2025 17:00,3.69,204,SSW,9.14,0,0
5/15/2025 18:00,5.64,196,SSW,9.91,0,0
5/15/2025 19:00,3.89,36,NE,6.03,0,0
5/15/2025 20:00,7.19,334,NNW,9.14,0,0
5/15/2025 21:00,3.3,133,SE,5.64,0,0
5/15/2025 22:00,9.33,156,SSE,13.41,0,0
5/15/2025 23:00,10.3,161,SSE,14.77,0,0
5/16/2025 0:00,14,166,SSE,17.11,0,0
5/16/2025 1:00,13.41,166,SSE,15.94,0,0
5/16/2025 2:00,4.86,146,SE,10.5,0,0
5/16/2025 3:00,8.55,150,SSE,11.86,0,0
5/16/2025 4:00,6.03,138,SE,10.89,0,0
5/16/2025 5:00,7.97,155,SSE,10.89,0,0
5/16/2025 6:00,4.08,154,SSE,5.83,0,0
5/16/2025 7:00,3.5,140,SE,7.97,0,0
5/16/2025 8:00,6.61,164,SSE,7.97,0,0
5/16/2025 9:00,6.8,161,SSE,8.75,0,0
5/16/2025 10:00,8.55,164,SSE,9.72,0,0
5/16/2025 11:00,6.61,161,SSE,8.75,0,0
5/16/2025 12:00,4.47,167,SSE,8.55,0,0
5/16/2025 13:00,5.44,154,SSE,8.16,0,0
5/16/2025 14:00,7.58,164,SSE,9.14,0,0
5/16/2025 15:00,7.58,158,SSE,9.14,0,0
5/16/2025 16:00,6.41,157,SSE,8.75,0,0
5/16/2025 17:00,1.17,274,W,4.47,0,0
5/16/2025 18:00,0.97,124,SE,2.53,0,0
5/16/2025 19:00,4.47,150,SSE,7.78,0,0
5/16/2025 20:00,4.08,121,ESE,5.83,0,0
5/16/2025 21:00,8.94,160,SSE,13.02,0,0
5/16/2025 22:00,1.36,241,WSW,4.08,0,0
5/16/2025 23:00,3.5,143,SE,6.41,0,0
5/17/2025 0:00,10.3,152,SSE,16.33,0,0
5/17/2025 1:00,7.97,149,SSE,12.25,0,0
5/17/2025 2:00,5.44,148,SSE,9.52,0,0
5/17/2025 3:00,5.64,155,SSE,8.16,0,0
5/17/2025 4:00,1.94,27,NNE,3.11,0,0
5/17/2025 5:00,2.92,208,SSW,6.22,0,0
5/17/2025 6:00,0.78,273,W,3.3,0,0
5/17/2025 7:00,15.94,288,WNW,22.16,0,0
5/17/2025 8:00,13.41,286,WNW,20.22,0,0
5/17/2025 9:00,12.83,277,W,17.49,0,0
5/17/2025 10:00,8.55,322,NW,10.5,0,0
5/17/2025 11:00,11.66,317,NW,14.19,0,0
5/17/2025 12:00,14.58,301,WNW,19.05,0,0
5/17/2025 13:00,12.05,283,WNW,16.72,0,0
5/17/2025 14:00,18.66,283,WNW,24.88,0,0
5/17/2025 15:00,17.11,296,WNW,22.55,0,0
5/17/2025 16:00,10.11,318,NW,13.02,0,0
5/17/2025 17:00,16.72,295,WNW,21.19,0,0
5/17/2025 18:00,14.19,281,W,19.83,0,0
5/17/2025 19:00,9.91,278,W,12.25,0,0
5/17/2025 20:00,11.86,299,WNW,14.97,0,0
5/17/2025 21:00,9.33,316,NW,14.19,0,0
5/17/2025 22:00,6.22,158,SSE,7.97,0,0
5/17/2025 23:00,4.08,162,SSE,6.8,0,0
5/18/2025 0:00,4.67,171,S,6.22,0,0
5/18/2025 1:00,2.92,169,S,5.25,0,0
5/18/2025 2:00,5.64,161,SSE,7,0,0
5/18/2025 3:00,2.72,146,SE,5.64,0,0
5/18/2025 4:00,5.64,154,SSE,8.75,0,0
5/18/2025 5:00,4.47,155,SSE,6.41,0,0
5/18/2025 6:00,2.14,164,SSE,3.3,0,0
5/18/2025 7:00,1.94,161,SSE,3.5,0,0
5/18/2025 8:00,4.86,160,SSE,6.22,0,0
5/18/2025 9:00,3.89,160,SSE,5.25,0,0
5/18/2025 10:00,5.83,158,SSE,6.8,0,0
5/18/2025 11:00,5.44,155,SSE,7.78,0,0
5/18/2025 12:00,5.83,159,SSE,7.39,0,0
5/18/2025 13:00,2.33,143,SE,5.44,0,0
5/18/2025 14:00,1.36,222,SW,3.5,0,0
5/18/2025 15:00,3.3,295,WNW,5.83,0,0
5/18/2025 16:00,3.3,226,SW,5.64,0,0
5/18/2025 17:00,9.33,311,NW,14.38,0,0
5/18/2025 18:00,9.14,308,NW,11.86,0,0
5/18/2025 19:00,7,304,NW,9.72,0,0
5/18/2025 20:00,8.36,282,WNW,11.27,0,0
5/18/2025 21:00,7.78,280,W,9.72,0,0
5/18/2025 22:00,5.64,302,WNW,8.94,0,0
5/18/2025 23:00,11.08,288,WNW,14.19,0,0
5/19/2025 0:00,9.52,301,WNW,14,0,0
5/19/2025 1:00,7.19,291,WNW,8.36,0,0
5/19/2025 2:00,4.08,299,WNW,5.44,0,0
5/19/2025 3:00,2.72,344,NNW,4.47,0,0
5/19/2025 4:00,3.3,306,NW,5.44,0,0
5/19/2025 5:00,1.94,119,ESE,4.08,0,0
5/19/2025 6:00,0.78,111,ESE,2.53,0,0
5/19/2025 7:00,2.72,136,SE,3.89,0,0
5/19/2025 8:00,2.53,143,SE,4.67,0,0
5/19/2025 9:00,3.89,156,SSE,6.61,0,0
5/19/2025 10:00,5.25,161,SSE,6.03,0,0
5/19/2025 11:00,4.08,158,SSE,6.22,0,0
5/19/2025 12:00,4.86,166,SSE,6.8,0,0
5/19/2025 13:00,2.92,122,ESE,4.86,0,0
5/19/2025 14:00,4.86,160,SSE,6.41,0,0
5/19/2025 15:00,10.69,309,NW,13.41,0,0
5/19/2025 16:00,4.86,293,WNW,9.52,0,0
5/19/2025 17:00,14.19,297,WNW,16.72,0,0
5/19/2025 18:00,17.11,288,WNW,22.94,0,0
5/19/2025 19:00,14.58,287,WNW,19.83,0,0
5/19/2025 20:00,7.39,286,WNW,11.86,0,0
5/19/2025 21:00,3.89,273,W,7,0,0
5/19/2025 22:00,7.19,312,NW,9.33,0,0
5/19/2025 23:00,0.58,190,S,5.64,0,0
5/20/2025 0:00,1.75,100,E,2.72,0,0
5/20/2025 1:00,4.47,167,SSE,6.61,0,0
5/20/2025 2:00,4.67,152,SSE,9.52,0,0
5/20/2025 3:00,6.22,164,SSE,8.36,0,0
5/20/2025 4:00,6.8,164,SSE,8.55,0,0
5/20/2025 5:00,6.61,161,SSE,7.97,0,0
5/20/2025 6:00,5.25,159,SSE,8.75,0,0
5/20/2025 7:00,4.67,156,SSE,6.61,0,0
5/20/2025 8:00,5.05,157,SSE,6.22,0,0
5/20/2025 9:00,3.3,151,SSE,6.41,0,0
5/20/2025 10:00,3.11,152,SSE,5.05,0,0
5/20/2025 11:00,4.08,186,S,6.61,0,0
5/20/2025 12:00,5.25,180,S,11.08,0,0
5/20/2025 13:00,5.05,174,S,8.36,0,0
5/20/2025 14:00,4.47,186,S,6.41,0,0
5/20/2025 15:00,3.11,151,SSE,4.86,0,0
5/20/2025 16:00,4.47,173,S,7.39,0,0
5/20/2025 17:00,8.36,313,NW,10.5,0,0
5/20/2025 18:00,9.33,326,NW,10.5,0,0
5/20/2025 19:00,2.53,74,ENE,6.03,0,0
5/20/2025 20:00,5.05,160,SSE,6.8,0,0
5/20/2025 21:00,4.08,171,S,5.05,0,0
5/20/2025 22:00,5.44,161,SSE,7.39,0,0
5/20/2025 23:00,7,163,SSE,10.5,0,0
5/21/2025 0:00,4.28,176,S,6.41,0,0
5/21/2025 1:00,7.58,159,SSE,9.14,0,0
5/21/2025 2:00,6.8,183,S,10.3,0,0
5/21/2025 3:00,3.89,163,SSE,7.19,0,0
5/21/2025 4:00,6.41,187,S,10.3,0,0
5/21/2025 5:00,4.67,190,S,7.58,0,0
5/21/2025 6:00,4.47,156,SSE,6.41,0,0
5/21/2025 7:00,4.47,173,S,7,0,0
5/21/2025 8:00,3.89,156,SSE,5.44,0,0
5/21/2025 9:00,5.83,162,SSE,6.8,0,0
5/21/2025 10:00,5.44,158,SSE,7.78,0,0
5/21/2025 11:00,2.53,134,SE,5.25,0,0
5/21/2025 12:00,3.5,191,S,5.83,0,0
5/21/2025 13:00,3.3,140,SE,6.22,0,0
5/21/2025 14:00,4.67,170,S,7,0,0
5/21/2025 15:00,3.11,128,SE,4.86,0,0
5/21/2025 16:00,6.41,159,SSE,10.69,0,0
5/21/2025 17:00,7.97,162,SSE,9.14,0,0
5/21/2025 18:00,5.44,164,SSE,8.36,0,0
5/21/2025 19:00,1.56,191,S,3.69,0,0
5/21/2025 20:00,2.33,175,S,5.64,0,0
5/21/2025 21:00,6.41,191,S,8.75,0,0
5/21/2025 22:00,14,162,SSE,16.33,0,0
5/21/2025 23:00,11.27,163,SSE,13.41,0,0
5/22/2025 0:00,12.44,163,SSE,15.75,0,0
5/22/2025 1:00,8.94,162,SSE,12.44,0,0
5/22/2025 2:00,7.97,155,SSE,10.89,0,0
5/22/2025 3:00,5.83,149,SSE,10.3,0,0
5/22/2025 4:00,5.83,143,SE,8.36,0,0
5/22/2025 5:00,7.19,163,SSE,9.72,0,0
5/22/2025 6:00,8.36,164,SSE,10.5,0,0
5/22/2025 7:00,7.39,167,SSE,11.27,0,0
5/22/2025 8:00,8.36,164,SSE,10.69,0,0
5/22/2025 9:00,7.78,167,SSE,10.89,0,0
5/22/2025 10:00,11.27,163,SSE,14.77,0,0
5/22/2025 11:00,6.22,149,SSE,11.27,0,0
5/22/2025 12:00,1.94,141,SE,4.47,0,0
5/22/2025 13:00,4.86,142,SE,7,0,0
5/22/2025 14:00,6.03,163,SSE,7.58,0,0
5/22/2025 15:00,4.08,149,SSE,7.58,0,0
5/22/2025 16:00,1.36,183,S,2.53,0,0
5/22/2025 17:00,3.89,267,W,7.58,0,0
5/22/2025 18:00,9.72,323,NW,14.19,0,0
5/22/2025 19:00,7.97,308,NW,9.91,0,0
5/22/2025 20:00,2.92,301,WNW,5.83,0,0
5/22/2025 21:00,7.19,307,NW,12.25,0,0
5/22/2025 22:00,10.69,312,NW,13.22,0,0
5/22/2025 23:00,5.25,314,NW,7.97,0,0
5/23/2025 0:00,8.55,311,NW,11.86,0,0
5/23/2025 1:00,8.94,303,WNW,14,0,0
5/23/2025 2:00,8.55,291,WNW,13.8,0,0
5/23/2025 3:00,13.02,297,WNW,16.72,0,0
5/23/2025 4:00,3.11,213,SSW,6.41,0,0
5/23/2025 5:00,1.17,70,ENE,3.5,0,0
5/23/2025 6:00,3.89,197,SSW,6.41,0,0
5/23/2025 7:00,3.89,251,WSW,7.58,0,0
5/23/2025 8:00,2.14,241,WSW,3.11,0,0
5/23/2025 9:00,2.72,149,SSE,4.67,0,0
5/23/2025 10:00,6.41,157,SSE,7.39,0,0
5/23/2025 11:00,4.08,147,SSE,7.58,0,0
5/23/2025 12:00,3.11,142,SE,4.47,0,0
5/23/2025 13:00,8.55,140,SE,13.61,0,0
5/23/2025 14:00,6.61,143,SE,9.33,0,0
5/23/2025 15:00,8.36,153,SSE,12.25,0,0
5/23/2025 16:00,4.86,187,S,6.22,0,0
5/23/2025 17:00,6.61,182,S,8.94,0,0
5/23/2025 18:00,4.47,164,SSE,7.58,0,0
5/23/2025 19:00,4.08,209,SSW,7,0,0
5/23/2025 20:00,4.86,189,S,8.36,0,0
5/23/2025 21:00,1.75,143,SE,5.83,0,0
5/23/2025 22:00,6.22,170,S,8.94,0,0
5/23/2025 23:00,8.55,161,SSE,11.66,0,0
5/24/2025 0:00,8.94,163,SSE,11.66,0,0
5/24/2025 1:00,8.94,171,S,12.44,0,0
5/24/2025 2:00,7.58,167,SSE,11.47,0,0
5/24/2025 3:00,8.36,180,S,10.5,0,0
5/24/2025 4:00,7,168,SSE,11.47,0,0
5/24/2025 5:00,10.5,164,SSE,13.8,0,0
5/24/2025 6:00,11.08,165,SSE,14.19,0,0
5/24/2025 7:00,11.66,161,SSE,14.19,0,0
5/24/2025 8:00,10.11,164,SSE,14.19,0,0
5/24/2025 9:00,10.69,165,SSE,14.58,0,0
5/24/2025 10:00,12.83,160,SSE,14.77,0,0
5/24/2025 11:00,8.55,158,SSE,11.66,0,0
5/24/2025 12:00,12.25,161,SSE,14.58,0,0
5/24/2025 13:00,13.61,158,SSE,18.27,0,0
5/24/2025 14:00,11.86,156,SSE,16.13,0,0
5/24/2025 15:00,12.44,160,SSE,16.33,0,0
5/24/2025 16:00,5.25,155,SSE,7,0,0
5/24/2025 17:00,4.08,172,S,5.83,0,0
5/24/2025 18:00,3.89,233,SW,7.78,0,0
5/24/2025 19:00,3.69,204,SSW,7,0,0
5/24/2025 20:00,5.25,224,SW,7.97,0,0
5/24/2025 21:00,2.33,242,WSW,3.89,0,0
5/24/2025 22:00,3.89,230,SW,6.61,0,0
5/24/2025 23:00,4.86,222,SW,8.55,0,0
5/25/2025 0:00,4.47,247,WSW,5.83,0,0
5/25/2025 1:00,2.53,252,WSW,3.69,0,0
5/25/2025 2:00,2.72,347,NNW,4.86,0,0
5/25/2025 3:00,0.78,114,ESE,2.53,0,0
5/25/2025 4:00,2.72,327,NNW,3.89,0,0
5/25/2025 5:00,2.14,264,W,3.89,0,0
5/25/2025 6:00,6.8,308,NW,7.97,0,0
5/25/2025 7:00,3.11,214,SW,6.61,0,0
5/25/2025 8:00,3.3,166,SSE,5.64,0,0
5/25/2025 9:00,2.92,140,SE,5.83,0,0
5/25/2025 10:00,2.53,134,SE,4.47,0,0
5/25/2025 11:00,6.8,159,SSE,7.97,0,0
5/25/2025 12:00,7.39,159,SSE,8.16,0,0
5/25/2025 13:00,5.25,155,SSE,7.97,0,0
5/25/2025 14:00,3.69,210,SSW,8.55,0,0
5/25/2025 15:00,4.28,198,SSW,6.61,0,0
5/25/2025 16:00,4.67,209,SSW,7.78,0,0
5/25/2025 17:00,2.92,225,SW,5.44,0,0
5/25/2025 18:00,2.92,202,SSW,6.8,0,0
5/25/2025 19:00,6.03,191,S,9.52,0,0
5/25/2025 20:00,4.67,217,SW,7,0,0
5/25/2025 21:00,4.47,255,WSW,7.97,0,0
5/25/2025 22:00,9.91,289,WNW,13.22,0,0
5/25/2025 23:00,3.69,275,W,8.16,0,0
5/26/2025 0:00,4.28,192,SSW,6.03,0,0
5/26/2025 1:00,2.53,201,SSW,5.25,0,0
5/26/2025 2:00,4.67,212,SSW,6.41,0,0
5/26/2025 3:00,3.5,214,SW,8.94,0,0
5/26/2025 4:00,3.69,219,SW,9.14,0,0
5/26/2025 5:00,2.72,257,WSW,6.8,0,0
5/26/2025 6:00,4.47,217,SW,6.41,0,0
5/26/2025 7:00,5.83,218,SW,8.16,0,0
5/26/2025 8:00,4.47,198,SSW,6.03,0,0
5/26/2025 9:00,3.89,174,S,5.44,0,0
5/26/2025 10:00,6.61,181,S,11.08,0,0
5/26/2025 11:00,6.03,196,SSW,12.05,0,0
5/26/2025 12:00,6.41,188,S,10.11,0,0
5/26/2025 13:00,7.39,212,SSW,10.11,0,0
5/26/2025 14:00,5.25,182,S,8.55,0,0
5/26/2025 15:00,5.44,187,S,10.69,0,0
5/26/2025 16:00,3.3,188,S,6.22,0,0
5/26/2025 17:00,4.67,163,SSE,7.97,0,0
5/26/2025 18:00,2.92,129,SE,4.08,0,0
5/26/2025 19:00,2.92,92,E,5.83,0,0
5/26/2025 20:00,3.3,323,NW,6.03,0,0
5/26/2025 21:00,2.92,136,SE,6.41,0,0
5/26/2025 22:00,9.33,166,SSE,12.05,0,0
5/26/2025 23:00,9.72,162,SSE,12.25,0,0
5/27/2025 0:00,10.89,160,SSE,13.02,0,0
5/27/2025 1:00,8.94,159,SSE,11.27,0,0
5/27/2025 2:00,9.14,161,SSE,11.47,0,0
5/27/2025 3:00,6.03,164,SSE,7.97,0,0
5/27/2025 4:00,4.47,181,S,10.89,0,0
5/27/2025 5:00,5.83,177,S,10.11,0,0
5/27/2025 6:00,4.28,175,S,11.86,0,0
5/27/2025 7:00,7,184,S,10.3,0,0
5/27/2025 8:00,6.8,182,S,11.47,0,0
5/27/2025 9:00,7,189,S,10.69,0,0
5/27/2025 10:00,7,182,S,12.44,0,0
5/27/2025 11:00,8.75,185,S,13.61,0,0
5/27/2025 12:00,8.94,188,S,14.77,0,0
5/27/2025 13:00,7.97,180,S,11.47,0,0
5/27/2025 14:00,7.97,190,S,12.05,0,0
5/27/2025 15:00,9.33,190,S,14.58,0,0
5/27/2025 16:00,9.91,188,S,13.8,0,0
5/27/2025 17:00,3.89,161,SSE,6.41,0,0
5/27/2025 18:00,2.33,162,SSE,7.78,0,0
5/27/2025 19:00,7.19,155,SSE,10.3,0,0
5/27/2025 20:00,2.14,209,SSW,6.22,0,0
5/27/2025 21:00,0.58,348,NNW,2.53,0,0
5/27/2025 22:00,3.89,198,SSW,6.61,0,0
5/27/2025 23:00,9.14,215,SW,13.8,0,0
5/28/2025 0:00,4.67,200,SSW,8.75,0,0
5/28/2025 1:00,5.25,215,SW,7.39,0,0
5/28/2025 2:00,6.41,188,S,9.33,0,0
5/28/2025 3:00,4.86,211,SSW,8.36,0,0
5/28/2025 4:00,4.67,214,SW,7,0,0
5/28/2025 5:00,1.56,206,SSW,3.89,0,0
5/28/2025 6:00,1.75,126,SE,3.69,0,0
5/28/2025 7:00,4.86,333,NNW,7.78,0,0
5/28/2025 8:00,1.17,341,NNW,1.75,0,0
5/28/2025 9:00,2.53,138,SE,4.86,0,0
5/28/2025 10:00,5.83,191,S,8.16,0,0
5/28/2025 11:00,4.67,176,S,6.8,0,0
5/28/2025 12:00,3.5,193,SSW,4.47,0,0
5/28/2025 13:00,10.11,316,NW,12.83,0,0
5/28/2025 14:00,10.3,160,SSE,12.05,0,0
5/28/2025 15:00,7.19,163,SSE,9.72,0,0
5/28/2025 16:00,5.25,204,SSW,10.89,0,0
5/28/2025 17:00,3.69,270,W,8.94,0,0
5/28/2025 18:00,3.5,204,SSW,7,0,0
5/28/2025 19:00,3.69,194,SSW,5.44,0,0
5/28/2025 20:00,5.05,277,W,13.41,0,0
5/28/2025 21:00,2.53,277,W,4.28,0,0
5/28/2025 22:00,4.67,142,SE,7.58,0,0
5/28/2025 23:00,4.28,147,SSE,7.19,0,0
5/29/2025 0:00,4.28,195,SSW,7.19,0,0
5/29/2025 1:00,7.39,145,SE,10.89,0,0
5/29/2025 2:00,0.39,126,SE,1.75,0,0
5/29/2025 3:00,7.19,304,NW,10.3,0,0
5/29/2025 4:00,4.67,147,SSE,7.19,0,0
5/29/2025 5:00,4.67,125,SE,7.19,0,0
5/29/2025 6:00,4.08,156,SSE,7.19,0,0
5/29/2025 7:00,3.69,144,SE,7.58,0,0
5/29/2025 8:00,6.03,148,SSE,10.11,0,0
5/29/2025 9:00,8.16,157,SSE,11.27,0,0
5/29/2025 10:00,8.55,157,SSE,10.89,0,0
5/29/2025 11:00,7.58,163,SSE,10.5,0,0
5/29/2025 12:00,7.97,165,SSE,10.3,0,0
5/29/2025 13:00,8.55,172,S,12.05,0,0
5/29/2025 14:00,7.39,157,SSE,8.55,0,0
5/29/2025 15:00,6.41,150,SSE,10.5,0,0
5/29/2025 16:00,4.08,107,ESE,7.97,0,0
5/29/2025 17:00,2.53,79,E,3.69,0,0
5/29/2025 18:00,3.11,137,SE,7.58,0,0
5/29/2025 19:00,3.89,136,SE,5.25,0,0
5/29/2025 20:00,1.56,117,ESE,4.08,0,0
5/29/2025 21:00,6.03,161,SSE,7.78,0,0
5/29/2025 22:00,10.3,165,SSE,14.77,0,0
5/29/2025 23:00,9.91,166,SSE,13.41,0,0
5/30/2025 0:00,11.08,165,SSE,13.61,0,0
5/30/2025 1:00,7.78,166,SSE,11.47,0,0
5/30/2025 2:00,7.78,171,S,11.27,0,0
5/30/2025 3:00,4.86,175,S,8.75,0,0
5/30/2025 4:00,7,191,S,9.52,0,0
5/30/2025 5:00,5.05,197,SSW,6.61,0,0
5/30/2025 6:00,4.28,180,S,6.61,0,0
5/30/2025 7:00,4.86,189,S,7,0,0
5/30/2025 8:00,3.69,173,S,6.61,0,0
5/30/2025 9:00,2.92,173,S,4.86,0,0
5/30/2025 10:00,2.92,152,SSE,3.69,0,0
5/30/2025 11:00,1.94,136,SE,3.89,0,0
5/30/2025 12:00,2.92,147,SSE,4.86,0,0
5/30/2025 13:00,3.89,163,SSE,5.25,0,0
5/30/2025 14:00,5.25,153,SSE,7.19,0,0
5/30/2025 15:00,5.44,149,SSE,7.78,0,0
5/30/2025 16:00,2.92,139,SE,5.25,0,0
5/30/2025 17:00,3.3,119,ESE,5.83,0,0
5/30/2025 18:00,3.69,119,ESE,5.64,0,0
5/30/2025 19:00,2.33,129,SE,5.05,0,0
5/30/2025 20:00,3.5,117,ESE,5.83,0,0
5/30/2025 21:00,2.72,145,SE,6.8,0,0
5/30/2025 22:00,5.83,161,SSE,7.97,0,0
5/30/2025 23:00,8.16,157,SSE,11.27,0,0
5/31/2025 0:00,6.8,157,SSE,11.27,0,0
5/31/2025 1:00,4.47,164,SSE,8.16,0,0
5/31/2025 2:00,2.92,172,S,6.8,0,0
5/31/2025 3:00,5.05,160,SSE,7,0,0
5/31/2025 4:00,2.33,143,SE,4.08,0,0
5/31/2025 5:00,5.83,158,SSE,7.19,0,0
5/31/2025 6:00,4.08,156,SSE,7.19,0,0
5/31/2025 7:00,3.89,158,SSE,8.94,0,0
5/31/2025 8:00,4.67,158,SSE,6.41,0,0
5/31/2025 9:00,4.47,160,SSE,6.22,0,0
5/31/2025 10:00,6.41,162,SSE,11.66,0,0
5/31/2025 11:00,5.83,162,SSE,9.33,0,0
5/31/2025 12:00,6.22,157,SSE,11.66,0,0
5/31/2025 13:00,5.25,158,SSE,10.3,0,0
5/31/2025 14:00,7,157,SSE,9.72,0,0
5/31/2025 15:00,7.39,163,SSE,10.11,0,0
5/31/2025 16:00,9.52,175,S,12.64,0,0
5/31/2025 17:00,5.05,142,SE,9.72,0,0
5/31/2025 18:00,7.97,168,SSE,10.3,0,0
5/31/2025 19:00,8.16,170,S,11.47,0,0
5/31/2025 20:00,7,184,S,10.89,0,0
5/31/2025 21:00,9.33,173,S,13.41,0,0
5/31/2025 22:00,11.27,182,S,16.13,0,0
5/31/2025 23:00,7.78,175,S,11.08,0,0
6/1/2025 0:00,8.36,186,S,13.02,0,0
6/1/2025 1:00,8.94,177,S,14.19,0,0
6/1/2025 2:00,9.33,177,S,13.02,0,0
6/1/2025 3:00,7.58,173,S,11.47,0,0
6/1/2025 4:00,7.58,173,S,11.66,0,0
6/1/2025 5:00,7.58,171,S,10.3,0,0
6/1/2025 6:00,15.55,159,SSE,18.66,0,0
6/1/2025 7:00,13.22,161,SSE,18.66,0,0
6/1/2025 8:00,6.41,170,S,8.36,0,0
6/1/2025 9:00,9.52,180,S,12.64,0,0
6/1/2025 10:00,9.72,172,S,16.13,0,0
6/1/2025 11:00,12.05,184,S,17.49,0,0
6/1/2025 12:00,13.02,180,S,17.11,0,0
6/1/2025 13:00,10.5,180,S,15.55,0,0
6/1/2025 14:00,10.69,178,S,15.36,0,0
6/1/2025 15:00,8.36,184,S,14.97,0,0
6/1/2025 16:00,5.44,198,SSW,12.64,0,0
6/1/2025 17:00,6.61,210,SSW,13.22,0,0
6/1/2025 18:00,8.94,198,SSW,14.97,0,0
6/1/2025 19:00,7.97,199,SSW,13.41,0,0
6/1/2025 20:00,9.91,197,SSW,13.61,0,0
6/1/2025 21:00,9.14,197,SSW,13.22,0,0
6/1/2025 22:00,7.39,187,S,12.05,0,0
6/1/2025 23:00,9.33,194,SSW,13.22,0,0
6/2/2025 0:00,9.52,187,S,14.38,0,0
6/2/2025 1:00,7,193,SSW,13.61,0,0
6/2/2025 2:00,9.14,201,SSW,12.44,0,0
6/2/2025 3:00,6.22,205,SSW,10.89,0,0
6/2/2025 4:00,6.8,227,SW,11.86,0,0
6/2/2025 5:00,6.8,194,SSW,10.5,0,0
6/2/2025 6:00,5.25,230,SW,9.33,0,0
6/2/2025 7:00,5.83,203,SSW,10.11,0,0
6/2/2025 8:00,2.72,204,SSW,7,0,0
6/2/2025 9:00,5.83,195,SSW,9.14,0,0
6/2/2025 10:00,3.69,177,S,6.22,0,0
6/2/2025 11:00,4.67,231,SW,7.39,0,0
6/2/2025 12:00,8.36,219,SW,13.02,0,0
6/2/2025 13:00,9.52,226,SW,17.11,0,0
6/2/2025 14:00,9.91,223,SW,14.97,0,0
6/2/2025 15:00,10.89,221,SW,16.13,0,0
6/2/2025 16:00,10.3,222,SW,15.55,0,0
6/2/2025 17:00,10.69,223,SW,16.72,0,0
6/2/2025 18:00,7.78,225,SW,13.41,0,0
6/2/2025 19:00,8.55,220,SW,13.02,0,0
6/2/2025 20:00,7.58,218,SW,10.69,0,0
6/2/2025 21:00,3.89,229,SW,7.39,0,0
6/2/2025 22:00,5.44,192,SSW,7.78,0,0
6/2/2025 23:00,4.28,218,SW,7.78,0,0
6/3/2025 0:00,6.8,187,S,9.72,0,0
6/3/2025 1:00,4.47,200,SSW,8.94,0,0
6/3/2025 2:00,6.41,198,SSW,10.11,0,0
6/3/2025 3:00,5.44,207,SSW,10.89,0,0
6/3/2025 4:00,4.08,218,SW,10.5,0,0
6/3/2025 5:00,5.25,226,SW,10.3,0,0
6/3/2025 6:00,4.47,201,SSW,10.3,0,0
6/3/2025 7:00,4.08,224,SW,7.58,0,0
6/3/2025 8:00,5.64,191,S,8.36,0,0
6/3/2025 9:00,5.25,200,SSW,8.55,0,0
6/3/2025 10:00,7.97,196,SSW,11.08,0,0
6/3/2025 11:00,5.64,227,SW,10.3,0,0
6/3/2025 12:00,6.22,239,WSW,10.69,0,0
6/3/2025 13:00,6.61,183,S,11.66,0,0
6/3/2025 14:00,6.8,181,S,10.89,0,0
6/3/2025 15:00,4.08,181,S,6.61,0,0
6/3/2025 16:00,3.11,237,WSW,9.14,0,0
6/3/2025 17:00,5.05,239,WSW,10.3,0,0
6/3/2025 18:00,2.53,249,WSW,3.69,0,0
6/3/2025 19:00,5.44,208,SSW,9.14,0,0
6/3/2025 20:00,8.36,221,SW,12.44,0,0
6/3/2025 21:00,6.22,151,SSE,10.89,0,0
6/3/2025 22:00,3.5,227,SW,7.97,0,0
6/3/2025 23:00,4.67,181,S,8.36,0,0
6/4/2025 0:00,2.72,183,S,4.67,0,0
6/4/2025 1:00,3.5,200,SSW,5.64,0,0
6/4/2025 2:00,2.92,212,SSW,5.83,0,0
6/4/2025 3:00,4.86,224,SW,7,0,0
6/4/2025 4:00,6.22,165,SSE,11.47,0,0
6/4/2025 5:00,3.89,190,S,7.19,0,0
6/4/2025 6:00,4.47,215,SW,7.97,0,0
6/4/2025 7:00,3.69,192,SSW,6.41,0,0
6/4/2025 8:00,4.67,179,S,6.61,0,0
6/4/2025 9:00,2.72,241,WSW,7.19,0,0
6/4/2025 10:00,5.05,224,SW,8.16,0,0
6/4/2025 11:00,5.64,224,SW,9.91,0,0
6/4/2025 12:00,4.28,191,S,7.58,0,0
6/4/2025 13:00,5.44,161,SSE,10.3,0,0
6/4/2025 14:00,5.64,225,SW,10.69,0,0
6/4/2025 15:00,8.55,225,SW,13.02,0,0
6/4/2025 16:00,11.27,220,SW,15.94,0,0
6/4/2025 17:00,8.16,215,SW,13.61,0,0
6/4/2025 18:00,7.58,214,SW,14.58,0,0
6/4/2025 19:00,6.8,220,SW,12.64,0,0
6/4/2025 20:00,9.91,195,SSW,14,0,0
6/4/2025 21:00,5.83,217,SW,10.5,0,0
6/4/2025 22:00,5.05,225,SW,10.5,0,0
6/4/2025 23:00,4.28,225,SW,7.97,0,0
6/5/2025 0:00,4.28,212,SSW,8.36,0,0
6/5/2025 1:00,6.8,204,SSW,11.66,0,0
6/5/2025 2:00,6.8,214,SW,10.5,0,0
6/5/2025 3:00,7.58,219,SW,11.47,0,0
6/5/2025 4:00,10.11,203,SSW,14.38,0,0
6/5/2025 5:00,10.89,203,SSW,16.52,0,0
6/5/2025 6:00,12.44,199,SSW,17.88,0,0
6/5/2025 7:00,7.97,205,SSW,12.83,0,0
6/5/2025 8:00,4.86,211,SSW,9.91,0,0
6/5/2025 9:00,6.8,200,SSW,13.02,0,0
6/5/2025 10:00,5.44,225,SW,9.33,0,0
6/5/2025 11:00,7,230,SW,14.19,0,0
6/5/2025 12:00,6.8,232,SW,12.05,0,0
6/5/2025 13:00,12.05,246,WSW,15.75,0,0
6/5/2025 14:00,6.22,233,SW,13.41,0,0
6/5/2025 15:00,7.58,250,WSW,12.25,0,0
6/5/2025 16:00,5.25,235,SW,13.61,0,0
6/5/2025 17:00,6.61,257,WSW,11.66,0,0
6/5/2025 18:00,8.36,256,WSW,16.72,0,0
6/5/2025 19:00,5.05,216,SW,10.89,0,0
6/5/2025 20:00,8.16,251,WSW,11.66,0,0
6/5/2025 21:00,3.5,241,WSW,8.55,0,0
6/5/2025 22:00,5.05,253,WSW,9.14,0,0
6/5/2025 23:00,5.83,263,W,9.33,0,0
6/6/2025 0:00,3.3,246,WSW,8.36,0,0
6/6/2025 1:00,8.36,247,WSW,11.66,0,0
6/6/2025 2:00,8.16,244,WSW,11.66,0,0
6/6/2025 3:00,5.64,238,WSW,11.27,0,0
6/6/2025 4:00,2.53,246,WSW,5.83,0,0
6/6/2025 5:00,2.92,268,W,7.58,0,0
6/6/2025 6:00,3.11,196,SSW,6.22,0,0
6/6/2025 7:00,2.33,227,SW,6.8,0,0
6/6/2025 8:00,2.92,268,W,8.75,0,0
6/6/2025 9:00,3.89,277,W,7,0,0
6/6/2025 10:00,1.75,260,W,5.05,0,0
6/6/2025 11:00,0.97,290,WNW,5.64,0,0
6/6/2025 12:00,4.86,195,SSW,8.75,0,0
6/6/2025 13:00,2.53,201,SSW,6.8,0,0
6/6/2025 14:00,4.67,177,S,7.78,0,0
6/6/2025 15:00,1.94,270,W,5.25,0,0
6/6/2025 16:00,2.14,248,WSW,6.22,0,0
6/6/2025 17:00,3.11,285,WNW,7.39,0,0
6/6/2025 18:00,2.92,208,SSW,7.78,0,0
6/6/2025 19:00,4.67,194,SSW,9.91,0,0
6/6/2025 20:00,6.22,186,S,9.33,0,0
6/6/2025 21:00,3.89,203,SSW,7.19,0,0
6/6/2025 22:00,2.92,249,WSW,7.97,0,0
6/6/2025 23:00,3.69,201,SSW,7.97,0,0
6/7/2025 0:00,1.94,235,SW,6.22,0,0
6/7/2025 1:00,2.53,276,W,6.8,0,0
6/7/2025 2:00,3.11,243,WSW,6.41,0,0
6/7/2025 3:00,1.56,179,S,5.64,0,0
6/7/2025 4:00,2.33,195,SSW,5.44,0,0
6/7/2025 5:00,1.56,211,SSW,7,0,0
6/7/2025 6:00,2.33,224,SW,4.67,0,0
6/7/2025 7:00,3.3,282,WNW,5.25,0,0
6/7/2025 8:00,3.89,224,SW,7,0,0
6/7/2025 9:00,3.5,228,SW,8.75,0,0
6/7/2025 10:00,5.64,224,SW,8.36,0,0
6/7/2025 11:00,6.22,179,S,9.52,0,0
6/7/2025 12:00,7,160,SSE,8.94,0,0
6/7/2025 13:00,4.08,199,SSW,6.03,0,0
6/7/2025 14:00,7.19,197,SSW,12.05,0,0
6/7/2025 15:00,8.55,197,SSW,10.69,0,0
6/7/2025 16:00,4.67,205,SSW,8.94,0,0
6/7/2025 17:00,5.64,223,SW,9.91,0,0
6/7/2025 18:00,7.58,217,SW,11.86,0,0
6/7/2025 19:00,8.36,224,SW,13.61,0,0
6/7/2025 20:00,9.52,228,SW,13.8,0,0
6/7/2025 21:00,8.16,230,SW,12.64,0,0
6/7/2025 22:00,7.58,232,SW,12.83,0,0
6/7/2025 23:00,6.8,223,SW,10.89,0,0
6/8/2025 0:00,6.41,228,SW,10.3,0,0
6/8/2025 1:00,6.03,225,SW,9.72,0,0
6/8/2025 2:00,6.22,221,SW,9.33,0,0
6/8/2025 3:00,6.61,216,SW,10.69,0,0
6/8/2025 4:00,7,222,SW,11.08,0,0
6/8/2025 5:00,6.03,214,SW,10.69,0,0
6/8/2025 6:00,5.25,203,SSW,9.33,0,0
6/8/2025 7:00,6.61,229,SW,9.33,0,0
6/8/2025 8:00,5.25,225,SW,9.14,0,0
6/8/2025 9:00,3.89,193,SSW,8.55,0,0
6/8/2025 10:00,6.8,185,S,10.3,0,0
6/8/2025 11:00,8.55,183,S,13.02,0,0
6/8/2025 12:00,5.44,204,SSW,8.94,0,0
6/8/2025 13:00,8.16,200,SSW,14.38,0,0
6/8/2025 14:00,6.8,213,SSW,11.08,0,0
6/8/2025 15:00,5.83,211,SSW,8.36,0,0
6/8/2025 16:00,9.14,193,SSW,11.86,0,0
6/8/2025 17:00,6.41,216,SW,9.91,0,0
6/8/2025 18:00,7.78,218,SW,12.05,0,0
6/8/2025 19:00,8.55,223,SW,13.8,0,0
6/8/2025 20:00,6.61,219,SW,12.05,0,0
6/8/2025 21:00,7.39,226,SW,11.86,0,0
6/8/2025 22:00,3.5,221,SW,7.97,0,0
6/8/2025 23:00,4.08,232,SW,6.61,0,0
6/9/2025 0:00,2.92,215,SW,4.67,0,0
6/9/2025 1:00,2.33,248,WSW,4.08,0,0
6/9/2025 2:00,4.47,221,SW,7.58,0,0
6/9/2025 3:00,5.25,221,SW,7.58,0,0
6/9/2025 4:00,3.11,231,SW,5.83,0,0
6/9/2025 5:00,2.53,193,SSW,4.86,0,0
6/9/2025 6:00,3.5,209,SSW,5.44,0,0
6/9/2025 7:00,4.47,181,S,8.94,0,0
6/9/2025 8:00,4.86,178,S,7.19,0,0
6/9/2025 9:00,4.47,192,SSW,7,0,0
6/9/2025 10:00,5.44,183,S,9.52,0,0
6/9/2025 11:00,6.8,173,S,11.08,0,0
6/9/2025 12:00,6.41,167,SSE,9.52,0,0
6/9/2025 13:00,5.83,174,S,9.91,0,0
6/9/2025 14:00,6.03,173,S,9.91,0,0
6/9/2025 15:00,6.03,189,S,9.72,0,0
6/9/2025 16:00,1.94,172,S,5.44,0,0
6/9/2025 17:00,5.44,191,S,8.55,0,0
6/9/2025 18:00,1.75,160,SSE,7.19,0,0
6/9/2025 19:00,1.94,145,SE,6.41,0,0
6/9/2025 20:00,0.78,3,N,5.83,0,0
6/9/2025 21:00,3.3,197,SSW,4.67,0,0
6/9/2025 22:00,1.36,166,SSE,7.19,0,0
6/9/2025 23:00,2.14,317,NW,5.64,0,0
6/10/2025 0:00,3.3,261,W,6.22,0,0
6/10/2025 1:00,1.56,190,S,3.89,0,0
6/10/2025 2:00,1.75,223,SW,6.03,0,0
6/10/2025 3:00,2.14,248,WSW,5.44,0,0
6/10/2025 4:00,3.3,163,SSE,5.05,0,0
6/10/2025 5:00,3.89,196,SSW,6.61,0,0
6/10/2025 6:00,4.47,200,SSW,6.41,0,0
6/10/2025 7:00,3.11,255,WSW,6.41,0,0
6/10/2025 8:00,4.86,158,SSE,7,0,0
6/10/2025 9:00,6.41,160,SSE,9.33,0,0
6/10/2025 10:00,3.5,171,S,8.16,0,0
6/10/2025 11:00,3.3,159,SSE,6.22,0,0
6/10/2025 12:00,8.16,159,SSE,10.5,0,0
6/10/2025 13:00,4.67,173,S,8.36,0,0
6/10/2025 14:00,5.83,169,S,8.16,0,0
6/10/2025 15:00,6.41,175,S,11.27,0,0
6/10/2025 16:00,5.25,202,SSW,8.75,0,0
6/10/2025 17:00,4.47,192,SSW,8.36,0,0
6/10/2025 18:00,2.53,209,SSW,7.39,0,0
6/10/2025 19:00,4.47,198,SSW,8.75,0,0
6/10/2025 20:00,2.14,283,WNW,7.39,0,0
6/10/2025 21:00,2.14,219,SW,5.83,0,0
6/10/2025 22:00,3.11,263,W,6.22,0,0
6/10/2025 23:00,2.72,193,SSW,8.55,0,0
6/11/2025 0:00,4.08,200,SSW,8.16,0,0
6/11/2025 1:00,4.47,202,SSW,6.8,0,0
6/11/2025 2:00,2.14,245,WSW,3.89,0,0
6/11/2025 3:00,1.36,276,W,3.5,0,0
6/11/2025 4:00,2.14,238,WSW,3.5,0,0
6/11/2025 5:00,2.14,286,WNW,3.11,0,0
6/11/2025 6:00,3.3,204,SSW,5.44,0,0
6/11/2025 7:00,2.72,205,SSW,5.44,0,0
6/11/2025 8:00,1.75,225,SW,5.44,0,0
6/11/2025 9:00,1.36,322,NW,2.53,0,0
6/11/2025 10:00,3.11,190,S,4.86,0,0
6/11/2025 11:00,4.08,155,SSE,7,0,0
6/11/2025 12:00,6.61,161,SSE,9.33,0,0
6/11/2025 13:00,6.61,162,SSE,9.33,0,0
6/11/2025 14:00,5.44,167,SSE,8.55,0,0
6/11/2025 15:00,7,202,SSW,13.8,0,0
6/11/2025 16:00,3.11,196,SSW,7.78,0,0
6/11/2025 17:00,4.86,202,SSW,8.94,0,0
6/11/2025 18:00,2.53,245,WSW,6.22,0,0
6/11/2025 19:00,1.17,249,WSW,4.86,0,0
6/11/2025 20:00,1.75,202,SSW,4.47,0,0
6/11/2025 21:00,1.36,205,SSW,5.83,0,0
6/11/2025 22:00,3.11,269,W,5.83,0,0
6/11/2025 23:00,1.94,266,W,4.47,0,0
6/12/2025 0:00,1.56,253,WSW,3.69,0,0
6/12/2025 1:00,1.75,266,W,4.28,0,0
6/12/2025 2:00,1.94,273,W,3.3,0,0
6/12/2025 3:00,1.17,184,S,2.14,0,0
6/12/2025 4:00,1.75,166,SSE,5.25,0,0
6/12/2025 5:00,3.89,173,S,5.25,0,0
6/12/2025 6:00,5.05,181,S,8.16,0,0
6/12/2025 7:00,5.05,194,SSW,7.58,0,0
6/12/2025 8:00,3.89,189,S,5.44,0,0
6/12/2025 9:00,8.36,153,SSE,12.83,0,0
6/12/2025 10:00,11.86,158,SSE,14.19,0,0
6/12/2025 11:00,13.41,159,SSE,17.88,0,0
6/12/2025 12:00,14,159,SSE,16.33,0,0
6/12/2025 13:00,9.91,160,SSE,13.61,0,0
6/12/2025 14:00,7.97,158,SSE,10.69,0,0
6/12/2025 15:00,7.97,154,SSE,11.08,0,0
6/12/2025 16:00,10.3,157,SSE,13.41,0,0
6/12/2025 17:00,7,179,S,11.66,0,0
6/12/2025 18:00,3.69,176,S,7,0,0
6/12/2025 19:00,6.41,191,S,10.69,0,0
6/12/2025 20:00,0.97,262,W,7.39,0,0
6/12/2025 21:00,1.94,251,WSW,3.89,0,0
6/12/2025 22:00,1.56,126,SE,3.3,0,0
6/12/2025 23:00,3.5,133,SE,6.41,0,0
6/13/2025 0:00,1.75,289,WNW,3.69,0,0
6/13/2025 1:00,4.08,274,W,6.61,0,0
6/13/2025 2:00,2.53,267,W,4.86,0,0
6/13/2025 3:00,3.3,277,W,6.61,0,0
6/13/2025 4:00,2.14,250,WSW,4.47,0,0
6/13/2025 5:00,3.5,192,SSW,6.22,0,0
6/13/2025 6:00,1.75,260,W,5.64,0,0
6/13/2025 7:00,3.11,171,S,4.86,0,0
6/13/2025 8:00,4.47,172,S,6.22,0,0
6/13/2025 9:00,4.86,188,S,8.16,0,0
6/13/2025 10:00,6.22,161,SSE,9.14,0,0
6/13/2025 11:00,8.75,164,SSE,12.05,0,0
6/13/2025 12:00,7.19,175,S,12.25,0,0
6/13/2025 13:00,7.97,166,SSE,12.83,0,0
6/13/2025 14:00,7.58,168,SSE,12.83,0,0
6/13/2025 15:00,7,182,S,10.69,0,0
6/13/2025 16:00,3.89,185,S,8.75,0,0
6/13/2025 17:00,6.8,178,S,11.47,0,0
6/13/2025 18:00,5.83,176,S,9.33,0,0
6/13/2025 19:00,4.47,184,S,7.78,0,0
6/13/2025 20:00,6.03,171,S,9.72,0,0
6/13/2025 21:00,5.25,174,S,8.36,0,0
6/13/2025 22:00,11.27,149,SSE,19.05,0,0
6/13/2025 23:00,10.3,152,SSE,18.08,0,0
6/14/2025 0:00,11.08,153,SSE,16.13,0,0
6/14/2025 1:00,14.58,160,SSE,20.41,0,0
6/14/2025 2:00,8.55,167,SSE,13.02,0,0
6/14/2025 3:00,7.58,172,S,11.47,0,0
6/14/2025 4:00,5.83,161,SSE,9.52,0,0
6/14/2025 5:00,4.86,174,S,7,0,0
6/14/2025 6:00,5.64,172,S,7.78,0,0
6/14/2025 7:00,4.47,170,S,6.61,0,0
6/14/2025 8:00,5.64,182,S,8.94,0,0
6/14/2025 9:00,7.97,162,SSE,10.89,0,0
6/14/2025 10:00,5.25,170,S,9.14,0,0
6/14/2025 11:00,6.22,176,S,10.5,0,0
6/14/2025 12:00,7.97,186,S,11.86,0,0
6/14/2025 13:00,7.97,160,SSE,9.72,0,0
6/14/2025 14:00,9.91,190,S,14,0,0
6/14/2025 15:00,10.89,179,S,13.41,0,0
6/14/2025 16:00,9.14,178,S,12.83,0,0
6/14/2025 17:00,7.78,156,SSE,9.14,0,0
6/14/2025 18:00,7.58,190,S,10.69,0,0
6/14/2025 19:00,3.3,203,SSW,8.36,0,0
6/14/2025 20:00,3.3,241,WSW,5.05,0,0
6/14/2025 21:00,2.92,264,W,4.47,0,0
6/14/2025 22:00,6.61,166,SSE,9.33,0,0
6/14/2025 23:00,6.22,160,SSE,10.69,0,0
6/15/2025 0:00,7.39,156,SSE,10.3,0,0
6/15/2025 1:00,13.8,162,SSE,17.11,0,0
6/15/2025 2:00,12.05,162,SSE,15.36,0,0
6/15/2025 3:00,7.78,166,SSE,11.66,0,0
6/15/2025 4:00,11.66,161,SSE,14.77,0,0
6/15/2025 5:00,6.22,175,S,9.72,0,0
6/15/2025 6:00,7.58,165,SSE,15.55,0,0
6/15/2025 7:00,9.33,164,SSE,12.64,0,0
6/15/2025 8:00,4.86,180,S,8.75,0,0
6/15/2025 9:00,6.8,174,S,12.05,0,0
6/15/2025 10:00,6.41,192,SSW,10.3,0,0
6/15/2025 11:00,7.58,187,S,11.47,0,0
6/15/2025 12:00,7.97,186,S,13.8,0,0
6/15/2025 13:00,8.36,182,S,14.58,0,0
6/15/2025 14:00,5.83,179,S,8.55,0,0
6/15/2025 15:00,6.41,186,S,10.11,0,0
6/15/2025 16:00,7.97,188,S,11.86,0,0
6/15/2025 17:00,7.97,160,SSE,10.11,0,0
6/15/2025 18:00,2.14,158,SSE,6.61,0,0
6/15/2025 19:00,0.78,179,S,2.72,0,0
6/15/2025 20:00,5.25,157,SSE,7,0,0
6/15/2025 21:00,3.3,160,SSE,5.44,0,0
6/15/2025 22:00,2.14,137,SE,4.47,0,0
6/15/2025 23:00,10.5,156,SSE,14.19,0,0
6/16/2025 0:00,10.11,161,SSE,12.05,0,0
6/16/2025 1:00,2.92,177,S,7,0,0
6/16/2025 2:00,9.14,160,SSE,12.05,0,0
6/16/2025 3:00,8.55,159,SSE,11.08,0,0
6/16/2025 4:00,2.53,173,S,6.8,0,0
6/16/2025 5:00,1.75,220,SW,2.92,0,0
6/16/2025 6:00,3.3,232,SW,6.22,0,0
6/16/2025 7:00,4.08,158,SSE,6.41,0,0
6/16/2025 8:00,4.08,154,SSE,7.78,0,0
6/16/2025 9:00,4.28,152,SSE,7,0,0
6/16/2025 10:00,6.03,154,SSE,9.72,0,0
6/16/2025 11:00,14.38,161,SSE,19.05,0,0
6/16/2025 12:00,8.55,146,SE,14.77,0,0
6/16/2025 13:00,9.14,143,SE,13.61,0,0
6/16/2025 14:00,6.03,142,SE,9.72,0,0
6/16/2025 15:00,4.67,142,SE,8.75,0,0
6/16/2025 16:00,8.55,170,S,11.86,0,0
6/16/2025 17:00,9.72,181,S,12.44,0,0
6/16/2025 18:00,5.05,172,S,8.16,0,0
6/16/2025 19:00,4.67,155,SSE,6.8,0,0
6/16/2025 20:00,4.86,116,ESE,7.78,0,0
6/16/2025 21:00,8.36,139,SE,12.44,0,0
6/16/2025 22:00,7.97,154,SSE,13.02,0,0
6/16/2025 23:00,8.94,157,SSE,11.86,0,0
6/17/2025 0:00,7.19,151,SSE,13.22,0,0
6/17/2025 1:00,8.75,161,SSE,11.66,0,0
6/17/2025 2:00,8.36,154,SSE,11.27,0,0
6/17/2025 3:00,9.91,162,SSE,12.25,0,0
6/17/2025 4:00,10.3,159,SSE,13.61,0,0
6/17/2025 5:00,10.11,159,SSE,13.61,0,0
6/17/2025 6:00,8.55,154,SSE,10.89,0,0
6/17/2025 7:00,7.39,161,SSE,10.5,0,0
6/17/2025 8:00,6.61,154,SSE,9.52,0,0
6/17/2025 9:00,5.83,157,SSE,7.97,0,0
6/17/2025 10:00,6.41,157,SSE,8.16,0,0
6/17/2025 11:00,5.83,153,SSE,9.33,0,0
6/17/2025 12:00,10.3,167,SSE,14,0,0
6/17/2025 13:00,8.16,159,SSE,10.5,0,0
6/17/2025 14:00,8.16,166,SSE,10.89,0,0
6/17/2025 15:00,8.16,160,SSE,9.52,0,0
6/17/2025 16:00,5.05,155,SSE,7.78,0,0
6/17/2025 17:00,2.14,138,SE,4.47,0,0
6/17/2025 18:00,5.05,145,SE,7.19,0,0
6/17/2025 19:00,6.03,116,ESE,8.94,0,0
6/17/2025 20:00,8.55,141,SE,12.44,0,0
6/17/2025 21:00,11.66,155,SSE,15.55,0,0
6/17/2025 22:00,14,162,SSE,17.11,0,0
6/17/2025 23:00,13.61,163,SSE,16.13,0,0
6/18/2025 0:00,8.36,162,SSE,11.08,0,0
6/18/2025 1:00,10.5,161,SSE,12.44,0,0
6/18/2025 2:00,9.91,162,SSE,12.44,0,0
6/18/2025 3:00,6.8,161,SSE,11.86,0,0
6/18/2025 4:00,8.16,165,SSE,11.86,0,0
6/18/2025 5:00,7.78,161,SSE,12.25,0,0
6/18/2025 6:00,11.66,162,SSE,15.55,0,0
6/18/2025 7:00,11.08,162,SSE,14.58,0,0
6/18/2025 8:00,9.33,163,SSE,12.83,0,0
6/18/2025 9:00,7.97,162,SSE,9.33,0,0
6/18/2025 10:00,6.03,167,SSE,7.58,0,0
6/18/2025 11:00,6.41,167,SSE,11.27,0,0
6/18/2025 12:00,7,180,S,11.86,0,0
6/18/2025 13:00,8.16,166,SSE,11.47,0,0
6/18/2025 14:00,5.25,147,SSE,9.14,0,0
6/18/2025 15:00,3.3,193,SSW,6.03,0,0
6/18/2025 16:00,3.89,145,SE,6.22,0,0
6/18/2025 17:00,1.17,214,SW,4.67,0,0
6/18/2025 18:00,2.14,92,E,4.28,0,0
6/18/2025 19:00,0.97,148,SSE,3.89,0,0
6/18/2025 20:00,4.28,131,SE,12.25,0,0
6/18/2025 21:00,8.36,151,SSE,14.38,0,0
6/18/2025 22:00,9.33,151,SSE,14.19,0,0
6/18/2025 23:00,13.02,160,SSE,17.49,0,0
6/19/2025 0:00,9.14,156,SSE,13.22,0,0
6/19/2025 1:00,11.08,166,SSE,13.8,0,0
6/19/2025 2:00,13.41,160,SSE,16.13,0,0
6/19/2025 3:00,16.72,163,SSE,20.6,0,0
6/19/2025 4:00,7.39,173,S,11.27,0,0
6/19/2025 5:00,8.16,157,SSE,10.69,0,0
6/19/2025 6:00,7.19,163,SSE,9.14,0,0
6/19/2025 7:00,,,,,1,1
6/19/2025 8:00,14.19,163,SSE,17.69,0,0
6/19/2025 9:00,7.39,152,SSE,12.83,0,0
6/19/2025 10:00,7.58,157,SSE,11.08,0,0
6/19/2025 11:00,7.39,144,SE,10.3,0,0
6/19/2025 12:00,4.86,130,SE,9.72,0,0
6/19/2025 13:00,2.53,125,SE,7,0,0
6/19/2025 14:00,6.8,308,NW,9.14,0,0
6/19/2025 15:00,8.36,305,NW,13.41,0,0
6/19/2025 16:00,9.14,301,WNW,12.44,0,0
6/19/2025 17:00,4.08,157,SSE,5.25,0,0
6/19/2025 18:00,2.53,133,SE,8.75,0,0
6/19/2025 19:00,4.08,122,ESE,9.14,0,0
6/19/2025 20:00,2.72,137,SE,7.58,0,0
6/19/2025 21:00,12.05,315,NW,15.94,0,0
6/19/2025 22:00,3.3,299,WNW,7.78,0,0
6/19/2025 23:00,3.3,131,SE,9.14,0,0
6/20/2025 0:00,5.83,131,SE,9.72,0,0
6/20/2025 1:00,6.22,132,SE,8.94,0,0
6/20/2025 2:00,9.14,162,SSE,11.86,0,0
6/20/2025 3:00,4.67,327,NNW,6.41,0,0
6/20/2025 4:00,10.89,286,WNW,16.91,0,0
6/20/2025 5:00,4.47,303,WNW,6.8,0,0
6/20/2025 6:00,,,,,1,1
6/20/2025 7:00,8.55,303,WNW,12.64,0,0
6/20/2025 8:00,3.11,264,W,4.47,0,0
6/20/2025 9:00,8.36,158,SSE,10.89,0,0
6/20/2025 10:00,6.41,152,SSE,10.69,0,0
6/20/2025 11:00,4.86,135,SE,11.66,0,0
6/20/2025 12:00,8.75,302,WNW,11.86,0,0
6/20/2025 13:00,14.38,296,WNW,18.27,0,0
6/20/2025 14:00,11.08,287,WNW,17.11,0,0
6/20/2025 15:00,13.61,296,WNW,20.22,0,0
6/20/2025 16:00,12.05,279,W,18.47,0,0
6/20/2025 17:00,11.27,285,WNW,19.63,0,0
6/20/2025 18:00,21.58,294,WNW,26.05,0,0
6/20/2025 19:00,19.05,301,WNW,26.05,0,0
6/20/2025 20:00,17.49,295,WNW,21.58,0,0
6/20/2025 21:00,15.36,298,WNW,21.19,0,0
6/20/2025 22:00,17.49,305,NW,22.55,0,0
6/20/2025 23:00,18.47,303,WNW,23.13,0,0
6/21/2025 0:00,11.08,302,WNW,14.97,0,0
6/21/2025 1:00,5.25,298,WNW,7.19,0,0
6/21/2025 2:00,3.5,243,WSW,5.83,0,0
6/21/2025 3:00,8.75,307,NW,11.47,0,0
6/21/2025 4:00,6.8,301,WNW,11.27,0,0
6/21/2025 5:00,3.3,263,W,5.83,0,0
6/21/2025 6:00,6.03,294,WNW,7.78,0,0
6/21/2025 7:00,8.36,294,WNW,9.14,0,0
6/21/2025 8:00,7.58,301,WNW,9.91,0,0
6/21/2025 9:00,4.08,297,WNW,5.44,0,0
6/21/2025 10:00,2.33,292,WNW,3.11,0,0
6/21/2025 11:00,2.33,207,SSW,6.03,0,0
6/21/2025 12:00,6.03,186,S,8.55,0,0
6/21/2025 13:00,4.86,182,S,6.61,0,0
6/21/2025 14:00,4.28,188,S,8.16,0,0
6/21/2025 15:00,1.56,280,W,3.11,0,0
6/21/2025 16:00,11.86,303,WNW,14.77,0,0
6/21/2025 17:00,10.69,305,NW,14.97,0,0
6/21/2025 18:00,9.91,308,NW,12.64,0,0
6/21/2025 19:00,12.83,299,WNW,16.52,0,0
6/21/2025 20:00,13.8,301,WNW,17.3,0,0
6/21/2025 21:00,5.05,344,NNW,7.39,0,0
6/21/2025 22:00,3.3,333,NNW,5.05,0,0
6/21/2025 23:00,3.69,333,NNW,5.05,0,0
6/22/2025 0:00,6.8,310,NW,8.94,0,0
6/22/2025 1:00,3.5,4,N,5.44,0,0
6/22/2025 2:00,6.22,313,NW,8.94,0,0
6/22/2025 3:00,3.69,11,N,6.03,0,0
6/22/2025 4:00,3.69,354,N,4.67,0,0
6/22/2025 5:00,1.94,194,SSW,3.69,0,0
6/22/2025 6:00,1.36,187,S,2.53,0,0
6/22/2025 7:00,0.78,79,E,2.14,0,0
6/22/2025 8:00,,,,,1,1
6/22/2025 9:00,2.14,164,SSE,3.11,0,0
6/22/2025 10:00,6.22,158,SSE,7.19,0,0
6/22/2025 11:00,4.47,182,S,6.22,0,0
6/22/2025 12:00,7.19,193,SSW,10.11,0,0
6/22/2025 13:00,5.64,181,S,7.97,0,0
6/22/2025 14:00,5.83,161,SSE,7.97,0,0
6/22/2025 15:00,6.61,183,S,9.52,0,0
6/22/2025 16:00,7.19,186,S,10.5,0,0
6/22/2025 17:00,7,188,S,10.3,0,0
6/22/2025 18:00,5.64,164,SSE,7.58,0,0
6/22/2025 19:00,3.3,128,SE,5.05,0,0
6/22/2025 20:00,7.58,306,NW,11.27,0,0
6/22/2025 21:00,5.25,143,SE,8.75,0,0
6/22/2025 22:00,7.39,163,SSE,9.91,0,0
6/22/2025 23:00,,,,,1,1
6/23/2025 0:00,6.61,167,SSE,8.94,0,0
6/23/2025 1:00,6.41,191,S,8.94,0,0
6/23/2025 2:00,7.19,188,S,10.5,0,0
6/23/2025 3:00,7.19,192,SSW,10.3,0,0
6/23/2025 4:00,7.19,199,SSW,9.33,0,0
6/23/2025 5:00,6.41,196,SSW,8.16,0,0
6/23/2025 6:00,7.39,181,S,10.11,0,0
6/23/2025 7:00,8.55,192,SSW,11.47,0,0
6/23/2025 8:00,10.89,194,SSW,14.58,0,0
6/23/2025 9:00,9.14,189,S,13.8,0,0
6/23/2025 10:00,10.3,191,S,13.22,0,0
6/23/2025 11:00,6.8,175,S,11.08,0,0
6/23/2025 12:00,8.75,178,S,11.66,0,0
6/23/2025 13:00,5.83,155,SSE,10.3,0,0
6/23/2025 14:00,5.25,155,SSE,9.33,0,0
6/23/2025 15:00,8.55,186,S,11.47,0,0
6/23/2025 16:00,6.8,171,S,13.8,0,0
6/23/2025 17:00,8.75,163,SSE,11.47,0,0
6/23/2025 18:00,4.47,160,SSE,9.14,0,0
6/23/2025 19:00,1.36,7,N,3.11,0,0
6/23/2025 20:00,2.14,271,W,6.03,0,0
6/23/2025 21:00,3.3,170,S,4.47,0,0
6/23/2025 22:00,4.67,197,SSW,8.94,0,0
6/23/2025 23:00,2.53,179,S,6.03,0,0
6/24/2025 0:00,3.11,194,SSW,6.22,0,0
6/24/2025 1:00,3.89,199,SSW,6.03,0,0
6/24/2025 2:00,4.47,172,S,7.78,0,0
6/24/2025 3:00,,,,,1,1
6/24/2025 4:00,2.92,215,SW,4.67,0,0
6/24/2025 5:00,5.64,174,S,9.14,0,0
6/24/2025 6:00,5.83,180,S,9.72,0,0
6/24/2025 7:00,5.25,179,S,8.55,0,0
6/24/2025 8:00,3.5,211,SSW,7.58,0,0
6/24/2025 9:00,5.64,193,SSW,8.94,0,0
6/24/2025 10:00,7.97,176,S,10.69,0,0
6/24/2025 11:00,8.36,171,S,10.89,0,0
6/24/2025 12:00,8.55,169,S,12.64,0,0
6/24/2025 13:00,9.72,173,S,12.83,0,0
6/24/2025 14:00,,,,,1,1
6/24/2025 15:00,9.72,195,SSW,13.8,0,0
6/24/2025 16:00,7.39,204,SSW,11.47,0,0
6/24/2025 17:00,7.39,204,SSW,12.44,0,0
6/24/2025 18:00,7,206,SSW,12.05,0,0
6/24/2025 19:00,5.25,222,SW,7.39,0,0
6/24/2025 20:00,4.47,222,SW,6.8,0,0
6/24/2025 21:00,3.89,233,SW,7.58,0,0
6/24/2025 22:00,3.5,221,SW,5.83,0,0
6/24/2025 23:00,5.25,198,SSW,8.16,0,0
6/25/2025 0:00,2.72,207,SSW,5.64,0,0
6/25/2025 1:00,2.53,185,S,5.25,0,0
6/25/2025 2:00,0.39,169,S,3.69,0,0
6/25/2025 3:00,,,,,1,1
6/25/2025 4:00,5.25,180,S,7.39,0,0
6/25/2025 5:00,,,,,1,1
6/25/2025 6:00,6.61,215,SW,9.72,0,0
6/25/2025 7:00,7.58,214,SW,9.52,0,0
6/25/2025 8:00,6.22,183,S,10.89,0,0
6/25/2025 9:00,6.41,170,S,10.11,0,0
6/25/2025 10:00,8.36,189,S,11.27,0,0
6/25/2025 11:00,9.72,169,S,12.25,0,0
6/25/2025 12:00,8.16,164,SSE,11.86,0,0
6/25/2025 13:00,12.25,161,SSE,15.16,0,0
6/25/2025 14:00,,,,,1,1
6/25/2025 15:00,6.8,181,S,9.52,0,0
6/25/2025 16:00,7.39,155,SSE,10.5,0,0
6/25/2025 17:00,5.83,156,SSE,7.97,0,0
6/25/2025 18:00,3.5,155,SSE,4.67,0,0
6/25/2025 19:00,,,,,1,1
6/25/2025 20:00,4.08,200,SSW,7.78,0,0
6/25/2025 21:00,0.78,165,SSE,4.28,0,0
6/25/2025 22:00,6.22,163,SSE,7.58,0,0
6/25/2025 23:00,7.39,161,SSE,11.08,0,0
6/26/2025 0:00,14.58,158,SSE,19.05,0,0
6/26/2025 1:00,12.25,154,SSE,17.49,0,0
6/26/2025 2:00,12.64,160,SSE,17.88,0,0
6/26/2025 3:00,13.02,160,SSE,18.08,0,0
6/26/2025 4:00,,,,,1,1
6/26/2025 5:00,11.08,159,SSE,16.72,0,0
6/26/2025 6:00,8.55,156,SSE,14,0,0
6/26/2025 7:00,9.52,157,SSE,13.22,0,0
6/26/2025 8:00,9.52,159,SSE,13.61,0,0
6/26/2025 9:00,7.97,156,SSE,11.47,0,0
6/26/2025 10:00,5.05,145,SE,11.08,0,0
6/26/2025 11:00,,,,,1,1
6/26/2025 12:00,9.72,159,SSE,11.27,0,0
6/26/2025 13:00,,,,,1,1
6/26/2025 14:00,10.5,158,SSE,14.77,0,0
6/26/2025 15:00,7.19,157,SSE,10.11,0,0
6/26/2025 16:00,8.36,150,SSE,12.83,0,0
6/26/2025 17:00,3.5,143,SE,7,0,0
6/26/2025 18:00,,,,,1,1
6/26/2025 19:00,2.33,119,ESE,4.08,0,0
6/26/2025 20:00,4.08,136,SE,9.33,0,0
6/26/2025 21:00,13.61,155,SSE,18.08,0,0
6/26/2025 22:00,12.05,156,SSE,15.55,0,0
6/26/2025 23:00,13.02,158,SSE,15.75,0,0
6/27/2025 0:00,9.72,166,SSE,13.61,0,0
6/27/2025 1:00,,,,,1,1
6/27/2025 2:00,5.83,167,SSE,7.97,0,0
6/27/2025 3:00,5.44,170,S,8.36,0,0
6/27/2025 4:00,6.03,163,SSE,7.58,0,0
6/27/2025 5:00,5.44,170,S,7.97,0,0
6/27/2025 6:00,4.67,180,S,7.39,0,0
6/27/2025 7:00,5.05,190,S,6.41,0,0
6/27/2025 8:00,4.67,196,SSW,6.41,0,0
6/27/2025 9:00,4.08,171,S,6.41,0,0
6/27/2025 10:00,5.64,187,S,8.16,0,0
6/27/2025 11:00,5.64,183,S,8.55,0,0
6/27/2025 12:00,8.94,185,S,13.02,0,0
6/27/2025 13:00,6.61,178,S,12.64,0,0
6/27/2025 14:00,5.05,159,SSE,8.16,0,0
6/27/2025 15:00,6.61,175,S,9.72,0,0
6/27/2025 16:00,8.16,164,SSE,10.69,0,0
6/27/2025 17:00,9.33,160,SSE,12.44,0,0
6/27/2025 18:00,7.97,175,S,11.27,0,0
6/27/2025 19:00,4.08,147,SSE,8.16,0,0
6/27/2025 20:00,6.8,181,S,9.52,0,0
6/27/2025 21:00,9.72,180,S,13.22,0,0
6/27/2025 22:00,11.66,184,S,15.16,0,0
6/27/2025 23:00,10.69,188,S,14.38,0,0
6/28/2025 0:00,,,,,1,1
6/28/2025 1:00,8.94,168,SSE,12.25,0,0
6/28/2025 2:00,,,,,1,1
6/28/2025 3:00,6.61,173,S,10.11,0,0
6/28/2025 4:00,6.22,175,S,9.33,0,0
6/28/2025 5:00,3.11,252,WSW,5.44,0,0
6/28/2025 6:00,3.11,234,SW,4.86,0,0
6/28/2025 7:00,4.28,246,WSW,5.64,0,0
6/28/2025 8:00,3.11,263,W,4.08,0,0
6/28/2025 9:00,1.17,255,WSW,3.11,0,0
6/28/2025 10:00,1.94,132,SE,3.3,0,0
6/28/2025 11:00,2.33,205,SSW,3.3,0,0
6/28/2025 12:00,1.75,134,SE,4.47,0,0
6/28/2025 13:00,,,,,1,1
6/28/2025 14:00,3.3,187,S,5.05,0,0
6/28/2025 15:00,2.53,79,E,4.67,0,0
6/28/2025 16:00,4.08,263,W,7.39,0,0
6/28/2025 17:00,,,,,1,1
6/28/2025 18:00,0.97,240,WSW,2.72,0,0
6/28/2025 19:00,1.36,217,SW,2.72,0,0
6/28/2025 20:00,1.36,216,SW,4.67,0,0
6/28/2025 21:00,7.78,156,SSE,9.33,0,0
6/28/2025 22:00,3.5,155,SSE,7.19,0,0
6/28/2025 23:00,2.53,237,WSW,4.67,0,0
6/29/2025 0:00,2.33,145,SE,3.69,0,0
6/29/2025 1:00,3.11,262,W,4.08,0,0
6/29/2025 2:00,3.11,179,S,5.25,0,0
6/29/2025 3:00,4.47,167,SSE,6.8,0,0
6/29/2025 4:00,,,,,1,1
6/29/2025 5:00,2.72,194,SSW,4.08,0,0
6/29/2025 6:00,3.5,29,NNE,4.67,0,0
6/29/2025 7:00,1.56,150,SSE,2.53,0,0
6/29/2025 8:00,4.86,196,SSW,7.97,0,0
6/29/2025 9:00,2.53,194,SSW,5.25,0,0
6/29/2025 10:00,4.28,175,S,7.97,0,0
6/29/2025 11:00,5.44,159,SSE,8.75,0,0
6/29/2025 12:00,,,,,1,1
6/29/2025 13:00,3.5,181,S,7.58,0,0
6/29/2025 14:00,3.3,169,S,6.8,0,0
6/29/2025 15:00,6.8,146,SE,11.66,0,0
6/29/2025 16:00,9.33,152,SSE,13.61,0,0
6/29/2025 17:00,2.33,4,N,6.41,0,0
6/29/2025 18:00,6.22,153,SSE,14,0,0
6/29/2025 19:00,10.89,155,SSE,12.83,0,0
6/29/2025 20:00,5.83,182,S,10.5,0,0
6/29/2025 21:00,5.05,168,SSE,8.75,0,0
6/29/2025 22:00,2.92,207,SSW,5.64,0,0
6/29/2025 23:00,5.83,158,SSE,8.94,0,0
6/30/2025 0:00,4.86,162,SSE,10.5,0,0
6/30/2025 1:00,2.53,185,S,7.58,0,0
6/30/2025 2:00,2.92,193,SSW,4.86,0,0
6/30/2025 3:00,2.72,204,SSW,4.67,0,0
6/30/2025 4:00,7.58,155,SSE,9.33,0,0
6/30/2025 5:00,2.72,181,S,4.86,0,0
6/30/2025 6:00,2.72,194,SSW,5.44,0,0
6/30/2025 7:00,2.53,167,SSE,5.25,0,0
6/30/2025 8:00,2.53,194,SSW,5.25,0,0
6/30/2025 9:00,,,,,1,1
6/30/2025 10:00,5.83,156,SSE,8.94,0,0
6/30/2025 11:00,6.61,167,SSE,11.47,0,0
6/30/2025 12:00,11.47,160,SSE,14.19,0,0
6/30/2025 13:00,5.83,156,SSE,13.02,0,0
6/30/2025 14:00,3.11,155,SSE,5.25,0,0
6/30/2025 15:00,6.03,154,SSE,7.97,0,0
6/30/2025 16:00,3.3,158,SSE,6.03,0,0
6/30/2025 17:00,7.39,160,SSE,9.91,0,0
6/30/2025 18:00,8.55,158,SSE,13.22,0,0
6/30/2025 19:00,6.22,153,SSE,10.11,0,0
6/30/2025 20:00,,,,,1,1
6/30/2025 21:00,3.89,251,WSW,6.03,0,0
6/30/2025 22:00,4.28,211,SSW,7.58,0,0
6/30/2025 23:00,6.22,195,SSW,10.11,0,0
7/1/2025 0:00,7.78,196,SSW,11.86,0,0
7/1/2025 1:00,,,,,1,1
7/1/2025 2:00,3.11,179,S,5.64,0,0
7/1/2025 3:00,4.47,167,SSE,6.22,0,0
7/1/2025 4:00,3.69,216,SW,5.44,0,0
7/1/2025 5:00,4.67,200,SSW,6.61,0,0
7/1/2025 6:00,8.36,191,S,9.91,0,0
7/1/2025 7:00,7.97,185,S,12.05,0,0
7/1/2025 8:00,6.22,259,W,9.52,0,0
7/1/2025 9:00,4.08,218,SW,7.19,0,0
7/1/2025 10:00,,,,,1,1
7/1/2025 11:00,5.05,168,SSE,7.19,0,0
7/1/2025 12:00,6.22,162,SSE,10.69,0,0
7/1/2025 13:00,,,,,1,1
7/1/2025 14:00,11.08,177,S,15.75,0,0
7/1/2025 15:00,7.58,183,S,11.66,0,0
7/1/2025 16:00,6.41,185,S,10.69,0,0
7/1/2025 17:00,1.75,15,NNE,4.08,0,0
7/1/2025 18:00,3.89,39,NE,6.03,0,0
7/1/2025 19:00,3.3,181,S,7.97,0,0
7/1/2025 20:00,4.86,206,SSW,7.39,0,0
7/1/2025 21:00,5.44,163,SSE,8.55,0,0
7/1/2025 22:00,2.92,227,SW,7.58,0,0
7/1/2025 23:00,5.83,163,SSE,8.94,0,0
7/2/2025 0:00,5.83,177,S,8.94,0,0
7/2/2025 1:00,4.28,171,S,8.75,0,0
7/2/2025 2:00,6.41,181,S,12.05,0,0
7/2/2025 3:00,,,,,1,1
7/2/2025 4:00,8.55,178,S,13.22,0,0
7/2/2025 5:00,8.94,171,S,12.64,0,0
7/2/2025 6:00,10.3,179,S,13.02,0,0
7/2/2025 7:00,,,,,1,1
7/2/2025 8:00,9.91,182,S,13.61,0,0
7/2/2025 9:00,9.33,169,S,12.83,0,0
7/2/2025 10:00,10.5,191,S,14.38,0,0
7/2/2025 11:00,11.66,185,S,15.94,0,0
7/2/2025 12:00,10.5,181,S,13.8,0,0
7/2/2025 13:00,,,,,1,1
7/2/2025 14:00,12.05,180,S,17.11,0,0
7/2/2025 15:00,,,,,1,1
7/2/2025 16:00,,,,,1,1
7/2/2025 17:00,8.94,155,SSE,11.66,0,0
7/2/2025 18:00,7.58,156,SSE,10.3,0,0
7/2/2025 19:00,1.75,198,SSW,6.41,0,0
7/2/2025 20:00,8.94,164,SSE,14.77,0,0
7/2/2025 21:00,8.55,160,SSE,12.83,0,0
7/2/2025 22:00,10.5,157,SSE,15.55,0,0
7/2/2025 23:00,12.44,163,SSE,15.75,0,0
7/3/2025 0:00,7.78,164,SSE,13.02,0,0
7/3/2025 1:00,4.67,156,SSE,8.36,0,0
7/3/2025 2:00,6.61,161,SSE,9.72,0,0
7/3/2025 3:00,7.58,158,SSE,11.08,0,0
7/3/2025 4:00,,,,,1,1
7/3/2025 5:00,12.44,160,SSE,20.22,0,0
7/3/2025 6:00,11.66,161,SSE,14.38,0,0
7/3/2025 7:00,12.25,160,SSE,16.72,0,0
7/3/2025 8:00,13.8,162,SSE,16.33,0,0
7/3/2025 9:00,14,161,SSE,16.33,0,0
7/3/2025 10:00,18.27,161,SSE,21.38,0,0
7/3/2025 11:00,15.94,159,SSE,20.99,0,0
7/3/2025 12:00,11.27,154,SSE,16.13,0,0
7/3/2025 13:00,10.89,163,SSE,16.72,0,0
7/3/2025 14:00,6.41,166,SSE,10.69,0,0
7/3/2025 15:00,,,,,1,1
7/3/2025 16:00,5.44,171,S,9.91,0,0
7/3/2025 17:00,5.44,159,SSE,9.72,0,0
7/3/2025 18:00,3.69,167,SSE,7.19,0,0
7/3/2025 19:00,5.44,188,S,7.97,0,0
7/3/2025 20:00,3.89,187,S,7.19,0,0
7/3/2025 21:00,8.55,162,SSE,10.5,0,0
7/3/2025 22:00,5.05,164,SSE,10.89,0,0
7/3/2025 23:00,6.03,167,SSE,9.72,0,0
7/4/2025 0:00,6.03,168,SSE,10.89,0,0
7/4/2025 1:00,2.92,168,SSE,5.05,0,0
7/4/2025 2:00,1.75,297,WNW,2.92,0,0
7/4/2025 3:00,1.36,44,NE,2.53,0,0
7/4/2025 4:00,3.11,130,SE,4.86,0,0
7/4/2025 5:00,1.75,285,WNW,2.33,0,0
7/4/2025 6:00,4.86,152,SSE,8.36,0,0
7/4/2025 7:00,10.3,165,SSE,13.61,0,0
7/4/2025 8:00,5.83,152,SSE,8.75,0,0
7/4/2025 9:00,,,,,1,1
7/4/2025 10:00,4.67,155,SSE,7.58,0,0
7/4/2025 11:00,4.08,147,SSE,9.33,0,0
7/4/2025 12:00,3.11,121,ESE,4.86,0,0
7/4/2025 13:00,,,,,1,1
7/4/2025 14:00,8.55,184,S,13.8,0,0
7/4/2025 15:00,7,194,SSW,12.05,0,0
7/4/2025 16:00,5.83,191,S,9.52,0,0
7/4/2025 17:00,5.44,326,NW,7.39,0,0
7/4/2025 18:00,4.86,311,NW,10.89,0,0
7/4/2025 19:00,,,,,1,1
7/4/2025 20:00,10.11,320,NW,11.27,0,0
7/4/2025 21:00,7,287,WNW,9.52,0,0
7/4/2025 22:00,2.92,155,SSE,6.22,0,0
7/4/2025 23:00,2.33,141,SE,4.86,0,0
7/5/2025 0:00,3.89,145,SE,7.39,0,0
7/5/2025 1:00,,,,,1,1
7/5/2025 2:00,4.67,114,ESE,7,0,0
7/5/2025 3:00,,,,,1,1
7/5/2025 4:00,3.69,133,SE,6.03,0,0
7/5/2025 5:00,6.22,159,SSE,7.78,0,0
7/5/2025 6:00,7.19,163,SSE,10.11,0,0
7/5/2025 7:00,9.14,159,SSE,13.41,0,0
7/5/2025 8:00,9.52,160,SSE,14.38,0,0
7/5/2025 9:00,11.27,161,SSE,14,0,0
7/5/2025 10:00,10.3,161,SSE,15.16,0,0
7/5/2025 11:00,10.5,157,SSE,12.83,0,0
7/5/2025 12:00,7.78,160,SSE,11.27,0,0
7/5/2025 13:00,6.61,159,SSE,9.33,0,0
7/5/2025 14:00,6.22,164,SSE,10.11,0,0
7/5/2025 15:00,7,182,S,12.05,0,0
7/5/2025 16:00,7,183,S,13.02,0,0
7/5/2025 17:00,7,182,S,10.5,0,0
7/5/2025 18:00,6.22,164,SSE,10.3,0,0
7/5/2025 19:00,5.64,191,S,8.16,0,0
7/5/2025 20:00,4.47,138,SE,6.41,0,0
7/5/2025 21:00,6.03,159,SSE,8.16,0,0
7/5/2025 22:00,,,,,1,1
7/5/2025 23:00,10.69,153,SSE,17.3,0,0
7/6/2025 0:00,11.66,161,SSE,17.88,0,0
7/6/2025 1:00,13.8,158,SSE,17.69,0,0
7/6/2025 2:00,13.22,163,SSE,16.72,0,0
7/6/2025 3:00,13.22,162,SSE,16.72,0,0
7/6/2025 4:00,7.78,170,S,14.97,0,0
7/6/2025 5:00,9.14,163,SSE,13.22,0,0
7/6/2025 6:00,8.94,163,SSE,11.47,0,0
7/6/2025 7:00,,,,,1,1
7/6/2025 8:00,7,168,SSE,10.69,0,0
7/6/2025 9:00,6.41,171,S,10.3,0,0
7/6/2025 10:00,,,,,1,1
7/6/2025 11:00,7.58,180,S,14.58,0,0
7/6/2025 12:00,,,,,1,1
7/6/2025 13:00,8.36,168,SSE,12.44,0,0
7/6/2025 14:00,9.72,165,SSE,13.41,0,0
7/6/2025 15:00,7.58,168,SSE,11.27,0,0
7/6/2025 16:00,2.72,178,S,6.41,0,0
7/6/2025 17:00,5.05,167,SSE,9.72,0,0
7/6/2025 18:00,1.56,205,SSW,5.05,0,0
7/6/2025 19:00,6.22,161,SSE,7.97,0,0
7/6/2025 20:00,1.94,131,SE,3.69,0,0
7/6/2025 21:00,2.92,225,SW,4.28,0,0
7/6/2025 22:00,5.25,252,WSW,9.52,0,0
7/6/2025 23:00,6.61,169,S,9.14,0,0
7/7/2025 0:00,2.53,194,SSW,6.61,0,0
7/7/2025 1:00,,,,,1,1
7/7/2025 2:00,4.28,220,SW,7.58,0,0
7/7/2025 3:00,1.75,273,W,3.89,0,0
7/7/2025 4:00,3.11,182,S,7.19,0,0
7/7/2025 5:00,5.05,195,SSW,13.41,0,0
7/7/2025 6:00,3.69,266,W,7.39,0,0
7/7/2025 7:00,3.3,210,SSW,7.19,0,0
7/7/2025 8:00,,,,,1,1
7/7/2025 9:00,3.11,208,SSW,8.94,0,0
7/7/2025 10:00,6.22,178,S,10.11,0,0
7/7/2025 11:00,5.83,173,S,11.66,0,0
7/7/2025 12:00,7.78,228,SW,12.25,0,0
7/7/2025 13:00,4.67,214,SW,8.75,0,0
7/7/2025 14:00,5.05,218,SW,9.33,0,0
7/7/2025 15:00,6.03,222,SW,12.05,0,0
7/7/2025 16:00,6.03,228,SW,12.05,0,0
7/7/2025 17:00,,,,,1,1
7/7/2025 18:00,10.3,239,WSW,14.19,0,0
7/7/2025 19:00,8.75,246,WSW,12.25,0,0
7/7/2025 20:00,,,,,1,1
7/7/2025 21:00,7.97,236,SW,12.25,0,0
7/7/2025 22:00,6.03,225,SW,11.27,0,0
7/7/2025 23:00,6.41,230,SW,10.5,0,0
7/8/2025 0:00,,,,,1,1
7/8/2025 1:00,,,,,1,1
7/8/2025 2:00,3.11,194,SSW,7.58,0,0
7/8/2025 3:00,3.69,271,W,7.97,0,0
7/8/2025 4:00,2.33,213,SSW,5.44,0,0
7/8/2025 5:00,5.44,193,SSW,8.36,0,0
7/8/2025 6:00,3.69,256,WSW,8.16,0,0
7/8/2025 7:00,2.53,235,SW,8.36,0,0
7/8/2025 8:00,3.89,211,SSW,7.78,0,0
7/8/2025 9:00,4.08,269,W,7.58,0,0
7/8/2025 10:00,5.83,279,W,8.75,0,0
7/8/2025 11:00,4.86,260,W,10.69,0,0
7/8/2025 12:00,,,,,1,1
7/8/2025 13:00,10.69,204,SSW,16.33,0,0
7/8/2025 14:00,,,,,1,1
7/8/2025 15:00,8.36,198,SSW,13.8,0,0
7/8/2025 16:00,,,,,1,1
7/8/2025 17:00,9.52,197,SSW,15.55,0,0
7/8/2025 18:00,9.14,190,S,12.83,0,0
7/8/2025 19:00,8.55,190,S,17.69,0,0
7/8/2025 20:00,12.25,203,SSW,17.3,0,0
7/8/2025 21:00,4.08,198,SSW,9.14,0,0
7/8/2025 22:00,1.94,213,SSW,8.36,0,0
7/8/2025 23:00,,,,,1,1
7/9/2025 0:00,7.19,283,WNW,11.27,0,0
7/9/2025 1:00,5.44,280,W,7.58,0,0
7/9/2025 2:00,5.05,197,SSW,8.55,0,0
7/9/2025 3:00,2.14,253,WSW,8.16,0,0
7/9/2025 4:00,,,,,1,1
7/9/2025 5:00,5.44,192,SSW,7.97,0,0
7/9/2025 6:00,3.5,278,W,5.64,0,0
7/9/2025 7:00,2.53,304,NW,4.86,0,0
7/9/2025 8:00,3.3,278,W,5.83,0,0
7/9/2025 9:00,3.69,165,SSE,6.03,0,0
7/9/2025 10:00,5.05,150,SSE,7.39,0,0
7/9/2025 11:00,6.03,163,SSE,8.94,0,0
7/9/2025 12:00,7.39,158,SSE,8.94,0,0
7/9/2025 13:00,6.22,180,S,9.91,0,0
7/9/2025 14:00,6.03,154,SSE,7.58,0,0
7/9/2025 15:00,6.41,166,SSE,8.16,0,0
7/9/2025 16:00,,,,,1,1
7/9/2025 17:00,2.72,136,SE,5.25,0,0
7/9/2025 18:00,2.53,123,ESE,4.86,0,0
7/9/2025 19:00,3.69,158,SSE,5.44,0,0
7/9/2025 20:00,5.05,161,SSE,6.8,0,0
7/9/2025 21:00,7.39,158,SSE,8.94,0,0
7/9/2025 22:00,7,163,SSE,10.69,0,0
7/9/2025 23:00,6.8,175,S,9.91,0,0
7/10/2025 0:00,6.41,162,SSE,10.89,0,0
7/10/2025 1:00,,,,,1,1
7/10/2025 2:00,9.72,163,SSE,13.02,0,0
7/10/2025 3:00,7.19,154,SSE,12.64,0,0
7/10/2025 4:00,,,,,1,1
7/10/2025 5:00,9.91,161,SSE,12.44,0,0
7/10/2025 6:00,8.36,162,SSE,11.47,0,0
7/10/2025 7:00,6.22,184,S,11.47,0,0
7/10/2025 8:00,9.14,161,SSE,13.02,0,0
7/10/2025 9:00,6.8,188,S,11.27,0,0
7/10/2025 10:00,,,,,1,1
7/10/2025 11:00,7.97,189,S,12.44,0,0
7/10/2025 12:00,7.97,182,S,11.86,0,0
7/10/2025 13:00,6.03,154,SSE,8.16,0,0
7/10/2025 14:00,,,,,1,1
7/10/2025 15:00,4.28,151,SSE,6.22,0,0
7/10/2025 16:00,4.08,165,SSE,7.39,0,0
7/10/2025 17:00,3.69,140,SE,6.41,0,0
7/10/2025 18:00,4.08,140,SE,7.58,0,0
7/10/2025 19:00,,,,,1,1
7/10/2025 20:00,,,,,1,1
7/10/2025 21:00,0.78,205,SSW,2.72,0,0
7/10/2025 22:00,5.64,182,S,7,0,0
7/10/2025 23:00,6.61,152,SSE,11.08,0,0
7/11/2025 0:00,8.16,177,S,10.5,0,0
7/11/2025 1:00,10.5,180,S,14.58,0,0
7/11/2025 2:00,8.36,187,S,13.61,0,0
7/11/2025 3:00,,,,,1,1
7/11/2025 4:00,8.94,180,S,12.44,0,0
7/11/2025 5:00,10.69,187,S,15.36,0,0
7/11/2025 6:00,11.47,181,S,15.16,0,0
7/11/2025 7:00,,,,,1,1
7/11/2025 8:00,9.72,194,SSW,14.38,0,0
7/11/2025 9:00,7.58,187,S,10.69,0,0
7/11/2025 10:00,,,,,1,1
7/11/2025 11:00,10.89,191,S,14.19,0,0
7/11/2025 12:00,8.16,188,S,12.44,0,0
7/11/2025 13:00,7.19,156,SSE,11.08,0,0
7/11/2025 14:00,,,,,1,1
7/11/2025 15:00,7.19,164,SSE,9.91,0,0
7/11/2025 16:00,6.8,174,S,11.08,0,0
7/11/2025 17:00,5.64,167,SSE,9.72,0,0
7/11/2025 18:00,6.61,171,S,9.72,0,0
7/11/2025 19:00,7.19,183,S,12.25,0,0
7/11/2025 20:00,6.61,166,SSE,9.72,0,0
7/11/2025 21:00,,,,,1,1
7/11/2025 22:00,6.8,180,S,9.91,0,0
7/11/2025 23:00,5.83,177,S,12.44,0,0
7/12/2025 0:00,4.47,253,WSW,5.44,0,0
7/12/2025 1:00,,,,,1,1
7/12/2025 2:00,1.75,216,SW,4.47,0,0
7/12/2025 3:00,,,,,1,1
7/12/2025 4:00,2.53,222,SW,5.83,0,0
7/12/2025 5:00,2.72,232,SW,5.44,0,0
7/12/2025 6:00,3.69,208,SSW,4.86,0,0
7/12/2025 7:00,6.03,198,SSW,9.91,0,0
7/12/2025 8:00,5.83,197,SSW,9.14,0,0
7/12/2025 9:00,5.05,203,SSW,9.52,0,0
7/12/2025 10:00,,,,,1,1
7/12/2025 11:00,6.8,186,S,9.91,0,0
7/12/2025 12:00,5.83,174,S,8.75,0,0
7/12/2025 13:00,,,,,1,1
7/12/2025 14:00,4.86,176,S,9.72,0,0
7/12/2025 15:00,6.22,170,S,9.91,0,0
7/12/2025 16:00,,,,,1,1
7/12/2025 17:00,,,,,1,1
7/12/2025 18:00,5.44,256,WSW,10.3,0,0
7/12/2025 19:00,7.78,247,WSW,10.11,0,0
7/12/2025 20:00,,,,,1,1
7/12/2025 21:00,6.41,236,SW,11.86,0,0
7/12/2025 22:00,,,,,1,1
7/12/2025 23:00,2.92,222,SW,5.64,0,0
7/13/2025 0:00,7.97,246,WSW,10.5,0,0
7/13/2025 1:00,3.5,214,SW,7.19,0,0
7/13/2025 2:00,5.05,231,SW,8.94,0,0
7/13/2025 3:00,,,,,1,1
7/13/2025 4:00,2.33,213,SSW,6.41,0,0
7/13/2025 5:00,3.3,268,W,7,0,0
7/13/2025 6:00,3.5,188,S,7.97,0,0
7/13/2025 7:00,3.3,177,S,5.05,0,0
7/13/2025 8:00,3.11,160,SSE,6.03,0,0
7/13/2025 9:00,3.69,194,SSW,7.19,0,0
7/13/2025 10:00,3.11,186,S,5.64,0,0
7/13/2025 11:00,6.03,154,SSE,8.94,0,0
7/13/2025 12:00,6.22,154,SSE,10.11,0,0
7/13/2025 13:00,,,,,1,1
7/13/2025 14:00,6.61,158,SSE,9.91,0,0
7/13/2025 15:00,5.05,159,SSE,7.39,0,0
7/13/2025 16:00,6.03,162,SSE,7.97,0,0
7/13/2025 17:00,5.44,166,SSE,7.39,0,0
7/13/2025 18:00,1.56,133,SE,6.61,0,0
7/13/2025 19:00,4.28,160,SSE,5.44,0,0
7/13/2025 20:00,,,,,1,1
7/13/2025 21:00,5.44,164,SSE,8.36,0,0
7/13/2025 22:00,,,,,1,1
7/13/2025 23:00,3.69,196,SSW,7,0,0
7/14/2025 0:00,4.08,162,SSE,5.83,0,0
7/14/2025 1:00,4.67,150,SSE,7.58,0,0
7/14/2025 2:00,,,,,1,1
7/14/2025 3:00,2.92,165,SSE,5.44,0,0
7/14/2025 4:00,3.3,269,W,6.03,0,0
7/14/2025 5:00,,,,,1,1
7/14/2025 6:00,,,,,1,1
7/14/2025 7:00,6.03,158,SSE,7.58,0,0
7/14/2025 8:00,,,,,1,1
7/14/2025 9:00,5.25,155,SSE,7.39,0,0
7/14/2025 10:00,5.05,153,SSE,7.19,0,0
7/14/2025 11:00,5.64,155,SSE,7,0,0
7/14/2025 12:00,7,158,SSE,9.52,0,0
7/14/2025 13:00,7.19,153,SSE,11.27,0,0
7/14/2025 14:00,6.8,162,SSE,11.27,0,0
7/14/2025 15:00,6.8,176,S,10.69,0,0
7/14/2025 16:00,,,,,1,1
7/14/2025 17:00,3.89,159,SSE,6.22,0,0
7/14/2025 18:00,,,,,1,1
7/14/2025 19:00,7.78,177,S,14.38,0,0
7/14/2025 20:00,3.89,185,S,9.52,0,0
7/14/2025 21:00,3.5,186,S,6.61,0,0
7/14/2025 22:00,,,,,1,1
7/14/2025 23:00,,,,,1,1
7/15/2025 0:00,2.33,249,WSW,8.16,0,0
7/15/2025 1:00,6.61,212,SSW,10.69,0,0
7/15/2025 2:00,4.08,231,SW,7.58,0,0
7/15/2025 3:00,5.83,207,SSW,9.33,0,0
7/15/2025 4:00,5.25,213,SSW,9.52,0,0
7/15/2025 5:00,,,,,1,1
7/15/2025 6:00,6.41,197,SSW,8.36,0,0
7/15/2025 7:00,4.08,222,SW,8.55,0,0
7/15/2025 8:00,5.25,217,SW,10.11,0,0
7/15/2025 9:00,3.89,214,SW,8.94,0,0
7/15/2025 10:00,5.25,205,SSW,9.91,0,0
7/15/2025 11:00,9.33,196,SSW,12.25,0,0
7/15/2025 12:00,6.03,222,SW,10.69,0,0
7/15/2025 13:00,10.5,245,WSW,14.77,0,0
7/15/2025 14:00,,,,,1,1
7/15/2025 15:00,7.97,218,SW,12.83,0,0
7/15/2025 16:00,6.41,219,SW,11.86,0,0
7/15/2025 17:00,8.36,227,SW,13.8,0,0
7/15/2025 18:00,6.22,220,SW,11.47,0,0
7/15/2025 19:00,7.39,223,SW,12.44,0,0
7/15/2025 20:00,9.91,228,SW,16.52,0,0
7/15/2025 21:00,7.19,222,SW,12.25,0,0
7/15/2025 22:00,7.39,215,SW,11.27,0,0
7/15/2025 23:00,6.61,216,SW,10.3,0,0
7/16/2025 0:00,5.25,222,SW,9.14,0,0
7/16/2025 1:00,3.3,218,SW,8.94,0,0
7/16/2025 2:00,4.47,231,SW,7.97,0,0
7/16/2025 3:00,,,,,1,1
7/16/2025 4:00,,,,,1,1
7/16/2025 5:00,6.41,235,SW,11.47,0,0
7/16/2025 6:00,,,,,1,1
7/16/2025 7:00,5.64,214,SW,10.11,0,0
7/16/2025 8:00,,,,,1,1
7/16/2025 9:00,7.39,205,SSW,13.41,0,0
7/16/2025 10:00,7.97,197,SSW,13.8,0,0
7/16/2025 11:00,8.94,193,SSW,14,0,0
7/16/2025 12:00,,,,,1,1
7/16/2025 13:00,,,,,1,1
7/16/2025 14:00,,,,,1,1
7/16/2025 15:00,,,,,1,1
7/16/2025 16:00,,,,,1,1
7/16/2025 17:00,7.97,222,SW,13.22,0,0
7/16/2025 18:00,7.97,218,SW,13.61,0,0
7/16/2025 19:00,7.39,224,SW,11.86,0,0
7/16/2025 20:00,,,,,1,1
7/16/2025 21:00,6.8,226,SW,15.55,0,0
7/16/2025 22:00,7,230,SW,12.25,0,0
7/16/2025 23:00,5.83,226,SW,10.5,0,0
7/17/2025 0:00,6.41,221,SW,11.27,0,0
7/17/2025 1:00,2.53,247,WSW,10.5,0,0
7/17/2025 2:00,4.67,223,SW,7.97,0,0
7/17/2025 3:00,,,,,1,1
7/17/2025 4:00,4.08,225,SW,6.41,0,0
7/17/2025 5:00,,,,,1,1
7/17/2025 6:00,3.5,220,SW,6.03,0,0
7/17/2025 7:00,3.11,233,SW,6.8,0,0
7/17/2025 8:00,5.05,216,SW,7.97,0,0
7/17/2025 9:00,,,,,1,1
7/17/2025 10:00,,,,,1,1
7/17/2025 11:00,3.5,230,SW,7.19,0,0
7/17/2025 12:00,5.05,229,SW,8.75,0,0
7/17/2025 13:00,4.28,195,SSW,9.91,0,0
7/17/2025 14:00,,,,,1,1
7/17/2025 15:00,11.08,184,S,14.97,0,0
7/17/2025 16:00,9.33,180,S,12.44,0,0
7/17/2025 17:00,9.52,170,S,12.25,0,0
7/17/2025 18:00,,,,,1,1
7/17/2025 19:00,7.39,219,SW,11.47,0,0
7/17/2025 20:00,9.72,221,SW,17.3,0,0
7/17/2025 21:00,,,,,1,1
7/17/2025 22:00,6.22,226,SW,9.33,0,0
7/17/2025 23:00,5.44,224,SW,12.44,0,0
7/18/2025 0:00,4.86,241,WSW,8.94,0,0
7/18/2025 1:00,6.03,224,SW,9.33,0,0
7/18/2025 2:00,5.44,220,SW,9.33,0,0
7/18/2025 3:00,5.25,214,SW,9.14,0,0
7/18/2025 4:00,,,,,1,1
7/18/2025 5:00,3.11,207,SSW,6.41,0,0
7/18/2025 6:00,4.08,160,SSE,6.03,0,0
7/18/2025 7:00,4.08,256,WSW,6.61,0,0
7/18/2025 8:00,,,,,1,1
7/18/2025 9:00,,,,,1,1
7/18/2025 10:00,4.86,223,SW,6.8,0,0
7/18/2025 11:00,,,,,1,1
7/18/2025 12:00,,,,,1,1
7/18/2025 13:00,8.94,157,SSE,11.08,0,0
7/18/2025 14:00,4.08,183,S,9.91,0,0
7/18/2025 15:00,,,,,1,1
7/18/2025 16:00,7.58,156,SSE,11.08,0,0
7/18/2025 17:00,,,,,1,1
7/18/2025 18:00,4.67,163,SSE,8.36,0,0
7/18/2025 19:00,,,,,1,1
7/18/2025 20:00,7,246,WSW,9.33,0,0
7/18/2025 21:00,5.83,297,WNW,7.78,0,0
7/18/2025 22:00,4.47,268,W,6.22,0,0
7/18/2025 23:00,3.69,277,W,5.25,0,0
7/19/2025 0:00,,,,,1,1
7/19/2025 1:00,,,,,1,1
7/19/2025 2:00,2.72,201,SSW,6.61,0,0
7/19/2025 3:00,2.53,205,SSW,3.5,0,0
7/19/2025 4:00,1.94,179,S,3.5,0,0
7/19/2025 5:00,,,,,1,1
7/19/2025 6:00,2.72,220,SW,6.22,0,0
7/19/2025 7:00,2.14,189,S,4.86,0,0
7/19/2025 8:00,,,,,1,1
7/19/2025 9:00,,,,,1,1
7/19/2025 10:00,2.53,197,SSW,4.28,0,0
7/19/2025 11:00,5.83,157,SSE,8.55,0,0
7/19/2025 12:00,,,,,1,1
7/19/2025 13:00,8.36,159,SSE,10.11,0,0
7/19/2025 14:00,,,,,1,1
7/19/2025 15:00,3.3,165,SSE,7.78,0,0
7/19/2025 16:00,5.05,167,SSE,8.94,0,0
7/19/2025 17:00,4.28,213,SSW,11.08,0,0
7/19/2025 18:00,3.69,217,SW,7,0,0
7/19/2025 19:00,2.14,231,SW,4.08,0,0
7/19/2025 20:00,6.61,231,SW,11.08,0,0
7/19/2025 21:00,7,228,SW,11.08,0,0
7/19/2025 22:00,,,,,1,1
7/19/2025 23:00,4.86,205,SSW,8.55,0,0
7/20/2025 0:00,,,,,1,1
7/20/2025 1:00,5.64,215,SW,10.3,0,0
7/20/2025 2:00,5.44,206,SSW,8.75,0,0
7/20/2025 3:00,,,,,1,1
7/20/2025 4:00,3.89,211,SSW,7.97,0,0
7/20/2025 5:00,5.05,193,SSW,9.52,0,0
7/20/2025 6:00,,,,,1,1
7/20/2025 7:00,4.86,175,S,8.75,0,0
7/20/2025 8:00,5.44,171,S,12.05,0,0
7/20/2025 9:00,,,,,1,1
7/20/2025 10:00,7.19,154,SSE,9.72,0,0
7/20/2025 11:00,6.41,154,SSE,10.69,0,0
7/20/2025 12:00,7.97,160,SSE,12.05,0,0
7/20/2025 13:00,7.78,160,SSE,12.25,0,0
7/20/2025 14:00,7.78,164,SSE,12.64,0,0
7/20/2025 15:00,7.19,167,SSE,10.69,0,0
7/20/2025 16:00,3.89,200,SSW,6.41,0,0
7/20/2025 17:00,,,,,1,1
7/20/2025 18:00,8.94,219,SW,13.22,0,0
7/20/2025 19:00,,,,,1,1
7/20/2025 20:00,10.69,230,SW,15.55,0,0
7/20/2025 21:00,,,,,1,1
7/20/2025 22:00,7.58,219,SW,12.05,0,0
7/20/2025 23:00,6.41,211,SSW,10.5,0,0
7/21/2025 0:00,4.47,203,SSW,8.94,0,0
7/21/2025 1:00,,,,,1,1
7/21/2025 2:00,5.44,179,S,10.5,0,0
7/21/2025 3:00,4.08,193,SSW,8.16,0,0
7/21/2025 4:00,,,,,1,1
7/21/2025 5:00,5.05,207,SSW,8.94,0,0
7/21/2025 6:00,3.89,226,SW,7.39,0,0
7/21/2025 7:00,1.56,215,SW,4.08,0,0
7/21/2025 8:00,1.94,228,SW,3.5,0,0
7/21/2025 9:00,,,,,1,1
7/21/2025 10:00,,,,,1,1
7/21/2025 11:00,6.61,220,SW,12.64,0,0
7/21/2025 12:00,,,,,1,1
7/21/2025 13:00,7.78,212,SSW,14.58,0,0
7/21/2025 14:00,8.94,217,SW,16.33,0,0
7/21/2025 15:00,8.55,213,SSW,14.97,0,0
7/21/2025 16:00,7.78,213,SSW,12.05,0,0
7/21/2025 17:00,7,211,SSW,11.86,0,0
7/21/2025 18:00,7.19,221,SW,12.44,0,0
7/21/2025 19:00,8.55,228,SW,13.02,0,0
7/21/2025 20:00,6.03,229,SW,10.11,0,0
7/21/2025 21:00,5.25,214,SW,9.72,0,0
7/21/2025 22:00,3.89,181,S,6.03,0,0
7/21/2025 23:00,4.28,192,SSW,7.97,0,0
7/22/2025 0:00,3.3,211,SSW,7.39,0,0
7/22/2025 1:00,4.28,199,SSW,7.39,0,0
7/22/2025 2:00,2.53,183,S,4.08,0,0
7/22/2025 3:00,1.75,207,SSW,5.64,0,0
7/22/2025 4:00,3.69,222,SW,7.19,0,0
7/22/2025 5:00,4.28,222,SW,6.8,0,0
7/22/2025 6:00,4.08,240,WSW,6.61,0,0
7/22/2025 7:00,3.89,238,WSW,6.61,0,0
7/22/2025 8:00,4.86,197,SSW,7.78,0,0
7/22/2025 9:00,3.89,182,S,6.41,0,0
7/22/2025 10:00,4.08,168,SSE,9.33,0,0
7/22/2025 11:00,6.03,158,SSE,11.08,0,0
7/22/2025 12:00,5.64,176,S,11.27,0,0
7/22/2025 13:00,7.58,160,SSE,11.08,0,0
7/22/2025 14:00,4.86,166,SSE,12.25,0,0
7/22/2025 15:00,7.19,187,S,12.44,0,0
7/22/2025 16:00,8.36,218,SW,13.8,0,0
7/22/2025 17:00,7.58,213,SSW,16.52,0,0
7/22/2025 18:00,6.22,235,SW,10.89,0,0
7/22/2025 19:00,7.19,220,SW,13.02,0,0
7/22/2025 20:00,5.25,230,SW,10.89,0,0
7/22/2025 21:00,4.28,240,WSW,9.14,0,0
7/22/2025 22:00,4.86,221,SW,7.39,0,0
7/22/2025 23:00,3.69,222,SW,7.58,0,0
7/23/2025 0:00,7,217,SW,10.3,0,0
7/23/2025 1:00,4.47,257,WSW,9.72,0,0
7/23/2025 2:00,2.92,218,SW,5.83,0,0
7/23/2025 3:00,4.47,210,SSW,10.3,0,0
7/23/2025 4:00,4.08,253,WSW,7.39,0,0
7/23/2025 5:00,5.44,218,SW,9.52,0,0
7/23/2025 6:00,3.11,243,WSW,6.03,0,0
7/23/2025 7:00,3.69,210,SSW,8.16,0,0
7/23/2025 8:00,4.08,217,SW,6.61,0,0
7/23/2025 9:00,4.47,234,SW,6.22,0,0
7/23/2025 10:00,4.47,243,WSW,6.61,0,0
7/23/2025 11:00,3.5,223,SW,5.83,0,0
7/23/2025 12:00,4.08,197,SSW,10.11,0,0
7/23/2025 13:00,4.47,194,SSW,10.69,0,0
7/23/2025 14:00,9.33,223,SW,15.75,0,0
7/23/2025 15:00,7.39,210,SSW,15.36,0,0
7/23/2025 16:00,6.22,231,SW,13.8,0,0
7/23/2025 17:00,9.14,215,SW,13.41,0,0
7/23/2025 18:00,7.19,223,SW,12.05,0,0
7/23/2025 19:00,8.36,218,SW,14.19,0,0
7/23/2025 20:00,6.41,227,SW,12.25,0,0
7/23/2025 21:00,7,220,SW,12.05,0,0
7/23/2025 22:00,5.83,200,SSW,8.75,0,0
7/23/2025 23:00,4.86,211,SSW,9.52,0,0
7/24/2025 0:00,4.47,222,SW,8.16,0,0
7/24/2025 1:00,5.05,225,SW,8.16,0,0
7/24/2025 2:00,3.89,237,WSW,6.8,0,0
7/24/2025 3:00,3.11,215,SW,8.36,0,0
7/24/2025 4:00,5.44,263,W,8.55,0,0
7/24/2025 5:00,5.64,265,W,8.36,0,0
7/24/2025 6:00,5.25,228,SW,7.97,0,0
7/24/2025 7:00,4.08,264,W,7.58,0,0
7/24/2025 8:00,7,240,WSW,9.52,0,0
7/24/2025 9:00,3.69,232,SW,7.78,0,0
7/24/2025 10:00,5.05,235,SW,9.52,0,0
7/24/2025 11:00,6.41,218,SW,9.33,0,0
7/24/2025 12:00,6.41,182,S,9.52,0,0
7/24/2025 13:00,4.86,165,SSE,7.97,0,0
7/24/2025 14:00,7.19,194,SSW,10.11,0,0
7/24/2025 15:00,7.58,224,SW,13.02,0,0
7/24/2025 16:00,8.94,219,SW,13.02,0,0
7/24/2025 17:00,9.52,218,SW,13.22,0,0
7/24/2025 18:00,10.89,213,SSW,16.13,0,0
7/24/2025 19:00,7,222,SW,12.25,0,0
7/24/2025 20:00,8.36,227,SW,13.22,0,0
7/24/2025 21:00,5.83,223,SW,10.69,0,0
7/24/2025 22:00,6.03,220,SW,10.3,0,0
7/24/2025 23:00,7.19,223,SW,12.83,0,0
7/25/2025 0:00,6.8,230,SW,11.27,0,0
7/25/2025 1:00,6.03,217,SW,9.72,0,0
7/25/2025 2:00,4.47,208,SSW,8.75,0,0
7/25/2025 3:00,6.41,223,SW,10.11,0,0
7/25/2025 4:00,6.03,217,SW,10.11,0,0
7/25/2025 5:00,4.28,265,W,7.97,0,0
7/25/2025 6:00,3.5,208,SSW,6.03,0,0
7/25/2025 7:00,4.67,203,SSW,8.55,0,0
7/25/2025 8:00,2.92,247,WSW,5.83,0,0
7/25/2025 9:00,4.47,189,S,7.58,0,0
7/25/2025 10:00,3.3,209,SSW,7.19,0,0
7/25/2025 11:00,5.25,197,SSW,9.91,0,0
7/25/2025 12:00,6.22,160,SSE,8.36,0,0
7/25/2025 13:00,6.61,219,SW,10.3,0,0
7/25/2025 14:00,6.8,201,SSW,10.69,0,0
7/25/2025 15:00,7.58,223,SW,13.41,0,0
7/25/2025 16:00,7.58,224,SW,12.44,0,0
7/25/2025 17:00,8.36,222,SW,13.22,0,0
7/25/2025 18:00,6.03,228,SW,13.41,0,0
7/25/2025 19:00,8.16,220,SW,12.83,0,0
7/25/2025 20:00,9.14,236,SW,14.19,0,0
7/25/2025 21:00,6.8,235,SW,11.47,0,0
7/25/2025 22:00,3.89,242,WSW,7,0,0
7/25/2025 23:00,4.47,215,SW,7.58,0,0
7/26/2025 0:00,4.47,209,SSW,8.94,0,0
7/26/2025 1:00,3.69,173,S,7.97,0,0
7/26/2025 2:00,4.08,219,SW,7.78,0,0
7/26/2025 3:00,5.83,234,SW,8.55,0,0
7/26/2025 4:00,3.5,222,SW,6.22,0,0
7/26/2025 5:00,4.28,204,SSW,7,0,0
7/26/2025 6:00,6.22,210,SSW,11.47,0,0
7/26/2025 7:00,4.28,215,SW,6.8,0,0
7/26/2025 8:00,5.64,201,SSW,9.72,0,0
7/26/2025 9:00,3.11,246,WSW,6.03,0,0
7/26/2025 10:00,4.08,183,S,7.58,0,0
7/26/2025 11:00,3.89,199,SSW,8.55,0,0
7/26/2025 12:00,6.41,156,SSE,9.52,0,0
7/26/2025 13:00,4.28,160,SSE,7.19,0,0
7/26/2025 14:00,7.58,153,SSE,12.44,0,0
7/26/2025 15:00,7.97,189,S,13.61,0,0
7/26/2025 16:00,6.8,205,SSW,14.38,0,0
7/26/2025 17:00,7.58,199,SSW,14.19,0,0
7/26/2025 18:00,4.08,184,S,11.86,0,0
7/26/2025 19:00,2.92,243,WSW,8.55,0,0
7/26/2025 20:00,4.08,281,W,9.33,0,0
7/26/2025 21:00,1.56,220,SW,6.22,0,0
7/26/2025 22:00,1.56,235,SW,5.44,0,0
7/26/2025 23:00,2.72,194,SSW,7.78,0,0
7/27/2025 0:00,3.69,197,SSW,6.8,0,0
7/27/2025 1:00,2.33,237,WSW,6.22,0,0
7/27/2025 2:00,3.69,213,SSW,7.58,0,0
7/27/2025 3:00,1.17,227,SW,3.89,0,0
7/27/2025 4:00,4.47,184,S,6.03,0,0
7/27/2025 5:00,3.5,178,S,6.22,0,0
7/27/2025 6:00,1.17,236,SW,2.14,0,0
7/27/2025 7:00,2.92,239,WSW,6.41,0,0
7/27/2025 8:00,1.94,192,SSW,2.72,0,0
7/27/2025 9:00,2.92,202,SSW,4.47,0,0
7/27/2025 10:00,2.92,179,S,4.67,0,0
7/27/2025 11:00,5.64,174,S,9.14,0,0
7/27/2025 12:00,8.16,179,S,10.5,0,0
7/27/2025 13:00,7.58,189,S,10.5,0,0
7/27/2025 14:00,7.19,189,S,9.91,0,0
7/27/2025 15:00,7,198,SSW,10.69,0,0
7/27/2025 16:00,7,196,SSW,10.89,0,0
7/27/2025 17:00,7.58,197,SSW,10.5,0,0
7/27/2025 18:00,6.03,192,SSW,8.55,0,0
7/27/2025 19:00,5.64,195,SSW,9.91,0,0
7/27/2025 20:00,5.44,200,SSW,9.52,0,0
7/27/2025 21:00,6.8,202,SSW,8.94,0,0
7/27/2025 22:00,5.25,225,SW,8.36,0,0
7/27/2025 23:00,3.11,199,SSW,5.83,0,0
7/28/2025 0:00,3.69,191,S,6.61,0,0
7/28/2025 1:00,4.67,191,S,7.19,0,0
7/28/2025 2:00,5.25,175,S,7.97,0,0
7/28/2025 3:00,4.47,183,S,6.61,0,0
7/28/2025 4:00,4.28,190,S,7.39,0,0
7/28/2025 5:00,3.11,245,WSW,4.47,0,0
7/28/2025 6:00,1.17,330,NNW,1.94,0,0
7/28/2025 7:00,2.92,27,NNE,4.86,0,0
7/28/2025 8:00,5.05,157,SSE,7.19,0,0
7/28/2025 9:00,6.41,163,SSE,8.16,0,0
7/28/2025 10:00,8.55,164,SSE,11.08,0,0
7/28/2025 11:00,10.69,160,SSE,14,0,0
7/28/2025 12:00,7.97,156,SSE,11.08,0,0
7/28/2025 13:00,8.36,174,S,11.47,0,0
7/28/2025 14:00,7,164,SSE,9.33,0,0
7/28/2025 15:00,8.16,162,SSE,11.86,0,0
7/28/2025 16:00,7.97,160,SSE,11.08,0,0
7/28/2025 17:00,5.05,149,SSE,9.72,0,0
7/28/2025 18:00,0.78,346,NNW,2.33,0,0
7/28/2025 19:00,3.11,187,S,5.25,0,0
7/28/2025 20:00,5.05,176,S,7.39,0,0
7/28/2025 21:00,5.05,156,SSE,9.33,0,0
7/28/2025 22:00,5.44,161,SSE,7.19,0,0
7/28/2025 23:00,4.08,142,SE,8.55,0,0
7/29/2025 0:00,9.72,160,SSE,13.22,0,0
7/29/2025 1:00,15.16,161,SSE,17.69,0,0
7/29/2025 2:00,12.83,162,SSE,16.33,0,0
7/29/2025 3:00,6.03,171,S,8.55,0,0
7/29/2025 4:00,8.75,156,SSE,13.41,0,0
7/29/2025 5:00,6.61,164,SSE,9.52,0,0
7/29/2025 6:00,7.39,157,SSE,10.3,0,0
7/29/2025 7:00,4.86,163,SSE,10.5,0,0
7/29/2025 8:00,6.41,174,S,9.52,0,0
7/29/2025 9:00,6.22,160,SSE,10.89,0,0
7/29/2025 10:00,7,170,S,10.89,0,0
7/29/2025 11:00,7.97,162,SSE,11.47,0,0
7/29/2025 12:00,7.78,160,SSE,11.27,0,0
7/29/2025 13:00,8.55,156,SSE,11.08,0,0
7/29/2025 14:00,8.75,155,SSE,12.44,0,0
7/29/2025 15:00,7.58,155,SSE,11.66,0,0
7/29/2025 16:00,9.14,156,SSE,12.83,0,0
7/29/2025 17:00,2.14,172,S,4.47,0,0
7/29/2025 18:00,1.36,202,SSW,5.05,0,0
7/29/2025 19:00,1.17,205,SSW,2.53,0,0
7/29/2025 20:00,4.67,319,NW,6.22,0,0
7/29/2025 21:00,2.92,273,W,4.86,0,0
7/29/2025 22:00,6.22,245,WSW,8.16,0,0
7/29/2025 23:00,3.89,264,W,5.25,0,0
7/30/2025 0:00,0,255,WSW,2.53,0,0
7/30/2025 1:00,2.53,167,SSE,4.86,0,0
7/30/2025 2:00,3.69,165,SSE,5.25,0,0
7/30/2025 3:00,3.89,157,SSE,5.05,0,0
7/30/2025 4:00,4.86,169,S,8.94,0,0
7/30/2025 5:00,6.22,163,SSE,9.91,0,0
7/30/2025 6:00,8.94,165,SSE,13.22,0,0
7/30/2025 7:00,11.86,158,SSE,14.97,0,0
7/30/2025 8:00,12.25,159,SSE,15.94,0,0
7/30/2025 9:00,6.61,172,S,11.47,0,0
7/30/2025 10:00,7.19,163,SSE,11.66,0,0
7/30/2025 11:00,8.55,160,SSE,11.86,0,0
7/30/2025 12:00,11.47,158,SSE,15.36,0,0
7/30/2025 13:00,12.44,161,SSE,14.19,0,0
7/30/2025 14:00,8.55,161,SSE,13.8,0,0
7/30/2025 15:00,9.52,158,SSE,13.02,0,0
7/30/2025 16:00,8.36,168,SSE,13.61,0,0
7/30/2025 17:00,9.91,157,SSE,13.02,0,0
7/30/2025 18:00,4.86,185,S,9.33,0,0
7/30/2025 19:00,3.3,202,SSW,9.52,0,0
7/30/2025 20:00,1.94,292,WNW,5.64,0,0
7/30/2025 21:00,3.89,191,S,7.78,0,0
7/30/2025 22:00,4.86,166,SSE,6.8,0,0
7/30/2025 23:00,10.69,160,SSE,13.61,0,0
7/31/2025 0:00,13.41,159,SSE,16.33,0,0
7/31/2025 1:00,9.91,158,SSE,13.22,0,0
7/31/2025 2:00,9.91,161,SSE,16.13,0,0
7/31/2025 3:00,6.8,167,SSE,14.19,0,0
7/31/2025 4:00,8.75,165,SSE,13.02,0,0
7/31/2025 5:00,7,169,S,11.86,0,0
7/31/2025 6:00,7.58,164,SSE,13.22,0,0
7/31/2025 7:00,5.83,175,S,8.55,0,0
7/31/2025 8:00,4.28,193,SSW,8.94,0,0
7/31/2025 9:00,3.11,212,SSW,7.58,0,0
7/31/2025 10:00,2.14,279,W,4.67,0,0
7/31/2025 11:00,3.5,250,WSW,7.19,0,0
7/31/2025 12:00,7.19,181,S,10.11,0,0
7/31/2025 13:00,7.39,180,S,11.27,0,0
7/31/2025 14:00,8.36,177,S,13.02,0,0
7/31/2025 15:00,8.16,184,S,11.66,0,0
7/31/2025 16:00,7.78,162,SSE,12.64,0,0
7/31/2025 17:00,8.75,179,S,11.86,0,0
7/31/2025 18:00,7,158,SSE,10.69,0,0
7/31/2025 19:00,9.14,161,SSE,11.66,0,0
7/31/2025 20:00,4.86,140,SE,9.14,0,0
7/31/2025 21:00,5.25,142,SE,9.91,0,0
7/31/2025 22:00,9.72,158,SSE,12.44,0,0
7/31/2025 23:00,11.86,155,SSE,17.11,0,0
8/1/2025 0:00,16.13,159,SSE,19.44,0,0
8/1/2025 1:00,14.58,160,SSE,18.47,0,0
8/1/2025 2:00,10.5,158,SSE,13.8,0,0
8/1/2025 3:00,7.19,166,SSE,14,0,0
8/1/2025 4:00,7.39,171,S,12.83,0,0
8/1/2025 5:00,5.64,172,S,9.91,0,0
8/1/2025 6:00,8.16,164,SSE,12.25,0,0
8/1/2025 7:00,6.61,168,SSE,10.11,0,0
8/1/2025 8:00,8.36,169,S,12.64,0,0
8/1/2025 9:00,6.61,175,S,11.47,0,0
8/1/2025 10:00,6.8,189,S,11.27,0,0
8/1/2025 11:00,10.11,185,S,14.58,0,0
8/1/2025 12:00,9.33,176,S,16.91,0,0
8/1/2025 13:00,8.94,159,SSE,13.22,0,0
8/1/2025 14:00,9.33,178,S,15.94,0,0
8/1/2025 15:00,8.55,170,S,14.58,0,0
8/1/2025 16:00,8.55,183,S,14.19,0,0
8/1/2025 17:00,7,164,SSE,9.91,0,0
8/1/2025 18:00,10.89,157,SSE,13.61,0,0
8/1/2025 19:00,4.28,183,S,6.61,0,0
8/1/2025 20:00,2.92,210,SSW,6.22,0,0
8/1/2025 21:00,4.47,191,S,8.75,0,0
8/1/2025 22:00,3.89,163,SSE,7.19,0,0
8/1/2025 23:00,8.55,159,SSE,13.61,0,0
8/2/2025 0:00,12.44,158,SSE,17.88,0,0
8/2/2025 1:00,15.55,159,SSE,18.47,0,0
8/2/2025 2:00,8.16,161,SSE,11.08,0,0
8/2/2025 3:00,5.44,166,SSE,9.33,0,0
8/2/2025 4:00,4.47,160,SSE,7.39,0,0
8/2/2025 5:00,5.64,163,SSE,8.36,0,0
8/2/2025 6:00,3.5,168,SSE,5.05,0,0
8/2/2025 7:00,6.22,155,SSE,9.72,0,0
8/2/2025 8:00,11.08,163,SSE,15.36,0,0
8/2/2025 9:00,13.02,162,SSE,17.69,0,0
8/2/2025 10:00,11.47,164,SSE,16.91,0,0
8/2/2025 11:00,7,162,SSE,12.64,0,0
8/2/2025 12:00,9.72,158,SSE,13.41,0,0
8/2/2025 13:00,12.05,167,SSE,16.33,0,0
8/2/2025 14:00,7.78,166,SSE,10.11,0,0
8/2/2025 15:00,5.64,139,SE,9.14,0,0
8/2/2025 16:00,9.33,150,SSE,15.94,0,0
8/2/2025 17:00,7.78,154,SSE,11.66,0,0
8/2/2025 18:00,6.41,169,S,9.14,0,0
8/2/2025 19:00,8.94,164,SSE,10.89,0,0
8/2/2025 20:00,9.33,174,S,12.83,0,0
8/2/2025 21:00,0.58,13,NNE,4.86,0,0
8/2/2025 22:00,6.22,184,S,9.14,0,0
8/2/2025 23:00,6.22,177,S,9.52,0,0
8/3/2025 0:00,6.41,176,S,9.91,0,0
8/3/2025 1:00,12.05,164,SSE,15.16,0,0
8/3/2025 2:00,11.47,160,SSE,15.36,0,0
8/3/2025 3:00,10.69,164,SSE,14.58,0,0
8/3/2025 4:00,10.11,166,SSE,13.8,0,0
8/3/2025 5:00,9.91,167,SSE,14.38,0,0
8/3/2025 6:00,9.91,168,SSE,14.19,0,0
8/3/2025 7:00,10.11,166,SSE,13.22,0,0
8/3/2025 8:00,9.52,160,SSE,12.05,0,0
8/3/2025 9:00,10.5,165,SSE,13.22,0,0
8/3/2025 10:00,12.05,164,SSE,15.36,0,0
8/3/2025 11:00,13.61,158,SSE,17.49,0,0
8/3/2025 12:00,14.38,158,SSE,17.88,0,0
8/3/2025 13:00,9.33,148,SSE,13.41,0,0
8/3/2025 14:00,8.55,142,SE,12.25,0,0
8/3/2025 15:00,9.72,146,SE,14.19,0,0
8/3/2025 16:00,9.33,158,SSE,13.02,0,0
8/3/2025 17:00,7.19,151,SSE,9.91,0,0
8/3/2025 18:00,1.56,109,ESE,3.69,0,0
8/3/2025 19:00,8.75,9,N,10.11,0,0
8/3/2025 20:00,7.58,295,WNW,10.5,0,0
8/3/2025 21:00,6.22,140,SE,8.75,0,0
8/3/2025 22:00,7.19,165,SSE,9.72,0,0
8/3/2025 23:00,7,157,SSE,11.27,0,0
8/4/2025 0:00,9.72,157,SSE,12.64,0,0
8/4/2025 1:00,7.97,160,SSE,11.66,0,0
8/4/2025 2:00,6.03,152,SSE,10.69,0,0
8/4/2025 3:00,7.58,157,SSE,10.3,0,0
8/4/2025 4:00,5.44,149,SSE,9.91,0,0
8/4/2025 5:00,7.78,140,SE,9.72,0,0
8/4/2025 6:00,4.28,135,SE,8.75,0,0
8/4/2025 7:00,7.97,142,SE,10.5,0,0
8/4/2025 8:00,6.8,152,SSE,10.89,0,0
8/4/2025 9:00,,,,,1,1
8/4/2025 10:00,5.64,148,SSE,10.3,0,0
8/4/2025 11:00,6.8,148,SSE,11.27,0,0
8/4/2025 12:00,7.78,140,SE,10.69,0,0
8/4/2025 13:00,9.14,141,SE,13.02,0,0
8/4/2025 14:00,3.11,135,SE,9.14,0,0
8/4/2025 15:00,3.5,145,SE,5.64,0,0
8/4/2025 16:00,5.83,165,SSE,11.08,0,0
8/4/2025 17:00,2.92,135,SE,7.19,0,0
8/4/2025 18:00,4.28,176,S,6.22,0,0
8/4/2025 19:00,2.14,81,E,3.89,0,0
8/4/2025 20:00,4.67,133,SE,9.14,0,0
8/4/2025 21:00,2.72,129,SE,7.58,0,0
8/4/2025 22:00,2.53,151,SSE,5.25,0,0
8/4/2025 23:00,3.69,163,SSE,7.97,0,0
8/5/2025 0:00,4.86,182,S,8.94,0,0
8/5/2025 1:00,5.05,149,SSE,9.33,0,0
8/5/2025 2:00,6.8,153,SSE,11.08,0,0
8/5/2025 3:00,6.61,147,SSE,12.44,0,0
8/5/2025 4:00,1.94,149,SSE,5.44,0,0
8/5/2025 5:00,4.28,179,S,7.97,0,0
8/5/2025 6:00,4.47,187,S,6.8,0,0
8/5/2025 7:00,5.05,185,S,8.16,0,0
8/5/2025 8:00,4.47,190,S,6.61,0,0
8/5/2025 9:00,6.41,171,S,10.11,0,0
8/5/2025 10:00,7.39,191,S,9.52,0,0
8/5/2025 11:00,8.16,176,S,11.27,0,0
8/5/2025 12:00,,,,,1,1
8/5/2025 13:00,6.8,177,S,10.11,0,0
8/5/2025 14:00,6.22,159,SSE,9.14,0,0
8/5/2025 15:00,8.75,157,SSE,9.72,0,0
8/5/2025 16:00,6.03,161,SSE,7.78,0,0
8/5/2025 17:00,5.25,181,S,8.75,0,0
8/5/2025 18:00,6.61,156,SSE,8.55,0,0
8/5/2025 19:00,8.94,176,S,12.05,0,0
8/5/2025 20:00,5.64,168,SSE,9.33,0,0
8/5/2025 21:00,6.8,154,SSE,9.52,0,0
8/5/2025 22:00,14.77,162,SSE,18.08,0,0
8/5/2025 23:00,9.14,180,S,13.61,0,0
8/6/2025 0:00,8.94,161,SSE,11.66,0,0
8/6/2025 1:00,4.47,180,S,7.78,0,0
8/6/2025 2:00,6.8,191,S,9.52,0,0
8/6/2025 3:00,4.86,185,S,7.97,0,0
8/6/2025 4:00,7.19,161,SSE,8.75,0,0
8/6/2025 5:00,5.44,178,S,8.16,0,0
8/6/2025 6:00,4.67,192,SSW,6.22,0,0
8/6/2025 7:00,4.86,192,SSW,7.58,0,0
8/6/2025 8:00,4.28,167,SSE,5.83,0,0
8/6/2025 9:00,4.28,202,SSW,7.19,0,0
8/6/2025 10:00,4.67,160,SSE,6.22,0,0
8/6/2025 11:00,2.72,180,S,4.86,0,0
8/6/2025 12:00,4.47,156,SSE,5.64,0,0
8/6/2025 13:00,4.67,154,SSE,5.25,0,0
8/6/2025 14:00,5.05,153,SSE,6.61,0,0
8/6/2025 15:00,4.67,146,SE,7.39,0,0
8/6/2025 16:00,6.22,169,S,7.78,0,0
8/6/2025 17:00,2.92,164,SSE,8.94,0,0
8/6/2025 18:00,1.75,201,SSW,5.44,0,0
8/6/2025 19:00,4.28,161,SSE,5.83,0,0
8/6/2025 20:00,5.44,156,SSE,8.36,0,0
8/6/2025 21:00,3.89,157,SSE,7.19,0,0
8/6/2025 22:00,14,165,SSE,16.13,0,0
8/6/2025 23:00,10.69,168,SSE,13.02,0,0
8/7/2025 0:00,9.91,165,SSE,13.8,0,0
8/7/2025 1:00,,,,,1,1
8/7/2025 2:00,7.58,162,SSE,9.14,0,0
8/7/2025 3:00,11.08,161,SSE,13.22,0,0
8/7/2025 4:00,7.58,153,SSE,12.25,0,0
8/7/2025 5:00,8.75,163,SSE,13.41,0,0
8/7/2025 6:00,9.91,161,SSE,13.61,0,0
8/7/2025 7:00,8.16,162,SSE,10.69,0,0
8/7/2025 8:00,8.16,161,SSE,11.47,0,0
8/7/2025 9:00,6.41,163,SSE,10.5,0,0
8/7/2025 10:00,6.8,171,S,8.94,0,0
8/7/2025 11:00,6.61,186,S,10.5,0,0
8/7/2025 12:00,7.78,177,S,13.22,0,0
8/7/2025 13:00,6.8,182,S,11.86,0,0
8/7/2025 14:00,6.03,177,S,9.52,0,0
8/7/2025 15:00,5.05,177,S,12.25,0,0
8/7/2025 16:00,7.19,151,SSE,10.11,0,0
8/7/2025 17:00,6.03,176,S,9.33,0,0
8/7/2025 18:00,7.19,162,SSE,10.89,0,0
8/7/2025 19:00,7,161,SSE,8.16,0,0
8/7/2025 20:00,7.78,157,SSE,10.3,0,0
8/7/2025 21:00,4.08,170,S,8.36,0,0
8/7/2025 22:00,7.39,169,S,10.89,0,0
8/7/2025 23:00,8.16,165,SSE,11.66,0,0
8/8/2025 0:00,7.19,165,SSE,9.91,0,0
8/8/2025 1:00,8.16,184,S,13.02,0,0
8/8/2025 2:00,7.19,182,S,14.38,0,0
8/8/2025 3:00,6.8,187,S,9.33,0,0
8/8/2025 4:00,8.36,183,S,11.86,0,0
8/8/2025 5:00,6.22,196,SSW,11.47,0,0
8/8/2025 6:00,4.28,199,SSW,7,0,0
8/8/2025 7:00,2.92,270,W,5.44,0,0
8/8/2025 8:00,1.75,195,SSW,3.69,0,0
8/8/2025 9:00,2.14,165,SSE,3.89,0,0
8/8/2025 10:00,4.08,154,SSE,6.22,0,0
8/8/2025 11:00,4.28,162,SSE,6.8,0,0
8/8/2025 12:00,4.86,177,S,8.36,0,0
8/8/2025 13:00,4.47,165,SSE,7.19,0,0
8/8/2025 14:00,4.47,160,SSE,6.61,0,0
8/8/2025 15:00,2.72,145,SE,5.83,0,0
8/8/2025 16:00,2.72,138,SE,4.86,0,0
8/8/2025 17:00,2.53,127,SE,6.61,0,0
8/8/2025 18:00,1.17,86,E,5.64,0,0
8/8/2025 19:00,3.69,64,ENE,6.8,0,0
8/8/2025 20:00,5.05,90,E,6.61,0,0
8/8/2025 21:00,1.56,141,SE,5.05,0,0
8/8/2025 22:00,2.72,223,SW,5.64,0,0
8/8/2025 23:00,3.3,234,SW,5.05,0,0
8/9/2025 0:00,0.97,274,W,4.47,0,0
8/9/2025 1:00,1.17,186,S,3.5,0,0
8/9/2025 2:00,3.11,169,S,5.44,0,0
8/9/2025 3:00,4.08,257,WSW,7.78,0,0
8/9/2025 4:00,4.08,244,WSW,6.61,0,0
8/9/2025 5:00,3.3,229,SW,6.22,0,0
8/9/2025 6:00,2.53,242,WSW,6.8,0,0
8/9/2025 7:00,2.33,239,WSW,5.44,0,0
8/9/2025 8:00,2.92,250,WSW,6.22,0,0
8/9/2025 9:00,2.72,216,SW,4.28,0,0
8/9/2025 10:00,5.44,186,S,7.97,0,0
8/9/2025 11:00,4.47,179,S,6.22,0,0
8/9/2025 12:00,2.92,173,S,3.89,0,0
8/9/2025 13:00,5.25,154,SSE,6.8,0,0
8/9/2025 14:00,4.28,165,SSE,6.61,0,0
8/9/2025 15:00,6.22,181,S,7.97,0,0
8/9/2025 16:00,5.44,164,SSE,8.75,0,0
8/9/2025 17:00,6.03,171,S,8.94,0,0
8/9/2025 18:00,3.3,160,SSE,4.47,0,0
8/9/2025 19:00,3.11,5,N,4.08,0,0
8/9/2025 20:00,0.97,308,NW,3.11,0,0
8/9/2025 21:00,2.72,213,SSW,6.22,0,0
8/9/2025 22:00,3.89,156,SSE,7,0,0
8/9/2025 23:00,2.92,250,WSW,5.05,0,0
8/10/2025 0:00,4.67,161,SSE,6.61,0,0
8/10/2025 1:00,0.58,249,WSW,3.11,0,0
8/10/2025 2:00,3.69,239,WSW,5.64,0,0
8/10/2025 3:00,2.72,239,WSW,5.44,0,0
8/10/2025 4:00,1.75,183,S,5.44,0,0
8/10/2025 5:00,3.3,275,W,4.67,0,0
8/10/2025 6:00,3.11,268,W,6.03,0,0
8/10/2025 7:00,1.75,245,WSW,5.64,0,0
8/10/2025 8:00,0.39,186,S,4.08,0,0
8/10/2025 9:00,2.14,204,SSW,3.11,0,0
8/10/2025 10:00,4.86,163,SSE,7,0,0
8/10/2025 11:00,5.05,165,SSE,8.75,0,0
8/10/2025 12:00,5.05,171,S,8.75,0,0
8/10/2025 13:00,6.22,158,SSE,9.33,0,0
8/10/2025 14:00,7.58,155,SSE,9.91,0,0
8/10/2025 15:00,7.78,156,SSE,9.33,0,0
8/10/2025 16:00,0.58,309,NW,2.33,0,0
8/10/2025 17:00,9.33,160,SSE,11.27,0,0
8/10/2025 18:00,4.47,2,N,5.64,0,0
8/10/2025 19:00,3.89,160,SSE,5.05,0,0
8/10/2025 20:00,0,207,SSW,2.33,0,0
8/10/2025 21:00,9.14,241,WSW,12.25,0,0
8/10/2025 22:00,8.75,227,SW,14.19,0,0
8/10/2025 23:00,5.25,222,SW,11.66,0,0
8/11/2025 0:00,4.86,227,SW,8.16,0,0
8/11/2025 1:00,7.19,238,WSW,10.3,0,0
8/11/2025 2:00,3.5,213,SSW,7.97,0,0
8/11/2025 3:00,2.53,209,SSW,6.41,0,0
8/11/2025 4:00,4.47,201,SSW,7.78,0,0
8/11/2025 5:00,3.89,199,SSW,7.58,0,0
8/11/2025 6:00,4.47,196,SSW,8.55,0,0
8/11/2025 7:00,4.67,193,SSW,8.16,0,0
8/11/2025 8:00,2.14,206,SSW,5.05,0,0
8/11/2025 9:00,3.3,173,S,5.64,0,0
8/11/2025 10:00,4.67,165,SSE,7.39,0,0
8/11/2025 11:00,6.41,161,SSE,8.55,0,0
8/11/2025 12:00,6.41,167,SSE,10.5,0,0
8/11/2025 13:00,5.44,164,SSE,9.72,0,0
8/11/2025 14:00,6.8,164,SSE,9.33,0,0
8/11/2025 15:00,8.55,160,SSE,10.89,0,0
8/11/2025 16:00,6.41,167,SSE,9.72,0,0
8/11/2025 17:00,6.8,166,SSE,8.75,0,0
8/11/2025 18:00,3.5,336,NNW,4.67,0,0
8/11/2025 19:00,2.33,24,NNE,3.5,0,0
8/11/2025 20:00,5.83,245,WSW,8.36,0,0
8/11/2025 21:00,6.03,243,WSW,7.97,0,0
8/11/2025 22:00,4.08,241,WSW,6.8,0,0
8/11/2025 23:00,5.05,255,WSW,7.58,0,0
8/12/2025 0:00,4.08,234,SW,6.8,0,0
8/12/2025 1:00,5.05,245,WSW,7.97,0,0
8/12/2025 2:00,4.47,237,WSW,7,0,0
8/12/2025 3:00,3.5,244,WSW,6.03,0,0
8/12/2025 4:00,4.67,249,WSW,6.8,0,0
8/12/2025 5:00,2.14,221,SW,4.08,0,0
8/12/2025 6:00,2.33,223,SW,4.47,0,0
8/12/2025 7:00,2.33,235,SW,4.28,0,0
8/12/2025 8:00,0.58,134,SE,2.53,0,0
8/12/2025 9:00,3.11,160,SSE,4.47,0,0
8/12/2025 10:00,4.67,157,SSE,6.22,0,0
8/12/2025 11:00,6.41,161,SSE,9.91,0,0
8/12/2025 12:00,7.78,160,SSE,11.47,0,0
8/12/2025 13:00,7.78,155,SSE,10.69,0,0
8/12/2025 14:00,5.64,169,S,7.97,0,0
8/12/2025 15:00,4.86,210,SSW,7.97,0,0
8/12/2025 16:00,5.05,188,S,7.97,0,0
8/12/2025 17:00,1.36,147,SSE,2.53,0,0
8/12/2025 18:00,6.22,221,SW,9.72,0,0
8/12/2025 19:00,9.91,235,SW,14.38,0,0
8/12/2025 20:00,7.58,227,SW,10.5,0,0
8/12/2025 21:00,6.61,230,SW,10.3,0,0
8/12/2025 22:00,5.64,221,SW,8.75,0,0
8/12/2025 23:00,6.03,206,SSW,10.5,0,0
8/13/2025 0:00,6.8,219,SW,12.25,0,0
8/13/2025 1:00,6.41,242,WSW,9.72,0,0
8/13/2025 2:00,4.47,231,SW,9.52,0,0
8/13/2025 3:00,4.47,209,SSW,9.52,0,0
8/13/2025 4:00,5.83,223,SW,9.14,0,0
8/13/2025 5:00,4.08,211,SSW,8.75,0,0
8/13/2025 6:00,3.69,218,SW,6.8,0,0
8/13/2025 7:00,4.08,190,S,7.19,0,0
8/13/2025 8:00,2.14,198,SSW,4.08,0,0
8/13/2025 9:00,2.72,187,S,6.03,0,0
8/13/2025 10:00,4.28,177,S,6.22,0,0
8/13/2025 11:00,3.69,208,SSW,5.44,0,0
8/13/2025 12:00,8.16,156,SSE,10.69,0,0
8/13/2025 13:00,7.19,160,SSE,10.11,0,0
8/13/2025 14:00,5.25,198,SSW,9.33,0,0
8/13/2025 15:00,6.41,214,SW,10.69,0,0
8/13/2025 16:00,6.61,216,SW,12.83,0,0
8/13/2025 17:00,6.03,215,SW,9.52,0,0
8/13/2025 18:00,6.8,223,SW,10.89,0,0
8/13/2025 19:00,8.94,231,SW,13.61,0,0
8/13/2025 20:00,6.8,228,SW,11.47,0,0
8/13/2025 21:00,5.44,219,SW,11.08,0,0
8/13/2025 22:00,5.83,209,SSW,11.27,0,0
8/13/2025 23:00,5.64,217,SW,9.33,0,0
8/14/2025 0:00,5.83,195,SSW,10.5,0,0
8/14/2025 1:00,5.44,216,SW,9.91,0,0
8/14/2025 2:00,4.67,205,SSW,10.11,0,0
8/14/2025 3:00,5.44,200,SSW,8.55,0,0
8/14/2025 4:00,6.8,198,SSW,9.72,0,0
8/14/2025 5:00,5.25,198,SSW,7.19,0,0
8/14/2025 6:00,3.89,197,SSW,6.8,0,0
8/14/2025 7:00,5.25,177,S,7.78,0,0
8/14/2025 8:00,1.94,216,SW,6.41,0,0
8/14/2025 9:00,2.53,291,WNW,3.89,0,0
8/14/2025 10:00,6.22,171,S,8.94,0,0
8/14/2025 11:00,6.03,168,SSE,8.75,0,0
8/14/2025 12:00,7.58,182,S,12.64,0,0
8/14/2025 13:00,9.91,174,S,12.83,0,0
8/14/2025 14:00,7.78,166,SSE,12.64,0,0
8/14/2025 15:00,7.97,180,S,12.83,0,0
8/14/2025 16:00,6.41,160,SSE,11.08,0,0
8/14/2025 17:00,6.8,179,S,11.27,0,0
8/14/2025 18:00,6.41,180,S,9.52,0,0
8/14/2025 19:00,6.61,183,S,9.33,0,0
8/14/2025 20:00,5.25,170,S,8.94,0,0
8/14/2025 21:00,4.67,170,S,6.61,0,0
8/14/2025 22:00,11.86,162,SSE,16.13,0,0
8/14/2025 23:00,12.64,159,SSE,15.94,0,0
8/15/2025 0:00,9.33,166,SSE,15.36,0,0
8/15/2025 1:00,10.3,167,SSE,13.8,0,0
8/15/2025 2:00,6.61,157,SSE,10.5,0,0
8/15/2025 3:00,7.97,167,SSE,10.89,0,0
8/15/2025 4:00,5.83,171,S,7.78,0,0
8/15/2025 5:00,7,168,SSE,9.72,0,0
8/15/2025 6:00,7,173,S,9.72,0,0
8/15/2025 7:00,4.67,174,S,8.55,0,0
8/15/2025 8:00,6.61,160,SSE,9.14,0,0
8/15/2025 9:00,7.97,160,SSE,10.3,0,0
8/15/2025 10:00,9.14,161,SSE,11.08,0,0
8/15/2025 11:00,11.08,160,SSE,13.61,0,0
8/15/2025 12:00,10.89,160,SSE,14.19,0,0
8/15/2025 13:00,9.91,160,SSE,14,0,0
8/15/2025 14:00,7.78,176,S,11.66,0,0
8/15/2025 15:00,9.91,161,SSE,12.25,0,0
8/15/2025 16:00,8.55,170,S,11.47,0,0
8/15/2025 17:00,1.56,98,E,4.08,0,0
8/15/2025 18:00,1.75,130,SE,5.64,0,0
8/15/2025 19:00,5.05,148,SSE,7.97,0,0
8/15/2025 20:00,2.72,133,SE,4.67,0,0
8/15/2025 21:00,9.91,334,NNW,11.27,0,0
8/15/2025 22:00,1.36,295,WNW,5.44,0,0
8/15/2025 23:00,3.89,131,SE,8.36,0,0
8/16/2025 0:00,4.08,195,SSW,6.41,0,0
8/16/2025 1:00,3.89,133,SE,6.8,0,0
8/16/2025 2:00,4.67,193,SSW,9.14,0,0
8/16/2025 3:00,4.47,185,S,7.39,0,0
8/16/2025 4:00,2.14,224,SW,3.89,0,0
8/16/2025 5:00,1.36,135,SE,3.89,0,0
8/16/2025 6:00,3.3,165,SSE,5.25,0,0
8/16/2025 7:00,2.72,145,SE,4.67,0,0
8/16/2025 8:00,3.11,173,S,4.67,0,0
8/16/2025 9:00,3.69,167,SSE,8.36,0,0
8/16/2025 10:00,7.39,160,SSE,9.52,0,0
8/16/2025 11:00,6.41,169,S,11.27,0,0
8/16/2025 12:00,6.03,160,SSE,9.33,0,0
8/16/2025 13:00,5.44,157,SSE,8.36,0,0
8/16/2025 14:00,7.58,163,SSE,12.05,0,0
8/16/2025 15:00,4.28,176,S,8.94,0,0
8/16/2025 16:00,7.19,184,S,13.8,0,0
8/16/2025 17:00,7.58,192,SSW,13.8,0,0
8/16/2025 18:00,9.91,202,SSW,14.97,0,0
8/16/2025 19:00,7.58,187,S,14,0,0
8/16/2025 20:00,5.64,144,SE,9.14,0,0
8/16/2025 21:00,6.22,165,SSE,10.3,0,0
8/16/2025 22:00,6.22,166,SSE,8.55,0,0
8/16/2025 23:00,2.14,168,SSE,7.39,0,0
8/17/2025 0:00,1.75,215,SW,4.67,0,0
8/17/2025 1:00,1.36,83,E,3.89,0,0
8/17/2025 2:00,2.92,81,E,6.41,0,0
8/17/2025 3:00,1.36,81,E,3.11,0,0
8/17/2025 4:00,1.17,118,ESE,3.89,0,0
8/17/2025 5:00,2.53,148,SSE,4.08,0,0
8/17/2025 6:00,6.03,162,SSE,8.16,0,0
8/17/2025 7:00,2.92,173,S,5.05,0,0
8/17/2025 8:00,2.53,223,SW,6.22,0,0
8/17/2025 9:00,2.72,178,S,4.86,0,0
8/17/2025 10:00,3.3,179,S,7.39,0,0
8/17/2025 11:00,4.08,187,S,9.52,0,0
8/17/2025 12:00,7.39,220,SW,12.05,0,0
8/17/2025 13:00,10.11,218,SW,15.36,0,0
8/17/2025 14:00,7.19,217,SW,13.22,0,0
8/17/2025 15:00,6.61,201,SSW,10.69,0,0
8/17/2025 16:00,5.44,204,SSW,9.14,0,0
8/17/2025 17:00,5.05,218,SW,8.55,0,0
8/17/2025 18:00,6.22,227,SW,10.3,0,0
8/17/2025 19:00,4.47,218,SW,7,0,0
8/17/2025 20:00,3.5,255,WSW,6.8,0,0
8/17/2025 21:00,8.55,297,WNW,10.69,0,0
8/17/2025 22:00,2.53,253,WSW,4.86,0,0
8/17/2025 23:00,5.83,204,SSW,10.3,0,0
8/18/2025 0:00,3.89,254,WSW,6.03,0,0
8/18/2025 1:00,2.72,244,WSW,5.64,0,0
8/18/2025 2:00,2.33,218,SW,4.47,0,0
8/18/2025 3:00,3.11,201,SSW,5.25,0,0
8/18/2025 4:00,2.72,194,SSW,3.5,0,0
8/18/2025 5:00,2.53,215,SW,3.89,0,0
8/18/2025 6:00,1.94,141,SE,5.25,0,0
8/18/2025 7:00,3.69,228,SW,6.03,0,0
8/18/2025 8:00,4.08,163,SSE,6.8,0,0
8/18/2025 9:00,4.86,163,SSE,5.83,0,0
8/18/2025 10:00,5.83,140,SE,9.14,0,0
8/18/2025 11:00,11.66,161,SSE,13.41,0,0
8/18/2025 12:00,5.25,158,SSE,9.33,0,0
8/18/2025 13:00,6.41,159,SSE,8.55,0,0
8/18/2025 14:00,4.67,167,SSE,8.16,0,0
8/18/2025 15:00,4.67,189,S,7.39,0,0
8/18/2025 16:00,2.14,141,SE,6.03,0,0
8/18/2025 17:00,1.94,130,SE,3.89,0,0
8/18/2025 18:00,11.08,308,NW,16.33,0,0
8/18/2025 19:00,12.64,306,NW,16.52,0,0
8/18/2025 20:00,11.86,299,WNW,16.72,0,0
8/18/2025 21:00,12.25,295,WNW,15.75,0,0
8/18/2025 22:00,2.72,268,W,4.86,0,0
8/18/2025 23:00,5.25,165,SSE,5.83,0,0
8/19/2025 0:00,5.05,162,SSE,6.22,0,0
8/19/2025 1:00,5.64,162,SSE,7.97,0,0
8/19/2025 2:00,7.19,165,SSE,9.52,0,0
8/19/2025 3:00,5.64,160,SSE,8.36,0,0
8/19/2025 4:00,7.78,162,SSE,9.91,0,0
8/19/2025 5:00,7,159,SSE,10.11,0,0
8/19/2025 6:00,7.78,161,SSE,9.52,0,0
8/19/2025 7:00,4.08,148,SSE,6.8,0,0
8/19/2025 8:00,10.3,161,SSE,14.38,0,0
8/19/2025 9:00,9.91,164,SSE,12.25,0,0
8/19/2025 10:00,9.14,163,SSE,10.69,0,0
8/19/2025 11:00,8.94,163,SSE,10.3,0,0
8/19/2025 12:00,6.22,163,SSE,9.14,0,0
8/19/2025 13:00,6.61,155,SSE,10.3,0,0
8/19/2025 14:00,7.78,155,SSE,10.69,0,0
8/19/2025 15:00,7.97,156,SSE,10.5,0,0
8/19/2025 16:00,6.03,155,SSE,8.94,0,0
8/19/2025 17:00,6.61,151,SSE,10.5,0,0
8/19/2025 18:00,2.72,121,ESE,5.05,0,0
8/19/2025 19:00,7.78,338,NNW,9.33,0,0
8/19/2025 20:00,1.94,133,SE,7.19,0,0
8/19/2025 21:00,6.22,147,SSE,9.72,0,0
8/19/2025 22:00,13.22,165,SSE,16.33,0,0
8/19/2025 23:00,10.11,163,SSE,11.47,0,0
8/20/2025 0:00,10.89,161,SSE,13.22,0,0
8/20/2025 1:00,7.78,164,SSE,11.47,0,0
8/20/2025 2:00,7.58,165,SSE,9.33,0,0
8/20/2025 3:00,6.41,163,SSE,8.36,0,0
8/20/2025 4:00,4.67,158,SSE,7.58,0,0
8/20/2025 5:00,3.69,164,SSE,7.97,0,0
8/20/2025 6:00,5.05,165,SSE,7.39,0,0
8/20/2025 7:00,3.69,165,SSE,6.61,0,0
8/20/2025 8:00,4.28,166,SSE,7.39,0,0
8/20/2025 9:00,4.67,158,SSE,6.41,0,0
8/20/2025 10:00,4.67,170,S,6.61,0,0
8/20/2025 11:00,,,,,1,1
8/20/2025 12:00,3.3,165,SSE,5.05,0,0
8/20/2025 13:00,3.89,176,S,5.64,0,0
8/20/2025 14:00,5.25,171,S,7.19,0,0
8/20/2025 15:00,4.08,150,SSE,6.03,0,0
8/20/2025 16:00,3.5,141,SE,5.83,0,0
8/20/2025 17:00,5.25,173,S,6.8,0,0
8/20/2025 18:00,4.67,152,SSE,6.61,0,0
8/20/2025 19:00,5.05,153,SSE,7,0,0
8/20/2025 20:00,3.5,145,SE,10.5,0,0
8/20/2025 21:00,3.5,120,ESE,5.83,0,0
8/20/2025 22:00,2.92,183,S,5.44,0,0
8/20/2025 23:00,3.69,160,SSE,4.86,0,0
8/21/2025 0:00,9.52,161,SSE,12.83,0,0
8/21/2025 1:00,4.28,183,S,7.78,0,0
8/21/2025 2:00,7.78,161,SSE,12.64,0,0
8/21/2025 3:00,6.61,189,S,9.14,0,0
8/21/2025 4:00,3.89,181,S,6.03,0,0
8/21/2025 5:00,2.72,176,S,4.67,0,0
8/21/2025 6:00,5.44,195,SSW,7.39,0,0
8/21/2025 7:00,2.53,161,SSE,3.3,0,0
8/21/2025 8:00,2.72,148,SSE,3.89,0,0
8/21/2025 9:00,3.5,156,SSE,5.25,0,0
8/21/2025 10:00,3.3,149,SSE,4.86,0,0
8/21/2025 11:00,3.3,143,SE,5.44,0,0
8/21/2025 12:00,4.47,170,S,6.8,0,0
8/21/2025 13:00,4.67,183,S,6.8,0,0
8/21/2025 14:00,4.08,154,SSE,4.67,0,0
8/21/2025 15:00,3.69,155,SSE,8.55,0,0
8/21/2025 16:00,5.83,198,SSW,7.39,0,0
8/21/2025 17:00,5.64,172,S,8.36,0,0
8/21/2025 18:00,4.47,167,SSE,6.8,0,0
8/21/2025 19:00,3.11,175,S,4.86,0,0
8/21/2025 20:00,0.97,124,SE,2.53,0,0
8/21/2025 21:00,3.89,140,SE,7,0,0
8/21/2025 22:00,13.61,166,SSE,15.75,0,0
8/21/2025 23:00,11.27,166,SSE,13.61,0,0
8/22/2025 0:00,10.69,165,SSE,12.83,0,0
8/22/2025 1:00,11.47,163,SSE,14.58,0,0
8/22/2025 2:00,9.14,164,SSE,11.08,0,0
8/22/2025 3:00,9.72,162,SSE,12.64,0,0
8/22/2025 4:00,10.89,165,SSE,14.19,0,0
8/22/2025 5:00,9.33,164,SSE,13.02,0,0
8/22/2025 6:00,5.64,154,SSE,11.66,0,0
8/22/2025 7:00,9.72,159,SSE,12.83,0,0
8/22/2025 8:00,5.83,153,SSE,11.66,0,0
8/22/2025 9:00,10.3,164,SSE,14,0,0
8/22/2025 10:00,7.19,164,SSE,11.27,0,0
8/22/2025 11:00,8.55,161,SSE,12.44,0,0
8/22/2025 12:00,9.33,158,SSE,14.19,0,0
8/22/2025 13:00,5.44,154,SSE,7.39,0,0
8/22/2025 14:00,8.16,159,SSE,9.72,0,0
8/22/2025 15:00,5.44,160,SSE,8.16,0,0
8/22/2025 16:00,4.28,151,SSE,8.16,0,0
8/22/2025 17:00,3.3,143,SE,5.05,0,0
8/22/2025 18:00,2.33,135,SE,6.41,0,0
8/22/2025 19:00,3.3,139,SE,7.19,0,0
8/22/2025 20:00,4.47,159,SSE,7.58,0,0
8/22/2025 21:00,0.78,163,SSE,3.89,0,0
8/22/2025 22:00,6.41,158,SSE,8.75,0,0
8/22/2025 23:00,5.83,163,SSE,8.55,0,0
8/23/2025 0:00,1.56,202,SSW,3.89,0,0
8/23/2025 1:00,1.75,161,SSE,3.11,0,0
8/23/2025 2:00,3.3,263,W,4.86,0,0
8/23/2025 3:00,3.11,224,SW,5.83,0,0
8/23/2025 4:00,2.72,169,S,5.83,0,0
8/23/2025 5:00,5.64,156,SSE,7.58,0,0
8/23/2025 6:00,6.61,160,SSE,10.11,0,0
8/23/2025 7:00,4.86,155,SSE,8.36,0,0
8/23/2025 8:00,11.27,161,SSE,13.61,0,0
8/23/2025 9:00,9.52,158,SSE,14.19,0,0
8/23/2025 10:00,10.5,161,SSE,13.8,0,0
8/23/2025 11:00,9.33,158,SSE,11.86,0,0
8/23/2025 12:00,7.39,155,SSE,8.94,0,0
8/23/2025 13:00,7.58,157,SSE,8.55,0,0
8/23/2025 14:00,8.16,157,SSE,9.52,0,0
8/23/2025 15:00,6.03,168,SSE,10.11,0,0
8/23/2025 16:00,5.83,159,SSE,10.11,0,0
8/23/2025 17:00,6.03,163,SSE,8.36,0,0
8/23/2025 18:00,6.41,159,SSE,9.72,0,0
8/23/2025 19:00,0,11,N,1.36,0,0
8/23/2025 20:00,2.92,194,SSW,7,0,0
8/23/2025 21:00,3.5,257,WSW,5.25,0,0
8/23/2025 22:00,3.11,255,WSW,4.47,0,0
8/23/2025 23:00,2.53,308,NW,4.47,0,0
8/24/2025 0:00,1.56,119,ESE,2.53,0,0
8/24/2025 1:00,1.56,323,NW,2.92,0,0
8/24/2025 2:00,4.86,246,WSW,5.83,0,0
8/24/2025 3:00,3.5,275,W,4.28,0,0
8/24/2025 4:00,1.36,283,WNW,4.08,0,0
8/24/2025 5:00,1.94,185,S,5.25,0,0
8/24/2025 6:00,2.72,296,WNW,3.5,0,0
8/24/2025 7:00,0.58,180,S,2.53,0,0
8/24/2025 8:00,2.33,162,SSE,4.67,0,0
8/24/2025 9:00,4.67,161,SSE,5.83,0,0
8/24/2025 10:00,4.47,160,SSE,6.03,0,0
8/24/2025 11:00,6.8,158,SSE,8.75,0,0
8/24/2025 12:00,7.19,158,SSE,9.72,0,0
8/24/2025 13:00,8.36,159,SSE,10.11,0,0
8/24/2025 14:00,8.16,158,SSE,10.11,0,0
8/24/2025 15:00,7.19,162,SSE,11.08,0,0
8/24/2025 16:00,6.61,155,SSE,8.36,0,0
8/24/2025 17:00,7.97,160,SSE,11.08,0,0
8/24/2025 18:00,4.67,158,SSE,6.8,0,0
8/24/2025 19:00,2.14,134,SE,5.05,0,0
8/24/2025 20:00,3.89,252,WSW,6.8,0,0
8/24/2025 21:00,4.08,258,WSW,6.8,0,0
8/24/2025 22:00,4.67,231,SW,8.16,0,0
8/24/2025 23:00,4.08,230,SW,5.64,0,0
8/25/2025 0:00,2.53,239,WSW,4.28,0,0
8/25/2025 1:00,3.3,225,SW,5.25,0,0
8/25/2025 2:00,4.28,212,SSW,8.36,0,0
8/25/2025 3:00,1.75,248,WSW,3.3,0,0
8/25/2025 4:00,2.53,167,SSE,4.28,0,0
8/25/2025 5:00,4.08,195,SSW,6.41,0,0
8/25/2025 6:00,4.08,181,S,7,0,0
8/25/2025 7:00,3.69,219,SW,10.11,0,0
8/25/2025 8:00,3.89,179,S,6.03,0,0
8/25/2025 9:00,2.92,177,S,9.91,0,0
8/25/2025 10:00,9.33,160,SSE,12.83,0,0
8/25/2025 11:00,7.19,167,SSE,13.61,0,0
8/25/2025 12:00,8.75,158,SSE,11.86,0,0
8/25/2025 13:00,9.14,157,SSE,11.47,0,0
8/25/2025 14:00,4.86,161,SSE,7,0,0
8/25/2025 15:00,0.19,301,WNW,5.83,0,0
8/25/2025 16:00,3.11,188,S,9.14,0,0
8/25/2025 17:00,3.69,205,SSW,6.8,0,0
8/25/2025 18:00,2.14,233,SW,4.47,0,0
8/25/2025 19:00,2.14,161,SSE,3.3,0,0
8/25/2025 20:00,4.67,212,SSW,8.16,0,0
8/25/2025 21:00,5.64,231,SW,7.78,0,0
8/25/2025 22:00,3.69,235,SW,7,0,0
8/25/2025 23:00,2.92,204,SSW,5.44,0,0
8/26/2025 0:00,4.08,241,WSW,6.22,0,0
8/26/2025 1:00,5.83,251,WSW,8.36,0,0
8/26/2025 2:00,2.14,230,SW,7,0,0
8/26/2025 3:00,3.11,200,SSW,6.61,0,0
8/26/2025 4:00,3.89,189,S,8.94,0,0
8/26/2025 5:00,2.72,195,SSW,4.86,0,0
8/26/2025 6:00,3.3,179,S,8.16,0,0
8/26/2025 7:00,4.67,229,SW,7.19,0,0
8/26/2025 8:00,6.8,240,WSW,12.44,0,0
8/26/2025 9:00,5.44,225,SW,9.33,0,0
8/26/2025 10:00,4.86,246,WSW,8.36,0,0
8/26/2025 11:00,6.61,235,SW,10.69,0,0
8/26/2025 12:00,4.47,203,SSW,7.97,0,0
8/26/2025 13:00,8.16,177,S,10.69,0,0
8/26/2025 14:00,4.86,188,S,8.36,0,0
8/26/2025 15:00,5.64,218,SW,8.36,0,0
8/26/2025 16:00,5.44,222,SW,8.75,0,0
8/26/2025 17:00,2.33,215,SW,6.22,0,0
8/26/2025 18:00,2.92,232,SW,6.8,0,0
8/26/2025 19:00,4.86,214,SW,9.72,0,0
8/26/2025 20:00,4.28,211,SSW,6.41,0,0
8/26/2025 21:00,6.03,200,SSW,11.27,0,0
8/26/2025 22:00,5.05,201,SSW,9.33,0,0
8/26/2025 23:00,4.47,235,SW,7,0,0
8/27/2025 0:00,4.28,178,S,8.16,0,0
8/27/2025 1:00,6.61,195,SSW,10.11,0,0
8/27/2025 2:00,7.97,191,S,10.69,0,0
8/27/2025 3:00,6.22,207,SSW,9.72,0,0
8/27/2025 4:00,7.19,217,SW,11.47,0,0
8/27/2025 5:00,4.28,228,SW,7,0,0
8/27/2025 6:00,4.47,221,SW,7.58,0,0
8/27/2025 7:00,3.69,215,SW,7,0,0
8/27/2025 8:00,2.33,212,SSW,4.67,0,0
8/27/2025 9:00,4.86,255,WSW,6.61,0,0
8/27/2025 10:00,6.8,246,WSW,10.89,0,0
8/27/2025 11:00,6.03,237,WSW,9.14,0,0
8/27/2025 12:00,4.67,228,SW,9.33,0,0
8/27/2025 13:00,5.05,198,SSW,9.33,0,0
8/27/2025 14:00,4.67,168,SSE,7.58,0,0
8/27/2025 15:00,5.64,216,SW,9.52,0,0
8/27/2025 16:00,7.19,221,SW,14.97,0,0
8/27/2025 17:00,6.61,222,SW,11.66,0,0
8/27/2025 18:00,7,221,SW,10.69,0,0
8/27/2025 19:00,4.28,213,SSW,9.52,0,0
8/27/2025 20:00,4.86,202,SSW,7.39,0,0
8/27/2025 21:00,4.28,193,SSW,7.39,0,0
8/27/2025 22:00,3.3,214,SW,6.22,0,0
8/27/2025 23:00,5.05,207,SSW,8.94,0,0
8/28/2025 0:00,6.03,218,SW,7.97,0,0
8/28/2025 1:00,1.56,347,NNW,5.83,0,0
8/28/2025 2:00,4.08,233,SW,6.41,0,0
8/28/2025 3:00,2.53,191,S,4.86,0,0
8/28/2025 4:00,2.14,282,WNW,3.69,0,0
8/28/2025 5:00,2.14,230,SW,5.05,0,0
8/28/2025 6:00,2.92,256,WSW,5.05,0,0
8/28/2025 7:00,3.11,225,SW,6.22,0,0
8/28/2025 8:00,2.53,277,W,6.41,0,0
8/28/2025 9:00,1.56,276,W,2.92,0,0
8/28/2025 10:00,1.75,204,SSW,3.3,0,0
8/28/2025 11:00,5.83,160,SSE,7.39,0,0
8/28/2025 12:00,6.8,158,SSE,8.55,0,0
8/28/2025 13:00,8.36,158,SSE,9.91,0,0
8/28/2025 14:00,6.22,165,SSE,8.55,0,0
8/28/2025 15:00,6.61,186,S,9.91,0,0
8/28/2025 16:00,5.25,156,SSE,8.16,0,0
8/28/2025 17:00,1.36,110,ESE,2.53,0,0
8/28/2025 18:00,3.69,219,SW,6.22,0,0
8/28/2025 19:00,5.44,205,SSW,10.69,0,0
8/28/2025 20:00,4.67,227,SW,10.89,0,0
8/28/2025 21:00,1.94,286,WNW,6.22,0,0
8/28/2025 22:00,1.56,266,W,2.92,0,0
8/28/2025 23:00,2.72,237,WSW,5.83,0,0
8/29/2025 0:00,2.92,226,SW,7.39,0,0
8/29/2025 1:00,3.3,241,WSW,5.44,0,0
8/29/2025 2:00,1.17,206,SSW,2.14,0,0
8/29/2025 3:00,2.53,243,WSW,4.86,0,0
8/29/2025 4:00,2.33,219,SW,5.25,0,0
8/29/2025 5:00,1.75,227,SW,3.11,0,0
8/29/2025 6:00,3.3,196,SSW,4.47,0,0
8/29/2025 7:00,2.72,190,S,4.86,0,0
8/29/2025 8:00,3.5,305,NW,4.86,0,0
8/29/2025 9:00,2.72,211,SSW,4.67,0,0
8/29/2025 10:00,3.5,149,SSE,6.61,0,0
8/29/2025 11:00,3.3,145,SE,7.78,0,0
8/29/2025 12:00,8.16,156,SSE,9.72,0,0
8/29/2025 13:00,9.14,161,SSE,10.69,0,0
8/29/2025 14:00,7.78,159,SSE,10.3,0,0
8/29/2025 15:00,5.05,174,S,7.97,0,0
8/29/2025 16:00,4.86,171,S,6.61,0,0
8/29/2025 17:00,5.05,188,S,8.16,0,0
8/29/2025 18:00,4.28,194,SSW,8.16,0,0
8/29/2025 19:00,2.33,88,E,2.53,0,0
8/29/2025 20:00,2.72,124,SE,3.89,0,0
8/29/2025 21:00,2.72,324,NW,4.67,0,0
8/29/2025 22:00,4.86,166,SSE,7,0,0
8/29/2025 23:00,7,159,SSE,8.55,0,0
8/30/2025 0:00,4.28,167,SSE,6.41,0,0
8/30/2025 1:00,6.8,159,SSE,8.36,0,0
8/30/2025 2:00,5.83,159,SSE,7.19,0,0
8/30/2025 3:00,4.08,164,SSE,5.83,0,0
8/30/2025 4:00,4.08,172,S,5.64,0,0
8/30/2025 5:00,3.69,184,S,5.83,0,0
8/30/2025 6:00,2.92,182,S,5.05,0,0
8/30/2025 7:00,3.5,161,SSE,5.44,0,0
8/30/2025 8:00,3.5,201,SSW,4.67,0,0
8/30/2025 9:00,1.56,123,ESE,2.72,0,0
8/30/2025 10:00,3.69,155,SSE,4.86,0,0
8/30/2025 11:00,2.14,128,SE,5.05,0,0
8/30/2025 12:00,4.67,159,SSE,5.44,0,0
8/30/2025 13:00,4.08,162,SSE,5.64,0,0
8/30/2025 14:00,5.44,158,SSE,6.8,0,0
8/30/2025 15:00,2.33,143,SE,3.5,0,0
8/30/2025 16:00,6.03,160,SSE,6.8,0,0
8/30/2025 17:00,7,162,SSE,8.55,0,0
8/30/2025 18:00,2.72,134,SE,4.28,0,0
8/30/2025 19:00,5.83,160,SSE,7.39,0,0
8/30/2025 20:00,2.72,124,SE,3.5,0,0
8/30/2025 21:00,2.53,138,SE,4.86,0,0
8/30/2025 22:00,3.89,150,SSE,5.44,0,0
8/30/2025 23:00,2.92,137,SE,3.5,0,0
8/31/2025 0:00,6.61,164,SSE,9.14,0,0
8/31/2025 1:00,3.5,168,SSE,4.67,0,0
8/31/2025 2:00,4.08,169,S,5.25,0,0
8/31/2025 3:00,2.33,165,SSE,4.86,0,0
8/31/2025 4:00,3.3,165,SSE,4.08,0,0
8/31/2025 5:00,1.36,147,SSE,2.33,0,0
8/31/2025 6:00,0,72,ENE,0.58,0,0
8/31/2025 7:00,1.75,137,SE,3.3,0,0
8/31/2025 8:00,0,177,S,1.17,0,0
8/31/2025 9:00,0.39,40,NE,1.56,0,0
8/31/2025 10:00,2.92,146,SE,4.67,0,0
8/31/2025 11:00,3.3,149,SSE,4.47,0,0
8/31/2025 12:00,3.11,171,S,4.67,0,0
8/31/2025 13:00,6.22,163,SSE,8.16,0,0
8/31/2025 14:00,6.22,159,SSE,7.78,0,0
8/31/2025 15:00,1.56,126,SE,2.72,0,0
8/31/2025 16:00,3.5,169,S,4.86,0,0
8/31/2025 17:00,4.67,153,SSE,7.19,0,0
8/31/2025 18:00,1.75,144,SE,6.03,0,0
8/31/2025 19:00,1.94,135,SE,4.08,0,0
8/31/2025 20:00,2.33,131,SE,4.86,0,0
8/31/2025 21:00,5.05,158,SSE,6.03,0,0
8/31/2025 22:00,8.36,161,SSE,10.69,0,0
8/31/2025 23:00,4.28,186,S,6.22,0,0
9/1/2025 0:00,7.19,185,S,10.11,0,0
9/1/2025 1:00,3.89,172,S,6.41,0,0
9/1/2025 2:00,7.78,183,S,10.3,0,0
9/1/2025 3:00,6.8,171,S,9.72,0,0
9/1/2025 4:00,1.36,175,S,4.47,0,0
9/1/2025 5:00,5.64,164,SSE,7.78,0,0
9/1/2025 6:00,6.22,181,S,9.33,0,0
9/1/2025 7:00,5.83,183,S,9.33,0,0
9/1/2025 8:00,6.41,184,S,8.94,0,0
9/1/2025 9:00,4.28,180,S,7.78,0,0
9/1/2025 10:00,3.3,178,S,4.86,0,0
9/1/2025 11:00,5.25,154,SSE,6.61,0,0
9/1/2025 12:00,3.5,150,SSE,4.28,0,0
9/1/2025 13:00,3.11,144,SE,4.67,0,0
9/1/2025 14:00,4.08,155,SSE,4.67,0,0
9/1/2025 15:00,6.61,177,S,8.55,0,0
9/1/2025 16:00,3.89,142,SE,5.25,0,0
9/1/2025 17:00,3.69,145,SE,6.61,0,0
9/1/2025 18:00,2.14,140,SE,5.64,0,0
9/1/2025 19:00,6.61,162,SSE,9.14,0,0
9/1/2025 20:00,2.33,136,SE,3.69,0,0
9/1/2025 21:00,3.69,139,SE,5.05,0,0
9/1/2025 22:00,4.47,182,S,8.55,0,0
9/1/2025 23:00,7.39,158,SSE,10.3,0,0
9/2/2025 0:00,7.97,162,SSE,10.5,0,0
9/2/2025 1:00,5.64,159,SSE,7.19,0,0
9/2/2025 2:00,6.61,170,S,10.3,0,0
9/2/2025 3:00,5.64,177,S,8.94,0,0
9/2/2025 4:00,5.05,168,SSE,7.19,0,0
9/2/2025 5:00,6.03,165,SSE,8.16,0,0
9/2/2025 6:00,3.89,261,W,6.61,0,0
9/2/2025 7:00,7.78,248,WSW,11.27,0,0
9/2/2025 8:00,2.53,241,WSW,4.28,0,0
9/2/2025 9:00,5.64,169,S,8.75,0,0
9/2/2025 10:00,5.83,246,WSW,9.91,0,0
9/2/2025 11:00,6.22,202,SSW,11.27,0,0
9/2/2025 12:00,1.36,138,SE,5.05,0,0
9/2/2025 13:00,8.36,227,SW,12.44,0,0
9/2/2025 14:00,7,203,SSW,15.94,0,0
9/2/2025 15:00,7.58,242,WSW,11.47,0,0
9/2/2025 16:00,6.41,229,SW,11.66,0,0
9/2/2025 17:00,10.3,220,SW,17.11,0,0
9/2/2025 18:00,12.83,217,SW,17.69,0,0
9/2/2025 19:00,9.72,219,SW,14.77,0,0
9/2/2025 20:00,8.94,217,SW,14,0,0
9/2/2025 21:00,5.83,220,SW,9.91,0,0
9/2/2025 22:00,6.22,228,SW,11.08,0,0
9/2/2025 23:00,5.64,277,W,7.97,0,0
9/3/2025 0:00,7.97,287,WNW,11.66,0,0
9/3/2025 1:00,4.47,247,WSW,9.91,0,0
9/3/2025 2:00,4.67,249,WSW,9.14,0,0
9/3/2025 3:00,4.86,272,W,10.69,0,0
9/3/2025 4:00,4.47,279,W,8.75,0,0
9/3/2025 5:00,5.05,312,NW,6.22,0,0
9/3/2025 6:00,3.11,295,WNW,5.83,0,0
9/3/2025 7:00,4.28,268,W,5.44,0,0
9/3/2025 8:00,6.03,309,NW,6.61,0,0
9/3/2025 9:00,4.28,288,WNW,5.64,0,0
9/3/2025 10:00,3.11,260,W,5.44,0,0
9/3/2025 11:00,2.92,181,S,4.47,0,0
9/3/2025 12:00,4.67,166,SSE,6.41,0,0
9/3/2025 13:00,5.25,164,SSE,7.39,0,0
9/3/2025 14:00,2.72,174,S,6.8,0,0
9/3/2025 15:00,5.25,200,SSW,9.52,0,0
9/3/2025 16:00,3.5,162,SSE,4.67,0,0
9/3/2025 17:00,0.78,273,W,4.47,0,0
9/3/2025 18:00,1.75,220,SW,6.03,0,0
9/3/2025 19:00,3.11,280,W,7,0,0
9/3/2025 20:00,1.56,258,WSW,2.53,0,0
9/3/2025 21:00,4.28,228,SW,5.83,0,0
9/3/2025 22:00,5.44,233,SW,9.33,0,0
9/3/2025 23:00,4.08,183,S,6.03,0,0
9/4/2025 0:00,3.69,174,S,6.41,0,0
9/4/2025 1:00,4.28,229,SW,8.36,0,0
9/4/2025 2:00,4.08,207,SSW,8.94,0,0
9/4/2025 3:00,3.89,226,SW,7.19,0,0
9/4/2025 4:00,3.89,192,SSW,6.8,0,0
9/4/2025 5:00,3.69,194,SSW,6.8,0,0
9/4/2025 6:00,3.69,206,SSW,6.41,0,0
9/4/2025 7:00,3.3,246,WSW,7.39,0,0
9/4/2025 8:00,5.05,186,S,11.08,0,0
9/4/2025 9:00,3.5,229,SW,5.83,0,0
9/4/2025 10:00,3.3,207,SSW,5.64,0,0
9/4/2025 11:00,5.05,167,SSE,8.16,0,0
9/4/2025 12:00,7,158,SSE,8.55,0,0
9/4/2025 13:00,5.83,169,S,8.55,0,0
9/4/2025 14:00,4.86,181,S,7.58,0,0
9/4/2025 15:00,12.05,220,SW,16.52,0,0
9/4/2025 16:00,9.14,218,SW,14,0,0
9/4/2025 17:00,6.41,213,SSW,11.27,0,0
9/4/2025 18:00,7.39,219,SW,11.08,0,0
9/4/2025 19:00,7.58,215,SW,10.89,0,0
9/4/2025 20:00,2.14,268,W,5.83,0,0
9/4/2025 21:00,7.39,306,NW,13.61,0,0
9/4/2025 22:00,3.5,206,SSW,6.03,0,0
9/4/2025 23:00,2.14,204,SSW,4.08,0,0
9/5/2025 0:00,0.58,259,W,2.72,0,0
9/5/2025 1:00,2.72,238,WSW,4.67,0,0
9/5/2025 2:00,9.14,321,NW,10.69,0,0
9/5/2025 3:00,3.11,221,SW,5.44,0,0
9/5/2025 4:00,5.83,355,N,6.8,0,0
9/5/2025 5:00,1.36,101,E,3.69,0,0
9/5/2025 6:00,2.33,96,E,6.41,0,0
9/5/2025 7:00,4.67,158,SSE,7.19,0,0
9/5/2025 8:00,3.69,171,S,5.25,0,0
9/5/2025 9:00,0,63,ENE,2.33,0,0
9/5/2025 10:00,2.14,169,S,3.11,0,0
9/5/2025 11:00,3.89,141,SE,5.83,0,0
9/5/2025 12:00,5.64,150,SSE,9.52,0,0
9/5/2025 13:00,9.33,157,SSE,11.08,0,0
9/5/2025 14:00,5.05,156,SSE,8.36,0,0
9/5/2025 15:00,5.44,181,S,9.33,0,0
9/5/2025 16:00,5.25,186,S,8.16,0,0
9/5/2025 17:00,1.94,192,SSW,3.5,0,0
9/5/2025 18:00,0.78,246,WSW,3.3,0,0
9/5/2025 19:00,3.5,235,SW,6.22,0,0
9/5/2025 20:00,4.86,274,W,5.83,0,0
9/5/2025 21:00,5.83,198,SSW,7.19,0,0
9/5/2025 22:00,2.92,231,SW,4.86,0,0
9/5/2025 23:00,1.94,330,NNW,4.08,0,0
9/6/2025 0:00,2.92,177,S,4.67,0,0
9/6/2025 1:00,3.5,275,W,4.28,0,0
9/6/2025 2:00,2.72,221,SW,3.69,0,0
9/6/2025 3:00,2.14,220,SW,4.28,0,0
9/6/2025 4:00,5.44,161,SSE,6.61,0,0
9/6/2025 5:00,2.33,146,SE,3.69,0,0
9/6/2025 6:00,2.92,202,SSW,4.28,0,0
9/6/2025 7:00,3.3,7,N,6.22,0,0
9/6/2025 8:00,0.19,256,WSW,1.75,0,0
9/6/2025 9:00,4.67,171,S,7,0,0
9/6/2025 10:00,2.72,189,S,3.5,0,0
9/6/2025 11:00,3.89,206,SSW,6.8,0,0
9/6/2025 12:00,7,178,S,9.72,0,0
9/6/2025 13:00,7.97,181,S,11.08,0,0
9/6/2025 14:00,5.83,196,SSW,9.33,0,0
9/6/2025 15:00,12.44,214,SW,17.69,0,0
9/6/2025 16:00,11.08,215,SW,15.16,0,0
9/6/2025 17:00,12.25,216,SW,16.72,0,0
9/6/2025 18:00,10.11,216,SW,15.16,0,0
9/6/2025 19:00,10.69,214,SW,14.38,0,0
9/6/2025 20:00,5.44,213,SSW,9.33,0,0
9/6/2025 21:00,4.86,213,SSW,6.8,0,0
9/6/2025 22:00,5.05,219,SW,7,0,0
9/6/2025 23:00,2.14,184,S,5.25,0,0
9/7/2025 0:00,1.56,211,SSW,3.11,0,0
9/7/2025 1:00,2.14,169,S,2.72,0,0
9/7/2025 2:00,4.08,169,S,5.44,0,0
9/7/2025 3:00,1.94,166,SSE,3.11,0,0
9/7/2025 4:00,4.08,163,SSE,6.03,0,0
9/7/2025 5:00,3.11,170,S,5.25,0,0
9/7/2025 6:00,1.56,205,SSW,2.33,0,0
9/7/2025 7:00,2.14,126,SE,2.92,0,0
9/7/2025 8:00,1.94,183,S,2.72,0,0
9/7/2025 9:00,3.89,161,SSE,5.05,0,0
9/7/2025 10:00,5.64,160,SSE,7.97,0,0
9/7/2025 11:00,6.61,162,SSE,8.75,0,0
9/7/2025 12:00,6.03,156,SSE,7.97,0,0
9/7/2025 13:00,4.86,157,SSE,6.8,0,0
9/7/2025 14:00,4.08,178,S,6.8,0,0
9/7/2025 15:00,3.69,175,S,8.16,0,0
9/7/2025 16:00,3.3,155,SSE,4.67,0,0
9/7/2025 17:00,4.47,153,SSE,5.64,0,0
9/7/2025 18:00,1.56,135,SE,3.69,0,0
9/7/2025 19:00,2.33,14,NNE,3.5,0,0
9/7/2025 20:00,1.17,124,SE,1.94,0,0
9/7/2025 21:00,0.39,199,SSW,1.56,0,0
9/7/2025 22:00,4.08,172,S,6.22,0,0
9/7/2025 23:00,2.92,248,WSW,3.69,0,0
9/8/2025 0:00,3.89,224,SW,6.41,0,0
9/8/2025 1:00,2.53,177,S,6.8,0,0
9/8/2025 2:00,3.69,171,S,5.25,0,0
9/8/2025 3:00,6.03,158,SSE,7.39,0,0
9/8/2025 4:00,1.75,166,SSE,3.11,0,0
9/8/2025 5:00,4.67,165,SSE,6.22,0,0
9/8/2025 6:00,2.53,170,S,5.64,0,0
9/8/2025 7:00,2.14,193,SSW,3.5,0,0
9/8/2025 8:00,4.08,161,SSE,6.8,0,0
9/8/2025 9:00,3.89,192,SSW,7.39,0,0
9/8/2025 10:00,6.03,153,SSE,8.75,0,0
9/8/2025 11:00,6.22,166,SSE,9.33,0,0
9/8/2025 12:00,5.64,187,S,8.36,0,0
9/8/2025 13:00,4.86,187,S,7.97,0,0
9/8/2025 14:00,6.61,180,S,9.33,0,0
9/8/2025 15:00,4.47,211,SSW,7.58,0,0
9/8/2025 16:00,6.41,224,SW,10.5,0,0
9/8/2025 17:00,4.47,203,SSW,8.16,0,0
9/8/2025 18:00,9.14,223,SW,13.8,0,0
9/8/2025 19:00,7.78,199,SSW,12.05,0,0
9/8/2025 20:00,3.69,233,SW,8.75,0,0
9/8/2025 21:00,7.39,193,SSW,12.05,0,0
9/8/2025 22:00,8.36,197,SSW,13.02,0,0
9/8/2025 23:00,8.36,201,SSW,11.47,0,0
9/9/2025 0:00,7.58,199,SSW,11.47,0,0
9/9/2025 1:00,4.47,229,SW,6.8,0,0
9/9/2025 2:00,4.08,208,SSW,7.58,0,0
9/9/2025 3:00,1.94,176,S,3.89,0,0
9/9/2025 4:00,4.28,192,SSW,6.41,0,0
9/9/2025 5:00,2.53,172,S,6.03,0,0
9/9/2025 6:00,3.69,167,SSE,5.25,0,0
9/9/2025 7:00,3.69,157,SSE,5.64,0,0
9/9/2025 8:00,3.69,180,S,7.39,0,0
9/9/2025 9:00,2.72,193,SSW,5.05,0,0
9/9/2025 10:00,5.83,163,SSE,8.75,0,0
9/9/2025 11:00,3.89,176,S,7.78,0,0
9/9/2025 12:00,4.86,173,S,8.94,0,0
9/9/2025 13:00,4.47,160,SSE,8.36,0,0
9/9/2025 14:00,4.67,225,SW,8.55,0,0
9/9/2025 15:00,7.39,196,SSW,10.89,0,0
9/9/2025 16:00,3.69,186,S,8.55,0,0
9/9/2025 17:00,5.64,211,SSW,8.16,0,0
9/9/2025 18:00,4.47,228,SW,8.75,0,0
9/9/2025 19:00,4.08,230,SW,6.61,0,0
9/9/2025 20:00,3.3,234,SW,4.67,0,0
9/9/2025 21:00,3.3,220,SW,5.83,0,0
9/9/2025 22:00,1.56,238,WSW,5.44,0,0
9/9/2025 23:00,2.72,183,S,4.47,0,0
9/10/2025 0:00,1.17,210,SSW,3.89,0,0
9/10/2025 1:00,2.72,234,SW,5.25,0,0
9/10/2025 2:00,0.97,203,SSW,3.69,0,0
9/10/2025 3:00,3.3,249,WSW,5.25,0,0
9/10/2025 4:00,2.72,226,SW,4.08,0,0
9/10/2025 5:00,1.94,242,WSW,3.5,0,0
9/10/2025 6:00,2.72,267,W,3.5,0,0
9/10/2025 7:00,1.94,166,SSE,3.11,0,0
9/10/2025 8:00,2.14,185,S,2.92,0,0
9/10/2025 9:00,2.72,216,SW,5.25,0,0
9/10/2025 10:00,4.08,203,SSW,6.22,0,0
9/10/2025 11:00,5.05,173,S,7,0,0
9/10/2025 12:00,5.64,213,SSW,8.16,0,0
9/10/2025 13:00,6.03,227,SW,8.94,0,0
9/10/2025 14:00,5.44,200,SSW,11.47,0,0
9/10/2025 15:00,8.16,156,SSE,9.91,0,0
9/10/2025 16:00,7.58,164,SSE,11.27,0,0
9/10/2025 17:00,5.25,209,SSW,7.97,0,0
9/10/2025 18:00,4.08,202,SSW,7.78,0,0
9/10/2025 19:00,4.08,294,WNW,5.83,0,0
9/10/2025 20:00,5.25,242,WSW,9.14,0,0
9/10/2025 21:00,5.83,271,W,7.58,0,0
9/10/2025 22:00,4.86,232,SW,7.78,0,0
9/10/2025 23:00,5.83,298,WNW,7,0,0
9/11/2025 0:00,2.33,177,S,4.47,0,0
9/11/2025 1:00,2.92,170,S,3.89,0,0
9/11/2025 2:00,0.97,228,SW,2.33,0,0
9/11/2025 3:00,1.17,260,W,2.92,0,0
9/11/2025 4:00,3.69,285,WNW,5.83,0,0
9/11/2025 5:00,7.19,292,WNW,8.94,0,0
9/11/2025 6:00,5.64,296,WNW,7,0,0
9/11/2025 7:00,3.89,300,WNW,6.03,0,0
9/11/2025 8:00,2.92,276,W,4.28,0,0
9/11/2025 9:00,3.3,163,SSE,4.67,0,0
9/11/2025 10:00,2.53,177,S,5.05,0,0
9/11/2025 11:00,4.28,199,SSW,6.41,0,0
9/11/2025 12:00,3.5,189,S,5.64,0,0
9/11/2025 13:00,6.61,159,SSE,8.55,0,0
9/11/2025 14:00,11.08,161,SSE,13.61,0,0
9/11/2025 15:00,6.61,172,S,9.91,0,0
9/11/2025 16:00,4.08,207,SSW,7.97,0,0
9/11/2025 17:00,6.22,218,SW,10.89,0,0
9/11/2025 18:00,5.44,198,SSW,8.36,0,0
9/11/2025 19:00,7.19,319,NW,9.14,0,0
9/11/2025 20:00,4.47,324,NW,6.8,0,0
9/11/2025 21:00,4.28,140,SE,6.22,0,0
9/11/2025 22:00,10.11,163,SSE,12.64,0,0
9/11/2025 23:00,9.72,163,SSE,12.83,0,0
9/12/2025 0:00,8.16,160,SSE,13.02,0,0
9/12/2025 1:00,9.91,159,SSE,12.25,0,0
9/12/2025 2:00,3.3,178,S,7,0,0
9/12/2025 3:00,0.58,130,SE,2.14,0,0
9/12/2025 4:00,8.75,164,SSE,10.3,0,0
9/12/2025 5:00,6.03,146,SE,10.3,0,0
9/12/2025 6:00,9.14,162,SSE,11.47,0,0
9/12/2025 7:00,5.05,168,SSE,7.97,0,0
9/12/2025 8:00,4.67,169,S,8.55,0,0
9/12/2025 9:00,6.41,167,SSE,9.33,0,0
9/12/2025 10:00,7.97,165,SSE,9.52,0,0
9/12/2025 11:00,9.52,162,SSE,13.41,0,0
9/12/2025 12:00,7.58,167,SSE,10.69,0,0
9/12/2025 13:00,9.14,159,SSE,11.66,0,0
9/12/2025 14:00,8.36,161,SSE,12.25,0,0
9/12/2025 15:00,8.55,162,SSE,12.05,0,0
9/12/2025 16:00,7.39,177,S,13.02,0,0
9/12/2025 17:00,4.08,179,S,7.39,0,0
9/12/2025 18:00,6.03,156,SSE,8.55,0,0
9/12/2025 19:00,6.8,159,SSE,10.11,0,0
9/12/2025 20:00,1.94,237,WSW,3.89,0,0
9/12/2025 21:00,1.94,114,ESE,5.64,0,0
9/12/2025 22:00,2.14,25,NNE,2.72,0,0
9/12/2025 23:00,7.78,155,SSE,13.61,0,0
9/13/2025 0:00,8.55,152,SSE,13.02,0,0
9/13/2025 1:00,11.27,157,SSE,14.38,0,0
9/13/2025 2:00,11.47,163,SSE,15.55,0,0
9/13/2025 3:00,12.05,163,SSE,16.13,0,0
9/13/2025 4:00,10.11,162,SSE,13.22,0,0
9/13/2025 5:00,3.3,215,SW,6.03,0,0
9/13/2025 6:00,3.11,193,SSW,4.67,0,0
9/13/2025 7:00,4.08,199,SSW,5.83,0,0
9/13/2025 8:00,5.44,156,SSE,7.78,0,0
9/13/2025 9:00,7.58,168,SSE,11.86,0,0
9/13/2025 10:00,8.55,170,S,12.44,0,0
9/13/2025 11:00,5.44,160,SSE,7.78,0,0
9/13/2025 12:00,7.19,172,S,9.91,0,0
9/13/2025 13:00,7.97,162,SSE,12.44,0,0
9/13/2025 14:00,3.3,155,SSE,4.28,0,0
9/13/2025 15:00,5.83,178,S,8.16,0,0
9/13/2025 16:00,4.67,171,S,6.61,0,0
9/13/2025 17:00,4.86,176,S,8.36,0,0
9/13/2025 18:00,3.5,209,SSW,4.86,0,0
9/13/2025 19:00,8.55,310,NW,12.64,0,0
9/13/2025 20:00,3.89,207,SSW,5.05,0,0
9/13/2025 21:00,5.64,169,S,7.58,0,0
9/13/2025 22:00,1.17,180,S,3.3,0,0
9/13/2025 23:00,5.44,176,S,7.39,0,0
9/14/2025 0:00,4.67,187,S,6.8,0,0
9/14/2025 1:00,2.92,140,SE,5.64,0,0
9/14/2025 2:00,5.44,307,NW,7.78,0,0
9/14/2025 3:00,4.47,274,W,6.8,0,0
9/14/2025 4:00,4.67,157,SSE,6.22,0,0
9/14/2025 5:00,5.05,157,SSE,6.61,0,0
9/14/2025 6:00,3.69,161,SSE,7.58,0,0
9/14/2025 7:00,5.83,181,S,9.52,0,0
9/14/2025 8:00,8.94,156,SSE,12.05,0,0
9/14/2025 9:00,5.25,147,SSE,9.14,0,0
9/14/2025 10:00,5.25,159,SSE,6.8,0,0
9/14/2025 11:00,6.61,154,SSE,8.55,0,0
9/14/2025 12:00,6.61,160,SSE,8.36,0,0
9/14/2025 13:00,5.64,185,S,8.75,0,0
9/14/2025 14:00,5.05,187,S,7.39,0,0
9/14/2025 15:00,5.05,188,S,7.58,0,0
9/14/2025 16:00,3.89,145,SE,8.16,0,0
9/14/2025 17:00,2.53,133,SE,6.22,0,0
9/14/2025 18:00,3.69,163,SSE,6.22,0,0
9/14/2025 19:00,1.94,121,ESE,2.92,0,0
9/14/2025 20:00,3.3,112,ESE,5.25,0,0
9/14/2025 21:00,3.11,170,S,5.25,0,0
9/14/2025 22:00,9.72,154,SSE,13.61,0,0
9/14/2025 23:00,12.83,159,SSE,16.52,0,0
9/15/2025 0:00,11.47,162,SSE,14.97,0,0
9/15/2025 1:00,6.61,164,SSE,12.05,0,0
9/15/2025 2:00,8.55,162,SSE,11.47,0,0
9/15/2025 3:00,6.61,161,SSE,8.94,0,0
9/15/2025 4:00,6.03,156,SSE,8.16,0,0
9/15/2025 5:00,3.89,191,S,6.41,0,0
9/15/2025 6:00,2.33,216,SW,4.67,0,0
9/15/2025 7:00,1.17,185,S,2.53,0,0
9/15/2025 8:00,1.56,276,W,2.53,0,0
9/15/2025 9:00,0.78,43,NE,2.53,0,0
9/15/2025 10:00,1.36,213,SSW,2.33,0,0
9/15/2025 11:00,0.78,224,SW,2.72,0,0
9/15/2025 12:00,1.56,322,NW,1.94,0,0
9/15/2025 13:00,2.92,242,WSW,4.08,0,0
9/15/2025 14:00,2.72,156,SSE,4.08,0,0
9/15/2025 15:00,2.92,202,SSW,4.08,0,0
9/15/2025 16:00,3.11,121,ESE,4.28,0,0
9/15/2025 17:00,2.92,146,SE,5.05,0,0
9/15/2025 18:00,2.72,142,SE,5.25,0,0
9/15/2025 19:00,4.08,138,SE,5.25,0,0
9/15/2025 20:00,2.53,139,SE,4.67,0,0
9/15/2025 21:00,1.56,143,SE,4.67,0,0
9/15/2025 22:00,2.92,140,SE,5.05,0,0
9/15/2025 23:00,3.11,145,SE,4.67,0,0
9/16/2025 0:00,,,,,1,1
9/16/2025 1:00,2.53,294,WNW,3.11,0,0
9/16/2025 2:00,3.11,166,SSE,5.44,0,0
9/16/2025 3:00,1.75,128,SE,2.72,0,0
9/16/2025 4:00,1.56,75,ENE,2.33,0,0
9/16/2025 5:00,1.75,143,SE,3.11,0,0
9/16/2025 6:00,1.17,166,SSE,1.56,0,0
9/16/2025 7:00,0.19,298,WNW,0.58,0,0
9/16/2025 8:00,1.56,163,SSE,1.94,0,0
9/16/2025 9:00,2.14,144,SE,3.89,0,0
9/16/2025 10:00,2.72,147,SSE,4.28,0,0
9/16/2025 11:00,5.83,178,S,9.14,0,0
9/16/2025 12:00,2.14,128,SE,4.86,0,0
9/16/2025 13:00,2.92,142,SE,4.86,0,0
9/16/2025 14:00,2.72,141,SE,5.44,0,0
9/16/2025 15:00,3.5,153,SSE,5.05,0,0
9/16/2025 16:00,5.64,162,SSE,7.39,0,0
9/16/2025 17:00,3.5,152,SSE,4.67,0,0
9/16/2025 18:00,3.5,159,SSE,5.25,0,0
9/16/2025 19:00,2.33,147,SSE,4.08,0,0
9/16/2025 20:00,1.56,97,E,4.28,0,0
9/16/2025 21:00,1.94,124,SE,3.69,0,0
9/16/2025 22:00,2.53,138,SE,5.25,0,0
9/16/2025 23:00,2.72,172,S,4.67,0,0
9/17/2025 0:00,1.94,144,SE,4.08,0,0
9/17/2025 1:00,1.75,146,SE,2.92,0,0
9/17/2025 2:00,4.67,154,SSE,6.41,0,0
9/17/2025 3:00,5.83,158,SSE,7.78,0,0
9/17/2025 4:00,3.5,142,SE,5.64,0,0
9/17/2025 5:00,3.69,166,SSE,6.03,0,0
9/17/2025 6:00,2.72,179,S,5.05,0,0
9/17/2025 7:00,1.75,133,SE,3.3,0,0
9/17/2025 8:00,1.56,137,SE,4.08,0,0
9/17/2025 9:00,2.33,135,SE,4.47,0,0
9/17/2025 10:00,4.28,151,SSE,4.86,0,0
9/17/2025 11:00,2.92,155,SSE,3.69,0,0
9/17/2025 12:00,4.28,156,SSE,4.86,0,0
9/17/2025 13:00,4.08,151,SSE,4.86,0,0
9/17/2025 14:00,3.69,158,SSE,4.47,0,0
9/17/2025 15:00,5.44,151,SSE,6.61,0,0
9/17/2025 16:00,5.44,156,SSE,6.22,0,0
9/17/2025 17:00,2.33,135,SE,4.86,0,0
9/17/2025 18:00,3.3,121,ESE,5.83,0,0
9/17/2025 19:00,2.92,140,SE,5.25,0,0
9/17/2025 20:00,3.11,139,SE,5.44,0,0
9/17/2025 21:00,2.33,137,SE,3.89,0,0
9/17/2025 22:00,5.64,175,S,7,0,0
9/17/2025 23:00,2.72,164,SSE,5.44,0,0
9/18/2025 0:00,4.67,155,SSE,9.52,0,0
9/18/2025 1:00,5.44,185,S,9.14,0,0
9/18/2025 2:00,7.19,165,SSE,8.94,0,0
9/18/2025 3:00,6.41,188,S,12.25,0,0
9/18/2025 4:00,5.44,157,SSE,8.94,0,0
9/18/2025 5:00,4.28,175,S,10.3,0,0
9/18/2025 6:00,7.39,165,SSE,9.72,0,0
9/18/2025 7:00,7.78,171,S,11.47,0,0
9/18/2025 8:00,9.91,166,SSE,14.77,0,0
9/18/2025 9:00,9.91,173,S,15.55,0,0
9/18/2025 10:00,10.5,174,S,16.72,0,0
9/18/2025 11:00,10.3,175,S,15.36,0,0
9/18/2025 12:00,10.5,165,SSE,16.91,0,0
9/18/2025 13:00,,,,,1,1
9/18/2025 14:00,6.8,191,S,11.86,0,0
9/18/2025 15:00,7.39,177,S,12.64,0,0
9/18/2025 16:00,7.58,159,SSE,9.72,0,0
9/18/2025 17:00,5.83,250,WSW,7,0,0
9/18/2025 18:00,16.52,161,SSE,20.8,0,0
9/18/2025 19:00,7.39,170,S,11.08,0,0
9/18/2025 20:00,1.94,244,WSW,5.44,0,0
9/18/2025 21:00,3.3,214,SW,6.03,0,0
9/18/2025 22:00,6.41,172,S,10.5,0,0
9/18/2025 23:00,1.75,109,ESE,3.89,0,0
9/19/2025 0:00,5.83,171,S,7.78,0,0
9/19/2025 1:00,6.22,245,WSW,8.36,0,0
9/19/2025 2:00,4.08,217,SW,8.55,0,0
9/19/2025 3:00,3.69,206,SSW,6.41,0,0
9/19/2025 4:00,3.3,186,S,5.64,0,0
9/19/2025 5:00,0.78,235,SW,3.69,0,0
9/19/2025 6:00,2.72,184,S,4.47,0,0
9/19/2025 7:00,0.19,239,WSW,2.14,0,0
9/19/2025 8:00,2.92,15,NNE,4.86,0,0
9/19/2025 9:00,1.75,118,ESE,2.33,0,0
9/19/2025 10:00,1.94,139,SE,4.08,0,0
9/19/2025 11:00,4.47,153,SSE,5.25,0,0
9/19/2025 12:00,6.41,158,SSE,7.58,0,0
9/19/2025 13:00,5.44,152,SSE,6.8,0,0
9/19/2025 14:00,6.22,165,SSE,10.5,0,0
9/19/2025 15:00,7.97,153,SSE,11.86,0,0
9/19/2025 16:00,6.03,169,S,9.33,0,0
9/19/2025 17:00,3.69,194,SSW,7.39,0,0
9/19/2025 18:00,4.86,224,SW,8.55,0,0
9/19/2025 19:00,2.33,237,WSW,5.64,0,0
9/19/2025 20:00,2.72,250,WSW,9.33,0,0
9/19/2025 21:00,3.89,243,WSW,7.78,0,0
9/19/2025 22:00,3.89,245,WSW,11.27,0,0
9/19/2025 23:00,4.47,311,NW,7,0,0
9/20/2025 0:00,3.11,288,WNW,5.05,0,0
9/20/2025 1:00,4.08,353,N,4.67,0,0
9/20/2025 2:00,1.56,299,WNW,2.72,0,0
9/20/2025 3:00,1.75,289,WNW,3.11,0,0
9/20/2025 4:00,1.75,165,SSE,3.11,0,0
9/20/2025 5:00,2.92,91,E,4.28,0,0
9/20/2025 6:00,2.33,275,W,3.5,0,0
9/20/2025 7:00,1.36,305,NW,2.33,0,0
9/20/2025 8:00,4.08,340,NNW,4.86,0,0
9/20/2025 9:00,4.67,339,NNW,5.44,0,0
9/20/2025 10:00,3.3,299,WNW,3.69,0,0
9/20/2025 11:00,5.64,158,SSE,7.39,0,0
9/20/2025 12:00,6.61,158,SSE,7.39,0,0
9/20/2025 13:00,4.47,160,SSE,6.61,0,0
9/20/2025 14:00,4.86,154,SSE,5.83,0,0
9/20/2025 15:00,2.33,200,SSW,5.25,0,0
9/20/2025 16:00,5.83,153,SSE,8.16,0,0
9/20/2025 17:00,4.67,159,SSE,5.64,0,0
9/20/2025 18:00,3.11,152,SSE,5.05,0,0
9/20/2025 19:00,1.75,126,SE,3.89,0,0
9/20/2025 20:00,2.33,59,ENE,6.41,0,0
9/20/2025 21:00,3.5,304,NW,4.47,0,0
9/20/2025 22:00,1.17,270,W,3.89,0,0
9/20/2025 23:00,6.61,168,SSE,7.97,0,0
9/21/2025 0:00,6.22,164,SSE,7.58,0,0
9/21/2025 1:00,3.69,147,SSE,5.25,0,0
9/21/2025 2:00,9.14,163,SSE,10.89,0,0
9/21/2025 3:00,4.67,163,SSE,8.94,0,0
9/21/2025 4:00,7.19,161,SSE,8.75,0,0
9/21/2025 5:00,5.25,159,SSE,7.78,0,0
9/21/2025 6:00,3.3,139,SE,6.03,0,0
9/21/2025 7:00,3.89,139,SE,7,0,0
9/21/2025 8:00,1.94,116,ESE,3.11,0,0
9/21/2025 9:00,2.92,164,SSE,4.08,0,0
9/21/2025 10:00,2.14,160,SSE,4.47,0,0
9/21/2025 11:00,4.67,139,SE,9.33,0,0
9/21/2025 12:00,10.11,174,S,14.38,0,0
9/21/2025 13:00,7.97,187,S,11.08,0,0
9/21/2025 14:00,7.39,181,S,10.3,0,0
9/21/2025 15:00,7,176,S,9.72,0,0
9/21/2025 16:00,6.03,157,SSE,7.39,0,0
9/21/2025 17:00,3.5,136,SE,6.22,0,0
9/21/2025 18:00,5.05,142,SE,7,0,0
9/21/2025 19:00,3.5,150,SSE,6.61,0,0
9/21/2025 20:00,5.64,176,S,8.16,0,0
9/21/2025 21:00,5.83,182,S,7.78,0,0
9/21/2025 22:00,7.97,149,SSE,13.61,0,0
9/21/2025 23:00,11.66,160,SSE,14.97,0,0
9/22/2025 0:00,6.22,181,S,10.3,0,0
9/22/2025 1:00,11.27,166,SSE,13.8,0,0
9/22/2025 2:00,10.3,164,SSE,12.83,0,0
9/22/2025 3:00,5.05,192,SSW,9.14,0,0
9/22/2025 4:00,4.86,169,S,6.41,0,0
9/22/2025 5:00,5.05,195,SSW,8.55,0,0
9/22/2025 6:00,5.44,162,SSE,6.8,0,0
9/22/2025 7:00,4.86,189,S,7.58,0,0
9/22/2025 8:00,4.08,186,S,6.61,0,0
9/22/2025 9:00,4.47,164,SSE,7.19,0,0
9/22/2025 10:00,6.03,160,SSE,7.58,0,0
9/22/2025 11:00,3.5,182,S,6.41,0,0
9/22/2025 12:00,3.5,170,S,4.47,0,0
9/22/2025 13:00,5.64,167,SSE,7.58,0,0
9/22/2025 14:00,4.86,159,SSE,5.83,0,0
9/22/2025 15:00,4.47,166,SSE,5.64,0,0
9/22/2025 16:00,5.05,157,SSE,6.8,0,0
9/22/2025 17:00,4.28,154,SSE,5.83,0,0
9/22/2025 18:00,2.53,131,SE,3.89,0,0
9/22/2025 19:00,2.53,117,ESE,4.08,0,0
9/22/2025 20:00,2.72,81,E,5.83,0,0
9/22/2025 21:00,1.75,112,ESE,3.3,0,0
9/22/2025 22:00,2.14,120,ESE,2.72,0,0
9/22/2025 23:00,3.89,169,S,5.64,0,0
9/23/2025 0:00,2.92,148,SSE,5.05,0,0
9/23/2025 1:00,5.05,159,SSE,6.61,0,0
9/23/2025 2:00,4.08,155,SSE,5.44,0,0
9/23/2025 3:00,3.3,160,SSE,4.47,0,0
9/23/2025 4:00,1.75,206,SSW,2.53,0,0
9/23/2025 5:00,1.94,333,NNW,2.33,0,0
9/23/2025 6:00,3.89,330,NNW,4.28,0,0
9/23/2025 7:00,0.78,107,ESE,1.56,0,0
9/23/2025 8:00,4.08,329,NNW,5.25,0,0
9/23/2025 9:00,2.14,318,NW,2.72,0,0
9/23/2025 10:00,3.5,283,WNW,4.08,0,0
9/23/2025 11:00,2.33,230,SW,4.86,0,0
9/23/2025 12:00,3.3,148,SSE,6.22,0,0
9/23/2025 13:00,1.94,180,S,2.92,0,0
9/23/2025 14:00,2.33,134,SE,3.11,0,0
9/23/2025 15:00,2.53,148,SSE,3.89,0,0
9/23/2025 16:00,1.94,149,SSE,3.5,0,0
9/23/2025 17:00,3.11,149,SSE,4.08,0,0
9/23/2025 18:00,3.89,141,SE,5.05,0,0
9/23/2025 19:00,2.33,135,SE,4.47,0,0
9/23/2025 20:00,2.53,315,NW,4.47,0,0
9/23/2025 21:00,5.25,160,SSE,8.36,0,0
9/23/2025 22:00,1.75,123,ESE,2.53,0,0
9/23/2025 23:00,1.56,185,S,5.83,0,0
9/24/2025 0:00,4.28,199,SSW,8.75,0,0
9/24/2025 1:00,7.58,200,SSW,13.22,0,0
9/24/2025 2:00,3.69,167,SSE,10.3,0,0
9/24/2025 3:00,5.25,155,SSE,11.08,0,0
9/24/2025 4:00,4.08,174,S,7.97,0,0
9/24/2025 5:00,3.3,253,WSW,6.61,0,0
9/24/2025 6:00,4.28,190,S,7,0,0
9/24/2025 7:00,8.94,276,W,10.5,0,0
9/24/2025 8:00,3.69,210,SSW,6.03,0,0
9/24/2025 9:00,5.64,173,S,8.16,0,0
9/24/2025 10:00,7.19,157,SSE,10.5,0,0
9/24/2025 11:00,3.5,172,S,9.33,0,0
9/24/2025 12:00,5.44,153,SSE,9.14,0,0
9/24/2025 13:00,1.17,99,E,1.56,0,0
9/24/2025 14:00,9.14,343,NNW,11.47,0,0
9/24/2025 15:00,3.89,341,NNW,5.05,0,0
9/24/2025 16:00,3.5,174,S,7.58,0,0
9/24/2025 17:00,3.69,176,S,7.39,0,0
9/24/2025 18:00,4.28,304,NW,5.25,0,0
9/24/2025 19:00,3.3,128,SE,6.22,0,0
9/24/2025 20:00,2.72,128,SE,5.64,0,0
9/24/2025 21:00,2.92,129,SE,6.03,0,0
9/24/2025 22:00,2.33,127,SE,3.69,0,0
9/24/2025 23:00,7,179,S,8.36,0,0
9/25/2025 0:00,3.69,125,SE,6.41,0,0
9/25/2025 1:00,3.69,156,SSE,5.64,0,0
9/25/2025 2:00,1.75,326,NW,4.86,0,0
9/25/2025 3:00,3.69,158,SSE,9.33,0,0
9/25/2025 4:00,6.41,161,SSE,7.58,0,0
9/25/2025 5:00,4.47,164,SSE,7.58,0,0
9/25/2025 6:00,6.03,163,SSE,7.97,0,0
9/25/2025 7:00,0,57,ENE,2.14,0,0
9/25/2025 8:00,2.53,122,ESE,4.28,0,0
9/25/2025 9:00,6.8,158,SSE,7.78,0,0
9/25/2025 10:00,5.25,163,SSE,9.72,0,0
9/25/2025 11:00,7.58,157,SSE,11.27,0,0
9/25/2025 12:00,5.44,148,SSE,8.75,0,0
9/25/2025 13:00,4.86,171,S,9.33,0,0
9/25/2025 14:00,5.64,157,SSE,10.3,0,0
9/25/2025 15:00,4.28,186,S,9.52,0,0
9/25/2025 16:00,8.16,223,SW,14.58,0,0
9/25/2025 17:00,10.3,222,SW,17.49,0,0
9/25/2025 18:00,7,223,SW,12.25,0,0
9/25/2025 19:00,6.22,228,SW,12.05,0,0
9/25/2025 20:00,6.8,225,SW,12.44,0,0
9/25/2025 21:00,7.58,220,SW,12.05,0,0
9/25/2025 22:00,3.3,187,S,7.19,0,0
9/25/2025 23:00,8.36,161,SSE,10.89,0,0
9/26/2025 0:00,2.53,223,SW,4.47,0,0
9/26/2025 1:00,2.72,233,SW,3.89,0,0
9/26/2025 2:00,3.3,188,S,5.25,0,0
9/26/2025 3:00,3.3,181,S,7.19,0,0
9/26/2025 4:00,2.72,190,S,5.83,0,0
9/26/2025 5:00,2.53,281,W,4.67,0,0
9/26/2025 6:00,2.53,275,W,3.5,0,0
9/26/2025 7:00,1.56,249,WSW,2.72,0,0
9/26/2025 8:00,3.11,166,SSE,5.64,0,0
9/26/2025 9:00,1.75,218,SW,3.11,0,0
9/26/2025 10:00,4.28,154,SSE,5.83,0,0
9/26/2025 11:00,5.25,162,SSE,7,0,0
9/26/2025 12:00,4.47,168,SSE,6.8,0,0
9/26/2025 13:00,6.22,166,SSE,8.94,0,0
9/26/2025 14:00,5.05,164,SSE,8.94,0,0
9/26/2025 15:00,6.8,163,SSE,9.33,0,0
9/26/2025 16:00,7,167,SSE,12.25,0,0
9/26/2025 17:00,7,153,SSE,10.69,0,0
9/26/2025 18:00,8.75,154,SSE,11.47,0,0
9/26/2025 19:00,7.58,161,SSE,10.5,0,0
9/26/2025 20:00,6.03,178,S,11.08,0,0
9/26/2025 21:00,6.41,158,SSE,8.36,0,0
9/26/2025 22:00,10.3,156,SSE,13.02,0,0
9/26/2025 23:00,6.22,172,S,10.3,0,0
9/27/2025 0:00,7.39,164,SSE,12.64,0,0
9/27/2025 1:00,7.19,177,S,10.69,0,0
9/27/2025 2:00,4.86,188,S,9.14,0,0
9/27/2025 3:00,5.64,186,S,13.02,0,0
9/27/2025 4:00,5.64,180,S,9.33,0,0
9/27/2025 5:00,8.36,187,S,14.58,0,0
9/27/2025 6:00,5.25,218,SW,8.75,0,0
9/27/2025 7:00,5.44,217,SW,7.78,0,0
9/27/2025 8:00,5.83,217,SW,9.14,0,0
9/27/2025 9:00,4.08,216,SW,8.36,0,0
9/27/2025 10:00,8.75,195,SSW,14.19,0,0
9/27/2025 11:00,10.3,213,SSW,18.66,0,0
9/27/2025 12:00,7.78,226,SW,15.16,0,0
9/27/2025 13:00,8.75,218,SW,15.36,0,0
9/27/2025 14:00,7.39,214,SW,15.94,0,0
9/27/2025 15:00,9.72,212,SSW,16.52,0,0
9/27/2025 16:00,5.05,189,S,11.08,0,0
9/27/2025 17:00,4.28,188,S,8.75,0,0
9/27/2025 18:00,7.58,223,SW,14.58,0,0
9/27/2025 19:00,10.11,219,SW,18.27,0,0
9/27/2025 20:00,7.19,220,SW,12.83,0,0
9/27/2025 21:00,7,224,SW,13.8,0,0
9/27/2025 22:00,7.97,222,SW,13.22,0,0
9/27/2025 23:00,5.64,199,SSW,11.27,0,0
9/28/2025 0:00,8.16,219,SW,13.02,0,0
9/28/2025 1:00,3.89,202,SSW,8.75,0,0
9/28/2025 2:00,3.89,196,SSW,6.03,0,0
9/28/2025 3:00,5.44,184,S,10.11,0,0
9/28/2025 4:00,4.86,198,SSW,9.52,0,0
9/28/2025 5:00,6.22,198,SSW,10.5,0,0
9/28/2025 6:00,6.22,191,S,11.08,0,0
9/28/2025 7:00,5.44,195,SSW,8.55,0,0
9/28/2025 8:00,4.47,218,SW,7.58,0,0
9/28/2025 9:00,4.08,212,SSW,8.16,0,0
9/28/2025 10:00,2.72,173,S,5.44,0,0
9/28/2025 11:00,1.94,174,S,5.25,0,0
9/28/2025 12:00,6.22,281,W,9.52,0,0
9/28/2025 13:00,4.28,280,W,7.78,0,0
9/28/2025 14:00,2.14,283,WNW,7,0,0
9/28/2025 15:00,0.97,274,W,4.67,0,0
9/28/2025 16:00,3.5,191,S,8.75,0,0
9/28/2025 17:00,2.33,0,N,6.03,0,0
9/28/2025 18:00,2.53,249,WSW,7,0,0
9/28/2025 19:00,1.56,200,SSW,6.61,0,0
9/28/2025 20:00,3.5,259,W,7.58,0,0
9/28/2025 21:00,5.05,160,SSE,7,0,0
9/28/2025 22:00,3.3,168,SSE,7.39,0,0
9/28/2025 23:00,2.33,178,S,5.25,0,0
9/29/2025 0:00,4.08,182,S,6.8,0,0
9/29/2025 1:00,1.36,171,S,2.92,0,0
9/29/2025 2:00,2.33,244,WSW,8.36,0,0
9/29/2025 3:00,4.67,275,W,7.39,0,0
9/29/2025 4:00,3.3,177,S,8.94,0,0
9/29/2025 5:00,1.36,200,SSW,3.89,0,0
9/29/2025 6:00,2.14,158,SSE,3.89,0,0
9/29/2025 7:00,2.14,141,SE,4.47,0,0
9/29/2025 8:00,2.72,152,SSE,4.67,0,0
9/29/2025 9:00,3.11,168,SSE,4.28,0,0
9/29/2025 10:00,2.72,173,S,4.47,0,0
9/29/2025 11:00,4.28,166,SSE,7,0,0
9/29/2025 12:00,3.3,209,SSW,9.33,0,0
9/29/2025 13:00,6.22,171,S,10.11,0,0
9/29/2025 14:00,9.33,171,S,13.41,0,0
9/29/2025 15:00,5.83,202,SSW,10.3,0,0
9/29/2025 16:00,3.89,173,S,10.11,0,0
9/29/2025 17:00,2.72,172,S,9.33,0,0
9/29/2025 18:00,8.16,206,SSW,11.08,0,0
9/29/2025 19:00,7.97,206,SSW,10.3,0,0
9/29/2025 20:00,8.16,196,SSW,12.25,0,0
9/29/2025 21:00,5.05,186,S,9.72,0,0
9/29/2025 22:00,9.33,193,SSW,15.16,0,0
9/29/2025 23:00,9.52,197,SSW,12.83,0,0
9/30/2025 0:00,8.16,194,SSW,11.47,0,0
9/30/2025 1:00,7.19,196,SSW,11.08,0,0
9/30/2025 2:00,4.08,190,S,7.19,0,0
9/30/2025 3:00,4.67,178,S,6.61,0,0
9/30/2025 4:00,6.61,172,S,9.52,0,0
9/30/2025 5:00,5.05,195,SSW,7,0,0
9/30/2025 6:00,4.47,198,SSW,6.8,0,0
9/30/2025 7:00,7.19,202,SSW,8.75,0,0
9/30/2025 8:00,7.19,180,S,10.69,0,0
9/30/2025 9:00,6.8,199,SSW,8.75,0,0
9/30/2025 10:00,5.83,179,S,7.97,0,0
9/30/2025 11:00,,,,,1,1
9/30/2025 12:00,,,,,1,1
9/30/2025 13:00,,,,,1,1
9/30/2025 14:00,,,,,1,1
9/30/2025 15:00,4.28,237,WSW,8.75,0,0
9/30/2025 16:00,5.64,214,SW,9.91,0,0
9/30/2025 17:00,2.33,267,W,5.64,0,0
9/30/2025 18:00,1.36,184,S,3.5,0,0
9/30/2025 19:00,4.28,202,SSW,6.41,0,0
9/30/2025 20:00,0.19,261,W,3.11,0,0
9/30/2025 21:00,5.05,196,SSW,9.72,0,0
9/30/2025 22:00,9.72,197,SSW,12.64,0,0
9/30/2025 23:00,3.69,211,SSW,8.94,0,0
10/1/2025 0:00,5.05,202,SSW,9.52,0,0
10/1/2025 1:00,3.11,201,SSW,5.83,0,0
10/1/2025 2:00,5.64,189,S,8.36,0,0
10/1/2025 3:00,7,174,S,10.11,0,0
10/1/2025 4:00,7.19,162,SSE,9.14,0,0
10/1/2025 5:00,4.67,164,SSE,7,0,0
10/1/2025 6:00,5.05,148,SSE,7.58,0,0
10/1/2025 7:00,3.89,142,SE,6.22,0,0
10/1/2025 8:00,7.19,147,SSE,9.14,0,0
10/1/2025 9:00,10.11,164,SSE,11.86,0,0
10/1/2025 10:00,2.33,162,SSE,3.5,0,0
10/1/2025 11:00,8.36,163,SSE,13.02,0,0
10/1/2025 12:00,9.91,162,SSE,12.05,0,0
10/1/2025 13:00,8.55,161,SSE,11.66,0,0
10/1/2025 14:00,2.33,203,SSW,5.64,0,0
10/1/2025 15:00,4.86,254,WSW,7.39,0,0
10/1/2025 16:00,3.69,286,WNW,4.86,0,0
10/1/2025 17:00,3.5,272,W,7.39,0,0
10/1/2025 18:00,4.28,261,W,7.97,0,0
10/1/2025 19:00,4.28,255,WSW,7.39,0,0
10/1/2025 20:00,4.47,254,WSW,11.08,0,0
10/1/2025 21:00,5.05,260,W,7.97,0,0
10/1/2025 22:00,2.53,305,NW,7,0,0
10/1/2025 23:00,1.36,266,W,4.67,0,0
10/2/2025 0:00,2.53,320,NW,3.11,0,0
10/2/2025 1:00,1.94,318,NW,2.53,0,0
10/2/2025 2:00,0.97,3,N,1.36,0,0
10/2/2025 3:00,1.17,85,E,2.14,0,0
10/2/2025 4:00,1.94,298,WNW,3.3,0,0
10/2/2025 5:00,4.28,354,N,5.25,0,0
10/2/2025 6:00,1.94,15,NNE,2.72,0,0
10/2/2025 7:00,2.72,22,NNE,3.11,0,0
10/2/2025 8:00,3.5,157,SSE,4.67,0,0
10/2/2025 9:00,2.14,273,W,7.19,0,0
10/2/2025 10:00,3.11,158,SSE,4.47,0,0
10/2/2025 11:00,4.67,167,SSE,8.94,0,0
10/2/2025 12:00,7.78,155,SSE,9.91,0,0
10/2/2025 13:00,6.8,223,SW,10.89,0,0
10/2/2025 14:00,4.67,215,SW,7,0,0
10/2/2025 15:00,4.28,216,SW,8.36,0,0
10/2/2025 16:00,4.28,190,S,11.08,0,0
10/2/2025 17:00,6.61,224,SW,11.47,0,0
10/2/2025 18:00,6.41,223,SW,12.44,0,0
10/2/2025 19:00,5.25,236,SW,10.69,0,0
10/2/2025 20:00,4.28,222,SW,7.39,0,0
10/2/2025 21:00,1.56,264,W,3.89,0,0
10/2/2025 22:00,8.16,303,WNW,11.27,0,0
10/2/2025 23:00,6.61,292,WNW,8.36,0,0
10/3/2025 0:00,6.22,297,WNW,8.75,0,0
10/3/2025 1:00,5.05,298,WNW,7.97,0,0
10/3/2025 2:00,7.97,290,WNW,12.83,0,0
10/3/2025 3:00,9.14,292,WNW,13.22,0,0
10/3/2025 4:00,10.89,288,WNW,13.61,0,0
10/3/2025 5:00,10.11,291,WNW,13.61,0,0
10/3/2025 6:00,4.08,271,W,6.41,0,0
10/3/2025 7:00,7.78,297,WNW,11.66,0,0
10/3/2025 8:00,7,304,NW,10.3,0,0
10/3/2025 9:00,6.03,292,WNW,7.58,0,0
10/3/2025 10:00,1.56,19,NNE,3.11,0,0
10/3/2025 11:00,1.36,124,SE,3.3,0,0
10/3/2025 12:00,5.25,162,SSE,6.8,0,0
10/3/2025 13:00,7.39,161,SSE,9.52,0,0
10/3/2025 14:00,5.83,161,SSE,7.78,0,0
10/3/2025 15:00,4.86,173,S,8.75,0,0
10/3/2025 16:00,3.69,208,SSW,8.55,0,0
10/3/2025 17:00,5.05,174,S,8.16,0,0
10/3/2025 18:00,7.78,309,NW,10.69,0,0
10/3/2025 19:00,9.91,310,NW,12.83,0,0
10/3/2025 20:00,8.16,332,NNW,10.5,0,0
10/3/2025 21:00,5.25,294,WNW,7.58,0,0
10/3/2025 22:00,1.36,245,WSW,2.92,0,0
10/3/2025 23:00,0.97,251,WSW,1.94,0,0
10/4/2025 0:00,0.39,309,NW,1.36,0,0
10/4/2025 1:00,0.78,261,W,3.11,0,0
10/4/2025 2:00,1.17,150,SSE,2.33,0,0
10/4/2025 3:00,2.14,162,SSE,4.28,0,0
10/4/2025 4:00,2.14,211,SSW,3.89,0,0
10/4/2025 5:00,0,8,N,1.36,0,0
10/4/2025 6:00,4.86,141,SE,7.19,0,0
10/4/2025 7:00,3.69,136,SE,6.8,0,0
10/4/2025 8:00,4.86,165,SSE,6.41,0,0
10/4/2025 9:00,4.67,147,SSE,7.78,0,0
10/4/2025 10:00,5.05,161,SSE,7.19,0,0
10/4/2025 11:00,5.25,158,SSE,6.8,0,0
10/4/2025 12:00,7.19,159,SSE,8.55,0,0
10/4/2025 13:00,5.44,164,SSE,7.97,0,0
10/4/2025 14:00,4.28,177,S,8.16,0,0
10/4/2025 15:00,4.47,181,S,7.39,0,0
10/4/2025 16:00,5.64,196,SSW,10.3,0,0
10/4/2025 17:00,1.56,157,SSE,6.61,0,0
10/4/2025 18:00,1.94,156,SSE,3.89,0,0
10/4/2025 19:00,2.92,167,SSE,4.86,0,0
10/4/2025 20:00,2.33,329,NNW,2.92,0,0
10/4/2025 21:00,2.33,282,WNW,4.67,0,0
10/4/2025 22:00,4.08,175,S,6.03,0,0
10/4/2025 23:00,5.05,172,S,8.16,0,0
10/5/2025 0:00,5.83,166,SSE,8.55,0,0
10/5/2025 1:00,3.69,164,SSE,6.8,0,0
10/5/2025 2:00,6.03,164,SSE,8.36,0,0
10/5/2025 3:00,1.94,231,SW,5.64,0,0
10/5/2025 4:00,2.53,256,WSW,4.67,0,0
10/5/2025 5:00,3.3,167,SSE,6.22,0,0
10/5/2025 6:00,1.75,280,W,2.92,0,0
10/5/2025 7:00,2.33,275,W,3.3,0,0
10/5/2025 8:00,1.36,284,WNW,2.72,0,0
10/5/2025 9:00,1.36,129,SE,2.72,0,0
10/5/2025 10:00,2.14,280,W,3.5,0,0
10/5/2025 11:00,1.36,198,SSW,2.72,0,0
10/5/2025 12:00,1.36,256,WSW,2.14,0,0
10/5/2025 13:00,3.5,164,SSE,4.28,0,0
10/5/2025 14:00,2.14,158,SSE,2.92,0,0
10/5/2025 15:00,3.5,205,SSW,5.25,0,0
10/5/2025 16:00,3.11,187,S,5.64,0,0
10/5/2025 17:00,0.97,159,SSE,3.11,0,0
10/5/2025 18:00,2.14,198,SSW,5.44,0,0
10/5/2025 19:00,2.72,92,E,4.08,0,0
10/5/2025 20:00,1.94,94,E,3.11,0,0
10/5/2025 21:00,2.14,66,ENE,3.3,0,0
10/5/2025 22:00,3.3,87,E,3.69,0,0
10/5/2025 23:00,2.33,69,ENE,3.3,0,0
10/6/2025 0:00,2.14,70,ENE,2.72,0,0
10/6/2025 1:00,2.33,293,WNW,2.92,0,0
10/6/2025 2:00,1.36,276,W,1.75,0,0
10/6/2025 3:00,0.19,351,N,0.39,0,0
10/6/2025 4:00,1.75,34,NE,2.72,0,0
10/6/2025 5:00,1.75,47,NE,2.72,0,0
10/6/2025 6:00,0,58,ENE,0.78,0,0
10/6/2025 7:00,3.5,322,NW,5.44,0,0
10/6/2025 8:00,5.64,334,NNW,6.41,0,0
10/6/2025 9:00,2.72,6,N,3.5,0,0
10/6/2025 10:00,0.78,175,S,2.14,0,0
10/6/2025 11:00,1.36,269,W,2.33,0,0
10/6/2025 12:00,0.97,257,WSW,2.33,0,0
10/6/2025 13:00,2.72,286,WNW,3.69,0,0
10/6/2025 14:00,5.05,249,WSW,6.41,0,0
10/6/2025 15:00,6.03,284,WNW,6.8,0,0
10/6/2025 16:00,4.67,278,W,5.25,0,0
10/6/2025 17:00,2.53,300,WNW,3.69,0,0
10/6/2025 18:00,2.33,113,ESE,3.11,0,0
10/6/2025 19:00,0.97,140,SE,3.5,0,0
10/6/2025 20:00,1.56,123,ESE,4.28,0,0
10/6/2025 21:00,2.33,27,NNE,3.11,0,0
10/6/2025 22:00,2.14,21,NNE,2.33,0,0
10/6/2025 23:00,1.56,179,S,2.14,0,0
10/7/2025 0:00,2.33,333,NNW,2.92,0,0
10/7/2025 1:00,1.36,258,WSW,2.33,0,0
10/7/2025 2:00,1.36,172,S,2.14,0,0
10/7/2025 3:00,1.94,337,NNW,2.14,0,0
10/7/2025 4:00,0.97,84,E,2.14,0,0
10/7/2025 5:00,0,344,NNW,0.19,0,0
10/7/2025 6:00,2.14,340,NNW,3.3,0,0
10/7/2025 7:00,2.14,351,N,4.86,0,0
10/7/2025 8:00,3.11,340,NNW,5.05,0,0
10/7/2025 9:00,6.22,323,NW,7,0,0
10/7/2025 10:00,3.11,321,NW,3.89,0,0
10/7/2025 11:00,3.5,173,S,4.67,0,0
10/7/2025 12:00,5.25,183,S,7,0,0
10/7/2025 13:00,4.47,148,SSE,6.8,0,0
10/7/2025 14:00,4.28,192,SSW,6.03,0,0
10/7/2025 15:00,3.11,167,SSE,4.47,0,0
10/7/2025 16:00,2.14,64,ENE,3.69,0,0
10/7/2025 17:00,3.5,267,W,7.97,0,0
10/7/2025 18:00,4.08,273,W,9.72,0,0
10/7/2025 19:00,4.47,267,W,8.36,0,0
10/7/2025 20:00,4.67,260,W,6.8,0,0
10/7/2025 21:00,1.56,257,WSW,4.28,0,0
10/7/2025 22:00,4.47,231,SW,7.19,0,0
10/7/2025 23:00,4.08,205,SSW,7.78,0,0
10/8/2025 0:00,5.83,214,SW,8.55,0,0
10/8/2025 1:00,5.64,206,SSW,9.33,0,0
10/8/2025 2:00,3.69,221,SW,7.58,0,0
10/8/2025 3:00,1.94,245,WSW,6.03,0,0
10/8/2025 4:00,3.69,221,SW,7.97,0,0
10/8/2025 5:00,5.05,205,SSW,7.78,0,0
10/8/2025 6:00,3.11,219,SW,5.83,0,0
10/8/2025 7:00,6.22,204,SSW,7.97,0,0
10/8/2025 8:00,7.58,197,SSW,11.08,0,0
10/8/2025 9:00,6.8,192,SSW,10.69,0,0
10/8/2025 10:00,7.39,190,S,12.44,0,0
10/8/2025 11:00,9.72,183,S,15.55,0,0
10/8/2025 12:00,7.78,197,SSW,13.02,0,0
10/8/2025 13:00,8.55,191,S,14.77,0,0
10/8/2025 14:00,8.75,198,SSW,12.05,0,0
10/8/2025 15:00,9.33,190,S,14.38,0,0
10/8/2025 16:00,6.61,203,SSW,11.86,0,0
10/8/2025 17:00,7.19,199,SSW,10.11,0,0
10/8/2025 18:00,5.05,207,SSW,9.91,0,0
10/8/2025 19:00,6.22,224,SW,11.47,0,0
10/8/2025 20:00,6.41,228,SW,10.89,0,0
10/8/2025 21:00,3.69,215,SW,7.97,0,0
10/8/2025 22:00,4.47,224,SW,6.8,0,0
10/8/2025 23:00,6.03,180,S,10.11,0,0
10/9/2025 0:00,8.16,188,S,12.05,0,0
10/9/2025 1:00,5.83,181,S,10.5,0,0
10/9/2025 2:00,5.83,197,SSW,9.91,0,0
10/9/2025 3:00,4.86,165,SSE,10.11,0,0
10/9/2025 4:00,4.47,165,SSE,6.8,0,0
10/9/2025 5:00,5.83,162,SSE,7.39,0,0
10/9/2025 6:00,9.33,153,SSE,13.41,0,0
10/9/2025 7:00,4.86,138,SE,7.39,0,0
10/9/2025 8:00,4.08,146,SE,7,0,0
10/9/2025 9:00,7.19,158,SSE,10.11,0,0
10/9/2025 10:00,5.44,153,SSE,7.97,0,0
10/9/2025 11:00,3.3,156,SSE,6.03,0,0
10/9/2025 12:00,6.22,159,SSE,9.14,0,0
10/9/2025 13:00,3.3,237,WSW,6.22,0,0
10/9/2025 14:00,4.47,233,SW,7.78,0,0
10/9/2025 15:00,3.5,230,SW,5.25,0,0
10/9/2025 16:00,2.14,228,SW,6.22,0,0
10/9/2025 17:00,3.3,224,SW,6.22,0,0
10/9/2025 18:00,6.22,239,WSW,7.78,0,0
10/9/2025 19:00,3.69,249,WSW,5.25,0,0
10/9/2025 20:00,3.3,202,SSW,4.67,0,0
10/9/2025 21:00,3.11,192,SSW,3.69,0,0
10/9/2025 22:00,1.75,170,S,4.28,0,0
10/9/2025 23:00,3.5,283,WNW,5.64,0,0
10/10/2025 0:00,3.89,298,WNW,5.44,0,0
10/10/2025 1:00,3.89,273,W,6.22,0,0
10/10/2025 2:00,3.89,266,W,4.86,0,0
10/10/2025 3:00,2.33,290,WNW,3.3,0,0
10/10/2025 4:00,1.36,202,SSW,1.94,0,0
10/10/2025 5:00,4.28,296,WNW,5.44,0,0
10/10/2025 6:00,3.3,294,WNW,4.47,0,0
10/10/2025 7:00,3.11,290,WNW,3.89,0,0
10/10/2025 8:00,1.56,327,NNW,2.72,0,0
10/10/2025 9:00,0.39,282,WNW,1.17,0,0
10/10/2025 10:00,1.56,150,SSE,2.72,0,0
10/10/2025 11:00,3.11,141,SE,7,0,0
10/10/2025 12:00,4.67,164,SSE,6.03,0,0
10/10/2025 13:00,2.92,212,SSW,9.52,0,0
10/10/2025 14:00,5.64,215,SW,9.52,0,0
10/10/2025 15:00,5.64,215,SW,7.58,0,0
10/10/2025 16:00,2.72,232,SW,6.61,0,0
10/10/2025 17:00,4.86,213,SSW,7.97,0,0
10/10/2025 18:00,2.53,212,SSW,5.64,0,0
10/10/2025 19:00,6.22,205,SSW,11.27,0,0
10/10/2025 20:00,4.28,213,SSW,8.16,0,0
10/10/2025 21:00,2.92,208,SSW,6.8,0,0
10/10/2025 22:00,4.08,215,SW,6.41,0,0
10/10/2025 23:00,4.28,294,WNW,7.19,0,0
10/11/2025 0:00,1.94,284,WNW,5.05,0,0
10/11/2025 1:00,4.28,294,WNW,7.58,0,0
10/11/2025 2:00,7.39,305,NW,9.72,0,0
10/11/2025 3:00,7.97,320,NW,9.52,0,0
10/11/2025 4:00,6.03,301,WNW,8.16,0,0
10/11/2025 5:00,7,358,N,7.97,0,0
10/11/2025 6:00,4.08,353,N,5.05,0,0
10/11/2025 7:00,2.14,21,NNE,2.92,0,0
10/11/2025 8:00,2.33,43,NE,4.67,0,0
10/11/2025 9:00,1.36,12,NNE,2.33,0,0
10/11/2025 10:00,0.97,214,SW,2.33,0,0
10/11/2025 11:00,2.14,182,S,4.47,0,0
10/11/2025 12:00,1.94,132,SE,4.47,0,0
10/11/2025 13:00,4.67,166,SSE,6.41,0,0
10/11/2025 14:00,4.86,173,S,6.61,0,0
10/11/2025 15:00,3.3,193,SSW,4.08,0,0
10/11/2025 16:00,7.97,296,WNW,9.91,0,0
10/11/2025 17:00,10.5,303,WNW,13.61,0,0
10/11/2025 18:00,7.97,304,NW,10.5,0,0
10/11/2025 19:00,10.5,301,WNW,15.75,0,0
10/11/2025 20:00,11.86,311,NW,17.69,0,0
10/11/2025 21:00,9.72,305,NW,14,0,0
10/11/2025 22:00,6.61,303,WNW,8.94,0,0
10/11/2025 23:00,6.41,305,NW,8.55,0,0
10/12/2025 0:00,6.41,313,NW,8.36,0,0
10/12/2025 1:00,5.83,317,NW,7.78,0,0
10/12/2025 2:00,6.61,340,NNW,8.16,0,0
10/12/2025 3:00,4.28,353,N,5.25,0,0
10/12/2025 4:00,5.05,344,NNW,7,0,0
10/12/2025 5:00,7.19,341,NNW,8.75,0,0
10/12/2025 6:00,3.5,317,NW,4.67,0,0
10/12/2025 7:00,2.53,306,NW,3.11,0,0
10/12/2025 8:00,1.56,173,S,2.53,0,0
10/12/2025 9:00,1.36,42,NE,3.11,0,0
10/12/2025 10:00,2.72,62,ENE,5.05,0,0
10/12/2025 11:00,1.56,238,WSW,2.53,0,0
10/12/2025 12:00,2.92,190,S,3.89,0,0
10/12/2025 13:00,5.83,182,S,8.75,0,0
10/12/2025 14:00,7.19,186,S,10.3,0,0
10/12/2025 15:00,6.41,189,S,9.14,0,0
10/12/2025 16:00,6.61,213,SSW,8.94,0,0
10/12/2025 17:00,5.05,209,SSW,9.14,0,0
10/12/2025 18:00,8.94,300,WNW,10.3,0,0
10/12/2025 19:00,12.05,297,WNW,14.97,0,0
10/12/2025 20:00,6.8,297,WNW,8.94,0,0
10/12/2025 21:00,7.58,296,WNW,10.5,0,0
10/12/2025 22:00,5.64,308,NW,9.14,0,0
10/12/2025 23:00,8.94,298,WNW,12.05,0,0
10/13/2025 0:00,9.72,298,WNW,14,0,0
10/13/2025 1:00,9.72,295,WNW,13.61,0,0
10/13/2025 2:00,10.69,296,WNW,16.33,0,0
10/13/2025 3:00,8.16,307,NW,10.5,0,0
10/13/2025 4:00,8.16,298,WNW,9.91,0,0
10/13/2025 5:00,7.19,283,WNW,9.72,0,0
10/13/2025 6:00,10.11,299,WNW,12.83,0,0
10/13/2025 7:00,8.94,285,WNW,11.47,0,0
10/13/2025 8:00,6.41,280,W,9.91,0,0
10/13/2025 9:00,8.16,294,WNW,13.02,0,0
10/13/2025 10:00,1.94,146,SE,4.47,0,0
10/13/2025 11:00,5.83,215,SW,11.66,0,0
10/13/2025 12:00,8.55,182,S,12.25,0,0
10/13/2025 13:00,14,194,SSW,18.86,0,0
10/13/2025 14:00,12.64,178,S,16.91,0,0
10/13/2025 15:00,15.55,173,S,21.77,0,0
10/13/2025 16:00,6.61,223,SW,11.08,0,0
10/13/2025 17:00,3.89,164,SSE,5.83,0,0
10/13/2025 18:00,5.25,210,SSW,8.55,0,0
10/13/2025 19:00,3.11,303,WNW,4.28,0,0
10/13/2025 20:00,4.86,322,NW,6.61,0,0
10/13/2025 21:00,3.5,112,ESE,6.03,0,0
10/13/2025 22:00,1.94,106,ESE,3.89,0,0
10/13/2025 23:00,6.41,58,ENE,8.75,0,0
10/14/2025 0:00,7.39,51,NE,12.44,0,0
10/14/2025 1:00,4.47,48,NE,7.78,0,0
10/14/2025 2:00,7,52,NE,10.11,0,0
10/14/2025 3:00,5.25,70,ENE,8.36,0,0
10/14/2025 4:00,3.5,73,ENE,5.05,0,0
10/14/2025 5:00,2.53,74,ENE,5.05,0,0
10/14/2025 6:00,4.08,47,NE,6.22,0,0
10/14/2025 7:00,4.47,39,NE,6.8,0,0
10/14/2025 8:00,6.8,52,NE,8.55,0,0
10/14/2025 9:00,3.5,71,ENE,7,0,0
10/14/2025 10:00,5.44,87,E,8.36,0,0
10/14/2025 11:00,2.72,69,ENE,4.08,0,0
10/14/2025 12:00,1.36,122,ESE,4.86,0,0
10/14/2025 13:00,4.86,342,NNW,7.78,0,0
10/14/2025 14:00,8.94,348,NNW,10.69,0,0
10/14/2025 15:00,7.19,352,N,9.52,0,0
10/14/2025 16:00,8.16,332,NNW,11.47,0,0
10/14/2025 17:00,8.94,348,NNW,11.47,0,0
10/14/2025 18:00,5.83,343,NNW,7.19,0,0
10/14/2025 19:00,3.3,10,N,4.86,0,0
10/14/2025 20:00,4.67,356,N,5.83,0,0
10/14/2025 21:00,0.78,7,N,2.53,0,0
10/14/2025 22:00,2.53,10,N,3.69,0,0
10/14/2025 23:00,3.69,91,E,5.44,0,0
10/15/2025 0:00,3.11,97,E,5.05,0,0
10/15/2025 1:00,2.14,129,SE,4.28,0,0
10/15/2025 2:00,5.44,185,S,9.14,0,0
10/15/2025 3:00,4.86,185,S,8.36,0,0
10/15/2025 4:00,3.69,188,S,8.16,0,0
10/15/2025 5:00,1.17,311,NW,1.75,0,0
10/15/2025 6:00,0.78,297,WNW,1.94,0,0
10/15/2025 7:00,6.03,155,SSE,9.14,0,0
10/15/2025 8:00,5.25,141,SE,8.55,0,0
10/15/2025 9:00,4.47,141,SE,6.61,0,0
10/15/2025 10:00,3.3,145,SE,6.41,0,0
10/15/2025 11:00,2.72,143,SE,5.44,0,0
10/15/2025 12:00,1.56,110,ESE,4.67,0,0
10/15/2025 13:00,1.56,255,WSW,3.11,0,0
10/15/2025 14:00,2.92,300,WNW,4.28,0,0
10/15/2025 15:00,3.89,288,WNW,5.05,0,0
10/15/2025 16:00,3.3,285,WNW,4.67,0,0
10/15/2025 17:00,1.75,234,SW,5.05,0,0
10/15/2025 18:00,3.5,267,W,5.44,0,0
10/15/2025 19:00,5.25,319,NW,6.8,0,0
10/15/2025 20:00,3.5,344,NNW,4.08,0,0
10/15/2025 21:00,7,303,WNW,9.14,0,0
10/15/2025 22:00,7,298,WNW,8.36,0,0
10/15/2025 23:00,7.78,318,NW,8.94,0,0
10/16/2025 0:00,6.41,304,NW,7.39,0,0
10/16/2025 1:00,6.03,320,NW,7.78,0,0
10/16/2025 2:00,3.89,344,NNW,4.67,0,0
10/16/2025 3:00,5.44,330,NNW,6.22,0,0
10/16/2025 4:00,4.28,339,NNW,5.64,0,0
10/16/2025 5:00,5.25,350,N,5.83,0,0
10/16/2025 6:00,2.33,42,NE,3.5,0,0
10/16/2025 7:00,6.41,334,NNW,6.8,0,0
10/16/2025 8:00,2.14,355,N,3.3,0,0
10/16/2025 9:00,3.11,345,NNW,4.86,0,0
10/16/2025 10:00,4.08,330,NNW,5.44,0,0
10/16/2025 11:00,3.5,323,NW,4.08,0,0
10/16/2025 12:00,2.72,286,WNW,4.08,0,0
10/16/2025 13:00,1.94,204,SSW,3.5,0,0
10/16/2025 14:00,1.36,226,SW,2.92,0,0
10/16/2025 15:00,2.53,202,SSW,3.89,0,0
10/16/2025 16:00,4.47,190,S,7.19,0,0
10/16/2025 17:00,5.83,236,SW,9.52,0,0
10/16/2025 18:00,4.47,224,SW,6.8,0,0
10/16/2025 19:00,1.75,184,S,3.5,0,0
10/16/2025 20:00,5.83,299,WNW,7.78,0,0
10/16/2025 21:00,3.69,325,NW,4.28,0,0
10/16/2025 22:00,1.56,280,W,1.94,0,0
10/16/2025 23:00,0.19,128,SE,1.75,0,0
10/17/2025 0:00,3.3,330,NNW,4.28,0,0
10/17/2025 1:00,2.72,276,W,3.89,0,0
10/17/2025 2:00,4.28,339,NNW,5.64,0,0
10/17/2025 3:00,2.72,295,WNW,4.08,0,0
10/17/2025 4:00,1.94,65,ENE,4.28,0,0
10/17/2025 5:00,1.94,331,NNW,2.33,0,0
10/17/2025 6:00,1.94,329,NNW,3.5,0,0
10/17/2025 7:00,3.5,345,NNW,5.44,0,0
10/17/2025 8:00,2.14,342,NNW,3.11,0,0
10/17/2025 9:00,1.75,27,NNE,2.14,0,0
10/17/2025 10:00,5.64,326,NW,7.39,0,0
10/17/2025 11:00,6.22,318,NW,6.8,0,0
10/17/2025 12:00,4.67,297,WNW,6.61,0,0
10/17/2025 13:00,7.58,315,NW,8.75,0,0
10/17/2025 14:00,6.22,292,WNW,7.39,0,0
10/17/2025 15:00,7,312,NW,7.78,0,0
10/17/2025 16:00,3.3,280,W,4.47,0,0
10/17/2025 17:00,4.28,199,SSW,5.64,0,0
10/17/2025 18:00,1.94,166,SSE,3.3,0,0
10/17/2025 19:00,1.75,116,ESE,1.94,0,0
10/17/2025 20:00,1.94,132,SE,3.11,0,0
10/17/2025 21:00,0.39,162,SSE,0.78,0,0
10/17/2025 22:00,3.69,68,ENE,4.28,0,0
10/17/2025 23:00,1.75,82,E,2.72,0,0
10/18/2025 0:00,1.94,72,ENE,5.44,0,0
10/18/2025 1:00,2.14,64,ENE,3.3,0,0
10/18/2025 2:00,1.17,303,WNW,1.94,0,0
10/18/2025 3:00,1.36,336,NNW,2.33,0,0
10/18/2025 4:00,4.47,327,NNW,6.22,0,0
10/18/2025 5:00,7,329,NNW,7.97,0,0
10/18/2025 6:00,6.41,338,NNW,7.78,0,0
10/18/2025 7:00,8.36,19,NNE,10.5,0,0
10/18/2025 8:00,11.08,21,NNE,12.64,0,0
10/18/2025 9:00,7.58,360,N,10.3,0,0
10/18/2025 10:00,6.61,21,NNE,9.91,0,0
10/18/2025 11:00,8.36,315,NW,10.5,0,0
10/18/2025 12:00,5.83,11,N,9.91,0,0
10/18/2025 13:00,4.47,44,NE,10.3,0,0
10/18/2025 14:00,6.8,314,NW,9.14,0,0
10/18/2025 15:00,8.36,338,NNW,9.14,0,0
10/18/2025 16:00,8.94,331,NNW,12.44,0,0
10/18/2025 17:00,8.16,337,NNW,9.91,0,0
10/18/2025 18:00,5.83,317,NW,6.41,0,0
10/18/2025 19:00,2.33,318,NW,3.11,0,0
10/18/2025 20:00,3.89,296,WNW,4.86,0,0
10/18/2025 21:00,1.17,322,NW,1.36,0,0
10/18/2025 22:00,0.58,82,E,1.56,0,0
10/18/2025 23:00,2.14,274,W,2.92,0,0
10/19/2025 0:00,2.14,311,NW,4.28,0,0
10/19/2025 1:00,1.56,206,SSW,2.33,0,0
10/19/2025 2:00,1.17,213,SSW,2.72,0,0
10/19/2025 3:00,4.08,201,SSW,6.61,0,0
10/19/2025 4:00,2.92,243,WSW,5.05,0,0
10/19/2025 5:00,3.3,164,SSE,5.25,0,0
10/19/2025 6:00,0.19,258,WSW,2.92,0,0
10/19/2025 7:00,2.14,158,SSE,2.92,0,0
10/19/2025 8:00,2.53,204,SSW,4.08,0,0
10/19/2025 9:00,4.28,142,SE,6.41,0,0
10/19/2025 10:00,7.97,161,SSE,9.14,0,0
10/19/2025 11:00,2.72,170,S,5.64,0,0
10/19/2025 12:00,1.94,126,SE,5.05,0,0
10/19/2025 13:00,5.83,156,SSE,7.58,0,0
10/19/2025 14:00,3.89,147,SSE,5.64,0,0
10/19/2025 15:00,2.53,178,S,6.61,0,0
10/19/2025 16:00,4.28,196,SSW,7.19,0,0
10/19/2025 17:00,4.67,244,WSW,6.61,0,0
10/19/2025 18:00,0.97,131,SE,2.33,0,0
10/19/2025 19:00,1.94,104,ESE,2.72,0,0
10/19/2025 20:00,2.14,174,S,2.92,0,0
10/19/2025 21:00,1.94,197,SSW,4.47,0,0
10/19/2025 22:00,6.41,148,SSE,9.52,0,0
10/19/2025 23:00,7.97,165,SSE,10.11,0,0
10/20/2025 0:00,8.36,161,SSE,10.11,0,0
10/20/2025 1:00,5.05,168,SSE,6.61,0,0
10/20/2025 2:00,0.97,246,WSW,2.14,0,0
10/20/2025 3:00,3.11,308,NW,4.28,0,0
10/20/2025 4:00,3.69,324,NW,4.47,0,0
10/20/2025 5:00,0.78,112,ESE,2.72,0,0
10/20/2025 6:00,5.05,330,NNW,5.83,0,0
10/20/2025 7:00,5.25,325,NW,6.03,0,0
10/20/2025 8:00,5.25,326,NW,5.83,0,0
10/20/2025 9:00,4.86,329,NNW,5.64,0,0
10/20/2025 10:00,4.86,318,NW,5.64,0,0
10/20/2025 11:00,2.92,290,WNW,3.89,0,0
10/20/2025 12:00,3.3,322,NW,3.69,0,0
10/20/2025 13:00,3.3,325,NW,5.25,0,0
10/20/2025 14:00,4.28,270,W,7.58,0,0
10/20/2025 15:00,4.08,260,W,4.86,0,0
10/20/2025 16:00,5.64,317,NW,6.03,0,0
10/20/2025 17:00,1.75,292,WNW,5.64,0,0
10/20/2025 18:00,2.14,225,SW,3.11,0,0
10/20/2025 19:00,0.78,74,ENE,1.56,0,0
10/20/2025 20:00,1.94,318,NW,2.92,0,0
10/20/2025 21:00,7,326,NW,7.78,0,0
10/20/2025 22:00,2.92,308,NW,3.5,0,0
10/20/2025 23:00,5.64,330,NNW,6.41,0,0
10/21/2025 0:00,7.97,335,NNW,8.75,0,0
10/21/2025 1:00,7,334,NNW,8.16,0,0
10/21/2025 2:00,6.22,324,NW,8.36,0,0
10/21/2025 3:00,7.58,331,NNW,9.14,0,0
10/21/2025 4:00,5.83,321,NW,6.61,0,0
10/21/2025 5:00,4.86,340,NNW,5.83,0,0
10/21/2025 6:00,3.5,341,NNW,3.89,0,0
10/21/2025 7:00,6.41,336,NNW,7.39,0,0
10/21/2025 8:00,8.16,325,NW,9.91,0,0
10/21/2025 9:00,1.56,283,WNW,3.11,0,0
10/21/2025 10:00,2.72,299,WNW,4.86,0,0
10/21/2025 11:00,3.11,296,WNW,4.08,0,0
10/21/2025 12:00,3.5,317,NW,4.67,0,0
10/21/2025 13:00,3.11,204,SSW,4.47,0,0
10/21/2025 14:00,5.25,271,W,10.89,0,0
10/21/2025 15:00,4.08,260,W,8.55,0,0
10/21/2025 16:00,3.3,225,SW,8.94,0,0
10/21/2025 17:00,4.47,231,SW,9.72,0,0
10/21/2025 18:00,6.41,267,W,9.33,0,0
10/21/2025 19:00,2.53,259,W,9.33,0,0
10/21/2025 20:00,2.14,246,WSW,11.47,0,0
10/21/2025 21:00,4.67,241,WSW,10.5,0,0
10/21/2025 22:00,3.5,268,W,9.72,0,0
10/21/2025 23:00,4.86,275,W,7,0,0
10/22/2025 0:00,3.11,199,SSW,7.78,0,0
10/22/2025 1:00,6.8,276,W,9.52,0,0
10/22/2025 2:00,4.28,212,SSW,7.97,0,0
10/22/2025 3:00,5.25,166,SSE,10.89,0,0
10/22/2025 4:00,2.92,207,SSW,6.41,0,0
10/22/2025 5:00,6.8,283,WNW,10.3,0,0
10/22/2025 6:00,5.44,248,WSW,8.94,0,0
10/22/2025 7:00,3.89,285,WNW,8.16,0,0
10/22/2025 8:00,5.44,272,W,8.55,0,0
10/22/2025 9:00,7.19,239,WSW,10.89,0,0
10/22/2025 10:00,5.25,232,SW,7.78,0,0
10/22/2025 11:00,4.28,316,NW,5.44,0,0
10/22/2025 12:00,4.47,175,S,7.58,0,0
10/22/2025 13:00,3.69,212,SSW,6.41,0,0
10/22/2025 14:00,5.05,215,SW,11.08,0,0
10/22/2025 15:00,6.03,223,SW,13.02,0,0
10/22/2025 16:00,7.58,214,SW,12.64,0,0
10/22/2025 17:00,5.64,228,SW,9.91,0,0
10/22/2025 18:00,3.5,247,WSW,8.55,0,0
10/22/2025 19:00,5.25,288,WNW,6.61,0,0
10/22/2025 20:00,3.11,181,S,4.67,0,0
10/22/2025 21:00,4.67,293,WNW,7,0,0
10/22/2025 22:00,7.19,317,NW,8.94,0,0
10/22/2025 23:00,5.25,309,NW,7.39,0,0
10/23/2025 0:00,7.39,306,NW,9.14,0,0
10/23/2025 1:00,5.05,307,NW,6.41,0,0
10/23/2025 2:00,6.03,309,NW,8.75,0,0
10/23/2025 3:00,4.67,308,NW,6.61,0,0
10/23/2025 4:00,2.53,286,WNW,3.69,0,0
10/23/2025 5:00,2.14,135,SE,4.67,0,0
10/23/2025 6:00,2.72,295,WNW,3.69,0,0
10/23/2025 7:00,5.05,308,NW,5.64,0,0
10/23/2025 8:00,1.56,67,ENE,2.33,0,0
10/23/2025 9:00,3.11,251,WSW,5.05,0,0
10/23/2025 10:00,1.17,137,SE,2.33,0,0
10/23/2025 11:00,1.17,219,SW,2.53,0,0
10/23/2025 12:00,2.92,134,SE,4.86,0,0
10/23/2025 13:00,5.44,163,SSE,7,0,0
10/23/2025 14:00,5.44,181,S,7.19,0,0
10/23/2025 15:00,5.25,191,S,8.16,0,0
10/23/2025 16:00,6.22,187,S,9.52,0,0
10/23/2025 17:00,4.28,174,S,6.61,0,0
10/23/2025 18:00,2.53,186,S,4.08,0,0
10/23/2025 19:00,0,272,W,1.17,0,0
10/23/2025 20:00,1.94,227,SW,5.25,0,0
10/23/2025 21:00,1.75,246,WSW,2.14,0,0
10/23/2025 22:00,3.11,351,N,3.89,0,0
10/23/2025 23:00,1.94,117,ESE,3.89,0,0
10/24/2025 0:00,2.33,241,WSW,3.89,0,0
10/24/2025 1:00,4.86,149,SSE,7.97,0,0
10/24/2025 2:00,4.08,164,SSE,5.44,0,0
10/24/2025 3:00,5.44,155,SSE,7.39,0,0
10/24/2025 4:00,3.69,197,SSW,5.25,0,0
10/24/2025 5:00,3.89,152,SSE,6.61,0,0
10/24/2025 6:00,1.94,219,SW,4.86,0,0
10/24/2025 7:00,5.83,287,WNW,7.78,0,0
10/24/2025 8:00,2.72,306,NW,5.44,0,0
10/24/2025 9:00,2.33,161,SSE,3.11,0,0
10/24/2025 10:00,4.08,162,SSE,5.83,0,0
10/24/2025 11:00,5.44,156,SSE,7.58,0,0
10/24/2025 12:00,6.8,161,SSE,7.97,0,0
10/24/2025 13:00,5.83,156,SSE,7.97,0,0
10/24/2025 14:00,6.61,186,S,8.16,0,0
10/24/2025 15:00,7.19,187,S,9.91,0,0
10/24/2025 16:00,8.36,198,SSW,11.08,0,0
10/24/2025 17:00,12.05,303,WNW,14,0,0
10/24/2025 18:00,3.89,264,W,5.64,0,0
10/24/2025 19:00,5.83,307,NW,8.16,0,0
10/24/2025 20:00,3.69,233,SW,5.25,0,0
10/24/2025 21:00,1.56,205,SSW,2.72,0,0
10/24/2025 22:00,2.14,168,SSE,3.11,0,0
10/24/2025 23:00,4.28,263,W,6.8,0,0
10/25/2025 0:00,2.53,131,SE,3.69,0,0
10/25/2025 1:00,1.75,271,W,3.69,0,0
10/25/2025 2:00,3.11,173,S,4.08,0,0
10/25/2025 3:00,2.92,177,S,3.69,0,0
10/25/2025 4:00,4.08,183,S,6.61,0,0
10/25/2025 5:00,6.22,168,SSE,10.3,0,0
10/25/2025 6:00,8.75,165,SSE,10.89,0,0
10/25/2025 7:00,9.72,158,SSE,14.19,0,0
10/25/2025 8:00,13.41,163,SSE,17.69,0,0
10/25/2025 9:00,11.66,158,SSE,14.77,0,0
10/25/2025 10:00,9.91,159,SSE,13.41,0,0
10/25/2025 11:00,11.27,195,SSW,15.55,0,0
10/25/2025 12:00,7.58,201,SSW,15.94,0,0
10/25/2025 13:00,3.89,212,SSW,8.55,0,0
10/25/2025 14:00,4.47,215,SW,8.16,0,0
10/25/2025 15:00,5.83,192,SSW,9.91,0,0
10/25/2025 16:00,6.41,192,SSW,8.55,0,0
10/25/2025 17:00,7.19,199,SSW,9.33,0,0
10/25/2025 18:00,5.05,229,SW,8.75,0,0
10/25/2025 19:00,7.19,291,WNW,9.91,0,0
10/25/2025 20:00,2.53,296,WNW,4.47,0,0
10/25/2025 21:00,2.72,130,SE,4.28,0,0
10/25/2025 22:00,4.67,163,SSE,6.61,0,0
10/25/2025 23:00,4.08,276,W,5.44,0,0
10/26/2025 0:00,5.25,301,WNW,6.03,0,0
10/26/2025 1:00,4.08,317,NW,4.86,0,0
10/26/2025 2:00,2.72,270,W,4.28,0,0
10/26/2025 3:00,2.14,313,NW,3.3,0,0
10/26/2025 4:00,4.28,29,NNE,6.03,0,0
10/26/2025 5:00,3.3,48,NE,6.8,0,0
10/26/2025 6:00,2.72,91,E,3.69,0,0
10/26/2025 7:00,2.72,167,SSE,4.47,0,0
10/26/2025 8:00,5.64,189,S,8.75,0,0
10/26/2025 9:00,8.55,192,SSW,11.47,0,0
10/26/2025 10:00,7.39,192,SSW,10.11,0,0
10/26/2025 11:00,4.86,187,S,8.16,0,0
10/26/2025 12:00,10.11,167,SSE,15.16,0,0
10/26/2025 13:00,12.25,175,S,18.27,0,0
10/26/2025 14:00,13.02,178,S,18.66,0,0
10/26/2025 15:00,13.02,180,S,20.22,0,0
10/26/2025 16:00,14.58,245,WSW,19.24,0,0
10/26/2025 17:00,11.47,233,SW,17.3,0,0
10/26/2025 18:00,8.75,285,WNW,15.94,0,0
10/26/2025 19:00,8.75,282,WNW,11.86,0,0
10/26/2025 20:00,2.72,238,WSW,6.03,0,0
10/26/2025 21:00,6.41,304,NW,12.05,0,0
10/26/2025 22:00,4.86,235,SW,7,0,0
10/26/2025 23:00,5.25,339,NNW,6.03,0,0
10/27/2025 0:00,4.08,309,NW,5.05,0,0
10/27/2025 1:00,4.67,280,W,7.78,0,0
10/27/2025 2:00,6.03,304,NW,8.16,0,0
10/27/2025 3:00,7,305,NW,8.94,0,0
10/27/2025 4:00,4.86,304,NW,7,0,0
10/27/2025 5:00,7,338,NNW,10.5,0,0
10/27/2025 6:00,10.69,319,NW,12.83,0,0
10/27/2025 7:00,9.14,334,NNW,10.89,0,0
10/27/2025 8:00,5.83,340,NNW,6.61,0,0
10/27/2025 9:00,8.55,357,N,9.91,0,0
10/27/2025 10:00,6.41,333,NNW,8.16,0,0
10/27/2025 11:00,4.67,319,NW,5.83,0,0
10/27/2025 12:00,6.22,326,NW,7.78,0,0
10/27/2025 13:00,6.8,324,NW,9.33,0,0
10/27/2025 14:00,7.58,360,N,9.72,0,0
10/27/2025 15:00,6.03,359,N,7.39,0,0
10/27/2025 16:00,3.3,344,NNW,7.39,0,0
10/27/2025 17:00,5.05,234,SW,8.55,0,0
10/27/2025 18:00,5.05,239,WSW,7.39,0,0
10/27/2025 19:00,2.33,284,WNW,4.86,0,0
10/27/2025 20:00,5.44,319,NW,7.39,0,0
10/27/2025 21:00,2.33,340,NNW,2.92,0,0
10/27/2025 22:00,3.5,317,NW,4.08,0,0
10/27/2025 23:00,3.11,316,NW,4.67,0,0
10/28/2025 0:00,1.36,88,E,1.75,0,0
10/28/2025 1:00,1.36,357,N,2.14,0,0
10/28/2025 2:00,5.64,322,NW,6.41,0,0
10/28/2025 3:00,6.41,328,NNW,7,0,0
10/28/2025 4:00,0.78,306,NW,2.14,0,0
10/28/2025 5:00,5.44,334,NNW,6.22,0,0
10/28/2025 6:00,4.86,326,NW,7.58,0,0
10/28/2025 7:00,6.22,322,NW,7.39,0,0
10/28/2025 8:00,5.05,332,NNW,6.61,0,0
10/28/2025 9:00,3.5,330,NNW,5.44,0,0
10/28/2025 10:00,4.86,316,NW,6.61,0,0
10/28/2025 11:00,4.86,327,NNW,6.41,0,0
10/28/2025 12:00,5.25,323,NW,5.44,0,0
10/28/2025 13:00,3.5,307,NW,4.28,0,0
10/28/2025 14:00,7,318,NW,7.58,0,0
10/28/2025 15:00,7.19,327,NNW,8.94,0,0
10/28/2025 16:00,6.03,339,NNW,7.19,0,0
10/28/2025 17:00,6.22,335,NNW,7.19,0,0
10/28/2025 18:00,2.72,270,W,3.11,0,0
10/28/2025 19:00,4.28,300,WNW,5.05,0,0
10/28/2025 20:00,4.86,315,NW,6.03,0,0
10/28/2025 21:00,0,122,ESE,0.78,0,0
10/28/2025 22:00,0.19,15,NNE,1.17,0,0
10/28/2025 23:00,2.33,339,NNW,2.92,0,0
10/29/2025 0:00,1.36,273,W,3.89,0,0
10/29/2025 1:00,7,321,NW,7.78,0,0
10/29/2025 2:00,4.86,327,NNW,5.64,0,0
10/29/2025 3:00,3.11,309,NW,3.89,0,0
10/29/2025 4:00,7.39,10,N,8.36,0,0
10/29/2025 5:00,9.14,322,NW,10.69,0,0
10/29/2025 6:00,8.75,324,NW,9.72,0,0
10/29/2025 7:00,7.39,319,NW,8.55,0,0
10/29/2025 8:00,6.03,360,N,8.36,0,0
10/29/2025 9:00,8.94,331,NNW,10.11,0,0
10/29/2025 10:00,9.14,342,NNW,12.64,0,0
10/29/2025 11:00,6.8,339,NNW,8.55,0,0
10/29/2025 12:00,4.47,334,NNW,6.8,0,0
10/29/2025 13:00,2.92,302,WNW,4.28,0,0
10/29/2025 14:00,2.92,258,WSW,4.67,0,0
10/29/2025 15:00,1.75,150,SSE,3.69,0,0
10/29/2025 16:00,3.89,195,SSW,7,0,0
10/29/2025 17:00,1.56,109,ESE,3.69,0,0
10/29/2025 18:00,4.28,148,SSE,7.39,0,0
10/29/2025 19:00,2.72,140,SE,6.8,0,0
10/29/2025 20:00,3.11,182,S,6.41,0,0
10/29/2025 21:00,2.92,176,S,4.67,0,0
10/29/2025 22:00,1.56,72,ENE,2.33,0,0
10/29/2025 23:00,0,243,WSW,0,0,0
10/30/2025 0:00,0,94,E,0.39,0,0
10/30/2025 1:00,1.94,306,NW,2.33,0,0
10/30/2025 2:00,3.11,196,SSW,4.67,0,0
10/30/2025 3:00,2.72,206,SSW,4.47,0,0
10/30/2025 4:00,2.33,210,SSW,5.83,0,0
10/30/2025 5:00,3.69,355,N,4.47,0,0
10/30/2025 6:00,2.14,331,NNW,3.3,0,0
10/30/2025 7:00,1.36,339,NNW,2.53,0,0
10/30/2025 8:00,1.75,141,SE,3.69,0,0
10/30/2025 9:00,2.14,175,S,3.89,0,0
10/30/2025 10:00,6.8,163,SSE,8.36,0,0
10/30/2025 11:00,4.47,165,SSE,7.58,0,0
10/30/2025 12:00,7.19,161,SSE,9.33,0,0
10/30/2025 13:00,4.67,162,SSE,8.55,0,0
10/30/2025 14:00,8.16,161,SSE,10.3,0,0
10/30/2025 15:00,2.53,135,SE,5.44,0,0
10/30/2025 16:00,1.56,130,SE,2.92,0,0
10/30/2025 17:00,2.33,125,SE,3.5,0,0
10/30/2025 18:00,8.94,308,NW,11.47,0,0
10/30/2025 19:00,6.61,305,NW,7.97,0,0
10/30/2025 20:00,4.28,158,SSE,7.39,0,0
10/30/2025 21:00,7.19,164,SSE,8.75,0,0
10/30/2025 22:00,10.3,161,SSE,13.02,0,0
10/30/2025 23:00,9.33,164,SSE,11.47,0,0
10/31/2025 0:00,3.3,143,SE,7.58,0,0
10/31/2025 1:00,0.97,359,N,2.72,0,0
10/31/2025 2:00,2.53,141,SE,4.67,0,0
10/31/2025 3:00,3.5,131,SE,7,0,0
10/31/2025 4:00,2.33,143,SE,4.47,0,0
10/31/2025 5:00,2.33,131,SE,3.3,0,0
10/31/2025 6:00,2.72,180,S,4.67,0,0
10/31/2025 7:00,1.75,202,SSW,2.53,0,0
10/31/2025 8:00,4.08,315,NW,5.05,0,0
10/31/2025 9:00,3.3,345,NNW,4.86,0,0
10/31/2025 10:00,2.14,330,NNW,3.89,0,0
10/31/2025 11:00,3.5,296,WNW,4.28,0,0
10/31/2025 12:00,1.94,141,SE,2.72,0,0
10/31/2025 13:00,4.47,155,SSE,5.25,0,0
10/31/2025 14:00,6.41,163,SSE,8.36,0,0
10/31/2025 15:00,3.11,165,SSE,4.47,0,0
10/31/2025 16:00,5.44,157,SSE,7.19,0,0
10/31/2025 17:00,3.3,183,S,7,0,0
10/31/2025 18:00,5.83,164,SSE,7.97,0,0
10/31/2025 19:00,5.64,159,SSE,6.8,0,0
10/31/2025 20:00,3.3,154,SSE,5.25,0,0
10/31/2025 21:00,1.94,139,SE,4.08,0,0
10/31/2025 22:00,3.3,164,SSE,5.25,0,0
10/31/2025 23:00,3.89,159,SSE,6.03,0,0
11/1/2025 0:00,2.92,152,SSE,6.03,0,0
11/1/2025 1:00,5.05,161,SSE,6.03,0,0
11/1/2025 2:00,2.14,154,SSE,5.25,0,0
11/1/2025 3:00,4.08,162,SSE,5.44,0,0
11/1/2025 4:00,1.94,190,S,4.86,0,0
11/1/2025 5:00,3.5,185,S,5.25,0,0
11/1/2025 6:00,1.94,283,WNW,2.53,0,0
11/1/2025 7:00,2.14,341,NNW,2.92,0,0
11/1/2025 8:00,2.33,197,SSW,4.86,0,0
11/1/2025 9:00,1.56,168,SSE,4.67,0,0
11/1/2025 10:00,3.11,157,SSE,6.22,0,0
11/1/2025 11:00,4.08,148,SSE,6.61,0,0
11/1/2025 12:00,2.92,140,SE,5.25,0,0
11/1/2025 13:00,2.53,139,SE,4.28,0,0
11/1/2025 14:00,3.11,162,SSE,4.47,0,0
11/1/2025 15:00,2.53,130,SE,3.69,0,0
11/1/2025 16:00,3.11,153,SSE,5.64,0,0
11/1/2025 17:00,5.05,169,S,6.41,0,0
11/1/2025 18:00,0.97,183,S,2.53,0,0
11/1/2025 19:00,3.11,135,SE,4.08,0,0
11/1/2025 20:00,2.92,143,SE,4.47,0,0
11/1/2025 21:00,1.56,169,S,3.11,0,0
11/1/2025 22:00,2.33,164,SSE,5.83,0,0
11/1/2025 23:00,2.72,160,SSE,4.47,0,0
11/2/2025 0:00,3.5,177,S,5.05,0,0
11/2/2025 1:00,1.75,132,SE,2.53,0,0
11/2/2025 2:00,1.17,122,ESE,1.94,0,0
11/2/2025 3:00,0.19,58,ENE,2.92,0,0
11/2/2025 4:00,0.97,357,N,1.17,0,0
11/2/2025 5:00,0,78,ENE,0.97,0,0
11/2/2025 6:00,1.75,95,E,2.14,0,0
11/2/2025 7:00,1.75,123,ESE,2.53,0,0
11/2/2025 8:00,1.75,80,E,2.14,0,0
11/2/2025 9:00,2.53,125,SE,3.3,0,0
11/2/2025 10:00,1.94,162,SSE,3.3,0,0
11/2/2025 11:00,1.75,121,ESE,2.53,0,0
11/2/2025 12:00,1.36,244,WSW,2.14,0,0
11/2/2025 13:00,1.94,177,S,3.11,0,0
11/2/2025 14:00,1.56,154,SSE,2.14,0,0
11/2/2025 15:00,4.08,166,SSE,6.03,0,0
11/2/2025 16:00,3.11,151,SSE,4.47,0,0
11/2/2025 17:00,2.53,122,ESE,3.5,0,0
11/2/2025 18:00,1.94,136,SE,2.72,0,0
11/2/2025 19:00,1.36,110,ESE,3.11,0,0
11/2/2025 20:00,1.75,127,SE,3.69,0,0
11/2/2025 21:00,2.14,124,SE,2.72,0,0
11/2/2025 22:00,0.78,127,SE,0.97,0,0
11/2/2025 23:00,1.36,172,S,2.92,0,0
11/3/2025 0:00,1.94,8,N,2.72,0,0
11/3/2025 1:00,0.58,332,NNW,1.75,0,0
11/3/2025 2:00,4.67,162,SSE,6.22,0,0
11/3/2025 3:00,1.36,262,W,2.72,0,0
11/3/2025 4:00,5.05,261,W,6.41,0,0
11/3/2025 5:00,1.17,127,SE,2.53,0,0
11/3/2025 6:00,4.28,158,SSE,6.22,0,0
11/3/2025 7:00,6.22,171,S,12.83,0,0
11/3/2025 8:00,4.67,160,SSE,6.61,0,0
11/3/2025 9:00,3.69,169,S,6.8,0,0
11/3/2025 10:00,3.89,210,SSW,7.19,0,0
11/3/2025 11:00,6.61,163,SSE,9.72,0,0
11/3/2025 12:00,4.47,174,S,8.36,0,0
11/3/2025 13:00,5.83,200,SSW,9.33,0,0
11/3/2025 14:00,4.08,230,SW,7.58,0,0
11/3/2025 15:00,5.83,166,SSE,7.58,0,0
11/3/2025 16:00,5.64,232,SW,10.11,0,0
11/3/2025 17:00,10.3,245,WSW,14.77,0,0
11/3/2025 18:00,3.69,246,WSW,7.97,0,0
11/3/2025 19:00,6.22,249,WSW,7.78,0,0
11/3/2025 20:00,6.41,246,WSW,7.97,0,0
11/3/2025 21:00,3.69,172,S,5.44,0,0
11/3/2025 22:00,2.72,183,S,4.67,0,0
11/3/2025 23:00,5.83,162,SSE,8.36,0,0
11/4/2025 0:00,5.83,164,SSE,6.8,0,0
11/4/2025 1:00,5.83,165,SSE,6.41,0,0
11/4/2025 2:00,5.05,156,SSE,6.41,0,0
11/4/2025 3:00,7.39,163,SSE,9.52,0,0
11/4/2025 4:00,5.25,161,SSE,7.78,0,0
11/4/2025 5:00,1.17,174,S,2.33,0,0
11/4/2025 6:00,4.86,158,SSE,6.41,0,0
11/4/2025 7:00,5.83,160,SSE,7,0,0
11/4/2025 8:00,5.05,154,SSE,7.97,0,0
11/4/2025 9:00,4.08,160,SSE,4.86,0,0
11/4/2025 10:00,6.22,159,SSE,7.78,0,0
11/4/2025 11:00,2.53,178,S,4.47,0,0
11/4/2025 12:00,6.8,157,SSE,7.58,0,0
11/4/2025 13:00,5.05,196,SSW,7.97,0,0
11/4/2025 14:00,5.64,228,SW,10.11,0,0
11/4/2025 15:00,7.39,210,SSW,11.47,0,0
11/4/2025 16:00,5.44,224,SW,13.22,0,0
11/4/2025 17:00,6.03,205,SSW,11.08,0,0
11/4/2025 18:00,7.58,204,SSW,13.22,0,0
11/4/2025 19:00,7.78,181,S,11.08,0,0
11/4/2025 20:00,6.03,213,SSW,10.3,0,0
11/4/2025 21:00,7.78,177,S,10.5,0,0
11/4/2025 22:00,11.08,176,S,15.36,0,0
11/4/2025 23:00,6.8,201,SSW,9.14,0,0
11/5/2025 0:00,5.25,203,SSW,7,0,0
11/5/2025 1:00,7,182,S,11.86,0,0
11/5/2025 2:00,11.66,158,SSE,16.52,0,0
11/5/2025 3:00,11.66,179,S,17.3,0,0
11/5/2025 4:00,19.63,164,SSE,23.71,0,0
11/5/2025 5:00,20.6,161,SSE,27.21,0,0
11/5/2025 6:00,21.19,164,SSE,27.8,0,0
11/5/2025 7:00,20.41,165,SSE,26.82,0,0
11/5/2025 8:00,19.83,164,SSE,26.05,0,0
11/5/2025 9:00,16.13,166,SSE,20.41,0,0
11/5/2025 10:00,11.27,168,SSE,17.88,0,0
11/5/2025 11:00,14.38,170,S,18.66,0,0
11/5/2025 12:00,11.86,191,S,16.13,0,0
11/5/2025 13:00,10.5,190,S,15.94,0,0
11/5/2025 14:00,5.44,207,SSW,11.66,0,0
11/5/2025 15:00,6.41,179,S,12.05,0,0
11/5/2025 16:00,6.22,162,SSE,10.3,0,0
11/5/2025 17:00,6.03,156,SSE,8.36,0,0
11/5/2025 18:00,5.05,179,S,7.19,0,0
11/5/2025 19:00,8.94,162,SSE,13.41,0,0
11/5/2025 20:00,5.44,169,S,7.19,0,0
11/5/2025 21:00,9.91,165,SSE,13.61,0,0
11/5/2025 22:00,6.61,176,S,9.72,0,0
11/5/2025 23:00,3.89,179,S,5.83,0,0
11/6/2025 0:00,3.3,215,SW,5.25,0,0
11/6/2025 1:00,6.41,201,SSW,8.75,0,0
11/6/2025 2:00,6.61,195,SSW,9.72,0,0
11/6/2025 3:00,3.11,222,SW,5.64,0,0
11/6/2025 4:00,4.67,236,SW,6.61,0,0
11/6/2025 5:00,4.47,221,SW,6.8,0,0
11/6/2025 6:00,2.92,231,SW,4.86,0,0
11/6/2025 7:00,3.69,276,W,5.25,0,0
11/6/2025 8:00,3.89,281,W,5.25,0,0
11/6/2025 9:00,3.3,290,WNW,4.08,0,0
11/6/2025 10:00,2.33,331,NNW,2.53,0,0
11/6/2025 11:00,2.33,1,N,3.11,0,0
11/6/2025 12:00,2.14,283,WNW,3.3,0,0
11/6/2025 13:00,2.14,238,WSW,4.08,0,0
11/6/2025 14:00,3.11,184,S,4.47,0,0
11/6/2025 15:00,3.3,178,S,5.44,0,0
11/6/2025 16:00,4.08,227,SW,6.22,0,0
11/6/2025 17:00,1.36,137,SE,2.92,0,0
11/6/2025 18:00,1.75,113,ESE,3.5,0,0
11/6/2025 19:00,3.5,221,SW,5.44,0,0
11/6/2025 20:00,4.08,235,SW,6.61,0,0
11/6/2025 21:00,1.56,103,ESE,2.72,0,0
11/6/2025 22:00,2.33,303,WNW,2.53,0,0
11/6/2025 23:00,1.56,75,ENE,3.5,0,0
11/7/2025 0:00,0.97,133,SE,3.5,0,0
11/7/2025 1:00,2.53,89,E,5.05,0,0
11/7/2025 2:00,1.75,169,S,2.72,0,0
11/7/2025 3:00,1.56,148,SSE,2.92,0,0
11/7/2025 4:00,3.3,148,SSE,5.25,0,0
11/7/2025 5:00,3.69,147,SSE,7,0,0
11/7/2025 6:00,4.08,152,SSE,6.8,0,0
11/7/2025 7:00,6.41,159,SSE,8.94,0,0
11/7/2025 8:00,7.19,157,SSE,8.36,0,0
11/7/2025 9:00,5.64,161,SSE,7,0,0
11/7/2025 10:00,3.89,156,SSE,5.64,0,0
11/7/2025 11:00,4.28,161,SSE,4.47,0,0
11/7/2025 12:00,1.56,176,S,2.33,0,0
11/7/2025 13:00,3.5,289,WNW,5.05,0,0
11/7/2025 14:00,3.5,323,NW,4.28,0,0
11/7/2025 15:00,2.53,205,SSW,3.69,0,0
11/7/2025 16:00,1.94,199,SSW,3.89,0,0
11/7/2025 17:00,1.36,201,SSW,2.92,0,0
11/7/2025 18:00,0.78,182,S,1.56,0,0
11/7/2025 19:00,0.78,243,WSW,1.36,0,0
11/7/2025 20:00,3.11,88,E,3.5,0,0
11/7/2025 21:00,1.56,84,E,3.89,0,0
11/7/2025 22:00,1.17,267,W,1.36,0,0
11/7/2025 23:00,5.05,339,NNW,5.83,0,0
11/8/2025 0:00,1.94,19,NNE,2.53,0,0
11/8/2025 1:00,0.39,350,N,1.75,0,0
11/8/2025 2:00,2.53,256,WSW,3.5,0,0
11/8/2025 3:00,0.19,25,NNE,0.97,0,0
11/8/2025 4:00,4.28,328,NNW,5.64,0,0
11/8/2025 5:00,3.69,327,NNW,4.28,0,0
11/8/2025 6:00,5.05,325,NW,6.22,0,0
11/8/2025 7:00,6.03,336,NNW,7.58,0,0
11/8/2025 8:00,3.5,326,NW,4.86,0,0
11/8/2025 9:00,2.92,307,NW,3.89,0,0
11/8/2025 10:00,1.36,287,WNW,3.11,0,0
11/8/2025 11:00,1.75,320,NW,3.89,0,0
11/8/2025 12:00,4.86,282,WNW,6.22,0,0
11/8/2025 13:00,1.94,236,SW,2.72,0,0
11/8/2025 14:00,2.72,300,WNW,3.3,0,0
11/8/2025 15:00,5.05,284,WNW,6.03,0,0
11/8/2025 16:00,5.05,341,NNW,6.8,0,0
11/8/2025 17:00,4.47,12,NNE,6.41,0,0
11/8/2025 18:00,4.86,41,NE,5.25,0,0
11/8/2025 19:00,5.05,41,NE,7.97,0,0
11/8/2025 20:00,2.53,320,NW,3.5,0,0
11/8/2025 21:00,7,320,NW,7.58,0,0
11/8/2025 22:00,7.97,334,NNW,9.72,0,0
11/8/2025 23:00,7,327,NNW,7.97,0,0
11/9/2025 0:00,7,315,NW,7.58,0,0
11/9/2025 1:00,6.03,32,NNE,7.97,0,0
11/9/2025 2:00,6.8,324,NW,8.55,0,0
11/9/2025 3:00,4.28,16,NNE,5.44,0,0
11/9/2025 4:00,6.41,14,NNE,8.16,0,0
11/9/2025 5:00,9.72,28,NNE,13.02,0,0
11/9/2025 6:00,7.78,44,NE,9.91,0,0
11/9/2025 7:00,7,17,NNE,9.33,0,0
11/9/2025 8:00,6.03,44,NE,8.36,0,0
11/9/2025 9:00,8.55,18,NNE,10.89,0,0
11/9/2025 10:00,9.14,48,NE,12.44,0,0
11/9/2025 11:00,8.94,50,NE,12.64,0,0
11/9/2025 12:00,8.16,38,NE,10.5,0,0
11/9/2025 13:00,8.55,42,NE,11.86,0,0
11/9/2025 14:00,7.58,61,ENE,11.08,0,0
11/9/2025 15:00,5.05,52,NE,8.75,0,0
11/9/2025 16:00,5.83,57,ENE,8.36,0,0
11/9/2025 17:00,6.41,48,NE,9.14,0,0
11/9/2025 18:00,2.72,50,NE,4.47,0,0
11/9/2025 19:00,2.92,42,NE,4.86,0,0
11/9/2025 20:00,2.72,333,NNW,4.67,0,0
11/9/2025 21:00,6.8,317,NW,7.19,0,0
11/9/2025 22:00,7.19,317,NW,7.58,0,0
11/9/2025 23:00,5.44,330,NNW,5.64,0,0
11/10/2025 0:00,0.58,135,SE,2.14,0,0
11/10/2025 1:00,6.22,339,NNW,6.61,0,0
11/10/2025 2:00,8.36,342,NNW,10.3,0,0
11/10/2025 3:00,9.14,335,NNW,12.05,0,0
11/10/2025 4:00,7.19,326,NW,8.36,0,0
11/10/2025 5:00,4.47,334,NNW,7.58,0,0
11/10/2025 6:00,4.08,337,NNW,6.41,0,0
11/10/2025 7:00,4.08,316,NW,5.05,0,0
11/10/2025 8:00,6.22,335,NNW,7.58,0,0
11/10/2025 9:00,8.55,333,NNW,9.91,0,0
11/10/2025 10:00,10.69,324,NW,12.83,0,0
11/10/2025 11:00,9.72,318,NW,11.08,0,0
11/10/2025 12:00,9.14,316,NW,11.86,0,0
11/10/2025 13:00,6.41,49,NE,9.14,0,0
11/10/2025 14:00,10.11,317,NW,11.66,0,0
11/10/2025 15:00,9.14,320,NW,10.69,0,0
11/10/2025 16:00,7.78,313,NW,9.72,0,0
11/10/2025 17:00,7.39,317,NW,8.36,0,0
11/10/2025 18:00,5.44,328,NNW,6.8,0,0
11/10/2025 19:00,3.69,313,NW,5.83,0,0
11/10/2025 20:00,5.05,315,NW,6.22,0,0
11/10/2025 21:00,7.39,334,NNW,7.97,0,0
11/10/2025 22:00,9.52,339,NNW,10.5,0,0
11/10/2025 23:00,7.78,342,NNW,10.11,0,0
11/11/2025 0:00,6.61,322,NW,7,0,0
11/11/2025 1:00,4.86,331,NNW,5.64,0,0
11/11/2025 2:00,4.08,327,NNW,5.25,0,0
11/11/2025 3:00,3.3,323,NW,7.58,0,0
11/11/2025 4:00,2.72,354,N,3.89,0,0
11/11/2025 5:00,1.75,303,WNW,2.92,0,0
11/11/2025 6:00,0.39,354,N,2.14,0,0
11/11/2025 7:00,0.97,172,S,2.14,0,0
11/11/2025 8:00,6.03,324,NW,6.41,0,0
11/11/2025 9:00,5.83,318,NW,6.61,0,0
11/11/2025 10:00,8.16,336,NNW,9.14,0,0
11/11/2025 11:00,6.8,312,NW,8.16,0,0
11/11/2025 12:00,5.64,283,WNW,6.41,0,0
11/11/2025 13:00,3.3,216,SW,4.67,0,0
11/11/2025 14:00,0.97,284,WNW,4.47,0,0
11/11/2025 15:00,2.72,210,SSW,5.83,0,0
11/11/2025 16:00,3.3,81,E,4.47,0,0
11/11/2025 17:00,6.61,227,SW,13.02,0,0
11/11/2025 18:00,4.67,245,WSW,7.19,0,0
11/11/2025 19:00,6.22,228,SW,11.47,0,0
11/11/2025 20:00,3.3,199,SSW,8.75,0,0
11/11/2025 21:00,5.05,232,SW,7.78,0,0
11/11/2025 22:00,5.83,234,SW,10.5,0,0
11/11/2025 23:00,5.25,227,SW,10.69,0,0
11/12/2025 0:00,1.94,217,SW,4.86,0,0
11/12/2025 1:00,1.56,178,S,4.67,0,0
11/12/2025 2:00,2.33,171,S,9.33,0,0
11/12/2025 3:00,2.33,176,S,6.61,0,0
11/12/2025 4:00,2.53,164,SSE,5.25,0,0
11/12/2025 5:00,5.25,160,SSE,7.58,0,0
11/12/2025 6:00,8.94,162,SSE,11.08,0,0
11/12/2025 7:00,6.61,151,SSE,10.69,0,0
11/12/2025 8:00,4.86,147,SSE,8.36,0,0
11/12/2025 9:00,5.05,150,SSE,9.14,0,0
11/12/2025 10:00,7.19,162,SSE,10.3,0,0
11/12/2025 11:00,7,162,SSE,9.14,0,0
11/12/2025 12:00,6.61,156,SSE,9.72,0,0
11/12/2025 13:00,6.61,160,SSE,8.36,0,0
11/12/2025 14:00,8.16,156,SSE,10.5,0,0
11/12/2025 15:00,6.22,159,SSE,7.19,0,0
11/12/2025 16:00,6.41,166,SSE,8.36,0,0
11/12/2025 17:00,4.08,155,SSE,6.03,0,0
11/12/2025 18:00,5.44,152,SSE,7.58,0,0
11/12/2025 19:00,7.19,152,SSE,11.47,0,0
11/12/2025 20:00,5.83,154,SSE,8.36,0,0
11/12/2025 21:00,6.41,155,SSE,9.52,0,0
11/12/2025 22:00,7.78,138,SE,10.69,0,0
11/12/2025 23:00,6.8,141,SE,11.08,0,0
11/13/2025 0:00,9.91,141,SE,12.25,0,0
11/13/2025 1:00,12.44,143,SE,15.55,0,0
11/13/2025 2:00,9.91,146,SE,14.77,0,0
11/13/2025 3:00,12.44,151,SSE,18.66,0,0
11/13/2025 4:00,12.05,147,SSE,16.72,0,0
11/13/2025 5:00,16.91,159,SSE,24.1,0,0
11/13/2025 6:00,12.44,150,SSE,18.08,0,0
11/13/2025 7:00,12.64,148,SSE,19.24,0,0
11/13/2025 8:00,12.05,180,S,20.8,0,0
11/13/2025 9:00,11.08,177,S,14,0,0
11/13/2025 10:00,7.19,187,S,10.69,0,0
11/13/2025 11:00,5.64,181,S,8.36,0,0
11/13/2025 12:00,4.28,179,S,7.97,0,0
11/13/2025 13:00,4.86,204,SSW,6.8,0,0
11/13/2025 14:00,6.8,181,S,9.72,0,0
11/13/2025 15:00,6.61,190,S,9.14,0,0
11/13/2025 16:00,5.05,178,S,7.19,0,0
11/13/2025 17:00,4.86,189,S,6.61,0,0
11/13/2025 18:00,7,190,S,12.44,0,0
11/13/2025 19:00,10.89,191,S,16.72,0,0
11/13/2025 20:00,7.39,184,S,13.61,0,0
11/13/2025 21:00,6.61,181,S,10.89,0,0
11/13/2025 22:00,6.22,196,SSW,9.91,0,0
11/13/2025 23:00,8.36,197,SSW,11.47,0,0
11/14/2025 0:00,5.25,188,S,7.78,0,0
11/14/2025 1:00,2.33,277,W,4.47,0,0
11/14/2025 2:00,3.11,193,SSW,4.28,0,0
11/14/2025 3:00,2.92,167,SSE,4.28,0,0
11/14/2025 4:00,1.75,197,SSW,3.5,0,0
11/14/2025 5:00,1.17,217,SW,2.33,0,0
11/14/2025 6:00,2.72,10,N,3.89,0,0
11/14/2025 7:00,4.67,295,WNW,6.22,0,0
11/14/2025 8:00,4.86,310,NW,7,0,0
11/14/2025 9:00,3.5,322,NW,4.28,0,0
11/14/2025 10:00,2.72,273,W,4.67,0,0
11/14/2025 11:00,0.97,318,NW,5.05,0,0
11/14/2025 12:00,3.3,292,WNW,4.28,0,0
11/14/2025 13:00,2.33,300,WNW,3.5,0,0
11/14/2025 14:00,1.17,210,SSW,2.72,0,0
11/14/2025 15:00,0.39,308,NW,1.17,0,0
11/14/2025 16:00,2.33,278,W,3.5,0,0
11/14/2025 17:00,1.94,213,SSW,2.72,0,0
11/14/2025 18:00,0,81,E,2.14,0,0
11/14/2025 19:00,5.05,41,NE,7.58,0,0
11/14/2025 20:00,4.86,16,NNE,7.78,0,0
11/14/2025 21:00,3.11,41,NE,4.67,0,0
11/14/2025 22:00,6.61,333,NNW,7.97,0,0
11/14/2025 23:00,7.19,343,NNW,8.55,0,0
11/15/2025 0:00,4.67,349,N,6.22,0,0
11/15/2025 1:00,5.83,8,N,8.36,0,0
11/15/2025 2:00,7.97,339,NNW,9.33,0,0
11/15/2025 3:00,6.61,26,NNE,8.55,0,0
11/15/2025 4:00,5.25,323,NW,7.78,0,0
11/15/2025 5:00,7.19,352,N,9.33,0,0
11/15/2025 6:00,7,351,N,8.55,0,0
11/15/2025 7:00,2.72,23,NNE,3.5,0,0
11/15/2025 8:00,4.67,2,N,6.41,0,0
11/15/2025 9:00,2.53,321,NW,3.69,0,0
11/15/2025 10:00,2.53,326,NW,4.67,0,0
11/15/2025 11:00,1.56,127,SE,3.89,0,0
11/15/2025 12:00,2.33,152,SSE,4.67,0,0
11/15/2025 13:00,5.44,158,SSE,6.61,0,0
11/15/2025 14:00,3.69,148,SSE,7.78,0,0
11/15/2025 15:00,10.5,158,SSE,13.02,0,0
11/15/2025 16:00,6.41,181,S,10.69,0,0
11/15/2025 17:00,6.8,155,SSE,9.14,0,0
11/15/2025 18:00,8.16,165,SSE,14.58,0,0
11/15/2025 19:00,11.08,180,S,16.72,0,0
11/15/2025 20:00,5.25,186,S,7.78,0,0
11/15/2025 21:00,7.39,181,S,9.72,0,0
11/15/2025 22:00,7.97,198,SSW,13.61,0,0
11/15/2025 23:00,6.61,198,SSW,11.08,0,0
11/16/2025 0:00,4.86,199,SSW,8.75,0,0
11/16/2025 1:00,2.33,211,SSW,6.41,0,0
11/16/2025 2:00,5.83,203,SSW,8.16,0,0
11/16/2025 3:00,5.83,189,S,10.3,0,0
11/16/2025 4:00,4.67,195,SSW,10.89,0,0
11/16/2025 5:00,4.47,209,SSW,10.5,0,0
11/16/2025 6:00,6.61,198,SSW,9.91,0,0
11/16/2025 7:00,5.25,186,S,7.78,0,0
11/16/2025 8:00,3.3,262,W,8.75,0,0
11/16/2025 9:00,5.44,199,SSW,8.16,0,0
11/16/2025 10:00,7.58,169,S,10.69,0,0
11/16/2025 11:00,7.19,172,S,10.89,0,0
11/16/2025 12:00,6.41,182,S,10.11,0,0
11/16/2025 13:00,6.8,198,SSW,10.89,0,0
11/16/2025 14:00,9.14,188,S,11.86,0,0
11/16/2025 15:00,9.33,195,SSW,12.64,0,0
11/16/2025 16:00,7.58,180,S,11.08,0,0
11/16/2025 17:00,10.11,166,SSE,13.41,0,0
11/16/2025 18:00,15.16,163,SSE,18.27,0,0
11/16/2025 19:00,12.44,154,SSE,16.33,0,0
11/16/2025 20:00,10.89,153,SSE,19.63,0,0
11/16/2025 21:00,11.27,155,SSE,19.63,0,0
11/16/2025 22:00,16.72,163,SSE,24.1,0,0
11/16/2025 23:00,14.38,158,SSE,21.19,0,0
11/17/2025 0:00,13.22,162,SSE,16.72,0,0
11/17/2025 1:00,7.39,163,SSE,10.5,0,0
11/17/2025 2:00,11.47,160,SSE,14.58,0,0
11/17/2025 3:00,7.58,178,S,11.27,0,0
11/17/2025 4:00,6.61,179,S,9.14,0,0
11/17/2025 5:00,6.41,206,SSW,9.33,0,0
11/17/2025 6:00,4.47,207,SSW,5.83,0,0
11/17/2025 7:00,4.67,192,SSW,8.16,0,0
11/17/2025 8:00,5.05,282,WNW,10.69,0,0
11/17/2025 9:00,9.91,282,WNW,13.02,0,0
11/17/2025 10:00,6.03,191,S,15.16,0,0
11/17/2025 11:00,4.67,261,W,10.3,0,0
11/17/2025 12:00,9.33,276,W,16.33,0,0
11/17/2025 13:00,9.14,270,W,14.58,0,0
11/17/2025 14:00,10.11,288,WNW,13.22,0,0
11/17/2025 15:00,11.47,296,WNW,15.16,0,0
11/17/2025 16:00,9.33,277,W,15.75,0,0
11/17/2025 17:00,9.72,275,W,12.44,0,0
11/17/2025 18:00,8.94,293,WNW,13.02,0,0
11/17/2025 19:00,9.33,304,NW,13.02,0,0
11/17/2025 20:00,8.55,291,WNW,11.08,0,0
11/17/2025 21:00,7,302,WNW,8.36,0,0
11/17/2025 22:00,5.25,307,NW,7.97,0,0
11/17/2025 23:00,3.5,354,N,4.67,0,0
11/18/2025 0:00,2.33,348,NNW,3.3,0,0
11/18/2025 1:00,3.11,49,NE,4.47,0,0
11/18/2025 2:00,2.92,56,NE,5.05,0,0
11/18/2025 3:00,4.86,55,NE,10.89,0,0
11/18/2025 4:00,6.61,19,NNE,8.75,0,0
11/18/2025 5:00,9.52,21,NNE,14,0,0
11/18/2025 6:00,10.11,2,N,13.02,0,0
11/18/2025 7:00,6.8,6,N,8.55,0,0
11/18/2025 8:00,6.03,57,ENE,9.72,0,0
11/18/2025 9:00,4.86,88,E,7,0,0
11/18/2025 10:00,6.41,146,SE,8.55,0,0
11/18/2025 11:00,2.92,236,SW,5.05,0,0
11/18/2025 12:00,3.5,292,WNW,5.05,0,0
11/18/2025 13:00,3.11,169,S,4.67,0,0
11/18/2025 14:00,3.11,231,SW,5.44,0,0
11/18/2025 15:00,2.72,201,SSW,3.89,0,0
11/18/2025 16:00,3.69,207,SSW,6.8,0,0
11/18/2025 17:00,7.39,248,WSW,10.69,0,0
11/18/2025 18:00,2.33,233,SW,6.03,0,0
11/18/2025 19:00,2.14,298,WNW,4.47,0,0
11/18/2025 20:00,3.69,240,WSW,6.22,0,0
11/18/2025 21:00,2.14,253,WSW,4.08,0,0
11/18/2025 22:00,4.28,242,WSW,5.83,0,0
11/18/2025 23:00,1.94,230,SW,2.92,0,0
11/19/2025 0:00,1.94,187,S,3.69,0,0
11/19/2025 1:00,2.53,195,SSW,4.67,0,0
11/19/2025 2:00,4.47,163,SSE,5.83,0,0
11/19/2025 3:00,6.22,160,SSE,8.55,0,0
11/19/2025 4:00,6.41,160,SSE,7.78,0,0
11/19/2025 5:00,6.61,142,SE,9.33,0,0
11/19/2025 6:00,6.03,147,SSE,9.14,0,0
11/19/2025 7:00,7.97,160,SSE,9.72,0,0
11/19/2025 8:00,9.52,161,SSE,11.66,0,0
11/19/2025 9:00,7.97,157,SSE,11.47,0,0
11/19/2025 10:00,3.5,136,SE,8.36,0,0
11/19/2025 11:00,5.44,143,SE,8.94,0,0
11/19/2025 12:00,7,157,SSE,10.5,0,0
11/19/2025 13:00,8.75,161,SSE,10.11,0,0
11/19/2025 14:00,3.3,178,S,11.08,0,0
11/19/2025 15:00,4.08,203,SSW,7,0,0
11/19/2025 16:00,2.72,172,S,5.44,0,0
11/19/2025 17:00,4.08,156,SSE,6.03,0,0
11/19/2025 18:00,2.53,161,SSE,4.67,0,0
11/19/2025 19:00,6.22,164,SSE,8.75,0,0
11/19/2025 20:00,6.03,240,WSW,12.83,0,0
11/19/2025 21:00,5.83,222,SW,9.14,0,0
11/19/2025 22:00,3.3,209,SSW,7.39,0,0
11/19/2025 23:00,1.56,176,S,2.92,0,0
11/20/2025 0:00,1.36,203,SSW,4.47,0,0
11/20/2025 1:00,2.14,167,SSE,6.41,0,0
11/20/2025 2:00,3.5,169,S,6.8,0,0
11/20/2025 3:00,2.14,281,W,4.08,0,0
11/20/2025 4:00,0.97,138,SE,1.56,0,0
11/20/2025 5:00,1.94,134,SE,4.08,0,0
11/20/2025 6:00,,,,,1,1
11/20/2025 7:00,1.36,19,NNE,1.94,0,0
11/20/2025 8:00,3.69,358,N,4.47,0,0
11/20/2025 9:00,3.11,325,NW,4.28,0,0
11/20/2025 10:00,2.92,336,NNW,3.69,0,0
11/20/2025 11:00,2.53,1,N,3.5,0,0
11/20/2025 12:00,3.3,294,WNW,5.05,0,0
11/20/2025 13:00,1.75,319,NW,2.53,0,0
11/20/2025 14:00,1.75,263,W,3.11,0,0
11/20/2025 15:00,2.53,246,WSW,3.89,0,0
11/20/2025 16:00,9.72,294,WNW,11.66,0,0
11/20/2025 17:00,7,293,WNW,9.91,0,0
11/20/2025 18:00,6.61,307,NW,8.36,0,0
11/20/2025 19:00,6.22,290,WNW,8.16,0,0
11/20/2025 20:00,4.67,306,NW,6.8,0,0
11/20/2025 21:00,5.64,317,NW,6.8,0,0
11/20/2025 22:00,4.08,357,N,5.83,0,0
11/20/2025 23:00,2.92,358,N,5.05,0,0
11/21/2025 0:00,5.25,343,NNW,7,0,0
11/21/2025 1:00,7,340,NNW,8.75,0,0
11/21/2025 2:00,6.03,349,N,7.97,0,0
11/21/2025 3:00,10.5,355,N,13.41,0,0
11/21/2025 4:00,7,10,N,8.16,0,0
11/21/2025 5:00,7.97,348,NNW,9.52,0,0
11/21/2025 6:00,4.28,359,N,6.8,0,0
11/21/2025 7:00,0.39,55,NE,2.92,0,0
11/21/2025 8:00,1.17,123,ESE,2.92,0,0
11/21/2025 9:00,1.56,140,SE,3.11,0,0
11/21/2025 10:00,4.47,155,SSE,5.25,0,0
11/21/2025 11:00,4.47,143,SE,6.03,0,0
11/21/2025 12:00,5.05,143,SE,7,0,0
11/21/2025 13:00,1.56,140,SE,4.67,0,0
11/21/2025 14:00,1.94,148,SSE,4.28,0,0
11/21/2025 15:00,1.17,156,SSE,2.53,0,0
11/21/2025 16:00,1.56,188,S,4.08,0,0
11/21/2025 17:00,2.92,229,SW,4.47,0,0
11/21/2025 18:00,3.5,150,SSE,5.44,0,0
11/21/2025 19:00,6.22,159,SSE,8.36,0,0
11/21/2025 20:00,7,162,SSE,9.14,0,0
11/21/2025 21:00,0.78,215,SW,1.75,0,0
11/21/2025 22:00,1.75,315,NW,2.53,0,0
11/21/2025 23:00,2.92,316,NW,3.5,0,0
11/22/2025 0:00,1.75,96,E,2.33,0,0
11/22/2025 1:00,0.39,201,SSW,1.75,0,0
11/22/2025 2:00,2.53,306,NW,3.69,0,0
11/22/2025 3:00,3.5,308,NW,4.47,0,0
11/22/2025 4:00,1.94,75,ENE,2.92,0,0
11/22/2025 5:00,7.19,324,NW,9.33,0,0
11/22/2025 6:00,5.83,316,NW,7.58,0,0
11/22/2025 7:00,5.05,322,NW,6.8,0,0
11/22/2025 8:00,7,339,NNW,7.58,0,0
11/22/2025 9:00,7.19,350,N,7.78,0,0
11/22/2025 10:00,4.86,337,NNW,6.03,0,0
11/22/2025 11:00,1.94,122,ESE,3.3,0,0
11/22/2025 12:00,2.33,274,W,3.3,0,0
11/22/2025 13:00,1.94,230,SW,2.92,0,0
11/22/2025 14:00,6.22,152,SSE,9.14,0,0
11/22/2025 15:00,3.69,162,SSE,6.03,0,0
11/22/2025 16:00,3.3,165,SSE,7.58,0,0
11/22/2025 17:00,1.17,242,WSW,2.92,0,0
11/22/2025 18:00,3.5,137,SE,6.22,0,0
11/22/2025 19:00,3.69,233,SW,7.97,0,0
11/22/2025 20:00,0.58,248,WSW,3.69,0,0
11/22/2025 21:00,2.72,335,NNW,3.5,0,0
11/22/2025 22:00,2.72,282,WNW,4.67,0,0
11/22/2025 23:00,1.56,287,WNW,3.69,0,0
11/23/2025 0:00,3.5,299,WNW,4.08,0,0
11/23/2025 1:00,0.78,288,WNW,4.08,0,0
11/23/2025 2:00,3.3,295,WNW,4.08,0,0
11/23/2025 3:00,2.92,322,NW,4.47,0,0
11/23/2025 4:00,2.72,305,NW,4.47,0,0
11/23/2025 5:00,3.3,304,NW,4.86,0,0
11/23/2025 6:00,4.08,317,NW,5.05,0,0
11/23/2025 7:00,4.08,322,NW,4.86,0,0
11/23/2025 8:00,3.11,314,NW,3.69,0,0
11/23/2025 9:00,1.36,339,NNW,2.14,0,0
11/23/2025 10:00,2.14,304,NW,2.72,0,0
11/23/2025 11:00,5.05,318,NW,6.41,0,0
11/23/2025 12:00,5.25,320,NW,7.78,0,0
11/23/2025 13:00,5.83,346,NNW,7,0,0
11/23/2025 14:00,4.08,339,NNW,5.64,0,0
11/23/2025 15:00,5.05,328,NNW,5.64,0,0
11/23/2025 16:00,3.89,328,NNW,4.67,0,0
11/23/2025 17:00,3.3,316,NW,4.08,0,0
11/23/2025 18:00,1.94,1,N,3.11,0,0
11/23/2025 19:00,3.11,337,NNW,3.69,0,0
11/23/2025 20:00,2.53,329,NNW,3.11,0,0
11/23/2025 21:00,2.72,288,WNW,4.47,0,0
11/23/2025 22:00,2.72,178,S,3.69,0,0
11/23/2025 23:00,3.3,240,WSW,6.61,0,0
11/24/2025 0:00,7.78,350,N,8.55,0,0
11/24/2025 1:00,4.86,338,NNW,5.64,0,0
11/24/2025 2:00,5.05,351,N,7.58,0,0
11/24/2025 3:00,3.11,51,NE,5.83,0,0
11/24/2025 4:00,6.03,327,NNW,7,0,0
11/24/2025 5:00,7.97,333,NNW,9.52,0,0
11/24/2025 6:00,5.64,347,NNW,7.97,0,0
11/24/2025 7:00,7.58,7,N,9.33,0,0
11/24/2025 8:00,7.97,20,NNE,10.89,0,0
11/24/2025 9:00,8.36,16,NNE,9.91,0,0
11/24/2025 10:00,7.78,356,N,10.3,0,0
11/24/2025 11:00,7.97,337,NNW,10.3,0,0
11/24/2025 12:00,8.55,339,NNW,10.69,0,0
11/24/2025 13:00,8.55,337,NNW,9.91,0,0
11/24/2025 14:00,5.44,11,N,7,0,0
11/24/2025 15:00,7,318,NW,7.78,0,0
11/24/2025 16:00,4.08,314,NW,4.67,0,0
11/24/2025 17:00,3.69,325,NW,4.67,0,0
11/24/2025 18:00,3.11,317,NW,3.3,0,0
11/24/2025 19:00,1.94,297,WNW,2.14,0,0
11/24/2025 20:00,0,354,N,0.58,0,0
11/24/2025 21:00,4.28,317,NW,4.86,0,0
11/24/2025 22:00,3.69,336,NNW,6.03,0,0
11/24/2025 23:00,6.8,330,NNW,7.58,0,0
11/25/2025 0:00,5.83,334,NNW,7.58,0,0
11/25/2025 1:00,7,338,NNW,8.55,0,0
11/25/2025 2:00,9.33,345,NNW,11.47,0,0
11/25/2025 3:00,10.5,340,NNW,12.25,0,0
11/25/2025 4:00,7.19,333,NNW,8.75,0,0
11/25/2025 5:00,6.41,351,N,8.75,0,0
11/25/2025 6:00,7.58,1,N,9.72,0,0
11/25/2025 7:00,6.03,10,N,13.61,0,0
11/25/2025 8:00,6.8,54,NE,11.27,0,0
11/25/2025 9:00,8.16,33,NNE,13.8,0,0
11/25/2025 10:00,7.58,50,NE,10.89,0,0
11/25/2025 11:00,6.8,74,ENE,10.89,0,0
11/25/2025 12:00,6.22,43,NE,9.91,0,0
11/25/2025 13:00,3.3,72,ENE,7.78,0,0
11/25/2025 14:00,3.69,85,E,5.25,0,0
11/25/2025 15:00,8.94,3,N,10.3,0,0
11/25/2025 16:00,6.03,350,N,8.55,0,0
11/25/2025 17:00,5.25,340,NNW,7,0,0
11/25/2025 18:00,5.83,315,NW,7.39,0,0
11/25/2025 19:00,0.78,39,NE,4.67,0,0
11/25/2025 20:00,4.08,323,NW,5.83,0,0
11/25/2025 21:00,10.69,360,N,14,0,0
11/25/2025 22:00,10.11,11,N,14.38,0,0
11/25/2025 23:00,7.97,353,N,10.11,0,0
11/26/2025 0:00,9.33,347,NNW,12.05,0,0
11/26/2025 1:00,8.16,334,NNW,10.5,0,0
11/26/2025 2:00,9.91,344,NNW,11.47,0,0
11/26/2025 3:00,9.14,11,N,11.27,0,0
11/26/2025 4:00,9.14,6,N,13.61,0,0
11/26/2025 5:00,9.52,5,N,12.44,0,0
11/26/2025 6:00,8.75,3,N,12.44,0,0
11/26/2025 7:00,10.89,38,NE,12.64,0,0
11/26/2025 8:00,8.94,36,NE,13.41,0,0
11/26/2025 9:00,10.3,31,NNE,13.8,0,0
11/26/2025 10:00,9.33,38,NE,11.47,0,0
11/26/2025 11:00,10.11,22,NNE,14.77,0,0
11/26/2025 12:00,6.41,47,NE,11.27,0,0
11/26/2025 13:00,6.61,35,NE,9.72,0,0
11/26/2025 14:00,9.14,45,NE,12.25,0,0
11/26/2025 15:00,8.55,63,ENE,10.5,0,0
11/26/2025 16:00,6.41,31,NNE,10.69,0,0
11/26/2025 17:00,8.55,44,NE,13.61,0,0
11/26/2025 18:00,6.41,5,N,9.52,0,0
11/26/2025 19:00,3.69,356,N,6.61,0,0
11/26/2025 20:00,8.94,358,N,12.05,0,0
11/26/2025 21:00,8.36,338,NNW,9.52,0,0
11/26/2025 22:00,10.89,340,NNW,12.83,0,0
11/26/2025 23:00,7.39,338,NNW,8.55,0,0
11/27/2025 0:00,13.41,8,N,18.08,0,0
11/27/2025 1:00,10.5,11,N,14,0,0
11/27/2025 2:00,11.86,345,NNW,13.02,0,0
11/27/2025 3:00,14.77,18,NNE,18.66,0,0
11/27/2025 4:00,11.27,2,N,15.55,0,0
11/27/2025 5:00,9.14,11,N,14.19,0,0
11/27/2025 6:00,8.75,50,NE,12.64,0,0
11/27/2025 7:00,10.5,359,N,15.55,0,0
11/27/2025 8:00,10.3,37,NE,13.41,0,0
11/27/2025 9:00,7,35,NE,11.27,0,0
11/27/2025 10:00,9.14,353,N,11.86,0,0
11/27/2025 11:00,12.83,1,N,15.94,0,0
11/27/2025 12:00,6.8,1,N,10.5,0,0
11/27/2025 13:00,5.83,21,NNE,8.55,0,0
11/27/2025 14:00,9.72,1,N,12.05,0,0
11/27/2025 15:00,11.08,334,NNW,13.22,0,0
11/27/2025 16:00,7.39,5,N,9.14,0,0
11/27/2025 17:00,8.94,7,N,10.11,0,0
11/27/2025 18:00,7.58,4,N,8.75,0,0
11/27/2025 19:00,4.08,4,N,6.22,0,0
11/27/2025 20:00,5.25,33,NNE,6.8,0,0
11/27/2025 21:00,3.89,1,N,7.39,0,0
11/27/2025 22:00,7,9,N,8.36,0,0
11/27/2025 23:00,7.78,1,N,12.25,0,0
11/28/2025 0:00,9.52,342,NNW,11.08,0,0
11/28/2025 1:00,6.41,351,N,9.14,0,0
11/28/2025 2:00,4.47,359,N,7.78,0,0
11/28/2025 3:00,2.92,21,NNE,5.44,0,0
11/28/2025 4:00,6.03,7,N,9.33,0,0
11/28/2025 5:00,6.03,30,NNE,7.78,0,0
11/28/2025 6:00,8.16,38,NE,10.69,0,0
11/28/2025 7:00,6.03,47,NE,8.36,0,0
11/28/2025 8:00,5.83,49,NE,10.3,0,0
11/28/2025 9:00,5.44,68,ENE,9.72,0,0
11/28/2025 10:00,5.64,43,NE,8.36,0,0
11/28/2025 11:00,9.14,330,NNW,11.08,0,0
11/28/2025 12:00,9.33,335,NNW,11.66,0,0
11/28/2025 13:00,11.47,325,NW,13.02,0,0
11/28/2025 14:00,10.3,340,NNW,13.61,0,0
11/28/2025 15:00,11.08,336,NNW,13.02,0,0
11/28/2025 16:00,10.11,339,NNW,12.83,0,0
11/28/2025 17:00,8.36,343,NNW,13.22,0,0
11/28/2025 18:00,7.19,343,NNW,9.14,0,0
11/28/2025 19:00,7.58,331,NNW,10.89,0,0
11/28/2025 20:00,8.75,354,N,12.44,0,0
11/28/2025 21:00,9.91,8,N,11.27,0,0
11/28/2025 22:00,10.69,345,NNW,13.41,0,0
11/28/2025 23:00,10.11,26,NNE,12.25,0,0
11/29/2025 0:00,7.39,360,N,9.91,0,0
11/29/2025 1:00,4.86,57,ENE,9.52,0,0
11/29/2025 2:00,5.64,13,NNE,8.16,0,0
11/29/2025 3:00,7.97,355,N,9.72,0,0
11/29/2025 4:00,8.36,6,N,10.69,0,0
11/29/2025 5:00,3.3,8,N,6.61,0,0
11/29/2025 6:00,4.47,20,NNE,8.16,0,0
11/29/2025 7:00,4.28,37,NE,9.52,0,0
11/29/2025 8:00,4.47,54,NE,9.72,0,0
11/29/2025 9:00,6.8,57,ENE,10.11,0,0
11/29/2025 10:00,5.25,45,NE,9.91,0,0
11/29/2025 11:00,7.19,44,NE,10.89,0,0
11/29/2025 12:00,3.89,39,NE,6.41,0,0
11/29/2025 13:00,4.08,11,N,7,0,0
11/29/2025 14:00,8.36,348,NNW,12.64,0,0
11/29/2025 15:00,11.27,357,N,14.77,0,0
11/29/2025 16:00,7,16,NNE,8.75,0,0
11/29/2025 17:00,8.94,16,NNE,11.66,0,0
11/29/2025 18:00,8.75,26,NNE,13.02,0,0
11/29/2025 19:00,3.11,34,NE,6.41,0,0
11/29/2025 20:00,9.91,16,NNE,13.41,0,0
11/29/2025 21:00,6.22,43,NE,9.14,0,0
11/29/2025 22:00,5.05,350,N,6.61,0,0
11/29/2025 23:00,4.08,5,N,6.41,0,0
11/30/2025 0:00,5.44,9,N,7.19,0,0
11/30/2025 1:00,7.58,15,NNE,10.3,0,0
11/30/2025 2:00,7.97,357,N,10.89,0,0
11/30/2025 3:00,3.89,75,ENE,6.8,0,0
11/30/2025 4:00,5.44,46,NE,7.78,0,0
11/30/2025 5:00,2.33,26,NNE,5.25,0,0
11/30/2025 6:00,5.64,4,N,7.97,0,0
11/30/2025 7:00,6.61,20,NNE,10.89,0,0
11/30/2025 8:00,4.86,43,NE,7.19,0,0
11/30/2025 9:00,5.25,44,NE,8.55,0,0
11/30/2025 10:00,6.41,42,NE,7.58,0,0
11/30/2025 11:00,9.52,19,NNE,12.44,0,0
11/30/2025 12:00,5.44,51,NE,8.55,0,0
11/30/2025 13:00,6.8,17,NNE,8.36,0,0
11/30/2025 14:00,10.11,19,NNE,13.41,0,0
11/30/2025 15:00,6.8,9,N,9.52,0,0
11/30/2025 16:00,7.19,353,N,9.91,0,0
11/30/2025 17:00,5.64,355,N,8.94,0,0
11/30/2025 18:00,4.28,340,NNW,6.8,0,0
11/30/2025 19:00,3.5,358,N,5.64,0,0
11/30/2025 20:00,6.61,325,NW,8.55,0,0
11/30/2025 21:00,5.05,337,NNW,6.41,0,0
11/30/2025 22:00,2.92,32,NNE,5.25,0,0
11/30/2025 23:00,4.86,14,NNE,8.94,0,0
12/1/2025 0:00,10.11,10,N,11.66,0,0
12/1/2025 1:00,6.41,11,N,8.55,0,0
12/1/2025 2:00,8.55,48,NE,11.66,0,0
12/1/2025 3:00,6.41,49,NE,9.14,0,0
12/1/2025 4:00,6.61,38,NE,7.97,0,0
12/1/2025 5:00,6.41,45,NE,8.36,0,0
12/1/2025 6:00,6.61,39,NE,9.14,0,0
12/1/2025 7:00,7.97,40,NE,9.52,0,0
12/1/2025 8:00,7.58,53,NE,10.5,0,0
12/1/2025 9:00,6.8,53,NE,10.3,0,0
12/1/2025 10:00,8.55,66,ENE,14.38,0,0
12/1/2025 11:00,6.22,53,NE,13.61,0,0
12/1/2025 12:00,5.44,59,ENE,10.3,0,0
12/1/2025 13:00,9.14,37,NE,11.66,0,0
12/1/2025 14:00,6.61,49,NE,11.47,0,0
12/1/2025 15:00,6.8,35,NE,10.3,0,0
12/1/2025 16:00,6.61,41,NE,9.14,0,0
12/1/2025 17:00,7.39,38,NE,9.72,0,0
12/1/2025 18:00,6.8,30,NNE,9.91,0,0
12/1/2025 19:00,3.5,360,N,4.86,0,0
12/1/2025 20:00,8.75,356,N,11.86,0,0
12/1/2025 21:00,10.11,9,N,13.61,0,0
12/1/2025 22:00,6.03,21,NNE,7.78,0,0
12/1/2025 23:00,5.05,6,N,6.61,0,0
12/2/2025 0:00,7,5,N,9.52,0,0
12/2/2025 1:00,5.05,18,NNE,7.58,0,0
12/2/2025 2:00,6.61,22,NNE,8.75,0,0
12/2/2025 3:00,9.72,337,NNW,11.66,0,0
12/2/2025 4:00,7.78,326,NW,9.52,0,0
12/2/2025 5:00,7.97,331,NNW,9.91,0,0
12/2/2025 6:00,9.52,339,NNW,12.25,0,0
12/2/2025 7:00,9.33,336,NNW,11.08,0,0
12/2/2025 8:00,7.39,336,NNW,8.75,0,0
12/2/2025 9:00,11.66,338,NNW,14.38,0,0
12/2/2025 10:00,8.94,328,NNW,10.11,0,0
12/2/2025 11:00,7.78,340,NNW,9.33,0,0
12/2/2025 12:00,6.8,323,NW,8.94,0,0
12/2/2025 13:00,4.47,304,NW,5.05,0,0
12/2/2025 14:00,4.47,325,NW,5.05,0,0
12/2/2025 15:00,2.53,269,W,3.3,0,0
12/2/2025 16:00,0.58,293,WNW,1.75,0,0
12/2/2025 17:00,0.58,180,S,0.97,0,0
12/2/2025 18:00,0.97,338,NNW,2.33,0,0
12/2/2025 19:00,6.41,357,N,8.75,0,0
12/2/2025 20:00,6.03,322,NW,6.8,0,0
12/2/2025 21:00,3.5,339,NNW,5.05,0,0
12/2/2025 22:00,5.25,47,NE,8.36,0,0
12/2/2025 23:00,10.69,41,NE,14,0,0
12/3/2025 0:00,8.16,43,NE,12.05,0,0
12/3/2025 1:00,6.61,32,NNE,9.33,0,0
12/3/2025 2:00,7.58,45,NE,10.11,0,0
12/3/2025 3:00,7.39,47,NE,11.47,0,0
12/3/2025 4:00,2.33,342,NNW,3.69,0,0
12/3/2025 5:00,2.92,319,NW,3.69,0,0
12/3/2025 6:00,1.56,313,NW,1.94,0,0
12/3/2025 7:00,0.97,95,E,2.14,0,0
12/3/2025 8:00,2.14,170,S,4.08,0,0
12/3/2025 9:00,0.58,142,SE,2.33,0,0
12/3/2025 10:00,1.36,324,NW,4.08,0,0
12/3/2025 11:00,2.53,193,SSW,3.3,0,0
12/3/2025 12:00,0.78,25,NNE,1.56,0,0
12/3/2025 13:00,2.33,229,SW,3.5,0,0
12/3/2025 14:00,1.75,271,W,4.08,0,0
12/3/2025 15:00,2.53,194,SSW,3.11,0,0
12/3/2025 16:00,1.56,328,NNW,1.94,0,0
12/3/2025 17:00,0.58,166,SSE,1.56,0,0
12/3/2025 18:00,1.75,335,NNW,2.53,0,0
12/3/2025 19:00,1.75,266,W,3.11,0,0
12/3/2025 20:00,1.36,280,W,2.14,0,0
12/3/2025 21:00,2.92,285,WNW,3.3,0,0
12/3/2025 22:00,0.19,343,NNW,0.97,0,0
12/3/2025 23:00,2.14,300,WNW,2.72,0,0
12/4/2025 0:00,3.5,298,WNW,4.08,0,0
12/4/2025 1:00,3.11,335,NNW,3.5,0,0
12/4/2025 2:00,3.3,307,NW,4.08,0,0
12/4/2025 3:00,5.44,318,NW,6.61,0,0
12/4/2025 4:00,6.41,327,NNW,7.19,0,0
12/4/2025 5:00,8.94,321,NW,11.27,0,0
12/4/2025 6:00,7,358,N,9.91,0,0
12/4/2025 7:00,4.28,345,NNW,6.8,0,0
12/4/2025 8:00,7,38,NE,9.14,0,0
12/4/2025 9:00,3.5,48,NE,5.83,0,0
12/4/2025 10:00,6.8,49,NE,10.5,0,0
12/4/2025 11:00,5.25,67,ENE,9.14,0,0
12/4/2025 12:00,6.41,55,NE,10.69,0,0
12/4/2025 13:00,5.64,49,NE,10.11,0,0
12/4/2025 14:00,6.03,42,NE,8.16,0,0
12/4/2025 15:00,5.64,12,NNE,10.89,0,0
12/4/2025 16:00,5.64,17,NNE,7.19,0,0
12/4/2025 17:00,2.72,48,NE,4.67,0,0
12/4/2025 18:00,6.03,322,NW,7.39,0,0
12/4/2025 19:00,5.64,332,NNW,6.61,0,0
12/4/2025 20:00,7.58,332,NNW,9.14,0,0
12/4/2025 21:00,6.22,334,NNW,7.97,0,0
12/4/2025 22:00,6.61,335,NNW,7.78,0,0
12/4/2025 23:00,5.25,334,NNW,6.03,0,0
12/5/2025 0:00,6.61,337,NNW,9.14,0,0
12/5/2025 1:00,9.72,318,NW,11.08,0,0
12/5/2025 2:00,5.64,330,NNW,8.55,0,0
12/5/2025 3:00,4.28,337,NNW,5.83,0,0
12/5/2025 4:00,7.39,329,NNW,8.75,0,0
12/5/2025 5:00,5.05,348,NNW,6.22,0,0
12/5/2025 6:00,7.39,335,NNW,8.94,0,0
12/5/2025 7:00,8.75,336,NNW,9.91,0,0
12/5/2025 8:00,8.36,324,NW,10.89,0,0
12/5/2025 9:00,9.72,324,NW,11.27,0,0
12/5/2025 10:00,9.52,331,NNW,11.47,0,0
12/5/2025 11:00,11.27,328,NNW,12.83,0,0
12/5/2025 12:00,11.86,338,NNW,14,0,0
12/5/2025 13:00,10.69,339,NNW,12.83,0,0
12/5/2025 14:00,11.47,321,NW,13.02,0,0
12/5/2025 15:00,9.33,334,NNW,10.89,0,0
12/5/2025 16:00,10.69,317,NW,12.05,0,0
12/5/2025 17:00,10.11,322,NW,11.66,0,0
12/5/2025 18:00,6.22,317,NW,7.39,0,0
12/5/2025 19:00,5.64,332,NNW,7.19,0,0
12/5/2025 20:00,8.36,319,NW,9.33,0,0
12/5/2025 21:00,7.19,332,NNW,9.72,0,0
12/5/2025 22:00,6.61,308,NW,8.16,0,0
12/5/2025 23:00,5.44,320,NW,6.22,0,0
12/6/2025 0:00,7.58,328,NNW,9.14,0,0
12/6/2025 1:00,7.78,359,N,13.02,0,0
12/6/2025 2:00,9.91,355,N,12.83,0,0
12/6/2025 3:00,7.39,28,NNE,11.27,0,0
12/6/2025 4:00,5.05,37,NE,10.5,0,0
12/6/2025 5:00,9.91,9,N,12.83,0,0
12/6/2025 6:00,5.44,45,NE,7,0,0
12/6/2025 7:00,8.36,43,NE,12.64,0,0
12/6/2025 8:00,8.75,9,N,12.05,0,0
12/6/2025 9:00,7.78,35,NE,11.08,0,0
12/6/2025 10:00,6.61,11,N,8.55,0,0
12/6/2025 11:00,6.22,6,N,12.44,0,0
12/6/2025 12:00,9.52,333,NNW,12.05,0,0
12/6/2025 13:00,10.5,339,NNW,13.8,0,0
12/6/2025 14:00,10.5,352,N,14.38,0,0
12/6/2025 15:00,11.47,4,N,14.19,0,0
12/6/2025 16:00,9.33,333,NNW,10.69,0,0
12/6/2025 17:00,6.61,340,NNW,9.52,0,0
12/6/2025 18:00,8.75,333,NNW,9.91,0,0
12/6/2025 19:00,7,342,NNW,10.3,0,0
12/6/2025 20:00,7.58,338,NNW,9.14,0,0
12/6/2025 21:00,2.72,344,NNW,7.39,0,0
12/6/2025 22:00,6.8,337,NNW,10.69,0,0
12/6/2025 23:00,7.39,14,NNE,10.11,0,0
12/7/2025 0:00,4.28,351,N,7.97,0,0
12/7/2025 1:00,10.11,338,NNW,11.47,0,0
12/7/2025 2:00,10.69,10,N,14,0,0
12/7/2025 3:00,7.78,9,N,14,0,0
12/7/2025 4:00,7,359,N,10.69,0,0
12/7/2025 5:00,7.58,359,N,9.72,0,0
12/7/2025 6:00,5.83,7,N,8.94,0,0
12/7/2025 7:00,8.36,356,N,10.89,0,0
12/7/2025 8:00,6.8,8,N,11.86,0,0
12/7/2025 9:00,9.72,1,N,12.83,0,0
12/7/2025 10:00,6.61,41,NE,10.3,0,0
12/7/2025 11:00,11.86,7,N,13.8,0,0
12/7/2025 12:00,7.97,2,N,9.91,0,0
12/7/2025 13:00,11.08,340,NNW,14.97,0,0
12/7/2025 14:00,8.94,333,NNW,11.66,0,0
12/7/2025 15:00,8.36,338,NNW,12.25,0,0
12/7/2025 16:00,9.72,335,NNW,11.86,0,0
12/7/2025 17:00,11.86,335,NNW,13.41,0,0
12/7/2025 18:00,8.75,334,NNW,10.5,0,0
12/7/2025 19:00,8.94,337,NNW,10.3,0,0
12/7/2025 20:00,6.8,348,NNW,9.52,0,0
12/7/2025 21:00,7.78,1,N,10.11,0,0
12/7/2025 22:00,8.16,21,NNE,13.22,0,0
12/7/2025 23:00,10.69,15,NNE,14.97,0,0
12/8/2025 0:00,8.16,0,N,12.83,0,0
12/8/2025 1:00,8.16,6,N,14,0,0
12/8/2025 2:00,6.22,49,NE,8.36,0,0
12/8/2025 3:00,8.94,32,NNE,12.25,0,0
12/8/2025 4:00,7.58,48,NE,11.27,0,0
12/8/2025 5:00,5.83,41,NE,12.25,0,0
12/8/2025 6:00,8.75,18,NNE,12.44,0,0
12/8/2025 7:00,6.41,11,N,8.94,0,0
12/8/2025 8:00,6.61,12,NNE,10.3,0,0
12/8/2025 9:00,4.67,32,NNE,6.8,0,0
12/8/2025 10:00,3.69,43,NE,7.58,0,0
12/8/2025 11:00,7.19,356,N,10.11,0,0
12/8/2025 12:00,9.14,7,N,12.05,0,0
12/8/2025 13:00,8.94,359,N,14,0,0
12/8/2025 14:00,7,18,NNE,8.36,0,0
12/8/2025 15:00,10.5,327,NNW,13.61,0,0
12/8/2025 16:00,5.64,353,N,9.14,0,0
12/8/2025 17:00,12.64,341,NNW,15.36,0,0
12/8/2025 18:00,8.16,352,N,12.25,0,0
12/8/2025 19:00,8.55,329,NNW,9.91,0,0
12/8/2025 20:00,9.14,340,NNW,11.66,0,0
12/8/2025 21:00,8.16,335,NNW,9.33,0,0
12/8/2025 22:00,6.61,335,NNW,9.14,0,0
12/8/2025 23:00,9.91,338,NNW,11.66,0,0
12/9/2025 0:00,8.75,343,NNW,13.41,0,0
12/9/2025 1:00,7.78,7,N,11.27,0,0
12/9/2025 2:00,8.94,360,N,11.86,0,0
12/9/2025 3:00,7.97,4,N,11.66,0,0
12/9/2025 4:00,8.75,350,N,11.86,0,0
12/9/2025 5:00,10.69,359,N,14,0,0
12/9/2025 6:00,6.41,5,N,9.33,0,0
12/9/2025 7:00,10.3,6,N,13.41,0,0
12/9/2025 8:00,7.78,5,N,10.5,0,0
12/9/2025 9:00,5.83,42,NE,9.33,0,0
12/9/2025 10:00,9.33,360,N,11.27,0,0
12/9/2025 11:00,9.72,333,NNW,11.08,0,0
12/9/2025 12:00,11.66,339,NNW,15.36,0,0
12/9/2025 13:00,13.61,340,NNW,16.72,0,0
12/9/2025 14:00,14.38,341,NNW,16.52,0,0
12/9/2025 15:00,10.5,334,NNW,14.97,0,0
12/9/2025 16:00,11.66,340,NNW,15.16,0,0
12/9/2025 17:00,11.66,341,NNW,13.02,0,0
12/9/2025 18:00,9.91,347,NNW,13.61,0,0
12/9/2025 19:00,12.44,330,NNW,14,0,0
12/9/2025 20:00,11.47,333,NNW,13.02,0,0
12/9/2025 21:00,9.33,353,N,11.27,0,0
12/9/2025 22:00,11.86,7,N,13.22,0,0
12/9/2025 23:00,10.3,359,N,13.8,0,0
12/10/2025 0:00,7.58,351,N,9.14,0,0
12/10/2025 1:00,8.16,14,NNE,13.61,0,0
12/10/2025 2:00,2.72,2,N,10.11,0,0
12/10/2025 3:00,14.38,18,NNE,17.69,0,0
12/10/2025 4:00,8.94,11,N,13.22,0,0
12/10/2025 5:00,7.97,42,NE,11.66,0,0
12/10/2025 6:00,5.05,17,NNE,7.78,0,0
12/10/2025 7:00,8.36,8,N,11.66,0,0
12/10/2025 8:00,9.14,356,N,11.27,0,0
12/10/2025 9:00,13.22,359,N,15.94,0,0
12/10/2025 10:00,14.77,3,N,17.49,0,0
12/10/2025 11:00,10.89,356,N,15.55,0,0
12/10/2025 12:00,10.69,3,N,14.58,0,0
12/10/2025 13:00,12.44,340,NNW,14.77,0,0
12/10/2025 14:00,13.41,342,NNW,15.36,0,0
12/10/2025 15:00,13.02,345,NNW,15.36,0,0
12/10/2025 16:00,13.61,359,N,17.11,0,0
12/10/2025 17:00,8.36,342,NNW,10.89,0,0
12/10/2025 18:00,8.36,337,NNW,11.27,0,0
12/10/2025 19:00,7.19,339,NNW,11.08,0,0
12/10/2025 20:00,3.69,9,N,6.22,0,0
12/10/2025 21:00,10.11,329,NNW,12.05,0,0
12/10/2025 22:00,11.27,333,NNW,16.52,0,0
12/10/2025 23:00,12.25,334,NNW,14.77,0,0
12/11/2025 0:00,11.08,323,NW,14.19,0,0
12/11/2025 1:00,10.89,333,NNW,14.97,0,0
12/11/2025 2:00,11.27,342,NNW,16.13,0,0
12/11/2025 3:00,10.89,3,N,13.41,0,0
12/11/2025 4:00,10.5,354,N,13.61,0,0
12/11/2025 5:00,10.69,2,N,14,0,0
12/11/2025 6:00,10.11,4,N,15.16,0,0
12/11/2025 7:00,14.38,2,N,19.05,0,0
12/11/2025 8:00,12.83,9,N,15.94,0,0
12/11/2025 9:00,12.44,359,N,14.19,0,0
12/11/2025 10:00,12.25,339,NNW,15.16,0,0
12/11/2025 11:00,11.66,339,NNW,13.61,0,0
12/11/2025 12:00,13.02,338,NNW,14,0,0
12/11/2025 13:00,14.38,342,NNW,16.33,0,0
12/11/2025 14:00,12.44,337,NNW,16.91,0,0
12/11/2025 15:00,12.05,336,NNW,14.58,0,0
12/11/2025 16:00,11.86,323,NW,14.38,0,0
12/11/2025 17:00,10.3,332,NNW,13.02,0,0
12/11/2025 18:00,8.75,328,NNW,11.08,0,0
12/11/2025 19:00,6.8,2,N,8.75,0,0
12/11/2025 20:00,8.36,332,NNW,9.52,0,0
12/11/2025 21:00,7,320,NW,8.36,0,0
12/11/2025 22:00,10.69,319,NW,12.44,0,0
12/11/2025 23:00,10.11,2,N,12.44,0,0
12/12/2025 0:00,6.41,352,N,9.33,0,0
12/12/2025 1:00,6.41,356,N,10.11,0,0
12/12/2025 2:00,10.69,4,N,13.22,0,0
12/12/2025 3:00,7,360,N,9.72,0,0
12/12/2025 4:00,11.66,334,NNW,13.8,0,0
12/12/2025 5:00,12.44,325,NW,15.16,0,0
12/12/2025 6:00,12.44,345,NNW,16.33,0,0
12/12/2025 7:00,6.41,358,N,9.52,0,0
12/12/2025 8:00,9.72,355,N,13.02,0,0
12/12/2025 9:00,10.5,344,NNW,13.8,0,0
12/12/2025 10:00,7.58,351,N,11.27,0,0
12/12/2025 11:00,10.11,23,NNE,13.8,0,0
12/12/2025 12:00,9.91,352,N,14.58,0,0
12/12/2025 13:00,10.5,330,NNW,13.22,0,0
12/12/2025 14:00,12.64,337,NNW,14.97,0,0
12/12/2025 15:00,13.41,331,NNW,16.91,0,0
12/12/2025 16:00,14.19,330,NNW,16.33,0,0
12/12/2025 17:00,12.05,338,NNW,14.97,0,0
12/12/2025 18:00,12.44,344,NNW,15.36,0,0
12/12/2025 19:00,11.08,347,NNW,13.02,0,0
12/12/2025 20:00,8.55,329,NNW,9.72,0,0
12/12/2025 21:00,9.33,326,NW,10.69,0,0
12/12/2025 22:00,6.41,350,N,10.69,0,0
12/12/2025 23:00,10.11,338,NNW,14.77,0,0
12/13/2025 0:00,11.86,338,NNW,15.16,0,0
12/13/2025 1:00,11.27,346,NNW,14.38,0,0
12/13/2025 2:00,5.44,351,N,10.69,0,0
12/13/2025 3:00,8.55,329,NNW,11.27,0,0
12/13/2025 4:00,7.58,354,N,10.5,0,0
12/13/2025 5:00,8.36,357,N,9.91,0,0
12/13/2025 6:00,6.8,349,N,9.33,0,0
12/13/2025 7:00,8.16,352,N,11.08,0,0
12/13/2025 8:00,10.69,5,N,13.22,0,0
12/13/2025 9:00,8.16,344,NNW,10.69,0,0
12/13/2025 10:00,8.16,332,NNW,10.3,0,0
12/13/2025 11:00,8.36,324,NW,10.89,0,0
12/13/2025 12:00,7.39,336,NNW,9.14,0,0
12/13/2025 13:00,7,326,NW,8.36,0,0
12/13/2025 14:00,7.97,328,NNW,9.52,0,0
12/13/2025 15:00,8.75,312,NW,9.91,0,0
12/13/2025 16:00,9.91,320,NW,12.25,0,0
12/13/2025 17:00,4.47,320,NW,5.05,0,0
12/13/2025 18:00,8.16,316,NW,8.94,0,0
12/13/2025 19:00,6.8,325,NW,8.94,0,0
12/13/2025 20:00,8.16,337,NNW,10.11,0,0
12/13/2025 21:00,6.61,345,NNW,10.89,0,0
12/13/2025 22:00,7.58,327,NNW,8.94,0,0
12/13/2025 23:00,9.33,337,NNW,11.47,0,0
12/14/2025 0:00,7.19,336,NNW,8.75,0,0
12/14/2025 1:00,8.55,337,NNW,11.66,0,0
12/14/2025 2:00,4.67,28,NNE,6.8,0,0
12/14/2025 3:00,1.75,330,NNW,5.05,0,0
12/14/2025 4:00,2.53,285,WNW,5.64,0,0
12/14/2025 5:00,10.89,307,NW,13.22,0,0
12/14/2025 6:00,4.08,350,N,6.41,0,0
12/14/2025 7:00,7.97,342,NNW,9.14,0,0
12/14/2025 8:00,6.41,358,N,9.33,0,0
12/14/2025 9:00,10.89,4,N,13.02,0,0
12/14/2025 10:00,10.5,3,N,12.64,0,0
12/14/2025 11:00,8.75,328,NNW,11.47,0,0
12/14/2025 12:00,10.69,332,NNW,14.19,0,0
12/14/2025 13:00,11.66,335,NNW,15.16,0,0
12/14/2025 14:00,9.91,331,NNW,12.25,0,0
12/14/2025 15:00,13.41,326,NW,15.55,0,0
12/14/2025 16:00,10.11,332,NNW,13.41,0,0
12/14/2025 17:00,10.11,346,NNW,12.64,0,0
12/14/2025 18:00,9.33,338,NNW,11.08,0,0
12/14/2025 19:00,7.39,339,NNW,8.94,0,0
12/14/2025 20:00,6.8,335,NNW,7.78,0,0
12/14/2025 21:00,8.16,343,NNW,10.11,0,0
12/14/2025 22:00,7.78,328,NNW,11.27,0,0
12/14/2025 23:00,8.75,335,NNW,10.5,0,0
12/15/2025 0:00,8.75,350,N,12.44,0,0
12/15/2025 1:00,7.19,347,NNW,10.3,0,0
12/15/2025 2:00,8.16,358,N,9.91,0,0
12/15/2025 3:00,4.47,358,N,9.91,0,0
12/15/2025 4:00,6.41,348,NNW,8.55,0,0
12/15/2025 5:00,7.97,337,NNW,10.3,0,0
12/15/2025 6:00,7.39,31,NNE,11.86,0,0
12/15/2025 7:00,6.8,0,N,10.89,0,0
12/15/2025 8:00,10.5,340,NNW,12.44,0,0
12/15/2025 9:00,8.94,348,NNW,10.69,0,0
12/15/2025 10:00,7.19,333,NNW,9.14,0,0
12/15/2025 11:00,9.33,336,NNW,11.47,0,0
12/15/2025 12:00,11.47,340,NNW,14.38,0,0
12/15/2025 13:00,10.89,345,NNW,14.58,0,0
12/15/2025 14:00,7.58,323,NW,8.75,0,0
12/15/2025 15:00,8.36,321,NW,10.69,0,0
12/15/2025 16:00,14.19,329,NNW,17.11,0,0
12/15/2025 17:00,7.78,329,NNW,9.72,0,0
12/15/2025 18:00,4.86,314,NW,5.83,0,0
12/15/2025 19:00,7.19,324,NW,8.16,0,0
12/15/2025 20:00,5.44,322,NW,7,0,0
12/15/2025 21:00,7.58,322,NW,9.33,0,0
12/15/2025 22:00,9.14,324,NW,10.11,0,0
12/15/2025 23:00,8.94,319,NW,9.52,0,0
12/16/2025 0:00,5.83,339,NNW,8.16,0,0
12/16/2025 1:00,5.05,335,NNW,6.41,0,0
12/16/2025 2:00,5.44,344,NNW,7.39,0,0
12/16/2025 3:00,4.08,332,NNW,4.86,0,0
12/16/2025 4:00,10.11,328,NNW,11.66,0,0
12/16/2025 5:00,7.19,327,NNW,8.16,0,0
12/16/2025 6:00,6.41,340,NNW,7.58,0,0
12/16/2025 7:00,7.78,16,NNE,12.25,0,0
12/16/2025 8:00,8.94,19,NNE,10.69,0,0
12/16/2025 9:00,8.75,329,NNW,10.3,0,0
12/16/2025 10:00,4.86,332,NNW,5.44,0,0
12/16/2025 11:00,7.39,332,NNW,8.36,0,0
12/16/2025 12:00,3.5,331,NNW,5.25,0,0
12/16/2025 13:00,6.22,310,NW,6.41,0,0
12/16/2025 14:00,9.14,324,NW,10.5,0,0
12/16/2025 15:00,7,320,NW,8.36,0,0
12/16/2025 16:00,5.83,294,WNW,7.39,0,0
12/16/2025 17:00,10.11,317,NW,11.08,0,0
12/16/2025 18:00,7.39,317,NW,9.14,0,0
12/16/2025 19:00,4.47,295,WNW,5.44,0,0
12/16/2025 20:00,7.19,325,NW,7.97,0,0
12/16/2025 21:00,3.3,335,NNW,3.69,0,0
12/16/2025 22:00,3.3,344,NNW,3.89,0,0
12/16/2025 23:00,0.78,76,ENE,1.36,0,0
12/17/2025 0:00,2.33,156,SSE,3.3,0,0
12/17/2025 1:00,0.39,59,ENE,1.17,0,0
12/17/2025 2:00,2.72,144,SE,5.64,0,0
12/17/2025 3:00,8.75,158,SSE,10.69,0,0
12/17/2025 4:00,6.03,148,SSE,10.11,0,0
12/17/2025 5:00,7.97,157,SSE,10.89,0,0
12/17/2025 6:00,7.58,169,S,16.72,0,0
12/17/2025 7:00,7.58,146,SE,11.27,0,0
12/17/2025 8:00,5.25,142,SE,9.91,0,0
12/17/2025 9:00,8.75,155,SSE,11.66,0,0
12/17/2025 10:00,6.61,151,SSE,9.14,0,0
12/17/2025 11:00,4.86,141,SE,6.03,0,0
12/17/2025 12:00,9.72,158,SSE,11.47,0,0
12/17/2025 13:00,4.86,153,SSE,7.97,0,0
12/17/2025 14:00,5.05,168,SSE,7.58,0,0
12/17/2025 15:00,1.75,147,SSE,4.86,0,0
12/17/2025 16:00,2.14,107,ESE,2.72,0,0
12/17/2025 17:00,5.64,334,NNW,6.41,0,0
12/17/2025 18:00,2.92,328,NNW,3.69,0,0
12/17/2025 19:00,3.69,325,NW,4.86,0,0
12/17/2025 20:00,1.36,132,SE,1.75,0,0
12/17/2025 21:00,0.78,124,SE,2.92,0,0
12/17/2025 22:00,3.69,330,NNW,4.67,0,0
12/17/2025 23:00,1.56,54,NE,4.47,0,0
12/18/2025 0:00,3.89,330,NNW,4.67,0,0
12/18/2025 1:00,2.72,22,NNE,3.69,0,0
12/18/2025 2:00,1.75,266,W,2.72,0,0
12/18/2025 3:00,4.28,352,N,5.44,0,0
12/18/2025 4:00,5.44,322,NW,6.03,0,0
12/18/2025 5:00,5.05,343,NNW,6.22,0,0
12/18/2025 6:00,2.53,166,SSE,2.92,0,0
12/18/2025 7:00,1.36,148,SSE,2.14,0,0
12/18/2025 8:00,1.56,131,SE,3.89,0,0
12/18/2025 9:00,0.78,136,SE,2.72,0,0
12/18/2025 10:00,1.17,142,SE,1.94,0,0
12/18/2025 11:00,2.33,192,SSW,2.72,0,0
12/18/2025 12:00,3.69,160,SSE,5.05,0,0
12/18/2025 13:00,2.53,197,SSW,3.3,0,0
12/18/2025 14:00,2.14,277,W,2.72,0,0
12/18/2025 15:00,4.86,316,NW,5.44,0,0
12/18/2025 16:00,3.89,285,WNW,4.67,0,0
12/18/2025 17:00,1.36,308,NW,2.53,0,0
12/18/2025 18:00,1.36,260,W,1.94,0,0
12/18/2025 19:00,0,240,WSW,1.94,0,0
12/18/2025 20:00,0.97,116,ESE,1.75,0,0
12/18/2025 21:00,1.17,129,SE,2.72,0,0
12/18/2025 22:00,4.08,163,SSE,5.44,0,0
12/18/2025 23:00,4.86,154,SSE,6.61,0,0
12/19/2025 0:00,7.58,156,SSE,9.91,0,0
12/19/2025 1:00,6.8,141,SE,8.75,0,0
12/19/2025 2:00,5.64,156,SSE,8.55,0,0
12/19/2025 3:00,3.89,150,SSE,7.78,0,0
12/19/2025 4:00,3.69,147,SSE,6.03,0,0
12/19/2025 5:00,6.22,160,SSE,7.39,0,0
12/19/2025 6:00,5.05,152,SSE,7.19,0,0
12/19/2025 7:00,7.78,168,SSE,10.5,0,0
12/19/2025 8:00,9.14,161,SSE,10.5,0,0
12/19/2025 9:00,5.64,156,SSE,8.36,0,0
12/19/2025 10:00,8.55,164,SSE,13.61,0,0
12/19/2025 11:00,9.91,164,SSE,14.19,0,0
12/19/2025 12:00,7.39,151,SSE,12.44,0,0
12/19/2025 13:00,9.33,191,S,13.8,0,0
12/19/2025 14:00,7.97,186,S,12.25,0,0
12/19/2025 15:00,9.14,184,S,13.02,0,0
12/19/2025 16:00,10.5,188,S,14.19,0,0
12/19/2025 17:00,5.25,156,SSE,7.78,0,0
12/19/2025 18:00,5.05,149,SSE,9.91,0,0
12/19/2025 19:00,8.16,159,SSE,10.89,0,0
12/19/2025 20:00,7.78,162,SSE,11.86,0,0
12/19/2025 21:00,8.16,163,SSE,9.72,0,0
12/19/2025 22:00,8.55,161,SSE,11.86,0,0
12/19/2025 23:00,7.97,165,SSE,10.5,0,0
12/20/2025 0:00,5.64,177,S,11.08,0,0
12/20/2025 1:00,6.61,165,SSE,8.36,0,0
12/20/2025 2:00,5.44,162,SSE,9.14,0,0
12/20/2025 3:00,5.05,158,SSE,7,0,0
12/20/2025 4:00,6.22,164,SSE,7.39,0,0
12/20/2025 5:00,2.53,175,S,3.69,0,0
12/20/2025 6:00,2.92,161,SSE,4.28,0,0
12/20/2025 7:00,3.11,170,S,4.86,0,0
12/20/2025 8:00,3.3,185,S,4.86,0,0
12/20/2025 9:00,3.11,210,SSW,4.47,0,0
12/20/2025 10:00,0.39,31,NNE,2.92,0,0
12/20/2025 11:00,0.78,163,SSE,1.94,0,0
12/20/2025 12:00,2.33,195,SSW,3.5,0,0
12/20/2025 13:00,1.94,227,SW,3.11,0,0
12/20/2025 14:00,0.97,179,S,2.14,0,0
12/20/2025 15:00,1.94,169,S,3.69,0,0
12/20/2025 16:00,3.3,172,S,5.05,0,0
12/20/2025 17:00,1.75,201,SSW,2.53,0,0
12/20/2025 18:00,0.58,128,SE,2.14,0,0
12/20/2025 19:00,2.92,156,SSE,3.5,0,0
12/20/2025 20:00,4.28,157,SSE,5.44,0,0
12/20/2025 21:00,3.5,177,S,6.61,0,0
12/20/2025 22:00,5.44,160,SSE,7.97,0,0
12/20/2025 23:00,6.8,171,S,9.33,0,0
12/21/2025 0:00,9.72,161,SSE,11.47,0,0
12/21/2025 1:00,7.78,168,SSE,10.89,0,0
12/21/2025 2:00,7,186,S,11.66,0,0
12/21/2025 3:00,8.16,182,S,13.41,0,0
12/21/2025 4:00,7.97,184,S,13.02,0,0
12/21/2025 5:00,6.8,171,S,12.05,0,0
12/21/2025 6:00,8.75,174,S,13.41,0,0
12/21/2025 7:00,10.3,168,SSE,16.13,0,0
12/21/2025 8:00,11.47,180,S,19.05,0,0
12/21/2025 9:00,11.27,165,SSE,19.24,0,0
12/21/2025 10:00,9.52,165,SSE,15.94,0,0
12/21/2025 11:00,9.72,181,S,16.72,0,0
12/21/2025 12:00,9.52,161,SSE,13.22,0,0
12/21/2025 13:00,8.16,151,SSE,13.8,0,0
12/21/2025 14:00,11.86,160,SSE,16.91,0,0
12/21/2025 15:00,7.19,170,S,11.08,0,0
12/21/2025 16:00,10.3,171,S,15.94,0,0
12/21/2025 17:00,13.41,177,S,22.16,0,0
12/21/2025 18:00,11.08,164,SSE,14.38,0,0
12/21/2025 19:00,14.38,161,SSE,17.88,0,0
12/21/2025 20:00,15.55,161,SSE,19.83,0,0
12/21/2025 21:00,13.61,156,SSE,16.91,0,0
12/21/2025 22:00,13.61,159,SSE,16.91,0,0
12/21/2025 23:00,13.41,158,SSE,16.91,0,0
12/22/2025 0:00,10.69,161,SSE,13.02,0,0
12/22/2025 1:00,10.89,164,SSE,18.66,0,0
12/22/2025 2:00,11.47,164,SSE,15.36,0,0
12/22/2025 3:00,11.27,156,SSE,14.58,0,0
12/22/2025 4:00,9.72,159,SSE,12.25,0,0
12/22/2025 5:00,7.97,141,SE,11.66,0,0
12/22/2025 6:00,4.47,147,SSE,7.97,0,0
12/22/2025 7:00,6.22,142,SE,10.3,0,0
12/22/2025 8:00,9.72,160,SSE,10.89,0,0
12/22/2025 9:00,10.11,155,SSE,13.8,0,0
12/22/2025 10:00,7.19,140,SE,11.47,0,0
12/22/2025 11:00,3.89,204,SSW,6.22,0,0
12/22/2025 12:00,3.69,178,S,6.41,0,0
12/22/2025 13:00,4.86,155,SSE,6.61,0,0
12/22/2025 14:00,4.86,171,S,6.8,0,0
12/22/2025 15:00,3.3,284,WNW,4.86,0,0
12/22/2025 16:00,1.94,313,NW,2.53,0,0
12/22/2025 17:00,0.78,6,N,1.56,0,0
12/22/2025 18:00,0,121,ESE,0.97,0,0
12/22/2025 19:00,2.92,327,NNW,3.5,0,0
12/22/2025 20:00,1.94,317,NW,2.33,0,0
12/22/2025 21:00,1.56,323,NW,2.14,0,0
12/22/2025 22:00,0,12,NNE,0.78,0,0
12/22/2025 23:00,1.75,107,ESE,2.33,0,0
12/23/2025 0:00,0.97,92,E,1.36,0,0
12/23/2025 1:00,0.39,52,NE,1.36,0,0
12/23/2025 2:00,0.39,142,SE,1.17,0,0
12/23/2025 3:00,1.75,141,SE,2.53,0,0
12/23/2025 4:00,1.75,177,S,3.5,0,0
12/23/2025 5:00,2.33,135,SE,4.28,0,0
12/23/2025 6:00,3.11,179,S,4.47,0,0
12/23/2025 7:00,5.05,162,SSE,6.22,0,0
12/23/2025 8:00,4.47,153,SSE,6.41,0,0
12/23/2025 9:00,4.86,180,S,6.8,0,0
12/23/2025 10:00,5.05,157,SSE,6.03,0,0
12/23/2025 11:00,3.69,150,SSE,6.8,0,0
12/23/2025 12:00,10.3,161,SSE,12.05,0,0
12/23/2025 13:00,7.39,167,SSE,9.52,0,0
12/23/2025 14:00,5.83,151,SSE,8.94,0,0
12/23/2025 15:00,9.52,158,SSE,11.27,0,0
12/23/2025 16:00,7.39,158,SSE,10.11,0,0
12/23/2025 17:00,3.69,177,S,5.83,0,0
12/23/2025 18:00,4.67,152,SSE,9.33,0,0
12/23/2025 19:00,1.94,131,SE,5.25,0,0
12/23/2025 20:00,1.17,167,SSE,1.75,0,0
12/23/2025 21:00,11.08,156,SSE,20.41,0,0
12/23/2025 22:00,9.33,152,SSE,20.41,0,0
12/23/2025 23:00,12.05,147,SSE,16.91,0,0
12/24/2025 0:00,13.22,147,SSE,19.83,0,0
12/24/2025 1:00,17.3,151,SSE,22.94,0,0
12/24/2025 2:00,11.86,146,SE,17.69,0,0
12/24/2025 3:00,15.16,165,SSE,18.66,0,0
12/24/2025 4:00,14.97,166,SSE,20.02,0,0
12/24/2025 5:00,8.94,212,SSW,17.69,0,0
12/24/2025 6:00,6.8,228,SW,12.83,0,0
12/24/2025 7:00,5.44,241,WSW,10.89,0,0
12/24/2025 8:00,3.89,331,NNW,5.44,0,0
12/24/2025 9:00,0,345,NNW,0.19,0,0
12/24/2025 10:00,2.72,165,SSE,3.11,0,0
12/24/2025 11:00,4.67,158,SSE,6.03,0,0
12/24/2025 12:00,2.92,152,SSE,4.86,0,0
12/24/2025 13:00,2.72,141,SE,4.86,0,0
12/24/2025 14:00,4.28,156,SSE,5.25,0,0
12/24/2025 15:00,2.33,190,S,4.86,0,0
12/24/2025 16:00,1.36,177,S,3.11,0,0
12/24/2025 17:00,9.14,160,SSE,11.47,0,0
12/24/2025 18:00,5.05,171,S,6.41,0,0
12/24/2025 19:00,12.64,159,SSE,24.1,0,0
12/24/2025 20:00,13.02,162,SSE,20.41,0,0
12/24/2025 21:00,10.5,167,SSE,17.49,0,0
12/24/2025 22:00,15.75,160,SSE,21.58,0,0
12/24/2025 23:00,16.72,160,SSE,24.3,0,0
12/25/2025 0:00,20.99,161,SSE,25.08,0,0
12/25/2025 1:00,21.97,159,SSE,29.74,0,0
12/25/2025 2:00,17.3,149,SSE,24.69,0,0
12/25/2025 3:00,17.88,159,SSE,24.1,0,0
12/25/2025 4:00,16.52,163,SSE,20.02,0,0
12/25/2025 5:00,7.78,178,S,14.19,0,0
12/25/2025 6:00,7.58,186,S,15.75,0,0
12/25/2025 7:00,9.33,165,SSE,15.36,0,0
12/25/2025 8:00,11.08,167,SSE,18.47,0,0
12/25/2025 9:00,10.11,168,SSE,15.36,0,0
12/25/2025 10:00,13.22,163,SSE,18.47,0,0
12/25/2025 11:00,12.25,160,SSE,19.24,0,0
12/25/2025 12:00,8.55,173,S,15.55,0,0
12/25/2025 13:00,15.36,157,SSE,20.02,0,0
12/25/2025 14:00,18.86,164,SSE,23.13,0,0
12/25/2025 15:00,12.25,172,S,17.49,0,0
12/25/2025 16:00,13.61,167,SSE,16.33,0,0
12/25/2025 17:00,18.27,159,SSE,21.77,0,0
12/25/2025 18:00,16.91,147,SSE,29.94,0,0
12/25/2025 19:00,13.61,181,S,20.02,0,0
12/25/2025 20:00,8.75,159,SSE,14.97,0,0
12/25/2025 21:00,14.97,177,S,20.6,0,0
12/25/2025 22:00,11.08,218,SW,19.44,0,0
12/25/2025 23:00,13.8,184,S,20.02,0,0
12/26/2025 0:00,9.72,206,SSW,15.36,0,0
12/26/2025 1:00,8.55,166,SSE,17.88,0,0
12/26/2025 2:00,11.66,166,SSE,15.94,0,0
12/26/2025 3:00,9.91,160,SSE,14.58,0,0
12/26/2025 4:00,9.52,160,SSE,14.77,0,0
12/26/2025 5:00,14.97,160,SSE,17.11,0,0
12/26/2025 6:00,9.72,160,SSE,14.97,0,0
12/26/2025 7:00,12.64,159,SSE,18.86,0,0
12/26/2025 8:00,13.02,159,SSE,16.91,0,0
12/26/2025 9:00,17.69,160,SSE,20.02,0,0
12/26/2025 10:00,16.52,159,SSE,21.77,0,0
12/26/2025 11:00,14.58,162,SSE,19.44,0,0
12/26/2025 12:00,13.02,164,SSE,23.33,0,0
12/26/2025 13:00,12.83,167,SSE,17.88,0,0
12/26/2025 14:00,14.58,164,SSE,21.58,0,0
12/26/2025 15:00,12.83,159,SSE,18.27,0,0
12/26/2025 16:00,3.3,297,WNW,7.97,0,0
12/26/2025 17:00,3.5,280,W,5.64,0,0
12/26/2025 18:00,4.08,275,W,7,0,0
12/26/2025 19:00,5.44,300,WNW,8.94,0,0
12/26/2025 20:00,7.19,297,WNW,10.5,0,0
12/26/2025 21:00,7.39,305,NW,9.33,0,0
12/26/2025 22:00,7.39,294,WNW,10.3,0,0
12/26/2025 23:00,4.08,288,WNW,6.41,0,0
12/27/2025 0:00,1.17,233,SW,2.53,0,0
12/27/2025 1:00,8.94,292,WNW,12.64,0,0
12/27/2025 2:00,8.94,302,WNW,12.05,0,0
12/27/2025 3:00,9.33,305,NW,12.83,0,0
12/27/2025 4:00,9.91,313,NW,12.64,0,0
12/27/2025 5:00,7.97,314,NW,11.08,0,0
12/27/2025 6:00,4.86,317,NW,6.8,0,0
12/27/2025 7:00,1.94,7,N,3.11,0,0
12/27/2025 8:00,2.53,334,NNW,3.11,0,0
12/27/2025 9:00,4.86,347,NNW,5.83,0,0
12/27/2025 10:00,6.03,355,N,7.78,0,0
12/27/2025 11:00,5.83,328,NNW,7.19,0,0
12/27/2025 12:00,4.67,351,N,7.39,0,0
12/27/2025 13:00,6.22,325,NW,7.78,0,0
12/27/2025 14:00,6.03,313,NW,7,0,0
12/27/2025 15:00,6.8,316,NW,7.97,0,0
12/27/2025 16:00,5.05,339,NNW,6.61,0,0
12/27/2025 17:00,2.14,81,E,2.92,0,0
12/27/2025 18:00,0.39,61,ENE,2.53,0,0
12/27/2025 19:00,2.72,319,NW,3.5,0,0
12/27/2025 20:00,4.08,309,NW,5.25,0,0
12/27/2025 21:00,3.3,305,NW,3.89,0,0
12/27/2025 22:00,3.11,308,NW,4.28,0,0
12/27/2025 23:00,2.92,336,NNW,3.89,0,0
12/28/2025 0:00,4.47,315,NW,4.86,0,0
12/28/2025 1:00,4.47,341,NNW,5.44,0,0
12/28/2025 2:00,1.56,359,N,3.3,0,0
12/28/2025 3:00,3.11,24,NNE,3.3,0,0
12/28/2025 4:00,4.28,324,NW,5.64,0,0
12/28/2025 5:00,4.86,317,NW,5.83,0,0
12/28/2025 6:00,5.44,342,NNW,6.41,0,0
12/28/2025 7:00,3.3,353,N,5.83,0,0
12/28/2025 8:00,2.53,345,NNW,4.28,0,0
12/28/2025 9:00,1.75,60,ENE,2.33,0,0
12/28/2025 10:00,2.72,282,WNW,3.5,0,0
12/28/2025 11:00,5.25,331,NNW,6.8,0,0
12/28/2025 12:00,3.69,284,WNW,4.67,0,0
12/28/2025 13:00,2.72,275,W,3.3,0,0
12/28/2025 14:00,1.75,249,WSW,2.53,0,0
12/28/2025 15:00,2.92,320,NW,4.47,0,0
12/28/2025 16:00,3.69,38,NE,5.64,0,0
12/28/2025 17:00,5.25,62,ENE,7,0,0
12/28/2025 18:00,4.28,65,ENE,6.8,0,0
12/28/2025 19:00,8.36,35,NE,10.3,0,0
12/28/2025 20:00,3.3,55,NE,6.03,0,0
12/28/2025 21:00,6.8,44,NE,10.3,0,0
12/28/2025 22:00,6.03,46,NE,8.94,0,0
12/28/2025 23:00,8.16,38,NE,11.08,0,0
12/29/2025 0:00,4.08,93,E,7.58,0,0
12/29/2025 1:00,14.38,44,NE,18.47,0,0
12/29/2025 2:00,8.55,44,NE,11.86,0,0
12/29/2025 3:00,5.44,30,NNE,7.97,0,0
12/29/2025 4:00,8.16,32,NNE,12.44,0,0
12/29/2025 5:00,6.8,43,NE,11.08,0,0
12/29/2025 6:00,5.05,37,NE,7.19,0,0
12/29/2025 7:00,4.67,69,ENE,8.75,0,0
12/29/2025 8:00,5.44,56,NE,8.55,0,0
12/29/2025 9:00,2.92,61,ENE,5.25,0,0
12/29/2025 10:00,3.11,79,E,6.61,0,0
12/29/2025 11:00,6.03,51,NE,9.33,0,0
12/29/2025 12:00,5.83,70,ENE,8.75,0,0
12/29/2025 13:00,6.8,49,NE,11.08,0,0
12/29/2025 14:00,2.14,109,ESE,5.25,0,0
12/29/2025 15:00,5.05,50,NE,7.78,0,0
12/29/2025 16:00,4.67,45,NE,7,0,0
12/29/2025 17:00,4.47,18,NNE,6.22,0,0
12/29/2025 18:00,4.08,18,NNE,6.03,0,0
12/29/2025 19:00,6.41,49,NE,8.16,0,0
12/29/2025 20:00,8.16,332,NNW,8.75,0,0
12/29/2025 21:00,7.39,335,NNW,8.16,0,0
12/29/2025 22:00,5.64,314,NW,7.19,0,0
12/29/2025 23:00,6.03,335,NNW,7.19,0,0
12/30/2025 0:00,10.11,348,NNW,11.86,0,0
12/30/2025 1:00,10.3,342,NNW,12.25,0,0
12/30/2025 2:00,11.08,336,NNW,13.61,0,0
12/30/2025 3:00,10.69,331,NNW,13.41,0,0
12/30/2025 4:00,10.69,325,NW,12.44,0,0
12/30/2025 5:00,9.52,315,NW,11.27,0,0
12/30/2025 6:00,10.69,345,NNW,16.13,0,0
12/30/2025 7:00,7,355,N,9.72,0,0
12/30/2025 8:00,7,40,NE,8.55,0,0
12/30/2025 9:00,7,36,NE,10.69,0,0
12/30/2025 10:00,7.58,41,NE,10.69,0,0
12/30/2025 11:00,5.64,47,NE,9.14,0,0
12/30/2025 12:00,14.38,21,NNE,18.47,0,0
12/30/2025 13:00,10.3,13,NNE,14.97,0,0
12/30/2025 14:00,7.58,11,N,9.52,0,0
12/30/2025 15:00,7,31,NNE,10.69,0,0
12/30/2025 16:00,7,355,N,9.52,0,0
12/30/2025 17:00,7,345,NNW,11.47,0,0
12/30/2025 18:00,6.8,30,NNE,10.5,0,0
12/30/2025 19:00,7.58,19,NNE,9.14,0,0
12/30/2025 20:00,6.22,21,NNE,10.11,0,0
12/30/2025 21:00,5.64,13,NNE,7.78,0,0
12/30/2025 22:00,5.05,349,N,6.22,0,0
12/30/2025 23:00,4.08,20,NNE,9.14,0,0
12/31/2025 0:00,6.8,20,NNE,7.78,0,0
12/31/2025 1:00,3.89,16,NNE,7.58,0,0
12/31/2025 2:00,7.19,357,N,10.69,0,0
12/31/2025 3:00,6.61,11,N,9.14,0,0
12/31/2025 4:00,6.41,339,NNW,7.58,0,0
12/31/2025 5:00,4.86,340,NNW,6.41,0,0
12/31/2025 6:00,5.64,333,NNW,8.16,0,0
12/31/2025 7:00,4.86,317,NW,6.8,0,0
12/31/2025 8:00,7,315,NW,7.78,0,0
12/31/2025 9:00,7.39,316,NW,8.55,0,0
12/31/2025 10:00,2.92,316,NW,4.86,0,0
12/31/2025 11:00,4.08,41,NE,4.86,0,0
12/31/2025 12:00,11.47,50,NE,15.94,0,0
12/31/2025 13:00,11.47,45,NE,17.88,0,0
12/31/2025 14:00,10.3,47,NE,14.19,0,0
12/31/2025 15:00,14.58,46,NE,18.66,0,0
12/31/2025 16:00,13.8,40,NE,18.27,0,0
12/31/2025 17:00,11.66,40,NE,16.33,0,0
12/31/2025 18:00,12.25,35,NE,15.16,0,0
12/31/2025 19:00,11.27,43,NE,15.36,0,0
12/31/2025 20:00,12.64,46,NE,16.72,0,0
12/31/2025 21:00,12.44,46,NE,15.36,0,0
12/31/2025 22:00,10.89,48,NE,16.13,0,0
12/31/2025 23:00,10.89,48,NE,13.41,0,0
1/1/2026 0:00,9.91,42,NE,12.44,0,0
1/1/2026 1:00,7,50,NE,10.11,0,0
1/1/2026 2:00,7.19,43,NE,12.05,0,0
1/1/2026 3:00,8.55,44,NE,12.05,0,0
1/1/2026 4:00,8.16,39,NE,12.25,0,0
1/1/2026 5:00,11.86,38,NE,15.94,0,0
1/1/2026 6:00,9.91,40,NE,13.41,0,0
1/1/2026 7:00,9.91,35,NE,11.47,0,0
1/1/2026 8:00,6.22,49,NE,9.72,0,0
1/1/2026 9:00,0,4,N,1.94,0,0
1/1/2026 10:00,1.17,191,S,1.75,0,0
1/1/2026 11:00,2.72,293,WNW,3.69,0,0
1/1/2026 12:00,2.14,164,SSE,2.53,0,0
1/1/2026 13:00,1.36,208,SSW,3.69,0,0
1/1/2026 14:00,1.36,135,SE,3.11,0,0
1/1/2026 15:00,3.69,155,SSE,5.44,0,0
1/1/2026 16:00,4.08,178,S,7,0,0
1/1/2026 17:00,5.64,159,SSE,7.39,0,0
1/1/2026 18:00,2.92,133,SE,4.28,0,0
1/1/2026 19:00,6.41,155,SSE,10.11,0,0
1/1/2026 20:00,6.61,150,SSE,10.5,0,0
1/1/2026 21:00,11.47,163,SSE,14.38,0,0
1/1/2026 22:00,12.25,156,SSE,16.13,0,0
1/1/2026 23:00,9.91,161,SSE,11.08,0,0
1/2/2026 0:00,8.16,161,SSE,9.33,0,0
1/2/2026 1:00,6.8,161,SSE,8.36,0,0
1/2/2026 2:00,4.28,156,SSE,6.03,0,0
1/2/2026 3:00,2.72,149,SSE,4.47,0,0
1/2/2026 4:00,3.89,136,SE,8.16,0,0
1/2/2026 5:00,6.61,156,SSE,7.97,0,0
1/2/2026 6:00,5.64,139,SE,7,0,0
1/2/2026 7:00,6.22,143,SE,8.36,0,0
1/2/2026 8:00,6.41,145,SE,9.52,0,0
1/2/2026 9:00,6.61,141,SE,8.75,0,0
1/2/2026 10:00,9.52,156,SSE,11.47,0,0
1/2/2026 11:00,9.52,160,SSE,11.47,0,0
1/2/2026 12:00,8.94,140,SE,12.05,0,0
1/2/2026 13:00,7.39,139,SE,9.91,0,0
1/2/2026 14:00,6.22,151,SSE,12.05,0,0
1/2/2026 15:00,5.83,142,SE,7.97,0,0
1/2/2026 16:00,11.08,157,SSE,14.38,0,0
1/2/2026 17:00,7.78,165,SSE,11.47,0,0
1/2/2026 18:00,4.86,192,SSW,7.58,0,0
1/2/2026 19:00,3.5,163,SSE,4.86,0,0
1/2/2026 20:00,9.91,157,SSE,12.64,0,0
1/2/2026 21:00,10.69,165,SSE,13.41,0,0
1/2/2026 22:00,16.33,161,SSE,22.55,0,0
1/2/2026 23:00,16.52,161,SSE,19.63,0,0
1/3/2026 0:00,19.83,160,SSE,22.94,0,0
1/3/2026 1:00,15.55,161,SSE,19.63,0,0
1/3/2026 2:00,12.44,166,SSE,15.94,0,0
1/3/2026 3:00,11.86,159,SSE,14.97,0,0
1/3/2026 4:00,11.08,161,SSE,13.8,0,0
1/3/2026 5:00,8.94,156,SSE,14.58,0,0
1/3/2026 6:00,9.72,156,SSE,13.41,0,0
1/3/2026 7:00,10.11,159,SSE,12.25,0,0
1/3/2026 8:00,12.44,160,SSE,15.94,0,0
1/3/2026 9:00,9.72,160,SSE,14,0,0
1/3/2026 10:00,9.91,168,SSE,20.8,0,0
1/3/2026 11:00,12.83,169,S,20.02,0,0
1/3/2026 12:00,10.5,175,S,19.83,0,0
1/3/2026 13:00,10.5,174,S,18.86,0,0
1/3/2026 14:00,11.66,179,S,19.44,0,0
1/3/2026 15:00,8.55,164,SSE,16.91,0,0
1/3/2026 16:00,8.16,168,SSE,14.58,0,0
1/3/2026 17:00,10.89,170,S,16.72,0,0
1/3/2026 18:00,8.36,167,SSE,15.16,0,0
1/3/2026 19:00,10.89,165,SSE,17.49,0,0
1/3/2026 20:00,11.86,171,S,17.49,0,0
1/3/2026 21:00,9.14,172,S,11.86,0,0
1/3/2026 22:00,11.27,159,SSE,16.33,0,0
1/3/2026 23:00,10.11,159,SSE,13.61,0,0
1/4/2026 0:00,12.44,162,SSE,18.66,0,0
1/4/2026 1:00,11.27,162,SSE,16.72,0,0
1/4/2026 2:00,12.44,158,SSE,17.11,0,0
1/4/2026 3:00,4.86,180,S,12.25,0,0
1/4/2026 4:00,8.55,163,SSE,11.08,0,0
1/4/2026 5:00,7.58,170,S,12.44,0,0
1/4/2026 6:00,5.05,163,SSE,9.72,0,0
1/4/2026 7:00,5.83,191,S,11.66,0,0
1/4/2026 8:00,3.69,140,SE,4.86,0,0
1/4/2026 9:00,6.61,165,SSE,7.97,0,0
1/4/2026 10:00,5.25,142,SE,8.16,0,0
1/4/2026 11:00,8.55,153,SSE,12.25,0,0
1/4/2026 12:00,5.83,141,SE,9.72,0,0
1/4/2026 13:00,4.47,163,SSE,6.8,0,0
1/4/2026 14:00,7.39,159,SSE,8.75,0,0
1/4/2026 15:00,3.11,199,SSW,5.83,0,0
1/4/2026 16:00,3.69,253,WSW,13.22,0,0
1/4/2026 17:00,2.33,237,WSW,3.11,0,0
1/4/2026 18:00,5.64,240,WSW,8.36,0,0
1/4/2026 19:00,2.72,191,S,4.67,0,0
1/4/2026 20:00,3.89,164,SSE,4.67,0,0
1/4/2026 21:00,4.67,142,SE,6.41,0,0
1/4/2026 22:00,5.83,140,SE,8.75,0,0
1/4/2026 23:00,6.03,148,SSE,9.52,0,0
1/5/2026 0:00,6.03,140,SE,8.94,0,0
1/5/2026 1:00,7.39,146,SE,9.91,0,0
1/5/2026 2:00,8.75,148,SSE,14.38,0,0
1/5/2026 3:00,10.89,140,SE,14,0,0
1/5/2026 4:00,10.5,145,SE,13.8,0,0
1/5/2026 5:00,9.33,142,SE,13.8,0,0
1/5/2026 6:00,8.16,147,SSE,15.55,0,0
1/5/2026 7:00,13.02,154,SSE,19.05,0,0
1/5/2026 8:00,10.5,150,SSE,20.6,0,0
1/5/2026 9:00,11.08,144,SE,20.02,0,0
1/5/2026 10:00,14.19,153,SSE,19.63,0,0
1/5/2026 11:00,13.22,149,SSE,20.02,0,0
1/5/2026 12:00,17.69,154,SSE,22.16,0,0
1/5/2026 13:00,14.38,153,SSE,22.55,0,0
1/5/2026 14:00,13.22,151,SSE,21.97,0,0
1/5/2026 15:00,15.94,157,SSE,20.02,0,0
1/5/2026 16:00,12.44,144,SE,17.3,0,0
1/5/2026 17:00,13.8,141,SE,19.05,0,0
1/5/2026 18:00,9.72,146,SE,15.36,0,0
1/5/2026 19:00,11.66,140,SE,16.13,0,0
1/5/2026 20:00,4.47,138,SE,8.94,0,0
1/5/2026 21:00,4.86,135,SE,12.05,0,0
1/5/2026 22:00,5.83,141,SE,9.72,0,0
1/5/2026 23:00,1.17,112,ESE,1.94,0,0
1/6/2026 0:00,1.36,41,NE,2.33,0,0
1/6/2026 1:00,5.44,141,SE,8.36,0,0
1/6/2026 2:00,2.33,113,ESE,4.08,0,0
1/6/2026 3:00,1.75,79,E,4.28,0,0
1/6/2026 4:00,10.3,26,NNE,12.25,0,0
1/6/2026 5:00,4.67,57,ENE,7.19,0,0
1/6/2026 6:00,4.08,51,NE,7,0,0
1/6/2026 7:00,7.39,46,NE,8.94,0,0
1/6/2026 8:00,6.8,49,NE,8.94,0,0
1/6/2026 9:00,1.75,55,NE,2.92,0,0
1/6/2026 10:00,7,38,NE,8.55,0,0
1/6/2026 11:00,10.11,27,NNE,13.61,0,0
1/6/2026 12:00,7.19,36,NE,10.5,0,0
1/6/2026 13:00,6.41,321,NW,7,0,0
1/6/2026 14:00,1.17,355,N,3.69,0,0
1/6/2026 15:00,7.97,349,N,9.91,0,0
1/6/2026 16:00,3.5,324,NW,4.86,0,0
1/6/2026 17:00,5.83,329,NNW,6.41,0,0
1/6/2026 18:00,2.53,313,NW,3.3,0,0
1/6/2026 19:00,3.69,271,W,5.44,0,0
1/6/2026 20:00,5.44,325,NW,6.03,0,0
1/6/2026 21:00,3.3,328,NNW,4.47,0,0
1/6/2026 22:00,0.39,305,NW,1.17,0,0
1/6/2026 23:00,4.67,316,NW,5.83,0,0
1/7/2026 0:00,4.67,327,NNW,5.44,0,0
1/7/2026 1:00,3.11,332,NNW,4.28,0,0
1/7/2026 2:00,1.17,20,NNE,1.75,0,0
1/7/2026 3:00,3.89,140,SE,5.83,0,0
1/7/2026 4:00,4.08,162,SSE,6.03,0,0
1/7/2026 5:00,2.33,290,WNW,3.3,0,0
1/7/2026 6:00,3.89,287,WNW,5.25,0,0
1/7/2026 7:00,0.78,284,WNW,1.36,0,0
1/7/2026 8:00,8.16,313,NW,11.27,0,0
1/7/2026 9:00,9.14,311,NW,11.27,0,0
1/7/2026 10:00,5.64,287,WNW,6.8,0,0
1/7/2026 11:00,4.47,290,WNW,7,0,0
1/7/2026 12:00,1.94,274,W,3.11,0,0
1/7/2026 13:00,4.86,286,WNW,7.97,0,0
1/7/2026 14:00,7,301,WNW,13.61,0,0
1/7/2026 15:00,7.39,309,NW,12.25,0,0
1/7/2026 16:00,13.61,295,WNW,17.49,0,0
1/7/2026 17:00,9.91,295,WNW,15.55,0,0
1/7/2026 18:00,11.66,287,WNW,16.91,0,0
1/7/2026 19:00,3.5,295,WNW,6.61,0,0
1/7/2026 20:00,4.28,249,WSW,6.03,0,0
1/7/2026 21:00,2.33,255,WSW,4.47,0,0
1/7/2026 22:00,6.61,286,WNW,10.89,0,0
1/7/2026 23:00,9.14,290,WNW,13.41,0,0
1/8/2026 0:00,13.41,307,NW,18.27,0,0
1/8/2026 1:00,15.16,309,NW,18.66,0,0
1/8/2026 2:00,9.72,319,NW,14.19,0,0
1/8/2026 3:00,7.78,312,NW,10.89,0,0
1/8/2026 4:00,8.36,332,NNW,10.5,0,0
1/8/2026 5:00,13.61,330,NNW,16.91,0,0
1/8/2026 6:00,10.89,324,NW,13.8,0,0
1/8/2026 7:00,10.89,320,NW,14.38,0,0
1/8/2026 8:00,10.89,332,NNW,15.75,0,0
1/8/2026 9:00,11.66,327,NNW,14.77,0,0
1/8/2026 10:00,8.16,338,NNW,10.5,0,0
1/8/2026 11:00,8.16,345,NNW,11.66,0,0
1/8/2026 12:00,8.36,354,N,10.3,0,0
1/8/2026 13:00,9.33,333,NNW,11.47,0,0
1/8/2026 14:00,9.14,321,NW,10.69,0,0
1/8/2026 15:00,9.33,333,NNW,10.69,0,0
1/8/2026 16:00,12.25,1,N,18.27,0,0
1/8/2026 17:00,10.3,356,N,11.66,0,0
1/8/2026 18:00,11.66,352,N,16.91,0,0
1/8/2026 19:00,8.75,350,N,12.83,0,0
1/8/2026 20:00,13.22,343,NNW,17.88,0,0
1/8/2026 21:00,15.55,348,NNW,19.44,0,0
1/8/2026 22:00,9.91,343,NNW,11.66,0,0
1/8/2026 23:00,14.19,349,N,16.13,0,0
1/9/2026 0:00,8.36,1,N,11.86,0,0
1/9/2026 1:00,7,4,N,8.55,0,0
1/9/2026 2:00,6.41,347,NNW,10.11,0,0
1/9/2026 3:00,3.89,3,N,5.83,0,0
1/9/2026 4:00,2.53,66,ENE,3.5,0,0
1/9/2026 5:00,3.89,344,NNW,4.28,0,0
1/9/2026 6:00,1.36,299,WNW,2.14,0,0
1/9/2026 7:00,1.36,56,NE,3.5,0,0
1/9/2026 8:00,6.03,338,NNW,6.8,0,0
1/9/2026 9:00,1.56,321,NW,1.94,0,0
1/9/2026 10:00,1.94,293,WNW,3.11,0,0
1/9/2026 11:00,7.19,53,NE,10.11,0,0
1/9/2026 12:00,7.58,56,NE,10.89,0,0
1/9/2026 13:00,9.72,85,E,14.58,0,0
1/9/2026 14:00,7,66,ENE,9.91,0,0
1/9/2026 15:00,3.5,81,E,7.39,0,0
1/9/2026 16:00,5.83,37,NE,7.97,0,0
1/9/2026 17:00,3.11,54,NE,7.19,0,0
1/9/2026 18:00,3.89,48,NE,5.83,0,0
1/9/2026 19:00,3.69,63,ENE,4.67,0,0
1/9/2026 20:00,4.67,309,NW,5.25,0,0
1/9/2026 21:00,8.55,337,NNW,9.33,0,0
1/9/2026 22:00,8.94,8,N,10.89,0,0
1/9/2026 23:00,6.22,343,NNW,9.14,0,0
1/10/2026 0:00,5.64,344,NNW,8.16,0,0
1/10/2026 1:00,8.75,346,NNW,9.91,0,0
1/10/2026 2:00,8.75,343,NNW,11.47,0,0
1/10/2026 3:00,9.91,350,N,13.8,0,0
1/10/2026 4:00,9.72,14,NNE,12.25,0,0
1/10/2026 5:00,9.33,1,N,13.8,0,0
1/10/2026 6:00,7.97,355,N,12.64,0,0
1/10/2026 7:00,7.58,19,NNE,9.52,0,0
1/10/2026 8:00,6.8,350,N,8.94,0,0
1/10/2026 9:00,7.19,349,N,10.11,0,0
1/10/2026 10:00,7.97,345,NNW,10.5,0,0
1/10/2026 11:00,11.08,41,NE,14.19,0,0
1/10/2026 12:00,8.36,57,ENE,13.8,0,0
1/10/2026 13:00,7.58,41,NE,11.27,0,0
1/10/2026 14:00,5.05,57,ENE,8.55,0,0
1/10/2026 15:00,4.86,55,NE,8.36,0,0
1/10/2026 16:00,8.94,38,NE,10.69,0,0
1/10/2026 17:00,7,49,NE,9.14,0,0
1/10/2026 18:00,5.44,47,NE,7.58,0,0
1/10/2026 19:00,4.28,67,ENE,7.19,0,0
1/10/2026 20:00,4.47,66,ENE,6.61,0,0
1/10/2026 21:00,4.86,335,NNW,7,0,0
1/10/2026 22:00,5.64,315,NW,6.8,0,0
1/10/2026 23:00,7,323,NW,8.36,0,0
1/11/2026 0:00,6.41,327,NNW,7.39,0,0
1/11/2026 1:00,9.52,320,NW,10.89,0,0
1/11/2026 2:00,8.75,326,NW,9.52,0,0
1/11/2026 3:00,7.97,323,NW,9.14,0,0
1/11/2026 4:00,10.11,327,NNW,11.08,0,0
1/11/2026 5:00,8.16,333,NNW,9.33,0,0
1/11/2026 6:00,8.16,326,NW,10.89,0,0
1/11/2026 7:00,7.78,321,NW,10.11,0,0
1/11/2026 8:00,9.72,322,NW,11.66,0,0
1/11/2026 9:00,9.52,320,NW,11.47,0,0
1/11/2026 10:00,9.14,320,NW,11.08,0,0
1/11/2026 11:00,7,327,NNW,8.55,0,0
1/11/2026 12:00,5.25,320,NW,6.8,0,0
1/11/2026 13:00,8.36,317,NW,9.52,0,0
1/11/2026 14:00,7.39,360,N,9.33,0,0
1/11/2026 15:00,9.52,350,N,11.27,0,0
1/11/2026 16:00,6.03,3,N,7.39,0,0
1/11/2026 17:00,5.64,298,WNW,6.41,0,0
1/11/2026 18:00,6.22,317,NW,7,0,0
1/11/2026 19:00,4.47,320,NW,5.44,0,0
1/11/2026 20:00,3.3,331,NNW,4.08,0,0
1/11/2026 21:00,3.89,334,NNW,4.47,0,0
1/11/2026 22:00,5.44,330,NNW,5.64,0,0
1/11/2026 23:00,7.19,318,NW,8.16,0,0
1/12/2026 0:00,7.19,311,NW,8.16,0,0
1/12/2026 1:00,2.92,308,NW,3.69,0,0
1/12/2026 2:00,0.97,83,E,1.56,0,0
1/12/2026 3:00,4.28,345,NNW,6.8,0,0
1/12/2026 4:00,10.69,331,NNW,12.25,0,0
1/12/2026 5:00,8.16,333,NNW,10.69,0,0
1/12/2026 6:00,9.52,325,NW,10.89,0,0
1/12/2026 7:00,10.89,332,NNW,12.25,0,0
1/12/2026 8:00,8.55,331,NNW,11.47,0,0
1/12/2026 9:00,9.33,325,NW,11.66,0,0
1/12/2026 10:00,5.44,2,N,7.97,0,0
1/12/2026 11:00,9.72,330,NNW,10.89,0,0
1/12/2026 12:00,7,61,ENE,12.25,0,0
1/12/2026 13:00,14.38,38,NE,17.11,0,0
1/12/2026 14:00,6.03,67,ENE,12.05,0,0
1/12/2026 15:00,9.33,49,NE,13.61,0,0
1/12/2026 16:00,6.22,48,NE,10.11,0,0
1/12/2026 17:00,1.56,133,SE,3.89,0,0
1/12/2026 18:00,8.75,3,N,10.69,0,0
1/12/2026 19:00,7,329,NNW,9.14,0,0
1/12/2026 20:00,6.03,333,NNW,7.39,0,0
1/12/2026 21:00,7.58,321,NW,8.75,0,0
1/12/2026 22:00,6.61,334,NNW,7,0,0
1/12/2026 23:00,7.58,349,N,8.94,0,0
1/13/2026 0:00,7.19,359,N,8.36,0,0
1/13/2026 1:00,7.58,339,NNW,9.33,0,0
1/13/2026 2:00,10.5,336,NNW,11.47,0,0
1/13/2026 3:00,9.33,312,NW,12.25,0,0
1/13/2026 4:00,10.69,320,NW,13.02,0,0
1/13/2026 5:00,10.69,312,NW,14,0,0
1/13/2026 6:00,9.72,335,NNW,12.64,0,0
1/13/2026 7:00,6.8,340,NNW,7.58,0,0
1/13/2026 8:00,7.97,339,NNW,8.94,0,0
1/13/2026 9:00,7.58,337,NNW,8.94,0,0
1/13/2026 10:00,9.33,321,NW,10.5,0,0
1/13/2026 11:00,12.05,329,NNW,12.83,0,0
1/13/2026 12:00,12.05,318,NW,13.02,0,0
1/13/2026 13:00,11.27,321,NW,12.44,0,0
1/13/2026 14:00,8.36,40,NE,12.05,0,0
1/13/2026 15:00,9.72,314,NW,11.47,0,0
1/13/2026 16:00,8.55,320,NW,10.5,0,0
1/13/2026 17:00,5.44,342,NNW,6.61,0,0
1/13/2026 18:00,4.28,321,NW,4.86,0,0
1/13/2026 19:00,9.72,317,NW,11.08,0,0
1/13/2026 20:00,5.64,318,NW,6.41,0,0
1/13/2026 21:00,4.08,305,NW,5.83,0,0
1/13/2026 22:00,7.39,330,NNW,8.16,0,0
1/13/2026 23:00,12.05,331,NNW,13.02,0,0
1/14/2026 0:00,8.55,353,N,9.91,0,0
1/14/2026 1:00,0.78,141,SE,3.3,0,0
1/14/2026 2:00,7.39,314,NW,8.55,0,0
1/14/2026 3:00,8.36,325,NW,9.14,0,0
1/14/2026 4:00,11.08,325,NW,12.44,0,0
1/14/2026 5:00,6.61,339,NNW,8.55,0,0
1/14/2026 6:00,8.55,343,NNW,10.89,0,0
1/14/2026 7:00,7.78,336,NNW,9.14,0,0
1/14/2026 8:00,8.75,353,N,11.66,0,0
1/14/2026 9:00,12.83,346,NNW,15.36,0,0
1/14/2026 10:00,12.25,334,NNW,13.61,0,0
1/14/2026 11:00,10.5,334,NNW,12.25,0,0
1/14/2026 12:00,7.78,347,NNW,10.3,0,0
1/14/2026 13:00,13.61,320,NW,15.75,0,0
1/14/2026 14:00,6.22,25,NNE,9.52,0,0
1/14/2026 15:00,7.39,324,NW,10.69,0,0
1/14/2026 16:00,7.58,346,NNW,9.14,0,0
1/14/2026 17:00,6.22,342,NNW,7.97,0,0
1/14/2026 18:00,9.91,318,NW,10.89,0,0
1/14/2026 19:00,10.5,329,NNW,12.05,0,0
1/14/2026 20:00,7.97,328,NNW,9.52,0,0
1/14/2026 21:00,8.36,333,NNW,9.91,0,0
1/14/2026 22:00,10.5,323,NW,12.83,0,0
1/14/2026 23:00,12.05,320,NW,13.61,0,0
1/15/2026 0:00,6.03,24,NNE,7.97,0,0
1/15/2026 1:00,11.08,328,NNW,13.02,0,0
1/15/2026 2:00,7.78,358,N,11.08,0,0
1/15/2026 3:00,6.8,6,N,8.55,0,0
1/15/2026 4:00,11.08,323,NW,12.83,0,0
1/15/2026 5:00,6.8,13,NNE,9.91,0,0
1/15/2026 6:00,9.52,354,N,13.22,0,0
1/15/2026 7:00,7.78,352,N,10.69,0,0
1/15/2026 8:00,5.64,359,N,8.75,0,0
1/15/2026 9:00,4.67,327,NNW,10.89,0,0
1/15/2026 10:00,8.75,310,NW,12.05,0,0
1/15/2026 11:00,7.39,30,NNE,11.66,0,0
1/15/2026 12:00,7.78,54,NE,14.97,0,0
1/15/2026 13:00,7.78,53,NE,13.22,0,0
1/15/2026 14:00,8.16,67,ENE,11.27,0,0
1/15/2026 15:00,1.17,199,SSW,1.94,0,0
1/15/2026 16:00,0,125,SE,1.56,0,0
1/15/2026 17:00,4.86,40,NE,6.22,0,0
1/15/2026 18:00,6.03,331,NNW,7.19,0,0
1/15/2026 19:00,2.53,340,NNW,3.3,0,0
1/15/2026 20:00,1.56,306,NW,2.53,0,0
1/15/2026 21:00,1.17,6,N,1.56,0,0
1/15/2026 22:00,2.33,310,NW,3.3,0,0
1/15/2026 23:00,2.72,277,W,3.5,0,0
1/16/2026 0:00,3.5,319,NW,4.67,0,0
1/16/2026 1:00,1.94,319,NW,4.47,0,0
1/16/2026 2:00,2.92,318,NW,3.5,0,0
1/16/2026 3:00,0.39,161,SSE,0.97,0,0
1/16/2026 4:00,6.61,339,NNW,7.78,0,0
1/16/2026 5:00,6.61,330,NNW,7.78,0,0
1/16/2026 6:00,6.41,324,NW,8.75,0,0
1/16/2026 7:00,7.39,323,NW,9.14,0,0
1/16/2026 8:00,7.39,316,NW,9.14,0,0
1/16/2026 9:00,8.16,318,NW,9.33,0,0
1/16/2026 10:00,7.39,312,NW,8.75,0,0
1/16/2026 11:00,5.83,47,NE,11.08,0,0
1/16/2026 12:00,4.67,51,NE,8.75,0,0
1/16/2026 13:00,1.75,180,S,3.5,0,0
1/16/2026 14:00,3.69,277,W,4.08,0,0
1/16/2026 15:00,6.41,35,NE,8.36,0,0
1/16/2026 16:00,9.72,313,NW,11.47,0,0
1/16/2026 17:00,9.52,332,NNW,10.5,0,0
1/16/2026 18:00,7.58,327,NNW,8.75,0,0
1/16/2026 19:00,7.39,320,NW,9.52,0,0
1/16/2026 20:00,2.53,277,W,5.44,0,0
1/16/2026 21:00,3.3,268,W,4.47,0,0
1/16/2026 22:00,5.05,324,NW,5.64,0,0
1/16/2026 23:00,6.8,319,NW,7.78,0,0
1/17/2026 0:00,3.69,322,NW,6.22,0,0
1/17/2026 1:00,5.64,329,NNW,6.8,0,0
1/17/2026 2:00,7.39,326,NW,9.72,0,0
1/17/2026 3:00,5.44,309,NW,6.61,0,0
1/17/2026 4:00,10.69,323,NW,12.05,0,0
1/17/2026 5:00,10.11,315,NW,11.66,0,0
1/17/2026 6:00,10.11,320,NW,12.05,0,0
1/17/2026 7:00,8.94,322,NW,11.66,0,0
1/17/2026 8:00,3.89,296,WNW,8.75,0,0
1/17/2026 9:00,11.66,319,NW,12.83,0,0
1/17/2026 10:00,9.91,318,NW,12.25,0,0
1/17/2026 11:00,11.47,319,NW,13.61,0,0
1/17/2026 12:00,10.3,325,NW,12.05,0,0
1/17/2026 13:00,6.03,346,NNW,10.5,0,0
1/17/2026 14:00,10.5,45,NE,15.16,0,0
1/17/2026 15:00,9.14,37,NE,11.08,0,0
1/17/2026 16:00,2.33,65,ENE,6.03,0,0
1/17/2026 17:00,7.78,330,NNW,9.52,0,0
1/17/2026 18:00,7.78,315,NW,8.94,0,0
1/17/2026 19:00,7.97,325,NW,8.36,0,0
1/17/2026 20:00,8.55,320,NW,9.72,0,0
1/17/2026 21:00,8.55,324,NW,9.91,0,0
1/17/2026 22:00,8.55,335,NNW,10.3,0,0
1/17/2026 23:00,8.36,333,NNW,10.69,0,0
1/18/2026 0:00,8.75,332,NNW,10.69,0,0
1/18/2026 1:00,10.5,330,NNW,11.47,0,0
1/18/2026 2:00,9.91,316,NW,11.27,0,0
1/18/2026 3:00,11.08,321,NW,12.83,0,0
1/18/2026 4:00,11.86,329,NNW,14,0,0
1/18/2026 5:00,7.97,332,NNW,10.69,0,0
1/18/2026 6:00,7,324,NW,8.75,0,0
1/18/2026 7:00,8.94,322,NW,10.69,0,0
1/18/2026 8:00,10.5,316,NW,11.66,0,0
1/18/2026 9:00,10.69,312,NW,13.61,0,0
1/18/2026 10:00,11.27,317,NW,14.58,0,0
1/18/2026 11:00,5.64,35,NE,7.39,0,0
1/18/2026 12:00,10.89,42,NE,14.19,0,0
1/18/2026 13:00,9.91,45,NE,14,0,0
1/18/2026 14:00,10.5,42,NE,14.97,0,0
1/18/2026 15:00,8.55,347,NNW,9.91,0,0
1/18/2026 16:00,7.58,35,NE,9.52,0,0
1/18/2026 17:00,7.78,317,NW,8.94,0,0
1/18/2026 18:00,8.55,335,NNW,9.72,0,0
1/18/2026 19:00,6.8,330,NNW,7.97,0,0
1/18/2026 20:00,8.36,327,NNW,9.72,0,0
1/18/2026 21:00,8.75,342,NNW,10.11,0,0
1/18/2026 22:00,4.67,323,NW,7.58,0,0
1/18/2026 23:00,6.8,330,NNW,7.39,0,0
1/19/2026 0:00,7.19,333,NNW,8.16,0,0
1/19/2026 1:00,6.61,322,NW,7.39,0,0
1/19/2026 2:00,0.58,137,SE,1.94,0,0
1/19/2026 3:00,0,116,ESE,1.36,0,0
1/19/2026 4:00,6.61,323,NW,7.97,0,0
1/19/2026 5:00,11.47,330,NNW,12.44,0,0
1/19/2026 6:00,8.94,336,NNW,11.66,0,0
1/19/2026 7:00,9.72,342,NNW,11.27,0,0
1/19/2026 8:00,9.14,325,NW,10.3,0,0
1/19/2026 9:00,9.33,323,NW,10.69,0,0
1/19/2026 10:00,8.94,328,NNW,12.64,0,0
1/19/2026 11:00,9.33,344,NNW,11.47,0,0
1/19/2026 12:00,12.44,335,NNW,14.38,0,0
1/19/2026 13:00,10.69,320,NW,11.27,0,0
1/19/2026 14:00,10.11,326,NW,11.47,0,0
1/19/2026 15:00,7.39,312,NW,8.16,0,0
1/19/2026 16:00,7.39,316,NW,8.94,0,0
1/19/2026 17:00,0.39,264,W,2.14,0,0
1/19/2026 18:00,8.94,318,NW,9.52,0,0
1/19/2026 19:00,8.16,319,NW,9.14,0,0
1/19/2026 20:00,3.5,311,NW,4.67,0,0
1/19/2026 21:00,4.28,311,NW,5.25,0,0
1/19/2026 22:00,7.78,321,NW,9.33,0,0
1/19/2026 23:00,9.72,322,NW,11.08,0,0
1/20/2026 0:00,5.05,336,NNW,7.58,0,0
1/20/2026 1:00,10.11,325,NW,11.47,0,0
1/20/2026 2:00,8.55,327,NNW,11.66,0,0
1/20/2026 3:00,13.02,330,NNW,14.77,0,0
1/20/2026 4:00,9.14,343,NNW,9.91,0,0
1/20/2026 5:00,9.72,308,NW,11.27,0,0
1/20/2026 6:00,10.5,338,NNW,14.38,0,0
1/20/2026 7:00,8.36,354,N,10.89,0,0
1/20/2026 8:00,10.69,19,NNE,12.64,0,0
1/20/2026 9:00,6.41,334,NNW,8.16,0,0
1/20/2026 10:00,10.5,327,NNW,12.44,0,0
1/20/2026 11:00,12.25,323,NW,14.77,0,0
1/20/2026 12:00,10.3,322,NW,12.83,0,0
1/20/2026 13:00,11.08,329,NNW,12.64,0,0
1/20/2026 14:00,7.97,310,NW,10.89,0,0
1/20/2026 15:00,11.86,326,NW,14,0,0
1/20/2026 16:00,6.8,331,NNW,10.11,0,0
1/20/2026 17:00,9.52,326,NW,10.89,0,0
1/20/2026 18:00,7.19,318,NW,9.52,0,0
1/20/2026 19:00,7.58,321,NW,8.55,0,0
1/20/2026 20:00,11.08,318,NW,12.05,0,0
1/20/2026 21:00,7.97,328,NNW,9.91,0,0
1/20/2026 22:00,10.3,329,NNW,13.22,0,0
1/20/2026 23:00,10.89,333,NNW,11.86,0,0
1/21/2026 0:00,8.36,331,NNW,10.3,0,0
1/21/2026 1:00,8.94,332,NNW,12.05,0,0
1/21/2026 2:00,6.03,339,NNW,7.19,0,0
1/21/2026 3:00,10.11,349,N,12.05,0,0
1/21/2026 4:00,10.5,339,NNW,12.44,0,0
1/21/2026 5:00,7.39,325,NW,8.75,0,0
1/21/2026 6:00,5.83,319,NW,6.41,0,0
1/21/2026 7:00,7.58,341,NNW,9.72,0,0
1/21/2026 8:00,8.75,337,NNW,11.08,0,0
1/21/2026 9:00,9.91,324,NW,12.25,0,0
1/21/2026 10:00,9.72,359,N,11.47,0,0
1/21/2026 11:00,12.64,337,NNW,14.38,0,0
1/21/2026 12:00,7.78,319,NW,8.55,0,0
1/21/2026 13:00,11.86,324,NW,13.41,0,0
1/21/2026 14:00,7.39,318,NW,9.52,0,0
1/21/2026 15:00,5.05,320,NW,7,0,0
1/21/2026 16:00,10.3,324,NW,11.08,0,0
1/21/2026 17:00,9.72,327,NNW,11.66,0,0
1/21/2026 18:00,6.22,297,WNW,11.27,0,0
1/21/2026 19:00,6.61,320,NW,8.36,0,0
1/21/2026 20:00,9.14,328,NNW,10.3,0,0
1/21/2026 21:00,8.16,327,NNW,9.72,0,0
1/21/2026 22:00,4.47,329,NNW,5.64,0,0
1/21/2026 23:00,4.86,312,NW,5.44,0,0
1/22/2026 0:00,6.22,330,NNW,7.19,0,0
1/22/2026 1:00,3.89,54,NE,6.61,0,0
1/22/2026 2:00,4.28,287,WNW,6.22,0,0
1/22/2026 3:00,8.55,338,NNW,12.05,0,0
1/22/2026 4:00,5.64,342,NNW,8.94,0,0
1/22/2026 5:00,4.28,337,NNW,5.25,0,0
1/22/2026 6:00,1.17,162,SSE,1.75,0,0
1/22/2026 7:00,2.53,233,SW,3.5,0,0
1/22/2026 8:00,0.78,352,N,1.56,0,0
1/22/2026 9:00,2.33,315,NW,2.92,0,0
1/22/2026 10:00,1.75,178,S,2.53,0,0
1/22/2026 11:00,3.11,155,SSE,4.08,0,0
1/22/2026 12:00,3.5,146,SE,5.44,0,0
1/22/2026 13:00,4.47,149,SSE,7.19,0,0
1/22/2026 14:00,7.39,154,SSE,9.52,0,0
1/22/2026 15:00,6.61,158,SSE,7.58,0,0
1/22/2026 16:00,0.97,236,SW,3.5,0,0
1/22/2026 17:00,3.89,162,SSE,4.28,0,0
1/22/2026 18:00,1.56,3,N,2.14,0,0
1/22/2026 19:00,3.5,343,NNW,4.86,0,0
1/22/2026 20:00,2.72,75,ENE,5.44,0,0
1/22/2026 21:00,2.72,3,N,4.86,0,0
1/22/2026 22:00,1.36,50,NE,2.72,0,0
1/22/2026 23:00,2.14,359,N,3.11,0,0
1/23/2026 0:00,0,1,N,1.17,0,0
1/23/2026 1:00,1.56,278,W,2.53,0,0
1/23/2026 2:00,0.97,117,ESE,1.56,0,0
1/23/2026 3:00,5.64,308,NW,6.61,0,0
1/23/2026 4:00,3.11,310,NW,3.69,0,0
1/23/2026 5:00,4.47,311,NW,5.05,0,0
1/23/2026 6:00,4.86,315,NW,5.64,0,0
1/23/2026 7:00,3.5,319,NW,4.28,0,0
1/23/2026 8:00,5.44,324,NW,6.03,0,0
1/23/2026 9:00,4.86,328,NNW,7.58,0,0
1/23/2026 10:00,5.05,326,NW,5.83,0,0
1/23/2026 11:00,4.67,331,NNW,5.83,0,0
1/23/2026 12:00,5.25,311,NW,6.22,0,0
1/23/2026 13:00,5.83,324,NW,6.8,0,0
1/23/2026 14:00,3.5,334,NNW,4.86,0,0
1/23/2026 15:00,5.64,331,NNW,6.41,0,0
1/23/2026 16:00,4.67,320,NW,5.05,0,0
1/23/2026 17:00,3.89,323,NW,4.28,0,0
1/23/2026 18:00,2.14,324,NW,2.53,0,0
1/23/2026 19:00,0.19,340,NNW,0.78,0,0
1/23/2026 20:00,3.69,323,NW,4.08,0,0
1/23/2026 21:00,0,6,N,0.39,0,0
1/23/2026 22:00,1.75,3,N,2.53,0,0
1/23/2026 23:00,3.69,326,NW,4.47,0,0
1/24/2026 0:00,3.5,342,NNW,4.67,0,0
1/24/2026 1:00,4.67,335,NNW,5.64,0,0
1/24/2026 2:00,4.28,48,NE,7.39,0,0
1/24/2026 3:00,3.69,59,ENE,7.19,0,0
1/24/2026 4:00,2.72,52,NE,5.05,0,0
1/24/2026 5:00,2.53,355,N,4.47,0,0
1/24/2026 6:00,3.3,347,NNW,3.89,0,0
1/24/2026 7:00,4.28,332,NNW,5.83,0,0
1/24/2026 8:00,5.25,324,NW,5.64,0,0
1/24/2026 9:00,5.05,325,NW,5.64,0,0
1/24/2026 10:00,3.69,318,NW,4.28,0,0
1/24/2026 11:00,2.14,308,NW,3.69,0,0
1/24/2026 12:00,3.5,286,WNW,4.08,0,0
1/24/2026 13:00,8.16,321,NW,10.11,0,0
1/24/2026 14:00,7.39,327,NNW,8.36,0,0
1/24/2026 15:00,5.05,293,WNW,5.83,0,0
1/24/2026 16:00,1.94,216,SW,2.92,0,0
1/24/2026 17:00,2.92,290,WNW,3.3,0,0
1/24/2026 18:00,3.3,256,WSW,4.28,0,0
1/24/2026 19:00,1.75,330,NNW,2.14,0,0
1/24/2026 20:00,1.36,157,SSE,2.14,0,0
1/24/2026 21:00,1.36,272,W,2.33,0,0
1/24/2026 22:00,1.17,307,NW,2.72,0,0
1/24/2026 23:00,3.89,326,NW,4.86,0,0
1/25/2026 0:00,2.53,354,N,4.08,0,0
1/25/2026 1:00,6.41,32,NNE,9.33,0,0
1/25/2026 2:00,10.11,43,NE,12.25,0,0
1/25/2026 3:00,8.36,34,NE,10.5,0,0
1/25/2026 4:00,8.16,35,NE,11.86,0,0
1/25/2026 5:00,6.61,32,NNE,8.16,0,0
1/25/2026 6:00,5.25,28,NNE,8.94,0,0
1/25/2026 7:00,7.58,1,N,10.3,0,0
1/25/2026 8:00,9.91,31,NNE,12.83,0,0
1/25/2026 9:00,9.91,34,NE,13.41,0,0
1/25/2026 10:00,7.39,48,NE,10.11,0,0
1/25/2026 11:00,5.64,9,N,7.78,0,0
1/25/2026 12:00,6.41,28,NNE,9.14,0,0
1/25/2026 13:00,6.8,44,NE,9.33,0,0
1/25/2026 14:00,5.25,34,NE,7.78,0,0
1/25/2026 15:00,7.39,46,NE,9.91,0,0
1/25/2026 16:00,7.78,42,NE,9.72,0,0
1/25/2026 17:00,7.58,39,NE,10.3,0,0
1/25/2026 18:00,5.44,47,NE,8.75,0,0
1/25/2026 19:00,6.41,48,NE,8.55,0,0
1/25/2026 20:00,5.83,51,NE,7.58,0,0
1/25/2026 21:00,6.8,40,NE,8.55,0,0
1/25/2026 22:00,4.47,29,NNE,7.19,0,0
1/25/2026 23:00,7.78,40,NE,11.66,0,0
1/26/2026 0:00,7.58,27,NNE,8.36,0,0
1/26/2026 1:00,8.36,32,NNE,11.08,0,0
1/26/2026 2:00,7.97,36,NE,9.72,0,0
1/26/2026 3:00,6.41,38,NE,9.33,0,0
1/26/2026 4:00,5.64,48,NE,9.72,0,0
1/26/2026 5:00,6.8,46,NE,11.66,0,0
1/26/2026 6:00,8.36,46,NE,12.05,0,0
1/26/2026 7:00,5.05,50,NE,7.58,0,0
1/26/2026 8:00,10.3,34,NE,11.66,0,0
1/26/2026 9:00,9.33,44,NE,12.05,0,0
1/26/2026 10:00,5.44,61,ENE,9.14,0,0
1/26/2026 11:00,1.94,302,WNW,2.53,0,0
1/26/2026 12:00,6.22,34,NE,7.58,0,0
1/26/2026 13:00,6.41,10,N,8.75,0,0
1/26/2026 14:00,10.3,325,NW,12.83,0,0
1/26/2026 15:00,8.16,322,NW,9.91,0,0
1/26/2026 16:00,8.16,328,NNW,9.33,0,0
1/26/2026 17:00,5.05,340,NNW,6.22,0,0
1/26/2026 18:00,3.69,20,NNE,5.25,0,0
1/26/2026 19:00,2.72,42,NE,4.86,0,0
1/26/2026 20:00,0.39,95,E,0.97,0,0
1/26/2026 21:00,1.94,298,WNW,2.33,0,0
1/26/2026 22:00,3.89,301,WNW,4.86,0,0
1/26/2026 23:00,2.14,334,NNW,2.92,0,0
1/27/2026 0:00,0.19,349,N,1.75,0,0
1/27/2026 1:00,6.41,322,NW,7.39,0,0
1/27/2026 2:00,3.11,330,NNW,5.83,0,0
1/27/2026 3:00,1.56,281,W,4.08,0,0
1/27/2026 4:00,2.53,35,NE,2.92,0,0
1/27/2026 5:00,3.89,26,NNE,5.05,0,0
1/27/2026 6:00,1.36,343,NNW,1.94,0,0
1/27/2026 7:00,2.53,338,NNW,2.92,0,0
1/27/2026 8:00,5.83,318,NW,6.41,0,0
1/27/2026 9:00,2.92,342,NNW,4.28,0,0
1/27/2026 10:00,3.69,277,W,4.86,0,0
1/27/2026 11:00,4.47,315,NW,6.03,0,0
1/27/2026 12:00,3.3,322,NW,3.69,0,0
1/27/2026 13:00,1.56,358,N,3.11,0,0
1/27/2026 14:00,1.75,237,WSW,2.33,0,0
1/27/2026 15:00,1.94,324,NW,2.14,0,0
1/27/2026 16:00,0.97,162,SSE,2.14,0,0
1/27/2026 17:00,2.14,153,SSE,3.11,0,0
1/27/2026 18:00,0.97,164,SSE,2.33,0,0
1/27/2026 19:00,5.44,209,SSW,8.94,0,0
1/27/2026 20:00,3.11,168,SSE,6.41,0,0
1/27/2026 21:00,4.28,139,SE,6.8,0,0
1/27/2026 22:00,3.5,142,SE,4.86,0,0
1/27/2026 23:00,0.78,115,ESE,1.56,0,0
1/28/2026 0:00,2.92,170,S,4.86,0,0
1/28/2026 1:00,2.33,134,SE,3.89,0,0
1/28/2026 2:00,0,88,E,1.17,0,0
1/28/2026 3:00,2.92,67,ENE,4.86,0,0
1/28/2026 4:00,1.94,299,WNW,2.92,0,0
1/28/2026 5:00,6.03,322,NW,7.39,0,0
1/28/2026 6:00,5.64,334,NNW,8.55,0,0
1/28/2026 7:00,3.69,331,NNW,6.22,0,0
1/28/2026 8:00,7.78,23,NNE,9.91,0,0
1/28/2026 9:00,7.39,33,NNE,11.08,0,0
1/28/2026 10:00,2.14,70,ENE,5.25,0,0
1/28/2026 11:00,7.58,21,NNE,10.3,0,0
1/28/2026 12:00,8.16,52,NE,12.83,0,0
1/28/2026 13:00,7.39,59,ENE,10.3,0,0
1/28/2026 14:00,7.39,315,NW,8.75,0,0
1/28/2026 15:00,8.55,321,NW,9.91,0,0
1/28/2026 16:00,3.11,307,NW,5.64,0,0
1/28/2026 17:00,3.69,239,WSW,4.67,0,0
1/28/2026 18:00,3.89,326,NW,4.28,0,0
1/28/2026 19:00,5.05,319,NW,6.41,0,0
1/28/2026 20:00,3.69,337,NNW,4.67,0,0
1/28/2026 21:00,2.72,88,E,4.86,0,0
1/28/2026 22:00,0.97,295,WNW,2.14,0,0
1/28/2026 23:00,1.17,350,N,2.53,0,0
1/29/2026 0:00,0,249,WSW,0.58,0,0
1/29/2026 1:00,5.64,318,NW,6.41,0,0
1/29/2026 2:00,3.89,36,NE,5.64,0,0
1/29/2026 3:00,3.11,325,NW,6.22,0,0
1/29/2026 4:00,3.89,331,NNW,4.86,0,0
1/29/2026 5:00,3.5,313,NW,5.25,0,0
1/29/2026 6:00,5.25,342,NNW,5.83,0,0
1/29/2026 7:00,4.47,350,N,5.44,0,0
1/29/2026 8:00,8.55,329,NNW,10.11,0,0
1/29/2026 9:00,6.22,347,NNW,7.78,0,0
1/29/2026 10:00,5.05,10,N,7.39,0,0
1/29/2026 11:00,8.75,328,NNW,9.72,0,0
1/29/2026 12:00,12.05,329,NNW,13.41,0,0
1/29/2026 13:00,11.27,338,NNW,14.38,0,0
1/29/2026 14:00,8.75,332,NNW,9.72,0,0
1/29/2026 15:00,7.19,314,NW,8.36,0,0
1/29/2026 16:00,7.39,10,N,8.75,0,0
1/29/2026 17:00,6.22,59,ENE,8.55,0,0
1/29/2026 18:00,4.47,37,NE,5.64,0,0
1/29/2026 19:00,6.61,315,NW,7.39,0,0
1/29/2026 20:00,6.8,321,NW,7.97,0,0
1/29/2026 21:00,4.86,316,NW,6.22,0,0
1/29/2026 22:00,6.22,307,NW,7.97,0,0
1/29/2026 23:00,5.83,330,NNW,7.39,0,0
1/30/2026 0:00,8.94,321,NW,9.52,0,0
1/30/2026 1:00,8.94,333,NNW,10.69,0,0
1/30/2026 2:00,9.52,337,NNW,10.89,0,0
1/30/2026 3:00,10.89,338,NNW,13.02,0,0
1/30/2026 4:00,6.22,345,NNW,7.39,0,0
1/30/2026 5:00,7.78,332,NNW,9.91,0,0
1/30/2026 6:00,10.3,331,NNW,13.02,0,0
1/30/2026 7:00,10.69,324,NW,11.86,0,0
1/30/2026 8:00,9.14,325,NW,10.11,0,0
1/30/2026 9:00,8.94,327,NNW,10.3,0,0
1/30/2026 10:00,9.52,328,NNW,10.69,0,0
1/30/2026 11:00,11.47,325,NW,13.61,0,0
1/30/2026 12:00,9.33,355,N,14.58,0,0
1/30/2026 13:00,8.55,7,N,12.44,0,0
1/30/2026 14:00,9.33,39,NE,13.8,0,0
1/30/2026 15:00,6.8,43,NE,10.89,0,0
1/30/2026 16:00,10.69,43,NE,13.22,0,0
1/30/2026 17:00,9.14,43,NE,13.61,0,0
1/30/2026 18:00,6.8,47,NE,11.86,0,0
1/30/2026 19:00,3.69,62,ENE,7.58,0,0
1/30/2026 20:00,8.16,43,NE,10.11,0,0
1/30/2026 21:00,5.83,43,NE,8.55,0,0
1/30/2026 22:00,2.53,7,N,4.47,0,0
1/30/2026 23:00,5.83,32,NNE,7.58,0,0
1/31/2026 0:00,6.8,317,NW,8.16,0,0
1/31/2026 1:00,7.39,315,NW,8.55,0,0
1/31/2026 2:00,8.55,329,NNW,9.72,0,0
1/31/2026 3:00,9.52,323,NW,10.69,0,0
1/31/2026 4:00,8.55,325,NW,9.91,0,0
1/31/2026 5:00,9.33,327,NNW,9.91,0,0
1/31/2026 6:00,8.16,321,NW,9.14,0,0
1/31/2026 7:00,7.39,327,NNW,9.52,0,0
1/31/2026 8:00,9.33,345,NNW,13.02,0,0
1/31/2026 9:00,3.5,357,N,6.03,0,0
1/31/2026 10:00,5.64,16,NNE,8.75,0,0
1/31/2026 11:00,7.58,32,NNE,14.58,0,0
1/31/2026 12:00,13.41,37,NE,17.69,0,0
1/31/2026 13:00,11.08,49,NE,14.38,0,0
1/31/2026 14:00,7.39,29,NNE,11.86,0,0
1/31/2026 15:00,4.86,25,NNE,9.91,0,0
1/31/2026 16:00,2.92,1,N,7.19,0,0
1/31/2026 17:00,6.22,33,NNE,7.39,0,0
1/31/2026 18:00,5.44,53,NE,7.78,0,0
1/31/2026 19:00,2.33,15,NNE,4.86,0,0
1/31/2026 20:00,1.36,275,W,1.56,0,0
1/31/2026 21:00,7.58,301,WNW,9.52,0,0
1/31/2026 22:00,3.69,266,W,5.44,0,0
1/31/2026 23:00,1.94,23,NNE,2.53,0,0
2/1/2026 0:00,7.97,313,NW,9.52,0,0
2/1/2026 1:00,2.72,67,ENE,4.67,0,0
2/1/2026 2:00,7,88,E,8.55,0,0
2/1/2026 3:00,6.22,305,NW,10.11,0,0
2/1/2026 4:00,0.19,324,NW,1.94,0,0
2/1/2026 5:00,4.67,339,NNW,6.22,0,0
2/1/2026 6:00,0.97,290,WNW,2.53,0,0
2/1/2026 7:00,3.69,310,NW,4.47,0,0
2/1/2026 8:00,4.86,320,NW,6.41,0,0
2/1/2026 9:00,5.25,328,NNW,6.03,0,0
2/1/2026 10:00,2.33,0,N,4.47,0,0
2/1/2026 11:00,4.47,45,NE,6.61,0,0
2/1/2026 12:00,5.25,313,NW,5.83,0,0
2/1/2026 13:00,3.69,291,WNW,4.28,0,0
2/1/2026 14:00,3.11,253,WSW,4.86,0,0
2/1/2026 15:00,1.17,158,SSE,4.08,0,0
2/1/2026 16:00,0.97,155,SSE,1.36,0,0
2/1/2026 17:00,1.56,176,S,3.11,0,0
2/1/2026 18:00,0,154,SSE,1.56,0,0
2/1/2026 19:00,4.47,337,NNW,6.41,0,0
2/1/2026 20:00,0.97,156,SSE,2.14,0,0
2/1/2026 21:00,3.5,67,ENE,4.47,0,0
2/1/2026 22:00,1.94,285,WNW,2.53,0,0
2/1/2026 23:00,1.94,324,NW,3.11,0,0
2/2/2026 0:00,2.92,338,NNW,3.3,0,0
2/2/2026 1:00,1.36,67,ENE,2.14,0,0
2/2/2026 2:00,3.3,323,NW,4.28,0,0
2/2/2026 3:00,4.28,327,NNW,4.86,0,0
2/2/2026 4:00,2.33,297,WNW,3.11,0,0
2/2/2026 5:00,1.36,175,S,1.56,0,0
2/2/2026 6:00,2.92,323,NW,3.3,0,0
2/2/2026 7:00,1.56,321,NW,3.3,0,0
2/2/2026 8:00,6.41,323,NW,7.19,0,0
2/2/2026 9:00,0.97,298,WNW,2.14,0,0
2/2/2026 10:00,3.3,318,NW,4.08,0,0
2/2/2026 11:00,4.67,316,NW,5.64,0,0
2/2/2026 12:00,3.11,279,W,4.08,0,0
2/2/2026 13:00,1.75,279,W,2.53,0,0
2/2/2026 14:00,0.19,24,NNE,0.78,0,0
2/2/2026 15:00,0.97,136,SE,1.94,0,0
2/2/2026 16:00,3.3,168,SSE,5.05,0,0
2/2/2026 17:00,0.78,115,ESE,2.53,0,0
2/2/2026 18:00,2.33,125,SE,3.11,0,0
2/2/2026 19:00,0.97,130,SE,3.11,0,0
2/2/2026 20:00,1.56,316,NW,2.14,0,0
2/2/2026 21:00,3.5,335,NNW,3.5,0,0
2/2/2026 22:00,3.69,86,E,6.41,0,0
2/2/2026 23:00,1.75,89,E,2.72,0,0
2/3/2026 0:00,0.97,311,NW,1.94,0,0
2/3/2026 1:00,2.14,45,NE,4.08,0,0
2/3/2026 2:00,1.17,6,N,1.56,0,0
2/3/2026 3:00,7,317,NW,7.78,0,0
2/3/2026 4:00,6.41,335,NNW,7.39,0,0
2/3/2026 5:00,8.55,333,NNW,9.52,0,0
2/3/2026 6:00,8.16,330,NNW,11.08,0,0
2/3/2026 7:00,10.11,325,NW,12.44,0,0
2/3/2026 8:00,9.33,326,NW,11.66,0,0
2/3/2026 9:00,7.78,28,NNE,14.38,0,0
2/3/2026 10:00,9.91,38,NE,15.16,0,0
2/3/2026 11:00,7.58,47,NE,13.22,0,0
2/3/2026 12:00,11.47,36,NE,14.58,0,0
2/3/2026 13:00,8.75,46,NE,15.55,0,0
2/3/2026 14:00,7.39,46,NE,11.86,0,0
2/3/2026 15:00,5.44,64,ENE,9.33,0,0
2/3/2026 16:00,3.69,54,NE,7.19,0,0
2/3/2026 17:00,4.28,52,NE,7.97,0,0
2/3/2026 18:00,1.75,43,NE,3.11,0,0
2/3/2026 19:00,2.33,8,N,2.92,0,0
2/3/2026 20:00,2.53,334,NNW,3.3,0,0
2/3/2026 21:00,7,316,NW,8.16,0,0
2/3/2026 22:00,6.8,324,NW,7.58,0,0
2/3/2026 23:00,8.55,327,NNW,10.11,0,0
2/4/2026 0:00,7,316,NW,8.16,0,0
2/4/2026 1:00,5.64,322,NW,7,0,0
2/4/2026 2:00,7.97,336,NNW,10.11,0,0
2/4/2026 3:00,3.89,349,N,5.44,0,0
2/4/2026 4:00,7.97,337,NNW,9.91,0,0
2/4/2026 5:00,8.16,315,NW,9.91,0,0
2/4/2026 6:00,8.94,310,NW,10.5,0,0
2/4/2026 7:00,7.39,312,NW,9.52,0,0
2/4/2026 8:00,7,26,NNE,9.72,0,0
2/4/2026 9:00,9.91,316,NW,11.08,0,0
2/4/2026 10:00,6.61,10,N,7.58,0,0
2/4/2026 11:00,14.97,31,NNE,20.41,0,0
2/4/2026 12:00,8.94,44,NE,14.77,0,0
2/4/2026 13:00,12.05,37,NE,14.77,0,0
2/4/2026 14:00,10.89,46,NE,14.97,0,0
2/4/2026 15:00,7,46,NE,11.86,0,0
2/4/2026 16:00,8.16,42,NE,11.08,0,0
2/4/2026 17:00,7.58,49,NE,11.27,0,0
2/4/2026 18:00,5.64,18,NNE,6.61,0,0
2/4/2026 19:00,10.11,322,NW,11.47,0,0
2/4/2026 20:00,9.91,323,NW,11.08,0,0
2/4/2026 21:00,10.11,323,NW,11.27,0,0
2/4/2026 22:00,6.61,325,NW,7.58,0,0
2/4/2026 23:00,4.28,333,NNW,5.64,0,0
2/5/2026 0:00,1.94,325,NW,2.53,0,0
2/5/2026 1:00,1.17,339,NNW,2.33,0,0
2/5/2026 2:00,4.86,8,N,7.19,0,0
2/5/2026 3:00,12.25,34,NE,15.16,0,0
2/5/2026 4:00,6.03,355,N,9.91,0,0
2/5/2026 5:00,3.89,346,NNW,6.8,0,0
2/5/2026 6:00,10.5,39,NE,14.19,0,0
2/5/2026 7:00,7.78,29,NNE,9.72,0,0
2/5/2026 8:00,7.97,37,NE,12.25,0,0
2/5/2026 9:00,3.3,55,NE,5.64,0,0
2/5/2026 10:00,4.28,45,NE,8.75,0,0
2/5/2026 11:00,5.05,44,NE,7.97,0,0
2/5/2026 12:00,5.64,50,NE,7.97,0,0
2/5/2026 13:00,8.36,35,NE,11.08,0,0
2/5/2026 14:00,7,317,NW,9.52,0,0
2/5/2026 15:00,9.33,302,WNW,11.08,0,0
2/5/2026 16:00,8.75,315,NW,9.72,0,0
2/5/2026 17:00,4.47,288,WNW,5.25,0,0
2/5/2026 18:00,6.8,319,NW,8.94,0,0
2/5/2026 19:00,7,315,NW,7.97,0,0
2/5/2026 20:00,3.3,266,W,4.47,0,0
2/5/2026 21:00,2.92,314,NW,3.89,0,0
2/5/2026 22:00,7.39,320,NW,8.75,0,0
2/5/2026 23:00,4.28,284,WNW,7,0,0
2/6/2026 0:00,3.3,85,E,4.08,0,0
2/6/2026 1:00,1.75,97,E,3.11,0,0
2/6/2026 2:00,5.05,327,NNW,5.64,0,0
2/6/2026 3:00,1.94,86,E,4.28,0,0
2/6/2026 4:00,2.72,196,SSW,3.5,0,0
2/6/2026 5:00,3.11,345,NNW,3.69,0,0
2/6/2026 6:00,3.3,291,WNW,4.08,0,0
2/6/2026 7:00,1.75,3,N,2.33,0,0
2/6/2026 8:00,1.56,326,NW,2.14,0,0
2/6/2026 9:00,0.97,292,WNW,1.75,0,0
2/6/2026 10:00,0.19,55,NE,1.36,0,0
2/6/2026 11:00,0.97,131,SE,2.14,0,0
2/6/2026 12:00,2.53,262,W,3.5,0,0
2/6/2026 13:00,2.53,136,SE,4.47,0,0
2/6/2026 14:00,4.08,179,S,7.97,0,0
2/6/2026 15:00,4.28,188,S,8.75,0,0
2/6/2026 16:00,2.14,217,SW,4.28,0,0
2/6/2026 17:00,1.36,133,SE,2.14,0,0
2/6/2026 18:00,3.5,176,S,4.47,0,0
2/6/2026 19:00,2.33,282,WNW,3.5,0,0
2/6/2026 20:00,0.97,131,SE,1.56,0,0
2/6/2026 21:00,3.69,198,SSW,4.67,0,0
2/6/2026 22:00,3.3,236,SW,6.03,0,0
2/6/2026 23:00,3.69,206,SSW,6.22,0,0
2/7/2026 0:00,3.5,264,W,5.25,0,0
2/7/2026 1:00,2.14,142,SE,2.92,0,0
2/7/2026 2:00,3.5,269,W,5.64,0,0
2/7/2026 3:00,3.11,327,NNW,3.69,0,0
2/7/2026 4:00,2.14,294,WNW,2.53,0,0
2/7/2026 5:00,3.3,161,SSE,5.05,0,0
2/7/2026 6:00,2.92,145,SE,6.22,0,0
2/7/2026 7:00,6.03,161,SSE,7.78,0,0
2/7/2026 8:00,2.92,124,SE,5.44,0,0
2/7/2026 9:00,3.3,311,NW,6.22,0,0
2/7/2026 10:00,3.3,295,WNW,4.08,0,0
2/7/2026 11:00,0.58,147,SSE,2.14,0,0
2/7/2026 12:00,2.53,169,S,3.69,0,0
2/7/2026 13:00,2.14,180,S,3.89,0,0
2/7/2026 14:00,1.75,140,SE,3.5,0,0
2/7/2026 15:00,2.53,157,SSE,3.69,0,0
2/7/2026 16:00,2.72,168,SSE,3.89,0,0
2/7/2026 17:00,2.72,147,SSE,4.67,0,0
2/7/2026 18:00,3.11,187,S,4.67,0,0
2/7/2026 19:00,2.92,254,WSW,3.89,0,0
2/7/2026 20:00,0.39,315,NW,2.14,0,0
2/7/2026 21:00,2.33,124,SE,3.11,0,0
2/7/2026 22:00,1.36,76,ENE,1.94,0,0
2/7/2026 23:00,3.5,313,NW,4.47,0,0
2/8/2026 0:00,3.3,70,ENE,5.44,0,0
2/8/2026 1:00,2.14,263,W,3.11,0,0
2/8/2026 2:00,1.75,333,NNW,1.94,0,0
2/8/2026 3:00,4.47,90,E,5.05,0,0
2/8/2026 4:00,1.75,134,SE,2.92,0,0
2/8/2026 5:00,1.17,330,NNW,1.56,0,0
2/8/2026 6:00,4.08,338,NNW,4.86,0,0
2/8/2026 7:00,1.56,64,ENE,3.89,0,0
2/8/2026 8:00,2.33,188,S,3.89,0,0
2/8/2026 9:00,3.11,170,S,6.41,0,0
2/8/2026 10:00,4.08,145,SE,7.97,0,0
2/8/2026 11:00,4.47,142,SE,7.19,0,0
2/8/2026 12:00,3.89,148,SSE,7.58,0,0
2/8/2026 13:00,5.44,160,SSE,7,0,0
2/8/2026 14:00,6.8,158,SSE,8.55,0,0
2/8/2026 15:00,11.08,237,WSW,14.77,0,0
2/8/2026 16:00,3.69,270,W,6.8,0,0
2/8/2026 17:00,6.03,227,SW,7.97,0,0
2/8/2026 18:00,4.47,237,WSW,6.41,0,0
2/8/2026 19:00,2.92,201,SSW,4.28,0,0
2/8/2026 20:00,4.86,184,S,7.19,0,0
2/8/2026 21:00,2.72,127,SE,4.86,0,0
2/8/2026 22:00,3.11,171,S,4.28,0,0
2/8/2026 23:00,2.33,184,S,3.69,0,0
2/9/2026 0:00,5.25,328,NNW,7.39,0,0
2/9/2026 1:00,1.17,302,WNW,2.53,0,0
2/9/2026 2:00,11.27,352,N,14.38,0,0
2/9/2026 3:00,10.89,329,NNW,13.02,0,0
2/9/2026 4:00,6.41,345,NNW,8.16,0,0
2/9/2026 5:00,7.39,344,NNW,8.94,0,0
2/9/2026 6:00,7.19,346,NNW,9.72,0,0
2/9/2026 7:00,7.19,357,N,8.55,0,0
2/9/2026 8:00,8.36,354,N,9.72,0,0
2/9/2026 9:00,7.78,349,N,9.52,0,0
2/9/2026 10:00,1.17,27,NNE,3.11,0,0
2/9/2026 11:00,7.58,342,NNW,9.14,0,0
2/9/2026 12:00,6.41,344,NNW,8.36,0,0
2/9/2026 13:00,1.36,310,NW,1.94,0,0
2/9/2026 14:00,6.03,323,NW,7,0,0
2/9/2026 15:00,4.47,250,WSW,5.25,0,0
2/9/2026 16:00,3.89,177,S,5.44,0,0
2/9/2026 17:00,3.11,203,SSW,5.83,0,0
2/9/2026 18:00,1.56,33,NNE,1.94,0,0
2/9/2026 19:00,0.39,144,SE,3.5,0,0
2/9/2026 20:00,4.47,21,NNE,6.22,0,0
2/9/2026 21:00,1.75,216,SW,2.53,0,0
2/9/2026 22:00,1.36,115,ESE,1.75,0,0
2/9/2026 23:00,3.3,331,NNW,4.86,0,0
2/10/2026 0:00,4.86,341,NNW,5.64,0,0
2/10/2026 1:00,1.56,302,WNW,2.14,0,0
2/10/2026 2:00,2.92,350,N,6.41,0,0
2/10/2026 3:00,7.78,43,NE,11.66,0,0
2/10/2026 4:00,9.91,40,NE,11.86,0,0
2/10/2026 5:00,7,65,ENE,11.08,0,0
2/10/2026 6:00,8.75,65,ENE,12.64,0,0
2/10/2026 7:00,7.58,61,ENE,10.3,0,0
2/10/2026 8:00,5.64,49,NE,9.72,0,0
2/10/2026 9:00,1.75,289,WNW,3.11,0,0
2/10/2026 10:00,3.3,306,NW,4.08,0,0
2/10/2026 11:00,8.16,319,NW,9.72,0,0
2/10/2026 12:00,6.22,314,NW,7.58,0,0
2/10/2026 13:00,4.08,331,NNW,5.25,0,0
2/10/2026 14:00,3.89,46,NE,6.03,0,0
2/10/2026 15:00,7.78,43,NE,8.94,0,0
2/10/2026 16:00,6.22,58,ENE,11.08,0,0
2/10/2026 17:00,8.55,44,NE,12.64,0,0
2/10/2026 18:00,7.39,76,ENE,15.75,0,0
2/10/2026 19:00,6.61,47,NE,8.55,0,0
2/10/2026 20:00,6.22,58,ENE,10.3,0,0
2/10/2026 21:00,8.94,52,NE,12.64,0,0
2/10/2026 22:00,8.16,65,ENE,13.22,0,0
2/10/2026 23:00,9.52,54,NE,13.61,0,0
2/11/2026 0:00,11.47,58,ENE,16.13,0,0
2/11/2026 1:00,8.55,119,ESE,19.44,0,0
2/11/2026 2:00,10.69,140,SE,18.86,0,0
2/11/2026 3:00,9.52,140,SE,14.19,0,0
2/11/2026 4:00,9.91,142,SE,13.41,0,0
2/11/2026 5:00,12.05,141,SE,18.47,0,0
2/11/2026 6:00,11.27,143,SE,17.88,0,0
2/11/2026 7:00,8.16,147,SSE,13.02,0,0
2/11/2026 8:00,8.36,145,SE,12.25,0,0
2/11/2026 9:00,11.08,151,SSE,16.72,0,0
2/11/2026 10:00,8.75,145,SE,12.05,0,0
2/11/2026 11:00,11.27,141,SE,14.97,0,0
2/11/2026 12:00,10.11,150,SSE,16.52,0,0
2/11/2026 13:00,7,147,SSE,11.66,0,0
2/11/2026 14:00,9.72,164,SSE,11.86,0,0
2/11/2026 15:00,6.03,153,SSE,12.05,0,0
2/11/2026 16:00,8.94,158,SSE,11.86,0,0
2/11/2026 17:00,9.72,154,SSE,14.19,0,0
2/11/2026 18:00,12.44,165,SSE,15.75,0,0
2/11/2026 19:00,8.75,153,SSE,12.83,0,0
2/11/2026 20:00,9.91,155,SSE,14.58,0,0
2/11/2026 21:00,7.97,141,SE,11.66,0,0
2/11/2026 22:00,6.22,142,SE,10.89,0,0
2/11/2026 23:00,3.89,131,SE,7,0,0
2/12/2026 0:00,3.89,127,SE,7.78,0,0
2/12/2026 1:00,3.11,118,ESE,5.83,0,0
2/12/2026 2:00,3.89,81,E,7.39,0,0
2/12/2026 3:00,3.69,43,NE,4.86,0,0
2/12/2026 4:00,6.03,45,NE,8.16,0,0
2/12/2026 5:00,6.03,31,NNE,7.78,0,0
2/12/2026 6:00,7.58,36,NE,9.14,0,0
2/12/2026 7:00,7.19,41,NE,9.14,0,0
2/12/2026 8:00,2.53,73,ENE,3.89,0,0
2/12/2026 9:00,0.19,67,ENE,2.14,0,0
2/12/2026 10:00,4.08,61,ENE,7,0,0
2/12/2026 11:00,6.61,320,NW,8.55,0,0
2/12/2026 12:00,7.39,327,NNW,8.55,0,0
2/12/2026 13:00,8.55,317,NW,9.33,0,0
2/12/2026 14:00,7.19,320,NW,9.33,0,0
2/12/2026 15:00,5.05,313,NW,6.03,0,0
2/12/2026 16:00,3.11,282,WNW,4.67,0,0
2/12/2026 17:00,3.3,248,WSW,5.64,0,0
2/12/2026 18:00,7.19,308,NW,10.11,0,0
2/12/2026 19:00,7.39,314,NW,10.3,0,0
2/12/2026 20:00,2.92,332,NNW,3.89,0,0
2/12/2026 21:00,2.72,265,W,3.89,0,0
2/12/2026 22:00,4.28,323,NW,5.25,0,0
2/12/2026 23:00,0.78,273,W,1.17,0,0
2/13/2026 0:00,2.33,292,WNW,2.92,0,0
2/13/2026 1:00,4.08,338,NNW,6.22,0,0
2/13/2026 2:00,1.94,293,WNW,2.72,0,0
2/13/2026 3:00,0.39,272,W,0.97,0,0
2/13/2026 4:00,3.89,299,WNW,4.28,0,0
2/13/2026 5:00,3.69,303,WNW,4.28,0,0
2/13/2026 6:00,3.11,344,NNW,4.86,0,0
2/13/2026 7:00,0.97,99,E,2.14,0,0
2/13/2026 8:00,5.05,161,SSE,6.41,0,0
2/13/2026 9:00,2.14,147,SSE,4.47,0,0
2/13/2026 10:00,1.36,172,S,3.5,0,0
2/13/2026 11:00,2.72,145,SE,4.47,0,0
2/13/2026 12:00,6.22,160,SSE,7.58,0,0
2/13/2026 13:00,8.16,155,SSE,10.11,0,0
2/13/2026 14:00,3.89,142,SE,7.19,0,0
2/13/2026 15:00,6.03,188,S,9.14,0,0
2/13/2026 16:00,2.33,202,SSW,5.25,0,0
2/13/2026 17:00,7.19,302,WNW,9.14,0,0
2/13/2026 18:00,0.78,309,NW,0.97,0,0
2/13/2026 19:00,6.61,303,WNW,9.91,0,0
2/13/2026 20:00,5.44,244,WSW,7.39,0,0
2/13/2026 21:00,7.78,309,NW,9.91,0,0
2/13/2026 22:00,3.89,315,NW,5.05,0,0
2/13/2026 23:00,1.75,193,SSW,2.14,0,0
2/14/2026 0:00,5.44,189,S,7.97,0,0
2/14/2026 1:00,5.64,174,S,7.58,0,0
2/14/2026 2:00,7.39,166,SSE,9.14,0,0
2/14/2026 3:00,6.03,167,SSE,8.16,0,0
2/14/2026 4:00,4.67,177,S,5.83,0,0
2/14/2026 5:00,2.14,206,SSW,4.86,0,0
2/14/2026 6:00,4.08,291,WNW,5.25,0,0
2/14/2026 7:00,4.47,332,NNW,5.25,0,0
2/14/2026 8:00,1.75,6,N,3.69,0,0
2/14/2026 9:00,2.53,76,ENE,4.08,0,0
2/14/2026 10:00,4.28,151,SSE,6.22,0,0
2/14/2026 11:00,4.67,163,SSE,6.22,0,0
2/14/2026 12:00,3.89,176,S,6.41,0,0
2/14/2026 13:00,7.97,202,SSW,11.08,0,0
2/14/2026 14:00,6.61,191,S,14,0,0
2/14/2026 15:00,8.55,196,SSW,13.8,0,0
2/14/2026 16:00,6.8,199,SSW,11.47,0,0
2/14/2026 17:00,9.72,197,SSW,16.13,0,0
2/14/2026 18:00,12.44,180,S,18.27,0,0
2/14/2026 19:00,7.78,174,S,12.25,0,0
2/14/2026 20:00,7.58,188,S,14.77,0,0
2/14/2026 21:00,10.3,195,SSW,15.36,0,0
2/14/2026 22:00,8.55,179,S,13.02,0,0
2/14/2026 23:00,10.3,174,S,17.88,0,0
2/15/2026 0:00,10.3,167,SSE,15.36,0,0
2/15/2026 1:00,10.11,162,SSE,13.41,0,0
2/15/2026 2:00,7.39,143,SE,10.89,0,0
2/15/2026 3:00,7.78,151,SSE,12.44,0,0
2/15/2026 4:00,10.69,143,SE,15.16,0,0
2/15/2026 5:00,8.94,140,SE,13.41,0,0
2/15/2026 6:00,9.52,146,SE,14.58,0,0
2/15/2026 7:00,10.3,140,SE,13.41,0,0
2/15/2026 8:00,8.55,139,SE,13.02,0,0
2/15/2026 9:00,10.3,140,SE,14,0,0
2/15/2026 10:00,8.94,140,SE,12.44,0,0
2/15/2026 11:00,4.28,137,SE,7.58,0,0
2/15/2026 12:00,8.75,149,SSE,13.41,0,0
2/15/2026 13:00,7,148,SSE,10.11,0,0
2/15/2026 14:00,12.25,158,SSE,15.94,0,0
2/15/2026 15:00,9.72,153,SSE,15.75,0,0
2/15/2026 16:00,13.22,164,SSE,16.13,0,0
2/15/2026 17:00,4.47,142,SE,7.58,0,0
2/15/2026 18:00,7.58,148,SSE,13.8,0,0
2/15/2026 19:00,9.33,167,SSE,14.38,0,0
2/15/2026 20:00,7.78,148,SSE,13.8,0,0
2/15/2026 21:00,7.97,143,SE,12.64,0,0
2/15/2026 22:00,7.78,147,SSE,14.77,0,0
2/15/2026 23:00,9.72,162,SSE,13.22,0,0
2/16/2026 0:00,7.19,147,SSE,10.89,0,0
2/16/2026 1:00,8.94,139,SE,11.27,0,0
2/16/2026 2:00,5.83,173,S,8.16,0,0
2/16/2026 3:00,4.86,164,SSE,6.8,0,0
2/16/2026 4:00,5.64,138,SE,9.72,0,0
2/16/2026 5:00,4.47,118,ESE,8.75,0,0
2/16/2026 6:00,5.25,144,SE,9.33,0,0
2/16/2026 7:00,3.3,127,SE,5.64,0,0
2/16/2026 8:00,2.33,136,SE,6.03,0,0
2/16/2026 9:00,1.36,130,SE,3.3,0,0
2/16/2026 10:00,2.14,27,NNE,5.83,0,0
2/16/2026 11:00,0.39,319,NW,3.11,0,0
2/16/2026 12:00,0.78,91,E,2.53,0,0
2/16/2026 13:00,0,222,SW,1.94,0,0
2/16/2026 14:00,3.69,151,SSE,6.22,0,0
2/16/2026 15:00,5.05,161,SSE,6.8,0,0
2/16/2026 16:00,4.28,181,S,7,0,0
2/16/2026 17:00,4.67,200,SSW,7,0,0
2/16/2026 18:00,2.72,203,SSW,4.67,0,0
2/16/2026 19:00,2.33,271,W,8.75,0,0
2/16/2026 20:00,11.27,305,NW,14.19,0,0
2/16/2026 21:00,9.14,295,WNW,16.13,0,0
2/16/2026 22:00,10.5,302,WNW,14,0,0
2/16/2026 23:00,8.55,280,W,10.89,0,0
2/17/2026 0:00,13.61,281,W,16.72,0,0
2/17/2026 1:00,11.86,282,WNW,16.13,0,0
2/17/2026 2:00,6.41,203,SSW,11.08,0,0
2/17/2026 3:00,3.11,233,SW,6.22,0,0
2/17/2026 4:00,3.3,210,SSW,9.52,0,0
2/17/2026 5:00,8.75,199,SSW,15.55,0,0
2/17/2026 6:00,17.49,191,S,27.02,0,0
2/17/2026 7:00,11.47,196,SSW,20.02,0,0
2/17/2026 8:00,7.19,276,W,14.38,0,0
2/17/2026 9:00,7.97,234,SW,14,0,0
2/17/2026 10:00,10.5,236,SW,17.88,0,0
2/17/2026 11:00,4.08,239,WSW,9.72,0,0
2/17/2026 12:00,9.14,174,S,14.77,0,0
2/17/2026 13:00,10.11,206,SSW,16.91,0,0
2/17/2026 14:00,9.91,204,SSW,15.36,0,0
2/17/2026 15:00,10.89,221,SW,18.86,0,0
2/17/2026 16:00,11.27,245,WSW,16.33,0,0
2/17/2026 17:00,17.69,250,WSW,30.52,0,0
2/17/2026 18:00,5.83,267,W,10.11,0,0
2/17/2026 19:00,6.41,286,WNW,11.27,0,0
2/17/2026 20:00,8.94,319,NW,14,0,0
2/17/2026 21:00,9.91,286,WNW,20.99,0,0
2/17/2026 22:00,10.3,289,WNW,13.22,0,0
2/17/2026 23:00,9.91,325,NW,14.97,0,0
2/18/2026 0:00,6.22,304,NW,9.14,0,0
2/18/2026 1:00,4.47,275,W,7.78,0,0
2/18/2026 2:00,6.8,295,WNW,10.11,0,0
2/18/2026 3:00,7.58,303,WNW,9.52,0,0
2/18/2026 4:00,3.3,288,WNW,7.97,0,0
2/18/2026 5:00,6.8,277,W,8.36,0,0
2/18/2026 6:00,5.25,323,NW,6.22,0,0
2/18/2026 7:00,2.92,310,NW,3.89,0,0
2/18/2026 8:00,3.69,126,SE,6.61,0,0
2/18/2026 9:00,5.44,163,SSE,8.16,0,0
2/18/2026 10:00,6.41,166,SSE,8.94,0,0
2/18/2026 11:00,3.89,146,SE,6.61,0,0
2/18/2026 12:00,5.25,173,S,10.11,0,0
2/18/2026 13:00,4.47,163,SSE,7.97,0,0
2/18/2026 14:00,9.72,319,NW,13.41,0,0
2/18/2026 15:00,8.36,289,WNW,12.44,0,0
2/18/2026 16:00,3.5,219,SW,8.75,0,0
2/18/2026 17:00,2.53,250,WSW,6.22,0,0
2/18/2026 18:00,3.5,199,SSW,7,0,0
2/18/2026 19:00,3.89,195,SSW,7.97,0,0
2/18/2026 20:00,2.72,244,WSW,4.86,0,0
2/18/2026 21:00,7,173,S,10.89,0,0
2/18/2026 22:00,7.19,305,NW,11.08,0,0
2/18/2026 23:00,11.47,140,SE,14.58,0,0
2/19/2026 0:00,9.72,139,SE,14.97,0,0
2/19/2026 1:00,11.86,141,SE,16.13,0,0
2/19/2026 2:00,10.89,145,SE,16.52,0,0
2/19/2026 3:00,6.8,120,ESE,14.97,0,0
2/19/2026 4:00,7.78,86,E,15.55,0,0
2/19/2026 5:00,8.94,4,N,13.8,0,0
2/19/2026 6:00,12.44,335,NNW,16.72,0,0
2/19/2026 7:00,9.72,302,WNW,14.19,0,0
2/19/2026 8:00,7.97,291,WNW,12.44,0,0
2/19/2026 9:00,13.61,303,WNW,22.74,0,0
2/19/2026 10:00,15.94,295,WNW,20.41,0,0
2/19/2026 11:00,14.58,290,WNW,20.02,0,0
2/19/2026 12:00,17.88,298,WNW,23.13,0,0
2/19/2026 13:00,18.08,291,WNW,26.44,0,0
2/19/2026 14:00,17.69,290,WNW,21.19,0,0
2/19/2026 15:00,18.47,303,WNW,22.55,0,0
2/19/2026 16:00,16.52,296,WNW,22.16,0,0
2/19/2026 17:00,13.02,295,WNW,20.8,0,0
2/19/2026 18:00,14.58,297,WNW,18.66,0,0
2/19/2026 19:00,14.58,298,WNW,20.6,0,0
2/19/2026 20:00,12.83,306,NW,17.3,0,0
2/19/2026 21:00,9.52,304,NW,15.94,0,0
2/19/2026 22:00,10.3,316,NW,12.25,0,0
2/19/2026 23:00,8.36,303,WNW,11.08,0,0
2/20/2026 0:00,8.75,323,NW,11.66,0,0
2/20/2026 1:00,5.64,343,NNW,7.19,0,0
2/20/2026 2:00,4.67,346,NNW,6.41,0,0
2/20/2026 3:00,5.83,339,NNW,7,0,0
2/20/2026 4:00,5.25,358,N,6.8,0,0
2/20/2026 5:00,5.83,357,N,8.16,0,0
2/20/2026 6:00,5.83,355,N,7.97,0,0
2/20/2026 7:00,5.64,3,N,6.61,0,0
2/20/2026 8:00,2.72,84,E,3.69,0,0
2/20/2026 9:00,6.22,338,NNW,8.16,0,0
2/20/2026 10:00,6.8,329,NNW,8.55,0,0
2/20/2026 11:00,5.64,321,NW,7,0,0
2/20/2026 12:00,2.72,304,NW,4.08,0,0
2/20/2026 13:00,4.67,301,WNW,5.64,0,0
2/20/2026 14:00,3.89,294,WNW,5.05,0,0
2/20/2026 15:00,2.92,276,W,4.67,0,0
2/20/2026 16:00,3.5,279,W,4.67,0,0
2/20/2026 17:00,1.75,328,NNW,2.53,0,0
2/20/2026 18:00,1.56,87,E,3.5,0,0
2/20/2026 19:00,2.33,212,SSW,3.5,0,0
2/20/2026 20:00,0.97,56,NE,1.94,0,0
2/20/2026 21:00,3.5,301,WNW,4.86,0,0
2/20/2026 22:00,3.11,342,NNW,3.5,0,0
2/20/2026 23:00,0.58,356,N,1.17,0,0
2/21/2026 0:00,2.92,299,WNW,4.67,0,0
2/21/2026 1:00,1.56,297,WNW,1.94,0,0
2/21/2026 2:00,3.11,317,NW,4.08,0,0
2/21/2026 3:00,2.72,68,ENE,4.08,0,0
2/21/2026 4:00,4.28,144,SE,5.44,0,0
2/21/2026 5:00,2.72,67,ENE,3.69,0,0
2/21/2026 6:00,1.75,273,W,2.72,0,0
2/21/2026 7:00,1.75,142,SE,4.47,0,0
2/21/2026 8:00,0.78,111,ESE,2.33,0,0
2/21/2026 9:00,6.41,143,SE,12.44,0,0
2/21/2026 10:00,6.8,140,SE,9.72,0,0
2/21/2026 11:00,8.16,161,SSE,10.3,0,0
2/21/2026 12:00,6.22,159,SSE,8.75,0,0
2/21/2026 13:00,4.28,145,SE,7,0,0
2/21/2026 14:00,2.72,145,SE,4.67,0,0
2/21/2026 15:00,2.33,170,S,3.69,0,0
2/21/2026 16:00,6.61,166,SSE,10.3,0,0
2/21/2026 17:00,7,182,S,14,0,0
2/21/2026 18:00,6.41,168,SSE,12.44,0,0
2/21/2026 19:00,13.22,162,SSE,18.66,0,0
2/21/2026 20:00,11.86,162,SSE,15.94,0,0
2/21/2026 21:00,8.75,161,SSE,11.47,0,0
2/21/2026 22:00,3.11,128,SE,6.8,0,0
2/21/2026 23:00,8.75,142,SE,11.47,0,0
2/22/2026 0:00,7.58,150,SSE,11.27,0,0
2/22/2026 1:00,7.97,148,SSE,12.05,0,0
2/22/2026 2:00,9.52,151,SSE,13.41,0,0
2/22/2026 3:00,12.44,163,SSE,16.72,0,0
2/22/2026 4:00,7.97,146,SE,11.86,0,0
2/22/2026 5:00,6.03,142,SE,8.55,0,0
2/22/2026 6:00,5.83,142,SE,7.78,0,0
2/22/2026 7:00,7.58,154,SSE,12.64,0,0
2/22/2026 8:00,8.16,154,SSE,12.64,0,0
2/22/2026 9:00,8.16,159,SSE,11.27,0,0
2/22/2026 10:00,7.97,163,SSE,11.66,0,0
2/22/2026 11:00,7.39,171,S,9.72,0,0
2/22/2026 12:00,2.14,163,SSE,4.28,0,0
2/22/2026 13:00,2.92,164,SSE,4.08,0,0
2/22/2026 14:00,2.53,156,SSE,3.89,0,0
2/22/2026 15:00,5.83,211,SSW,11.86,0,0
2/22/2026 16:00,3.5,217,SW,7,0,0
2/22/2026 17:00,6.61,251,WSW,9.14,0,0
2/22/2026 18:00,4.28,237,WSW,7.19,0,0
2/22/2026 19:00,7,234,SW,10.5,0,0
2/22/2026 20:00,2.53,214,SW,4.67,0,0
2/22/2026 21:00,3.11,207,SSW,6.22,0,0
2/22/2026 22:00,1.56,190,S,3.89,0,0
2/22/2026 23:00,1.75,186,S,4.67,0,0
2/23/2026 0:00,1.94,321,NW,3.5,0,0
2/23/2026 1:00,1.75,6,N,2.33,0,0
2/23/2026 2:00,2.72,300,WNW,4.28,0,0
2/23/2026 3:00,2.53,296,WNW,4.08,0,0
2/23/2026 4:00,0.39,129,SE,2.33,0,0
2/23/2026 5:00,1.75,254,WSW,2.33,0,0
2/23/2026 6:00,2.92,303,WNW,5.44,0,0
2/23/2026 7:00,2.72,294,WNW,3.3,0,0
2/23/2026 8:00,0,71,ENE,0.97,0,0
2/23/2026 9:00,0.78,174,S,1.36,0,0
2/23/2026 10:00,1.75,148,SSE,3.5,0,0
2/23/2026 11:00,4.28,161,SSE,6.22,0,0
2/23/2026 12:00,1.17,306,NW,2.53,0,0
2/23/2026 13:00,2.92,185,S,4.28,0,0
2/23/2026 14:00,1.36,316,NW,1.94,0,0
2/23/2026 15:00,1.56,194,SSW,3.5,0,0
2/23/2026 16:00,1.36,145,SE,3.11,0,0
2/23/2026 17:00,3.11,200,SSW,3.69,0,0
2/23/2026 18:00,1.56,120,ESE,1.94,0,0
2/23/2026 19:00,2.53,325,NW,3.11,0,0
2/23/2026 20:00,1.94,179,S,3.11,0,0
2/23/2026 21:00,2.92,190,S,4.47,0,0
2/23/2026 22:00,3.69,301,WNW,5.44,0,0
2/23/2026 23:00,4.86,192,SSW,9.72,0,0
2/24/2026 0:00,1.94,175,S,4.08,0,0
2/24/2026 1:00,2.53,162,SSE,4.28,0,0
2/24/2026 2:00,1.36,135,SE,3.3,0,0
2/24/2026 3:00,4.47,144,SE,8.55,0,0
2/24/2026 4:00,1.94,100,E,2.92,0,0
2/24/2026 5:00,3.69,148,SSE,5.64,0,0
2/24/2026 6:00,6.03,159,SSE,6.8,0,0
2/24/2026 7:00,4.08,178,S,5.64,0,0
2/24/2026 8:00,5.05,178,S,7.97,0,0
2/24/2026 9:00,3.69,190,S,7,0,0
2/24/2026 10:00,5.44,154,SSE,8.36,0,0
2/24/2026 11:00,13.22,196,SSW,15.55,0,0
2/24/2026 12:00,7.97,184,S,11.66,0,0
2/24/2026 13:00,7.97,211,SSW,13.8,0,0
2/24/2026 14:00,10.3,204,SSW,14.77,0,0
2/24/2026 15:00,11.47,209,SSW,19.05,0,0
2/24/2026 16:00,10.5,200,SSW,13.8,0,0
2/24/2026 17:00,8.16,196,SSW,9.91,0,0
2/24/2026 18:00,5.05,180,S,7.97,0,0
2/24/2026 19:00,6.41,204,SSW,9.33,0,0
2/24/2026 20:00,5.44,180,S,7.19,0,0
2/24/2026 21:00,5.05,176,S,6.22,0,0
2/24/2026 22:00,8.16,172,S,11.86,0,0
2/24/2026 23:00,8.36,178,S,11.86,0,0
2/25/2026 0:00,6.41,172,S,9.33,0,0
2/25/2026 1:00,2.92,151,SSE,5.44,0,0
2/25/2026 2:00,3.11,117,ESE,5.83,0,0
2/25/2026 3:00,3.5,171,S,6.41,0,0
2/25/2026 4:00,5.83,154,SSE,7,0,0
2/25/2026 5:00,6.22,187,S,8.55,0,0
2/25/2026 6:00,6.8,160,SSE,8.94,0,0
2/25/2026 7:00,0.78,210,SSW,1.75,0,0
2/25/2026 8:00,3.3,208,SSW,6.22,0,0
2/25/2026 9:00,2.33,179,S,3.11,0,0
2/25/2026 10:00,3.11,239,WSW,4.86,0,0
2/25/2026 11:00,0.39,253,WSW,1.36,0,0
2/25/2026 12:00,3.5,187,S,5.83,0,0
2/25/2026 13:00,3.5,164,SSE,4.86,0,0
2/25/2026 14:00,1.17,197,SSW,2.92,0,0
2/25/2026 15:00,2.14,166,SSE,2.92,0,0
2/25/2026 16:00,4.86,203,SSW,6.61,0,0
2/25/2026 17:00,0.19,312,NW,1.17,0,0
2/25/2026 18:00,0.78,121,ESE,1.17,0,0
2/25/2026 19:00,0.58,121,ESE,1.56,0,0
2/25/2026 20:00,1.36,159,SSE,1.94,0,0
2/25/2026 21:00,3.5,162,SSE,4.28,0,0
2/25/2026 22:00,1.75,154,SSE,2.14,0,0
2/25/2026 23:00,0.78,152,SSE,1.17,0,0
2/26/2026 0:00,0.97,157,SSE,2.53,0,0
2/26/2026 1:00,0.58,117,ESE,1.94,0,0
2/26/2026 2:00,2.33,336,NNW,2.72,0,0
2/26/2026 3:00,3.5,329,NNW,4.86,0,0
2/26/2026 4:00,4.67,348,NNW,6.03,0,0
2/26/2026 5:00,5.64,332,NNW,7.39,0,0
2/26/2026 6:00,4.86,326,NW,5.25,0,0
2/26/2026 7:00,1.56,321,NW,2.33,0,0
2/26/2026 8:00,3.89,323,NW,4.47,0,0
2/26/2026 9:00,6.22,315,NW,6.8,0,0
2/26/2026 10:00,6.03,328,NNW,6.41,0,0
2/26/2026 11:00,9.33,320,NW,9.91,0,0
2/26/2026 12:00,9.14,323,NW,9.72,0,0
2/26/2026 13:00,6.03,308,NW,8.16,0,0
2/26/2026 14:00,7.97,315,NW,8.75,0,0
2/26/2026 15:00,9.14,316,NW,10.11,0,0
2/26/2026 16:00,4.67,350,N,6.22,0,0
2/26/2026 17:00,4.28,5,N,5.64,0,0
2/26/2026 18:00,4.08,257,WSW,4.86,0,0
2/26/2026 19:00,3.5,351,N,4.28,0,0
2/26/2026 20:00,9.33,329,NNW,11.47,0,0
2/26/2026 21:00,1.56,52,NE,3.11,0,0
2/26/2026 22:00,2.53,80,E,5.44,0,0
2/26/2026 23:00,2.14,238,WSW,3.3,0,0
2/27/2026 0:00,1.75,63,ENE,4.86,0,0
2/27/2026 1:00,0,112,ESE,3.11,0,0
2/27/2026 2:00,5.05,321,NW,5.25,0,0
2/27/2026 3:00,6.41,309,NW,7.97,0,0
2/27/2026 4:00,1.75,178,S,3.5,0,0
2/27/2026 5:00,5.05,347,NNW,7,0,0
2/27/2026 6:00,0.19,130,SE,4.67,0,0
2/27/2026 7:00,5.83,11,N,6.8,0,0
2/27/2026 8:00,7.58,326,NW,8.55,0,0
2/27/2026 9:00,4.67,266,W,6.22,0,0
2/27/2026 10:00,3.11,305,NW,3.89,0,0
2/27/2026 11:00,5.44,313,NW,7,0,0
2/27/2026 12:00,9.91,315,NW,10.89,0,0
2/27/2026 13:00,5.44,302,WNW,6.41,0,0
2/27/2026 14:00,9.72,330,NNW,10.3,0,0
2/27/2026 15:00,7,322,NW,7.78,0,0
2/27/2026 16:00,0,1,N,2.53,0,0
2/27/2026 17:00,2.92,25,NNE,4.67,0,0
2/27/2026 18:00,2.53,5,N,3.5,0,0
2/27/2026 19:00,2.33,340,NNW,3.3,0,0
2/27/2026 20:00,0.19,9,N,1.94,0,0
2/27/2026 21:00,1.94,303,WNW,4.08,0,0
2/27/2026 22:00,4.08,324,NW,5.25,0,0
2/27/2026 23:00,4.28,326,NW,6.22,0,0
2/28/2026 0:00,4.67,342,NNW,5.05,0,0
2/28/2026 1:00,0.39,194,SSW,1.17,0,0
2/28/2026 2:00,0.78,193,SSW,2.53,0,0
2/28/2026 3:00,4.47,319,NW,7,0,0
2/28/2026 4:00,2.92,30,NNE,4.86,0,0
2/28/2026 5:00,3.5,304,NW,4.86,0,0
2/28/2026 6:00,7.58,324,NW,8.16,0,0
2/28/2026 7:00,8.36,332,NNW,10.11,0,0
2/28/2026 8:00,2.53,190,S,3.5,0,0
2/28/2026 9:00,1.36,256,WSW,2.53,0,0
2/28/2026 10:00,1.75,249,WSW,2.53,0,0
2/28/2026 11:00,5.83,6,N,7,0,0
2/28/2026 12:00,2.92,126,SE,5.64,0,0
2/28/2026 13:00,3.69,161,SSE,4.86,0,0
2/28/2026 14:00,2.14,141,SE,3.69,0,0
2/28/2026 15:00,3.69,149,SSE,4.86,0,0
2/28/2026 16:00,0.58,55,NE,1.36,0,0
2/28/2026 17:00,1.75,141,SE,3.5,0,0
2/28/2026 18:00,7.19,215,SW,11.66,0,0
2/28/2026 19:00,0.39,249,WSW,2.33,0,0
2/28/2026 20:00,2.53,248,WSW,5.25,0,0
2/28/2026 21:00,2.53,58,ENE,5.05,0,0
2/28/2026 22:00,2.72,134,SE,4.28,0,0
2/28/2026 23:00,3.69,182,S,6.8,0,0
3/1/2026 0:00,1.36,183,S,1.75,0,0
3/1/2026 1:00,1.75,197,SSW,3.5,0,0
3/1/2026 2:00,1.75,123,ESE,2.72,0,0
3/1/2026 3:00,3.5,193,SSW,5.64,0,0
3/1/2026 4:00,1.94,123,ESE,3.89,0,0
3/1/2026 5:00,1.75,207,SSW,3.89,0,0
3/1/2026 6:00,3.3,242,WSW,5.05,0,0
3/1/2026 7:00,3.3,294,WNW,5.25,0,0
3/1/2026 8:00,1.56,251,WSW,2.72,0,0
3/1/2026 9:00,1.56,196,SSW,1.94,0,0
3/1/2026 10:00,1.94,137,SE,4.67,0,0
3/1/2026 11:00,3.69,171,S,6.22,0,0
3/1/2026 12:00,6.03,181,S,9.52,0,0
3/1/2026 13:00,4.08,198,SSW,8.94,0,0
3/1/2026 14:00,7.39,219,SW,11.47,0,0
3/1/2026 15:00,6.41,221,SW,9.52,0,0
3/1/2026 16:00,4.86,194,SSW,7.58,0,0
3/1/2026 17:00,3.89,202,SSW,8.16,0,0
3/1/2026 18:00,2.92,225,SW,4.67,0,0
3/1/2026 19:00,4.28,249,WSW,7.19,0,0
3/1/2026 20:00,7.97,246,WSW,11.27,0,0
3/1/2026 21:00,7,259,W,9.33,0,0
3/1/2026 22:00,2.53,278,W,6.03,0,0
3/1/2026 23:00,4.08,257,WSW,6.22,0,0
3/2/2026 0:00,1.75,229,SW,3.11,0,0
3/2/2026 1:00,2.72,212,SSW,4.47,0,0
3/2/2026 2:00,2.14,213,SSW,3.89,0,0
3/2/2026 3:00,2.53,169,S,4.28,0,0
3/2/2026 4:00,5.25,165,SSE,7.39,0,0
3/2/2026 5:00,2.72,215,SW,5.25,0,0
3/2/2026 6:00,3.89,242,WSW,6.41,0,0
3/2/2026 7:00,1.56,196,SSW,2.92,0,0
3/2/2026 8:00,0.97,214,SW,4.28,0,0
3/2/2026 9:00,2.72,155,SSE,3.11,0,0
3/2/2026 10:00,4.08,148,SSE,5.44,0,0
3/2/2026 11:00,7,159,SSE,8.16,0,0
3/2/2026 12:00,6.61,158,SSE,7.78,0,0
3/2/2026 13:00,4.86,201,SSW,6.61,0,0
3/2/2026 14:00,4.28,193,SSW,7.39,0,0
3/2/2026 15:00,3.3,196,SSW,5.44,0,0
3/2/2026 16:00,3.89,196,SSW,5.05,0,0
3/2/2026 17:00,3.5,200,SSW,5.44,0,0
3/2/2026 18:00,2.33,214,SW,4.47,0,0
3/2/2026 19:00,1.94,263,W,7.19,0,0
3/2/2026 20:00,8.16,307,NW,10.11,0,0
3/2/2026 21:00,6.22,316,NW,7.78,0,0
3/2/2026 22:00,6.03,314,NW,8.75,0,0
3/2/2026 23:00,3.89,344,NNW,4.47,0,0
3/3/2026 0:00,3.11,289,WNW,4.08,0,0
3/3/2026 1:00,2.53,264,W,4.28,0,0
3/3/2026 2:00,1.94,144,SE,4.08,0,0
3/3/2026 3:00,1.36,147,SSE,3.11,0,0
3/3/2026 4:00,1.94,278,W,3.69,0,0
3/3/2026 5:00,4.47,324,NW,5.44,0,0
3/3/2026 6:00,3.3,313,NW,4.47,0,0
3/3/2026 7:00,4.67,322,NW,5.83,0,0
3/3/2026 8:00,3.89,279,W,6.03,0,0
3/3/2026 9:00,1.56,310,NW,2.53,0,0
3/3/2026 10:00,2.53,157,SSE,3.3,0,0
3/3/2026 11:00,2.53,144,SE,4.28,0,0
3/3/2026 12:00,4.47,155,SSE,5.83,0,0
3/3/2026 13:00,2.92,164,SSE,5.64,0,0
3/3/2026 14:00,6.61,179,S,9.91,0,0
3/3/2026 15:00,4.86,188,S,6.61,0,0
3/3/2026 16:00,1.56,233,SW,4.86,0,0
3/3/2026 17:00,1.56,140,SE,2.72,0,0
3/3/2026 18:00,11.08,307,NW,14.77,0,0
3/3/2026 19:00,9.33,312,NW,11.47,0,0
3/3/2026 20:00,7,305,NW,12.25,0,0
3/3/2026 21:00,6.8,295,WNW,8.94,0,0
3/3/2026 22:00,1.94,140,SE,3.89,0,0
3/3/2026 23:00,2.92,142,SE,5.05,0,0
3/4/2026 0:00,7.39,279,W,9.14,0,0
3/4/2026 1:00,1.36,212,SSW,2.53,0,0
3/4/2026 2:00,7.78,305,NW,11.08,0,0
3/4/2026 3:00,6.22,285,WNW,7.58,0,0
3/4/2026 4:00,4.47,286,WNW,7.39,0,0
3/4/2026 5:00,8.16,299,WNW,10.89,0,0
3/4/2026 6:00,4.28,301,WNW,5.83,0,0
3/4/2026 7:00,12.25,287,WNW,18.47,0,0
3/4/2026 8:00,,,,,1,1
3/4/2026 9:00,1.94,210,SSW,5.25,0,0
3/4/2026 10:00,8.75,295,WNW,10.89,0,0
3/4/2026 11:00,5.05,287,WNW,8.16,0,0
3/4/2026 12:00,6.22,291,WNW,8.36,0,0
3/4/2026 13:00,4.08,291,WNW,7.19,0,0
3/4/2026 14:00,9.33,306,NW,11.66,0,0
3/4/2026 15:00,12.05,294,WNW,16.33,0,0
3/4/2026 16:00,12.83,284,WNW,18.47,0,0
3/4/2026 17:00,15.55,287,WNW,20.41,0,0
3/4/2026 18:00,10.5,295,WNW,14.38,0,0
3/4/2026 19:00,12.64,293,WNW,16.91,0,0
3/4/2026 20:00,10.69,309,NW,14.97,0,0
3/4/2026 21:00,12.25,313,NW,15.94,0,0
3/4/2026 22:00,14.19,332,NNW,18.47,0,0
3/4/2026 23:00,18.08,328,NNW,22.16,0,0
3/5/2026 0:00,12.25,321,NW,14,0,0
3/5/2026 1:00,7.58,303,WNW,8.55,0,0
3/5/2026 2:00,9.33,338,NNW,11.47,0,0
3/5/2026 3:00,8.16,326,NW,9.72,0,0
3/5/2026 4:00,7.19,330,NNW,8.55,0,0
3/5/2026 5:00,8.36,339,NNW,10.5,0,0
3/5/2026 6:00,6.61,317,NW,10.11,0,0
3/5/2026 7:00,6.8,320,NW,8.75,0,0
3/5/2026 8:00,11.47,333,NNW,14,0,0
3/5/2026 9:00,11.47,334,NNW,12.83,0,0
3/5/2026 10:00,10.69,337,NNW,12.64,0,0
3/5/2026 11:00,11.08,330,NNW,12.44,0,0
3/5/2026 12:00,7,325,NW,8.36,0,0
3/5/2026 13:00,11.66,333,NNW,13.41,0,0
3/5/2026 14:00,10.3,326,NW,12.05,0,0
3/5/2026 15:00,7.97,293,WNW,10.3,0,0
3/5/2026 16:00,8.75,305,NW,13.41,0,0
3/5/2026 17:00,7.19,302,WNW,11.27,0,0
3/5/2026 18:00,11.47,312,NW,14.38,0,0
3/5/2026 19:00,11.86,310,NW,14.77,0,0
3/5/2026 20:00,11.27,306,NW,13.61,0,0
3/5/2026 21:00,7.19,300,WNW,9.72,0,0
3/5/2026 22:00,7.19,324,NW,10.5,0,0
3/5/2026 23:00,9.14,330,NNW,11.66,0,0
3/6/2026 0:00,10.5,337,NNW,13.61,0,0
3/6/2026 1:00,9.52,327,NNW,12.25,0,0
3/6/2026 2:00,9.52,340,NNW,12.44,0,0
3/6/2026 3:00,10.89,339,NNW,15.55,0,0
3/6/2026 4:00,10.89,343,NNW,14.38,0,0
3/6/2026 5:00,11.86,339,NNW,15.36,0,0
3/6/2026 6:00,10.11,343,NNW,14,0,0
3/6/2026 7:00,3.11,324,NW,5.64,0,0
3/6/2026 8:00,1.94,31,NNE,2.53,0,0
3/6/2026 9:00,5.05,331,NNW,5.64,0,0
3/6/2026 10:00,9.14,338,NNW,11.08,0,0
3/6/2026 11:00,7.19,307,NW,9.14,0,0
3/6/2026 12:00,7.58,314,NW,10.3,0,0
3/6/2026 13:00,9.52,355,N,15.36,0,0
3/6/2026 14:00,7.97,354,N,10.89,0,0
3/6/2026 15:00,8.75,353,N,13.02,0,0
3/6/2026 16:00,7.19,8,N,11.27,0,0
3/6/2026 17:00,6.61,352,N,8.94,0,0
3/6/2026 18:00,10.11,8,N,12.25,0,0
3/6/2026 19:00,8.55,11,N,11.86,0,0
3/6/2026 20:00,7,326,NW,8.16,0,0
3/6/2026 21:00,5.44,341,NNW,6.8,0,0
3/6/2026 22:00,6.41,329,NNW,7.19,0,0
3/6/2026 23:00,8.75,344,NNW,10.89,0,0
3/7/2026 0:00,7,336,NNW,7.58,0,0
3/7/2026 1:00,9.14,357,N,10.89,0,0
3/7/2026 2:00,13.22,351,N,16.13,0,0
3/7/2026 3:00,14.58,351,N,20.99,0,0
3/7/2026 4:00,16.13,3,N,20.99,0,0
3/7/2026 5:00,12.05,360,N,17.11,0,0
3/7/2026 6:00,12.64,4,N,15.75,0,0
3/7/2026 7:00,10.3,345,NNW,12.05,0,0
3/7/2026 8:00,12.05,320,NW,14.97,0,0
3/7/2026 9:00,10.3,355,N,13.41,0,0
3/7/2026 10:00,7.97,348,NNW,11.66,0,0
3/7/2026 11:00,8.36,308,NW,11.66,0,0
3/7/2026 12:00,12.05,350,N,15.16,0,0
3/7/2026 13:00,14.19,357,N,17.88,0,0
3/7/2026 14:00,11.86,16,NNE,16.52,0,0
3/7/2026 15:00,7.58,360,N,11.66,0,0
3/7/2026 16:00,1.75,176,S,2.14,0,0
3/7/2026 17:00,0.78,225,SW,2.92,0,0
3/7/2026 18:00,1.94,89,E,2.72,0,0
3/7/2026 19:00,2.72,127,SE,5.25,0,0
3/7/2026 20:00,2.72,155,SSE,3.89,0,0
3/7/2026 21:00,2.33,128,SE,4.86,0,0
3/7/2026 22:00,2.53,103,ESE,5.05,0,0
3/7/2026 23:00,2.72,130,SE,4.67,0,0
3/8/2026 0:00,3.11,107,ESE,3.89,0,0
3/8/2026 1:00,1.56,166,SSE,2.92,0,0
3/8/2026 2:00,,,,,1,1
3/8/2026 3:00,1.75,249,WSW,3.3,0,0
3/8/2026 4:00,1.36,358,N,2.92,0,0
3/8/2026 5:00,2.53,155,SSE,3.5,0,0
3/8/2026 6:00,1.75,164,SSE,2.92,0,0
3/8/2026 7:00,1.56,241,WSW,2.53,0,0
3/8/2026 8:00,1.17,26,NNE,1.56,0,0
3/8/2026 9:00,3.11,303,WNW,3.5,0,0
3/8/2026 10:00,3.89,328,NNW,4.28,0,0
3/8/2026 11:00,2.33,286,WNW,2.53,0,0
3/8/2026 12:00,1.56,250,WSW,2.92,0,0
3/8/2026 13:00,2.14,237,WSW,2.53,0,0
3/8/2026 14:00,1.94,206,SSW,3.89,0,0
3/8/2026 15:00,4.28,195,SSW,7,0,0
3/8/2026 16:00,5.64,198,SSW,7.97,0,0
3/8/2026 17:00,5.25,196,SSW,7.78,0,0
3/8/2026 18:00,2.53,169,S,4.86,0,0
3/8/2026 19:00,1.75,310,NW,2.53,0,0
3/8/2026 20:00,1.56,98,E,4.08,0,0
3/8/2026 21:00,2.53,113,ESE,4.08,0,0
3/8/2026 22:00,3.89,170,S,5.05,0,0
3/8/2026 23:00,1.94,260,W,3.69,0,0
3/9/2026 0:00,5.25,183,S,10.3,0,0
3/9/2026 1:00,8.94,158,SSE,11.27,0,0
3/9/2026 2:00,5.25,180,S,7.58,0,0
3/9/2026 3:00,7.19,161,SSE,8.94,0,0
3/9/2026 4:00,3.89,177,S,6.8,0,0
3/9/2026 5:00,3.89,303,WNW,5.64,0,0
3/9/2026 6:00,2.33,316,NW,3.3,0,0
3/9/2026 7:00,3.5,306,NW,4.08,0,0
3/9/2026 8:00,1.36,14,NNE,3.11,0,0
3/9/2026 9:00,5.25,324,NW,5.83,0,0
3/9/2026 10:00,6.03,317,NW,6.61,0,0
3/9/2026 11:00,1.94,294,WNW,2.33,0,0
3/9/2026 12:00,2.53,184,S,4.47,0,0
3/9/2026 13:00,3.11,168,SSE,4.28,0,0
3/9/2026 14:00,3.3,155,SSE,4.67,0,0
3/9/2026 15:00,4.08,167,SSE,5.83,0,0
3/9/2026 16:00,3.89,179,S,6.8,0,0
3/9/2026 17:00,7.19,157,SSE,8.36,0,0
3/9/2026 18:00,3.69,200,SSW,5.83,0,0
3/9/2026 19:00,10.69,317,NW,14.19,0,0
3/9/2026 20:00,8.75,297,WNW,11.86,0,0
3/9/2026 21:00,7.58,168,SSE,9.72,0,0
3/9/2026 22:00,4.86,309,NW,6.8,0,0
3/9/2026 23:00,7.78,304,NW,8.75,0,0
3/10/2026 0:00,2.92,309,NW,5.25,0,0
3/10/2026 1:00,0,96,E,0.97,0,0
3/10/2026 2:00,5.25,162,SSE,6.8,0,0
3/10/2026 3:00,6.41,164,SSE,8.55,0,0
3/10/2026 4:00,7.39,161,SSE,9.91,0,0
3/10/2026 5:00,6.03,169,S,12.64,0,0
3/10/2026 6:00,1.75,231,SW,4.47,0,0
3/10/2026 7:00,3.3,180,S,6.22,0,0
3/10/2026 8:00,1.75,215,SW,3.3,0,0
3/10/2026 9:00,2.92,298,WNW,5.83,0,0
3/10/2026 10:00,2.14,283,WNW,3.89,0,0
3/10/2026 11:00,4.08,151,SSE,5.83,0,0
3/10/2026 12:00,7.78,160,SSE,9.72,0,0
3/10/2026 13:00,10.11,161,SSE,13.22,0,0
3/10/2026 14:00,4.08,147,SSE,8.55,0,0
3/10/2026 15:00,7.97,166,SSE,9.14,0,0
3/10/2026 16:00,8.16,165,SSE,9.91,0,0
3/10/2026 17:00,3.3,171,S,5.25,0,0
3/10/2026 18:00,9.72,315,NW,14.19,0,0
3/10/2026 19:00,7.39,329,NNW,9.52,0,0
3/10/2026 20:00,8.36,328,NNW,11.27,0,0
3/10/2026 21:00,7.97,318,NW,9.52,0,0
3/10/2026 22:00,3.89,297,WNW,4.86,0,0
3/10/2026 23:00,4.86,293,WNW,6.03,0,0
3/11/2026 0:00,5.64,289,WNW,6.61,0,0
3/11/2026 1:00,2.92,294,WNW,4.08,0,0
3/11/2026 2:00,0.19,3,N,1.56,0,0
3/11/2026 3:00,2.92,321,NW,3.69,0,0
3/11/2026 4:00,2.72,298,WNW,3.89,0,0
3/11/2026 5:00,2.33,2,N,2.72,0,0
3/11/2026 6:00,0.19,44,NE,1.17,0,0
3/11/2026 7:00,3.5,1,N,4.47,0,0
3/11/2026 8:00,4.86,321,NW,5.25,0,0
3/11/2026 9:00,1.36,303,WNW,2.53,0,0
3/11/2026 10:00,5.25,323,NW,6.41,0,0
3/11/2026 11:00,2.53,325,NW,3.89,0,0
3/11/2026 12:00,6.41,317,NW,8.16,0,0
3/11/2026 13:00,4.67,311,NW,6.22,0,0
3/11/2026 14:00,5.05,286,WNW,6.61,0,0
3/11/2026 15:00,4.08,290,WNW,5.83,0,0
3/11/2026 16:00,3.5,292,WNW,4.67,0,0
3/11/2026 17:00,1.17,184,S,3.5,0,0
3/11/2026 18:00,2.14,196,SSW,3.3,0,0
3/11/2026 19:00,2.72,115,ESE,3.89,0,0
3/11/2026 20:00,5.44,334,NNW,6.8,0,0
3/11/2026 21:00,6.03,322,NW,7.39,0,0
3/11/2026 22:00,1.36,168,SSE,2.33,0,0
3/11/2026 23:00,0.39,185,S,1.75,0,0
3/12/2026 0:00,3.11,320,NW,3.3,0,0
3/12/2026 1:00,0,269,W,0,0,0
3/12/2026 2:00,1.36,296,WNW,2.33,0,0
3/12/2026 3:00,1.94,91,E,2.33,0,0
3/12/2026 4:00,1.17,321,NW,2.14,0,0
3/12/2026 5:00,1.56,12,NNE,2.33,0,0
3/12/2026 6:00,1.94,344,NNW,2.14,0,0
3/12/2026 7:00,1.94,339,NNW,2.53,0,0
3/12/2026 8:00,2.33,327,NNW,2.53,0,0
3/12/2026 9:00,1.94,301,WNW,2.53,0,0
3/12/2026 10:00,2.92,313,NW,3.89,0,0
3/12/2026 11:00,4.86,308,NW,5.64,0,0
3/12/2026 12:00,6.22,285,WNW,7.78,0,0
3/12/2026 13:00,1.56,256,WSW,2.92,0,0
3/12/2026 14:00,2.14,161,SSE,2.72,0,0
3/12/2026 15:00,3.89,198,SSW,5.44,0,0
3/12/2026 16:00,4.47,179,S,8.55,0,0
3/12/2026 17:00,4.28,182,S,5.64,0,0
3/12/2026 18:00,3.3,153,SSE,5.05,0,0
3/12/2026 19:00,2.53,149,SSE,6.41,0,0
3/12/2026 20:00,4.08,190,S,5.64,0,0
3/12/2026 21:00,2.33,137,SE,3.89,0,0
3/12/2026 22:00,2.14,153,SSE,3.69,0,0
3/12/2026 23:00,4.08,172,S,5.25,0,0
3/13/2026 0:00,5.83,179,S,8.16,0,0
3/13/2026 1:00,5.25,190,S,7.19,0,0
3/13/2026 2:00,2.53,176,S,4.08,0,0
3/13/2026 3:00,2.14,281,W,3.11,0,0
3/13/2026 4:00,1.36,133,SE,2.53,0,0
3/13/2026 5:00,4.08,191,S,5.64,0,0
3/13/2026 6:00,4.08,191,S,5.44,0,0
3/13/2026 7:00,3.11,182,S,5.64,0,0
3/13/2026 8:00,0.58,151,SSE,1.75,0,0
3/13/2026 9:00,0.78,259,W,2.14,0,0
3/13/2026 10:00,1.94,301,WNW,2.53,0,0
3/13/2026 11:00,1.17,172,S,2.33,0,0
3/13/2026 12:00,1.94,173,S,2.72,0,0
3/13/2026 13:00,2.33,170,S,3.5,0,0
3/13/2026 14:00,2.14,166,SSE,3.5,0,0
3/13/2026 15:00,4.08,172,S,5.64,0,0
3/13/2026 16:00,3.5,169,S,5.83,0,0
3/13/2026 17:00,3.3,161,SSE,4.86,0,0
3/13/2026 18:00,5.64,199,SSW,6.8,0,0
3/13/2026 19:00,4.86,157,SSE,6.61,0,0
3/13/2026 20:00,1.17,95,E,2.33,0,0
3/13/2026 21:00,8.36,162,SSE,10.11,0,0
3/13/2026 22:00,5.44,150,SSE,8.16,0,0
3/13/2026 23:00,4.28,155,SSE,6.03,0,0
3/14/2026 0:00,4.47,164,SSE,5.44,0,0
3/14/2026 1:00,3.3,163,SSE,5.64,0,0
3/14/2026 2:00,3.3,162,SSE,4.67,0,0
3/14/2026 3:00,5.25,160,SSE,7.78,0,0
3/14/2026 4:00,3.89,166,SSE,5.05,0,0
3/14/2026 5:00,2.92,156,SSE,4.67,0,0
3/14/2026 6:00,3.89,189,S,5.44,0,0
3/14/2026 7:00,7.58,158,SSE,10.11,0,0
3/14/2026 8:00,4.86,160,SSE,6.8,0,0
3/14/2026 9:00,6.8,157,SSE,8.55,0,0
3/14/2026 10:00,7,161,SSE,8.94,0,0
3/14/2026 11:00,3.3,143,SE,6.41,0,0
3/14/2026 12:00,6.03,159,SSE,7.78,0,0
3/14/2026 13:00,5.83,161,SSE,7,0,0
3/14/2026 14:00,3.5,195,SSW,4.67,0,0
3/14/2026 15:00,4.28,183,S,6.41,0,0
3/14/2026 16:00,4.28,167,SSE,6.41,0,0
3/14/2026 17:00,5.25,162,SSE,7.19,0,0
3/14/2026 18:00,2.72,172,S,3.89,0,0
3/14/2026 19:00,8.36,314,NW,11.66,0,0
3/14/2026 20:00,6.8,312,NW,9.91,0,0
3/14/2026 21:00,0.97,76,ENE,2.33,0,0
3/14/2026 22:00,4.67,176,S,6.22,0,0
3/14/2026 23:00,0.97,135,SE,1.94,0,0
3/15/2026 0:00,0.58,106,ESE,1.56,0,0
3/15/2026 1:00,0.19,137,SE,1.75,0,0
3/15/2026 2:00,0,83,E,1.94,0,0
3/15/2026 3:00,3.11,90,E,4.28,0,0
3/15/2026 4:00,0.97,167,SSE,2.33,0,0
3/15/2026 5:00,0.97,248,WSW,1.36,0,0
3/15/2026 6:00,0.58,131,SE,1.17,0,0
3/15/2026 7:00,2.92,273,W,3.69,0,0
3/15/2026 8:00,1.75,315,NW,2.33,0,0
3/15/2026 9:00,2.53,322,NW,3.3,0,0
3/15/2026 10:00,2.33,144,SE,3.3,0,0
3/15/2026 11:00,1.56,126,SE,3.11,0,0
3/15/2026 12:00,1.36,141,SE,3.69,0,0
3/15/2026 13:00,1.36,160,SSE,2.33,0,0
3/15/2026 14:00,2.53,196,SSW,3.5,0,0
3/15/2026 15:00,1.75,181,S,4.08,0,0
3/15/2026 16:00,1.17,148,SSE,2.53,0,0
3/15/2026 17:00,4.67,191,S,7,0,0
3/15/2026 18:00,3.11,123,ESE,4.28,0,0
3/15/2026 19:00,2.72,148,SSE,4.86,0,0
3/15/2026 20:00,4.08,146,SE,6.41,0,0
3/15/2026 21:00,3.3,148,SSE,4.67,0,0
3/15/2026 22:00,2.33,165,SSE,3.89,0,0
3/15/2026 23:00,0.97,14,NNE,1.36,0,0
3/16/2026 0:00,1.94,319,NW,2.33,0,0
3/16/2026 1:00,2.33,317,NW,2.72,0,0
3/16/2026 2:00,1.56,143,SE,1.94,0,0
3/16/2026 3:00,1.94,329,NNW,3.11,0,0
3/16/2026 4:00,2.14,337,NNW,2.33,0,0
3/16/2026 5:00,2.72,310,NW,3.11,0,0
3/16/2026 6:00,1.36,307,NW,1.56,0,0
3/16/2026 7:00,2.33,333,NNW,3.3,0,0
3/16/2026 8:00,0.78,135,SE,1.36,0,0
3/16/2026 9:00,0.19,18,NNE,1.56,0,0
3/16/2026 10:00,4.67,310,NW,5.64,0,0
3/16/2026 11:00,4.08,312,NW,5.44,0,0
3/16/2026 12:00,1.56,288,WNW,2.33,0,0
3/16/2026 13:00,0.97,144,SE,2.33,0,0
3/16/2026 14:00,0.39,156,SSE,0.97,0,0
3/16/2026 15:00,0.97,169,S,2.72,0,0
3/16/2026 16:00,2.72,337,NNW,3.3,0,0
3/16/2026 17:00,2.53,217,SW,3.69,0,0
3/16/2026 18:00,0.19,89,E,0.78,0,0
3/16/2026 19:00,2.92,140,SE,4.47,0,0
3/16/2026 20:00,2.14,122,ESE,3.3,0,0
3/16/2026 21:00,2.92,143,SE,4.28,0,0
3/16/2026 22:00,2.53,141,SE,4.08,0,0
3/16/2026 23:00,1.56,140,SE,4.86,0,0
3/17/2026 0:00,1.17,12,NNE,1.36,0,0
3/17/2026 1:00,1.36,97,E,1.56,0,0
3/17/2026 2:00,1.94,326,NW,2.53,0,0
3/17/2026 3:00,0,280,W,0.39,0,0
3/17/2026 4:00,1.56,320,NW,1.75,0,0
3/17/2026 5:00,2.14,330,NNW,2.72,0,0
3/17/2026 6:00,3.11,310,NW,4.08,0,0
3/17/2026 7:00,6.8,317,NW,7.58,0,0
3/17/2026 8:00,3.69,324,NW,4.86,0,0
3/17/2026 9:00,5.44,328,NNW,7,0,0
3/17/2026 10:00,7.78,329,NNW,9.33,0,0
3/17/2026 11:00,6.8,313,NW,8.75,0,0
3/17/2026 12:00,7.78,294,WNW,9.33,0,0
3/17/2026 13:00,7,314,NW,8.36,0,0
3/17/2026 14:00,9.14,11,N,10.89,0,0
3/17/2026 15:00,6.8,325,NW,7.97,0,0
3/17/2026 16:00,8.55,319,NW,9.52,0,0
3/17/2026 17:00,8.75,321,NW,10.3,0,0
3/17/2026 18:00,6.41,23,NNE,8.75,0,0
3/17/2026 19:00,2.33,282,WNW,2.92,0,0
3/17/2026 20:00,3.11,313,NW,4.67,0,0
3/17/2026 21:00,2.33,316,NW,2.53,0,0
3/17/2026 22:00,0.78,46,NE,1.94,0,0
3/17/2026 23:00,0.58,86,E,1.17,0,0
3/18/2026 0:00,1.94,271,W,2.53,0,0
3/18/2026 1:00,1.36,5,N,1.56,0,0
3/18/2026 2:00,1.94,122,ESE,2.33,0,0
3/18/2026 3:00,1.75,239,WSW,2.33,0,0
3/18/2026 4:00,1.75,314,NW,2.53,0,0
3/18/2026 5:00,2.53,302,WNW,2.72,0,0
3/18/2026 6:00,0,330,NNW,0.58,0,0
3/18/2026 7:00,1.75,293,WNW,2.14,0,0
3/18/2026 8:00,7.58,325,NW,8.55,0,0
3/18/2026 9:00,8.94,318,NW,10.5,0,0
3/18/2026 10:00,10.69,322,NW,11.47,0,0
3/18/2026 11:00,6.41,310,NW,8.16,0,0
3/18/2026 12:00,7.39,313,NW,9.72,0,0
3/18/2026 13:00,4.08,305,NW,7,0,0
3/18/2026 14:00,4.28,303,WNW,7,0,0
3/18/2026 15:00,5.64,300,WNW,7,0,0
3/18/2026 16:00,6.22,319,NW,7.39,0,0
3/18/2026 17:00,2.53,153,SSE,2.92,0,0
3/18/2026 18:00,3.3,148,SSE,4.67,0,0
3/18/2026 19:00,2.92,137,SE,4.86,0,0
3/18/2026 20:00,2.33,140,SE,3.69,0,0
3/18/2026 21:00,2.14,136,SE,5.25,0,0
3/18/2026 22:00,1.75,88,E,3.89,0,0
3/18/2026 23:00,1.56,129,SE,2.92,0,0
3/19/2026 0:00,2.14,137,SE,4.67,0,0
3/19/2026 1:00,1.36,104,ESE,3.69,0,0
3/19/2026 2:00,1.94,89,E,3.89,0,0
3/19/2026 3:00,2.33,90,E,2.92,0,0
3/19/2026 4:00,0.58,123,ESE,1.94,0,0
3/19/2026 5:00,1.56,131,SE,2.33,0,0
3/19/2026 6:00,0.78,54,NE,1.36,0,0
3/19/2026 7:00,0.78,355,N,1.56,0,0
3/19/2026 8:00,1.75,315,NW,2.14,0,0
3/19/2026 9:00,3.5,324,NW,4.47,0,0
3/19/2026 10:00,6.41,316,NW,6.8,0,0
3/19/2026 11:00,5.05,310,NW,6.22,0,0
3/19/2026 12:00,7.78,317,NW,9.14,0,0
3/19/2026 13:00,7.78,301,WNW,9.33,0,0
3/19/2026 14:00,8.94,314,NW,9.33,0,0
3/19/2026 15:00,8.75,323,NW,9.33,0,0
3/19/2026 16:00,7.19,326,NW,9.14,0,0
3/19/2026 17:00,7.58,314,NW,8.94,0,0
3/19/2026 18:00,5.64,328,NNW,6.61,0,0
3/19/2026 19:00,4.47,253,WSW,5.25,0,0
3/19/2026 20:00,0.97,142,SE,1.36,0,0
3/19/2026 21:00,0.97,109,ESE,2.33,0,0
3/19/2026 22:00,4.28,150,SSE,5.25,0,0
3/19/2026 23:00,0,138,SE,0,0,0
3/20/2026 0:00,2.14,256,WSW,2.33,0,0
3/20/2026 1:00,1.56,249,WSW,1.94,0,0
3/20/2026 2:00,0,7,N,0.39,0,0
3/20/2026 3:00,1.75,328,NNW,1.94,0,0
3/20/2026 4:00,2.33,321,NW,3.11,0,0
3/20/2026 5:00,2.14,337,NNW,3.69,0,0
3/20/2026 6:00,4.67,311,NW,5.05,0,0
3/20/2026 7:00,5.83,334,NNW,6.41,0,0
3/20/2026 8:00,0.39,319,NW,1.94,0,0
3/20/2026 9:00,8.36,326,NW,9.14,0,0
3/20/2026 10:00,6.61,317,NW,7.58,0,0
3/20/2026 11:00,3.89,324,NW,4.28,0,0
3/20/2026 12:00,1.17,283,WNW,2.53,0,0
3/20/2026 13:00,1.36,266,W,2.14,0,0
3/20/2026 14:00,1.36,274,W,1.75,0,0
3/20/2026 15:00,3.3,312,NW,4.08,0,0
3/20/2026 16:00,2.53,258,WSW,3.3,0,0
3/20/2026 17:00,0.78,148,SSE,1.56,0,0
3/20/2026 18:00,1.36,133,SE,2.14,0,0
3/20/2026 19:00,2.14,132,SE,3.5,0,0
3/20/2026 20:00,2.53,145,SE,4.47,0,0
3/20/2026 21:00,2.33,119,ESE,3.3,0,0
3/20/2026 22:00,2.92,122,ESE,4.86,0,0
3/20/2026 23:00,0.19,296,WNW,1.36,0,0
3/21/2026 0:00,2.53,217,SW,6.22,0,0
3/21/2026 1:00,2.72,243,WSW,3.5,0,0
3/21/2026 2:00,2.92,168,SSE,3.69,0,0
3/21/2026 3:00,3.3,182,S,5.83,0,0
3/21/2026 4:00,4.08,162,SSE,6.8,0,0
3/21/2026 5:00,4.28,153,SSE,9.33,0,0
3/21/2026 6:00,2.14,85,E,3.3,0,0
3/21/2026 7:00,4.08,147,SSE,8.75,0,0
3/21/2026 8:00,1.36,275,W,3.11,0,0
3/21/2026 9:00,1.36,110,ESE,2.53,0,0
3/21/2026 10:00,2.53,162,SSE,3.5,0,0
3/21/2026 11:00,2.53,140,SE,4.08,0,0
3/21/2026 12:00,3.11,124,SE,4.08,0,0
3/21/2026 13:00,6.03,182,S,8.36,0,0
3/21/2026 14:00,3.69,123,ESE,8.16,0,0
3/21/2026 15:00,1.94,135,SE,9.72,0,0
3/21/2026 16:00,1.75,113,ESE,4.67,0,0
3/21/2026 17:00,0.97,193,SSW,3.3,0,0
3/21/2026 18:00,8.94,319,NW,11.86,0,0
3/21/2026 19:00,7.97,338,NNW,10.11,0,0
3/21/2026 20:00,9.14,298,WNW,12.05,0,0
3/21/2026 21:00,7,307,NW,10.89,0,0
3/21/2026 22:00,7.19,160,SSE,9.52,0,0
3/21/2026 23:00,2.72,125,SE,3.89,0,0
3/22/2026 0:00,10.5,165,SSE,13.22,0,0
3/22/2026 1:00,8.36,162,SSE,10.3,0,0
3/22/2026 2:00,8.16,166,SSE,11.27,0,0
3/22/2026 3:00,5.64,166,SSE,7.58,0,0
3/22/2026 4:00,2.92,165,SSE,4.86,0,0
3/22/2026 5:00,3.3,186,S,7,0,0
3/22/2026 6:00,3.5,199,SSW,5.44,0,0
3/22/2026 7:00,2.92,199,SSW,3.5,0,0
3/22/2026 8:00,4.28,156,SSE,5.44,0,0
3/22/2026 9:00,2.53,158,SSE,4.47,0,0
3/22/2026 10:00,2.72,145,SE,5.25,0,0
3/22/2026 11:00,5.64,156,SSE,7.97,0,0
3/22/2026 12:00,4.67,150,SSE,7.97,0,0
3/22/2026 13:00,5.05,174,S,8.55,0,0
3/22/2026 14:00,6.41,154,SSE,7.58,0,0
3/22/2026 15:00,9.33,157,SSE,11.86,0,0
3/22/2026 16:00,3.89,162,SSE,7,0,0
3/22/2026 17:00,4.67,172,S,7.97,0,0
3/22/2026 18:00,3.3,141,SE,5.83,0,0
3/22/2026 19:00,4.28,186,S,5.05,0,0
3/22/2026 20:00,1.94,137,SE,2.92,0,0
3/22/2026 21:00,4.67,131,SE,8.94,0,0
3/22/2026 22:00,8.36,149,SSE,12.64,0,0
3/22/2026 23:00,6.22,165,SSE,9.33,0,0
3/23/2026 0:00,7.97,166,SSE,9.91,0,0
3/23/2026 1:00,5.64,166,SSE,7.97,0,0
3/23/2026 2:00,5.25,177,S,8.55,0,0
3/23/2026 3:00,7.78,163,SSE,10.11,0,0
3/23/2026 4:00,4.67,167,SSE,7.97,0,0
3/23/2026 5:00,4.86,179,S,7,0,0
3/23/2026 6:00,5.83,165,SSE,7.19,0,0
3/23/2026 7:00,5.64,159,SSE,8.16,0,0
3/23/2026 8:00,4.67,162,SSE,7,0,0
3/23/2026 9:00,3.11,161,SSE,5.44,0,0
3/23/2026 10:00,4.67,166,SSE,6.41,0,0
3/23/2026 11:00,4.67,152,SSE,6.22,0,0
3/23/2026 12:00,4.86,151,SSE,7.19,0,0
3/23/2026 13:00,1.75,157,SSE,2.33,0,0
3/23/2026 14:00,1.75,119,ESE,2.72,0,0
3/23/2026 15:00,2.53,137,SE,4.47,0,0
3/23/2026 16:00,3.89,156,SSE,5.83,0,0
3/23/2026 17:00,3.89,156,SSE,4.67,0,0
3/23/2026 18:00,2.72,178,S,3.69,0,0
3/23/2026 19:00,10.69,308,NW,14.38,0,0
3/23/2026 20:00,10.11,301,WNW,13.61,0,0
3/23/2026 21:00,5.64,305,NW,7.39,0,0
3/23/2026 22:00,4.28,301,WNW,6.03,0,0
3/23/2026 23:00,4.86,165,SSE,5.83,0,0
3/24/2026 0:00,3.3,121,ESE,4.28,0,0
3/24/2026 1:00,6.22,165,SSE,7,0,0
3/24/2026 2:00,3.69,157,SSE,4.86,0,0
3/24/2026 3:00,1.17,113,ESE,2.72,0,0
3/24/2026 4:00,1.36,235,SW,2.33,0,0
3/24/2026 5:00,1.56,143,SE,2.72,0,0
3/24/2026 6:00,0.19,126,SE,1.75,0,0
3/24/2026 7:00,0,154,SSE,1.17,0,0
3/24/2026 8:00,2.92,323,NW,3.3,0,0
3/24/2026 9:00,1.17,125,SE,1.56,0,0
3/24/2026 10:00,1.94,202,SSW,3.11,0,0
3/24/2026 11:00,3.11,154,SSE,4.67,0,0
3/24/2026 12:00,4.08,160,SSE,4.86,0,0
3/24/2026 13:00,5.05,159,SSE,6.61,0,0
3/24/2026 14:00,3.89,164,SSE,5.83,0,0
3/24/2026 15:00,1.56,115,ESE,3.3,0,0
3/24/2026 16:00,2.53,117,ESE,3.11,0,0
3/24/2026 17:00,4.28,157,SSE,5.05,0,0
3/24/2026 18:00,3.5,146,SE,5.44,0,0
3/24/2026 19:00,2.92,123,ESE,4.47,0,0
3/24/2026 20:00,9.72,323,NW,10.89,0,0
3/24/2026 21:00,14.58,322,NW,18.86,0,0
3/24/2026 22:00,7.58,320,NW,10.69,0,0
3/24/2026 23:00,7.97,307,NW,12.83,0,0
3/25/2026 0:00,4.47,158,SSE,6.61,0,0
3/25/2026 1:00,5.25,164,SSE,7.19,0,0
3/25/2026 2:00,9.14,160,SSE,10.69,0,0
3/25/2026 3:00,5.83,161,SSE,7.19,0,0
3/25/2026 4:00,2.14,119,ESE,3.11,0,0
3/25/2026 5:00,3.69,159,SSE,5.05,0,0
3/25/2026 6:00,,,,,1,1
3/25/2026 7:00,2.72,165,SSE,4.28,0,0
3/25/2026 8:00,2.14,157,SSE,4.08,0,0
3/25/2026 9:00,6.22,160,SSE,7.78,0,0
3/25/2026 10:00,6.41,158,SSE,8.36,0,0
3/25/2026 11:00,7.19,159,SSE,8.75,0,0
3/25/2026 12:00,6.41,155,SSE,9.33,0,0
3/25/2026 13:00,6.22,158,SSE,7.39,0,0
3/25/2026 14:00,5.25,147,SSE,8.55,0,0
3/25/2026 15:00,1.75,141,SE,4.28,0,0
3/25/2026 16:00,10.11,321,NW,13.61,0,0
3/25/2026 17:00,13.02,299,WNW,17.69,0,0
3/25/2026 18:00,7.19,315,NW,11.47,0,0
3/25/2026 19:00,5.83,314,NW,10.69,0,0
3/25/2026 20:00,8.55,296,WNW,11.66,0,0
3/25/2026 21:00,7.78,312,NW,12.05,0,0
3/25/2026 22:00,9.72,307,NW,12.05,0,0
3/25/2026 23:00,5.05,287,WNW,6.61,0,0
3/26/2026 0:00,5.64,300,WNW,7.58,0,0
3/26/2026 1:00,4.47,167,SSE,6.22,0,0
3/26/2026 2:00,2.72,173,S,4.47,0,0
3/26/2026 3:00,1.94,144,SE,2.92,0,0
3/26/2026 4:00,3.11,160,SSE,4.67,0,0
3/26/2026 5:00,1.56,145,SE,3.3,0,0
3/26/2026 6:00,1.56,152,SSE,2.72,0,0
3/26/2026 7:00,1.17,126,SE,1.56,0,0
3/26/2026 8:00,0,155,SSE,1.75,0,0
3/26/2026 9:00,1.17,344,NNW,2.14,0,0
3/26/2026 10:00,7.19,330,NNW,8.16,0,0
3/26/2026 11:00,8.36,332,NNW,9.52,0,0
3/26/2026 12:00,7.19,316,NW,8.75,0,0
3/26/2026 13:00,5.64,294,WNW,8.16,0,0
3/26/2026 14:00,5.83,312,NW,7.97,0,0
3/26/2026 15:00,5.05,283,WNW,6.22,0,0
3/26/2026 16:00,2.92,223,SW,4.86,0,0
3/26/2026 17:00,0.97,214,SW,2.33,0,0
3/26/2026 18:00,1.56,201,SSW,2.33,0,0
3/26/2026 19:00,2.53,140,SE,4.08,0,0
3/26/2026 20:00,2.53,180,S,3.3,0,0
3/26/2026 21:00,1.75,141,SE,2.72,0,0
3/26/2026 22:00,1.94,145,SE,4.28,0,0
3/26/2026 23:00,0.97,155,SSE,1.56,0,0
3/27/2026 0:00,1.17,322,NW,1.36,0,0
3/27/2026 1:00,1.17,298,WNW,1.94,0,0
3/27/2026 2:00,2.33,330,NNW,3.5,0,0
3/27/2026 3:00,0.39,325,NW,0.97,0,0
3/27/2026 4:00,0,95,E,1.17,0,0
3/27/2026 5:00,1.94,326,NW,2.53,0,0
3/27/2026 6:00,0.97,83,E,1.75,0,0
3/27/2026 7:00,1.17,91,E,1.56,0,0
3/27/2026 8:00,3.5,329,NNW,3.89,0,0
3/27/2026 9:00,5.44,321,NW,6.61,0,0
3/27/2026 10:00,1.56,273,W,2.53,0,0
3/27/2026 11:00,3.3,318,NW,4.28,0,0
3/27/2026 12:00,3.3,301,WNW,4.67,0,0
3/27/2026 13:00,8.16,318,NW,10.3,0,0
3/27/2026 14:00,2.53,311,NW,4.28,0,0
3/27/2026 15:00,6.61,298,WNW,7.39,0,0
3/27/2026 16:00,4.47,283,WNW,6.03,0,0
3/27/2026 17:00,2.33,239,WSW,5.05,0,0
3/27/2026 18:00,4.08,238,WSW,7.58,0,0
3/27/2026 19:00,1.36,302,WNW,2.92,0,0
3/27/2026 20:00,2.33,114,ESE,3.89,0,0
3/27/2026 21:00,3.5,144,SE,5.05,0,0
3/27/2026 22:00,1.94,149,SSE,3.11,0,0
3/27/2026 23:00,4.28,140,SE,6.22,0,0
3/28/2026 0:00,6.22,166,SSE,7.78,0,0
3/28/2026 1:00,5.83,165,SSE,7.58,0,0
3/28/2026 2:00,5.44,159,SSE,6.8,0,0
3/28/2026 3:00,3.11,186,S,7.19,0,0
3/28/2026 4:00,3.3,160,SSE,5.44,0,0
3/28/2026 5:00,2.53,158,SSE,3.11,0,0
3/28/2026 6:00,3.3,172,S,5.83,0,0
3/28/2026 7:00,5.64,171,S,9.14,0,0
3/28/2026 8:00,4.86,187,S,8.36,0,0
3/28/2026 9:00,2.53,261,W,3.11,0,0
3/28/2026 10:00,2.53,151,SSE,4.67,0,0
3/28/2026 11:00,2.92,162,SSE,5.64,0,0
3/28/2026 12:00,4.28,164,SSE,6.03,0,0
3/28/2026 13:00,5.64,160,SSE,6.41,0,0
3/28/2026 14:00,2.72,154,SSE,3.69,0,0
3/28/2026 15:00,5.05,149,SSE,6.22,0,0
3/28/2026 16:00,4.47,149,SSE,6.22,0,0
3/28/2026 17:00,4.67,153,SSE,5.44,0,0
3/28/2026 18:00,4.47,149,SSE,6.22,0,0
3/28/2026 19:00,3.5,152,SSE,4.67,0,0
3/28/2026 20:00,1.36,121,ESE,2.72,0,0
3/28/2026 21:00,1.36,113,ESE,2.33,0,0
3/28/2026 22:00,4.28,153,SSE,6.41,0,0
3/28/2026 23:00,1.17,176,S,1.36,0,0
3/29/2026 0:00,1.17,99,E,2.14,0,0
3/29/2026 1:00,2.72,92,E,4.67,0,0
3/29/2026 2:00,0.39,117,ESE,0.97,0,0
3/29/2026 3:00,2.33,299,WNW,2.53,0,0
3/29/2026 4:00,2.14,341,NNW,2.72,0,0
3/29/2026 5:00,0.58,39,NE,1.36,0,0
3/29/2026 6:00,1.56,95,E,2.53,0,0
3/29/2026 7:00,0,146,SE,0.58,0,0
3/29/2026 8:00,0.39,115,ESE,1.36,0,0
3/29/2026 9:00,1.17,254,WSW,2.72,0,0
3/29/2026 10:00,2.53,291,WNW,4.08,0,0
3/29/2026 11:00,4.67,316,NW,5.05,0,0
3/29/2026 12:00,1.36,173,S,2.53,0,0
3/29/2026 13:00,1.36,133,SE,2.72,0,0
3/29/2026 14:00,2.33,328,NNW,3.5,0,0
3/29/2026 15:00,3.11,176,S,4.67,0,0
3/29/2026 16:00,2.14,122,ESE,2.92,0,0
3/29/2026 17:00,2.33,150,SSE,3.11,0,0
3/29/2026 18:00,3.5,134,SE,5.05,0,0
3/29/2026 19:00,1.94,146,SE,2.92,0,0
3/29/2026 20:00,0,110,ESE,0.39,0,0
3/29/2026 21:00,3.5,316,NW,5.25,0,0
3/29/2026 22:00,0.97,143,SE,1.56,0,0
3/29/2026 23:00,1.94,145,SE,4.28,0,0
3/30/2026 0:00,3.11,124,SE,4.28,0,0
3/30/2026 1:00,0.97,152,SSE,1.36,0,0
3/30/2026 2:00,1.56,89,E,2.33,0,0
3/30/2026 3:00,1.94,331,NNW,2.33,0,0
3/30/2026 4:00,1.75,319,NW,2.53,0,0
3/30/2026 5:00,2.53,303,WNW,3.5,0,0
3/30/2026 6:00,3.5,313,NW,3.69,0,0
3/30/2026 7:00,1.17,187,S,1.94,0,0
3/30/2026 8:00,0.39,305,NW,1.94,0,0
3/30/2026 9:00,0.58,287,WNW,1.94,0,0
3/30/2026 10:00,0.97,106,ESE,1.94,0,0
3/30/2026 11:00,0.78,89,E,1.75,0,0
3/30/2026 12:00,2.72,144,SE,3.69,0,0
3/30/2026 13:00,5.25,158,SSE,7.39,0,0
3/30/2026 14:00,3.5,189,S,7.39,0,0
3/30/2026 15:00,3.89,161,SSE,6.41,0,0
3/30/2026 16:00,9.14,215,SW,13.61,0,0
3/30/2026 17:00,4.28,247,WSW,10.11,0,0
3/30/2026 18:00,5.64,232,SW,10.11,0,0
3/30/2026 19:00,3.3,231,SW,9.33,0,0
3/30/2026 20:00,3.69,301,WNW,5.05,0,0
3/30/2026 21:00,5.64,225,SW,8.75,0,0
3/30/2026 22:00,2.72,213,SSW,5.44,0,0
3/30/2026 23:00,2.14,300,WNW,9.33,0,0
3/31/2026 0:00,11.08,220,SW,18.47,0,0
3/31/2026 1:00,1.56,342,NNW,5.64,0,0
3/31/2026 2:00,4.67,232,SW,11.66,0,0
3/31/2026 3:00,4.86,219,SW,10.5,0,0
3/31/2026 4:00,4.47,211,SSW,9.91,0,0
3/31/2026 5:00,2.92,207,SSW,4.67,0,0
3/31/2026 6:00,4.08,231,SW,7.97,0,0
3/31/2026 7:00,5.44,183,S,9.72,0,0
3/31/2026 8:00,2.53,233,SW,5.83,0,0
3/31/2026 9:00,3.3,284,WNW,4.47,0,0
3/31/2026 10:00,1.17,344,NNW,2.72,0,0
3/31/2026 11:00,0.78,319,NW,2.14,0,0
3/31/2026 12:00,0.39,47,NE,1.56,0,0
3/31/2026 13:00,5.64,171,S,7.39,0,0
3/31/2026 14:00,4.86,197,SSW,9.14,0,0
3/31/2026 15:00,11.08,196,SSW,17.49,0,0
3/31/2026 16:00,12.64,194,SSW,17.3,0,0
3/31/2026 17:00,10.69,194,SSW,15.36,0,0
3/31/2026 18:00,5.64,193,SSW,9.52,0,0
3/31/2026 19:00,6.22,182,S,7.97,0,0
3/31/2026 20:00,3.69,193,SSW,5.05,0,0
3/31/2026 21:00,4.47,188,S,6.61,0,0
3/31/2026 22:00,4.28,198,SSW,7.19,0,0
3/31/2026 23:00,2.92,193,SSW,4.28,0,0
4/1/2026 0:00,1.94,237,WSW,3.5,0,0
4/1/2026 1:00,5.44,198,SSW,7.58,0,0
4/1/2026 2:00,7.58,181,S,11.08,0,0
4/1/2026 3:00,6.8,200,SSW,11.47,0,0
4/1/2026 4:00,4.86,205,SSW,8.75,0,0
4/1/2026 5:00,3.5,192,SSW,4.86,0,0
4/1/2026 6:00,7.39,205,SSW,9.52,0,0
4/1/2026 7:00,,,,,1,1
4/1/2026 8:00,7.97,196,SSW,10.3,0,0
4/1/2026 9:00,9.72,184,S,12.83,0,0
4/1/2026 10:00,10.11,175,S,13.02,0,0
4/1/2026 11:00,7.58,203,SSW,11.08,0,0
4/1/2026 12:00,7.39,190,S,10.11,0,0
4/1/2026 13:00,6.03,277,W,8.55,0,0
4/1/2026 14:00,4.08,257,WSW,8.75,0,0
4/1/2026 15:00,5.25,192,SSW,10.3,0,0
4/1/2026 16:00,3.89,227,SW,7.58,0,0
4/1/2026 17:00,3.5,211,SSW,9.14,0,0
4/1/2026 18:00,6.41,202,SSW,8.75,0,0
4/1/2026 19:00,5.25,181,S,11.27,0,0
4/1/2026 20:00,6.22,178,S,12.05,0,0
4/1/2026 21:00,11.08,196,SSW,18.86,0,0
4/1/2026 22:00,7.97,210,SSW,12.44,0,0
4/1/2026 23:00,10.11,202,SSW,14.97,0,0
4/2/2026 0:00,9.91,301,WNW,13.02,0,0
4/2/2026 1:00,7.78,310,NW,9.91,0,0
4/2/2026 2:00,6.61,298,WNW,8.94,0,0
4/2/2026 3:00,6.61,293,WNW,9.14,0,0
4/2/2026 4:00,5.44,289,WNW,7.78,0,0
4/2/2026 5:00,6.8,314,NW,9.72,0,0
4/2/2026 6:00,7.19,320,NW,8.16,0,0
4/2/2026 7:00,5.64,287,WNW,6.8,0,0
4/2/2026 8:00,4.67,303,WNW,6.22,0,0
4/2/2026 9:00,4.28,319,NW,6.03,0,0
4/2/2026 10:00,9.72,345,NNW,14.38,0,0
4/2/2026 11:00,6.61,339,NNW,12.64,0,0
4/2/2026 12:00,9.91,348,NNW,12.83,0,0
4/2/2026 13:00,9.52,336,NNW,13.22,0,0
4/2/2026 14:00,7,315,NW,8.16,0,0
4/2/2026 15:00,5.44,321,NW,10.3,0,0
4/2/2026 16:00,7.39,317,NW,8.55,0,0
4/2/2026 17:00,9.72,312,NW,11.86,0,0
4/2/2026 18:00,10.89,304,NW,15.36,0,0
4/2/2026 19:00,13.22,305,NW,16.33,0,0
4/2/2026 20:00,11.08,310,NW,16.13,0,0
4/2/2026 21:00,10.89,310,NW,13.41,0,0
4/2/2026 22:00,4.08,294,WNW,5.44,0,0
4/2/2026 23:00,1.56,41,NE,2.92,0,0
4/3/2026 0:00,0.97,291,WNW,2.14,0,0
4/3/2026 1:00,2.92,312,NW,5.25,0,0
4/3/2026 2:00,2.53,222,SW,4.08,0,0
4/3/2026 3:00,3.69,351,N,4.28,0,0
4/3/2026 4:00,7.78,338,NNW,9.91,0,0
4/3/2026 5:00,5.83,325,NW,7.58,0,0
4/3/2026 6:00,3.69,314,NW,4.86,0,0
4/3/2026 7:00,5.05,324,NW,5.83,0,0
4/3/2026 8:00,0.97,112,ESE,3.3,0,0
4/3/2026 9:00,6.41,332,NNW,8.75,0,0
4/3/2026 10:00,3.69,344,NNW,5.64,0,0
4/3/2026 11:00,5.05,1,N,7,0,0
4/3/2026 12:00,7.39,325,NW,8.94,0,0
4/3/2026 13:00,8.36,327,NNW,12.25,0,0
4/3/2026 14:00,7.58,350,N,10.69,0,0
4/3/2026 15:00,9.91,4,N,14.19,0,0
4/3/2026 16:00,3.89,10,N,9.52,0,0
4/3/2026 17:00,5.05,190,S,7.58,0,0
4/3/2026 18:00,2.53,185,S,3.89,0,0
4/3/2026 19:00,0.78,300,WNW,3.11,0,0
4/3/2026 20:00,1.75,82,E,3.3,0,0
4/3/2026 21:00,0,322,NW,1.17,0,0
4/3/2026 22:00,4.86,10,N,5.25,0,0
4/3/2026 23:00,1.75,309,NW,2.33,0,0
4/4/2026 0:00,1.17,357,N,2.72,0,0
4/4/2026 1:00,5.64,319,NW,7.78,0,0
4/4/2026 2:00,4.28,313,NW,5.25,0,0
4/4/2026 3:00,3.5,316,NW,4.28,0,0
4/4/2026 4:00,6.03,325,NW,7.19,0,0
4/4/2026 5:00,6.8,339,NNW,7.39,0,0
4/4/2026 6:00,6.03,318,NW,6.8,0,0
4/4/2026 7:00,10.69,330,NNW,11.86,0,0
4/4/2026 8:00,7.19,326,NW,10.3,0,0
4/4/2026 9:00,7.58,321,NW,10.3,0,0
4/4/2026 10:00,2.53,288,WNW,7.19,0,0
4/4/2026 11:00,12.05,37,NE,15.55,0,0
4/4/2026 12:00,5.44,80,E,8.75,0,0
4/4/2026 13:00,5.25,47,NE,8.94,0,0
4/4/2026 14:00,1.94,85,E,4.08,0,0
4/4/2026 15:00,3.3,302,WNW,3.89,0,0
4/4/2026 16:00,5.64,288,WNW,8.36,0,0
4/4/2026 17:00,8.16,317,NW,8.55,0,0
4/4/2026 18:00,5.44,323,NW,6.03,0,0
4/4/2026 19:00,3.11,281,W,3.89,0,0
4/4/2026 20:00,1.56,312,NW,2.14,0,0
4/4/2026 21:00,1.94,286,WNW,2.53,0,0
4/4/2026 22:00,2.33,116,ESE,3.5,0,0
4/4/2026 23:00,2.53,96,E,3.69,0,0
4/5/2026 0:00,3.3,272,W,5.05,0,0
4/5/2026 1:00,2.72,269,W,3.5,0,0
4/5/2026 2:00,2.14,276,W,2.92,0,0
4/5/2026 3:00,1.75,291,WNW,2.33,0,0
4/5/2026 4:00,2.92,317,NW,3.5,0,0
4/5/2026 5:00,3.5,321,NW,3.89,0,0
4/5/2026 6:00,2.92,333,NNW,3.69,0,0
4/5/2026 7:00,1.56,333,NNW,2.14,0,0
4/5/2026 8:00,4.08,321,NW,5.05,0,0
4/5/2026 9:00,9.52,315,NW,10.69,0,0
4/5/2026 10:00,7.58,318,NW,8.94,0,0
4/5/2026 11:00,7.97,315,NW,8.94,0,0
4/5/2026 12:00,8.94,312,NW,9.91,0,0
4/5/2026 13:00,7.97,314,NW,9.72,0,0
4/5/2026 14:00,7.39,303,WNW,8.94,0,0
4/5/2026 15:00,6.41,293,WNW,7.19,0,0
4/5/2026 16:00,4.86,201,SSW,6.8,0,0
4/5/2026 17:00,4.47,179,S,5.64,0,0
4/5/2026 18:00,2.92,129,SE,4.47,0,0
4/5/2026 19:00,0.97,125,SE,5.25,0,0
4/5/2026 20:00,2.33,118,ESE,4.28,0,0
4/5/2026 21:00,1.36,98,E,4.28,0,0
4/5/2026 22:00,2.53,146,SE,3.5,0,0
4/5/2026 23:00,0.78,193,SSW,2.14,0,0
4/6/2026 0:00,1.75,164,SSE,2.53,0,0
4/6/2026 1:00,2.33,212,SSW,4.47,0,0
4/6/2026 2:00,1.56,253,WSW,2.14,0,0
4/6/2026 3:00,1.17,231,SW,6.8,0,0
4/6/2026 4:00,2.14,280,W,4.67,0,0
4/6/2026 5:00,3.3,265,W,6.41,0,0
4/6/2026 6:00,3.5,254,WSW,7,0,0
4/6/2026 7:00,3.3,276,W,5.05,0,0
4/6/2026 8:00,2.72,291,WNW,4.08,0,0
4/6/2026 9:00,3.3,154,SSE,5.05,0,0
4/6/2026 10:00,2.92,196,SSW,6.8,0,0
4/6/2026 11:00,4.28,170,S,8.36,0,0
4/6/2026 12:00,3.69,200,SSW,7,0,0
4/6/2026 13:00,7.78,156,SSE,8.75,0,0
4/6/2026 14:00,5.83,178,S,10.3,0,0
4/6/2026 15:00,6.41,188,S,9.33,0,0
4/6/2026 16:00,6.03,212,SSW,9.52,0,0
4/6/2026 17:00,7.19,225,SW,14,0,0
4/6/2026 18:00,5.25,228,SW,9.91,0,0
4/6/2026 19:00,6.03,221,SW,11.47,0,0
4/6/2026 20:00,5.25,228,SW,10.69,0,0
4/6/2026 21:00,8.75,294,WNW,10.5,0,0
4/6/2026 22:00,3.5,255,WSW,6.61,0,0
4/6/2026 23:00,4.86,306,NW,7,0,0
4/7/2026 0:00,1.94,271,W,5.64,0,0
4/7/2026 1:00,2.72,246,WSW,3.89,0,0
4/7/2026 2:00,1.94,239,WSW,4.47,0,0
4/7/2026 3:00,3.5,262,W,6.22,0,0
4/7/2026 4:00,4.47,297,WNW,6.41,0,0
4/7/2026 5:00,1.17,267,W,2.53,0,0
4/7/2026 6:00,4.67,299,WNW,5.44,0,0
4/7/2026 7:00,2.33,280,W,4.08,0,0
4/7/2026 8:00,2.33,270,W,4.86,0,0
4/7/2026 9:00,3.89,316,NW,5.25,0,0
4/7/2026 10:00,2.14,160,SSE,4.67,0,0
4/7/2026 11:00,4.08,155,SSE,6.61,0,0
4/7/2026 12:00,5.64,178,S,8.75,0,0
4/7/2026 13:00,5.64,175,S,8.36,0,0
4/7/2026 14:00,4.67,183,S,6.8,0,0
4/7/2026 15:00,6.41,182,S,9.14,0,0
4/7/2026 16:00,4.47,185,S,7,0,0
4/7/2026 17:00,4.28,197,SSW,6.41,0,0
4/7/2026 18:00,4.67,174,S,6.8,0,0
4/7/2026 19:00,3.5,236,SW,7.58,0,0
4/7/2026 20:00,4.08,243,WSW,5.83,0,0
4/7/2026 21:00,3.3,272,W,5.44,0,0
4/7/2026 22:00,8.75,278,W,12.25,0,0
4/7/2026 23:00,3.11,288,WNW,4.08,0,0
4/8/2026 0:00,2.14,137,SE,3.5,0,0
4/8/2026 1:00,3.89,184,S,5.44,0,0
4/8/2026 2:00,2.14,148,SSE,3.3,0,0
4/8/2026 3:00,2.92,178,S,4.67,0,0
4/8/2026 4:00,3.5,185,S,4.67,0,0
4/8/2026 5:00,2.92,267,W,5.05,0,0
4/8/2026 6:00,3.11,272,W,5.05,0,0
4/8/2026 7:00,7.39,156,SSE,10.5,0,0
4/8/2026 8:00,5.83,148,SSE,10.11,0,0
4/8/2026 9:00,6.8,165,SSE,9.52,0,0
4/8/2026 10:00,4.47,155,SSE,8.94,0,0
4/8/2026 11:00,6.61,162,SSE,9.14,0,0
4/8/2026 12:00,4.28,165,SSE,5.83,0,0
4/8/2026 13:00,5.05,160,SSE,6.61,0,0
4/8/2026 14:00,4.86,180,S,8.94,0,0
4/8/2026 15:00,7.19,183,S,11.08,0,0
4/8/2026 16:00,4.67,151,SSE,7.58,0,0
4/8/2026 17:00,3.5,123,ESE,5.64,0,0
4/8/2026 18:00,3.89,165,SSE,6.61,0,0
4/8/2026 19:00,0.97,7,N,2.72,0,0
4/8/2026 20:00,2.53,197,SSW,4.47,0,0
4/8/2026 21:00,4.28,66,ENE,5.83,0,0
4/8/2026 22:00,1.94,53,NE,5.05,0,0
4/8/2026 23:00,0.97,102,ESE,2.92,0,0
4/9/2026 0:00,3.5,194,SSW,4.47,0,0
4/9/2026 1:00,6.41,144,SE,10.5,0,0
4/9/2026 2:00,6.22,143,SE,8.94,0,0
4/9/2026 3:00,6.61,154,SSE,10.89,0,0
4/9/2026 4:00,7.39,170,S,11.08,0,0
4/9/2026 5:00,5.64,177,S,9.14,0,0
4/9/2026 6:00,6.03,195,SSW,7.97,0,0
4/9/2026 7:00,4.47,170,S,5.44,0,0
4/9/2026 8:00,4.67,180,S,5.83,0,0
4/9/2026 9:00,2.72,183,S,5.05,0,0
4/9/2026 10:00,1.94,150,SSE,3.5,0,0
4/9/2026 11:00,3.3,151,SSE,7,0,0
4/9/2026 12:00,5.44,185,S,8.75,0,0
4/9/2026 13:00,6.03,175,S,8.16,0,0
4/9/2026 14:00,4.86,231,SW,7.78,0,0
4/9/2026 15:00,4.67,190,S,9.14,0,0
4/9/2026 16:00,5.25,208,SSW,8.94,0,0
4/9/2026 17:00,8.16,208,SSW,12.83,0,0
4/9/2026 18:00,11.86,219,SW,16.33,0,0
4/9/2026 19:00,9.91,214,SW,12.44,0,0
4/9/2026 20:00,2.92,219,SW,8.75,0,0
4/9/2026 21:00,2.92,215,SW,5.05,0,0
4/9/2026 22:00,5.44,215,SW,8.94,0,0
4/9/2026 23:00,3.3,223,SW,7.19,0,0
4/10/2026 0:00,3.11,208,SSW,6.61,0,0
4/10/2026 1:00,1.94,190,S,3.5,0,0
4/10/2026 2:00,1.75,176,S,2.53,0,0
4/10/2026 3:00,0.97,95,E,2.14,0,0
4/10/2026 4:00,2.72,121,ESE,5.64,0,0
4/10/2026 5:00,7.58,171,S,11.47,0,0
4/10/2026 6:00,4.67,189,S,6.61,0,0
4/10/2026 7:00,5.44,162,SSE,7.78,0,0
4/10/2026 8:00,4.67,151,SSE,7.97,0,0
4/10/2026 9:00,6.8,161,SSE,9.91,0,0
4/10/2026 10:00,4.47,147,SSE,9.52,0,0
4/10/2026 11:00,10.5,165,SSE,13.61,0,0
4/10/2026 12:00,8.75,159,SSE,12.05,0,0
4/10/2026 13:00,9.33,163,SSE,11.08,0,0
4/10/2026 14:00,5.25,148,SSE,10.89,0,0
4/10/2026 15:00,10.3,205,SSW,14.77,0,0
4/10/2026 16:00,8.75,206,SSW,15.94,0,0
4/10/2026 17:00,10.11,210,SSW,15.36,0,0
4/10/2026 18:00,8.36,213,SSW,13.22,0,0
4/10/2026 19:00,6.61,203,SSW,11.66,0,0
4/10/2026 20:00,7.39,193,SSW,10.11,0,0
4/10/2026 21:00,6.41,194,SSW,11.08,0,0
4/10/2026 22:00,5.05,198,SSW,8.36,0,0
4/10/2026 23:00,4.08,193,SSW,6.61,0,0
4/11/2026 0:00,3.69,211,SSW,5.64,0,0
4/11/2026 1:00,2.92,216,SW,5.05,0,0
4/11/2026 2:00,2.53,195,SSW,4.08,0,0
4/11/2026 3:00,4.28,186,S,6.8,0,0
4/11/2026 4:00,3.5,214,SW,7,0,0
4/11/2026 5:00,3.69,214,SW,6.22,0,0
4/11/2026 6:00,4.86,174,S,8.94,0,0
4/11/2026 7:00,8.75,175,S,11.86,0,0
4/11/2026 8:00,10.69,164,SSE,13.02,0,0
4/11/2026 9:00,11.47,165,SSE,15.55,0,0
4/11/2026 10:00,11.47,166,SSE,17.3,0,0
4/11/2026 11:00,8.36,173,S,13.22,0,0
4/11/2026 12:00,13.61,183,S,18.66,0,0
4/11/2026 13:00,13.02,177,S,20.22,0,0
4/11/2026 14:00,15.75,166,SSE,19.83,0,0
4/11/2026 15:00,15.55,165,SSE,23.71,0,0
4/11/2026 16:00,18.66,171,S,28.57,0,0
4/11/2026 17:00,14.77,174,S,22.35,0,0
4/11/2026 18:00,2.72,261,W,9.14,0,0
4/11/2026 19:00,7.58,186,S,10.69,0,0
4/11/2026 20:00,4.86,187,S,8.36,0,0
4/11/2026 21:00,10.89,167,SSE,16.72,0,0
4/11/2026 22:00,16.52,165,SSE,20.99,0,0
4/11/2026 23:00,13.8,164,SSE,19.44,0,0
4/12/2026 0:00,11.86,214,SW,18.27,0,0
4/12/2026 1:00,11.08,214,SW,18.86,0,0
4/12/2026 2:00,4.08,255,WSW,12.25,0,0
4/12/2026 3:00,4.47,223,SW,9.72,0,0
4/12/2026 4:00,6.8,219,SW,11.47,0,0
4/12/2026 5:00,4.67,205,SSW,12.25,0,0
4/12/2026 6:00,7,203,SSW,12.25,0,0
4/12/2026 7:00,11.27,214,SW,15.55,0,0
4/12/2026 8:00,12.25,195,SSW,19.44,0,0
4/12/2026 9:00,9.52,198,SSW,13.41,0,0
4/12/2026 10:00,14.38,205,SSW,22.16,0,0
4/12/2026 11:00,11.08,169,S,17.69,0,0
4/12/2026 12:00,11.27,189,S,15.36,0,0
4/12/2026 13:00,4.67,217,SW,11.27,0,0
4/12/2026 14:00,7.97,205,SSW,14.38,0,0
4/12/2026 15:00,6.8,209,SSW,12.64,0,0
4/12/2026 16:00,9.14,222,SW,13.8,0,0
4/12/2026 17:00,6.41,215,SW,12.25,0,0
4/12/2026 18:00,7.97,238,WSW,13.02,0,0
4/12/2026 19:00,7.58,239,WSW,10.69,0,0
4/12/2026 20:00,4.47,219,SW,7.78,0,0
4/12/2026 21:00,3.89,221,SW,7.97,0,0
4/12/2026 22:00,3.89,221,SW,6.03,0,0
4/12/2026 23:00,3.69,214,SW,6.03,0,0
4/13/2026 0:00,2.14,285,WNW,2.72,0,0
4/13/2026 1:00,3.69,332,NNW,4.47,0,0
4/13/2026 2:00,4.47,300,WNW,5.83,0,0
4/13/2026 3:00,3.89,333,NNW,5.25,0,0
4/13/2026 4:00,0.97,352,N,1.36,0,0
4/13/2026 5:00,4.08,296,WNW,5.05,0,0
4/13/2026 6:00,6.22,333,NNW,7.19,0,0
4/13/2026 7:00,7.58,338,NNW,7.97,0,0
4/13/2026 8:00,7.58,334,NNW,8.94,0,0
4/13/2026 9:00,7.78,337,NNW,9.52,0,0
4/13/2026 10:00,6.8,323,NW,9.14,0,0
4/13/2026 11:00,4.67,331,NNW,5.83,0,0
4/13/2026 12:00,4.08,310,NW,4.86,0,0
4/13/2026 13:00,3.5,242,WSW,5.44,0,0
4/13/2026 14:00,2.14,215,SW,6.22,0,0
4/13/2026 15:00,6.22,231,SW,11.27,0,0
4/13/2026 16:00,2.53,286,WNW,6.8,0,0
4/13/2026 17:00,1.36,226,SW,5.64,0,0
4/13/2026 18:00,6.61,259,W,10.11,0,0
4/13/2026 19:00,8.94,301,WNW,13.61,0,0
4/13/2026 20:00,10.11,300,WNW,14.58,0,0
4/13/2026 21:00,10.5,284,WNW,13.8,0,0
4/13/2026 22:00,7.78,282,WNW,12.64,0,0
4/13/2026 23:00,4.08,315,NW,7.19,0,0
4/14/2026 0:00,2.92,298,WNW,4.47,0,0
4/14/2026 1:00,2.92,310,NW,4.08,0,0
4/14/2026 2:00,3.5,305,NW,4.08,0,0
4/14/2026 3:00,7.78,306,NW,9.52,0,0
4/14/2026 4:00,4.67,307,NW,5.83,0,0
4/14/2026 5:00,5.83,301,WNW,8.75,0,0
4/14/2026 6:00,7.19,310,NW,8.16,0,0
4/14/2026 7:00,4.08,279,W,5.83,0,0
4/14/2026 8:00,5.05,281,W,8.16,0,0
4/14/2026 9:00,3.11,288,WNW,4.86,0,0
4/14/2026 10:00,2.14,122,ESE,4.28,0,0
4/14/2026 11:00,3.11,159,SSE,4.28,0,0
4/14/2026 12:00,5.64,177,S,8.55,0,0
4/14/2026 13:00,7,183,S,10.3,0,0
4/14/2026 14:00,7,196,SSW,11.66,0,0
4/14/2026 15:00,2.92,172,S,9.91,0,0
4/14/2026 16:00,2.33,244,WSW,7.78,0,0
4/14/2026 17:00,5.05,200,SSW,9.52,0,0
4/14/2026 18:00,3.11,208,SSW,7.97,0,0
4/14/2026 19:00,4.28,225,SW,8.55,0,0
4/14/2026 20:00,9.33,312,NW,11.66,0,0
4/14/2026 21:00,8.16,291,WNW,11.86,0,0
4/14/2026 22:00,7.39,301,WNW,10.69,0,0
4/14/2026 23:00,3.3,186,S,5.05,0,0
4/15/2026 0:00,2.53,81,E,3.5,0,0
4/15/2026 1:00,1.36,97,E,1.94,0,0
4/15/2026 2:00,3.3,312,NW,4.28,0,0
4/15/2026 3:00,3.5,358,N,4.47,0,0
4/15/2026 4:00,4.86,312,NW,5.83,0,0
4/15/2026 5:00,2.33,19,NNE,3.3,0,0
4/15/2026 6:00,1.17,303,WNW,4.28,0,0
4/15/2026 7:00,2.14,345,NNW,3.5,0,0
4/15/2026 8:00,6.03,310,NW,8.36,0,0
4/15/2026 9:00,3.69,291,WNW,6.22,0,0
4/15/2026 10:00,2.92,300,WNW,3.69,0,0
4/15/2026 11:00,2.72,133,SE,5.44,0,0
4/15/2026 12:00,6.61,157,SSE,8.75,0,0
4/15/2026 13:00,7,155,SSE,9.91,0,0
4/15/2026 14:00,3.3,146,SE,5.64,0,0
4/15/2026 15:00,7.19,311,NW,9.52,0,0
4/15/2026 16:00,9.72,314,NW,13.41,0,0
4/15/2026 17:00,8.55,310,NW,10.3,0,0
4/15/2026 18:00,10.69,312,NW,14,0,0
4/15/2026 19:00,8.94,304,NW,13.22,0,0
4/15/2026 20:00,6.8,279,W,11.86,0,0
4/15/2026 21:00,5.44,318,NW,7.39,0,0
4/15/2026 22:00,7.58,303,WNW,12.64,0,0
4/15/2026 23:00,11.66,289,WNW,14.97,0,0
4/16/2026 0:00,1.94,285,WNW,3.89,0,0
4/16/2026 1:00,3.3,264,W,4.86,0,0
4/16/2026 2:00,9.52,313,NW,11.66,0,0
4/16/2026 3:00,11.47,309,NW,15.36,0,0
4/16/2026 4:00,9.52,307,NW,11.47,0,0
4/16/2026 5:00,8.36,315,NW,9.91,0,0
4/16/2026 6:00,3.69,338,NNW,5.05,0,0
4/16/2026 7:00,5.05,353,N,6.61,0,0
4/16/2026 8:00,8.16,337,NNW,9.72,0,0
4/16/2026 9:00,8.36,346,NNW,11.66,0,0
4/16/2026 10:00,8.75,348,NNW,15.55,0,0
4/16/2026 11:00,11.27,20,NNE,14.19,0,0
4/16/2026 12:00,7.19,326,NW,9.91,0,0
4/16/2026 13:00,6.8,312,NW,10.69,0,0
4/16/2026 14:00,3.3,249,WSW,4.67,0,0
4/16/2026 15:00,5.44,317,NW,7,0,0
4/16/2026 16:00,6.61,314,NW,10.69,0,0
4/16/2026 17:00,12.05,337,NNW,14.77,0,0
4/16/2026 18:00,11.86,307,NW,14.38,0,0
4/16/2026 19:00,7.78,290,WNW,11.08,0,0
4/16/2026 20:00,8.16,309,NW,10.69,0,0
4/16/2026 21:00,7.19,307,NW,10.5,0,0
4/16/2026 22:00,5.25,333,NNW,8.16,0,0
4/16/2026 23:00,8.75,342,NNW,11.27,0,0
4/17/2026 0:00,11.08,345,NNW,15.75,0,0
4/17/2026 1:00,14.77,1,N,21.97,0,0
4/17/2026 2:00,15.75,1,N,25.08,0,0
4/17/2026 3:00,14.97,6,N,18.66,0,0
4/17/2026 4:00,14,356,N,19.63,0,0
4/17/2026 5:00,8.94,317,NW,10.3,0,0
4/17/2026 6:00,7.58,323,NW,11.27,0,0
4/17/2026 7:00,13.22,358,N,17.69,0,0
4/17/2026 8:00,10.3,2,N,15.16,0,0
4/17/2026 9:00,4.08,43,NE,8.75,0,0
4/17/2026 10:00,6.03,332,NNW,9.33,0,0
4/17/2026 11:00,5.25,38,NE,10.3,0,0
4/17/2026 12:00,7.78,307,NW,9.52,0,0
4/17/2026 13:00,6.03,289,WNW,8.36,0,0
4/17/2026 14:00,4.47,309,NW,5.83,0,0
4/17/2026 15:00,3.5,259,W,5.25,0,0
4/17/2026 16:00,7.39,240,WSW,11.86,0,0
4/17/2026 17:00,6.03,228,SW,9.33,0,0
4/17/2026 18:00,3.69,222,SW,7,0,0
4/17/2026 19:00,1.75,145,SE,2.92,0,0
4/17/2026 20:00,2.72,359,N,5.05,0,0
4/17/2026 21:00,7.78,305,NW,9.52,0,0
4/17/2026 22:00,1.17,138,SE,4.08,0,0
4/17/2026 23:00,4.08,314,NW,5.05,0,0
4/18/2026 0:00,2.14,39,NE,3.11,0,0
4/18/2026 1:00,2.72,88,E,3.5,0,0
4/18/2026 2:00,3.11,207,SSW,5.83,0,0
4/18/2026 3:00,4.86,196,SSW,5.83,0,0
4/18/2026 4:00,3.11,197,SSW,4.28,0,0
4/18/2026 5:00,1.36,269,W,2.53,0,0
4/18/2026 6:00,2.14,291,WNW,3.5,0,0
4/18/2026 7:00,2.72,295,WNW,3.5,0,0
4/18/2026 8:00,2.72,328,NNW,4.47,0,0
4/18/2026 9:00,5.83,335,NNW,7,0,0
4/18/2026 10:00,6.61,317,NW,7.97,0,0
4/18/2026 11:00,6.03,312,NW,7.39,0,0
4/18/2026 12:00,6.8,309,NW,7.97,0,0
4/18/2026 13:00,5.64,303,WNW,7,0,0
4/18/2026 14:00,3.89,284,WNW,4.67,0,0
4/18/2026 15:00,1.94,203,SSW,3.5,0,0
4/18/2026 16:00,2.53,172,S,5.05,0,0
4/18/2026 17:00,4.47,225,SW,8.94,0,0
4/18/2026 18:00,3.3,183,S,5.83,0,0
4/18/2026 19:00,1.56,146,SE,4.47,0,0
4/18/2026 20:00,4.47,198,SSW,7.78,0,0
4/18/2026 21:00,4.86,248,WSW,6.41,0,0
4/18/2026 22:00,0.97,202,SSW,1.75,0,0
4/18/2026 23:00,1.36,141,SE,2.72,0,0
4/19/2026 0:00,3.89,234,SW,5.64,0,0
4/19/2026 1:00,2.14,217,SW,3.3,0,0
4/19/2026 2:00,2.92,191,S,4.86,0,0
4/19/2026 3:00,2.53,205,SSW,4.67,0,0
4/19/2026 4:00,2.33,220,SW,5.44,0,0
4/19/2026 5:00,2.72,181,S,6.03,0,0
4/19/2026 6:00,2.92,199,SSW,4.47,0,0
4/19/2026 7:00,1.56,196,SSW,3.5,0,0
4/19/2026 8:00,3.11,255,WSW,4.86,0,0
4/19/2026 9:00,2.72,173,S,4.86,0,0
4/19/2026 10:00,1.36,200,SSW,4.86,0,0
4/19/2026 11:00,5.25,176,S,8.94,0,0
4/19/2026 12:00,5.44,218,SW,8.75,0,0
4/19/2026 13:00,4.67,177,S,9.14,0,0
4/19/2026 14:00,4.67,220,SW,9.33,0,0
4/19/2026 15:00,6.22,222,SW,11.27,0,0
4/19/2026 16:00,5.83,250,WSW,9.91,0,0
4/19/2026 17:00,6.03,239,WSW,9.14,0,0
4/19/2026 18:00,6.41,214,SW,10.3,0,0
4/19/2026 19:00,6.22,205,SSW,9.14,0,0
4/19/2026 20:00,2.33,211,SSW,6.8,0,0
4/19/2026 21:00,5.64,178,S,10.69,0,0
4/19/2026 22:00,4.08,199,SSW,7,0,0
4/19/2026 23:00,8.75,162,SSE,11.08,0,0
4/20/2026 0:00,8.55,162,SSE,12.25,0,0
4/20/2026 1:00,12.25,164,SSE,15.55,0,0
4/20/2026 2:00,5.44,206,SSW,8.36,0,0
4/20/2026 3:00,4.08,207,SSW,6.61,0,0
4/20/2026 4:00,2.33,225,SW,4.47,0,0
4/20/2026 5:00,3.11,178,S,6.22,0,0
4/20/2026 6:00,8.16,159,SSE,10.89,0,0
4/20/2026 7:00,18.27,161,SSE,20.02,0,0
4/20/2026 8:00,7.97,141,SE,13.02,0,0
4/20/2026 9:00,7.58,141,SE,10.5,0,0
4/20/2026 10:00,6.61,143,SE,12.25,0,0
4/20/2026 11:00,10.89,158,SSE,14.58,0,0
4/20/2026 12:00,6.8,202,SSW,9.91,0,0
4/20/2026 13:00,6.61,142,SE,11.66,0,0
4/20/2026 14:00,4.67,145,SE,8.16,0,0
4/20/2026 15:00,9.52,157,SSE,13.22,0,0
4/20/2026 16:00,9.14,172,S,11.27,0,0
4/20/2026 17:00,5.83,195,SSW,9.14,0,0
4/20/2026 18:00,4.67,244,WSW,7.39,0,0
4/20/2026 19:00,3.3,264,W,4.86,0,0
4/20/2026 20:00,2.53,299,WNW,4.28,0,0
4/20/2026 21:00,1.56,100,E,2.14,0,0
4/20/2026 22:00,4.08,181,S,7.58,0,0
4/20/2026 23:00,2.72,197,SSW,4.28,0,0
4/21/2026 0:00,1.75,245,WSW,4.47,0,0
4/21/2026 1:00,1.17,123,ESE,3.69,0,0
4/21/2026 2:00,1.17,217,SW,3.69,0,0
4/21/2026 3:00,4.86,161,SSE,7.39,0,0
4/21/2026 4:00,3.89,159,SSE,5.25,0,0
4/21/2026 5:00,6.41,161,SSE,8.55,0,0
4/21/2026 6:00,5.44,148,SSE,9.33,0,0
4/21/2026 7:00,7.97,158,SSE,10.89,0,0
4/21/2026 8:00,8.55,159,SSE,12.83,0,0
4/21/2026 9:00,7.19,162,SSE,12.05,0,0
4/21/2026 10:00,4.08,180,S,11.27,0,0
4/21/2026 11:00,4.86,195,SSW,9.14,0,0
4/21/2026 12:00,6.41,203,SSW,11.08,0,0
4/21/2026 13:00,3.89,252,WSW,7.78,0,0
4/21/2026 14:00,4.47,240,WSW,9.52,0,0
4/21/2026 15:00,3.5,238,WSW,10.69,0,0
4/21/2026 16:00,4.08,242,WSW,10.3,0,0
4/21/2026 17:00,6.41,267,W,12.25,0,0
4/21/2026 18:00,6.03,269,W,11.08,0,0
4/21/2026 19:00,4.47,240,WSW,9.14,0,0
4/21/2026 20:00,2.92,258,WSW,8.16,0,0
4/21/2026 21:00,3.5,270,W,7.58,0,0
4/21/2026 22:00,3.69,206,SSW,6.41,0,0
4/21/2026 23:00,2.53,238,WSW,5.64,0,0
4/22/2026 0:00,3.11,165,SSE,4.67,0,0
4/22/2026 1:00,4.28,158,SSE,7.97,0,0
4/22/2026 2:00,5.44,164,SSE,9.14,0,0
4/22/2026 3:00,10.3,159,SSE,12.44,0,0
4/22/2026 4:00,9.72,160,SSE,12.25,0,0
4/22/2026 5:00,10.69,155,SSE,15.94,0,0
4/22/2026 6:00,9.14,156,SSE,19.24,0,0
4/22/2026 7:00,8.75,161,SSE,15.94,0,0
4/22/2026 8:00,6.03,160,SSE,10.3,0,0
4/22/2026 9:00,7.58,154,SSE,10.5,0,0
4/22/2026 10:00,7.97,138,SE,12.05,0,0
4/22/2026 11:00,5.44,143,SE,11.08,0,0
4/22/2026 12:00,8.36,159,SSE,12.25,0,0
4/22/2026 13:00,3.69,144,SE,6.41,0,0
4/22/2026 14:00,5.05,158,SSE,8.36,0,0
4/22/2026 15:00,2.33,173,S,6.03,0,0
4/22/2026 16:00,3.11,270,W,5.64,0,0
4/22/2026 17:00,4.08,225,SW,8.36,0,0
4/22/2026 18:00,4.28,235,SW,6.41,0,0
4/22/2026 19:00,4.28,236,SW,6.22,0,0
4/22/2026 20:00,1.94,221,SW,3.3,0,0
4/22/2026 21:00,7.97,309,NW,9.72,0,0
4/22/2026 22:00,7.78,304,NW,10.69,0,0
4/22/2026 23:00,4.67,297,WNW,7,0,0
4/23/2026 0:00,3.89,310,NW,4.86,0,0
4/23/2026 1:00,3.5,301,WNW,4.08,0,0
4/23/2026 2:00,3.3,328,NNW,3.69,0,0
4/23/2026 3:00,4.67,336,NNW,5.44,0,0
4/23/2026 4:00,4.67,333,NNW,5.83,0,0
4/23/2026 5:00,2.53,310,NW,4.28,0,0
4/23/2026 6:00,4.86,335,NNW,5.83,0,0
4/23/2026 7:00,5.44,333,NNW,6.41,0,0
4/23/2026 8:00,7.97,348,NNW,9.91,0,0
4/23/2026 9:00,5.05,322,NW,6.41,0,0
4/23/2026 10:00,3.11,312,NW,4.67,0,0
4/23/2026 11:00,3.89,302,WNW,5.44,0,0
4/23/2026 12:00,2.53,272,W,3.89,0,0
4/23/2026 13:00,4.08,188,S,5.44,0,0
4/23/2026 14:00,7.39,190,S,10.5,0,0
4/23/2026 15:00,7.19,201,SSW,11.86,0,0
4/23/2026 16:00,5.05,203,SSW,9.33,0,0
4/23/2026 17:00,6.8,221,SW,9.52,0,0
4/23/2026 18:00,6.22,222,SW,9.52,0,0
4/23/2026 19:00,3.89,224,SW,7,0,0
4/23/2026 20:00,9.33,310,NW,12.25,0,0
4/23/2026 21:00,7.97,308,NW,10.5,0,0
4/23/2026 22:00,3.89,306,NW,5.05,0,0
4/23/2026 23:00,3.11,305,NW,4.67,0,0
4/24/2026 0:00,4.08,328,NNW,5.64,0,0
4/24/2026 1:00,3.69,305,NW,4.86,0,0
4/24/2026 2:00,2.14,274,W,3.5,0,0
4/24/2026 3:00,1.56,239,WSW,4.28,0,0
4/24/2026 4:00,3.11,275,W,4.28,0,0
4/24/2026 5:00,2.53,269,W,4.47,0,0
4/24/2026 6:00,0.58,128,SE,3.11,0,0
4/24/2026 7:00,0.97,98,E,2.92,0,0
4/24/2026 8:00,1.94,93,E,3.89,0,0
4/24/2026 9:00,2.92,328,NNW,4.08,0,0
4/24/2026 10:00,3.5,159,SSE,5.05,0,0
4/24/2026 11:00,6.61,184,S,9.91,0,0
4/24/2026 12:00,6.41,174,S,10.89,0,0
4/24/2026 13:00,4.47,202,SSW,7.78,0,0
4/24/2026 14:00,7,193,SSW,11.66,0,0
4/24/2026 15:00,5.64,196,SSW,10.5,0,0
4/24/2026 16:00,4.86,218,SW,11.86,0,0
4/24/2026 17:00,11.86,222,SW,17.69,0,0
4/24/2026 18:00,7.78,226,SW,11.86,0,0
4/24/2026 19:00,4.67,224,SW,7.97,0,0
4/24/2026 20:00,6.22,303,WNW,8.55,0,0
4/24/2026 21:00,3.5,229,SW,5.25,0,0
4/24/2026 22:00,4.28,275,W,6.8,0,0
4/24/2026 23:00,3.5,252,WSW,6.03,0,0
4/25/2026 0:00,5.44,287,WNW,6.8,0,0
4/25/2026 1:00,1.75,218,SW,4.67,0,0
4/25/2026 2:00,3.69,227,SW,6.61,0,0
4/25/2026 3:00,4.47,248,WSW,7.19,0,0
4/25/2026 4:00,3.11,255,WSW,5.05,0,0
4/25/2026 5:00,4.67,260,W,8.36,0,0
4/25/2026 6:00,4.28,266,W,6.41,0,0
4/25/2026 7:00,4.86,252,WSW,7.58,0,0
4/25/2026 8:00,3.3,271,W,5.25,0,0
4/25/2026 9:00,5.83,295,WNW,8.75,0,0
4/25/2026 10:00,5.44,237,WSW,9.14,0,0
4/25/2026 11:00,4.67,230,SW,9.52,0,0
4/25/2026 12:00,4.47,256,WSW,7.58,0,0
4/25/2026 13:00,5.05,251,WSW,9.91,0,0
4/25/2026 14:00,3.89,249,WSW,9.52,0,0
4/25/2026 15:00,7,207,SSW,12.25,0,0
4/25/2026 16:00,4.67,245,WSW,11.27,0,0
4/25/2026 17:00,2.92,227,SW,7.19,0,0
4/25/2026 18:00,4.08,255,WSW,11.47,0,0
4/25/2026 19:00,6.61,270,W,10.69,0,0
4/25/2026 20:00,5.83,200,SSW,9.33,0,0
4/25/2026 21:00,4.47,198,SSW,7.97,0,0
4/25/2026 22:00,5.25,196,SSW,8.55,0,0
4/25/2026 23:00,6.61,191,S,10.3,0,0
4/26/2026 0:00,6.22,179,S,8.75,0,0
4/26/2026 1:00,4.86,186,S,9.72,0,0
4/26/2026 2:00,2.92,272,W,7.39,0,0
4/26/2026 3:00,3.89,264,W,6.22,0,0
4/26/2026 4:00,2.53,213,SSW,4.86,0,0
4/26/2026 5:00,2.92,273,W,3.69,0,0
4/26/2026 6:00,4.28,286,WNW,7.97,0,0
4/26/2026 7:00,9.91,309,NW,12.64,0,0
4/26/2026 8:00,6.61,317,NW,9.33,0,0
4/26/2026 9:00,3.11,283,WNW,6.8,0,0
4/26/2026 10:00,5.25,211,SSW,8.75,0,0
4/26/2026 11:00,5.25,277,W,8.16,0,0
4/26/2026 12:00,4.08,257,WSW,8.94,0,0
4/26/2026 13:00,3.89,206,SSW,8.16,0,0
4/26/2026 14:00,4.86,261,W,12.64,0,0
4/26/2026 15:00,2.33,214,SW,8.55,0,0
4/26/2026 16:00,2.92,214,SW,7.78,0,0
4/26/2026 17:00,6.03,198,SSW,9.91,0,0
4/26/2026 18:00,3.69,273,W,8.75,0,0
4/26/2026 19:00,4.86,267,W,11.08,0,0
4/26/2026 20:00,7.39,288,WNW,9.91,0,0
4/26/2026 21:00,8.16,299,WNW,11.47,0,0
4/26/2026 22:00,7,290,WNW,9.33,0,0
4/26/2026 23:00,2.14,185,S,3.89,0,0
4/27/2026 0:00,5.64,302,WNW,7.39,0,0
4/27/2026 1:00,7.58,283,WNW,9.72,0,0
4/27/2026 2:00,6.8,310,NW,9.33,0,0
4/27/2026 3:00,7.19,314,NW,10.11,0,0
4/27/2026 4:00,4.67,291,WNW,7.39,0,0
4/27/2026 5:00,7.19,282,WNW,9.14,0,0
4/27/2026 6:00,5.05,289,WNW,7.97,0,0
4/27/2026 7:00,6.03,304,NW,9.33,0,0
4/27/2026 8:00,8.16,316,NW,10.89,0,0
4/27/2026 9:00,6.41,309,NW,9.91,0,0
4/27/2026 10:00,2.33,298,WNW,3.11,0,0
4/27/2026 11:00,5.05,158,SSE,6.8,0,0
4/27/2026 12:00,7.78,157,SSE,9.72,0,0
4/27/2026 13:00,5.64,172,S,8.75,0,0
4/27/2026 14:00,7.58,194,SSW,11.86,0,0
4/27/2026 15:00,7.39,218,SW,12.05,0,0
4/27/2026 16:00,7.58,208,SSW,11.86,0,0
4/27/2026 17:00,8.75,210,SSW,12.64,0,0
4/27/2026 18:00,6.61,216,SW,11.86,0,0
4/27/2026 19:00,4.86,212,SSW,11.08,0,0
4/27/2026 20:00,1.56,280,W,6.03,0,0
4/27/2026 21:00,8.94,309,NW,11.08,0,0
4/27/2026 22:00,10.3,312,NW,13.8,0,0
4/27/2026 23:00,8.75,314,NW,10.89,0,0
4/28/2026 0:00,4.08,300,WNW,4.86,0,0
4/28/2026 1:00,4.28,141,SE,5.83,0,0
4/28/2026 2:00,1.94,208,SSW,5.64,0,0
4/28/2026 3:00,0.39,139,SE,3.3,0,0
4/28/2026 4:00,6.03,312,NW,7.39,0,0
4/28/2026 5:00,6.41,288,WNW,9.52,0,0
4/28/2026 6:00,3.3,286,WNW,4.67,0,0
4/28/2026 7:00,0.78,84,E,2.14,0,0
4/28/2026 8:00,1.75,255,WSW,3.5,0,0
4/28/2026 9:00,1.56,118,ESE,2.92,0,0
4/28/2026 10:00,1.36,143,SE,2.33,0,0
4/28/2026 11:00,3.3,154,SSE,5.05,0,0
4/28/2026 12:00,3.5,155,SSE,4.86,0,0
4/28/2026 13:00,4.08,188,S,6.22,0,0
4/28/2026 14:00,6.41,192,SSW,10.89,0,0
4/28/2026 15:00,4.28,235,SW,7.39,0,0
4/28/2026 16:00,4.28,222,SW,7.19,0,0
4/28/2026 17:00,3.11,204,SSW,6.41,0,0
4/28/2026 18:00,4.47,211,SSW,7.19,0,0
4/28/2026 19:00,2.72,215,SW,5.25,0,0
4/28/2026 20:00,7.39,324,NW,9.14,0,0
4/28/2026 21:00,7.97,312,NW,10.69,0,0
4/28/2026 22:00,3.11,330,NNW,5.44,0,0
4/28/2026 23:00,5.64,166,SSE,8.36,0,0
4/29/2026 0:00,5.05,299,WNW,6.61,0,0
4/29/2026 1:00,4.08,328,NNW,5.25,0,0
4/29/2026 2:00,4.86,261,W,6.03,0,0
4/29/2026 3:00,4.86,334,NNW,5.83,0,0
4/29/2026 4:00,3.11,262,W,4.67,0,0
4/29/2026 5:00,0.19,266,W,1.94,0,0
4/29/2026 6:00,4.47,327,NNW,5.05,0,0
4/29/2026 7:00,2.92,320,NW,3.5,0,0
4/29/2026 8:00,3.11,319,NW,3.89,0,0
4/29/2026 9:00,4.28,161,SSE,5.25,0,0
4/29/2026 10:00,5.05,165,SSE,7.78,0,0
4/29/2026 11:00,5.83,170,S,9.91,0,0
4/29/2026 12:00,5.83,187,S,8.94,0,0
4/29/2026 13:00,8.16,180,S,11.08,0,0
4/29/2026 14:00,8.16,182,S,11.27,0,0
4/29/2026 15:00,5.64,197,SSW,8.94,0,0
4/29/2026 16:00,5.25,152,SSE,9.14,0,0
4/29/2026 17:00,6.03,193,SSW,10.11,0,0
4/29/2026 18:00,0.58,319,NW,2.14,0,0
4/29/2026 19:00,12.83,319,NW,14.38,0,0
4/29/2026 20:00,12.64,319,NW,14.97,0,0
4/29/2026 21:00,11.47,305,NW,15.75,0,0
4/29/2026 22:00,9.14,309,NW,12.05,0,0
4/29/2026 23:00,5.05,165,SSE,6.8,0,0
4/30/2026 0:00,4.67,165,SSE,7.39,0,0
4/30/2026 1:00,2.92,310,NW,4.47,0,0
4/30/2026 2:00,7.19,304,NW,8.75,0,0
4/30/2026 3:00,3.69,277,W,5.25,0,0
4/30/2026 4:00,3.11,253,WSW,5.05,0,0
4/30/2026 5:00,5.83,158,SSE,7.19,0,0
4/30/2026 6:00,7.58,166,SSE,9.91,0,0
4/30/2026 7:00,7.78,175,S,10.5,0,0
4/30/2026 8:00,7.19,181,S,11.08,0,0
4/30/2026 9:00,7.39,177,S,9.52,0,0
4/30/2026 10:00,9.14,159,SSE,12.44,0,0
4/30/2026 11:00,7.58,171,S,11.86,0,0
4/30/2026 12:00,6.8,177,S,11.27,0,0
4/30/2026 13:00,7.19,176,S,10.11,0,0
4/30/2026 14:00,7.58,154,SSE,10.5,0,0
4/30/2026 15:00,6.22,156,SSE,9.33,0,0
4/30/2026 16:00,6.8,163,SSE,9.14,0,0
4/30/2026 17:00,3.69,183,S,6.03,0,0
4/30/2026 18:00,0.78,220,SW,5.44,0,0
4/30/2026 19:00,1.94,151,SSE,2.92,0,0
4/30/2026 20:00,2.53,197,SSW,4.67,0,0
4/30/2026 21:00,3.5,262,W,7.97,0,0
4/30/2026 22:00,2.14,212,SSW,4.67,0,0
4/30/2026 23:00,5.05,161,SSE,6.8,0,0
5/1/2026 0:00,6.22,159,SSE,7.58,0,0
5/1/2026 1:00,4.08,200,SSW,6.61,0,0
5/1/2026 2:00,2.72,206,SSW,6.22,0,0
5/1/2026 3:00,4.67,201,SSW,6.41,0,0
5/1/2026 4:00,6.03,161,SSE,7.97,0,0
5/1/2026 5:00,3.89,178,S,7,0,0
5/1/2026 6:00,7.78,160,SSE,10.11,0,0
5/1/2026 7:00,7.19,171,S,10.89,0,0
5/1/2026 8:00,6.61,172,S,13.22,0,0
5/1/2026 9:00,6.41,186,S,13.61,0,0
5/1/2026 10:00,5.25,173,S,9.52,0,0
5/1/2026 11:00,7.78,177,S,11.27,0,0
5/1/2026 12:00,9.14,160,SSE,12.25,0,0
5/1/2026 13:00,10.11,162,SSE,13.41,0,0
5/1/2026 14:00,9.91,158,SSE,13.41,0,0
5/1/2026 15:00,8.16,162,SSE,10.69,0,0
5/1/2026 16:00,6.03,161,SSE,8.94,0,0
5/1/2026 17:00,8.55,157,SSE,10.3,0,0
5/1/2026 18:00,8.55,159,SSE,10.3,0,0
5/1/2026 19:00,7.78,158,SSE,9.33,0,0
5/1/2026 20:00,8.36,160,SSE,10.3,0,0
5/1/2026 21:00,4.67,204,SSW,6.61,0,0
5/1/2026 22:00,4.47,165,SSE,6.41,0,0
5/1/2026 23:00,3.69,197,SSW,6.22,0,0
5/2/2026 0:00,4.28,172,S,7.39,0,0
5/2/2026 1:00,4.86,198,SSW,8.75,0,0
5/2/2026 2:00,7,188,S,11.47,0,0
5/2/2026 3:00,4.08,182,S,6.8,0,0
5/2/2026 4:00,4.08,207,SSW,8.75,0,0
5/2/2026 5:00,5.05,170,S,7.97,0,0
5/2/2026 6:00,4.28,206,SSW,8.16,0,0
5/2/2026 7:00,7.19,196,SSW,11.86,0,0
5/2/2026 8:00,6.8,193,SSW,12.44,0,0
5/2/2026 9:00,9.33,197,SSW,13.22,0,0
5/2/2026 10:00,6.22,200,SSW,12.83,0,0
5/2/2026 11:00,4.67,199,SSW,10.5,0,0
5/2/2026 12:00,5.64,180,S,11.47,0,0
5/2/2026 13:00,6.41,169,S,9.52,0,0
5/2/2026 14:00,5.64,180,S,9.91,0,0
5/2/2026 15:00,5.64,218,SW,10.69,0,0
5/2/2026 16:00,6.22,219,SW,11.27,0,0
5/2/2026 17:00,7.58,230,SW,15.94,0,0
5/2/2026 18:00,5.83,221,SW,9.33,0,0
5/2/2026 19:00,7,234,SW,9.33,0,0
5/2/2026 20:00,7.58,307,NW,11.08,0,0
5/2/2026 21:00,5.64,292,WNW,7.97,0,0
5/2/2026 22:00,4.47,288,WNW,7.97,0,0
5/2/2026 23:00,3.69,266,W,5.83,0,0
5/3/2026 0:00,5.83,314,NW,8.75,0,0
5/3/2026 1:00,3.89,207,SSW,6.22,0,0
5/3/2026 2:00,2.33,258,WSW,4.28,0,0
5/3/2026 3:00,1.94,244,WSW,5.64,0,0
5/3/2026 4:00,5.44,203,SSW,7.39,0,0
5/3/2026 5:00,4.67,203,SSW,7,0,0
5/3/2026 6:00,2.53,252,WSW,8.94,0,0
5/3/2026 7:00,4.28,199,SSW,7,0,0
5/3/2026 8:00,5.25,205,SSW,7.78,0,0
5/3/2026 9:00,4.47,199,SSW,8.36,0,0
5/3/2026 10:00,5.05,220,SW,9.14,0,0
5/3/2026 11:00,7.19,180,S,11.47,0,0
5/3/2026 12:00,4.47,212,SSW,9.52,0,0
5/3/2026 13:00,6.61,209,SSW,10.69,0,0
5/3/2026 14:00,7.39,197,SSW,12.05,0,0
5/3/2026 15:00,6.8,199,SSW,9.52,0,0
5/3/2026 16:00,7,222,SW,11.08,0,0
5/3/2026 17:00,6.03,232,SW,10.3,0,0
5/3/2026 18:00,5.05,230,SW,11.47,0,0
5/3/2026 19:00,7.19,220,SW,11.27,0,0
5/3/2026 20:00,5.05,243,WSW,8.94,0,0
5/3/2026 21:00,3.69,237,WSW,7.19,0,0
5/3/2026 22:00,2.33,260,W,3.5,0,0
5/3/2026 23:00,2.14,274,W,5.83,0,0
5/4/2026 0:00,3.89,239,WSW,6.8,0,0
5/4/2026 1:00,4.47,225,SW,7.58,0,0
5/4/2026 2:00,2.92,277,W,4.08,0,0
5/4/2026 3:00,3.11,275,W,4.67,0,0
5/4/2026 4:00,2.33,284,WNW,3.69,0,0
5/4/2026 5:00,1.56,236,SW,2.53,0,0
5/4/2026 6:00,3.69,270,W,4.86,0,0
5/4/2026 7:00,2.53,267,W,4.08,0,0
5/4/2026 8:00,2.14,271,W,3.11,0,0
5/4/2026 9:00,2.14,164,SSE,2.92,0,0
5/4/2026 10:00,0.78,167,SSE,2.53,0,0
5/4/2026 11:00,2.53,227,SW,5.05,0,0
5/4/2026 12:00,6.41,185,S,8.75,0,0
5/4/2026 13:00,6.61,223,SW,11.08,0,0
5/4/2026 14:00,5.05,226,SW,8.75,0,0
5/4/2026 15:00,4.08,219,SW,8.36,0,0
5/4/2026 16:00,5.64,227,SW,8.94,0,0
5/4/2026 17:00,6.03,221,SW,9.91,0,0
5/4/2026 18:00,8.16,295,WNW,11.66,0,0
5/4/2026 19:00,10.3,318,NW,12.44,0,0
5/4/2026 20:00,8.94,313,NW,11.66,0,0
5/4/2026 21:00,11.27,325,NW,13.02,0,0
5/4/2026 22:00,5.25,291,WNW,8.75,0,0
5/4/2026 23:00,3.3,274,W,4.67,0,0
5/5/2026 0:00,5.64,330,NNW,8.36,0,0
5/5/2026 1:00,4.47,274,W,6.8,0,0
5/5/2026 2:00,2.33,207,SSW,3.89,0,0
5/5/2026 3:00,3.5,175,S,4.86,0,0
5/5/2026 4:00,3.5,278,W,6.61,0,0
5/5/2026 5:00,1.94,205,SSW,3.5,0,0
5/5/2026 6:00,4.47,261,W,7.19,0,0
5/5/2026 7:00,3.89,279,W,6.41,0,0
5/5/2026 8:00,4.67,255,WSW,6.8,0,0
5/5/2026 9:00,3.3,272,W,5.25,0,0
5/5/2026 10:00,6.41,295,WNW,9.33,0,0
5/5/2026 11:00,7,308,NW,8.75,0,0
5/5/2026 12:00,3.5,297,WNW,5.25,0,0
5/5/2026 13:00,4.08,179,S,5.83,0,0
5/5/2026 14:00,4.28,214,SW,6.41,0,0
5/5/2026 15:00,4.67,209,SSW,7.78,0,0
5/5/2026 16:00,6.61,220,SW,12.25,0,0
5/5/2026 17:00,6.22,231,SW,10.5,0,0
5/5/2026 18:00,9.14,217,SW,13.41,0,0
5/5/2026 19:00,7.97,225,SW,12.25,0,0
5/5/2026 20:00,3.89,240,WSW,10.5,0,0
5/5/2026 21:00,2.72,233,SW,6.61,0,0
5/5/2026 22:00,3.3,260,W,5.44,0,0
5/5/2026 23:00,1.94,253,WSW,6.22,0,0
5/6/2026 0:00,2.92,287,WNW,4.08,0,0
5/6/2026 1:00,1.75,297,WNW,2.33,0,0
5/6/2026 2:00,4.08,277,W,5.64,0,0
5/6/2026 3:00,5.25,288,WNW,7.19,0,0
5/6/2026 4:00,4.28,291,WNW,6.03,0,0
5/6/2026 5:00,4.67,293,WNW,6.03,0,0
5/6/2026 6:00,4.47,288,WNW,6.22,0,0
5/6/2026 7:00,3.11,315,NW,4.47,0,0
5/6/2026 8:00,2.53,323,NW,3.3,0,0
5/6/2026 9:00,1.17,197,SSW,1.94,0,0
5/6/2026 10:00,3.69,153,SSE,5.05,0,0
5/6/2026 11:00,4.47,153,SSE,6.22,0,0
5/6/2026 12:00,4.67,156,SSE,5.83,0,0
5/6/2026 13:00,3.69,176,S,6.03,0,0
5/6/2026 14:00,5.44,194,SSW,8.16,0,0
5/6/2026 15:00,6.61,197,SSW,9.91,0,0
5/6/2026 16:00,3.5,233,SW,7.19,0,0
5/6/2026 17:00,4.28,226,SW,6.22,0,0
5/6/2026 18:00,4.67,223,SW,7.78,0,0
5/6/2026 19:00,7.58,310,NW,9.91,0,0
5/6/2026 20:00,10.3,308,NW,13.02,0,0
5/6/2026 21:00,9.33,308,NW,11.08,0,0
5/6/2026 22:00,3.89,295,WNW,5.25,0,0
5/6/2026 23:00,3.3,282,WNW,4.86,0,0
5/7/2026 0:00,2.33,237,WSW,4.28,0,0
5/7/2026 1:00,2.14,277,W,4.08,0,0
5/7/2026 2:00,2.14,231,SW,4.86,0,0
5/7/2026 3:00,3.3,222,SW,4.86,0,0
5/7/2026 4:00,2.72,304,NW,5.05,0,0
5/7/2026 5:00,1.75,234,SW,3.5,0,0
5/7/2026 6:00,5.44,288,WNW,7.97,0,0
5/7/2026 7:00,3.69,290,WNW,5.25,0,0
5/7/2026 8:00,2.92,298,WNW,4.67,0,0
5/7/2026 9:00,1.94,127,SE,3.89,0,0
5/7/2026 10:00,1.75,138,SE,3.69,0,0
5/7/2026 11:00,5.44,158,SSE,7.97,0,0
5/7/2026 12:00,5.64,156,SSE,7.19,0,0
5/7/2026 13:00,3.3,148,SSE,6.03,0,0
5/7/2026 14:00,4.28,160,SSE,7.19,0,0
5/7/2026 15:00,6.03,166,SSE,8.55,0,0
5/7/2026 16:00,7,186,S,10.3,0,0
5/7/2026 17:00,5.44,173,S,8.16,0,0
5/7/2026 18:00,1.56,307,NW,2.33,0,0
5/7/2026 19:00,5.05,292,WNW,7.19,0,0
5/7/2026 20:00,3.5,253,WSW,5.44,0,0
5/7/2026 21:00,6.03,312,NW,9.14,0,0
5/7/2026 22:00,3.89,282,WNW,5.44,0,0
5/7/2026 23:00,7.58,303,WNW,9.52,0,0
5/8/2026 0:00,5.83,311,NW,9.52,0,0
5/8/2026 1:00,0.97,229,SW,2.33,0,0
5/8/2026 2:00,2.53,270,W,3.3,0,0
5/8/2026 3:00,3.11,198,SSW,6.03,0,0
5/8/2026 4:00,3.5,311,NW,5.83,0,0
5/8/2026 5:00,1.56,323,NW,3.5,0,0
5/8/2026 6:00,0.19,259,W,1.56,0,0
5/8/2026 7:00,1.56,151,SSE,2.72,0,0
5/8/2026 8:00,3.3,271,W,5.83,0,0
5/8/2026 9:00,1.56,182,S,2.92,0,0
5/8/2026 10:00,4.67,152,SSE,7,0,0
5/8/2026 11:00,6.22,150,SSE,8.55,0,0
5/8/2026 12:00,5.25,141,SE,7.97,0,0
5/8/2026 13:00,6.8,150,SSE,10.89,0,0
5/8/2026 14:00,6.8,150,SSE,10.3,0,0
5/8/2026 15:00,8.16,155,SSE,10.3,0,0
5/8/2026 16:00,5.64,163,SSE,8.36,0,0
5/8/2026 17:00,7,159,SSE,10.5,0,0
5/8/2026 18:00,4.47,169,S,6.41,0,0
5/8/2026 19:00,2.53,205,SSW,4.86,0,0
5/8/2026 20:00,2.92,201,SSW,5.64,0,0
5/8/2026 21:00,5.44,156,SSE,6.8,0,0
5/8/2026 22:00,3.3,139,SE,5.44,0,0
5/8/2026 23:00,7.97,153,SSE,11.47,0,0
5/9/2026 0:00,8.75,156,SSE,14.19,0,0
5/9/2026 1:00,9.72,157,SSE,13.22,0,0
5/9/2026 2:00,10.89,166,SSE,14,0,0
5/9/2026 3:00,11.47,159,SSE,16.13,0,0
5/9/2026 4:00,11.47,159,SSE,15.16,0,0
5/9/2026 5:00,11.66,160,SSE,15.75,0,0
5/9/2026 6:00,13.41,163,SSE,16.33,0,0
5/9/2026 7:00,12.83,165,SSE,15.16,0,0
5/9/2026 8:00,9.33,161,SSE,12.44,0,0
5/9/2026 9:00,6.22,165,SSE,10.3,0,0
5/9/2026 10:00,7.97,161,SSE,10.5,0,0
5/9/2026 11:00,5.44,159,SSE,10.69,0,0
5/9/2026 12:00,12.05,161,SSE,16.13,0,0
5/9/2026 13:00,11.86,159,SSE,15.16,0,0
5/9/2026 14:00,8.16,150,SSE,12.64,0,0
5/9/2026 15:00,7.39,142,SE,10.5,0,0
5/9/2026 16:00,3.3,127,SE,8.55,0,0
5/9/2026 17:00,3.5,109,ESE,5.64,0,0
5/9/2026 18:00,4.08,120,ESE,7,0,0
5/9/2026 19:00,4.47,93,E,6.41,0,0
5/9/2026 20:00,3.11,166,SSE,6.22,0,0
5/9/2026 21:00,3.11,242,WSW,6.61,0,0
5/9/2026 22:00,2.33,128,SE,6.22,0,0
5/9/2026 23:00,2.72,145,SE,4.86,0,0
5/10/2026 0:00,4.08,148,SSE,6.41,0,0
5/10/2026 1:00,2.92,272,W,5.83,0,0
5/10/2026 2:00,3.11,162,SSE,4.08,0,0
5/10/2026 3:00,3.89,119,ESE,6.03,0,0
5/10/2026 4:00,2.14,138,SE,5.44,0,0
5/10/2026 5:00,4.08,116,ESE,5.83,0,0
5/10/2026 6:00,4.67,146,SE,9.14,0,0
5/10/2026 7:00,2.92,144,SE,7.58,0,0
5/10/2026 8:00,4.86,149,SSE,7.19,0,0
5/10/2026 9:00,6.03,156,SSE,7.58,0,0
5/10/2026 10:00,4.86,139,SE,8.16,0,0
5/10/2026 11:00,4.67,147,SSE,8.94,0,0
5/10/2026 12:00,11.27,161,SSE,15.16,0,0
5/10/2026 13:00,12.05,165,SSE,15.55,0,0
5/10/2026 14:00,11.47,165,SSE,15.36,0,0
5/10/2026 15:00,7.39,176,S,11.08,0,0
5/10/2026 16:00,8.94,178,S,12.44,0,0
5/10/2026 17:00,8.55,175,S,11.08,0,0
5/10/2026 18:00,6.22,166,SSE,10.69,0,0
5/10/2026 19:00,5.83,154,SSE,9.33,0,0
5/10/2026 20:00,5.64,157,SSE,9.91,0,0
5/10/2026 21:00,13.22,165,SSE,18.08,0,0
5/10/2026 22:00,12.25,164,SSE,15.55,0,0
5/10/2026 23:00,8.16,181,S,13.41,0,0
5/11/2026 0:00,8.16,171,S,12.44,0,0
5/11/2026 1:00,6.03,182,S,9.33,0,0
5/11/2026 2:00,7.97,186,S,11.86,0,0
5/11/2026 3:00,7.78,184,S,11.86,0,0
5/11/2026 4:00,8.55,179,S,12.44,0,0
5/11/2026 5:00,7.58,190,S,10.69,0,0
5/11/2026 6:00,6.41,186,S,11.27,0,0
5/11/2026 7:00,5.25,195,SSW,7.58,0,0
5/11/2026 8:00,4.86,187,S,7,0,0
5/11/2026 9:00,2.53,154,SSE,4.67,0,0
5/11/2026 10:00,1.75,194,SSW,3.11,0,0
5/11/2026 11:00,4.28,159,SSE,5.83,0,0
5/11/2026 12:00,4.47,159,SSE,5.64,0,0
5/11/2026 13:00,4.67,188,S,7.19,0,0
5/11/2026 14:00,2.72,193,SSW,4.28,0,0
5/11/2026 15:00,6.41,189,S,9.52,0,0
5/11/2026 16:00,4.28,160,SSE,5.83,0,0
5/11/2026 17:00,6.22,163,SSE,7.97,0,0
5/11/2026 18:00,3.11,161,SSE,4.08,0,0
5/11/2026 19:00,7.58,190,S,11.08,0,0
5/11/2026 20:00,3.11,229,SW,7.78,0,0
5/11/2026 21:00,2.33,180,S,4.08,0,0
5/11/2026 22:00,1.94,176,S,3.11,0,0
5/11/2026 23:00,5.05,302,WNW,5.83,0,0
5/12/2026 0:00,2.14,193,SSW,3.89,0,0
5/12/2026 1:00,2.72,282,WNW,4.67,0,0
5/12/2026 2:00,2.72,269,W,6.61,0,0
5/12/2026 3:00,1.56,163,SSE,2.33,0,0
5/12/2026 4:00,3.69,201,SSW,5.44,0,0
5/12/2026 5:00,3.5,199,SSW,5.83,0,0
5/12/2026 6:00,4.28,210,SSW,7.97,0,0
5/12/2026 7:00,6.03,215,SW,8.55,0,0
5/12/2026 8:00,3.5,211,SSW,7.78,0,0
5/12/2026 9:00,5.64,207,SSW,9.33,0,0
5/12/2026 10:00,3.11,203,SSW,7,0,0
5/12/2026 11:00,7.19,181,S,10.69,0,0
5/12/2026 12:00,5.25,182,S,9.14,0,0
5/12/2026 13:00,6.8,159,SSE,8.36,0,0
5/12/2026 14:00,6.61,168,SSE,10.5,0,0
5/12/2026 15:00,7.97,161,SSE,10.5,0,0
5/12/2026 16:00,5.64,175,S,8.94,0,0
5/12/2026 17:00,10.69,211,SSW,15.36,0,0
5/12/2026 18:00,6.8,213,SSW,9.52,0,0
5/12/2026 19:00,7.78,197,SSW,12.05,0,0
5/12/2026 20:00,7,200,SSW,9.33,0,0
5/12/2026 21:00,2.72,225,SW,4.28,0,0
5/12/2026 22:00,4.67,155,SSE,7.39,0,0
5/12/2026 23:00,5.64,140,SE,11.66,0,0
5/13/2026 0:00,8.75,165,SSE,11.86,0,0
5/13/2026 1:00,3.3,180,S,6.22,0,0
5/13/2026 2:00,2.53,210,SSW,3.89,0,0
5/13/2026 3:00,3.5,265,W,7.78,0,0
5/13/2026 4:00,1.75,220,SW,3.11,0,0
5/13/2026 5:00,3.89,199,SSW,6.03,0,0
5/13/2026 6:00,3.3,200,SSW,7,0,0
5/13/2026 7:00,5.64,293,WNW,8.36,0,0
5/13/2026 8:00,8.75,315,NW,12.83,0,0
5/13/2026 9:00,0.78,33,NNE,5.05,0,0
5/13/2026 10:00,4.67,145,SE,6.8,0,0
5/13/2026 11:00,5.64,155,SSE,6.61,0,0
5/13/2026 12:00,5.05,147,SSE,7.97,0,0
5/13/2026 13:00,5.25,171,S,7.19,0,0
5/13/2026 14:00,10.11,310,NW,12.44,0,0
5/13/2026 15:00,10.3,309,NW,13.8,0,0
5/13/2026 16:00,7.19,298,WNW,11.66,0,0
5/13/2026 17:00,9.52,310,NW,14.77,0,0
5/13/2026 18:00,7.78,308,NW,11.66,0,0
5/13/2026 19:00,3.69,168,SSE,5.44,0,0
5/13/2026 20:00,2.72,300,WNW,4.67,0,0
5/13/2026 21:00,1.56,287,WNW,2.33,0,0
5/13/2026 22:00,3.89,153,SSE,4.86,0,0
5/13/2026 23:00,4.86,160,SSE,6.41,0,0
5/14/2026 0:00,5.64,166,SSE,7,0,0
5/14/2026 1:00,5.64,161,SSE,7.39,0,0
5/14/2026 2:00,2.14,203,SSW,3.89,0,0
5/14/2026 3:00,3.89,192,SSW,5.44,0,0
5/14/2026 4:00,3.89,175,S,6.41,0,0
5/14/2026 5:00,4.47,191,S,7.19,0,0
5/14/2026 6:00,4.28,196,SSW,7.39,0,0
5/14/2026 7:00,4.28,171,S,6.22,0,0
5/14/2026 8:00,4.47,194,SSW,7.58,0,0
5/14/2026 9:00,4.08,173,S,7.39,0,0
5/14/2026 10:00,6.61,160,SSE,7.78,0,0
5/14/2026 11:00,6.61,175,S,9.91,0,0
5/14/2026 12:00,6.41,159,SSE,8.94,0,0
5/14/2026 13:00,7.19,154,SSE,11.66,0,0
5/14/2026 14:00,9.52,155,SSE,12.44,0,0
5/14/2026 15:00,7.78,156,SSE,9.14,0,0
5/14/2026 16:00,12.25,163,SSE,15.16,0,0
5/14/2026 17:00,11.86,156,SSE,14.97,0,0
5/14/2026 18:00,4.47,138,SE,7.39,0,0
5/14/2026 19:00,4.28,127,SE,9.33,0,0
5/14/2026 20:00,7,142,SE,11.27,0,0
5/14/2026 21:00,8.16,151,SSE,14.38,0,0
5/14/2026 22:00,10.5,158,SSE,13.41,0,0
5/14/2026 23:00,9.33,170,S,12.64,0,0
5/15/2026 0:00,8.94,153,SSE,12.64,0,0
5/15/2026 1:00,7.39,153,SSE,12.83,0,0
5/15/2026 2:00,6.41,152,SSE,9.33,0,0
5/15/2026 3:00,6.61,165,SSE,8.16,0,0
5/15/2026 4:00,3.11,134,SE,6.22,0,0
5/15/2026 5:00,6.41,162,SSE,7.78,0,0
5/15/2026 6:00,3.3,185,S,4.47,0,0
5/15/2026 7:00,4.86,161,SSE,6.22,0,0
5/15/2026 8:00,4.08,166,SSE,6.03,0,0
5/15/2026 9:00,6.22,161,SSE,7.58,0,0
5/15/2026 10:00,6.03,157,SSE,7.39,0,0
5/15/2026 11:00,4.86,166,SSE,7.78,0,0
5/15/2026 12:00,10.3,161,SSE,12.64,0,0
5/15/2026 13:00,8.16,156,SSE,9.33,0,0
5/15/2026 14:00,7.58,159,SSE,8.75,0,0
5/15/2026 15:00,3.5,117,ESE,4.67,0,0
5/15/2026 16:00,8.36,318,NW,10.11,0,0
5/15/2026 17:00,12.83,311,NW,14.97,0,0
5/15/2026 18:00,8.16,315,NW,12.05,0,0
5/15/2026 19:00,6.8,302,WNW,10.11,0,0
5/15/2026 20:00,6.8,311,NW,9.91,0,0
5/15/2026 21:00,10.89,302,WNW,15.16,0,0
5/15/2026 22:00,13.61,296,WNW,17.49,0,0
5/15/2026 23:00,11.27,303,WNW,16.91,0,0
5/16/2026 0:00,9.91,301,WNW,14.58,0,0
5/16/2026 1:00,7.78,296,WNW,11.47,0,0
5/16/2026 2:00,10.3,314,NW,12.44,0,0
5/16/2026 3:00,6.22,320,NW,8.75,0,0
5/16/2026 4:00,6.61,293,WNW,9.72,0,0
5/16/2026 5:00,5.83,291,WNW,8.75,0,0
5/16/2026 6:00,6.61,291,WNW,10.11,0,0
5/16/2026 7:00,7.78,314,NW,10.89,0,0
5/16/2026 8:00,6.41,321,NW,8.16,0,0
5/16/2026 9:00,3.3,286,WNW,5.44,0,0
5/16/2026 10:00,8.16,308,NW,11.66,0,0
5/16/2026 11:00,8.36,300,WNW,11.66,0,0
5/16/2026 12:00,6.61,303,WNW,9.52,0,0
5/16/2026 13:00,0.97,224,SW,4.47,0,0
5/16/2026 14:00,3.11,281,W,5.83,0,0
5/16/2026 15:00,4.86,299,WNW,8.94,0,0
5/16/2026 16:00,9.72,308,NW,13.22,0,0
5/16/2026 17:00,13.61,292,WNW,16.91,0,0
5/16/2026 18:00,13.8,313,NW,16.91,0,0
5/16/2026 19:00,11.47,299,WNW,15.16,0,0
5/16/2026 20:00,8.75,303,WNW,13.41,0,0
5/16/2026 21:00,10.3,300,WNW,12.25,0,0
5/16/2026 22:00,11.08,295,WNW,13.22,0,0
5/16/2026 23:00,6.22,307,NW,8.36,0,0
5/17/2026 0:00,10.5,306,NW,13.61,0,0
5/17/2026 1:00,9.91,313,NW,13.61,0,0
5/17/2026 2:00,5.83,320,NW,7.39,0,0
5/17/2026 3:00,1.75,217,SW,3.89,0,0
5/17/2026 4:00,2.53,156,SSE,4.08,0,0
5/17/2026 5:00,2.14,188,S,2.72,0,0
5/17/2026 6:00,6.8,316,NW,7.58,0,0
5/17/2026 7:00,6.41,321,NW,7.78,0,0
5/17/2026 8:00,3.89,331,NNW,5.05,0,0
5/17/2026 9:00,1.17,341,NNW,2.53,0,0
5/17/2026 10:00,4.28,164,SSE,7,0,0
5/17/2026 11:00,7,157,SSE,8.94,0,0
5/17/2026 12:00,6.22,161,SSE,7.19,0,0
5/17/2026 13:00,4.47,156,SSE,5.25,0,0
5/17/2026 14:00,4.28,165,SSE,6.03,0,0
5/17/2026 15:00,4.86,299,WNW,7,0,0
5/17/2026 16:00,18.47,4,N,24.88,0,0
5/17/2026 17:00,15.94,359,N,30.71,0,0
5/17/2026 18:00,18.47,344,NNW,26.24,0,0
5/17/2026 19:00,18.47,354,N,26.24,0,0
5/17/2026 20:00,17.11,359,N,23.33,0,0
5/17/2026 21:00,16.13,347,NNW,20.41,0,0
5/17/2026 22:00,12.25,338,NNW,16.72,0,0
5/17/2026 23:00,13.02,338,NNW,16.72,0,0
5/18/2026 0:00,13.8,340,NNW,17.88,0,0
5/18/2026 1:00,17.3,333,NNW,22.16,0,0
5/18/2026 2:00,17.69,335,NNW,23.13,0,0
5/18/2026 3:00,19.24,347,NNW,25.46,0,0
5/18/2026 4:00,20.41,350,N,30.91,0,0
5/18/2026 5:00,15.55,353,N,25.46,0,0
5/18/2026 6:00,12.83,346,NNW,17.3,0,0
5/18/2026 7:00,19.05,5,N,25.27,0,0
5/18/2026 8:00,12.64,345,NNW,16.91,0,0
5/18/2026 9:00,13.02,345,NNW,17.11,0,0
5/18/2026 10:00,16.91,2,N,22.35,0,0
5/18/2026 11:00,11.86,355,N,15.55,0,0
5/18/2026 12:00,10.69,337,NNW,13.22,0,0
5/18/2026 13:00,10.3,320,NW,13.02,0,0
5/18/2026 14:00,7.58,318,NW,9.91,0,0
5/18/2026 15:00,7,340,NNW,9.91,0,0
5/18/2026 16:00,6.41,320,NW,9.52,0,0
5/18/2026 17:00,4.86,356,N,6.8,0,0
5/18/2026 18:00,2.14,295,WNW,4.47,0,0
5/18/2026 19:00,10.11,294,WNW,12.05,0,0
5/18/2026 20:00,6.22,315,NW,8.75,0,0
5/18/2026 21:00,7.97,321,NW,8.94,0,0
5/18/2026 22:00,5.05,323,NW,9.52,0,0
5/18/2026 23:00,1.75,143,SE,3.11,0,0
5/19/2026 0:00,1.75,144,SE,4.28,0,0
5/19/2026 1:00,0.78,128,SE,2.72,0,0
5/19/2026 2:00,1.94,144,SE,3.3,0,0
5/19/2026 3:00,1.94,108,ESE,3.69,0,0
5/19/2026 4:00,2.72,86,E,3.89,0,0
5/19/2026 5:00,1.36,334,NNW,2.33,0,0
5/19/2026 6:00,1.36,123,ESE,1.94,0,0
5/19/2026 7:00,2.33,296,WNW,3.3,0,0
5/19/2026 8:00,1.56,221,SW,2.53,0,0
5/19/2026 9:00,0.78,179,S,2.53,0,0
5/19/2026 10:00,0.78,176,S,2.14,0,0
5/19/2026 11:00,2.53,157,SSE,4.08,0,0
5/19/2026 12:00,3.11,160,SSE,4.47,0,0
5/19/2026 13:00,3.5,173,S,5.44,0,0
5/19/2026 14:00,4.28,210,SSW,8.75,0,0
5/19/2026 15:00,7.19,228,SW,10.69,0,0
5/19/2026 16:00,8.36,223,SW,10.89,0,0
5/19/2026 17:00,4.28,230,SW,7.58,0,0
5/19/2026 18:00,2.72,79,E,6.03,0,0
5/19/2026 19:00,2.53,142,SE,6.22,0,0
5/19/2026 20:00,5.64,155,SSE,7.19,0,0
5/19/2026 21:00,3.3,146,SE,5.64,0,0
5/19/2026 22:00,1.36,141,SE,4.86,0,0
5/19/2026 23:00,1.94,160,SSE,5.25,0,0
5/20/2026 0:00,7.58,154,SSE,9.52,0,0
5/20/2026 1:00,7.39,165,SSE,10.69,0,0
5/20/2026 2:00,4.28,186,S,7.78,0,0
5/20/2026 3:00,2.14,179,S,7,0,0
5/20/2026 4:00,3.5,168,SSE,7.39,0,0
5/20/2026 5:00,2.14,199,SSW,3.69,0,0
5/20/2026 6:00,4.47,165,SSE,5.64,0,0
5/20/2026 7:00,6.03,196,SSW,9.52,0,0
5/20/2026 8:00,1.75,261,W,2.33,0,0
5/20/2026 9:00,2.92,154,SSE,3.5,0,0
5/20/2026 10:00,3.11,146,SE,4.67,0,0
5/20/2026 11:00,3.69,147,SSE,5.25,0,0
5/20/2026 12:00,3.5,155,SSE,5.25,0,0
5/20/2026 13:00,2.92,141,SE,5.64,0,0
5/20/2026 14:00,2.92,139,SE,4.86,0,0
5/20/2026 15:00,5.64,167,SSE,8.36,0,0
5/20/2026 16:00,4.08,140,SE,7.39,0,0
5/20/2026 17:00,4.86,152,SSE,7.78,0,0
5/20/2026 18:00,3.11,132,SE,5.25,0,0
5/20/2026 19:00,4.08,117,ESE,6.8,0,0
5/20/2026 20:00,1.56,141,SE,2.92,0,0
5/20/2026 21:00,2.53,196,SSW,3.69,0,0
5/20/2026 22:00,3.5,161,SSE,4.28,0,0
5/20/2026 23:00,3.89,177,S,6.8,0,0
5/21/2026 0:00,6.61,178,S,9.52,0,0
5/21/2026 1:00,7.97,184,S,11.08,0,0
5/21/2026 2:00,5.83,194,SSW,7.97,0,0
5/21/2026 3:00,5.05,181,S,9.91,0,0
5/21/2026 4:00,6.61,179,S,11.08,0,0
5/21/2026 5:00,2.33,218,SW,7.39,0,0
5/21/2026 6:00,1.75,195,SSW,2.53,0,0
5/21/2026 7:00,5.05,189,S,7.58,0,0
5/21/2026 8:00,7.58,200,SSW,10.5,0,0
5/21/2026 9:00,7.19,200,SSW,9.33,0,0
5/21/2026 10:00,7.39,187,S,10.89,0,0
5/21/2026 11:00,6.61,195,SSW,8.55,0,0
5/21/2026 12:00,4.47,189,S,6.8,0,0
5/21/2026 13:00,4.86,181,S,7.58,0,0
5/21/2026 14:00,6.8,172,S,9.33,0,0
5/21/2026 15:00,6.61,155,SSE,9.33,0,0
5/21/2026 16:00,3.3,142,SE,7,0,0
5/21/2026 17:00,9.91,178,S,13.02,0,0
5/21/2026 18:00,8.94,176,S,14.19,0,0
5/21/2026 19:00,3.89,146,SE,7.19,0,0
5/21/2026 20:00,2.33,186,S,4.67,0,0
5/21/2026 21:00,1.17,155,SSE,4.47,0,0
5/21/2026 22:00,2.92,211,SSW,6.61,0,0
5/21/2026 23:00,7,180,S,9.72,0,0
5/22/2026 0:00,7.97,181,S,10.5,0,0
5/22/2026 1:00,7,183,S,10.89,0,0
5/22/2026 2:00,5.64,186,S,8.36,0,0
5/22/2026 3:00,3.3,200,SSW,6.8,0,0
5/22/2026 4:00,7,189,S,9.91,0,0
5/22/2026 5:00,3.69,194,SSW,6.8,0,0
5/22/2026 6:00,3.11,211,SSW,5.83,0,0
5/22/2026 7:00,2.33,264,W,3.89,0,0
5/22/2026 8:00,1.75,259,W,5.64,0,0
5/22/2026 9:00,4.67,175,S,7.78,0,0
5/22/2026 10:00,7.58,178,S,10.3,0,0
5/22/2026 11:00,8.36,174,S,12.05,0,0
5/22/2026 12:00,6.8,182,S,10.89,0,0
5/22/2026 13:00,5.05,185,S,8.16,0,0
5/22/2026 14:00,4.86,185,S,9.33,0,0
5/22/2026 15:00,9.14,218,SW,13.02,0,0
5/22/2026 16:00,11.66,219,SW,17.11,0,0
5/22/2026 17:00,11.27,226,SW,16.72,0,0
5/22/2026 18:00,11.86,222,SW,17.88,0,0
5/22/2026 19:00,8.75,222,SW,16.52,0,0
5/22/2026 20:00,8.36,227,SW,12.83,0,0
5/22/2026 21:00,7,215,SW,12.05,0,0
5/22/2026 22:00,8.55,218,SW,15.16,0,0
5/22/2026 23:00,7.19,226,SW,13.02,0,0
5/23/2026 0:00,5.44,226,SW,13.02,0,0
5/23/2026 1:00,6.41,241,WSW,11.27,0,0
5/23/2026 2:00,6.22,223,SW,13.22,0,0
5/23/2026 3:00,10.11,197,SSW,13.41,0,0
5/23/2026 4:00,6.8,205,SSW,14.38,0,0
5/23/2026 5:00,8.75,204,SSW,13.02,0,0
5/23/2026 6:00,8.94,201,SSW,14.77,0,0
5/23/2026 7:00,7.78,199,SSW,13.22,0,0
5/23/2026 8:00,7.58,217,SW,12.44,0,0
5/23/2026 9:00,6.8,212,SSW,13.61,0,0
5/23/2026 10:00,7.39,206,SSW,14,0,0
5/23/2026 11:00,8.75,221,SW,13.41,0,0
5/23/2026 12:00,7.39,244,WSW,13.22,0,0
5/23/2026 13:00,8.94,238,WSW,13.41,0,0
5/23/2026 14:00,10.3,221,SW,14.97,0,0
5/23/2026 15:00,10.3,230,SW,19.44,0,0
5/23/2026 16:00,11.08,227,SW,17.88,0,0
5/23/2026 17:00,8.36,221,SW,14.97,0,0
5/23/2026 18:00,7.39,226,SW,15.16,0,0
5/23/2026 19:00,8.16,233,SW,14.97,0,0
5/23/2026 20:00,7.97,229,SW,13.61,0,0
5/23/2026 21:00,6.61,226,SW,12.64,0,0
5/23/2026 22:00,7.78,226,SW,13.22,0,0
5/23/2026 23:00,7.58,224,SW,12.25,0,0
5/24/2026 0:00,7.97,223,SW,13.61,0,0
5/24/2026 1:00,7.19,237,WSW,12.05,0,0
5/24/2026 2:00,9.52,225,SW,14.38,0,0
5/24/2026 3:00,4.28,230,SW,9.14,0,0
5/24/2026 4:00,4.67,255,WSW,10.3,0,0
5/24/2026 5:00,4.28,240,WSW,12.05,0,0
5/24/2026 6:00,5.05,242,WSW,7.39,0,0
5/24/2026 7:00,4.67,225,SW,7.58,0,0
5/24/2026 8:00,5.25,220,SW,8.16,0,0
5/24/2026 9:00,3.89,223,SW,8.75,0,0
5/24/2026 10:00,6.8,228,SW,11.66,0,0
5/24/2026 11:00,7.39,225,SW,12.44,0,0
5/24/2026 12:00,6.8,228,SW,13.8,0,0
5/24/2026 13:00,8.55,237,WSW,12.83,0,0
5/24/2026 14:00,7,213,SSW,14.19,0,0
5/24/2026 15:00,7.97,236,SW,13.02,0,0
5/24/2026 16:00,8.36,228,SW,13.41,0,0
5/24/2026 17:00,9.14,222,SW,14,0,0
5/24/2026 18:00,7.97,223,SW,14.58,0,0
5/24/2026 19:00,11.27,237,WSW,15.16,0,0
5/24/2026 20:00,7.19,229,SW,11.08,0,0
5/24/2026 21:00,6.8,223,SW,11.86,0,0
5/24/2026 22:00,7.19,227,SW,11.66,0,0
5/24/2026 23:00,6.03,224,SW,9.72,0,0
5/25/2026 0:00,6.03,228,SW,10.5,0,0
5/25/2026 1:00,7.97,229,SW,12.83,0,0
5/25/2026 2:00,5.83,248,WSW,10.69,0,0
5/25/2026 3:00,5.83,252,WSW,9.72,0,0
5/25/2026 4:00,7.19,231,SW,10.3,0,0
5/25/2026 5:00,4.67,220,SW,9.14,0,0
5/25/2026 6:00,6.22,218,SW,10.89,0,0
5/25/2026 7:00,4.47,244,WSW,8.16,0,0
5/25/2026 8:00,6.41,242,WSW,8.55,0,0
5/25/2026 9:00,4.86,224,SW,9.14,0,0
5/25/2026 10:00,4.67,226,SW,8.16,0,0
5/25/2026 11:00,5.05,216,SW,8.36,0,0
5/25/2026 12:00,4.47,224,SW,9.33,0,0
5/25/2026 13:00,7.39,236,SW,12.44,0,0
5/25/2026 14:00,6.41,227,SW,11.86,0,0
5/25/2026 15:00,7.58,233,SW,13.61,0,0
5/25/2026 16:00,8.36,225,SW,13.61,0,0
5/25/2026 17:00,9.33,237,WSW,14,0,0
5/25/2026 18:00,7.97,231,SW,13.8,0,0
5/25/2026 19:00,7.97,234,SW,13.61,0,0
5/25/2026 20:00,9.14,239,WSW,12.05,0,0
5/25/2026 21:00,8.55,246,WSW,12.05,0,0
5/25/2026 22:00,5.25,240,WSW,8.75,0,0
5/25/2026 23:00,6.61,244,WSW,8.55,0,0
5/26/2026 0:00,8.75,241,WSW,10.89,0,0
5/26/2026 1:00,5.83,238,WSW,10.69,0,0
5/26/2026 2:00,6.22,240,WSW,8.55,0,0
5/26/2026 3:00,3.89,215,SW,7.78,0,0
5/26/2026 4:00,8.94,301,WNW,14.97,0,0
5/26/2026 5:00,11.27,302,WNW,14.97,0,0
5/26/2026 6:00,7.97,296,WNW,10.89,0,0
5/26/2026 7:00,7.78,289,WNW,10.3,0,0
5/26/2026 8:00,8.36,281,W,12.25,0,0
5/26/2026 9:00,9.33,292,WNW,12.05,0,0
5/26/2026 10:00,8.55,298,WNW,12.05,0,0
5/26/2026 11:00,9.33,303,WNW,11.47,0,0
5/26/2026 12:00,6.61,288,WNW,8.94,0,0
5/26/2026 13:00,7.78,288,WNW,10.69,0,0
5/26/2026 14:00,10.3,292,WNW,12.44,0,0
5/26/2026 15:00,12.05,300,WNW,15.55,0,0
5/26/2026 16:00,13.02,295,WNW,17.49,0,0
5/26/2026 17:00,13.22,289,WNW,16.72,0,0
5/26/2026 18:00,13.02,302,WNW,17.49,0,0
5/26/2026 19:00,10.3,309,NW,13.41,0,0
5/26/2026 20:00,11.27,310,NW,14.77,0,0
5/26/2026 21:00,10.5,301,WNW,14.58,0,0
5/26/2026 22:00,12.05,308,NW,15.55,0,0
5/26/2026 23:00,5.83,302,WNW,8.36,0,0
5/27/2026 0:00,9.91,321,NW,12.44,0,0
5/27/2026 1:00,6.41,314,NW,8.94,0,0
5/27/2026 2:00,3.69,306,NW,5.64,0,0
5/27/2026 3:00,1.36,304,NW,1.94,0,0
5/27/2026 4:00,2.72,97,E,4.86,0,0
5/27/2026 5:00,2.53,251,WSW,4.86,0,0
5/27/2026 6:00,0.97,175,S,2.72,0,0
5/27/2026 7:00,1.36,253,WSW,2.72,0,0
5/27/2026 8:00,4.86,151,SSE,8.55,0,0
5/27/2026 9:00,7.78,161,SSE,10.3,0,0
5/27/2026 10:00,8.94,161,SSE,11.08,0,0
5/27/2026 11:00,6.22,167,SSE,10.11,0,0
5/27/2026 12:00,6.41,178,S,10.3,0,0
5/27/2026 13:00,6.03,197,SSW,10.3,0,0
5/27/2026 14:00,9.14,199,SSW,12.83,0,0
5/27/2026 15:00,7.58,219,SW,11.86,0,0
5/27/2026 16:00,9.52,229,SW,14.58,0,0
5/27/2026 17:00,7,205,SSW,12.25,0,0
5/27/2026 18:00,9.33,219,SW,15.75,0,0
5/27/2026 19:00,10.5,230,SW,14.97,0,0
5/27/2026 20:00,10.5,192,SSW,15.75,0,0
5/27/2026 21:00,5.05,221,SW,8.36,0,0
5/27/2026 22:00,5.05,166,SSE,11.86,0,0
5/27/2026 23:00,6.8,186,S,9.52,0,0
5/28/2026 0:00,7.78,186,S,11.08,0,0
5/28/2026 1:00,7.58,192,SSW,10.69,0,0
5/28/2026 2:00,6.41,204,SSW,9.72,0,0
5/28/2026 3:00,7.39,182,S,10.3,0,0
5/28/2026 4:00,4.86,152,SSE,7.39,0,0
5/28/2026 5:00,3.3,108,ESE,6.8,0,0
5/28/2026 6:00,5.44,87,E,7.58,0,0
5/28/2026 7:00,2.92,61,ENE,5.83,0,0
5/28/2026 8:00,6.8,86,E,7.97,0,0
5/28/2026 9:00,8.94,90,E,12.83,0,0
5/28/2026 10:00,4.28,99,E,9.33,0,0
5/28/2026 11:00,9.91,87,E,13.61,0,0
5/28/2026 12:00,8.94,86,E,16.13,0,0
5/28/2026 13:00,9.14,82,E,14.77,0,0
5/28/2026 14:00,3.5,113,ESE,7,0,0
5/28/2026 15:00,4.86,167,SSE,8.55,0,0
5/28/2026 16:00,3.89,194,SSW,5.64,0,0
5/28/2026 17:00,1.75,196,SSW,3.11,0,0
5/28/2026 18:00,5.25,205,SSW,8.36,0,0
5/28/2026 19:00,4.67,298,WNW,7.39,0,0
5/28/2026 20:00,9.14,296,WNW,11.66,0,0
5/28/2026 21:00,9.14,309,NW,11.47,0,0
5/28/2026 22:00,3.69,297,WNW,5.44,0,0
5/28/2026 23:00,3.11,173,S,4.67,0,0
5/29/2026 0:00,3.89,195,SSW,5.83,0,0
5/29/2026 1:00,1.94,229,SW,3.89,0,0
5/29/2026 2:00,3.69,190,S,7.19,0,0
5/29/2026 3:00,2.14,160,SSE,2.92,0,0
5/29/2026 4:00,4.67,192,SSW,7.19,0,0
5/29/2026 5:00,6.61,183,S,9.33,0,0
5/29/2026 6:00,7.19,290,WNW,9.91,0,0
5/29/2026 7:00,2.33,216,SW,7.39,0,0
5/29/2026 8:00,3.89,282,WNW,6.03,0,0
5/29/2026 9:00,5.05,207,SSW,10.5,0,0
5/29/2026 10:00,2.33,256,WSW,5.83,0,0
5/29/2026 11:00,6.8,199,SSW,10.89,0,0
5/29/2026 12:00,7.39,201,SSW,9.52,0,0
5/29/2026 13:00,7.19,201,SSW,9.14,0,0
5/29/2026 14:00,8.16,197,SSW,12.44,0,0
5/29/2026 15:00,8.75,200,SSW,11.66,0,0
5/29/2026 16:00,7.39,202,SSW,10.11,0,0
5/29/2026 17:00,4.86,165,SSE,7.58,0,0
5/29/2026 18:00,6.22,184,S,8.94,0,0
5/29/2026 19:00,5.05,185,S,7,0,0
5/29/2026 20:00,2.53,239,WSW,5.25,0,0
5/29/2026 21:00,2.72,273,W,5.83,0,0
5/29/2026 22:00,1.94,267,W,5.44,0,0
5/29/2026 23:00,2.92,242,WSW,4.86,0,0
5/30/2026 0:00,1.56,235,SW,2.92,0,0
5/30/2026 1:00,0.97,285,WNW,1.75,0,0
5/30/2026 2:00,0.97,217,SW,1.94,0,0
5/30/2026 3:00,6.61,163,SSE,9.14,0,0
5/30/2026 4:00,6.22,162,SSE,7.78,0,0
5/30/2026 5:00,6.22,167,SSE,8.55,0,0
5/30/2026 6:00,2.72,150,SSE,7.58,0,0
5/30/2026 7:00,2.14,203,SSW,4.67,0,0
5/30/2026 8:00,1.94,201,SSW,4.08,0,0
5/30/2026 9:00,2.72,157,SSE,4.28,0,0
5/30/2026 10:00,5.44,167,SSE,7.97,0,0
5/30/2026 11:00,4.67,164,SSE,7.97,0,0
5/30/2026 12:00,5.05,158,SSE,6.8,0,0
5/30/2026 13:00,4.86,175,S,6.41,0,0
5/30/2026 14:00,6.8,160,SSE,8.36,0,0
5/30/2026 15:00,6.8,163,SSE,10.3,0,0
5/30/2026 16:00,6.8,165,SSE,9.72,0,0
5/30/2026 17:00,3.89,135,SE,6.8,0,0
5/30/2026 18:00,5.83,193,SSW,7.19,0,0
5/30/2026 19:00,11.66,334,NNW,14.19,0,0
5/30/2026 20:00,7,324,NW,8.75,0,0
5/30/2026 21:00,0.19,292,WNW,1.36,0,0
5/30/2026 22:00,2.92,167,SSE,5.25,0,0
5/30/2026 23:00,7.39,165,SSE,8.75,0,0
5/31/2026 0:00,5.64,164,SSE,7,0,0
5/31/2026 1:00,6.8,165,SSE,8.75,0,0
5/31/2026 2:00,5.83,163,SSE,7.39,0,0
5/31/2026 3:00,6.61,166,SSE,8.75,0,0
5/31/2026 4:00,3.5,168,SSE,6.61,0,0
5/31/2026 5:00,5.05,167,SSE,7,0,0
5/31/2026 6:00,5.05,192,SSW,7,0,0
5/31/2026 7:00,3.5,190,S,5.25,0,0
5/31/2026 8:00,3.69,158,SSE,6.61,0,0
5/31/2026 9:00,5.05,160,SSE,6.41,0,0
5/31/2026 10:00,6.41,158,SSE,8.36,0,0
5/31/2026 11:00,4.86,191,S,7.19,0,0
5/31/2026 12:00,5.83,188,S,7.78,0,0
5/31/2026 13:00,6.03,190,S,8.36,0,0
5/31/2026 14:00,7,162,SSE,10.5,0,0
5/31/2026 15:00,5.83,183,S,10.11,0,0
5/31/2026 16:00,3.89,138,SE,9.33,0,0
5/31/2026 17:00,3.69,129,SE,5.25,0,0
5/31/2026 18:00,5.05,118,ESE,11.47,0,0
5/31/2026 19:00,2.53,85,E,4.67,0,0
5/31/2026 20:00,1.56,132,SE,4.28,0,0
5/31/2026 21:00,4.47,172,S,6.22,0,0
5/31/2026 22:00,6.8,168,SSE,9.14,0,0
5/31/2026 23:00,7,158,SSE,9.14,0,0
6/1/2026 0:00,13.02,158,SSE,16.13,0,0
6/1/2026 1:00,6.61,160,SSE,11.86,0,0
6/1/2026 2:00,7.78,159,SSE,9.52,0,0
6/1/2026 3:00,3.89,194,SSW,7.39,0,0
6/1/2026 4:00,4.28,182,S,9.14,0,0
6/1/2026 5:00,4.08,176,S,9.52,0,0
6/1/2026 6:00,4.08,180,S,7.39,0,0
6/1/2026 7:00,2.72,163,SSE,5.83,0,0
6/1/2026 8:00,3.11,165,SSE,6.03,0,0
6/1/2026 9:00,4.47,156,SSE,6.61,0,0
6/1/2026 10:00,6.41,157,SSE,7.97,0,0
6/1/2026 11:00,4.47,159,SSE,5.64,0,0
6/1/2026 12:00,3.5,151,SSE,4.67,0,0
6/1/2026 13:00,5.05,158,SSE,6.22,0,0
6/1/2026 14:00,7.58,155,SSE,10.89,0,0
6/1/2026 15:00,5.83,162,SSE,10.69,0,0
6/1/2026 16:00,6.61,175,S,9.52,0,0
6/1/2026 17:00,3.69,139,SE,7.19,0,0
6/1/2026 18:00,6.8,169,S,10.3,0,0
6/1/2026 19:00,2.53,142,SE,6.22,0,0
6/1/2026 20:00,2.14,179,S,5.05,0,0
6/1/2026 21:00,1.94,247,WSW,6.8,0,0
6/1/2026 22:00,2.33,147,SSE,3.69,0,0
6/1/2026 23:00,4.86,171,S,7.19,0,0
6/2/2026 0:00,5.05,170,S,7.97,0,0
6/2/2026 1:00,3.11,226,SW,4.67,0,0
6/2/2026 2:00,4.47,175,S,7.19,0,0
6/2/2026 3:00,3.89,259,W,6.22,0,0
6/2/2026 4:00,3.5,192,SSW,5.83,0,0
6/2/2026 5:00,4.28,189,S,7.58,0,0
6/2/2026 6:00,3.69,229,SW,6.41,0,0
6/2/2026 7:00,3.89,198,SSW,7.39,0,0
6/2/2026 8:00,3.89,174,S,7.78,0,0
6/2/2026 9:00,7.58,167,SSE,10.5,0,0
6/2/2026 10:00,5.64,177,S,10.3,0,0
6/2/2026 11:00,8.55,159,SSE,12.05,0,0
6/2/2026 12:00,7.19,170,S,10.5,0,0
6/2/2026 13:00,6.8,180,S,11.27,0,0
6/2/2026 14:00,4.67,177,S,7.39,0,0
6/2/2026 15:00,5.05,180,S,9.33,0,0
6/2/2026 16:00,6.22,196,SSW,11.27,0,0
6/2/2026 17:00,3.89,222,SW,7,0,0
6/2/2026 18:00,1.36,109,ESE,2.53,0,0
6/2/2026 19:00,0.78,227,SW,3.3,0,0
6/2/2026 20:00,2.14,206,SSW,3.89,0,0
6/2/2026 21:00,4.08,189,S,6.22,0,0
6/2/2026 22:00,5.64,238,WSW,7.58,0,0
6/2/2026 23:00,6.41,157,SSE,7.78,0,0
6/3/2026 0:00,12.05,156,SSE,15.55,0,0
6/3/2026 1:00,9.91,161,SSE,13.41,0,0
6/3/2026 2:00,7.58,162,SSE,9.33,0,0
6/3/2026 3:00,2.72,148,SSE,7.58,0,0
6/3/2026 4:00,7.58,155,SSE,12.25,0,0
6/3/2026 5:00,10.69,163,SSE,12.83,0,0
6/3/2026 6:00,9.14,160,SSE,13.61,0,0
6/3/2026 7:00,8.75,160,SSE,11.47,0,0
6/3/2026 8:00,8.75,162,SSE,13.22,0,0
6/3/2026 9:00,10.5,160,SSE,13.41,0,0
6/3/2026 10:00,7.97,158,SSE,12.25,0,0
6/3/2026 11:00,9.72,158,SSE,12.25,0,0
6/3/2026 12:00,12.05,156,SSE,16.13,0,0
6/3/2026 13:00,12.25,158,SSE,16.72,0,0
6/3/2026 14:00,9.33,152,SSE,12.64,0,0
6/3/2026 15:00,9.14,151,SSE,12.83,0,0
6/3/2026 16:00,9.14,161,SSE,12.83,0,0
6/3/2026 17:00,3.5,137,SE,6.61,0,0
6/3/2026 18:00,1.75,138,SE,9.14,0,0
6/3/2026 19:00,9.14,328,NNW,15.94,0,0
6/3/2026 20:00,9.14,301,WNW,12.05,0,0
6/3/2026 21:00,6.61,319,NW,10.3,0,0
6/3/2026 22:00,0.58,146,SE,3.5,0,0
6/3/2026 23:00,5.83,158,SSE,8.16,0,0
6/4/2026 0:00,7,174,S,10.69,0,0
6/4/2026 1:00,11.47,162,SSE,15.16,0,0
6/4/2026 2:00,9.33,161,SSE,12.25,0,0
6/4/2026 3:00,10.11,157,SSE,12.44,0,0
6/4/2026 4:00,8.75,168,SSE,11.08,0,0
6/4/2026 5:00,8.75,159,SSE,11.86,0,0
6/4/2026 6:00,7.78,162,SSE,10.3,0,0
6/4/2026 7:00,8.75,164,SSE,11.08,0,0
6/4/2026 8:00,6.8,166,SSE,9.52,0,0
6/4/2026 9:00,7.97,160,SSE,10.5,0,0
6/4/2026 10:00,6.03,171,S,8.55,0,0
6/4/2026 11:00,5.05,180,S,6.41,0,0
6/4/2026 12:00,6.61,190,S,9.52,0,0
6/4/2026 13:00,6.41,170,S,10.69,0,0
6/4/2026 14:00,6.41,156,SSE,8.16,0,0
6/4/2026 15:00,9.72,162,SSE,11.66,0,0
6/4/2026 16:00,8.55,152,SSE,11.86,0,0
6/4/2026 17:00,6.03,148,SSE,10.69,0,0
6/4/2026 18:00,4.67,139,SE,10.69,0,0
6/4/2026 19:00,7.97,149,SSE,14.58,0,0
6/4/2026 20:00,13.41,159,SSE,18.47,0,0
6/4/2026 21:00,5.83,168,SSE,9.72,0,0
6/4/2026 22:00,7.39,164,SSE,13.8,0,0
6/4/2026 23:00,6.8,163,SSE,10.5,0,0
6/5/2026 0:00,10.69,162,SSE,13.61,0,0
6/5/2026 1:00,12.05,162,SSE,14.58,0,0
6/5/2026 2:00,10.69,163,SSE,14.19,0,0
6/5/2026 3:00,8.94,163,SSE,12.25,0,0
6/5/2026 4:00,4.86,174,S,7.97,0,0
6/5/2026 5:00,5.64,162,SSE,8.75,0,0
6/5/2026 6:00,5.05,173,S,7.39,0,0
6/5/2026 7:00,6.03,188,S,9.52,0,0
6/5/2026 8:00,4.08,170,S,6.41,0,0
6/5/2026 9:00,5.25,161,SSE,8.36,0,0
6/5/2026 10:00,4.86,156,SSE,6.22,0,0
6/5/2026 11:00,3.89,182,S,6.61,0,0
6/5/2026 12:00,8.16,189,S,11.27,0,0
6/5/2026 13:00,9.33,190,S,13.41,0,0
6/5/2026 14:00,6.41,163,SSE,8.94,0,0
6/5/2026 15:00,8.75,164,SSE,10.69,0,0
6/5/2026 16:00,8.55,155,SSE,10.5,0,0
6/5/2026 17:00,2.33,114,ESE,4.67,0,0
6/5/2026 18:00,2.92,157,SSE,6.61,0,0
6/5/2026 19:00,4.86,249,WSW,9.91,0,0
6/5/2026 20:00,4.08,131,SE,6.22,0,0
6/5/2026 21:00,1.56,135,SE,3.11,0,0
6/5/2026 22:00,7.58,158,SSE,9.72,0,0
6/5/2026 23:00,6.22,147,SSE,9.52,0,0
6/6/2026 0:00,11.27,157,SSE,15.16,0,0
6/6/2026 1:00,9.14,157,SSE,12.25,0,0
6/6/2026 2:00,8.55,166,SSE,12.83,0,0
6/6/2026 3:00,6.22,148,SSE,9.52,0,0
6/6/2026 4:00,7.97,161,SSE,11.47,0,0
6/6/2026 5:00,7.97,158,SSE,10.5,0,0
6/6/2026 6:00,10.5,166,SSE,13.02,0,0
6/6/2026 7:00,3.69,146,SE,7.78,0,0
6/6/2026 8:00,0.19,325,NW,2.92,0,0
6/6/2026 9:00,3.89,145,SE,6.03,0,0
6/6/2026 10:00,8.36,162,SSE,11.08,0,0
6/6/2026 11:00,9.52,164,SSE,11.27,0,0
6/6/2026 12:00,8.36,165,SSE,10.11,0,0
6/6/2026 13:00,4.08,151,SSE,5.83,0,0
6/6/2026 14:00,4.67,148,SSE,7.39,0,0
6/6/2026 15:00,5.64,154,SSE,7.39,0,0
6/6/2026 16:00,3.5,98,E,6.41,0,0
6/6/2026 17:00,4.67,140,SE,7.39,0,0
6/6/2026 18:00,15.94,309,NW,19.83,0,0
6/6/2026 19:00,14.97,304,NW,19.05,0,0
6/6/2026 20:00,17.3,296,WNW,21.58,0,0
6/6/2026 21:00,4.67,322,NW,6.41,0,0
6/6/2026 22:00,6.61,295,WNW,9.72,0,0
6/6/2026 23:00,5.83,164,SSE,7.39,0,0
6/7/2026 0:00,5.25,162,SSE,7.19,0,0
6/7/2026 1:00,5.44,147,SSE,9.33,0,0
6/7/2026 2:00,4.67,169,S,7,0,0
6/7/2026 3:00,5.05,155,SSE,8.16,0,0
6/7/2026 4:00,4.47,147,SSE,5.64,0,0
6/7/2026 5:00,4.67,144,SE,9.91,0,0
6/7/2026 6:00,3.5,159,SSE,5.25,0,0
6/7/2026 7:00,3.89,143,SE,6.03,0,0
6/7/2026 8:00,7.58,155,SSE,10.3,0,0
6/7/2026 9:00,8.16,161,SSE,10.69,0,0
6/7/2026 10:00,7.39,162,SSE,9.91,0,0
6/7/2026 11:00,7.78,161,SSE,9.52,0,0
6/7/2026 12:00,7.19,181,S,10.3,0,0
6/7/2026 13:00,7.97,185,S,11.27,0,0
6/7/2026 14:00,6.8,185,S,9.33,0,0
6/7/2026 15:00,6.03,189,S,10.11,0,0
6/7/2026 16:00,5.44,193,SSW,8.94,0,0
6/7/2026 17:00,2.14,206,SSW,8.16,0,0
6/7/2026 18:00,7.19,308,NW,10.5,0,0
6/7/2026 19:00,11.08,314,NW,12.64,0,0
6/7/2026 20:00,4.08,68,ENE,5.44,0,0
6/7/2026 21:00,4.28,121,ESE,7.58,0,0
6/7/2026 22:00,8.94,162,SSE,10.69,0,0
6/7/2026 23:00,8.55,163,SSE,11.66,0,0
6/8/2026 0:00,7,170,S,10.3,0,0
6/8/2026 1:00,5.44,148,SSE,10.11,0,0
6/8/2026 2:00,6.22,145,SE,10.5,0,0
6/8/2026 3:00,8.94,159,SSE,11.27,0,0
6/8/2026 4:00,10.69,159,SSE,14,0,0
6/8/2026 5:00,9.52,161,SSE,11.66,0,0
6/8/2026 6:00,6.41,155,SSE,9.33,0,0
6/8/2026 7:00,8.36,163,SSE,11.47,0,0
6/8/2026 8:00,6.03,145,SE,9.72,0,0
6/8/2026 9:00,8.36,155,SSE,12.05,0,0
6/8/2026 10:00,7.39,151,SSE,10.3,0,0
6/8/2026 11:00,9.72,159,SSE,15.75,0,0
6/8/2026 12:00,3.69,140,SE,9.14,0,0
6/8/2026 13:00,5.64,151,SSE,8.94,0,0
6/8/2026 14:00,4.08,187,S,8.75,0,0
6/8/2026 15:00,9.91,311,NW,12.64,0,0
6/8/2026 16:00,11.08,311,NW,14.19,0,0
6/8/2026 17:00,1.56,224,SW,5.64,0,0
6/8/2026 18:00,2.53,203,SSW,4.86,0,0
6/8/2026 19:00,4.67,207,SSW,7.58,0,0
6/8/2026 20:00,2.33,199,SSW,4.28,0,0
6/8/2026 21:00,2.14,255,WSW,6.22,0,0
6/8/2026 22:00,6.61,284,WNW,7.97,0,0
6/8/2026 23:00,3.3,214,SW,7.58,0,0
6/9/2026 0:00,3.5,197,SSW,6.61,0,0
6/9/2026 1:00,3.89,193,SSW,5.44,0,0
6/9/2026 2:00,4.67,175,S,7.19,0,0
6/9/2026 3:00,5.83,192,SSW,9.14,0,0
6/9/2026 4:00,2.33,203,SSW,5.25,0,0
6/9/2026 5:00,3.5,187,S,5.44,0,0
6/9/2026 6:00,4.86,179,S,6.41,0,0
6/9/2026 7:00,3.5,196,SSW,5.25,0,0
6/9/2026 8:00,1.75,163,SSE,2.33,0,0
6/9/2026 9:00,3.3,184,S,4.47,0,0
6/9/2026 10:00,4.28,174,S,5.44,0,0
6/9/2026 11:00,5.83,181,S,8.75,0,0
6/9/2026 12:00,5.44,169,S,8.36,0,0
6/9/2026 13:00,4.47,150,SSE,6.8,0,0
6/9/2026 14:00,6.41,172,S,8.16,0,0
6/9/2026 15:00,6.61,170,S,9.52,0,0
6/9/2026 16:00,9.14,157,SSE,10.69,0,0
6/9/2026 17:00,5.83,160,SSE,7.78,0,0
6/9/2026 18:00,2.53,124,SE,5.25,0,0
6/9/2026 19:00,2.92,110,ESE,7.19,0,0
6/9/2026 20:00,5.25,154,SSE,7.97,0,0
6/9/2026 21:00,4.47,158,SSE,7.58,0,0
6/9/2026 22:00,4.67,166,SSE,6.8,0,0
6/9/2026 23:00,3.89,180,S,6.41,0,0
6/10/2026 0:00,4.47,163,SSE,6.41,0,0
6/10/2026 1:00,2.72,184,S,4.08,0,0
6/10/2026 2:00,2.92,178,S,4.08,0,0
6/10/2026 3:00,2.53,167,SSE,3.89,0,0
6/10/2026 4:00,4.08,168,SSE,5.05,0,0
6/10/2026 5:00,1.36,172,S,4.28,0,0
6/10/2026 6:00,2.92,166,SSE,3.69,0,0
6/10/2026 7:00,2.33,175,S,3.5,0,0
6/10/2026 8:00,3.69,152,SSE,6.03,0,0
6/10/2026 9:00,5.05,159,SSE,5.83,0,0
6/10/2026 10:00,4.28,158,SSE,5.05,0,0
6/10/2026 11:00,6.8,161,SSE,8.94,0,0
6/10/2026 12:00,2.33,177,S,3.69,0,0
6/10/2026 13:00,4.08,163,SSE,6.22,0,0
6/10/2026 14:00,3.89,184,S,5.64,0,0
6/10/2026 15:00,8.16,164,SSE,12.44,0,0
6/10/2026 16:00,7.97,160,SSE,9.91,0,0
6/10/2026 17:00,3.5,147,SSE,5.44,0,0
6/10/2026 18:00,4.86,160,SSE,5.64,0,0
6/10/2026 19:00,3.3,149,SSE,6.22,0,0
6/10/2026 20:00,2.72,134,SE,4.86,0,0
6/10/2026 21:00,4.47,149,SSE,8.94,0,0
6/10/2026 22:00,4.47,156,SSE,6.8,0,0
6/10/2026 23:00,3.89,166,SSE,6.61,0,0
6/11/2026 0:00,2.92,127,SE,4.67,0,0
6/11/2026 1:00,2.72,127,SE,4.47,0,0
6/11/2026 2:00,3.11,131,SE,4.86,0,0
6/11/2026 3:00,1.36,186,S,2.53,0,0
6/11/2026 4:00,1.36,118,ESE,3.11,0,0
6/11/2026 5:00,2.14,141,SE,4.28,0,0
6/11/2026 6:00,0.97,105,ESE,1.75,0,0
6/11/2026 7:00,1.94,179,S,4.08,0,0
6/11/2026 8:00,2.72,151,SSE,3.5,0,0
6/11/2026 9:00,2.33,111,ESE,3.3,0,0
6/11/2026 10:00,2.33,162,SSE,4.67,0,0
6/11/2026 11:00,1.75,144,SE,3.3,0,0
6/11/2026 12:00,3.11,139,SE,5.25,0,0
6/11/2026 13:00,1.36,144,SE,3.5,0,0
6/11/2026 14:00,6.8,189,S,10.5,0,0
6/11/2026 15:00,4.47,127,SE,7.58,0,0
6/11/2026 16:00,6.22,153,SSE,9.52,0,0
6/11/2026 17:00,5.25,162,SSE,10.11,0,0
6/11/2026 18:00,2.14,206,SSW,4.28,0,0
6/11/2026 19:00,10.11,158,SSE,11.86,0,0
6/11/2026 20:00,1.56,267,W,4.86,0,0
6/11/2026 21:00,3.5,254,WSW,5.25,0,0
6/11/2026 22:00,5.44,160,SSE,7.39,0,0
6/11/2026 23:00,4.28,273,W,5.83,0,0
6/12/2026 0:00,4.08,186,S,10.5,0,0
6/12/2026 1:00,3.5,284,WNW,4.08,0,0
6/12/2026 2:00,2.72,272,W,6.22,0,0
6/12/2026 3:00,3.89,257,WSW,7.97,0,0
6/12/2026 4:00,4.86,267,W,8.55,0,0
6/12/2026 5:00,1.94,210,SSW,7,0,0
6/12/2026 6:00,3.5,182,S,5.64,0,0
6/12/2026 7:00,0.39,42,NE,1.94,0,0
6/12/2026 8:00,4.28,155,SSE,6.03,0,0
6/12/2026 9:00,3.3,164,SSE,5.83,0,0
6/12/2026 10:00,4.28,165,SSE,6.61,0,0
6/12/2026 11:00,3.89,159,SSE,5.25,0,0
6/12/2026 12:00,4.47,190,S,6.61,0,0
6/12/2026 13:00,4.86,158,SSE,7.39,0,0
6/12/2026 14:00,3.11,175,S,6.22,0,0
6/12/2026 15:00,1.94,70,ENE,2.72,0,0
6/12/2026 16:00,0.97,125,SE,2.92,0,0
6/12/2026 17:00,2.92,262,W,5.83,0,0
6/12/2026 18:00,0.97,201,SSW,2.72,0,0
6/12/2026 19:00,3.3,252,WSW,5.83,0,0
6/12/2026 20:00,4.67,156,SSE,9.33,0,0
6/12/2026 21:00,7.58,166,SSE,10.5,0,0
6/12/2026 22:00,2.33,224,SW,7.19,0,0
6/12/2026 23:00,2.14,163,SSE,3.5,0,0
6/13/2026 0:00,1.94,244,WSW,4.47,0,0
6/13/2026 1:00,6.22,181,S,8.75,0,0
6/13/2026 2:00,3.11,190,S,4.86,0,0
6/13/2026 3:00,2.53,246,WSW,5.25,0,0
6/13/2026 4:00,3.5,258,WSW,6.8,0,0
6/13/2026 5:00,4.08,213,SSW,6.8,0,0
6/13/2026 6:00,3.11,235,SW,6.61,0,0
6/13/2026 7:00,2.53,224,SW,7.78,0,0
6/13/2026 8:00,2.53,181,S,3.89,0,0
6/13/2026 9:00,5.64,183,S,8.94,0,0
6/13/2026 10:00,5.83,173,S,8.94,0,0
6/13/2026 11:00,7.19,174,S,9.33,0,0
6/13/2026 12:00,4.47,180,S,7.58,0,0
6/13/2026 13:00,8.36,190,S,10.89,0,0
6/13/2026 14:00,3.89,176,S,5.64,0,0
6/13/2026 15:00,4.28,247,WSW,8.36,0,0
6/13/2026 16:00,4.47,333,NNW,6.03,0,0
6/13/2026 17:00,4.86,259,W,7.97,0,0
6/13/2026 18:00,4.47,258,WSW,9.33,0,0
6/13/2026 19:00,6.22,237,WSW,13.61,0,0
6/13/2026 20:00,6.8,234,SW,10.89,0,0
6/13/2026 21:00,7.19,222,SW,12.25,0,0
6/13/2026 22:00,5.25,224,SW,7.78,0,0
6/13/2026 23:00,4.67,221,SW,9.72,0,0
6/14/2026 0:00,2.92,242,WSW,7.39,0,0
6/14/2026 1:00,5.64,224,SW,8.75,0,0
6/14/2026 2:00,5.64,230,SW,10.69,0,0
6/14/2026 3:00,5.83,249,WSW,12.44,0,0
6/14/2026 4:00,7.19,234,SW,11.27,0,0
6/14/2026 5:00,5.83,248,WSW,9.72,0,0
6/14/2026 6:00,6.22,223,SW,10.89,0,0
6/14/2026 7:00,4.67,220,SW,8.16,0,0
6/14/2026 8:00,4.67,220,SW,8.36,0,0
6/14/2026 9:00,5.25,231,SW,8.94,0,0
6/14/2026 10:00,4.86,221,SW,9.14,0,0
6/14/2026 11:00,5.44,215,SW,9.52,0,0
6/14/2026 12:00,5.44,210,SSW,8.75,0,0
6/14/2026 13:00,5.44,221,SW,11.27,0,0
6/14/2026 14:00,8.16,221,SW,13.8,0,0
6/14/2026 15:00,6.41,222,SW,11.47,0,0
6/14/2026 16:00,7.58,223,SW,14,0,0
6/14/2026 17:00,8.36,219,SW,14.58,0,0
6/14/2026 18:00,6.22,210,SSW,11.47,0,0
6/14/2026 19:00,7.58,222,SW,11.86,0,0
6/14/2026 20:00,8.36,220,SW,14.38,0,0
6/14/2026 21:00,6.41,222,SW,10.69,0,0
6/14/2026 22:00,6.61,227,SW,11.08,0,0
6/14/2026 23:00,7.58,224,SW,10.5,0,0
6/15/2026 0:00,5.05,219,SW,7.97,0,0
6/15/2026 1:00,4.47,229,SW,8.36,0,0
6/15/2026 2:00,2.92,209,SSW,7.78,0,0
6/15/2026 3:00,4.67,229,SW,7.39,0,0
6/15/2026 4:00,5.83,220,SW,9.52,0,0
6/15/2026 5:00,5.05,219,SW,7.19,0,0
6/15/2026 6:00,4.08,239,WSW,7.19,0,0
6/15/2026 7:00,4.47,214,SW,7,0,0
6/15/2026 8:00,4.28,226,SW,7.19,0,0
6/15/2026 9:00,4.47,195,SSW,6.8,0,0
6/15/2026 10:00,5.44,185,S,7.78,0,0
6/15/2026 11:00,7.19,179,S,10.69,0,0
6/15/2026 12:00,5.05,213,SSW,10.11,0,0
6/15/2026 13:00,5.05,215,SW,9.14,0,0
6/15/2026 14:00,6.61,224,SW,11.47,0,0
6/15/2026 15:00,9.72,215,SW,14,0,0
6/15/2026 16:00,6.61,221,SW,12.05,0,0
6/15/2026 17:00,6.8,201,SSW,14,0,0
6/15/2026 18:00,10.3,218,SW,15.16,0,0
6/15/2026 19:00,10.11,218,SW,15.55,0,0
6/15/2026 20:00,11.08,217,SW,15.75,0,0
6/15/2026 21:00,6.41,220,SW,10.3,0,0
6/15/2026 22:00,6.41,224,SW,10.3,0,0
6/15/2026 23:00,6.22,222,SW,9.91,0,0
6/16/2026 0:00,5.83,222,SW,9.91,0,0
6/16/2026 1:00,5.64,194,SSW,9.52,0,0
6/16/2026 2:00,3.89,206,SSW,9.33,0,0
6/16/2026 3:00,3.5,202,SSW,9.72,0,0
6/16/2026 4:00,6.03,223,SW,10.89,0,0
6/16/2026 5:00,4.67,220,SW,7.19,0,0
6/16/2026 6:00,5.83,222,SW,7.97,0,0
6/16/2026 7:00,4.86,206,SSW,7,0,0
6/16/2026 8:00,3.89,205,SSW,6.41,0,0
6/16/2026 9:00,3.11,202,SSW,7.97,0,0
6/16/2026 10:00,4.86,196,SSW,7.58,0,0
6/16/2026 11:00,5.64,192,SSW,8.55,0,0
6/16/2026 12:00,3.5,234,SW,6.22,0,0
6/16/2026 13:00,7.39,158,SSE,10.11,0,0
6/16/2026 14:00,7.58,156,SSE,10.3,0,0
6/16/2026 15:00,7.78,159,SSE,10.3,0,0
6/16/2026 16:00,6.22,177,S,13.41,0,0
6/16/2026 17:00,5.64,213,SSW,13.61,0,0
6/16/2026 18:00,10.69,227,SW,18.27,0,0
6/16/2026 19:00,4.86,214,SW,10.11,0,0
6/16/2026 20:00,8.94,224,SW,14.38,0,0
6/16/2026 21:00,6.61,222,SW,11.27,0,0
6/16/2026 22:00,7.97,225,SW,14.58,0,0
6/16/2026 23:00,7,229,SW,11.47,0,0
6/17/2026 0:00,6.41,231,SW,9.72,0,0
6/17/2026 1:00,3.69,232,SW,5.83,0,0
6/17/2026 2:00,4.67,189,S,7.78,0,0
6/17/2026 3:00,3.69,187,S,8.36,0,0
6/17/2026 4:00,5.05,209,SSW,8.36,0,0
6/17/2026 5:00,4.67,199,SSW,7.78,0,0
6/17/2026 6:00,6.8,196,SSW,10.89,0,0
6/17/2026 7:00,7,206,SSW,10.3,0,0
6/17/2026 8:00,5.44,197,SSW,8.75,0,0
6/17/2026 9:00,5.05,173,S,8.16,0,0
6/17/2026 10:00,3.3,235,SW,8.36,0,0
6/17/2026 11:00,4.86,220,SW,9.14,0,0
6/17/2026 12:00,6.41,220,SW,11.08,0,0
6/17/2026 13:00,7.58,224,SW,11.66,0,0
6/17/2026 14:00,7.19,227,SW,14,0,0
6/17/2026 15:00,8.94,229,SW,13.41,0,0
6/17/2026 16:00,7,226,SW,12.05,0,0
6/17/2026 17:00,5.44,210,SSW,12.05,0,0
6/17/2026 18:00,7,224,SW,10.5,0,0
6/17/2026 19:00,9.52,240,WSW,14,0,0
6/17/2026 20:00,8.36,228,SW,13.02,0,0
6/17/2026 21:00,6.61,225,SW,12.44,0,0
6/17/2026 22:00,6.22,229,SW,10.11,0,0
6/17/2026 23:00,5.64,226,SW,10.69,0,0
6/18/2026 0:00,8.94,231,SW,12.64,0,0
6/18/2026 1:00,8.75,233,SW,12.64,0,0
6/18/2026 2:00,8.16,238,WSW,11.86,0,0
6/18/2026 3:00,5.25,247,WSW,10.3,0,0
6/18/2026 4:00,7,239,WSW,10.3,0,0
6/18/2026 5:00,5.44,229,SW,10.89,0,0
6/18/2026 6:00,5.83,222,SW,10.69,0,0
6/18/2026 7:00,5.64,211,SSW,8.94,0,0
6/18/2026 8:00,3.3,235,SW,6.03,0,0
6/18/2026 9:00,4.86,238,WSW,8.55,0,0
6/18/2026 10:00,4.67,228,SW,7.58,0,0
6/18/2026 11:00,6.22,245,WSW,8.55,0,0
6/18/2026 12:00,7.19,232,SW,13.41,0,0
6/18/2026 13:00,8.75,240,WSW,11.86,0,0
6/18/2026 14:00,6.03,226,SW,12.44,0,0
6/18/2026 15:00,7,222,SW,13.22,0,0
6/18/2026 16:00,7.58,226,SW,14.58,0,0
6/18/2026 17:00,6.22,224,SW,12.05,0,0
6/18/2026 18:00,9.91,233,SW,15.55,0,0
6/18/2026 19:00,10.3,233,SW,14.77,0,0
6/18/2026 20:00,8.55,240,WSW,13.8,0,0
6/18/2026 21:00,7.58,228,SW,15.16,0,0
6/18/2026 22:00,10.3,235,SW,15.16,0,0
6/18/2026 23:00,8.75,226,SW,14.19,0,0
6/19/2026 0:00,5.64,216,SW,14.19,0,0
6/19/2026 1:00,7.19,226,SW,10.89,0,0
6/19/2026 2:00,5.64,224,SW,9.91,0,0
6/19/2026 3:00,4.28,206,SSW,8.94,0,0
6/19/2026 4:00,6.03,197,SSW,10.89,0,0
6/19/2026 5:00,3.69,204,SSW,9.33,0,0
6/19/2026 6:00,5.64,193,SSW,8.94,0,0
6/19/2026 7:00,6.61,194,SSW,9.33,0,0
6/19/2026 8:00,5.05,203,SSW,7.97,0,0
6/19/2026 9:00,5.44,203,SSW,9.33,0,0
6/19/2026 10:00,6.22,197,SSW,14.38,0,0
6/19/2026 11:00,5.05,204,SSW,8.94,0,0
6/19/2026 12:00,6.61,200,SSW,12.83,0,0
6/19/2026 13:00,6.41,221,SW,11.86,0,0
6/19/2026 14:00,6.41,237,WSW,11.27,0,0
6/19/2026 15:00,6.41,231,SW,10.3,0,0
6/19/2026 16:00,9.52,237,WSW,13.61,0,0
6/19/2026 17:00,7,236,SW,13.8,0,0
6/19/2026 18:00,8.36,247,WSW,13.8,0,0
6/19/2026 19:00,8.55,250,WSW,11.08,0,0
6/19/2026 20:00,7.19,260,W,10.3,0,0
6/19/2026 21:00,7,260,W,9.72,0,0
6/19/2026 22:00,5.25,240,WSW,9.14,0,0
6/19/2026 23:00,5.05,249,WSW,8.36,0,0
6/20/2026 0:00,4.28,238,WSW,8.55,0,0
6/20/2026 1:00,6.8,238,WSW,11.08,0,0
6/20/2026 2:00,4.67,262,W,8.16,0,0
6/20/2026 3:00,5.05,269,W,8.94,0,0
6/20/2026 4:00,5.25,255,WSW,7.58,0,0
6/20/2026 5:00,3.5,258,WSW,5.44,0,0
6/20/2026 6:00,4.08,258,WSW,5.44,0,0
6/20/2026 7:00,3.69,258,WSW,5.25,0,0
6/20/2026 8:00,3.69,265,W,5.44,0,0
6/20/2026 9:00,4.86,286,WNW,7.39,0,0
6/20/2026 10:00,4.47,266,W,6.8,0,0
6/20/2026 11:00,2.92,237,WSW,7.58,0,0
6/20/2026 12:00,6.8,198,SSW,10.11,0,0
6/20/2026 13:00,3.89,197,SSW,10.69,0,0
6/20/2026 14:00,1.75,252,WSW,10.3,0,0
6/20/2026 15:00,7.39,196,SSW,13.41,0,0
6/20/2026 16:00,4.67,195,SSW,8.55,0,0
6/20/2026 17:00,8.36,194,SSW,14.19,0,0
6/20/2026 18:00,7.58,181,S,11.08,0,0
6/20/2026 19:00,7,198,SSW,10.89,0,0
6/20/2026 20:00,3.5,219,SW,6.41,0,0
6/20/2026 21:00,6.61,304,NW,8.94,0,0
6/20/2026 22:00,6.61,305,NW,8.75,0,0
6/20/2026 23:00,5.83,281,W,7.19,0,0
6/21/2026 0:00,1.94,256,WSW,6.41,0,0
6/21/2026 1:00,2.92,271,W,7.39,0,0
6/21/2026 2:00,2.72,256,WSW,6.61,0,0
6/21/2026 3:00,4.67,189,S,10.11,0,0
6/21/2026 4:00,4.67,210,SSW,10.11,0,0
6/21/2026 5:00,4.86,183,S,7.97,0,0
6/21/2026 6:00,5.44,187,S,8.16,0,0
6/21/2026 7:00,5.05,180,S,9.14,0,0
6/21/2026 8:00,3.89,194,SSW,6.61,0,0
6/21/2026 9:00,5.64,185,S,9.14,0,0
6/21/2026 10:00,6.22,181,S,8.36,0,0
6/21/2026 11:00,5.83,172,S,9.33,0,0
6/21/2026 12:00,6.03,161,SSE,8.94,0,0
6/21/2026 13:00,8.55,182,S,12.64,0,0
6/21/2026 14:00,7.97,183,S,13.02,0,0
6/21/2026 15:00,6.22,202,SSW,9.91,0,0
6/21/2026 16:00,4.47,204,SSW,9.52,0,0
6/21/2026 17:00,3.11,310,NW,6.22,0,0
6/21/2026 18:00,4.47,359,N,5.25,0,0
6/21/2026 19:00,3.3,253,WSW,5.83,0,0
6/21/2026 20:00,3.89,252,WSW,6.8,0,0
6/21/2026 21:00,1.56,241,WSW,5.44,0,0
6/21/2026 22:00,3.69,184,S,7.78,0,0
6/21/2026 23:00,3.5,197,SSW,5.05,0,0
6/22/2026 0:00,4.47,193,SSW,8.75,0,0
6/22/2026 1:00,7.19,200,SSW,10.89,0,0
6/22/2026 2:00,5.64,191,S,8.36,0,0
6/22/2026 3:00,6.61,204,SSW,9.52,0,0
6/22/2026 4:00,6.41,199,SSW,9.91,0,0
6/22/2026 5:00,6.8,185,S,11.27,0,0
6/22/2026 6:00,2.92,169,S,8.75,0,0
6/22/2026 7:00,3.11,177,S,9.33,0,0
6/22/2026 8:00,5.05,200,SSW,10.5,0,0
6/22/2026 9:00,6.61,159,SSE,10.11,0,0
6/22/2026 10:00,5.83,157,SSE,9.33,0,0
6/22/2026 11:00,8.94,156,SSE,12.05,0,0
6/22/2026 12:00,8.75,158,SSE,11.86,0,0
6/22/2026 13:00,6.03,156,SSE,9.91,0,0
6/22/2026 14:00,3.89,171,S,9.33,0,0
6/22/2026 15:00,4.28,183,S,9.14,0,0
6/22/2026 16:00,4.28,183,S,7.39,0,0
6/22/2026 17:00,2.72,205,SSW,7.58,0,0
6/22/2026 18:00,6.22,197,SSW,11.27,0,0
6/22/2026 19:00,4.47,200,SSW,9.14,0,0
6/22/2026 20:00,5.25,198,SSW,11.86,0,0
6/22/2026 21:00,4.67,259,W,10.11,0,0
6/22/2026 22:00,2.92,200,SSW,7,0,0
6/22/2026 23:00,4.67,190,S,11.47,0,0
6/23/2026 0:00,1.56,275,W,8.94,0,0
6/23/2026 1:00,4.28,177,S,8.55,0,0
6/23/2026 2:00,4.67,171,S,7.97,0,0
6/23/2026 3:00,5.25,169,S,8.75,0,0
6/23/2026 4:00,3.3,256,WSW,7.19,0,0
6/23/2026 5:00,3.5,256,WSW,7.58,0,0
6/23/2026 6:00,2.92,183,S,7,0,0
6/23/2026 7:00,2.92,209,SSW,5.25,0,0
6/23/2026 8:00,2.72,193,SSW,6.03,0,0
6/23/2026 9:00,3.69,179,S,6.61,0,0
6/23/2026 10:00,4.28,158,SSE,6.8,0,0
6/23/2026 11:00,3.89,186,S,7.78,0,0
6/23/2026 12:00,6.8,161,SSE,9.52,0,0
6/23/2026 13:00,7.19,161,SSE,10.3,0,0
6/23/2026 14:00,7.78,160,SSE,11.08,0,0
6/23/2026 15:00,3.89,181,S,7.58,0,0
6/23/2026 16:00,2.72,150,SSE,7,0,0
6/23/2026 17:00,6.8,158,SSE,10.3,0,0
6/23/2026 18:00,5.44,170,S,8.55,0,0
6/23/2026 19:00,5.05,162,SSE,6.41,0,0
6/23/2026 20:00,1.56,297,WNW,3.5,0,0
6/23/2026 21:00,7.97,243,WSW,11.86,0,0
6/23/2026 22:00,6.22,227,SW,9.52,0,0
6/23/2026 23:00,5.64,195,SSW,9.14,0,0
6/24/2026 0:00,5.25,194,SSW,7.39,0,0
6/24/2026 1:00,6.22,232,SW,10.3,0,0
6/24/2026 2:00,5.83,207,SSW,8.94,0,0
6/24/2026 3:00,6.41,228,SW,10.3,0,0
6/24/2026 4:00,4.28,206,SSW,7.97,0,0
6/24/2026 5:00,4.86,198,SSW,7.97,0,0
6/24/2026 6:00,4.67,217,SW,10.5,0,0
6/24/2026 7:00,5.64,237,WSW,7.39,0,0
6/24/2026 8:00,4.86,186,S,8.75,0,0
6/24/2026 9:00,3.89,225,SW,8.16,0,0
6/24/2026 10:00,5.05,200,SSW,8.94,0,0
6/24/2026 11:00,4.67,216,SW,8.94,0,0
6/24/2026 12:00,5.64,208,SSW,10.3,0,0
6/24/2026 13:00,9.14,201,SSW,12.83,0,0
6/24/2026 14:00,10.11,199,SSW,14.38,0,0
6/24/2026 15:00,7.19,226,SW,12.83,0,0
6/24/2026 16:00,10.11,204,SSW,14.58,0,0
6/24/2026 17:00,6.61,207,SSW,13.61,0,0
6/24/2026 18:00,8.55,192,SSW,13.61,0,0
6/24/2026 19:00,5.44,196,SSW,10.69,0,0
6/24/2026 20:00,5.44,212,SSW,9.91,0,0
6/24/2026 21:00,7.19,224,SW,11.08,0,0
6/24/2026 22:00,6.22,204,SSW,11.27,0,0
6/24/2026 23:00,5.44,204,SSW,8.94,0,0
6/25/2026 0:00,6.22,226,SW,11.66,0,0
6/25/2026 1:00,6.8,229,SW,10.5,0,0
6/25/2026 2:00,5.25,203,SSW,10.69,0,0
6/25/2026 3:00,4.86,206,SSW,11.47,0,0
6/25/2026 4:00,5.05,210,SSW,10.69,0,0
6/25/2026 5:00,4.67,210,SSW,8.94,0,0
6/25/2026 6:00,3.3,209,SSW,8.55,0,0
6/25/2026 7:00,4.47,215,SW,7.97,0,0
6/25/2026 8:00,4.47,211,SSW,8.36,0,0
6/25/2026 9:00,4.28,223,SW,7.78,0,0
6/25/2026 10:00,4.67,227,SW,8.36,0,0
6/25/2026 11:00,4.08,222,SW,9.14,0,0
6/25/2026 12:00,6.41,191,S,11.08,0,0
6/25/2026 13:00,8.16,181,S,12.44,0,0
6/25/2026 14:00,9.72,183,S,12.64,0,0
6/25/2026 15:00,13.41,193,SSW,17.88,0,0
6/25/2026 16:00,7.19,197,SSW,12.83,0,0
6/25/2026 17:00,6.41,225,SW,11.86,0,0
6/25/2026 18:00,8.94,226,SW,13.41,0,0
6/25/2026 19:00,7.97,221,SW,14.97,0,0
6/25/2026 20:00,7.39,219,SW,14.19,0,0
6/25/2026 21:00,6.41,218,SW,13.61,0,0
6/25/2026 22:00,7.78,228,SW,12.05,0,0
6/25/2026 23:00,6.22,231,SW,10.5,0,0
6/26/2026 0:00,3.89,220,SW,7.78,0,0
6/26/2026 1:00,3.3,226,SW,5.25,0,0
6/26/2026 2:00,5.44,235,SW,8.16,0,0
6/26/2026 3:00,4.28,213,SSW,6.22,0,0
6/26/2026 4:00,2.53,236,SW,6.41,0,0
6/26/2026 5:00,2.92,203,SSW,5.05,0,0
6/26/2026 6:00,5.44,215,SW,7.58,0,0
6/26/2026 7:00,5.44,241,WSW,8.55,0,0
6/26/2026 8:00,2.33,166,SSE,3.5,0,0
6/26/2026 9:00,3.89,175,S,7.39,0,0
6/26/2026 10:00,3.69,154,SSE,5.25,0,0
6/26/2026 11:00,8.16,162,SSE,10.11,0,0
6/26/2026 12:00,9.91,191,S,13.41,0,0
6/26/2026 13:00,5.44,208,SSW,11.66,0,0
6/26/2026 14:00,5.64,201,SSW,14.97,0,0
6/26/2026 15:00,7.97,221,SW,13.02,0,0
6/26/2026 16:00,6.03,210,SSW,14.38,0,0
6/26/2026 17:00,5.64,226,SW,12.83,0,0
6/26/2026 18:00,4.08,211,SSW,9.91,0,0
6/26/2026 19:00,4.08,214,SW,7.97,0,0
6/26/2026 20:00,6.03,219,SW,9.72,0,0
6/26/2026 21:00,3.5,229,SW,7.97,0,0
6/26/2026 22:00,4.86,215,SW,9.52,0,0
6/26/2026 23:00,4.67,203,SSW,8.36,0,0
6/27/2026 0:00,2.72,214,SW,5.64,0,0
6/27/2026 1:00,5.25,202,SSW,7.97,0,0
6/27/2026 2:00,3.89,232,SW,6.41,0,0
6/27/2026 3:00,7.19,286,WNW,10.69,0,0
6/27/2026 4:00,5.25,254,WSW,9.33,0,0
6/27/2026 5:00,4.67,265,W,8.16,0,0
6/27/2026 6:00,4.28,271,W,9.91,0,0
6/27/2026 7:00,10.3,291,WNW,15.36,0,0
6/27/2026 8:00,8.94,288,WNW,13.22,0,0
6/27/2026 9:00,9.14,294,WNW,12.64,0,0
6/27/2026 10:00,10.89,285,WNW,14,0,0
6/27/2026 11:00,5.25,301,WNW,9.52,0,0
6/27/2026 12:00,3.3,186,S,6.61,0,0
6/27/2026 13:00,7.78,159,SSE,11.27,0,0
6/27/2026 14:00,3.69,216,SW,6.61,0,0
6/27/2026 15:00,6.03,217,SW,10.89,0,0
6/27/2026 16:00,7.58,210,SSW,11.27,0,0
6/27/2026 17:00,3.3,206,SSW,6.41,0,0
6/27/2026 18:00,3.69,191,S,6.41,0,0
6/27/2026 19:00,3.89,142,SE,6.8,0,0
6/27/2026 20:00,3.3,141,SE,4.86,0,0
6/27/2026 21:00,1.17,273,W,2.53,0,0
6/27/2026 22:00,6.03,300,WNW,7.78,0,0
6/27/2026 23:00,1.56,329,NNW,2.92,0,0
6/28/2026 0:00,7.97,158,SSE,11.27,0,0
6/28/2026 1:00,8.36,164,SSE,10.3,0,0
6/28/2026 2:00,9.72,163,SSE,12.25,0,0
6/28/2026 3:00,3.89,149,SSE,8.75,0,0
6/28/2026 4:00,3.11,135,SE,5.64,0,0
6/28/2026 5:00,3.5,135,SE,6.03,0,0
6/28/2026 6:00,2.72,134,SE,4.47,0,0
6/28/2026 7:00,3.89,140,SE,6.03,0,0
6/28/2026 8:00,3.69,143,SE,7.58,0,0
6/28/2026 9:00,5.64,159,SSE,7.39,0,0
6/28/2026 10:00,5.25,154,SSE,7.39,0,0
6/28/2026 11:00,6.22,156,SSE,7.58,0,0
6/28/2026 12:00,5.44,170,S,7.97,0,0
6/28/2026 13:00,5.83,186,S,8.55,0,0
6/28/2026 14:00,7.39,178,S,11.27,0,0
6/28/2026 15:00,5.44,186,S,8.36,0,0
6/28/2026 16:00,7.78,221,SW,11.47,0,0
6/28/2026 17:00,6.41,217,SW,10.5,0,0
6/28/2026 18:00,4.47,198,SSW,6.41,0,0
6/28/2026 19:00,2.33,349,N,5.25,0,0
6/28/2026 20:00,9.33,305,NW,11.86,0,0
6/28/2026 21:00,6.03,323,NW,8.94,0,0
6/28/2026 22:00,7,165,SSE,8.16,0,0
6/28/2026 23:00,4.86,162,SSE,6.8,0,0
6/29/2026 0:00,11.66,162,SSE,14,0,0
6/29/2026 1:00,11.08,163,SSE,14.97,0,0
6/29/2026 2:00,7.58,163,SSE,12.05,0,0
6/29/2026 3:00,7.58,163,SSE,11.66,0,0
6/29/2026 4:00,9.52,159,SSE,11.86,0,0
6/29/2026 5:00,6.22,141,SE,10.3,0,0
6/29/2026 6:00,7,166,SSE,12.25,0,0
6/29/2026 7:00,6.61,154,SSE,9.72,0,0
6/29/2026 8:00,4.67,170,S,8.36,0,0
6/29/2026 9:00,4.47,167,SSE,7.97,0,0
6/29/2026 10:00,5.25,149,SSE,7.78,0,0
6/29/2026 11:00,5.83,155,SSE,7.39,0,0
6/29/2026 12:00,5.44,173,S,8.36,0,0
6/29/2026 13:00,6.03,196,SSW,8.36,0,0
6/29/2026 14:00,1.56,115,ESE,6.61,0,0
6/29/2026 15:00,3.89,167,SSE,8.16,0,0
6/29/2026 16:00,7.78,222,SW,13.61,0,0
6/29/2026 17:00,7,233,SW,11.86,0,0
6/29/2026 18:00,6.03,196,SSW,11.47,0,0
6/29/2026 19:00,3.11,196,SSW,5.25,0,0
6/29/2026 20:00,3.3,229,SW,7.39,0,0
6/29/2026 21:00,3.89,183,S,7.78,0,0
6/29/2026 22:00,4.86,183,S,8.36,0,0
6/29/2026 23:00,9.72,173,S,11.47,0,0
6/30/2026 0:00,8.75,177,S,11.86,0,0
6/30/2026 1:00,10.69,172,S,13.61,0,0
6/30/2026 2:00,11.47,175,S,14.58,0,0
6/30/2026 3:00,11.08,190,S,14.97,0,0
6/30/2026 4:00,10.69,184,S,14.19,0,0
6/30/2026 5:00,12.25,190,S,16.52,0,0
6/30/2026 6:00,13.02,195,SSW,16.33,0,0
6/30/2026 7:00,10.89,193,SSW,16.13,0,0
6/30/2026 8:00,11.66,184,S,15.75,0,0
6/30/2026 9:00,13.22,189,S,17.88,0,0
6/30/2026 10:00,13.61,195,SSW,19.44,0,0
6/30/2026 11:00,7,177,S,16.13,0,0
6/30/2026 12:00,6.41,161,SSE,11.27,0,0
6/30/2026 13:00,5.64,168,SSE,10.69,0,0
6/30/2026 14:00,7.97,160,SSE,13.02,0,0
6/30/2026 15:00,7.97,204,SSW,15.75,0,0
6/30/2026 16:00,5.64,206,SSW,13.22,0,0
6/30/2026 17:00,6.22,210,SSW,10.69,0,0
6/30/2026 18:00,4.67,196,SSW,9.14,0,0
6/30/2026 19:00,5.44,213,SSW,10.3,0,0
6/30/2026 20:00,3.11,173,S,7.19,0,0
6/30/2026 21:00,8.36,155,SSE,13.22,0,0
6/30/2026 22:00,7,166,SSE,13.61,0,0
6/30/2026 23:00,7.97,154,SSE,12.25,0,0
7/1/2026 0:00,7.78,155,SSE,13.41,0,0
7/1/2026 1:00,11.27,158,SSE,15.16,0,0
7/1/2026 2:00,10.89,155,SSE,15.75,0,0
7/1/2026 3:00,10.11,160,SSE,16.52,0,0
7/1/2026 4:00,9.33,160,SSE,14.38,0,0
7/1/2026 5:00,15.36,158,SSE,18.66,0,0
7/1/2026 6:00,9.91,156,SSE,13.8,0,0
7/1/2026 7:00,9.14,159,SSE,15.75,0,0
7/1/2026 8:00,7.97,161,SSE,12.25,0,0
7/1/2026 9:00,6.03,166,SSE,13.8,0,0
7/1/2026 10:00,7.19,185,S,14.38,0,0
7/1/2026 11:00,5.44,189,S,14.58,0,0
7/1/2026 12:00,6.22,158,SSE,11.27,0,0
7/1/2026 13:00,7,172,S,11.47,0,0
7/1/2026 14:00,7.78,158,SSE,12.83,0,0
7/1/2026 15:00,4.86,162,SSE,9.72,0,0
7/1/2026 16:00,4.47,181,S,10.3,0,0
7/1/2026 17:00,6.8,217,SW,13.22,0,0
7/1/2026 18:00,6.22,214,SW,12.83,0,0
7/1/2026 19:00,6.61,229,SW,15.94,0,0
7/1/2026 20:00,6.61,216,SW,12.83,0,0
7/1/2026 21:00,6.61,217,SW,10.11,0,0
7/1/2026 22:00,5.83,213,SSW,9.91,0,0
7/1/2026 23:00,6.41,222,SW,9.72,0,0
7/2/2026 0:00,5.44,220,SW,9.52,0,0
7/2/2026 1:00,7.78,220,SW,12.05,0,0
7/2/2026 2:00,8.36,225,SW,12.25,0,0
7/2/2026 3:00,8.75,213,SSW,14.19,0,0
7/2/2026 4:00,6.03,229,SW,9.72,0,0
7/2/2026 5:00,5.64,228,SW,8.94,0,0
7/2/2026 6:00,6.61,221,SW,11.08,0,0
7/2/2026 7:00,7.39,213,SSW,11.66,0,0
7/2/2026 8:00,7.39,204,SSW,12.44,0,0
7/2/2026 9:00,6.41,195,SSW,9.52,0,0
7/2/2026 10:00,6.8,255,WSW,9.72,0,0
7/2/2026 11:00,5.64,243,WSW,7.58,0,0
7/2/2026 12:00,5.83,226,SW,9.14,0,0
7/2/2026 13:00,4.86,228,SW,10.5,0,0
7/2/2026 14:00,7.78,223,SW,10.5,0,0
7/2/2026 15:00,6.22,214,SW,11.66,0,0
7/2/2026 16:00,7.39,221,SW,13.02,0,0
7/2/2026 17:00,7.78,222,SW,11.86,0,0
7/2/2026 18:00,5.25,222,SW,8.75,0,0
7/2/2026 19:00,4.86,210,SSW,8.75,0,0
7/2/2026 20:00,5.83,231,SW,10.11,0,0
7/2/2026 21:00,5.05,220,SW,8.75,0,0
7/2/2026 22:00,4.47,211,SSW,7.39,0,0
7/2/2026 23:00,7.97,193,SSW,12.05,0,0
7/3/2026 0:00,8.55,199,SSW,11.86,0,0
7/3/2026 1:00,6.03,209,SSW,10.69,0,0
7/3/2026 2:00,10.3,191,S,13.22,0,0
7/3/2026 3:00,6.8,195,SSW,11.66,0,0
7/3/2026 4:00,6.41,181,S,14.38,0,0
7/3/2026 5:00,9.91,197,SSW,12.25,0,0
7/3/2026 6:00,5.05,225,SW,8.75,0,0
7/3/2026 7:00,2.33,216,SW,6.41,0,0
7/3/2026 8:00,2.33,202,SSW,4.86,0,0
7/3/2026 9:00,4.47,183,S,7.39,0,0
7/3/2026 10:00,6.41,190,S,8.75,0,0
7/3/2026 11:00,5.44,189,S,7.39,0,0
7/3/2026 12:00,5.25,189,S,7.19,0,0
7/3/2026 13:00,5.64,188,S,7.97,0,0
7/3/2026 14:00,7.58,196,SSW,9.91,0,0
7/3/2026 15:00,7.97,191,S,11.27,0,0
7/3/2026 16:00,3.69,192,SSW,5.64,0,0
7/3/2026 17:00,7.97,189,S,11.47,0,0
7/3/2026 18:00,3.5,168,SSE,5.83,0,0
7/3/2026 19:00,2.33,235,SW,3.5,0,0
7/3/2026 20:00,2.14,258,WSW,3.69,0,0
7/3/2026 21:00,1.94,178,S,3.69,0,0
7/3/2026 22:00,2.92,226,SW,6.22,0,0
7/3/2026 23:00,3.89,192,SSW,7.78,0,0
7/4/2026 0:00,5.64,203,SSW,7.58,0,0
7/4/2026 1:00,3.11,208,SSW,8.94,0,0
7/4/2026 2:00,6.8,189,S,8.94,0,0
7/4/2026 3:00,2.92,204,SSW,6.8,0,0
7/4/2026 4:00,3.69,231,SW,6.41,0,0
7/4/2026 5:00,4.67,195,SSW,7.78,0,0
7/4/2026 6:00,6.41,163,SSE,9.14,0,0
7/4/2026 7:00,4.28,163,SSE,10.5,0,0
7/4/2026 8:00,3.69,199,SSW,6.61,0,0
7/4/2026 9:00,2.53,224,SW,5.05,0,0
7/4/2026 10:00,5.25,168,SSE,8.36,0,0
7/4/2026 11:00,7.58,160,SSE,12.05,0,0
7/4/2026 12:00,8.75,155,SSE,12.25,0,0
7/4/2026 13:00,6.8,161,SSE,11.66,0,0
7/4/2026 14:00,7.19,161,SSE,11.66,0,0
7/4/2026 15:00,6.03,164,SSE,12.25,0,0
7/4/2026 16:00,7.19,157,SSE,11.27,0,0
7/4/2026 17:00,8.16,157,SSE,10.5,0,0
7/4/2026 18:00,7.97,153,SSE,11.47,0,0
7/4/2026 19:00,6.61,149,SSE,12.44,0,0
7/4/2026 20:00,5.05,160,SSE,9.14,0,0
7/4/2026 21:00,6.22,159,SSE,12.64,0,0
7/4/2026 22:00,6.22,155,SSE,8.75,0,0
7/4/2026 23:00,3.11,209,SSW,4.86,0,0
7/5/2026 0:00,4.47,232,SW,7.19,0,0
7/5/2026 1:00,4.47,228,SW,8.94,0,0
7/5/2026 2:00,7.97,243,WSW,12.44,0,0
7/5/2026 3:00,5.83,232,SW,10.69,0,0
7/5/2026 4:00,3.5,220,SW,8.94,0,0
7/5/2026 5:00,5.83,203,SSW,8.55,0,0
7/5/2026 6:00,3.69,215,SW,7.39,0,0
7/5/2026 7:00,5.83,187,S,10.5,0,0
7/5/2026 8:00,3.89,202,SSW,8.75,0,0
7/5/2026 9:00,4.08,215,SW,6.22,0,0
7/5/2026 10:00,2.72,229,SW,7.39,0,0
7/5/2026 11:00,3.3,206,SSW,8.16,0,0
7/5/2026 12:00,6.8,172,S,10.3,0,0
7/5/2026 13:00,6.22,185,S,10.69,0,0
7/5/2026 14:00,5.83,212,SSW,9.72,0,0
7/5/2026 15:00,5.64,186,S,10.69,0,0
7/5/2026 16:00,4.47,184,S,7.19,0,0
7/5/2026 17:00,8.16,196,SSW,13.02,0,0
7/5/2026 18:00,6.03,212,SSW,9.72,0,0
7/5/2026 19:00,9.33,190,S,16.33,0,0
7/5/2026 20:00,9.14,197,SSW,13.8,0,0
7/5/2026 21:00,6.61,208,SSW,10.89,0,0
7/5/2026 22:00,6.22,223,SW,10.3,0,0
7/5/2026 23:00,7,230,SW,11.66,0,0
7/6/2026 0:00,7.58,233,SW,10.11,0,0
7/6/2026 1:00,5.64,206,SSW,7.78,0,0
7/6/2026 2:00,4.67,207,SSW,8.75,0,0
7/6/2026 3:00,6.03,197,SSW,11.47,0,0
7/6/2026 4:00,4.28,202,SSW,8.75,0,0
7/6/2026 5:00,4.47,210,SSW,10.89,0,0
7/6/2026 6:00,6.8,198,SSW,12.64,0,0
7/6/2026 7:00,2.72,218,SW,9.33,0,0
7/6/2026 8:00,4.28,211,SSW,9.14,0,0
7/6/2026 9:00,4.67,227,SW,7.58,0,0
7/6/2026 10:00,3.69,222,SW,8.75,0,0
7/6/2026 11:00,4.67,233,SW,8.36,0,0
7/6/2026 12:00,5.64,203,SSW,9.14,0,0
7/6/2026 13:00,6.41,166,SSE,11.47,0,0
7/6/2026 14:00,7.58,170,S,12.05,0,0
7/6/2026 15:00,7.19,174,S,11.66,0,0
7/6/2026 16:00,4.28,166,SSE,8.36,0,0
7/6/2026 17:00,5.83,209,SSW,9.14,0,0
7/6/2026 18:00,5.64,202,SSW,10.89,0,0
7/6/2026 19:00,3.89,204,SSW,6.61,0,0
7/6/2026 20:00,3.89,219,SW,9.52,0,0
7/6/2026 21:00,7.19,230,SW,12.64,0,0
7/6/2026 22:00,4.28,224,SW,8.36,0,0
7/6/2026 23:00,2.92,220,SW,6.61,0,0
7/7/2026 0:00,4.28,220,SW,6.03,0,0
7/7/2026 1:00,3.3,232,SW,8.75,0,0
7/7/2026 2:00,3.5,225,SW,6.41,0,0
7/7/2026 3:00,4.47,182,S,6.61,0,0
7/7/2026 4:00,5.44,234,SW,7.58,0,0
7/7/2026 5:00,2.92,339,NNW,4.47,0,0
7/7/2026 6:00,2.33,337,NNW,4.86,0,0
7/7/2026 7:00,3.5,159,SSE,5.44,0,0
7/7/2026 8:00,4.86,181,S,9.72,0,0
7/7/2026 9:00,5.05,192,SSW,8.36,0,0
7/7/2026 10:00,7.19,198,SSW,11.66,0,0
7/7/2026 11:00,4.47,199,SSW,7.19,0,0
7/7/2026 12:00,6.22,170,S,8.94,0,0
7/7/2026 13:00,8.94,158,SSE,11.66,0,0
7/7/2026 14:00,6.03,161,SSE,8.36,0,0
7/7/2026 15:00,4.67,169,S,8.55,0,0
7/7/2026 16:00,5.83,183,S,10.69,0,0
7/7/2026 17:00,5.05,187,S,11.86,0,0
7/7/2026 18:00,4.28,210,SSW,8.55,0,0
7/7/2026 19:00,2.92,225,SW,5.83,0,0
7/7/2026 20:00,8.94,311,NW,10.5,0,0
7/7/2026 21:00,5.44,303,WNW,6.61,0,0
7/7/2026 22:00,6.41,306,NW,8.75,0,0
7/7/2026 23:00,4.47,318,NW,7.19,0,0
7/8/2026 0:00,3.5,187,S,7.19,0,0
7/8/2026 1:00,0,121,ESE,1.75,0,0
7/8/2026 2:00,2.14,73,ENE,4.28,0,0
7/8/2026 3:00,5.05,312,NW,7.19,0,0
7/8/2026 4:00,6.61,320,NW,8.36,0,0
7/8/2026 5:00,3.69,292,WNW,5.64,0,0
7/8/2026 6:00,2.14,312,NW,4.67,0,0
7/8/2026 7:00,1.36,267,W,3.89,0,0
7/8/2026 8:00,2.92,191,S,3.89,0,0
7/8/2026 9:00,4.28,182,S,6.41,0,0
7/8/2026 10:00,5.83,215,SW,8.55,0,0
7/8/2026 11:00,5.25,184,S,8.75,0,0
7/8/2026 12:00,8.16,157,SSE,11.27,0,0
7/8/2026 13:00,6.8,175,S,13.22,0,0
7/8/2026 14:00,6.8,151,SSE,11.08,0,0
7/8/2026 15:00,6.61,169,S,9.33,0,0
7/8/2026 16:00,9.14,175,S,12.25,0,0
7/8/2026 17:00,9.72,175,S,12.44,0,0
7/8/2026 18:00,6.61,168,SSE,9.91,0,0
7/8/2026 19:00,4.67,168,SSE,7.97,0,0
7/8/2026 20:00,2.92,203,SSW,7.19,0,0
7/8/2026 21:00,4.67,157,SSE,7.19,0,0
7/8/2026 22:00,4.67,242,WSW,7,0,0
7/8/2026 23:00,3.69,164,SSE,5.44,0,0
7/9/2026 0:00,4.28,171,S,5.83,0,0
7/9/2026 1:00,3.5,142,SE,8.94,0,0
7/9/2026 2:00,5.44,164,SSE,6.8,0,0
7/9/2026 3:00,7.39,161,SSE,10.5,0,0
7/9/2026 4:00,7.39,172,S,10.89,0,0
7/9/2026 5:00,6.41,164,SSE,10.11,0,0
7/9/2026 6:00,5.64,167,SSE,10.69,0,0
7/9/2026 7:00,6.61,166,SSE,10.89,0,0
7/9/2026 8:00,8.94,163,SSE,11.47,0,0
7/9/2026 9:00,7,163,SSE,11.47,0,0
7/9/2026 10:00,7.78,162,SSE,9.91,0,0
7/9/2026 11:00,6.22,162,SSE,8.36,0,0
7/9/2026 12:00,6.41,155,SSE,8.36,0,0
7/9/2026 13:00,6.61,168,SSE,8.55,0,0
7/9/2026 14:00,5.83,158,SSE,7.39,0,0
7/9/2026 15:00,5.64,163,SSE,7.97,0,0
7/9/2026 16:00,7.39,160,SSE,11.27,0,0
7/9/2026 17:00,8.55,158,SSE,11.47,0,0
7/9/2026 18:00,8.16,165,SSE,12.25,0,0
7/9/2026 19:00,4.08,144,SE,8.75,0,0
7/9/2026 20:00,7.19,156,SSE,9.72,0,0
7/9/2026 21:00,6.03,155,SSE,7.97,0,0
7/9/2026 22:00,11.86,158,SSE,15.75,0,0
7/9/2026 23:00,15.36,162,SSE,20.02,0,0
7/10/2026 0:00,11.47,157,SSE,16.33,0,0
7/10/2026 1:00,3.5,177,S,8.16,0,0
7/10/2026 2:00,3.69,160,SSE,5.44,0,0
7/10/2026 3:00,10.5,159,SSE,13.22,0,0
7/10/2026 4:00,12.44,160,SSE,17.3,0,0
7/10/2026 5:00,14.19,160,SSE,18.47,0,0
7/10/2026 6:00,12.25,161,SSE,15.75,0,0
7/10/2026 7:00,11.47,160,SSE,15.36,0,0
7/10/2026 8:00,11.66,162,SSE,14.77,0,0
7/10/2026 9:00,11.27,156,SSE,17.69,0,0
7/10/2026 10:00,13.41,161,SSE,16.33,0,0
7/10/2026 11:00,9.52,161,SSE,13.22,0,0
7/10/2026 12:00,12.25,157,SSE,16.91,0,0
7/10/2026 13:00,12.83,158,SSE,16.52,0,0
7/10/2026 14:00,6.03,169,S,11.27,0,0
7/10/2026 15:00,10.3,158,SSE,12.83,0,0
7/10/2026 16:00,7.19,151,SSE,11.86,0,0
7/10/2026 17:00,7.78,153,SSE,11.66,0,0
7/10/2026 18:00,4.08,124,SE,8.55,0,0
7/10/2026 19:00,5.83,140,SE,10.11,0,0
7/10/2026 20:00,7.19,141,SE,12.64,0,0
7/10/2026 21:00,2.72,135,SE,8.16,0,0
7/10/2026 22:00,2.53,137,SE,6.22,0,0
7/10/2026 23:00,8.16,154,SSE,13.41,0,0
7/11/2026 0:00,9.72,149,SSE,16.33,0,0
7/11/2026 1:00,10.11,158,SSE,14.58,0,0
7/11/2026 2:00,3.11,158,SSE,6.22,0,0
7/11/2026 3:00,4.28,160,SSE,5.25,0,0
7/11/2026 4:00,5.05,160,SSE,7.78,0,0
7/11/2026 5:00,12.64,163,SSE,17.88,0,0
7/11/2026 6:00,11.27,159,SSE,14.19,0,0
7/11/2026 7:00,7,152,SSE,11.08,0,0
7/11/2026 8:00,16.13,160,SSE,19.05,0,0
7/11/2026 9:00,11.47,160,SSE,16.33,0,0
7/11/2026 10:00,10.5,157,SSE,13.8,0,0
7/11/2026 11:00,9.72,160,SSE,12.83,0,0
7/11/2026 12:00,9.14,158,SSE,14,0,0
7/11/2026 13:00,10.11,160,SSE,11.86,0,0
7/11/2026 14:00,6.61,163,SSE,9.33,0,0
7/11/2026 15:00,7.19,157,SSE,10.11,0,0
7/11/2026 16:00,7.78,161,SSE,9.91,0,0
7/11/2026 17:00,5.44,156,SSE,9.91,0,0
7/11/2026 18:00,4.28,142,SE,7,0,0
7/11/2026 19:00,2.72,162,SSE,7.97,0,0
7/11/2026 20:00,11.47,157,SSE,13.61,0,0
7/11/2026 21:00,6.8,163,SSE,9.33,0,0
7/11/2026 22:00,8.16,164,SSE,11.86,0,0
7/11/2026 23:00,9.52,183,S,11.86,0,0
7/12/2026 0:00,10.69,168,SSE,13.8,0,0
7/12/2026 1:00,11.66,186,S,16.52,0,0
7/12/2026 2:00,7.97,169,S,13.22,0,0
7/12/2026 3:00,9.33,176,S,12.83,0,0
7/12/2026 4:00,12.44,178,S,16.13,0,0
7/12/2026 5:00,5.44,187,S,9.72,0,0
7/12/2026 6:00,5.44,186,S,9.72,0,0
7/12/2026 7:00,7,175,S,9.72,0,0
7/12/2026 8:00,3.3,271,W,4.47,0,0
7/12/2026 9:00,4.86,161,SSE,5.64,0,0
7/12/2026 10:00,7.97,172,S,10.89,0,0
7/12/2026 11:00,5.25,188,S,8.16,0,0
7/12/2026 12:00,4.86,173,S,7,0,0
7/12/2026 13:00,7,157,SSE,7.97,0,0
7/12/2026 14:00,4.47,179,S,6.61,0,0
7/12/2026 15:00,2.92,135,SE,4.47,0,0
7/12/2026 16:00,4.47,181,S,7.39,0,0
7/12/2026 17:00,8.36,185,S,11.08,0,0
7/12/2026 18:00,3.3,188,S,5.25,0,0
7/12/2026 19:00,5.05,172,S,7.39,0,0
7/12/2026 20:00,5.64,194,SSW,8.16,0,0
7/12/2026 21:00,4.67,168,SSE,7,0,0
7/12/2026 22:00,4.86,166,SSE,6.22,0,0
7/12/2026 23:00,4.86,150,SSE,8.16,0,0
7/13/2026 0:00,6.61,162,SSE,7.97,0,0
7/13/2026 1:00,2.92,136,SE,3.89,0,0
7/13/2026 2:00,3.11,135,SE,4.28,0,0
7/13/2026 3:00,1.56,152,SSE,2.33,0,0
7/13/2026 4:00,0.58,47,NE,1.17,0,0
7/13/2026 5:00,2.53,85,E,3.69,0,0
7/13/2026 6:00,2.14,123,ESE,4.08,0,0
7/13/2026 7:00,1.94,130,SE,3.11,0,0
7/13/2026 8:00,1.36,360,N,1.56,0,0
7/13/2026 9:00,2.92,175,S,3.69,0,0
7/13/2026 10:00,5.44,176,S,8.55,0,0
7/13/2026 11:00,3.3,177,S,4.47,0,0
7/13/2026 12:00,3.11,201,SSW,5.44,0,0
7/13/2026 13:00,6.22,175,S,8.75,0,0
7/13/2026 14:00,7.19,228,SW,10.89,0,0
