Study.Phase,Site,Tran,Dist,Replicate,Date.placed.in.field,Date.removed.from.field,Year,Flux,Filter_Num,RB_Num,Flood_Obsv,BigBio_Obsv,SmallBio_Obsv,Drop_Obsv,OpenBag_Obsv,Position_Obsv,DryTime_Obsv,NegValue_Num,Master_Flag,marsh_edge_type,marsh_orientation,Phen_Period,Marsh_Area,Point_ID,Elevation_m,z_star,Month,Species,Cover,AvgHt,MaxHt
M1,Buck'sLanding,T1,0.5,a,2025-07-08,2025-08-05,2025,3.199435405,1,0,0,0,0,0,0,0,0,0,Review,Ramped,East.facing,"Late_Dry
(Months 1-3)",Edge,B1-0.5a,1.6544577089154178,0.743807502,August,NA,NA,NA,NA
M1,Buck'sLanding,T1,0.5,b,2025-07-08,2025-08-05,2025,3.968600088,1,0,0,0,0,0,0,0,0,0,Review,Ramped,East.facing,"Late_Dry
(Months 1-3)",Edge,B1-0.5b,1.6599441198882396,0.750176929,August,NA,NA,NA,NA
M1,Buck'sLanding,T1,0.5,c,2025-07-08,2025-08-05,2025,7.558035278,1,0,0,0,0,0,0,0,0,0,Review,Ramped,East.facing,"Late_Dry
(Months 1-3)",Edge,B1-0.5c,1.6611633223266449,0.751592357,August,NA,NA,NA,NA
M1,Buck'sLanding,T1,2,a,2025-07-08,2025-08-05,2025,1.961114509,0,0,0,0,0,0,0,0,0,0,OK,Ramped,East.facing,"Late_Dry
(Months 1-3)",Edge,B1-2a,1.7718059436118871,0.880042463,August,NA,NA,NA,NA
M1,Buck'sLanding,T1,2,b,2025-07-08,2025-08-05,2025,1.520533206,0,0,0,0,0,0,0,0,0,0,OK,Ramped,East.facing,"Late_Dry
(Months 1-3)",Edge,B1-2b,1.7794259588519177,0.888888889,August,NA,NA,NA,NA
M1,Buck'sLanding,T1,2,c,2025-07-08,2025-08-05,2025,2.980155261,0,0,0,0,0,0,0,0,0,0,OK,Ramped,East.facing,"Late_Dry
(Months 1-3)",Edge,B1-2c,1.7669291338582676,0.87438075,August,NA,NA,NA,NA
M1,Buck'sLanding,T1,6,a,2025-07-08,2025-08-05,2025,5.229657404,0,0,0,0,0,0,0,0,0,0,OK,Ramped,East.facing,"Late_Dry
(Months 1-3)",Edge,B1-6a,1.8138684277368553,0.928874735,August,NA,NA,NA,NA
M1,Buck'sLanding,T1,6,b,2025-07-08,2025-08-05,2025,2.912563532,0,0,0,0,0,0,0,0,0,0,OK,Ramped,East.facing,"Late_Dry
(Months 1-3)",Edge,B1-6b,1.806248412496825,0.920028309,August,NA,NA,NA,NA
M1,Buck'sLanding,T1,6,c,2025-07-08,2025-08-05,2025,5.792229428,0,0,0,0,0,0,0,0,0,0,OK,Ramped,East.facing,"Late_Dry
(Months 1-3)",Edge,B1-6c,1.8053340106680211,0.918966737,August,NA,NA,NA,NA
M1,Buck'sLanding,T1,12,a,2025-07-08,2025-08-05,2025,1.654481599,0,0,0,0,0,0,0,0,0,0,OK,Ramped,East.facing,"Late_Dry
(Months 1-3)",Platform,B1-12a,1.8483108966217932,0.96886058,August,NA,NA,NA,NA
M1,Buck'sLanding,T1,12,b,2025-07-08,2025-08-05,2025,5.695108422,0,0,0,0,0,0,0,0,0,0,OK,Ramped,East.facing,"Late_Dry
(Months 1-3)",Platform,B1-12b,1.8461772923545847,0.966383581,August,NA,NA,NA,NA
M1,Buck'sLanding,T1,12,c,2025-07-08,2025-08-05,2025,2.167707169,0,0,0,0,0,0,0,0,0,0,OK,Ramped,East.facing,"Late_Dry
(Months 1-3)",Platform,B1-12c,1.8428244856489713,0.962491154,August,NA,NA,NA,NA
M1,Buck'sLanding,T1,24,a,2025-07-08,2025-08-05,2025,3.806245204,0,0,0,0,0,0,0,0,0,0,OK,Ramped,East.facing,"Late_Dry
(Months 1-3)",Platform,B1-24a,1.8641605283210565,0.987261146,August,NA,NA,NA,NA
M1,Buck'sLanding,T1,24,b,2025-07-08,2025-08-05,2025,3.351292238,0,0,0,0,0,0,0,0,0,0,OK,Ramped,East.facing,"Late_Dry
(Months 1-3)",Platform,B1-24b,1.869037338074676,0.992922859,August,NA,NA,NA,NA
M1,Buck'sLanding,T1,24,c,2025-07-08,2025-08-05,2025,3.041571666,0,0,0,0,0,0,0,0,0,0,OK,Ramped,East.facing,"Late_Dry
(Months 1-3)",Platform,B1-24c,1.8714757429514857,0.995753715,August,NA,NA,NA,NA
M1,Buck'sLanding,T1,48,a,2025-07-08,2025-08-05,2025,4.745680415,0,0,0,0,0,0,0,0,0,0,OK,Ramped,East.facing,"Late_Dry
(Months 1-3)",Upland,B1-48a,1.856845313690627,0.978768577,August,NA,NA,NA,NA
M1,Buck'sLanding,T1,48,b,2025-07-08,2025-08-05,2025,4.755617072,0,0,0,0,0,0,0,0,0,0,OK,Ramped,East.facing,"Late_Dry
(Months 1-3)",Upland,B1-48b,1.850749301498603,0.971691437,August,NA,NA,NA,NA
M1,Buck'sLanding,T1,48,c,2025-07-08,2025-08-05,2025,7.452661794,0,0,0,0,0,0,0,0,0,0,OK,Ramped,East.facing,"Late_Dry
(Months 1-3)",Upland,B1-48c,1.8516637033274064,0.972753008,August,NA,NA,NA,NA
M1,Buck'sLanding,T2,0.5,a,2025-07-08,2025-08-05,2025,3.540032597,1,0,0,0,0,0,0,0,0,0,Review,Ramped,East.facing,"Late_Dry
(Months 1-3)",Edge,B2-0.5a,1.6338836677673354,0.7199221515,August,NA,NA,NA,NA
M1,Buck'sLanding,T2,0.5,b,2025-07-08,2025-08-05,2025,34.73187521,1,0,0,0,0,0,0,0,0,0,Review,Ramped,East.facing,"Late_Dry
(Months 1-3)",Edge,B2-0.5b,1.6431800863601729,0.730714791,August,NA,NA,NA,NA
M1,Buck'sLanding,T2,0.5,c,2025-07-08,2025-08-05,2025,5.37936223,1,0,0,0,0,0,0,0,0,0,Review,Ramped,East.facing,"Late_Dry
(Months 1-3)",Edge,B2-0.5c,1.6407416814833629,0.727883935,August,NA,NA,NA,NA
M1,Buck'sLanding,T2,2,a,2025-07-08,2025-08-05,2025,6.740609501,1,0,0,0,0,0,0,0,0,0,Review,Ramped,East.facing,"Late_Dry
(Months 1-3)",Edge,B2-2a,1.773329946659893,0.881811748,August,NA,NA,NA,NA
M1,Buck'sLanding,T2,2,b,2025-07-08,2025-08-05,2025,8.826166147,0,0,0,0,0,0,0,0,0,0,OK,Ramped,East.facing,"Late_Dry
(Months 1-3)",Edge,B2-2b,1.7654051308102614,0.872611465,August,NA,NA,NA,NA
M1,Buck'sLanding,T2,2,c,2025-07-08,2025-08-05,2025,6.964642774,0,0,0,0,0,0,0,0,0,0,OK,Ramped,East.facing,"Late_Dry
(Months 1-3)",Edge,B2-2c,1.7696723393446787,0.877565464,August,NA,NA,NA,NA
M1,Buck'sLanding,T2,6,a,2025-07-08,2025-08-05,2025,8.583251354,0,0,0,0,0,0,0,0,0,0,OK,Ramped,East.facing,"Late_Dry
(Months 1-3)",Edge,B2-6a,1.843738887477775,0.963552725,August,NA,NA,NA,NA
M1,Buck'sLanding,T2,6,b,2025-07-08,2025-08-05,2025,10.9774245,0,0,0,0,0,0,0,0,0,0,OK,Ramped,East.facing,"Late_Dry
(Months 1-3)",Edge,B2-6b,1.8394716789433576,0.958598726,August,NA,NA,NA,NA
M1,Buck'sLanding,T2,6,c,2025-07-08,2025-08-05,2025,11.11446055,0,0,0,0,0,0,0,0,0,0,OK,Ramped,East.facing,"Late_Dry
(Months 1-3)",Edge,B2-6c,1.8376428752857503,0.956475584,August,NA,NA,NA,NA
M1,Buck'sLanding,T2,12,a,2025-07-08,2025-08-05,2025,10.48422195,1,0,0,0,0,0,0,0,0,0,Review,Ramped,East.facing,"Late_Dry
(Months 1-3)",Platform,B2-12a,1.84008128016256,0.95930644,August,NA,NA,NA,NA
M1,Buck'sLanding,T2,12,b,2025-07-08,2025-08-05,2025,12.24825005,0,0,0,0,0,0,0,0,0,0,OK,Ramped,East.facing,"Late_Dry
(Months 1-3)",Platform,B2-12b,1.835814071628143,0.954352442,August,NA,NA,NA,NA
M1,Buck'sLanding,T2,12,c,2025-07-08,2025-08-05,2025,6.090778277,0,0,0,0,0,0,0,0,0,0,OK,Ramped,East.facing,"Late_Dry
(Months 1-3)",Platform,B2-12c,1.822098044196088,0.938428875,August,NA,NA,NA,NA
M1,Buck'sLanding,T2,24,a,2025-07-08,2025-08-05,2025,5.187440643,0,0,0,0,0,0,0,0,0,0,OK,Ramped,East.facing,"Late_Dry
(Months 1-3)",Platform,B2-24a,1.8266700533401063,0.94373673,August,NA,NA,NA,NA
M1,Buck'sLanding,T2,24,b,2025-07-08,2025-08-05,2025,5.403913822,0,0,0,0,0,0,0,0,0,0,OK,Ramped,East.facing,"Late_Dry
(Months 1-3)",Platform,B2-24b,1.8294132588265175,0.946921444,August,NA,NA,NA,NA
M1,Buck'sLanding,T2,24,c,2025-07-08,2025-08-05,2025,5.21781201,0,0,0,0,0,0,0,0,0,0,OK,Ramped,East.facing,"Late_Dry
(Months 1-3)",Platform,B2-24c,1.8446532893065783,0.964614296,August,NA,NA,NA,NA
M1,Buck'sLanding,T2,48,a,2025-07-08,2025-08-05,2025,10.74590599,0,0,0,0,0,0,0,0,0,0,OK,Ramped,East.facing,"Late_Dry
(Months 1-3)",Upland,B2-48a,1.8416052832105665,0.961075725,August,NA,NA,NA,NA
M1,Buck'sLanding,T2,48,b,2025-07-08,2025-08-05,2025,6.985582736,0,0,0,0,0,0,0,0,0,0,OK,Ramped,East.facing,"Late_Dry
(Months 1-3)",Upland,B2-48b,1.8525781051562105,0.973814579,August,NA,NA,NA,NA
M1,Buck'sLanding,T2,48,c,2025-07-08,2025-08-05,2025,8.475014764,0,0,0,0,0,0,0,0,0,0,OK,Ramped,East.facing,"Late_Dry
(Months 1-3)",Upland,B2-48c,1.849530099060198,0.970276008,August,NA,NA,NA,NA
M1,Buck'sLanding,T1,18,a,2025-07-08,2025-08-05,2025,2.678069635,0,0,0,0,0,0,0,0,0,0,OK,Ramped,East.facing,"Late_Dry
(Months 1-3)",Platform,B1-18a,1.8736093472186943,0.998230715,August,NA,NA,NA,NA
M1,Buck'sLanding,T1,18,b,2025-07-08,2025-08-05,2025,2.720454814,0,0,0,0,0,0,0,0,0,0,OK,Ramped,East.facing,"Late_Dry
(Months 1-3)",Platform,B1-18b,1.8745237490474984,0.999292286,August,NA,NA,NA,NA
M1,Buck'sLanding,T1,18,c,2025-07-08,2025-08-05,2025,2.922668607,0,0,0,0,0,0,0,0,0,0,OK,Ramped,East.facing,"Late_Dry
(Months 1-3)",Platform,B1-18c,1.8806197612395223,1.006369427,August,NA,NA,NA,NA
M1,GiantMarsh,T1,0.5,a,2025-07-09,2025-08-06,2025,-2.119090527,0,0,0,0,0,0,0,0,0,1,Review,Scarped,West.facing,"Late_Dry
(Months 1-3)",Edge,G1-0.5a,2.067462535,1.195887069,August,NA,NA,NA,NA
M1,GiantMarsh,T1,0.5,b,2025-07-09,2025-08-06,2025,29.73798419,1,0,0,0,0,0,0,0,0,0,Review,Scarped,West.facing,"Late_Dry
(Months 1-3)",Edge,G1-0.5b,2.066243332486665,1.194492855,August,NA,NA,NA,NA
M1,GiantMarsh,T1,0.5,c,2025-07-09,2025-08-06,2025,49.33309216,0,0,0,0,0,0,0,0,0,0,OK,Scarped,West.facing,"Late_Dry
(Months 1-3)",Edge,G1-0.5c,2.0574041148082296,1.184384803,August,NA,NA,NA,NA
M1,GiantMarsh,T1,2,a,2025-07-09,2025-08-06,2025,7.857482357,1,0,0,0,0,0,0,0,0,0,Review,Scarped,West.facing,"Late_Dry
(Months 1-3)",Edge,G1-2a,2.0183896367792733,1.139769955,August,NA,NA,NA,NA
M1,GiantMarsh,T1,2,b,2025-07-09,2025-08-06,2025,7.538274241,0,0,0,0,0,0,0,0,0,0,OK,Scarped,West.facing,"Late_Dry
(Months 1-3)",Edge,G1-2b,2.019304038608077,1.140815615,August,NA,NA,NA,NA
M1,GiantMarsh,T1,2,c,2025-07-09,2025-08-06,2025,17.76775472,0,0,0,0,0,0,0,0,0,0,OK,Scarped,West.facing,"Late_Dry
(Months 1-3)",Edge,G1-2c,2.0189992379984756,1.140467062,August,NA,NA,NA,NA
M1,GiantMarsh,T1,6,a,2025-07-09,2025-08-06,2025,16.28281383,0,0,0,0,0,0,0,0,0,0,OK,Scarped,West.facing,"Late_Dry
(Months 1-3)",Edge,G1-6a,1.9723647447294896,1.087138376,August,NA,NA,NA,NA
M1,GiantMarsh,T1,6,b,2025-07-09,2025-08-06,2025,10.6308204,0,0,0,0,0,0,0,0,0,0,OK,Scarped,West.facing,"Late_Dry
(Months 1-3)",Edge,G1-6b,1.9793751587503172,1.095155106,August,NA,NA,NA,NA
M1,GiantMarsh,T1,6,c,2025-07-09,2025-08-06,2025,12.27407414,0,0,0,0,0,0,0,0,0,0,OK,Scarped,West.facing,"Late_Dry
(Months 1-3)",Edge,G1-6c,1.9763271526543051,1.091669571,August,NA,NA,NA,NA
M1,GiantMarsh,T1,12,a,2025-07-09,2025-08-06,2025,8.75677796,0,0,0,0,0,0,0,0,0,0,OK,Scarped,West.facing,"Late_Dry
(Months 1-3)",Platform,G1-12a,1.9418846837693675,1.052283025,August,NA,NA,NA,NA
M1,GiantMarsh,T1,12,b,2025-07-09,2025-08-06,2025,8.591784529,0,0,0,0,0,0,0,0,0,0,OK,Scarped,West.facing,"Late_Dry
(Months 1-3)",Platform,G1-12b,1.9495046990093976,1.060996863,August,NA,NA,NA,NA
M1,GiantMarsh,T1,12,c,2025-07-09,2025-08-06,2025,9.243000523,0,0,0,0,0,0,0,0,0,0,OK,Scarped,West.facing,"Late_Dry
(Months 1-3)",Platform,G1-12c,1.9577343154686309,1.070407808,August,NA,NA,NA,NA
M1,GiantMarsh,T1,24,a,2025-07-09,2025-08-06,2025,6.476343057,0,0,0,0,0,0,0,0,0,0,OK,Scarped,West.facing,"Late_Dry
(Months 1-3)",Platform,G1-24a,1.94005588011176,1.050191704,August,NA,NA,NA,NA
M1,GiantMarsh,T1,24,b,2025-07-09,2025-08-06,2025,5.396503433,0,0,0,0,0,0,0,0,0,0,OK,Scarped,West.facing,"Late_Dry
(Months 1-3)",Platform,G1-24b,1.9467614935229869,1.057859881,August,NA,NA,NA,NA
M1,GiantMarsh,T1,24,c,2025-07-09,2025-08-06,2025,7.398318942,0,0,0,0,0,0,0,0,0,0,OK,Scarped,West.facing,"Late_Dry
(Months 1-3)",Platform,G1-24c,1.952247904495809,1.064133845,August,NA,NA,NA,NA
M1,GiantMarsh,T1,48,a,2025-07-09,2025-08-06,2025,6.348513849,1,0,0,0,0,0,0,0,0,0,Review,Scarped,West.facing,"Late_Dry
(Months 1-3)",Upland,G1-48a,1.8736093472186943,0.974207041,August,NA,NA,NA,NA
M1,GiantMarsh,T1,48,b,2025-07-09,2025-08-06,2025,2.227776231,0,0,0,0,0,0,0,0,0,0,OK,Scarped,West.facing,"Late_Dry
(Months 1-3)",Upland,G1-48b,1.8595885191770385,0.95817358,August,NA,NA,NA,NA
M1,GiantMarsh,T1,48,c,2025-07-09,2025-08-06,2025,2.166359826,0,0,0,0,0,0,0,0,0,0,OK,Scarped,West.facing,"Late_Dry
(Months 1-3)",Upland,G1-48c,1.886106172212344,0.988497734,August,NA,NA,NA,NA
M1,GiantMarsh,T2,0.5,a,2025-07-09,2025-08-06,2025,NA,1,0,0,0,0,0,0,0,0,1,Review,Scarped,West.facing,"Late_Dry
(Months 1-3)",Edge,G2-0.5a,2.0357632715265432,1.159637504,August,NA,NA,NA,NA
M1,GiantMarsh,T2,0.5,b,2025-07-09,2025-08-06,2025,NA,1,0,0,0,0,0,0,0,0,0,Review,Scarped,West.facing,"Late_Dry
(Months 1-3)",Edge,G2-0.5b,2.041249682499365,1.165911467,August,NA,NA,NA,NA
M1,GiantMarsh,T2,0.5,c,2025-07-09,2025-08-06,2025,NA,1,0,0,0,0,0,0,0,0,1,Review,Scarped,West.facing,"Late_Dry
(Months 1-3)",Edge,G2-0.5c,2.0519177038354077,1.17811084,August,NA,NA,NA,NA
M1,GiantMarsh,T2,2,a,2025-07-09,2025-08-06,2025,154.6275886,1,0,0,0,0,0,0,0,0,0,Review,Scarped,West.facing,"Late_Dry
(Months 1-3)",Edge,G2-2a,2.0616713233426465,1.189264552,August,NA,NA,NA,NA
M1,GiantMarsh,T2,2,b,2025-07-09,2025-08-06,2025,324.3091016,0,0,0,0,0,0,0,0,0,0,OK,Scarped,West.facing,"Late_Dry
(Months 1-3)",Edge,G2-2b,2.054051308102616,1.180550715,August,NA,NA,NA,NA
M1,GiantMarsh,T2,2,c,2025-07-09,2025-08-06,2025,26.81982545,0,1,0,0,0,0,0,0,0,0,Review,Scarped,West.facing,"Late_Dry
(Months 1-3)",Edge,G2-2c,2.0564897129794257,1.183339143,August,NA,NA,NA,NA
M1,GiantMarsh,T2,6,a,2025-07-09,2025-08-06,2025,8.927216905,0,0,0,0,0,0,0,0,0,0,OK,Scarped,West.facing,"Late_Dry
(Months 1-3)",Edge,G2-6a,1.9406654813309625,1.050888811,August,NA,NA,NA,NA
M1,GiantMarsh,T2,6,b,2025-07-09,2025-08-06,2025,8.96584075,0,0,0,0,0,0,0,0,0,0,OK,Scarped,West.facing,"Late_Dry
(Months 1-3)",Edge,G2-6b,1.9434086868173737,1.054025793,August,NA,NA,NA,NA
M1,GiantMarsh,T2,6,c,2025-07-09,2025-08-06,2025,8.927946716,0,0,0,0,0,0,0,0,0,0,OK,Scarped,West.facing,"Late_Dry
(Months 1-3)",Edge,G2-6c,1.9473710947421896,1.058556988,August,NA,NA,NA,NA
M1,GiantMarsh,T2,12,a,2025-07-09,2025-08-06,2025,7.04138521,0,0,0,0,0,0,0,0,0,0,OK,Scarped,West.facing,"Late_Dry
(Months 1-3)",Platform,G2-12a,1.9333502667005331,1.042523527,August,NA,NA,NA,NA
M1,GiantMarsh,T2,12,b,2025-07-09,2025-08-06,2025,6.71521582,0,0,0,0,0,0,0,0,0,0,OK,Scarped,West.facing,"Late_Dry
(Months 1-3)",Platform,G2-12b,1.9354838709677415,1.044963402,August,NA,NA,NA,NA
M1,GiantMarsh,T2,12,c,2025-07-09,2025-08-06,2025,7.302040026,0,0,0,0,0,0,0,0,0,0,OK,Scarped,West.facing,"Late_Dry
(Months 1-3)",Platform,G2-12c,1.9318262636525272,1.04078076,August,NA,NA,NA,NA
M1,GiantMarsh,T2,24,a,2025-07-09,2025-08-06,2025,2.9883516,0,0,0,0,0,0,0,0,0,0,OK,Scarped,West.facing,"Late_Dry
(Months 1-3)",Platform,G2-24a,1.9357886715773431,1.045311955,August,NA,NA,NA,NA
M1,GiantMarsh,T2,24,b,2025-07-09,2025-08-06,2025,3.04364882,0,0,0,0,0,0,0,0,0,0,OK,Scarped,West.facing,"Late_Dry
(Months 1-3)",Platform,G2-24b,1.9406654813309625,1.050888811,August,NA,NA,NA,NA
M1,GiantMarsh,T2,24,c,2025-07-09,2025-08-06,2025,3.186130388,0,0,0,0,0,0,0,0,0,0,OK,Scarped,West.facing,"Late_Dry
(Months 1-3)",Platform,G2-24c,1.9354838709677415,1.044963402,August,NA,NA,NA,NA
M1,GiantMarsh,T2,48,a,2025-07-09,2025-08-06,2025,3.15996947,0,0,0,0,0,0,0,0,0,0,OK,Scarped,West.facing,"Late_Dry
(Months 1-3)",Upland,G2-48a,1.8733045466090932,0.973858487,August,NA,NA,NA,NA
M1,GiantMarsh,T2,48,b,2025-07-09,2025-08-06,2025,3.492482602,0,0,0,0,0,0,0,0,0,0,OK,Scarped,West.facing,"Late_Dry
(Months 1-3)",Upland,G2-48b,1.897078994157988,1.001045661,August,NA,NA,NA,NA
M1,GiantMarsh,T2,48,c,2025-07-09,2025-08-06,2025,2.352124802,0,0,0,0,0,0,0,0,0,0,OK,Scarped,West.facing,"Late_Dry
(Months 1-3)",Upland,G2-48c,1.8836677673355344,0.985709306,August,NA,NA,NA,NA
M1,CorteMadera,T1,0.5,a,NA,NA,2025,NA,1,0,0,0,0,0,0,0,0,NA,#VALUE!,Scarped,East.facing,"Late_Dry
(Months 1-3)",Edge,C1-0.5a,1.6593345186690371,0.772363636,NA,NA,NA,NA,NA
M1,CorteMadera,T1,0.5,b,NA,NA,2025,NA,1,0,0,0,0,0,0,0,0,NA,#VALUE!,Scarped,East.facing,"Late_Dry
(Months 1-3)",Edge,C1-0.5b,1.6684785369570738,0.783272727,NA,NA,NA,NA,NA
M1,CorteMadera,T1,0.5,c,NA,NA,2025,NA,1,0,0,0,0,0,0,0,0,NA,#VALUE!,Scarped,East.facing,"Late_Dry
(Months 1-3)",Edge,C1-0.5c,1.6614681229362456,0.774909091,NA,NA,NA,NA,NA
M1,CorteMadera,T1,2,a,NA,NA,2025,NA,1,0,0,0,0,0,0,0,0,NA,#VALUE!,Scarped,East.facing,"Late_Dry
(Months 1-3)",Edge,C1-2a,1.6462280924561847,0.756727273,NA,NA,NA,NA,NA
M1,CorteMadera,T1,2,b,NA,NA,2025,NA,1,0,0,0,0,0,0,0,0,NA,#VALUE!,Scarped,East.facing,"Late_Dry
(Months 1-3)",Edge,C1-2b,1.6480568961137922,0.758909091,NA,NA,NA,NA,NA
M1,CorteMadera,T1,2,c,NA,NA,2025,NA,1,0,0,0,0,0,0,0,0,NA,#VALUE!,Scarped,East.facing,"Late_Dry
(Months 1-3)",Edge,C1-2c,1.6462280924561847,0.756727273,NA,NA,NA,NA,NA
M1,CorteMadera,T1,6,a,NA,NA,2025,NA,1,0,0,0,0,0,0,0,0,NA,#VALUE!,Scarped,East.facing,"Late_Dry
(Months 1-3)",Edge,C1-6a,1.664516129032258,0.778545455,NA,NA,NA,NA,NA
M1,CorteMadera,T1,6,b,NA,NA,2025,NA,1,0,0,0,0,0,0,0,0,NA,#VALUE!,Scarped,East.facing,"Late_Dry
(Months 1-3)",Edge,C1-6b,1.6620777241554483,0.775636364,NA,NA,NA,NA,NA
M1,CorteMadera,T1,6,c,NA,NA,2025,NA,1,0,0,0,0,0,0,0,0,NA,#VALUE!,Scarped,East.facing,"Late_Dry
(Months 1-3)",Edge,C1-6c,1.6529337058674116,0.764727273,NA,NA,NA,NA,NA
M1,CorteMadera,T1,12,a,NA,NA,2025,NA,1,0,0,0,0,0,0,0,0,NA,#VALUE!,Scarped,East.facing,"Late_Dry
(Months 1-3)",Platform,C1-12a,1.6413512827025651,0.750909091,NA,NA,NA,NA,NA
M1,CorteMadera,T1,12,b,NA,NA,2025,NA,1,0,0,0,0,0,0,0,0,NA,#VALUE!,Scarped,East.facing,"Late_Dry
(Months 1-3)",Platform,C1-12b,1.6447040894081788,0.754909091,NA,NA,NA,NA,NA
M1,CorteMadera,T1,12,c,NA,NA,2025,NA,1,0,0,0,0,0,0,0,0,NA,#VALUE!,Scarped,East.facing,"Late_Dry
(Months 1-3)",Platform,C1-12c,1.659029718059436,0.772,NA,NA,NA,NA,NA
M1,CorteMadera,T1,24,a,NA,NA,2025,NA,1,0,0,0,0,0,0,0,0,NA,#VALUE!,Scarped,East.facing,"Late_Dry
(Months 1-3)",Platform,C1-24a,1.7199898399796798,0.844727273,NA,NA,NA,NA,NA
M1,CorteMadera,T1,24,b,NA,NA,2025,NA,1,0,0,0,0,0,0,0,0,NA,#VALUE!,Scarped,East.facing,"Late_Dry
(Months 1-3)",Platform,C1-24b,1.7184658369316737,0.842909091,NA,NA,NA,NA,NA
M1,CorteMadera,T1,24,c,NA,NA,2025,NA,1,0,0,0,0,0,0,0,0,NA,#VALUE!,Scarped,East.facing,"Late_Dry
(Months 1-3)",Platform,C1-24c,1.7141986283972566,0.837818182,NA,NA,NA,NA,NA
M1,CorteMadera,T1,48,a,NA,NA,2025,NA,1,0,0,0,0,0,0,0,0,NA,#VALUE!,Scarped,East.facing,"Late_Dry
(Months 1-3)",Upland,C1-48a,1.732486665,0.859636364,NA,NA,NA,NA,NA
M1,CorteMadera,T1,48,b,NA,NA,2025,NA,1,0,0,0,0,0,0,0,0,NA,#VALUE!,Scarped,East.facing,"Late_Dry
(Months 1-3)",Upland,C1-48b,1.7108458216916431,0.833818182,NA,NA,NA,NA,NA
M1,CorteMadera,T1,48,c,NA,NA,2025,NA,1,0,0,0,0,0,0,0,0,NA,#VALUE!,Scarped,East.facing,"Late_Dry
(Months 1-3)",Upland,C1-48c,1.7065786131572265,0.828727273,NA,NA,NA,NA,NA
M1,CorteMadera,T2,0.5,a,2025-07-10,2025-08-07,2025,NA,1,0,0,0,0,0,0,0,0,0,Review,Scarped,East.facing,"Late_Dry
(Months 1-3)",Edge,C2-0.5a,1.621234442468885,0.726909091,August,NA,NA,NA,NA
M1,CorteMadera,T2,0.5,b,2025-07-10,2025-08-07,2025,2.636638824,1,0,0,0,0,0,0,0,0,0,Review,Scarped,East.facing,"Late_Dry
(Months 1-3)",Edge,C2-0.5b,1.6392176784353567,0.748363636,August,NA,NA,NA,NA
M1,CorteMadera,T2,0.5,c,2025-07-10,2025-08-07,2025,2.048691832,1,0,0,0,0,0,0,0,0,0,Review,Scarped,East.facing,"Late_Dry
(Months 1-3)",Edge,C2-0.5c,1.6495808991617982,0.760727273,August,NA,NA,NA,NA
M1,CorteMadera,T2,2,a,2025-07-10,2025-08-07,2025,3.099339015,1,0,0,0,0,0,0,0,0,0,Review,Scarped,East.facing,"Late_Dry
(Months 1-3)",Edge,C2-2a,1.656286512573025,0.768727273,August,NA,NA,NA,NA
M1,CorteMadera,T2,2,b,2025-07-10,2025-08-07,2025,NA,1,0,0,0,0,0,0,0,0,0,Review,Scarped,East.facing,"Late_Dry
(Months 1-3)",Edge,C2-2b,1.6544577089154178,0.766545455,August,NA,NA,NA,NA
M1,CorteMadera,T2,2,c,2025-07-10,2025-08-07,2025,1.610243823,0,0,0,0,0,0,0,0,0,0,OK,Scarped,East.facing,"Late_Dry
(Months 1-3)",Edge,C2-2c,1.6556769113538228,0.768,August,NA,NA,NA,NA
M1,CorteMadera,T2,6,a,2025-07-10,2025-08-07,2025,2.902570735,0,0,0,0,0,0,0,0,0,0,OK,Scarped,East.facing,"Late_Dry
(Months 1-3)",Edge,C2-6a,1.6623825247650494,0.776,August,NA,NA,NA,NA
M1,CorteMadera,T2,6,b,2025-07-10,2025-08-07,2025,5.880817259,1,0,0,0,0,0,0,0,0,0,Review,Scarped,East.facing,"Late_Dry
(Months 1-3)",Edge,C2-6b,1.6727457454914911,0.788363636,August,NA,NA,NA,NA
M1,CorteMadera,T2,6,c,2025-07-10,2025-08-07,2025,2.676890709,0,0,0,0,0,0,0,0,0,0,OK,Scarped,East.facing,"Late_Dry
(Months 1-3)",Edge,C2-6c,1.6675641351282702,0.782181818,August,NA,NA,NA,NA
M1,CorteMadera,T2,12,a,2025-07-10,2025-08-07,2025,2.498760679,0,0,0,0,0,0,0,0,0,0,OK,Scarped,East.facing,"Late_Dry
(Months 1-3)",Platform,C2-12a,1.664820929641859,0.778909091,August,NA,NA,NA,NA
M1,CorteMadera,T2,12,b,2025-07-10,2025-08-07,2025,2.83295799,0,0,0,0,0,0,0,0,0,0,OK,Scarped,East.facing,"Late_Dry
(Months 1-3)",Platform,C2-12b,1.6651257302514604,0.779272727,August,NA,NA,NA,NA
M1,CorteMadera,T2,12,c,2025-07-10,2025-08-07,2025,3.609664055,1,0,0,0,0,0,0,0,0,0,Review,Scarped,East.facing,"Late_Dry
(Months 1-3)",Platform,C2-12c,1.6657353314706629,0.78,August,NA,NA,NA,NA
M1,CorteMadera,T2,24,a,2025-07-10,2025-08-07,2025,7.066030367,0,0,0,0,0,0,0,0,0,0,OK,Scarped,East.facing,"Late_Dry
(Months 1-3)",Platform,C2-24a,1.6794513589027176,0.796363636,August,NA,NA,NA,NA
M1,CorteMadera,T2,24,b,2025-07-10,2025-08-07,2025,6.442266496,0,0,0,0,0,0,0,0,0,0,OK,Scarped,East.facing,"Late_Dry
(Months 1-3)",Platform,C2-24b,1.6843281686563372,0.802181818,August,NA,NA,NA,NA
M1,CorteMadera,T2,24,c,2025-07-10,2025-08-07,2025,7.961396219,0,0,0,0,0,0,0,0,0,0,OK,Scarped,East.facing,"Late_Dry
(Months 1-3)",Platform,C2-24c,1.6751841503683007,0.791272727,August,NA,NA,NA,NA
M1,CorteMadera,T2,48,a,2025-07-10,2025-08-07,2025,4.841959331,0,0,0,0,0,0,0,0,0,0,OK,Scarped,East.facing,"Late_Dry
(Months 1-3)",Upland,C2-48a,1.6794513589027176,0.796363636,August,NA,NA,NA,NA
M1,CorteMadera,T2,48,b,2025-07-10,2025-08-07,2025,NA,1,0,0,0,0,0,0,0,0,0,Review,Scarped,East.facing,"Late_Dry
(Months 1-3)",Upland,C2-48b,1.6821945643891287,0.799636364,August,NA,NA,NA,NA
M1,CorteMadera,T2,48,c,2025-07-10,2025-08-07,2025,29.16061011,1,0,0,0,0,0,0,0,0,0,Review,Scarped,East.facing,"Late_Dry
(Months 1-3)",Upland,C2-48c,1.673050546101092,0.788727273,August,NA,NA,NA,NA
M1,SanPablo,T1,0.5,a,2025-07-11,2025-08-08,2025,NA,1,0,0,1,0,0,0,0,0,0,Review,Ramped,South.facing,"Late_Dry
(Months 1-3)",Edge,S1-0.5a,1.706273812547625,0.771628722,August,NA,NA,NA,NA
M1,SanPablo,T1,0.5,b,2025-07-11,2025-08-08,2025,NA,1,0,0,0,0,0,0,0,0,0,Review,Ramped,South.facing,"Late_Dry
(Months 1-3)",Edge,S1-0.5b,1.722733045466091,0.790542907,August,NA,NA,NA,NA
M1,SanPablo,T1,0.5,c,2025-07-11,2025-08-08,2025,NA,1,0,0,0,0,0,0,0,0,0,Review,Ramped,South.facing,"Late_Dry
(Months 1-3)",Edge,S1-0.5c,1.723037846075692,0.79089317,August,NA,NA,NA,NA
M1,SanPablo,T1,2,a,2025-07-11,2025-08-08,2025,6.530798188,0,0,0,1,0,0,0,0,0,0,Review,Ramped,South.facing,"Late_Dry
(Months 1-3)",Edge,S1-2a,1.6913385826771654,0.754465849,August,NA,NA,NA,NA
M1,SanPablo,T1,2,b,2025-07-11,2025-08-08,2025,24.21625267,0,0,0,0,0,0,0,0,0,0,OK,Ramped,South.facing,"Late_Dry
(Months 1-3)",Edge,S1-2b,1.7202946405892812,0.787740806,August,NA,NA,NA,NA
M1,SanPablo,T1,2,c,2025-07-11,2025-08-08,2025,27.01895158,0,0,0,0,0,0,0,0,0,0,OK,Ramped,South.facing,"Late_Dry
(Months 1-3)",Edge,S1-2c,1.7550419100838202,0.827670753,August,NA,NA,NA,NA
M1,SanPablo,T1,6,a,2025-07-11,2025-08-08,2025,4.954013393,0,0,0,0,0,0,0,0,0,0,OK,Ramped,South.facing,"Late_Dry
(Months 1-3)",Edge,S1-6a,1.8266700533401063,0.909982487,August,NA,NA,NA,NA
M1,SanPablo,T1,6,b,2025-07-11,2025-08-08,2025,7.274849887,1,0,0,0,0,0,0,0,0,0,Review,Ramped,South.facing,"Late_Dry
(Months 1-3)",Edge,S1-6b,1.8254508509017016,0.908581436,August,NA,NA,NA,NA
M1,SanPablo,T1,6,c,2025-07-11,2025-08-08,2025,10.92880786,1,0,0,0,0,0,0,0,0,0,Review,Ramped,South.facing,"Late_Dry
(Months 1-3)",Edge,S1-6c,1.83002286004572,0.913835377,August,NA,NA,NA,NA
M1,SanPablo,T1,12,a,2025-07-11,2025-08-08,2025,2.547714157,0,0,0,0,0,0,0,0,0,0,OK,Ramped,South.facing,"Late_Dry
(Months 1-3)",Platform,S1-12a,1.877266954533909,0.968126095,August,NA,NA,NA,NA
M1,SanPablo,T1,12,b,2025-07-11,2025-08-08,2025,2.299802965,0,0,0,0,0,0,0,0,0,0,OK,Ramped,South.facing,"Late_Dry
(Months 1-3)",Platform,S1-12b,1.889763779527559,0.982486865,August,NA,NA,NA,NA
M1,SanPablo,T1,12,c,2025-07-11,2025-08-08,2025,4.687351672,0,0,0,0,0,0,0,0,0,0,OK,Ramped,South.facing,"Late_Dry
(Months 1-3)",Platform,S1-12c,1.8851917703835408,0.977232925,August,NA,NA,NA,NA
M1,SanPablo,T1,24,a,2025-07-11,2025-08-08,2025,2.709563787,0,0,0,0,0,0,0,0,0,0,OK,Ramped,South.facing,"Late_Dry
(Months 1-3)",Platform,S1-24a,1.9751079502159004,1.08056042,August,NA,NA,NA,NA
M1,SanPablo,T1,24,b,2025-07-11,2025-08-08,2025,3.67403713,0,0,0,0,0,0,0,0,0,0,OK,Ramped,South.facing,"Late_Dry
(Months 1-3)",Platform,S1-24b,1.984861569723139,1.091768827,August,NA,NA,NA,NA
M1,SanPablo,T1,24,c,2025-07-11,2025-08-08,2025,3.349158944,0,0,0,0,0,0,0,0,0,0,OK,Ramped,South.facing,"Late_Dry
(Months 1-3)",Platform,S1-24c,1.9751079502159004,1.08056042,August,NA,NA,NA,NA
M1,SanPablo,T1,48,a,2025-07-11,2025-08-08,2025,1.80976293,0,0,0,0,0,0,0,0,0,0,OK,Ramped,South.facing,"Late_Dry
(Months 1-3)",Upland,S1-48a,2.013208026416053,1.124343257,August,NA,NA,NA,NA
M1,SanPablo,T1,48,b,2025-07-11,2025-08-08,2025,2.644554467,0,0,0,0,0,0,0,0,0,0,OK,Ramped,South.facing,"Late_Dry
(Months 1-3)",Upland,S1-48b,2.0159512319024637,1.127495622,August,NA,NA,NA,NA
M1,SanPablo,T1,48,c,2025-07-11,2025-08-08,2025,2.149125058,0,0,0,0,0,0,0,0,0,0,OK,Ramped,South.facing,"Late_Dry
(Months 1-3)",Upland,S1-48c,2.0144272288544576,1.125744308,August,NA,NA,NA,NA
M1,SanPablo,T2,0.5,a,2025-07-11,2025-08-08,2025,NA,1,0,0,0,0,0,0,0,0,0,Review,Ramped,South.facing,"Late_Dry
(Months 1-3)",Edge,S2-0.5a,1.727305054610109,0.795796848,August,NA,NA,NA,NA
M1,SanPablo,T2,0.5,b,2025-07-11,2025-08-08,2025,NA,1,0,0,0,0,0,0,0,0,0,Review,Ramped,South.facing,"Late_Dry
(Months 1-3)",Edge,S2-0.5b,1.7297434594869188,0.798598949,August,NA,NA,NA,NA
M1,SanPablo,T2,0.5,c,2025-07-11,2025-08-08,2025,NA,1,0,0,0,0,0,0,0,0,1,Review,Ramped,South.facing,"Late_Dry
(Months 1-3)",Edge,S2-0.5c,1.721818643637287,0.789492119,August,NA,NA,NA,NA
M1,SanPablo,T2,2,a,2025-07-11,2025-08-08,2025,42.4775842,1,0,0,0,0,0,0,0,0,0,Review,Ramped,South.facing,"Late_Dry
(Months 1-3)",Edge,S2-2a,1.7401066802133602,0.810507881,August,NA,NA,NA,NA
M1,SanPablo,T2,2,b,2025-07-11,2025-08-08,2025,NA,1,0,0,0,0,0,0,0,0,0,Review,Ramped,South.facing,"Late_Dry
(Months 1-3)",Edge,S2-2b,1.751993903987808,0.824168126,August,NA,NA,NA,NA
M1,SanPablo,T2,2,c,2025-07-11,2025-08-08,2025,22.4179983,1,0,0,0,0,0,0,0,0,0,Review,Ramped,South.facing,"Late_Dry
(Months 1-3)",Edge,S2-2c,1.750469900939802,0.822416813,August,NA,NA,NA,NA
M1,SanPablo,T2,6,a,2025-07-11,2025-08-08,2025,3.992739992,1,0,0,0,0,0,0,0,0,0,Review,Ramped,South.facing,"Late_Dry
(Months 1-3)",Edge,S2-6a,1.8239268478536956,0.906830123,August,NA,NA,NA,NA
M1,SanPablo,T2,6,b,2025-07-11,2025-08-08,2025,NA,1,0,0,0,0,0,0,0,0,0,Review,Ramped,South.facing,"Late_Dry
(Months 1-3)",Edge,S2-6b,1.8135636271272544,0.894921191,August,NA,NA,NA,NA
M1,SanPablo,T2,6,c,2025-07-11,2025-08-08,2025,6.085894157,1,0,0,0,0,0,0,0,0,0,Review,Ramped,South.facing,"Late_Dry
(Months 1-3)",Edge,S2-6c,1.8083820167640337,0.888966725,August,NA,NA,NA,NA
M1,SanPablo,T2,12,a,2025-07-11,2025-08-08,2025,8.406075692,0,0,0,0,0,0,0,0,0,0,OK,Ramped,South.facing,"Late_Dry
(Months 1-3)",Platform,S2-12a,1.899517399034798,0.993695271,August,NA,NA,NA,NA
M1,SanPablo,T2,12,b,2025-07-11,2025-08-08,2025,8.975328293,0,0,0,0,0,0,0,0,0,0,OK,Ramped,South.facing,"Late_Dry
(Months 1-3)",Platform,S2-12b,1.8912877825755652,0.984238179,August,NA,NA,NA,NA
M1,SanPablo,T2,12,c,2025-07-11,2025-08-08,2025,7.346614638,0,0,0,0,0,0,0,0,0,0,OK,Ramped,South.facing,"Late_Dry
(Months 1-3)",Platform,S2-12c,1.8836677673355344,0.975481611,August,NA,NA,NA,NA
M1,SanPablo,T2,24,a,2025-07-11,2025-08-08,2025,3.535092338,0,0,0,0,0,0,0,0,0,0,OK,Ramped,South.facing,"Late_Dry
(Months 1-3)",Platform,S2-24a,2.0001016002032004,1.109281961,August,NA,NA,NA,NA
M1,SanPablo,T2,24,b,2025-07-11,2025-08-08,2025,2.837168439,0,0,0,0,0,0,0,0,0,0,OK,Ramped,South.facing,"Late_Dry
(Months 1-3)",Platform,S2-24b,1.9979679959359915,1.106830123,August,NA,NA,NA,NA
M1,SanPablo,T2,24,c,2025-07-11,2025-08-08,2025,2.099104933,0,0,0,0,0,0,0,0,0,0,OK,Ramped,South.facing,"Late_Dry
(Months 1-3)",Platform,S2-24c,1.9915671831343664,1.099474606,August,NA,NA,NA,NA
M1,SanPablo,T2,48,a,2025-07-11,2025-08-08,2025,3.15104332,0,0,0,0,0,0,0,0,0,0,OK,Ramped,South.facing,"Late_Dry
(Months 1-3)",Upland,S2-48a,2.0138176276352553,1.125043783,August,NA,NA,NA,NA
M1,SanPablo,T2,48,b,2025-07-11,2025-08-08,2025,3.240136404,0,0,0,0,0,0,0,0,0,0,OK,Ramped,South.facing,"Late_Dry
(Months 1-3)",Upland,S2-48b,2.022961645923292,1.135551664,August,NA,NA,NA,NA
M1,SanPablo,T2,48,c,2025-07-11,2025-08-08,2025,2.801744534,0,0,0,0,0,0,0,0,0,0,OK,Ramped,South.facing,"Late_Dry
(Months 1-3)",Upland,S2-48c,2.0205232410464817,1.132749562,August,NA,NA,NA,NA
M2,Buck'sLanding,T1,0.5,a,2025-08-05,2025-09-03,2025,4.14824588,0,0,0,0,0,0,0,0,0,0,OK,Ramped,East.facing,"Late_Dry
(Months 1-3)",Edge,B1-0.5a,1.6544577089154178,0.743807502,September,NA,NA,NA,NA
M2,Buck'sLanding,T1,0.5,b,2025-08-05,2025-09-03,2025,2.234429707,0,0,0,0,0,0,0,0,0,0,OK,Ramped,East.facing,"Late_Dry
(Months 1-3)",Edge,B1-0.5b,1.6599441198882396,0.750176929,September,NA,NA,NA,NA
M2,Buck'sLanding,T1,0.5,c,2025-08-05,2025-09-03,2025,2.536180433,0,0,0,0,0,0,0,0,0,0,OK,Ramped,East.facing,"Late_Dry
(Months 1-3)",Edge,B1-0.5c,1.6611633223266449,0.751592357,September,NA,NA,NA,NA
M2,Buck'sLanding,T1,2,a,2025-08-05,2025-09-03,2025,1.378773705,0,0,0,0,0,0,0,0,0,0,OK,Ramped,East.facing,"Late_Dry
(Months 1-3)",Edge,B1-2a,1.7718059436118871,0.880042463,September,NA,NA,NA,NA
M2,Buck'sLanding,T1,2,b,2025-08-05,2025-09-03,2025,1.198492959,0,0,0,0,0,0,0,0,0,0,OK,Ramped,East.facing,"Late_Dry
(Months 1-3)",Edge,B1-2b,1.7794259588519177,0.888888889,September,NA,NA,NA,NA
M2,Buck'sLanding,T1,2,c,2025-08-05,2025-09-03,2025,1.033118167,0,0,0,0,0,0,0,0,0,0,OK,Ramped,East.facing,"Late_Dry
(Months 1-3)",Edge,B1-2c,1.7669291338582676,0.87438075,September,NA,NA,NA,NA
M2,Buck'sLanding,T1,6,a,2025-08-05,2025-09-03,2025,4.793755022,0,0,0,0,0,0,0,0,0,0,OK,Ramped,East.facing,"Late_Dry
(Months 1-3)",Edge,B1-6a,1.8138684277368553,0.928874735,September,NA,NA,NA,NA
M2,Buck'sLanding,T1,6,b,2025-08-05,2025-09-03,2025,4.056858827,0,0,0,0,0,0,0,0,0,0,OK,Ramped,East.facing,"Late_Dry
(Months 1-3)",Edge,B1-6b,1.806248412496825,0.920028309,September,NA,NA,NA,NA
M2,Buck'sLanding,T1,6,c,2025-08-05,2025-09-03,2025,4.182014642,0,0,0,0,0,0,0,0,0,0,OK,Ramped,East.facing,"Late_Dry
(Months 1-3)",Edge,B1-6c,1.8053340106680211,0.918966737,September,NA,NA,NA,NA
M2,Buck'sLanding,T1,12,a,2025-08-05,2025-09-03,2025,1.096427822,0,0,0,0,0,0,0,0,0,0,OK,Ramped,East.facing,"Late_Dry
(Months 1-3)",Platform,B1-12a,1.8483108966217932,0.96886058,September,NA,NA,NA,NA
M2,Buck'sLanding,T1,12,b,2025-08-05,2025-09-03,2025,1.357959572,0,0,0,0,0,0,0,0,0,0,OK,Ramped,East.facing,"Late_Dry
(Months 1-3)",Platform,B1-12b,1.8461772923545847,0.966383581,September,NA,NA,NA,NA
M2,Buck'sLanding,T1,12,c,2025-08-05,2025-09-03,2025,1.799609458,0,0,0,0,0,0,0,0,0,0,OK,Ramped,East.facing,"Late_Dry
(Months 1-3)",Platform,B1-12c,1.8428244856489713,0.962491154,September,NA,NA,NA,NA
M2,Buck'sLanding,T1,18,a,2025-08-05,2025-09-03,2025,3.023361235,0,0,0,0,0,0,0,0,0,0,OK,Ramped,East.facing,"Late_Dry
(Months 1-3)",Platform,B1-18a,1.8736093472186943,0.998230715,September,NA,NA,NA,NA
M2,Buck'sLanding,T1,18,b,2025-08-05,2025-09-03,2025,2.563227965,0,0,0,0,0,0,0,0,0,0,OK,Ramped,East.facing,"Late_Dry
(Months 1-3)",Platform,B1-18b,1.8745237490474984,0.999292286,September,NA,NA,NA,NA
M2,Buck'sLanding,T1,18,c,2025-08-05,2025-09-03,2025,2.359964947,0,0,0,0,0,0,0,0,0,0,OK,Ramped,East.facing,"Late_Dry
(Months 1-3)",Platform,B1-18c,1.8806197612395223,1.006369427,September,NA,NA,NA,NA
M2,Buck'sLanding,T1,24,a,2025-08-05,2025-09-03,2025,1.488427328,0,0,0,0,0,0,0,0,0,0,OK,Ramped,East.facing,"Late_Dry
(Months 1-3)",Platform,B1-24a,1.8641605283210565,0.987261146,September,NA,NA,NA,NA
M2,Buck'sLanding,T1,24,b,2025-08-05,2025-09-03,2025,1.909750912,0,0,0,0,0,0,0,0,0,0,OK,Ramped,East.facing,"Late_Dry
(Months 1-3)",Platform,B1-24b,1.869037338074676,0.992922859,September,NA,NA,NA,NA
M2,Buck'sLanding,T1,24,c,2025-08-05,2025-09-03,2025,1.763672557,0,0,0,0,0,0,0,0,0,0,OK,Ramped,East.facing,"Late_Dry
(Months 1-3)",Platform,B1-24c,1.8714757429514857,0.995753715,September,NA,NA,NA,NA
M2,Buck'sLanding,T1,48,a,2025-08-05,2025-09-03,2025,1.990405678,0,0,0,0,0,0,0,0,0,0,OK,Ramped,East.facing,"Late_Dry
(Months 1-3)",Upland,B1-48a,1.856845313690627,0.978768577,September,NA,NA,NA,NA
M2,Buck'sLanding,T1,48,b,2025-08-05,2025-09-03,2025,1.967965441,0,0,0,0,0,0,0,0,0,0,OK,Ramped,East.facing,"Late_Dry
(Months 1-3)",Upland,B1-48b,1.850749301498603,0.971691437,September,NA,NA,NA,NA
M2,Buck'sLanding,T1,48,c,2025-08-05,2025-09-03,2025,2.656024308,0,0,0,0,0,0,0,0,0,0,OK,Ramped,East.facing,"Late_Dry
(Months 1-3)",Upland,B1-48c,1.8516637033274064,0.972753008,September,NA,NA,NA,NA
M2,Buck'sLanding,T2,0.5,a,2025-08-05,2025-09-03,2025,6.193613878,1,0,0,0,0,0,0,0,0,0,Review,Ramped,East.facing,"Late_Dry
(Months 1-3)",Edge,B2-0.5a,1.6338836677673354,0.7199221515,September,NA,NA,NA,NA
M2,Buck'sLanding,T2,0.5,b,2025-08-05,2025-09-03,2025,1.856848324,0,0,0,0,0,0,0,0,0,0,OK,Ramped,East.facing,"Late_Dry
(Months 1-3)",Edge,B2-0.5b,1.6431800863601729,0.730714791,September,NA,NA,NA,NA
M2,Buck'sLanding,T2,0.5,c,2025-08-05,2025-09-03,2025,7.910183618,1,0,0,0,0,0,0,0,0,0,Review,Ramped,East.facing,"Late_Dry
(Months 1-3)",Edge,B2-0.5c,1.6407416814833629,0.727883935,September,NA,NA,NA,NA
M2,Buck'sLanding,T2,2,a,2025-08-05,2025-09-03,2025,2.154804807,0,0,0,0,0,0,0,0,0,0,OK,Ramped,East.facing,"Late_Dry
(Months 1-3)",Edge,B2-2a,1.773329946659893,0.881811748,September,NA,NA,NA,NA
M2,Buck'sLanding,T2,2,b,2025-08-05,2025-09-03,2025,1.535259128,0,0,0,0,0,0,0,0,0,0,OK,Ramped,East.facing,"Late_Dry
(Months 1-3)",Edge,B2-2b,1.7654051308102614,0.872611465,September,NA,NA,NA,NA
M2,Buck'sLanding,T2,2,c,2025-08-05,2025-09-03,2025,0.986719996,1,0,0,0,0,0,0,0,0,0,Review,Ramped,East.facing,"Late_Dry
(Months 1-3)",Edge,B2-2c,1.7696723393446787,0.877565464,September,NA,NA,NA,NA
M2,Buck'sLanding,T2,6,a,2025-08-05,2025-09-03,2025,5.834190658,0,0,0,0,0,0,0,0,0,0,OK,Ramped,East.facing,"Late_Dry
(Months 1-3)",Edge,B2-6a,1.843738887477775,0.963552725,September,NA,NA,NA,NA
M2,Buck'sLanding,T2,6,b,2025-08-05,2025-09-03,2025,4.440727812,0,0,0,0,0,0,0,0,0,0,OK,Ramped,East.facing,"Late_Dry
(Months 1-3)",Edge,B2-6b,1.8394716789433576,0.958598726,September,NA,NA,NA,NA
M2,Buck'sLanding,T2,6,c,2025-08-05,2025-09-03,2025,4.821615606,0,0,0,0,0,0,0,0,0,0,OK,Ramped,East.facing,"Late_Dry
(Months 1-3)",Edge,B2-6c,1.8376428752857503,0.956475584,September,NA,NA,NA,NA
M2,Buck'sLanding,T2,12,a,2025-08-05,2025-09-03,2025,2.235838997,0,0,0,0,0,0,0,0,0,0,OK,Ramped,East.facing,"Late_Dry
(Months 1-3)",Platform,B2-12a,1.84008128016256,0.95930644,September,NA,NA,NA,NA
M2,Buck'sLanding,T2,12,b,2025-08-05,2025-09-03,2025,3.723182256,0,0,0,0,0,0,0,0,0,0,OK,Ramped,East.facing,"Late_Dry
(Months 1-3)",Platform,B2-12b,1.835814071628143,0.954352442,September,NA,NA,NA,NA
M2,Buck'sLanding,T2,12,c,2025-08-05,2025-09-03,2025,3.207165207,0,0,0,0,0,0,0,0,0,0,OK,Ramped,East.facing,"Late_Dry
(Months 1-3)",Platform,B2-12c,1.822098044196088,0.938428875,September,NA,NA,NA,NA
M2,Buck'sLanding,T2,24,a,2025-08-05,2025-09-03,2025,2.060815988,0,0,0,0,0,0,0,0,0,0,OK,Ramped,East.facing,"Late_Dry
(Months 1-3)",Platform,B2-24a,1.8266700533401063,0.94373673,September,NA,NA,NA,NA
M2,Buck'sLanding,T2,24,b,2025-08-05,2025-09-03,2025,2.36657777,0,0,0,0,0,0,0,0,0,0,OK,Ramped,East.facing,"Late_Dry
(Months 1-3)",Platform,B2-24b,1.8294132588265175,0.946921444,September,NA,NA,NA,NA
M2,Buck'sLanding,T2,24,c,2025-08-05,2025-09-03,2025,2.168138861,0,0,0,0,0,0,0,0,0,0,OK,Ramped,East.facing,"Late_Dry
(Months 1-3)",Platform,B2-24c,1.8446532893065783,0.964614296,September,NA,NA,NA,NA
M2,Buck'sLanding,T2,48,a,2025-08-05,2025-09-03,2025,3.30652017,0,0,0,0,0,0,0,0,0,0,OK,Ramped,East.facing,"Late_Dry
(Months 1-3)",Upland,B2-48a,1.8416052832105665,0.961075725,September,NA,NA,NA,NA
M2,Buck'sLanding,T2,48,b,2025-08-05,2025-09-03,2025,2.25399716,0,0,0,0,0,0,0,0,0,0,OK,Ramped,East.facing,"Late_Dry
(Months 1-3)",Upland,B2-48b,1.8525781051562105,0.973814579,September,NA,NA,NA,NA
M2,Buck'sLanding,T2,48,c,2025-08-05,2025-09-03,2025,3.017832481,0,0,0,0,0,0,0,0,0,0,OK,Ramped,East.facing,"Late_Dry
(Months 1-3)",Upland,B2-48c,1.849530099060198,0.970276008,September,NA,NA,NA,NA
M2,GiantMarsh,T1,0.5,a,2025-08-06,2025-09-06,2025,15.54275104,1,0,0,0,0,0,0,0,0,0,Review,Scarped,West.facing,"Late_Dry
(Months 1-3)",Edge,G1-0.5a,2.067462535,1.195887069,September,NA,NA,NA,NA
M2,GiantMarsh,T1,0.5,b,2025-08-06,2025-09-06,2025,6.333187817,0,0,0,0,0,0,0,0,0,0,OK,Scarped,West.facing,"Late_Dry
(Months 1-3)",Edge,G1-0.5b,2.066243332486665,1.194492855,September,NA,NA,NA,NA
M2,GiantMarsh,T1,0.5,c,2025-08-06,2025-09-06,2025,7.596539601,0,0,0,0,0,0,0,0,0,0,OK,Scarped,West.facing,"Late_Dry
(Months 1-3)",Edge,G1-0.5c,2.0574041148082296,1.184384803,September,NA,NA,NA,NA
M2,GiantMarsh,T1,2,a,2025-08-06,2025-09-06,2025,2.407999714,0,0,0,0,0,0,0,0,0,0,OK,Scarped,West.facing,"Late_Dry
(Months 1-3)",Edge,G1-2a,2.0183896367792733,1.139769955,September,NA,NA,NA,NA
M2,GiantMarsh,T1,2,b,2025-08-06,2025-09-06,2025,24.22648814,0,0,0,0,0,0,0,0,0,0,OK,Scarped,West.facing,"Late_Dry
(Months 1-3)",Edge,G1-2b,2.019304038608077,1.140815615,September,NA,NA,NA,NA
M2,GiantMarsh,T1,2,c,2025-08-06,2025-09-06,2025,36.66235214,0,1,0,0,0,0,0,0,0,0,Review,Scarped,West.facing,"Late_Dry
(Months 1-3)",Edge,G1-2c,2.0189992379984756,1.140467062,September,NA,NA,NA,NA
M2,GiantMarsh,T1,6,a,2025-08-06,2025-09-06,2025,9.575461137,0,1,0,0,0,0,0,0,0,0,Review,Scarped,West.facing,"Late_Dry
(Months 1-3)",Edge,G1-6a,1.9723647447294896,1.087138376,September,NA,NA,NA,NA
M2,GiantMarsh,T1,6,b,2025-08-06,2025-09-06,2025,4.188405407,0,0,0,0,0,0,0,0,0,0,OK,Scarped,West.facing,"Late_Dry
(Months 1-3)",Edge,G1-6b,1.9793751587503172,1.095155106,September,NA,NA,NA,NA
M2,GiantMarsh,T1,6,c,2025-08-06,2025-09-06,2025,7.719756331,0,0,0,0,0,0,0,0,0,0,OK,Scarped,West.facing,"Late_Dry
(Months 1-3)",Edge,G1-6c,1.9763271526543051,1.091669571,September,NA,NA,NA,NA
M2,GiantMarsh,T1,12,a,2025-08-06,2025-09-06,2025,7.482957101,0,0,0,0,0,0,0,0,0,0,OK,Scarped,West.facing,"Late_Dry
(Months 1-3)",Platform,G1-12a,1.9418846837693675,1.052283025,September,NA,NA,NA,NA
M2,GiantMarsh,T1,12,b,2025-08-06,2025-09-06,2025,6.810538557,0,0,0,0,0,0,0,0,0,0,OK,Scarped,West.facing,"Late_Dry
(Months 1-3)",Platform,G1-12b,1.9495046990093976,1.060996863,September,NA,NA,NA,NA
M2,GiantMarsh,T1,12,c,2025-08-06,2025-09-06,2025,6.133708551,0,0,0,0,0,0,0,0,0,0,OK,Scarped,West.facing,"Late_Dry
(Months 1-3)",Platform,G1-12c,1.9577343154686309,1.070407808,September,NA,NA,NA,NA
M2,GiantMarsh,T1,24,a,2025-08-06,2025-09-06,2025,3.334254863,0,0,0,0,0,0,0,0,0,0,OK,Scarped,West.facing,"Late_Dry
(Months 1-3)",Platform,G1-24a,1.94005588011176,1.050191704,September,NA,NA,NA,NA
M2,GiantMarsh,T1,24,b,2025-08-06,2025-09-06,2025,2.452165052,0,0,0,0,0,0,0,0,0,0,OK,Scarped,West.facing,"Late_Dry
(Months 1-3)",Platform,G1-24b,1.9467614935229869,1.057859881,September,NA,NA,NA,NA
M2,GiantMarsh,T1,24,c,2025-08-06,2025-09-06,2025,2.91962803,0,0,0,0,0,0,0,0,0,0,OK,Scarped,West.facing,"Late_Dry
(Months 1-3)",Platform,G1-24c,1.952247904495809,1.064133845,September,NA,NA,NA,NA
M2,GiantMarsh,T1,48,a,2025-08-06,2025-09-06,2025,2.196503013,0,0,0,0,0,0,0,0,0,0,OK,Scarped,West.facing,"Late_Dry
(Months 1-3)",Upland,G1-48a,1.8736093472186943,0.974207041,September,NA,NA,NA,NA
M2,GiantMarsh,T1,48,b,2025-08-06,2025-09-06,2025,2.040732727,0,0,0,0,0,0,0,0,0,0,OK,Scarped,West.facing,"Late_Dry
(Months 1-3)",Upland,G1-48b,1.8595885191770385,0.95817358,September,NA,NA,NA,NA
M2,GiantMarsh,T1,48,c,2025-08-06,2025-09-06,2025,1.662868088,0,0,0,0,0,0,0,0,0,0,OK,Scarped,West.facing,"Late_Dry
(Months 1-3)",Upland,G1-48c,1.886106172212344,0.988497734,September,NA,NA,NA,NA
M2,GiantMarsh,T2,0.5,a,2025-08-06,2025-09-06,2025,NA,1,1,0,0,0,0,0,0,0,0,Review,Scarped,West.facing,"Late_Dry
(Months 1-3)",Edge,G2-0.5a,2.0357632715265432,1.159637504,September,NA,NA,NA,NA
M2,GiantMarsh,T2,0.5,b,2025-08-06,2025-09-06,2025,498.2268996,0,0,0,0,0,0,0,0,0,0,OK,Scarped,West.facing,"Late_Dry
(Months 1-3)",Edge,G2-0.5b,2.041249682499365,1.165911467,September,NA,NA,NA,NA
M2,GiantMarsh,T2,0.5,c,2025-08-06,2025-09-06,2025,374.9298503,0,0,0,0,0,0,0,0,0,0,OK,Scarped,West.facing,"Late_Dry
(Months 1-3)",Edge,G2-0.5c,2.0519177038354077,1.17811084,September,NA,NA,NA,NA
M2,GiantMarsh,T2,2,a,2025-08-06,2025-09-06,2025,490.8347578,0,0,0,0,0,0,0,0,0,0,OK,Scarped,West.facing,"Late_Dry
(Months 1-3)",Edge,G2-2a,2.0616713233426465,1.189264552,September,NA,NA,NA,NA
M2,GiantMarsh,T2,2,b,2025-08-06,2025-09-06,2025,557.8402693,0,0,0,0,0,0,0,0,0,0,OK,Scarped,West.facing,"Late_Dry
(Months 1-3)",Edge,G2-2b,2.054051308102616,1.180550715,September,NA,NA,NA,NA
M2,GiantMarsh,T2,2,c,2025-08-06,2025-09-06,2025,742.0371115,0,0,0,0,0,0,0,0,0,0,OK,Scarped,West.facing,"Late_Dry
(Months 1-3)",Edge,G2-2c,2.0564897129794257,1.183339143,September,NA,NA,NA,NA
M2,GiantMarsh,T2,6,a,2025-08-06,2025-09-06,2025,12.75389501,0,0,0,0,0,0,0,0,0,0,OK,Scarped,West.facing,"Late_Dry
(Months 1-3)",Edge,G2-6a,1.9406654813309625,1.050888811,September,NA,NA,NA,NA
M2,GiantMarsh,T2,6,b,2025-08-06,2025-09-06,2025,11.3595177,0,0,0,0,0,0,0,0,0,0,OK,Scarped,West.facing,"Late_Dry
(Months 1-3)",Edge,G2-6b,1.9434086868173737,1.054025793,September,NA,NA,NA,NA
M2,GiantMarsh,T2,6,c,2025-08-06,2025-09-06,2025,9.972999888,0,0,0,0,0,0,0,0,0,0,OK,Scarped,West.facing,"Late_Dry
(Months 1-3)",Edge,G2-6c,1.9473710947421896,1.058556988,September,NA,NA,NA,NA
M2,GiantMarsh,T2,12,a,2025-08-06,2025-09-06,2025,3.579319248,0,0,0,0,0,0,0,0,0,0,OK,Scarped,West.facing,"Late_Dry
(Months 1-3)",Platform,G2-12a,1.9333502667005331,1.042523527,September,NA,NA,NA,NA
M2,GiantMarsh,T2,12,b,2025-08-06,2025-09-06,2025,3.749642293,0,0,0,0,0,0,0,0,0,0,OK,Scarped,West.facing,"Late_Dry
(Months 1-3)",Platform,G2-12b,1.9354838709677415,1.044963402,September,NA,NA,NA,NA
M2,GiantMarsh,T2,12,c,2025-08-06,2025-09-06,2025,3.872808316,0,0,0,0,0,0,0,0,0,0,OK,Scarped,West.facing,"Late_Dry
(Months 1-3)",Platform,G2-12c,1.9318262636525272,1.04078076,September,NA,NA,NA,NA
M2,GiantMarsh,T2,24,a,2025-08-06,2025-09-06,2025,1.351226102,0,0,0,0,0,0,0,0,0,0,OK,Scarped,West.facing,"Late_Dry
(Months 1-3)",Platform,G2-24a,1.9357886715773431,1.045311955,September,NA,NA,NA,NA
M2,GiantMarsh,T2,24,b,2025-08-06,2025-09-06,2025,1.204684394,0,0,0,0,0,0,0,0,0,0,OK,Scarped,West.facing,"Late_Dry
(Months 1-3)",Platform,G2-24b,1.9406654813309625,1.050888811,September,NA,NA,NA,NA
M2,GiantMarsh,T2,24,c,2025-08-06,2025-09-06,2025,1.231153173,0,0,0,0,0,0,0,0,0,0,OK,Scarped,West.facing,"Late_Dry
(Months 1-3)",Platform,G2-24c,1.9354838709677415,1.044963402,September,NA,NA,NA,NA
M2,GiantMarsh,T2,48,a,2025-08-06,2025-09-06,2025,1.140236467,0,0,0,0,0,0,0,0,0,0,OK,Scarped,West.facing,"Late_Dry
(Months 1-3)",Upland,G2-48a,1.8733045466090932,0.973858487,September,NA,NA,NA,NA
M2,GiantMarsh,T2,48,b,2025-08-06,2025-09-06,2025,0.925748084,0,0,0,0,0,0,0,0,0,0,OK,Scarped,West.facing,"Late_Dry
(Months 1-3)",Upland,G2-48b,1.897078994157988,1.001045661,September,NA,NA,NA,NA
M2,GiantMarsh,T2,48,c,2025-08-06,2025-09-06,2025,1.288350075,0,0,0,0,0,0,0,0,0,0,OK,Scarped,West.facing,"Late_Dry
(Months 1-3)",Upland,G2-48c,1.8836677673355344,0.985709306,September,NA,NA,NA,NA
M2,CorteMadera,T1,0.5,a,2025-08-07,2025-09-05,2025,NA,1,0,0,0,0,0,0,0,0,1,Review,Scarped,East.facing,"Late_Dry
(Months 1-3)",Edge,C1-0.5a,1.6593345186690371,0.772363636,September,NA,NA,NA,NA
M2,CorteMadera,T1,0.5,b,2025-08-07,2025-09-05,2025,NA,1,0,0,0,0,0,0,0,0,0,Review,Scarped,East.facing,"Late_Dry
(Months 1-3)",Edge,C1-0.5b,1.6684785369570738,0.783272727,September,NA,NA,NA,NA
M2,CorteMadera,T1,0.5,c,2025-08-07,2025-09-05,2025,0.854662271,1,0,0,0,0,0,0,0,0,0,Review,Scarped,East.facing,"Late_Dry
(Months 1-3)",Edge,C1-0.5c,1.6614681229362456,0.774909091,September,NA,NA,NA,NA
M2,CorteMadera,T1,2,a,2025-08-07,2025-09-05,2025,5.364517577,1,0,0,0,0,0,0,0,0,0,Review,Scarped,East.facing,"Late_Dry
(Months 1-3)",Edge,C1-2a,1.6462280924561847,0.756727273,September,NA,NA,NA,NA
M2,CorteMadera,T1,2,b,2025-08-07,2025-09-05,2025,1.319746125,0,0,0,0,0,0,0,0,0,0,OK,Scarped,East.facing,"Late_Dry
(Months 1-3)",Edge,C1-2b,1.6480568961137922,0.758909091,September,NA,NA,NA,NA
M2,CorteMadera,T1,2,c,2025-08-07,2025-09-05,2025,11.56138366,1,0,0,0,0,0,0,0,0,0,Review,Scarped,East.facing,"Late_Dry
(Months 1-3)",Edge,C1-2c,1.6462280924561847,0.756727273,September,NA,NA,NA,NA
M2,CorteMadera,T1,6,a,2025-08-07,2025-09-05,2025,1.791478938,0,0,0,0,0,0,0,0,0,0,OK,Scarped,East.facing,"Late_Dry
(Months 1-3)",Edge,C1-6a,1.664516129032258,0.778545455,September,NA,NA,NA,NA
M2,CorteMadera,T1,6,b,2025-08-07,2025-09-05,2025,1.294324697,1,0,0,0,0,0,0,0,0,0,Review,Scarped,East.facing,"Late_Dry
(Months 1-3)",Edge,C1-6b,1.6620777241554483,0.775636364,September,NA,NA,NA,NA
M2,CorteMadera,T1,6,c,2025-08-07,2025-09-05,2025,2.442733648,1,0,0,0,0,0,0,0,0,0,Review,Scarped,East.facing,"Late_Dry
(Months 1-3)",Edge,C1-6c,1.6529337058674116,0.764727273,September,NA,NA,NA,NA
M2,CorteMadera,T1,12,a,2025-08-07,2025-09-05,2025,6.042115175,0,0,0,0,0,0,0,0,0,0,OK,Scarped,East.facing,"Late_Dry
(Months 1-3)",Platform,C1-12a,1.6413512827025651,0.750909091,September,NA,NA,NA,NA
M2,CorteMadera,T1,12,b,2025-08-07,2025-09-05,2025,2.202901354,1,0,0,0,0,0,0,0,0,0,Review,Scarped,East.facing,"Late_Dry
(Months 1-3)",Platform,C1-12b,1.6447040894081788,0.754909091,September,NA,NA,NA,NA
M2,CorteMadera,T1,12,c,2025-08-07,2025-09-05,2025,4.593906823,1,0,0,0,0,0,0,0,0,0,Review,Scarped,East.facing,"Late_Dry
(Months 1-3)",Platform,C1-12c,1.659029718059436,0.772,September,NA,NA,NA,NA
M2,CorteMadera,T1,24,a,2025-08-07,2025-09-05,2025,3.058051457,0,0,0,0,0,0,0,0,0,0,OK,Scarped,East.facing,"Late_Dry
(Months 1-3)",Platform,C1-24a,1.7199898399796798,0.844727273,September,NA,NA,NA,NA
M2,CorteMadera,T1,24,b,2025-08-07,2025-09-05,2025,5.552441013,1,0,0,0,0,0,0,0,0,0,Review,Scarped,East.facing,"Late_Dry
(Months 1-3)",Platform,C1-24b,1.7184658369316737,0.842909091,September,NA,NA,NA,NA
M2,CorteMadera,T1,24,c,2025-08-07,2025-09-05,2025,3.42392489,0,0,0,0,0,0,0,0,0,0,OK,Scarped,East.facing,"Late_Dry
(Months 1-3)",Platform,C1-24c,1.7141986283972566,0.837818182,September,NA,NA,NA,NA
M2,CorteMadera,T1,48,a,2025-08-07,2025-09-05,2025,1.347335692,0,0,0,0,0,0,0,0,0,0,OK,Scarped,East.facing,"Late_Dry
(Months 1-3)",Upland,C1-48a,1.732486665,0.859636364,September,NA,NA,NA,NA
M2,CorteMadera,T1,48,b,2025-08-07,2025-09-05,2025,3.204346626,0,0,0,0,0,0,0,0,0,0,OK,Scarped,East.facing,"Late_Dry
(Months 1-3)",Upland,C1-48b,1.7108458216916431,0.833818182,September,NA,NA,NA,NA
M2,CorteMadera,T1,48,c,2025-08-07,2025-09-05,2025,1.256544877,0,0,0,0,0,0,0,0,0,0,OK,Scarped,East.facing,"Late_Dry
(Months 1-3)",Upland,C1-48c,1.7065786131572265,0.828727273,September,NA,NA,NA,NA
M2,CorteMadera,T2,0.5,a,2025-08-07,2025-09-05,2025,2.333351042,0,0,0,0,0,0,0,0,0,0,OK,Scarped,East.facing,"Late_Dry
(Months 1-3)",Edge,C2-0.5a,1.621234442468885,0.726909091,September,NA,NA,NA,NA
M2,CorteMadera,T2,0.5,b,2025-08-07,2025-09-05,2025,1.196704244,0,0,0,0,0,0,0,0,0,0,OK,Scarped,East.facing,"Late_Dry
(Months 1-3)",Edge,C2-0.5b,1.6392176784353567,0.748363636,September,NA,NA,NA,NA
M2,CorteMadera,T2,0.5,c,2025-08-07,2025-09-05,2025,1.922109304,1,0,0,0,0,0,0,0,0,0,Review,Scarped,East.facing,"Late_Dry
(Months 1-3)",Edge,C2-0.5c,1.6495808991617982,0.760727273,September,NA,NA,NA,NA
M2,CorteMadera,T2,2,a,2025-08-07,2025-09-05,2025,0.809583051,0,0,0,0,0,0,0,0,0,0,OK,Scarped,East.facing,"Late_Dry
(Months 1-3)",Edge,C2-2a,1.656286512573025,0.768727273,September,NA,NA,NA,NA
M2,CorteMadera,T2,2,b,2025-08-07,2025-09-05,2025,3.451243439,1,0,0,0,0,0,0,0,0,0,Review,Scarped,East.facing,"Late_Dry
(Months 1-3)",Edge,C2-2b,1.6544577089154178,0.766545455,September,NA,NA,NA,NA
M2,CorteMadera,T2,2,c,2025-08-07,2025-09-05,2025,1.268686455,0,0,0,0,0,0,0,0,0,0,OK,Scarped,East.facing,"Late_Dry
(Months 1-3)",Edge,C2-2c,1.6556769113538228,0.768,September,NA,NA,NA,NA
M2,CorteMadera,T2,6,a,2025-08-07,2025-09-05,2025,1.465445056,0,0,0,0,0,0,0,0,0,0,OK,Scarped,East.facing,"Late_Dry
(Months 1-3)",Edge,C2-6a,1.6623825247650494,0.776,September,NA,NA,NA,NA
M2,CorteMadera,T2,6,b,2025-08-07,2025-09-05,2025,1.08108824,0,0,0,0,0,0,0,0,0,0,OK,Scarped,East.facing,"Late_Dry
(Months 1-3)",Edge,C2-6b,1.6727457454914911,0.788363636,September,NA,NA,NA,NA
M2,CorteMadera,T2,6,c,2025-08-07,2025-09-05,2025,1.471515845,0,0,0,0,0,0,0,0,0,0,OK,Scarped,East.facing,"Late_Dry
(Months 1-3)",Edge,C2-6c,1.6675641351282702,0.782181818,September,NA,NA,NA,NA
M2,CorteMadera,T2,12,a,2025-08-07,2025-09-05,2025,1.354111126,0,0,0,0,0,0,0,0,0,0,OK,Scarped,East.facing,"Late_Dry
(Months 1-3)",Platform,C2-12a,1.664820929641859,0.778909091,September,NA,NA,NA,NA
M2,CorteMadera,T2,12,b,2025-08-07,2025-09-05,2025,2.607385727,1,0,0,0,0,0,0,0,0,0,Review,Scarped,East.facing,"Late_Dry
(Months 1-3)",Platform,C2-12b,1.6651257302514604,0.779272727,September,NA,NA,NA,NA
M2,CorteMadera,T2,12,c,2025-08-07,2025-09-05,2025,1.417474984,0,0,0,0,0,0,0,0,0,0,OK,Scarped,East.facing,"Late_Dry
(Months 1-3)",Platform,C2-12c,1.6657353314706629,0.78,September,NA,NA,NA,NA
M2,CorteMadera,T2,24,a,2025-08-07,2025-09-05,2025,4.745622339,0,0,0,0,0,0,0,0,0,0,OK,Scarped,East.facing,"Late_Dry
(Months 1-3)",Platform,C2-24a,1.6794513589027176,0.796363636,September,NA,NA,NA,NA
M2,CorteMadera,T2,24,b,2025-08-07,2025-09-05,2025,5.605506212,0,0,0,0,0,0,0,0,0,0,OK,Scarped,East.facing,"Late_Dry
(Months 1-3)",Platform,C2-24b,1.6843281686563372,0.802181818,September,NA,NA,NA,NA
M2,CorteMadera,T2,24,c,2025-08-07,2025-09-05,2025,NA,1,0,0,0,0,0,0,0,0,0,Review,Scarped,East.facing,"Late_Dry
(Months 1-3)",Platform,C2-24c,1.6751841503683007,0.791272727,September,NA,NA,NA,NA
M2,CorteMadera,T2,48,a,2025-08-07,2025-09-05,2025,2.638950215,0,0,0,0,0,0,0,0,0,0,OK,Scarped,East.facing,"Late_Dry
(Months 1-3)",Upland,C2-48a,1.6794513589027176,0.796363636,September,NA,NA,NA,NA
M2,CorteMadera,T2,48,b,2025-08-07,2025-09-05,2025,6.839339834,0,0,0,0,0,0,0,0,0,0,OK,Scarped,East.facing,"Late_Dry
(Months 1-3)",Upland,C2-48b,1.6821945643891287,0.799636364,September,NA,NA,NA,NA
M2,CorteMadera,T2,48,c,2025-08-07,2025-09-05,2025,3.819989656,0,0,0,0,0,0,0,0,0,0,OK,Scarped,East.facing,"Late_Dry
(Months 1-3)",Upland,C2-48c,1.673050546101092,0.788727273,September,NA,NA,NA,NA
M2,SanPablo,T1,0.5,a,2025-08-08,2025-09-08,2025,61.00069876,1,0,0,0,0,0,0,0,0,0,Review,Ramped,South.facing,"Late_Dry
(Months 1-3)",Edge,S1-0.5a,1.706273812547625,0.771628722,September,NA,NA,NA,NA
M2,SanPablo,T1,0.5,b,2025-08-08,2025-09-08,2025,NA,1,0,0,0,0,0,0,0,0,0,Review,Ramped,South.facing,"Late_Dry
(Months 1-3)",Edge,S1-0.5b,1.722733045466091,0.790542907,September,NA,NA,NA,NA
M2,SanPablo,T1,0.5,c,2025-08-08,2025-09-08,2025,NA,1,0,0,0,0,0,0,0,0,1,Review,Ramped,South.facing,"Late_Dry
(Months 1-3)",Edge,S1-0.5c,1.723037846075692,0.79089317,September,NA,NA,NA,NA
M2,SanPablo,T1,2,a,2025-08-08,2025-09-08,2025,12.37816004,0,0,0,0,0,0,0,0,0,0,OK,Ramped,South.facing,"Late_Dry
(Months 1-3)",Edge,S1-2a,1.6913385826771654,0.754465849,September,NA,NA,NA,NA
M2,SanPablo,T1,2,b,2025-08-08,2025-09-08,2025,28.59662555,0,0,0,0,0,0,0,0,0,0,OK,Ramped,South.facing,"Late_Dry
(Months 1-3)",Edge,S1-2b,1.7202946405892812,0.787740806,September,NA,NA,NA,NA
M2,SanPablo,T1,2,c,2025-08-08,2025-09-08,2025,24.94170295,0,0,0,0,0,0,0,0,0,0,OK,Ramped,South.facing,"Late_Dry
(Months 1-3)",Edge,S1-2c,1.7550419100838202,0.827670753,September,NA,NA,NA,NA
M2,SanPablo,T1,6,a,2025-08-08,2025-09-08,2025,4.013569486,0,0,0,0,0,0,0,0,0,0,OK,Ramped,South.facing,"Late_Dry
(Months 1-3)",Edge,S1-6a,1.8266700533401063,0.909982487,September,NA,NA,NA,NA
M2,SanPablo,T1,6,b,2025-08-08,2025-09-08,2025,3.550771504,0,0,0,0,0,0,0,0,0,0,OK,Ramped,South.facing,"Late_Dry
(Months 1-3)",Edge,S1-6b,1.8254508509017016,0.908581436,September,NA,NA,NA,NA
M2,SanPablo,T1,6,c,2025-08-08,2025-09-08,2025,6.33587526,1,0,0,0,0,0,0,0,0,0,Review,Ramped,South.facing,"Late_Dry
(Months 1-3)",Edge,S1-6c,1.83002286004572,0.913835377,September,NA,NA,NA,NA
M2,SanPablo,T1,12,a,2025-08-08,2025-09-08,2025,1.978211645,0,0,0,0,0,0,0,0,0,0,OK,Ramped,South.facing,"Late_Dry
(Months 1-3)",Platform,S1-12a,1.877266954533909,0.968126095,September,NA,NA,NA,NA
M2,SanPablo,T1,12,b,2025-08-08,2025-09-08,2025,1.896675636,0,0,0,0,0,0,0,0,0,0,OK,Ramped,South.facing,"Late_Dry
(Months 1-3)",Platform,S1-12b,1.889763779527559,0.982486865,September,NA,NA,NA,NA
M2,SanPablo,T1,12,c,2025-08-08,2025-09-08,2025,2.225253584,0,0,0,0,0,0,0,0,0,0,OK,Ramped,South.facing,"Late_Dry
(Months 1-3)",Platform,S1-12c,1.8851917703835408,0.977232925,September,NA,NA,NA,NA
M2,SanPablo,T1,24,a,2025-08-08,2025-09-08,2025,2.02775187,0,0,0,0,0,0,0,0,0,0,OK,Ramped,South.facing,"Late_Dry
(Months 1-3)",Platform,S1-24a,1.9751079502159004,1.08056042,September,NA,NA,NA,NA
M2,SanPablo,T1,24,b,2025-08-08,2025-09-08,2025,2.154112402,0,0,0,0,0,0,0,0,0,0,OK,Ramped,South.facing,"Late_Dry
(Months 1-3)",Platform,S1-24b,1.984861569723139,1.091768827,September,NA,NA,NA,NA
M2,SanPablo,T1,24,c,2025-08-08,2025-09-08,2025,1.330740687,0,0,0,0,0,0,0,0,0,0,OK,Ramped,South.facing,"Late_Dry
(Months 1-3)",Platform,S1-24c,1.9751079502159004,1.08056042,September,NA,NA,NA,NA
M2,SanPablo,T1,48,a,2025-08-08,2025-09-08,2025,0.815715037,0,0,0,0,0,0,0,0,0,0,OK,Ramped,South.facing,"Late_Dry
(Months 1-3)",Upland,S1-48a,2.013208026416053,1.124343257,September,NA,NA,NA,NA
M2,SanPablo,T1,48,b,2025-08-08,2025-09-08,2025,1.973140998,0,0,0,0,0,0,0,0,0,0,OK,Ramped,South.facing,"Late_Dry
(Months 1-3)",Upland,S1-48b,2.0159512319024637,1.127495622,September,NA,NA,NA,NA
M2,SanPablo,T1,48,c,2025-08-08,2025-09-08,2025,1.074115225,0,0,0,0,0,0,0,0,0,0,OK,Ramped,South.facing,"Late_Dry
(Months 1-3)",Upland,S1-48c,2.0144272288544576,1.125744308,September,NA,NA,NA,NA
M2,SanPablo,T2,0.5,a,2025-08-08,2025-09-08,2025,4.539192789,1,0,0,0,0,0,0,0,0,0,Review,Ramped,South.facing,"Late_Dry
(Months 1-3)",Edge,S2-0.5a,1.727305054610109,0.795796848,September,NA,NA,NA,NA
M2,SanPablo,T2,0.5,b,2025-08-08,2025-09-08,2025,18.2150329,1,0,0,0,0,0,0,0,0,0,Review,Ramped,South.facing,"Late_Dry
(Months 1-3)",Edge,S2-0.5b,1.7297434594869188,0.798598949,September,NA,NA,NA,NA
M2,SanPablo,T2,0.5,c,2025-08-08,2025-09-08,2025,9.070982434,1,0,0,0,0,0,0,0,0,0,Review,Ramped,South.facing,"Late_Dry
(Months 1-3)",Edge,S2-0.5c,1.721818643637287,0.789492119,September,NA,NA,NA,NA
M2,SanPablo,T2,2,a,2025-08-08,2025-09-08,2025,61.06038028,0,0,0,0,0,0,0,0,0,0,OK,Ramped,South.facing,"Late_Dry
(Months 1-3)",Edge,S2-2a,1.7401066802133602,0.810507881,September,NA,NA,NA,NA
M2,SanPablo,T2,2,b,2025-08-08,2025-09-08,2025,30.66473977,0,0,0,0,0,0,0,0,0,0,OK,Ramped,South.facing,"Late_Dry
(Months 1-3)",Edge,S2-2b,1.751993903987808,0.824168126,September,NA,NA,NA,NA
M2,SanPablo,T2,2,c,2025-08-08,2025-09-08,2025,24.38377962,0,0,0,0,0,0,0,0,0,0,OK,Ramped,South.facing,"Late_Dry
(Months 1-3)",Edge,S2-2c,1.750469900939802,0.822416813,September,NA,NA,NA,NA
M2,SanPablo,T2,6,a,2025-08-08,2025-09-08,2025,2.192852147,1,0,0,0,0,0,0,0,0,0,Review,Ramped,South.facing,"Late_Dry
(Months 1-3)",Edge,S2-6a,1.8239268478536956,0.906830123,September,NA,NA,NA,NA
M2,SanPablo,T2,6,b,2025-08-08,2025-09-08,2025,4.421705891,1,0,0,0,0,0,0,0,0,0,Review,Ramped,South.facing,"Late_Dry
(Months 1-3)",Edge,S2-6b,1.8135636271272544,0.894921191,September,NA,NA,NA,NA
M2,SanPablo,T2,6,c,2025-08-08,2025-09-08,2025,6.49935293,0,0,0,0,0,0,0,0,0,0,OK,Ramped,South.facing,"Late_Dry
(Months 1-3)",Edge,S2-6c,1.8083820167640337,0.888966725,September,NA,NA,NA,NA
M2,SanPablo,T2,12,a,2025-08-08,2025-09-08,2025,3.04127286,0,0,0,0,0,0,0,0,0,0,OK,Ramped,South.facing,"Late_Dry
(Months 1-3)",Platform,S2-12a,1.899517399034798,0.993695271,September,NA,NA,NA,NA
M2,SanPablo,T2,12,b,2025-08-08,2025-09-08,2025,3.9949095039999998,0,0,0,0,0,0,0,0,0,0,OK,Ramped,South.facing,"Late_Dry
(Months 1-3)",Platform,S2-12b,1.8912877825755652,0.984238179,September,NA,NA,NA,NA
M2,SanPablo,T2,12,c,2025-08-08,2025-09-08,2025,NA,1,0,0,0,0,0,0,0,0,0,Review,Ramped,South.facing,"Late_Dry
(Months 1-3)",Platform,S2-12c,1.8836677673355344,0.975481611,September,NA,NA,NA,NA
M2,SanPablo,T2,24,a,2025-08-08,2025-09-08,2025,NA,1,0,0,0,0,0,0,0,0,0,Review,Ramped,South.facing,"Late_Dry
(Months 1-3)",Platform,S2-24a,2.0001016002032004,1.109281961,September,NA,NA,NA,NA
M2,SanPablo,T2,24,b,2025-08-08,2025-09-08,2025,NA,1,0,0,0,0,0,0,0,0,0,Review,Ramped,South.facing,"Late_Dry
(Months 1-3)",Platform,S2-24b,1.9979679959359915,1.106830123,September,NA,NA,NA,NA
M2,SanPablo,T2,24,c,2025-08-08,2025-09-08,2025,NA,1,0,0,0,0,0,0,0,0,0,Review,Ramped,South.facing,"Late_Dry
(Months 1-3)",Platform,S2-24c,1.9915671831343664,1.099474606,September,NA,NA,NA,NA
M2,SanPablo,T2,48,a,2025-08-08,2025-09-08,2025,2.252178721,0,0,0,0,0,0,0,0,0,0,OK,Ramped,South.facing,"Late_Dry
(Months 1-3)",Upland,S2-48a,2.0138176276352553,1.125043783,September,NA,NA,NA,NA
M2,SanPablo,T2,48,b,2025-08-08,2025-09-08,2025,3.409655389,0,0,0,0,0,0,0,0,0,0,OK,Ramped,South.facing,"Late_Dry
(Months 1-3)",Upland,S2-48b,2.022961645923292,1.135551664,September,NA,NA,NA,NA
M2,SanPablo,T2,48,c,2025-08-08,2025-09-08,2025,2.236206182,0,0,0,0,0,0,0,0,0,0,OK,Ramped,South.facing,"Late_Dry
(Months 1-3)",Upland,S2-48c,2.0205232410464817,1.132749562,September,NA,NA,NA,NA
M3,Buck'sLanding,T1,0.5,a,2025-09-03,2025-10-08,2025,7.780863427,0,0,0,0,0,0,0,0,0,0,OK,Ramped,East.facing,"Late_Dry
(Months 1-3)",Edge,B1-0.5a,1.6544577089154178,0.743807502,October,NA,NA,NA,NA
M3,Buck'sLanding,T1,0.5,b,2025-09-03,2025-10-08,2025,7.164947831,0,0,0,0,0,0,0,0,0,0,OK,Ramped,East.facing,"Late_Dry
(Months 1-3)",Edge,B1-0.5b,1.6599441198882396,0.750176929,October,NA,NA,NA,NA
M3,Buck'sLanding,T1,0.5,c,2025-09-03,2025-10-08,2025,5.316976487,0,0,0,0,0,0,0,0,0,0,OK,Ramped,East.facing,"Late_Dry
(Months 1-3)",Edge,B1-0.5c,1.6611633223266449,0.751592357,October,NA,NA,NA,NA
M3,Buck'sLanding,T1,2,a,2025-09-03,2025-10-08,2025,2.349138191,0,0,0,0,0,0,0,0,0,0,OK,Ramped,East.facing,"Late_Dry
(Months 1-3)",Edge,B1-2a,1.7718059436118871,0.880042463,October,NA,NA,NA,NA
M3,Buck'sLanding,T1,2,b,2025-09-03,2025-10-08,2025,1.993753904,0,0,0,0,0,0,0,0,0,0,OK,Ramped,East.facing,"Late_Dry
(Months 1-3)",Edge,B1-2b,1.7794259588519177,0.888888889,October,NA,NA,NA,NA
M3,Buck'sLanding,T1,2,c,2025-09-03,2025-10-08,2025,1.665226663,0,0,0,0,0,0,0,0,0,0,OK,Ramped,East.facing,"Late_Dry
(Months 1-3)",Edge,B1-2c,1.7669291338582676,0.87438075,October,NA,NA,NA,NA
M3,Buck'sLanding,T1,6,a,2025-09-03,2025-10-08,2025,3.068080648,0,0,0,0,0,0,0,0,0,0,OK,Ramped,East.facing,"Late_Dry
(Months 1-3)",Edge,B1-6a,1.8138684277368553,0.928874735,October,NA,NA,NA,NA
M3,Buck'sLanding,T1,6,b,2025-09-03,2025-10-08,2025,4.850571101,0,0,0,0,0,0,0,0,0,0,OK,Ramped,East.facing,"Late_Dry
(Months 1-3)",Edge,B1-6b,1.806248412496825,0.920028309,October,NA,NA,NA,NA
M3,Buck'sLanding,T1,6,c,2025-09-03,2025-10-08,2025,4.885871499,0,0,0,0,0,0,0,0,0,0,OK,Ramped,East.facing,"Late_Dry
(Months 1-3)",Edge,B1-6c,1.8053340106680211,0.918966737,October,NA,NA,NA,NA
M3,Buck'sLanding,T1,12,a,2025-09-03,2025-10-08,2025,1.480775347,0,0,0,0,0,0,0,0,0,0,OK,Ramped,East.facing,"Late_Dry
(Months 1-3)",Platform,B1-12a,1.8483108966217932,0.96886058,October,NA,NA,NA,NA
M3,Buck'sLanding,T1,12,b,2025-09-03,2025-10-08,2025,1.304273357,0,0,0,0,0,0,0,0,0,0,OK,Ramped,East.facing,"Late_Dry
(Months 1-3)",Platform,B1-12b,1.8461772923545847,0.966383581,October,NA,NA,NA,NA
M3,Buck'sLanding,T1,12,c,2025-09-03,2025-10-08,2025,1.283928471,0,0,0,0,0,0,0,0,0,0,OK,Ramped,East.facing,"Late_Dry
(Months 1-3)",Platform,B1-12c,1.8428244856489713,0.962491154,October,NA,NA,NA,NA
M3,Buck'sLanding,T1,18,a,2025-09-03,2025-10-08,2025,1.582993802,0,0,0,0,0,0,0,0,0,0,OK,Ramped,East.facing,"Late_Dry
(Months 1-3)",Platform,B1-18a,1.8736093472186943,0.998230715,October,NA,NA,NA,NA
M3,Buck'sLanding,T1,18,b,2025-09-03,2025-10-08,2025,1.446373178,0,0,0,0,0,0,0,0,0,0,OK,Ramped,East.facing,"Late_Dry
(Months 1-3)",Platform,B1-18b,1.8745237490474984,0.999292286,October,NA,NA,NA,NA
M3,Buck'sLanding,T1,18,c,2025-09-03,2025-10-08,2025,1.187952707,0,0,0,0,0,0,0,0,0,0,OK,Ramped,East.facing,"Late_Dry
(Months 1-3)",Platform,B1-18c,1.8806197612395223,1.006369427,October,NA,NA,NA,NA
M3,Buck'sLanding,T1,24,a,2025-09-03,2025-10-08,2025,1.15453859,0,0,0,0,0,0,0,0,0,0,OK,Ramped,East.facing,"Late_Dry
(Months 1-3)",Platform,B1-24a,1.8641605283210565,0.987261146,October,NA,NA,NA,NA
M3,Buck'sLanding,T1,24,b,2025-09-03,2025-10-08,2025,1.439456815,0,0,0,0,0,0,0,0,0,0,OK,Ramped,East.facing,"Late_Dry
(Months 1-3)",Platform,B1-24b,1.869037338074676,0.992922859,October,NA,NA,NA,NA
M3,Buck'sLanding,T1,24,c,2025-09-03,2025-10-08,2025,1.410354196,0,0,0,0,0,0,0,0,0,0,OK,Ramped,East.facing,"Late_Dry
(Months 1-3)",Platform,B1-24c,1.8714757429514857,0.995753715,October,NA,NA,NA,NA
M3,Buck'sLanding,T1,48,a,2025-09-03,2025-10-08,2025,1.885292757,0,0,0,0,0,0,0,0,0,0,OK,Ramped,East.facing,"Late_Dry
(Months 1-3)",Upland,B1-48a,1.856845313690627,0.978768577,October,NA,NA,NA,NA
M3,Buck'sLanding,T1,48,b,2025-09-03,2025-10-08,2025,1.81060502,0,0,0,0,0,1,0,0,0,0,Review,Ramped,East.facing,"Late_Dry
(Months 1-3)",Upland,B1-48b,1.850749301498603,0.971691437,October,NA,NA,NA,NA
M3,Buck'sLanding,T1,48,c,2025-09-03,2025-10-08,2025,2.232368426,0,0,0,0,0,0,0,0,0,0,OK,Ramped,East.facing,"Late_Dry
(Months 1-3)",Upland,B1-48c,1.8516637033274064,0.972753008,October,NA,NA,NA,NA
M3,Buck'sLanding,T2,0.5,a,2025-09-03,2025-10-08,2025,8.378320417,1,0,0,0,0,1,0,0,0,0,Review,Ramped,East.facing,"Late_Dry
(Months 1-3)",Edge,B2-0.5a,1.6338836677673354,0.7199221515,October,NA,NA,NA,NA
M3,Buck'sLanding,T2,0.5,b,2025-09-03,2025-10-08,2025,8.805652843,0,0,0,0,0,0,0,0,0,0,OK,Ramped,East.facing,"Late_Dry
(Months 1-3)",Edge,B2-0.5b,1.6431800863601729,0.730714791,October,NA,NA,NA,NA
M3,Buck'sLanding,T2,0.5,c,2025-09-03,2025-10-08,2025,5.038660245,0,0,0,0,0,0,0,0,0,0,OK,Ramped,East.facing,"Late_Dry
(Months 1-3)",Edge,B2-0.5c,1.6407416814833629,0.727883935,October,NA,NA,NA,NA
M3,Buck'sLanding,T2,2,a,2025-09-03,2025-10-08,2025,2.109266148,0,0,0,0,0,0,0,0,0,0,OK,Ramped,East.facing,"Late_Dry
(Months 1-3)",Edge,B2-2a,1.773329946659893,0.881811748,October,NA,NA,NA,NA
M3,Buck'sLanding,T2,2,b,2025-09-03,2025-10-08,2025,1.865352075,0,0,0,0,0,0,0,0,0,0,OK,Ramped,East.facing,"Late_Dry
(Months 1-3)",Edge,B2-2b,1.7654051308102614,0.872611465,October,NA,NA,NA,NA
M3,Buck'sLanding,T2,2,c,2025-09-03,2025-10-08,2025,2.00044571,0,0,0,0,0,0,0,0,0,0,OK,Ramped,East.facing,"Late_Dry
(Months 1-3)",Edge,B2-2c,1.7696723393446787,0.877565464,October,NA,NA,NA,NA
M3,Buck'sLanding,T2,6,a,2025-09-03,2025-10-08,2025,3.617617123,0,0,0,0,0,0,0,0,0,0,OK,Ramped,East.facing,"Late_Dry
(Months 1-3)",Edge,B2-6a,1.843738887477775,0.963552725,October,NA,NA,NA,NA
M3,Buck'sLanding,T2,6,b,2025-09-03,2025-10-08,2025,4.067270539,0,0,0,0,0,0,0,0,0,0,OK,Ramped,East.facing,"Late_Dry
(Months 1-3)",Edge,B2-6b,1.8394716789433576,0.958598726,October,NA,NA,NA,NA
M3,Buck'sLanding,T2,6,c,2025-09-03,2025-10-08,2025,2.91771712,0,0,0,0,0,0,0,0,0,0,OK,Ramped,East.facing,"Late_Dry
(Months 1-3)",Edge,B2-6c,1.8376428752857503,0.956475584,October,NA,NA,NA,NA
M3,Buck'sLanding,T2,12,a,2025-09-03,2025-10-08,2025,2.516792625,0,0,0,0,0,0,0,0,0,0,OK,Ramped,East.facing,"Late_Dry
(Months 1-3)",Platform,B2-12a,1.84008128016256,0.95930644,October,NA,NA,NA,NA
M3,Buck'sLanding,T2,12,b,2025-09-03,2025-10-08,2025,3.128306899,0,0,0,0,0,0,0,0,0,0,OK,Ramped,East.facing,"Late_Dry
(Months 1-3)",Platform,B2-12b,1.835814071628143,0.954352442,October,NA,NA,NA,NA
M3,Buck'sLanding,T2,12,c,2025-09-03,2025-10-08,2025,2.343973374,0,0,0,0,0,0,0,0,0,0,OK,Ramped,East.facing,"Late_Dry
(Months 1-3)",Platform,B2-12c,1.822098044196088,0.938428875,October,NA,NA,NA,NA
M3,Buck'sLanding,T2,24,a,2025-09-03,2025-10-08,2025,1.595569007,0,0,0,0,0,0,0,0,0,0,OK,Ramped,East.facing,"Late_Dry
(Months 1-3)",Platform,B2-24a,1.8266700533401063,0.94373673,October,NA,NA,NA,NA
M3,Buck'sLanding,T2,24,b,2025-09-03,2025-10-08,2025,1.370832122,0,0,0,0,0,0,0,0,0,0,OK,Ramped,East.facing,"Late_Dry
(Months 1-3)",Platform,B2-24b,1.8294132588265175,0.946921444,October,NA,NA,NA,NA
M3,Buck'sLanding,T2,24,c,2025-09-03,2025-10-08,2025,1.668325553,0,0,0,0,0,0,0,0,0,0,OK,Ramped,East.facing,"Late_Dry
(Months 1-3)",Platform,B2-24c,1.8446532893065783,0.964614296,October,NA,NA,NA,NA
M3,Buck'sLanding,T2,48,a,2025-09-03,2025-10-08,2025,1.952210815,0,0,0,0,0,0,0,0,0,0,OK,Ramped,East.facing,"Late_Dry
(Months 1-3)",Upland,B2-48a,1.8416052832105665,0.961075725,October,NA,NA,NA,NA
M3,Buck'sLanding,T2,48,b,2025-09-03,2025-10-08,2025,2.045581715,0,0,0,0,0,0,0,0,0,0,OK,Ramped,East.facing,"Late_Dry
(Months 1-3)",Upland,B2-48b,1.8525781051562105,0.973814579,October,NA,NA,NA,NA
M3,Buck'sLanding,T2,48,c,2025-09-03,2025-10-08,2025,2.62363696,0,0,0,0,0,0,0,0,0,0,OK,Ramped,East.facing,"Late_Dry
(Months 1-3)",Upland,B2-48c,1.849530099060198,0.970276008,October,NA,NA,NA,NA
M3,GiantMarsh,T1,0.5,a,2025-09-06,2025-10-07,2025,2.202283551,0,0,0,0,0,0,0,0,0,0,OK,Scarped,West.facing,"Late_Dry
(Months 1-3)",Edge,G1-0.5a,2.067462535,1.195887069,October,NA,NA,NA,NA
M3,GiantMarsh,T1,0.5,b,2025-09-06,2025-10-07,2025,2.172316026,0,1,0,0,0,0,0,0,0,0,Review,Scarped,West.facing,"Late_Dry
(Months 1-3)",Edge,G1-0.5b,2.066243332486665,1.194492855,October,NA,NA,NA,NA
M3,GiantMarsh,T1,0.5,c,2025-09-06,2025-10-07,2025,2.235141346,0,0,0,0,0,0,0,0,0,0,OK,Scarped,West.facing,"Late_Dry
(Months 1-3)",Edge,G1-0.5c,2.0574041148082296,1.184384803,October,NA,NA,NA,NA
M3,GiantMarsh,T1,2,a,2025-09-06,2025-10-07,2025,2.836773653,0,0,0,0,0,0,0,0,0,0,OK,Scarped,West.facing,"Late_Dry
(Months 1-3)",Edge,G1-2a,2.0183896367792733,1.139769955,October,NA,NA,NA,NA
M3,GiantMarsh,T1,2,b,2025-09-06,2025-10-07,2025,31.50377978,0,0,0,0,0,0,0,0,0,0,OK,Scarped,West.facing,"Late_Dry
(Months 1-3)",Edge,G1-2b,2.019304038608077,1.140815615,October,NA,NA,NA,NA
M3,GiantMarsh,T1,2,c,2025-09-06,2025-10-07,2025,61.89211857,0,0,0,0,0,0,0,0,0,0,OK,Scarped,West.facing,"Late_Dry
(Months 1-3)",Edge,G1-2c,2.0189992379984756,1.140467062,October,NA,NA,NA,NA
M3,GiantMarsh,T1,6,a,2025-09-06,2025-10-07,2025,5.843109752,0,0,0,0,0,0,0,0,0,0,OK,Scarped,West.facing,"Late_Dry
(Months 1-3)",Edge,G1-6a,1.9723647447294896,1.087138376,October,NA,NA,NA,NA
M3,GiantMarsh,T1,6,b,2025-09-06,2025-10-07,2025,6.910734549,0,0,0,0,0,0,0,0,0,0,OK,Scarped,West.facing,"Late_Dry
(Months 1-3)",Edge,G1-6b,1.9793751587503172,1.095155106,October,NA,NA,NA,NA
M3,GiantMarsh,T1,6,c,2025-09-06,2025-10-07,2025,6.2030243,0,0,0,0,0,0,0,0,0,0,OK,Scarped,West.facing,"Late_Dry
(Months 1-3)",Edge,G1-6c,1.9763271526543051,1.091669571,October,NA,NA,NA,NA
M3,GiantMarsh,T1,12,a,2025-09-06,2025-10-07,2025,4.274961357,0,0,0,0,0,0,0,0,0,0,OK,Scarped,West.facing,"Late_Dry
(Months 1-3)",Platform,G1-12a,1.9418846837693675,1.052283025,October,NA,NA,NA,NA
M3,GiantMarsh,T1,12,b,2025-09-06,2025-10-07,2025,3.935785756,0,0,0,0,0,0,0,0,0,0,OK,Scarped,West.facing,"Late_Dry
(Months 1-3)",Platform,G1-12b,1.9495046990093976,1.060996863,October,NA,NA,NA,NA
M3,GiantMarsh,T1,12,c,2025-09-06,2025-10-07,2025,3.468322778,0,0,0,0,0,0,0,0,0,0,OK,Scarped,West.facing,"Late_Dry
(Months 1-3)",Platform,G1-12c,1.9577343154686309,1.070407808,October,NA,NA,NA,NA
M3,GiantMarsh,T1,24,a,2025-09-06,2025-10-07,2025,1.776552001,0,0,0,0,0,0,0,0,0,0,OK,Scarped,West.facing,"Late_Dry
(Months 1-3)",Platform,G1-24a,1.94005588011176,1.050191704,October,NA,NA,NA,NA
M3,GiantMarsh,T1,24,b,2025-09-06,2025-10-07,2025,1.747243659,0,0,0,0,0,0,0,0,0,0,OK,Scarped,West.facing,"Late_Dry
(Months 1-3)",Platform,G1-24b,1.9467614935229869,1.057859881,October,NA,NA,NA,NA
M3,GiantMarsh,T1,24,c,2025-09-06,2025-10-07,2025,2.202841322,0,0,0,0,0,0,0,0,0,0,OK,Scarped,West.facing,"Late_Dry
(Months 1-3)",Platform,G1-24c,1.952247904495809,1.064133845,October,NA,NA,NA,NA
M3,GiantMarsh,T1,48,a,2025-09-06,2025-10-07,2025,2.495924739,0,0,0,0,0,0,0,0,0,0,OK,Scarped,West.facing,"Late_Dry
(Months 1-3)",Upland,G1-48a,1.8736093472186943,0.974207041,October,NA,NA,NA,NA
M3,GiantMarsh,T1,48,b,2025-09-06,2025-10-07,2025,2.32078458,0,0,0,0,0,0,0,0,0,0,OK,Scarped,West.facing,"Late_Dry
(Months 1-3)",Upland,G1-48b,1.8595885191770385,0.95817358,October,NA,NA,NA,NA
M3,GiantMarsh,T1,48,c,2025-09-06,2025-10-07,2025,1.998697061,0,0,0,0,0,0,0,0,0,0,OK,Scarped,West.facing,"Late_Dry
(Months 1-3)",Upland,G1-48c,1.886106172212344,0.988497734,October,NA,NA,NA,NA
M3,GiantMarsh,T2,0.5,a,2025-09-06,2025-10-07,2025,611.2994449,0,0,0,0,0,0,0,0,0,0,OK,Scarped,West.facing,"Late_Dry
(Months 1-3)",Edge,G2-0.5a,2.0357632715265432,1.159637504,October,NA,NA,NA,NA
M3,GiantMarsh,T2,0.5,b,2025-09-06,2025-10-07,2025,1234.412078,0,0,0,0,0,0,0,0,0,0,OK,Scarped,West.facing,"Late_Dry
(Months 1-3)",Edge,G2-0.5b,2.041249682499365,1.165911467,October,NA,NA,NA,NA
M3,GiantMarsh,T2,0.5,c,2025-09-06,2025-10-07,2025,978.2368395,0,0,0,0,0,0,0,0,0,0,OK,Scarped,West.facing,"Late_Dry
(Months 1-3)",Edge,G2-0.5c,2.0519177038354077,1.17811084,October,NA,NA,NA,NA
M3,GiantMarsh,T2,2,a,2025-09-06,2025-10-07,2025,47.65074916,0,0,0,0,0,0,0,0,0,0,OK,Scarped,West.facing,"Late_Dry
(Months 1-3)",Edge,G2-2a,2.0616713233426465,1.189264552,October,NA,NA,NA,NA
M3,GiantMarsh,T2,2,b,2025-09-06,2025-10-07,2025,178.9319891,0,0,0,0,0,0,0,0,0,0,OK,Scarped,West.facing,"Late_Dry
(Months 1-3)",Edge,G2-2b,2.054051308102616,1.180550715,October,NA,NA,NA,NA
M3,GiantMarsh,T2,2,c,2025-09-06,2025-10-07,2025,16.56879653,0,1,0,0,0,0,0,0,0,0,Review,Scarped,West.facing,"Late_Dry
(Months 1-3)",Edge,G2-2c,2.0564897129794257,1.183339143,October,NA,NA,NA,NA
M3,GiantMarsh,T2,6,a,2025-09-06,2025-10-07,2025,6.442003909,0,0,0,0,0,0,0,0,0,0,OK,Scarped,West.facing,"Late_Dry
(Months 1-3)",Edge,G2-6a,1.9406654813309625,1.050888811,October,NA,NA,NA,NA
M3,GiantMarsh,T2,6,b,2025-09-06,2025-10-07,2025,7.085367643,0,0,0,0,0,0,0,0,0,0,OK,Scarped,West.facing,"Late_Dry
(Months 1-3)",Edge,G2-6b,1.9434086868173737,1.054025793,October,NA,NA,NA,NA
M3,GiantMarsh,T2,6,c,2025-09-06,2025-10-07,2025,8.272254065,0,0,0,0,0,0,0,0,0,0,OK,Scarped,West.facing,"Late_Dry
(Months 1-3)",Edge,G2-6c,1.9473710947421896,1.058556988,October,NA,NA,NA,NA
M3,GiantMarsh,T2,12,a,2025-09-06,2025-10-07,2025,3.122910282,0,0,0,0,0,0,0,0,0,0,OK,Scarped,West.facing,"Late_Dry
(Months 1-3)",Platform,G2-12a,1.9333502667005331,1.042523527,October,NA,NA,NA,NA
M3,GiantMarsh,T2,12,b,2025-09-06,2025-10-07,2025,2.800670643,0,0,0,0,0,0,0,0,0,0,OK,Scarped,West.facing,"Late_Dry
(Months 1-3)",Platform,G2-12b,1.9354838709677415,1.044963402,October,NA,NA,NA,NA
M3,GiantMarsh,T2,12,c,2025-09-06,2025-10-07,2025,2.912681243,0,0,0,0,0,0,0,0,0,0,OK,Scarped,West.facing,"Late_Dry
(Months 1-3)",Platform,G2-12c,1.9318262636525272,1.04078076,October,NA,NA,NA,NA
M3,GiantMarsh,T2,24,a,2025-09-06,2025-10-07,2025,0.949782953,0,0,0,0,0,0,0,0,0,0,OK,Scarped,West.facing,"Late_Dry
(Months 1-3)",Platform,G2-24a,1.9357886715773431,1.045311955,October,NA,NA,NA,NA
M3,GiantMarsh,T2,24,b,2025-09-06,2025-10-07,2025,1.008095397,0,0,0,0,0,0,0,0,0,0,OK,Scarped,West.facing,"Late_Dry
(Months 1-3)",Platform,G2-24b,1.9406654813309625,1.050888811,October,NA,NA,NA,NA
M3,GiantMarsh,T2,24,c,2025-09-06,2025-10-07,2025,0.989131176,0,0,0,0,0,0,0,0,0,0,OK,Scarped,West.facing,"Late_Dry
(Months 1-3)",Platform,G2-24c,1.9354838709677415,1.044963402,October,NA,NA,NA,NA
M3,GiantMarsh,T2,48,a,2025-09-06,2025-10-07,2025,1.725287756,0,0,0,0,0,0,0,0,0,0,OK,Scarped,West.facing,"Late_Dry
(Months 1-3)",Upland,G2-48a,1.8733045466090932,0.973858487,October,NA,NA,NA,NA
M3,GiantMarsh,T2,48,b,2025-09-06,2025-10-07,2025,1.1647784,0,0,0,0,0,0,0,0,0,0,OK,Scarped,West.facing,"Late_Dry
(Months 1-3)",Upland,G2-48b,1.897078994157988,1.001045661,October,NA,NA,NA,NA
M3,GiantMarsh,T2,48,c,2025-09-06,2025-10-07,2025,1.382866942,0,0,0,0,0,0,0,0,0,0,OK,Scarped,West.facing,"Late_Dry
(Months 1-3)",Upland,G2-48c,1.8836677673355344,0.985709306,October,NA,NA,NA,NA
M3,CorteMadera,T1,0.5,a,2025-09-05,2025-10-03,2025,1.958756658,0,0,0,0,0,0,0,0,0,0,OK,Scarped,East.facing,"Late_Dry
(Months 1-3)",Edge,C1-0.5a,1.6593345186690371,0.772363636,October,NA,NA,NA,NA
M3,CorteMadera,T1,0.5,b,2025-09-05,2025-10-03,2025,2.01882572,0,0,0,0,0,0,0,0,0,0,OK,Scarped,East.facing,"Late_Dry
(Months 1-3)",Edge,C1-0.5b,1.6684785369570738,0.783272727,October,NA,NA,NA,NA
M3,CorteMadera,T1,0.5,c,2025-09-05,2025-10-03,2025,5.480880816,1,0,0,0,0,0,0,0,0,0,Review,Scarped,East.facing,"Late_Dry
(Months 1-3)",Edge,C1-0.5c,1.6614681229362456,0.774909091,October,NA,NA,NA,NA
M3,CorteMadera,T1,2,a,2025-09-05,2025-10-03,2025,6.100939492,1,0,0,0,0,0,0,0,0,0,Review,Scarped,East.facing,"Late_Dry
(Months 1-3)",Edge,C1-2a,1.6462280924561847,0.756727273,October,NA,NA,NA,NA
M3,CorteMadera,T1,2,b,2025-09-05,2025-10-03,2025,2.565061204,0,0,0,0,0,0,0,0,0,0,OK,Scarped,East.facing,"Late_Dry
(Months 1-3)",Edge,C1-2b,1.6480568961137922,0.758909091,October,NA,NA,NA,NA
M3,CorteMadera,T1,2,c,2025-09-05,2025-10-03,2025,6.156292852,0,0,0,0,0,0,0,0,0,0,OK,Scarped,East.facing,"Late_Dry
(Months 1-3)",Edge,C1-2c,1.6462280924561847,0.756727273,October,NA,NA,NA,NA
M3,CorteMadera,T1,6,a,2025-09-05,2025-10-03,2025,5.74978811,0,0,0,0,0,0,0,0,0,0,OK,Scarped,East.facing,"Late_Dry
(Months 1-3)",Edge,C1-6a,1.664516129032258,0.778545455,October,NA,NA,NA,NA
M3,CorteMadera,T1,6,b,2025-09-05,2025-10-03,2025,6.00028171,0,0,0,0,0,0,0,0,0,0,OK,Scarped,East.facing,"Late_Dry
(Months 1-3)",Edge,C1-6b,1.6620777241554483,0.775636364,October,NA,NA,NA,NA
M3,CorteMadera,T1,6,c,2025-09-05,2025-10-03,2025,14.63349705,1,0,0,0,0,0,0,0,0,0,Review,Scarped,East.facing,"Late_Dry
(Months 1-3)",Edge,C1-6c,1.6529337058674116,0.764727273,October,NA,NA,NA,NA
M3,CorteMadera,T1,12,a,2025-09-05,2025-10-03,2025,8.876579247,0,0,0,0,0,0,0,0,0,0,OK,Scarped,East.facing,"Late_Dry
(Months 1-3)",Platform,C1-12a,1.6413512827025651,0.750909091,October,NA,NA,NA,NA
M3,CorteMadera,T1,12,b,2025-09-05,2025-10-03,2025,7.673513838,0,0,0,0,0,0,0,0,0,0,OK,Scarped,East.facing,"Late_Dry
(Months 1-3)",Platform,C1-12b,1.6447040894081788,0.754909091,October,NA,NA,NA,NA
M3,CorteMadera,T1,12,c,2025-09-05,2025-10-03,2025,7.818858512,0,0,0,0,0,0,0,0,0,0,OK,Scarped,East.facing,"Late_Dry
(Months 1-3)",Platform,C1-12c,1.659029718059436,0.772,October,NA,NA,NA,NA
M3,CorteMadera,T1,24,a,2025-09-05,2025-10-03,2025,2.493483584,0,1,0,0,0,0,0,0,0,0,Review,Scarped,East.facing,"Late_Dry
(Months 1-3)",Platform,C1-24a,1.7199898399796798,0.844727273,October,NA,NA,NA,NA
M3,CorteMadera,T1,24,b,2025-09-05,2025-10-03,2025,5.219103214,0,0,0,0,0,0,0,0,0,0,OK,Scarped,East.facing,"Late_Dry
(Months 1-3)",Platform,C1-24b,1.7184658369316737,0.842909091,October,NA,NA,NA,NA
M3,CorteMadera,T1,24,c,2025-09-05,2025-10-03,2025,6.041001423,1,0,0,0,0,0,0,0,0,0,Review,Scarped,East.facing,"Late_Dry
(Months 1-3)",Platform,C1-24c,1.7141986283972566,0.837818182,October,NA,NA,NA,NA
M3,CorteMadera,T1,48,a,2025-09-05,2025-10-03,2025,2.289529472,0,0,0,0,0,0,0,0,0,0,OK,Scarped,East.facing,"Late_Dry
(Months 1-3)",Upland,C1-48a,1.732486665,0.859636364,October,NA,NA,NA,NA
M3,CorteMadera,T1,48,b,2025-09-05,2025-10-03,2025,3.887310368,0,0,0,0,0,0,0,0,0,0,OK,Scarped,East.facing,"Late_Dry
(Months 1-3)",Upland,C1-48b,1.7108458216916431,0.833818182,October,NA,NA,NA,NA
M3,CorteMadera,T1,48,c,2025-09-05,2025-10-03,2025,3.227112084,0,0,0,0,0,0,0,0,0,0,OK,Scarped,East.facing,"Late_Dry
(Months 1-3)",Upland,C1-48c,1.7065786131572265,0.828727273,October,NA,NA,NA,NA
M3,CorteMadera,T2,0.5,a,2025-09-05,2025-10-03,2025,11.96643072,1,0,0,0,0,0,0,0,0,0,Review,Scarped,East.facing,"Late_Dry
(Months 1-3)",Edge,C2-0.5a,1.621234442468885,0.726909091,October,NA,NA,NA,NA
M3,CorteMadera,T2,0.5,b,2025-09-05,2025-10-03,2025,4.699309345,1,0,0,0,0,0,0,0,0,0,Review,Scarped,East.facing,"Late_Dry
(Months 1-3)",Edge,C2-0.5b,1.6392176784353567,0.748363636,October,NA,NA,NA,NA
M3,CorteMadera,T2,0.5,c,2025-09-05,2025-10-03,2025,6.616859749,1,0,0,0,0,0,0,0,0,0,Review,Scarped,East.facing,"Late_Dry
(Months 1-3)",Edge,C2-0.5c,1.6495808991617982,0.760727273,October,NA,NA,NA,NA
M3,CorteMadera,T2,2,a,2025-09-05,2025-10-03,2025,1.914238186,0,0,0,0,0,0,0,0,0,0,OK,Scarped,East.facing,"Late_Dry
(Months 1-3)",Edge,C2-2a,1.656286512573025,0.768727273,October,NA,NA,NA,NA
M3,CorteMadera,T2,2,b,2025-09-05,2025-10-03,2025,1.506891354,0,0,0,0,0,0,0,0,0,0,OK,Scarped,East.facing,"Late_Dry
(Months 1-3)",Edge,C2-2b,1.6544577089154178,0.766545455,October,NA,NA,NA,NA
M3,CorteMadera,T2,2,c,2025-09-05,2025-10-03,2025,2.139019982,0,0,0,0,0,0,0,0,0,0,OK,Scarped,East.facing,"Late_Dry
(Months 1-3)",Edge,C2-2c,1.6556769113538228,0.768,October,NA,NA,NA,NA
M3,CorteMadera,T2,6,a,2025-09-05,2025-10-03,2025,4.067966667,0,0,0,0,0,0,0,0,0,0,OK,Scarped,East.facing,"Late_Dry
(Months 1-3)",Edge,C2-6a,1.6623825247650494,0.776,October,NA,NA,NA,NA
M3,CorteMadera,T2,6,b,2025-09-05,2025-10-03,2025,3.722316936,0,0,0,0,0,0,0,0,0,0,OK,Scarped,East.facing,"Late_Dry
(Months 1-3)",Edge,C2-6b,1.6727457454914911,0.788363636,October,NA,NA,NA,NA
M3,CorteMadera,T2,6,c,2025-09-05,2025-10-03,2025,2.563208607,0,0,0,0,0,0,0,0,0,0,OK,Scarped,East.facing,"Late_Dry
(Months 1-3)",Edge,C2-6c,1.6675641351282702,0.782181818,October,NA,NA,NA,NA
M3,CorteMadera,T2,12,a,2025-09-05,2025-10-03,2025,2.588695853,0,0,0,0,0,0,0,0,0,0,OK,Scarped,East.facing,"Late_Dry
(Months 1-3)",Platform,C2-12a,1.664820929641859,0.778909091,October,NA,NA,NA,NA
M3,CorteMadera,T2,12,b,2025-09-05,2025-10-03,2025,3.153401171,0,0,0,0,0,0,0,0,0,0,OK,Scarped,East.facing,"Late_Dry
(Months 1-3)",Platform,C2-12b,1.6651257302514604,0.779272727,October,NA,NA,NA,NA
M3,CorteMadera,T2,12,c,2025-09-05,2025-10-03,2025,2.647136875,0,0,0,0,0,0,0,0,0,0,OK,Scarped,East.facing,"Late_Dry
(Months 1-3)",Platform,C2-12c,1.6657353314706629,0.78,October,NA,NA,NA,NA
M3,CorteMadera,T2,24,a,2025-09-05,2025-10-03,2025,5.741535631,1,0,0,0,0,0,0,0,0,0,Review,Scarped,East.facing,"Late_Dry
(Months 1-3)",Platform,C2-24a,1.6794513589027176,0.796363636,October,NA,NA,NA,NA
M3,CorteMadera,T2,24,b,2025-09-05,2025-10-03,2025,5.582324548,0,0,0,0,0,0,0,0,0,0,OK,Scarped,East.facing,"Late_Dry
(Months 1-3)",Platform,C2-24b,1.6843281686563372,0.802181818,October,NA,NA,NA,NA
M3,CorteMadera,T2,24,c,2025-09-05,2025-10-03,2025,7.300131289,0,0,0,0,0,0,0,0,0,0,OK,Scarped,East.facing,"Late_Dry
(Months 1-3)",Platform,C2-24c,1.6751841503683007,0.791272727,October,NA,NA,NA,NA
M3,CorteMadera,T2,48,a,2025-09-05,2025-10-03,2025,2.057281147,0,0,0,0,0,0,0,0,0,0,OK,Scarped,East.facing,"Late_Dry
(Months 1-3)",Upland,C2-48a,1.6794513589027176,0.796363636,October,NA,NA,NA,NA
M3,CorteMadera,T2,48,b,2025-09-05,2025-10-03,2025,1.437671585,0,0,0,0,0,0,0,0,0,0,OK,Scarped,East.facing,"Late_Dry
(Months 1-3)",Upland,C2-48b,1.6821945643891287,0.799636364,October,NA,NA,NA,NA
M3,CorteMadera,T2,48,c,2025-09-05,2025-10-03,2025,2.342749537,0,0,0,0,0,0,0,0,0,0,OK,Scarped,East.facing,"Late_Dry
(Months 1-3)",Upland,C2-48c,1.673050546101092,0.788727273,October,NA,NA,NA,NA
M3,SanPablo,T1,0.5,a,2025-09-08,2025-10-06,2025,30.40695892,0,0,0,0,0,0,0,0,0,0,OK,Ramped,South.facing,"Late_Dry
(Months 1-3)",Edge,S1-0.5a,1.706273812547625,0.771628722,October,NA,NA,NA,NA
M3,SanPablo,T1,0.5,b,2025-09-08,2025-10-06,2025,24.99181724,0,0,0,0,0,0,0,0,0,0,OK,Ramped,South.facing,"Late_Dry
(Months 1-3)",Edge,S1-0.5b,1.722733045466091,0.790542907,October,NA,NA,NA,NA
M3,SanPablo,T1,0.5,c,2025-09-08,2025-10-06,2025,26.08591625,0,0,0,0,0,0,0,0,0,0,OK,Ramped,South.facing,"Late_Dry
(Months 1-3)",Edge,S1-0.5c,1.723037846075692,0.79089317,October,NA,NA,NA,NA
M3,SanPablo,T1,2,a,2025-09-08,2025-10-06,2025,30.16307105,1,0,0,0,0,0,0,0,0,0,Review,Ramped,South.facing,"Late_Dry
(Months 1-3)",Edge,S1-2a,1.6913385826771654,0.754465849,October,NA,NA,NA,NA
M3,SanPablo,T1,2,b,2025-09-08,2025-10-06,2025,34.47290458,0,0,0,0,0,0,0,0,0,0,OK,Ramped,South.facing,"Late_Dry
(Months 1-3)",Edge,S1-2b,1.7202946405892812,0.787740806,October,NA,NA,NA,NA
M3,SanPablo,T1,2,c,2025-09-08,2025-10-06,2025,4.752080296,0,0,0,0,0,0,0,0,0,0,OK,Ramped,South.facing,"Late_Dry
(Months 1-3)",Edge,S1-2c,1.7550419100838202,0.827670753,October,NA,NA,NA,NA
M3,SanPablo,T1,6,a,2025-09-08,2025-10-06,2025,7.001900562,1,0,0,0,0,0,0,0,0,0,Review,Ramped,South.facing,"Late_Dry
(Months 1-3)",Edge,S1-6a,1.8266700533401063,0.909982487,October,NA,NA,NA,NA
M3,SanPablo,T1,6,b,2025-09-08,2025-10-06,2025,3.798217283,0,0,0,0,0,0,0,0,0,0,OK,Ramped,South.facing,"Late_Dry
(Months 1-3)",Edge,S1-6b,1.8254508509017016,0.908581436,October,NA,NA,NA,NA
M3,SanPablo,T1,6,c,2025-09-08,2025-10-06,2025,1.092695526,0,0,0,0,0,0,0,0,0,0,OK,Ramped,South.facing,"Late_Dry
(Months 1-3)",Edge,S1-6c,1.83002286004572,0.913835377,October,NA,NA,NA,NA
M3,SanPablo,T1,12,a,2025-09-08,2025-10-06,2025,1.490442536,0,0,0,0,0,0,0,0,0,0,OK,Ramped,South.facing,"Late_Dry
(Months 1-3)",Platform,S1-12a,1.877266954533909,0.968126095,October,NA,NA,NA,NA
M3,SanPablo,T1,12,b,2025-09-08,2025-10-06,2025,7.695969562,0,0,0,0,0,0,0,0,0,0,OK,Ramped,South.facing,"Late_Dry
(Months 1-3)",Platform,S1-12b,1.889763779527559,0.982486865,October,NA,NA,NA,NA
M3,SanPablo,T1,12,c,2025-09-08,2025-10-06,2025,7.777932955,0,0,0,0,0,0,0,0,0,0,OK,Ramped,South.facing,"Late_Dry
(Months 1-3)",Platform,S1-12c,1.8851917703835408,0.977232925,October,NA,NA,NA,NA
M3,SanPablo,T1,24,a,2025-09-08,2025-10-06,2025,3.561646232,0,0,0,0,0,0,0,0,0,0,OK,Ramped,South.facing,"Late_Dry
(Months 1-3)",Platform,S1-24a,1.9751079502159004,1.08056042,October,NA,NA,NA,NA
M3,SanPablo,T1,24,b,2025-09-08,2025-10-06,2025,4.802100421,0,0,0,0,0,0,0,0,0,0,OK,Ramped,South.facing,"Late_Dry
(Months 1-3)",Platform,S1-24b,1.984861569723139,1.091768827,October,NA,NA,NA,NA
M3,SanPablo,T1,24,c,2025-09-08,2025-10-06,2025,4.224988316,0,0,0,0,0,0,0,0,0,0,OK,Ramped,South.facing,"Late_Dry
(Months 1-3)",Platform,S1-24c,1.9751079502159004,1.08056042,October,NA,NA,NA,NA
M3,SanPablo,T1,48,a,2025-09-08,2025-10-06,2025,0.623932289,0,0,0,0,0,0,0,0,0,0,OK,Ramped,South.facing,"Late_Dry
(Months 1-3)",Upland,S1-48a,2.013208026416053,1.124343257,October,NA,NA,NA,NA
M3,SanPablo,T1,48,b,2025-09-08,2025-10-06,2025,2.12700617,0,0,0,0,0,0,0,0,0,0,OK,Ramped,South.facing,"Late_Dry
(Months 1-3)",Upland,S1-48b,2.0159512319024637,1.127495622,October,NA,NA,NA,NA
M3,SanPablo,T1,48,c,2025-09-08,2025-10-06,2025,1.475565619,0,0,0,0,0,0,0,0,0,0,OK,Ramped,South.facing,"Late_Dry
(Months 1-3)",Upland,S1-48c,2.0144272288544576,1.125744308,October,NA,NA,NA,NA
M3,SanPablo,T2,0.5,a,2025-09-08,2025-10-06,2025,12.48886314,0,0,0,0,0,0,0,0,0,0,OK,Ramped,South.facing,"Late_Dry
(Months 1-3)",Edge,S2-0.5a,1.727305054610109,0.795796848,October,NA,NA,NA,NA
M3,SanPablo,T2,0.5,b,2025-09-08,2025-10-06,2025,24.32359104,0,0,0,0,0,0,0,0,0,0,OK,Ramped,South.facing,"Late_Dry
(Months 1-3)",Edge,S2-0.5b,1.7297434594869188,0.798598949,October,NA,NA,NA,NA
M3,SanPablo,T2,0.5,c,2025-09-08,2025-10-06,2025,67.236704,0,0,0,0,0,0,0,0,0,0,OK,Ramped,South.facing,"Late_Dry
(Months 1-3)",Edge,S2-0.5c,1.721818643637287,0.789492119,October,NA,NA,NA,NA
M3,SanPablo,T2,2,a,2025-09-08,2025-10-06,2025,16.9866885,0,0,0,0,0,0,0,0,0,0,OK,Ramped,South.facing,"Late_Dry
(Months 1-3)",Edge,S2-2a,1.7401066802133602,0.810507881,October,NA,NA,NA,NA
M3,SanPablo,T2,2,b,2025-09-08,2025-10-06,2025,39.68717981,0,0,0,0,0,0,0,0,0,0,OK,Ramped,South.facing,"Late_Dry
(Months 1-3)",Edge,S2-2b,1.751993903987808,0.824168126,October,NA,NA,NA,NA
M3,SanPablo,T2,2,c,2025-09-08,2025-10-06,2025,27.12791798,0,0,0,0,0,0,0,0,0,0,OK,Ramped,South.facing,"Late_Dry
(Months 1-3)",Edge,S2-2c,1.750469900939802,0.822416813,October,NA,NA,NA,NA
M3,SanPablo,T2,6,a,2025-09-08,2025-10-06,2025,1.941877439,1,0,0,0,0,0,0,0,0,0,Review,Ramped,South.facing,"Late_Dry
(Months 1-3)",Edge,S2-6a,1.8239268478536956,0.906830123,October,NA,NA,NA,NA
M3,SanPablo,T2,6,b,2025-09-08,2025-10-06,2025,7.936189669,0,0,0,0,0,0,0,0,0,0,OK,Ramped,South.facing,"Late_Dry
(Months 1-3)",Edge,S2-6b,1.8135636271272544,0.894921191,October,NA,NA,NA,NA
M3,SanPablo,T2,6,c,2025-09-08,2025-10-06,2025,7.795167723,0,0,0,0,0,0,0,0,0,0,OK,Ramped,South.facing,"Late_Dry
(Months 1-3)",Edge,S2-6c,1.8083820167640337,0.888966725,October,NA,NA,NA,NA
M3,SanPablo,T2,12,a,2025-09-08,2025-10-06,2025,9.786092206,0,0,0,0,0,0,0,0,0,0,OK,Ramped,South.facing,"Late_Dry
(Months 1-3)",Platform,S2-12a,1.899517399034798,0.993695271,October,NA,NA,NA,NA
M3,SanPablo,T2,12,b,2025-09-08,2025-10-06,2025,10.14695569,0,0,0,0,0,0,0,0,0,0,OK,Ramped,South.facing,"Late_Dry
(Months 1-3)",Platform,S2-12b,1.8912877825755652,0.984238179,October,NA,NA,NA,NA
M3,SanPablo,T2,12,c,2025-09-08,2025-10-06,2025,10.95828099,0,0,0,0,0,0,0,0,0,0,OK,Ramped,South.facing,"Late_Dry
(Months 1-3)",Platform,S2-12c,1.8836677673355344,0.975481611,October,NA,NA,NA,NA
M3,SanPablo,T2,24,a,2025-09-08,2025-10-06,2025,3.100293384,0,0,0,0,0,0,0,0,0,0,OK,Ramped,South.facing,"Late_Dry
(Months 1-3)",Platform,S2-24a,2.0001016002032004,1.109281961,October,NA,NA,NA,NA
M3,SanPablo,T2,24,b,2025-09-08,2025-10-06,2025,2.040720051,0,0,0,0,0,0,0,0,0,0,OK,Ramped,South.facing,"Late_Dry
(Months 1-3)",Platform,S2-24b,1.9979679959359915,1.106830123,October,NA,NA,NA,NA
M3,SanPablo,T2,24,c,2025-09-08,2025-10-06,2025,3.186186528,0,0,0,0,0,0,0,0,0,0,OK,Ramped,South.facing,"Late_Dry
(Months 1-3)",Platform,S2-24c,1.9915671831343664,1.099474606,October,NA,NA,NA,NA
M3,SanPablo,T2,48,a,2025-09-08,2025-10-06,2025,2.720903928,0,0,0,0,0,0,0,0,0,0,OK,Ramped,South.facing,"Late_Dry
(Months 1-3)",Upland,S2-48a,2.0138176276352553,1.125043783,October,NA,NA,NA,NA
M3,SanPablo,T2,48,b,2025-09-08,2025-10-06,2025,2.604695557,0,0,0,0,0,0,0,0,0,0,OK,Ramped,South.facing,"Late_Dry
(Months 1-3)",Upland,S2-48b,2.022961645923292,1.135551664,October,NA,NA,NA,NA
M3,SanPablo,T2,48,c,2025-09-08,2025-10-06,2025,2.204141581,0,0,0,0,0,0,0,0,0,0,OK,Ramped,South.facing,"Late_Dry
(Months 1-3)",Upland,S2-48c,2.0205232410464817,1.132749562,October,NA,NA,NA,NA
M4,Buck'sLanding,T1,0.5,a,2025-10-08,2025-11-15,2025,5.220943992,0,0,0,0,0,0,0,0,0,0,OK,Ramped,East.facing,"Tran
(Months 4-6)",Edge,B1-0.5a,1.6544577089154178,0.743807502,November,NA,NA,NA,NA
M4,Buck'sLanding,T1,0.5,b,2025-10-08,2025-11-15,2025,2.172284,0,0,0,0,0,0,0,0,0,0,OK,Ramped,East.facing,"Tran
(Months 4-6)",Edge,B1-0.5b,1.6599441198882396,0.750176929,November,NA,NA,NA,NA
M4,Buck'sLanding,T1,0.5,c,2025-10-08,2025-11-15,2025,3.315221254,0,0,0,0,0,0,0,0,0,0,OK,Ramped,East.facing,"Tran
(Months 4-6)",Edge,B1-0.5c,1.6611633223266449,0.751592357,November,NA,NA,NA,NA
M4,Buck'sLanding,T1,2,a,2025-10-08,2025-11-15,2025,0.280708368,0,0,0,0,0,0,0,0,0,0,OK,Ramped,East.facing,"Tran
(Months 4-6)",Edge,B1-2a,1.7718059436118871,0.880042463,November,NA,NA,NA,NA
M4,Buck'sLanding,T1,2,b,2025-10-08,2025-11-15,2025,2.245005089,0,0,0,0,0,0,0,0,0,0,OK,Ramped,East.facing,"Tran
(Months 4-6)",Edge,B1-2b,1.7794259588519177,0.888888889,November,NA,NA,NA,NA
M4,Buck'sLanding,T1,2,c,2025-10-08,2025-11-15,2025,1.417978506,0,0,0,0,0,0,0,0,0,0,OK,Ramped,East.facing,"Tran
(Months 4-6)",Edge,B1-2c,1.7669291338582676,0.87438075,November,NA,NA,NA,NA
M4,Buck'sLanding,T1,6,a,2025-10-08,2025-11-15,2025,2.613326237,0,0,0,0,0,0,0,0,0,0,OK,Ramped,East.facing,"Tran
(Months 4-6)",Edge,B1-6a,1.8138684277368553,0.928874735,November,NA,NA,NA,NA
M4,Buck'sLanding,T1,6,b,2025-10-08,2025-11-15,2025,0.875920968,0,0,0,0,0,0,0,0,0,0,OK,Ramped,East.facing,"Tran
(Months 4-6)",Edge,B1-6b,1.806248412496825,0.920028309,November,NA,NA,NA,NA
M4,Buck'sLanding,T1,6,c,2025-10-08,2025-11-15,2025,0.952199516,0,0,0,0,0,0,0,0,0,0,OK,Ramped,East.facing,"Tran
(Months 4-6)",Edge,B1-6c,1.8053340106680211,0.918966737,November,NA,NA,NA,NA
M4,Buck'sLanding,T1,12,a,2025-10-08,2025-11-15,2025,0.73689049,0,0,0,0,0,0,0,0,0,0,OK,Ramped,East.facing,"Tran
(Months 4-6)",Platform,B1-12a,1.8483108966217932,0.96886058,November,NA,NA,NA,NA
M4,Buck'sLanding,T1,12,b,2025-10-08,2025-11-15,2025,1.234976175,0,0,0,0,0,0,0,0,0,0,OK,Ramped,East.facing,"Tran
(Months 4-6)",Platform,B1-12b,1.8461772923545847,0.966383581,November,NA,NA,NA,NA
M4,Buck'sLanding,T1,12,c,2025-10-08,2025-11-15,2025,0.995633614,0,0,0,0,0,0,0,0,0,0,OK,Ramped,East.facing,"Tran
(Months 4-6)",Platform,B1-12c,1.8428244856489713,0.962491154,November,NA,NA,NA,NA
M4,Buck'sLanding,T1,18,a,2025-10-08,2025-11-15,2025,1.350841801,0,0,0,0,0,0,0,0,0,0,OK,Ramped,East.facing,"Tran
(Months 4-6)",Platform,B1-18a,1.8736093472186943,0.998230715,November,NA,NA,NA,NA
M4,Buck'sLanding,T1,18,b,2025-10-08,2025-11-15,2025,0.906118007,0,0,0,0,0,0,0,0,0,0,OK,Ramped,East.facing,"Tran
(Months 4-6)",Platform,B1-18b,1.8745237490474984,0.999292286,November,NA,NA,NA,NA
M4,Buck'sLanding,T1,18,c,2025-10-08,2025-11-15,2025,0.600300594,0,0,0,0,0,0,0,0,0,0,OK,Ramped,East.facing,"Tran
(Months 4-6)",Platform,B1-18c,1.8806197612395223,1.006369427,November,NA,NA,NA,NA
M4,Buck'sLanding,T1,24,a,2025-10-08,2025-11-15,2025,1.538559834,1,0,0,0,0,0,0,0,0,0,Review,Ramped,East.facing,"Tran
(Months 4-6)",Platform,B1-24a,1.8641605283210565,0.987261146,November,NA,NA,NA,NA
M4,Buck'sLanding,T1,24,b,2025-10-08,2025-11-15,2025,0.272311109,0,0,0,0,0,0,0,0,0,0,OK,Ramped,East.facing,"Tran
(Months 4-6)",Platform,B1-24b,1.869037338074676,0.992922859,November,NA,NA,NA,NA
M4,Buck'sLanding,T1,24,c,2025-10-08,2025-11-15,2025,0.25365513,0,0,0,0,0,0,0,0,0,0,OK,Ramped,East.facing,"Tran
(Months 4-6)",Platform,B1-24c,1.8714757429514857,0.995753715,November,NA,NA,NA,NA
M4,Buck'sLanding,T1,48,a,2025-10-08,2025-11-15,2025,0.546855971,0,0,0,0,0,0,0,0,0,0,OK,Ramped,East.facing,"Tran
(Months 4-6)",Upland,B1-48a,1.856845313690627,0.978768577,November,NA,NA,NA,NA
M4,Buck'sLanding,T1,48,b,2025-10-08,2025-11-15,2025,0.746735552,0,0,0,0,0,0,0,0,0,0,OK,Ramped,East.facing,"Tran
(Months 4-6)",Upland,B1-48b,1.850749301498603,0.971691437,November,NA,NA,NA,NA
M4,Buck'sLanding,T1,48,c,2025-10-08,2025-11-15,2025,0.799104664,0,0,0,0,0,0,0,0,0,0,OK,Ramped,East.facing,"Tran
(Months 4-6)",Upland,B1-48c,1.8516637033274064,0.972753008,November,NA,NA,NA,NA
M4,Buck'sLanding,T2,0.5,a,2025-10-08,2025-11-15,2025,3.129323316,0,0,0,0,0,0,0,0,0,0,OK,Ramped,East.facing,"Tran
(Months 4-6)",Edge,B2-0.5a,1.6338836677673354,0.7199221515,November,NA,NA,NA,NA
M4,Buck'sLanding,T2,0.5,b,2025-10-08,2025-11-15,2025,2.277601346,0,0,0,0,0,0,0,0,0,0,OK,Ramped,East.facing,"Tran
(Months 4-6)",Edge,B2-0.5b,1.6431800863601729,0.730714791,November,NA,NA,NA,NA
M4,Buck'sLanding,T2,0.5,c,2025-10-08,2025-11-15,2025,4.518056196,0,0,0,0,0,0,0,0,0,0,OK,Ramped,East.facing,"Tran
(Months 4-6)",Edge,B2-0.5c,1.6407416814833629,0.727883935,November,NA,NA,NA,NA
M4,Buck'sLanding,T2,2,a,2025-10-08,2025-11-15,2025,-0.206911768,0,0,0,0,0,0,0,0,0,1,Review,Ramped,East.facing,"Tran
(Months 4-6)",Edge,B2-2a,1.773329946659893,0.881811748,November,NA,NA,NA,NA
M4,Buck'sLanding,T2,2,b,2025-10-08,2025-11-15,2025,-1.6492547339999999,0,0,0,0,0,0,0,0,0,1,Review,Ramped,East.facing,"Tran
(Months 4-6)",Edge,B2-2b,1.7654051308102614,0.872611465,November,NA,NA,NA,NA
M4,Buck'sLanding,T2,2,c,2025-10-08,2025-11-15,2025,2.993271176,0,0,0,0,0,0,0,0,0,0,OK,Ramped,East.facing,"Tran
(Months 4-6)",Edge,B2-2c,1.7696723393446787,0.877565464,November,NA,NA,NA,NA
M4,Buck'sLanding,T2,6,a,2025-10-08,2025-11-15,2025,1.177270873,0,0,0,0,0,0,0,0,0,0,OK,Ramped,East.facing,"Tran
(Months 4-6)",Edge,B2-6a,1.843738887477775,0.963552725,November,NA,NA,NA,NA
M4,Buck'sLanding,T2,6,b,2025-10-08,2025-11-15,2025,4.543165241,0,0,0,0,0,0,0,0,0,0,OK,Ramped,East.facing,"Tran
(Months 4-6)",Edge,B2-6b,1.8394716789433576,0.958598726,November,NA,NA,NA,NA
M4,Buck'sLanding,T2,6,c,2025-10-08,2025-11-15,2025,5.485809256,0,0,0,0,0,0,0,0,0,0,OK,Ramped,East.facing,"Tran
(Months 4-6)",Edge,B2-6c,1.8376428752857503,0.956475584,November,NA,NA,NA,NA
M4,Buck'sLanding,T2,12,a,2025-10-08,2025-11-15,2025,4.389077609,0,0,0,0,0,0,0,0,0,0,OK,Ramped,East.facing,"Tran
(Months 4-6)",Platform,B2-12a,1.84008128016256,0.95930644,November,NA,NA,NA,NA
M4,Buck'sLanding,T2,12,b,2025-10-08,2025-11-15,2025,5.584011682,0,0,0,0,0,0,0,0,0,0,OK,Ramped,East.facing,"Tran
(Months 4-6)",Platform,B2-12b,1.835814071628143,0.954352442,November,NA,NA,NA,NA
M4,Buck'sLanding,T2,12,c,2025-10-08,2025-11-15,2025,2.376051967,0,0,0,0,0,0,0,0,0,0,OK,Ramped,East.facing,"Tran
(Months 4-6)",Platform,B2-12c,1.822098044196088,0.938428875,November,NA,NA,NA,NA
M4,Buck'sLanding,T2,24,a,2025-10-08,2025-11-15,2025,1.704891745,0,0,0,0,0,0,0,0,0,0,OK,Ramped,East.facing,"Tran
(Months 4-6)",Platform,B2-24a,1.8266700533401063,0.94373673,November,NA,NA,NA,NA
M4,Buck'sLanding,T2,24,b,2025-10-08,2025-11-15,2025,1.080644484,0,0,0,0,0,0,0,0,0,0,OK,Ramped,East.facing,"Tran
(Months 4-6)",Platform,B2-24b,1.8294132588265175,0.946921444,November,NA,NA,NA,NA
M4,Buck'sLanding,T2,24,c,2025-10-08,2025-11-15,2025,1.312578429,0,0,0,0,0,0,0,0,1,0,Review,Ramped,East.facing,"Tran
(Months 4-6)",Platform,B2-24c,1.8446532893065783,0.964614296,November,NA,NA,NA,NA
M4,Buck'sLanding,T2,48,a,2025-10-08,2025-11-15,2025,1.45533183,0,0,0,0,0,0,0,0,0,0,OK,Ramped,East.facing,"Tran
(Months 4-6)",Upland,B2-48a,1.8416052832105665,0.961075725,November,NA,NA,NA,NA
M4,Buck'sLanding,T2,48,b,2025-10-08,2025-11-15,2025,1.777364639,0,0,0,0,0,0,0,0,0,0,OK,Ramped,East.facing,"Tran
(Months 4-6)",Upland,B2-48b,1.8525781051562105,0.973814579,November,NA,NA,NA,NA
M4,Buck'sLanding,T2,48,c,2025-10-08,2025-11-15,2025,1.86989995,0,0,0,0,0,0,0,0,0,0,OK,Ramped,East.facing,"Tran
(Months 4-6)",Upland,B2-48c,1.849530099060198,0.970276008,November,NA,NA,NA,NA
M4,GiantMarsh,T1,0.5,a,2025-10-07,2025-11-04,2025,3.667637248,0,0,0,0,0,0,0,0,0,0,OK,Scarped,West.facing,"Tran
(Months 4-6)",Edge,G1-0.5a,2.067462535,1.195887069,November,NA,NA,NA,NA
M4,GiantMarsh,T1,0.5,b,2025-10-07,2025-11-04,2025,1.553262424,0,0,0,0,0,0,0,0,0,0,OK,Scarped,West.facing,"Tran
(Months 4-6)",Edge,G1-0.5b,2.066243332486665,1.194492855,November,NA,NA,NA,NA
M4,GiantMarsh,T1,0.5,c,2025-10-07,2025-11-04,2025,2.538844146,0,0,0,0,0,0,0,0,0,0,OK,Scarped,West.facing,"Tran
(Months 4-6)",Edge,G1-0.5c,2.0574041148082296,1.184384803,November,NA,NA,NA,NA
M4,GiantMarsh,T1,2,a,2025-10-07,2025-11-04,2025,11.83321214,0,0,0,0,0,0,0,0,0,0,OK,Scarped,West.facing,"Tran
(Months 4-6)",Edge,G1-2a,2.0183896367792733,1.139769955,November,NA,NA,NA,NA
M4,GiantMarsh,T1,2,b,2025-10-07,2025-11-04,2025,20.7538046,0,0,0,0,0,0,0,0,0,0,OK,Scarped,West.facing,"Tran
(Months 4-6)",Edge,G1-2b,2.019304038608077,1.140815615,November,NA,NA,NA,NA
M4,GiantMarsh,T1,2,c,2025-10-07,2025-11-04,2025,35.80671844,0,0,0,0,0,0,0,0,0,0,OK,Scarped,West.facing,"Tran
(Months 4-6)",Edge,G1-2c,2.0189992379984756,1.140467062,November,NA,NA,NA,NA
M4,GiantMarsh,T1,6,a,2025-10-07,2025-11-04,2025,8.739992307,0,0,0,0,0,0,0,0,0,0,OK,Scarped,West.facing,"Tran
(Months 4-6)",Edge,G1-6a,1.9723647447294896,1.087138376,November,NA,NA,NA,NA
M4,GiantMarsh,T1,6,b,2025-10-07,2025-11-04,2025,6.234045796,0,0,0,0,0,0,0,0,0,0,OK,Scarped,West.facing,"Tran
(Months 4-6)",Edge,G1-6b,1.9793751587503172,1.095155106,November,NA,NA,NA,NA
M4,GiantMarsh,T1,6,c,2025-10-07,2025-11-04,2025,10.29011093,0,0,0,0,0,0,0,0,0,0,OK,Scarped,West.facing,"Tran
(Months 4-6)",Edge,G1-6c,1.9763271526543051,1.091669571,November,NA,NA,NA,NA
M4,GiantMarsh,T1,12,a,2025-10-07,2025-11-04,2025,3.109444091,0,0,0,0,0,0,0,0,0,0,OK,Scarped,West.facing,"Tran
(Months 4-6)",Platform,G1-12a,1.9418846837693675,1.052283025,November,NA,NA,NA,NA
M4,GiantMarsh,T1,12,b,2025-10-07,2025-11-04,2025,2.622603997,0,0,0,0,0,0,0,0,0,0,OK,Scarped,West.facing,"Tran
(Months 4-6)",Platform,G1-12b,1.9495046990093976,1.060996863,November,NA,NA,NA,NA
M4,GiantMarsh,T1,12,c,2025-10-07,2025-11-04,2025,3.227841896,0,0,0,0,0,0,0,0,0,0,OK,Scarped,West.facing,"Tran
(Months 4-6)",Platform,G1-12c,1.9577343154686309,1.070407808,November,NA,NA,NA,NA
M4,GiantMarsh,T1,24,a,2025-10-07,2025-11-04,2025,1.843278098,0,0,0,0,0,0,0,0,0,0,OK,Scarped,West.facing,"Tran
(Months 4-6)",Platform,G1-24a,1.94005588011176,1.050191704,November,NA,NA,NA,NA
M4,GiantMarsh,T1,24,b,2025-10-07,2025-11-04,2025,1.141424447,0,0,0,0,0,0,0,0,0,0,OK,Scarped,West.facing,"Tran
(Months 4-6)",Platform,G1-24b,1.9467614935229869,1.057859881,November,NA,NA,NA,NA
M4,GiantMarsh,T1,24,c,2025-10-07,2025-11-04,2025,1.147824328,0,0,0,0,0,0,0,0,0,0,OK,Scarped,West.facing,"Tran
(Months 4-6)",Platform,G1-24c,1.952247904495809,1.064133845,November,NA,NA,NA,NA
M4,GiantMarsh,T1,48,a,2025-10-07,2025-11-04,2025,-0.411332723,0,0,0,0,0,0,0,0,0,1,Review,Scarped,West.facing,"Tran
(Months 4-6)",Upland,G1-48a,1.8736093472186943,0.974207041,November,NA,NA,NA,NA
M4,GiantMarsh,T1,48,b,2025-10-07,2025-11-04,2025,-0.341383143,0,0,0,0,0,0,0,0,0,1,Review,Scarped,West.facing,"Tran
(Months 4-6)",Upland,G1-48b,1.8595885191770385,0.95817358,November,NA,NA,NA,NA
M4,GiantMarsh,T1,48,c,2025-10-07,2025-11-04,2025,-0.085949283,0,0,0,0,0,0,0,0,0,1,Review,Scarped,West.facing,"Tran
(Months 4-6)",Upland,G1-48c,1.886106172212344,0.988497734,November,NA,NA,NA,NA
M4,GiantMarsh,T2,0.5,a,2025-10-07,2025-11-04,2025,676.3348542,1,0,0,1,0,0,0,0,0,0,Review,Scarped,West.facing,"Tran
(Months 4-6)",Edge,G2-0.5a,2.0357632715265432,1.159637504,November,NA,NA,NA,NA
M4,GiantMarsh,T2,0.5,b,2025-10-07,2025-11-04,2025,16.97602203,0,0,0,1,0,0,0,0,0,0,Review,Scarped,West.facing,"Tran
(Months 4-6)",Edge,G2-0.5b,2.041249682499365,1.165911467,November,NA,NA,NA,NA
M4,GiantMarsh,T2,0.5,c,2025-10-07,2025-11-04,2025,8.246640052,0,0,0,1,0,0,0,0,0,0,Review,Scarped,West.facing,"Tran
(Months 4-6)",Edge,G2-0.5c,2.0519177038354077,1.17811084,November,NA,NA,NA,NA
M4,GiantMarsh,T2,2,a,2025-10-07,2025-11-04,2025,5.843372339,0,0,0,0,0,0,0,0,0,0,OK,Scarped,West.facing,"Tran
(Months 4-6)",Edge,G2-2a,2.0616713233426465,1.189264552,November,NA,NA,NA,NA
M4,GiantMarsh,T2,2,b,2025-10-07,2025-11-04,2025,2014.574739,0,0,0,0,0,0,0,0,0,0,OK,Scarped,West.facing,"Tran
(Months 4-6)",Edge,G2-2b,2.054051308102616,1.180550715,November,NA,NA,NA,NA
M4,GiantMarsh,T2,2,c,2025-10-07,2025-11-04,2025,1265.263947,0,0,0,0,0,0,0,0,0,0,OK,Scarped,West.facing,"Tran
(Months 4-6)",Edge,G2-2c,2.0564897129794257,1.183339143,November,NA,NA,NA,NA
M4,GiantMarsh,T2,6,a,2025-10-07,2025-11-04,2025,5.425920431,0,0,0,0,0,0,0,0,0,0,OK,Scarped,West.facing,"Tran
(Months 4-6)",Edge,G2-6a,1.9406654813309625,1.050888811,November,NA,NA,NA,NA
M4,GiantMarsh,T2,6,b,2025-10-07,2025-11-04,2025,5.61640111,0,0,0,0,0,0,0,0,0,0,OK,Scarped,West.facing,"Tran
(Months 4-6)",Edge,G2-6b,1.9434086868173737,1.054025793,November,NA,NA,NA,NA
M4,GiantMarsh,T2,6,c,2025-10-07,2025-11-04,2025,5.956874796,0,0,0,0,0,0,0,0,0,0,OK,Scarped,West.facing,"Tran
(Months 4-6)",Edge,G2-6c,1.9473710947421896,1.058556988,November,NA,NA,NA,NA
M4,GiantMarsh,T2,12,a,2025-10-07,2025-11-04,2025,2.381990915,0,0,0,0,0,0,0,0,0,0,OK,Scarped,West.facing,"Tran
(Months 4-6)",Platform,G2-12a,1.9333502667005331,1.042523527,November,NA,NA,NA,NA
M4,GiantMarsh,T2,12,b,2025-10-07,2025-11-04,2025,2.052790002,0,0,0,0,0,0,0,0,0,0,OK,Scarped,West.facing,"Tran
(Months 4-6)",Platform,G2-12b,1.9354838709677415,1.044963402,November,NA,NA,NA,NA
M4,GiantMarsh,T2,12,c,2025-10-07,2025-11-04,2025,2.353247588,0,0,0,0,0,0,0,0,0,0,OK,Scarped,West.facing,"Tran
(Months 4-6)",Platform,G2-12c,1.9318262636525272,1.04078076,November,NA,NA,NA,NA
M4,GiantMarsh,T2,24,a,2025-10-07,2025-11-04,2025,0.817500629,0,0,0,0,0,0,0,0,0,0,OK,Scarped,West.facing,"Tran
(Months 4-6)",Platform,G2-24a,1.9357886715773431,1.045311955,November,NA,NA,NA,NA
M4,GiantMarsh,T2,24,b,2025-10-07,2025-11-04,2025,0.835689766,0,0,0,0,0,0,0,0,0,0,OK,Scarped,West.facing,"Tran
(Months 4-6)",Platform,G2-24b,1.9406654813309625,1.050888811,November,NA,NA,NA,NA
M4,GiantMarsh,T2,24,c,2025-10-07,2025-11-04,2025,0.746035288,0,0,0,0,0,0,0,0,0,0,OK,Scarped,West.facing,"Tran
(Months 4-6)",Platform,G2-24c,1.9354838709677415,1.044963402,November,NA,NA,NA,NA
M4,GiantMarsh,T2,48,a,2025-10-07,2025-11-04,2025,2.786362363,0,0,0,0,0,0,0,0,0,0,OK,Scarped,West.facing,"Tran
(Months 4-6)",Upland,G2-48a,1.8733045466090932,0.973858487,November,NA,NA,NA,NA
M4,GiantMarsh,T2,48,b,2025-10-07,2025-11-04,2025,2.962976632,0,0,0,0,0,0,0,0,0,0,OK,Scarped,West.facing,"Tran
(Months 4-6)",Upland,G2-48b,1.897078994157988,1.001045661,November,NA,NA,NA,NA
M4,GiantMarsh,T2,48,c,2025-10-07,2025-11-04,2025,2.790011418,0,0,0,0,0,0,0,0,0,0,OK,Scarped,West.facing,"Tran
(Months 4-6)",Upland,G2-48c,1.8836677673355344,0.985709306,November,NA,NA,NA,NA
M4,CorteMadera,T1,0.5,a,2025-10-03,2025-11-06,2025,0.540132811,1,0,0,0,0,0,1,0,0,0,Review,Scarped,East.facing,"Tran
(Months 4-6)",Edge,C1-0.5a,1.6593345186690371,0.772363636,November,NA,NA,NA,NA
M4,CorteMadera,T1,0.5,b,2025-10-03,2025-11-06,2025,0.474020518,1,0,0,0,0,0,0,0,0,0,Review,Scarped,East.facing,"Tran
(Months 4-6)",Edge,C1-0.5b,1.6684785369570738,0.783272727,November,NA,NA,NA,NA
M4,CorteMadera,T1,0.5,c,2025-10-03,2025-11-06,2025,0.414057131,1,0,0,0,0,1,0,0,0,0,Review,Scarped,East.facing,"Tran
(Months 4-6)",Edge,C1-0.5c,1.6614681229362456,0.774909091,November,NA,NA,NA,NA
M4,CorteMadera,T1,2,a,2025-10-03,2025-11-06,2025,1.103566738,0,0,0,0,0,1,0,0,0,0,Review,Scarped,East.facing,"Tran
(Months 4-6)",Edge,C1-2a,1.6462280924561847,0.756727273,November,NA,NA,NA,NA
M4,CorteMadera,T1,2,b,2025-10-03,2025-11-06,2025,0.597414721,0,0,0,0,0,1,0,0,0,0,Review,Scarped,East.facing,"Tran
(Months 4-6)",Edge,C1-2b,1.6480568961137922,0.758909091,November,NA,NA,NA,NA
M4,CorteMadera,T1,2,c,2025-10-03,2025-11-06,2025,0.727512618,0,0,0,0,0,1,0,0,0,0,Review,Scarped,East.facing,"Tran
(Months 4-6)",Edge,C1-2c,1.6462280924561847,0.756727273,November,NA,NA,NA,NA
M4,CorteMadera,T1,6,a,2025-10-03,2025-11-06,2025,8.047622897,1,0,0,0,0,0,0,0,1,0,Review,Scarped,East.facing,"Tran
(Months 4-6)",Edge,C1-6a,1.664516129032258,0.778545455,November,NA,NA,NA,NA
M4,CorteMadera,T1,6,b,2025-10-03,2025-11-06,2025,NA,1,0,0,0,0,0,0,0,1,NA,#VALUE!,Scarped,East.facing,"Tran
(Months 4-6)",Edge,C1-6b,1.6620777241554483,0.775636364,November,NA,NA,NA,NA
M4,CorteMadera,T1,6,c,2025-10-03,2025-11-06,2025,5.180614764,0,0,0,0,0,0,0,0,0,0,OK,Scarped,East.facing,"Tran
(Months 4-6)",Edge,C1-6c,1.6529337058674116,0.764727273,November,NA,NA,NA,NA
M4,CorteMadera,T1,12,a,2025-10-03,2025-11-06,2025,1.540508893,0,0,0,0,0,0,0,0,0,0,OK,Scarped,East.facing,"Tran
(Months 4-6)",Platform,C1-12a,1.6413512827025651,0.750909091,November,NA,NA,NA,NA
M4,CorteMadera,T1,12,b,2025-10-03,2025-11-06,2025,1.309531959,0,0,0,0,0,0,0,0,0,0,OK,Scarped,East.facing,"Tran
(Months 4-6)",Platform,C1-12b,1.6447040894081788,0.754909091,November,NA,NA,NA,NA
M4,CorteMadera,T1,12,c,2025-10-03,2025-11-06,2025,0.905276091,0,0,0,0,0,0,0,0,0,0,OK,Scarped,East.facing,"Tran
(Months 4-6)",Platform,C1-12c,1.659029718059436,0.772,November,NA,NA,NA,NA
M4,CorteMadera,T1,24,a,2025-10-03,2025-11-06,2025,3.92281683,0,0,0,0,0,0,0,0,0,0,OK,Scarped,East.facing,"Tran
(Months 4-6)",Platform,C1-24a,1.7199898399796798,0.844727273,November,NA,NA,NA,NA
M4,CorteMadera,T1,24,b,2025-10-03,2025-11-06,2025,5.60179168,0,0,0,0,0,0,0,0,0,0,OK,Scarped,East.facing,"Tran
(Months 4-6)",Platform,C1-24b,1.7184658369316737,0.842909091,November,NA,NA,NA,NA
M4,CorteMadera,T1,24,c,2025-10-03,2025-11-06,2025,4.026654739,0,0,0,0,0,0,0,0,0,0,OK,Scarped,East.facing,"Tran
(Months 4-6)",Platform,C1-24c,1.7141986283972566,0.837818182,November,NA,NA,NA,NA
M4,CorteMadera,T1,48,a,2025-10-03,2025-11-06,2025,6.177246024,0,0,0,0,0,0,0,0,1,0,Review,Scarped,East.facing,"Tran
(Months 4-6)",Upland,C1-48a,1.732486665,0.859636364,November,NA,NA,NA,NA
M4,CorteMadera,T1,48,b,2025-10-03,2025-11-06,2025,8.077673939,0,0,0,0,0,0,0,0,0,0,OK,Scarped,East.facing,"Tran
(Months 4-6)",Upland,C1-48b,1.7108458216916431,0.833818182,November,NA,NA,NA,NA
M4,CorteMadera,T1,48,c,2025-10-03,2025-11-06,2025,9.794698031,0,0,0,0,0,0,0,0,1,0,Review,Scarped,East.facing,"Tran
(Months 4-6)",Upland,C1-48c,1.7065786131572265,0.828727273,November,NA,NA,NA,NA
M4,CorteMadera,T2,0.5,a,2025-10-03,2025-11-06,2025,0.123440435,0,0,0,0,0,0,0,0,0,0,OK,Scarped,East.facing,"Tran
(Months 4-6)",Edge,C2-0.5a,1.621234442468885,0.726909091,November,NA,NA,NA,NA
M4,CorteMadera,T2,0.5,b,2025-10-03,2025-11-06,2025,0.085899749,0,0,0,0,0,0,0,0,0,0,OK,Scarped,East.facing,"Tran
(Months 4-6)",Edge,C2-0.5b,1.6392176784353567,0.748363636,November,NA,NA,NA,NA
M4,CorteMadera,T2,0.5,c,2025-10-03,2025-11-06,2025,0.009431404,0,0,0,0,0,1,0,0,0,0,Review,Scarped,East.facing,"Tran
(Months 4-6)",Edge,C2-0.5c,1.6495808991617982,0.760727273,November,NA,NA,NA,NA
M4,CorteMadera,T2,2,a,2025-10-03,2025-11-06,2025,0.28155515,0,0,0,0,0,0,0,0,0,0,OK,Scarped,East.facing,"Tran
(Months 4-6)",Edge,C2-2a,1.656286512573025,0.768727273,November,NA,NA,NA,NA
M4,CorteMadera,T2,2,b,2025-10-03,2025-11-06,2025,0.221314368,0,0,0,0,0,0,0,0,0,0,OK,Scarped,East.facing,"Tran
(Months 4-6)",Edge,C2-2b,1.6544577089154178,0.766545455,November,NA,NA,NA,NA
M4,CorteMadera,T2,2,c,2025-10-03,2025-11-06,2025,0.354278673,0,0,0,0,0,0,0,0,0,0,OK,Scarped,East.facing,"Tran
(Months 4-6)",Edge,C2-2c,1.6556769113538228,0.768,November,NA,NA,NA,NA
M4,CorteMadera,T2,6,a,2025-10-03,2025-11-06,2025,1.627703148,0,0,0,0,0,0,0,0,0,0,OK,Scarped,East.facing,"Tran
(Months 4-6)",Edge,C2-6a,1.6623825247650494,0.776,November,NA,NA,NA,NA
M4,CorteMadera,T2,6,b,2025-10-03,2025-11-06,2025,2.068020267,0,0,0,0,0,0,0,0,0,0,OK,Scarped,East.facing,"Tran
(Months 4-6)",Edge,C2-6b,1.6727457454914911,0.788363636,November,NA,NA,NA,NA
M4,CorteMadera,T2,6,c,2025-10-03,2025-11-06,2025,0.774577173,0,0,0,0,0,0,0,0,0,0,OK,Scarped,East.facing,"Tran
(Months 4-6)",Edge,C2-6c,1.6675641351282702,0.782181818,November,NA,NA,NA,NA
M4,CorteMadera,T2,12,a,2025-10-03,2025-11-06,2025,1.111611171,0,0,1,0,0,0,0,0,0,0,Review,Scarped,East.facing,"Tran
(Months 4-6)",Platform,C2-12a,1.664820929641859,0.778909091,November,NA,NA,NA,NA
M4,CorteMadera,T2,12,b,2025-10-03,2025-11-06,2025,0.683222005,0,0,1,0,0,0,0,0,0,0,Review,Scarped,East.facing,"Tran
(Months 4-6)",Platform,C2-12b,1.6651257302514604,0.779272727,November,NA,NA,NA,NA
M4,CorteMadera,T2,12,c,2025-10-03,2025-11-06,2025,1.148781999,0,0,0,0,0,0,0,0,0,0,OK,Scarped,East.facing,"Tran
(Months 4-6)",Platform,C2-12c,1.6657353314706629,0.78,November,NA,NA,NA,NA
M4,CorteMadera,T2,24,a,2025-10-03,2025-11-06,2025,3.995401655,1,0,0,0,0,0,0,0,0,0,Review,Scarped,East.facing,"Tran
(Months 4-6)",Platform,C2-24a,1.6794513589027176,0.796363636,November,NA,NA,NA,NA
M4,CorteMadera,T2,24,b,2025-10-03,2025-11-06,2025,1.927612551,0,0,0,0,0,0,0,0,0,0,OK,Scarped,East.facing,"Tran
(Months 4-6)",Platform,C2-24b,1.6843281686563372,0.802181818,November,NA,NA,NA,NA
M4,CorteMadera,T2,24,c,2025-10-03,2025-11-06,2025,2.836540999,0,0,0,0,0,0,0,0,0,0,OK,Scarped,East.facing,"Tran
(Months 4-6)",Platform,C2-24c,1.6751841503683007,0.791272727,November,NA,NA,NA,NA
M4,CorteMadera,T2,48,a,2025-10-03,2025-11-06,2025,6.511598544,0,0,1,0,0,0,0,0,0,0,Review,Scarped,East.facing,"Tran
(Months 4-6)",Upland,C2-48a,1.6794513589027176,0.796363636,November,NA,NA,NA,NA
M4,CorteMadera,T2,48,b,2025-10-03,2025-11-06,2025,5.529021925,0,0,1,0,0,0,0,0,0,0,Review,Scarped,East.facing,"Tran
(Months 4-6)",Upland,C2-48b,1.6821945643891287,0.799636364,November,NA,NA,NA,NA
M4,CorteMadera,T2,48,c,2025-10-03,2025-11-06,2025,5.826712173,0,0,1,0,0,0,0,0,0,0,Review,Scarped,East.facing,"Tran
(Months 4-6)",Upland,C2-48c,1.673050546101092,0.788727273,November,NA,NA,NA,NA
M4,SanPablo,T1,0.5,a,2025-10-06,2025-11-03,2025,-0.520299123,0,0,0,0,0,0,0,0,0,1,Review,Ramped,South.facing,"Tran
(Months 4-6)",Edge,S1-0.5a,1.706273812547625,0.771628722,November,NA,NA,NA,NA
M4,SanPablo,T1,0.5,b,2025-10-06,2025-11-03,2025,-1.200819837,0,0,0,0,0,0,1,0,0,1,Review,Ramped,South.facing,"Tran
(Months 4-6)",Edge,S1-0.5b,1.722733045466091,0.790542907,November,NA,NA,NA,NA
M4,SanPablo,T1,0.5,c,2025-10-06,2025-11-03,2025,0.566670193,0,0,0,0,0,0,0,0,0,0,OK,Ramped,South.facing,"Tran
(Months 4-6)",Edge,S1-0.5c,1.723037846075692,0.79089317,November,NA,NA,NA,NA
M4,SanPablo,T1,2,a,2025-10-06,2025-11-03,2025,3.528243342,0,0,0,0,0,0,0,0,0,0,OK,Ramped,South.facing,"Tran
(Months 4-6)",Edge,S1-2a,1.6913385826771654,0.754465849,November,NA,NA,NA,NA
M4,SanPablo,T1,2,b,2025-10-06,2025-11-03,2025,1.962798689,0,0,0,0,0,0,0,0,0,0,OK,Ramped,South.facing,"Tran
(Months 4-6)",Edge,S1-2b,1.7202946405892812,0.787740806,November,NA,NA,NA,NA
M4,SanPablo,T1,2,c,2025-10-06,2025-11-03,2025,-2.182191111,0,0,0,0,0,0,0,0,0,1,Review,Ramped,South.facing,"Tran
(Months 4-6)",Edge,S1-2c,1.7550419100838202,0.827670753,November,NA,NA,NA,NA
M4,SanPablo,T1,6,a,2025-10-06,2025-11-03,2025,2.321921853,0,0,0,0,0,0,0,0,0,0,OK,Ramped,South.facing,"Tran
(Months 4-6)",Edge,S1-6a,1.8266700533401063,0.909982487,November,NA,NA,NA,NA
M4,SanPablo,T1,6,b,2025-10-06,2025-11-03,2025,2.115666029,0,0,0,0,0,0,0,0,0,0,OK,Ramped,South.facing,"Tran
(Months 4-6)",Edge,S1-6b,1.8254508509017016,0.908581436,November,NA,NA,NA,NA
M4,SanPablo,T1,6,c,2025-10-06,2025-11-03,2025,NA,1,0,0,0,0,0,0,0,0,0,Review,Ramped,South.facing,"Tran
(Months 4-6)",Edge,S1-6c,1.83002286004572,0.913835377,November,NA,NA,NA,NA
M4,SanPablo,T1,12,a,2025-10-06,2025-11-03,2025,1.200932115,0,0,0,0,0,0,0,0,0,0,OK,Ramped,South.facing,"Tran
(Months 4-6)",Platform,S1-12a,1.877266954533909,0.968126095,November,NA,NA,NA,NA
M4,SanPablo,T1,12,b,2025-10-06,2025-11-03,2025,1.048738446,0,0,0,0,0,0,0,0,0,0,OK,Ramped,South.facing,"Tran
(Months 4-6)",Platform,S1-12b,1.889763779527559,0.982486865,November,NA,NA,NA,NA
M4,SanPablo,T1,12,c,2025-10-06,2025-11-03,2025,NA,0,0,0,0,0,0,0,0,0,NA,#VALUE!,Ramped,South.facing,"Tran
(Months 4-6)",Platform,S1-12c,1.8851917703835408,0.977232925,November,NA,NA,NA,NA
M4,SanPablo,T1,24,a,2025-10-06,2025-11-03,2025,1.342010201,0,0,0,0,0,0,0,0,0,0,OK,Ramped,South.facing,"Tran
(Months 4-6)",Platform,S1-24a,1.9751079502159004,1.08056042,November,NA,NA,NA,NA
M4,SanPablo,T1,24,b,2025-10-06,2025-11-03,2025,2.257417786,0,0,0,0,0,0,0,0,0,0,OK,Ramped,South.facing,"Tran
(Months 4-6)",Platform,S1-24b,1.984861569723139,1.091768827,November,NA,NA,NA,NA
M4,SanPablo,T1,24,c,2025-10-06,2025-11-03,2025,0.9988306,0,0,0,0,0,0,0,0,0,0,OK,Ramped,South.facing,"Tran
(Months 4-6)",Platform,S1-24c,1.9751079502159004,1.08056042,November,NA,NA,NA,NA
M4,SanPablo,T1,48,a,2025-10-06,2025-11-03,2025,0.753726373,0,0,0,0,0,0,0,0,0,0,OK,Ramped,South.facing,"Tran
(Months 4-6)",Upland,S1-48a,2.013208026416053,1.124343257,November,NA,NA,NA,NA
M4,SanPablo,T1,48,b,2025-10-06,2025-11-03,2025,1.262123963,0,0,0,0,0,0,0,0,0,0,OK,Ramped,South.facing,"Tran
(Months 4-6)",Upland,S1-48b,2.0159512319024637,1.127495622,November,NA,NA,NA,NA
M4,SanPablo,T1,48,c,2025-10-06,2025-11-03,2025,1.220749292,0,0,0,0,0,0,0,0,0,0,OK,Ramped,South.facing,"Tran
(Months 4-6)",Upland,S1-48c,2.0144272288544576,1.125744308,November,NA,NA,NA,NA
M4,SanPablo,T2,0.5,a,2025-10-06,2025-11-03,2025,1.549276533,0,0,0,0,0,0,0,0,0,0,OK,Ramped,South.facing,"Tran
(Months 4-6)",Edge,S2-0.5a,1.727305054610109,0.795796848,November,NA,NA,NA,NA
M4,SanPablo,T2,0.5,b,2025-10-06,2025-11-03,2025,0.152755062,0,0,0,0,0,0,0,0,0,0,OK,Ramped,South.facing,"Tran
(Months 4-6)",Edge,S2-0.5b,1.7297434594869188,0.798598949,November,NA,NA,NA,NA
M4,SanPablo,T2,0.5,c,2025-10-06,2025-11-03,2025,-0.572845517,0,0,0,0,0,0,0,0,0,1,Review,Ramped,South.facing,"Tran
(Months 4-6)",Edge,S2-0.5c,1.721818643637287,0.789492119,November,NA,NA,NA,NA
M4,SanPablo,T2,2,a,2025-10-06,2025-11-03,2025,17.61982763,0,0,0,0,0,0,0,0,0,0,OK,Ramped,South.facing,"Tran
(Months 4-6)",Edge,S2-2a,1.7401066802133602,0.810507881,November,NA,NA,NA,NA
M4,SanPablo,T2,2,b,2025-10-06,2025-11-03,2025,1.995134931,0,0,0,0,0,0,0,0,0,0,OK,Ramped,South.facing,"Tran
(Months 4-6)",Edge,S2-2b,1.751993903987808,0.824168126,November,NA,NA,NA,NA
M4,SanPablo,T2,2,c,2025-10-06,2025-11-03,2025,1.146813821,0,0,0,0,0,0,0,0,0,0,OK,Ramped,South.facing,"Tran
(Months 4-6)",Edge,S2-2c,1.750469900939802,0.822416813,November,NA,NA,NA,NA
M4,SanPablo,T2,6,a,2025-10-06,2025-11-03,2025,3.077220127,0,0,0,0,0,0,0,0,0,0,OK,Ramped,South.facing,"Tran
(Months 4-6)",Edge,S2-6a,1.8239268478536956,0.906830123,November,NA,NA,NA,NA
M4,SanPablo,T2,6,b,2025-10-06,2025-11-03,2025,2.298399482,0,0,0,0,0,0,0,0,0,0,OK,Ramped,South.facing,"Tran
(Months 4-6)",Edge,S2-6b,1.8135636271272544,0.894921191,November,NA,NA,NA,NA
M4,SanPablo,T2,6,c,2025-10-06,2025-11-03,2025,4.883277863,0,0,0,0,0,0,0,0,0,0,OK,Ramped,South.facing,"Tran
(Months 4-6)",Edge,S2-6c,1.8083820167640337,0.888966725,November,NA,NA,NA,NA
M4,SanPablo,T2,12,a,2025-10-06,2025-11-03,2025,1.02078107,0,0,0,0,0,0,0,0,0,0,OK,Ramped,South.facing,"Tran
(Months 4-6)",Platform,S2-12a,1.899517399034798,0.993695271,November,NA,NA,NA,NA
M4,SanPablo,T2,12,b,2025-10-06,2025-11-03,2025,1.120484484,0,0,0,0,0,0,0,0,0,0,OK,Ramped,South.facing,"Tran
(Months 4-6)",Platform,S2-12b,1.8912877825755652,0.984238179,November,NA,NA,NA,NA
M4,SanPablo,T2,12,c,2025-10-06,2025-11-03,2025,1.325729801,0,0,0,0,0,0,0,0,0,0,OK,Ramped,South.facing,"Tran
(Months 4-6)",Platform,S2-12c,1.8836677673355344,0.975481611,November,NA,NA,NA,NA
M4,SanPablo,T2,24,a,2025-10-06,2025-11-03,2025,1.508519394,0,0,0,0,0,0,0,0,0,0,OK,Ramped,South.facing,"Tran
(Months 4-6)",Platform,S2-24a,2.0001016002032004,1.109281961,November,NA,NA,NA,NA
M4,SanPablo,T2,24,b,2025-10-06,2025-11-03,2025,1.6804741,0,0,0,0,0,0,0,0,0,0,OK,Ramped,South.facing,"Tran
(Months 4-6)",Platform,S2-24b,1.9979679959359915,1.106830123,November,NA,NA,NA,NA
M4,SanPablo,T2,24,c,2025-10-06,2025-11-03,2025,1.621976939,0,0,0,0,0,0,0,0,0,0,OK,Ramped,South.facing,"Tran
(Months 4-6)",Platform,S2-24c,1.9915671831343664,1.099474606,November,NA,NA,NA,NA
M4,SanPablo,T2,48,a,2025-10-06,2025-11-03,2025,0.664970125,0,0,0,0,0,0,0,0,0,0,OK,Ramped,South.facing,"Tran
(Months 4-6)",Upland,S2-48a,2.0138176276352553,1.125043783,November,NA,NA,NA,NA
M4,SanPablo,T2,48,b,2025-10-06,2025-11-03,2025,2.422691914,0,0,0,0,0,0,0,0,0,0,OK,Ramped,South.facing,"Tran
(Months 4-6)",Upland,S2-48b,2.022961645923292,1.135551664,November,NA,NA,NA,NA
M4,SanPablo,T2,48,c,2025-10-06,2025-11-03,2025,1.427734927,0,0,0,0,0,0,0,0,0,0,OK,Ramped,South.facing,"Tran
(Months 4-6)",Upland,S2-48c,2.0205232410464817,1.132749562,November,NA,NA,NA,NA
M5,Buck'sLanding,T1,0.5,a,2025-11-15,2025-12-12,2025,2.385854131,0,0,0,0,0,0,0,0,0,0,OK,Ramped,East.facing,"Tran
(Months 4-6)",Edge,B1-0.5a,1.6544577089154178,0.743807502,December,NA,NA,NA,NA
M5,Buck'sLanding,T1,0.5,b,2025-11-15,2025-12-12,2025,2.644286246,0,0,0,0,0,0,0,0,0,0,OK,Ramped,East.facing,"Tran
(Months 4-6)",Edge,B1-0.5b,1.6599441198882396,0.750176929,December,NA,NA,NA,NA
M5,Buck'sLanding,T1,0.5,c,2025-11-15,2025-12-12,2025,3.661422419,0,0,0,0,0,0,0,0,0,0,OK,Ramped,East.facing,"Tran
(Months 4-6)",Edge,B1-0.5c,1.6611633223266449,0.751592357,December,NA,NA,NA,NA
M5,Buck'sLanding,T1,2,a,2025-11-15,2025-12-12,2025,0.953270431,0,0,0,0,0,0,0,0,0,0,OK,Ramped,East.facing,"Tran
(Months 4-6)",Edge,B1-2a,1.7718059436118871,0.880042463,December,NA,NA,NA,NA
M5,Buck'sLanding,T1,2,b,2025-11-15,2025-12-12,2025,0.927130305,0,0,0,0,0,0,0,0,0,0,OK,Ramped,East.facing,"Tran
(Months 4-6)",Edge,B1-2b,1.7794259588519177,0.888888889,December,NA,NA,NA,NA
M5,Buck'sLanding,T1,2,c,2025-11-15,2025-12-12,2025,0.515292328,0,0,0,0,0,0,0,0,0,0,OK,Ramped,East.facing,"Tran
(Months 4-6)",Edge,B1-2c,1.7669291338582676,0.87438075,December,NA,NA,NA,NA
M5,Buck'sLanding,T1,6,a,2025-11-15,2025-12-12,2025,9.853604924,0,0,0,0,0,0,0,0,0,0,OK,Ramped,East.facing,"Tran
(Months 4-6)",Edge,B1-6a,1.8138684277368553,0.928874735,December,NA,NA,NA,NA
M5,Buck'sLanding,T1,6,b,2025-11-15,2025-12-12,2025,5.171669656,0,0,0,0,0,0,0,0,0,0,OK,Ramped,East.facing,"Tran
(Months 4-6)",Edge,B1-6b,1.806248412496825,0.920028309,December,NA,NA,NA,NA
M5,Buck'sLanding,T1,6,c,2025-11-15,2025-12-12,2025,8.664432954,0,0,0,0,0,0,0,0,0,0,OK,Ramped,East.facing,"Tran
(Months 4-6)",Edge,B1-6c,1.8053340106680211,0.918966737,December,NA,NA,NA,NA
M5,Buck'sLanding,T1,12,a,2025-11-15,2025-12-12,2025,2.067049387,0,0,0,0,0,0,0,0,0,0,OK,Ramped,East.facing,"Tran
(Months 4-6)",Platform,B1-12a,1.8483108966217932,0.96886058,December,NA,NA,NA,NA
M5,Buck'sLanding,T1,12,b,2025-11-15,2025-12-12,2025,1.93140018,0,0,0,0,0,0,0,0,0,0,OK,Ramped,East.facing,"Tran
(Months 4-6)",Platform,B1-12b,1.8461772923545847,0.966383581,December,NA,NA,NA,NA
M5,Buck'sLanding,T1,12,c,2025-11-15,2025-12-12,2025,2.382069926,0,0,0,0,0,0,0,0,0,0,OK,Ramped,East.facing,"Tran
(Months 4-6)",Platform,B1-12c,1.8428244856489713,0.962491154,December,NA,NA,NA,NA
M5,Buck'sLanding,T1,18,a,2025-11-15,2025-12-12,2025,10.51456005,0,0,0,0,0,0,0,0,0,0,OK,Ramped,East.facing,"Tran
(Months 4-6)",Platform,B1-18a,1.8736093472186943,0.998230715,December,NA,NA,NA,NA
M5,Buck'sLanding,T1,18,b,2025-11-15,2025-12-12,2025,7.99986828,0,1,0,0,0,0,0,0,0,0,Review,Ramped,East.facing,"Tran
(Months 4-6)",Platform,B1-18b,1.8745237490474984,0.999292286,December,NA,NA,NA,NA
M5,Buck'sLanding,T1,18,c,2025-11-15,2025-12-12,2025,7.952245512,0,0,0,0,0,0,0,0,0,0,OK,Ramped,East.facing,"Tran
(Months 4-6)",Platform,B1-18c,1.8806197612395223,1.006369427,December,NA,NA,NA,NA
M5,Buck'sLanding,T1,24,a,2025-11-15,2025-12-12,2025,7.888205114,0,0,0,0,0,0,0,0,0,0,OK,Ramped,East.facing,"Tran
(Months 4-6)",Platform,B1-24a,1.8641605283210565,0.987261146,December,NA,NA,NA,NA
M5,Buck'sLanding,T1,24,b,2025-11-15,2025-12-12,2025,10.97087699,0,0,0,0,0,0,0,0,0,0,OK,Ramped,East.facing,"Tran
(Months 4-6)",Platform,B1-24b,1.869037338074676,0.992922859,December,NA,NA,NA,NA
M5,Buck'sLanding,T1,24,c,2025-11-15,2025-12-12,2025,9.606583644,0,0,0,0,0,0,0,0,0,0,OK,Ramped,East.facing,"Tran
(Months 4-6)",Platform,B1-24c,1.8714757429514857,0.995753715,December,NA,NA,NA,NA
M5,Buck'sLanding,T1,48,a,2025-11-15,2025-12-12,2025,11.29125364,0,0,0,0,0,0,0,0,0,0,OK,Ramped,East.facing,"Tran
(Months 4-6)",Upland,B1-48a,1.856845313690627,0.978768577,December,NA,NA,NA,NA
M5,Buck'sLanding,T1,48,b,2025-11-15,2025-12-12,2025,11.73848849,0,0,0,0,0,0,0,0,0,0,OK,Ramped,East.facing,"Tran
(Months 4-6)",Upland,B1-48b,1.850749301498603,0.971691437,December,NA,NA,NA,NA
M5,Buck'sLanding,T1,48,c,2025-11-15,2025-12-12,2025,11.02344834,0,0,0,0,0,1,0,0,0,0,Review,Ramped,East.facing,"Tran
(Months 4-6)",Upland,B1-48c,1.8516637033274064,0.972753008,December,NA,NA,NA,NA
M5,Buck'sLanding,T2,0.5,a,2025-11-15,2025-12-12,2025,4.608929214,0,0,0,0,0,0,0,0,0,0,OK,Ramped,East.facing,"Tran
(Months 4-6)",Edge,B2-0.5a,1.6338836677673354,0.7199221515,December,NA,NA,NA,NA
M5,Buck'sLanding,T2,0.5,b,2025-11-15,2025-12-12,2025,2.509859629,0,0,0,0,0,0,1,0,0,0,Review,Ramped,East.facing,"Tran
(Months 4-6)",Edge,B2-0.5b,1.6431800863601729,0.730714791,December,NA,NA,NA,NA
M5,Buck'sLanding,T2,0.5,c,2025-11-15,2025-12-12,2025,5.557658599,0,0,0,0,0,0,0,0,0,0,OK,Ramped,East.facing,"Tran
(Months 4-6)",Edge,B2-0.5c,1.6407416814833629,0.727883935,December,NA,NA,NA,NA
M5,Buck'sLanding,T2,2,a,2025-11-15,2025-12-12,2025,2.055231022,0,0,0,0,0,0,0,0,0,0,OK,Ramped,East.facing,"Tran
(Months 4-6)",Edge,B2-2a,1.773329946659893,0.881811748,December,NA,NA,NA,NA
M5,Buck'sLanding,T2,2,b,2025-11-15,2025-12-12,2025,-0.100776299,0,0,0,0,0,0,0,0,0,1,Review,Ramped,East.facing,"Tran
(Months 4-6)",Edge,B2-2b,1.7654051308102614,0.872611465,December,NA,NA,NA,NA
M5,Buck'sLanding,T2,2,c,2025-11-15,2025-12-12,2025,1.125713757,0,0,0,0,0,0,0,0,0,0,OK,Ramped,East.facing,"Tran
(Months 4-6)",Edge,B2-2c,1.7696723393446787,0.877565464,December,NA,NA,NA,NA
M5,Buck'sLanding,T2,6,a,2025-11-15,2025-12-12,2025,15.60565524,0,0,0,0,0,0,0,0,0,0,OK,Ramped,East.facing,"Tran
(Months 4-6)",Edge,B2-6a,1.843738887477775,0.963552725,December,NA,NA,NA,NA
M5,Buck'sLanding,T2,6,b,2025-11-15,2025-12-12,2025,11.99855072,0,0,0,0,0,0,0,0,0,0,OK,Ramped,East.facing,"Tran
(Months 4-6)",Edge,B2-6b,1.8394716789433576,0.958598726,December,NA,NA,NA,NA
M5,Buck'sLanding,T2,6,c,2025-11-15,2025-12-12,2025,7.94392026,0,0,0,0,0,0,0,0,0,0,OK,Ramped,East.facing,"Tran
(Months 4-6)",Edge,B2-6c,1.8376428752857503,0.956475584,December,NA,NA,NA,NA
M5,Buck'sLanding,T2,12,a,2025-11-15,2025-12-12,2025,12.11929598,0,0,0,0,0,0,0,0,0,0,OK,Ramped,East.facing,"Tran
(Months 4-6)",Platform,B2-12a,1.84008128016256,0.95930644,December,NA,NA,NA,NA
M5,Buck'sLanding,T2,12,b,2025-11-15,2025-12-12,2025,16.3141167,0,0,0,0,0,0,0,0,0,0,OK,Ramped,East.facing,"Tran
(Months 4-6)",Platform,B2-12b,1.835814071628143,0.954352442,December,NA,NA,NA,NA
M5,Buck'sLanding,T2,12,c,2025-11-15,2025-12-12,2025,10.92692199,1,0,0,0,0,0,0,0,0,0,Review,Ramped,East.facing,"Tran
(Months 4-6)",Platform,B2-12c,1.822098044196088,0.938428875,December,NA,NA,NA,NA
M5,Buck'sLanding,T2,24,a,2025-11-15,2025-12-12,2025,13.28715996,0,0,0,0,0,0,0,0,0,0,OK,Ramped,East.facing,"Tran
(Months 4-6)",Platform,B2-24a,1.8266700533401063,0.94373673,December,NA,NA,NA,NA
M5,Buck'sLanding,T2,24,b,2025-11-15,2025-12-12,2025,15.10579083,0,0,0,0,0,0,0,0,0,0,OK,Ramped,East.facing,"Tran
(Months 4-6)",Platform,B2-24b,1.8294132588265175,0.946921444,December,NA,NA,NA,NA
M5,Buck'sLanding,T2,24,c,2025-11-15,2025-12-12,2025,14.13598633,0,0,0,0,0,0,0,0,0,0,OK,Ramped,East.facing,"Tran
(Months 4-6)",Platform,B2-24c,1.8446532893065783,0.964614296,December,NA,NA,NA,NA
M5,Buck'sLanding,T2,48,a,2025-11-15,2025-12-12,2025,12.31834518,0,0,0,0,0,0,0,0,0,0,OK,Ramped,East.facing,"Tran
(Months 4-6)",Upland,B2-48a,1.8416052832105665,0.961075725,December,NA,NA,NA,NA
M5,Buck'sLanding,T2,48,b,2025-11-15,2025-12-12,2025,12.27974629,0,0,0,0,0,0,0,0,0,0,OK,Ramped,East.facing,"Tran
(Months 4-6)",Upland,B2-48b,1.8525781051562105,0.973814579,December,NA,NA,NA,NA
M5,Buck'sLanding,T2,48,c,2025-11-15,2025-12-12,2025,11.38894435,0,0,0,0,0,0,0,0,0,0,OK,Ramped,East.facing,"Tran
(Months 4-6)",Upland,B2-48c,1.849530099060198,0.970276008,December,NA,NA,NA,NA
M5,GiantMarsh,T1,0.5,a,2025-11-04,2025-12-11,2025,0.256134842,0,0,0,0,0,0,0,0,0,0,OK,Scarped,West.facing,"Tran
(Months 4-6)",Edge,G1-0.5a,2.067462535,1.195887069,December,NA,NA,NA,NA
M5,GiantMarsh,T1,0.5,b,2025-11-04,2025-12-11,2025,0.6677604,0,0,0,0,0,0,0,0,0,0,OK,Scarped,West.facing,"Tran
(Months 4-6)",Edge,G1-0.5b,2.066243332486665,1.194492855,December,NA,NA,NA,NA
M5,GiantMarsh,T1,0.5,c,2025-11-04,2025-12-11,2025,1.801228238,0,0,0,0,0,0,0,0,0,0,OK,Scarped,West.facing,"Tran
(Months 4-6)",Edge,G1-0.5c,2.0574041148082296,1.184384803,December,NA,NA,NA,NA
M5,GiantMarsh,T1,2,a,2025-11-04,2025-12-11,2025,1.678535017,0,0,0,0,0,0,0,0,0,0,OK,Scarped,West.facing,"Tran
(Months 4-6)",Edge,G1-2a,2.0183896367792733,1.139769955,December,NA,NA,NA,NA
M5,GiantMarsh,T1,2,b,2025-11-04,2025-12-11,2025,20.26634546,0,0,0,0,0,0,0,0,0,0,OK,Scarped,West.facing,"Tran
(Months 4-6)",Edge,G1-2b,2.019304038608077,1.140815615,December,NA,NA,NA,NA
M5,GiantMarsh,T1,2,c,2025-11-04,2025-12-11,2025,108.467689,0,0,0,0,0,0,0,0,0,0,OK,Scarped,West.facing,"Tran
(Months 4-6)",Edge,G1-2c,2.0189992379984756,1.140467062,December,NA,NA,NA,NA
M5,GiantMarsh,T1,6,a,2025-11-04,2025-12-11,2025,9.953232586,0,0,0,1,0,0,0,0,0,0,Review,Scarped,West.facing,"Tran
(Months 4-6)",Edge,G1-6a,1.9723647447294896,1.087138376,December,NA,NA,NA,NA
M5,GiantMarsh,T1,6,b,2025-11-04,2025-12-11,2025,6.770558559,0,0,0,1,0,0,0,0,0,0,Review,Scarped,West.facing,"Tran
(Months 4-6)",Edge,G1-6b,1.9793751587503172,1.095155106,December,NA,NA,NA,NA
M5,GiantMarsh,T1,6,c,2025-11-04,2025-12-11,2025,8.206086229,0,0,0,1,0,0,0,0,0,0,Review,Scarped,West.facing,"Tran
(Months 4-6)",Edge,G1-6c,1.9763271526543051,1.091669571,December,NA,NA,NA,NA
M5,GiantMarsh,T1,12,a,2025-11-04,2025-12-11,2025,8.732757922,0,0,0,1,0,0,0,0,0,0,Review,Scarped,West.facing,"Tran
(Months 4-6)",Platform,G1-12a,1.9418846837693675,1.052283025,December,NA,NA,NA,NA
M5,GiantMarsh,T1,12,b,2025-11-04,2025-12-11,2025,9.292524497,0,0,0,1,0,0,0,0,0,0,Review,Scarped,West.facing,"Tran
(Months 4-6)",Platform,G1-12b,1.9495046990093976,1.060996863,December,NA,NA,NA,NA
M5,GiantMarsh,T1,12,c,2025-11-04,2025-12-11,2025,7.008382882,0,0,0,1,0,0,0,0,0,0,Review,Scarped,West.facing,"Tran
(Months 4-6)",Platform,G1-12c,1.9577343154686309,1.070407808,December,NA,NA,NA,NA
M5,GiantMarsh,T1,24,a,2025-11-04,2025-12-11,2025,NA,0,0,0,0,0,0,0,0,0,NA,#VALUE!,Scarped,West.facing,"Tran
(Months 4-6)",Platform,G1-24a,1.94005588011176,1.050191704,December,NA,NA,NA,NA
M5,GiantMarsh,T1,24,b,2025-11-04,2025-12-11,2025,2.509815571,0,0,0,0,0,0,0,0,0,0,OK,Scarped,West.facing,"Tran
(Months 4-6)",Platform,G1-24b,1.9467614935229869,1.057859881,December,NA,NA,NA,NA
M5,GiantMarsh,T1,24,c,2025-11-04,2025-12-11,2025,2.506756738,0,0,0,0,0,0,0,0,0,0,OK,Scarped,West.facing,"Tran
(Months 4-6)",Platform,G1-24c,1.952247904495809,1.064133845,December,NA,NA,NA,NA
M5,GiantMarsh,T1,48,a,2025-11-04,2025-12-11,2025,2.174533406,0,0,0,0,0,0,0,0,0,0,OK,Scarped,West.facing,"Tran
(Months 4-6)",Upland,G1-48a,1.8736093472186943,0.974207041,December,NA,NA,NA,NA
M5,GiantMarsh,T1,48,b,2025-11-04,2025-12-11,2025,2.084722648,0,0,0,0,0,0,0,0,0,0,OK,Scarped,West.facing,"Tran
(Months 4-6)",Upland,G1-48b,1.8595885191770385,0.95817358,December,NA,NA,NA,NA
M5,GiantMarsh,T1,48,c,2025-11-04,2025-12-11,2025,2.708427346,0,0,0,0,0,0,0,0,0,0,OK,Scarped,West.facing,"Tran
(Months 4-6)",Upland,G1-48c,1.886106172212344,0.988497734,December,NA,NA,NA,NA
M5,GiantMarsh,T2,0.5,a,2025-11-04,2025-12-11,2025,1.637028343,0,0,0,0,0,0,0,0,0,0,OK,Scarped,West.facing,"Tran
(Months 4-6)",Edge,G2-0.5a,2.0357632715265432,1.159637504,December,NA,NA,NA,NA
M5,GiantMarsh,T2,0.5,b,2025-11-04,2025-12-11,2025,1.976261502,0,0,0,0,0,0,0,0,0,0,OK,Scarped,West.facing,"Tran
(Months 4-6)",Edge,G2-0.5b,2.041249682499365,1.165911467,December,NA,NA,NA,NA
M5,GiantMarsh,T2,0.5,c,2025-11-04,2025-12-11,2025,0.257324389,0,0,0,0,0,0,0,1,0,0,Review,Scarped,West.facing,"Tran
(Months 4-6)",Edge,G2-0.5c,2.0519177038354077,1.17811084,December,NA,NA,NA,NA
M5,GiantMarsh,T2,2,a,2025-11-04,2025-12-11,2025,1512.903079,0,0,0,0,0,0,0,0,0,0,OK,Scarped,West.facing,"Tran
(Months 4-6)",Edge,G2-2a,2.0616713233426465,1.189264552,December,NA,NA,NA,NA
M5,GiantMarsh,T2,2,b,2025-11-04,2025-12-11,2025,1198.988014,0,0,0,0,0,0,0,0,0,0,OK,Scarped,West.facing,"Tran
(Months 4-6)",Edge,G2-2b,2.054051308102616,1.180550715,December,NA,NA,NA,NA
M5,GiantMarsh,T2,2,c,2025-11-04,2025-12-11,2025,365.3041938,0,0,0,0,0,0,0,0,0,0,OK,Scarped,West.facing,"Tran
(Months 4-6)",Edge,G2-2c,2.0564897129794257,1.183339143,December,NA,NA,NA,NA
M5,GiantMarsh,T2,6,a,2025-11-04,2025-12-11,2025,26.23264316,0,0,0,0,0,0,0,0,0,0,OK,Scarped,West.facing,"Tran
(Months 4-6)",Edge,G2-6a,1.9406654813309625,1.050888811,December,NA,NA,NA,NA
M5,GiantMarsh,T2,6,b,2025-11-04,2025-12-11,2025,11.33132216,0,0,0,0,0,0,0,0,0,0,OK,Scarped,West.facing,"Tran
(Months 4-6)",Edge,G2-6b,1.9434086868173737,1.054025793,December,NA,NA,NA,NA
M5,GiantMarsh,T2,6,c,2025-11-04,2025-12-11,2025,8.576842369,0,0,0,0,0,0,0,0,0,0,OK,Scarped,West.facing,"Tran
(Months 4-6)",Edge,G2-6c,1.9473710947421896,1.058556988,December,NA,NA,NA,NA
M5,GiantMarsh,T2,12,a,2025-11-04,2025-12-11,2025,9.356080265,0,0,0,1,0,0,0,0,0,0,Review,Scarped,West.facing,"Tran
(Months 4-6)",Platform,G2-12a,1.9333502667005331,1.042523527,December,NA,NA,NA,NA
M5,GiantMarsh,T2,12,b,2025-11-04,2025-12-11,2025,6.386462505,0,0,0,1,0,0,0,0,0,0,Review,Scarped,West.facing,"Tran
(Months 4-6)",Platform,G2-12b,1.9354838709677415,1.044963402,December,NA,NA,NA,NA
M5,GiantMarsh,T2,12,c,2025-11-04,2025-12-11,2025,9.391724175,0,0,0,1,0,0,0,1,0,0,Review,Scarped,West.facing,"Tran
(Months 4-6)",Platform,G2-12c,1.9318262636525272,1.04078076,December,NA,NA,NA,NA
M5,GiantMarsh,T2,24,a,2025-11-04,2025-12-11,2025,2.174278503,0,0,0,0,0,0,0,0,0,0,OK,Scarped,West.facing,"Tran
(Months 4-6)",Platform,G2-24a,1.9357886715773431,1.045311955,December,NA,NA,NA,NA
M5,GiantMarsh,T2,24,b,2025-11-04,2025-12-11,2025,1.876806921,0,0,0,0,0,0,0,0,0,0,OK,Scarped,West.facing,"Tran
(Months 4-6)",Platform,G2-24b,1.9406654813309625,1.050888811,December,NA,NA,NA,NA
M5,GiantMarsh,T2,24,c,2025-11-04,2025-12-11,2025,1.786656294,0,0,0,0,0,0,0,0,0,0,OK,Scarped,West.facing,"Tran
(Months 4-6)",Platform,G2-24c,1.9354838709677415,1.044963402,December,NA,NA,NA,NA
M5,GiantMarsh,T2,48,a,2025-11-04,2025-12-11,2025,2.003068781,0,0,0,0,0,0,0,0,0,0,OK,Scarped,West.facing,"Tran
(Months 4-6)",Upland,G2-48a,1.8733045466090932,0.973858487,December,NA,NA,NA,NA
M5,GiantMarsh,T2,48,b,2025-11-04,2025-12-11,2025,1.604953072,0,0,0,0,0,0,0,0,0,0,OK,Scarped,West.facing,"Tran
(Months 4-6)",Upland,G2-48b,1.897078994157988,1.001045661,December,NA,NA,NA,NA
M5,GiantMarsh,T2,48,c,2025-11-04,2025-12-11,2025,1.994104699,0,0,0,0,0,0,0,0,0,0,OK,Scarped,West.facing,"Tran
(Months 4-6)",Upland,G2-48c,1.8836677673355344,0.985709306,December,NA,NA,NA,NA
M5,CorteMadera,T1,0.5,a,2025-11-06,2025-12-03,2025,0.722375688,0,0,1,0,0,0,0,0,0,0,Review,Scarped,East.facing,"Tran
(Months 4-6)",Edge,C1-0.5a,1.6593345186690371,0.772363636,December,NA,NA,NA,NA
M5,CorteMadera,T1,0.5,b,2025-11-06,2025-12-03,2025,0.476285904,0,0,1,0,0,0,0,0,0,0,Review,Scarped,East.facing,"Tran
(Months 4-6)",Edge,C1-0.5b,1.6684785369570738,0.783272727,December,NA,NA,NA,NA
M5,CorteMadera,T1,0.5,c,2025-11-06,2025-12-03,2025,0.704910125,0,0,1,0,0,0,0,0,0,0,Review,Scarped,East.facing,"Tran
(Months 4-6)",Edge,C1-0.5c,1.6614681229362456,0.774909091,December,NA,NA,NA,NA
M5,CorteMadera,T1,2,a,2025-11-06,2025-12-03,2025,0.967417537,0,0,1,0,0,0,0,0,0,0,Review,Scarped,East.facing,"Tran
(Months 4-6)",Edge,C1-2a,1.6462280924561847,0.756727273,December,NA,NA,NA,NA
M5,CorteMadera,T1,2,b,2025-11-06,2025-12-03,2025,0.673006363,0,0,1,0,0,0,0,0,0,0,Review,Scarped,East.facing,"Tran
(Months 4-6)",Edge,C1-2b,1.6480568961137922,0.758909091,December,NA,NA,NA,NA
M5,CorteMadera,T1,2,c,2025-11-06,2025-12-03,2025,1.100563346,0,0,1,0,0,0,0,0,0,0,Review,Scarped,East.facing,"Tran
(Months 4-6)",Edge,C1-2c,1.6462280924561847,0.756727273,December,NA,NA,NA,NA
M5,CorteMadera,T1,6,a,2025-11-06,2025-12-03,2025,5.701400183,1,0,1,0,0,0,0,0,0,0,Review,Scarped,East.facing,"Tran
(Months 4-6)",Edge,C1-6a,1.664516129032258,0.778545455,December,NA,NA,NA,NA
M5,CorteMadera,T1,6,b,2025-11-06,2025-12-03,2025,4.536156035,0,0,1,0,0,0,0,0,0,0,Review,Scarped,East.facing,"Tran
(Months 4-6)",Edge,C1-6b,1.6620777241554483,0.775636364,December,NA,NA,NA,NA
M5,CorteMadera,T1,6,c,2025-11-06,2025-12-03,2025,5.067516681,0,0,1,0,0,0,0,0,0,0,Review,Scarped,East.facing,"Tran
(Months 4-6)",Edge,C1-6c,1.6529337058674116,0.764727273,December,NA,NA,NA,NA
M5,CorteMadera,T1,12,a,2025-11-06,2025-12-03,2025,14.00965209,0,0,1,0,0,0,0,0,0,0,Review,Scarped,East.facing,"Tran
(Months 4-6)",Platform,C1-12a,1.6413512827025651,0.750909091,December,NA,NA,NA,NA
M5,CorteMadera,T1,12,b,2025-11-06,2025-12-03,2025,15.14287604,0,0,1,0,0,0,0,0,0,0,Review,Scarped,East.facing,"Tran
(Months 4-6)",Platform,C1-12b,1.6447040894081788,0.754909091,December,NA,NA,NA,NA
M5,CorteMadera,T1,12,c,2025-11-06,2025-12-03,2025,2.528897092,0,0,0,0,0,0,0,0,0,0,OK,Scarped,East.facing,"Tran
(Months 4-6)",Platform,C1-12c,1.659029718059436,0.772,December,NA,NA,NA,NA
M5,CorteMadera,T1,24,a,2025-11-06,2025-12-03,2025,2.573434278,0,0,0,0,0,0,0,0,0,0,OK,Scarped,East.facing,"Tran
(Months 4-6)",Platform,C1-24a,1.7199898399796798,0.844727273,December,NA,NA,NA,NA
M5,CorteMadera,T1,24,b,2025-11-06,2025-12-03,2025,3.020552692,0,0,0,0,0,0,0,0,0,0,OK,Scarped,East.facing,"Tran
(Months 4-6)",Platform,C1-24b,1.7184658369316737,0.842909091,December,NA,NA,NA,NA
M5,CorteMadera,T1,24,c,2025-11-06,2025-12-03,2025,2.8563764,0,0,0,0,0,0,0,0,0,0,OK,Scarped,East.facing,"Tran
(Months 4-6)",Platform,C1-24c,1.7141986283972566,0.837818182,December,NA,NA,NA,NA
M5,CorteMadera,T1,48,a,2025-11-06,2025-12-03,2025,2.171493454,0,0,1,0,0,0,0,0,0,0,Review,Scarped,East.facing,"Tran
(Months 4-6)",Upland,C1-48a,1.732486665,0.859636364,December,NA,NA,NA,NA
M5,CorteMadera,T1,48,b,2025-11-06,2025-12-03,2025,3.244402992,0,0,1,0,0,0,0,0,0,0,Review,Scarped,East.facing,"Tran
(Months 4-6)",Upland,C1-48b,1.7108458216916431,0.833818182,December,NA,NA,NA,NA
M5,CorteMadera,T1,48,c,2025-11-06,2025-12-03,2025,2.243917322,0,0,1,0,0,0,0,0,0,0,Review,Scarped,East.facing,"Tran
(Months 4-6)",Upland,C1-48c,1.7065786131572265,0.828727273,December,NA,NA,NA,NA
M5,CorteMadera,T2,0.5,a,2025-11-06,2025-12-03,2025,0.313041108,0,0,0,0,0,0,0,0,0,0,OK,Scarped,East.facing,"Tran
(Months 4-6)",Edge,C2-0.5a,1.621234442468885,0.726909091,December,NA,NA,NA,NA
M5,CorteMadera,T2,0.5,b,2025-11-06,2025-12-03,2025,0.214709988,0,0,0,0,0,0,0,0,0,0,OK,Scarped,East.facing,"Tran
(Months 4-6)",Edge,C2-0.5b,1.6392176784353567,0.748363636,December,NA,NA,NA,NA
M5,CorteMadera,T2,0.5,c,2025-11-06,2025-12-03,2025,0.257500618,0,0,0,0,0,0,0,0,0,0,OK,Scarped,East.facing,"Tran
(Months 4-6)",Edge,C2-0.5c,1.6495808991617982,0.760727273,December,NA,NA,NA,NA
M5,CorteMadera,T2,2,a,2025-11-06,2025-12-03,2025,0.388434122,0,0,0,0,0,0,0,0,0,0,OK,Scarped,East.facing,"Tran
(Months 4-6)",Edge,C2-2a,1.656286512573025,0.768727273,December,NA,NA,NA,NA
M5,CorteMadera,T2,2,b,2025-11-06,2025-12-03,2025,0.607685157,0,0,0,0,0,0,0,0,0,0,OK,Scarped,East.facing,"Tran
(Months 4-6)",Edge,C2-2b,1.6544577089154178,0.766545455,December,NA,NA,NA,NA
M5,CorteMadera,T2,2,c,2025-11-06,2025-12-03,2025,0.520706653,0,0,0,0,0,0,0,0,0,0,OK,Scarped,East.facing,"Tran
(Months 4-6)",Edge,C2-2c,1.6556769113538228,0.768,December,NA,NA,NA,NA
M5,CorteMadera,T2,6,a,2025-11-06,2025-12-03,2025,1.612304344,0,0,0,0,0,0,0,0,0,0,OK,Scarped,East.facing,"Tran
(Months 4-6)",Edge,C2-6a,1.6623825247650494,0.776,December,NA,NA,NA,NA
M5,CorteMadera,T2,6,b,2025-11-06,2025-12-03,2025,1.452610879,0,0,0,0,0,0,0,0,0,0,OK,Scarped,East.facing,"Tran
(Months 4-6)",Edge,C2-6b,1.6727457454914911,0.788363636,December,NA,NA,NA,NA
M5,CorteMadera,T2,6,c,2025-11-06,2025-12-03,2025,1.26270199,0,0,0,0,0,0,0,0,0,0,OK,Scarped,East.facing,"Tran
(Months 4-6)",Edge,C2-6c,1.6675641351282702,0.782181818,December,NA,NA,NA,NA
M5,CorteMadera,T2,12,a,2025-11-06,2025-12-03,2025,1.226198963,0,0,0,0,0,0,0,0,0,0,OK,Scarped,East.facing,"Tran
(Months 4-6)",Platform,C2-12a,1.664820929641859,0.778909091,December,NA,NA,NA,NA
M5,CorteMadera,T2,12,b,2025-11-06,2025-12-03,2025,1.168038638,0,0,0,0,0,0,0,0,0,0,OK,Scarped,East.facing,"Tran
(Months 4-6)",Platform,C2-12b,1.6651257302514604,0.779272727,December,NA,NA,NA,NA
M5,CorteMadera,T2,12,c,2025-11-06,2025-12-03,2025,0.829206715,0,0,0,0,0,0,0,0,0,0,OK,Scarped,East.facing,"Tran
(Months 4-6)",Platform,C2-12c,1.6657353314706629,0.78,December,NA,NA,NA,NA
M5,CorteMadera,T2,24,a,2025-11-06,2025-12-03,2025,4.551059982,0,0,0,0,0,0,0,0,0,0,OK,Scarped,East.facing,"Tran
(Months 4-6)",Platform,C2-24a,1.6794513589027176,0.796363636,December,NA,NA,NA,NA
M5,CorteMadera,T2,24,b,2025-11-06,2025-12-03,2025,3.897032864,0,0,0,0,0,0,0,0,0,0,OK,Scarped,East.facing,"Tran
(Months 4-6)",Platform,C2-24b,1.6843281686563372,0.802181818,December,NA,NA,NA,NA
M5,CorteMadera,T2,24,c,2025-11-06,2025-12-03,2025,5.484768983,0,0,0,0,0,0,0,0,0,0,OK,Scarped,East.facing,"Tran
(Months 4-6)",Platform,C2-24c,1.6751841503683007,0.791272727,December,NA,NA,NA,NA
M5,CorteMadera,T2,48,a,2025-11-06,2025-12-03,2025,2.423754403,0,0,1,0,0,0,0,0,0,0,Review,Scarped,East.facing,"Tran
(Months 4-6)",Upland,C2-48a,1.6794513589027176,0.796363636,December,NA,NA,NA,NA
M5,CorteMadera,T2,48,b,2025-11-06,2025-12-03,2025,2.74122012,0,0,0,0,0,0,0,0,0,0,OK,Scarped,East.facing,"Tran
(Months 4-6)",Upland,C2-48b,1.6821945643891287,0.799636364,December,NA,NA,NA,NA
M5,CorteMadera,T2,48,c,2025-11-06,2025-12-03,2025,2.574598649,0,0,0,0,0,0,0,0,0,0,OK,Scarped,East.facing,"Tran
(Months 4-6)",Upland,C2-48c,1.673050546101092,0.788727273,December,NA,NA,NA,NA
M5,SanPablo,T1,0.5,a,2025-11-03,2025-12-02,2025,1.029378128,0,0,0,0,0,0,0,0,0,0,OK,Ramped,South.facing,"Tran
(Months 4-6)",Edge,S1-0.5a,1.706273812547625,0.771628722,December,NA,NA,NA,NA
M5,SanPablo,T1,0.5,b,2025-11-03,2025-12-02,2025,0.504742727,0,0,0,0,0,0,0,0,0,0,OK,Ramped,South.facing,"Tran
(Months 4-6)",Edge,S1-0.5b,1.722733045466091,0.790542907,December,NA,NA,NA,NA
M5,SanPablo,T1,0.5,c,2025-11-03,2025-12-02,2025,1.126456545,0,0,0,0,0,0,0,0,0,0,OK,Ramped,South.facing,"Tran
(Months 4-6)",Edge,S1-0.5c,1.723037846075692,0.79089317,December,NA,NA,NA,NA
M5,SanPablo,T1,2,a,2025-11-03,2025-12-02,2025,1.699116222,0,0,0,0,0,0,0,0,0,0,OK,Ramped,South.facing,"Tran
(Months 4-6)",Edge,S1-2a,1.6913385826771654,0.754465849,December,NA,NA,NA,NA
M5,SanPablo,T1,2,b,2025-11-03,2025-12-02,2025,1.41210884,0,0,0,0,0,1,0,0,0,0,Review,Ramped,South.facing,"Tran
(Months 4-6)",Edge,S1-2b,1.7202946405892812,0.787740806,December,NA,NA,NA,NA
M5,SanPablo,T1,2,c,2025-11-03,2025-12-02,2025,0.929210112,0,0,0,0,0,1,0,0,0,0,Review,Ramped,South.facing,"Tran
(Months 4-6)",Edge,S1-2c,1.7550419100838202,0.827670753,December,NA,NA,NA,NA
M5,SanPablo,T1,6,a,2025-11-03,2025-12-02,2025,4.616997501,0,0,0,0,0,0,0,0,0,0,OK,Ramped,South.facing,"Tran
(Months 4-6)",Edge,S1-6a,1.8266700533401063,0.909982487,December,NA,NA,NA,NA
M5,SanPablo,T1,6,b,2025-11-03,2025-12-02,2025,2.852078265,0,0,0,0,0,0,0,0,0,0,OK,Ramped,South.facing,"Tran
(Months 4-6)",Edge,S1-6b,1.8254508509017016,0.908581436,December,NA,NA,NA,NA
M5,SanPablo,T1,6,c,2025-11-03,2025-12-02,2025,2.231882144,0,0,0,0,0,0,0,0,0,0,OK,Ramped,South.facing,"Tran
(Months 4-6)",Edge,S1-6c,1.83002286004572,0.913835377,December,NA,NA,NA,NA
M5,SanPablo,T1,12,a,2025-11-03,2025-12-02,2025,3.913761662,0,0,0,0,0,0,0,0,0,0,OK,Ramped,South.facing,"Tran
(Months 4-6)",Platform,S1-12a,1.877266954533909,0.968126095,December,NA,NA,NA,NA
M5,SanPablo,T1,12,b,2025-11-03,2025-12-02,2025,3.290963774,0,0,0,0,0,0,0,0,0,0,OK,Ramped,South.facing,"Tran
(Months 4-6)",Platform,S1-12b,1.889763779527559,0.982486865,December,NA,NA,NA,NA
M5,SanPablo,T1,12,c,2025-11-03,2025-12-02,2025,4.138543458,0,0,0,0,0,0,0,0,0,0,OK,Ramped,South.facing,"Tran
(Months 4-6)",Platform,S1-12c,1.8851917703835408,0.977232925,December,NA,NA,NA,NA
M5,SanPablo,T1,24,a,2025-11-03,2025-12-02,2025,13.67531905,0,0,0,1,0,0,0,0,0,0,Review,Ramped,South.facing,"Tran
(Months 4-6)",Platform,S1-24a,1.9751079502159004,1.08056042,December,NA,NA,NA,NA
M5,SanPablo,T1,24,b,2025-11-03,2025-12-02,2025,20.89706438,0,0,0,1,0,0,0,0,0,0,Review,Ramped,South.facing,"Tran
(Months 4-6)",Platform,S1-24b,1.984861569723139,1.091768827,December,NA,NA,NA,NA
M5,SanPablo,T1,24,c,2025-11-03,2025-12-02,2025,22.28532369,0,0,0,1,0,0,0,0,0,0,Review,Ramped,South.facing,"Tran
(Months 4-6)",Platform,S1-24c,1.9751079502159004,1.08056042,December,NA,NA,NA,NA
M5,SanPablo,T1,48,a,2025-11-03,2025-12-02,2025,8.894627068,0,0,0,0,NA,0,0,0,0,0,OK,Ramped,South.facing,"Tran
(Months 4-6)",Upland,S1-48a,2.013208026416053,1.124343257,December,NA,NA,NA,NA
M5,SanPablo,T1,48,b,2025-11-03,2025-12-02,2025,13.33465023,0,0,0,0,NA,0,0,0,0,0,OK,Ramped,South.facing,"Tran
(Months 4-6)",Upland,S1-48b,2.0159512319024637,1.127495622,December,NA,NA,NA,NA
M5,SanPablo,T1,48,c,2025-11-03,2025-12-02,2025,12.44777303,0,0,0,0,NA,0,0,0,0,0,OK,Ramped,South.facing,"Tran
(Months 4-6)",Upland,S1-48c,2.0144272288544576,1.125744308,December,NA,NA,NA,NA
M5,SanPablo,T2,0.5,a,2025-11-03,2025-12-02,2025,0.801940361,0,0,0,0,NA,0,0,0,0,0,OK,Ramped,South.facing,"Tran
(Months 4-6)",Edge,S2-0.5a,1.727305054610109,0.795796848,December,NA,NA,NA,NA
M5,SanPablo,T2,0.5,b,2025-11-03,2025-12-02,2025,1.013496511,0,0,0,0,NA,0,0,0,0,0,OK,Ramped,South.facing,"Tran
(Months 4-6)",Edge,S2-0.5b,1.7297434594869188,0.798598949,December,NA,NA,NA,NA
M5,SanPablo,T2,0.5,c,2025-11-03,2025-12-02,2025,0.842918186,0,0,0,0,NA,0,0,0,0,0,OK,Ramped,South.facing,"Tran
(Months 4-6)",Edge,S2-0.5c,1.721818643637287,0.789492119,December,NA,NA,NA,NA
M5,SanPablo,T2,2,a,2025-11-03,2025-12-02,2025,4.466203444,0,0,1,0,NA,0,0,0,0,0,Review,Ramped,South.facing,"Tran
(Months 4-6)",Edge,S2-2a,1.7401066802133602,0.810507881,December,NA,NA,NA,NA
M5,SanPablo,T2,2,b,2025-11-03,2025-12-02,2025,1.469130892,0,0,0,0,NA,0,0,0,0,0,OK,Ramped,South.facing,"Tran
(Months 4-6)",Edge,S2-2b,1.751993903987808,0.824168126,December,NA,NA,NA,NA
M5,SanPablo,T2,2,c,2025-11-03,2025-12-02,2025,1.027372599,0,0,0,0,NA,0,0,0,0,0,OK,Ramped,South.facing,"Tran
(Months 4-6)",Edge,S2-2c,1.750469900939802,0.822416813,December,NA,NA,NA,NA
M5,SanPablo,T2,6,a,2025-11-03,2025-12-02,2025,4.025420813,0,0,0,0,NA,0,0,0,0,0,OK,Ramped,South.facing,"Tran
(Months 4-6)",Edge,S2-6a,1.8239268478536956,0.906830123,December,NA,NA,NA,NA
M5,SanPablo,T2,6,b,2025-11-03,2025-12-02,2025,3.285706037,0,0,0,0,NA,0,0,0,0,0,OK,Ramped,South.facing,"Tran
(Months 4-6)",Edge,S2-6b,1.8135636271272544,0.894921191,December,NA,NA,NA,NA
M5,SanPablo,T2,6,c,2025-11-03,2025-12-02,2025,4.036315711,0,0,0,0,NA,0,0,0,0,0,OK,Ramped,South.facing,"Tran
(Months 4-6)",Edge,S2-6c,1.8083820167640337,0.888966725,December,NA,NA,NA,NA
M5,SanPablo,T2,12,a,2025-11-03,2025-12-02,2025,5.737600072,0,0,0,0,NA,0,0,0,0,0,OK,Ramped,South.facing,"Tran
(Months 4-6)",Platform,S2-12a,1.899517399034798,0.993695271,December,NA,NA,NA,NA
M5,SanPablo,T2,12,b,2025-11-03,2025-12-02,2025,3.732722067,0,0,0,0,NA,0,0,0,0,0,OK,Ramped,South.facing,"Tran
(Months 4-6)",Platform,S2-12b,1.8912877825755652,0.984238179,December,NA,NA,NA,NA
M5,SanPablo,T2,12,c,2025-11-03,2025-12-02,2025,4.637323803,0,0,0,0,NA,0,0,0,0,0,OK,Ramped,South.facing,"Tran
(Months 4-6)",Platform,S2-12c,1.8836677673355344,0.975481611,December,NA,NA,NA,NA
M5,SanPablo,T2,24,a,2025-11-03,2025-12-02,2025,24.54387394,0,0,0,1,0,0,0,0,0,0,Review,Ramped,South.facing,"Tran
(Months 4-6)",Platform,S2-24a,2.0001016002032004,1.109281961,December,NA,NA,NA,NA
M5,SanPablo,T2,24,b,2025-11-03,2025-12-02,2025,28.70973595,0,0,0,1,0,0,0,0,0,0,Review,Ramped,South.facing,"Tran
(Months 4-6)",Platform,S2-24b,1.9979679959359915,1.106830123,December,NA,NA,NA,NA
M5,SanPablo,T2,24,c,2025-11-03,2025-12-02,2025,25.13740196,0,0,0,1,0,0,0,0,0,0,Review,Ramped,South.facing,"Tran
(Months 4-6)",Platform,S2-24c,1.9915671831343664,1.099474606,December,NA,NA,NA,NA
M5,SanPablo,T2,48,a,2025-11-03,2025-12-02,2025,3.851265059,0,0,0,0,0,0,0,0,0,0,OK,Ramped,South.facing,"Tran
(Months 4-6)",Upland,S2-48a,2.0138176276352553,1.125043783,December,NA,NA,NA,NA
M5,SanPablo,T2,48,b,2025-11-03,2025-12-02,2025,11.24716614,0,0,0,0,0,1,0,0,0,0,Review,Ramped,South.facing,"Tran
(Months 4-6)",Upland,S2-48b,2.022961645923292,1.135551664,December,NA,NA,NA,NA
M5,SanPablo,T2,48,c,2025-11-03,2025-12-02,2025,13.02292607,0,0,0,0,0,0,0,0,0,0,OK,Ramped,South.facing,"Tran
(Months 4-6)",Upland,S2-48c,2.0205232410464817,1.132749562,December,NA,NA,NA,NA
M5,SanPablo,T1,18,a,2025-11-03,2025-12-02,2025,3.657216631,0,0,0,0,0,0,0,0,0,0,OK,Ramped,South.facing,"Tran
(Months 4-6)",Platform,S1-18a,1.9778511557023113,1.083712785,December,NA,NA,NA,NA
M5,SanPablo,T1,18,b,2025-11-03,2025-12-02,2025,3.517859506,0,0,0,0,0,0,0,0,0,0,OK,Ramped,South.facing,"Tran
(Months 4-6)",Platform,S1-18b,1.9882143764287528,1.095621716,December,NA,NA,NA,NA
M5,SanPablo,T1,18,c,2025-11-03,2025-12-02,2025,2.28787433,1,0,0,0,0,0,0,0,0,0,Review,Ramped,South.facing,"Tran
(Months 4-6)",Platform,S1-18c,1.9918719837439671,1.099824869,December,NA,NA,NA,NA
M5,SanPablo,T2,18,a,2025-11-03,2025-12-02,2025,4.296600781,0,0,0,0,0,0,0,0,0,0,OK,Ramped,South.facing,"Tran
(Months 4-6)",Platform,S2-18a,1.9677927355854712,1.072154116,December,NA,NA,NA,NA
M5,SanPablo,T2,18,b,2025-11-03,2025-12-02,2025,4.351237881,0,0,0,0,0,0,0,0,0,0,OK,Ramped,South.facing,"Tran
(Months 4-6)",Platform,S2-18b,1.9677927355854712,1.072154116,December,NA,NA,NA,NA
M5,SanPablo,T2,18,c,2025-11-03,2025-12-02,2025,2.421865311,0,0,0,0,0,0,0,0,0,0,OK,Ramped,South.facing,"Tran
(Months 4-6)",Platform,S2-18c,1.9613919227838457,1.064798599,December,NA,NA,NA,NA
M5,GiantMarsh,T1,18,a,2025-11-04,2025-12-11,2025,12.55566285,0,0,0,0,0,0,0,0,0,0,OK,Scarped,West.facing,"Tran
(Months 4-6)",Platform,G1-18a,1.958039116078232,1.070756361,December,NA,NA,NA,NA
M5,GiantMarsh,T1,18,b,2025-11-04,2025-12-11,2025,11.23352444,0,0,0,0,0,0,0,0,0,0,OK,Scarped,West.facing,"Tran
(Months 4-6)",Platform,G1-18b,1.94005588011176,1.050191704,December,NA,NA,NA,NA
M5,GiantMarsh,T1,18,c,2025-11-04,2025-12-11,2025,18.00794903,0,0,0,0,0,0,0,0,1,0,Review,Scarped,West.facing,"Tran
(Months 4-6)",Platform,G1-18c,1.9348742697485393,1.044266295,December,NA,NA,NA,NA
M5,GiantMarsh,T2,18,a,2025-11-04,2025-12-11,2025,6.793839682,0,0,0,1,0,0,0,0,0,0,Review,Scarped,West.facing,"Tran
(Months 4-6)",Platform,G2-18a,1.9610871221742443,1.074241896,December,NA,NA,NA,NA
M5,GiantMarsh,T2,18,b,2025-11-04,2025-12-11,2025,8.410220897,0,0,0,1,0,0,0,0,0,0,Review,Scarped,West.facing,"Tran
(Months 4-6)",Platform,G2-18b,1.9516383032766065,1.063436738,December,NA,NA,NA,NA
M5,GiantMarsh,T2,18,c,2025-11-04,2025-12-11,2025,8.317138887,0,0,0,1,0,0,0,0,0,0,Review,Scarped,West.facing,"Tran
(Months 4-6)",Platform,G2-18c,1.9586487172974345,1.071453468,December,NA,NA,NA,NA
M5,Buck'sLanding,T2,18,a,2025-11-15,2025-12-12,2025,16.01207889,0,0,0,0,0,0,0,0,0,0,OK,Ramped,East.facing,"Tran
(Months 4-6)",Platform,B2-18a,1.8312420624841248,0.949044586,December,NA,NA,NA,NA
M5,Buck'sLanding,T2,18,b,2025-11-15,2025-12-12,2025,16.316329,0,0,0,0,0,0,0,0,0,0,OK,Ramped,East.facing,"Tran
(Months 4-6)",Platform,B2-18b,1.8269748539497075,0.944090587,December,NA,NA,NA,NA
M5,Buck'sLanding,T2,18,c,2025-11-15,2025-12-12,2025,15.8469711,0,0,0,0,0,0,0,0,0,0,OK,Ramped,East.facing,"Tran
(Months 4-6)",Platform,B2-18c,1.8403860807721617,0.959660297,December,NA,NA,NA,NA
M5,CorteMadera,T1,18,a,2025-11-06,2025-12-03,2025,2.910810738,0,0,0,0,0,0,0,0,0,0,OK,Scarped,East.facing,"Tran
(Months 4-6)",Platform,C1-18a,1.679756159512319,0.796727273,December,NA,NA,NA,NA
M5,CorteMadera,T1,18,b,2025-11-06,2025-12-03,2025,5.056920907,0,0,0,0,0,0,0,0,0,0,OK,Scarped,East.facing,"Tran
(Months 4-6)",Platform,C1-18b,1.6696977393954786,0.784727273,December,NA,NA,NA,NA
M5,CorteMadera,T1,18,c,2025-11-06,2025-12-03,2025,3.825540493,0,0,0,0,0,0,0,0,0,0,OK,Scarped,East.facing,"Tran
(Months 4-6)",Platform,C1-18c,1.671526543053086,0.786909091,December,NA,NA,NA,NA
M5,CorteMadera,T2,18,a,2025-11-06,2025-12-03,2025,2.533339167,0,0,0,0,0,0,0,1,0,0,Review,Scarped,East.facing,"Tran
(Months 4-6)",Platform,C2-18a,1.6623825247650494,0.776,December,NA,NA,NA,NA
M5,CorteMadera,T2,18,b,2025-11-06,2025-12-03,2025,2.705939683,0,0,0,0,0,0,0,1,0,0,Review,Scarped,East.facing,"Tran
(Months 4-6)",Platform,C2-18b,1.6672593345186688,0.781818182,December,NA,NA,NA,NA
M5,CorteMadera,T2,18,c,2025-11-06,2025-12-03,2025,2.310810428,0,0,0,0,0,0,0,1,0,0,Review,Scarped,East.facing,"Tran
(Months 4-6)",Platform,C2-18c,1.6773177546355091,0.793818182,December,NA,NA,NA,NA
M6,Buck'sLanding,T1,0.5,a,2025-12-12,2026-01-22,2025,1.808874286,0,0,0,0,0,0,0,0,0,0,OK,Ramped,East.facing,"Tran
(Months 4-6)",Edge,B1-0.5a,1.6544577089154178,0.743807502,January,NA,NA,NA,NA
M6,Buck'sLanding,T1,0.5,b,2025-12-12,2026-01-22,2025,0.794998351,0,0,0,0,0,0,0,0,0,0,OK,Ramped,East.facing,"Tran
(Months 4-6)",Edge,B1-0.5b,1.6599441198882396,0.750176929,January,NA,NA,NA,NA
M6,Buck'sLanding,T1,0.5,c,2025-12-12,2026-01-22,2025,0.660504996,0,0,0,0,0,0,0,0,0,0,OK,Ramped,East.facing,"Tran
(Months 4-6)",Edge,B1-0.5c,1.6611633223266449,0.751592357,January,NA,NA,NA,NA
M6,Buck'sLanding,T1,2,a,2025-12-12,2026-01-22,2025,0.529768866,0,0,0,0,0,0,0,0,0,0,OK,Ramped,East.facing,"Tran
(Months 4-6)",Edge,B1-2a,1.7718059436118871,0.880042463,January,NA,NA,NA,NA
M6,Buck'sLanding,T1,2,b,2025-12-12,2026-01-22,2025,0.541155561,0,0,0,0,0,0,0,0,0,0,OK,Ramped,East.facing,"Tran
(Months 4-6)",Edge,B1-2b,1.7794259588519177,0.888888889,January,NA,NA,NA,NA
M6,Buck'sLanding,T1,2,c,2025-12-12,2026-01-22,2025,0.840966861,0,0,0,0,0,0,0,0,0,0,OK,Ramped,East.facing,"Tran
(Months 4-6)",Edge,B1-2c,1.7669291338582676,0.87438075,January,NA,NA,NA,NA
M6,Buck'sLanding,T1,6,a,2025-12-12,2026-01-22,2025,2.82796433,0,0,0,0,0,0,0,0,0,0,OK,Ramped,East.facing,"Tran
(Months 4-6)",Edge,B1-6a,1.8138684277368553,0.928874735,January,NA,NA,NA,NA
M6,Buck'sLanding,T1,6,b,2025-12-12,2026-01-22,2025,2.962035956,0,0,0,0,0,0,0,0,0,0,OK,Ramped,East.facing,"Tran
(Months 4-6)",Edge,B1-6b,1.806248412496825,0.920028309,January,NA,NA,NA,NA
M6,Buck'sLanding,T1,6,c,2025-12-12,2026-01-22,2025,3.38119669,0,0,0,0,0,0,0,0,0,0,OK,Ramped,East.facing,"Tran
(Months 4-6)",Edge,B1-6c,1.8053340106680211,0.918966737,January,NA,NA,NA,NA
M6,Buck'sLanding,T1,12,a,2025-12-12,2026-01-22,2025,2.284546765,0,0,0,0,0,0,0,0,0,0,OK,Ramped,East.facing,"Tran
(Months 4-6)",Platform,B1-12a,1.8483108966217932,0.96886058,January,NA,NA,NA,NA
M6,Buck'sLanding,T1,12,b,2025-12-12,2026-01-22,2025,3.501159548,0,0,0,0,0,0,0,0,0,0,OK,Ramped,East.facing,"Tran
(Months 4-6)",Platform,B1-12b,1.8461772923545847,0.966383581,January,NA,NA,NA,NA
M6,Buck'sLanding,T1,12,c,2025-12-12,2026-01-22,2025,2.800091848,0,0,0,0,0,0,0,0,0,0,OK,Ramped,East.facing,"Tran
(Months 4-6)",Platform,B1-12c,1.8428244856489713,0.962491154,January,NA,NA,NA,NA
M6,Buck'sLanding,T1,18,a,2025-12-12,2026-01-22,2025,4.187620075,0,0,0,0,0,0,0,0,0,0,OK,Ramped,East.facing,"Tran
(Months 4-6)",Platform,B1-18a,1.8736093472186943,0.998230715,January,NA,NA,NA,NA
M6,Buck'sLanding,T1,18,b,2025-12-12,2026-01-22,2025,3.511932819,0,0,0,0,0,0,0,0,0,0,OK,Ramped,East.facing,"Tran
(Months 4-6)",Platform,B1-18b,1.8745237490474984,0.999292286,January,NA,NA,NA,NA
M6,Buck'sLanding,T1,18,c,2025-12-12,2026-01-22,2025,2.435640925,0,0,0,0,1,0,0,0,0,0,Review,Ramped,East.facing,"Tran
(Months 4-6)",Platform,B1-18c,1.8806197612395223,1.006369427,January,NA,NA,NA,NA
M6,Buck'sLanding,T1,24,a,2025-12-12,2026-01-22,2025,1.845296375,0,0,0,0,0,0,0,0,0,0,OK,Ramped,East.facing,"Tran
(Months 4-6)",Platform,B1-24a,1.8641605283210565,0.987261146,January,NA,NA,NA,NA
M6,Buck'sLanding,T1,24,b,2025-12-12,2026-01-22,2025,2.966151013,1,0,0,0,0,0,0,0,0,0,Review,Ramped,East.facing,"Tran
(Months 4-6)",Platform,B1-24b,1.869037338074676,0.992922859,January,NA,NA,NA,NA
M6,Buck'sLanding,T1,24,c,2025-12-12,2026-01-22,2025,1.778816478,0,0,0,0,0,0,0,0,0,0,OK,Ramped,East.facing,"Tran
(Months 4-6)",Platform,B1-24c,1.8714757429514857,0.995753715,January,NA,NA,NA,NA
M6,Buck'sLanding,T1,48,a,2025-12-12,2026-01-22,2025,1.565076325,0,0,0,0,0,0,0,0,0,0,OK,Ramped,East.facing,"Tran
(Months 4-6)",Upland,B1-48a,1.856845313690627,0.978768577,January,NA,NA,NA,NA
M6,Buck'sLanding,T1,48,b,2025-12-12,2026-01-22,2025,1.615492164,0,0,0,0,0,0,0,0,0,0,OK,Ramped,East.facing,"Tran
(Months 4-6)",Upland,B1-48b,1.850749301498603,0.971691437,January,NA,NA,NA,NA
M6,Buck'sLanding,T1,48,c,2025-12-12,2026-01-22,2025,1.93339949,0,0,0,0,0,0,0,0,0,0,OK,Ramped,East.facing,"Tran
(Months 4-6)",Upland,B1-48c,1.8516637033274064,0.972753008,January,NA,NA,NA,NA
M6,Buck'sLanding,T2,0.5,a,2025-12-12,2026-01-22,2025,1.901539747,0,0,0,0,0,0,0,0,0,0,OK,Ramped,East.facing,"Tran
(Months 4-6)",Edge,B2-0.5a,1.6338836677673354,0.7199221515,January,NA,NA,NA,NA
M6,Buck'sLanding,T2,0.5,b,2025-12-12,2026-01-22,2025,0.839126587,0,0,0,0,0,0,0,0,0,0,OK,Ramped,East.facing,"Tran
(Months 4-6)",Edge,B2-0.5b,1.6431800863601729,0.730714791,January,NA,NA,NA,NA
M6,Buck'sLanding,T2,0.5,c,2025-12-12,2026-01-22,2025,1.127819564,0,0,0,0,0,0,0,0,0,0,OK,Ramped,East.facing,"Tran
(Months 4-6)",Edge,B2-0.5c,1.6407416814833629,0.727883935,January,NA,NA,NA,NA
M6,Buck'sLanding,T2,2,a,2025-12-12,2026-01-22,2025,0.612197804,0,0,0,0,0,0,0,0,0,0,OK,Ramped,East.facing,"Tran
(Months 4-6)",Edge,B2-2a,1.773329946659893,0.881811748,January,NA,NA,NA,NA
M6,Buck'sLanding,T2,2,b,2025-12-12,2026-01-22,2025,0.384578919,0,0,0,0,0,0,0,0,0,0,OK,Ramped,East.facing,"Tran
(Months 4-6)",Edge,B2-2b,1.7654051308102614,0.872611465,January,NA,NA,NA,NA
M6,Buck'sLanding,T2,2,c,2025-12-12,2026-01-22,2025,0.487825956,0,0,0,0,0,0,0,0,0,0,OK,Ramped,East.facing,"Tran
(Months 4-6)",Edge,B2-2c,1.7696723393446787,0.877565464,January,NA,NA,NA,NA
M6,Buck'sLanding,T2,6,a,2025-12-12,2026-01-22,2025,3.954978775,0,0,0,0,0,0,0,0,0,0,OK,Ramped,East.facing,"Tran
(Months 4-6)",Edge,B2-6a,1.843738887477775,0.963552725,January,NA,NA,NA,NA
M6,Buck'sLanding,T2,6,b,2025-12-12,2026-01-22,2025,3.805111464,0,0,0,0,0,0,0,0,0,0,OK,Ramped,East.facing,"Tran
(Months 4-6)",Edge,B2-6b,1.8394716789433576,0.958598726,January,NA,NA,NA,NA
M6,Buck'sLanding,T2,6,c,2025-12-12,2026-01-22,2025,7.137924284,0,0,0,0,0,0,0,0,0,0,OK,Ramped,East.facing,"Tran
(Months 4-6)",Edge,B2-6c,1.8376428752857503,0.956475584,January,NA,NA,NA,NA
M6,Buck'sLanding,T2,12,a,2025-12-12,2026-01-22,2025,6.004315525,0,0,0,0,0,0,0,0,0,0,OK,Ramped,East.facing,"Tran
(Months 4-6)",Platform,B2-12a,1.84008128016256,0.95930644,January,NA,NA,NA,NA
M6,Buck'sLanding,T2,12,b,2025-12-12,2026-01-22,2025,7.219049695,0,0,0,0,0,0,0,0,0,0,OK,Ramped,East.facing,"Tran
(Months 4-6)",Platform,B2-12b,1.835814071628143,0.954352442,January,NA,NA,NA,NA
M6,Buck'sLanding,T2,12,c,2025-12-12,2026-01-22,2025,5.150773459,1,0,0,0,0,0,0,0,0,0,Review,Ramped,East.facing,"Tran
(Months 4-6)",Platform,B2-12c,1.822098044196088,0.938428875,January,NA,NA,NA,NA
M6,Buck'sLanding,T2,18,a,2025-12-12,2026-01-22,2025,4.178955451,0,0,0,0,0,0,0,0,0,0,OK,Ramped,East.facing,"Tran
(Months 4-6)",Platform,B2-18a,1.8312420624841248,0.949044586,January,NA,NA,NA,NA
M6,Buck'sLanding,T2,18,b,2025-12-12,2026-01-22,2025,4.737325242,0,0,0,0,0,0,0,0,0,0,OK,Ramped,East.facing,"Tran
(Months 4-6)",Platform,B2-18b,1.8269748539497075,0.944090587,January,NA,NA,NA,NA
M6,Buck'sLanding,T2,18,c,2025-12-12,2026-01-22,2025,3.220862821,0,0,0,0,1,0,0,0,0,0,Review,Ramped,East.facing,"Tran
(Months 4-6)",Platform,B2-18c,1.8403860807721617,0.959660297,January,NA,NA,NA,NA
M6,Buck'sLanding,T2,24,a,2025-12-12,2026-01-22,2025,3.08138539,0,0,0,0,0,0,0,0,0,0,OK,Ramped,East.facing,"Tran
(Months 4-6)",Platform,B2-24a,1.8266700533401063,0.94373673,January,NA,NA,NA,NA
M6,Buck'sLanding,T2,24,b,2025-12-12,2026-01-22,2025,3.626681568,0,0,0,0,0,0,0,0,0,0,OK,Ramped,East.facing,"Tran
(Months 4-6)",Platform,B2-24b,1.8294132588265175,0.946921444,January,NA,NA,NA,NA
M6,Buck'sLanding,T2,24,c,2025-12-12,2026-01-22,2025,4.315059046,0,0,0,0,0,0,0,0,0,0,OK,Ramped,East.facing,"Tran
(Months 4-6)",Platform,B2-24c,1.8446532893065783,0.964614296,January,NA,NA,NA,NA
M6,Buck'sLanding,T2,48,a,2025-12-12,2026-01-22,2025,4.125204116,0,0,0,0,0,0,0,0,0,0,OK,Ramped,East.facing,"Tran
(Months 4-6)",Upland,B2-48a,1.8416052832105665,0.961075725,January,NA,NA,NA,NA
M6,Buck'sLanding,T2,48,b,2025-12-12,2026-01-22,2025,5.318890153,0,0,0,0,0,0,0,0,0,0,OK,Ramped,East.facing,"Tran
(Months 4-6)",Upland,B2-48b,1.8525781051562105,0.973814579,January,NA,NA,NA,NA
M6,Buck'sLanding,T2,48,c,2025-12-12,2026-01-22,2025,5.013136302,0,0,0,0,0,0,0,0,0,0,OK,Ramped,East.facing,"Tran
(Months 4-6)",Upland,B2-48c,1.849530099060198,0.970276008,January,NA,NA,NA,NA
M6,GiantMarsh,T1,0.5,a,2025-12-11,2026-01-23,2025,-0.632635188,0,0,0,0,0,0,0,0,0,1,Review,Scarped,West.facing,"Tran
(Months 4-6)",Edge,G1-0.5a,2.067462535,1.195887069,January,NA,NA,NA,NA
M6,GiantMarsh,T1,0.5,b,2025-12-11,2026-01-23,2025,-0.601964847,0,0,0,0,0,0,0,0,0,1,Review,Scarped,West.facing,"Tran
(Months 4-6)",Edge,G1-0.5b,2.066243332486665,1.194492855,January,NA,NA,NA,NA
M6,GiantMarsh,T1,0.5,c,2025-12-11,2026-01-23,2025,-0.508162588,0,0,0,0,0,0,0,0,0,1,Review,Scarped,West.facing,"Tran
(Months 4-6)",Edge,G1-0.5c,2.0574041148082296,1.184384803,January,NA,NA,NA,NA
M6,GiantMarsh,T1,2,a,2025-12-11,2026-01-23,2025,0.070004414,0,0,0,0,1,0,0,0,0,0,Review,Scarped,West.facing,"Tran
(Months 4-6)",Edge,G1-2a,2.0183896367792733,1.139769955,January,NA,NA,NA,NA
M6,GiantMarsh,T1,2,b,2025-12-11,2026-01-23,2025,1.92729645,0,0,0,0,0,0,0,0,0,0,OK,Scarped,West.facing,"Tran
(Months 4-6)",Edge,G1-2b,2.019304038608077,1.140815615,January,NA,NA,NA,NA
M6,GiantMarsh,T1,2,c,2025-12-11,2026-01-23,2025,0.339603657,0,0,0,0,0,0,0,0,0,0,OK,Scarped,West.facing,"Tran
(Months 4-6)",Edge,G1-2c,2.0189992379984756,1.140467062,January,NA,NA,NA,NA
M6,GiantMarsh,T1,6,a,2025-12-11,2026-01-23,2025,1.839562459,0,0,0,0,1,0,0,0,0,0,Review,Scarped,West.facing,"Tran
(Months 4-6)",Edge,G1-6a,1.9723647447294896,1.087138376,January,NA,NA,NA,NA
M6,GiantMarsh,T1,6,b,2025-12-11,2026-01-23,2025,2.677239295,0,0,0,0,1,0,0,0,0,0,Review,Scarped,West.facing,"Tran
(Months 4-6)",Edge,G1-6b,1.9793751587503172,1.095155106,January,NA,NA,NA,NA
M6,GiantMarsh,T1,6,c,2025-12-11,2026-01-23,2025,2.290953843,0,0,0,0,1,0,0,0,0,0,Review,Scarped,West.facing,"Tran
(Months 4-6)",Edge,G1-6c,1.9763271526543051,1.091669571,January,NA,NA,NA,NA
M6,GiantMarsh,T1,12,a,2025-12-11,2026-01-23,2025,0.712765566,0,0,0,0,0,0,0,0,0,0,OK,Scarped,West.facing,"Tran
(Months 4-6)",Platform,G1-12a,1.9418846837693675,1.052283025,January,NA,NA,NA,NA
M6,GiantMarsh,T1,12,b,2025-12-11,2026-01-23,2025,0.877595802,0,0,0,0,0,0,0,0,0,0,OK,Scarped,West.facing,"Tran
(Months 4-6)",Platform,G1-12b,1.9495046990093976,1.060996863,January,NA,NA,NA,NA
M6,GiantMarsh,T1,12,c,2025-12-11,2026-01-23,2025,0.841259307,0,0,0,0,0,0,0,0,0,0,OK,Scarped,West.facing,"Tran
(Months 4-6)",Platform,G1-12c,1.9577343154686309,1.070407808,January,NA,NA,NA,NA
M6,GiantMarsh,T1,18,a,2025-12-11,2026-01-23,2025,1.423703341,0,0,0,0,0,0,0,0,0,0,OK,Scarped,West.facing,"Tran
(Months 4-6)",Platform,G1-18a,1.958039116078232,1.070756361,January,NA,NA,NA,NA
M6,GiantMarsh,T1,18,b,2025-12-11,2026-01-23,2025,25.16145065,0,0,0,0,0,0,0,0,1,0,Review,Scarped,West.facing,"Tran
(Months 4-6)",Platform,G1-18b,1.94005588011176,1.050191704,January,NA,NA,NA,NA
M6,GiantMarsh,T1,18,c,2025-12-11,2026-01-23,2025,18.5433467,0,0,0,0,0,0,0,0,1,0,Review,Scarped,West.facing,"Tran
(Months 4-6)",Platform,G1-18c,1.9348742697485393,1.044266295,January,NA,NA,NA,NA
M6,GiantMarsh,T1,24,a,2025-12-11,2026-01-23,2025,4.841271298,0,0,0,0,0,0,0,0,1,0,Review,Scarped,West.facing,"Tran
(Months 4-6)",Platform,G1-24a,1.94005588011176,1.050191704,January,NA,NA,NA,NA
M6,GiantMarsh,T1,24,b,2025-12-11,2026-01-23,2025,8.556330596,0,0,0,0,0,0,0,0,0,0,OK,Scarped,West.facing,"Tran
(Months 4-6)",Platform,G1-24b,1.9467614935229869,1.057859881,January,NA,NA,NA,NA
M6,GiantMarsh,T1,24,c,2025-12-11,2026-01-23,2025,8.332718586,0,0,0,0,0,0,0,0,1,0,Review,Scarped,West.facing,"Tran
(Months 4-6)",Platform,G1-24c,1.952247904495809,1.064133845,January,NA,NA,NA,NA
M6,GiantMarsh,T1,48,a,2025-12-11,2026-01-23,2025,1.264283368,0,0,0,0,0,0,0,0,0,0,OK,Scarped,West.facing,"Tran
(Months 4-6)",Upland,G1-48a,1.8736093472186943,0.974207041,January,NA,NA,NA,NA
M6,GiantMarsh,T1,48,b,2025-12-11,2026-01-23,2025,0.903550441,0,0,0,0,0,0,0,0,0,0,OK,Scarped,West.facing,"Tran
(Months 4-6)",Upland,G1-48b,1.8595885191770385,0.95817358,January,NA,NA,NA,NA
M6,GiantMarsh,T1,48,c,2025-12-11,2026-01-23,2025,1.372488624,0,0,0,0,0,0,0,0,0,0,OK,Scarped,West.facing,"Tran
(Months 4-6)",Upland,G1-48c,1.886106172212344,0.988497734,January,NA,NA,NA,NA
M6,GiantMarsh,T2,0.5,a,2025-12-11,2026-01-23,2025,30.19793008,0,0,0,0,0,0,0,0,0,0,OK,Scarped,West.facing,"Tran
(Months 4-6)",Edge,G2-0.5a,2.0357632715265432,1.159637504,January,NA,NA,NA,NA
M6,GiantMarsh,T2,0.5,b,2025-12-11,2026-01-23,2025,0.613516489,0,0,0,0,0,0,0,0,0,0,OK,Scarped,West.facing,"Tran
(Months 4-6)",Edge,G2-0.5b,2.041249682499365,1.165911467,January,NA,NA,NA,NA
M6,GiantMarsh,T2,0.5,c,2025-12-11,2026-01-23,2025,0.175870096,0,0,0,0,0,0,0,0,0,0,OK,Scarped,West.facing,"Tran
(Months 4-6)",Edge,G2-0.5c,2.0519177038354077,1.17811084,January,NA,NA,NA,NA
M6,GiantMarsh,T2,2,a,2025-12-11,2026-01-23,2025,1119.30536,0,0,0,0,0,0,0,0,1,0,Review,Scarped,West.facing,"Tran
(Months 4-6)",Edge,G2-2a,2.0616713233426465,1.189264552,January,NA,NA,NA,NA
M6,GiantMarsh,T2,2,b,2025-12-11,2026-01-23,2025,972.2298523,0,0,0,0,0,0,0,0,0,0,OK,Scarped,West.facing,"Tran
(Months 4-6)",Edge,G2-2b,2.054051308102616,1.180550715,January,NA,NA,NA,NA
M6,GiantMarsh,T2,2,c,2025-12-11,2026-01-23,2025,823.2347611,0,0,0,0,0,0,0,0,0,0,OK,Scarped,West.facing,"Tran
(Months 4-6)",Edge,G2-2c,2.0564897129794257,1.183339143,January,NA,NA,NA,NA
M6,GiantMarsh,T2,6,a,2025-12-11,2026-01-23,2025,4.021653042,0,0,0,0,0,0,0,0,0,0,OK,Scarped,West.facing,"Tran
(Months 4-6)",Edge,G2-6a,1.9406654813309625,1.050888811,January,NA,NA,NA,NA
M6,GiantMarsh,T2,6,b,2025-12-11,2026-01-23,2025,4.665547425,0,0,0,0,0,0,0,0,0,0,OK,Scarped,West.facing,"Tran
(Months 4-6)",Edge,G2-6b,1.9434086868173737,1.054025793,January,NA,NA,NA,NA
M6,GiantMarsh,T2,6,c,2025-12-11,2026-01-23,2025,4.426581967,0,0,0,0,0,0,0,0,0,0,OK,Scarped,West.facing,"Tran
(Months 4-6)",Edge,G2-6c,1.9473710947421896,1.058556988,January,NA,NA,NA,NA
M6,GiantMarsh,T2,12,a,2025-12-11,2026-01-23,2025,5.430587827,0,0,0,0,0,0,0,0,0,0,OK,Scarped,West.facing,"Tran
(Months 4-6)",Platform,G2-12a,1.9333502667005331,1.042523527,January,NA,NA,NA,NA
M6,GiantMarsh,T2,12,b,2025-12-11,2026-01-23,2025,10.79351081,0,0,0,0,0,0,0,0,0,0,OK,Scarped,West.facing,"Tran
(Months 4-6)",Platform,G2-12b,1.9354838709677415,1.044963402,January,NA,NA,NA,NA
M6,GiantMarsh,T2,12,c,2025-12-11,2026-01-23,2025,7.307912458,0,0,0,0,1,0,0,0,0,0,Review,Scarped,West.facing,"Tran
(Months 4-6)",Platform,G2-12c,1.9318262636525272,1.04078076,January,NA,NA,NA,NA
M6,GiantMarsh,T2,18,a,2025-12-11,2026-01-23,2025,2.012800536,0,0,0,0,0,0,0,0,0,0,OK,Scarped,West.facing,"Tran
(Months 4-6)",Platform,G2-18a,1.9610871221742443,1.074241896,January,NA,NA,NA,NA
M6,GiantMarsh,T2,18,b,2025-12-11,2026-01-23,2025,3.364488892,0,0,0,0,0,0,0,0,0,0,OK,Scarped,West.facing,"Tran
(Months 4-6)",Platform,G2-18b,1.9516383032766065,1.063436738,January,NA,NA,NA,NA
M6,GiantMarsh,T2,18,c,2025-12-11,2026-01-23,2025,3.139524317,0,0,0,0,0,0,0,0,0,0,OK,Scarped,West.facing,"Tran
(Months 4-6)",Platform,G2-18c,1.9586487172974345,1.071453468,January,NA,NA,NA,NA
M6,GiantMarsh,T2,24,a,2025-12-11,2026-01-23,2025,1.667969395,0,0,0,0,0,0,0,0,0,0,OK,Scarped,West.facing,"Tran
(Months 4-6)",Platform,G2-24a,1.9357886715773431,1.045311955,January,NA,NA,NA,NA
M6,GiantMarsh,T2,24,b,2025-12-11,2026-01-23,2025,1.108994204,0,0,0,0,0,0,0,0,0,0,OK,Scarped,West.facing,"Tran
(Months 4-6)",Platform,G2-24b,1.9406654813309625,1.050888811,January,NA,NA,NA,NA
M6,GiantMarsh,T2,24,c,2025-12-11,2026-01-23,2025,1.435620541,0,0,0,0,0,0,0,0,0,0,OK,Scarped,West.facing,"Tran
(Months 4-6)",Platform,G2-24c,1.9354838709677415,1.044963402,January,NA,NA,NA,NA
M6,GiantMarsh,T2,48,a,2025-12-11,2026-01-23,2025,1.349275672,0,0,0,0,0,0,0,0,0,0,OK,Scarped,West.facing,"Tran
(Months 4-6)",Upland,G2-48a,1.8733045466090932,0.973858487,January,NA,NA,NA,NA
M6,GiantMarsh,T2,48,b,2025-12-11,2026-01-23,2025,1.026816699,1,0,0,0,0,0,0,0,0,0,Review,Scarped,West.facing,"Tran
(Months 4-6)",Upland,G2-48b,1.897078994157988,1.001045661,January,NA,NA,NA,NA
M6,GiantMarsh,T2,48,c,2025-12-11,2026-01-23,2025,0.992783221,1,0,0,0,0,0,0,0,0,0,Review,Scarped,West.facing,"Tran
(Months 4-6)",Upland,G2-48c,1.8836677673355344,0.985709306,January,NA,NA,NA,NA
M6,CorteMadera,T1,0.5,a,2025-12-03,2026-01-10,2025,0.130881414,0,0,0,0,0,0,0,0,0,0,OK,Scarped,East.facing,"Tran
(Months 4-6)",Edge,C1-0.5a,1.6593345186690371,0.772363636,January,NA,NA,NA,NA
M6,CorteMadera,T1,0.5,b,2025-12-03,2026-01-10,2025,3.226077939,0,0,0,0,0,0,1,0,0,0,Review,Scarped,East.facing,"Tran
(Months 4-6)",Edge,C1-0.5b,1.6684785369570738,0.783272727,January,NA,NA,NA,NA
M6,CorteMadera,T1,0.5,c,2025-12-03,2026-01-10,2025,0.248980794,0,0,0,0,0,0,0,0,0,0,OK,Scarped,East.facing,"Tran
(Months 4-6)",Edge,C1-0.5c,1.6614681229362456,0.774909091,January,NA,NA,NA,NA
M6,CorteMadera,T1,2,a,2025-12-03,2026-01-10,2025,0.638439869,0,0,0,0,0,0,0,0,0,0,OK,Scarped,East.facing,"Tran
(Months 4-6)",Edge,C1-2a,1.6462280924561847,0.756727273,January,NA,NA,NA,NA
M6,CorteMadera,T1,2,b,2025-12-03,2026-01-10,2025,0.713270614,0,0,0,0,0,0,0,0,0,0,OK,Scarped,East.facing,"Tran
(Months 4-6)",Edge,C1-2b,1.6480568961137922,0.758909091,January,NA,NA,NA,NA
M6,CorteMadera,T1,2,c,2025-12-03,2026-01-10,2025,0.6192875,0,0,0,0,0,0,0,0,0,0,OK,Scarped,East.facing,"Tran
(Months 4-6)",Edge,C1-2c,1.6462280924561847,0.756727273,January,NA,NA,NA,NA
M6,CorteMadera,T1,6,a,2025-12-03,2026-01-10,2025,0.288319676,0,0,0,0,1,0,0,0,0,0,Review,Scarped,East.facing,"Tran
(Months 4-6)",Edge,C1-6a,1.664516129032258,0.778545455,January,NA,NA,NA,NA
M6,CorteMadera,T1,6,b,2025-12-03,2026-01-10,2025,1.662864084,0,0,0,0,0,0,0,0,0,0,OK,Scarped,East.facing,"Tran
(Months 4-6)",Edge,C1-6b,1.6620777241554483,0.775636364,January,NA,NA,NA,NA
M6,CorteMadera,T1,6,c,2025-12-03,2026-01-10,2025,1.242297922,0,0,0,0,0,0,0,0,0,0,OK,Scarped,East.facing,"Tran
(Months 4-6)",Edge,C1-6c,1.6529337058674116,0.764727273,January,NA,NA,NA,NA
M6,CorteMadera,T1,12,a,2025-12-03,2026-01-10,2025,2.684351328,0,0,0,0,0,0,0,0,0,0,OK,Scarped,East.facing,"Tran
(Months 4-6)",Platform,C1-12a,1.6413512827025651,0.750909091,January,NA,NA,NA,NA
M6,CorteMadera,T1,12,b,2025-12-03,2026-01-10,2025,3.044109753,0,0,0,0,0,0,0,0,0,0,OK,Scarped,East.facing,"Tran
(Months 4-6)",Platform,C1-12b,1.6447040894081788,0.754909091,January,NA,NA,NA,NA
M6,CorteMadera,T1,12,c,2025-12-03,2026-01-10,2025,2.16301806,0,0,0,0,0,0,0,0,0,0,OK,Scarped,East.facing,"Tran
(Months 4-6)",Platform,C1-12c,1.659029718059436,0.772,January,NA,NA,NA,NA
M6,CorteMadera,T1,18,a,2025-12-03,2026-01-10,2025,1.463729088,0,0,0,0,0,0,0,0,0,0,OK,Scarped,East.facing,"Tran
(Months 4-6)",Platform,C1-18a,1.679756159512319,0.796727273,January,NA,NA,NA,NA
M6,CorteMadera,T1,18,b,2025-12-03,2026-01-10,2025,1.532892718,0,0,0,0,0,0,0,0,0,0,OK,Scarped,East.facing,"Tran
(Months 4-6)",Platform,C1-18b,1.6696977393954786,0.784727273,January,NA,NA,NA,NA
M6,CorteMadera,T1,18,c,2025-12-03,2026-01-10,2025,1.653887704,0,0,0,0,0,0,0,0,0,0,OK,Scarped,East.facing,"Tran
(Months 4-6)",Platform,C1-18c,1.671526543053086,0.786909091,January,NA,NA,NA,NA
M6,CorteMadera,T1,24,a,2025-12-03,2026-01-10,2025,1.738356683,0,0,0,0,0,0,0,0,0,0,OK,Scarped,East.facing,"Tran
(Months 4-6)",Platform,C1-24a,1.7199898399796798,0.844727273,January,NA,NA,NA,NA
M6,CorteMadera,T1,24,b,2025-12-03,2026-01-10,2025,1.473243224,0,0,0,0,0,0,0,0,0,0,OK,Scarped,East.facing,"Tran
(Months 4-6)",Platform,C1-24b,1.7184658369316737,0.842909091,January,NA,NA,NA,NA
M6,CorteMadera,T1,24,c,2025-12-03,2026-01-10,2025,1.724995527,0,0,0,0,0,0,0,0,0,0,OK,Scarped,East.facing,"Tran
(Months 4-6)",Platform,C1-24c,1.7141986283972566,0.837818182,January,NA,NA,NA,NA
M6,CorteMadera,T1,48,a,2025-12-03,2026-01-10,2025,2.815356839,0,0,0,0,0,0,0,0,0,0,OK,Scarped,East.facing,"Tran
(Months 4-6)",Upland,C1-48a,1.732486665,0.859636364,January,NA,NA,NA,NA
M6,CorteMadera,T1,48,b,2025-12-03,2026-01-10,2025,4.481240628,0,0,0,0,0,0,0,0,0,0,OK,Scarped,East.facing,"Tran
(Months 4-6)",Upland,C1-48b,1.7108458216916431,0.833818182,January,NA,NA,NA,NA
M6,CorteMadera,T1,48,c,2025-12-03,2026-01-10,2025,3.590316282,0,0,0,0,0,0,0,0,0,0,OK,Scarped,East.facing,"Tran
(Months 4-6)",Upland,C1-48c,1.7065786131572265,0.828727273,January,NA,NA,NA,NA
M6,CorteMadera,T2,0.5,a,2025-12-03,2026-01-10,2025,0.033589035,0,0,0,0,0,0,0,0,0,0,OK,Scarped,East.facing,"Tran
(Months 4-6)",Edge,C2-0.5a,1.621234442468885,0.726909091,January,NA,NA,NA,NA
M6,CorteMadera,T2,0.5,b,2025-12-03,2026-01-10,2025,0.050052627,0,0,0,0,0,0,0,0,0,0,OK,Scarped,East.facing,"Tran
(Months 4-6)",Edge,C2-0.5b,1.6392176784353567,0.748363636,January,NA,NA,NA,NA
M6,CorteMadera,T2,0.5,c,2025-12-03,2026-01-10,2025,0.028128749,0,0,0,0,0,0,0,0,0,0,OK,Scarped,East.facing,"Tran
(Months 4-6)",Edge,C2-0.5c,1.6495808991617982,0.760727273,January,NA,NA,NA,NA
M6,CorteMadera,T2,2,a,2025-12-03,2026-01-10,2025,0.325342074,0,0,0,0,0,0,0,0,0,0,OK,Scarped,East.facing,"Tran
(Months 4-6)",Edge,C2-2a,1.656286512573025,0.768727273,January,NA,NA,NA,NA
M6,CorteMadera,T2,2,b,2025-12-03,2026-01-10,2025,0.233385884,0,0,0,0,0,0,0,0,0,0,OK,Scarped,East.facing,"Tran
(Months 4-6)",Edge,C2-2b,1.6544577089154178,0.766545455,January,NA,NA,NA,NA
M6,CorteMadera,T2,2,c,2025-12-03,2026-01-10,2025,0.381640937,0,0,0,0,0,0,0,0,0,0,OK,Scarped,East.facing,"Tran
(Months 4-6)",Edge,C2-2c,1.6556769113538228,0.768,January,NA,NA,NA,NA
M6,CorteMadera,T2,6,a,2025-12-03,2026-01-10,2025,1.689586396,0,0,0,0,0,0,0,0,0,0,OK,Scarped,East.facing,"Tran
(Months 4-6)",Edge,C2-6a,1.6623825247650494,0.776,January,NA,NA,NA,NA
M6,CorteMadera,T2,6,b,2025-12-03,2026-01-10,2025,2.260310438,0,0,0,0,0,0,0,0,0,0,OK,Scarped,East.facing,"Tran
(Months 4-6)",Edge,C2-6b,1.6727457454914911,0.788363636,January,NA,NA,NA,NA
M6,CorteMadera,T2,6,c,2025-12-03,2026-01-10,2025,3.344673709,0,0,0,0,0,0,0,0,0,0,OK,Scarped,East.facing,"Tran
(Months 4-6)",Edge,C2-6c,1.6675641351282702,0.782181818,January,NA,NA,NA,NA
M6,CorteMadera,T2,12,a,2025-12-03,2026-01-10,2025,1.796723837,0,0,0,0,0,0,0,0,0,0,OK,Scarped,East.facing,"Tran
(Months 4-6)",Platform,C2-12a,1.664820929641859,0.778909091,January,NA,NA,NA,NA
M6,CorteMadera,T2,12,b,2025-12-03,2026-01-10,2025,1.907915126,0,0,0,0,0,0,0,0,0,0,OK,Scarped,East.facing,"Tran
(Months 4-6)",Platform,C2-12b,1.6651257302514604,0.779272727,January,NA,NA,NA,NA
M6,CorteMadera,T2,12,c,2025-12-03,2026-01-10,2025,1.683712451,0,0,0,0,0,0,0,0,0,0,OK,Scarped,East.facing,"Tran
(Months 4-6)",Platform,C2-12c,1.6657353314706629,0.78,January,NA,NA,NA,NA
M6,CorteMadera,T2,18,a,2025-12-03,2026-01-10,2025,1.628530464,0,0,0,0,0,0,0,0,0,0,OK,Scarped,East.facing,"Tran
(Months 4-6)",Platform,C2-18a,1.6623825247650494,0.776,January,NA,NA,NA,NA
M6,CorteMadera,T2,18,b,2025-12-03,2026-01-10,2025,1.892733875,0,0,0,0,0,0,0,0,0,0,OK,Scarped,East.facing,"Tran
(Months 4-6)",Platform,C2-18b,1.6672593345186688,0.781818182,January,NA,NA,NA,NA
M6,CorteMadera,T2,18,c,2025-12-03,2026-01-10,2025,2.03879654,0,0,0,0,0,0,0,0,0,0,OK,Scarped,East.facing,"Tran
(Months 4-6)",Platform,C2-18c,1.6773177546355091,0.793818182,January,NA,NA,NA,NA
M6,CorteMadera,T2,24,a,2025-12-03,2026-01-10,2025,2.010336865,0,0,0,0,0,0,0,0,0,0,OK,Scarped,East.facing,"Tran
(Months 4-6)",Platform,C2-24a,1.6794513589027176,0.796363636,January,NA,NA,NA,NA
M6,CorteMadera,T2,24,b,2025-12-03,2026-01-10,2025,2.000409071,0,0,0,0,0,0,0,0,0,0,OK,Scarped,East.facing,"Tran
(Months 4-6)",Platform,C2-24b,1.6843281686563372,0.802181818,January,NA,NA,NA,NA
M6,CorteMadera,T2,24,c,2025-12-03,2026-01-10,2025,1.905184983,0,0,0,0,0,0,0,0,0,0,OK,Scarped,East.facing,"Tran
(Months 4-6)",Platform,C2-24c,1.6751841503683007,0.791272727,January,NA,NA,NA,NA
M6,CorteMadera,T2,48,a,2025-12-03,2026-01-10,2025,8.52971218,0,0,0,0,0,0,0,0,0,0,OK,Scarped,East.facing,"Tran
(Months 4-6)",Upland,C2-48a,1.6794513589027176,0.796363636,January,NA,NA,NA,NA
M6,CorteMadera,T2,48,b,2025-12-03,2026-01-10,2025,7.941200841,0,0,0,0,0,0,0,0,0,0,OK,Scarped,East.facing,"Tran
(Months 4-6)",Upland,C2-48b,1.6821945643891287,0.799636364,January,NA,NA,NA,NA
M6,CorteMadera,T2,48,c,2025-12-03,2026-01-10,2025,10.12250259,0,0,0,0,0,0,0,0,0,0,OK,Scarped,East.facing,"Tran
(Months 4-6)",Upland,C2-48c,1.673050546101092,0.788727273,January,NA,NA,NA,NA
M6,SanPablo,T1,0.5,a,2025-12-02,2026-01-11,2025,0.444494213,0,0,0,0,0,0,0,0,0,0,OK,Ramped,South.facing,"Tran
(Months 4-6)",Edge,S1-0.5a,1.706273812547625,0.771628722,January,NA,NA,NA,NA
M6,SanPablo,T1,0.5,b,2025-12-02,2026-01-11,2025,0.193304485,0,0,0,0,0,0,0,0,0,0,OK,Ramped,South.facing,"Tran
(Months 4-6)",Edge,S1-0.5b,1.722733045466091,0.790542907,January,NA,NA,NA,NA
M6,SanPablo,T1,0.5,c,2025-12-02,2026-01-11,2025,0.458051857,0,0,0,0,0,0,0,0,0,0,OK,Ramped,South.facing,"Tran
(Months 4-6)",Edge,S1-0.5c,1.723037846075692,0.79089317,January,NA,NA,NA,NA
M6,SanPablo,T1,2,a,2025-12-02,2026-01-11,2025,0.688806876,0,0,0,0,0,0,0,0,0,0,OK,Ramped,South.facing,"Tran
(Months 4-6)",Edge,S1-2a,1.6913385826771654,0.754465849,January,NA,NA,NA,NA
M6,SanPablo,T1,2,b,2025-12-02,2026-01-11,2025,0.628996055,0,0,0,0,0,0,0,0,0,0,OK,Ramped,South.facing,"Tran
(Months 4-6)",Edge,S1-2b,1.7202946405892812,0.787740806,January,NA,NA,NA,NA
M6,SanPablo,T1,2,c,2025-12-02,2026-01-11,2025,0.266790842,0,0,0,0,0,0,0,0,0,0,OK,Ramped,South.facing,"Tran
(Months 4-6)",Edge,S1-2c,1.7550419100838202,0.827670753,January,NA,NA,NA,NA
M6,SanPablo,T1,6,a,2025-12-02,2026-01-11,2025,1.35214896,0,0,0,0,0,0,0,0,0,0,OK,Ramped,South.facing,"Tran
(Months 4-6)",Edge,S1-6a,1.8266700533401063,0.909982487,January,NA,NA,NA,NA
M6,SanPablo,T1,6,b,2025-12-02,2026-01-11,2025,1.109526091,0,0,0,0,0,0,0,0,0,0,OK,Ramped,South.facing,"Tran
(Months 4-6)",Edge,S1-6b,1.8254508509017016,0.908581436,January,NA,NA,NA,NA
M6,SanPablo,T1,6,c,2025-12-02,2026-01-11,2025,0.536371808,0,0,0,0,0,0,0,0,0,0,OK,Ramped,South.facing,"Tran
(Months 4-6)",Edge,S1-6c,1.83002286004572,0.913835377,January,NA,NA,NA,NA
M6,SanPablo,T1,12,a,2025-12-02,2026-01-11,2025,1.851712094,1,0,0,0,0,0,0,0,0,0,Review,Ramped,South.facing,"Tran
(Months 4-6)",Platform,S1-12a,1.877266954533909,0.968126095,January,NA,NA,NA,NA
M6,SanPablo,T1,12,b,2025-12-02,2026-01-11,2025,2.469534554,1,0,0,0,0,0,0,0,0,0,Review,Ramped,South.facing,"Tran
(Months 4-6)",Platform,S1-12b,1.889763779527559,0.982486865,January,NA,NA,NA,NA
M6,SanPablo,T1,12,c,2025-12-02,2026-01-11,2025,1.429407878,0,0,0,0,0,0,0,0,0,0,OK,Ramped,South.facing,"Tran
(Months 4-6)",Platform,S1-12c,1.8851917703835408,0.977232925,January,NA,NA,NA,NA
M6,SanPablo,T1,18,a,2025-12-02,2026-01-11,2025,1.393489948,0,0,0,0,0,0,0,0,0,0,OK,Ramped,South.facing,"Tran
(Months 4-6)",Platform,S1-18a,1.9778511557023113,1.083712785,January,NA,NA,NA,NA
M6,SanPablo,T1,18,b,2025-12-02,2026-01-11,2025,1.284360744,0,0,0,0,0,0,0,0,0,0,OK,Ramped,South.facing,"Tran
(Months 4-6)",Platform,S1-18b,1.9882143764287528,1.095621716,January,NA,NA,NA,NA
M6,SanPablo,T1,18,c,2025-12-02,2026-01-11,2025,1.423670441,0,0,0,0,0,0,0,0,0,0,OK,Ramped,South.facing,"Tran
(Months 4-6)",Platform,S1-18c,1.9918719837439671,1.099824869,January,NA,NA,NA,NA
M6,SanPablo,T1,24,a,2025-12-02,2026-01-11,2025,1.71883409,0,0,0,1,0,0,0,0,0,0,Review,Ramped,South.facing,"Tran
(Months 4-6)",Platform,S1-24a,1.9751079502159004,1.08056042,January,NA,NA,NA,NA
M6,SanPablo,T1,24,b,2025-12-02,2026-01-11,2025,1.976075635,0,0,0,1,0,0,0,0,0,0,Review,Ramped,South.facing,"Tran
(Months 4-6)",Platform,S1-24b,1.984861569723139,1.091768827,January,NA,NA,NA,NA
M6,SanPablo,T1,24,c,2025-12-02,2026-01-11,2025,1.798490157,0,0,0,1,0,0,0,0,0,0,Review,Ramped,South.facing,"Tran
(Months 4-6)",Platform,S1-24c,1.9751079502159004,1.08056042,January,NA,NA,NA,NA
M6,SanPablo,T1,48,a,2025-12-02,2026-01-11,2025,16.20527422,0,0,0,0,0,0,0,0,0,0,OK,Ramped,South.facing,"Tran
(Months 4-6)",Upland,S1-48a,2.013208026416053,1.124343257,January,NA,NA,NA,NA
M6,SanPablo,T1,48,b,2025-12-02,2026-01-11,2025,25.85088903,0,0,0,0,0,0,0,0,0,0,OK,Ramped,South.facing,"Tran
(Months 4-6)",Upland,S1-48b,2.0159512319024637,1.127495622,January,NA,NA,NA,NA
M6,SanPablo,T1,48,c,2025-12-02,2026-01-11,2025,30.08107023,0,0,0,0,0,0,0,0,0,0,OK,Ramped,South.facing,"Tran
(Months 4-6)",Upland,S1-48c,2.0144272288544576,1.125744308,January,NA,NA,NA,NA
M6,SanPablo,T2,0.5,a,2025-12-02,2026-01-11,2025,0.15208139,0,0,0,0,0,0,0,0,0,0,OK,Ramped,South.facing,"Tran
(Months 4-6)",Edge,S2-0.5a,1.727305054610109,0.795796848,January,NA,NA,NA,NA
M6,SanPablo,T2,0.5,b,2025-12-02,2026-01-11,2025,0.33139596,0,0,0,0,0,0,0,0,0,0,OK,Ramped,South.facing,"Tran
(Months 4-6)",Edge,S2-0.5b,1.7297434594869188,0.798598949,January,NA,NA,NA,NA
M6,SanPablo,T2,0.5,c,2025-12-02,2026-01-11,2025,0.321768068,0,0,0,0,0,0,0,0,0,0,OK,Ramped,South.facing,"Tran
(Months 4-6)",Edge,S2-0.5c,1.721818643637287,0.789492119,January,NA,NA,NA,NA
M6,SanPablo,T2,2,a,2025-12-02,2026-01-11,2025,0.871108056,0,0,0,0,0,0,0,0,0,0,OK,Ramped,South.facing,"Tran
(Months 4-6)",Edge,S2-2a,1.7401066802133602,0.810507881,January,NA,NA,NA,NA
M6,SanPablo,T2,2,b,2025-12-02,2026-01-11,2025,0.370772072,0,0,0,0,0,0,0,0,0,0,OK,Ramped,South.facing,"Tran
(Months 4-6)",Edge,S2-2b,1.751993903987808,0.824168126,January,NA,NA,NA,NA
M6,SanPablo,T2,2,c,2025-12-02,2026-01-11,2025,0.306717119,0,0,0,0,0,0,0,0,0,0,OK,Ramped,South.facing,"Tran
(Months 4-6)",Edge,S2-2c,1.750469900939802,0.822416813,January,NA,NA,NA,NA
M6,SanPablo,T2,6,a,2025-12-02,2026-01-11,2025,1.466544032,0,0,0,0,0,0,0,0,0,0,OK,Ramped,South.facing,"Tran
(Months 4-6)",Edge,S2-6a,1.8239268478536956,0.906830123,January,NA,NA,NA,NA
M6,SanPablo,T2,6,b,2025-12-02,2026-01-11,2025,1.262747109,0,0,0,0,0,0,0,0,0,0,OK,Ramped,South.facing,"Tran
(Months 4-6)",Edge,S2-6b,1.8135636271272544,0.894921191,January,NA,NA,NA,NA
M6,SanPablo,T2,6,c,2025-12-02,2026-01-11,2025,1.381975775,0,0,0,0,0,0,0,0,0,0,OK,Ramped,South.facing,"Tran
(Months 4-6)",Edge,S2-6c,1.8083820167640337,0.888966725,January,NA,NA,NA,NA
M6,SanPablo,T2,12,a,2025-12-02,2026-01-11,2025,1.042209445,0,0,0,0,0,0,0,0,0,0,OK,Ramped,South.facing,"Tran
(Months 4-6)",Platform,S2-12a,1.899517399034798,0.993695271,January,NA,NA,NA,NA
M6,SanPablo,T2,12,b,2025-12-02,2026-01-11,2025,1.268012976,0,0,0,0,0,0,0,0,0,0,OK,Ramped,South.facing,"Tran
(Months 4-6)",Platform,S2-12b,1.8912877825755652,0.984238179,January,NA,NA,NA,NA
M6,SanPablo,T2,12,c,2025-12-02,2026-01-11,2025,1.039104941,0,0,0,0,0,0,0,0,0,0,OK,Ramped,South.facing,"Tran
(Months 4-6)",Platform,S2-12c,1.8836677673355344,0.975481611,January,NA,NA,NA,NA
M6,SanPablo,T2,18,a,2025-12-02,2026-01-11,2025,1.439310852,0,0,0,0,0,0,0,0,0,0,OK,Ramped,South.facing,"Tran
(Months 4-6)",Platform,S2-18a,1.9677927355854712,1.072154116,January,NA,NA,NA,NA
M6,SanPablo,T2,18,b,2025-12-02,2026-01-11,2025,1.344839622,0,0,0,0,0,0,0,0,0,0,OK,Ramped,South.facing,"Tran
(Months 4-6)",Platform,S2-18b,1.9677927355854712,1.072154116,January,NA,NA,NA,NA
M6,SanPablo,T2,18,c,2025-12-02,2026-01-11,2025,1.391996642,0,0,0,0,0,0,0,0,0,0,OK,Ramped,South.facing,"Tran
(Months 4-6)",Platform,S2-18c,1.9613919227838457,1.064798599,January,NA,NA,NA,NA
M6,SanPablo,T2,24,a,2025-12-02,2026-01-11,2025,2.107958102,0,0,0,1,0,0,0,0,0,0,Review,Ramped,South.facing,"Tran
(Months 4-6)",Platform,S2-24a,2.0001016002032004,1.109281961,January,NA,NA,NA,NA
M6,SanPablo,T2,24,b,2025-12-02,2026-01-11,2025,4.753309747,0,0,0,1,0,0,1,0,0,0,Review,Ramped,South.facing,"Tran
(Months 4-6)",Platform,S2-24b,1.9979679959359915,1.106830123,January,NA,NA,NA,NA
M6,SanPablo,T2,24,c,2025-12-02,2026-01-11,2025,1.966369149,0,0,0,1,0,0,0,0,0,0,Review,Ramped,South.facing,"Tran
(Months 4-6)",Platform,S2-24c,1.9915671831343664,1.099474606,January,NA,NA,NA,NA
M6,SanPablo,T2,48,a,2025-12-02,2026-01-11,2025,15.97888122,0,0,1,0,0,0,0,0,0,0,Review,Ramped,South.facing,"Tran
(Months 4-6)",Upland,S2-48a,2.0138176276352553,1.125043783,January,NA,NA,NA,NA
M6,SanPablo,T2,48,b,2025-12-02,2026-01-11,2025,21.16713589,0,0,1,0,0,0,0,0,0,0,Review,Ramped,South.facing,"Tran
(Months 4-6)",Upland,S2-48b,2.022961645923292,1.135551664,January,NA,NA,NA,NA
M6,SanPablo,T2,48,c,2025-12-02,2026-01-11,2025,31.4663077,0,0,1,0,0,0,0,0,0,0,Review,Ramped,South.facing,"Tran
(Months 4-6)",Upland,S2-48c,2.0205232410464817,1.132749562,January,NA,NA,NA,NA
M7,Buck'sLanding,T1,0.5,a,2026-01-22,2026-02-21,2026,0.819536615,0,0,0,0,0,0,0,0,0,0,OK,Ramped,East.facing,"Wet
(Months 7-9)",Edge,B1-0.5a,1.6544577089154178,0.743807502,February,SAPA,50,48,53.5
M7,Buck'sLanding,T1,0.5,b,2026-01-22,2026-02-21,2026,0.454174502,0,0,0,0,0,0,0,0,0,0,OK,Ramped,East.facing,"Wet
(Months 7-9)",Edge,B1-0.5b,1.6599441198882396,0.750176929,February,SAPA,50,48,53.5
M7,Buck'sLanding,T1,0.5,c,2026-01-22,2026-02-21,2026,0.377884922,0,0,0,0,0,0,0,0,0,0,OK,Ramped,East.facing,"Wet
(Months 7-9)",Edge,B1-0.5c,1.6611633223266449,0.751592357,February,SAPA,50,48,53.5
M7,Buck'sLanding,T1,2,a,2026-01-22,2026-02-21,2026,0.38076674,0,0,0,0,0,0,0,0,0,0,OK,Ramped,East.facing,"Wet
(Months 7-9)",Edge,B1-2a,1.7718059436118871,0.880042463,February,SAPA,55,34,39
M7,Buck'sLanding,T1,2,b,2026-01-22,2026-02-21,2026,0.501436315,0,0,0,0,0,0,0,0,0,0,OK,Ramped,East.facing,"Wet
(Months 7-9)",Edge,B1-2b,1.7794259588519177,0.888888889,February,SAPA,55,34,39
M7,Buck'sLanding,T1,2,c,2026-01-22,2026-02-21,2026,0.667952993,0,0,0,0,0,0,1,0,0,0,Review,Ramped,East.facing,"Wet
(Months 7-9)",Edge,B1-2c,1.7669291338582676,0.87438075,February,SAPA,55,34,39
M7,Buck'sLanding,T1,6,a,2026-01-22,2026-02-21,2026,1.787879827,0,0,0,0,0,0,0,0,0,0,OK,Ramped,East.facing,"Wet
(Months 7-9)",Edge,B1-6a,1.8138684277368553,0.928874735,February,SAPA,80,31,33
M7,Buck'sLanding,T1,6,b,2026-01-22,2026-02-21,2026,1.640907114,0,0,0,0,0,0,0,0,0,0,OK,Ramped,East.facing,"Wet
(Months 7-9)",Edge,B1-6b,1.806248412496825,0.920028309,February,SAPA,80,31,33
M7,Buck'sLanding,T1,6,c,2026-01-22,2026-02-21,2026,1.60171439,0,0,0,0,0,0,0,0,0,0,OK,Ramped,East.facing,"Wet
(Months 7-9)",Edge,B1-6c,1.8053340106680211,0.918966737,February,SAPA,80,31,33
M7,Buck'sLanding,T1,12,a,2026-01-22,2026-02-21,2026,1.143819724,0,0,0,0,0,0,0,0,0,0,OK,Ramped,East.facing,"Wet
(Months 7-9)",Platform,B1-12a,1.8483108966217932,0.96886058,February,SAPA,90,34,41.5
M7,Buck'sLanding,T1,12,b,2026-01-22,2026-02-21,2026,0.670939605,0,0,0,0,0,0,0,0,0,0,OK,Ramped,East.facing,"Wet
(Months 7-9)",Platform,B1-12b,1.8461772923545847,0.966383581,February,SAPA,90,34,41.5
M7,Buck'sLanding,T1,12,c,2026-01-22,2026-02-21,2026,0.923858423,0,0,0,0,0,0,0,0,0,0,OK,Ramped,East.facing,"Wet
(Months 7-9)",Platform,B1-12c,1.8428244856489713,0.962491154,February,SAPA,90,34,41.5
M7,Buck'sLanding,T1,18,a,2026-01-22,2026-02-21,2026,0.923858423,0,0,0,0,0,0,0,0,0,0,OK,Ramped,East.facing,"Wet
(Months 7-9)",Platform,B1-18a,1.8736093472186943,0.998230715,February,TRIG,50,15,18.5
M7,Buck'sLanding,T1,18,a,2026-01-22,2026-02-21,2026,0.923858423,0,0,0,0,0,0,0,0,0,0,OK,Ramped,East.facing,"Wet
(Months 7-9)",Platform,B1-18a,1.8736093472186943,0.998230715,February,SAPA,20,25,36
M7,Buck'sLanding,T1,18,b,2026-01-22,2026-02-21,2026,0.679847042,0,0,0,0,0,0,0,0,0,0,OK,Ramped,East.facing,"Wet
(Months 7-9)",Platform,B1-18b,1.8745237490474984,0.999292286,February,TRIG,50,15,18.5
M7,Buck'sLanding,T1,18,b,2026-01-22,2026-02-21,2026,0.679847042,0,0,0,0,0,0,0,0,0,0,OK,Ramped,East.facing,"Wet
(Months 7-9)",Platform,B1-18b,1.8745237490474984,0.999292286,February,SAPA,20,25,36
M7,Buck'sLanding,T1,18,c,2026-01-22,2026-02-21,2026,0.732924888,0,0,0,0,1,0,0,0,0,0,Review,Ramped,East.facing,"Wet
(Months 7-9)",Platform,B1-18c,1.8806197612395223,1.006369427,February,TRIG,50,15,18.5
M7,Buck'sLanding,T1,18,c,2026-01-22,2026-02-21,2026,0.732924888,0,0,0,0,1,0,0,0,0,0,Review,Ramped,East.facing,"Wet
(Months 7-9)",Platform,B1-18c,1.8806197612395223,1.006369427,February,SAPA,20,25,36
M7,Buck'sLanding,T1,24,a,2026-01-22,2026-02-21,2026,0.181292544,0,0,0,0,0,0,0,0,0,0,OK,Ramped,East.facing,"Wet
(Months 7-9)",Platform,B1-24a,1.8641605283210565,0.987261146,February,TRIG,55,13,18.5
M7,Buck'sLanding,T1,24,a,2026-01-22,2026-02-21,2026,0.181292544,0,0,0,0,0,0,0,0,0,0,OK,Ramped,East.facing,"Wet
(Months 7-9)",Platform,B1-24a,1.8641605283210565,0.987261146,February,SAPA,30,29,36
M7,Buck'sLanding,T1,24,b,2026-01-22,2026-02-21,2026,1.152989145,1,0,0,0,0,0,0,0,0,0,Review,Ramped,East.facing,"Wet
(Months 7-9)",Platform,B1-24b,1.869037338074676,0.992922859,February,TRIG,55,13,18.5
M7,Buck'sLanding,T1,24,b,2026-01-22,2026-02-21,2026,1.152989145,1,0,0,0,0,0,0,0,0,0,Review,Ramped,East.facing,"Wet
(Months 7-9)",Platform,B1-24b,1.869037338074676,0.992922859,February,SAPA,30,29,36
M7,Buck'sLanding,T1,24,c,2026-01-22,2026-02-21,2026,0.414981778,0,0,0,0,0,0,0,0,0,0,OK,Ramped,East.facing,"Wet
(Months 7-9)",Platform,B1-24c,1.8714757429514857,0.995753715,February,TRIG,55,13,18.5
M7,Buck'sLanding,T1,24,c,2026-01-22,2026-02-21,2026,0.414981778,0,0,0,0,0,0,0,0,0,0,OK,Ramped,East.facing,"Wet
(Months 7-9)",Platform,B1-24c,1.8714757429514857,0.995753715,February,SAPA,30,29,36
M7,Buck'sLanding,T1,48,a,2026-01-22,2026-02-21,2026,1.124799726,0,0,0,0,0,0,0,0,0,0,OK,Ramped,East.facing,"Wet
(Months 7-9)",Upland,B1-48a,1.856845313690627,0.978768577,February,SAPA,70,36,38
M7,Buck'sLanding,T1,48,b,2026-01-22,2026-02-21,2026,0.942826024,0,0,0,0,0,0,0,0,0,0,OK,Ramped,East.facing,"Wet
(Months 7-9)",Upland,B1-48b,1.850749301498603,0.971691437,February,SAPA,70,36,38
M7,Buck'sLanding,T1,48,c,2026-01-22,2026-02-21,2026,1.0151858520000001,0,0,0,0,0,0,0,0,0,0,OK,Ramped,East.facing,"Wet
(Months 7-9)",Upland,B1-48c,1.8516637033274064,0.972753008,February,SAPA,70,36,38
M7,Buck'sLanding,T2,0.5,a,2026-01-22,2026-02-21,2026,2.023979308,0,0,0,0,0,0,0,0,0,0,OK,Ramped,East.facing,"Wet
(Months 7-9)",Edge,B2-0.5a,1.6338836677673354,0.7199221515,February,JACA,60,26,32
M7,Buck'sLanding,T2,0.5,a,2026-01-22,2026-02-21,2026,2.023979308,0,0,0,0,0,0,0,0,0,0,OK,Ramped,East.facing,"Wet
(Months 7-9)",Edge,B2-0.5a,1.6338836677673354,0.7199221515,February,SPFO,10,66,75
M7,Buck'sLanding,T2,0.5,a,2026-01-22,2026-02-21,2026,2.023979308,0,0,0,0,0,0,0,0,0,0,OK,Ramped,East.facing,"Wet
(Months 7-9)",Edge,B2-0.5a,1.6338836677673354,0.7199221515,February,SAPA,40,40,59
M7,Buck'sLanding,T2,0.5,b,2026-01-22,2026-02-21,2026,1.66359488,0,0,0,0,0,0,0,0,0,0,OK,Ramped,East.facing,"Wet
(Months 7-9)",Edge,B2-0.5b,1.6431800863601729,0.730714791,February,JACA,60,26,32
M7,Buck'sLanding,T2,0.5,b,2026-01-22,2026-02-21,2026,1.66359488,0,0,0,0,0,0,0,0,0,0,OK,Ramped,East.facing,"Wet
(Months 7-9)",Edge,B2-0.5b,1.6431800863601729,0.730714791,February,SPFO,10,66,75
M7,Buck'sLanding,T2,0.5,b,2026-01-22,2026-02-21,2026,1.66359488,0,0,0,0,0,0,0,0,0,0,OK,Ramped,East.facing,"Wet
(Months 7-9)",Edge,B2-0.5b,1.6431800863601729,0.730714791,February,SAPA,40,40,59
M7,Buck'sLanding,T2,0.5,c,2026-01-22,2026-02-21,2026,4.838572259,0,0,0,0,0,0,0,0,0,0,OK,Ramped,East.facing,"Wet
(Months 7-9)",Edge,B2-0.5c,1.6407416814833629,0.727883935,February,JACA,60,26,32
M7,Buck'sLanding,T2,0.5,c,2026-01-22,2026-02-21,2026,4.838572259,0,0,0,0,0,0,0,0,0,0,OK,Ramped,East.facing,"Wet
(Months 7-9)",Edge,B2-0.5c,1.6407416814833629,0.727883935,February,SPFO,10,66,75
M7,Buck'sLanding,T2,0.5,c,2026-01-22,2026-02-21,2026,4.838572259,0,0,0,0,0,0,0,0,0,0,OK,Ramped,East.facing,"Wet
(Months 7-9)",Edge,B2-0.5c,1.6407416814833629,0.727883935,February,SAPA,40,40,59
M7,Buck'sLanding,T2,2,a,2026-01-22,2026-02-21,2026,0.777724057,0,0,0,0,0,0,0,0,0,0,OK,Ramped,East.facing,"Wet
(Months 7-9)",Edge,B2-2a,1.773329946659893,0.881811748,February,SAPA,80,35,40
M7,Buck'sLanding,T2,2,b,2026-01-22,2026-02-21,2026,0.143252548,0,0,0,0,0,0,0,0,0,0,OK,Ramped,East.facing,"Wet
(Months 7-9)",Edge,B2-2b,1.7654051308102614,0.872611465,February,SAPA,80,35,40
M7,Buck'sLanding,T2,2,c,2026-01-22,2026-02-21,2026,0.268061462,0,0,0,0,0,0,0,0,0,0,OK,Ramped,East.facing,"Wet
(Months 7-9)",Edge,B2-2c,1.7696723393446787,0.877565464,February,SAPA,80,35,40
M7,Buck'sLanding,T2,6,a,2026-01-22,2026-02-21,2026,2.366810845,0,0,0,0,0,0,0,0,0,0,OK,Ramped,East.facing,"Wet
(Months 7-9)",Edge,B2-6a,1.843738887477775,0.963552725,February,SAPA,80,37,42
M7,Buck'sLanding,T2,6,b,2026-01-22,2026-02-21,2026,1.36860152,0,0,0,0,0,0,0,0,0,0,OK,Ramped,East.facing,"Wet
(Months 7-9)",Edge,B2-6b,1.8394716789433576,0.958598726,February,SAPA,80,37,42
M7,Buck'sLanding,T2,6,c,2026-01-22,2026-02-21,2026,2.079729386,0,0,0,0,0,0,0,0,0,0,OK,Ramped,East.facing,"Wet
(Months 7-9)",Edge,B2-6c,1.8376428752857503,0.956475584,February,SAPA,80,37,42
M7,Buck'sLanding,T2,12,a,2026-01-22,2026-02-21,2026,1.238395748,0,0,0,0,0,0,0,0,0,0,OK,Ramped,East.facing,"Wet
(Months 7-9)",Platform,B2-12a,1.84008128016256,0.95930644,February,SAPA,75,32,35
M7,Buck'sLanding,T2,12,b,2026-01-22,2026-02-21,2026,1.004444531,0,0,0,0,0,0,0,0,0,0,OK,Ramped,East.facing,"Wet
(Months 7-9)",Platform,B2-12b,1.835814071628143,0.954352442,February,SAPA,75,32,35
M7,Buck'sLanding,T2,12,c,2026-01-22,2026-02-21,2026,1.713319338,0,0,0,0,0,0,0,0,0,0,OK,Ramped,East.facing,"Wet
(Months 7-9)",Platform,B2-12c,1.822098044196088,0.938428875,February,SAPA,75,32,35
M7,Buck'sLanding,T2,24,a,2026-01-22,2026-02-21,2026,0.950895115,0,0,0,0,0,0,0,0,0,0,OK,Ramped,East.facing,"Wet
(Months 7-9)",Platform,B2-24a,1.8266700533401063,0.94373673,February,SAPA,65,42,55
M7,Buck'sLanding,T2,24,b,2026-01-22,2026-02-21,2026,0.712594972,0,0,0,0,0,0,0,0,0,0,OK,Ramped,East.facing,"Wet
(Months 7-9)",Platform,B2-24b,1.8294132588265175,0.946921444,February,SAPA,65,42,55
M7,Buck'sLanding,T2,24,c,2026-01-22,2026-02-21,2026,1.0334199,0,0,0,0,0,0,0,0,0,0,OK,Ramped,East.facing,"Wet
(Months 7-9)",Platform,B2-24c,1.8446532893065783,0.964614296,February,SAPA,65,42,55
M7,Buck'sLanding,T2,48,a,2026-01-22,2026-02-21,2026,0.790823229,0,0,0,0,0,0,0,0,0,0,OK,Ramped,East.facing,"Wet
(Months 7-9)",Upland,B2-48a,1.8416052832105665,0.961075725,February,SAPA,70,38,42
M7,Buck'sLanding,T2,48,b,2026-01-22,2026-02-21,2026,0.907825036,0,0,0,0,0,0,0,0,0,0,OK,Ramped,East.facing,"Wet
(Months 7-9)",Upland,B2-48b,1.8525781051562105,0.973814579,February,SAPA,70,38,42
M7,Buck'sLanding,T2,48,c,2026-01-22,2026-02-21,2026,0.93454734800000006,0,0,0,0,0,0,0,0,0,0,OK,Ramped,East.facing,"Wet
(Months 7-9)",Upland,B2-48c,1.849530099060198,0.970276008,February,SAPA,70,38,42
M7,GiantMarsh,T1,0.5,a,2026-01-23,2026-02-20,2026,0.17891598,0,0,0,0,0,0,0,0,0,0,OK,Scarped,West.facing,"Wet
(Months 7-9)",Edge,G1-0.5a,2.067462535,1.195887069,February,DISP,60,15,20.5
M7,GiantMarsh,T1,0.5,a,2026-01-23,2026-02-20,2026,0.17891598,0,0,0,0,0,0,0,0,0,0,OK,Scarped,West.facing,"Wet
(Months 7-9)",Edge,G1-0.5a,2.067462535,1.195887069,February,SAPA,40,26,29
M7,GiantMarsh,T1,0.5,b,2026-01-23,2026-02-20,2026,0.161175958,0,0,0,0,0,0,0,0,0,0,OK,Scarped,West.facing,"Wet
(Months 7-9)",Edge,G1-0.5b,2.066243332486665,1.194492855,February,DISP,60,15,20.5
M7,GiantMarsh,T1,0.5,b,2026-01-23,2026-02-20,2026,0.161175958,0,0,0,0,0,0,0,0,0,0,OK,Scarped,West.facing,"Wet
(Months 7-9)",Edge,G1-0.5b,2.066243332486665,1.194492855,February,SAPA,40,26,29
M7,GiantMarsh,T1,0.5,c,2026-01-23,2026-02-20,2026,0.228037876,0,0,0,0,0,0,0,0,0,0,OK,Scarped,West.facing,"Wet
(Months 7-9)",Edge,G1-0.5c,2.0574041148082296,1.184384803,February,DISP,60,15,20.5
M7,GiantMarsh,T1,0.5,c,2026-01-23,2026-02-20,2026,0.228037876,0,0,0,0,0,0,0,0,0,0,OK,Scarped,West.facing,"Wet
(Months 7-9)",Edge,G1-0.5c,2.0574041148082296,1.184384803,February,SAPA,40,26,29
M7,GiantMarsh,T1,2,a,2026-01-23,2026-02-20,2026,4.919824554,0,0,0,0,0,0,0,0,0,0,OK,Scarped,West.facing,"Wet
(Months 7-9)",Edge,G1-2a,2.0183896367792733,1.139769955,February,SAPA,50,29,31
M7,GiantMarsh,T1,2,b,2026-01-23,2026-02-20,2026,11.16268422,0,0,0,0,0,0,0,0,0,0,OK,Scarped,West.facing,"Wet
(Months 7-9)",Edge,G1-2b,2.019304038608077,1.140815615,February,SAPA,50,29,31
M7,GiantMarsh,T1,2,c,2026-01-23,2026-02-20,2026,6.171787301,0,0,0,0,0,0,0,0,0,0,OK,Scarped,West.facing,"Wet
(Months 7-9)",Edge,G1-2c,2.0189992379984756,1.140467062,February,SAPA,50,29,31
M7,GiantMarsh,T1,6,a,2026-01-23,2026-02-20,2026,12.71768696,0,0,0,1,0,0,1,0,0,0,Review,Scarped,West.facing,"Wet
(Months 7-9)",Edge,G1-6a,1.9723647447294896,1.087138376,February,SAPA,80,39,42.5
M7,GiantMarsh,T1,6,b,2026-01-23,2026-02-20,2026,14.02489079,0,0,0,1,0,0,0,0,0,0,Review,Scarped,West.facing,"Wet
(Months 7-9)",Edge,G1-6b,1.9793751587503172,1.095155106,February,SAPA,80,39,42.5
M7,GiantMarsh,T1,6,c,2026-01-23,2026-02-20,2026,17.87767548,0,0,0,1,0,0,0,0,0,0,Review,Scarped,West.facing,"Wet
(Months 7-9)",Edge,G1-6c,1.9763271526543051,1.091669571,February,SAPA,80,39,42.5
M7,GiantMarsh,T1,12,a,2026-01-23,2026-02-20,2026,8.038138656,0,0,0,1,0,0,0,0,0,0,Review,Scarped,West.facing,"Wet
(Months 7-9)",Platform,G1-12a,1.9418846837693675,1.052283025,February,SAPA,60,51,71
M7,GiantMarsh,T1,12,b,2026-01-23,2026-02-20,2026,5.83837594,0,0,0,1,0,0,0,0,0,0,Review,Scarped,West.facing,"Wet
(Months 7-9)",Platform,G1-12b,1.9495046990093976,1.060996863,February,SAPA,60,51,71
M7,GiantMarsh,T1,12,c,2026-01-23,2026-02-20,2026,6.735875086,0,0,0,1,0,0,0,0,0,0,Review,Scarped,West.facing,"Wet
(Months 7-9)",Platform,G1-12c,1.9577343154686309,1.070407808,February,SAPA,60,51,71
M7,GiantMarsh,T1,24,a,2026-01-23,2026-02-20,2026,4.820794811,0,0,0,1,0,0,0,0,0,0,Review,Scarped,West.facing,"Wet
(Months 7-9)",Platform,G1-24a,1.94005588011176,1.050191704,February,SAPA,85,38,44
M7,GiantMarsh,T1,24,b,2026-01-23,2026-02-20,2026,3.453297364,0,0,0,1,0,0,0,0,0,0,Review,Scarped,West.facing,"Wet
(Months 7-9)",Platform,G1-24b,1.9467614935229869,1.057859881,February,SAPA,85,38,44
M7,GiantMarsh,T1,24,c,2026-01-23,2026-02-20,2026,4.112316721,0,0,0,1,0,0,0,0,0,0,Review,Scarped,West.facing,"Wet
(Months 7-9)",Platform,G1-24c,1.952247904495809,1.064133845,February,SAPA,85,38,44
M7,GiantMarsh,T1,48,a,2026-01-23,2026-02-20,2026,1.152708448,0,0,0,0,0,0,0,0,0,0,OK,Scarped,West.facing,"Wet
(Months 7-9)",Upland,G1-48a,1.8736093472186943,0.974207041,February,SAPA,45,36,45
M7,GiantMarsh,T1,48,b,2026-01-23,2026-02-20,2026,1.410275601,0,0,0,0,0,0,0,0,0,0,OK,Scarped,West.facing,"Wet
(Months 7-9)",Upland,G1-48b,1.8595885191770385,0.95817358,February,SAPA,45,36,45
M7,GiantMarsh,T1,48,c,2026-01-23,2026-02-20,2026,2.367170137,0,0,0,0,0,0,0,0,0,0,OK,Scarped,West.facing,"Wet
(Months 7-9)",Upland,G1-48c,1.886106172212344,0.988497734,February,SAPA,45,36,45
M7,GiantMarsh,T2,0.5,a,2026-01-23,2026-02-20,2026,-0.052770951,0,0,0,0,0,0,0,0,0,1,Review,Scarped,West.facing,"Wet
(Months 7-9)",Edge,G2-0.5a,2.0357632715265432,1.159637504,February,SAPA,10,28,28
M7,GiantMarsh,T2,0.5,b,2026-01-23,2026-02-20,2026,0.288949028,0,0,0,0,0,0,0,0,0,0,OK,Scarped,West.facing,"Wet
(Months 7-9)",Edge,G2-0.5b,2.041249682499365,1.165911467,February,SAPA,10,28,28
M7,GiantMarsh,T2,0.5,c,2026-01-23,2026-02-20,2026,-5.836130368,0,0,0,0,0,0,0,0,0,1,Review,Scarped,West.facing,"Wet
(Months 7-9)",Edge,G2-0.5c,2.0519177038354077,1.17811084,February,SAPA,10,28,28
M7,GiantMarsh,T2,2,a,2026-01-23,2026-02-20,2026,10.97310177,0,0,0,0,0,0,0,0,0,0,OK,Scarped,West.facing,"Wet
(Months 7-9)",Edge,G2-2a,2.0616713233426465,1.189264552,February,SAPA,50,23.5,29
M7,GiantMarsh,T2,2,b,2026-01-23,2026-02-20,2026,36.153547090000004,0,0,0,0,0,0,0,0,0,0,OK,Scarped,West.facing,"Wet
(Months 7-9)",Edge,G2-2b,2.054051308102616,1.180550715,February,SAPA,50,23.5,29
M7,GiantMarsh,T2,2,c,2026-01-23,2026-02-20,2026,2.897293639,0,0,0,0,0,0,0,0,0,0,OK,Scarped,West.facing,"Wet
(Months 7-9)",Edge,G2-2c,2.0564897129794257,1.183339143,February,SAPA,50,23.5,29
M7,GiantMarsh,T2,6,a,2026-01-23,2026-02-20,2026,58.14084461,0,0,0,1,0,0,1,0,0,0,Review,Scarped,West.facing,"Wet
(Months 7-9)",Edge,G2-6a,1.9406654813309625,1.050888811,February,SAPA,90,33,37.5
M7,GiantMarsh,T2,6,b,2026-01-23,2026-02-20,2026,40.76106867,0,0,0,1,0,0,0,0,0,0,Review,Scarped,West.facing,"Wet
(Months 7-9)",Edge,G2-6b,1.9434086868173737,1.054025793,February,SAPA,90,33,37.5
M7,GiantMarsh,T2,6,c,2026-01-23,2026-02-20,2026,44.55159486,0,0,0,1,0,0,0,0,0,0,Review,Scarped,West.facing,"Wet
(Months 7-9)",Edge,G2-6c,1.9473710947421896,1.058556988,February,SAPA,90,33,37.5
M7,GiantMarsh,T2,12,a,2026-01-23,2026-02-20,2026,10.75219359,0,0,0,1,0,0,0,0,0,0,Review,Scarped,West.facing,"Wet
(Months 7-9)",Platform,G2-12a,1.9333502667005331,1.042523527,February,SAPA,90,39,45.5
M7,GiantMarsh,T2,12,b,2026-01-23,2026-02-20,2026,10.25227303,0,0,0,1,0,0,0,0,0,0,Review,Scarped,West.facing,"Wet
(Months 7-9)",Platform,G2-12b,1.9354838709677415,1.044963402,February,SAPA,90,39,45.5
M7,GiantMarsh,T2,12,c,2026-01-23,2026-02-20,2026,10.88732091,0,0,0,1,0,0,0,0,0,0,Review,Scarped,West.facing,"Wet
(Months 7-9)",Platform,G2-12c,1.9318262636525272,1.04078076,February,SAPA,90,39,45.5
M7,GiantMarsh,T2,24,a,2026-01-23,2026-02-20,2026,5.4203065,0,0,0,1,0,0,0,0,0,0,Review,Scarped,West.facing,"Wet
(Months 7-9)",Platform,G2-24a,1.9357886715773431,1.045311955,February,SAPA,70,41,46
M7,GiantMarsh,T2,24,b,2026-01-23,2026-02-20,2026,4.787391922,0,0,0,1,0,0,0,0,0,0,Review,Scarped,West.facing,"Wet
(Months 7-9)",Platform,G2-24b,1.9406654813309625,1.050888811,February,SAPA,70,41,46
M7,GiantMarsh,T2,24,c,2026-01-23,2026-02-20,2026,4.532294898,0,0,0,1,0,0,0,0,0,0,Review,Scarped,West.facing,"Wet
(Months 7-9)",Platform,G2-24c,1.9354838709677415,1.044963402,February,SAPA,70,41,46
M7,GiantMarsh,T2,48,a,2026-01-23,2026-02-20,2026,5.033675074,0,0,0,0,0,0,0,0,0,0,OK,Scarped,West.facing,"Wet
(Months 7-9)",Upland,G2-48a,1.8733045466090932,0.973858487,February,SAPA,90,37,43
M7,GiantMarsh,T2,48,b,2026-01-23,2026-02-20,2026,2.740159711,0,0,0,0,0,0,0,0,0,0,OK,Scarped,West.facing,"Wet
(Months 7-9)",Upland,G2-48b,1.897078994157988,1.001045661,February,SAPA,90,37,43
M7,GiantMarsh,T2,48,c,2026-01-23,2026-02-20,2026,3.950803927,0,0,0,0,0,0,0,0,0,0,OK,Scarped,West.facing,"Wet
(Months 7-9)",Upland,G2-48c,1.8836677673355344,0.985709306,February,SAPA,90,37,43
M7,CorteMadera,T1,0.5,a,2026-01-10,2026-02-07,2026,0.165442546,0,0,0,0,0,0,0,0,0,0,OK,Scarped,East.facing,"Wet
(Months 7-9)",Edge,C1-0.5a,1.6593345186690371,0.772363636,February,JACA,70,14,15
M7,CorteMadera,T1,0.5,a,2026-01-10,2026-02-07,2026,0.165442546,0,0,0,0,0,0,0,0,0,0,OK,Scarped,East.facing,"Wet
(Months 7-9)",Edge,C1-0.5a,1.6593345186690371,0.772363636,February,SAPA,15,22,25
M7,CorteMadera,T1,0.5,b,2026-01-10,2026-02-07,2026,0.059114693,0,0,0,0,0,0,0,0,0,0,OK,Scarped,East.facing,"Wet
(Months 7-9)",Edge,C1-0.5b,1.6684785369570738,0.783272727,February,JACA,70,14,15
M7,CorteMadera,T1,0.5,b,2026-01-10,2026-02-07,2026,0.059114693,0,0,0,0,0,0,0,0,0,0,OK,Scarped,East.facing,"Wet
(Months 7-9)",Edge,C1-0.5b,1.6684785369570738,0.783272727,February,SAPA,15,22,25
M7,CorteMadera,T1,0.5,c,2026-01-10,2026-02-07,2026,0.317411658,0,0,0,0,0,0,0,0,0,0,OK,Scarped,East.facing,"Wet
(Months 7-9)",Edge,C1-0.5c,1.6614681229362456,0.774909091,February,JACA,70,14,15
M7,CorteMadera,T1,0.5,c,2026-01-10,2026-02-07,2026,0.317411658,0,0,0,0,0,0,0,0,0,0,OK,Scarped,East.facing,"Wet
(Months 7-9)",Edge,C1-0.5c,1.6614681229362456,0.774909091,February,SAPA,15,22,25
M7,CorteMadera,T1,2,a,2026-01-10,2026-02-07,2026,1.005398899,0,0,0,0,0,0,0,0,0,0,OK,Scarped,East.facing,"Wet
(Months 7-9)",Edge,C1-2a,1.6462280924561847,0.756727273,February,SAPA,10,35,35
M7,CorteMadera,T1,2,a,2026-01-10,2026-02-07,2026,1.005398899,0,0,0,0,0,0,0,0,0,0,OK,Scarped,East.facing,"Wet
(Months 7-9)",Edge,C1-2a,1.6462280924561847,0.756727273,February,JACA,70,15,17.5
M7,CorteMadera,T1,2,b,2026-01-10,2026-02-07,2026,0.009655961,0,0,0,0,0,0,0,0,0,0,OK,Scarped,East.facing,"Wet
(Months 7-9)",Edge,C1-2b,1.6480568961137922,0.758909091,February,SAPA,10,35,35
M7,CorteMadera,T1,2,b,2026-01-10,2026-02-07,2026,0.009655961,0,0,0,0,0,0,0,0,0,0,OK,Scarped,East.facing,"Wet
(Months 7-9)",Edge,C1-2b,1.6480568961137922,0.758909091,February,JACA,70,15,17.5
M7,CorteMadera,T1,2,c,2026-01-10,2026-02-07,2026,2.168549259,0,0,0,0,0,0,0,0,0,0,OK,Scarped,East.facing,"Wet
(Months 7-9)",Edge,C1-2c,1.6462280924561847,0.756727273,February,SAPA,10,35,35
M7,CorteMadera,T1,2,c,2026-01-10,2026-02-07,2026,2.168549259,0,0,0,0,0,0,0,0,0,0,OK,Scarped,East.facing,"Wet
(Months 7-9)",Edge,C1-2c,1.6462280924561847,0.756727273,February,JACA,70,15,17.5
M7,CorteMadera,T1,6,a,2026-01-10,2026-02-07,2026,3.204993196,0,0,0,0,0,0,0,0,0,0,OK,Scarped,East.facing,"Wet
(Months 7-9)",Edge,C1-6a,1.664516129032258,0.778545455,February,DISP,90,25,31
M7,CorteMadera,T1,6,a,2026-01-10,2026-02-07,2026,3.204993196,0,0,0,0,0,0,0,0,0,0,OK,Scarped,East.facing,"Wet
(Months 7-9)",Edge,C1-6a,1.664516129032258,0.778545455,February,SAPA,15,31,30.5
M7,CorteMadera,T1,6,b,2026-01-10,2026-02-07,2026,6.58020078,0,0,0,0,0,0,0,0,0,0,OK,Scarped,East.facing,"Wet
(Months 7-9)",Edge,C1-6b,1.6620777241554483,0.775636364,February,DISP,90,25,31
M7,CorteMadera,T1,6,b,2026-01-10,2026-02-07,2026,6.58020078,0,0,0,0,0,0,0,0,0,0,OK,Scarped,East.facing,"Wet
(Months 7-9)",Edge,C1-6b,1.6620777241554483,0.775636364,February,SAPA,15,31,30.5
M7,CorteMadera,T1,6,c,2026-01-10,2026-02-07,2026,2.230920032,0,0,0,0,0,0,0,0,0,0,OK,Scarped,East.facing,"Wet
(Months 7-9)",Edge,C1-6c,1.6529337058674116,0.764727273,February,DISP,90,25,31
M7,CorteMadera,T1,6,c,2026-01-10,2026-02-07,2026,2.230920032,0,0,0,0,0,0,0,0,0,0,OK,Scarped,East.facing,"Wet
(Months 7-9)",Edge,C1-6c,1.6529337058674116,0.764727273,February,SAPA,15,31,30.5
M7,CorteMadera,T1,12,a,2026-01-10,2026-02-07,2026,4.203711518,0,0,0,0,0,0,0,0,0,0,OK,Scarped,East.facing,"Wet
(Months 7-9)",Platform,C1-12a,1.6413512827025651,0.750909091,February,SAPA,50,53,62
M7,CorteMadera,T1,12,a,2026-01-10,2026-02-07,2026,4.203711518,0,0,0,0,0,0,0,0,0,0,OK,Scarped,East.facing,"Wet
(Months 7-9)",Platform,C1-12a,1.6413512827025651,0.750909091,February,SPFO,15,71,98
M7,CorteMadera,T1,12,b,2026-01-10,2026-02-07,2026,6.303770819,0,0,0,0,0,0,0,0,0,0,OK,Scarped,East.facing,"Wet
(Months 7-9)",Platform,C1-12b,1.6447040894081788,0.754909091,February,SAPA,50,53,62
M7,CorteMadera,T1,12,b,2026-01-10,2026-02-07,2026,6.303770819,0,0,0,0,0,0,0,0,0,0,OK,Scarped,East.facing,"Wet
(Months 7-9)",Platform,C1-12b,1.6447040894081788,0.754909091,February,SPFO,15,71,98
M7,CorteMadera,T1,12,c,2026-01-10,2026-02-07,2026,5.357655031,0,0,0,0,0,0,0,0,0,0,OK,Scarped,East.facing,"Wet
(Months 7-9)",Platform,C1-12c,1.659029718059436,0.772,February,SAPA,50,53,62
M7,CorteMadera,T1,12,c,2026-01-10,2026-02-07,2026,5.357655031,0,0,0,0,0,0,0,0,0,0,OK,Scarped,East.facing,"Wet
(Months 7-9)",Platform,C1-12c,1.659029718059436,0.772,February,SPFO,15,71,98
M7,CorteMadera,T1,24,a,2026-01-10,2026-02-07,2026,6.405551387,0,0,0,0,0,0,0,0,0,0,OK,Scarped,East.facing,"Wet
(Months 7-9)",Platform,C1-24a,1.7199898399796798,0.844727273,February,SAPA,70,46,56
M7,CorteMadera,T1,24,a,2026-01-10,2026-02-07,2026,6.405551387,0,0,0,0,0,0,0,0,0,0,OK,Scarped,East.facing,"Wet
(Months 7-9)",Platform,C1-24a,1.7199898399796798,0.844727273,February,SPFO,30,68,74
M7,CorteMadera,T1,24,b,2026-01-10,2026-02-07,2026,5.224492588,0,0,0,0,0,0,0,0,0,0,OK,Scarped,East.facing,"Wet
(Months 7-9)",Platform,C1-24b,1.7184658369316737,0.842909091,February,SAPA,70,46,56
M7,CorteMadera,T1,24,b,2026-01-10,2026-02-07,2026,5.224492588,0,0,0,0,0,0,0,0,0,0,OK,Scarped,East.facing,"Wet
(Months 7-9)",Platform,C1-24b,1.7184658369316737,0.842909091,February,SPFO,30,68,74
M7,CorteMadera,T1,24,c,2026-01-10,2026-02-07,2026,6.034863525,0,0,0,0,0,0,0,0,0,0,OK,Scarped,East.facing,"Wet
(Months 7-9)",Platform,C1-24c,1.7141986283972566,0.837818182,February,SAPA,70,46,56
M7,CorteMadera,T1,24,c,2026-01-10,2026-02-07,2026,6.034863525,0,0,0,0,0,0,0,0,0,0,OK,Scarped,East.facing,"Wet
(Months 7-9)",Platform,C1-24c,1.7141986283972566,0.837818182,February,SPFO,30,68,74
M7,CorteMadera,T1,48,a,2026-01-10,2026-02-07,2026,1.855797164,0,0,0,0,0,0,0,0,0,0,OK,Scarped,East.facing,"Wet
(Months 7-9)",Upland,C1-48a,1.732486665,0.859636364,February,DISP,75,34,39
M7,CorteMadera,T1,48,a,2026-01-10,2026-02-07,2026,1.855797164,0,0,0,0,0,0,0,0,0,0,OK,Scarped,East.facing,"Wet
(Months 7-9)",Upland,C1-48a,1.732486665,0.859636364,February,SAPA,15,NA,NA
M7,CorteMadera,T1,48,b,2026-01-10,2026-02-07,2026,2.044481384,0,0,0,0,0,0,0,0,0,0,OK,Scarped,East.facing,"Wet
(Months 7-9)",Upland,C1-48b,1.7108458216916431,0.833818182,February,DISP,75,34,39
M7,CorteMadera,T1,48,b,2026-01-10,2026-02-07,2026,2.044481384,0,0,0,0,0,0,0,0,0,0,OK,Scarped,East.facing,"Wet
(Months 7-9)",Upland,C1-48b,1.7108458216916431,0.833818182,February,SAPA,15,NA,NA
M7,CorteMadera,T1,48,c,2026-01-10,2026-02-07,2026,1.762437492,0,0,0,0,0,0,0,0,0,0,OK,Scarped,East.facing,"Wet
(Months 7-9)",Upland,C1-48c,1.7065786131572265,0.828727273,February,DISP,75,34,39
M7,CorteMadera,T1,48,c,2026-01-10,2026-02-07,2026,1.762437492,0,0,0,0,0,0,0,0,0,0,OK,Scarped,East.facing,"Wet
(Months 7-9)",Upland,C1-48c,1.7065786131572265,0.828727273,February,SAPA,15,NA,NA
M7,CorteMadera,T2,0.5,a,2026-01-10,2026-02-07,2026,0.006006906,0,0,0,0,0,0,0,0,0,0,OK,Scarped,East.facing,"Wet
(Months 7-9)",Edge,C2-0.5a,1.621234442468885,0.726909091,February,SAPA,55,35,39
M7,CorteMadera,T2,0.5,a,2026-01-10,2026-02-07,2026,0.006006906,0,0,0,0,0,0,0,0,0,0,OK,Scarped,East.facing,"Wet
(Months 7-9)",Edge,C2-0.5a,1.621234442468885,0.726909091,February,JACA,50,NA,NA
M7,CorteMadera,T2,0.5,b,2026-01-10,2026-02-07,2026,-0.002245572,0,0,0,0,0,0,0,0,0,1,Review,Scarped,East.facing,"Wet
(Months 7-9)",Edge,C2-0.5b,1.6392176784353567,0.748363636,February,SAPA,55,35,39
M7,CorteMadera,T2,0.5,b,2026-01-10,2026-02-07,2026,-0.002245572,0,0,0,0,0,0,0,0,0,1,Review,Scarped,East.facing,"Wet
(Months 7-9)",Edge,C2-0.5b,1.6392176784353567,0.748363636,February,JACA,50,NA,NA
M7,CorteMadera,T2,0.5,c,2026-01-10,2026-02-07,2026,-0.073598635,0,0,0,0,0,0,0,0,0,1,Review,Scarped,East.facing,"Wet
(Months 7-9)",Edge,C2-0.5c,1.6495808991617982,0.760727273,February,SAPA,55,35,39
M7,CorteMadera,T2,0.5,c,2026-01-10,2026-02-07,2026,-0.073598635,0,0,0,0,0,0,0,0,0,1,Review,Scarped,East.facing,"Wet
(Months 7-9)",Edge,C2-0.5c,1.6495808991617982,0.760727273,February,JACA,50,NA,NA
M7,CorteMadera,T2,2,a,2026-01-10,2026-02-07,2026,0.155505888,0,0,0,0,0,0,0,0,0,0,OK,Scarped,East.facing,"Wet
(Months 7-9)",Edge,C2-2a,1.656286512573025,0.768727273,February,SAPA,30,32,31.5
M7,CorteMadera,T2,2,a,2026-01-10,2026-02-07,2026,0.155505888,0,0,0,0,0,0,0,0,0,0,OK,Scarped,East.facing,"Wet
(Months 7-9)",Edge,C2-2a,1.656286512573025,0.768727273,February,JACA,60,13,15
M7,CorteMadera,T2,2,b,2026-01-10,2026-02-07,2026,0.205301456,0,0,0,0,0,0,0,0,0,0,OK,Scarped,East.facing,"Wet
(Months 7-9)",Edge,C2-2b,1.6544577089154178,0.766545455,February,SAPA,30,32,31.5
M7,CorteMadera,T2,2,b,2026-01-10,2026-02-07,2026,0.205301456,0,0,0,0,0,0,0,0,0,0,OK,Scarped,East.facing,"Wet
(Months 7-9)",Edge,C2-2b,1.6544577089154178,0.766545455,February,JACA,60,13,15
M7,CorteMadera,T2,2,c,2026-01-10,2026-02-07,2026,0.31235912,0,0,0,0,0,0,0,0,0,0,OK,Scarped,East.facing,"Wet
(Months 7-9)",Edge,C2-2c,1.6556769113538228,0.768,February,SAPA,30,32,31.5
M7,CorteMadera,T2,2,c,2026-01-10,2026-02-07,2026,0.31235912,0,0,0,0,0,0,0,0,0,0,OK,Scarped,East.facing,"Wet
(Months 7-9)",Edge,C2-2c,1.6556769113538228,0.768,February,JACA,60,13,15
M7,CorteMadera,T2,6,a,2026-01-10,2026-02-07,2026,6.030260101,0,0,0,0,0,0,0,0,0,0,OK,Scarped,East.facing,"Wet
(Months 7-9)",Edge,C2-6a,1.6623825247650494,0.776,February,SAPA,45,48,57
M7,CorteMadera,T2,6,a,2026-01-10,2026-02-07,2026,6.030260101,0,0,0,0,0,0,0,0,0,0,OK,Scarped,East.facing,"Wet
(Months 7-9)",Edge,C2-6a,1.6623825247650494,0.776,February,SPFO,20,70,81
M7,CorteMadera,T2,6,b,2026-01-10,2026-02-07,2026,5.349065716,0,0,0,0,0,0,0,0,0,0,OK,Scarped,East.facing,"Wet
(Months 7-9)",Edge,C2-6b,1.6727457454914911,0.788363636,February,SAPA,45,48,57
M7,CorteMadera,T2,6,b,2026-01-10,2026-02-07,2026,5.349065716,0,0,0,0,0,0,0,0,0,0,OK,Scarped,East.facing,"Wet
(Months 7-9)",Edge,C2-6b,1.6727457454914911,0.788363636,February,SPFO,20,70,81
M7,CorteMadera,T2,6,c,2026-01-10,2026-02-07,2026,1.492800387,0,0,0,0,0,0,0,0,0,0,OK,Scarped,East.facing,"Wet
(Months 7-9)",Edge,C2-6c,1.6675641351282702,0.782181818,February,SAPA,45,48,57
M7,CorteMadera,T2,6,c,2026-01-10,2026-02-07,2026,1.492800387,0,0,0,0,0,0,0,0,0,0,OK,Scarped,East.facing,"Wet
(Months 7-9)",Edge,C2-6c,1.6675641351282702,0.782181818,February,SPFO,20,70,81
M7,CorteMadera,T2,12,a,2026-01-10,2026-02-07,2026,4.307681519,0,0,0,0,0,0,0,0,0,0,OK,Scarped,East.facing,"Wet
(Months 7-9)",Platform,C2-12a,1.664820929641859,0.778909091,February,SAPA,50,45,57
M7,CorteMadera,T2,12,b,2026-01-10,2026-02-07,2026,4.452745496,0,0,0,0,0,0,0,0,0,0,OK,Scarped,East.facing,"Wet
(Months 7-9)",Platform,C2-12b,1.6651257302514604,0.779272727,February,SAPA,50,45,57
M7,CorteMadera,T2,12,c,2026-01-10,2026-02-07,2026,3.541604498,0,0,0,0,0,0,0,0,0,0,OK,Scarped,East.facing,"Wet
(Months 7-9)",Platform,C2-12c,1.6657353314706629,0.78,February,SAPA,50,45,57
M7,CorteMadera,T2,24,a,2026-01-10,2026-02-07,2026,3.673644155,0,0,0,0,0,0,0,0,0,0,OK,Scarped,East.facing,"Wet
(Months 7-9)",Platform,C2-24a,1.6794513589027176,0.796363636,February,SPFO,15,60,65
M7,CorteMadera,T2,24,a,2026-01-10,2026-02-07,2026,3.673644155,0,0,0,0,0,0,0,0,0,0,OK,Scarped,East.facing,"Wet
(Months 7-9)",Platform,C2-24a,1.6794513589027176,0.796363636,February,SAPA,45,42,52
M7,CorteMadera,T2,24,b,2026-01-10,2026-02-07,2026,3.32748917,0,0,0,0,0,0,0,0,0,0,OK,Scarped,East.facing,"Wet
(Months 7-9)",Platform,C2-24b,1.6843281686563372,0.802181818,February,SPFO,15,60,65
M7,CorteMadera,T2,24,b,2026-01-10,2026-02-07,2026,3.32748917,0,0,0,0,0,0,0,0,0,0,OK,Scarped,East.facing,"Wet
(Months 7-9)",Platform,C2-24b,1.6843281686563372,0.802181818,February,SAPA,45,42,52
M7,CorteMadera,T2,24,c,2026-01-10,2026-02-07,2026,4.002283674,0,0,0,0,0,0,0,0,0,0,OK,Scarped,East.facing,"Wet
(Months 7-9)",Platform,C2-24c,1.6751841503683007,0.791272727,February,SPFO,15,60,65
M7,CorteMadera,T2,24,c,2026-01-10,2026-02-07,2026,4.002283674,0,0,0,0,0,0,0,0,0,0,OK,Scarped,East.facing,"Wet
(Months 7-9)",Platform,C2-24c,1.6751841503683007,0.791272727,February,SAPA,45,42,52
M7,CorteMadera,T2,48,a,2026-01-10,2026-02-07,2026,2.235691873,0,0,0,0,0,0,0,0,0,0,OK,Scarped,East.facing,"Wet
(Months 7-9)",Upland,C2-48a,1.6794513589027176,0.796363636,February,DISP,95,34,44
M7,CorteMadera,T2,48,a,2026-01-10,2026-02-07,2026,2.235691873,0,0,0,0,0,0,0,0,0,0,OK,Scarped,East.facing,"Wet
(Months 7-9)",Upland,C2-48a,1.6794513589027176,0.796363636,February,SPFO,5,58,57.5
M7,CorteMadera,T2,48,b,2026-01-10,2026-02-07,2026,2.001815509,0,0,0,0,0,0,0,0,0,0,OK,Scarped,East.facing,"Wet
(Months 7-9)",Upland,C2-48b,1.6821945643891287,0.799636364,February,DISP,95,34,44
M7,CorteMadera,T2,48,b,2026-01-10,2026-02-07,2026,2.001815509,0,0,0,0,0,0,0,0,0,0,OK,Scarped,East.facing,"Wet
(Months 7-9)",Upland,C2-48b,1.6821945643891287,0.799636364,February,SPFO,5,58,57.5
M7,CorteMadera,T2,48,c,2026-01-10,2026-02-07,2026,1.9309677,0,0,0,0,0,0,0,0,0,0,OK,Scarped,East.facing,"Wet
(Months 7-9)",Upland,C2-48c,1.673050546101092,0.788727273,February,DISP,95,34,44
M7,CorteMadera,T2,48,c,2026-01-10,2026-02-07,2026,1.9309677,0,0,0,0,0,0,0,0,0,0,OK,Scarped,East.facing,"Wet
(Months 7-9)",Upland,C2-48c,1.673050546101092,0.788727273,February,SPFO,5,58,57.5
M7,SanPablo,T1,0.5,a,2026-01-11,2026-02-06,2026,1.540523119,0,0,0,0,0,0,0,0,0,0,OK,Ramped,South.facing,"Wet
(Months 7-9)",Edge,S1-0.5a,1.706273812547625,0.771628722,February,SAPA,65,57,66
M7,SanPablo,T1,0.5,a,2026-01-11,2026-02-06,2026,1.540523119,0,0,0,0,0,0,0,0,0,0,OK,Ramped,South.facing,"Wet
(Months 7-9)",Edge,S1-0.5a,1.706273812547625,0.771628722,February,SPFO,20,NA,NA
M7,SanPablo,T1,0.5,b,2026-01-11,2026-02-06,2026,0.769143092,0,0,0,0,0,0,0,0,0,0,OK,Ramped,South.facing,"Wet
(Months 7-9)",Edge,S1-0.5b,1.722733045466091,0.790542907,February,SAPA,65,57,66
M7,SanPablo,T1,0.5,b,2026-01-11,2026-02-06,2026,0.769143092,0,0,0,0,0,0,0,0,0,0,OK,Ramped,South.facing,"Wet
(Months 7-9)",Edge,S1-0.5b,1.722733045466091,0.790542907,February,SPFO,20,NA,NA
M7,SanPablo,T1,0.5,c,2026-01-11,2026-02-06,2026,0.854267559,0,0,0,0,0,0,0,0,0,0,OK,Ramped,South.facing,"Wet
(Months 7-9)",Edge,S1-0.5c,1.723037846075692,0.79089317,February,SAPA,65,57,66
M7,SanPablo,T1,0.5,c,2026-01-11,2026-02-06,2026,0.854267559,0,0,0,0,0,0,0,0,0,0,OK,Ramped,South.facing,"Wet
(Months 7-9)",Edge,S1-0.5c,1.723037846075692,0.79089317,February,SPFO,20,NA,NA
M7,SanPablo,T1,2,a,2026-01-11,2026-02-06,2026,2.50204267,0,0,0,0,0,0,0,0,0,0,OK,Ramped,South.facing,"Wet
(Months 7-9)",Edge,S1-2a,1.6913385826771654,0.754465849,February,SAPA,70,53,62.5
M7,SanPablo,T1,2,b,2026-01-11,2026-02-06,2026,1.82056327,0,0,0,0,0,0,0,0,0,0,OK,Ramped,South.facing,"Wet
(Months 7-9)",Edge,S1-2b,1.7202946405892812,0.787740806,February,SAPA,70,53,62.5
M7,SanPablo,T1,2,c,2026-01-11,2026-02-06,2026,1.073849991,0,0,0,0,0,0,0,0,0,0,OK,Ramped,South.facing,"Wet
(Months 7-9)",Edge,S1-2c,1.7550419100838202,0.827670753,February,SAPA,70,53,62.5
M7,SanPablo,T1,6,a,2026-01-11,2026-02-06,2026,1.963183027,0,0,0,0,0,0,0,0,0,0,OK,Ramped,South.facing,"Wet
(Months 7-9)",Edge,S1-6a,1.8266700533401063,0.909982487,February,SAPA,50,60,63
M7,SanPablo,T1,6,b,2026-01-11,2026-02-06,2026,1.573835321,0,0,0,0,0,0,0,0,0,0,OK,Ramped,South.facing,"Wet
(Months 7-9)",Edge,S1-6b,1.8254508509017016,0.908581436,February,SAPA,50,60,63
M7,SanPablo,T1,6,c,2026-01-11,2026-02-06,2026,1.672200029,0,0,0,0,0,0,0,0,0,0,OK,Ramped,South.facing,"Wet
(Months 7-9)",Edge,S1-6c,1.83002286004572,0.913835377,February,SAPA,50,60,63
M7,SanPablo,T1,12,a,2026-01-11,2026-02-06,2026,3.939142785,1,0,0,0,0,0,0,0,0,0,Review,Ramped,South.facing,"Wet
(Months 7-9)",Platform,S1-12a,1.877266954533909,0.968126095,February,SAPA,65,50,51
M7,SanPablo,T1,12,b,2026-01-11,2026-02-06,2026,2.784642197,1,0,0,0,0,0,0,0,0,0,Review,Ramped,South.facing,"Wet
(Months 7-9)",Platform,S1-12b,1.889763779527559,0.982486865,February,SAPA,65,50,51
M7,SanPablo,T1,12,c,2026-01-11,2026-02-06,2026,1.603399146,0,0,0,0,0,0,1,0,0,0,Review,Ramped,South.facing,"Wet
(Months 7-9)",Platform,S1-12c,1.8851917703835408,0.977232925,February,SAPA,65,50,51
M7,SanPablo,T1,24,a,2026-01-11,2026-02-06,2026,1.724798244,0,0,0,0,0,0,0,0,0,0,OK,Ramped,South.facing,"Wet
(Months 7-9)",Platform,S1-24a,1.9751079502159004,1.08056042,February,SAPA,85,57,60
M7,SanPablo,T1,24,b,2026-01-11,2026-02-06,2026,1.682175552,0,0,0,0,0,0,0,0,0,0,OK,Ramped,South.facing,"Wet
(Months 7-9)",Platform,S1-24b,1.984861569723139,1.091768827,February,SAPA,85,57,60
M7,SanPablo,T1,24,c,2026-01-11,2026-02-06,2026,1.79722659,0,0,0,0,0,0,0,0,0,0,OK,Ramped,South.facing,"Wet
(Months 7-9)",Platform,S1-24c,1.9751079502159004,1.08056042,February,SAPA,85,57,60
M7,SanPablo,T1,48,a,2026-01-11,2026-02-06,2026,1.288414434,0,0,0,0,0,0,0,0,0,0,OK,Ramped,South.facing,"Wet
(Months 7-9)",Upland,S1-48a,2.013208026416053,1.124343257,February,SAPA,90,56,61.5
M7,SanPablo,T1,48,b,2026-01-11,2026-02-06,2026,1.279043487,0,0,0,0,0,0,0,0,0,0,OK,Ramped,South.facing,"Wet
(Months 7-9)",Upland,S1-48b,2.0159512319024637,1.127495622,February,SAPA,90,56,61.5
M7,SanPablo,T1,48,c,2026-01-11,2026-02-06,2026,1.398387023,0,0,0,0,0,0,0,0,0,0,OK,Ramped,South.facing,"Wet
(Months 7-9)",Upland,S1-48c,2.0144272288544576,1.125744308,February,SAPA,90,56,61.5
M7,SanPablo,T2,0.5,a,2026-01-11,2026-02-06,2026,0.993924888,0,0,0,1,0,0,0,0,0,0,Review,Ramped,South.facing,"Wet
(Months 7-9)",Edge,S2-0.5a,1.727305054610109,0.795796848,February,SPFO,20,67,67.5
M7,SanPablo,T2,0.5,a,2026-01-11,2026-02-06,2026,0.993924888,0,0,0,1,0,0,0,0,0,0,Review,Ramped,South.facing,"Wet
(Months 7-9)",Edge,S2-0.5a,1.727305054610109,0.795796848,February,SAPA,30,52,57
M7,SanPablo,T2,0.5,b,2026-01-11,2026-02-06,2026,1.223180556,0,0,0,0,0,0,0,0,0,0,OK,Ramped,South.facing,"Wet
(Months 7-9)",Edge,S2-0.5b,1.7297434594869188,0.798598949,February,SPFO,20,67,67.5
M7,SanPablo,T2,0.5,b,2026-01-11,2026-02-06,2026,1.223180556,0,0,0,0,0,0,0,0,0,0,OK,Ramped,South.facing,"Wet
(Months 7-9)",Edge,S2-0.5b,1.7297434594869188,0.798598949,February,SAPA,30,52,57
M7,SanPablo,T2,0.5,c,2026-01-11,2026-02-06,2026,0.995738619,0,0,0,0,0,0,0,0,0,0,OK,Ramped,South.facing,"Wet
(Months 7-9)",Edge,S2-0.5c,1.721818643637287,0.789492119,February,SPFO,20,67,67.5
M7,SanPablo,T2,0.5,c,2026-01-11,2026-02-06,2026,0.995738619,0,0,0,0,0,0,0,0,0,0,OK,Ramped,South.facing,"Wet
(Months 7-9)",Edge,S2-0.5c,1.721818643637287,0.789492119,February,SAPA,30,52,57
M7,SanPablo,T2,2,a,2026-01-11,2026-02-06,2026,2.789760951,0,0,0,0,0,0,0,0,0,0,OK,Ramped,South.facing,"Wet
(Months 7-9)",Edge,S2-2a,1.7401066802133602,0.810507881,February,SPFO,20,70,79
M7,SanPablo,T2,2,a,2026-01-11,2026-02-06,2026,2.789760951,0,0,0,0,0,0,0,0,0,0,OK,Ramped,South.facing,"Wet
(Months 7-9)",Edge,S2-2a,1.7401066802133602,0.810507881,February,SAPA,35,55,65.5
M7,SanPablo,T2,2,b,2026-01-11,2026-02-06,2026,1.447418233,0,0,0,0,0,0,0,0,0,0,OK,Ramped,South.facing,"Wet
(Months 7-9)",Edge,S2-2b,1.751993903987808,0.824168126,February,SPFO,20,70,79
M7,SanPablo,T2,2,b,2026-01-11,2026-02-06,2026,1.447418233,0,0,0,0,0,0,0,0,0,0,OK,Ramped,South.facing,"Wet
(Months 7-9)",Edge,S2-2b,1.751993903987808,0.824168126,February,SAPA,35,55,65.5
M7,SanPablo,T2,2,c,2026-01-11,2026-02-06,2026,1.485990257,0,0,0,0,0,0,0,0,0,0,OK,Ramped,South.facing,"Wet
(Months 7-9)",Edge,S2-2c,1.750469900939802,0.822416813,February,SPFO,20,70,79
M7,SanPablo,T2,2,c,2026-01-11,2026-02-06,2026,1.485990257,0,0,0,0,0,0,0,0,0,0,OK,Ramped,South.facing,"Wet
(Months 7-9)",Edge,S2-2c,1.750469900939802,0.822416813,February,SAPA,35,55,65.5
M7,SanPablo,T2,6,a,2026-01-11,2026-02-06,2026,2.291831183,0,0,0,0,0,0,0,0,0,0,OK,Ramped,South.facing,"Wet
(Months 7-9)",Edge,S2-6a,1.8239268478536956,0.906830123,February,SAPA,65,52,62
M7,SanPablo,T2,6,b,2026-01-11,2026-02-06,2026,1.707567794,0,0,0,0,0,0,0,0,0,0,OK,Ramped,South.facing,"Wet
(Months 7-9)",Edge,S2-6b,1.8135636271272544,0.894921191,February,SAPA,65,52,62
M7,SanPablo,T2,6,c,2026-01-11,2026-02-06,2026,2.369761182,0,0,0,0,0,0,0,0,0,0,OK,Ramped,South.facing,"Wet
(Months 7-9)",Edge,S2-6c,1.8083820167640337,0.888966725,February,SAPA,65,52,62
M7,SanPablo,T2,12,a,2026-01-11,2026-02-06,2026,1.151961363,0,0,0,0,0,0,0,0,0,0,OK,Ramped,South.facing,"Wet
(Months 7-9)",Platform,S2-12a,1.899517399034798,0.993695271,February,SAPA,75,54,57
M7,SanPablo,T2,12,b,2026-01-11,2026-02-06,2026,1.127294614,0,0,0,0,0,0,0,0,0,0,OK,Ramped,South.facing,"Wet
(Months 7-9)",Platform,S2-12b,1.8912877825755652,0.984238179,February,SAPA,75,54,57
M7,SanPablo,T2,12,c,2026-01-11,2026-02-06,2026,1.204075917,0,0,0,0,0,0,0,0,0,0,OK,Ramped,South.facing,"Wet
(Months 7-9)",Platform,S2-12c,1.8836677673355344,0.975481611,February,SAPA,75,54,57
M7,SanPablo,T2,24,a,2026-01-11,2026-02-06,2026,2.164084025,0,0,0,0,0,0,0,0,0,0,OK,Ramped,South.facing,"Wet
(Months 7-9)",Platform,S2-24a,2.0001016002032004,1.109281961,February,SAPA,70,57,62.5
M7,SanPablo,T2,24,b,2026-01-11,2026-02-06,2026,2.540251948,0,0,0,0,0,0,0,0,0,0,OK,Ramped,South.facing,"Wet
(Months 7-9)",Platform,S2-24b,1.9979679959359915,1.106830123,February,SAPA,70,57,62.5
M7,SanPablo,T2,24,c,2026-01-11,2026-02-06,2026,2.130953195,0,0,0,0,0,0,0,0,0,0,OK,Ramped,South.facing,"Wet
(Months 7-9)",Platform,S2-24c,1.9915671831343664,1.099474606,February,SAPA,70,57,62.5
M7,SanPablo,T2,48,a,2026-01-11,2026-02-06,2026,1.700010579,0,0,0,0,0,0,0,0,0,0,OK,Ramped,South.facing,"Wet
(Months 7-9)",Upland,S2-48a,2.0138176276352553,1.125043783,February,SAPA,75,47.25,50
M7,SanPablo,T2,48,b,2026-01-11,2026-02-06,2026,2.042201265,0,0,0,0,0,0,1,0,0,0,Review,Ramped,South.facing,"Wet
(Months 7-9)",Upland,S2-48b,2.022961645923292,1.135551664,February,SAPA,75,47.25,50
M7,SanPablo,T2,48,c,2026-01-11,2026-02-06,2026,1.889605984,0,1,0,0,0,0,0,0,0,0,Review,Ramped,South.facing,"Wet
(Months 7-9)",Upland,S2-48c,2.0205232410464817,1.132749562,February,SAPA,75,47.25,50
M7,CorteMadera,T1,18,a,2026-01-10,2026-02-07,2026,4.591914845,0,0,0,0,0,0,0,0,0,0,OK,Scarped,East.facing,"Wet
(Months 7-9)",Platform,C1-18a,1.679756159512319,0.796727273,February,SAPA,65,46,48
M7,CorteMadera,T1,18,a,2026-01-10,2026-02-07,2026,4.591914845,0,0,0,0,0,0,0,0,0,0,OK,Scarped,East.facing,"Wet
(Months 7-9)",Platform,C1-18a,1.679756159512319,0.796727273,February,SPFO,30,73,81
M7,CorteMadera,T1,18,b,2026-01-10,2026-02-07,2026,3.60650154,0,0,0,0,0,0,0,0,0,0,OK,Scarped,East.facing,"Wet
(Months 7-9)",Platform,C1-18b,1.6696977393954786,0.784727273,February,SAPA,65,46,48
M7,CorteMadera,T1,18,b,2026-01-10,2026-02-07,2026,3.60650154,0,0,0,0,0,0,0,0,0,0,OK,Scarped,East.facing,"Wet
(Months 7-9)",Platform,C1-18b,1.6696977393954786,0.784727273,February,SPFO,30,73,81
M7,CorteMadera,T1,18,c,2026-01-10,2026-02-07,2026,3.305201864,0,0,0,0,0,0,0,0,0,0,OK,Scarped,East.facing,"Wet
(Months 7-9)",Platform,C1-18c,1.671526543053086,0.786909091,February,SAPA,65,46,48
M7,CorteMadera,T1,18,c,2026-01-10,2026-02-07,2026,3.305201864,0,0,0,0,0,0,0,0,0,0,OK,Scarped,East.facing,"Wet
(Months 7-9)",Platform,C1-18c,1.671526543053086,0.786909091,February,SPFO,30,73,81
M7,CorteMadera,T2,18,a,2026-01-10,2026-02-07,2026,3.092209323,0,0,0,0,0,0,0,0,0,0,OK,Scarped,East.facing,"Wet
(Months 7-9)",Platform,C2-18a,1.6623825247650494,0.776,February,SAPA,45,48,55
M7,CorteMadera,T2,18,a,2026-01-10,2026-02-07,2026,3.092209323,0,0,0,0,0,0,0,0,0,0,OK,Scarped,East.facing,"Wet
(Months 7-9)",Platform,C2-18a,1.6623825247650494,0.776,February,SPFO,40,66,70
M7,CorteMadera,T2,18,b,2026-01-10,2026-02-07,2026,2.632372236,0,0,0,0,0,0,0,0,0,0,OK,Scarped,East.facing,"Wet
(Months 7-9)",Platform,C2-18b,1.6672593345186688,0.781818182,February,SAPA,45,48,55
M7,CorteMadera,T2,18,b,2026-01-10,2026-02-07,2026,2.632372236,0,0,0,0,0,0,0,0,0,0,OK,Scarped,East.facing,"Wet
(Months 7-9)",Platform,C2-18b,1.6672593345186688,0.781818182,February,SPFO,40,66,70
M7,CorteMadera,T2,18,c,2026-01-10,2026-02-07,2026,NA,0,0,0,0,0,0,0,0,0,NA,#VALUE!,Scarped,East.facing,"Wet
(Months 7-9)",Platform,C2-18c,1.6773177546355091,0.793818182,February,SAPA,45,48,55
M7,CorteMadera,T2,18,c,2026-01-10,2026-02-07,2026,NA,0,0,0,0,0,0,0,0,0,NA,#VALUE!,Scarped,East.facing,"Wet
(Months 7-9)",Platform,C2-18c,1.6773177546355091,0.793818182,February,SPFO,40,66,70
M7,SanPablo,T1,18,a,2026-01-11,2026-02-06,2026,1.275476482,0,0,0,0,0,0,0,0,0,0,OK,Ramped,South.facing,"Wet
(Months 7-9)",Platform,S1-18a,1.9778511557023113,1.083712785,February,SAPA,80,63,66.5
M7,SanPablo,T1,18,b,2026-01-11,2026-02-06,2026,0.632750479,0,0,0,0,0,0,0,0,0,0,OK,Ramped,South.facing,"Wet
(Months 7-9)",Platform,S1-18b,1.9882143764287528,1.095621716,February,SAPA,80,63,66.5
M7,SanPablo,T1,18,c,2026-01-11,2026-02-06,2026,0.605121302,0,0,0,0,0,0,0,0,0,0,OK,Ramped,South.facing,"Wet
(Months 7-9)",Platform,S1-18c,1.9918719837439671,1.099824869,February,SAPA,80,63,66.5
M7,SanPablo,T2,18,a,2026-01-11,2026-02-06,2026,1.379463757,0,0,0,0,0,0,0,0,0,0,OK,Ramped,South.facing,"Wet
(Months 7-9)",Platform,S2-18a,1.9677927355854712,1.072154116,February,SAPA,90,65,68.5
M7,SanPablo,T2,18,b,2026-01-11,2026-02-06,2026,1.116835429,0,0,0,0,0,0,0,0,0,0,OK,Ramped,South.facing,"Wet
(Months 7-9)",Platform,S2-18b,1.9677927355854712,1.072154116,February,SAPA,90,65,68.5
M7,SanPablo,T2,18,c,2026-01-11,2026-02-06,2026,0.900638629,0,0,0,0,0,0,0,0,0,0,OK,Ramped,South.facing,"Wet
(Months 7-9)",Platform,S2-18c,1.9613919227838457,1.064798599,February,SAPA,90,65,68.5
M7,Buck'sLanding,T2,18,a,2026-01-22,2026-02-21,2026,0.868055949,0,0,0,0,0,0,0,0,0,0,OK,Ramped,East.facing,"Wet
(Months 7-9)",Platform,B2-18a,1.8312420624841248,0.949044586,February,TRIG,40,16,24
M7,Buck'sLanding,T2,18,a,2026-01-22,2026-02-21,2026,0.868055949,0,0,0,0,0,0,0,0,0,0,OK,Ramped,East.facing,"Wet
(Months 7-9)",Platform,B2-18a,1.8312420624841248,0.949044586,February,SAPA,20,25,29
M7,Buck'sLanding,T2,18,b,2026-01-22,2026-02-21,2026,0.739107697,0,0,0,0,0,0,0,0,0,0,OK,Ramped,East.facing,"Wet
(Months 7-9)",Platform,B2-18b,1.8269748539497075,0.944090587,February,TRIG,40,16,24
M7,Buck'sLanding,T2,18,b,2026-01-22,2026-02-21,2026,0.739107697,0,0,0,0,0,0,0,0,0,0,OK,Ramped,East.facing,"Wet
(Months 7-9)",Platform,B2-18b,1.8269748539497075,0.944090587,February,SAPA,20,25,29
M7,Buck'sLanding,T2,18,c,2026-01-22,2026-02-21,2026,0.738636127,0,0,0,0,0,0,0,0,0,0,OK,Ramped,East.facing,"Wet
(Months 7-9)",Platform,B2-18c,1.8403860807721617,0.959660297,February,TRIG,40,16,24
M7,Buck'sLanding,T2,18,c,2026-01-22,2026-02-21,2026,0.738636127,0,0,0,0,0,0,0,0,0,0,OK,Ramped,East.facing,"Wet
(Months 7-9)",Platform,B2-18c,1.8403860807721617,0.959660297,February,SAPA,20,25,29
M7,GiantMarsh,T1,18,a,2026-01-23,2026-02-20,2026,4.100976581,0,0,0,0,0,0,0,0,0,0,OK,Scarped,West.facing,"Wet
(Months 7-9)",Platform,G1-18a,1.958039116078232,1.070756361,February,SAPA,80,80,38
M7,GiantMarsh,T1,18,b,2026-01-23,2026-02-20,2026,3.307279019,0,0,0,0,0,0,0,0,0,0,OK,Scarped,West.facing,"Wet
(Months 7-9)",Platform,G1-18b,1.94005588011176,1.050191704,February,SAPA,80,80,38
M7,GiantMarsh,T1,18,c,2026-01-23,2026-02-20,2026,6.158257728,0,0,0,0,0,0,0,0,0,0,OK,Scarped,West.facing,"Wet
(Months 7-9)",Platform,G1-18c,1.9348742697485393,1.044266295,February,SAPA,80,80,38
M7,GiantMarsh,T2,18,a,2026-01-23,2026-02-20,2026,6.336668454,0,0,0,0,0,0,0,0,0,0,OK,Scarped,West.facing,"Wet
(Months 7-9)",Platform,G2-18a,1.9610871221742443,1.074241896,February,SAPA,75,37,43
M7,GiantMarsh,T2,18,b,2026-01-23,2026-02-20,2026,7.561572055,0,0,0,0,0,0,0,0,0,0,OK,Scarped,West.facing,"Wet
(Months 7-9)",Platform,G2-18b,1.9516383032766065,1.063436738,February,SAPA,75,37,43
M7,GiantMarsh,T2,18,c,2026-01-23,2026-02-20,2026,7.365589724,0,0,0,0,0,0,0,0,0,0,OK,Scarped,West.facing,"Wet
(Months 7-9)",Platform,G2-18c,1.9586487172974345,1.071453468,February,SAPA,75,37,43
M8,Buck'sLanding,T1,0.5,a,2026-02-21,2026-03-20,2026,1.932040584,0,0,0,0,0,0,0,1,0,0,Review,Ramped,East.facing,"Wet
(Months 7-9)",Edge,B1-0.5a,1.6544577089154178,0.743807502,March,NA,NA,NA,NA
M8,Buck'sLanding,T1,0.5,b,2026-02-21,2026-03-20,2026,1.635300668,0,0,0,0,0,0,0,1,0,0,Review,Ramped,East.facing,"Wet
(Months 7-9)",Edge,B1-0.5b,1.6599441198882396,0.750176929,March,NA,NA,NA,NA
M8,Buck'sLanding,T1,0.5,c,2026-02-21,2026-03-20,2026,0.632020508,0,0,0,0,0,0,0,0,0,0,OK,Ramped,East.facing,"Wet
(Months 7-9)",Edge,B1-0.5c,1.6611633223266449,0.751592357,March,NA,NA,NA,NA
M8,Buck'sLanding,T1,2,a,2026-02-21,2026-03-20,2026,0.517329977,0,0,0,0,0,0,0,0,0,0,OK,Ramped,East.facing,"Wet
(Months 7-9)",Edge,B1-2a,1.7718059436118871,0.880042463,March,NA,NA,NA,NA
M8,Buck'sLanding,T1,2,b,2026-02-21,2026-03-20,2026,1.035940763,0,0,0,0,0,0,0,0,0,0,OK,Ramped,East.facing,"Wet
(Months 7-9)",Edge,B1-2b,1.7794259588519177,0.888888889,March,NA,NA,NA,NA
M8,Buck'sLanding,T1,2,c,2026-02-21,2026-03-20,2026,0.460159368,0,0,0,0,0,0,0,0,0,0,OK,Ramped,East.facing,"Wet
(Months 7-9)",Edge,B1-2c,1.7669291338582676,0.87438075,March,NA,NA,NA,NA
M8,Buck'sLanding,T1,6,a,2026-02-21,2026-03-20,2026,2.851369605,0,0,0,0,0,0,0,0,0,0,OK,Ramped,East.facing,"Wet
(Months 7-9)",Edge,B1-6a,1.8138684277368553,0.928874735,March,NA,NA,NA,NA
M8,Buck'sLanding,T1,6,b,2026-02-21,2026-03-20,2026,2.562372755,0,0,0,0,0,0,0,0,0,0,OK,Ramped,East.facing,"Wet
(Months 7-9)",Edge,B1-6b,1.806248412496825,0.920028309,March,NA,NA,NA,NA
M8,Buck'sLanding,T1,6,c,2026-02-21,2026-03-20,2026,2.805726267,0,0,0,0,0,0,0,0,0,0,OK,Ramped,East.facing,"Wet
(Months 7-9)",Edge,B1-6c,1.8053340106680211,0.918966737,March,NA,NA,NA,NA
M8,Buck'sLanding,T1,12,a,2026-02-21,2026-03-20,2026,0.963051146,0,0,0,0,0,0,0,0,0,0,OK,Ramped,East.facing,"Wet
(Months 7-9)",Platform,B1-12a,1.8483108966217932,0.96886058,March,NA,NA,NA,NA
M8,Buck'sLanding,T1,12,b,2026-02-21,2026-03-20,2026,1.274578573,0,0,0,0,0,0,0,0,0,0,OK,Ramped,East.facing,"Wet
(Months 7-9)",Platform,B1-12b,1.8461772923545847,0.966383581,March,NA,NA,NA,NA
M8,Buck'sLanding,T1,12,c,2026-02-21,2026-03-20,2026,1.159713386,0,0,0,0,0,0,0,0,0,0,OK,Ramped,East.facing,"Wet
(Months 7-9)",Platform,B1-12c,1.8428244856489713,0.962491154,March,NA,NA,NA,NA
M8,Buck'sLanding,T1,18,a,2026-02-21,2026-03-20,2026,1.241743314,0,0,1,0,0,0,0,0,0,0,Review,Ramped,East.facing,"Wet
(Months 7-9)",Platform,B1-18a,1.8736093472186943,0.998230715,March,NA,NA,NA,NA
M8,Buck'sLanding,T1,18,b,2026-02-21,2026-03-20,2026,1.076984836,0,0,0,0,0,0,0,0,0,0,OK,Ramped,East.facing,"Wet
(Months 7-9)",Platform,B1-18b,1.8745237490474984,0.999292286,March,NA,NA,NA,NA
M8,Buck'sLanding,T1,18,c,2026-02-21,2026-03-20,2026,1.059519273,0,0,0,0,0,0,0,0,0,0,OK,Ramped,East.facing,"Wet
(Months 7-9)",Platform,B1-18c,1.8806197612395223,1.006369427,March,NA,NA,NA,NA
M8,Buck'sLanding,T1,24,a,2026-02-21,2026-03-20,2026,0.959208723,0,0,0,0,0,0,0,0,0,0,OK,Ramped,East.facing,"Wet
(Months 7-9)",Platform,B1-24a,1.8641605283210565,0.987261146,March,NA,NA,NA,NA
M8,Buck'sLanding,T1,24,b,2026-02-21,2026-03-20,2026,0.920027643,0,0,0,0,0,0,0,0,0,0,OK,Ramped,East.facing,"Wet
(Months 7-9)",Platform,B1-24b,1.869037338074676,0.992922859,March,NA,NA,NA,NA
M8,Buck'sLanding,T1,24,c,2026-02-21,2026-03-20,2026,0.876247298,0,0,0,0,0,0,0,0,0,0,OK,Ramped,East.facing,"Wet
(Months 7-9)",Platform,B1-24c,1.8714757429514857,0.995753715,March,NA,NA,NA,NA
M8,Buck'sLanding,T1,48,a,2026-02-21,2026-03-20,2026,1.480206468,0,0,0,0,0,0,0,0,0,0,OK,Ramped,East.facing,"Wet
(Months 7-9)",Upland,B1-48a,1.856845313690627,0.978768577,March,NA,NA,NA,NA
M8,Buck'sLanding,T1,48,b,2026-02-21,2026-03-20,2026,1.820901385,0,0,0,0,0,0,0,0,0,0,OK,Ramped,East.facing,"Wet
(Months 7-9)",Upland,B1-48b,1.850749301498603,0.971691437,March,NA,NA,NA,NA
M8,Buck'sLanding,T1,48,c,2026-02-21,2026-03-20,2026,5.557833255,0,0,0,0,0,0,1,0,0,0,Review,Ramped,East.facing,"Wet
(Months 7-9)",Upland,B1-48c,1.8516637033274064,0.972753008,March,NA,NA,NA,NA
M8,Buck'sLanding,T2,0.5,a,2026-02-21,2026-03-20,2026,1.630468529,0,0,0,0,0,0,0,0,0,0,OK,Ramped,East.facing,"Wet
(Months 7-9)",Edge,B2-0.5a,1.6338836677673354,0.7199221515,March,NA,NA,NA,NA
M8,Buck'sLanding,T2,0.5,b,2026-02-21,2026-03-20,2026,1.449641733,0,0,0,0,0,0,0,0,0,0,OK,Ramped,East.facing,"Wet
(Months 7-9)",Edge,B2-0.5b,1.6431800863601729,0.730714791,March,NA,NA,NA,NA
M8,Buck'sLanding,T2,0.5,c,2026-02-21,2026-03-20,2026,1.579003337,0,0,0,0,0,0,0,0,0,0,OK,Ramped,East.facing,"Wet
(Months 7-9)",Edge,B2-0.5c,1.6407416814833629,0.727883935,March,NA,NA,NA,NA
M8,Buck'sLanding,T2,2,a,2026-02-21,2026-03-20,2026,0.576072488,0,0,0,0,0,0,0,0,0,0,OK,Ramped,East.facing,"Wet
(Months 7-9)",Edge,B2-2a,1.773329946659893,0.881811748,March,NA,NA,NA,NA
M8,Buck'sLanding,T2,2,b,2026-02-21,2026-03-20,2026,0.063050683,0,0,0,0,0,0,0,0,0,0,OK,Ramped,East.facing,"Wet
(Months 7-9)",Edge,B2-2b,1.7654051308102614,0.872611465,March,NA,NA,NA,NA
M8,Buck'sLanding,T2,2,c,2026-02-21,2026-03-20,2026,0.194799247,0,0,0,0,0,0,0,0,0,0,OK,Ramped,East.facing,"Wet
(Months 7-9)",Edge,B2-2c,1.7696723393446787,0.877565464,March,NA,NA,NA,NA
M8,Buck'sLanding,T2,6,a,2026-02-21,2026-03-20,2026,2.811489902,0,0,0,0,0,0,0,0,0,0,OK,Ramped,East.facing,"Wet
(Months 7-9)",Edge,B2-6a,1.843738887477775,0.963552725,March,NA,NA,NA,NA
M8,Buck'sLanding,T2,6,b,2026-02-21,2026-03-20,2026,2.971299804,0,0,0,0,0,0,0,0,0,0,OK,Ramped,East.facing,"Wet
(Months 7-9)",Edge,B2-6b,1.8394716789433576,0.958598726,March,NA,NA,NA,NA
M8,Buck'sLanding,T2,6,c,2026-02-21,2026-03-20,2026,2.292296932,0,0,0,0,0,0,0,0,0,0,OK,Ramped,East.facing,"Wet
(Months 7-9)",Edge,B2-6c,1.8376428752857503,0.956475584,March,NA,NA,NA,NA
M8,Buck'sLanding,T2,12,a,2026-02-21,2026-03-20,2026,2.120377573,0,0,0,0,0,0,0,0,0,0,OK,Ramped,East.facing,"Wet
(Months 7-9)",Platform,B2-12a,1.84008128016256,0.95930644,March,NA,NA,NA,NA
M8,Buck'sLanding,T2,12,b,2026-02-21,2026-03-20,2026,2.211897123,0,0,0,0,0,0,0,0,0,0,OK,Ramped,East.facing,"Wet
(Months 7-9)",Platform,B2-12b,1.835814071628143,0.954352442,March,NA,NA,NA,NA
M8,Buck'sLanding,T2,12,c,2026-02-21,2026-03-20,2026,2.004697327,0,0,0,0,0,0,0,0,0,0,OK,Ramped,East.facing,"Wet
(Months 7-9)",Platform,B2-12c,1.822098044196088,0.938428875,March,NA,NA,NA,NA
M8,Buck'sLanding,T2,18,a,2026-02-21,2026-03-20,2026,1.461227223,0,0,0,0,0,0,0,0,0,0,OK,Ramped,East.facing,"Wet
(Months 7-9)",Platform,B2-18a,1.8312420624841248,0.949044586,March,NA,NA,NA,NA
M8,Buck'sLanding,T2,18,b,2026-02-21,2026-03-20,2026,1.247972698,0,0,0,0,0,0,0,0,0,0,OK,Ramped,East.facing,"Wet
(Months 7-9)",Platform,B2-18b,1.8269748539497075,0.944090587,March,NA,NA,NA,NA
M8,Buck'sLanding,T2,18,c,2026-02-21,2026-03-20,2026,1.088861419,0,0,0,0,0,0,0,0,0,0,OK,Ramped,East.facing,"Wet
(Months 7-9)",Platform,B2-18c,1.8403860807721617,0.959660297,March,NA,NA,NA,NA
M8,Buck'sLanding,T2,24,a,2026-02-21,2026-03-20,2026,1.089676479,0,0,0,0,0,0,0,0,0,0,OK,Ramped,East.facing,"Wet
(Months 7-9)",Platform,B2-24a,1.8266700533401063,0.94373673,March,NA,NA,NA,NA
M8,Buck'sLanding,T2,24,b,2026-02-21,2026-03-20,2026,1.078382081,0,0,0,0,0,0,0,0,0,0,OK,Ramped,East.facing,"Wet
(Months 7-9)",Platform,B2-24b,1.8294132588265175,0.946921444,March,NA,NA,NA,NA
M8,Buck'sLanding,T2,24,c,2026-02-21,2026-03-20,2026,1.439861018,0,0,0,0,0,0,0,0,0,0,OK,Ramped,East.facing,"Wet
(Months 7-9)",Platform,B2-24c,1.8446532893065783,0.964614296,March,NA,NA,NA,NA
M8,Buck'sLanding,T2,48,a,2026-02-21,2026-03-20,2026,1.713138861,0,0,0,0,0,0,0,0,0,0,OK,Ramped,East.facing,"Wet
(Months 7-9)",Upland,B2-48a,1.8416052832105665,0.961075725,March,NA,NA,NA,NA
M8,Buck'sLanding,T2,48,b,2026-02-21,2026-03-20,2026,1.463497746,0,0,0,0,0,0,0,0,0,0,OK,Ramped,East.facing,"Wet
(Months 7-9)",Upland,B2-48b,1.8525781051562105,0.973814579,March,NA,NA,NA,NA
M8,Buck'sLanding,T2,48,c,2026-02-21,2026-03-20,2026,1.626160357,0,0,0,0,0,0,0,0,0,0,OK,Ramped,East.facing,"Wet
(Months 7-9)",Upland,B2-48c,1.849530099060198,0.970276008,March,NA,NA,NA,NA
M8,GiantMarsh,T1,0.5,a,2026-02-20,2026-03-19,2026,0.065088332,0,0,0,0,0,0,0,0,0,0,OK,Scarped,West.facing,"Wet
(Months 7-9)",Edge,G1-0.5a,2.067462535,1.195887069,March,NA,NA,NA,NA
M8,GiantMarsh,T1,0.5,b,2026-02-20,2026-03-19,2026,0.156200352,0,0,0,0,0,0,0,0,0,0,OK,Scarped,West.facing,"Wet
(Months 7-9)",Edge,G1-0.5b,2.066243332486665,1.194492855,March,NA,NA,NA,NA
M8,GiantMarsh,T1,0.5,c,2026-02-20,2026-03-19,2026,-1.900719008,0,0,0,0,0,0,0,0,0,1,Review,Scarped,West.facing,"Wet
(Months 7-9)",Edge,G1-0.5c,2.0574041148082296,1.184384803,March,NA,NA,NA,NA
M8,GiantMarsh,T1,2,a,2026-02-20,2026-03-19,2026,0.751135648,0,0,0,0,0,0,0,0,0,0,OK,Scarped,West.facing,"Wet
(Months 7-9)",Edge,G1-2a,2.0183896367792733,1.139769955,March,NA,NA,NA,NA
M8,GiantMarsh,T1,2,b,2026-02-20,2026-03-19,2026,0.905007259,0,0,0,0,0,0,0,0,0,0,OK,Scarped,West.facing,"Wet
(Months 7-9)",Edge,G1-2b,2.019304038608077,1.140815615,March,NA,NA,NA,NA
M8,GiantMarsh,T1,2,c,2026-02-20,2026-03-19,2026,0.764700569,0,0,0,0,0,0,0,0,0,0,OK,Scarped,West.facing,"Wet
(Months 7-9)",Edge,G1-2c,2.0189992379984756,1.140467062,March,NA,NA,NA,NA
M8,GiantMarsh,T1,6,a,2026-02-20,2026-03-19,2026,1.901010101,0,0,0,0,0,0,0,0,0,0,OK,Scarped,West.facing,"Wet
(Months 7-9)",Edge,G1-6a,1.9723647447294896,1.087138376,March,NA,NA,NA,NA
M8,GiantMarsh,T1,6,b,2026-02-20,2026-03-19,2026,2.386436316,0,0,0,0,0,0,0,0,0,0,OK,Scarped,West.facing,"Wet
(Months 7-9)",Edge,G1-6b,1.9793751587503172,1.095155106,March,NA,NA,NA,NA
M8,GiantMarsh,T1,6,c,2026-02-20,2026-03-19,2026,2.572561,0,0,0,0,0,0,0,0,0,0,OK,Scarped,West.facing,"Wet
(Months 7-9)",Edge,G1-6c,1.9763271526543051,1.091669571,March,NA,NA,NA,NA
M8,GiantMarsh,T1,12,a,2026-02-20,2026-03-19,2026,3.066661779,0,0,0,0,0,0,0,0,0,0,OK,Scarped,West.facing,"Wet
(Months 7-9)",Platform,G1-12a,1.9418846837693675,1.052283025,March,NA,NA,NA,NA
M8,GiantMarsh,T1,12,b,2026-02-20,2026-03-19,2026,3.698332976,0,0,0,0,0,0,0,0,0,0,OK,Scarped,West.facing,"Wet
(Months 7-9)",Platform,G1-12b,1.9495046990093976,1.060996863,March,NA,NA,NA,NA
M8,GiantMarsh,T1,12,c,2026-02-20,2026-03-19,2026,4.060859846,0,0,0,0,0,0,0,0,0,0,OK,Scarped,West.facing,"Wet
(Months 7-9)",Platform,G1-12c,1.9577343154686309,1.070407808,March,NA,NA,NA,NA
M8,GiantMarsh,T1,18,a,2026-02-20,2026-03-19,2026,1.732001669,0,0,0,0,0,0,0,0,0,0,OK,Scarped,West.facing,"Wet
(Months 7-9)",Platform,G1-18a,1.958039116078232,1.070756361,March,NA,NA,NA,NA
M8,GiantMarsh,T1,18,b,2026-02-20,2026-03-19,2026,1.278362778,0,0,0,0,0,0,0,0,0,0,OK,Scarped,West.facing,"Wet
(Months 7-9)",Platform,G1-18b,1.94005588011176,1.050191704,March,NA,NA,NA,NA
M8,GiantMarsh,T1,18,c,2026-02-20,2026-03-19,2026,4.933090065,0,0,0,0,0,0,0,0,0,0,OK,Scarped,West.facing,"Wet
(Months 7-9)",Platform,G1-18c,1.9348742697485393,1.044266295,March,NA,NA,NA,NA
M8,GiantMarsh,T1,24,a,2026-02-20,2026-03-19,2026,7.372214163,0,0,1,0,0,0,0,0,0,0,Review,Scarped,West.facing,"Wet
(Months 7-9)",Platform,G1-24a,1.94005588011176,1.050191704,March,NA,NA,NA,NA
M8,GiantMarsh,T1,24,b,2026-02-20,2026-03-19,2026,2.468349807,0,0,1,0,0,0,0,0,0,0,Review,Scarped,West.facing,"Wet
(Months 7-9)",Platform,G1-24b,1.9467614935229869,1.057859881,March,NA,NA,NA,NA
M8,GiantMarsh,T1,24,c,2026-02-20,2026-03-19,2026,3.111198964,0,0,1,0,0,0,0,0,0,0,Review,Scarped,West.facing,"Wet
(Months 7-9)",Platform,G1-24c,1.952247904495809,1.064133845,March,NA,NA,NA,NA
M8,GiantMarsh,T1,48,a,2026-02-20,2026-03-19,2026,1.695906172,0,0,0,0,0,0,0,0,0,0,OK,Scarped,West.facing,"Wet
(Months 7-9)",Upland,G1-48a,1.8736093472186943,0.974207041,March,NA,NA,NA,NA
M8,GiantMarsh,T1,48,b,2026-02-20,2026-03-19,2026,1.21833946,0,0,0,0,0,0,0,0,0,0,OK,Scarped,West.facing,"Wet
(Months 7-9)",Upland,G1-48b,1.8595885191770385,0.95817358,March,NA,NA,NA,NA
M8,GiantMarsh,T1,48,c,2026-02-20,2026-03-19,2026,0.832932702,0,0,0,0,0,0,0,0,0,0,OK,Scarped,West.facing,"Wet
(Months 7-9)",Upland,G1-48c,1.886106172212344,0.988497734,March,NA,NA,NA,NA
M8,GiantMarsh,T2,0.5,a,2026-02-20,2026-03-19,2026,-0.085406603,0,0,0,0,0,0,0,1,0,1,Review,Scarped,West.facing,"Wet
(Months 7-9)",Edge,G2-0.5a,2.0357632715265432,1.159637504,March,NA,NA,NA,NA
M8,GiantMarsh,T2,0.5,b,2026-02-20,2026-03-19,2026,-0.169008432,0,0,0,0,0,0,0,0,0,1,Review,Scarped,West.facing,"Wet
(Months 7-9)",Edge,G2-0.5b,2.041249682499365,1.165911467,March,NA,NA,NA,NA
M8,GiantMarsh,T2,0.5,c,2026-02-20,2026-03-19,2026,-0.104211193,0,0,0,0,0,0,0,0,0,1,Review,Scarped,West.facing,"Wet
(Months 7-9)",Edge,G2-0.5c,2.0519177038354077,1.17811084,March,NA,NA,NA,NA
M8,GiantMarsh,T2,2,a,2026-02-20,2026-03-19,2026,21.11179043,0,0,0,0,0,0,0,0,0,0,OK,Scarped,West.facing,"Wet
(Months 7-9)",Edge,G2-2a,2.0616713233426465,1.189264552,March,NA,NA,NA,NA
M8,GiantMarsh,T2,2,b,2026-02-20,2026-03-19,2026,37.67257909,0,0,0,0,0,0,0,0,0,0,OK,Scarped,West.facing,"Wet
(Months 7-9)",Edge,G2-2b,2.054051308102616,1.180550715,March,NA,NA,NA,NA
M8,GiantMarsh,T2,2,c,2026-02-20,2026-03-19,2026,5.150943854,0,0,0,0,0,0,0,0,0,0,OK,Scarped,West.facing,"Wet
(Months 7-9)",Edge,G2-2c,2.0564897129794257,1.183339143,March,NA,NA,NA,NA
M8,GiantMarsh,T2,6,a,2026-02-20,2026-03-19,2026,7.658649397,0,0,0,0,0,1,0,0,0,0,Review,Scarped,West.facing,"Wet
(Months 7-9)",Edge,G2-6a,1.9406654813309625,1.050888811,March,NA,NA,NA,NA
M8,GiantMarsh,T2,6,b,2026-02-20,2026-03-19,2026,7.848267193,0,0,0,0,0,0,0,0,0,0,OK,Scarped,West.facing,"Wet
(Months 7-9)",Edge,G2-6b,1.9434086868173737,1.054025793,March,NA,NA,NA,NA
M8,GiantMarsh,T2,6,c,2026-02-20,2026-03-19,2026,7.482130773,0,0,0,0,0,0,0,0,0,0,OK,Scarped,West.facing,"Wet
(Months 7-9)",Edge,G2-6c,1.9473710947421896,1.058556988,March,NA,NA,NA,NA
M8,GiantMarsh,T2,12,a,2026-02-20,2026-03-19,2026,1.408073693,0,0,0,0,0,0,0,0,0,0,OK,Scarped,West.facing,"Wet
(Months 7-9)",Platform,G2-12a,1.9333502667005331,1.042523527,March,NA,NA,NA,NA
M8,GiantMarsh,T2,12,b,2026-02-20,2026-03-19,2026,1.993868678,0,0,0,0,0,0,0,0,0,0,OK,Scarped,West.facing,"Wet
(Months 7-9)",Platform,G2-12b,1.9354838709677415,1.044963402,March,NA,NA,NA,NA
M8,GiantMarsh,T2,12,c,2026-02-20,2026-03-19,2026,4.246053033,0,0,0,0,0,0,0,0,0,0,OK,Scarped,West.facing,"Wet
(Months 7-9)",Platform,G2-12c,1.9318262636525272,1.04078076,March,NA,NA,NA,NA
M8,GiantMarsh,T2,18,a,2026-02-20,2026-03-19,2026,4.295305921,0,0,0,0,1,0,0,0,0,0,Review,Scarped,West.facing,"Wet
(Months 7-9)",Platform,G2-18a,1.9610871221742443,1.074241896,March,NA,NA,NA,NA
M8,GiantMarsh,T2,18,b,2026-02-20,2026-03-19,2026,1.548671476,0,0,0,0,0,0,0,0,0,0,OK,Scarped,West.facing,"Wet
(Months 7-9)",Platform,G2-18b,1.9516383032766065,1.063436738,March,NA,NA,NA,NA
M8,GiantMarsh,T2,18,c,2026-02-20,2026-03-19,2026,2.192568567,0,0,0,0,0,0,0,0,0,0,OK,Scarped,West.facing,"Wet
(Months 7-9)",Platform,G2-18c,1.9586487172974345,1.071453468,March,NA,NA,NA,NA
M8,GiantMarsh,T2,24,a,2026-02-20,2026-03-19,2026,1.312013096,0,0,0,0,0,0,0,0,0,0,OK,Scarped,West.facing,"Wet
(Months 7-9)",Platform,G2-24a,1.9357886715773431,1.045311955,March,NA,NA,NA,NA
M8,GiantMarsh,T2,24,b,2026-02-20,2026-03-19,2026,1.249078851,0,0,0,0,0,0,0,0,0,0,OK,Scarped,West.facing,"Wet
(Months 7-9)",Platform,G2-24b,1.9406654813309625,1.050888811,March,NA,NA,NA,NA
M8,GiantMarsh,T2,24,c,2026-02-20,2026-03-19,2026,1.069067114,0,0,0,0,0,0,0,0,0,0,OK,Scarped,West.facing,"Wet
(Months 7-9)",Platform,G2-24c,1.9354838709677415,1.044963402,March,NA,NA,NA,NA
M8,GiantMarsh,T2,48,a,2026-02-20,2026-03-19,2026,7.591872727,0,0,0,0,0,0,0,0,0,0,OK,Scarped,West.facing,"Wet
(Months 7-9)",Upland,G2-48a,1.8733045466090932,0.973858487,March,NA,NA,NA,NA
M8,GiantMarsh,T2,48,b,2026-02-20,2026-03-19,2026,1.393053309,0,0,0,0,0,0,0,0,0,0,OK,Scarped,West.facing,"Wet
(Months 7-9)",Upland,G2-48b,1.897078994157988,1.001045661,March,NA,NA,NA,NA
M8,GiantMarsh,T2,48,c,2026-02-20,2026-03-19,2026,5.46969038,0,0,0,0,0,0,0,0,0,0,OK,Scarped,West.facing,"Wet
(Months 7-9)",Upland,G2-48c,1.8836677673355344,0.985709306,March,NA,NA,NA,NA
M8,CorteMadera,T1,0.5,a,2026-02-07,2026-03-07,2026,0.107899753,0,0,0,0,0,0,0,0,0,0,OK,Scarped,East.facing,"Wet
(Months 7-9)",Edge,C1-0.5a,1.6593345186690371,0.772363636,March,NA,NA,NA,NA
M8,CorteMadera,T1,0.5,b,2026-02-07,2026-03-07,2026,0.296976949,0,0,0,0,0,0,0,0,0,0,OK,Scarped,East.facing,"Wet
(Months 7-9)",Edge,C1-0.5b,1.6684785369570738,0.783272727,March,NA,NA,NA,NA
M8,CorteMadera,T1,0.5,c,2026-02-07,2026-03-07,2026,0.534053254,0,0,0,0,0,0,0,0,0,0,OK,Scarped,East.facing,"Wet
(Months 7-9)",Edge,C1-0.5c,1.6614681229362456,0.774909091,March,NA,NA,NA,NA
M8,CorteMadera,T1,2,a,2026-02-07,2026-03-07,2026,1.276720183,0,0,0,0,0,0,0,0,0,0,OK,Scarped,East.facing,"Wet
(Months 7-9)",Edge,C1-2a,1.6462280924561847,0.756727273,March,NA,NA,NA,NA
M8,CorteMadera,T1,2,b,2026-02-07,2026-03-07,2026,1.439411903,0,0,0,0,0,0,0,0,0,0,OK,Scarped,East.facing,"Wet
(Months 7-9)",Edge,C1-2b,1.6480568961137922,0.758909091,March,NA,NA,NA,NA
M8,CorteMadera,T1,2,c,2026-02-07,2026-03-07,2026,2.677395963,0,0,0,0,0,0,0,0,0,0,OK,Scarped,East.facing,"Wet
(Months 7-9)",Edge,C1-2c,1.6462280924561847,0.756727273,March,NA,NA,NA,NA
M8,CorteMadera,T1,6,a,2026-02-07,2026-03-07,2026,4.903319596,0,0,0,0,0,0,0,0,0,0,OK,Scarped,East.facing,"Wet
(Months 7-9)",Edge,C1-6a,1.664516129032258,0.778545455,March,NA,NA,NA,NA
M8,CorteMadera,T1,6,b,2026-02-07,2026-03-07,2026,4.487551868,0,0,0,0,0,0,0,0,0,0,OK,Scarped,East.facing,"Wet
(Months 7-9)",Edge,C1-6b,1.6620777241554483,0.775636364,March,NA,NA,NA,NA
M8,CorteMadera,T1,6,c,2026-02-07,2026-03-07,2026,4.585234267,0,0,0,0,0,0,0,0,0,0,OK,Scarped,East.facing,"Wet
(Months 7-9)",Edge,C1-6c,1.6529337058674116,0.764727273,March,NA,NA,NA,NA
M8,CorteMadera,T1,12,a,2026-02-07,2026-03-07,2026,9.858231219,0,0,1,0,0,0,0,0,0,0,Review,Scarped,East.facing,"Wet
(Months 7-9)",Platform,C1-12a,1.6413512827025651,0.750909091,March,NA,NA,NA,NA
M8,CorteMadera,T1,12,b,2026-02-07,2026-03-07,2026,10.3790356,0,0,1,0,0,0,0,0,0,0,Review,Scarped,East.facing,"Wet
(Months 7-9)",Platform,C1-12b,1.6447040894081788,0.754909091,March,NA,NA,NA,NA
M8,CorteMadera,T1,12,c,2026-02-07,2026-03-07,2026,5.127989114,1,0,0,0,0,0,0,0,0,0,Review,Scarped,East.facing,"Wet
(Months 7-9)",Platform,C1-12c,1.659029718059436,0.772,March,NA,NA,NA,NA
M8,CorteMadera,T1,18,a,2026-02-07,2026-03-07,2026,2.709002394,0,0,0,0,0,0,0,0,0,0,OK,Scarped,East.facing,"Wet
(Months 7-9)",Platform,C1-18a,1.679756159512319,0.796727273,March,NA,NA,NA,NA
M8,CorteMadera,T1,18,b,2026-02-07,2026-03-07,2026,2.991102426,0,0,0,0,0,0,0,0,0,0,OK,Scarped,East.facing,"Wet
(Months 7-9)",Platform,C1-18b,1.6696977393954786,0.784727273,March,NA,NA,NA,NA
M8,CorteMadera,T1,18,c,2026-02-07,2026-03-07,2026,2.155244242,1,0,1,0,0,0,0,0,0,0,Review,Scarped,East.facing,"Wet
(Months 7-9)",Platform,C1-18c,1.671526543053086,0.786909091,March,NA,NA,NA,NA
M8,CorteMadera,T1,24,a,2026-02-07,2026-03-07,2026,1.634945119,0,0,0,0,1,1,0,0,0,0,Review,Scarped,East.facing,"Wet
(Months 7-9)",Platform,C1-24a,1.7199898399796798,0.844727273,March,NA,NA,NA,NA
M8,CorteMadera,T1,24,b,2026-02-07,2026-03-07,2026,-3.749825198,1,0,0,0,0,0,0,0,0,1,Review,Scarped,East.facing,"Wet
(Months 7-9)",Platform,C1-24b,1.7184658369316737,0.842909091,March,NA,NA,NA,NA
M8,CorteMadera,T1,24,c,2026-02-07,2026-03-07,2026,1.626187387,0,0,0,0,0,0,0,0,0,0,OK,Scarped,East.facing,"Wet
(Months 7-9)",Platform,C1-24c,1.7141986283972566,0.837818182,March,NA,NA,NA,NA
M8,CorteMadera,T1,48,a,2026-02-07,2026-03-07,2026,1.4634956669999999,0,0,0,0,0,0,0,0,0,0,OK,Scarped,East.facing,"Wet
(Months 7-9)",Upland,C1-48a,1.732486665,0.859636364,March,NA,NA,NA,NA
M8,CorteMadera,T1,48,b,2026-02-07,2026-03-07,2026,2.733703691,0,0,0,0,0,0,0,0,0,0,OK,Scarped,East.facing,"Wet
(Months 7-9)",Upland,C1-48b,1.7108458216916431,0.833818182,March,NA,NA,NA,NA
M8,CorteMadera,T1,48,c,2026-02-07,2026-03-07,2026,1.682270557,0,0,0,0,0,0,0,0,0,0,OK,Scarped,East.facing,"Wet
(Months 7-9)",Upland,C1-48c,1.7065786131572265,0.828727273,March,NA,NA,NA,NA
M8,CorteMadera,T2,0.5,a,2026-02-07,2026-03-07,2026,0.040251885,0,0,0,0,0,0,0,0,0,0,OK,Scarped,East.facing,"Wet
(Months 7-9)",Edge,C2-0.5a,1.621234442468885,0.726909091,March,NA,NA,NA,NA
M8,CorteMadera,T2,0.5,b,2026-02-07,2026-03-07,2026,-0.099759554,0,0,0,0,0,0,0,0,0,1,Review,Scarped,East.facing,"Wet
(Months 7-9)",Edge,C2-0.5b,1.6392176784353567,0.748363636,March,NA,NA,NA,NA
M8,CorteMadera,T2,0.5,c,2026-02-07,2026-03-07,2026,0.011452419,0,0,0,0,0,0,0,0,0,0,OK,Scarped,East.facing,"Wet
(Months 7-9)",Edge,C2-0.5c,1.6495808991617982,0.760727273,March,NA,NA,NA,NA
M8,CorteMadera,T2,2,a,2026-02-07,2026-03-07,2026,0.260879373,0,0,0,0,0,0,0,0,0,0,OK,Scarped,East.facing,"Wet
(Months 7-9)",Edge,C2-2a,1.656286512573025,0.768727273,March,NA,NA,NA,NA
M8,CorteMadera,T2,2,b,2026-02-07,2026-03-07,2026,0.394434791,0,0,0,0,0,0,0,0,0,0,OK,Scarped,East.facing,"Wet
(Months 7-9)",Edge,C2-2b,1.6544577089154178,0.766545455,March,NA,NA,NA,NA
M8,CorteMadera,T2,2,c,2026-02-07,2026-03-07,2026,0.489703199,0,0,0,0,0,0,0,0,0,0,OK,Scarped,East.facing,"Wet
(Months 7-9)",Edge,C2-2c,1.6556769113538228,0.768,March,NA,NA,NA,NA
M8,CorteMadera,T2,6,a,2026-02-07,2026-03-07,2026,3.139254065,0,0,0,0,0,0,0,0,0,0,OK,Scarped,East.facing,"Wet
(Months 7-9)",Edge,C2-6a,1.6623825247650494,0.776,March,NA,NA,NA,NA
M8,CorteMadera,T2,6,b,2026-02-07,2026-03-07,2026,2.371605142,0,0,0,0,0,0,0,0,0,0,OK,Scarped,East.facing,"Wet
(Months 7-9)",Edge,C2-6b,1.6727457454914911,0.788363636,March,NA,NA,NA,NA
M8,CorteMadera,T2,6,c,2026-02-07,2026-03-07,2026,2.417527098,0,0,0,0,0,0,0,0,0,0,OK,Scarped,East.facing,"Wet
(Months 7-9)",Edge,C2-6c,1.6675641351282702,0.782181818,March,NA,NA,NA,NA
M8,CorteMadera,T2,12,a,2026-02-07,2026-03-07,2026,2.013436346,0,0,0,0,0,0,0,0,0,0,OK,Scarped,East.facing,"Wet
(Months 7-9)",Platform,C2-12a,1.664820929641859,0.778909091,March,NA,NA,NA,NA
M8,CorteMadera,T2,12,b,2026-02-07,2026-03-07,2026,2.145083027,0,0,0,0,0,0,0,0,0,0,OK,Scarped,East.facing,"Wet
(Months 7-9)",Platform,C2-12b,1.6651257302514604,0.779272727,March,NA,NA,NA,NA
M8,CorteMadera,T2,12,c,2026-02-07,2026-03-07,2026,2.088494603,0,0,0,0,0,0,0,0,0,0,OK,Scarped,East.facing,"Wet
(Months 7-9)",Platform,C2-12c,1.6657353314706629,0.78,March,NA,NA,NA,NA
M8,CorteMadera,T2,18,a,2026-02-07,2026-03-07,2026,2.244168909,0,0,0,0,0,0,0,0,0,0,OK,Scarped,East.facing,"Wet
(Months 7-9)",Platform,C2-18a,1.6623825247650494,0.776,March,NA,NA,NA,NA
M8,CorteMadera,T2,18,b,2026-02-07,2026-03-07,2026,2.363857918,0,0,0,0,0,0,0,0,0,0,OK,Scarped,East.facing,"Wet
(Months 7-9)",Platform,C2-18b,1.6672593345186688,0.781818182,March,NA,NA,NA,NA
M8,CorteMadera,T2,18,c,2026-02-07,2026-03-07,2026,2.703893717,0,0,0,0,0,0,0,0,0,0,OK,Scarped,East.facing,"Wet
(Months 7-9)",Platform,C2-18c,1.6773177546355091,0.793818182,March,NA,NA,NA,NA
M8,CorteMadera,T2,24,a,2026-02-07,2026-03-07,2026,3.385368799,0,0,0,0,0,0,0,0,0,0,OK,Scarped,East.facing,"Wet
(Months 7-9)",Platform,C2-24a,1.6794513589027176,0.796363636,March,NA,NA,NA,NA
M8,CorteMadera,T2,24,b,2026-02-07,2026-03-07,2026,2.712146196,0,0,0,0,0,0,0,0,0,0,OK,Scarped,East.facing,"Wet
(Months 7-9)",Platform,C2-24b,1.6843281686563372,0.802181818,March,NA,NA,NA,NA
M8,CorteMadera,T2,24,c,2026-02-07,2026-03-07,2026,2.829645771,0,0,0,0,0,0,0,0,0,0,OK,Scarped,East.facing,"Wet
(Months 7-9)",Platform,C2-24c,1.6751841503683007,0.791272727,March,NA,NA,NA,NA
M8,CorteMadera,T2,48,a,2026-02-07,2026-03-07,2026,8.163160899,0,0,0,0,0,0,0,0,0,0,OK,Scarped,East.facing,"Wet
(Months 7-9)",Upland,C2-48a,1.6794513589027176,0.796363636,March,NA,NA,NA,NA
M8,CorteMadera,T2,48,b,2026-02-07,2026-03-07,2026,4.532014201,0,0,0,0,0,1,0,0,0,0,Review,Scarped,East.facing,"Wet
(Months 7-9)",Upland,C2-48b,1.6821945643891287,0.799636364,March,NA,NA,NA,NA
M8,CorteMadera,T2,48,c,2026-02-07,2026-03-07,2026,7.174716071,0,0,0,0,0,0,0,0,0,0,OK,Scarped,East.facing,"Wet
(Months 7-9)",Upland,C2-48c,1.673050546101092,0.788727273,March,NA,NA,NA,NA
M8,SanPablo,T1,0.5,a,2026-02-07,2026-03-06,2026,NA,1,0,0,0,0,0,0,0,0,0,Review,Ramped,South.facing,"Wet
(Months 7-9)",Edge,S1-0.5a,1.706273812547625,0.771628722,March,NA,NA,NA,NA
M8,SanPablo,T1,0.5,b,2026-02-07,2026-03-06,2026,NA,1,0,0,0,0,0,0,0,0,0,Review,Ramped,South.facing,"Wet
(Months 7-9)",Edge,S1-0.5b,1.722733045466091,0.790542907,March,NA,NA,NA,NA
M8,SanPablo,T1,0.5,c,2026-02-07,2026-03-06,2026,1.043567392,0,0,0,0,0,0,0,0,0,0,OK,Ramped,South.facing,"Wet
(Months 7-9)",Edge,S1-0.5c,1.723037846075692,0.79089317,March,NA,NA,NA,NA
M8,SanPablo,T1,2,a,2026-02-07,2026-03-06,2026,2.208636885,0,0,0,0,0,0,0,0,0,0,OK,Ramped,South.facing,"Wet
(Months 7-9)",Edge,S1-2a,1.6913385826771654,0.754465849,March,NA,NA,NA,NA
M8,SanPablo,T1,2,b,2026-02-07,2026-03-06,2026,2.076364354,0,0,0,0,0,0,0,0,0,0,OK,Ramped,South.facing,"Wet
(Months 7-9)",Edge,S1-2b,1.7202946405892812,0.787740806,March,NA,NA,NA,NA
M8,SanPablo,T1,2,c,2026-02-07,2026-03-06,2026,1.755044568,0,0,0,0,0,0,0,0,0,0,OK,Ramped,South.facing,"Wet
(Months 7-9)",Edge,S1-2c,1.7550419100838202,0.827670753,March,NA,NA,NA,NA
M8,SanPablo,T1,6,a,2026-02-07,2026-03-06,2026,2.943180248,1,0,0,0,0,0,0,0,0,0,Review,Ramped,South.facing,"Wet
(Months 7-9)",Edge,S1-6a,1.8266700533401063,0.909982487,March,NA,NA,NA,NA
M8,SanPablo,T1,6,b,2026-02-07,2026-03-06,2026,2.489599575,1,0,0,0,0,0,0,0,0,0,Review,Ramped,South.facing,"Wet
(Months 7-9)",Edge,S1-6b,1.8254508509017016,0.908581436,March,NA,NA,NA,NA
M8,SanPablo,T1,6,c,2026-02-07,2026-03-06,2026,2.207006765,1,0,0,0,0,0,0,0,0,0,Review,Ramped,South.facing,"Wet
(Months 7-9)",Edge,S1-6c,1.83002286004572,0.913835377,March,NA,NA,NA,NA
M8,SanPablo,T1,12,a,2026-02-07,2026-03-06,2026,6.113703908,0,0,0,0,0,0,0,0,0,0,OK,Ramped,South.facing,"Wet
(Months 7-9)",Platform,S1-12a,1.877266954533909,0.968126095,March,NA,NA,NA,NA
M8,SanPablo,T1,12,b,2026-02-07,2026-03-06,2026,4.031634137,0,0,0,0,0,0,0,0,0,0,OK,Ramped,South.facing,"Wet
(Months 7-9)",Platform,S1-12b,1.889763779527559,0.982486865,March,NA,NA,NA,NA
M8,SanPablo,T1,12,c,2026-02-07,2026-03-06,2026,5.688184574,0,0,0,0,0,0,0,0,0,0,OK,Ramped,South.facing,"Wet
(Months 7-9)",Platform,S1-12c,1.8851917703835408,0.977232925,March,NA,NA,NA,NA
M8,SanPablo,T1,18,a,2026-02-07,2026-03-06,2026,2.289851753,0,0,0,0,0,0,0,0,0,0,OK,Ramped,South.facing,"Wet
(Months 7-9)",Platform,S1-18a,1.9778511557023113,1.083712785,March,NA,NA,NA,NA
M8,SanPablo,T1,18,b,2026-02-07,2026-03-06,2026,1.249952129,0,0,0,0,0,0,0,0,0,0,OK,Ramped,South.facing,"Wet
(Months 7-9)",Platform,S1-18b,1.9882143764287528,1.095621716,March,NA,NA,NA,NA
M8,SanPablo,T1,18,c,2026-02-07,2026-03-06,2026,1.005958213,0,0,0,0,0,0,0,0,0,0,OK,Ramped,South.facing,"Wet
(Months 7-9)",Platform,S1-18c,1.9918719837439671,1.099824869,March,NA,NA,NA,NA
M8,SanPablo,T1,24,a,2026-02-07,2026-03-06,2026,2.160781242,0,0,0,0,0,0,0,0,0,0,OK,Ramped,South.facing,"Wet
(Months 7-9)",Platform,S1-24a,1.9751079502159004,1.08056042,March,NA,NA,NA,NA
M8,SanPablo,T1,24,b,2026-02-07,2026-03-06,2026,2.622745384,0,0,0,0,0,0,0,0,0,0,OK,Ramped,South.facing,"Wet
(Months 7-9)",Platform,S1-24b,1.984861569723139,1.091768827,March,NA,NA,NA,NA
M8,SanPablo,T1,24,c,2026-02-07,2026-03-06,2026,2.734583207,0,0,0,0,0,0,0,0,0,0,OK,Ramped,South.facing,"Wet
(Months 7-9)",Platform,S1-24c,1.9751079502159004,1.08056042,March,NA,NA,NA,NA
M8,SanPablo,T1,48,a,2026-02-07,2026-03-06,2026,0.813604145,1,0,0,0,0,0,0,0,0,0,Review,Ramped,South.facing,"Wet
(Months 7-9)",Upland,S1-48a,2.013208026416053,1.124343257,March,NA,NA,NA,NA
M8,SanPablo,T1,48,b,2026-02-07,2026-03-06,2026,1.284126414,0,0,0,0,0,0,0,0,0,0,OK,Ramped,South.facing,"Wet
(Months 7-9)",Upland,S1-48b,2.0159512319024637,1.127495622,March,NA,NA,NA,NA
M8,SanPablo,T1,48,c,2026-02-07,2026-03-06,2026,2.24799262,0,0,0,0,0,0,0,0,0,0,OK,Ramped,South.facing,"Wet
(Months 7-9)",Upland,S1-48c,2.0144272288544576,1.125744308,March,NA,NA,NA,NA
M8,SanPablo,T2,0.5,a,2026-02-07,2026-03-06,2026,0.819076688,0,0,0,0,0,0,0,0,0,0,OK,Ramped,South.facing,"Wet
(Months 7-9)",Edge,S2-0.5a,1.727305054610109,0.795796848,March,NA,NA,NA,NA
M8,SanPablo,T2,0.5,b,2026-02-07,2026-03-06,2026,2.01494379,0,0,0,0,0,0,0,0,0,0,OK,Ramped,South.facing,"Wet
(Months 7-9)",Edge,S2-0.5b,1.7297434594869188,0.798598949,March,NA,NA,NA,NA
M8,SanPablo,T2,0.5,c,2026-02-07,2026-03-06,2026,1.406560011,0,0,0,0,0,0,0,0,0,0,OK,Ramped,South.facing,"Wet
(Months 7-9)",Edge,S2-0.5c,1.721818643637287,0.789492119,March,NA,NA,NA,NA
M8,SanPablo,T2,2,a,2026-02-07,2026-03-06,2026,2.682128299,0,0,0,0,0,0,0,0,0,0,OK,Ramped,South.facing,"Wet
(Months 7-9)",Edge,S2-2a,1.7401066802133602,0.810507881,March,NA,NA,NA,NA
M8,SanPablo,T2,2,b,2026-02-07,2026-03-06,2026,1.976344896,0,0,0,0,0,0,0,0,0,0,OK,Ramped,South.facing,"Wet
(Months 7-9)",Edge,S2-2b,1.751993903987808,0.824168126,March,NA,NA,NA,NA
M8,SanPablo,T2,2,c,2026-02-07,2026-03-06,2026,2.327984899,0,0,0,0,0,0,0,0,0,0,OK,Ramped,South.facing,"Wet
(Months 7-9)",Edge,S2-2c,1.750469900939802,0.822416813,March,NA,NA,NA,NA
M8,SanPablo,T2,6,a,2026-02-07,2026-03-06,2026,3.638426094,0,0,0,0,0,0,0,0,0,0,OK,Ramped,South.facing,"Wet
(Months 7-9)",Edge,S2-6a,1.8239268478536956,0.906830123,March,NA,NA,NA,NA
M8,SanPablo,T2,6,b,2026-02-07,2026-03-06,2026,3.510228861,0,0,0,0,0,0,0,0,0,0,OK,Ramped,South.facing,"Wet
(Months 7-9)",Edge,S2-6b,1.8135636271272544,0.894921191,March,NA,NA,NA,NA
M8,SanPablo,T2,6,c,2026-02-07,2026-03-06,2026,3.703223333,0,0,0,0,0,0,0,0,0,0,OK,Ramped,South.facing,"Wet
(Months 7-9)",Edge,S2-6c,1.8083820167640337,0.888966725,March,NA,NA,NA,NA
M8,SanPablo,T2,12,a,2026-02-07,2026-03-06,2026,2.782031319,0,0,0,0,0,0,0,0,0,0,OK,Ramped,South.facing,"Wet
(Months 7-9)",Platform,S2-12a,1.899517399034798,0.993695271,March,NA,NA,NA,NA
M8,SanPablo,T2,12,b,2026-02-07,2026-03-06,2026,2.380265151,0,0,0,0,0,0,0,0,0,0,OK,Ramped,South.facing,"Wet
(Months 7-9)",Platform,S2-12b,1.8912877825755652,0.984238179,March,NA,NA,NA,NA
M8,SanPablo,T2,12,c,2026-02-07,2026-03-06,2026,2.343645687,0,0,0,0,0,0,0,0,0,0,OK,Ramped,South.facing,"Wet
(Months 7-9)",Platform,S2-12c,1.8836677673355344,0.975481611,March,NA,NA,NA,NA
M8,SanPablo,T2,18,a,2026-02-07,2026-03-06,2026,1.963187505,0,0,0,0,0,0,0,0,0,0,OK,Ramped,South.facing,"Wet
(Months 7-9)",Platform,S2-18a,1.9677927355854712,1.072154116,March,NA,NA,NA,NA
M8,SanPablo,T2,18,b,2026-02-07,2026-03-06,2026,1.375937057,0,0,0,0,0,0,0,0,0,0,OK,Ramped,South.facing,"Wet
(Months 7-9)",Platform,S2-18b,1.9677927355854712,1.072154116,March,NA,NA,NA,NA
M8,SanPablo,T2,18,c,2026-02-07,2026-03-06,2026,1.293499599,0,0,0,0,0,0,0,0,0,0,OK,Ramped,South.facing,"Wet
(Months 7-9)",Platform,S2-18c,1.9613919227838457,1.064798599,March,NA,NA,NA,NA
M8,SanPablo,T2,24,a,2026-02-07,2026-03-06,2026,3.616885233,1,0,0,0,0,0,0,0,0,0,Review,Ramped,South.facing,"Wet
(Months 7-9)",Platform,S2-24a,2.0001016002032004,1.109281961,March,NA,NA,NA,NA
M8,SanPablo,T2,24,b,2026-02-07,2026-03-06,2026,3.257211071,1,0,0,0,0,0,0,0,0,0,Review,Ramped,South.facing,"Wet
(Months 7-9)",Platform,S2-24b,1.9979679959359915,1.106830123,March,NA,NA,NA,NA
M8,SanPablo,T2,24,c,2026-02-07,2026-03-06,2026,3.576947312,1,0,0,0,0,0,0,0,0,0,Review,Ramped,South.facing,"Wet
(Months 7-9)",Platform,S2-24c,1.9915671831343664,1.099474606,March,NA,NA,NA,NA
M8,SanPablo,T2,48,a,2026-02-07,2026-03-06,2026,3.50667753,0,0,0,0,0,0,0,0,0,0,OK,Ramped,South.facing,"Wet
(Months 7-9)",Upland,S2-48a,2.0138176276352553,1.125043783,March,NA,NA,NA,NA
M8,SanPablo,T2,48,b,2026-02-07,2026-03-06,2026,2.9706594,1,0,0,0,0,0,0,0,0,0,Review,Ramped,South.facing,"Wet
(Months 7-9)",Upland,S2-48b,2.022961645923292,1.135551664,March,NA,NA,NA,NA
M8,SanPablo,T2,48,c,2026-02-07,2026-03-06,2026,3.872057109,0,0,0,0,0,0,0,0,0,0,OK,Ramped,South.facing,"Wet
(Months 7-9)",Upland,S2-48c,2.0205232410464817,1.132749562,March,NA,NA,NA,NA
M9,Buck'sLanding,T1,0.5,a,2026-03-20,2026-04-19,2026,1.840119326,0,0,0,0,0,0,0,0,0,0,OK,Ramped,East.facing,"Wet
(Months 7-9)",Edge,B1-0.5a,1.6544577089154178,0.743807502,April,NA,NA,NA,NA
M9,Buck'sLanding,T1,0.5,b,2026-03-20,2026-04-19,2026,0.353468065,0,0,0,0,0,0,0,0,0,0,OK,Ramped,East.facing,"Wet
(Months 7-9)",Edge,B1-0.5b,1.6599441198882396,0.750176929,April,NA,NA,NA,NA
M9,Buck'sLanding,T1,0.5,c,2026-03-20,2026-04-19,2026,2.817474769,0,0,0,0,0,0,0,0,0,0,OK,Ramped,East.facing,"Wet
(Months 7-9)",Edge,B1-0.5c,1.6611633223266449,0.751592357,April,NA,NA,NA,NA
M9,Buck'sLanding,T1,2,a,2026-03-20,2026-04-19,2026,0.152893539,0,0,0,0,0,0,0,0,0,0,OK,Ramped,East.facing,"Wet
(Months 7-9)",Edge,B1-2a,1.7718059436118871,0.880042463,April,NA,NA,NA,NA
M9,Buck'sLanding,T1,2,b,2026-03-20,2026-04-19,2026,0.044327599,0,0,0,0,0,0,0,0,0,0,OK,Ramped,East.facing,"Wet
(Months 7-9)",Edge,B1-2b,1.7794259588519177,0.888888889,April,NA,NA,NA,NA
M9,Buck'sLanding,T1,2,c,2026-03-20,2026-04-19,2026,0.13277321,0,1,0,0,0,0,0,0,0,0,Review,Ramped,East.facing,"Wet
(Months 7-9)",Edge,B1-2c,1.7669291338582676,0.87438075,April,NA,NA,NA,NA
M9,Buck'sLanding,T1,6,a,2026-03-20,2026-04-19,2026,1.217594262,0,0,0,0,0,0,0,0,0,0,OK,Ramped,East.facing,"Wet
(Months 7-9)",Edge,B1-6a,1.8138684277368553,0.928874735,April,NA,NA,NA,NA
M9,Buck'sLanding,T1,6,b,2026-03-20,2026-04-19,2026,0.807852153,0,0,0,0,0,0,0,0,0,0,OK,Ramped,East.facing,"Wet
(Months 7-9)",Edge,B1-6b,1.806248412496825,0.920028309,April,NA,NA,NA,NA
M9,Buck'sLanding,T1,6,c,2026-03-20,2026-04-19,2026,0.936590818,0,0,0,0,0,0,0,0,0,0,OK,Ramped,East.facing,"Wet
(Months 7-9)",Edge,B1-6c,1.8053340106680211,0.918966737,April,NA,NA,NA,NA
M9,Buck'sLanding,T1,12,a,2026-03-20,2026-04-19,2026,1.066482211,0,0,0,0,0,0,0,0,0,0,OK,Ramped,East.facing,"Wet
(Months 7-9)",Platform,B1-12a,1.8483108966217932,0.96886058,April,NA,NA,NA,NA
M9,Buck'sLanding,T1,12,b,2026-03-20,2026-04-19,2026,0.677279604,0,0,0,0,0,0,0,0,0,0,OK,Ramped,East.facing,"Wet
(Months 7-9)",Platform,B1-12b,1.8461772923545847,0.966383581,April,NA,NA,NA,NA
M9,Buck'sLanding,T1,12,c,2026-03-20,2026-04-19,2026,0.687601752,0,0,0,0,0,0,0,0,0,0,OK,Ramped,East.facing,"Wet
(Months 7-9)",Platform,B1-12c,1.8428244856489713,0.962491154,April,NA,NA,NA,NA
M9,Buck'sLanding,T1,18,a,2026-03-20,2026-04-19,2026,0.768554636,0,0,0,0,0,0,0,0,0,0,OK,Ramped,East.facing,"Wet
(Months 7-9)",Platform,B1-18a,1.8736093472186943,0.998230715,April,NA,NA,NA,NA
M9,Buck'sLanding,T1,18,b,2026-03-20,2026-04-19,2026,0.589724736,0,0,0,0,0,0,0,0,0,0,OK,Ramped,East.facing,"Wet
(Months 7-9)",Platform,B1-18b,1.8745237490474984,0.999292286,April,NA,NA,NA,NA
M9,Buck'sLanding,T1,18,c,2026-03-20,2026-04-19,2026,0.553361434,0,0,0,0,0,0,0,0,0,0,OK,Ramped,East.facing,"Wet
(Months 7-9)",Platform,B1-18c,1.8806197612395223,1.006369427,April,NA,NA,NA,NA
M9,Buck'sLanding,T1,24,a,2026-03-20,2026-04-19,2026,0.479220119,0,0,0,0,0,0,0,0,0,0,OK,Ramped,East.facing,"Wet
(Months 7-9)",Platform,B1-24a,1.8641605283210565,0.987261146,April,NA,NA,NA,NA
M9,Buck'sLanding,T1,24,b,2026-03-20,2026-04-19,2026,0.490066234,0,0,0,0,0,0,0,0,0,0,OK,Ramped,East.facing,"Wet
(Months 7-9)",Platform,B1-24b,1.869037338074676,0.992922859,April,NA,NA,NA,NA
M9,Buck'sLanding,T1,24,c,2026-03-20,2026-04-19,2026,0.536384907,0,0,0,0,0,0,0,0,0,0,OK,Ramped,East.facing,"Wet
(Months 7-9)",Platform,B1-24c,1.8714757429514857,0.995753715,April,NA,NA,NA,NA
M9,Buck'sLanding,T1,48,a,2026-03-20,2026-04-19,2026,0.773899099,0,0,0,0,0,0,0,0,0,0,OK,Ramped,East.facing,"Wet
(Months 7-9)",Upland,B1-48a,1.856845313690627,0.978768577,April,NA,NA,NA,NA
M9,Buck'sLanding,T1,48,b,2026-03-20,2026-04-19,2026,0.878587684,0,0,0,0,0,0,0,0,0,0,OK,Ramped,East.facing,"Wet
(Months 7-9)",Upland,B1-48b,1.850749301498603,0.971691437,April,NA,NA,NA,NA
M9,Buck'sLanding,T1,48,c,2026-03-20,2026-04-19,2026,0.825405044,0,0,0,0,0,0,0,0,0,0,OK,Ramped,East.facing,"Wet
(Months 7-9)",Upland,B1-48c,1.8516637033274064,0.972753008,April,NA,NA,NA,NA
M9,Buck'sLanding,T2,0.5,a,2026-03-20,2026-04-19,2026,0.484826565,0,0,0,0,0,0,0,0,0,0,OK,Ramped,East.facing,"Wet
(Months 7-9)",Edge,B2-0.5a,1.6338836677673354,0.7199221515,April,NA,NA,NA,NA
M9,Buck'sLanding,T2,0.5,b,2026-03-20,2026-04-19,2026,0.707669684,0,0,0,0,0,0,0,0,0,0,OK,Ramped,East.facing,"Wet
(Months 7-9)",Edge,B2-0.5b,1.6431800863601729,0.730714791,April,NA,NA,NA,NA
M9,Buck'sLanding,T2,0.5,c,2026-03-20,2026-04-19,2026,0.906515119,0,0,0,0,0,0,0,0,0,0,OK,Ramped,East.facing,"Wet
(Months 7-9)",Edge,B2-0.5c,1.6407416814833629,0.727883935,April,NA,NA,NA,NA
M9,Buck'sLanding,T2,2,a,2026-03-20,2026-04-19,2026,0.298189558,0,0,0,0,0,0,0,0,0,0,OK,Ramped,East.facing,"Wet
(Months 7-9)",Edge,B2-2a,1.773329946659893,0.881811748,April,NA,NA,NA,NA
M9,Buck'sLanding,T2,2,b,2026-03-20,2026-04-19,2026,-0.012889586,0,0,0,0,0,0,0,0,0,1,Review,Ramped,East.facing,"Wet
(Months 7-9)",Edge,B2-2b,1.7654051308102614,0.872611465,April,NA,NA,NA,NA
M9,Buck'sLanding,T2,2,c,2026-03-20,2026-04-19,2026,0.25543386,0,0,0,0,0,0,0,0,0,0,OK,Ramped,East.facing,"Wet
(Months 7-9)",Edge,B2-2c,1.7696723393446787,0.877565464,April,NA,NA,NA,NA
M9,Buck'sLanding,T2,6,a,2026-03-20,2026-04-19,2026,1.3214445,0,0,0,0,0,0,0,0,0,0,OK,Ramped,East.facing,"Wet
(Months 7-9)",Edge,B2-6a,1.843738887477775,0.963552725,April,NA,NA,NA,NA
M9,Buck'sLanding,T2,6,b,2026-03-20,2026-04-19,2026,1.47701027,0,0,0,0,0,0,0,0,0,0,OK,Ramped,East.facing,"Wet
(Months 7-9)",Edge,B2-6b,1.8394716789433576,0.958598726,April,NA,NA,NA,NA
M9,Buck'sLanding,T2,6,c,2026-03-20,2026-04-19,2026,1.229488311,0,0,0,0,0,0,0,0,0,0,OK,Ramped,East.facing,"Wet
(Months 7-9)",Edge,B2-6c,1.8376428752857503,0.956475584,April,NA,NA,NA,NA
M9,Buck'sLanding,T2,12,a,2026-03-20,2026-04-19,2026,1.074341714,0,0,0,0,0,0,0,0,0,0,OK,Ramped,East.facing,"Wet
(Months 7-9)",Platform,B2-12a,1.84008128016256,0.95930644,April,NA,NA,NA,NA
M9,Buck'sLanding,T2,12,b,2026-03-20,2026-04-19,2026,0.982647508,0,0,0,0,0,0,0,0,0,0,OK,Ramped,East.facing,"Wet
(Months 7-9)",Platform,B2-12b,1.835814071628143,0.954352442,April,NA,NA,NA,NA
M9,Buck'sLanding,T2,12,c,2026-03-20,2026-04-19,2026,1.014557092,0,0,0,0,0,0,0,0,0,0,OK,Ramped,East.facing,"Wet
(Months 7-9)",Platform,B2-12c,1.822098044196088,0.938428875,April,NA,NA,NA,NA
M9,Buck'sLanding,T2,18,a,2026-03-20,2026-04-19,2026,0.712332989,0,0,0,0,0,0,0,0,0,0,OK,Ramped,East.facing,"Wet
(Months 7-9)",Platform,B2-18a,1.8312420624841248,0.949044586,April,NA,NA,NA,NA
M9,Buck'sLanding,T2,18,b,2026-03-20,2026-04-19,2026,0.702796792,0,0,0,0,0,0,0,0,0,0,OK,Ramped,East.facing,"Wet
(Months 7-9)",Platform,B2-18b,1.8269748539497075,0.944090587,April,NA,NA,NA,NA
M9,Buck'sLanding,T2,18,c,2026-03-20,2026-04-19,2026,0.770388521,0,0,0,0,0,0,0,0,0,0,OK,Ramped,East.facing,"Wet
(Months 7-9)",Platform,B2-18c,1.8403860807721617,0.959660297,April,NA,NA,NA,NA
M9,Buck'sLanding,T2,24,a,2026-03-20,2026-04-19,2026,0.621896303,0,0,0,0,0,0,0,0,0,0,OK,Ramped,East.facing,"Wet
(Months 7-9)",Platform,B2-24a,1.8266700533401063,0.94373673,April,NA,NA,NA,NA
M9,Buck'sLanding,T2,24,b,2026-03-20,2026-04-19,2026,0.649509359,0,0,0,0,0,0,0,0,0,0,OK,Ramped,East.facing,"Wet
(Months 7-9)",Platform,B2-24b,1.8294132588265175,0.946921444,April,NA,NA,NA,NA
M9,Buck'sLanding,T2,24,c,2026-03-20,2026-04-19,2026,0.838085043,0,0,0,0,0,0,0,0,0,0,OK,Ramped,East.facing,"Wet
(Months 7-9)",Platform,B2-24c,1.8446532893065783,0.964614296,April,NA,NA,NA,NA
M9,Buck'sLanding,T2,48,a,2026-03-20,2026-04-19,2026,0.844477439,0,0,0,0,0,0,0,0,0,0,OK,Ramped,East.facing,"Wet
(Months 7-9)",Upland,B2-48a,1.8416052832105665,0.961075725,April,NA,NA,NA,NA
M9,Buck'sLanding,T2,48,b,2026-03-20,2026-04-19,2026,0.881207518,0,0,0,0,0,0,0,0,0,0,OK,Ramped,East.facing,"Wet
(Months 7-9)",Upland,B2-48b,1.8525781051562105,0.973814579,April,NA,NA,NA,NA
M9,Buck'sLanding,T2,48,c,2026-03-20,2026-04-19,2026,0.824723887,0,0,0,0,0,0,0,0,0,0,OK,Ramped,East.facing,"Wet
(Months 7-9)",Upland,B2-48c,1.849530099060198,0.970276008,April,NA,NA,NA,NA
M9,GiantMarsh,T1,0.5,a,2026-03-19,2026-04-17,2026,-0.084503212,0,0,0,0,0,0,0,0,0,1,Review,Scarped,West.facing,"Wet
(Months 7-9)",Edge,G1-0.5a,2.067462535,1.195887069,April,NA,NA,NA,NA
M9,GiantMarsh,T1,0.5,b,2026-03-19,2026-04-17,2026,0.137893632,0,0,0,0,0,0,0,0,0,0,OK,Scarped,West.facing,"Wet
(Months 7-9)",Edge,G1-0.5b,2.066243332486665,1.194492855,April,NA,NA,NA,NA
M9,GiantMarsh,T1,0.5,c,2026-03-19,2026-04-17,2026,0.162718822,0,0,0,0,0,0,0,0,0,0,OK,Scarped,West.facing,"Wet
(Months 7-9)",Edge,G1-0.5c,2.0574041148082296,1.184384803,April,NA,NA,NA,NA
M9,GiantMarsh,T1,2,a,2026-03-19,2026-04-17,2026,12.23724675,0,0,0,0,0,0,0,0,0,0,OK,Scarped,West.facing,"Wet
(Months 7-9)",Edge,G1-2a,2.0183896367792733,1.139769955,April,NA,NA,NA,NA
M9,GiantMarsh,T1,2,b,2026-03-19,2026-04-17,2026,9.062332609,0,0,0,0,0,0,0,0,0,0,OK,Scarped,West.facing,"Wet
(Months 7-9)",Edge,G1-2b,2.019304038608077,1.140815615,April,NA,NA,NA,NA
M9,GiantMarsh,T1,2,c,2026-03-19,2026-04-17,2026,6.80258988,0,0,0,0,0,0,0,0,0,0,OK,Scarped,West.facing,"Wet
(Months 7-9)",Edge,G1-2c,2.0189992379984756,1.140467062,April,NA,NA,NA,NA
M9,GiantMarsh,T1,6,a,2026-03-19,2026-04-17,2026,4.543606001,0,0,0,0,0,0,0,0,0,0,OK,Scarped,West.facing,"Wet
(Months 7-9)",Edge,G1-6a,1.9723647447294896,1.087138376,April,NA,NA,NA,NA
M9,GiantMarsh,T1,6,b,2026-03-19,2026-04-17,2026,2.945741864,0,0,0,0,0,0,0,0,0,0,OK,Scarped,West.facing,"Wet
(Months 7-9)",Edge,G1-6b,1.9793751587503172,1.095155106,April,NA,NA,NA,NA
M9,GiantMarsh,T1,6,c,2026-03-19,2026-04-17,2026,2.654127187,0,0,0,0,0,0,0,0,0,0,OK,Scarped,West.facing,"Wet
(Months 7-9)",Edge,G1-6c,1.9763271526543051,1.091669571,April,NA,NA,NA,NA
M9,GiantMarsh,T1,12,a,2026-03-19,2026-04-17,2026,1.860154736,0,0,0,0,0,0,0,0,0,0,OK,Scarped,West.facing,"Wet
(Months 7-9)",Platform,G1-12a,1.9418846837693675,1.052283025,April,NA,NA,NA,NA
M9,GiantMarsh,T1,12,b,2026-03-19,2026-04-17,2026,1.285381124,0,0,0,0,0,0,0,0,0,0,OK,Scarped,West.facing,"Wet
(Months 7-9)",Platform,G1-12b,1.9495046990093976,1.060996863,April,NA,NA,NA,NA
M9,GiantMarsh,T1,12,c,2026-03-19,2026-04-17,2026,1.551736983,0,0,0,0,0,0,0,0,0,0,OK,Scarped,West.facing,"Wet
(Months 7-9)",Platform,G1-12c,1.9577343154686309,1.070407808,April,NA,NA,NA,NA
M9,GiantMarsh,T1,18,a,2026-03-19,2026-04-17,2026,0.84703765,0,0,0,0,0,0,0,0,0,0,OK,Scarped,West.facing,"Wet
(Months 7-9)",Platform,G1-18a,1.958039116078232,1.070756361,April,NA,NA,NA,NA
M9,GiantMarsh,T1,18,b,2026-03-19,2026-04-17,2026,0.753265644,0,0,0,0,0,0,0,0,0,0,OK,Scarped,West.facing,"Wet
(Months 7-9)",Platform,G1-18b,1.94005588011176,1.050191704,April,NA,NA,NA,NA
M9,GiantMarsh,T1,18,c,2026-03-19,2026-04-17,2026,1.244023875,0,0,0,0,0,0,0,0,0,0,OK,Scarped,West.facing,"Wet
(Months 7-9)",Platform,G1-18c,1.9348742697485393,1.044266295,April,NA,NA,NA,NA
M9,GiantMarsh,T1,24,a,2026-03-19,2026-04-17,2026,1.33996402,0,0,0,0,0,0,0,0,0,0,OK,Scarped,West.facing,"Wet
(Months 7-9)",Platform,G1-24a,1.94005588011176,1.050191704,April,NA,NA,NA,NA
M9,GiantMarsh,T1,24,b,2026-03-19,2026-04-17,2026,0.782318705,0,0,0,0,0,0,0,0,0,0,OK,Scarped,West.facing,"Wet
(Months 7-9)",Platform,G1-24b,1.9467614935229869,1.057859881,April,NA,NA,NA,NA
M9,GiantMarsh,T1,24,c,2026-03-19,2026-04-17,2026,0.839882791,0,0,0,0,0,0,0,0,0,0,OK,Scarped,West.facing,"Wet
(Months 7-9)",Platform,G1-24c,1.952247904495809,1.064133845,April,NA,NA,NA,NA
M9,GiantMarsh,T1,48,a,2026-03-19,2026-04-17,2026,0.671093181,0,0,0,0,0,0,0,0,0,0,OK,Scarped,West.facing,"Wet
(Months 7-9)",Upland,G1-48a,1.8736093472186943,0.974207041,April,NA,NA,NA,NA
M9,GiantMarsh,T1,48,b,2026-03-19,2026-04-17,2026,0.465499413,0,0,0,0,0,0,0,0,0,0,OK,Scarped,West.facing,"Wet
(Months 7-9)",Upland,G1-48b,1.8595885191770385,0.95817358,April,NA,NA,NA,NA
M9,GiantMarsh,T1,48,c,2026-03-19,2026-04-17,2026,0.751151708,0,0,0,0,0,0,0,0,0,0,OK,Scarped,West.facing,"Wet
(Months 7-9)",Upland,G1-48c,1.886106172212344,0.988497734,April,NA,NA,NA,NA
M9,GiantMarsh,T2,0.5,a,2026-03-19,2026-04-17,2026,-0.345980759,0,0,0,0,0,0,0,0,0,1,Review,Scarped,West.facing,"Wet
(Months 7-9)",Edge,G2-0.5a,2.0357632715265432,1.159637504,April,NA,NA,NA,NA
M9,GiantMarsh,T2,0.5,b,2026-03-19,2026-04-17,2026,-0.07073553,0,0,0,0,0,0,0,0,0,1,Review,Scarped,West.facing,"Wet
(Months 7-9)",Edge,G2-0.5b,2.041249682499365,1.165911467,April,NA,NA,NA,NA
M9,GiantMarsh,T2,0.5,c,2026-03-19,2026-04-17,2026,-0.216271851,0,0,0,0,0,0,0,0,0,1,Review,Scarped,West.facing,"Wet
(Months 7-9)",Edge,G2-0.5c,2.0519177038354077,1.17811084,April,NA,NA,NA,NA
M9,GiantMarsh,T2,2,a,2026-03-19,2026-04-17,2026,102.4997403,0,0,0,0,0,0,0,0,0,0,OK,Scarped,West.facing,"Wet
(Months 7-9)",Edge,G2-2a,2.0616713233426465,1.189264552,April,NA,NA,NA,NA
M9,GiantMarsh,T2,2,b,2026-03-19,2026-04-17,2026,480.7419717,0,0,0,0,0,0,0,0,0,0,OK,Scarped,West.facing,"Wet
(Months 7-9)",Edge,G2-2b,2.054051308102616,1.180550715,April,NA,NA,NA,NA
M9,GiantMarsh,T2,2,c,2026-03-19,2026-04-17,2026,247.0634885,0,0,0,0,0,0,0,0,0,0,OK,Scarped,West.facing,"Wet
(Months 7-9)",Edge,G2-2c,2.0564897129794257,1.183339143,April,NA,NA,NA,NA
M9,GiantMarsh,T2,6,a,2026-03-19,2026-04-17,2026,5.452327201,0,0,0,0,0,0,0,0,0,0,OK,Scarped,West.facing,"Wet
(Months 7-9)",Edge,G2-6a,1.9406654813309625,1.050888811,April,NA,NA,NA,NA
M9,GiantMarsh,T2,6,b,2026-03-19,2026-04-17,2026,4.051926311,0,0,0,0,0,0,0,0,0,0,OK,Scarped,West.facing,"Wet
(Months 7-9)",Edge,G2-6b,1.9434086868173737,1.054025793,April,NA,NA,NA,NA
M9,GiantMarsh,T2,6,c,2026-03-19,2026-04-17,2026,5.011761385,0,0,0,0,0,0,0,0,0,0,OK,Scarped,West.facing,"Wet
(Months 7-9)",Edge,G2-6c,1.9473710947421896,1.058556988,April,NA,NA,NA,NA
M9,GiantMarsh,T2,12,a,2026-03-19,2026-04-17,2026,1.154967571,0,0,0,0,0,0,0,0,0,0,OK,Scarped,West.facing,"Wet
(Months 7-9)",Platform,G2-12a,1.9333502667005331,1.042523527,April,NA,NA,NA,NA
M9,GiantMarsh,T2,12,b,2026-03-19,2026-04-17,2026,1.330641023,0,0,0,0,0,0,0,0,0,0,OK,Scarped,West.facing,"Wet
(Months 7-9)",Platform,G2-12b,1.9354838709677415,1.044963402,April,NA,NA,NA,NA
M9,GiantMarsh,T2,12,c,2026-03-19,2026-04-17,2026,1.882269752,0,0,0,0,0,0,0,0,0,0,OK,Scarped,West.facing,"Wet
(Months 7-9)",Platform,G2-12c,1.9318262636525272,1.04078076,April,NA,NA,NA,NA
M9,GiantMarsh,T2,18,a,2026-03-19,2026-04-17,2026,1.009756471,0,0,0,0,0,0,0,0,0,0,OK,Scarped,West.facing,"Wet
(Months 7-9)",Platform,G2-18a,1.9610871221742443,1.074241896,April,NA,NA,NA,NA
M9,GiantMarsh,T2,18,b,2026-03-19,2026-04-17,2026,1.292590186,0,0,0,0,0,0,0,0,0,0,OK,Scarped,West.facing,"Wet
(Months 7-9)",Platform,G2-18b,1.9516383032766065,1.063436738,April,NA,NA,NA,NA
M9,GiantMarsh,T2,18,c,2026-03-19,2026-04-17,2026,1.143097011,0,0,0,0,0,0,0,0,0,0,OK,Scarped,West.facing,"Wet
(Months 7-9)",Platform,G2-18c,1.9586487172974345,1.071453468,April,NA,NA,NA,NA
M9,GiantMarsh,T2,24,a,2026-03-19,2026-04-17,2026,0.731259034,0,0,0,0,0,0,0,0,0,0,OK,Scarped,West.facing,"Wet
(Months 7-9)",Platform,G2-24a,1.9357886715773431,1.045311955,April,NA,NA,NA,NA
M9,GiantMarsh,T2,24,b,2026-03-19,2026-04-17,2026,0.715594231,0,0,0,0,0,0,0,0,0,0,OK,Scarped,West.facing,"Wet
(Months 7-9)",Platform,G2-24b,1.9406654813309625,1.050888811,April,NA,NA,NA,NA
M9,GiantMarsh,T2,24,c,2026-03-19,2026-04-17,2026,0.770990179,0,0,0,0,0,0,0,0,0,0,OK,Scarped,West.facing,"Wet
(Months 7-9)",Platform,G2-24c,1.9354838709677415,1.044963402,April,NA,NA,NA,NA
M9,GiantMarsh,T2,48,a,2026-03-19,2026-04-17,2026,1.037346038,0,0,0,0,0,0,0,0,0,0,OK,Scarped,West.facing,"Wet
(Months 7-9)",Upland,G2-48a,1.8733045466090932,0.973858487,April,NA,NA,NA,NA
M9,GiantMarsh,T2,48,b,2026-03-19,2026-04-17,2026,0.850886096,0,0,0,0,0,0,0,0,0,0,OK,Scarped,West.facing,"Wet
(Months 7-9)",Upland,G2-48b,1.897078994157988,1.001045661,April,NA,NA,NA,NA
M9,GiantMarsh,T2,48,c,2026-03-19,2026-04-17,2026,0.85782414,0,0,0,0,0,0,0,0,0,0,OK,Scarped,West.facing,"Wet
(Months 7-9)",Upland,G2-48c,1.8836677673355344,0.985709306,April,NA,NA,NA,NA
M9,CorteMadera,T1,0.5,a,2026-03-07,2026-04-04,2026,0.311797727,0,0,0,0,0,0,0,0,0,0,OK,Scarped,East.facing,"Wet
(Months 7-9)",Edge,C1-0.5a,1.6593345186690371,0.772363636,April,NA,NA,NA,NA
M9,CorteMadera,T1,0.5,b,2026-03-07,2026-04-04,2026,0.243925301,0,0,0,0,0,0,0,0,0,0,OK,Scarped,East.facing,"Wet
(Months 7-9)",Edge,C1-0.5b,1.6684785369570738,0.783272727,April,NA,NA,NA,NA
M9,CorteMadera,T1,0.5,c,2026-03-07,2026-04-04,2026,0.270759891,0,0,0,0,0,0,0,0,0,0,OK,Scarped,East.facing,"Wet
(Months 7-9)",Edge,C1-0.5c,1.6614681229362456,0.774909091,April,NA,NA,NA,NA
M9,CorteMadera,T1,2,a,2026-03-07,2026-04-04,2026,1.059685612,0,0,0,0,0,0,0,0,0,0,OK,Scarped,East.facing,"Wet
(Months 7-9)",Edge,C1-2a,1.6462280924561847,0.756727273,April,NA,NA,NA,NA
M9,CorteMadera,T1,2,b,2026-03-07,2026-04-04,2026,1.163711753,0,0,0,0,0,0,0,0,0,0,OK,Scarped,East.facing,"Wet
(Months 7-9)",Edge,C1-2b,1.6480568961137922,0.758909091,April,NA,NA,NA,NA
M9,CorteMadera,T1,2,c,2026-03-07,2026-04-04,2026,1.360929148,0,0,0,0,0,0,0,0,0,0,OK,Scarped,East.facing,"Wet
(Months 7-9)",Edge,C1-2c,1.6462280924561847,0.756727273,April,NA,NA,NA,NA
M9,CorteMadera,T1,6,a,2026-03-07,2026-04-04,2026,2.048467275,0,0,0,0,0,0,0,0,0,0,OK,Scarped,East.facing,"Wet
(Months 7-9)",Edge,C1-6a,1.664516129032258,0.778545455,April,NA,NA,NA,NA
M9,CorteMadera,T1,6,b,2026-03-07,2026-04-04,2026,2.724496844,0,0,0,0,0,0,0,0,0,0,OK,Scarped,East.facing,"Wet
(Months 7-9)",Edge,C1-6b,1.6620777241554483,0.775636364,April,NA,NA,NA,NA
M9,CorteMadera,T1,6,c,2026-03-07,2026-04-04,2026,2.164338811,0,0,0,0,0,0,0,0,0,0,OK,Scarped,East.facing,"Wet
(Months 7-9)",Edge,C1-6c,1.6529337058674116,0.764727273,April,NA,NA,NA,NA
M9,CorteMadera,T1,12,a,2026-03-07,2026-04-04,2026,2.123357115,0,1,0,0,0,0,0,0,0,0,Review,Scarped,East.facing,"Wet
(Months 7-9)",Platform,C1-12a,1.6413512827025651,0.750909091,April,NA,NA,NA,NA
M9,CorteMadera,T1,12,b,2026-03-07,2026-04-04,2026,3.357523701,0,0,0,0,0,0,0,0,0,0,OK,Scarped,East.facing,"Wet
(Months 7-9)",Platform,C1-12b,1.6447040894081788,0.754909091,April,NA,NA,NA,NA
M9,CorteMadera,T1,12,c,2026-03-07,2026-04-04,2026,2.225642937,0,0,0,0,0,0,0,0,0,0,OK,Scarped,East.facing,"Wet
(Months 7-9)",Platform,C1-12c,1.659029718059436,0.772,April,NA,NA,NA,NA
M9,CorteMadera,T1,18,a,2026-03-07,2026-04-04,2026,2.396138021,0,0,0,0,1,0,0,0,0,0,Review,Scarped,East.facing,"Wet
(Months 7-9)",Platform,C1-18a,1.679756159512319,0.796727273,April,NA,NA,NA,NA
M9,CorteMadera,T1,18,b,2026-03-07,2026-04-04,2026,3.102707374,0,0,0,0,0,0,0,0,0,0,OK,Scarped,East.facing,"Wet
(Months 7-9)",Platform,C1-18b,1.6696977393954786,0.784727273,April,NA,NA,NA,NA
M9,CorteMadera,T1,18,c,2026-03-07,2026-04-04,2026,2.415169247,0,0,0,0,0,0,0,0,0,0,OK,Scarped,East.facing,"Wet
(Months 7-9)",Platform,C1-18c,1.671526543053086,0.786909091,April,NA,NA,NA,NA
M9,CorteMadera,T1,24,a,2026-03-07,2026-04-04,2026,0.942971987,0,0,0,0,0,0,0,0,0,0,OK,Scarped,East.facing,"Wet
(Months 7-9)",Platform,C1-24a,1.7199898399796798,0.844727273,April,NA,NA,NA,NA
M9,CorteMadera,T1,24,b,2026-03-07,2026-04-04,2026,1.519971813,0,0,0,0,0,0,0,0,0,0,OK,Scarped,East.facing,"Wet
(Months 7-9)",Platform,C1-24b,1.7184658369316737,0.842909091,April,NA,NA,NA,NA
M9,CorteMadera,T1,24,c,2026-03-07,2026-04-04,2026,1.52103846,0,0,0,0,0,0,0,0,0,0,OK,Scarped,East.facing,"Wet
(Months 7-9)",Platform,C1-24c,1.7141986283972566,0.837818182,April,NA,NA,NA,NA
M9,CorteMadera,T1,48,a,2026-03-07,2026-04-04,2026,0.87032772,0,0,1,0,0,0,0,0,0,0,Review,Scarped,East.facing,"Wet
(Months 7-9)",Upland,C1-48a,1.732486665,0.859636364,April,NA,NA,NA,NA
M9,CorteMadera,T1,48,b,2026-03-07,2026-04-04,2026,1.37782708,0,1,0,0,0,0,0,0,0,0,Review,Scarped,East.facing,"Wet
(Months 7-9)",Upland,C1-48b,1.7108458216916431,0.833818182,April,NA,NA,NA,NA
M9,CorteMadera,T1,48,c,2026-03-07,2026-04-04,2026,1.293225141,0,0,1,0,0,0,0,0,0,0,Review,Scarped,East.facing,"Wet
(Months 7-9)",Upland,C1-48c,1.7065786131572265,0.828727273,April,NA,NA,NA,NA
M9,CorteMadera,T2,0.5,a,2026-03-07,2026-04-04,2026,-0.126706422,0,0,0,0,0,0,0,0,0,1,Review,Scarped,East.facing,"Wet
(Months 7-9)",Edge,C2-0.5a,1.621234442468885,0.726909091,April,NA,NA,NA,NA
M9,CorteMadera,T2,0.5,b,2026-03-07,2026-04-04,2026,-0.166565332,0,0,0,0,0,0,0,0,0,1,Review,Scarped,East.facing,"Wet
(Months 7-9)",Edge,C2-0.5b,1.6392176784353567,0.748363636,April,NA,NA,NA,NA
M9,CorteMadera,T2,0.5,c,2026-03-07,2026-04-04,2026,-0.155898863,0,0,0,0,0,0,0,0,0,1,Review,Scarped,East.facing,"Wet
(Months 7-9)",Edge,C2-0.5c,1.6495808991617982,0.760727273,April,NA,NA,NA,NA
M9,CorteMadera,T2,2,a,2026-03-07,2026-04-04,2026,0.038399288,0,0,0,0,0,0,0,0,0,0,OK,Scarped,East.facing,"Wet
(Months 7-9)",Edge,C2-2a,1.656286512573025,0.768727273,April,NA,NA,NA,NA
M9,CorteMadera,T2,2,b,2026-03-07,2026-04-04,2026,0.133892254,0,0,0,0,0,0,0,0,0,0,OK,Scarped,East.facing,"Wet
(Months 7-9)",Edge,C2-2b,1.6544577089154178,0.766545455,April,NA,NA,NA,NA
M9,CorteMadera,T2,2,c,2026-03-07,2026-04-04,2026,0.169709134,0,0,0,0,0,0,0,0,0,0,OK,Scarped,East.facing,"Wet
(Months 7-9)",Edge,C2-2c,1.6556769113538228,0.768,April,NA,NA,NA,NA
M9,CorteMadera,T2,6,a,2026-03-07,2026-04-04,2026,1.02240911,0,0,0,0,0,0,0,0,0,0,OK,Scarped,East.facing,"Wet
(Months 7-9)",Edge,C2-6a,1.6623825247650494,0.776,April,NA,NA,NA,NA
M9,CorteMadera,T2,6,b,2026-03-07,2026-04-04,2026,1.2051425630000001,0,0,0,0,0,0,0,0,0,0,OK,Scarped,East.facing,"Wet
(Months 7-9)",Edge,C2-6b,1.6727457454914911,0.788363636,April,NA,NA,NA,NA
M9,CorteMadera,T2,6,c,2026-03-07,2026-04-04,2026,1.079671206,0,0,0,0,0,0,0,0,0,0,OK,Scarped,East.facing,"Wet
(Months 7-9)",Edge,C2-6c,1.6675641351282702,0.782181818,April,NA,NA,NA,NA
M9,CorteMadera,T2,12,a,2026-03-07,2026-04-04,2026,0.97278196,0,0,0,0,0,0,0,0,0,0,OK,Scarped,East.facing,"Wet
(Months 7-9)",Platform,C2-12a,1.664820929641859,0.778909091,April,NA,NA,NA,NA
M9,CorteMadera,T2,12,b,2026-03-07,2026-04-04,2026,1.221872078,0,0,0,0,0,0,0,0,0,0,OK,Scarped,East.facing,"Wet
(Months 7-9)",Platform,C2-12b,1.6651257302514604,0.779272727,April,NA,NA,NA,NA
M9,CorteMadera,T2,12,c,2026-03-07,2026-04-04,2026,1.108695229,0,0,0,0,0,0,0,0,0,0,OK,Scarped,East.facing,"Wet
(Months 7-9)",Platform,C2-12c,1.6657353314706629,0.78,April,NA,NA,NA,NA
M9,CorteMadera,T2,18,a,2026-03-07,2026-04-04,2026,1.613836739,0,0,0,0,0,0,0,0,0,0,OK,Scarped,East.facing,"Wet
(Months 7-9)",Platform,C2-18a,1.6623825247650494,0.776,April,NA,NA,NA,NA
M9,CorteMadera,T2,18,b,2026-03-07,2026-04-04,2026,1.921311739,0,0,0,0,0,0,0,0,0,0,OK,Scarped,East.facing,"Wet
(Months 7-9)",Platform,C2-18b,1.6672593345186688,0.781818182,April,NA,NA,NA,NA
M9,CorteMadera,T2,18,c,2026-03-07,2026-04-04,2026,2.024720347,1,0,0,0,0,0,0,0,0,0,Review,Scarped,East.facing,"Wet
(Months 7-9)",Platform,C2-18c,1.6773177546355091,0.793818182,April,NA,NA,NA,NA
M9,CorteMadera,T2,24,a,2026-03-07,2026-04-04,2026,2.693620223,0,0,0,0,0,0,0,0,0,0,OK,Scarped,East.facing,"Wet
(Months 7-9)",Platform,C2-24a,1.6794513589027176,0.796363636,April,NA,NA,NA,NA
M9,CorteMadera,T2,24,b,2026-03-07,2026-04-04,2026,2.153447785,0,0,0,0,0,0,0,0,0,0,OK,Scarped,East.facing,"Wet
(Months 7-9)",Platform,C2-24b,1.6843281686563372,0.802181818,April,NA,NA,NA,NA
M9,CorteMadera,T2,24,c,2026-03-07,2026-04-04,2026,2.210148487,0,0,0,0,0,0,0,0,0,0,OK,Scarped,East.facing,"Wet
(Months 7-9)",Platform,C2-24c,1.6751841503683007,0.791272727,April,NA,NA,NA,NA
M9,CorteMadera,T2,48,a,2026-03-07,2026-04-04,2026,4.520786339,0,0,0,0,0,0,0,0,0,0,OK,Scarped,East.facing,"Wet
(Months 7-9)",Upland,C2-48a,1.6794513589027176,0.796363636,April,NA,NA,NA,NA
M9,CorteMadera,T2,48,b,2026-03-07,2026-04-04,2026,2.955510104,0,0,0,0,0,0,0,0,0,0,OK,Scarped,East.facing,"Wet
(Months 7-9)",Upland,C2-48b,1.6821945643891287,0.799636364,April,NA,NA,NA,NA
M9,CorteMadera,T2,48,c,2026-03-07,2026-04-04,2026,4.036472514,0,0,0,0,0,0,0,0,0,0,OK,Scarped,East.facing,"Wet
(Months 7-9)",Upland,C2-48c,1.673050546101092,0.788727273,April,NA,NA,NA,NA
M9,SanPablo,T1,0.5,a,2026-03-06,2026-04-03,2026,1.792864998,0,0,0,0,0,0,0,0,0,0,OK,Ramped,South.facing,"Wet
(Months 7-9)",Edge,S1-0.5a,1.706273812547625,0.771628722,April,NA,NA,NA,NA
M9,SanPablo,T1,0.5,b,2026-03-06,2026-04-03,2026,0.389999785,0,0,0,0,0,0,0,0,0,0,OK,Ramped,South.facing,"Wet
(Months 7-9)",Edge,S1-0.5b,1.722733045466091,0.790542907,April,NA,NA,NA,NA
M9,SanPablo,T1,0.5,c,2026-03-06,2026-04-03,2026,0.513506267,0,0,0,0,0,0,0,0,0,0,OK,Ramped,South.facing,"Wet
(Months 7-9)",Edge,S1-0.5c,1.723037846075692,0.79089317,April,NA,NA,NA,NA
M9,SanPablo,T1,2,a,2026-03-06,2026-04-03,2026,2.947257625,0,0,0,0,0,0,0,0,0,0,OK,Ramped,South.facing,"Wet
(Months 7-9)",Edge,S1-2a,1.6913385826771654,0.754465849,April,NA,NA,NA,NA
M9,SanPablo,T1,2,b,2026-03-06,2026-04-03,2026,1.472477957,0,0,0,0,0,0,0,0,0,0,OK,Ramped,South.facing,"Wet
(Months 7-9)",Edge,S1-2b,1.7202946405892812,0.787740806,April,NA,NA,NA,NA
M9,SanPablo,T1,2,c,2026-03-06,2026-04-03,2026,0.395389159,0,0,0,0,0,0,0,0,0,0,OK,Ramped,South.facing,"Wet
(Months 7-9)",Edge,S1-2c,1.7550419100838202,0.827670753,April,NA,NA,NA,NA
M9,SanPablo,T1,6,a,2026-03-06,2026-04-03,2026,0.789880089,0,0,0,0,0,0,0,0,0,0,OK,Ramped,South.facing,"Wet
(Months 7-9)",Edge,S1-6a,1.8266700533401063,0.909982487,April,NA,NA,NA,NA
M9,SanPablo,T1,6,b,2026-03-06,2026-04-03,2026,0.619104308,0,0,0,0,0,0,0,0,0,0,OK,Ramped,South.facing,"Wet
(Months 7-9)",Edge,S1-6b,1.8254508509017016,0.908581436,April,NA,NA,NA,NA
M9,SanPablo,T1,6,c,2026-03-06,2026-04-03,2026,0.705727263,0,0,0,0,0,0,0,0,0,0,OK,Ramped,South.facing,"Wet
(Months 7-9)",Edge,S1-6c,1.83002286004572,0.913835377,April,NA,NA,NA,NA
M9,SanPablo,T1,12,a,2026-03-06,2026-04-03,2026,0.369003683,0,0,0,0,0,0,0,0,0,0,OK,Ramped,South.facing,"Wet
(Months 7-9)",Platform,S1-12a,1.877266954533909,0.968126095,April,NA,NA,NA,NA
M9,SanPablo,T1,12,b,2026-03-06,2026-04-03,2026,0.291475296,0,0,0,0,0,0,0,0,0,0,OK,Ramped,South.facing,"Wet
(Months 7-9)",Platform,S1-12b,1.889763779527559,0.982486865,April,NA,NA,NA,NA
M9,SanPablo,T1,12,c,2026-03-06,2026-04-03,2026,0.21226273,0,0,0,0,0,0,0,0,0,0,OK,Ramped,South.facing,"Wet
(Months 7-9)",Platform,S1-12c,1.8851917703835408,0.977232925,April,NA,NA,NA,NA
M9,SanPablo,T1,18,a,2026-03-06,2026-04-03,2026,0.196768281,0,0,0,0,0,0,0,0,0,0,OK,Ramped,South.facing,"Wet
(Months 7-9)",Platform,S1-18a,1.9778511557023113,1.083712785,April,NA,NA,NA,NA
M9,SanPablo,T1,18,b,2026-03-06,2026-04-03,2026,0.138046563,0,0,0,0,0,0,0,0,0,0,OK,Ramped,South.facing,"Wet
(Months 7-9)",Platform,S1-18b,1.9882143764287528,1.095621716,April,NA,NA,NA,NA
M9,SanPablo,T1,18,c,2026-03-06,2026-04-03,2026,0.47746483,0,0,0,0,0,0,0,0,0,0,OK,Ramped,South.facing,"Wet
(Months 7-9)",Platform,S1-18c,1.9918719837439671,1.099824869,April,NA,NA,NA,NA
M9,SanPablo,T1,24,a,2026-03-06,2026-04-03,2026,0.274858061,0,0,0,0,0,0,0,0,0,0,OK,Ramped,South.facing,"Wet
(Months 7-9)",Platform,S1-24a,1.9751079502159004,1.08056042,April,NA,NA,NA,NA
M9,SanPablo,T1,24,b,2026-03-06,2026-04-03,2026,0.243476187,0,0,0,0,0,0,0,0,0,0,OK,Ramped,South.facing,"Wet
(Months 7-9)",Platform,S1-24b,1.984861569723139,1.091768827,April,NA,NA,NA,NA
M9,SanPablo,T1,24,c,2026-03-06,2026-04-03,2026,0.549772261,0,0,0,0,0,0,0,0,0,0,OK,Ramped,South.facing,"Wet
(Months 7-9)",Platform,S1-24c,1.9751079502159004,1.08056042,April,NA,NA,NA,NA
M9,SanPablo,T1,48,a,2026-03-06,2026-04-03,2026,0.019761037,0,0,0,0,0,0,0,0,0,0,OK,Ramped,South.facing,"Wet
(Months 7-9)",Upland,S1-48a,2.013208026416053,1.124343257,April,NA,NA,NA,NA
M9,SanPablo,T1,48,b,2026-03-06,2026-04-03,2026,0.31393102,0,0,0,0,0,0,0,0,0,0,OK,Ramped,South.facing,"Wet
(Months 7-9)",Upland,S1-48b,2.0159512319024637,1.127495622,April,NA,NA,NA,NA
M9,SanPablo,T1,48,c,2026-03-06,2026-04-03,2026,0.625335772,0,0,0,0,0,0,0,0,0,0,OK,Ramped,South.facing,"Wet
(Months 7-9)",Upland,S1-48c,2.0144272288544576,1.125744308,April,NA,NA,NA,NA
M9,SanPablo,T2,0.5,a,2026-03-06,2026-04-03,2026,0.093078976,0,0,0,0,0,0,0,0,0,0,OK,Ramped,South.facing,"Wet
(Months 7-9)",Edge,S2-0.5a,1.727305054610109,0.795796848,April,NA,NA,NA,NA
M9,SanPablo,T2,0.5,b,2026-03-06,2026-04-03,2026,0.4831349,0,0,0,0,0,0,0,0,0,0,OK,Ramped,South.facing,"Wet
(Months 7-9)",Edge,S2-0.5b,1.7297434594869188,0.798598949,April,NA,NA,NA,NA
M9,SanPablo,T2,0.5,c,2026-03-06,2026-04-03,2026,0.713193792,0,0,0,0,0,0,0,0,0,0,OK,Ramped,South.facing,"Wet
(Months 7-9)",Edge,S2-0.5c,1.721818643637287,0.789492119,April,NA,NA,NA,NA
M9,SanPablo,T2,2,a,2026-03-06,2026-04-03,2026,2.207959054,0,0,0,0,0,0,0,0,0,0,OK,Ramped,South.facing,"Wet
(Months 7-9)",Edge,S2-2a,1.7401066802133602,0.810507881,April,NA,NA,NA,NA
M9,SanPablo,T2,2,b,2026-03-06,2026-04-03,2026,0.479991099,0,0,0,0,0,0,0,0,0,0,OK,Ramped,South.facing,"Wet
(Months 7-9)",Edge,S2-2b,1.751993903987808,0.824168126,April,NA,NA,NA,NA
M9,SanPablo,T2,2,c,2026-03-06,2026-04-03,2026,0.73935471,0,0,0,0,0,0,0,0,0,0,OK,Ramped,South.facing,"Wet
(Months 7-9)",Edge,S2-2c,1.750469900939802,0.822416813,April,NA,NA,NA,NA
M9,SanPablo,T2,6,a,2026-03-06,2026-04-03,2026,0.520299123,0,0,0,0,0,0,0,0,0,0,OK,Ramped,South.facing,"Wet
(Months 7-9)",Edge,S2-6a,1.8239268478536956,0.906830123,April,NA,NA,NA,NA
M9,SanPablo,T2,6,b,2026-03-06,2026-04-03,2026,0.566670193,0,0,0,0,0,0,0,0,0,0,OK,Ramped,South.facing,"Wet
(Months 7-9)",Edge,S2-6b,1.8135636271272544,0.894921191,April,NA,NA,NA,NA
M9,SanPablo,T2,6,c,2026-03-06,2026-04-03,2026,1.345883813,0,0,0,0,0,0,0,0,0,0,OK,Ramped,South.facing,"Wet
(Months 7-9)",Edge,S2-6c,1.8083820167640337,0.888966725,April,NA,NA,NA,NA
M9,SanPablo,T2,12,a,2026-03-06,2026-04-03,2026,0.686976734,0,0,0,0,0,0,0,0,0,0,OK,Ramped,South.facing,"Wet
(Months 7-9)",Platform,S2-12a,1.899517399034798,0.993695271,April,NA,NA,NA,NA
M9,SanPablo,T2,12,b,2026-03-06,2026-04-03,2026,0.989343057,0,1,0,0,0,0,0,0,0,0,Review,Ramped,South.facing,"Wet
(Months 7-9)",Platform,S2-12b,1.8912877825755652,0.984238179,April,NA,NA,NA,NA
M9,SanPablo,T2,12,c,2026-03-06,2026-04-03,2026,0.57834717,0,1,0,0,0,0,0,0,0,0,Review,Ramped,South.facing,"Wet
(Months 7-9)",Platform,S2-12c,1.8836677673355344,0.975481611,April,NA,NA,NA,NA
M9,SanPablo,T2,18,a,2026-03-06,2026-04-03,2026,0.454279295,0,0,0,0,0,0,0,0,0,0,OK,Ramped,South.facing,"Wet
(Months 7-9)",Platform,S2-18a,1.9677927355854712,1.072154116,April,NA,NA,NA,NA
M9,SanPablo,T2,18,b,2026-03-06,2026-04-03,2026,0.224051985,0,0,0,0,0,0,0,0,0,0,OK,Ramped,South.facing,"Wet
(Months 7-9)",Platform,S2-18b,1.9677927355854712,1.072154116,April,NA,NA,NA,NA
M9,SanPablo,T2,18,c,2026-03-06,2026-04-03,2026,0.46202652,0,0,0,0,0,0,0,0,0,0,OK,Ramped,South.facing,"Wet
(Months 7-9)",Platform,S2-18c,1.9613919227838457,1.064798599,April,NA,NA,NA,NA
M9,SanPablo,T2,24,a,2026-03-06,2026-04-03,2026,0.915800561,0,0,0,0,0,0,0,0,0,0,OK,Ramped,South.facing,"Wet
(Months 7-9)",Platform,S2-24a,2.0001016002032004,1.109281961,April,NA,NA,NA,NA
M9,SanPablo,T2,24,b,2026-03-06,2026-04-03,2026,0.246395431,0,0,0,0,0,0,0,0,0,0,OK,Ramped,South.facing,"Wet
(Months 7-9)",Platform,S2-24b,1.9979679959359915,1.106830123,April,NA,NA,NA,NA
M9,SanPablo,T2,24,c,2026-03-06,2026-04-03,2026,0.452370558,0,0,0,0,0,0,0,0,0,0,OK,Ramped,South.facing,"Wet
(Months 7-9)",Platform,S2-24c,1.9915671831343664,1.099474606,April,NA,NA,NA,NA
M9,SanPablo,T2,48,a,2026-03-06,2026-04-03,2026,0.132320353,0,0,0,0,0,0,0,0,0,0,OK,Ramped,South.facing,"Wet
(Months 7-9)",Upland,S2-48a,2.0138176276352553,1.125043783,April,NA,NA,NA,NA
M9,SanPablo,T2,48,b,2026-03-06,2026-04-03,2026,0.334365729,0,0,0,0,0,0,0,0,0,0,OK,Ramped,South.facing,"Wet
(Months 7-9)",Upland,S2-48b,2.022961645923292,1.135551664,April,NA,NA,NA,NA
M9,SanPablo,T2,48,c,2026-03-06,2026-04-03,2026,0.43193585,0,0,0,0,0,0,0,0,0,0,OK,Ramped,South.facing,"Wet
(Months 7-9)",Upland,S2-48c,2.0205232410464817,1.132749562,April,NA,NA,NA,NA
M10,Buck'sLanding,T1,0.5,a,2026-04-19,2026-05-15,2026,-14.7912226,0,0,0,0,0,0,0,0,0,1,Review,Ramped,East.facing,"Growth
(Months 10-12)",Edge,B1-0.5a,1.6544577089154178,0.743807502,May,NA,NA,NA,NA
M10,Buck'sLanding,T1,0.5,b,2026-04-19,2026-05-15,2026,-16.8802786,0,0,0,0,0,0,0,0,0,1,Review,Ramped,East.facing,"Growth
(Months 10-12)",Edge,B1-0.5b,1.6599441198882396,0.750176929,May,NA,NA,NA,NA
M10,Buck'sLanding,T1,0.5,c,2026-04-19,2026-05-15,2026,-16.33337808,0,0,0,0,0,0,0,0,0,1,Review,Ramped,East.facing,"Growth
(Months 10-12)",Edge,B1-0.5c,1.6611633223266449,0.751592357,May,NA,NA,NA,NA
M10,Buck'sLanding,T1,2,a,2026-04-19,2026-05-15,2026,-15.83659701,1,0,0,0,0,0,0,0,0,1,Review,Ramped,East.facing,"Growth
(Months 10-12)",Edge,B1-2a,1.7718059436118871,0.880042463,May,NA,NA,NA,NA
M10,Buck'sLanding,T1,2,b,2026-04-19,2026-05-15,2026,-15.99983284,1,0,0,0,0,0,0,0,0,1,Review,Ramped,East.facing,"Growth
(Months 10-12)",Edge,B1-2b,1.7794259588519177,0.888888889,May,NA,NA,NA,NA
M10,Buck'sLanding,T1,2,c,2026-04-19,2026-05-15,2026,-15.83792708,1,0,0,0,0,0,0,0,0,1,Review,Ramped,East.facing,"Growth
(Months 10-12)",Edge,B1-2c,1.7669291338582676,0.87438075,May,NA,NA,NA,NA
M10,Buck'sLanding,T1,6,a,2026-04-19,2026-05-15,2026,-15.51266455,0,0,0,0,0,0,0,0,0,1,Review,Ramped,East.facing,"Growth
(Months 10-12)",Edge,B1-6a,1.8138684277368553,0.928874735,May,NA,NA,NA,NA
M10,Buck'sLanding,T1,6,b,2026-04-19,2026-05-15,2026,-15.97806807,0,0,0,0,0,0,0,0,0,1,Review,Ramped,East.facing,"Growth
(Months 10-12)",Edge,B1-6b,1.806248412496825,0.920028309,May,NA,NA,NA,NA
M10,Buck'sLanding,T1,6,c,2026-04-19,2026-05-15,2026,-15.61907014,0,0,0,0,0,0,0,0,0,1,Review,Ramped,East.facing,"Growth
(Months 10-12)",Edge,B1-6c,1.8053340106680211,0.918966737,May,NA,NA,NA,NA
M10,Buck'sLanding,T1,12,a,2026-04-19,2026-05-15,2026,-15.83248588,0,0,0,0,0,0,0,0,0,1,Review,Ramped,East.facing,"Growth
(Months 10-12)",Platform,B1-12a,1.8483108966217932,0.96886058,May,NA,NA,NA,NA
M10,Buck'sLanding,T1,12,b,2026-04-19,2026-05-15,2026,-15.44797479,0,0,0,0,0,0,0,0,0,1,Review,Ramped,East.facing,"Growth
(Months 10-12)",Platform,B1-12b,1.8461772923545847,0.966383581,May,NA,NA,NA,NA
M10,Buck'sLanding,T1,12,c,2026-04-19,2026-05-15,2026,-15.19695435,0,0,0,0,0,0,0,0,0,1,Review,Ramped,East.facing,"Growth
(Months 10-12)",Platform,B1-12c,1.8428244856489713,0.962491154,May,NA,NA,NA,NA
M10,Buck'sLanding,T1,18,a,2026-04-19,2026-05-15,2026,-14.60065987,0,0,0,0,0,0,0,0,0,1,Review,Ramped,East.facing,"Growth
(Months 10-12)",Platform,B1-18a,1.8736093472186943,0.998230715,May,NA,NA,NA,NA
M10,Buck'sLanding,T1,18,b,2026-04-19,2026-05-15,2026,-15.40698446,0,0,0,0,0,0,0,0,0,1,Review,Ramped,East.facing,"Growth
(Months 10-12)",Platform,B1-18b,1.8745237490474984,0.999292286,May,NA,NA,NA,NA
M10,Buck'sLanding,T1,18,c,2026-04-19,2026-05-15,2026,-15.29828148,0,0,0,0,0,0,0,0,0,1,Review,Ramped,East.facing,"Growth
(Months 10-12)",Platform,B1-18c,1.8806197612395223,1.006369427,May,NA,NA,NA,NA
M10,Buck'sLanding,T1,24,a,2026-04-19,2026-05-15,2026,-15.2607977,0,0,0,0,0,0,0,0,0,1,Review,Ramped,East.facing,"Growth
(Months 10-12)",Platform,B1-24a,1.8641605283210565,0.987261146,May,NA,NA,NA,NA
M10,Buck'sLanding,T1,24,b,2026-04-19,2026-05-15,2026,-15.26648072,0,0,0,0,0,0,0,0,0,1,Review,Ramped,East.facing,"Growth
(Months 10-12)",Platform,B1-24b,1.869037338074676,0.992922859,May,NA,NA,NA,NA
M10,Buck'sLanding,T1,24,c,2026-04-19,2026-05-15,2026,-15.17942161,0,0,0,0,0,0,0,0,0,1,Review,Ramped,East.facing,"Growth
(Months 10-12)",Platform,B1-24c,1.8714757429514857,0.995753715,May,NA,NA,NA,NA
M10,Buck'sLanding,T1,48,a,2026-04-19,2026-05-15,2026,-14.92289951,0,0,0,0,0,0,0,0,0,1,Review,Ramped,East.facing,"Growth
(Months 10-12)",Upland,B1-48a,1.856845313690627,0.978768577,May,NA,NA,NA,NA
M10,Buck'sLanding,T1,48,b,2026-04-19,2026-05-15,2026,-14.53820705,0,0,0,0,0,0,0,0,0,1,Review,Ramped,East.facing,"Growth
(Months 10-12)",Upland,B1-48b,1.850749301498603,0.971691437,May,NA,NA,NA,NA
M10,Buck'sLanding,T1,48,c,2026-04-19,2026-05-15,2026,-14.17431204,0,0,0,0,0,0,0,0,0,1,Review,Ramped,East.facing,"Growth
(Months 10-12)",Upland,B1-48c,1.8516637033274064,0.972753008,May,NA,NA,NA,NA
M10,Buck'sLanding,T2,0.5,a,2026-04-19,2026-05-15,2026,0.63565245,0,0,0,0,0,0,0,0,0,0,OK,Ramped,East.facing,"Growth
(Months 10-12)",Edge,B2-0.5a,1.6338836677673354,0.7199221515,May,NA,NA,NA,NA
M10,Buck'sLanding,T2,0.5,b,2026-04-19,2026-05-15,2026,0.814607296,0,0,0,0,0,0,0,0,0,0,OK,Ramped,East.facing,"Growth
(Months 10-12)",Edge,B2-0.5b,1.6431800863601729,0.730714791,May,NA,NA,NA,NA
M10,Buck'sLanding,T2,0.5,c,2026-04-19,2026-05-15,2026,0.610562497,0,0,0,0,0,0,0,0,0,0,OK,Ramped,East.facing,"Growth
(Months 10-12)",Edge,B2-0.5c,1.6407416814833629,0.727883935,May,NA,NA,NA,NA
M10,Buck'sLanding,T2,2,a,2026-04-19,2026-05-15,2026,1.389439281,1,0,0,0,0,0,0,0,0,0,Review,Ramped,East.facing,"Growth
(Months 10-12)",Edge,B2-2a,1.773329946659893,0.881811748,May,NA,NA,NA,NA
M10,Buck'sLanding,T2,2,b,2026-04-19,2026-05-15,2026,0.856444037,1,0,0,0,0,0,0,0,0,0,Review,Ramped,East.facing,"Growth
(Months 10-12)",Edge,B2-2b,1.7654051308102614,0.872611465,May,NA,NA,NA,NA
M10,Buck'sLanding,T2,2,c,2026-04-19,2026-05-15,2026,NA,1,1,0,0,0,0,0,0,0,0,Review,Ramped,East.facing,"Growth
(Months 10-12)",Edge,B2-2c,1.7696723393446787,0.877565464,May,NA,NA,NA,NA
M10,Buck'sLanding,T2,6,a,2026-04-19,2026-05-15,2026,1.432364261,0,0,0,0,0,0,0,0,0,0,OK,Ramped,East.facing,"Growth
(Months 10-12)",Edge,B2-6a,1.843738887477775,0.963552725,May,NA,NA,NA,NA
M10,Buck'sLanding,T2,6,b,2026-04-19,2026-05-15,2026,1.914756395,0,0,0,0,0,0,0,0,0,0,OK,Ramped,East.facing,"Growth
(Months 10-12)",Edge,B2-6b,1.8394716789433576,0.958598726,May,NA,NA,NA,NA
M10,Buck'sLanding,T2,6,c,2026-04-19,2026-05-15,2026,NA,1,0,0,0,0,0,0,0,0,0,Review,Ramped,East.facing,"Growth
(Months 10-12)",Edge,B2-6c,1.8376428752857503,0.956475584,May,NA,NA,NA,NA
M10,Buck'sLanding,T2,12,a,2026-04-19,2026-05-15,2026,1.298148126,0,0,0,0,0,0,0,0,0,0,OK,Ramped,East.facing,"Growth
(Months 10-12)",Platform,B2-12a,1.84008128016256,0.95930644,May,NA,NA,NA,NA
M10,Buck'sLanding,T2,12,b,2026-04-19,2026-05-15,2026,1.001421645,0,0,0,0,0,0,0,0,0,0,OK,Ramped,East.facing,"Growth
(Months 10-12)",Platform,B2-12b,1.835814071628143,0.954352442,May,NA,NA,NA,NA
M10,Buck'sLanding,T2,12,c,2026-04-19,2026-05-15,2026,0.988483693,0,0,0,0,0,0,0,0,0,0,OK,Ramped,East.facing,"Growth
(Months 10-12)",Platform,B2-12c,1.822098044196088,0.938428875,May,NA,NA,NA,NA
M10,Buck'sLanding,T2,18,a,2026-04-19,2026-05-15,2026,0.841692353,0,0,0,0,0,0,0,0,0,0,OK,Ramped,East.facing,"Growth
(Months 10-12)",Platform,B2-18a,1.8312420624841248,0.949044586,May,NA,NA,NA,NA
M10,Buck'sLanding,T2,18,b,2026-04-19,2026-05-15,2026,0.822345884,0,0,0,0,0,0,0,0,0,0,OK,Ramped,East.facing,"Growth
(Months 10-12)",Platform,B2-18b,1.8269748539497075,0.944090587,May,NA,NA,NA,NA
M10,Buck'sLanding,T2,18,c,2026-04-19,2026-05-15,2026,0.990297425,0,0,0,0,0,0,0,0,0,0,OK,Ramped,East.facing,"Growth
(Months 10-12)",Platform,B2-18c,1.8403860807721617,0.959660297,May,NA,NA,NA,NA
M10,Buck'sLanding,T2,24,a,2026-04-19,2026-05-15,2026,0.736919128,0,0,0,0,0,0,0,0,0,0,OK,Ramped,East.facing,"Growth
(Months 10-12)",Platform,B2-24a,1.8266700533401063,0.94373673,May,NA,NA,NA,NA
M10,Buck'sLanding,T2,24,b,2026-04-19,2026-05-15,2026,0.901605952,0,0,0,0,0,0,0,0,0,0,OK,Ramped,East.facing,"Growth
(Months 10-12)",Platform,B2-24b,1.8294132588265175,0.946921444,May,NA,NA,NA,NA
M10,Buck'sLanding,T2,24,c,2026-04-19,2026-05-15,2026,0.834135139,0,0,0,0,0,0,0,0,0,0,OK,Ramped,East.facing,"Growth
(Months 10-12)",Platform,B2-24c,1.8446532893065783,0.964614296,May,NA,NA,NA,NA
M10,Buck'sLanding,T2,48,a,2026-04-19,2026-05-15,2026,0.997552351,0,0,0,0,0,0,0,0,0,0,OK,Ramped,East.facing,"Growth
(Months 10-12)",Upland,B2-48a,1.8416052832105665,0.961075725,May,NA,NA,NA,NA
M10,Buck'sLanding,T2,48,b,2026-04-19,2026-05-15,2026,0.941447589,0,0,0,0,0,0,0,0,0,0,OK,Ramped,East.facing,"Growth
(Months 10-12)",Upland,B2-48b,1.8525781051562105,0.973814579,May,NA,NA,NA,NA
M10,Buck'sLanding,T2,48,c,2026-04-19,2026-05-15,2026,0.776760764,0,0,0,0,0,0,0,0,0,0,OK,Ramped,East.facing,"Growth
(Months 10-12)",Upland,B2-48c,1.849530099060198,0.970276008,May,NA,NA,NA,NA
M10,GiantMarsh,T1,0.5,a,2026-04-17,2026-05-14,2026,-0.17186114,0,0,0,0,0,0,0,0,0,1,Review,Scarped,West.facing,"Growth
(Months 10-12)",Edge,G1-0.5a,2.067462535,1.195887069,May,NA,NA,NA,NA
M10,GiantMarsh,T1,0.5,b,2026-04-17,2026-05-14,2026,-0.034872908,0,0,0,0,0,0,0,0,0,1,Review,Scarped,West.facing,"Growth
(Months 10-12)",Edge,G1-0.5b,2.066243332486665,1.194492855,May,NA,NA,NA,NA
M10,GiantMarsh,T1,0.5,c,2026-04-17,2026-05-14,2026,-0.033475663,0,0,0,0,0,0,0,0,0,1,Review,Scarped,West.facing,"Growth
(Months 10-12)",Edge,G1-0.5c,2.0574041148082296,1.184384803,May,NA,NA,NA,NA
M10,GiantMarsh,T1,2,a,2026-04-17,2026-05-14,2026,1.041995491,1,0,0,0,0,0,0,0,0,0,Review,Scarped,West.facing,"Growth
(Months 10-12)",Edge,G1-2a,2.0183896367792733,1.139769955,May,NA,NA,NA,NA
M10,GiantMarsh,T1,2,b,2026-04-17,2026-05-14,2026,3.791715519,1,0,0,0,0,0,0,0,0,0,Review,Scarped,West.facing,"Growth
(Months 10-12)",Edge,G1-2b,2.019304038608077,1.140815615,May,NA,NA,NA,NA
M10,GiantMarsh,T1,2,c,2026-04-17,2026-05-14,2026,3.937785845,1,0,0,0,0,0,0,0,0,0,Review,Scarped,West.facing,"Growth
(Months 10-12)",Edge,G1-2c,2.0189992379984756,1.140467062,May,NA,NA,NA,NA
M10,GiantMarsh,T1,6,a,2026-04-17,2026-05-14,2026,0.830895053,0,0,0,0,0,0,0,0,0,0,OK,Scarped,West.facing,"Growth
(Months 10-12)",Edge,G1-6a,1.9723647447294896,1.087138376,May,NA,NA,NA,NA
M10,GiantMarsh,T1,6,b,2026-04-17,2026-05-14,2026,2.500893973,0,0,0,0,0,0,0,0,0,0,OK,Scarped,West.facing,"Growth
(Months 10-12)",Edge,G1-6b,1.9793751587503172,1.095155106,May,NA,NA,NA,NA
M10,GiantMarsh,T1,6,c,2026-04-17,2026-05-14,2026,3.319330257,0,0,0,0,0,0,0,0,0,0,OK,Scarped,West.facing,"Growth
(Months 10-12)",Edge,G1-6c,1.9763271526543051,1.091669571,May,NA,NA,NA,NA
M10,GiantMarsh,T1,12,a,2026-04-17,2026-05-14,2026,0.961013497,0,0,0,0,0,0,0,0,0,0,OK,Scarped,West.facing,"Growth
(Months 10-12)",Platform,G1-12a,1.9418846837693675,1.052283025,May,NA,NA,NA,NA
M10,GiantMarsh,T1,12,b,2026-04-17,2026-05-14,2026,1.483932455,0,0,0,0,0,0,0,0,0,0,OK,Scarped,West.facing,"Growth
(Months 10-12)",Platform,G1-12b,1.9495046990093976,1.060996863,May,NA,NA,NA,NA
M10,GiantMarsh,T1,12,c,2026-04-17,2026-05-14,2026,2.134350023,0,0,0,0,0,0,0,0,0,0,OK,Scarped,West.facing,"Growth
(Months 10-12)",Platform,G1-12c,1.9577343154686309,1.070407808,May,NA,NA,NA,NA
M10,GiantMarsh,T1,18,a,2026-04-17,2026-05-14,2026,0.234504293,0,0,0,0,0,0,0,0,0,0,OK,Scarped,West.facing,"Growth
(Months 10-12)",Platform,G1-18a,1.958039116078232,1.070756361,May,NA,NA,NA,NA
M10,GiantMarsh,T1,18,b,2026-04-17,2026-05-14,2026,0.836309377,0,0,0,0,0,0,0,0,0,0,OK,Scarped,West.facing,"Growth
(Months 10-12)",Platform,G1-18b,1.94005588011176,1.050191704,May,NA,NA,NA,NA
M10,GiantMarsh,T1,18,c,2026-04-17,2026-05-14,2026,5.083643218,0,0,0,0,0,0,0,0,0,0,OK,Scarped,West.facing,"Growth
(Months 10-12)",Platform,G1-18c,1.9348742697485393,1.044266295,May,NA,NA,NA,NA
M10,GiantMarsh,T1,24,a,2026-04-17,2026-05-14,2026,1.89984573,0,0,0,0,0,0,0,0,0,0,OK,Scarped,West.facing,"Growth
(Months 10-12)",Platform,G1-24a,1.94005588011176,1.050191704,May,NA,NA,NA,NA
M10,GiantMarsh,T1,24,b,2026-04-17,2026-05-14,2026,1.566311694,0,0,0,0,0,0,0,0,0,0,OK,Scarped,West.facing,"Growth
(Months 10-12)",Platform,G1-24b,1.9467614935229869,1.057859881,May,NA,NA,NA,NA
M10,GiantMarsh,T1,24,c,2026-04-17,2026-05-14,2026,0.918863272,0,0,0,0,0,0,0,0,0,0,OK,Scarped,West.facing,"Growth
(Months 10-12)",Platform,G1-24c,1.952247904495809,1.064133845,May,NA,NA,NA,NA
M10,GiantMarsh,T1,48,a,2026-04-17,2026-05-14,2026,0.785717463,0,0,0,0,0,0,0,0,0,0,OK,Scarped,West.facing,"Growth
(Months 10-12)",Upland,G1-48a,1.8736093472186943,0.974207041,May,NA,NA,NA,NA
M10,GiantMarsh,T1,48,b,2026-04-17,2026-05-14,2026,0.713817562,0,0,0,0,0,0,0,0,0,0,OK,Scarped,West.facing,"Growth
(Months 10-12)",Upland,G1-48b,1.8595885191770385,0.95817358,May,NA,NA,NA,NA
M10,GiantMarsh,T1,48,c,2026-04-17,2026-05-14,2026,0.832059424,0,0,0,0,0,0,0,0,0,0,OK,Scarped,West.facing,"Growth
(Months 10-12)",Upland,G1-48c,1.886106172212344,0.988497734,May,NA,NA,NA,NA
M10,GiantMarsh,T2,0.5,a,2026-04-17,2026-05-14,2026,-0.846905152,0,0,0,0,0,0,0,0,0,1,Review,Scarped,West.facing,"Growth
(Months 10-12)",Edge,G2-0.5a,2.0357632715265432,1.159637504,May,NA,NA,NA,NA
M10,GiantMarsh,T2,0.5,b,2026-04-17,2026-05-14,2026,-1.048632405,0,0,0,0,0,0,0,0,0,1,Review,Scarped,West.facing,"Growth
(Months 10-12)",Edge,G2-0.5b,2.041249682499365,1.165911467,May,NA,NA,NA,NA
M10,GiantMarsh,T2,0.5,c,2026-04-17,2026-05-14,2026,-0.672598833,0,0,0,0,0,0,0,0,0,1,Review,Scarped,West.facing,"Growth
(Months 10-12)",Edge,G2-0.5c,2.0519177038354077,1.17811084,May,NA,NA,NA,NA
M10,GiantMarsh,T2,2,a,2026-04-17,2026-05-14,2026,323.73020760000003,1,0,0,0,0,0,0,0,0,0,Review,Scarped,West.facing,"Growth
(Months 10-12)",Edge,G2-2a,2.0616713233426465,1.189264552,May,NA,NA,NA,NA
M10,GiantMarsh,T2,2,b,2026-04-17,2026-05-14,2026,471.7975457,1,0,0,0,0,0,0,0,0,0,Review,Scarped,West.facing,"Growth
(Months 10-12)",Edge,G2-2b,2.054051308102616,1.180550715,May,NA,NA,NA,NA
M10,GiantMarsh,T2,2,c,2026-04-17,2026-05-14,2026,201.9986681,1,0,0,0,0,0,0,0,0,0,Review,Scarped,West.facing,"Growth
(Months 10-12)",Edge,G2-2c,2.0564897129794257,1.183339143,May,NA,NA,NA,NA
M10,GiantMarsh,T2,6,a,2026-04-17,2026-05-14,2026,2.192161037,0,0,0,0,0,0,0,0,0,0,OK,Scarped,West.facing,"Growth
(Months 10-12)",Edge,G2-6a,1.9406654813309625,1.050888811,May,NA,NA,NA,NA
M10,GiantMarsh,T2,6,b,2026-04-17,2026-05-14,2026,1.915390081,0,0,0,0,0,0,0,0,0,0,OK,Scarped,West.facing,"Growth
(Months 10-12)",Edge,G2-6b,1.9434086868173737,1.054025793,May,NA,NA,NA,NA
M10,GiantMarsh,T2,6,c,2026-04-17,2026-05-14,2026,3.217098495,0,0,0,0,0,0,0,0,0,0,OK,Scarped,West.facing,"Growth
(Months 10-12)",Edge,G2-6c,1.9473710947421896,1.058556988,May,NA,NA,NA,NA
M10,GiantMarsh,T2,12,a,2026-04-17,2026-05-14,2026,0.647506641,0,0,0,0,0,0,0,0,0,0,OK,Scarped,West.facing,"Growth
(Months 10-12)",Platform,G2-12a,1.9333502667005331,1.042523527,May,NA,NA,NA,NA
M10,GiantMarsh,T2,12,b,2026-04-17,2026-05-14,2026,1.892975942,0,0,0,0,0,0,0,0,0,0,OK,Scarped,West.facing,"Growth
(Months 10-12)",Platform,G2-12b,1.9354838709677415,1.044963402,May,NA,NA,NA,NA
M10,GiantMarsh,T2,12,c,2026-04-17,2026-05-14,2026,2.23960915,0,0,0,0,0,0,0,0,0,0,OK,Scarped,West.facing,"Growth
(Months 10-12)",Platform,G2-12c,1.9318262636525272,1.04078076,May,NA,NA,NA,NA
M10,GiantMarsh,T2,18,a,2026-04-17,2026-05-14,2026,1.465884707,0,0,0,0,0,0,0,0,0,0,OK,Scarped,West.facing,"Growth
(Months 10-12)",Platform,G2-18a,1.9610871221742443,1.074241896,May,NA,NA,NA,NA
M10,GiantMarsh,T2,18,b,2026-04-17,2026-05-14,2026,0.877877417,0,0,0,0,0,0,0,0,0,0,OK,Scarped,West.facing,"Growth
(Months 10-12)",Platform,G2-18b,1.9516383032766065,1.063436738,May,NA,NA,NA,NA
M10,GiantMarsh,T2,18,c,2026-04-17,2026-05-14,2026,0.784902403,0,0,0,0,0,0,0,0,0,0,OK,Scarped,West.facing,"Growth
(Months 10-12)",Platform,G2-18c,1.9586487172974345,1.071453468,May,NA,NA,NA,NA
M10,GiantMarsh,T2,24,a,2026-04-17,2026-05-14,2026,0.346225678,0,0,0,0,0,0,0,0,0,0,OK,Scarped,West.facing,"Growth
(Months 10-12)",Platform,G2-24a,1.9357886715773431,1.045311955,May,NA,NA,NA,NA
M10,GiantMarsh,T2,24,b,2026-04-17,2026-05-14,2026,0.485426216,0,0,0,0,0,0,0,0,0,0,OK,Scarped,West.facing,"Growth
(Months 10-12)",Platform,G2-24b,1.9406654813309625,1.050888811,May,NA,NA,NA,NA
M10,GiantMarsh,T2,24,c,2026-04-17,2026-05-14,2026,0.5692027,0,0,0,0,0,0,0,0,0,0,OK,Scarped,West.facing,"Growth
(Months 10-12)",Platform,G2-24c,1.9354838709677415,1.044963402,May,NA,NA,NA,NA
M10,GiantMarsh,T2,48,a,2026-04-17,2026-05-14,2026,1.34822503,0,0,0,0,0,0,0,0,0,0,OK,Scarped,West.facing,"Growth
(Months 10-12)",Upland,G2-48a,1.8733045466090932,0.973858487,May,NA,NA,NA,NA
M10,GiantMarsh,T2,48,b,2026-04-17,2026-05-14,2026,1.403241554,0,0,0,0,0,0,0,0,0,0,OK,Scarped,West.facing,"Growth
(Months 10-12)",Upland,G2-48b,1.897078994157988,1.001045661,May,NA,NA,NA,NA
M10,GiantMarsh,T2,48,c,2026-04-17,2026-05-14,2026,1.143004664,0,0,0,0,0,0,0,0,0,0,OK,Scarped,West.facing,"Growth
(Months 10-12)",Upland,G2-48c,1.8836677673355344,0.985709306,May,NA,NA,NA,NA
M10,CorteMadera,T1,0.5,a,2026-04-04,2026-05-02,2026,0.108910261,0,0,0,0,0,0,0,0,0,0,OK,Scarped,East.facing,"Growth
(Months 10-12)",Edge,C1-0.5a,1.6593345186690371,0.772363636,May,NA,NA,NA,NA
M10,CorteMadera,T1,0.5,b,2026-04-04,2026-05-02,2026,0.041543089,0,0,0,0,0,0,0,0,0,0,OK,Scarped,East.facing,"Growth
(Months 10-12)",Edge,C1-0.5b,1.6684785369570738,0.783272727,May,NA,NA,NA,NA
M10,CorteMadera,T1,0.5,c,2026-04-04,2026-05-02,2026,0.388147188,0,0,0,0,0,0,0,0,0,0,OK,Scarped,East.facing,"Growth
(Months 10-12)",Edge,C1-0.5c,1.6614681229362456,0.774909091,May,NA,NA,NA,NA
M10,CorteMadera,T1,2,a,2026-04-04,2026-05-02,2026,1.109705737,0,0,0,0,0,0,0,0,0,0,OK,Scarped,East.facing,"Growth
(Months 10-12)",Edge,C1-2a,1.6462280924561847,0.756727273,May,NA,NA,NA,NA
M10,CorteMadera,T1,2,b,2026-04-04,2026-05-02,2026,0.859212136,0,0,0,0,0,0,0,0,0,0,OK,Scarped,East.facing,"Growth
(Months 10-12)",Edge,C1-2b,1.6480568961137922,0.758909091,May,NA,NA,NA,NA
M10,CorteMadera,T1,2,c,2026-04-04,2026-05-02,2026,0.88818002,0,0,0,0,0,0,0,0,0,0,OK,Scarped,East.facing,"Growth
(Months 10-12)",Edge,C1-2c,1.6462280924561847,0.756727273,May,NA,NA,NA,NA
M10,CorteMadera,T1,6,a,2026-04-04,2026-05-02,2026,3.461830539,0,0,0,0,0,0,0,0,0,0,OK,Scarped,East.facing,"Growth
(Months 10-12)",Edge,C1-6a,1.664516129032258,0.778545455,May,NA,NA,NA,NA
M10,CorteMadera,T1,6,b,2026-04-04,2026-05-02,2026,3.29745464,0,0,0,0,0,0,0,0,0,0,OK,Scarped,East.facing,"Growth
(Months 10-12)",Edge,C1-6b,1.6620777241554483,0.775636364,May,NA,NA,NA,NA
M10,CorteMadera,T1,6,c,2026-04-04,2026-05-02,2026,3.062792325,0,0,0,0,0,0,0,0,0,0,OK,Scarped,East.facing,"Growth
(Months 10-12)",Edge,C1-6c,1.6529337058674116,0.764727273,May,NA,NA,NA,NA
M10,CorteMadera,T1,12,a,2026-04-04,2026-05-02,2026,1.6560535,0,0,0,0,0,0,0,0,0,0,OK,Scarped,East.facing,"Growth
(Months 10-12)",Platform,C1-12a,1.6413512827025651,0.750909091,May,NA,NA,NA,NA
M10,CorteMadera,T1,12,b,2026-04-04,2026-05-02,2026,1.617092819,0,0,0,0,0,0,0,0,0,0,OK,Scarped,East.facing,"Growth
(Months 10-12)",Platform,C1-12b,1.6447040894081788,0.754909091,May,NA,NA,NA,NA
M10,CorteMadera,T1,12,c,2026-04-04,2026-05-02,2026,1.878252888,0,0,0,0,0,0,0,0,0,0,OK,Scarped,East.facing,"Growth
(Months 10-12)",Platform,C1-12c,1.659029718059436,0.772,May,NA,NA,NA,NA
M10,CorteMadera,T1,18,a,2026-04-04,2026-05-02,2026,1.541810004,1,0,0,0,0,0,0,0,0,0,Review,Scarped,East.facing,"Growth
(Months 10-12)",Platform,C1-18a,1.679756159512319,0.796727273,May,NA,NA,NA,NA
M10,CorteMadera,T1,18,b,2026-04-04,2026-05-02,2026,1.259485415,0,0,0,0,0,0,0,0,0,0,OK,Scarped,East.facing,"Growth
(Months 10-12)",Platform,C1-18b,1.6696977393954786,0.784727273,May,NA,NA,NA,NA
M10,CorteMadera,T1,18,c,2026-04-04,2026-05-02,2026,1.204974146,0,0,0,0,0,0,0,0,0,0,OK,Scarped,East.facing,"Growth
(Months 10-12)",Platform,C1-18c,1.671526543053086,0.786909091,May,NA,NA,NA,NA
M10,CorteMadera,T1,24,a,2026-04-04,2026-05-02,2026,0.704660617,0,0,0,0,0,0,0,0,0,0,OK,Scarped,East.facing,"Growth
(Months 10-12)",Platform,C1-24a,1.7199898399796798,0.844727273,May,NA,NA,NA,NA
M10,CorteMadera,T1,24,b,2026-04-04,2026-05-02,2026,NA,1,0,0,0,1,0,0,0,0,0,Review,Scarped,East.facing,"Growth
(Months 10-12)",Platform,C1-24b,1.7184658369316737,0.842909091,May,NA,NA,NA,NA
M10,CorteMadera,T1,24,c,2026-04-04,2026-05-02,2026,0.931070453,0,0,0,0,0,0,0,0,0,0,OK,Scarped,East.facing,"Growth
(Months 10-12)",Platform,C1-24c,1.7141986283972566,0.837818182,May,NA,NA,NA,NA
M10,CorteMadera,T1,48,a,2026-04-04,2026-05-02,2026,0.600073082,0,0,0,0,0,0,0,0,0,0,OK,Scarped,East.facing,"Growth
(Months 10-12)",Upland,C1-48a,1.732486665,0.859636364,May,NA,NA,NA,NA
M10,CorteMadera,T1,48,b,2026-04-04,2026-05-02,2026,0.767424365,0,0,0,0,0,0,0,0,0,0,OK,Scarped,East.facing,"Growth
(Months 10-12)",Upland,C1-48b,1.7108458216916431,0.833818182,May,NA,NA,NA,NA
M10,CorteMadera,T1,48,c,2026-04-04,2026-05-02,2026,0.803914916,0,0,0,0,0,0,0,0,0,0,OK,Scarped,East.facing,"Growth
(Months 10-12)",Upland,C1-48c,1.7065786131572265,0.828727273,May,NA,NA,NA,NA
M10,CorteMadera,T2,0.5,a,2026-04-04,2026-05-02,2026,-0.220852045,1,0,0,0,0,0,0,0,0,1,Review,Scarped,East.facing,"Growth
(Months 10-12)",Edge,C2-0.5a,1.621234442468885,0.726909091,May,NA,NA,NA,NA
M10,CorteMadera,T2,0.5,b,2026-04-04,2026-05-02,2026,-0.092124607,1,0,0,0,0,0,0,0,0,1,Review,Scarped,East.facing,"Growth
(Months 10-12)",Edge,C2-0.5b,1.6392176784353567,0.748363636,May,NA,NA,NA,NA
M10,CorteMadera,T2,0.5,c,2026-04-04,2026-05-02,2026,-0.153933987,1,0,0,0,0,0,0,0,0,1,Review,Scarped,East.facing,"Growth
(Months 10-12)",Edge,C2-0.5c,1.6495808991617982,0.760727273,May,NA,NA,NA,NA
M10,CorteMadera,T2,2,a,2026-04-04,2026-05-02,2026,-0.066581221,0,0,0,0,0,0,0,0,0,1,Review,Scarped,East.facing,"Growth
(Months 10-12)",Edge,C2-2a,1.656286512573025,0.768727273,May,NA,NA,NA,NA
M10,CorteMadera,T2,2,b,2026-04-04,2026-05-02,2026,0.09431404,0,0,0,0,0,0,0,0,0,0,OK,Scarped,East.facing,"Growth
(Months 10-12)",Edge,C2-2b,1.6544577089154178,0.766545455,May,NA,NA,NA,NA
M10,CorteMadera,T2,2,c,2026-04-04,2026-05-02,2026,0.233876365,0,0,0,0,0,0,0,0,0,0,OK,Scarped,East.facing,"Growth
(Months 10-12)",Edge,C2-2c,1.6556769113538228,0.768,May,NA,NA,NA,NA
M10,CorteMadera,T2,6,a,2026-04-04,2026-05-02,2026,0.862748913,0,0,0,0,0,0,0,0,0,0,OK,Scarped,East.facing,"Growth
(Months 10-12)",Edge,C2-6a,1.6623825247650494,0.776,May,NA,NA,NA,NA
M10,CorteMadera,T2,6,b,2026-04-04,2026-05-02,2026,0.705558846,0,0,0,0,0,0,0,0,0,0,OK,Scarped,East.facing,"Growth
(Months 10-12)",Edge,C2-6b,1.6727457454914911,0.788363636,May,NA,NA,NA,NA
M10,CorteMadera,T2,6,c,2026-04-04,2026-05-02,2026,0.962845302,0,0,0,0,0,0,0,0,0,0,OK,Scarped,East.facing,"Growth
(Months 10-12)",Edge,C2-6c,1.6675641351282702,0.782181818,May,NA,NA,NA,NA
M10,CorteMadera,T2,12,a,2026-04-04,2026-05-02,2026,0.680183878,0,0,0,0,0,0,0,0,0,0,OK,Scarped,East.facing,"Growth
(Months 10-12)",Platform,C2-12a,1.664820929641859,0.778909091,May,NA,NA,NA,NA
M10,CorteMadera,T2,12,b,2026-04-04,2026-05-02,2026,0.919225059,0,0,0,0,0,0,0,0,0,0,OK,Scarped,East.facing,"Growth
(Months 10-12)",Platform,C2-12b,1.6651257302514604,0.779272727,May,NA,NA,NA,NA
M10,CorteMadera,T2,12,c,2026-04-04,2026-05-02,2026,0.609448347,0,0,0,0,0,0,0,0,0,0,OK,Scarped,East.facing,"Growth
(Months 10-12)",Platform,C2-12c,1.6657353314706629,0.78,May,NA,NA,NA,NA
M10,CorteMadera,T2,18,a,2026-04-04,2026-05-02,2026,4.188385486,1,0,0,0,0,0,0,0,0,0,Review,Scarped,East.facing,"Growth
(Months 10-12)",Platform,C2-18a,1.6623825247650494,0.776,May,NA,NA,NA,NA
M10,CorteMadera,T2,18,b,2026-04-04,2026-05-02,2026,0.749459786,0,0,0,0,0,0,0,0,0,0,OK,Scarped,East.facing,"Growth
(Months 10-12)",Platform,C2-18b,1.6672593345186688,0.781818182,May,NA,NA,NA,NA
M10,CorteMadera,T2,18,c,2026-04-04,2026-05-02,2026,1.196422257,1,0,0,0,0,0,0,0,0,0,Review,Scarped,East.facing,"Growth
(Months 10-12)",Platform,C2-18c,1.6773177546355091,0.793818182,May,NA,NA,NA,NA
M10,CorteMadera,T2,24,a,2026-04-04,2026-05-02,2026,1.359581805,0,0,0,0,0,0,0,0,0,0,OK,Scarped,East.facing,"Growth
(Months 10-12)",Platform,C2-24a,1.6794513589027176,0.796363636,May,NA,NA,NA,NA
M10,CorteMadera,T2,24,b,2026-04-04,2026-05-02,2026,1.159950419,0,0,0,0,0,0,0,0,0,0,OK,Scarped,East.facing,"Growth
(Months 10-12)",Platform,C2-24b,1.6843281686563372,0.802181818,May,NA,NA,NA,NA
M10,CorteMadera,T2,24,c,2026-04-04,2026-05-02,2026,3.55066164,1,0,0,0,0,0,0,0,0,0,Review,Scarped,East.facing,"Growth
(Months 10-12)",Platform,C2-24c,1.6751841503683007,0.791272727,May,NA,NA,NA,NA
M10,CorteMadera,T2,48,a,2026-04-04,2026-05-02,2026,2.024944904,0,0,0,0,0,0,0,0,0,0,OK,Scarped,East.facing,"Growth
(Months 10-12)",Upland,C2-48a,1.6794513589027176,0.796363636,May,NA,NA,NA,NA
M10,CorteMadera,T2,48,b,2026-04-04,2026-05-02,2026,2.198078536,0,0,0,0,0,0,0,0,0,0,OK,Scarped,East.facing,"Growth
(Months 10-12)",Upland,C2-48b,1.6821945643891287,0.799636364,May,NA,NA,NA,NA
M10,CorteMadera,T2,48,c,2026-04-04,2026-05-02,2026,2.342749537,0,0,0,0,0,0,0,0,0,0,OK,Scarped,East.facing,"Growth
(Months 10-12)",Upland,C2-48c,1.673050546101092,0.788727273,May,NA,NA,NA,NA
M10,SanPablo,T1,0.5,a,2026-04-03,2026-04-30,2026,0.83019643,0,0,0,0,0,0,0,0,0,0,OK,Ramped,South.facing,"Growth
(Months 10-12)",Edge,S1-0.5a,1.706273812547625,0.771628722,April,NA,NA,NA,NA
M10,SanPablo,T1,0.5,b,2026-04-03,2026-04-30,2026,0.140073816,0,0,0,0,0,0,0,0,0,0,OK,Ramped,South.facing,"Growth
(Months 10-12)",Edge,S1-0.5b,1.722733045466091,0.790542907,April,NA,NA,NA,NA
M10,SanPablo,T1,0.5,c,2026-04-03,2026-04-30,2026,0.273219625,0,0,0,0,0,0,0,0,0,0,OK,Ramped,South.facing,"Growth
(Months 10-12)",Edge,S1-0.5c,1.723037846075692,0.79089317,April,NA,NA,NA,NA
M10,SanPablo,T1,2,a,2026-04-03,2026-04-30,2026,0.793926278,0,0,0,0,0,0,0,0,0,0,OK,Ramped,South.facing,"Growth
(Months 10-12)",Edge,S1-2a,1.6913385826771654,0.754465849,April,NA,NA,NA,NA
M10,SanPablo,T1,2,b,2026-04-03,2026-04-30,2026,1.33145809,0,0,0,0,0,0,0,0,0,0,OK,Ramped,South.facing,"Growth
(Months 10-12)",Edge,S1-2b,1.7202946405892812,0.787740806,April,NA,NA,NA,NA
M10,SanPablo,T1,2,c,2026-04-03,2026-04-30,2026,0.821754741,0,0,0,0,0,0,0,0,0,0,OK,Ramped,South.facing,"Growth
(Months 10-12)",Edge,S1-2c,1.7550419100838202,0.827670753,April,NA,NA,NA,NA
M10,SanPablo,T1,6,a,2026-04-03,2026-04-30,2026,0.817621225,0,0,0,0,0,0,0,0,0,0,OK,Ramped,South.facing,"Growth
(Months 10-12)",Edge,S1-6a,1.8266700533401063,0.909982487,April,NA,NA,NA,NA
M10,SanPablo,T1,6,b,2026-04-03,2026-04-30,2026,0.721677065,0,0,0,0,0,0,0,0,0,0,OK,Ramped,South.facing,"Growth
(Months 10-12)",Edge,S1-6b,1.8254508509017016,0.908581436,April,NA,NA,NA,NA
M10,SanPablo,T1,6,c,2026-04-03,2026-04-30,2026,0.734718019,0,0,0,0,0,0,0,0,0,0,OK,Ramped,South.facing,"Growth
(Months 10-12)",Edge,S1-6c,1.83002286004572,0.913835377,April,NA,NA,NA,NA
M10,SanPablo,T1,12,a,2026-04-03,2026-04-30,2026,0.732389277,0,0,0,0,0,0,0,0,0,0,OK,Ramped,South.facing,"Growth
(Months 10-12)",Platform,S1-12a,1.877266954533909,0.968126095,April,NA,NA,NA,NA
M10,SanPablo,T1,12,b,2026-04-03,2026-04-30,2026,0.907568875,0,0,0,0,0,0,0,0,0,0,OK,Ramped,South.facing,"Growth
(Months 10-12)",Platform,S1-12b,1.889763779527559,0.982486865,April,NA,NA,NA,NA
M10,SanPablo,T1,12,c,2026-04-03,2026-04-30,2026,0.807258324,0,0,0,0,0,0,0,0,0,0,OK,Ramped,South.facing,"Growth
(Months 10-12)",Platform,S1-12c,1.8851917703835408,0.977232925,April,NA,NA,NA,NA
M10,SanPablo,T1,18,a,2026-04-03,2026-04-30,2026,1.217233307,0,0,0,0,0,0,0,0,0,0,OK,Ramped,South.facing,"Growth
(Months 10-12)",Platform,S1-18a,1.9778511557023113,1.083712785,April,NA,NA,NA,NA
M10,SanPablo,T1,18,b,2026-04-03,2026-04-30,2026,0.380050652,0,0,0,0,0,0,0,0,0,0,OK,Ramped,South.facing,"Growth
(Months 10-12)",Platform,S1-18b,1.9882143764287528,1.095621716,April,NA,NA,NA,NA
M10,SanPablo,T1,18,c,2026-04-03,2026-04-30,2026,0.692393138,0,0,0,0,0,0,0,0,0,0,OK,Ramped,South.facing,"Growth
(Months 10-12)",Platform,S1-18c,1.9918719837439671,1.099824869,April,NA,NA,NA,NA
M10,SanPablo,T1,24,a,2026-04-03,2026-04-30,2026,1.296701619,0,0,0,0,0,0,0,0,0,0,OK,Ramped,South.facing,"Growth
(Months 10-12)",Platform,S1-24a,1.9751079502159004,1.08056042,April,NA,NA,NA,NA
M10,SanPablo,T1,24,b,2026-04-03,2026-04-30,2026,1.165244148,0,0,0,0,0,0,0,0,0,0,OK,Ramped,South.facing,"Growth
(Months 10-12)",Platform,S1-24b,1.984861569723139,1.091768827,April,NA,NA,NA,NA
M10,SanPablo,T1,24,c,2026-04-03,2026-04-30,2026,0.795090649,0,0,0,0,0,0,0,0,0,0,OK,Ramped,South.facing,"Growth
(Months 10-12)",Platform,S1-24c,1.9751079502159004,1.08056042,April,NA,NA,NA,NA
M10,SanPablo,T1,48,a,2026-04-03,2026-04-30,2026,1.118145346,0,0,0,0,0,0,0,0,0,0,OK,Ramped,South.facing,"Growth
(Months 10-12)",Upland,S1-48a,2.013208026416053,1.124343257,April,NA,NA,NA,NA
M10,SanPablo,T1,48,b,2026-04-03,2026-04-30,2026,1.151737446,0,0,0,0,0,0,0,0,0,0,OK,Ramped,South.facing,"Growth
(Months 10-12)",Upland,S1-48b,2.0159512319024637,1.127495622,April,NA,NA,NA,NA
M10,SanPablo,T1,48,c,2026-04-03,2026-04-30,2026,1.017601922,0,0,0,0,0,0,0,0,0,0,OK,Ramped,South.facing,"Growth
(Months 10-12)",Upland,S1-48c,2.0144272288544576,1.125744308,April,NA,NA,NA,NA
M10,SanPablo,T2,0.5,a,2026-04-03,2026-04-30,2026,-0.088375749,0,0,0,0,0,0,0,0,0,1,Review,Ramped,South.facing,"Growth
(Months 10-12)",Edge,S2-0.5a,1.727305054610109,0.795796848,April,NA,NA,NA,NA
M10,SanPablo,T2,0.5,b,2026-04-03,2026-04-30,2026,0.424122089,0,0,0,0,0,0,0,0,0,0,OK,Ramped,South.facing,"Growth
(Months 10-12)",Edge,S2-0.5b,1.7297434594869188,0.798598949,April,NA,NA,NA,NA
M10,SanPablo,T2,0.5,c,2026-04-03,2026-04-30,2026,0.1390841,0,0,0,0,0,0,0,0,0,0,OK,Ramped,South.facing,"Growth
(Months 10-12)",Edge,S2-0.5c,1.721818643637287,0.789492119,April,NA,NA,NA,NA
M10,SanPablo,T2,2,a,2026-04-03,2026-04-30,2026,1.917777041,0,0,0,0,0,0,0,0,0,0,OK,Ramped,South.facing,"Growth
(Months 10-12)",Edge,S2-2a,1.7401066802133602,0.810507881,April,NA,NA,NA,NA
M10,SanPablo,T2,2,b,2026-04-03,2026-04-30,2026,0.368989129,0,0,0,0,0,0,0,0,0,0,OK,Ramped,South.facing,"Growth
(Months 10-12)",Edge,S2-2b,1.751993903987808,0.824168126,April,NA,NA,NA,NA
M10,SanPablo,T2,2,c,2026-04-03,2026-04-30,2026,0.177508339,0,0,0,0,0,1,0,0,0,0,Review,Ramped,South.facing,"Growth
(Months 10-12)",Edge,S2-2c,1.750469900939802,0.822416813,April,NA,NA,NA,NA
M10,SanPablo,T2,6,a,2026-04-03,2026-04-30,2026,0.819891748,0,0,0,0,0,0,0,0,0,0,OK,Ramped,South.facing,"Growth
(Months 10-12)",Edge,S2-6a,1.8239268478536956,0.906830123,April,NA,NA,NA,NA
M10,SanPablo,T2,6,b,2026-04-03,2026-04-30,2026,0.880380815,0,0,0,0,0,0,0,0,0,0,OK,Ramped,South.facing,"Growth
(Months 10-12)",Edge,S2-6b,1.8135636271272544,0.894921191,April,NA,NA,NA,NA
M10,SanPablo,T2,6,c,2026-04-03,2026-04-30,2026,1.262876645,0,0,0,0,0,0,0,0,0,0,OK,Ramped,South.facing,"Growth
(Months 10-12)",Edge,S2-6c,1.8083820167640337,0.888966725,April,NA,NA,NA,NA
M10,SanPablo,T2,12,a,2026-04-03,2026-04-30,2026,0.943256842,0,0,0,0,0,0,0,0,0,0,OK,Ramped,South.facing,"Growth
(Months 10-12)",Platform,S2-12a,1.899517399034798,0.993695271,April,NA,NA,NA,NA
M10,SanPablo,T2,12,b,2026-04-03,2026-04-30,2026,0.749330873,0,0,0,0,0,0,0,0,0,0,OK,Ramped,South.facing,"Growth
(Months 10-12)",Platform,S2-12b,1.8912877825755652,0.984238179,April,NA,NA,NA,NA
M10,SanPablo,T2,12,c,2026-04-03,2026-04-30,2026,0.861459788,0,0,0,0,0,0,0,0,0,0,OK,Ramped,South.facing,"Growth
(Months 10-12)",Platform,S2-12c,1.8836677673355344,0.975481611,April,NA,NA,NA,NA
M10,SanPablo,T2,18,a,2026-04-03,2026-04-30,2026,0.804172741,0,0,0,0,0,0,0,0,0,0,OK,Ramped,South.facing,"Growth
(Months 10-12)",Platform,S2-18a,1.9677927355854712,1.072154116,April,NA,NA,NA,NA
M10,SanPablo,T2,18,b,2026-04-03,2026-04-30,2026,0.945352709,0,0,0,0,0,0,0,0,0,0,OK,Ramped,South.facing,"Growth
(Months 10-12)",Platform,S2-18b,1.9677927355854712,1.072154116,April,NA,NA,NA,NA
M10,SanPablo,T2,18,c,2026-04-03,2026-04-30,2026,3.050768116,0,0,0,0,0,0,0,0,0,0,OK,Ramped,South.facing,"Growth
(Months 10-12)",Platform,S2-18c,1.9613919227838457,1.064798599,April,NA,NA,NA,NA
M10,SanPablo,T2,24,a,2026-04-03,2026-04-30,2026,2.69685759,0,0,0,0,0,0,0,0,0,0,OK,Ramped,South.facing,"Growth
(Months 10-12)",Platform,S2-24a,2.0001016002032004,1.109281961,April,NA,NA,NA,NA
M10,SanPablo,T2,24,b,2026-04-03,2026-04-30,2026,1.233068751,0,0,0,0,0,0,0,0,0,0,OK,Ramped,South.facing,"Growth
(Months 10-12)",Platform,S2-24b,1.9979679959359915,1.106830123,April,NA,NA,NA,NA
M10,SanPablo,T2,24,c,2026-04-03,2026-04-30,2026,1.08402928,0,0,0,0,0,0,0,0,0,0,OK,Ramped,South.facing,"Growth
(Months 10-12)",Platform,S2-24c,1.9915671831343664,1.099474606,April,NA,NA,NA,NA
M10,SanPablo,T2,48,a,2026-04-03,2026-04-30,2026,2.040734605,0,0,0,0,0,0,0,0,0,0,OK,Ramped,South.facing,"Growth
(Months 10-12)",Upland,S2-48a,2.0138176276352553,1.125043783,April,NA,NA,NA,NA
M10,SanPablo,T2,48,b,2026-04-03,2026-04-30,2026,0.521114183,0,0,0,0,0,0,0,0,0,0,OK,Ramped,South.facing,"Growth
(Months 10-12)",Upland,S2-48b,2.022961645923292,1.135551664,April,NA,NA,NA,NA
M10,SanPablo,T2,48,c,2026-04-03,2026-04-30,2026,1.605434555,0,0,0,0,0,0,0,0,0,0,OK,Ramped,South.facing,"Growth
(Months 10-12)",Upland,S2-48c,2.0205232410464817,1.132749562,April,NA,NA,NA,NA
M11,Buck'sLanding,T1,0.5,a,2026-05-15,2026-06-11,2026,1.122977485,0,0,0,0,0,0,0,0,0,0,OK,Ramped,East.facing,"Growth
(Months 10-12)",Edge,B1-0.5a,1.6544577089154178,0.743807502,June,SPFO,30,89.5,95.5
M11,Buck'sLanding,T1,0.5,a,2026-05-15,2026-06-11,2026,1.122977485,0,0,0,0,0,0,0,0,0,0,OK,Ramped,East.facing,"Growth
(Months 10-12)",Edge,B1-0.5a,1.6544577089154178,0.743807502,June,SAPA,45,52.75,60
M11,Buck'sLanding,T1,0.5,b,2026-05-15,2026-06-11,2026,0.493809686,0,0,0,0,0,0,0,0,0,0,OK,Ramped,East.facing,"Growth
(Months 10-12)",Edge,B1-0.5b,1.6599441198882396,0.750176929,June,SPFO,30,89.5,95.5
M11,Buck'sLanding,T1,0.5,b,2026-05-15,2026-06-11,2026,0.493809686,0,0,0,0,0,0,0,0,0,0,OK,Ramped,East.facing,"Growth
(Months 10-12)",Edge,B1-0.5b,1.6599441198882396,0.750176929,June,SAPA,45,52.75,60
M11,Buck'sLanding,T1,0.5,c,2026-05-15,2026-06-11,2026,0.59237368,0,0,0,0,0,0,0,0,0,0,OK,Ramped,East.facing,"Growth
(Months 10-12)",Edge,B1-0.5c,1.6611633223266449,0.751592357,June,SPFO,30,89.5,95.5
M11,Buck'sLanding,T1,0.5,c,2026-05-15,2026-06-11,2026,0.59237368,0,0,0,0,0,0,0,0,0,0,OK,Ramped,East.facing,"Growth
(Months 10-12)",Edge,B1-0.5c,1.6611633223266449,0.751592357,June,SAPA,45,52.75,60
M11,Buck'sLanding,T1,2,a,2026-05-15,2026-06-11,2026,-0.054783649,0,0,0,0,0,0,0,0,0,1,Review,Ramped,East.facing,"Growth
(Months 10-12)",Edge,B1-2a,1.7718059436118871,0.880042463,June,SAPA,55,39,42
M11,Buck'sLanding,T1,2,b,2026-05-15,2026-06-11,2026,-0.181001452,0,0,0,0,0,0,0,0,0,1,Review,Ramped,East.facing,"Growth
(Months 10-12)",Edge,B1-2b,1.7794259588519177,0.888888889,June,SAPA,55,39,42
M11,Buck'sLanding,T1,2,c,2026-05-15,2026-06-11,2026,0.557733647,0,0,0,0,0,0,0,0,0,0,OK,Ramped,East.facing,"Growth
(Months 10-12)",Edge,B1-2c,1.7669291338582676,0.87438075,June,SAPA,55,39,42
M11,Buck'sLanding,T1,6,a,2026-05-15,2026-06-11,2026,1.843664835,0,0,0,0,0,0,0,0,0,0,OK,Ramped,East.facing,"Growth
(Months 10-12)",Edge,B1-6a,1.8138684277368553,0.928874735,June,SAPA,90,39,44
M11,Buck'sLanding,T1,6,b,2026-05-15,2026-06-11,2026,1.610208476,0,0,0,0,0,0,0,0,0,0,OK,Ramped,East.facing,"Growth
(Months 10-12)",Edge,B1-6b,1.806248412496825,0.920028309,June,SAPA,90,39,44
M11,Buck'sLanding,T1,6,c,2026-05-15,2026-06-11,2026,1.807627557,0,0,0,0,0,0,0,0,0,0,OK,Ramped,East.facing,"Growth
(Months 10-12)",Edge,B1-6c,1.8053340106680211,0.918966737,June,SAPA,90,39,44
M11,Buck'sLanding,T1,12,a,2026-05-15,2026-06-11,2026,0.70589984,0,0,0,0,0,0,0,0,0,0,OK,Ramped,East.facing,"Growth
(Months 10-12)",Platform,B1-12a,1.8483108966217932,0.96886058,June,SAPA,90,37,39
M11,Buck'sLanding,T1,12,b,2026-05-15,2026-06-11,2026,0.930390544,0,0,0,0,0,0,0,0,0,0,OK,Ramped,East.facing,"Growth
(Months 10-12)",Platform,B1-12b,1.8461772923545847,0.966383581,June,SAPA,90,37,39
M11,Buck'sLanding,T1,12,c,2026-05-15,2026-06-11,2026,0.906520941,0,0,0,0,0,0,0,0,0,0,OK,Ramped,East.facing,"Growth
(Months 10-12)",Platform,B1-12c,1.8428244856489713,0.962491154,June,SAPA,90,37,39
M11,Buck'sLanding,T1,18,a,2026-05-15,2026-06-11,2026,0.987910465,0,0,0,0,0,0,0,0,0,0,OK,Ramped,East.facing,"Growth
(Months 10-12)",Platform,B1-18a,1.8736093472186943,0.998230715,June,TRIG,65,20.75,18.5
M11,Buck'sLanding,T1,18,a,2026-05-15,2026-06-11,2026,0.987910465,0,0,0,0,0,0,0,0,0,0,OK,Ramped,East.facing,"Growth
(Months 10-12)",Platform,B1-18a,1.8736093472186943,0.998230715,June,SAPA,15,30.75,35
M11,Buck'sLanding,T1,18,b,2026-05-15,2026-06-11,2026,0.808888443,0,0,0,0,0,0,0,0,0,0,OK,Ramped,East.facing,"Growth
(Months 10-12)",Platform,B1-18b,1.8745237490474984,0.999292286,June,TRIG,65,20.75,18.5
M11,Buck'sLanding,T1,18,b,2026-05-15,2026-06-11,2026,0.808888443,0,0,0,0,0,0,0,0,0,0,OK,Ramped,East.facing,"Growth
(Months 10-12)",Platform,B1-18b,1.8745237490474984,0.999292286,June,SAPA,15,30.75,35
M11,Buck'sLanding,T1,18,c,2026-05-15,2026-06-11,2026,0.757772562,0,0,0,0,0,0,0,0,0,0,OK,Ramped,East.facing,"Growth
(Months 10-12)",Platform,B1-18c,1.8806197612395223,1.006369427,June,TRIG,65,20.75,18.5
M11,Buck'sLanding,T1,18,c,2026-05-15,2026-06-11,2026,0.757772562,0,0,0,0,0,0,0,0,0,0,OK,Ramped,East.facing,"Growth
(Months 10-12)",Platform,B1-18c,1.8806197612395223,1.006369427,June,SAPA,15,30.75,35
M11,Buck'sLanding,T1,24,a,2026-05-15,2026-06-11,2026,0.718940794,0,0,0,0,0,0,0,0,0,0,OK,Ramped,East.facing,"Growth
(Months 10-12)",Platform,B1-24a,1.8641605283210565,0.987261146,June,SAPA,35,30.25,38.5
M11,Buck'sLanding,T1,24,a,2026-05-15,2026-06-11,2026,0.718940794,0,0,0,0,0,0,0,0,0,0,OK,Ramped,East.facing,"Growth
(Months 10-12)",Platform,B1-24a,1.8641605283210565,0.987261146,June,TRIG,40,15.75,18.5
M11,Buck'sLanding,T1,24,b,2026-05-15,2026-06-11,2026,0.90215455,0,0,0,0,0,0,0,0,0,0,OK,Ramped,East.facing,"Growth
(Months 10-12)",Platform,B1-24b,1.869037338074676,0.992922859,June,SAPA,35,30.25,38.5
M11,Buck'sLanding,T1,24,b,2026-05-15,2026-06-11,2026,0.90215455,0,0,0,0,0,0,0,0,0,0,OK,Ramped,East.facing,"Growth
(Months 10-12)",Platform,B1-24b,1.869037338074676,0.992922859,June,TRIG,40,15.75,18.5
M11,Buck'sLanding,T1,24,c,2026-05-15,2026-06-11,2026,1.201281426,0,0,0,0,0,0,0,0,0,0,OK,Ramped,East.facing,"Growth
(Months 10-12)",Platform,B1-24c,1.8714757429514857,0.995753715,June,SAPA,35,30.25,38.5
M11,Buck'sLanding,T1,24,c,2026-05-15,2026-06-11,2026,1.201281426,0,0,0,0,0,0,0,0,0,0,OK,Ramped,East.facing,"Growth
(Months 10-12)",Platform,B1-24c,1.8714757429514857,0.995753715,June,TRIG,40,15.75,18.5
M11,Buck'sLanding,T1,48,a,2026-05-15,2026-06-11,2026,0.84259698,0,0,0,0,0,0,0,0,0,0,OK,Ramped,East.facing,"Growth
(Months 10-12)",Upland,B1-48a,1.856845313690627,0.978768577,June,SAPA,75,35,40.5
M11,Buck'sLanding,T1,48,b,2026-05-15,2026-06-11,2026,1.029303849,0,0,0,0,0,0,0,0,0,0,OK,Ramped,East.facing,"Growth
(Months 10-12)",Upland,B1-48b,1.850749301498603,0.971691437,June,SAPA,75,35,40.5
M11,Buck'sLanding,T1,48,c,2026-05-15,2026-06-11,2026,1.370348077,0,0,0,0,0,0,0,0,0,0,OK,Ramped,East.facing,"Growth
(Months 10-12)",Upland,B1-48c,1.8516637033274064,0.972753008,June,SAPA,75,35,40.5
M11,Buck'sLanding,T2,0.5,a,2026-05-15,2026-06-11,2026,0.696992403,0,0,0,0,0,0,0,0,0,0,OK,Ramped,East.facing,"Growth
(Months 10-12)",Edge,B2-0.5a,1.6338836677673354,0.7199221515,June,SPFO,10,64.75,71.5
M11,Buck'sLanding,T2,0.5,a,2026-05-15,2026-06-11,2026,0.696992403,0,0,0,0,0,0,0,0,0,0,OK,Ramped,East.facing,"Growth
(Months 10-12)",Edge,B2-0.5a,1.6338836677673354,0.7199221515,June,SAPA,50,40.125,46
M11,Buck'sLanding,T2,0.5,b,2026-05-15,2026-06-11,2026,1.040947558,0,0,0,0,0,0,0,0,0,0,OK,Ramped,East.facing,"Growth
(Months 10-12)",Edge,B2-0.5b,1.6431800863601729,0.730714791,June,SPFO,10,64.75,71.5
M11,Buck'sLanding,T2,0.5,b,2026-05-15,2026-06-11,2026,1.040947558,0,0,0,0,0,0,0,0,0,0,OK,Ramped,East.facing,"Growth
(Months 10-12)",Edge,B2-0.5b,1.6431800863601729,0.730714791,June,SAPA,50,40.125,46
M11,Buck'sLanding,T2,0.5,c,2026-05-15,2026-06-11,2026,0.738735098,0,0,0,0,0,0,0,0,0,0,OK,Ramped,East.facing,"Growth
(Months 10-12)",Edge,B2-0.5c,1.6407416814833629,0.727883935,June,SPFO,10,64.75,71.5
M11,Buck'sLanding,T2,0.5,c,2026-05-15,2026-06-11,2026,0.738735098,0,0,0,0,0,0,0,0,0,0,OK,Ramped,East.facing,"Growth
(Months 10-12)",Edge,B2-0.5c,1.6407416814833629,0.727883935,June,SAPA,50,40.125,46
M11,Buck'sLanding,T2,2,a,2026-05-15,2026-06-11,2026,0.164933134,0,0,0,0,0,0,0,0,0,0,OK,Ramped,East.facing,"Growth
(Months 10-12)",Edge,B2-2a,1.773329946659893,0.881811748,June,SAPA,55,33.875,35
M11,Buck'sLanding,T2,2,b,2026-05-15,2026-06-11,2026,-0.15270724,0,0,0,0,0,0,0,0,0,1,Review,Ramped,East.facing,"Growth
(Months 10-12)",Edge,B2-2b,1.7654051308102614,0.872611465,June,SAPA,55,33.875,35
M11,Buck'sLanding,T2,2,c,2026-05-15,2026-06-11,2026,0.164874915,0,0,0,0,0,0,0,0,0,0,OK,Ramped,East.facing,"Growth
(Months 10-12)",Edge,B2-2c,1.7696723393446787,0.877565464,June,SAPA,55,33.875,35
M11,Buck'sLanding,T2,6,a,2026-05-15,2026-06-11,2026,2.288512726,0,0,0,0,0,0,0,0,0,0,OK,Ramped,East.facing,"Growth
(Months 10-12)",Edge,B2-6a,1.843738887477775,0.963552725,June,SAPA,85,36.5,44
M11,Buck'sLanding,T2,6,b,2026-05-15,2026-06-11,2026,1.886222591,0,0,0,0,0,0,0,0,0,0,OK,Ramped,East.facing,"Growth
(Months 10-12)",Edge,B2-6b,1.8394716789433576,0.958598726,June,SAPA,85,36.5,44
M11,Buck'sLanding,T2,6,c,2026-05-15,2026-06-11,2026,2.1936165,0,0,0,0,0,0,0,0,0,0,OK,Ramped,East.facing,"Growth
(Months 10-12)",Edge,B2-6c,1.8376428752857503,0.956475584,June,SAPA,85,36.5,44
M11,Buck'sLanding,T2,12,a,2026-05-15,2026-06-11,2026,1.239472791,0,0,0,0,0,0,0,0,0,0,OK,Ramped,East.facing,"Growth
(Months 10-12)",Platform,B2-12a,1.84008128016256,0.95930644,June,SAPA,75,35.25,39
M11,Buck'sLanding,T2,12,b,2026-05-15,2026-06-11,2026,1.069591081,0,0,0,0,0,0,0,0,0,0,OK,Ramped,East.facing,"Growth
(Months 10-12)",Platform,B2-12b,1.835814071628143,0.954352442,June,SAPA,75,35.25,39
M11,Buck'sLanding,T2,12,c,2026-05-15,2026-06-11,2026,1.304852215,0,0,0,0,0,0,0,0,0,0,OK,Ramped,East.facing,"Growth
(Months 10-12)",Platform,B2-12c,1.822098044196088,0.938428875,June,SAPA,75,35.25,39
M11,Buck'sLanding,T2,18,a,2026-05-15,2026-06-11,2026,0.941510285,0,0,0,0,0,0,0,0,0,0,OK,Ramped,East.facing,"Growth
(Months 10-12)",Platform,B2-18a,1.8312420624841248,0.949044586,June,TRIG,70,21.5,27
M11,Buck'sLanding,T2,18,a,2026-05-15,2026-06-11,2026,0.941510285,0,0,0,0,0,0,0,0,0,0,OK,Ramped,East.facing,"Growth
(Months 10-12)",Platform,B2-18a,1.8312420624841248,0.949044586,June,SAPA,15,30,45
M11,Buck'sLanding,T2,18,b,2026-05-15,2026-06-11,2026,0.976732504,0,0,0,0,0,0,0,0,0,0,OK,Ramped,East.facing,"Growth
(Months 10-12)",Platform,B2-18b,1.8269748539497075,0.944090587,June,TRIG,70,21.5,27
M11,Buck'sLanding,T2,18,b,2026-05-15,2026-06-11,2026,0.976732504,0,0,0,0,0,0,0,0,0,0,OK,Ramped,East.facing,"Growth
(Months 10-12)",Platform,B2-18b,1.8269748539497075,0.944090587,June,SAPA,15,30,45
M11,Buck'sLanding,T2,18,c,2026-05-15,2026-06-11,2026,1.146206684,0,0,0,0,0,0,0,0,0,0,OK,Ramped,East.facing,"Growth
(Months 10-12)",Platform,B2-18c,1.8403860807721617,0.959660297,June,TRIG,70,21.5,27
M11,Buck'sLanding,T2,18,c,2026-05-15,2026-06-11,2026,1.146206684,0,0,0,0,0,0,0,0,0,0,OK,Ramped,East.facing,"Growth
(Months 10-12)",Platform,B2-18c,1.8403860807721617,0.959660297,June,SAPA,15,30,45
M11,Buck'sLanding,T2,24,a,2026-05-15,2026-06-11,2026,0.680167244,0,0,0,0,0,0,0,0,0,0,OK,Ramped,East.facing,"Growth
(Months 10-12)",Platform,B2-24a,1.8266700533401063,0.94373673,June,SAPA,80,42.125,55.5
M11,Buck'sLanding,T2,24,b,2026-05-15,2026-06-11,2026,0.976732504,0,0,0,0,0,0,0,0,0,0,OK,Ramped,East.facing,"Growth
(Months 10-12)",Platform,B2-24b,1.8294132588265175,0.946921444,June,SAPA,80,42.125,55.5
M11,Buck'sLanding,T2,24,c,2026-05-15,2026-06-11,2026,1.034543518,0,0,0,0,0,0,0,0,0,0,OK,Ramped,East.facing,"Growth
(Months 10-12)",Platform,B2-24c,1.8446532893065783,0.964614296,June,SAPA,80,42.125,55.5
M11,Buck'sLanding,T2,48,a,2026-05-15,2026-06-11,2026,1.35823862,0,0,0,0,0,0,0,0,0,0,OK,Ramped,East.facing,"Growth
(Months 10-12)",Upland,B2-48a,1.8416052832105665,0.961075725,June,SAPA,55,40.5,46
M11,Buck'sLanding,T2,48,b,2026-05-15,2026-06-11,2026,0.897380629,0,0,0,0,0,0,0,0,0,0,OK,Ramped,East.facing,"Growth
(Months 10-12)",Upland,B2-48b,1.8525781051562105,0.973814579,June,SAPA,55,40.5,46
M11,Buck'sLanding,T2,48,c,2026-05-15,2026-06-11,2026,1.075296498,0,0,0,0,0,0,0,0,0,0,OK,Ramped,East.facing,"Growth
(Months 10-12)",Upland,B2-48c,1.849530099060198,0.970276008,June,SAPA,55,40.5,46
M11,GiantMarsh,T1,0.5,a,2026-05-14,2026-06-09,2026,1.254437196,0,0,0,0,0,0,0,0,0,0,OK,Scarped,West.facing,"Growth
(Months 10-12)",Edge,G1-0.5a,2.067462535,1.195887069,June,DISP,30,NA,20.5
M11,GiantMarsh,T1,0.5,a,2026-05-14,2026-06-09,2026,1.254437196,0,0,0,0,0,0,0,0,0,0,OK,Scarped,West.facing,"Growth
(Months 10-12)",Edge,G1-0.5a,2.067462535,1.195887069,June,SAPA,15,24.832999999999998,33
M11,GiantMarsh,T1,0.5,a,2026-05-14,2026-06-09,2026,1.254437196,0,0,0,0,0,0,0,0,0,0,OK,Scarped,West.facing,"Growth
(Months 10-12)",Edge,G1-0.5a,2.067462535,1.195887069,June,Seaweed,65,7.25,9
M11,GiantMarsh,T1,0.5,b,2026-05-14,2026-06-09,2026,1.51797239,0,0,0,0,0,0,0,0,0,0,OK,Scarped,West.facing,"Growth
(Months 10-12)",Edge,G1-0.5b,2.066243332486665,1.194492855,June,DISP,30,NA,20.5
M11,GiantMarsh,T1,0.5,b,2026-05-14,2026-06-09,2026,1.51797239,0,0,0,0,0,0,0,0,0,0,OK,Scarped,West.facing,"Growth
(Months 10-12)",Edge,G1-0.5b,2.066243332486665,1.194492855,June,SAPA,15,24.832999999999998,33
M11,GiantMarsh,T1,0.5,b,2026-05-14,2026-06-09,2026,1.51797239,0,0,0,0,0,0,0,0,0,0,OK,Scarped,West.facing,"Growth
(Months 10-12)",Edge,G1-0.5b,2.066243332486665,1.194492855,June,Seaweed,65,7.25,9
M11,GiantMarsh,T1,0.5,c,2026-05-14,2026-06-09,2026,0.761948623,0,0,0,0,0,0,0,0,0,0,OK,Scarped,West.facing,"Growth
(Months 10-12)",Edge,G1-0.5c,2.0574041148082296,1.184384803,June,DISP,30,NA,20.5
M11,GiantMarsh,T1,0.5,c,2026-05-14,2026-06-09,2026,0.761948623,0,0,0,0,0,0,0,0,0,0,OK,Scarped,West.facing,"Growth
(Months 10-12)",Edge,G1-0.5c,2.0574041148082296,1.184384803,June,SAPA,15,24.832999999999998,33
M11,GiantMarsh,T1,0.5,c,2026-05-14,2026-06-09,2026,0.761948623,0,0,0,0,0,0,0,0,0,0,OK,Scarped,West.facing,"Growth
(Months 10-12)",Edge,G1-0.5c,2.0574041148082296,1.184384803,June,Seaweed,65,7.25,9
M11,GiantMarsh,T1,2,a,2026-05-14,2026-06-09,2026,0.712252379,0,0,0,0,0,0,0,0,0,0,OK,Scarped,West.facing,"Growth
(Months 10-12)",Edge,G1-2a,2.0183896367792733,1.139769955,June,DISP,40,NA,NA
M11,GiantMarsh,T1,2,a,2026-05-14,2026-06-09,2026,0.712252379,0,0,0,0,0,0,0,0,0,0,OK,Scarped,West.facing,"Growth
(Months 10-12)",Edge,G1-2a,2.0183896367792733,1.139769955,June,SAPA,50,33.625,35.5
M11,GiantMarsh,T1,2,b,2026-05-14,2026-06-09,2026,9.748323405,0,0,0,0,0,0,0,0,0,0,OK,Scarped,West.facing,"Growth
(Months 10-12)",Edge,G1-2b,2.019304038608077,1.140815615,June,DISP,40,NA,NA
M11,GiantMarsh,T1,2,b,2026-05-14,2026-06-09,2026,9.748323405,0,0,0,0,0,0,0,0,0,0,OK,Scarped,West.facing,"Growth
(Months 10-12)",Edge,G1-2b,2.019304038608077,1.140815615,June,SAPA,50,33.625,35.5
M11,GiantMarsh,T1,2,c,2026-05-14,2026-06-09,2026,0.928993299,0,0,0,0,0,0,0,0,0,0,OK,Scarped,West.facing,"Growth
(Months 10-12)",Edge,G1-2c,2.0189992379984756,1.140467062,June,DISP,40,NA,NA
M11,GiantMarsh,T1,2,c,2026-05-14,2026-06-09,2026,0.928993299,0,0,0,0,0,0,0,0,0,0,OK,Scarped,West.facing,"Growth
(Months 10-12)",Edge,G1-2c,2.0189992379984756,1.140467062,June,SAPA,50,33.625,35.5
M11,GiantMarsh,T1,6,a,2026-05-14,2026-06-09,2026,4.544546223,0,0,0,0,0,0,0,0,0,0,OK,Scarped,West.facing,"Growth
(Months 10-12)",Edge,G1-6a,1.9723647447294896,1.087138376,June,SAPA,85,39.625,43
M11,GiantMarsh,T1,6,b,2026-05-14,2026-06-09,2026,3.903875783,0,0,0,0,0,0,0,0,0,0,OK,Scarped,West.facing,"Growth
(Months 10-12)",Edge,G1-6b,1.9793751587503172,1.095155106,June,SAPA,85,39.625,43
M11,GiantMarsh,T1,6,c,2026-05-14,2026-06-09,2026,7.136610435,0,0,0,0,0,0,0,0,0,0,OK,Scarped,West.facing,"Growth
(Months 10-12)",Edge,G1-6c,1.9763271526543051,1.091669571,June,SAPA,85,39.625,43
M11,GiantMarsh,T1,12,a,2026-05-14,2026-06-09,2026,4.208824513,0,0,0,0,0,0,0,0,0,0,OK,Scarped,West.facing,"Growth
(Months 10-12)",Platform,G1-12a,1.9418846837693675,1.052283025,June,SAPA,80,46.25,58
M11,GiantMarsh,T1,12,b,2026-05-14,2026-06-09,2026,3.039390869,0,0,0,0,0,0,0,0,0,0,OK,Scarped,West.facing,"Growth
(Months 10-12)",Platform,G1-12b,1.9495046990093976,1.060996863,June,SAPA,80,46.25,58
M11,GiantMarsh,T1,12,c,2026-05-14,2026-06-09,2026,2.782989686,0,0,0,0,0,0,0,0,0,0,OK,Scarped,West.facing,"Growth
(Months 10-12)",Platform,G1-12c,1.9577343154686309,1.070407808,June,SAPA,80,46.25,58
M11,GiantMarsh,T1,18,a,2026-05-14,2026-06-09,2026,1.826729957,0,0,0,0,0,0,0,0,0,0,OK,Scarped,West.facing,"Growth
(Months 10-12)",Platform,G1-18a,1.958039116078232,1.070756361,June,SAPA,90,37.25,44
M11,GiantMarsh,T1,18,b,2026-05-14,2026-06-09,2026,3.481759994,0,0,0,0,0,0,0,0,0,0,OK,Scarped,West.facing,"Growth
(Months 10-12)",Platform,G1-18b,1.94005588011176,1.050191704,June,SAPA,90,37.25,44
M11,GiantMarsh,T1,18,c,2026-05-14,2026-06-09,2026,4.96218814,0,0,0,0,0,0,0,0,0,0,OK,Scarped,West.facing,"Growth
(Months 10-12)",Platform,G1-18c,1.9348742697485393,1.044266295,June,SAPA,90,37.25,44
M11,GiantMarsh,T1,24,a,2026-05-14,2026-06-09,2026,1.927392058,0,0,0,0,0,0,0,0,0,0,OK,Scarped,West.facing,"Growth
(Months 10-12)",Platform,G1-24a,1.94005588011176,1.050191704,June,SAPA,50,35.25,41.5
M11,GiantMarsh,T1,24,a,2026-05-14,2026-06-09,2026,1.927392058,0,0,0,0,0,0,0,0,0,0,OK,Scarped,West.facing,"Growth
(Months 10-12)",Platform,G1-24a,1.94005588011176,1.050191704,June,JACA,55,19.875,23
M11,GiantMarsh,T1,24,b,2026-05-14,2026-06-09,2026,2.957107915,0,0,0,0,0,0,0,0,0,0,OK,Scarped,West.facing,"Growth
(Months 10-12)",Platform,G1-24b,1.9467614935229869,1.057859881,June,SAPA,50,35.25,41.5
M11,GiantMarsh,T1,24,b,2026-05-14,2026-06-09,2026,2.957107915,0,0,0,0,0,0,0,0,0,0,OK,Scarped,West.facing,"Growth
(Months 10-12)",Platform,G1-24b,1.9467614935229869,1.057859881,June,JACA,55,19.875,23
M11,GiantMarsh,T1,24,c,2026-05-14,2026-06-09,2026,3.447238637,0,0,0,0,0,0,0,0,0,0,OK,Scarped,West.facing,"Growth
(Months 10-12)",Platform,G1-24c,1.952247904495809,1.064133845,June,SAPA,50,35.25,41.5
M11,GiantMarsh,T1,24,c,2026-05-14,2026-06-09,2026,3.447238637,0,0,0,0,0,0,0,0,0,0,OK,Scarped,West.facing,"Growth
(Months 10-12)",Platform,G1-24c,1.952247904495809,1.064133845,June,JACA,55,19.875,23
M11,GiantMarsh,T1,48,a,2026-05-14,2026-06-09,2026,1.371543796,0,0,0,0,0,0,0,0,0,0,OK,Scarped,West.facing,"Growth
(Months 10-12)",Upland,G1-48a,1.8736093472186943,0.974207041,June,JACA,75,19.25,26
M11,GiantMarsh,T1,48,b,2026-05-14,2026-06-09,2026,1.216832495,0,0,0,0,0,0,0,0,0,0,OK,Scarped,West.facing,"Growth
(Months 10-12)",Upland,G1-48b,1.8595885191770385,0.95817358,June,JACA,75,19.25,26
M11,GiantMarsh,T1,48,c,2026-05-14,2026-06-09,2026,1.101841915,0,0,0,0,0,0,0,0,0,0,OK,Scarped,West.facing,"Growth
(Months 10-12)",Upland,G1-48c,1.886106172212344,0.988497734,June,JACA,75,19.25,26
M11,GiantMarsh,T2,0.5,a,2026-05-14,2026-06-09,2026,NA,1,0,0,0,0,0,0,0,0,NA,#VALUE!,Scarped,West.facing,"Growth
(Months 10-12)",Edge,G2-0.5a,2.0357632715265432,1.159637504,June,NA,NA,NA,NA
M11,GiantMarsh,T2,0.5,b,2026-05-14,2026-06-09,2026,NA,1,0,0,0,0,0,0,0,0,NA,#VALUE!,Scarped,West.facing,"Growth
(Months 10-12)",Edge,G2-0.5b,2.041249682499365,1.165911467,June,NA,NA,NA,NA
M11,GiantMarsh,T2,0.5,c,2026-05-14,2026-06-09,2026,NA,1,0,0,0,0,0,0,0,0,NA,#VALUE!,Scarped,West.facing,"Growth
(Months 10-12)",Edge,G2-0.5c,2.0519177038354077,1.17811084,June,NA,NA,NA,NA
M11,GiantMarsh,T2,2,a,2026-05-14,2026-06-09,2026,94.03508855,0,0,0,0,0,0,0,0,0,0,OK,Scarped,West.facing,"Growth
(Months 10-12)",Edge,G2-2a,2.0616713233426465,1.189264552,June,SAPA,20,20.25,26.5
M11,GiantMarsh,T2,2,a,2026-05-14,2026-06-09,2026,94.03508855,0,0,0,0,0,0,0,0,0,0,OK,Scarped,West.facing,"Growth
(Months 10-12)",Edge,G2-2a,2.0616713233426465,1.189264552,June,Seaweed,80,12.125,13.5
M11,GiantMarsh,T2,2,b,2026-05-14,2026-06-09,2026,140.7842006,0,0,0,0,0,0,0,0,0,0,OK,Scarped,West.facing,"Growth
(Months 10-12)",Edge,G2-2b,2.054051308102616,1.180550715,June,SAPA,20,20.25,26.5
M11,GiantMarsh,T2,2,b,2026-05-14,2026-06-09,2026,140.7842006,0,0,0,0,0,0,0,0,0,0,OK,Scarped,West.facing,"Growth
(Months 10-12)",Edge,G2-2b,2.054051308102616,1.180550715,June,Seaweed,80,12.125,13.5
M11,GiantMarsh,T2,2,c,2026-05-14,2026-06-09,2026,108.3871463,0,0,0,0,0,0,0,0,0,0,OK,Scarped,West.facing,"Growth
(Months 10-12)",Edge,G2-2c,2.0564897129794257,1.183339143,June,SAPA,20,20.25,26.5
M11,GiantMarsh,T2,2,c,2026-05-14,2026-06-09,2026,108.3871463,0,0,0,0,0,0,0,0,0,0,OK,Scarped,West.facing,"Growth
(Months 10-12)",Edge,G2-2c,2.0564897129794257,1.183339143,June,Seaweed,80,12.125,13.5
M11,GiantMarsh,T2,6,a,2026-05-14,2026-06-09,2026,7.609933911,0,0,0,0,0,0,0,0,0,0,OK,Scarped,West.facing,"Growth
(Months 10-12)",Edge,G2-6a,1.9406654813309625,1.050888811,June,SAPA,85,33.375,39
M11,GiantMarsh,T2,6,b,2026-05-14,2026-06-09,2026,5.35885123,0,0,0,0,0,0,0,0,0,0,OK,Scarped,West.facing,"Growth
(Months 10-12)",Edge,G2-6b,1.9434086868173737,1.054025793,June,SAPA,85,33.375,39
M11,GiantMarsh,T2,6,c,2026-05-14,2026-06-09,2026,6.575562809,0,0,0,0,0,0,0,0,0,0,OK,Scarped,West.facing,"Growth
(Months 10-12)",Edge,G2-6c,1.9473710947421896,1.058556988,June,SAPA,85,33.375,39
M11,GiantMarsh,T2,12,a,2026-05-14,2026-06-09,2026,1.51108021,0,0,0,0,0,0,0,0,0,0,OK,Scarped,West.facing,"Growth
(Months 10-12)",Platform,G2-12a,1.9333502667005331,1.042523527,June,SAPA,95,36.375,43
M11,GiantMarsh,T2,12,b,2026-05-14,2026-06-09,2026,2.960312174,0,0,0,0,0,0,0,0,0,0,OK,Scarped,West.facing,"Growth
(Months 10-12)",Platform,G2-12b,1.9354838709677415,1.044963402,June,SAPA,95,36.375,43
M11,GiantMarsh,T2,12,c,2026-05-14,2026-06-09,2026,2.941630739,0,0,0,0,0,0,0,0,0,0,OK,Scarped,West.facing,"Growth
(Months 10-12)",Platform,G2-12c,1.9318262636525272,1.04078076,June,SAPA,95,36.375,43
M11,GiantMarsh,T2,18,a,2026-05-14,2026-06-09,2026,3.511747022,0,0,0,0,0,0,0,0,0,0,OK,Scarped,West.facing,"Growth
(Months 10-12)",Platform,G2-18a,1.9610871221742443,1.074241896,June,SAPA,90,43,47
M11,GiantMarsh,T2,18,b,2026-05-14,2026-06-09,2026,2.704757399,0,0,0,0,0,0,0,0,0,0,OK,Scarped,West.facing,"Growth
(Months 10-12)",Platform,G2-18b,1.9516383032766065,1.063436738,June,SAPA,90,43,47
M11,GiantMarsh,T2,18,c,2026-05-14,2026-06-09,2026,2.759592549,0,0,0,0,0,0,0,0,0,0,OK,Scarped,West.facing,"Growth
(Months 10-12)",Platform,G2-18c,1.9586487172974345,1.071453468,June,SAPA,90,43,47
M11,GiantMarsh,T2,24,a,2026-05-14,2026-06-09,2026,2.837583006,0,0,0,0,0,0,0,0,0,0,OK,Scarped,West.facing,"Growth
(Months 10-12)",Platform,G2-24a,1.9357886715773431,1.045311955,June,SAPA,95,42.25,45
M11,GiantMarsh,T2,24,b,2026-05-14,2026-06-09,2026,1.915119141,0,0,0,0,0,0,0,0,0,0,OK,Scarped,West.facing,"Growth
(Months 10-12)",Platform,G2-24b,1.9406654813309625,1.050888811,June,SAPA,95,42.25,45
M11,GiantMarsh,T2,24,c,2026-05-14,2026-06-09,2026,2.229076072,0,0,0,0,0,0,0,0,0,0,OK,Scarped,West.facing,"Growth
(Months 10-12)",Platform,G2-24c,1.9354838709677415,1.044963402,June,SAPA,95,42.25,45
M11,GiantMarsh,T2,48,a,2026-05-14,2026-06-09,2026,5.326506351,0,0,0,0,0,0,0,0,0,0,OK,Scarped,West.facing,"Growth
(Months 10-12)",Upland,G2-48a,1.8733045466090932,0.973858487,June,SAPA,95,38.125,47
M11,GiantMarsh,T2,48,b,2026-05-14,2026-06-09,2026,2.863096163,0,0,0,0,0,0,0,0,0,0,OK,Scarped,West.facing,"Growth
(Months 10-12)",Upland,G2-48b,1.897078994157988,1.001045661,June,SAPA,95,38.125,47
M11,GiantMarsh,T2,48,c,2026-05-14,2026-06-09,2026,4.503314059,0,0,0,0,0,0,0,0,0,0,OK,Scarped,West.facing,"Growth
(Months 10-12)",Upland,G2-48c,1.8836677673355344,0.985709306,June,SAPA,95,38.125,47
M11,CorteMadera,T1,0.5,a,2026-05-02,2026-06-10,2026,0.446057045,0,0,0,0,0,0,0,0,0,0,OK,Scarped,East.facing,"Growth
(Months 10-12)",Edge,C1-0.5a,1.6593345186690371,0.772363636,June,JACA,80,14.5,16.5
M11,CorteMadera,T1,0.5,a,2026-05-02,2026-06-10,2026,0.446057045,0,0,0,0,0,0,0,0,0,0,OK,Scarped,East.facing,"Growth
(Months 10-12)",Edge,C1-0.5a,1.6593345186690371,0.772363636,June,SAPA,5,28,28
M11,CorteMadera,T1,0.5,b,2026-05-02,2026-06-10,2026,0.19809979,0,0,0,0,0,0,0,0,0,0,OK,Scarped,East.facing,"Growth
(Months 10-12)",Edge,C1-0.5b,1.6684785369570738,0.783272727,June,JACA,80,14.5,16.5
M11,CorteMadera,T1,0.5,b,2026-05-02,2026-06-10,2026,0.19809979,0,0,0,0,0,0,0,0,0,0,OK,Scarped,East.facing,"Growth
(Months 10-12)",Edge,C1-0.5b,1.6684785369570738,0.783272727,June,SAPA,5,28,28
M11,CorteMadera,T1,0.5,c,2026-05-02,2026-06-10,2026,0.837661839,0,0,0,0,0,0,0,0,0,0,OK,Scarped,East.facing,"Growth
(Months 10-12)",Edge,C1-0.5c,1.6614681229362456,0.774909091,June,JACA,80,14.5,16.5
M11,CorteMadera,T1,0.5,c,2026-05-02,2026-06-10,2026,0.837661839,0,0,0,0,0,0,0,0,0,0,OK,Scarped,East.facing,"Growth
(Months 10-12)",Edge,C1-0.5c,1.6614681229362456,0.774909091,June,SAPA,5,28,28
M11,CorteMadera,T1,2,a,2026-05-02,2026-06-10,2026,2.201225216,0,0,0,0,0,0,0,0,0,0,OK,Scarped,East.facing,"Growth
(Months 10-12)",Edge,C1-2a,1.6462280924561847,0.756727273,June,SAPA,10,33,35
M11,CorteMadera,T1,2,a,2026-05-02,2026-06-10,2026,2.201225216,0,0,0,0,0,0,0,0,0,0,OK,Scarped,East.facing,"Growth
(Months 10-12)",Edge,C1-2a,1.6462280924561847,0.756727273,June,JACA,75,15.375,18
M11,CorteMadera,T1,2,b,2026-05-02,2026-06-10,2026,2.013765984,0,0,0,0,0,0,0,0,0,0,OK,Scarped,East.facing,"Growth
(Months 10-12)",Edge,C1-2b,1.6480568961137922,0.758909091,June,SAPA,10,33,35
M11,CorteMadera,T1,2,b,2026-05-02,2026-06-10,2026,2.013765984,0,0,0,0,0,0,0,0,0,0,OK,Scarped,East.facing,"Growth
(Months 10-12)",Edge,C1-2b,1.6480568961137922,0.758909091,June,JACA,75,15.375,18
M11,CorteMadera,T1,2,c,2026-05-02,2026-06-10,2026,1.164576874,0,0,0,0,0,0,0,0,0,0,OK,Scarped,East.facing,"Growth
(Months 10-12)",Edge,C1-2c,1.6462280924561847,0.756727273,June,SAPA,10,33,35
M11,CorteMadera,T1,2,c,2026-05-02,2026-06-10,2026,1.164576874,0,0,0,0,0,0,0,0,0,0,OK,Scarped,East.facing,"Growth
(Months 10-12)",Edge,C1-2c,1.6462280924561847,0.756727273,June,JACA,75,15.375,18
M11,CorteMadera,T1,6,a,2026-05-02,2026-06-10,2026,4.672212771,0,0,0,0,0,0,0,0,0,0,OK,Scarped,East.facing,"Growth
(Months 10-12)",Edge,C1-6a,1.664516129032258,0.778545455,June,DISP,95,35.625,37.5
M11,CorteMadera,T1,6,b,2026-05-02,2026-06-10,2026,5.988619128,0,0,0,0,0,0,0,0,0,0,OK,Scarped,East.facing,"Growth
(Months 10-12)",Edge,C1-6b,1.6620777241554483,0.775636364,June,DISP,95,35.625,37.5
M11,CorteMadera,T1,6,c,2026-05-02,2026-06-10,2026,4.749840481,0,0,0,0,0,0,0,0,0,0,OK,Scarped,East.facing,"Growth
(Months 10-12)",Edge,C1-6c,1.6529337058674116,0.764727273,June,DISP,95,35.625,37.5
M11,CorteMadera,T1,12,a,2026-05-02,2026-06-10,2026,5.790559643,0,0,0,0,0,0,0,0,0,0,OK,Scarped,East.facing,"Growth
(Months 10-12)",Platform,C1-12a,1.6413512827025651,0.750909091,June,SAPA,60,54.125,95
M11,CorteMadera,T1,12,a,2026-05-02,2026-06-10,2026,5.790559643,0,0,0,0,0,0,0,0,0,0,OK,Scarped,East.facing,"Growth
(Months 10-12)",Platform,C1-12a,1.6413512827025651,0.750909091,June,SPFO,20,77.25,56.5
M11,CorteMadera,T1,12,b,2026-05-02,2026-06-10,2026,3.413603993,0,0,0,0,0,0,0,0,0,0,OK,Scarped,East.facing,"Growth
(Months 10-12)",Platform,C1-12b,1.6447040894081788,0.754909091,June,SAPA,60,54.125,95
M11,CorteMadera,T1,12,b,2026-05-02,2026-06-10,2026,3.413603993,0,0,0,0,0,0,0,0,0,0,OK,Scarped,East.facing,"Growth
(Months 10-12)",Platform,C1-12b,1.6447040894081788,0.754909091,June,SPFO,20,77.25,56.5
M11,CorteMadera,T1,12,c,2026-05-02,2026-06-10,2026,3.927333377,0,1,0,0,0,0,0,0,0,0,Review,Scarped,East.facing,"Growth
(Months 10-12)",Platform,C1-12c,1.659029718059436,0.772,June,SAPA,60,54.125,95
M11,CorteMadera,T1,12,c,2026-05-02,2026-06-10,2026,3.927333377,0,1,0,0,0,0,0,0,0,0,Review,Scarped,East.facing,"Growth
(Months 10-12)",Platform,C1-12c,1.659029718059436,0.772,June,SPFO,20,77.25,56.5
M11,CorteMadera,T1,18,a,2026-05-02,2026-06-10,2026,3.31449364,0,0,0,0,0,0,0,0,0,0,OK,Scarped,East.facing,"Growth
(Months 10-12)",Platform,C1-18a,1.679756159512319,0.796727273,June,SAPA,35,44.375,51
M11,CorteMadera,T1,18,a,2026-05-02,2026-06-10,2026,3.31449364,0,0,0,0,0,0,0,0,0,0,OK,Scarped,East.facing,"Growth
(Months 10-12)",Platform,C1-18a,1.679756159512319,0.796727273,June,SPFO,45,68.25,71
M11,CorteMadera,T1,18,b,2026-05-02,2026-06-10,2026,4.035230252,0,0,0,0,0,0,0,0,0,0,OK,Scarped,East.facing,"Growth
(Months 10-12)",Platform,C1-18b,1.6696977393954786,0.784727273,June,SAPA,35,44.375,51
M11,CorteMadera,T1,18,b,2026-05-02,2026-06-10,2026,4.035230252,0,0,0,0,0,0,0,0,0,0,OK,Scarped,East.facing,"Growth
(Months 10-12)",Platform,C1-18b,1.6696977393954786,0.784727273,June,SPFO,45,68.25,71
M11,CorteMadera,T1,18,c,2026-05-02,2026-06-10,2026,1.981965225,0,0,0,0,0,0,0,0,0,0,OK,Scarped,East.facing,"Growth
(Months 10-12)",Platform,C1-18c,1.671526543053086,0.786909091,June,SAPA,35,44.375,51
M11,CorteMadera,T1,18,c,2026-05-02,2026-06-10,2026,1.981965225,0,0,0,0,0,0,0,0,0,0,OK,Scarped,East.facing,"Growth
(Months 10-12)",Platform,C1-18c,1.671526543053086,0.786909091,June,SPFO,45,68.25,71
M11,CorteMadera,T1,24,a,2026-05-02,2026-06-10,2026,1.750291248,0,0,0,0,0,0,0,0,0,0,OK,Scarped,East.facing,"Growth
(Months 10-12)",Platform,C1-24a,1.7199898399796798,0.844727273,June,SAPA,15,45.75,55
M11,CorteMadera,T1,24,a,2026-05-02,2026-06-10,2026,1.750291248,0,0,0,0,0,0,0,0,0,0,OK,Scarped,East.facing,"Growth
(Months 10-12)",Platform,C1-24a,1.7199898399796798,0.844727273,June,JACA,80,25,30
M11,CorteMadera,T1,24,a,2026-05-02,2026-06-10,2026,1.750291248,0,0,0,0,0,0,0,0,0,0,OK,Scarped,East.facing,"Growth
(Months 10-12)",Platform,C1-24a,1.7199898399796798,0.844727273,June,SPFO,20,64.25,7.15
M11,CorteMadera,T1,24,b,2026-05-02,2026-06-10,2026,3.981946849,0,0,0,0,0,0,0,0,0,0,OK,Scarped,East.facing,"Growth
(Months 10-12)",Platform,C1-24b,1.7184658369316737,0.842909091,June,SAPA,15,45.75,55
M11,CorteMadera,T1,24,b,2026-05-02,2026-06-10,2026,3.981946849,0,0,0,0,0,0,0,0,0,0,OK,Scarped,East.facing,"Growth
(Months 10-12)",Platform,C1-24b,1.7184658369316737,0.842909091,June,JACA,80,25,30
M11,CorteMadera,T1,24,b,2026-05-02,2026-06-10,2026,3.981946849,0,0,0,0,0,0,0,0,0,0,OK,Scarped,East.facing,"Growth
(Months 10-12)",Platform,C1-24b,1.7184658369316737,0.842909091,June,SPFO,20,64.25,7.15
M11,CorteMadera,T1,24,c,2026-05-02,2026-06-10,2026,2.591217804,0,0,0,0,0,0,0,0,0,0,OK,Scarped,East.facing,"Growth
(Months 10-12)",Platform,C1-24c,1.7141986283972566,0.837818182,June,SAPA,15,45.75,55
M11,CorteMadera,T1,24,c,2026-05-02,2026-06-10,2026,2.591217804,0,0,0,0,0,0,0,0,0,0,OK,Scarped,East.facing,"Growth
(Months 10-12)",Platform,C1-24c,1.7141986283972566,0.837818182,June,JACA,80,25,30
M11,CorteMadera,T1,24,c,2026-05-02,2026-06-10,2026,2.591217804,0,0,0,0,0,0,0,0,0,0,OK,Scarped,East.facing,"Growth
(Months 10-12)",Platform,C1-24c,1.7141986283972566,0.837818182,June,SPFO,20,64.25,7.15
M11,CorteMadera,T1,48,a,2026-05-02,2026-06-10,2026,0.69675505,0,0,0,0,0,0,0,0,0,0,OK,Scarped,East.facing,"Growth
(Months 10-12)",Upland,C1-48a,1.732486665,0.859636364,June,DISP,90,30.125,33.5
M11,CorteMadera,T1,48,a,2026-05-02,2026-06-10,2026,0.69675505,0,0,0,0,0,0,0,0,0,0,OK,Scarped,East.facing,"Growth
(Months 10-12)",Upland,C1-48a,1.732486665,0.859636364,June,SAPA,5,27.25,30.5
M11,CorteMadera,T1,48,b,2026-05-02,2026-06-10,2026,1.359129811,0,0,0,0,0,0,0,0,0,0,OK,Scarped,East.facing,"Growth
(Months 10-12)",Upland,C1-48b,1.7108458216916431,0.833818182,June,DISP,90,30.125,33.5
M11,CorteMadera,T1,48,b,2026-05-02,2026-06-10,2026,1.359129811,0,0,0,0,0,0,0,0,0,0,OK,Scarped,East.facing,"Growth
(Months 10-12)",Upland,C1-48b,1.7108458216916431,0.833818182,June,SAPA,5,27.25,30.5
M11,CorteMadera,T1,48,c,2026-05-02,2026-06-10,2026,1.138660665,0,0,0,0,0,0,0,0,0,0,OK,Scarped,East.facing,"Growth
(Months 10-12)",Upland,C1-48c,1.7065786131572265,0.828727273,June,DISP,90,30.125,33.5
M11,CorteMadera,T1,48,c,2026-05-02,2026-06-10,2026,1.138660665,0,0,0,0,0,0,0,0,0,0,OK,Scarped,East.facing,"Growth
(Months 10-12)",Upland,C1-48c,1.7065786131572265,0.828727273,June,SAPA,5,27.25,30.5
M11,CorteMadera,T2,0.5,a,2026-05-02,2026-06-10,2026,NA,1,0,0,0,0,0,0,0,0,NA,#VALUE!,Scarped,East.facing,"Growth
(Months 10-12)",Edge,C2-0.5a,1.621234442468885,0.726909091,June,SAPA,20,34.875,42.5
M11,CorteMadera,T2,0.5,a,2026-05-02,2026-06-10,2026,NA,1,0,0,0,0,0,0,0,0,NA,#VALUE!,Scarped,East.facing,"Growth
(Months 10-12)",Edge,C2-0.5a,1.621234442468885,0.726909091,June,JACA,75,16.25,19
M11,CorteMadera,T2,0.5,b,2026-05-02,2026-06-10,2026,-1.073245414,0,0,0,0,0,0,0,0,0,1,Review,Scarped,East.facing,"Growth
(Months 10-12)",Edge,C2-0.5b,1.6392176784353567,0.748363636,June,SAPA,20,34.875,42.5
M11,CorteMadera,T2,0.5,b,2026-05-02,2026-06-10,2026,-1.073245414,0,0,0,0,0,0,0,0,0,1,Review,Scarped,East.facing,"Growth
(Months 10-12)",Edge,C2-0.5b,1.6392176784353567,0.748363636,June,JACA,75,16.25,19
M11,CorteMadera,T2,0.5,c,2026-05-02,2026-06-10,2026,-0.072105905,0,0,0,0,0,0,0,0,0,1,Review,Scarped,East.facing,"Growth
(Months 10-12)",Edge,C2-0.5c,1.6495808991617982,0.760727273,June,SAPA,20,34.875,42.5
M11,CorteMadera,T2,0.5,c,2026-05-02,2026-06-10,2026,-0.072105905,0,0,0,0,0,0,0,0,0,1,Review,Scarped,East.facing,"Growth
(Months 10-12)",Edge,C2-0.5c,1.6495808991617982,0.760727273,June,JACA,75,16.25,19
M11,CorteMadera,T2,2,a,2026-05-02,2026-06-10,2026,0.027528414,0,0,0,0,0,0,0,0,0,0,OK,Scarped,East.facing,"Growth
(Months 10-12)",Edge,C2-2a,1.656286512573025,0.768727273,June,SAPA,20,24.83,32.5
M11,CorteMadera,T2,2,a,2026-05-02,2026-06-10,2026,0.027528414,0,0,0,0,0,0,0,0,0,0,OK,Scarped,East.facing,"Growth
(Months 10-12)",Edge,C2-2a,1.656286512573025,0.768727273,June,JACA,75,16.375,19
M11,CorteMadera,T2,2,b,2026-05-02,2026-06-10,2026,0.114869665,0,0,0,0,0,0,0,0,0,0,OK,Scarped,East.facing,"Growth
(Months 10-12)",Edge,C2-2b,1.6544577089154178,0.766545455,June,SAPA,20,24.83,32.5
M11,CorteMadera,T2,2,b,2026-05-02,2026-06-10,2026,0.114869665,0,0,0,0,0,0,0,0,0,0,OK,Scarped,East.facing,"Growth
(Months 10-12)",Edge,C2-2b,1.6544577089154178,0.766545455,June,JACA,75,16.375,19
M11,CorteMadera,T2,2,c,2026-05-02,2026-06-10,2026,0.187257706,0,0,0,0,0,0,0,0,0,0,OK,Scarped,East.facing,"Growth
(Months 10-12)",Edge,C2-2c,1.6556769113538228,0.768,June,SAPA,20,24.83,32.5
M11,CorteMadera,T2,2,c,2026-05-02,2026-06-10,2026,0.187257706,0,0,0,0,0,0,0,0,0,0,OK,Scarped,East.facing,"Growth
(Months 10-12)",Edge,C2-2c,1.6556769113538228,0.768,June,JACA,75,16.375,19
M11,CorteMadera,T2,6,a,2026-05-02,2026-06-10,2026,2.249470475,0,0,0,0,0,0,0,0,0,0,OK,Scarped,East.facing,"Growth
(Months 10-12)",Edge,C2-6a,1.6623825247650494,0.776,June,SAPA,40,43,53
M11,CorteMadera,T2,6,a,2026-05-02,2026-06-10,2026,2.249470475,0,0,0,0,0,0,0,0,0,0,OK,Scarped,East.facing,"Growth
(Months 10-12)",Edge,C2-6a,1.6623825247650494,0.776,June,JACA,50,21.875,25
M11,CorteMadera,T2,6,a,2026-05-02,2026-06-10,2026,2.249470475,0,0,0,0,0,0,0,0,0,0,OK,Scarped,East.facing,"Growth
(Months 10-12)",Edge,C2-6a,1.6623825247650494,0.776,June,SPFO,10,53.167000000000002,60
M11,CorteMadera,T2,6,b,2026-05-02,2026-06-10,2026,1.904135989,0,0,0,0,0,0,0,0,0,0,OK,Scarped,East.facing,"Growth
(Months 10-12)",Edge,C2-6b,1.6727457454914911,0.788363636,June,SAPA,40,43,53
M11,CorteMadera,T2,6,b,2026-05-02,2026-06-10,2026,1.904135989,0,0,0,0,0,0,0,0,0,0,OK,Scarped,East.facing,"Growth
(Months 10-12)",Edge,C2-6b,1.6727457454914911,0.788363636,June,JACA,50,21.875,25
M11,CorteMadera,T2,6,b,2026-05-02,2026-06-10,2026,1.904135989,0,0,0,0,0,0,0,0,0,0,OK,Scarped,East.facing,"Growth
(Months 10-12)",Edge,C2-6b,1.6727457454914911,0.788363636,June,SPFO,10,53.167000000000002,60
M11,CorteMadera,T2,6,c,2026-05-02,2026-06-10,2026,2.129522362,0,0,0,0,0,0,0,0,0,0,OK,Scarped,East.facing,"Growth
(Months 10-12)",Edge,C2-6c,1.6675641351282702,0.782181818,June,SAPA,40,43,53
M11,CorteMadera,T2,6,c,2026-05-02,2026-06-10,2026,2.129522362,0,0,0,0,0,0,0,0,0,0,OK,Scarped,East.facing,"Growth
(Months 10-12)",Edge,C2-6c,1.6675641351282702,0.782181818,June,JACA,50,21.875,25
M11,CorteMadera,T2,6,c,2026-05-02,2026-06-10,2026,2.129522362,0,0,0,0,0,0,0,0,0,0,OK,Scarped,East.facing,"Growth
(Months 10-12)",Edge,C2-6c,1.6675641351282702,0.782181818,June,SPFO,10,53.167000000000002,60
M11,CorteMadera,T2,12,a,2026-05-02,2026-06-10,2026,1.877494288,0,0,0,0,0,0,0,0,0,0,OK,Scarped,East.facing,"Growth
(Months 10-12)",Platform,C2-12a,1.664820929641859,0.778909091,June,SAPA,35,48,64
M11,CorteMadera,T2,12,a,2026-05-02,2026-06-10,2026,1.877494288,0,0,0,0,0,0,0,0,0,0,OK,Scarped,East.facing,"Growth
(Months 10-12)",Platform,C2-12a,1.664820929641859,0.778909091,June,JACA,55,20.75,23
M11,CorteMadera,T2,12,a,2026-05-02,2026-06-10,2026,1.877494288,0,0,0,0,0,0,0,0,0,0,OK,Scarped,East.facing,"Growth
(Months 10-12)",Platform,C2-12a,1.664820929641859,0.778909091,June,SPFO,15,48.75,53
M11,CorteMadera,T2,12,b,2026-05-02,2026-06-10,2026,2.383888136,0,0,0,0,0,0,0,0,0,0,OK,Scarped,East.facing,"Growth
(Months 10-12)",Platform,C2-12b,1.6651257302514604,0.779272727,June,SAPA,35,48,64
M11,CorteMadera,T2,12,b,2026-05-02,2026-06-10,2026,2.383888136,0,0,0,0,0,0,0,0,0,0,OK,Scarped,East.facing,"Growth
(Months 10-12)",Platform,C2-12b,1.6651257302514604,0.779272727,June,JACA,55,20.75,23
M11,CorteMadera,T2,12,b,2026-05-02,2026-06-10,2026,2.383888136,0,0,0,0,0,0,0,0,0,0,OK,Scarped,East.facing,"Growth
(Months 10-12)",Platform,C2-12b,1.6651257302514604,0.779272727,June,SPFO,15,48.75,53
M11,CorteMadera,T2,12,c,2026-05-02,2026-06-10,2026,1.78547764,0,0,0,0,0,0,0,0,0,0,OK,Scarped,East.facing,"Growth
(Months 10-12)",Platform,C2-12c,1.6657353314706629,0.78,June,SAPA,35,48,64
M11,CorteMadera,T2,12,c,2026-05-02,2026-06-10,2026,1.78547764,0,0,0,0,0,0,0,0,0,0,OK,Scarped,East.facing,"Growth
(Months 10-12)",Platform,C2-12c,1.6657353314706629,0.78,June,JACA,55,20.75,23
M11,CorteMadera,T2,12,c,2026-05-02,2026-06-10,2026,1.78547764,0,0,0,0,0,0,0,0,0,0,OK,Scarped,East.facing,"Growth
(Months 10-12)",Platform,C2-12c,1.6657353314706629,0.78,June,SPFO,15,48.75,53
M11,CorteMadera,T2,18,a,2026-05-02,2026-06-10,2026,1.468477671,0,0,0,0,0,0,0,0,0,0,OK,Scarped,East.facing,"Growth
(Months 10-12)",Platform,C2-18a,1.6623825247650494,0.776,June,SAPA,25,48.75,51
M11,CorteMadera,T2,18,a,2026-05-02,2026-06-10,2026,1.468477671,0,0,0,0,0,0,0,0,0,0,OK,Scarped,East.facing,"Growth
(Months 10-12)",Platform,C2-18a,1.6623825247650494,0.776,June,SPFO,35,55.25,62
M11,CorteMadera,T2,18,a,2026-05-02,2026-06-10,2026,1.468477671,0,0,0,0,0,0,0,0,0,0,OK,Scarped,East.facing,"Growth
(Months 10-12)",Platform,C2-18a,1.6623825247650494,0.776,June,JACA,45,25.5,28
M11,CorteMadera,T2,18,b,2026-05-02,2026-06-10,2026,1.275456329,0,0,0,0,0,0,0,0,0,0,OK,Scarped,East.facing,"Growth
(Months 10-12)",Platform,C2-18b,1.6672593345186688,0.781818182,June,SAPA,25,48.75,51
M11,CorteMadera,T2,18,b,2026-05-02,2026-06-10,2026,1.275456329,0,0,0,0,0,0,0,0,0,0,OK,Scarped,East.facing,"Growth
(Months 10-12)",Platform,C2-18b,1.6672593345186688,0.781818182,June,SPFO,35,55.25,62
M11,CorteMadera,T2,18,b,2026-05-02,2026-06-10,2026,1.275456329,0,0,0,0,0,0,0,0,0,0,OK,Scarped,East.facing,"Growth
(Months 10-12)",Platform,C2-18b,1.6672593345186688,0.781818182,June,JACA,45,25.5,28
M11,CorteMadera,T2,18,c,2026-05-02,2026-06-10,2026,1.406689883,0,0,0,0,0,0,0,0,0,0,OK,Scarped,East.facing,"Growth
(Months 10-12)",Platform,C2-18c,1.6773177546355091,0.793818182,June,SAPA,25,48.75,51
M11,CorteMadera,T2,18,c,2026-05-02,2026-06-10,2026,1.406689883,0,0,0,0,0,0,0,0,0,0,OK,Scarped,East.facing,"Growth
(Months 10-12)",Platform,C2-18c,1.6773177546355091,0.793818182,June,SPFO,35,55.25,62
M11,CorteMadera,T2,18,c,2026-05-02,2026-06-10,2026,1.406689883,0,0,0,0,0,0,0,0,0,0,OK,Scarped,East.facing,"Growth
(Months 10-12)",Platform,C2-18c,1.6773177546355091,0.793818182,June,JACA,45,25.5,28
M11,CorteMadera,T2,24,a,2026-05-02,2026-06-10,2026,3.632017576,0,0,0,0,0,0,0,0,0,0,OK,Scarped,East.facing,"Growth
(Months 10-12)",Platform,C2-24a,1.6794513589027176,0.796363636,June,SPFO,20,53.75,57
M11,CorteMadera,T2,24,a,2026-05-02,2026-06-10,2026,3.632017576,0,0,0,0,0,0,0,0,0,0,OK,Scarped,East.facing,"Growth
(Months 10-12)",Platform,C2-24a,1.6794513589027176,0.796363636,June,SAPA,25,33.75,38
M11,CorteMadera,T2,24,a,2026-05-02,2026-06-10,2026,3.632017576,0,0,0,0,0,0,0,0,0,0,OK,Scarped,East.facing,"Growth
(Months 10-12)",Platform,C2-24a,1.6794513589027176,0.796363636,June,JACA,65,23.375,24.5
M11,CorteMadera,T2,24,b,2026-05-02,2026-06-10,2026,1.108593027,0,0,0,0,0,0,0,0,0,0,OK,Scarped,East.facing,"Growth
(Months 10-12)",Platform,C2-24b,1.6843281686563372,0.802181818,June,SPFO,20,53.75,57
M11,CorteMadera,T2,24,b,2026-05-02,2026-06-10,2026,1.108593027,0,0,0,0,0,0,0,0,0,0,OK,Scarped,East.facing,"Growth
(Months 10-12)",Platform,C2-24b,1.6843281686563372,0.802181818,June,SAPA,25,33.75,38
M11,CorteMadera,T2,24,b,2026-05-02,2026-06-10,2026,1.108593027,0,0,0,0,0,0,0,0,0,0,OK,Scarped,East.facing,"Growth
(Months 10-12)",Platform,C2-24b,1.6843281686563372,0.802181818,June,JACA,65,23.375,24.5
M11,CorteMadera,T2,24,c,2026-05-02,2026-06-10,2026,3.8601447,0,0,0,0,0,0,0,0,0,0,OK,Scarped,East.facing,"Growth
(Months 10-12)",Platform,C2-24c,1.6751841503683007,0.791272727,June,SPFO,20,53.75,57
M11,CorteMadera,T2,24,c,2026-05-02,2026-06-10,2026,3.8601447,0,0,0,0,0,0,0,0,0,0,OK,Scarped,East.facing,"Growth
(Months 10-12)",Platform,C2-24c,1.6751841503683007,0.791272727,June,SAPA,25,33.75,38
M11,CorteMadera,T2,24,c,2026-05-02,2026-06-10,2026,3.8601447,0,0,0,0,0,0,0,0,0,0,OK,Scarped,East.facing,"Growth
(Months 10-12)",Platform,C2-24c,1.6751841503683007,0.791272727,June,JACA,65,23.375,24.5
M11,CorteMadera,T2,48,a,2026-05-02,2026-06-10,2026,4.838269971,0,0,0,0,0,0,0,0,0,0,OK,Scarped,East.facing,"Growth
(Months 10-12)",Upland,C2-48a,1.6794513589027176,0.796363636,June,DISP,90,31,33
M11,CorteMadera,T2,48,a,2026-05-02,2026-06-10,2026,4.838269971,0,0,0,0,0,0,0,0,0,0,OK,Scarped,East.facing,"Growth
(Months 10-12)",Upland,C2-48a,1.6794513589027176,0.796363636,June,SPFO,5,56,56
M11,CorteMadera,T2,48,b,2026-05-02,2026-06-10,2026,2.703870686,0,0,0,0,0,0,0,0,0,0,OK,Scarped,East.facing,"Growth
(Months 10-12)",Upland,C2-48b,1.6821945643891287,0.799636364,June,DISP,90,31,33
M11,CorteMadera,T2,48,b,2026-05-02,2026-06-10,2026,2.703870686,0,0,0,0,0,0,0,0,0,0,OK,Scarped,East.facing,"Growth
(Months 10-12)",Upland,C2-48b,1.6821945643891287,0.799636364,June,SPFO,5,56,56
M11,CorteMadera,T2,48,c,2026-05-02,2026-06-10,2026,3.602272379,0,0,0,0,0,0,0,0,0,0,OK,Scarped,East.facing,"Growth
(Months 10-12)",Upland,C2-48c,1.673050546101092,0.788727273,June,DISP,90,31,33
M11,CorteMadera,T2,48,c,2026-05-02,2026-06-10,2026,3.602272379,0,0,0,0,0,0,0,0,0,0,OK,Scarped,East.facing,"Growth
(Months 10-12)",Upland,C2-48c,1.673050546101092,0.788727273,June,SPFO,5,56,56
M11,SanPablo,T1,0.5,a,2026-04-30,2026-06-12,2026,0.176418434,0,0,0,0,0,0,0,0,0,0,OK,Ramped,South.facing,"Growth
(Months 10-12)",Edge,S1-0.5a,1.706273812547625,0.771628722,June,SAPA,35,57,66
M11,SanPablo,T1,0.5,a,2026-04-30,2026-06-12,2026,0.176418434,0,0,0,0,0,0,0,0,0,0,OK,Ramped,South.facing,"Growth
(Months 10-12)",Edge,S1-0.5a,1.706273812547625,0.771628722,June,SPFO,35,67.125,76
M11,SanPablo,T1,0.5,b,2026-04-30,2026-06-12,2026,-0.30249949,0,0,0,0,0,0,0,0,0,1,Review,Ramped,South.facing,"Growth
(Months 10-12)",Edge,S1-0.5b,1.722733045466091,0.790542907,June,SAPA,35,57,66
M11,SanPablo,T1,0.5,b,2026-04-30,2026-06-12,2026,-0.30249949,0,0,0,0,0,0,0,0,0,1,Review,Ramped,South.facing,"Growth
(Months 10-12)",Edge,S1-0.5b,1.722733045466091,0.790542907,June,SPFO,35,67.125,76
M11,SanPablo,T1,0.5,c,2026-04-30,2026-06-12,2026,-1.024038456,0,0,0,0,0,0,0,0,0,1,Review,Ramped,South.facing,"Growth
(Months 10-12)",Edge,S1-0.5c,1.723037846075692,0.79089317,June,SAPA,35,57,66
M11,SanPablo,T1,0.5,c,2026-04-30,2026-06-12,2026,-1.024038456,0,0,0,0,0,0,0,0,0,1,Review,Ramped,South.facing,"Growth
(Months 10-12)",Edge,S1-0.5c,1.723037846075692,0.79089317,June,SPFO,35,67.125,76
M11,SanPablo,T1,2,a,2026-04-30,2026-06-12,2026,0.799878108,0,0,0,0,0,0,0,0,0,0,OK,Ramped,South.facing,"Growth
(Months 10-12)",Edge,S1-2a,1.6913385826771654,0.754465849,June,SAPA,75,51.625,69.5
M11,SanPablo,T1,2,b,2026-04-30,2026-06-12,2026,0.209135901,0,0,0,0,0,0,0,0,0,0,OK,Ramped,South.facing,"Growth
(Months 10-12)",Edge,S1-2b,1.7202946405892812,0.787740806,June,SAPA,75,51.625,69.5
M11,SanPablo,T1,2,c,2026-04-30,2026-06-12,2026,-0.01253865,0,0,0,0,0,0,0,0,0,1,Review,Ramped,South.facing,"Growth
(Months 10-12)",Edge,S1-2c,1.7550419100838202,0.827670753,June,SAPA,75,51.625,69.5
M11,SanPablo,T1,6,a,2026-04-30,2026-06-12,2026,NA,1,1,0,0,0,0,0,0,0,NA,#VALUE!,Ramped,South.facing,"Growth
(Months 10-12)",Edge,S1-6a,1.8266700533401063,0.909982487,June,SAPA,60,61.125,65
M11,SanPablo,T1,6,b,2026-04-30,2026-06-12,2026,NA,1,1,0,0,0,0,0,0,0,NA,#VALUE!,Ramped,South.facing,"Growth
(Months 10-12)",Edge,S1-6b,1.8254508509017016,0.908581436,June,SAPA,60,61.125,65
M11,SanPablo,T1,6,c,2026-04-30,2026-06-12,2026,NA,1,1,0,0,0,0,0,0,0,NA,#VALUE!,Ramped,South.facing,"Growth
(Months 10-12)",Edge,S1-6c,1.83002286004572,0.913835377,June,SAPA,60,61.125,65
M11,SanPablo,T1,12,a,2026-04-30,2026-06-12,2026,2.735618955,0,0,0,0,0,0,0,0,0,0,OK,Ramped,South.facing,"Growth
(Months 10-12)",Platform,S1-12a,1.877266954533909,0.968126095,June,SAPA,65,46,55
M11,SanPablo,T1,12,b,2026-04-30,2026-06-12,2026,1.57720127,0,0,0,0,0,0,0,0,0,0,OK,Ramped,South.facing,"Growth
(Months 10-12)",Platform,S1-12b,1.889763779527559,0.982486865,June,SAPA,65,46,55
M11,SanPablo,T1,12,c,2026-04-30,2026-06-12,2026,3.144349686,0,0,0,0,0,0,0,0,0,0,OK,Ramped,South.facing,"Growth
(Months 10-12)",Platform,S1-12c,1.8851917703835408,0.977232925,June,SAPA,65,46,55
M11,SanPablo,T1,18,a,2026-04-30,2026-06-12,2026,1.535929738,0,0,0,0,0,0,0,0,0,0,OK,Ramped,South.facing,"Growth
(Months 10-12)",Platform,S1-18a,1.9778511557023113,1.083712785,June,SAPA,80,58.75,69
M11,SanPablo,T1,18,b,2026-04-30,2026-06-12,2026,NA,1,1,0,0,0,0,0,0,0,NA,#VALUE!,Ramped,South.facing,"Growth
(Months 10-12)",Platform,S1-18b,1.9882143764287528,1.095621716,June,SAPA,80,58.75,69
M11,SanPablo,T1,18,c,2026-04-30,2026-06-12,2026,1.346058759,0,0,0,0,0,0,0,0,0,0,OK,Ramped,South.facing,"Growth
(Months 10-12)",Platform,S1-18c,1.9918719837439671,1.099824869,June,SAPA,80,58.75,69
M11,SanPablo,T1,24,a,2026-04-30,2026-06-12,2026,5.289189878,0,0,0,0,0,0,0,0,0,0,OK,Ramped,South.facing,"Growth
(Months 10-12)",Platform,S1-24a,1.9751079502159004,1.08056042,June,SAPA,95,55.5,58.5
M11,SanPablo,T1,24,b,2026-04-30,2026-06-12,2026,5.362484317,0,0,0,0,0,0,0,0,0,0,OK,Ramped,South.facing,"Growth
(Months 10-12)",Platform,S1-24b,1.984861569723139,1.091768827,June,SAPA,95,55.5,58.5
M11,SanPablo,T1,24,c,2026-04-30,2026-06-12,2026,5.641917079,0,0,0,0,0,0,0,0,0,0,OK,Ramped,South.facing,"Growth
(Months 10-12)",Platform,S1-24c,1.9751079502159004,1.08056042,June,SAPA,95,55.5,58.5
M11,SanPablo,T1,48,a,2026-04-30,2026-06-12,2026,0.903879444,0,0,0,0,0,0,0,0,0,0,OK,Ramped,South.facing,"Growth
(Months 10-12)",Upland,S1-48a,2.013208026416053,1.124343257,June,SAPA,95,49.125,60
M11,SanPablo,T1,48,b,2026-04-30,2026-06-12,2026,1.01698318,0,0,0,0,0,0,0,0,0,0,OK,Ramped,South.facing,"Growth
(Months 10-12)",Upland,S1-48b,2.0159512319024637,1.127495622,June,SAPA,95,49.125,60
M11,SanPablo,T1,48,c,2026-04-30,2026-06-12,2026,0.961454875,0,0,0,0,0,0,0,0,0,0,OK,Ramped,South.facing,"Growth
(Months 10-12)",Upland,S1-48c,2.0144272288544576,1.125744308,June,SAPA,95,49.125,60
M11,SanPablo,T2,0.5,a,2026-04-30,2026-06-12,2026,-0.248104416,0,0,0,0,0,0,0,0,0,1,Review,Ramped,South.facing,"Growth
(Months 10-12)",Edge,S2-0.5a,1.727305054610109,0.795796848,June,SPFO,40,77.75,85
M11,SanPablo,T2,0.5,a,2026-04-30,2026-06-12,2026,-0.248104416,0,0,0,0,0,0,0,0,0,1,Review,Ramped,South.facing,"Growth
(Months 10-12)",Edge,S2-0.5a,1.727305054610109,0.795796848,June,SAPA,30,53.75,56
M11,SanPablo,T2,0.5,b,2026-04-30,2026-06-12,2026,-0.612419814,0,0,0,0,0,0,0,0,0,1,Review,Ramped,South.facing,"Growth
(Months 10-12)",Edge,S2-0.5b,1.7297434594869188,0.798598949,June,SPFO,40,77.75,85
M11,SanPablo,T2,0.5,b,2026-04-30,2026-06-12,2026,-0.612419814,0,0,0,0,0,0,0,0,0,1,Review,Ramped,South.facing,"Growth
(Months 10-12)",Edge,S2-0.5b,1.7297434594869188,0.798598949,June,SAPA,30,53.75,56
M11,SanPablo,T2,0.5,c,2026-04-30,2026-06-12,2026,-0.496062608,0,0,0,0,0,0,0,0,0,1,Review,Ramped,South.facing,"Growth
(Months 10-12)",Edge,S2-0.5c,1.721818643637287,0.789492119,June,SPFO,40,77.75,85
M11,SanPablo,T2,0.5,c,2026-04-30,2026-06-12,2026,-0.496062608,0,0,0,0,0,0,0,0,0,1,Review,Ramped,South.facing,"Growth
(Months 10-12)",Edge,S2-0.5c,1.721818643637287,0.789492119,June,SAPA,30,53.75,56
M11,SanPablo,T2,2,a,2026-04-30,2026-06-12,2026,0.111897395,0,0,0,0,0,0,0,0,0,0,OK,Ramped,South.facing,"Growth
(Months 10-12)",Edge,S2-2a,1.7401066802133602,0.810507881,June,SPFO,35,87.25,93
M11,SanPablo,T2,2,a,2026-04-30,2026-06-12,2026,0.111897395,0,0,0,0,0,0,0,0,0,0,OK,Ramped,South.facing,"Growth
(Months 10-12)",Edge,S2-2a,1.7401066802133602,0.810507881,June,SAPA,30,54.5,68
M11,SanPablo,T2,2,b,2026-04-30,2026-06-12,2026,0.043099323,0,0,0,0,0,0,0,0,0,0,OK,Ramped,South.facing,"Growth
(Months 10-12)",Edge,S2-2b,1.751993903987808,0.824168126,June,SPFO,35,87.25,93
M11,SanPablo,T2,2,b,2026-04-30,2026-06-12,2026,0.043099323,0,0,0,0,0,0,0,0,0,0,OK,Ramped,South.facing,"Growth
(Months 10-12)",Edge,S2-2b,1.751993903987808,0.824168126,June,SAPA,30,54.5,68
M11,SanPablo,T2,2,c,2026-04-30,2026-06-12,2026,-0.342199121,0,0,0,0,0,0,0,0,0,1,Review,Ramped,South.facing,"Growth
(Months 10-12)",Edge,S2-2c,1.750469900939802,0.822416813,June,SPFO,35,87.25,93
M11,SanPablo,T2,2,c,2026-04-30,2026-06-12,2026,-0.342199121,0,0,0,0,0,0,0,0,0,1,Review,Ramped,South.facing,"Growth
(Months 10-12)",Edge,S2-2c,1.750469900939802,0.822416813,June,SAPA,30,54.5,68
M11,SanPablo,T2,6,a,2026-04-30,2026-06-12,2026,NA,1,1,0,0,0,0,0,0,0,NA,#VALUE!,Ramped,South.facing,"Growth
(Months 10-12)",Edge,S2-6a,1.8239268478536956,0.906830123,June,SAPA,80,50,55
M11,SanPablo,T2,6,b,2026-04-30,2026-06-12,2026,NA,1,1,0,0,0,0,0,0,0,NA,#VALUE!,Ramped,South.facing,"Growth
(Months 10-12)",Edge,S2-6b,1.8135636271272544,0.894921191,June,SAPA,80,50,55
M11,SanPablo,T2,6,c,2026-04-30,2026-06-12,2026,NA,1,1,0,0,0,0,0,0,0,NA,#VALUE!,Ramped,South.facing,"Growth
(Months 10-12)",Edge,S2-6c,1.8083820167640337,0.888966725,June,SAPA,80,50,55
M11,SanPablo,T2,12,a,2026-04-30,2026-06-12,2026,1.506977521,0,0,0,0,0,0,0,0,0,0,OK,Ramped,South.facing,"Growth
(Months 10-12)",Platform,S2-12a,1.899517399034798,0.993695271,June,SAPA,90,52.125,56
M11,SanPablo,T2,12,b,2026-04-30,2026-06-12,2026,NA,1,1,0,0,0,0,0,0,0,NA,#VALUE!,Ramped,South.facing,"Growth
(Months 10-12)",Platform,S2-12b,1.8912877825755652,0.984238179,June,SAPA,90,52.125,56
M11,SanPablo,T2,12,c,2026-04-30,2026-06-12,2026,1.583013647,0,0,0,0,0,0,0,0,0,0,OK,Ramped,South.facing,"Growth
(Months 10-12)",Platform,S2-12c,1.8836677673355344,0.975481611,June,SAPA,90,52.125,56
M11,SanPablo,T2,18,a,2026-04-30,2026-06-12,2026,0.780832521,0,0,0,0,0,0,0,0,0,0,OK,Ramped,South.facing,"Growth
(Months 10-12)",Platform,S2-18a,1.9677927355854712,1.072154116,June,SAPA,85,61.75,65
M11,SanPablo,T2,18,b,2026-04-30,2026-06-12,2026,1.631230786,0,0,0,0,0,0,0,0,0,0,OK,Ramped,South.facing,"Growth
(Months 10-12)",Platform,S2-18b,1.9677927355854712,1.072154116,June,SAPA,85,61.75,65
M11,SanPablo,T2,18,c,2026-04-30,2026-06-12,2026,1.080955882,0,0,0,0,0,0,0,0,0,0,OK,Ramped,South.facing,"Growth
(Months 10-12)",Platform,S2-18c,1.9613919227838457,1.064798599,June,SAPA,85,61.75,65
M11,SanPablo,T2,24,a,2026-04-30,2026-06-12,2026,5.635995034,0,0,0,0,0,0,0,0,0,0,OK,Ramped,South.facing,"Growth
(Months 10-12)",Platform,S2-24a,2.0001016002032004,1.109281961,June,SAPA,95,56,59.5
M11,SanPablo,T2,24,b,2026-04-30,2026-06-12,2026,7.386288157,0,0,0,0,0,0,0,0,0,0,OK,Ramped,South.facing,"Growth
(Months 10-12)",Platform,S2-24b,1.9979679959359915,1.106830123,June,SAPA,95,56,59.5
M11,SanPablo,T2,24,c,2026-04-30,2026-06-12,2026,7.134674382,0,0,0,0,0,0,0,0,0,0,OK,Ramped,South.facing,"Growth
(Months 10-12)",Platform,S2-24c,1.9915671831343664,1.099474606,June,SAPA,95,56,59.5
M11,SanPablo,T2,48,a,2026-04-30,2026-06-12,2026,1.408313337,0,0,0,0,0,0,0,0,0,0,OK,Ramped,South.facing,"Growth
(Months 10-12)",Upland,S2-48a,2.0138176276352553,1.125043783,June,SAPA,95,50.25,58
M11,SanPablo,T2,48,b,2026-04-30,2026-06-12,2026,1.439166457,0,0,0,0,0,0,0,0,0,0,OK,Ramped,South.facing,"Growth
(Months 10-12)",Upland,S2-48b,2.022961645923292,1.135551664,June,SAPA,95,50.25,58
M11,SanPablo,T2,48,c,2026-04-30,2026-06-12,2026,1.664204144,0,0,0,0,0,0,0,0,0,0,OK,Ramped,South.facing,"Growth
(Months 10-12)",Upland,S2-48c,2.0205232410464817,1.132749562,June,SAPA,95,50.25,58
M12,Buck'sLanding,T1,0.5,a,2026-06-11,2026-07-09,2026,18.84035237,0,0,0,0,0,0,0,0,0,0,OK,Ramped,East.facing,"Growth
(Months 10-12)",Edge,B1-0.5a,1.6544577089154178,0.743807502,July,NA,NA,NA,NA
M12,Buck'sLanding,T1,0.5,b,2026-06-11,2026-07-09,2026,1.781805554,0,0,0,0,0,0,0,0,0,0,OK,Ramped,East.facing,"Growth
(Months 10-12)",Edge,B1-0.5b,1.6599441198882396,0.750176929,July,NA,NA,NA,NA
M12,Buck'sLanding,T1,0.5,c,2026-06-11,2026-07-09,2026,1.742901012,0,0,0,0,0,0,0,0,0,0,OK,Ramped,East.facing,"Growth
(Months 10-12)",Edge,B1-0.5c,1.6611633223266449,0.751592357,July,NA,NA,NA,NA
M12,Buck'sLanding,T1,2,a,2026-06-11,2026-07-09,2026,0.604508088,0,0,0,0,0,0,0,0,0,0,OK,Ramped,East.facing,"Growth
(Months 10-12)",Edge,B1-2a,1.7718059436118871,0.880042463,July,NA,NA,NA,NA
M12,Buck'sLanding,T1,2,b,2026-06-11,2026-07-09,2026,0.448216249,0,0,0,0,0,0,0,0,0,0,OK,Ramped,East.facing,"Growth
(Months 10-12)",Edge,B1-2b,1.7794259588519177,0.888888889,July,NA,NA,NA,NA
M12,Buck'sLanding,T1,2,c,2026-06-11,2026-07-09,2026,1.304845978,0,0,0,0,0,0,0,0,0,0,OK,Ramped,East.facing,"Growth
(Months 10-12)",Edge,B1-2c,1.7669291338582676,0.87438075,July,NA,NA,NA,NA
M12,Buck'sLanding,T1,6,a,2026-06-11,2026-07-09,2026,10.52241539,0,0,0,0,0,0,0,0,0,0,OK,Ramped,East.facing,"Growth
(Months 10-12)",Edge,B1-6a,1.8138684277368553,0.928874735,July,NA,NA,NA,NA
M12,Buck'sLanding,T1,6,b,2026-06-11,2026-07-09,2026,5.254470979,0,0,0,0,0,0,0,0,0,0,OK,Ramped,East.facing,"Growth
(Months 10-12)",Edge,B1-6b,1.806248412496825,0.920028309,July,NA,NA,NA,NA
M12,Buck'sLanding,T1,6,c,2026-06-11,2026-07-09,2026,4.853748586,0,0,0,0,0,0,0,0,0,0,OK,Ramped,East.facing,"Growth
(Months 10-12)",Edge,B1-6c,1.8053340106680211,0.918966737,July,NA,NA,NA,NA
M12,Buck'sLanding,T1,12,a,2026-06-11,2026-07-09,2026,1.774226747,0,0,0,0,0,0,0,0,0,0,OK,Ramped,East.facing,"Growth
(Months 10-12)",Platform,B1-12a,1.8483108966217932,0.96886058,July,NA,NA,NA,NA
M12,Buck'sLanding,T1,12,b,2026-06-11,2026-07-09,2026,1.911655777,0,0,0,0,0,0,0,0,0,0,OK,Ramped,East.facing,"Growth
(Months 10-12)",Platform,B1-12b,1.8461772923545847,0.966383581,July,NA,NA,NA,NA
M12,Buck'sLanding,T1,12,c,2026-06-11,2026-07-09,2026,1.730774921,0,0,0,0,0,0,0,0,0,0,OK,Ramped,East.facing,"Growth
(Months 10-12)",Platform,B1-12c,1.8428244856489713,0.962491154,July,NA,NA,NA,NA
M12,Buck'sLanding,T1,18,a,2026-06-11,2026-07-09,2026,5.933756628,0,0,0,0,0,0,0,0,0,0,OK,Ramped,East.facing,"Growth
(Months 10-12)",Platform,B1-18a,1.8736093472186943,0.998230715,July,NA,NA,NA,NA
M12,Buck'sLanding,T1,18,b,2026-06-11,2026-07-09,2026,6.088869541,0,0,0,0,0,0,0,0,0,0,OK,Ramped,East.facing,"Growth
(Months 10-12)",Platform,B1-18b,1.8745237490474984,0.999292286,July,NA,NA,NA,NA
M12,Buck'sLanding,T1,18,c,2026-06-11,2026-07-09,2026,4.224819898,0,0,0,0,0,0,0,0,0,0,OK,Ramped,East.facing,"Growth
(Months 10-12)",Platform,B1-18c,1.8806197612395223,1.006369427,July,NA,NA,NA,NA
M12,Buck'sLanding,T1,24,a,2026-06-11,2026-07-09,2026,3.456104329,0,0,0,0,0,0,0,0,0,0,OK,Ramped,East.facing,"Growth
(Months 10-12)",Platform,B1-24a,1.8641605283210565,0.987261146,July,NA,NA,NA,NA
M12,Buck'sLanding,T1,24,b,2026-06-11,2026-07-09,2026,3.725797573,0,0,0,0,0,0,0,0,0,0,OK,Ramped,East.facing,"Growth
(Months 10-12)",Platform,B1-24b,1.869037338074676,0.992922859,July,NA,NA,NA,NA
M12,Buck'sLanding,T1,24,c,2026-06-11,2026-07-09,2026,3.312780671,0,0,0,0,0,0,0,0,0,0,OK,Ramped,East.facing,"Growth
(Months 10-12)",Platform,B1-24c,1.8714757429514857,0.995753715,July,NA,NA,NA,NA
M12,Buck'sLanding,T1,48,a,2026-06-11,2026-07-09,2026,1.74711146,0,0,0,0,0,0,0,0,0,0,OK,Ramped,East.facing,"Growth
(Months 10-12)",Upland,B1-48a,1.856845313690627,0.978768577,July,NA,NA,NA,NA
M12,Buck'sLanding,T1,48,b,2026-06-11,2026-07-09,2026,2.629845968,0,0,0,0,0,0,0,0,0,0,OK,Ramped,East.facing,"Growth
(Months 10-12)",Upland,B1-48b,1.850749301498603,0.971691437,July,NA,NA,NA,NA
M12,Buck'sLanding,T1,48,c,2026-06-11,2026-07-09,2026,2.627768813,0,0,0,0,0,0,0,0,0,0,OK,Ramped,East.facing,"Growth
(Months 10-12)",Upland,B1-48c,1.8516637033274064,0.972753008,July,NA,NA,NA,NA
M12,Buck'sLanding,T2,0.5,a,2026-06-11,2026-07-09,2026,5.763429962,0,0,0,0,0,0,0,0,0,0,OK,Ramped,East.facing,"Growth
(Months 10-12)",Edge,B2-0.5a,1.6338836677673354,0.7199221515,July,NA,NA,NA,NA
M12,Buck'sLanding,T2,0.5,b,2026-06-11,2026-07-09,2026,2.982737669,0,0,0,0,0,0,0,0,0,0,OK,Ramped,East.facing,"Growth
(Months 10-12)",Edge,B2-0.5b,1.6431800863601729,0.730714791,July,NA,NA,NA,NA
M12,Buck'sLanding,T2,0.5,c,2026-06-11,2026-07-09,2026,3.452174577,0,0,0,0,0,0,0,0,0,0,OK,Ramped,East.facing,"Growth
(Months 10-12)",Edge,B2-0.5c,1.6407416814833629,0.727883935,July,NA,NA,NA,NA
M12,Buck'sLanding,T2,2,a,2026-06-11,2026-07-09,2026,1.263415167,0,0,0,0,0,0,0,0,0,0,OK,Ramped,East.facing,"Growth
(Months 10-12)",Edge,B2-2a,1.773329946659893,0.881811748,July,NA,NA,NA,NA
M12,Buck'sLanding,T2,2,b,2026-06-11,2026-07-09,2026,0.907435804,0,0,0,0,0,0,0,0,0,0,OK,Ramped,East.facing,"Growth
(Months 10-12)",Edge,B2-2b,1.7654051308102614,0.872611465,July,NA,NA,NA,NA
M12,Buck'sLanding,T2,2,c,2026-06-11,2026-07-09,2026,1.187795517,0,0,0,0,0,0,0,0,0,0,OK,Ramped,East.facing,"Growth
(Months 10-12)",Edge,B2-2c,1.7696723393446787,0.877565464,July,NA,NA,NA,NA
M12,Buck'sLanding,T2,6,a,2026-06-11,2026-07-09,2026,2.086922702,0,0,0,0,0,0,0,0,0,0,OK,Ramped,East.facing,"Growth
(Months 10-12)",Edge,B2-6a,1.843738887477775,0.963552725,July,NA,NA,NA,NA
M12,Buck'sLanding,T2,6,b,2026-06-11,2026-07-09,2026,3.037024382,0,0,0,0,0,0,0,0,0,0,OK,Ramped,East.facing,"Growth
(Months 10-12)",Edge,B2-6b,1.8394716789433576,0.958598726,July,NA,NA,NA,NA
M12,Buck'sLanding,T2,6,c,2026-06-11,2026-07-09,2026,3.372007643,0,0,0,0,0,0,0,0,0,0,OK,Ramped,East.facing,"Growth
(Months 10-12)",Edge,B2-6c,1.8376428752857503,0.956475584,July,NA,NA,NA,NA
M12,Buck'sLanding,T2,12,a,2026-06-11,2026-07-09,2026,3.476707456,0,0,0,0,0,0,0,0,0,0,OK,Ramped,East.facing,"Growth
(Months 10-12)",Platform,B2-12a,1.84008128016256,0.95930644,July,NA,NA,NA,NA
M12,Buck'sLanding,T2,12,b,2026-06-11,2026-07-09,2026,3.70171381,0,0,0,0,0,0,0,0,0,0,OK,Ramped,East.facing,"Growth
(Months 10-12)",Platform,B2-12b,1.835814071628143,0.954352442,July,NA,NA,NA,NA
M12,Buck'sLanding,T2,12,c,2026-06-11,2026-07-09,2026,4.759322267,0,0,0,0,0,0,0,0,0,0,OK,Ramped,East.facing,"Growth
(Months 10-12)",Platform,B2-12c,1.822098044196088,0.938428875,July,NA,NA,NA,NA
M12,Buck'sLanding,T2,18,a,2026-06-11,2026-07-09,2026,3.393733556,0,0,0,0,0,0,0,0,0,0,OK,Ramped,East.facing,"Growth
(Months 10-12)",Platform,B2-18a,1.8312420624841248,0.949044586,July,NA,NA,NA,NA
M12,Buck'sLanding,T2,18,b,2026-06-11,2026-07-09,2026,4.314530515,0,0,0,0,0,0,0,0,0,0,OK,Ramped,East.facing,"Growth
(Months 10-12)",Platform,B2-18b,1.8269748539497075,0.944090587,July,NA,NA,NA,NA
M12,Buck'sLanding,T2,18,c,2026-06-11,2026-07-09,2026,4.125172623,0,0,0,0,0,0,0,0,0,0,OK,Ramped,East.facing,"Growth
(Months 10-12)",Platform,B2-18c,1.8403860807721617,0.959660297,July,NA,NA,NA,NA
M12,Buck'sLanding,T2,24,a,2026-06-11,2026-07-09,2026,2.433077687,0,0,0,0,0,0,0,0,0,0,OK,Ramped,East.facing,"Growth
(Months 10-12)",Platform,B2-24a,1.8266700533401063,0.94373673,July,NA,NA,NA,NA
M12,Buck'sLanding,T2,24,b,2026-06-11,2026-07-09,2026,2.389345164,0,0,0,0,0,0,0,0,0,0,OK,Ramped,East.facing,"Growth
(Months 10-12)",Platform,B2-24b,1.8294132588265175,0.946921444,July,NA,NA,NA,NA
M12,Buck'sLanding,T2,24,c,2026-06-11,2026-07-09,2026,3.112026499,0,0,0,0,0,0,0,0,0,0,OK,Ramped,East.facing,"Growth
(Months 10-12)",Platform,B2-24c,1.8446532893065783,0.964614296,July,NA,NA,NA,NA
M12,Buck'sLanding,T2,48,a,2026-06-11,2026-07-09,2026,3.057402951,0,0,0,0,0,0,0,0,0,0,OK,Ramped,East.facing,"Growth
(Months 10-12)",Upland,B2-48a,1.8416052832105665,0.961075725,July,NA,NA,NA,NA
M12,Buck'sLanding,T2,48,b,2026-06-11,2026-07-09,2026,2.26606324,0,0,0,0,0,0,0,0,0,0,OK,Ramped,East.facing,"Growth
(Months 10-12)",Upland,B2-48b,1.8525781051562105,0.973814579,July,NA,NA,NA,NA
M12,Buck'sLanding,T2,48,c,2026-06-11,2026-07-09,2026,2.925531712,0,0,0,0,0,0,0,0,0,0,OK,Ramped,East.facing,"Growth
(Months 10-12)",Upland,B2-48c,1.849530099060198,0.970276008,July,NA,NA,NA,NA
M12,GiantMarsh,T1,0.5,a,2026-06-09,2026-07-09,2026,0.736278276,0,0,0,0,0,0,0,0,0,0,OK,Scarped,West.facing,"Growth
(Months 10-12)",Edge,G1-0.5a,2.067462535,1.195887069,July,NA,NA,NA,NA
M12,GiantMarsh,T1,0.5,b,2026-06-09,2026-07-09,2026,0.79318108,0,0,0,0,0,0,0,0,0,0,OK,Scarped,West.facing,"Growth
(Months 10-12)",Edge,G1-0.5b,2.066243332486665,1.194492855,July,NA,NA,NA,NA
M12,GiantMarsh,T1,0.5,c,2026-06-09,2026-07-09,2026,0.603924239,0,0,0,0,0,0,0,0,0,0,OK,Scarped,West.facing,"Growth
(Months 10-12)",Edge,G1-0.5c,2.0574041148082296,1.184384803,July,NA,NA,NA,NA
M12,GiantMarsh,T1,2,a,2026-06-09,2026-07-09,2026,37.26096235,0,0,0,1,0,0,0,0,1,0,Review,Scarped,West.facing,"Growth
(Months 10-12)",Edge,G1-2a,2.0183896367792733,1.139769955,July,NA,NA,NA,NA
M12,GiantMarsh,T1,2,b,2026-06-09,2026-07-09,2026,56.1923577,0,0,0,1,0,0,0,0,1,0,Review,Scarped,West.facing,"Growth
(Months 10-12)",Edge,G1-2b,2.019304038608077,1.140815615,July,NA,NA,NA,NA
M12,GiantMarsh,T1,2,c,2026-06-09,2026-07-09,2026,12.33355186,0,0,0,0,0,0,0,0,0,0,OK,Scarped,West.facing,"Growth
(Months 10-12)",Edge,G1-2c,2.0189992379984756,1.140467062,July,NA,NA,NA,NA
M12,GiantMarsh,T1,6,a,2026-06-09,2026-07-09,2026,74.72328517,0,1,0,1,0,0,0,0,1,0,Review,Scarped,West.facing,"Growth
(Months 10-12)",Edge,G1-6a,1.9723647447294896,1.087138376,July,NA,NA,NA,NA
M12,GiantMarsh,T1,6,b,2026-06-09,2026-07-09,2026,103.4577867,0,1,0,1,0,0,0,0,1,0,Review,Scarped,West.facing,"Growth
(Months 10-12)",Edge,G1-6b,1.9793751587503172,1.095155106,July,NA,NA,NA,NA
M12,GiantMarsh,T1,6,c,2026-06-09,2026-07-09,2026,24.1089742,0,1,0,1,0,0,0,0,1,0,Review,Scarped,West.facing,"Growth
(Months 10-12)",Edge,G1-6c,1.9763271526543051,1.091669571,July,NA,NA,NA,NA
M12,GiantMarsh,T1,12,a,2026-06-09,2026-07-09,2026,17.84652191,0,0,0,0,0,0,0,0,0,0,OK,Scarped,West.facing,"Growth
(Months 10-12)",Platform,G1-12a,1.9418846837693675,1.052283025,July,NA,NA,NA,NA
M12,GiantMarsh,T1,12,b,2026-06-09,2026-07-09,2026,18.30300187,0,0,0,1,0,0,0,0,1,0,Review,Scarped,West.facing,"Growth
(Months 10-12)",Platform,G1-12b,1.9495046990093976,1.060996863,July,NA,NA,NA,NA
M12,GiantMarsh,T1,12,c,2026-06-09,2026-07-09,2026,18.23635328,0,0,0,0,0,0,0,0,0,0,OK,Scarped,West.facing,"Growth
(Months 10-12)",Platform,G1-12c,1.9577343154686309,1.070407808,July,NA,NA,NA,NA
M12,GiantMarsh,T1,18,a,2026-06-09,2026-07-09,2026,6.937321643,0,0,0,0,0,0,0,0,0,0,OK,Scarped,West.facing,"Growth
(Months 10-12)",Platform,G1-18a,1.958039116078232,1.070756361,July,NA,NA,NA,NA
M12,GiantMarsh,T1,18,b,2026-06-09,2026-07-09,2026,24.00108941,0,0,0,0,0,0,0,0,0,0,OK,Scarped,West.facing,"Growth
(Months 10-12)",Platform,G1-18b,1.94005588011176,1.050191704,July,NA,NA,NA,NA
M12,GiantMarsh,T1,18,c,2026-06-09,2026-07-09,2026,21.92356069,0,0,0,0,0,0,0,0,0,0,OK,Scarped,West.facing,"Growth
(Months 10-12)",Platform,G1-18c,1.9348742697485393,1.044266295,July,NA,NA,NA,NA
M12,GiantMarsh,T1,24,a,2026-06-09,2026-07-09,2026,14.79221411,0,0,0,0,0,0,0,0,0,0,OK,Scarped,West.facing,"Growth
(Months 10-12)",Platform,G1-24a,1.94005588011176,1.050191704,July,NA,NA,NA,NA
M12,GiantMarsh,T1,24,b,2026-06-09,2026-07-09,2026,11.05213843,0,0,0,0,0,0,0,0,0,0,OK,Scarped,West.facing,"Growth
(Months 10-12)",Platform,G1-24b,1.9467614935229869,1.057859881,July,NA,NA,NA,NA
M12,GiantMarsh,T1,24,c,2026-06-09,2026-07-09,2026,9.382622729,0,0,0,0,0,0,0,0,0,0,OK,Scarped,West.facing,"Growth
(Months 10-12)",Platform,G1-24c,1.952247904495809,1.064133845,July,NA,NA,NA,NA
M12,GiantMarsh,T1,48,a,2026-06-09,2026-07-09,2026,2.11415401,0,0,0,0,0,0,0,0,0,0,OK,Scarped,West.facing,"Growth
(Months 10-12)",Upland,G1-48a,1.8736093472186943,0.974207041,July,NA,NA,NA,NA
M12,GiantMarsh,T1,48,b,2026-06-09,2026-07-09,2026,1.697128761,0,0,0,0,0,0,0,0,0,0,OK,Scarped,West.facing,"Growth
(Months 10-12)",Upland,G1-48b,1.8595885191770385,0.95817358,July,NA,NA,NA,NA
M12,GiantMarsh,T1,48,c,2026-06-09,2026-07-09,2026,3.097273089,0,0,0,0,0,0,0,0,0,0,OK,Scarped,West.facing,"Growth
(Months 10-12)",Upland,G1-48c,1.886106172212344,0.988497734,July,NA,NA,NA,NA
M12,GiantMarsh,T2,0.5,a,2026-06-09,2026-07-09,2026,NA,1,0,0,0,0,0,0,0,0,NA,#VALUE!,Scarped,West.facing,"Growth
(Months 10-12)",Edge,G2-0.5a,2.0357632715265432,1.159637504,July,NA,NA,NA,NA
M12,GiantMarsh,T2,0.5,b,2026-06-09,2026-07-09,2026,NA,1,0,0,0,0,0,0,0,0,NA,#VALUE!,Scarped,West.facing,"Growth
(Months 10-12)",Edge,G2-0.5b,2.041249682499365,1.165911467,July,NA,NA,NA,NA
M12,GiantMarsh,T2,0.5,c,2026-06-09,2026-07-09,2026,NA,1,0,0,0,0,0,0,0,0,NA,#VALUE!,Scarped,West.facing,"Growth
(Months 10-12)",Edge,G2-0.5c,2.0519177038354077,1.17811084,July,NA,NA,NA,NA
M12,GiantMarsh,T2,2,a,2026-06-09,2026-07-09,2026,6.613248121,0,0,0,0,0,0,0,0,0,0,OK,Scarped,West.facing,"Growth
(Months 10-12)",Edge,G2-2a,2.0616713233426465,1.189264552,July,NA,NA,NA,NA
M12,GiantMarsh,T2,2,b,2026-06-09,2026-07-09,2026,0.947856107,0,0,0,0,1,0,0,0,0,0,Review,Scarped,West.facing,"Growth
(Months 10-12)",Edge,G2-2b,2.054051308102616,1.180550715,July,NA,NA,NA,NA
M12,GiantMarsh,T2,2,c,2026-06-09,2026-07-09,2026,2.017534516,0,0,0,0,0,0,0,0,0,0,OK,Scarped,West.facing,"Growth
(Months 10-12)",Edge,G2-2c,2.0564897129794257,1.183339143,July,NA,NA,NA,NA
M12,GiantMarsh,T2,6,a,2026-06-09,2026-07-09,2026,30.88947255,0,0,0,0,0,0,0,0,0,0,OK,Scarped,West.facing,"Growth
(Months 10-12)",Edge,G2-6a,1.9406654813309625,1.050888811,July,NA,NA,NA,NA
M12,GiantMarsh,T2,6,b,2026-06-09,2026-07-09,2026,38.11565714,0,0,0,0,0,0,0,0,1,0,Review,Scarped,West.facing,"Growth
(Months 10-12)",Edge,G2-6b,1.9434086868173737,1.054025793,July,NA,NA,NA,NA
M12,GiantMarsh,T2,6,c,2026-06-09,2026-07-09,2026,37.78183783,0,0,0,0,0,0,0,0,0,0,OK,Scarped,West.facing,"Growth
(Months 10-12)",Edge,G2-6c,1.9473710947421896,1.058556988,July,NA,NA,NA,NA
M12,GiantMarsh,T2,12,a,2026-06-09,2026-07-09,2026,22.7289502,0,0,0,1,0,0,0,0,0,0,Review,Scarped,West.facing,"Growth
(Months 10-12)",Platform,G2-12a,1.9333502667005331,1.042523527,July,NA,NA,NA,NA
M12,GiantMarsh,T2,12,b,2026-06-09,2026-07-09,2026,18.64824365,0,0,0,1,0,0,0,0,0,0,Review,Scarped,West.facing,"Growth
(Months 10-12)",Platform,G2-12b,1.9354838709677415,1.044963402,July,NA,NA,NA,NA
M12,GiantMarsh,T2,12,c,2026-06-09,2026-07-09,2026,19.67720983,0,0,0,1,0,0,0,0,0,0,Review,Scarped,West.facing,"Growth
(Months 10-12)",Platform,G2-12c,1.9318262636525272,1.04078076,July,NA,NA,NA,NA
M12,GiantMarsh,T2,18,a,2026-06-09,2026-07-09,2026,16.87000481,0,0,0,0,0,0,0,0,0,0,OK,Scarped,West.facing,"Growth
(Months 10-12)",Platform,G2-18a,1.9610871221742443,1.074241896,July,NA,NA,NA,NA
M12,GiantMarsh,T2,18,b,2026-06-09,2026-07-09,2026,20.76098295,0,0,0,0,0,0,0,0,0,0,OK,Scarped,West.facing,"Growth
(Months 10-12)",Platform,G2-18b,1.9516383032766065,1.063436738,July,NA,NA,NA,NA
M12,GiantMarsh,T2,18,c,2026-06-09,2026-07-09,2026,15.3003572,0,0,0,0,0,0,0,0,0,0,OK,Scarped,West.facing,"Growth
(Months 10-12)",Platform,G2-18c,1.9586487172974345,1.071453468,July,NA,NA,NA,NA
M12,GiantMarsh,T2,24,a,2026-06-09,2026-07-09,2026,7.686332314,0,0,0,0,0,0,0,0,0,0,OK,Scarped,West.facing,"Growth
(Months 10-12)",Platform,G2-24a,1.9357886715773431,1.045311955,July,NA,NA,NA,NA
M12,GiantMarsh,T2,24,b,2026-06-09,2026-07-09,2026,8.738353039,0,0,0,0,0,0,0,0,0,0,OK,Scarped,West.facing,"Growth
(Months 10-12)",Platform,G2-24b,1.9406654813309625,1.050888811,July,NA,NA,NA,NA
M12,GiantMarsh,T2,24,c,2026-06-09,2026-07-09,2026,11.80293059,0,0,0,0,0,0,0,0,0,0,OK,Scarped,West.facing,"Growth
(Months 10-12)",Platform,G2-24c,1.9354838709677415,1.044963402,July,NA,NA,NA,NA
M12,GiantMarsh,T2,48,a,2026-06-09,2026-07-09,2026,11.71144597,0,0,0,0,0,0,0,0,0,0,OK,Scarped,West.facing,"Growth
(Months 10-12)",Upland,G2-48a,1.8733045466090932,0.973858487,July,NA,NA,NA,NA
M12,GiantMarsh,T2,48,b,2026-06-09,2026-07-09,2026,3.975703582,0,0,0,0,0,0,0,0,0,0,OK,Scarped,West.facing,"Growth
(Months 10-12)",Upland,G2-48b,1.897078994157988,1.001045661,July,NA,NA,NA,NA
M12,GiantMarsh,T2,48,c,2026-06-09,2026-07-09,2026,7.18615352,0,0,0,0,0,0,0,0,0,0,OK,Scarped,West.facing,"Growth
(Months 10-12)",Upland,G2-48c,1.8836677673355344,0.985709306,July,NA,NA,NA,NA
M12,CorteMadera,T1,0.5,a,2026-06-10,2026-07-07,2026,1.376810335,0,0,0,0,0,0,0,0,0,0,OK,Scarped,East.facing,"Growth
(Months 10-12)",Edge,C1-0.5a,1.6593345186690371,0.772363636,July,NA,NA,NA,NA
M12,CorteMadera,T1,0.5,b,2026-06-10,2026-07-07,2026,1.058180247,0,0,0,0,0,0,0,0,0,0,OK,Scarped,East.facing,"Growth
(Months 10-12)",Edge,C1-0.5b,1.6684785369570738,0.783272727,July,NA,NA,NA,NA
M12,CorteMadera,T1,0.5,c,2026-06-10,2026-07-07,2026,1.815137749,0,0,0,0,0,0,0,0,0,0,OK,Scarped,East.facing,"Growth
(Months 10-12)",Edge,C1-0.5c,1.6614681229362456,0.774909091,July,NA,NA,NA,NA
M12,CorteMadera,T1,2,a,2026-06-10,2026-07-07,2026,5.035671138,0,0,0,0,0,1,0,0,0,0,Review,Scarped,East.facing,"Growth
(Months 10-12)",Edge,C1-2a,1.6462280924561847,0.756727273,July,NA,NA,NA,NA
M12,CorteMadera,T1,2,b,2026-06-10,2026-07-07,2026,3.004018626,0,0,0,0,0,0,0,0,0,0,OK,Scarped,East.facing,"Growth
(Months 10-12)",Edge,C1-2b,1.6480568961137922,0.758909091,July,NA,NA,NA,NA
M12,CorteMadera,T1,2,c,2026-06-10,2026-07-07,2026,2.236348911,0,0,0,0,0,0,0,0,0,0,OK,Scarped,East.facing,"Growth
(Months 10-12)",Edge,C1-2c,1.6462280924561847,0.756727273,July,NA,NA,NA,NA
M12,CorteMadera,T1,6,a,2026-06-10,2026-07-07,2026,12.01502657,0,0,0,0,0,0,0,0,0,0,OK,Scarped,East.facing,"Growth
(Months 10-12)",Edge,C1-6a,1.664516129032258,0.778545455,July,NA,NA,NA,NA
M12,CorteMadera,T1,6,b,2026-06-10,2026-07-07,2026,12.8995409,0,0,0,0,0,0,0,0,0,0,OK,Scarped,East.facing,"Growth
(Months 10-12)",Edge,C1-6b,1.6620777241554483,0.775636364,July,NA,NA,NA,NA
M12,CorteMadera,T1,6,c,2026-06-10,2026-07-07,2026,15.34710669,0,0,0,0,0,0,0,0,0,0,OK,Scarped,East.facing,"Growth
(Months 10-12)",Edge,C1-6c,1.6529337058674116,0.764727273,July,NA,NA,NA,NA
M12,CorteMadera,T1,12,a,2026-06-10,2026-07-07,2026,NA,1,0,0,0,0,0,0,0,0,0,Review,Scarped,East.facing,"Growth
(Months 10-12)",Platform,C1-12a,1.6413512827025651,0.750909091,July,NA,NA,NA,NA
M12,CorteMadera,T1,12,b,2026-06-10,2026-07-07,2026,6.059851755,0,0,0,0,0,0,0,0,0,0,OK,Scarped,East.facing,"Growth
(Months 10-12)",Platform,C1-12b,1.6447040894081788,0.754909091,July,NA,NA,NA,NA
M12,CorteMadera,T1,12,c,2026-06-10,2026-07-07,2026,9.629347094,0,0,0,0,0,1,0,0,0,0,Review,Scarped,East.facing,"Growth
(Months 10-12)",Platform,C1-12c,1.659029718059436,0.772,July,NA,NA,NA,NA
M12,CorteMadera,T1,18,a,2026-06-10,2026-07-07,2026,NA,1,0,0,0,0,0,0,0,0,0,Review,Scarped,East.facing,"Growth
(Months 10-12)",Platform,C1-18a,1.679756159512319,0.796727273,July,NA,NA,NA,NA
M12,CorteMadera,T1,18,b,2026-06-10,2026-07-07,2026,7.25199287,0,0,0,0,0,0,0,0,0,0,OK,Scarped,East.facing,"Growth
(Months 10-12)",Platform,C1-18b,1.6696977393954786,0.784727273,July,NA,NA,NA,NA
M12,CorteMadera,T1,18,c,2026-06-10,2026-07-07,2026,5.552186056,0,0,0,0,0,0,0,0,0,0,OK,Scarped,East.facing,"Growth
(Months 10-12)",Platform,C1-18c,1.671526543053086,0.786909091,July,NA,NA,NA,NA
M12,CorteMadera,T1,24,a,2026-06-10,2026-07-07,2026,4.726647109,0,0,0,0,0,0,0,0,0,0,OK,Scarped,East.facing,"Growth
(Months 10-12)",Platform,C1-24a,1.7199898399796798,0.844727273,July,NA,NA,NA,NA
M12,CorteMadera,T1,24,b,2026-06-10,2026-07-07,2026,7.515315343,0,0,0,0,0,0,0,0,0,0,OK,Scarped,East.facing,"Growth
(Months 10-12)",Platform,C1-24b,1.7184658369316737,0.842909091,July,NA,NA,NA,NA
M12,CorteMadera,T1,24,c,2026-06-10,2026-07-07,2026,7.949043492,0,0,0,0,0,0,0,0,0,0,OK,Scarped,East.facing,"Growth
(Months 10-12)",Platform,C1-24c,1.7141986283972566,0.837818182,July,NA,NA,NA,NA
M12,CorteMadera,T1,48,a,2026-06-10,2026-07-07,2026,4.081352773,0,0,0,0,0,0,0,0,0,0,OK,Scarped,East.facing,"Growth
(Months 10-12)",Upland,C1-48a,1.732486665,0.859636364,July,NA,NA,NA,NA
M12,CorteMadera,T1,48,b,2026-06-10,2026-07-07,2026,4.679024341,0,0,0,0,0,0,0,0,0,0,OK,Scarped,East.facing,"Growth
(Months 10-12)",Upland,C1-48b,1.7108458216916431,0.833818182,July,NA,NA,NA,NA
M12,CorteMadera,T1,48,c,2026-06-10,2026-07-07,2026,3.687271452,0,0,0,0,0,0,0,0,0,0,OK,Scarped,East.facing,"Growth
(Months 10-12)",Upland,C1-48c,1.7065786131572265,0.828727273,July,NA,NA,NA,NA
M12,CorteMadera,T2,0.5,a,2026-06-10,2026-07-07,2026,0.124820557,0,0,0,0,0,0,0,0,0,0,OK,Scarped,East.facing,"Growth
(Months 10-12)",Edge,C2-0.5a,1.621234442468885,0.726909091,July,NA,NA,NA,NA
M12,CorteMadera,T2,0.5,b,2026-06-10,2026-07-07,2026,0.060721941,0,0,0,0,0,0,0,0,0,0,OK,Scarped,East.facing,"Growth
(Months 10-12)",Edge,C2-0.5b,1.6392176784353567,0.748363636,July,NA,NA,NA,NA
M12,CorteMadera,T2,0.5,c,2026-06-10,2026-07-07,2026,0.255637624,0,0,0,0,0,0,0,0,0,0,OK,Scarped,East.facing,"Growth
(Months 10-12)",Edge,C2-0.5c,1.6495808991617982,0.760727273,July,NA,NA,NA,NA
M12,CorteMadera,T2,2,a,2026-06-10,2026-07-07,2026,0.522918958,0,0,0,0,0,0,0,0,0,0,OK,Scarped,East.facing,"Growth
(Months 10-12)",Edge,C2-2a,1.656286512573025,0.768727273,July,NA,NA,NA,NA
M12,CorteMadera,T2,2,b,2026-06-10,2026-07-07,2026,0.889113596,0,0,0,0,0,0,0,0,0,0,OK,Scarped,East.facing,"Growth
(Months 10-12)",Edge,C2-2b,1.6544577089154178,0.766545455,July,NA,NA,NA,NA
M12,CorteMadera,T2,2,c,2026-06-10,2026-07-07,2026,0.553716567,0,0,0,0,0,0,0,0,0,0,OK,Scarped,East.facing,"Growth
(Months 10-12)",Edge,C2-2c,1.6556769113538228,0.768,July,NA,NA,NA,NA
M12,CorteMadera,T2,6,a,2026-06-10,2026-07-07,2026,2.978577122,0,0,0,0,0,0,0,0,0,0,OK,Scarped,East.facing,"Growth
(Months 10-12)",Edge,C2-6a,1.6623825247650494,0.776,July,NA,NA,NA,NA
M12,CorteMadera,T2,6,b,2026-06-10,2026-07-07,2026,2.362275621,0,0,0,0,0,0,0,0,0,0,OK,Scarped,East.facing,"Growth
(Months 10-12)",Edge,C2-6b,1.6727457454914911,0.788363636,July,NA,NA,NA,NA
M12,CorteMadera,T2,6,c,2026-06-10,2026-07-07,2026,4.182012635,0,0,0,0,0,0,0,0,0,0,OK,Scarped,East.facing,"Growth
(Months 10-12)",Edge,C2-6c,1.6675641351282702,0.782181818,July,NA,NA,NA,NA
M12,CorteMadera,T2,12,a,2026-06-10,2026-07-07,2026,4.688979712,0,0,0,0,0,0,0,0,0,0,OK,Scarped,East.facing,"Growth
(Months 10-12)",Platform,C2-12a,1.664820929641859,0.778909091,July,NA,NA,NA,NA
M12,CorteMadera,T2,12,b,2026-06-10,2026-07-07,2026,4.869340759,0,0,0,0,0,0,0,0,0,0,OK,Scarped,East.facing,"Growth
(Months 10-12)",Platform,C2-12b,1.6651257302514604,0.779272727,July,NA,NA,NA,NA
M12,CorteMadera,T2,12,c,2026-06-10,2026-07-07,2026,4.601477241,0,0,0,0,0,0,0,0,0,0,OK,Scarped,East.facing,"Growth
(Months 10-12)",Platform,C2-12c,1.6657353314706629,0.78,July,NA,NA,NA,NA
M12,CorteMadera,T2,18,a,2026-06-10,2026-07-07,2026,3.969922481,0,0,0,0,0,1,0,0,0,0,Review,Scarped,East.facing,"Growth
(Months 10-12)",Platform,C2-18a,1.6623825247650494,0.776,July,NA,NA,NA,NA
M12,CorteMadera,T2,18,b,2026-06-10,2026-07-07,2026,4.192841284,0,0,0,0,0,0,0,0,0,0,OK,Scarped,East.facing,"Growth
(Months 10-12)",Platform,C2-18b,1.6672593345186688,0.781818182,July,NA,NA,NA,NA
M12,CorteMadera,T2,18,c,2026-06-10,2026-07-07,2026,6.36371374,1,0,0,0,0,0,0,0,0,0,Review,Scarped,East.facing,"Growth
(Months 10-12)",Platform,C2-18c,1.6773177546355091,0.793818182,July,NA,NA,NA,NA
M12,CorteMadera,T2,24,a,2026-06-10,2026-07-07,2026,8.852595287,0,0,0,0,0,0,0,0,0,0,OK,Scarped,East.facing,"Growth
(Months 10-12)",Platform,C2-24a,1.6794513589027176,0.796363636,July,NA,NA,NA,NA
M12,CorteMadera,T2,24,b,2026-06-10,2026-07-07,2026,9.503071073,0,0,0,0,0,0,0,0,0,0,OK,Scarped,East.facing,"Growth
(Months 10-12)",Platform,C2-24b,1.6843281686563372,0.802181818,July,NA,NA,NA,NA
M12,CorteMadera,T2,24,c,2026-06-10,2026-07-07,2026,8.314423071,0,0,0,0,0,0,0,0,0,0,OK,Scarped,East.facing,"Growth
(Months 10-12)",Platform,C2-24c,1.6751841503683007,0.791272727,July,NA,NA,NA,NA
M12,CorteMadera,T2,48,a,2026-06-10,2026-07-07,2026,6.033653411,0,0,0,0,0,0,0,0,0,0,OK,Scarped,East.facing,"Growth
(Months 10-12)",Upland,C2-48a,1.6794513589027176,0.796363636,July,NA,NA,NA,NA
M12,CorteMadera,T2,48,b,2026-06-10,2026-07-07,2026,5.973047907,0,0,0,0,0,0,0,0,0,0,OK,Scarped,East.facing,"Growth
(Months 10-12)",Upland,C2-48b,1.6821945643891287,0.799636364,July,NA,NA,NA,NA
M12,CorteMadera,T2,48,c,2026-06-10,2026-07-07,2026,4.690668049,0,0,0,0,0,0,0,0,0,0,OK,Scarped,East.facing,"Growth
(Months 10-12)",Upland,C2-48c,1.673050546101092,0.788727273,July,NA,NA,NA,NA
M12,SanPablo,T1,0.5,a,2026-06-12,2026-07-06,2026,2.919085048,0,0,0,0,0,0,0,0,0,0,OK,Ramped,South.facing,"Growth
(Months 10-12)",Edge,S1-0.5a,1.706273812547625,0.771628722,July,NA,NA,NA,NA
M12,SanPablo,T1,0.5,b,2026-06-12,2026-07-06,2026,0.563591888,0,0,0,0,0,0,0,0,0,0,OK,Ramped,South.facing,"Growth
(Months 10-12)",Edge,S1-0.5b,1.722733045466091,0.790542907,July,NA,NA,NA,NA
M12,SanPablo,T1,0.5,c,2026-06-12,2026-07-06,2026,1.755747557,0,0,0,0,0,0,0,0,0,0,OK,Ramped,South.facing,"Growth
(Months 10-12)",Edge,S1-0.5c,1.723037846075692,0.79089317,July,NA,NA,NA,NA
M12,SanPablo,T1,2,a,2026-06-12,2026-07-06,2026,2.17413512,0,0,0,0,0,0,0,0,0,0,OK,Ramped,South.facing,"Growth
(Months 10-12)",Edge,S1-2a,1.6913385826771654,0.754465849,July,NA,NA,NA,NA
M12,SanPablo,T1,2,b,2026-06-12,2026-07-06,2026,4.416909903,0,0,0,0,0,0,0,0,0,0,OK,Ramped,South.facing,"Growth
(Months 10-12)",Edge,S1-2b,1.7202946405892812,0.787740806,July,NA,NA,NA,NA
M12,SanPablo,T1,2,c,2026-06-12,2026-07-06,2026,1.256538102,0,0,0,0,0,0,0,0,0,0,OK,Ramped,South.facing,"Growth
(Months 10-12)",Edge,S1-2c,1.7550419100838202,0.827670753,July,NA,NA,NA,NA
M12,SanPablo,T1,6,a,2026-06-12,2026-07-06,2026,2.687251531,1,0,0,0,0,0,0,0,0,0,Review,Ramped,South.facing,"Growth
(Months 10-12)",Edge,S1-6a,1.8266700533401063,0.909982487,July,NA,NA,NA,NA
M12,SanPablo,T1,6,b,2026-06-12,2026-07-06,2026,NA,1,0,0,0,0,0,0,0,0,0,Review,Ramped,South.facing,"Growth
(Months 10-12)",Edge,S1-6b,1.8254508509017016,0.908581436,July,NA,NA,NA,NA
M12,SanPablo,T1,6,c,2026-06-12,2026-07-06,2026,1.113167661,0,0,0,0,0,0,0,0,0,0,OK,Ramped,South.facing,"Growth
(Months 10-12)",Edge,S1-6c,1.83002286004572,0.913835377,July,NA,NA,NA,NA
M12,SanPablo,T1,12,a,2026-06-12,2026-07-06,2026,2.781412747,0,0,0,0,0,0,0,0,0,0,OK,Ramped,South.facing,"Growth
(Months 10-12)",Platform,S1-12a,1.877266954533909,0.968126095,July,NA,NA,NA,NA
M12,SanPablo,T1,12,b,2026-06-12,2026-07-06,2026,2.011574392,0,0,0,0,0,0,0,0,0,0,OK,Ramped,South.facing,"Growth
(Months 10-12)",Platform,S1-12b,1.889763779527559,0.982486865,July,NA,NA,NA,NA
M12,SanPablo,T1,12,c,2026-06-12,2026-07-06,2026,3.693180634,0,0,0,0,0,0,0,0,0,0,OK,Ramped,South.facing,"Growth
(Months 10-12)",Platform,S1-12c,1.8851917703835408,0.977232925,July,NA,NA,NA,NA
M12,SanPablo,T1,18,a,2026-06-12,2026-07-06,2026,4.19461695,0,0,0,0,0,0,0,0,0,0,OK,Ramped,South.facing,"Growth
(Months 10-12)",Platform,S1-18a,1.9778511557023113,1.083712785,July,NA,NA,NA,NA
M12,SanPablo,T1,18,b,2026-06-12,2026-07-06,2026,1.790853339,0,0,0,0,0,0,0,0,0,0,OK,Ramped,South.facing,"Growth
(Months 10-12)",Platform,S1-18b,1.9882143764287528,1.095621716,July,NA,NA,NA,NA
M12,SanPablo,T1,18,c,2026-06-12,2026-07-06,2026,4.540173114,0,0,0,0,0,0,0,0,0,0,OK,Ramped,South.facing,"Growth
(Months 10-12)",Platform,S1-18c,1.9918719837439671,1.099824869,July,NA,NA,NA,NA
M12,SanPablo,T1,24,a,2026-06-12,2026-07-06,2026,5.696240565,0,0,0,0,0,0,0,0,0,0,OK,Ramped,South.facing,"Growth
(Months 10-12)",Platform,S1-24a,1.9751079502159004,1.08056042,July,NA,NA,NA,NA
M12,SanPablo,T1,24,b,2026-06-12,2026-07-06,2026,5.46969038,0,0,0,0,0,0,0,0,0,0,OK,Ramped,South.facing,"Growth
(Months 10-12)",Platform,S1-24b,1.984861569723139,1.091768827,July,NA,NA,NA,NA
M12,SanPablo,T1,24,c,2026-06-12,2026-07-06,2026,5.025693935,0,0,0,0,0,0,0,0,0,0,OK,Ramped,South.facing,"Growth
(Months 10-12)",Platform,S1-24c,1.9751079502159004,1.08056042,July,NA,NA,NA,NA
M12,SanPablo,T1,48,a,2026-06-12,2026-07-06,2026,3.243093075,0,0,0,0,0,0,0,0,0,0,OK,Ramped,South.facing,"Growth
(Months 10-12)",Upland,S1-48a,2.013208026416053,1.124343257,July,NA,NA,NA,NA
M12,SanPablo,T1,48,b,2026-06-12,2026-07-06,2026,5.289511265,0,0,0,0,0,1,0,0,0,0,Review,Ramped,South.facing,"Growth
(Months 10-12)",Upland,S1-48b,2.0159512319024637,1.127495622,July,NA,NA,NA,NA
M12,SanPablo,T1,48,c,2026-06-12,2026-07-06,2026,2.565014421,0,0,0,0,0,0,0,0,0,0,OK,Ramped,South.facing,"Growth
(Months 10-12)",Upland,S1-48c,2.0144272288544576,1.125744308,July,NA,NA,NA,NA
M12,SanPablo,T2,0.5,a,2026-06-12,2026-07-06,2026,-0.065888837,0,0,0,0,0,0,0,0,0,1,Review,Ramped,South.facing,"Growth
(Months 10-12)",Edge,S2-0.5a,1.727305054610109,0.795796848,July,NA,NA,NA,NA
M12,SanPablo,T2,0.5,b,2026-06-12,2026-07-06,2026,0.919889374,0,0,0,0,0,0,0,0,0,0,OK,Ramped,South.facing,"Growth
(Months 10-12)",Edge,S2-0.5b,1.7297434594869188,0.798598949,July,NA,NA,NA,NA
M12,SanPablo,T2,0.5,c,2026-06-12,2026-07-06,2026,0.78385447,0,0,0,0,0,0,0,0,0,0,OK,Ramped,South.facing,"Growth
(Months 10-12)",Edge,S2-0.5c,1.721818643637287,0.789492119,July,NA,NA,NA,NA
M12,SanPablo,T2,2,a,2026-06-12,2026-07-06,2026,3.607774031,0,0,0,0,0,0,0,0,0,0,OK,Ramped,South.facing,"Growth
(Months 10-12)",Edge,S2-2a,1.7401066802133602,0.810507881,July,NA,NA,NA,NA
M12,SanPablo,T2,2,b,2026-06-12,2026-07-06,2026,0.725694145,0,0,0,0,0,0,0,0,0,0,OK,Ramped,South.facing,"Growth
(Months 10-12)",Edge,S2-2b,1.751993903987808,0.824168126,July,NA,NA,NA,NA
M12,SanPablo,T2,2,c,2026-06-12,2026-07-06,2026,1.134322824,0,0,0,0,0,0,0,0,0,0,OK,Ramped,South.facing,"Growth
(Months 10-12)",Edge,S2-2c,1.750469900939802,0.822416813,July,NA,NA,NA,NA
M12,SanPablo,T2,6,a,2026-06-12,2026-07-06,2026,1.517146134,1,0,0,0,0,0,0,0,0,0,Review,Ramped,South.facing,"Growth
(Months 10-12)",Edge,S2-6a,1.8239268478536956,0.906830123,July,NA,NA,NA,NA
M12,SanPablo,T2,6,b,2026-06-12,2026-07-06,2026,5.869804597,1,0,0,0,0,0,0,0,0,0,Review,Ramped,South.facing,"Growth
(Months 10-12)",Edge,S2-6b,1.8135636271272544,0.894921191,July,NA,NA,NA,NA
M12,SanPablo,T2,6,c,2026-06-12,2026-07-06,2026,8.066863269,0,0,0,0,1,0,0,0,0,0,Review,Ramped,South.facing,"Growth
(Months 10-12)",Edge,S2-6c,1.8083820167640337,0.888966725,July,NA,NA,NA,NA
M12,SanPablo,T2,12,a,2026-06-12,2026-07-06,2026,4.295480576,1,0,0,0,0,0,0,0,0,0,Review,Ramped,South.facing,"Growth
(Months 10-12)",Platform,S2-12a,1.899517399034798,0.993695271,July,NA,NA,NA,NA
M12,SanPablo,T2,12,b,2026-06-12,2026-07-06,2026,2.384704315,1,0,0,0,1,0,0,0,0,0,Review,Ramped,South.facing,"Growth
(Months 10-12)",Platform,S2-12b,1.8912877825755652,0.984238179,July,NA,NA,NA,NA
M12,SanPablo,T2,12,c,2026-06-12,2026-07-06,2026,16.84236993,1,0,0,0,0,0,0,0,0,0,Review,Ramped,South.facing,"Growth
(Months 10-12)",Platform,S2-12c,1.8836677673355344,0.975481611,July,NA,NA,NA,NA
M12,SanPablo,T2,18,a,2026-06-12,2026-07-06,2026,1.771859539,0,0,0,0,0,0,0,0,0,0,OK,Ramped,South.facing,"Growth
(Months 10-12)",Platform,S2-18a,1.9677927355854712,1.072154116,July,NA,NA,NA,NA
M12,SanPablo,T2,18,b,2026-06-12,2026-07-06,2026,1.9718839,0,0,0,0,0,0,0,0,0,0,OK,Ramped,South.facing,"Growth
(Months 10-12)",Platform,S2-18b,1.9677927355854712,1.072154116,July,NA,NA,NA,NA
M12,SanPablo,T2,18,c,2026-06-12,2026-07-06,2026,8.33605126,0,0,0,0,0,0,0,0,0,0,OK,Ramped,South.facing,"Growth
(Months 10-12)",Platform,S2-18c,1.9613919227838457,1.064798599,July,NA,NA,NA,NA
M12,SanPablo,T2,24,a,2026-06-12,2026-07-06,2026,10.69540868,0,0,0,0,0,0,0,0,0,0,OK,Ramped,South.facing,"Growth
(Months 10-12)",Platform,S2-24a,2.0001016002032004,1.109281961,July,NA,NA,NA,NA
M12,SanPablo,T2,24,b,2026-06-12,2026-07-06,2026,9.838395329,0,0,0,0,0,0,0,0,0,0,OK,Ramped,South.facing,"Growth
(Months 10-12)",Platform,S2-24b,1.9979679959359915,1.106830123,July,NA,NA,NA,NA
M12,SanPablo,T2,24,c,2026-06-12,2026-07-06,2026,6.171609527,0,0,0,0,0,0,0,0,0,0,OK,Ramped,South.facing,"Growth
(Months 10-12)",Platform,S2-24c,1.9915671831343664,1.099474606,July,NA,NA,NA,NA
M12,SanPablo,T2,48,a,2026-06-12,2026-07-06,2026,6.78196546,0,0,0,0,0,0,0,0,0,0,OK,Ramped,South.facing,"Growth
(Months 10-12)",Upland,S2-48a,2.0138176276352553,1.125043783,July,NA,NA,NA,NA
M12,SanPablo,T2,48,b,2026-06-12,2026-07-06,2026,5.586273013,0,0,0,0,0,0,0,0,0,0,OK,Ramped,South.facing,"Growth
(Months 10-12)",Upland,S2-48b,2.022961645923292,1.135551664,July,NA,NA,NA,NA
M12,SanPablo,T2,48,c,2026-06-12,2026-07-06,2026,7.058357995,0,0,0,0,0,0,0,0,0,0,OK,Ramped,South.facing,"Growth
(Months 10-12)",Upland,S2-48c,2.0205232410464817,1.132749562,July,NA,NA,NA,NA
