Site,Tran,Dist,Replicate,Date.placed.in.field,Date.removed.from.field,Season,Year,Flux,LOI,Month,marsh_edge_type,marsh_orientation,Study.Phase,Phen_Period
CorteMadera,A,0.5,a,2022-05-04,2022-06-03,Spring,2022,3.348354269,NA,May,Scarped,East.facing,NA,NA
CorteMadera,A,0.5,b,2022-05-04,2022-06-03,Spring,2022,NA,NA,May,Scarped,East.facing,NA,NA
CorteMadera,A,0.5,c,2022-05-04,2022-06-03,Spring,2022,1.779081182,6.041552761,May,Scarped,East.facing,NA,NA
CorteMadera,A,2,a,2022-05-04,2022-06-03,Spring,2022,0.838089015,NA,May,Scarped,East.facing,NA,NA
CorteMadera,A,2,b,2022-05-04,2022-06-03,Spring,2022,0.827798699,5.202108963,May,Scarped,East.facing,NA,NA
CorteMadera,A,2,c,2022-05-04,2022-06-03,Spring,2022,0.892970696,NA,May,Scarped,East.facing,NA,NA
CorteMadera,A,6,a,2022-05-04,2022-06-03,Spring,2022,1.316588677,6.579145918,May,Scarped,East.facing,NA,NA
CorteMadera,A,6,b,2022-05-04,2022-06-03,Spring,2022,1.850541705,NA,May,Scarped,East.facing,NA,NA
CorteMadera,A,6,c,2022-05-04,2022-06-03,Spring,2022,1.589282033,NA,May,Scarped,East.facing,NA,NA
CorteMadera,A,12,a,2022-05-04,2022-06-03,Spring,2022,1.208540366,7.083075015,May,Scarped,East.facing,NA,NA
CorteMadera,A,12,b,2022-05-04,2022-06-03,Spring,2022,1.124502791,NA,May,Scarped,East.facing,NA,NA
CorteMadera,A,12,c,2022-05-04,2022-06-03,Spring,2022,1.395481094,NA,May,Scarped,East.facing,NA,NA
CorteMadera,A,24,a,2022-05-04,2022-06-03,Spring,2022,2.70235114,10.85476987,May,Scarped,East.facing,NA,NA
CorteMadera,A,24,b,2022-05-04,2022-06-03,Spring,2022,2.103226115,NA,May,Scarped,East.facing,NA,NA
CorteMadera,A,24,c,2022-05-04,2022-06-03,Spring,2022,2.726361876,NA,May,Scarped,East.facing,NA,NA
CorteMadera,A,48,a,2022-05-04,2022-06-03,Spring,2022,2.480537677,10.68075117,May,Scarped,East.facing,NA,NA
CorteMadera,A,48,b,2022-05-04,2022-06-03,Spring,2022,1.743065079,NA,May,Scarped,East.facing,NA,NA
CorteMadera,A,48,c,2022-05-04,2022-06-03,Spring,2022,1.459509723,NA,May,Scarped,East.facing,NA,NA
CorteMadera,B,0.5,a,2022-05-04,2022-06-03,Spring,2022,NA,NA,May,Scarped,East.facing,NA,NA
CorteMadera,B,0.5,b,2022-05-04,2022-06-03,Spring,2022,NA,NA,May,Scarped,East.facing,NA,NA
CorteMadera,B,0.5,c,2022-05-04,2022-06-03,Spring,2022,NA,NA,May,Scarped,East.facing,NA,NA
CorteMadera,B,2,a,2022-05-04,2022-06-03,Spring,2022,0.724323862,5.531374683,May,Scarped,East.facing,NA,NA
CorteMadera,B,2,b,2022-05-04,2022-06-03,Spring,2022,0.836945646,NA,May,Scarped,East.facing,NA,NA
CorteMadera,B,2,c,2022-05-04,2022-06-03,Spring,2022,3.43182016,NA,May,Scarped,East.facing,NA,NA
CorteMadera,B,6,a,2022-05-04,2022-06-03,Spring,2022,1.610434348,NA,May,Scarped,East.facing,NA,NA
CorteMadera,B,6,b,2022-05-04,2022-06-03,Spring,2022,1.03417669,NA,May,Scarped,East.facing,NA,NA
CorteMadera,B,6,c,2022-05-04,2022-06-03,Spring,2022,2.078072011,7.194981436,May,Scarped,East.facing,NA,NA
CorteMadera,B,12,a,2022-05-04,2022-06-03,Spring,2022,2.52055557,NA,May,Scarped,East.facing,NA,NA
CorteMadera,B,12,b,2022-05-04,2022-06-03,Spring,2022,1.848254969,8.105177555,May,Scarped,East.facing,NA,NA
CorteMadera,B,12,c,2022-05-04,2022-06-03,Spring,2022,1.393766042,NA,May,Scarped,East.facing,NA,NA
CorteMadera,B,24,a,2022-05-04,2022-06-03,Spring,2022,1.747066868,8.393083087,May,Scarped,East.facing,NA,NA
CorteMadera,B,24,b,2022-05-04,2022-06-03,Spring,2022,2.427942732,NA,May,Scarped,East.facing,NA,NA
CorteMadera,B,24,c,2022-05-04,2022-06-03,Spring,2022,2.190122111,NA,May,Scarped,East.facing,NA,NA
CorteMadera,B,48,a,2022-05-04,2022-06-03,Spring,2022,1.434927303,NA,May,Scarped,East.facing,NA,NA
CorteMadera,B,48,b,2022-05-04,2022-06-03,Spring,2022,1.289147836,NA,May,Scarped,East.facing,NA,NA
CorteMadera,B,48,c,2022-05-04,2022-06-03,Spring,2022,1.066762688,7.573564882,May,Scarped,East.facing,NA,NA
CorteMadera,C,0.5,a,2022-05-04,2022-06-03,Spring,2022,1.396052779,7.078176879,May,Scarped,East.facing,NA,NA
CorteMadera,C,0.5,b,2022-05-04,2022-06-03,Spring,2022,1.168522473,NA,May,Scarped,East.facing,NA,NA
CorteMadera,C,0.5,c,2022-05-04,2022-06-03,Spring,2022,1.120501002,NA,May,Scarped,East.facing,NA,NA
CorteMadera,C,2,a,2022-05-04,2022-06-03,Spring,2022,2.078072011,NA,May,Scarped,East.facing,NA,NA
CorteMadera,C,2,b,2022-05-04,2022-06-03,Spring,2022,2.517125465,NA,May,Scarped,East.facing,NA,NA
CorteMadera,C,2,c,2022-05-04,2022-06-03,Spring,2022,2.952177129,13.36788814,May,Scarped,East.facing,NA,NA
CorteMadera,C,6,a,2022-05-04,2022-06-03,Spring,2022,3.908033085,11.05575781,May,Scarped,East.facing,NA,NA
CorteMadera,C,6,b,2022-05-04,2022-06-03,Spring,2022,3.226585538,NA,May,Scarped,East.facing,NA,NA
CorteMadera,C,6,c,2022-05-04,2022-06-03,Spring,2022,4.5220219,NA,May,Scarped,East.facing,NA,NA
CorteMadera,C,12,a,2022-05-04,2022-06-03,Spring,2022,3.030497862,NA,May,Scarped,East.facing,NA,NA
CorteMadera,C,12,b,2022-05-04,2022-06-03,Spring,2022,3.431248476,NA,May,Scarped,East.facing,NA,NA
CorteMadera,C,12,c,2022-05-04,2022-06-03,Spring,2022,2.730363665,12.83446712,May,Scarped,East.facing,NA,NA
CorteMadera,C,24,a,2022-05-04,2022-06-03,Spring,2022,1.908853492,NA,May,Scarped,East.facing,NA,NA
CorteMadera,C,24,b,2022-05-04,2022-06-03,Spring,2022,2.154677692,NA,May,Scarped,East.facing,NA,NA
CorteMadera,C,24,c,2022-05-04,2022-06-03,Spring,2022,2.14896085,12.45131135,May,Scarped,East.facing,NA,NA
CorteMadera,C,48,a,2022-05-04,2022-06-03,Spring,2022,2.674910299,NA,May,Scarped,East.facing,NA,NA
CorteMadera,C,48,b,2022-05-04,2022-06-03,Spring,2022,2.067210011,11.37593404,May,Scarped,East.facing,NA,NA
CorteMadera,C,48,c,2022-05-04,2022-06-03,Spring,2022,2.58344083,NA,May,Scarped,East.facing,NA,NA
CorteMadera,D,0.5,a,2022-05-04,2022-06-03,Spring,2022,0.713461862,5.126791621,May,Scarped,East.facing,NA,NA
CorteMadera,D,0.5,b,2022-05-04,2022-06-03,Spring,2022,1.011881007,NA,May,Scarped,East.facing,NA,NA
CorteMadera,D,0.5,c,2022-05-04,2022-06-03,Spring,2022,1.394337726,NA,May,Scarped,East.facing,NA,NA
CorteMadera,D,2,a,2022-05-04,2022-06-03,Spring,2022,1.582421823,NA,May,Scarped,East.facing,NA,NA
CorteMadera,D,2,b,2022-05-04,2022-06-03,Spring,2022,2.46738894,9.191530318,May,Scarped,East.facing,NA,NA
CorteMadera,D,2,c,2022-05-04,2022-06-03,Spring,2022,2.506835149,NA,May,Scarped,East.facing,NA,NA
CorteMadera,D,6,a,2022-05-04,2022-06-03,Spring,2022,1.966593595,NA,May,Scarped,East.facing,NA,NA
CorteMadera,D,6,b,2022-05-04,2022-06-03,Spring,2022,3.68736299,10.64463445,May,Scarped,East.facing,NA,NA
CorteMadera,D,6,c,2022-05-04,2022-06-03,Spring,2022,3.305477955,NA,May,Scarped,East.facing,NA,NA
CorteMadera,D,12,a,2022-05-04,2022-06-03,Spring,2022,2.020903592,NA,May,Scarped,East.facing,NA,NA
CorteMadera,D,12,b,2022-05-04,2022-06-03,Spring,2022,1.721912764,NA,May,Scarped,East.facing,NA,NA
CorteMadera,D,12,c,2022-05-04,2022-06-03,Spring,2022,1.578991718,12.05610266,May,Scarped,East.facing,NA,NA
CorteMadera,D,24,a,2022-05-04,2022-06-03,Spring,2022,3.721664041,NA,May,Scarped,East.facing,NA,NA
CorteMadera,D,24,b,2022-05-04,2022-06-03,Spring,2022,3.526719734,12.5588697,May,Scarped,East.facing,NA,NA
CorteMadera,D,24,c,2022-05-04,2022-06-03,Spring,2022,2.916161025,NA,May,Scarped,East.facing,NA,NA
CorteMadera,D,48,a,2022-05-04,2022-06-03,Spring,2022,1.473801828,NA,May,Scarped,East.facing,NA,NA
CorteMadera,D,48,b,2022-05-04,2022-06-03,Spring,2022,2.015758435,NA,May,Scarped,East.facing,NA,NA
CorteMadera,D,48,c,2022-05-04,2022-06-03,Spring,2022,2.112944746,12.8505274,May,Scarped,East.facing,NA,NA
SanPablo,A,0.5,a,2022-05-05,2022-06-02,Spring,2022,17.21729008,NA,May,Ramped,South.facing,NA,NA
SanPablo,A,0.5,b,2022-05-05,2022-06-02,Spring,2022,15.67986797,NA,May,Ramped,South.facing,NA,NA
SanPablo,A,0.5,c,2022-05-05,2022-06-02,Spring,2022,13.38843526,NA,May,Ramped,South.facing,NA,NA
SanPablo,B,0.5,a,2022-05-05,2022-06-02,Spring,2022,64.8902384,NA,May,Ramped,South.facing,NA,NA
SanPablo,B,0.5,b,2022-05-05,2022-06-02,Spring,2022,122.2287329,NA,May,Ramped,South.facing,NA,NA
SanPablo,B,0.5,c,2022-05-05,2022-06-02,Spring,2022,264.8059518,NA,May,Ramped,South.facing,NA,NA
SanPablo,C,0.5,a,2022-05-05,2022-06-02,Spring,2022,39.84250838,NA,May,Ramped,South.facing,NA,NA
SanPablo,C,0.5,b,2022-05-05,2022-06-02,Spring,2022,17.57500104,NA,May,Ramped,South.facing,NA,NA
SanPablo,C,0.5,c,2022-05-05,2022-06-02,Spring,2022,270.3474091,NA,May,Ramped,South.facing,NA,NA
SanPablo,D,0.5,a,2022-05-05,2022-06-02,Spring,2022,7.458641052,NA,May,Ramped,South.facing,NA,NA
SanPablo,D,0.5,b,2022-05-05,2022-06-02,Spring,2022,3.553833899,NA,May,Ramped,South.facing,NA,NA
SanPablo,D,0.5,c,2022-05-05,2022-06-02,Spring,2022,155.354973,NA,May,Ramped,South.facing,NA,NA
SanPablo,A,2,a,2022-05-05,2022-06-02,Spring,2022,2.528477479,NA,May,Ramped,South.facing,NA,NA
SanPablo,A,2,b,2022-05-05,2022-06-02,Spring,2022,115.6025049,NA,May,Ramped,South.facing,NA,NA
SanPablo,A,2,c,2022-05-05,2022-06-02,Spring,2022,124.7927365,NA,May,Ramped,South.facing,NA,NA
SanPablo,B,2,a,2022-05-05,2022-06-02,Spring,2022,30.24801438,NA,May,Ramped,South.facing,NA,NA
SanPablo,B,2,b,2022-05-05,2022-06-02,Spring,2022,119.1416383,NA,May,Ramped,South.facing,NA,NA
SanPablo,B,2,c,2022-05-05,2022-06-02,Spring,2022,23.97765974,NA,May,Ramped,South.facing,NA,NA
SanPablo,C,2,a,2022-05-05,2022-06-02,Spring,2022,4.933226167,NA,May,Ramped,South.facing,NA,NA
SanPablo,C,2,b,2022-05-05,2022-06-02,Spring,2022,42.90571474,NA,May,Ramped,South.facing,NA,NA
SanPablo,C,2,c,2022-05-05,2022-06-02,Spring,2022,52.62577509,NA,May,Ramped,South.facing,NA,NA
SanPablo,D,2,a,2022-05-05,2022-06-02,Spring,2022,14.19634751,NA,May,Ramped,South.facing,NA,NA
SanPablo,D,2,b,2022-05-05,2022-06-02,Spring,2022,9.466477577,NA,May,Ramped,South.facing,NA,NA
SanPablo,D,2,c,2022-05-05,2022-06-02,Spring,2022,13.07360061,NA,May,Ramped,South.facing,NA,NA
SanPablo,A,6,a,2022-05-05,2022-06-02,Spring,2022,18.07665392,6.556195965,May,Ramped,South.facing,NA,NA
SanPablo,A,6,b,2022-05-05,2022-06-02,Spring,2022,NA,NA,May,Ramped,South.facing,NA,NA
SanPablo,A,6,c,2022-05-05,2022-06-02,Spring,2022,NA,NA,May,Ramped,South.facing,NA,NA
SanPablo,B,6,a,2022-05-05,2022-06-02,Spring,2022,120.3556505,NA,May,Ramped,South.facing,NA,NA
SanPablo,B,6,b,2022-05-05,2022-06-02,Spring,2022,4.857886358,NA,May,Ramped,South.facing,NA,NA
SanPablo,B,6,c,2022-05-05,2022-06-02,Spring,2022,316.9888759,3.625514365,May,Ramped,South.facing,NA,NA
SanPablo,C,6,a,2022-05-05,2022-06-02,Spring,2022,NA,NA,May,Ramped,South.facing,NA,NA
SanPablo,C,6,b,2022-05-05,2022-06-02,Spring,2022,NA,NA,May,Ramped,South.facing,NA,NA
SanPablo,C,6,c,2022-05-05,2022-06-02,Spring,2022,NA,NA,May,Ramped,South.facing,NA,NA
SanPablo,D,6,a,2022-05-05,2022-06-02,Spring,2022,7.260797489,5.30726257,May,Ramped,South.facing,NA,NA
SanPablo,D,6,b,2022-05-05,2022-06-02,Spring,2022,2.949686219,NA,May,Ramped,South.facing,NA,NA
SanPablo,D,6,c,2022-05-05,2022-06-02,Spring,2022,NA,NA,May,Ramped,South.facing,NA,NA
SanPablo,A,12,a,2022-05-05,2022-06-02,Spring,2022,NA,NA,May,Ramped,South.facing,NA,NA
SanPablo,A,12,b,2022-05-05,2022-06-02,Spring,2022,NA,NA,May,Ramped,South.facing,NA,NA
SanPablo,A,12,c,2022-05-05,2022-06-02,Spring,2022,NA,NA,May,Ramped,South.facing,NA,NA
SanPablo,B,12,a,2022-05-05,2022-06-02,Spring,2022,31.37076128,NA,May,Ramped,South.facing,NA,NA
SanPablo,B,12,b,2022-05-05,2022-06-02,Spring,2022,25.64799842,NA,May,Ramped,South.facing,NA,NA
SanPablo,B,12,c,2022-05-05,2022-06-02,Spring,2022,101.8140948,5.347876225,May,Ramped,South.facing,NA,NA
SanPablo,C,12,a,2022-05-05,2022-06-02,Spring,2022,NA,NA,May,Ramped,South.facing,NA,NA
SanPablo,C,12,b,2022-05-05,2022-06-02,Spring,2022,NA,NA,May,Ramped,South.facing,NA,NA
SanPablo,C,12,c,2022-05-05,2022-06-02,Spring,2022,NA,NA,May,Ramped,South.facing,NA,NA
SanPablo,D,12,a,2022-05-05,2022-06-02,Spring,2022,11.12640344,9.797220324,May,Ramped,South.facing,NA,NA
SanPablo,D,12,b,2022-05-05,2022-06-02,Spring,2022,1.39980956,NA,May,Ramped,South.facing,NA,NA
SanPablo,D,12,c,2022-05-05,2022-06-02,Spring,2022,NA,NA,May,Ramped,South.facing,NA,NA
SanPablo,A,24,a,2022-05-05,2022-06-02,Spring,2022,NA,NA,May,Ramped,South.facing,NA,NA
SanPablo,A,24,b,2022-05-05,2022-06-02,Spring,2022,NA,NA,May,Ramped,South.facing,NA,NA
SanPablo,A,24,c,2022-05-05,2022-06-02,Spring,2022,NA,NA,May,Ramped,South.facing,NA,NA
SanPablo,B,24,a,2022-05-05,2022-06-02,Spring,2022,NA,NA,May,Ramped,South.facing,NA,NA
SanPablo,B,24,b,2022-05-05,2022-06-02,Spring,2022,0.48005221,5.068303306,May,Ramped,South.facing,NA,NA
SanPablo,B,24,c,2022-05-05,2022-06-02,Spring,2022,1.164620914,NA,May,Ramped,South.facing,NA,NA
SanPablo,C,24,a,2022-05-05,2022-06-02,Spring,2022,1.567560534,NA,May,Ramped,South.facing,NA,NA
SanPablo,C,24,b,2022-05-05,2022-06-02,Spring,2022,0.901015109,3.916083916,May,Ramped,South.facing,NA,NA
SanPablo,C,24,c,2022-05-05,2022-06-02,Spring,2022,1.453603753,NA,May,Ramped,South.facing,NA,NA
SanPablo,D,24,a,2022-05-05,2022-06-02,Spring,2022,1.640325264,NA,May,Ramped,South.facing,NA,NA
SanPablo,D,24,b,2022-05-05,2022-06-02,Spring,2022,1.677688909,NA,May,Ramped,South.facing,NA,NA
SanPablo,D,24,c,2022-05-05,2022-06-02,Spring,2022,1.887782847,6.788793103,May,Ramped,South.facing,NA,NA
SanPablo,A,48,a,2022-05-05,2022-06-02,Spring,2022,0.228469501,2.460945859,May,Ramped,South.facing,NA,NA
SanPablo,A,48,b,2022-05-05,2022-06-02,Spring,2022,1.429618807,NA,May,Ramped,South.facing,NA,NA
SanPablo,A,48,c,2022-05-05,2022-06-02,Spring,2022,1.615211994,NA,May,Ramped,South.facing,NA,NA
SanPablo,B,48,a,2022-05-05,2022-06-02,Spring,2022,2.138303023,NA,May,Ramped,South.facing,NA,NA
SanPablo,B,48,b,2022-05-05,2022-06-02,Spring,2022,8.559512285,NA,May,Ramped,South.facing,NA,NA
SanPablo,B,48,c,2022-05-05,2022-06-02,Spring,2022,1.191961525,5.604813173,May,Ramped,South.facing,NA,NA
SanPablo,C,48,a,2022-05-05,2022-06-02,Spring,2022,1.832043639,NA,May,Ramped,South.facing,NA,NA
SanPablo,C,48,b,2022-05-05,2022-06-02,Spring,2022,1.550285005,9.300281294,May,Ramped,South.facing,NA,NA
SanPablo,C,48,c,2022-05-05,2022-06-02,Spring,2022,0.832413007,NA,May,Ramped,South.facing,NA,NA
SanPablo,D,48,a,2022-05-05,2022-06-02,Spring,2022,3.891944259,NA,May,Ramped,South.facing,NA,NA
SanPablo,D,48,b,2022-05-05,2022-06-02,Spring,2022,2.559103417,NA,May,Ramped,South.facing,NA,NA
SanPablo,D,48,c,2022-05-05,2022-06-02,Spring,2022,3.567309312,8.725868726,May,Ramped,South.facing,NA,NA
SanPablo,A,72,a,2022-05-05,2022-06-02,Spring,2022,2.340434217,8.116597563,May,Ramped,South.facing,NA,NA
SanPablo,A,72,b,2022-05-05,2022-06-02,Spring,2022,1.685651653,NA,May,Ramped,South.facing,NA,NA
SanPablo,A,72,c,2022-05-05,2022-06-02,Spring,2022,0.987992775,NA,May,Ramped,South.facing,NA,NA
SanPablo,B,72,a,2022-05-05,2022-06-02,Spring,2022,4.628804338,NA,May,Ramped,South.facing,NA,NA
SanPablo,B,72,b,2022-05-05,2022-06-02,Spring,2022,5.140257511,NA,May,Ramped,South.facing,NA,NA
SanPablo,B,72,c,2022-05-05,2022-06-02,Spring,2022,4.81194745,6.25676013,May,Ramped,South.facing,NA,NA
SanPablo,C,72,a,2022-05-05,2022-06-02,Spring,2022,2.576253943,7.917530804,May,Ramped,South.facing,NA,NA
SanPablo,C,72,b,2022-05-05,2022-06-02,Spring,2022,2.932739867,NA,May,Ramped,South.facing,NA,NA
SanPablo,C,72,c,2022-05-05,2022-06-02,Spring,2022,3.7382020480000002,NA,May,Ramped,South.facing,NA,NA
SanPablo,D,72,a,2022-05-05,2022-06-02,Spring,2022,35.46299918,NA,May,Ramped,South.facing,NA,NA
SanPablo,D,72,b,2022-05-05,2022-06-02,Spring,2022,11.157029380000001,NA,May,Ramped,South.facing,NA,NA
SanPablo,D,72,c,2022-05-05,2022-06-02,Spring,2022,7.956006292,11.30373002,May,Ramped,South.facing,NA,NA
SanPablo,A,150,a,2022-05-05,2022-06-02,Spring,2022,5.31972551,5.545981513,May,Ramped,South.facing,NA,NA
SanPablo,A,150,b,2022-05-05,2022-06-02,Spring,2022,6.078636265,NA,May,Ramped,South.facing,NA,NA
SanPablo,A,150,c,2022-05-05,2022-06-02,Spring,2022,8.169775343,NA,May,Ramped,South.facing,NA,NA
SanPablo,B,150,a,2022-05-05,2022-06-02,Spring,2022,0.028175863,NA,May,Ramped,South.facing,NA,NA
SanPablo,B,150,b,2022-05-05,2022-06-02,Spring,2022,1.389805087,NA,May,Ramped,South.facing,NA,NA
SanPablo,B,150,c,2022-05-05,2022-06-02,Spring,2022,0.051451577,1.099152736,May,Ramped,South.facing,NA,NA
SanPablo,C,150,a,2022-05-05,2022-06-02,Spring,2022,12.60563627,NA,May,Ramped,South.facing,NA,NA
SanPablo,C,150,b,2022-05-05,2022-06-02,Spring,2022,5.044092064,-12.92875989,May,Ramped,South.facing,NA,NA
SanPablo,C,150,c,2022-05-05,2022-06-02,Spring,2022,11.57354214,NA,May,Ramped,South.facing,NA,NA
SanPablo,D,150,a,2022-05-05,2022-06-02,Spring,2022,2.283469971,NA,May,Ramped,South.facing,NA,NA
SanPablo,D,150,b,2022-05-05,2022-06-02,Spring,2022,1.909221003,NA,May,Ramped,South.facing,NA,NA
SanPablo,D,150,c,2022-05-05,2022-06-02,Spring,2022,4.993253006,12.66139445,May,Ramped,South.facing,NA,NA
SanPablo,A,0.5,a,2022-06-02,2022-06-30,Spring,2022,34.20182303,NA,Jun,Ramped,South.facing,NA,NA
SanPablo,A,0.5,b,2022-06-02,2022-06-30,Spring,2022,3.028905313,NA,Jun,Ramped,South.facing,NA,NA
SanPablo,A,0.5,c,2022-06-02,2022-06-30,Spring,2022,3.76699043,NA,Jun,Ramped,South.facing,NA,NA
SanPablo,A,2,c,2022-06-02,2022-06-30,Spring,2022,27.61173359,NA,Jun,Ramped,South.facing,NA,NA
SanPablo,A,2,a,2022-06-02,2022-06-30,Spring,2022,13.58382874,NA,Jun,Ramped,South.facing,NA,NA
SanPablo,A,2,b,2022-06-02,2022-06-30,Spring,2022,1.335903436,NA,Jun,Ramped,South.facing,NA,NA
SanPablo,A,6,b,2022-06-02,2022-06-30,Spring,2022,3.689200547,NA,Jun,Ramped,South.facing,NA,NA
SanPablo,A,6,c,2022-06-02,2022-06-30,Spring,2022,1.824080895,NA,Jun,Ramped,South.facing,NA,NA
SanPablo,A,6,a,2022-06-02,2022-06-30,Spring,2022,3.687975509,NA,Jun,Ramped,South.facing,NA,NA
SanPablo,A,12,a,2022-06-02,2022-06-30,Spring,2022,7.24548452,NA,Jun,Ramped,South.facing,NA,NA
SanPablo,A,12,b,2022-06-02,2022-06-30,Spring,2022,0.67683324,NA,Jun,Ramped,South.facing,NA,NA
SanPablo,A,12,c,2022-06-02,2022-06-30,Spring,2022,4.517938441,5.148177993,Jun,Ramped,South.facing,NA,NA
SanPablo,A,24,a,2022-06-02,2022-06-30,Spring,2022,0.445913664,NA,Jun,Ramped,South.facing,NA,NA
SanPablo,A,24,b,2022-06-02,2022-06-30,Spring,2022,NA,3.58974359,Jun,Ramped,South.facing,NA,NA
SanPablo,A,24,c,2022-06-02,2022-06-30,Spring,2022,2.953565505,NA,Jun,Ramped,South.facing,NA,NA
SanPablo,A,48,a,2022-06-02,2022-06-30,Spring,2022,0.883252065,NA,Jun,Ramped,South.facing,NA,NA
SanPablo,A,48,b,2022-06-02,2022-06-30,Spring,2022,1.838168826,6.727828746,Jun,Ramped,South.facing,NA,NA
SanPablo,A,48,c,2022-06-02,2022-06-30,Spring,2022,0.709296735,NA,Jun,Ramped,South.facing,NA,NA
SanPablo,A,72,a,2022-06-02,2022-06-30,Spring,2022,2.232018395,NA,Jun,Ramped,South.facing,NA,NA
SanPablo,A,72,b,2022-06-02,2022-06-30,Spring,2022,7.219758732,NA,Jun,Ramped,South.facing,NA,NA
SanPablo,A,72,c,2022-06-02,2022-06-30,Spring,2022,1.719340185,6.105634839,Jun,Ramped,South.facing,NA,NA
SanPablo,A,150,a,2022-06-02,2022-06-30,Spring,2022,7.801651563,NA,Jun,Ramped,South.facing,NA,NA
SanPablo,A,150,b,2022-06-02,2022-06-30,Spring,2022,8.682453553,15.11197219,Jun,Ramped,South.facing,NA,NA
SanPablo,A,150,c,2022-06-02,2022-06-30,Spring,2022,9.995693794,NA,Jun,Ramped,South.facing,NA,NA
SanPablo,B,0.5,a,2022-06-02,2022-06-30,Spring,2022,2.961528249,NA,Jun,Ramped,South.facing,NA,NA
SanPablo,B,0.5,b,2022-06-02,2022-06-30,Spring,2022,2.734283785,NA,Jun,Ramped,South.facing,NA,NA
SanPablo,B,0.5,c,2022-06-02,2022-06-30,Spring,2022,4.640442195,NA,Jun,Ramped,South.facing,NA,NA
SanPablo,B,2,c,2022-06-02,2022-06-30,Spring,2022,13.49868863,NA,Jun,Ramped,South.facing,NA,NA
SanPablo,B,2,a,2022-06-02,2022-06-30,Spring,2022,3.04544332,NA,Jun,Ramped,South.facing,NA,NA
SanPablo,B,2,b,2022-06-02,2022-06-30,Spring,2022,14.13999579,NA,Jun,Ramped,South.facing,NA,NA
SanPablo,B,6,b,2022-06-02,2022-06-30,Spring,2022,8.044821514,NA,Jun,Ramped,South.facing,NA,NA
SanPablo,B,6,c,2022-06-02,2022-06-30,Spring,2022,2.758784536,NA,Jun,Ramped,South.facing,NA,NA
SanPablo,B,6,a,2022-06-02,2022-06-30,Spring,2022,1.394705237,NA,Jun,Ramped,South.facing,NA,NA
SanPablo,B,12,a,2022-06-02,2022-06-30,Spring,2022,352.288945,NA,Jun,Ramped,South.facing,NA,NA
SanPablo,B,12,b,2022-06-02,2022-06-30,Spring,2022,390.0721653,6.021081596,Jun,Ramped,South.facing,NA,NA
SanPablo,B,12,c,2022-06-02,2022-06-30,Spring,2022,2.838275861,NA,Jun,Ramped,South.facing,NA,NA
SanPablo,B,24,a,2022-06-02,2022-06-30,Spring,2022,1.799375971,4.74404956,Jun,Ramped,South.facing,NA,NA
SanPablo,B,24,b,2022-06-02,2022-06-30,Spring,2022,1.160723068,NA,Jun,Ramped,South.facing,NA,NA
SanPablo,B,24,c,2022-06-02,2022-06-30,Spring,2022,1.024335555,7.753655295,Jun,Ramped,South.facing,NA,NA
SanPablo,B,48,a,2022-06-02,2022-06-30,Spring,2022,1.57233568,NA,Jun,Ramped,South.facing,NA,NA
SanPablo,B,48,b,2022-06-02,2022-06-30,Spring,2022,2.108289603,9.821083795,Jun,Ramped,South.facing,NA,NA
SanPablo,B,48,c,2022-06-02,2022-06-30,Spring,2022,2.303070572,NA,Jun,Ramped,South.facing,NA,NA
SanPablo,B,72,a,2022-06-02,2022-06-30,Spring,2022,3.027067757,NA,Jun,Ramped,South.facing,NA,NA
SanPablo,B,72,b,2022-06-02,2022-06-30,Spring,2022,4.341533036,8.195926285,Jun,Ramped,South.facing,NA,NA
SanPablo,B,72,c,2022-06-02,2022-06-30,Spring,2022,8.324742591,NA,Jun,Ramped,South.facing,NA,NA
SanPablo,B,150,a,2022-06-02,2022-06-30,Spring,2022,6.288730203,14.6739405,Jun,Ramped,South.facing,NA,NA
SanPablo,B,150,b,2022-06-02,2022-06-30,Spring,2022,11.03881326,NA,Jun,Ramped,South.facing,NA,NA
SanPablo,B,150,c,2022-06-02,2022-06-30,Spring,2022,6.367132605,NA,Jun,Ramped,South.facing,NA,NA
SanPablo,C,0.5,a,2022-06-02,2022-06-30,Spring,2022,3.049118433,NA,Jun,Ramped,South.facing,NA,NA
SanPablo,C,0.5,b,2022-06-02,2022-06-30,Spring,2022,1.952097317,NA,Jun,Ramped,South.facing,NA,NA
SanPablo,C,0.5,c,2022-06-02,2022-06-30,Spring,2022,6.097011828,NA,Jun,Ramped,South.facing,NA,NA
SanPablo,C,2,c,2022-06-02,2022-06-30,Spring,2022,3.112820385,NA,Jun,Ramped,South.facing,NA,NA
SanPablo,C,2,a,2022-06-02,2022-06-30,Spring,2022,1.325490616,NA,Jun,Ramped,South.facing,NA,NA
SanPablo,C,2,b,2022-06-02,2022-06-30,Spring,2022,11.8657136,NA,Jun,Ramped,South.facing,NA,NA
SanPablo,C,6,b,2022-06-02,2022-06-30,Spring,2022,1.615211994,NA,Jun,Ramped,South.facing,NA,NA
SanPablo,C,6,c,2022-06-02,2022-06-30,Spring,2022,1.334678398,NA,Jun,Ramped,South.facing,NA,NA
SanPablo,C,6,a,2022-06-02,2022-06-30,Spring,2022,1.7573163490000001,NA,Jun,Ramped,South.facing,NA,NA
SanPablo,C,12,a,2022-06-02,2022-06-30,Spring,2022,NA,NA,Jun,Ramped,South.facing,NA,NA
SanPablo,C,12,b,2022-06-02,2022-06-30,Spring,2022,NA,NA,Jun,Ramped,South.facing,NA,NA
SanPablo,C,12,c,2022-06-02,2022-06-30,Spring,2022,NA,NA,Jun,Ramped,South.facing,NA,NA
SanPablo,C,24,a,2022-06-02,2022-06-30,Spring,2022,3.42397992,NA,Jun,Ramped,South.facing,NA,NA
SanPablo,C,24,b,2022-06-02,2022-06-30,Spring,2022,1.277714152,5.531167691,Jun,Ramped,South.facing,NA,NA
SanPablo,C,24,c,2022-06-02,2022-06-30,Spring,2022,1.461469783,6.49867374,Jun,Ramped,South.facing,NA,NA
SanPablo,C,48,a,2022-06-02,2022-06-30,Spring,2022,1.136834836,NA,Jun,Ramped,South.facing,NA,NA
SanPablo,C,48,b,2022-06-02,2022-06-30,Spring,2022,1.530071885,NA,Jun,Ramped,South.facing,NA,NA
SanPablo,C,48,c,2022-06-02,2022-06-30,Spring,2022,1.678913946,11.87559809,Jun,Ramped,South.facing,NA,NA
SanPablo,C,72,a,2022-06-02,2022-06-30,Spring,2022,3.873568696,NA,Jun,Ramped,South.facing,NA,NA
SanPablo,C,72,b,2022-06-02,2022-06-30,Spring,2022,3.193672862,NA,Jun,Ramped,South.facing,NA,NA
SanPablo,C,72,c,2022-06-02,2022-06-30,Spring,2022,3.0056296,12.50292015,Jun,Ramped,South.facing,NA,NA
SanPablo,C,150,a,2022-06-02,2022-06-30,Spring,2022,11.11292803,NA,Jun,Ramped,South.facing,NA,NA
SanPablo,C,150,b,2022-06-02,2022-06-30,Spring,2022,7.361863086,NA,Jun,Ramped,South.facing,NA,NA
SanPablo,C,150,c,2022-06-02,2022-06-30,Spring,2022,13.09993892,NA,Jun,Ramped,South.facing,NA,NA
SanPablo,D,0.5,a,2022-06-02,2022-06-30,Spring,2022,58.37058862,NA,Jun,Ramped,South.facing,NA,NA
SanPablo,D,0.5,c,2022-06-02,2022-06-30,Spring,2022,NA,NA,Jun,Ramped,South.facing,NA,NA
SanPablo,D,2,b,2022-06-02,2022-06-30,Spring,2022,11.18643028,NA,Jun,Ramped,South.facing,NA,NA
SanPablo,D,6,b,2022-06-02,2022-06-30,Spring,2022,1.419205988,NA,Jun,Ramped,South.facing,NA,NA
SanPablo,D,6,a,2022-06-02,2022-06-30,Spring,2022,1.916571229,NA,Jun,Ramped,South.facing,NA,NA
SanPablo,D,12,a,2022-06-02,2022-06-30,Spring,2022,55.24490535,NA,Jun,Ramped,South.facing,NA,NA
SanPablo,D,12,b,2022-06-02,2022-06-30,Spring,2022,NA,NA,Jun,Ramped,South.facing,NA,NA
SanPablo,D,12,c,2022-06-02,2022-06-30,Spring,2022,NA,NA,Jun,Ramped,South.facing,NA,NA
SanPablo,D,24,a,2022-06-02,2022-06-30,Spring,2022,2.066638327,NA,Jun,Ramped,South.facing,NA,NA
SanPablo,D,24,b,2022-06-02,2022-06-30,Spring,2022,2.710191381,6.882989184,Jun,Ramped,South.facing,NA,NA
SanPablo,D,24,c,2022-06-02,2022-06-30,Spring,2022,1.291189565,NA,Jun,Ramped,South.facing,NA,NA
SanPablo,D,48,a,2022-06-02,2022-06-30,Spring,2022,3.806191631,NA,Jun,Ramped,South.facing,NA,NA
SanPablo,D,48,b,2022-06-02,2022-06-30,Spring,2022,3.907257228,17.3344463,Jun,Ramped,South.facing,NA,NA
SanPablo,D,48,c,2022-06-02,2022-06-30,Spring,2022,6.190114681,7.969818439,Jun,Ramped,South.facing,NA,NA
SanPablo,D,72,a,2022-06-02,2022-06-30,Spring,2022,5.123719504,NA,Jun,Ramped,South.facing,NA,NA
SanPablo,D,72,b,2022-06-02,2022-06-30,Spring,2022,9.427888895,NA,Jun,Ramped,South.facing,NA,NA
SanPablo,D,72,c,2022-06-02,2022-06-30,Spring,2022,6.419809219,NA,Jun,Ramped,South.facing,NA,NA
SanPablo,D,150,a,2022-06-02,2022-06-30,Spring,2022,4.501400434,NA,Jun,Ramped,South.facing,NA,NA
SanPablo,D,150,b,2022-06-02,2022-06-30,Spring,2022,2.6172927010000002,14.83315557,Jun,Ramped,South.facing,NA,NA
SanPablo,D,150,c,2022-06-02,2022-06-30,Spring,2022,5.167208337,NA,Jun,Ramped,South.facing,NA,NA
CorteMadera,A,0.5,a,2022-06-03,2022-06-29,Spring,2022,0.387206096,6.403940887,Jun,Scarped,East.facing,NA,NA
CorteMadera,A,0.5,b,2022-06-03,2022-06-29,Spring,2022,0.046174492,NA,Jun,Scarped,East.facing,NA,NA
CorteMadera,A,0.5,c,2022-06-03,2022-06-29,Spring,2022,6.898469079,NA,Jun,Scarped,East.facing,NA,NA
CorteMadera,A,2,a,2022-06-03,2022-06-29,Spring,2022,8.762599278,NA,Jun,Scarped,East.facing,NA,NA
CorteMadera,A,2,b,2022-06-03,2022-06-29,Spring,2022,1.268022583,NA,Jun,Scarped,East.facing,NA,NA
CorteMadera,A,2,c,2022-06-03,2022-06-29,Spring,2022,14.90116815,5.887600357,Jun,Scarped,East.facing,NA,NA
CorteMadera,A,6,a,2022-06-03,2022-06-29,Spring,2022,2.56070539,NA,Jun,Scarped,East.facing,NA,NA
CorteMadera,A,6,b,2022-06-03,2022-06-29,Spring,2022,2.713081213,7.244623656,Jun,Scarped,East.facing,NA,NA
CorteMadera,A,6,c,2022-06-03,2022-06-29,Spring,2022,10.12012934,NA,Jun,Scarped,East.facing,NA,NA
CorteMadera,A,12,a,2022-06-03,2022-06-29,Spring,2022,9.599017215,NA,Jun,Scarped,East.facing,NA,NA
CorteMadera,A,12,b,2022-06-03,2022-06-29,Spring,2022,8.441356742,10.167295,Jun,Scarped,East.facing,NA,NA
CorteMadera,A,12,c,2022-06-03,2022-06-29,Spring,2022,7.796892763,NA,Jun,Scarped,East.facing,NA,NA
CorteMadera,A,24,a,2022-06-03,2022-06-29,Spring,2022,9.100992339,NA,Jun,Scarped,East.facing,NA,NA
CorteMadera,A,24,b,2022-06-03,2022-06-29,Spring,2022,12.92753844,10.97534742,Jun,Scarped,East.facing,NA,NA
CorteMadera,A,24,c,2022-06-03,2022-06-29,Spring,2022,15.38797922,NA,Jun,Scarped,East.facing,NA,NA
CorteMadera,A,48,a,2022-06-03,2022-06-29,Spring,2022,5.233548831,NA,Jun,Scarped,East.facing,NA,NA
CorteMadera,A,48,b,2022-06-03,2022-06-29,Spring,2022,4.20583657,8.788802133,Jun,Scarped,East.facing,NA,NA
CorteMadera,A,48,c,2022-06-03,2022-06-29,Spring,2022,4.170875883,NA,Jun,Scarped,East.facing,NA,NA
CorteMadera,B,0.5,a,2022-06-03,2022-06-29,Spring,2022,NA,NA,Jun,Scarped,East.facing,NA,NA
CorteMadera,B,0.5,b,2022-06-03,2022-06-29,Spring,2022,0.963067972,8.870967742,Jun,Scarped,East.facing,NA,NA
CorteMadera,B,0.5,c,2022-06-03,2022-06-29,Spring,2022,NA,NA,Jun,Scarped,East.facing,NA,NA
CorteMadera,B,2,a,2022-06-03,2022-06-29,Spring,2022,NA,NA,Jun,Scarped,East.facing,NA,NA
CorteMadera,B,2,b,2022-06-03,2022-06-29,Spring,2022,4.891857591,25.23148148,Jun,Scarped,East.facing,NA,NA
CorteMadera,B,2,c,2022-06-03,2022-06-29,Spring,2022,2.521127254,NA,Jun,Scarped,East.facing,NA,NA
CorteMadera,B,6,a,2022-06-03,2022-06-29,Spring,2022,5.042991747,NA,Jun,Scarped,East.facing,NA,NA
CorteMadera,B,6,b,2022-06-03,2022-06-29,Spring,2022,1.862810927,NA,Jun,Scarped,East.facing,NA,NA
CorteMadera,B,6,c,2022-06-03,2022-06-29,Spring,2022,3.074268349,6.133728768,Jun,Scarped,East.facing,NA,NA
CorteMadera,B,12,a,2022-06-03,2022-06-29,Spring,2022,10.20935515,9.285277947,Jun,Scarped,East.facing,NA,NA
CorteMadera,B,12,b,2022-06-03,2022-06-29,Spring,2022,8.364179377,NA,Jun,Scarped,East.facing,NA,NA
CorteMadera,B,12,c,2022-06-03,2022-06-29,Spring,2022,55.50635663,NA,Jun,Scarped,East.facing,NA,NA
CorteMadera,B,24,a,2022-06-03,2022-06-29,Spring,2022,5.459130743,8.35768039,Jun,Scarped,East.facing,NA,NA
CorteMadera,B,24,b,2022-06-03,2022-06-29,Spring,2022,13.2936362,NA,Jun,Scarped,East.facing,NA,NA
CorteMadera,B,24,c,2022-06-03,2022-06-29,Spring,2022,313.3005234,NA,Jun,Scarped,East.facing,NA,NA
CorteMadera,B,48,a,2022-06-03,2022-06-29,Spring,2022,4.343888877,8.128269715,Jun,Scarped,East.facing,NA,NA
CorteMadera,B,48,b,2022-06-03,2022-06-29,Spring,2022,4.461775182,NA,Jun,Scarped,East.facing,NA,NA
CorteMadera,B,48,c,2022-06-03,2022-06-29,Spring,2022,3.901084924,NA,Jun,Scarped,East.facing,NA,NA
CorteMadera,C,0.5,a,2022-06-03,2022-06-29,Spring,2022,1.658983528,NA,Jun,Scarped,East.facing,NA,NA
CorteMadera,C,0.5,b,2022-06-03,2022-06-29,Spring,2022,2.206272768,5.106901995,Jun,Scarped,East.facing,NA,NA
CorteMadera,C,0.5,c,2022-06-03,2022-06-29,Spring,2022,3.27838892,NA,Jun,Scarped,East.facing,NA,NA
CorteMadera,C,2,a,2022-06-03,2022-06-29,Spring,2022,3.19593447,6.295537341,Jun,Scarped,East.facing,NA,NA
CorteMadera,C,2,b,2022-06-03,2022-06-29,Spring,2022,3.573246032,NA,Jun,Scarped,East.facing,NA,NA
CorteMadera,C,2,c,2022-06-03,2022-06-29,Spring,2022,2.669545263,NA,Jun,Scarped,East.facing,NA,NA
CorteMadera,C,6,a,2022-06-03,2022-06-29,Spring,2022,6.806779731,7.654541397,Jun,Scarped,East.facing,NA,NA
CorteMadera,C,6,b,2022-06-03,2022-06-29,Spring,2022,13.48427088,NA,Jun,Scarped,East.facing,NA,NA
CorteMadera,C,6,c,2022-06-03,2022-06-29,Spring,2022,9.104290517,NA,Jun,Scarped,East.facing,NA,NA
CorteMadera,C,12,a,2022-06-03,2022-06-29,Spring,2022,15.69075196,10.44962378,Jun,Scarped,East.facing,NA,NA
CorteMadera,C,12,b,2022-06-03,2022-06-29,Spring,2022,16.98627627,NA,Jun,Scarped,East.facing,NA,NA
CorteMadera,C,12,c,2022-06-03,2022-06-29,Spring,2022,16.85368952,NA,Jun,Scarped,East.facing,NA,NA
CorteMadera,C,24,a,2022-06-03,2022-06-29,Spring,2022,5.752682046,8.900275916,Jun,Scarped,East.facing,NA,NA
CorteMadera,C,24,b,2022-06-03,2022-06-29,Spring,2022,6.990818063,NA,Jun,Scarped,East.facing,NA,NA
CorteMadera,C,24,c,2022-06-03,2022-06-29,Spring,2022,7.5811919230000004,NA,Jun,Scarped,East.facing,NA,NA
CorteMadera,C,48,a,2022-06-03,2022-06-29,Spring,2022,11.83979934,NA,Jun,Scarped,East.facing,NA,NA
CorteMadera,C,48,b,2022-06-03,2022-06-29,Spring,2022,10.09836136,NA,Jun,Scarped,East.facing,NA,NA
CorteMadera,C,48,c,2022-06-03,2022-06-29,Spring,2022,10.89915898,9.641174339,Jun,Scarped,East.facing,NA,NA
CorteMadera,D,0.5,a,2022-06-03,2022-06-29,Spring,2022,10.07527412,7.181615065,Jun,Scarped,East.facing,NA,NA
CorteMadera,D,0.5,b,2022-06-03,2022-06-29,Spring,2022,7.463776786,NA,Jun,Scarped,East.facing,NA,NA
CorteMadera,D,0.5,c,2022-06-03,2022-06-29,Spring,2022,7.261928293,NA,Jun,Scarped,East.facing,NA,NA
CorteMadera,D,2,a,2022-06-03,2022-06-29,Spring,2022,13.26922968,NA,Jun,Scarped,East.facing,NA,NA
CorteMadera,D,2,b,2022-06-03,2022-06-29,Spring,2022,5.831178682,7.810567238,Jun,Scarped,East.facing,NA,NA
CorteMadera,D,2,c,2022-06-03,2022-06-29,Spring,2022,6.874722198,NA,Jun,Scarped,East.facing,NA,NA
CorteMadera,D,6,a,2022-06-03,2022-06-29,Spring,2022,15.27979898,NA,Jun,Scarped,East.facing,NA,NA
CorteMadera,D,6,b,2022-06-03,2022-06-29,Spring,2022,13.51065631,NA,Jun,Scarped,East.facing,NA,NA
CorteMadera,D,6,c,2022-06-03,2022-06-29,Spring,2022,6.762584146,8.889205964,Jun,Scarped,East.facing,NA,NA
CorteMadera,D,12,a,2022-06-03,2022-06-29,Spring,2022,6.976965715,NA,Jun,Scarped,East.facing,NA,NA
CorteMadera,D,12,b,2022-06-03,2022-06-29,Spring,2022,7.258630115,9.520607813,Jun,Scarped,East.facing,NA,NA
CorteMadera,D,12,c,2022-06-03,2022-06-29,Spring,2022,6.981583164,NA,Jun,Scarped,East.facing,NA,NA
CorteMadera,D,24,a,2022-06-03,2022-06-29,Spring,2022,5.727615893,8.453335409,Jun,Scarped,East.facing,NA,NA
CorteMadera,D,24,b,2022-06-03,2022-06-29,Spring,2022,7.593065363,NA,Jun,Scarped,East.facing,NA,NA
CorteMadera,D,24,c,2022-06-03,2022-06-29,Spring,2022,7.609556253,NA,Jun,Scarped,East.facing,NA,NA
CorteMadera,D,48,a,2022-06-03,2022-06-29,Spring,2022,5.750703139,NA,Jun,Scarped,East.facing,NA,NA
CorteMadera,D,48,b,2022-06-03,2022-06-29,Spring,2022,6.009939929,NA,Jun,Scarped,East.facing,NA,NA
CorteMadera,D,48,c,2022-06-03,2022-06-29,Spring,2022,6.146484498,11.51000701,Jun,Scarped,East.facing,NA,NA
CorteMadera,A,0.5,a,2022-06-29,2022-07-27,Summer,2022,NA,NA,Jul,Scarped,East.facing,M1,"Late_Dry
(Months 1-3)"
CorteMadera,A,0.5,b,2022-06-29,2022-07-27,Summer,2022,0.018375563,NA,Jul,Scarped,East.facing,M1,"Late_Dry
(Months 1-3)"
CorteMadera,A,0.5,c,2022-06-29,2022-07-27,Summer,2022,0.200293638,NA,Jul,Scarped,East.facing,M1,"Late_Dry
(Months 1-3)"
CorteMadera,A,2,a,2022-06-29,2022-07-27,Summer,2022,1.781029575,5.718824464,Jul,Scarped,East.facing,M1,"Late_Dry
(Months 1-3)"
CorteMadera,A,2,b,2022-06-29,2022-07-27,Summer,2022,9.543654942,NA,Jul,Scarped,East.facing,M1,"Late_Dry
(Months 1-3)"
CorteMadera,A,2,c,2022-06-29,2022-07-27,Summer,2022,19.3457928,NA,Jul,Scarped,East.facing,M1,"Late_Dry
(Months 1-3)"
CorteMadera,A,6,a,2022-06-29,2022-07-27,Summer,2022,2.372897712,NA,Jul,Scarped,East.facing,M1,"Late_Dry
(Months 1-3)"
CorteMadera,A,6,b,2022-06-29,2022-07-27,Summer,2022,3.799760184,NA,Jul,Scarped,East.facing,M1,"Late_Dry
(Months 1-3)"
CorteMadera,A,6,c,2022-06-29,2022-07-27,Summer,2022,3.803129038,7.646671061,Jul,Scarped,East.facing,M1,"Late_Dry
(Months 1-3)"
CorteMadera,A,12,a,2022-06-29,2022-07-27,Summer,2022,8.246952708,NA,Jul,Scarped,East.facing,M1,"Late_Dry
(Months 1-3)"
CorteMadera,A,12,b,2022-06-29,2022-07-27,Summer,2022,9.255158602,NA,Jul,Scarped,East.facing,M1,"Late_Dry
(Months 1-3)"
CorteMadera,A,12,c,2022-06-29,2022-07-27,Summer,2022,7.933343098,11.58298945,Jul,Scarped,East.facing,M1,"Late_Dry
(Months 1-3)"
CorteMadera,A,24,a,2022-06-29,2022-07-27,Summer,2022,11.51290278,10.91061453,Jul,Scarped,East.facing,M1,"Late_Dry
(Months 1-3)"
CorteMadera,A,24,b,2022-06-29,2022-07-27,Summer,2022,21.36220459,NA,Jul,Scarped,East.facing,M1,"Late_Dry
(Months 1-3)"
CorteMadera,A,24,c,2022-06-29,2022-07-27,Summer,2022,12.25160042,NA,Jul,Scarped,East.facing,M1,"Late_Dry
(Months 1-3)"
CorteMadera,A,48,a,2022-06-29,2022-07-27,Summer,2022,8.340120036,9.66551745,Jul,Scarped,East.facing,M1,"Late_Dry
(Months 1-3)"
CorteMadera,A,48,b,2022-06-29,2022-07-27,Summer,2022,5.326463216,NA,Jul,Scarped,East.facing,M1,"Late_Dry
(Months 1-3)"
CorteMadera,A,48,c,2022-06-29,2022-07-27,Summer,2022,9.551617686,NA,Jul,Scarped,East.facing,M1,"Late_Dry
(Months 1-3)"
CorteMadera,B,0.5,a,2022-06-29,2022-07-27,Summer,2022,NA,NA,Jul,Scarped,East.facing,M1,"Late_Dry
(Months 1-3)"
CorteMadera,B,0.5,b,2022-06-29,2022-07-27,Summer,2022,0.03981372,NA,Jul,Scarped,East.facing,M1,"Late_Dry
(Months 1-3)"
CorteMadera,B,0.5,c,2022-06-29,2022-07-27,Summer,2022,0.010412819,NA,Jul,Scarped,East.facing,M1,"Late_Dry
(Months 1-3)"
CorteMadera,B,2,a,2022-06-29,2022-07-27,Summer,2022,6.694830147,NA,Jul,Scarped,East.facing,M1,"Late_Dry
(Months 1-3)"
CorteMadera,B,2,b,2022-06-29,2022-07-27,Summer,2022,16.31321238,7.142857143,Jul,Scarped,East.facing,M1,"Late_Dry
(Months 1-3)"
CorteMadera,B,2,c,2022-06-29,2022-07-27,Summer,2022,6.701567853,NA,Jul,Scarped,East.facing,M1,"Late_Dry
(Months 1-3)"
CorteMadera,B,6,a,2022-06-29,2022-07-27,Summer,2022,3.425817476,8.774834437,Jul,Scarped,East.facing,M1,"Late_Dry
(Months 1-3)"
CorteMadera,B,6,b,2022-06-29,2022-07-27,Summer,2022,2.733058748,NA,Jul,Scarped,East.facing,M1,"Late_Dry
(Months 1-3)"
CorteMadera,B,6,c,2022-06-29,2022-07-27,Summer,2022,2.371060155,NA,Jul,Scarped,East.facing,M1,"Late_Dry
(Months 1-3)"
CorteMadera,B,12,a,2022-06-29,2022-07-27,Summer,2022,9.620219788,NA,Jul,Scarped,East.facing,M1,"Late_Dry
(Months 1-3)"
CorteMadera,B,12,b,2022-06-29,2022-07-27,Summer,2022,10.23233855,9.208375894,Jul,Scarped,East.facing,M1,"Late_Dry
(Months 1-3)"
CorteMadera,B,12,c,2022-06-29,2022-07-27,Summer,2022,10.22355078,NA,Jul,Scarped,East.facing,M1,"Late_Dry
(Months 1-3)"
CorteMadera,B,24,a,2022-06-29,2022-07-27,Summer,2022,8.983200268,NA,Jul,Scarped,East.facing,M1,"Late_Dry
(Months 1-3)"
CorteMadera,B,24,b,2022-06-29,2022-07-27,Summer,2022,23.06123494,11.39299611,Jul,Scarped,East.facing,M1,"Late_Dry
(Months 1-3)"
CorteMadera,B,24,c,2022-06-29,2022-07-27,Summer,2022,13.09381373,NA,Jul,Scarped,East.facing,M1,"Late_Dry
(Months 1-3)"
CorteMadera,B,48,a,2022-06-29,2022-07-27,Summer,2022,10.0446953,NA,Jul,Scarped,East.facing,M1,"Late_Dry
(Months 1-3)"
CorteMadera,B,48,b,2022-06-29,2022-07-27,Summer,2022,9.076303121,NA,Jul,Scarped,East.facing,M1,"Late_Dry
(Months 1-3)"
CorteMadera,B,48,c,2022-06-29,2022-07-27,Summer,2022,10.90834676,9.142402397,Jul,Scarped,East.facing,M1,"Late_Dry
(Months 1-3)"
CorteMadera,C,0.5,a,2022-06-29,2022-07-27,Summer,2022,3.376203456,NA,Jul,Scarped,East.facing,M1,"Late_Dry
(Months 1-3)"
CorteMadera,C,0.5,b,2022-06-29,2022-07-27,Summer,2022,2.526639923,5.562866372,Jul,Scarped,East.facing,M1,"Late_Dry
(Months 1-3)"
CorteMadera,C,0.5,c,2022-06-29,2022-07-27,Summer,2022,7.255284821,NA,Jul,Scarped,East.facing,M1,"Late_Dry
(Months 1-3)"
CorteMadera,C,2,a,2022-06-29,2022-07-27,Summer,2022,4.343370592,6.015171798,Jul,Scarped,East.facing,M1,"Late_Dry
(Months 1-3)"
CorteMadera,C,2,b,2022-06-29,2022-07-27,Summer,2022,5.956132511,NA,Jul,Scarped,East.facing,M1,"Late_Dry
(Months 1-3)"
CorteMadera,C,2,c,2022-06-29,2022-07-27,Summer,2022,7.495392178,NA,Jul,Scarped,East.facing,M1,"Late_Dry
(Months 1-3)"
CorteMadera,C,6,a,2022-06-29,2022-07-27,Summer,2022,9.049352295,NA,Jul,Scarped,East.facing,M1,"Late_Dry
(Months 1-3)"
CorteMadera,C,6,b,2022-06-29,2022-07-27,Summer,2022,11.35609798,8.842002831,Jul,Scarped,East.facing,M1,"Late_Dry
(Months 1-3)"
CorteMadera,C,6,c,2022-06-29,2022-07-27,Summer,2022,12.81389265,NA,Jul,Scarped,East.facing,M1,"Late_Dry
(Months 1-3)"
CorteMadera,C,12,a,2022-06-29,2022-07-27,Summer,2022,24.68083128,NA,Jul,Scarped,East.facing,M1,"Late_Dry
(Months 1-3)"
CorteMadera,C,12,b,2022-06-29,2022-07-27,Summer,2022,27.74526269,NA,Jul,Scarped,East.facing,M1,"Late_Dry
(Months 1-3)"
CorteMadera,C,12,c,2022-06-29,2022-07-27,Summer,2022,26.29849335,9.653168936,Jul,Scarped,East.facing,M1,"Late_Dry
(Months 1-3)"
CorteMadera,C,24,a,2022-06-29,2022-07-27,Summer,2022,13.78289734,8.892355694,Jul,Scarped,East.facing,M1,"Late_Dry
(Months 1-3)"
CorteMadera,C,24,b,2022-06-29,2022-07-27,Summer,2022,11.63969417,NA,Jul,Scarped,East.facing,M1,"Late_Dry
(Months 1-3)"
CorteMadera,C,24,c,2022-06-29,2022-07-27,Summer,2022,13.91091377,NA,Jul,Scarped,East.facing,M1,"Late_Dry
(Months 1-3)"
CorteMadera,C,48,a,2022-06-29,2022-07-27,Summer,2022,17.24914106,NA,Jul,Scarped,East.facing,M1,"Late_Dry
(Months 1-3)"
CorteMadera,C,48,b,2022-06-29,2022-07-27,Summer,2022,14.52282002,NA,Jul,Scarped,East.facing,M1,"Late_Dry
(Months 1-3)"
CorteMadera,C,48,c,2022-06-29,2022-07-27,Summer,2022,17.41635868,9.174813481,Jul,Scarped,East.facing,M1,"Late_Dry
(Months 1-3)"
CorteMadera,D,0.5,a,2022-06-29,2022-07-27,Summer,2022,11.48227685,NA,Jul,Scarped,East.facing,M1,"Late_Dry
(Months 1-3)"
CorteMadera,D,0.5,b,2022-06-29,2022-07-27,Summer,2022,8.095660572,NA,Jul,Scarped,East.facing,M1,"Late_Dry
(Months 1-3)"
CorteMadera,D,0.5,c,2022-06-29,2022-07-27,Summer,2022,6.790383075,7.726607214,Jul,Scarped,East.facing,M1,"Late_Dry
(Months 1-3)"
CorteMadera,D,2,a,2022-06-29,2022-07-27,Summer,2022,15.98122721,NA,Jul,Scarped,East.facing,M1,"Late_Dry
(Months 1-3)"
CorteMadera,D,2,b,2022-06-29,2022-07-27,Summer,2022,6.647666202,NA,Jul,Scarped,East.facing,M1,"Late_Dry
(Months 1-3)"
CorteMadera,D,2,c,2022-06-29,2022-07-27,Summer,2022,7.854940696,9.372776856,Jul,Scarped,East.facing,M1,"Late_Dry
(Months 1-3)"
CorteMadera,D,6,a,2022-06-29,2022-07-27,Summer,2022,18.67385971,NA,Jul,Scarped,East.facing,M1,"Late_Dry
(Months 1-3)"
CorteMadera,D,6,b,2022-06-29,2022-07-27,Summer,2022,16.68133616,8.919499805,Jul,Scarped,East.facing,M1,"Late_Dry
(Months 1-3)"
CorteMadera,D,6,c,2022-06-29,2022-07-27,Summer,2022,6.890836153,NA,Jul,Scarped,East.facing,M1,"Late_Dry
(Months 1-3)"
CorteMadera,D,12,a,2022-06-29,2022-07-27,Summer,2022,12.62891198,9.039268955,Jul,Scarped,East.facing,M1,"Late_Dry
(Months 1-3)"
CorteMadera,D,12,b,2022-06-29,2022-07-27,Summer,2022,9.661871064,NA,Jul,Scarped,East.facing,M1,"Late_Dry
(Months 1-3)"
CorteMadera,D,12,c,2022-06-29,2022-07-27,Summer,2022,12.10888355,NA,Jul,Scarped,East.facing,M1,"Late_Dry
(Months 1-3)"
CorteMadera,D,24,a,2022-06-29,2022-07-27,Summer,2022,12.43780613,9.059451347,Jul,Scarped,East.facing,M1,"Late_Dry
(Months 1-3)"
CorteMadera,D,24,b,2022-06-29,2022-07-27,Summer,2022,10.99471191,NA,Jul,Scarped,East.facing,M1,"Late_Dry
(Months 1-3)"
CorteMadera,D,24,c,2022-06-29,2022-07-27,Summer,2022,12.72017728,NA,Jul,Scarped,East.facing,M1,"Late_Dry
(Months 1-3)"
CorteMadera,D,48,a,2022-06-29,2022-07-27,Summer,2022,8.802507231,NA,Jul,Scarped,East.facing,M1,"Late_Dry
(Months 1-3)"
CorteMadera,D,48,b,2022-06-29,2022-07-27,Summer,2022,8.735130167,9.173427129,Jul,Scarped,East.facing,M1,"Late_Dry
(Months 1-3)"
CorteMadera,D,48,c,2022-06-29,2022-07-27,Summer,2022,9.149805373,NA,Jul,Scarped,East.facing,M1,"Late_Dry
(Months 1-3)"
SanPablo,A,0.5,a,2022-06-30,2022-07-28,Summer,2022,NA,NA,Jul,Ramped,South.facing,M1,"Late_Dry
(Months 1-3)"
SanPablo,A,0.5,b,2022-06-30,2022-07-28,Summer,2022,13.25735624,NA,Jul,Ramped,South.facing,M1,"Late_Dry
(Months 1-3)"
SanPablo,A,0.5,c,2022-06-30,2022-07-28,Summer,2022,11.35548546,NA,Jul,Ramped,South.facing,M1,"Late_Dry
(Months 1-3)"
SanPablo,A,2,a,2022-06-30,2022-07-28,Summer,2022,38.05701616,NA,Jul,Ramped,South.facing,M1,"Late_Dry
(Months 1-3)"
SanPablo,A,2,b,2022-06-30,2022-07-28,Summer,2022,17.20136459,NA,Jul,Ramped,South.facing,M1,"Late_Dry
(Months 1-3)"
SanPablo,A,2,c,2022-06-30,2022-07-28,Summer,2022,7.002314569,NA,Jul,Ramped,South.facing,M1,"Late_Dry
(Months 1-3)"
SanPablo,A,6,a,2022-06-30,2022-07-28,Summer,2022,4.152264736,NA,Jul,Ramped,South.facing,M1,"Late_Dry
(Months 1-3)"
SanPablo,A,6,b,2022-06-30,2022-07-28,Summer,2022,3.398254131,NA,Jul,Ramped,South.facing,M1,"Late_Dry
(Months 1-3)"
SanPablo,A,6,c,2022-06-30,2022-07-28,Summer,2022,4.041398839,NA,Jul,Ramped,South.facing,M1,"Late_Dry
(Months 1-3)"
SanPablo,A,12,a,2022-06-30,2022-07-28,Summer,2022,0.367511261,NA,Jul,Ramped,South.facing,M1,"Late_Dry
(Months 1-3)"
SanPablo,A,12,b,2022-06-30,2022-07-28,Summer,2022,0.934091123,NA,Jul,Ramped,South.facing,M1,"Late_Dry
(Months 1-3)"
SanPablo,A,12,c,2022-06-30,2022-07-28,Summer,2022,3.232874064,NA,Jul,Ramped,South.facing,M1,"Late_Dry
(Months 1-3)"
SanPablo,A,24,a,2022-06-30,2022-07-28,Summer,2022,0.274408409,NA,Jul,Ramped,South.facing,M1,"Late_Dry
(Months 1-3)"
SanPablo,A,24,b,2022-06-30,2022-07-28,Summer,2022,0.290946415,NA,Jul,Ramped,South.facing,M1,"Late_Dry
(Months 1-3)"
SanPablo,A,24,c,2022-06-30,2022-07-28,Summer,2022,1.254438439,NA,Jul,Ramped,South.facing,M1,"Late_Dry
(Months 1-3)"
SanPablo,A,48,a,2022-06-30,2022-07-28,Summer,2022,13.44172439,NA,Jul,Ramped,South.facing,M1,"Late_Dry
(Months 1-3)"
SanPablo,A,48,b,2022-06-30,2022-07-28,Summer,2022,3.35415278,10.65820247,Jul,Ramped,South.facing,M1,"Late_Dry
(Months 1-3)"
SanPablo,A,48,c,2022-06-30,2022-07-28,Summer,2022,8.438058564,9.458062611,Jul,Ramped,South.facing,M1,"Late_Dry
(Months 1-3)"
SanPablo,A,72,a,2022-06-30,2022-07-28,Summer,2022,5.701937222,NA,Jul,Ramped,South.facing,M1,"Late_Dry
(Months 1-3)"
SanPablo,A,72,b,2022-06-30,2022-07-28,Summer,2022,7.290810909,NA,Jul,Ramped,South.facing,M1,"Late_Dry
(Months 1-3)"
SanPablo,A,72,c,2022-06-30,2022-07-28,Summer,2022,6.433897151,NA,Jul,Ramped,South.facing,M1,"Late_Dry
(Months 1-3)"
SanPablo,A,150,a,2022-06-30,2022-07-28,Summer,2022,11.39223659,NA,Jul,Ramped,South.facing,M1,"Late_Dry
(Months 1-3)"
SanPablo,A,150,b,2022-06-30,2022-07-28,Summer,2022,11.44430068,16.95552976,Jul,Ramped,South.facing,M1,"Late_Dry
(Months 1-3)"
SanPablo,A,150,c,2022-06-30,2022-07-28,Summer,2022,13.38169755,NA,Jul,Ramped,South.facing,M1,"Late_Dry
(Months 1-3)"
SanPablo,B,0.5,a,2022-06-30,2022-07-28,Summer,2022,16.76341367,NA,Jul,Ramped,South.facing,M1,"Late_Dry
(Months 1-3)"
SanPablo,B,0.5,b,2022-06-30,2022-07-28,Summer,2022,13.72470806,NA,Jul,Ramped,South.facing,M1,"Late_Dry
(Months 1-3)"
SanPablo,B,0.5,c,2022-06-30,2022-07-28,Summer,2022,11.14294145,NA,Jul,Ramped,South.facing,M1,"Late_Dry
(Months 1-3)"
SanPablo,B,2,a,2022-06-30,2022-07-28,Summer,2022,5.843429058,NA,Jul,Ramped,South.facing,M1,"Late_Dry
(Months 1-3)"
SanPablo,B,2,b,2022-06-30,2022-07-28,Summer,2022,3.294738459,NA,Jul,Ramped,South.facing,M1,"Late_Dry
(Months 1-3)"
SanPablo,B,2,c,2022-06-30,2022-07-28,Summer,2022,11.74749747,NA,Jul,Ramped,South.facing,M1,"Late_Dry
(Months 1-3)"
SanPablo,B,6,a,2022-06-30,2022-07-28,Summer,2022,3.107307716,NA,Jul,Ramped,South.facing,M1,"Late_Dry
(Months 1-3)"
SanPablo,B,6,b,2022-06-30,2022-07-28,Summer,2022,20.60145628,NA,Jul,Ramped,South.facing,M1,"Late_Dry
(Months 1-3)"
SanPablo,B,6,c,2022-06-30,2022-07-28,Summer,2022,18.50847965,NA,Jul,Ramped,South.facing,M1,"Late_Dry
(Months 1-3)"
SanPablo,B,12,a,2022-06-30,2022-07-28,Summer,2022,1.49270824,NA,Jul,Ramped,South.facing,M1,"Late_Dry
(Months 1-3)"
SanPablo,B,12,b,2022-06-30,2022-07-28,Summer,2022,3.27452534,NA,Jul,Ramped,South.facing,M1,"Late_Dry
(Months 1-3)"
SanPablo,B,12,c,2022-06-30,2022-07-28,Summer,2022,2.279794859,NA,Jul,Ramped,South.facing,M1,"Late_Dry
(Months 1-3)"
SanPablo,B,24,a,2022-06-30,2022-07-28,Summer,2022,0.736247561,NA,Jul,Ramped,South.facing,M1,"Late_Dry
(Months 1-3)"
SanPablo,B,24,b,2022-06-30,2022-07-28,Summer,2022,0.327085023,NA,Jul,Ramped,South.facing,M1,"Late_Dry
(Months 1-3)"
SanPablo,B,24,c,2022-06-30,2022-07-28,Summer,2022,0.878351915,NA,Jul,Ramped,South.facing,M1,"Late_Dry
(Months 1-3)"
SanPablo,B,48,a,2022-06-30,2022-07-28,Summer,2022,14.50566949,10.24442209,Jul,Ramped,South.facing,M1,"Late_Dry
(Months 1-3)"
SanPablo,B,48,b,2022-06-30,2022-07-28,Summer,2022,17.77651972,NA,Jul,Ramped,South.facing,M1,"Late_Dry
(Months 1-3)"
SanPablo,B,48,c,2022-06-30,2022-07-28,Summer,2022,18.25060925,NA,Jul,Ramped,South.facing,M1,"Late_Dry
(Months 1-3)"
SanPablo,B,72,a,2022-06-30,2022-07-28,Summer,2022,18.56728145,NA,Jul,Ramped,South.facing,M1,"Late_Dry
(Months 1-3)"
SanPablo,B,72,b,2022-06-30,2022-07-28,Summer,2022,13.69591968,11.97104197,Jul,Ramped,South.facing,M1,"Late_Dry
(Months 1-3)"
SanPablo,B,72,c,2022-06-30,2022-07-28,Summer,2022,11.86203848,13.49612275,Jul,Ramped,South.facing,M1,"Late_Dry
(Months 1-3)"
SanPablo,B,150,a,2022-06-30,2022-07-28,Summer,2022,4.804597225,NA,Jul,Ramped,South.facing,M1,"Late_Dry
(Months 1-3)"
SanPablo,B,150,b,2022-06-30,2022-07-28,Summer,2022,6.591314475,NA,Jul,Ramped,South.facing,M1,"Late_Dry
(Months 1-3)"
SanPablo,B,150,c,2022-06-30,2022-07-28,Summer,2022,5.684174178,NA,Jul,Ramped,South.facing,M1,"Late_Dry
(Months 1-3)"
SanPablo,C,0.5,a,2022-06-30,2022-07-28,Summer,2022,4.563877349,NA,Jul,Ramped,South.facing,M1,"Late_Dry
(Months 1-3)"
SanPablo,C,0.5,b,2022-06-30,2022-07-28,Summer,2022,4.799084556,NA,Jul,Ramped,South.facing,M1,"Late_Dry
(Months 1-3)"
SanPablo,C,0.5,c,2022-06-30,2022-07-28,Summer,2022,8.226739588,NA,Jul,Ramped,South.facing,M1,"Late_Dry
(Months 1-3)"
SanPablo,C,2,a,2022-06-30,2022-07-28,Summer,2022,10.45692043,NA,Jul,Ramped,South.facing,M1,"Late_Dry
(Months 1-3)"
SanPablo,C,2,b,2022-06-30,2022-07-28,Summer,2022,3.235936657,NA,Jul,Ramped,South.facing,M1,"Late_Dry
(Months 1-3)"
SanPablo,C,2,c,2022-06-30,2022-07-28,Summer,2022,9.875027596,NA,Jul,Ramped,South.facing,M1,"Late_Dry
(Months 1-3)"
SanPablo,C,6,a,2022-06-30,2022-07-28,Summer,2022,1.215237238,NA,Jul,Ramped,South.facing,M1,"Late_Dry
(Months 1-3)"
SanPablo,C,6,b,2022-06-30,2022-07-28,Summer,2022,0.513290729,NA,Jul,Ramped,South.facing,M1,"Late_Dry
(Months 1-3)"
SanPablo,C,6,c,2022-06-30,2022-07-28,Summer,2022,3.117720535,NA,Jul,Ramped,South.facing,M1,"Late_Dry
(Months 1-3)"
SanPablo,C,12,a,2022-06-30,2022-07-28,Summer,2022,1.301602384,NA,Jul,Ramped,South.facing,M1,"Late_Dry
(Months 1-3)"
SanPablo,C,12,b,2022-06-30,2022-07-28,Summer,2022,37.97310109,NA,Jul,Ramped,South.facing,M1,"Late_Dry
(Months 1-3)"
SanPablo,C,12,c,2022-06-30,2022-07-28,Summer,2022,2.571966312,6.192606546,Jul,Ramped,South.facing,M1,"Late_Dry
(Months 1-3)"
SanPablo,C,24,a,2022-06-30,2022-07-28,Summer,2022,9.298034916,NA,Jul,Ramped,South.facing,M1,"Late_Dry
(Months 1-3)"
SanPablo,C,24,b,2022-06-30,2022-07-28,Summer,2022,NA,NA,Jul,Ramped,South.facing,M1,"Late_Dry
(Months 1-3)"
SanPablo,C,24,c,2022-06-30,2022-07-28,Summer,2022,NA,NA,Jul,Ramped,South.facing,M1,"Late_Dry
(Months 1-3)"
SanPablo,C,48,a,2022-06-30,2022-07-28,Summer,2022,2.606879881,8.835728755,Jul,Ramped,South.facing,M1,"Late_Dry
(Months 1-3)"
SanPablo,C,48,b,2022-06-30,2022-07-28,Summer,2022,3.695325734,NA,Jul,Ramped,South.facing,M1,"Late_Dry
(Months 1-3)"
SanPablo,C,48,c,2022-06-30,2022-07-28,Summer,2022,2.605654844,10.16677712,Jul,Ramped,South.facing,M1,"Late_Dry
(Months 1-3)"
SanPablo,C,72,a,2022-06-30,2022-07-28,Summer,2022,8.621201676,NA,Jul,Ramped,South.facing,M1,"Late_Dry
(Months 1-3)"
SanPablo,C,72,b,2022-06-30,2022-07-28,Summer,2022,11.57354214,NA,Jul,Ramped,South.facing,M1,"Late_Dry
(Months 1-3)"
SanPablo,C,72,c,2022-06-30,2022-07-28,Summer,2022,11.41796238,NA,Jul,Ramped,South.facing,M1,"Late_Dry
(Months 1-3)"
SanPablo,C,150,a,2022-06-30,2022-07-28,Summer,2022,14.3298766,NA,Jul,Ramped,South.facing,M1,"Late_Dry
(Months 1-3)"
SanPablo,C,150,b,2022-06-30,2022-07-28,Summer,2022,5.991046081,12.96446289,Jul,Ramped,South.facing,M1,"Late_Dry
(Months 1-3)"
SanPablo,C,150,c,2022-06-30,2022-07-28,Summer,2022,9.721285385,NA,Jul,Ramped,South.facing,M1,"Late_Dry
(Months 1-3)"
SanPablo,D,0.5,a,2022-06-30,2022-07-28,Summer,2022,1.32365306,NA,Jul,Ramped,South.facing,M1,"Late_Dry
(Months 1-3)"
SanPablo,D,0.5,b,2022-06-30,2022-07-28,Summer,2022,5.154345442,NA,Jul,Ramped,South.facing,M1,"Late_Dry
(Months 1-3)"
SanPablo,D,0.5,c,2022-06-30,2022-07-28,Summer,2022,3.336389736,NA,Jul,Ramped,South.facing,M1,"Late_Dry
(Months 1-3)"
SanPablo,D,2,a,2022-06-30,2022-07-28,Summer,2022,0.548816817,NA,Jul,Ramped,South.facing,M1,"Late_Dry
(Months 1-3)"
SanPablo,D,2,b,2022-06-30,2022-07-28,Summer,2022,1.373879599,NA,Jul,Ramped,South.facing,M1,"Late_Dry
(Months 1-3)"
SanPablo,D,2,c,2022-06-30,2022-07-28,Summer,2022,1.174810999,NA,Jul,Ramped,South.facing,M1,"Late_Dry
(Months 1-3)"
SanPablo,D,6,a,2022-06-30,2022-07-28,Summer,2022,1.927596566,NA,Jul,Ramped,South.facing,M1,"Late_Dry
(Months 1-3)"
SanPablo,D,6,b,2022-06-30,2022-07-28,Summer,2022,3.451543264,NA,Jul,Ramped,South.facing,M1,"Late_Dry
(Months 1-3)"
SanPablo,D,6,c,2022-06-30,2022-07-28,Summer,2022,3.547096192,NA,Jul,Ramped,South.facing,M1,"Late_Dry
(Months 1-3)"
SanPablo,D,12,a,2022-06-30,2022-07-28,Summer,2022,128.3453453,NA,Jul,Ramped,South.facing,M1,"Late_Dry
(Months 1-3)"
SanPablo,D,12,b,2022-06-30,2022-07-28,Summer,2022,13.97829083,NA,Jul,Ramped,South.facing,M1,"Late_Dry
(Months 1-3)"
SanPablo,D,12,c,2022-06-30,2022-07-28,Summer,2022,32.24237549,6.870128154,Jul,Ramped,South.facing,M1,"Late_Dry
(Months 1-3)"
SanPablo,D,24,a,2022-06-30,2022-07-28,Summer,2022,13.37720575,NA,Jul,Ramped,South.facing,M1,"Late_Dry
(Months 1-3)"
SanPablo,D,24,b,2022-06-30,2022-07-28,Summer,2022,65.93887054,NA,Jul,Ramped,South.facing,M1,"Late_Dry
(Months 1-3)"
SanPablo,D,24,c,2022-06-30,2022-07-28,Summer,2022,12.48864518,NA,Jul,Ramped,South.facing,M1,"Late_Dry
(Months 1-3)"
SanPablo,D,48,a,2022-06-30,2022-07-28,Summer,2022,6.726068604,NA,Jul,Ramped,South.facing,M1,"Late_Dry
(Months 1-3)"
SanPablo,D,48,b,2022-06-30,2022-07-28,Summer,2022,8.320379958,18.59993597,Jul,Ramped,South.facing,M1,"Late_Dry
(Months 1-3)"
SanPablo,D,48,c,2022-06-30,2022-07-28,Summer,2022,8.856408883,14.10587306,Jul,Ramped,South.facing,M1,"Late_Dry
(Months 1-3)"
SanPablo,D,72,a,2022-06-30,2022-07-28,Summer,2022,6.767107362,NA,Jul,Ramped,South.facing,M1,"Late_Dry
(Months 1-3)"
SanPablo,D,72,b,2022-06-30,2022-07-28,Summer,2022,13.23836816,NA,Jul,Ramped,South.facing,M1,"Late_Dry
(Months 1-3)"
SanPablo,D,72,c,2022-06-30,2022-07-28,Summer,2022,12.55295965,9.440512752,Jul,Ramped,South.facing,M1,"Late_Dry
(Months 1-3)"
SanPablo,D,150,a,2022-06-30,2022-07-28,Summer,2022,9.40032555,NA,Jul,Ramped,South.facing,M1,"Late_Dry
(Months 1-3)"
SanPablo,D,150,b,2022-06-30,2022-07-28,Summer,2022,3.466856233,NA,Jul,Ramped,South.facing,M1,"Late_Dry
(Months 1-3)"
SanPablo,D,150,c,2022-06-30,2022-07-28,Summer,2022,8.604663669,NA,Jul,Ramped,South.facing,M1,"Late_Dry
(Months 1-3)"
CorteMadera,A,0.5,a,2022-07-27,2022-08-24,Summer,2022,0.131691535,NA,Aug,Scarped,East.facing,M2,"Late_Dry
(Months 1-3)"
CorteMadera,A,0.5,b,2022-07-27,2022-08-24,Summer,2022,0.689696134,NA,Aug,Scarped,East.facing,M2,"Late_Dry
(Months 1-3)"
CorteMadera,A,0.5,c,2022-07-27,2022-08-24,Summer,2022,0.62721922,NA,Aug,Scarped,East.facing,M2,"Late_Dry
(Months 1-3)"
CorteMadera,A,2,a,2022-07-27,2022-08-24,Summer,2022,5.975733112,NA,Aug,Scarped,East.facing,M2,"Late_Dry
(Months 1-3)"
CorteMadera,A,2,b,2022-07-27,2022-08-24,Summer,2022,3.093219784,NA,Aug,Scarped,East.facing,M2,"Late_Dry
(Months 1-3)"
CorteMadera,A,2,c,2022-07-27,2022-08-24,Summer,2022,2.260194258,NA,Aug,Scarped,East.facing,M2,"Late_Dry
(Months 1-3)"
CorteMadera,A,6,a,2022-07-27,2022-08-24,Summer,2022,2.583604168,NA,Aug,Scarped,East.facing,M2,"Late_Dry
(Months 1-3)"
CorteMadera,A,6,b,2022-07-27,2022-08-24,Summer,2022,2.81146115,NA,Aug,Scarped,East.facing,M2,"Late_Dry
(Months 1-3)"
CorteMadera,A,6,c,2022-07-27,2022-08-24,Summer,2022,1.886557809,NA,Aug,Scarped,East.facing,M2,"Late_Dry
(Months 1-3)"
CorteMadera,A,12,a,2022-07-27,2022-08-24,Summer,2022,6.913499347,8.859859018,Aug,Scarped,East.facing,M2,"Late_Dry
(Months 1-3)"
CorteMadera,A,12,b,2022-07-27,2022-08-24,Summer,2022,7.601357925,NA,Aug,Scarped,East.facing,M2,"Late_Dry
(Months 1-3)"
CorteMadera,A,12,c,2022-07-27,2022-08-24,Summer,2022,10.09492183,NA,Aug,Scarped,East.facing,M2,"Late_Dry
(Months 1-3)"
CorteMadera,A,24,a,2022-07-27,2022-08-24,Summer,2022,11.35181035,11.41299927,Aug,Scarped,East.facing,M2,"Late_Dry
(Months 1-3)"
CorteMadera,A,24,b,2022-07-27,2022-08-24,Summer,2022,26.38914613,NA,Aug,Scarped,East.facing,M2,"Late_Dry
(Months 1-3)"
CorteMadera,A,24,c,2022-07-27,2022-08-24,Summer,2022,15.79134639,10.29628073,Aug,Scarped,East.facing,M2,"Late_Dry
(Months 1-3)"
CorteMadera,A,48,a,2022-07-27,2022-08-24,Summer,2022,7.269372752,7.971841705,Aug,Scarped,East.facing,M2,"Late_Dry
(Months 1-3)"
CorteMadera,A,48,b,2022-07-27,2022-08-24,Summer,2022,5.47408024,NA,Aug,Scarped,East.facing,M2,"Late_Dry
(Months 1-3)"
CorteMadera,A,48,c,2022-07-27,2022-08-24,Summer,2022,6.2005275,NA,Aug,Scarped,East.facing,M2,"Late_Dry
(Months 1-3)"
CorteMadera,B,0.5,a,2022-07-27,2022-08-24,Summer,2022,NA,NA,Aug,Scarped,East.facing,M2,"Late_Dry
(Months 1-3)"
CorteMadera,B,0.5,b,2022-07-27,2022-08-24,Summer,2022,0.331372654,NA,Aug,Scarped,East.facing,M2,"Late_Dry
(Months 1-3)"
CorteMadera,B,0.5,c,2022-07-27,2022-08-24,Summer,2022,0.129853979,NA,Aug,Scarped,East.facing,M2,"Late_Dry
(Months 1-3)"
CorteMadera,B,2,a,2022-07-27,2022-08-24,Summer,2022,6.082311378,NA,Aug,Scarped,East.facing,M2,"Late_Dry
(Months 1-3)"
CorteMadera,B,2,b,2022-07-27,2022-08-24,Summer,2022,3.387228793,7.878787879,Aug,Scarped,East.facing,M2,"Late_Dry
(Months 1-3)"
CorteMadera,B,2,c,2022-07-27,2022-08-24,Summer,2022,0.839150714,8.81294964,Aug,Scarped,East.facing,M2,"Late_Dry
(Months 1-3)"
CorteMadera,B,6,a,2022-07-27,2022-08-24,Summer,2022,2.764297205,6.99011267,Aug,Scarped,East.facing,M2,"Late_Dry
(Months 1-3)"
CorteMadera,B,6,b,2022-07-27,2022-08-24,Summer,2022,4.794796925,NA,Aug,Scarped,East.facing,M2,"Late_Dry
(Months 1-3)"
CorteMadera,B,6,c,2022-07-27,2022-08-24,Summer,2022,3.024005163,NA,Aug,Scarped,East.facing,M2,"Late_Dry
(Months 1-3)"
CorteMadera,B,12,a,2022-07-27,2022-08-24,Summer,2022,9.144292705,NA,Aug,Scarped,East.facing,M2,"Late_Dry
(Months 1-3)"
CorteMadera,B,12,b,2022-07-27,2022-08-24,Summer,2022,6.677815737,NA,Aug,Scarped,East.facing,M2,"Late_Dry
(Months 1-3)"
CorteMadera,B,12,c,2022-07-27,2022-08-24,Summer,2022,9.625732457,8.495257626,Aug,Scarped,East.facing,M2,"Late_Dry
(Months 1-3)"
CorteMadera,B,24,a,2022-07-27,2022-08-24,Summer,2022,19.5448614,10.84667357,Aug,Scarped,East.facing,M2,"Late_Dry
(Months 1-3)"
CorteMadera,B,24,b,2022-07-27,2022-08-24,Summer,2022,26.95388844,NA,Aug,Scarped,East.facing,M2,"Late_Dry
(Months 1-3)"
CorteMadera,B,24,c,2022-07-27,2022-08-24,Summer,2022,26.96613881,12.81291173,Aug,Scarped,East.facing,M2,"Late_Dry
(Months 1-3)"
CorteMadera,B,48,a,2022-07-27,2022-08-24,Summer,2022,6.396533506,11.60978973,Aug,Scarped,East.facing,M2,"Late_Dry
(Months 1-3)"
CorteMadera,B,48,b,2022-07-27,2022-08-24,Summer,2022,7.124818323,NA,Aug,Scarped,East.facing,M2,"Late_Dry
(Months 1-3)"
CorteMadera,B,48,c,2022-07-27,2022-08-24,Summer,2022,7.372275905,NA,Aug,Scarped,East.facing,M2,"Late_Dry
(Months 1-3)"
CorteMadera,C,0.5,a,2022-07-27,2022-08-24,Summer,2022,1.760991461,NA,Aug,Scarped,East.facing,M2,"Late_Dry
(Months 1-3)"
CorteMadera,C,0.5,b,2022-07-27,2022-08-24,Summer,2022,2.287757603,6.713189114,Aug,Scarped,East.facing,M2,"Late_Dry
(Months 1-3)"
CorteMadera,C,0.5,c,2022-07-27,2022-08-24,Summer,2022,5.377914793,NA,Aug,Scarped,East.facing,M2,"Late_Dry
(Months 1-3)"
CorteMadera,C,2,a,2022-07-27,2022-08-24,Summer,2022,3.802516519,NA,Aug,Scarped,East.facing,M2,"Late_Dry
(Months 1-3)"
CorteMadera,C,2,b,2022-07-27,2022-08-24,Summer,2022,4.232504695,6.858323938,Aug,Scarped,East.facing,M2,"Late_Dry
(Months 1-3)"
CorteMadera,C,2,c,2022-07-27,2022-08-24,Summer,2022,4.154714811,NA,Aug,Scarped,East.facing,M2,"Late_Dry
(Months 1-3)"
CorteMadera,C,6,a,2022-07-27,2022-08-24,Summer,2022,8.687353703,NA,Aug,Scarped,East.facing,M2,"Late_Dry
(Months 1-3)"
CorteMadera,C,6,b,2022-07-27,2022-08-24,Summer,2022,10.14208578,NA,Aug,Scarped,East.facing,M2,"Late_Dry
(Months 1-3)"
CorteMadera,C,6,c,2022-07-27,2022-08-24,Summer,2022,17.17808888,9.169108611,Aug,Scarped,East.facing,M2,"Late_Dry
(Months 1-3)"
CorteMadera,C,12,a,2022-07-27,2022-08-24,Summer,2022,22.54252826,8.461039285,Aug,Scarped,East.facing,M2,"Late_Dry
(Months 1-3)"
CorteMadera,C,12,b,2022-07-27,2022-08-24,Summer,2022,22.58969221,NA,Aug,Scarped,East.facing,M2,"Late_Dry
(Months 1-3)"
CorteMadera,C,12,c,2022-07-27,2022-08-24,Summer,2022,21.75605416,NA,Aug,Scarped,East.facing,M2,"Late_Dry
(Months 1-3)"
CorteMadera,C,24,a,2022-07-27,2022-08-24,Summer,2022,9.39052525,NA,Aug,Scarped,East.facing,M2,"Late_Dry
(Months 1-3)"
CorteMadera,C,24,b,2022-07-27,2022-08-24,Summer,2022,9.14674278,7.82269276,Aug,Scarped,East.facing,M2,"Late_Dry
(Months 1-3)"
CorteMadera,C,24,c,2022-07-27,2022-08-24,Summer,2022,11.83202506,NA,Aug,Scarped,East.facing,M2,"Late_Dry
(Months 1-3)"
CorteMadera,C,48,a,2022-07-27,2022-08-24,Summer,2022,14.23003604,8.968844672,Aug,Scarped,East.facing,M2,"Late_Dry
(Months 1-3)"
CorteMadera,C,48,b,2022-07-27,2022-08-24,Summer,2022,10.66701436,NA,Aug,Scarped,East.facing,M2,"Late_Dry
(Months 1-3)"
CorteMadera,C,48,c,2022-07-27,2022-08-24,Summer,2022,8.96727478,NA,Aug,Scarped,East.facing,M2,"Late_Dry
(Months 1-3)"
CorteMadera,D,0.5,a,2022-07-27,2022-08-24,Summer,2022,4.169415262,NA,Aug,Scarped,East.facing,M2,"Late_Dry
(Months 1-3)"
CorteMadera,D,0.5,b,2022-07-27,2022-08-24,Summer,2022,3.56302168,NA,Aug,Scarped,East.facing,M2,"Late_Dry
(Months 1-3)"
CorteMadera,D,0.5,c,2022-07-27,2022-08-24,Summer,2022,4.837673239,NA,Aug,Scarped,East.facing,M2,"Late_Dry
(Months 1-3)"
CorteMadera,D,2,a,2022-07-27,2022-08-24,Summer,2022,13.36087191,NA,Aug,Scarped,East.facing,M2,"Late_Dry
(Months 1-3)"
CorteMadera,D,2,b,2022-07-27,2022-08-24,Summer,2022,6.038210026,NA,Aug,Scarped,East.facing,M2,"Late_Dry
(Months 1-3)"
CorteMadera,D,2,c,2022-07-27,2022-08-24,Summer,2022,6.526387485,8.344695937,Aug,Scarped,East.facing,M2,"Late_Dry
(Months 1-3)"
CorteMadera,D,6,a,2022-07-27,2022-08-24,Summer,2022,15.92058785,NA,Aug,Scarped,East.facing,M2,"Late_Dry
(Months 1-3)"
CorteMadera,D,6,b,2022-07-27,2022-08-24,Summer,2022,11.31812182,7.968910528,Aug,Scarped,East.facing,M2,"Late_Dry
(Months 1-3)"
CorteMadera,D,6,c,2022-07-27,2022-08-24,Summer,2022,5.735625754,NA,Aug,Scarped,East.facing,M2,"Late_Dry
(Months 1-3)"
CorteMadera,D,12,a,2022-07-27,2022-08-24,Summer,2022,10.12922289,8.51626813,Aug,Scarped,East.facing,M2,"Late_Dry
(Months 1-3)"
CorteMadera,D,12,b,2022-07-27,2022-08-24,Summer,2022,8.267778346,NA,Aug,Scarped,East.facing,M2,"Late_Dry
(Months 1-3)"
CorteMadera,D,12,c,2022-07-27,2022-08-24,Summer,2022,9.429726451,NA,Aug,Scarped,East.facing,M2,"Late_Dry
(Months 1-3)"
CorteMadera,D,24,a,2022-07-27,2022-08-24,Summer,2022,10.03795759,NA,Aug,Scarped,East.facing,M2,"Late_Dry
(Months 1-3)"
CorteMadera,D,24,b,2022-07-27,2022-08-24,Summer,2022,10.62781316,8.085629224,Aug,Scarped,East.facing,M2,"Late_Dry
(Months 1-3)"
CorteMadera,D,24,c,2022-07-27,2022-08-24,Summer,2022,10.13106044,NA,Aug,Scarped,East.facing,M2,"Late_Dry
(Months 1-3)"
CorteMadera,D,48,a,2022-07-27,2022-08-24,Summer,2022,7.007827238,9.364548495,Aug,Scarped,East.facing,M2,"Late_Dry
(Months 1-3)"
CorteMadera,D,48,b,2022-07-27,2022-08-24,Summer,2022,7.487429434,NA,Aug,Scarped,East.facing,M2,"Late_Dry
(Months 1-3)"
CorteMadera,D,48,c,2022-07-27,2022-08-24,Summer,2022,6.997414419,NA,Aug,Scarped,East.facing,M2,"Late_Dry
(Months 1-3)"
SanPablo,A,0.5,a,2022-07-28,2022-08-25,Summer,2022,7.160344411,NA,Aug,Ramped,South.facing,M2,"Late_Dry
(Months 1-3)"
SanPablo,A,0.5,b,2022-07-28,2022-08-25,Summer,2022,NA,NA,Aug,Ramped,South.facing,M2,"Late_Dry
(Months 1-3)"
SanPablo,A,0.5,c,2022-07-28,2022-08-25,Summer,2022,6.149688442,NA,Aug,Ramped,South.facing,M2,"Late_Dry
(Months 1-3)"
SanPablo,A,2,a,2022-07-28,2022-08-25,Summer,2022,16.51350602,NA,Aug,Ramped,South.facing,M2,"Late_Dry
(Months 1-3)"
SanPablo,A,2,b,2022-07-28,2022-08-25,Summer,2022,17.95905031,NA,Aug,Ramped,South.facing,M2,"Late_Dry
(Months 1-3)"
SanPablo,A,2,c,2022-07-28,2022-08-25,Summer,2022,16.45837933,NA,Aug,Ramped,South.facing,M2,"Late_Dry
(Months 1-3)"
SanPablo,A,6,a,2022-07-28,2022-08-25,Summer,2022,8.060747002,NA,Aug,Ramped,South.facing,M2,"Late_Dry
(Months 1-3)"
SanPablo,A,6,b,2022-07-28,2022-08-25,Summer,2022,6.180314381,NA,Aug,Ramped,South.facing,M2,"Late_Dry
(Months 1-3)"
SanPablo,A,6,c,2022-07-28,2022-08-25,Summer,2022,5.494293359,NA,Aug,Ramped,South.facing,M2,"Late_Dry
(Months 1-3)"
SanPablo,A,12,a,2022-07-28,2022-08-25,Summer,2022,1.11478416,NA,Aug,Ramped,South.facing,M2,"Late_Dry
(Months 1-3)"
SanPablo,A,12,b,2022-07-28,2022-08-25,Summer,2022,3.325976916,NA,Aug,Ramped,South.facing,M2,"Late_Dry
(Months 1-3)"
SanPablo,A,12,c,2022-07-28,2022-08-25,Summer,2022,3.044218283,NA,Aug,Ramped,South.facing,M2,"Late_Dry
(Months 1-3)"
SanPablo,A,24,a,2022-07-28,2022-08-25,Summer,2022,2.499076578,NA,Aug,Ramped,South.facing,M2,"Late_Dry
(Months 1-3)"
SanPablo,A,24,b,2022-07-28,2022-08-25,Summer,2022,2.462325452,NA,Aug,Ramped,South.facing,M2,"Late_Dry
(Months 1-3)"
SanPablo,A,24,c,2022-07-28,2022-08-25,Summer,2022,0.661520271,NA,Aug,Ramped,South.facing,M2,"Late_Dry
(Months 1-3)"
SanPablo,A,48,a,2022-07-28,2022-08-25,Summer,2022,1.799580144,NA,Aug,Ramped,South.facing,M2,"Late_Dry
(Months 1-3)"
SanPablo,A,48,b,2022-07-28,2022-08-25,Summer,2022,1.856544389,8.010618364,Aug,Ramped,South.facing,M2,"Late_Dry
(Months 1-3)"
SanPablo,A,48,c,2022-07-28,2022-08-25,Summer,2022,1.354278999,9.283819629,Aug,Ramped,South.facing,M2,"Late_Dry
(Months 1-3)"
SanPablo,A,72,a,2022-07-28,2022-08-25,Summer,2022,2.733671267,NA,Aug,Ramped,South.facing,M2,"Late_Dry
(Months 1-3)"
SanPablo,A,72,b,2022-07-28,2022-08-25,Summer,2022,2.459875377,NA,Aug,Ramped,South.facing,M2,"Late_Dry
(Months 1-3)"
SanPablo,A,72,c,2022-07-28,2022-08-25,Summer,2022,2.973778624,NA,Aug,Ramped,South.facing,M2,"Late_Dry
(Months 1-3)"
SanPablo,A,150,a,2022-07-28,2022-08-25,Summer,2022,6.003908975,NA,Aug,Ramped,South.facing,M2,"Late_Dry
(Months 1-3)"
SanPablo,A,150,b,2022-07-28,2022-08-25,Summer,2022,7.352062786,14.18630994,Aug,Ramped,South.facing,M2,"Late_Dry
(Months 1-3)"
SanPablo,A,150,c,2022-07-28,2022-08-25,Summer,2022,9.190844131,NA,Aug,Ramped,South.facing,M2,"Late_Dry
(Months 1-3)"
SanPablo,B,0.5,a,2022-07-28,2022-08-25,Summer,2022,6.547825642,NA,Aug,Ramped,South.facing,M2,"Late_Dry
(Months 1-3)"
SanPablo,B,0.5,b,2022-07-28,2022-08-25,Summer,2022,5.910806122,NA,Aug,Ramped,South.facing,M2,"Late_Dry
(Months 1-3)"
SanPablo,B,0.5,c,2022-07-28,2022-08-25,Summer,2022,0.189880818,NA,Aug,Ramped,South.facing,M2,"Late_Dry
(Months 1-3)"
SanPablo,B,2,a,2022-07-28,2022-08-25,Summer,2022,4.691893772,NA,Aug,Ramped,South.facing,M2,"Late_Dry
(Months 1-3)"
SanPablo,B,2,b,2022-07-28,2022-08-25,Summer,2022,3.834367495,NA,Aug,Ramped,South.facing,M2,"Late_Dry
(Months 1-3)"
SanPablo,B,2,c,2022-07-28,2022-08-25,Summer,2022,8.64876502,NA,Aug,Ramped,South.facing,M2,"Late_Dry
(Months 1-3)"
SanPablo,B,6,a,2022-07-28,2022-08-25,Summer,2022,3.987497187,NA,Aug,Ramped,South.facing,M2,"Late_Dry
(Months 1-3)"
SanPablo,B,6,b,2022-07-28,2022-08-25,Summer,2022,2.780835212,NA,Aug,Ramped,South.facing,M2,"Late_Dry
(Months 1-3)"
SanPablo,B,6,c,2022-07-28,2022-08-25,Summer,2022,5.794427556,NA,Aug,Ramped,South.facing,M2,"Late_Dry
(Months 1-3)"
SanPablo,B,12,a,2022-07-28,2022-08-25,Summer,2022,3.491356984,NA,Aug,Ramped,South.facing,M2,"Late_Dry
(Months 1-3)"
SanPablo,B,12,b,2022-07-28,2022-08-25,Summer,2022,2.382698012,NA,Aug,Ramped,South.facing,M2,"Late_Dry
(Months 1-3)"
SanPablo,B,12,c,2022-07-28,2022-08-25,Summer,2022,0.667645458,NA,Aug,Ramped,South.facing,M2,"Late_Dry
(Months 1-3)"
SanPablo,B,24,a,2022-07-28,2022-08-25,Summer,2022,0.906527778,NA,Aug,Ramped,South.facing,M2,"Late_Dry
(Months 1-3)"
SanPablo,B,24,b,2022-07-28,2022-08-25,Summer,2022,3.924407754,NA,Aug,Ramped,South.facing,M2,"Late_Dry
(Months 1-3)"
SanPablo,B,24,c,2022-07-28,2022-08-25,Summer,2022,0.796886919,7.797594359,Aug,Ramped,South.facing,M2,"Late_Dry
(Months 1-3)"
SanPablo,B,48,a,2022-07-28,2022-08-25,Summer,2022,6.870623034,NA,Aug,Ramped,South.facing,M2,"Late_Dry
(Months 1-3)"
SanPablo,B,48,b,2022-07-28,2022-08-25,Summer,2022,2.171379037,NA,Aug,Ramped,South.facing,M2,"Late_Dry
(Months 1-3)"
SanPablo,B,48,c,2022-07-28,2022-08-25,Summer,2022,4.10571331,NA,Aug,Ramped,South.facing,M2,"Late_Dry
(Months 1-3)"
SanPablo,B,72,a,2022-07-28,2022-08-25,Summer,2022,3.365178118,10.69976771,Aug,Ramped,South.facing,M2,"Late_Dry
(Months 1-3)"
SanPablo,B,72,b,2022-07-28,2022-08-25,Summer,2022,5.950619842,NA,Aug,Ramped,South.facing,M2,"Late_Dry
(Months 1-3)"
SanPablo,B,72,c,2022-07-28,2022-08-25,Summer,2022,17.19095177,NA,Aug,Ramped,South.facing,M2,"Late_Dry
(Months 1-3)"
SanPablo,B,150,a,2022-07-28,2022-08-25,Summer,2022,3.641424083,NA,Aug,Ramped,South.facing,M2,"Late_Dry
(Months 1-3)"
SanPablo,B,150,b,2022-07-28,2022-08-25,Summer,2022,4.40400995,14.08025568,Aug,Ramped,South.facing,M2,"Late_Dry
(Months 1-3)"
SanPablo,B,150,c,2022-07-28,2022-08-25,Summer,2022,4.277831084,NA,Aug,Ramped,South.facing,M2,"Late_Dry
(Months 1-3)"
SanPablo,C,0.5,a,2022-07-28,2022-08-25,Summer,2022,13.8239361,NA,Aug,Ramped,South.facing,M2,"Late_Dry
(Months 1-3)"
SanPablo,C,0.5,b,2022-07-28,2022-08-25,Summer,2022,7.462316164,NA,Aug,Ramped,South.facing,M2,"Late_Dry
(Months 1-3)"
SanPablo,C,0.5,c,2022-07-28,2022-08-25,Summer,2022,4.068349665,NA,Aug,Ramped,South.facing,M2,"Late_Dry
(Months 1-3)"
SanPablo,C,2,a,2022-07-28,2022-08-25,Summer,2022,3.08525704,NA,Aug,Ramped,South.facing,M2,"Late_Dry
(Months 1-3)"
SanPablo,C,2,b,2022-07-28,2022-08-25,Summer,2022,5.690911884,NA,Aug,Ramped,South.facing,M2,"Late_Dry
(Months 1-3)"
SanPablo,C,2,c,2022-07-28,2022-08-25,Summer,2022,10.83606954,NA,Aug,Ramped,South.facing,M2,"Late_Dry
(Months 1-3)"
SanPablo,C,6,a,2022-07-28,2022-08-25,Summer,2022,2.312870872,NA,Aug,Ramped,South.facing,M2,"Late_Dry
(Months 1-3)"
SanPablo,C,6,b,2022-07-28,2022-08-25,Summer,2022,0.687858578,NA,Aug,Ramped,South.facing,M2,"Late_Dry
(Months 1-3)"
SanPablo,C,6,c,2022-07-28,2022-08-25,Summer,2022,1.784879693,NA,Aug,Ramped,South.facing,M2,"Late_Dry
(Months 1-3)"
SanPablo,C,12,a,2022-07-28,2022-08-25,Summer,2022,2.551140673,NA,Aug,Ramped,South.facing,M2,"Late_Dry
(Months 1-3)"
SanPablo,C,12,b,2022-07-28,2022-08-25,Summer,2022,214.6915037,NA,Aug,Ramped,South.facing,M2,"Late_Dry
(Months 1-3)"
SanPablo,C,12,c,2022-07-28,2022-08-25,Summer,2022,106.1397024,NA,Aug,Ramped,South.facing,M2,"Late_Dry
(Months 1-3)"
SanPablo,C,24,a,2022-07-28,2022-08-25,Summer,2022,NA,NA,Aug,Ramped,South.facing,M2,"Late_Dry
(Months 1-3)"
SanPablo,C,24,b,2022-07-28,2022-08-25,Summer,2022,NA,NA,Aug,Ramped,South.facing,M2,"Late_Dry
(Months 1-3)"
SanPablo,C,24,c,2022-07-28,2022-08-25,Summer,2022,NA,7.271305708,Aug,Ramped,South.facing,M2,"Late_Dry
(Months 1-3)"
SanPablo,C,48,a,2022-07-28,2022-08-25,Summer,2022,2.642534921,NA,Aug,Ramped,South.facing,M2,"Late_Dry
(Months 1-3)"
SanPablo,C,48,b,2022-07-28,2022-08-25,Summer,2022,2.394335869,NA,Aug,Ramped,South.facing,M2,"Late_Dry
(Months 1-3)"
SanPablo,C,48,c,2022-07-28,2022-08-25,Summer,2022,2.787572918,NA,Aug,Ramped,South.facing,M2,"Late_Dry
(Months 1-3)"
SanPablo,C,72,a,2022-07-28,2022-08-25,Summer,2022,3.986884668,NA,Aug,Ramped,South.facing,M2,"Late_Dry
(Months 1-3)"
SanPablo,C,72,b,2022-07-28,2022-08-25,Summer,2022,2.484376128,6.764265869,Aug,Ramped,South.facing,M2,"Late_Dry
(Months 1-3)"
SanPablo,C,72,c,2022-07-28,2022-08-25,Summer,2022,3.643874158,14.3728223,Aug,Ramped,South.facing,M2,"Late_Dry
(Months 1-3)"
SanPablo,C,150,a,2022-07-28,2022-08-25,Summer,2022,12.42739331,NA,Aug,Ramped,South.facing,M2,"Late_Dry
(Months 1-3)"
SanPablo,C,150,b,2022-07-28,2022-08-25,Summer,2022,8.981975231,NA,Aug,Ramped,South.facing,M2,"Late_Dry
(Months 1-3)"
SanPablo,C,150,c,2022-07-28,2022-08-25,Summer,2022,6.901248972,NA,Aug,Ramped,South.facing,M2,"Late_Dry
(Months 1-3)"
SanPablo,D,0.5,a,2022-07-28,2022-08-25,Summer,2022,5.168433374,6.23916924,Aug,Ramped,South.facing,M2,"Late_Dry
(Months 1-3)"
SanPablo,D,0.5,b,2022-07-28,2022-08-25,Summer,2022,136.1831355,NA,Aug,Ramped,South.facing,M2,"Late_Dry
(Months 1-3)"
SanPablo,D,0.5,c,2022-07-28,2022-08-25,Summer,2022,8.130574142,NA,Aug,Ramped,South.facing,M2,"Late_Dry
(Months 1-3)"
SanPablo,D,2,a,2022-07-28,2022-08-25,Summer,2022,6.3897958,NA,Aug,Ramped,South.facing,M2,"Late_Dry
(Months 1-3)"
SanPablo,D,2,b,2022-07-28,2022-08-25,Summer,2022,2.634443226,NA,Aug,Ramped,South.facing,M2,"Late_Dry
(Months 1-3)"
SanPablo,D,2,c,2022-07-28,2022-08-25,Summer,2022,4.047524027,NA,Aug,Ramped,South.facing,M2,"Late_Dry
(Months 1-3)"
SanPablo,D,6,a,2022-07-28,2022-08-25,Summer,2022,1.165010699,NA,Aug,Ramped,South.facing,M2,"Late_Dry
(Months 1-3)"
SanPablo,D,6,b,2022-07-28,2022-08-25,Summer,2022,1.855931871,NA,Aug,Ramped,South.facing,M2,"Late_Dry
(Months 1-3)"
SanPablo,D,6,c,2022-07-28,2022-08-25,Summer,2022,0.948179055,NA,Aug,Ramped,South.facing,M2,"Late_Dry
(Months 1-3)"
SanPablo,D,12,a,2022-07-28,2022-08-25,Summer,2022,170.6759049,6.269674711,Aug,Ramped,South.facing,M2,"Late_Dry
(Months 1-3)"
SanPablo,D,12,b,2022-07-28,2022-08-25,Summer,2022,1.420431026,NA,Aug,Ramped,South.facing,M2,"Late_Dry
(Months 1-3)"
SanPablo,D,12,c,2022-07-28,2022-08-25,Summer,2022,NA,NA,Aug,Ramped,South.facing,M2,"Late_Dry
(Months 1-3)"
SanPablo,D,24,a,2022-07-28,2022-08-25,Summer,2022,128.2228416,NA,Aug,Ramped,South.facing,M2,"Late_Dry
(Months 1-3)"
SanPablo,D,24,b,2022-07-28,2022-08-25,Summer,2022,74.01309295,NA,Aug,Ramped,South.facing,M2,"Late_Dry
(Months 1-3)"
SanPablo,D,24,c,2022-07-28,2022-08-25,Summer,2022,47.73848783,NA,Aug,Ramped,South.facing,M2,"Late_Dry
(Months 1-3)"
SanPablo,D,48,a,2022-07-28,2022-08-25,Summer,2022,2.878225696,12.25124378,Aug,Ramped,South.facing,M2,"Late_Dry
(Months 1-3)"
SanPablo,D,48,b,2022-07-28,2022-08-25,Summer,2022,3.127520835,NA,Aug,Ramped,South.facing,M2,"Late_Dry
(Months 1-3)"
SanPablo,D,48,c,2022-07-28,2022-08-25,Summer,2022,3.48829439,NA,Aug,Ramped,South.facing,M2,"Late_Dry
(Months 1-3)"
SanPablo,D,72,a,2022-07-28,2022-08-25,Summer,2022,4.753145649,9.160613398,Aug,Ramped,South.facing,M2,"Late_Dry
(Months 1-3)"
SanPablo,D,72,b,2022-07-28,2022-08-25,Summer,2022,5.384039981,13.22237917,Aug,Ramped,South.facing,M2,"Late_Dry
(Months 1-3)"
SanPablo,D,72,c,2022-07-28,2022-08-25,Summer,2022,5.293999722,NA,Aug,Ramped,South.facing,M2,"Late_Dry
(Months 1-3)"
SanPablo,D,150,a,2022-07-28,2022-08-25,Summer,2022,7.254672302,NA,Aug,Ramped,South.facing,M2,"Late_Dry
(Months 1-3)"
SanPablo,D,150,b,2022-07-28,2022-08-25,Summer,2022,2.8408620510000002,NA,Aug,Ramped,South.facing,M2,"Late_Dry
(Months 1-3)"
SanPablo,D,150,c,2022-07-28,2022-08-25,Summer,2022,5.659673427,NA,Aug,Ramped,South.facing,M2,"Late_Dry
(Months 1-3)"
CorteMadera,A,0.5,a,2022-08-24,2022-09-21,Fall,2022,0.036751126,NA,Sep,Scarped,East.facing,M3,"Late_Dry
(Months 1-3)"
CorteMadera,A,0.5,b,2022-08-24,2022-09-21,Fall,2022,8.121998879,NA,Sep,Scarped,East.facing,M3,"Late_Dry
(Months 1-3)"
CorteMadera,A,0.5,c,2022-08-24,2022-09-21,Fall,2022,23.53297111,NA,Sep,Scarped,East.facing,M3,"Late_Dry
(Months 1-3)"
CorteMadera,A,2,a,2022-08-24,2022-09-21,Fall,2022,9.677796552,NA,Sep,Scarped,East.facing,M3,"Late_Dry
(Months 1-3)"
CorteMadera,A,2,b,2022-08-24,2022-09-21,Fall,2022,12.25650057,12.36323851,Sep,Scarped,East.facing,M3,"Late_Dry
(Months 1-3)"
CorteMadera,A,2,c,2022-08-24,2022-09-21,Fall,2022,1.102533784,NA,Sep,Scarped,East.facing,M3,"Late_Dry
(Months 1-3)"
CorteMadera,A,6,a,2022-08-24,2022-09-21,Fall,2022,2.033562314,6.637339889,Sep,Scarped,East.facing,M3,"Late_Dry
(Months 1-3)"
CorteMadera,A,6,b,2022-08-24,2022-09-21,Fall,2022,1.929434123,6.392224128,Sep,Scarped,East.facing,M3,"Late_Dry
(Months 1-3)"
CorteMadera,A,6,c,2022-08-24,2022-09-21,Fall,2022,2.799210775,NA,Sep,Scarped,East.facing,M3,"Late_Dry
(Months 1-3)"
CorteMadera,A,12,a,2022-08-24,2022-09-21,Fall,2022,3.650611864,9.040092521,Sep,Scarped,East.facing,M3,"Late_Dry
(Months 1-3)"
CorteMadera,A,12,b,2022-08-24,2022-09-21,Fall,2022,3.681237803,NA,Sep,Scarped,East.facing,M3,"Late_Dry
(Months 1-3)"
CorteMadera,A,12,c,2022-08-24,2022-09-21,Fall,2022,4.410135138,NA,Sep,Scarped,East.facing,M3,"Late_Dry
(Months 1-3)"
CorteMadera,A,24,a,2022-08-24,2022-09-21,Fall,2022,4.912400529,NA,Sep,Scarped,East.facing,M3,"Late_Dry
(Months 1-3)"
CorteMadera,A,24,b,2022-08-24,2022-09-21,Fall,2022,6.266067008,NA,Sep,Scarped,East.facing,M3,"Late_Dry
(Months 1-3)"
CorteMadera,A,24,c,2022-08-24,2022-09-21,Fall,2022,4.88177459,NA,Sep,Scarped,East.facing,M3,"Late_Dry
(Months 1-3)"
CorteMadera,A,48,a,2022-08-24,2022-09-21,Fall,2022,1.996811187,6.471898336,Sep,Scarped,East.facing,M3,"Late_Dry
(Months 1-3)"
CorteMadera,A,48,b,2022-08-24,2022-09-21,Fall,2022,1.629299926,NA,Sep,Scarped,East.facing,M3,"Late_Dry
(Months 1-3)"
CorteMadera,A,48,c,2022-08-24,2022-09-21,Fall,2022,5.292162165,NA,Sep,Scarped,East.facing,M3,"Late_Dry
(Months 1-3)"
CorteMadera,B,0.5,a,2022-08-24,2022-09-21,Fall,2022,NA,NA,Sep,Scarped,East.facing,M3,"Late_Dry
(Months 1-3)"
CorteMadera,B,0.5,b,2022-08-24,2022-09-21,Fall,2022,0.410387575,NA,Sep,Scarped,East.facing,M3,"Late_Dry
(Months 1-3)"
CorteMadera,B,0.5,c,2022-08-24,2022-09-21,Fall,2022,13.04664978,NA,Sep,Scarped,East.facing,M3,"Late_Dry
(Months 1-3)"
CorteMadera,B,2,a,2022-08-24,2022-09-21,Fall,2022,0.428763138,NA,Sep,Scarped,East.facing,M3,"Late_Dry
(Months 1-3)"
CorteMadera,B,2,b,2022-08-24,2022-09-21,Fall,2022,0.153129692,NA,Sep,Scarped,East.facing,M3,"Late_Dry
(Months 1-3)"
CorteMadera,B,2,c,2022-08-24,2022-09-21,Fall,2022,0.771773649,NA,Sep,Scarped,East.facing,M3,"Late_Dry
(Months 1-3)"
CorteMadera,B,6,a,2022-08-24,2022-09-21,Fall,2022,2.30919576,NA,Sep,Scarped,East.facing,M3,"Late_Dry
(Months 1-3)"
CorteMadera,B,6,b,2022-08-24,2022-09-21,Fall,2022,1.849806683,NA,Sep,Scarped,East.facing,M3,"Late_Dry
(Months 1-3)"
CorteMadera,B,6,c,2022-08-24,2022-09-21,Fall,2022,2.664456646,NA,Sep,Scarped,East.facing,M3,"Late_Dry
(Months 1-3)"
CorteMadera,B,12,a,2022-08-24,2022-09-21,Fall,2022,3.693488178,NA,Sep,Scarped,East.facing,M3,"Late_Dry
(Months 1-3)"
CorteMadera,B,12,b,2022-08-24,2022-09-21,Fall,2022,4.428510701,NA,Sep,Scarped,East.facing,M3,"Late_Dry
(Months 1-3)"
CorteMadera,B,12,c,2022-08-24,2022-09-21,Fall,2022,4.973652405,NA,Sep,Scarped,East.facing,M3,"Late_Dry
(Months 1-3)"
CorteMadera,B,24,a,2022-08-24,2022-09-21,Fall,2022,7.638109051,NA,Sep,Scarped,East.facing,M3,"Late_Dry
(Months 1-3)"
CorteMadera,B,24,b,2022-08-24,2022-09-21,Fall,2022,17.33428117,NA,Sep,Scarped,East.facing,M3,"Late_Dry
(Months 1-3)"
CorteMadera,B,24,c,2022-08-24,2022-09-21,Fall,2022,6.798958338,NA,Sep,Scarped,East.facing,M3,"Late_Dry
(Months 1-3)"
CorteMadera,B,48,a,2022-08-24,2022-09-21,Fall,2022,1.255663477,NA,Sep,Scarped,East.facing,M3,"Late_Dry
(Months 1-3)"
CorteMadera,B,48,b,2022-08-24,2022-09-21,Fall,2022,3.02584272,NA,Sep,Scarped,East.facing,M3,"Late_Dry
(Months 1-3)"
CorteMadera,B,48,c,2022-08-24,2022-09-21,Fall,2022,1.347541292,NA,Sep,Scarped,East.facing,M3,"Late_Dry
(Months 1-3)"
CorteMadera,C,0.5,a,2022-08-24,2022-09-21,Fall,2022,0.630894332,NA,Sep,Scarped,East.facing,M3,"Late_Dry
(Months 1-3)"
CorteMadera,C,0.5,b,2022-08-24,2022-09-21,Fall,2022,1.855931871,NA,Sep,Scarped,East.facing,M3,"Late_Dry
(Months 1-3)"
CorteMadera,C,0.5,c,2022-08-24,2022-09-21,Fall,2022,1.868182246,NA,Sep,Scarped,East.facing,M3,"Late_Dry
(Months 1-3)"
CorteMadera,C,2,a,2022-08-24,2022-09-21,Fall,2022,2.345946886,NA,Sep,Scarped,East.facing,M3,"Late_Dry
(Months 1-3)"
CorteMadera,C,2,b,2022-08-24,2022-09-21,Fall,2022,1.849806683,5.532873434,Sep,Scarped,East.facing,M3,"Late_Dry
(Months 1-3)"
CorteMadera,C,2,c,2022-08-24,2022-09-21,Fall,2022,4.140626879,NA,Sep,Scarped,East.facing,M3,"Late_Dry
(Months 1-3)"
CorteMadera,C,6,a,2022-08-24,2022-09-21,Fall,2022,10.46794576,NA,Sep,Scarped,East.facing,M3,"Late_Dry
(Months 1-3)"
CorteMadera,C,6,b,2022-08-24,2022-09-21,Fall,2022,13.934802,14.50294551,Sep,Scarped,East.facing,M3,"Late_Dry
(Months 1-3)"
CorteMadera,C,6,c,2022-08-24,2022-09-21,Fall,2022,13.53053961,NA,Sep,Scarped,East.facing,M3,"Late_Dry
(Months 1-3)"
CorteMadera,C,12,a,2022-08-24,2022-09-21,Fall,2022,8.140374442,NA,Sep,Scarped,East.facing,M3,"Late_Dry
(Months 1-3)"
CorteMadera,C,12,b,2022-08-24,2022-09-21,Fall,2022,7.968869187,NA,Sep,Scarped,East.facing,M3,"Late_Dry
(Months 1-3)"
CorteMadera,C,12,c,2022-08-24,2022-09-21,Fall,2022,1.984560812,7.505098572,Sep,Scarped,East.facing,M3,"Late_Dry
(Months 1-3)"
CorteMadera,C,24,a,2022-08-24,2022-09-21,Fall,2022,102.5846435,NA,Sep,Scarped,East.facing,M3,"Late_Dry
(Months 1-3)"
CorteMadera,C,24,b,2022-08-24,2022-09-21,Fall,2022,2.382698012,6.96987596,Sep,Scarped,East.facing,M3,"Late_Dry
(Months 1-3)"
CorteMadera,C,24,c,2022-08-24,2022-09-21,Fall,2022,2.793085587,NA,Sep,Scarped,East.facing,M3,"Late_Dry
(Months 1-3)"
CorteMadera,C,48,a,2022-08-24,2022-09-21,Fall,2022,1.51292136,NA,Sep,Scarped,East.facing,M3,"Late_Dry
(Months 1-3)"
CorteMadera,C,48,b,2022-08-24,2022-09-21,Fall,2022,2.443949889,9.466746555,Sep,Scarped,East.facing,M3,"Late_Dry
(Months 1-3)"
CorteMadera,C,48,c,2022-08-24,2022-09-21,Fall,2022,3.809866744,NA,Sep,Scarped,East.facing,M3,"Late_Dry
(Months 1-3)"
CorteMadera,D,0.5,a,2022-08-24,2022-09-21,Fall,2022,0.967779655,4.294279695,Sep,Scarped,East.facing,M3,"Late_Dry
(Months 1-3)"
CorteMadera,D,0.5,b,2022-08-24,2022-09-21,Fall,2022,NA,NA,Sep,Scarped,East.facing,M3,"Late_Dry
(Months 1-3)"
CorteMadera,D,0.5,c,2022-08-24,2022-09-21,Fall,2022,0.967779655,NA,Sep,Scarped,East.facing,M3,"Late_Dry
(Months 1-3)"
CorteMadera,D,2,a,2022-08-24,2022-09-21,Fall,2022,7.846365433,NA,Sep,Scarped,East.facing,M3,"Late_Dry
(Months 1-3)"
CorteMadera,D,2,b,2022-08-24,2022-09-21,Fall,2022,0.820775151,5.197617759,Sep,Scarped,East.facing,M3,"Late_Dry
(Months 1-3)"
CorteMadera,D,2,c,2022-08-24,2022-09-21,Fall,2022,2.284695009,NA,Sep,Scarped,East.facing,M3,"Late_Dry
(Months 1-3)"
CorteMadera,D,6,a,2022-08-24,2022-09-21,Fall,2022,3.301476166,NA,Sep,Scarped,East.facing,M3,"Late_Dry
(Months 1-3)"
CorteMadera,D,6,b,2022-08-24,2022-09-21,Fall,2022,1.359791668,4.586593036,Sep,Scarped,East.facing,M3,"Late_Dry
(Months 1-3)"
CorteMadera,D,6,c,2022-08-24,2022-09-21,Fall,2022,2.450075077,NA,Sep,Scarped,East.facing,M3,"Late_Dry
(Months 1-3)"
CorteMadera,D,12,a,2022-08-24,2022-09-21,Fall,2022,3.1850976,NA,Sep,Scarped,East.facing,M3,"Late_Dry
(Months 1-3)"
CorteMadera,D,12,b,2022-08-24,2022-09-21,Fall,2022,2.296945384,NA,Sep,Scarped,East.facing,M3,"Late_Dry
(Months 1-3)"
CorteMadera,D,12,c,2022-08-24,2022-09-21,Fall,2022,3.393353981,10.93211753,Sep,Scarped,East.facing,M3,"Late_Dry
(Months 1-3)"
CorteMadera,D,24,a,2022-08-24,2022-09-21,Fall,2022,1.929434123,8.026001592,Sep,Scarped,East.facing,M3,"Late_Dry
(Months 1-3)"
CorteMadera,D,24,b,2022-08-24,2022-09-21,Fall,2022,3.215723538,NA,Sep,Scarped,East.facing,M3,"Late_Dry
(Months 1-3)"
CorteMadera,D,24,c,2022-08-24,2022-09-21,Fall,2022,NA,NA,Sep,Scarped,East.facing,M3,"Late_Dry
(Months 1-3)"
CorteMadera,D,48,a,2022-08-24,2022-09-21,Fall,2022,1.237287914,NA,Sep,Scarped,East.facing,M3,"Late_Dry
(Months 1-3)"
CorteMadera,D,48,b,2022-08-24,2022-09-21,Fall,2022,2.590954393,NA,Sep,Scarped,East.facing,M3,"Late_Dry
(Months 1-3)"
CorteMadera,D,48,c,2022-08-24,2022-09-21,Fall,2022,2.382698012,11.84822814,Sep,Scarped,East.facing,M3,"Late_Dry
(Months 1-3)"
SanPablo,A,0.5,a,2022-08-25,2022-09-22,Fall,2022,4.845023464,NA,Sep,Ramped,South.facing,M3,"Late_Dry
(Months 1-3)"
SanPablo,A,0.5,b,2022-08-25,2022-09-22,Fall,2022,4.116126129,NA,Sep,Ramped,South.facing,M3,"Late_Dry
(Months 1-3)"
SanPablo,A,0.5,c,2022-08-25,2022-09-22,Fall,2022,8.997900719,NA,Sep,Ramped,South.facing,M3,"Late_Dry
(Months 1-3)"
SanPablo,A,2,a,2022-08-25,2022-09-22,Fall,2022,50.58792514,NA,Sep,Ramped,South.facing,M3,"Late_Dry
(Months 1-3)"
SanPablo,A,2,b,2022-08-25,2022-09-22,Fall,2022,33.8906635,NA,Sep,Ramped,South.facing,M3,"Late_Dry
(Months 1-3)"
SanPablo,A,2,c,2022-08-25,2022-09-22,Fall,2022,83.26580148,NA,Sep,Ramped,South.facing,M3,"Late_Dry
(Months 1-3)"
SanPablo,A,6,a,2022-08-25,2022-09-22,Fall,2022,11.90123968,NA,Sep,Ramped,South.facing,M3,"Late_Dry
(Months 1-3)"
SanPablo,A,6,b,2022-08-25,2022-09-22,Fall,2022,5.59842155,NA,Sep,Ramped,South.facing,M3,"Late_Dry
(Months 1-3)"
SanPablo,A,6,c,2022-08-25,2022-09-22,Fall,2022,4.826647901,NA,Sep,Ramped,South.facing,M3,"Late_Dry
(Months 1-3)"
SanPablo,A,12,a,2022-08-25,2022-09-22,Fall,2022,2.107064566,NA,Sep,Ramped,South.facing,M3,"Late_Dry
(Months 1-3)"
SanPablo,A,12,b,2022-08-25,2022-09-22,Fall,2022,3.981371999,NA,Sep,Ramped,South.facing,M3,"Late_Dry
(Months 1-3)"
SanPablo,A,12,c,2022-08-25,2022-09-22,Fall,2022,2.523577329,NA,Sep,Ramped,South.facing,M3,"Late_Dry
(Months 1-3)"
SanPablo,A,24,a,2022-08-25,2022-09-22,Fall,2022,2.437824701,NA,Sep,Ramped,South.facing,M3,"Late_Dry
(Months 1-3)"
SanPablo,A,24,b,2022-08-25,2022-09-22,Fall,2022,0.189880818,NA,Sep,Ramped,South.facing,M3,"Late_Dry
(Months 1-3)"
SanPablo,A,24,c,2022-08-25,2022-09-22,Fall,2022,0.679895834,10.34819395,Sep,Ramped,South.facing,M3,"Late_Dry
(Months 1-3)"
SanPablo,A,48,a,2022-08-25,2022-09-22,Fall,2022,7.53398086,NA,Sep,Ramped,South.facing,M3,"Late_Dry
(Months 1-3)"
SanPablo,A,48,b,2022-08-25,2022-09-22,Fall,2022,6.854085027,8.67807154,Sep,Ramped,South.facing,M3,"Late_Dry
(Months 1-3)"
SanPablo,A,48,c,2022-08-25,2022-09-22,Fall,2022,2.156066067,NA,Sep,Ramped,South.facing,M3,"Late_Dry
(Months 1-3)"
SanPablo,A,72,a,2022-08-25,2022-09-22,Fall,2022,3.319851729,NA,Sep,Ramped,South.facing,M3,"Late_Dry
(Months 1-3)"
SanPablo,A,72,b,2022-08-25,2022-09-22,Fall,2022,3.932370498,NA,Sep,Ramped,South.facing,M3,"Late_Dry
(Months 1-3)"
SanPablo,A,72,c,2022-08-25,2022-09-22,Fall,2022,4.685768584,NA,Sep,Ramped,South.facing,M3,"Late_Dry
(Months 1-3)"
SanPablo,A,150,a,2022-08-25,2022-09-22,Fall,2022,2.646081083,12.09872282,Sep,Ramped,South.facing,M3,"Late_Dry
(Months 1-3)"
SanPablo,A,150,b,2022-08-25,2022-09-22,Fall,2022,4.771521212,NA,Sep,Ramped,South.facing,M3,"Late_Dry
(Months 1-3)"
SanPablo,A,150,c,2022-08-25,2022-09-22,Fall,2022,4.814397525,NA,Sep,Ramped,South.facing,M3,"Late_Dry
(Months 1-3)"
SanPablo,B,0.5,a,2022-08-25,2022-09-22,Fall,2022,15.61922861,NA,Sep,Ramped,South.facing,M3,"Late_Dry
(Months 1-3)"
SanPablo,B,0.5,b,2022-08-25,2022-09-22,Fall,2022,8.416007888,NA,Sep,Ramped,South.facing,M3,"Late_Dry
(Months 1-3)"
SanPablo,B,0.5,c,2022-08-25,2022-09-22,Fall,2022,8.397632325,NA,Sep,Ramped,South.facing,M3,"Late_Dry
(Months 1-3)"
SanPablo,B,2,a,2022-08-25,2022-09-22,Fall,2022,6.008809125,NA,Sep,Ramped,South.facing,M3,"Late_Dry
(Months 1-3)"
SanPablo,B,2,b,2022-08-25,2022-09-22,Fall,2022,5.083905784,NA,Sep,Ramped,South.facing,M3,"Late_Dry
(Months 1-3)"
SanPablo,B,2,c,2022-08-25,2022-09-22,Fall,2022,6.982713968,NA,Sep,Ramped,South.facing,M3,"Late_Dry
(Months 1-3)"
SanPablo,B,6,a,2022-08-25,2022-09-22,Fall,2022,14.9270824,NA,Sep,Ramped,South.facing,M3,"Late_Dry
(Months 1-3)"
SanPablo,B,6,b,2022-08-25,2022-09-22,Fall,2022,14.93933278,NA,Sep,Ramped,South.facing,M3,"Late_Dry
(Months 1-3)"
SanPablo,B,6,c,2022-08-25,2022-09-22,Fall,2022,5.488168172,NA,Sep,Ramped,South.facing,M3,"Late_Dry
(Months 1-3)"
SanPablo,B,12,a,2022-08-25,2022-09-22,Fall,2022,2.290820197,NA,Sep,Ramped,South.facing,M3,"Late_Dry
(Months 1-3)"
SanPablo,B,12,b,2022-08-25,2022-09-22,Fall,2022,2.039687501,NA,Sep,Ramped,South.facing,M3,"Late_Dry
(Months 1-3)"
SanPablo,B,12,c,2022-08-25,2022-09-22,Fall,2022,0.31850976,NA,Sep,Ramped,South.facing,M3,"Late_Dry
(Months 1-3)"
SanPablo,B,24,a,2022-08-25,2022-09-22,Fall,2022,8.269003383,NA,Sep,Ramped,South.facing,M3,"Late_Dry
(Months 1-3)"
SanPablo,B,24,b,2022-08-25,2022-09-22,Fall,2022,3.577109612,NA,Sep,Ramped,South.facing,M3,"Late_Dry
(Months 1-3)"
SanPablo,B,24,c,2022-08-25,2022-09-22,Fall,2022,2.370447637,NA,Sep,Ramped,South.facing,M3,"Late_Dry
(Months 1-3)"
SanPablo,B,48,a,2022-08-25,2022-09-22,Fall,2022,5.096156159,9.496777246,Sep,Ramped,South.facing,M3,"Late_Dry
(Months 1-3)"
SanPablo,B,48,b,2022-08-25,2022-09-22,Fall,2022,5.610671925,NA,Sep,Ramped,South.facing,M3,"Late_Dry
(Months 1-3)"
SanPablo,B,48,c,2022-08-25,2022-09-22,Fall,2022,7.962743999,NA,Sep,Ramped,South.facing,M3,"Late_Dry
(Months 1-3)"
SanPablo,B,72,a,2022-08-25,2022-09-22,Fall,2022,5.310537728,11.7991374,Sep,Ramped,South.facing,M3,"Late_Dry
(Months 1-3)"
SanPablo,B,72,b,2022-08-25,2022-09-22,Fall,2022,NA,NA,Sep,Ramped,South.facing,M3,"Late_Dry
(Months 1-3)"
SanPablo,B,72,c,2022-08-25,2022-09-22,Fall,2022,7.515605297,NA,Sep,Ramped,South.facing,M3,"Late_Dry
(Months 1-3)"
SanPablo,B,150,a,2022-08-25,2022-09-22,Fall,2022,2.97071603,9.663108277,Sep,Ramped,South.facing,M3,"Late_Dry
(Months 1-3)"
SanPablo,B,150,b,2022-08-25,2022-09-22,Fall,2022,2.027437126,NA,Sep,Ramped,South.facing,M3,"Late_Dry
(Months 1-3)"
SanPablo,B,150,c,2022-08-25,2022-09-22,Fall,2022,1.825305932,NA,Sep,Ramped,South.facing,M3,"Late_Dry
(Months 1-3)"
SanPablo,C,0.5,a,2022-08-25,2022-09-22,Fall,2022,91.29592254,NA,Sep,Ramped,South.facing,M3,"Late_Dry
(Months 1-3)"
SanPablo,C,0.5,b,2022-08-25,2022-09-22,Fall,2022,8.618139082,NA,Sep,Ramped,South.facing,M3,"Late_Dry
(Months 1-3)"
SanPablo,C,0.5,c,2022-08-25,2022-09-22,Fall,2022,7.876991371,NA,Sep,Ramped,South.facing,M3,"Late_Dry
(Months 1-3)"
SanPablo,C,2,a,2022-08-25,2022-09-22,Fall,2022,9.230657851,NA,Sep,Ramped,South.facing,M3,"Late_Dry
(Months 1-3)"
SanPablo,C,2,b,2022-08-25,2022-09-22,Fall,2022,10.7497044,NA,Sep,Ramped,South.facing,M3,"Late_Dry
(Months 1-3)"
SanPablo,C,2,c,2022-08-25,2022-09-22,Fall,2022,36.48774308,NA,Sep,Ramped,South.facing,M3,"Late_Dry
(Months 1-3)"
SanPablo,C,6,a,2022-08-25,2022-09-22,Fall,2022,1.721177741,NA,Sep,Ramped,South.facing,M3,"Late_Dry
(Months 1-3)"
SanPablo,C,6,b,2022-08-25,2022-09-22,Fall,2022,1.298539791,NA,Sep,Ramped,South.facing,M3,"Late_Dry
(Months 1-3)"
SanPablo,C,6,c,2022-08-25,2022-09-22,Fall,2022,2.284695009,NA,Sep,Ramped,South.facing,M3,"Late_Dry
(Months 1-3)"
SanPablo,C,12,a,2022-08-25,2022-09-22,Fall,2022,1.041281908,NA,Sep,Ramped,South.facing,M3,"Late_Dry
(Months 1-3)"
SanPablo,C,12,b,2022-08-25,2022-09-22,Fall,2022,122.1301174,10.61007958,Sep,Ramped,South.facing,M3,"Late_Dry
(Months 1-3)"
SanPablo,C,12,c,2022-08-25,2022-09-22,Fall,2022,54.88168172,NA,Sep,Ramped,South.facing,M3,"Late_Dry
(Months 1-3)"
SanPablo,C,24,a,2022-08-25,2022-09-22,Fall,2022,4.440761076,NA,Sep,Ramped,South.facing,M3,"Late_Dry
(Months 1-3)"
SanPablo,C,24,b,2022-08-25,2022-09-22,Fall,2022,NA,NA,Sep,Ramped,South.facing,M3,"Late_Dry
(Months 1-3)"
SanPablo,C,24,c,2022-08-25,2022-09-22,Fall,2022,NA,NA,Sep,Ramped,South.facing,M3,"Late_Dry
(Months 1-3)"
SanPablo,C,48,a,2022-08-25,2022-09-22,Fall,2022,5.212534725,11.76689491,Sep,Ramped,South.facing,M3,"Late_Dry
(Months 1-3)"
SanPablo,C,48,b,2022-08-25,2022-09-22,Fall,2022,3.234099101,NA,Sep,Ramped,South.facing,M3,"Late_Dry
(Months 1-3)"
SanPablo,C,48,c,2022-08-25,2022-09-22,Fall,2022,5.573920799,NA,Sep,Ramped,South.facing,M3,"Late_Dry
(Months 1-3)"
SanPablo,C,72,a,2022-08-25,2022-09-22,Fall,2022,0.931028529,10.01874009,Sep,Ramped,South.facing,M3,"Late_Dry
(Months 1-3)"
SanPablo,C,72,b,2022-08-25,2022-09-22,Fall,2022,1.953934874,NA,Sep,Ramped,South.facing,M3,"Late_Dry
(Months 1-3)"
SanPablo,C,72,c,2022-08-25,2022-09-22,Fall,2022,1.629299926,12.2148942,Sep,Ramped,South.facing,M3,"Late_Dry
(Months 1-3)"
SanPablo,C,150,a,2022-08-25,2022-09-22,Fall,2022,3.644486676,NA,Sep,Ramped,South.facing,M3,"Late_Dry
(Months 1-3)"
SanPablo,C,150,b,2022-08-25,2022-09-22,Fall,2022,1.782429618,NA,Sep,Ramped,South.facing,M3,"Late_Dry
(Months 1-3)"
SanPablo,C,150,c,2022-08-25,2022-09-22,Fall,2022,2.658331458,NA,Sep,Ramped,South.facing,M3,"Late_Dry
(Months 1-3)"
SanPablo,D,0.5,a,2022-08-25,2022-09-22,Fall,2022,57.15412635,NA,Sep,Ramped,South.facing,M3,"Late_Dry
(Months 1-3)"
SanPablo,D,0.5,b,2022-08-25,2022-09-22,Fall,2022,39.67284068,NA,Sep,Ramped,South.facing,M3,"Late_Dry
(Months 1-3)"
SanPablo,D,0.5,c,2022-08-25,2022-09-22,Fall,2022,75.42556123,NA,Sep,Ramped,South.facing,M3,"Late_Dry
(Months 1-3)"
SanPablo,D,2,a,2022-08-25,2022-09-22,Fall,2022,4.955276842,NA,Sep,Ramped,South.facing,M3,"Late_Dry
(Months 1-3)"
SanPablo,D,2,b,2022-08-25,2022-09-22,Fall,2022,1.145410098,NA,Sep,Ramped,South.facing,M3,"Late_Dry
(Months 1-3)"
SanPablo,D,2,c,2022-08-25,2022-09-22,Fall,2022,3.662862239,NA,Sep,Ramped,South.facing,M3,"Late_Dry
(Months 1-3)"
SanPablo,D,6,a,2022-08-25,2022-09-22,Fall,2022,3.044218283,NA,Sep,Ramped,South.facing,M3,"Late_Dry
(Months 1-3)"
SanPablo,D,6,b,2022-08-25,2022-09-22,Fall,2022,1.849806683,NA,Sep,Ramped,South.facing,M3,"Late_Dry
(Months 1-3)"
SanPablo,D,6,c,2022-08-25,2022-09-22,Fall,2022,1.531296923,NA,Sep,Ramped,South.facing,M3,"Late_Dry
(Months 1-3)"
SanPablo,D,12,a,2022-08-25,2022-09-22,Fall,2022,269.4102554,NA,Sep,Ramped,South.facing,M3,"Late_Dry
(Months 1-3)"
SanPablo,D,12,b,2022-08-25,2022-09-22,Fall,2022,170.2250911,NA,Sep,Ramped,South.facing,M3,"Late_Dry
(Months 1-3)"
SanPablo,D,12,c,2022-08-25,2022-09-22,Fall,2022,114.3572542,9.172055145,Sep,Ramped,South.facing,M3,"Late_Dry
(Months 1-3)"
SanPablo,D,24,b,2022-08-25,2022-09-22,Fall,2022,240.6831251,NA,Sep,Ramped,South.facing,M3,"Late_Dry
(Months 1-3)"
SanPablo,D,24,c,2022-08-25,2022-09-22,Fall,2022,240.6831251,NA,Sep,Ramped,South.facing,M3,"Late_Dry
(Months 1-3)"
SanPablo,D,48,b,2022-08-25,2022-09-22,Fall,2022,3.197347975,16.20713697,Sep,Ramped,South.facing,M3,"Late_Dry
(Months 1-3)"
SanPablo,D,48,c,2022-08-25,2022-09-22,Fall,2022,4.073249815,NA,Sep,Ramped,South.facing,M3,"Late_Dry
(Months 1-3)"
SanPablo,D,48,a,2022-08-25,2022-09-22,Fall,2022,6.982713968,7.63771023,Sep,Ramped,South.facing,M3,"Late_Dry
(Months 1-3)"
SanPablo,D,72,b,2022-08-25,2022-09-22,Fall,2022,1.806930369,NA,Sep,Ramped,South.facing,M3,"Late_Dry
(Months 1-3)"
SanPablo,D,72,c,2022-08-25,2022-09-22,Fall,2022,1.365916855,16.80380196,Sep,Ramped,South.facing,M3,"Late_Dry
(Months 1-3)"
SanPablo,D,72,a,2022-08-25,2022-09-22,Fall,2022,2.578704018,NA,Sep,Ramped,South.facing,M3,"Late_Dry
(Months 1-3)"
SanPablo,D,150,b,2022-08-25,2022-09-22,Fall,2022,5.708674928,NA,Sep,Ramped,South.facing,M3,"Late_Dry
(Months 1-3)"
SanPablo,D,150,c,2022-08-25,2022-09-22,Fall,2022,0.569642455,NA,Sep,Ramped,South.facing,M3,"Late_Dry
(Months 1-3)"
SanPablo,D,150,a,2022-08-25,2022-09-22,Fall,2022,1.378167231,NA,Sep,Ramped,South.facing,M3,"Late_Dry
(Months 1-3)"
CorteMadera,D,48,a,2022-09-21,2022-10-25,Fall,2022,2.7814117,NA,Oct,Scarped,East.facing,M4,"Tran
(Months 4-6)"
CorteMadera,D,48,b,2022-09-21,2022-10-25,Fall,2022,3.07549277,NA,Oct,Scarped,East.facing,M4,"Tran
(Months 4-6)"
CorteMadera,D,48,c,2022-09-21,2022-10-25,Fall,2022,2.882801572,NA,Oct,Scarped,East.facing,M4,"Tran
(Months 4-6)"
CorteMadera,D,24,a,2022-09-21,2022-10-25,Fall,2022,2.198293832,NA,Oct,Scarped,East.facing,M4,"Tran
(Months 4-6)"
CorteMadera,D,24,b,2022-09-21,2022-10-25,Fall,2022,3.028076612,NA,Oct,Scarped,East.facing,M4,"Tran
(Months 4-6)"
CorteMadera,D,24,c,2022-09-21,2022-10-25,Fall,2022,2.196138552,NA,Oct,Scarped,East.facing,M4,"Tran
(Months 4-6)"
CorteMadera,D,12,a,2022-09-21,2022-10-25,Fall,2022,1.569509859,NA,Oct,Scarped,East.facing,M4,"Tran
(Months 4-6)"
CorteMadera,D,12,b,2022-09-21,2022-10-25,Fall,2022,1.506724111,NA,Oct,Scarped,East.facing,M4,"Tran
(Months 4-6)"
CorteMadera,D,12,c,2022-09-21,2022-10-25,Fall,2022,2.567030131,NA,Oct,Scarped,East.facing,M4,"Tran
(Months 4-6)"
CorteMadera,D,6,a,2022-09-21,2022-10-25,Fall,2022,3.076501625,NA,Oct,Scarped,East.facing,M4,"Tran
(Months 4-6)"
CorteMadera,D,6,b,2022-09-21,2022-10-25,Fall,2022,2.388462895,NA,Oct,Scarped,East.facing,M4,"Tran
(Months 4-6)"
CorteMadera,D,6,c,2022-09-21,2022-10-25,Fall,2022,2.806633061,NA,Oct,Scarped,East.facing,M4,"Tran
(Months 4-6)"
CorteMadera,D,2,a,2022-09-21,2022-10-25,Fall,2022,2.284550887,NA,Oct,Scarped,East.facing,M4,"Tran
(Months 4-6)"
CorteMadera,D,2,b,2022-09-21,2022-10-25,Fall,2022,1.678733794,NA,Oct,Scarped,East.facing,M4,"Tran
(Months 4-6)"
CorteMadera,D,2,c,2022-09-21,2022-10-25,Fall,2022,1.40886523,NA,Oct,Scarped,East.facing,M4,"Tran
(Months 4-6)"
CorteMadera,D,0.5,a,2022-09-21,2022-10-25,Fall,2022,1.007341162,NA,Oct,Scarped,East.facing,M4,"Tran
(Months 4-6)"
CorteMadera,D,0.5,b,2022-09-21,2022-10-25,Fall,2022,0.70266712,NA,Oct,Scarped,East.facing,M4,"Tran
(Months 4-6)"
CorteMadera,D,0.5,c,2022-09-21,2022-10-25,Fall,2022,0.572854318,NA,Oct,Scarped,East.facing,M4,"Tran
(Months 4-6)"
CorteMadera,C,48,a,2022-09-21,2022-10-25,Fall,2022,1.018942988,NA,Oct,Scarped,East.facing,M4,"Tran
(Months 4-6)"
CorteMadera,C,48,b,2022-09-21,2022-10-25,Fall,2022,4.260896741,NA,Oct,Scarped,East.facing,M4,"Tran
(Months 4-6)"
CorteMadera,C,48,c,2022-09-21,2022-10-25,Fall,2022,4.41726918,NA,Oct,Scarped,East.facing,M4,"Tran
(Months 4-6)"
CorteMadera,C,24,a,2022-09-21,2022-10-25,Fall,2022,3.415981145,NA,Oct,Scarped,East.facing,M4,"Tran
(Months 4-6)"
CorteMadera,C,24,b,2022-09-21,2022-10-25,Fall,2022,2.809155197,NA,Oct,Scarped,East.facing,M4,"Tran
(Months 4-6)"
CorteMadera,C,24,c,2022-09-21,2022-10-25,Fall,2022,2.967040918,NA,Oct,Scarped,East.facing,M4,"Tran
(Months 4-6)"
CorteMadera,C,12,a,2022-09-21,2022-10-25,Fall,2022,4.749182292,NA,Oct,Scarped,East.facing,M4,"Tran
(Months 4-6)"
CorteMadera,C,12,b,2022-09-21,2022-10-25,Fall,2022,4.722952076,NA,Oct,Scarped,East.facing,M4,"Tran
(Months 4-6)"
CorteMadera,C,12,c,2022-09-21,2022-10-25,Fall,2022,4.681084617,NA,Oct,Scarped,East.facing,M4,"Tran
(Months 4-6)"
CorteMadera,C,6,a,2022-09-21,2022-10-25,Fall,2022,5.48110619,NA,Oct,Scarped,East.facing,M4,"Tran
(Months 4-6)"
CorteMadera,C,6,b,2022-09-21,2022-10-25,Fall,2022,4.953979744,NA,Oct,Scarped,East.facing,M4,"Tran
(Months 4-6)"
CorteMadera,C,6,c,2022-09-21,2022-10-25,Fall,2022,5.538610894,NA,Oct,Scarped,East.facing,M4,"Tran
(Months 4-6)"
CorteMadera,C,2,a,2022-09-21,2022-10-25,Fall,2022,0.863074976,NA,Oct,Scarped,East.facing,M4,"Tran
(Months 4-6)"
CorteMadera,C,2,b,2022-09-21,2022-10-25,Fall,2022,2.501959019,NA,Oct,Scarped,East.facing,M4,"Tran
(Months 4-6)"
CorteMadera,C,2,c,2022-09-21,2022-10-25,Fall,2022,2.874226309,NA,Oct,Scarped,East.facing,M4,"Tran
(Months 4-6)"
CorteMadera,C,0.5,a,2022-09-21,2022-10-25,Fall,2022,0.778331203,NA,Oct,Scarped,East.facing,M4,"Tran
(Months 4-6)"
CorteMadera,C,0.5,b,2022-09-21,2022-10-25,Fall,2022,2.142806838,NA,Oct,Scarped,East.facing,M4,"Tran
(Months 4-6)"
CorteMadera,C,0.5,c,2022-09-21,2022-10-25,Fall,2022,2.610410872,NA,Oct,Scarped,East.facing,M4,"Tran
(Months 4-6)"
CorteMadera,B,48,a,2022-09-21,2022-10-25,Fall,2022,2.306031079,NA,Oct,Scarped,East.facing,M4,"Tran
(Months 4-6)"
CorteMadera,B,48,b,2022-09-21,2022-10-25,Fall,2022,2.286568596,NA,Oct,Scarped,East.facing,M4,"Tran
(Months 4-6)"
CorteMadera,B,48,c,2022-09-21,2022-10-25,Fall,2022,2.687588237,NA,Oct,Scarped,East.facing,M4,"Tran
(Months 4-6)"
CorteMadera,B,24,a,2022-09-21,2022-10-25,Fall,2022,24.58628721,NA,Oct,Scarped,East.facing,M4,"Tran
(Months 4-6)"
CorteMadera,B,24,b,2022-09-21,2022-10-25,Fall,2022,24.16806395,NA,Oct,Scarped,East.facing,M4,"Tran
(Months 4-6)"
CorteMadera,B,24,c,2022-09-21,2022-10-25,Fall,2022,17.81586504,NA,Oct,Scarped,East.facing,M4,"Tran
(Months 4-6)"
CorteMadera,B,12,a,2022-09-21,2022-10-25,Fall,2022,3.827089331,NA,Oct,Scarped,East.facing,M4,"Tran
(Months 4-6)"
CorteMadera,B,12,b,2022-09-21,2022-10-25,Fall,2022,3.668194756,NA,Oct,Scarped,East.facing,M4,"Tran
(Months 4-6)"
CorteMadera,B,12,c,2022-09-21,2022-10-25,Fall,2022,2.535755643,NA,Oct,Scarped,East.facing,M4,"Tran
(Months 4-6)"
CorteMadera,B,6,a,2022-09-21,2022-10-25,Fall,2022,1.035589086,NA,Oct,Scarped,East.facing,M4,"Tran
(Months 4-6)"
CorteMadera,B,6,b,2022-09-21,2022-10-25,Fall,2022,1.36901548,NA,Oct,Scarped,East.facing,M4,"Tran
(Months 4-6)"
CorteMadera,B,6,c,2022-09-21,2022-10-25,Fall,2022,1.952637775,NA,Oct,Scarped,East.facing,M4,"Tran
(Months 4-6)"
CorteMadera,B,2,a,2022-09-21,2022-10-25,Fall,2022,NA,NA,Oct,Scarped,East.facing,M4,"Tran
(Months 4-6)"
CorteMadera,B,2,b,2022-09-21,2022-10-25,Fall,2022,NA,NA,Oct,Scarped,East.facing,M4,"Tran
(Months 4-6)"
CorteMadera,B,2,c,2022-09-21,2022-10-25,Fall,2022,NA,NA,Oct,Scarped,East.facing,M4,"Tran
(Months 4-6)"
CorteMadera,A,48,a,2022-09-21,2022-10-25,Fall,2022,1.795256482,NA,Oct,Scarped,East.facing,M4,"Tran
(Months 4-6)"
CorteMadera,A,48,b,2022-09-21,2022-10-25,Fall,2022,1.964744028,NA,Oct,Scarped,East.facing,M4,"Tran
(Months 4-6)"
CorteMadera,A,48,c,2022-09-21,2022-10-25,Fall,2022,2.70333872,NA,Oct,Scarped,East.facing,M4,"Tran
(Months 4-6)"
CorteMadera,A,24,a,2022-09-21,2022-10-25,Fall,2022,7.060016492,NA,Oct,Scarped,East.facing,M4,"Tran
(Months 4-6)"
CorteMadera,A,24,b,2022-09-21,2022-10-25,Fall,2022,7.637028136,NA,Oct,Scarped,East.facing,M4,"Tran
(Months 4-6)"
CorteMadera,A,24,c,2022-09-21,2022-10-25,Fall,2022,3.63288485,NA,Oct,Scarped,East.facing,M4,"Tran
(Months 4-6)"
CorteMadera,A,12,a,2022-09-21,2022-10-25,Fall,2022,2.773340865,NA,Oct,Scarped,East.facing,M4,"Tran
(Months 4-6)"
CorteMadera,A,12,b,2022-09-21,2022-10-25,Fall,2022,3.81336059,NA,Oct,Scarped,East.facing,M4,"Tran
(Months 4-6)"
CorteMadera,A,12,c,2022-09-21,2022-10-25,Fall,2022,2.770818729,NA,Oct,Scarped,East.facing,M4,"Tran
(Months 4-6)"
CorteMadera,A,6,a,2022-09-21,2022-10-25,Fall,2022,1.055261748,NA,Oct,Scarped,East.facing,M4,"Tran
(Months 4-6)"
CorteMadera,A,6,b,2022-09-21,2022-10-25,Fall,2022,0.28147039,NA,Oct,Scarped,East.facing,M4,"Tran
(Months 4-6)"
CorteMadera,A,6,c,2022-09-21,2022-10-25,Fall,2022,4.337065252,NA,Oct,Scarped,East.facing,M4,"Tran
(Months 4-6)"
CorteMadera,A,2,a,2022-09-21,2022-10-25,Fall,2022,NA,NA,Oct,Scarped,East.facing,M4,"Tran
(Months 4-6)"
CorteMadera,A,2,b,2022-09-21,2022-10-25,Fall,2022,0.91149999,NA,Oct,Scarped,East.facing,M4,"Tran
(Months 4-6)"
CorteMadera,A,2,c,2022-09-21,2022-10-25,Fall,2022,NA,NA,Oct,Scarped,East.facing,M4,"Tran
(Months 4-6)"
CorteMadera,B,0.5,a,2022-09-21,2022-10-25,Fall,2022,NA,NA,Oct,Scarped,East.facing,M4,"Tran
(Months 4-6)"
CorteMadera,B,0.5,b,2022-09-21,2022-10-25,Fall,2022,NA,NA,Oct,Scarped,East.facing,M4,"Tran
(Months 4-6)"
CorteMadera,B,0.5,c,2022-09-21,2022-10-25,Fall,2022,NA,NA,Oct,Scarped,East.facing,M4,"Tran
(Months 4-6)"
CorteMadera,A,0.5,a,2022-09-21,2022-10-25,Fall,2022,NA,NA,Oct,Scarped,East.facing,M4,"Tran
(Months 4-6)"
CorteMadera,A,0.5,b,2022-09-21,2022-10-25,Fall,2022,0.283992526,NA,Oct,Scarped,East.facing,M4,"Tran
(Months 4-6)"
CorteMadera,A,0.5,c,2022-09-21,2022-10-25,Fall,2022,0.149814885,NA,Oct,Scarped,East.facing,M4,"Tran
(Months 4-6)"
SanPablo,D,150,b,2022-09-22,2022-10-26,Fall,2022,3.920408367,9.679637014,Oct,Ramped,South.facing,M4,"Tran
(Months 4-6)"
SanPablo,D,150,c,2022-09-22,2022-10-26,Fall,2022,1.534467608,9.174809989,Oct,Ramped,South.facing,M4,"Tran
(Months 4-6)"
SanPablo,D,150,a,2022-09-22,2022-10-26,Fall,2022,1.515803801,NA,Oct,Ramped,South.facing,M4,"Tran
(Months 4-6)"
SanPablo,D,72,b,2022-09-22,2022-10-26,Fall,2022,1.506219684,NA,Oct,Ramped,South.facing,M4,"Tran
(Months 4-6)"
SanPablo,D,72,c,2022-09-22,2022-10-26,Fall,2022,1.822999979,NA,Oct,Ramped,South.facing,M4,"Tran
(Months 4-6)"
SanPablo,D,72,a,2022-09-22,2022-10-26,Fall,2022,1.80282289,7.445090439,Oct,Ramped,South.facing,M4,"Tran
(Months 4-6)"
SanPablo,D,48,b,2022-09-22,2022-10-26,Fall,2022,2.205355813,NA,Oct,Ramped,South.facing,M4,"Tran
(Months 4-6)"
SanPablo,D,48,c,2022-09-22,2022-10-26,Fall,2022,0.961438284,NA,Oct,Ramped,South.facing,M4,"Tran
(Months 4-6)"
SanPablo,D,48,a,2022-09-22,2022-10-26,Fall,2022,1.707486145,9.882711743,Oct,Ramped,South.facing,M4,"Tran
(Months 4-6)"
SanPablo,D,24,b,2022-09-22,2022-10-26,Fall,2022,109.7552926,NA,Oct,Ramped,South.facing,M4,"Tran
(Months 4-6)"
SanPablo,D,24,c,2022-09-22,2022-10-26,Fall,2022,122.7099925,NA,Oct,Ramped,South.facing,M4,"Tran
(Months 4-6)"
SanPablo,D,24,a,2022-09-22,2022-10-26,Fall,2022,NA,NA,Oct,Ramped,South.facing,M4,"Tran
(Months 4-6)"
SanPablo,C,150,b,2022-09-22,2022-10-26,Fall,2022,1.463847797,15.2255977,Oct,Ramped,South.facing,M4,"Tran
(Months 4-6)"
SanPablo,C,150,c,2022-09-22,2022-10-26,Fall,2022,3.442715788,NA,Oct,Ramped,South.facing,M4,"Tran
(Months 4-6)"
SanPablo,C,150,a,2022-09-22,2022-10-26,Fall,2022,6.512155431,NA,Oct,Ramped,South.facing,M4,"Tran
(Months 4-6)"
SanPablo,C,72,b,2022-09-22,2022-10-26,Fall,2022,1.12739484,6.163708087,Oct,Ramped,South.facing,M4,"Tran
(Months 4-6)"
SanPablo,C,72,c,2022-09-22,2022-10-26,Fall,2022,0.923606243,13.58383552,Oct,Ramped,South.facing,M4,"Tran
(Months 4-6)"
SanPablo,C,72,a,2022-09-22,2022-10-26,Fall,2022,0.984137509,NA,Oct,Ramped,South.facing,M4,"Tran
(Months 4-6)"
SanPablo,C,48,b,2022-09-22,2022-10-26,Fall,2022,5.007449029,NA,Oct,Ramped,South.facing,M4,"Tran
(Months 4-6)"
SanPablo,C,48,c,2022-09-22,2022-10-26,Fall,2022,0.871650239,8.741521077,Oct,Ramped,South.facing,M4,"Tran
(Months 4-6)"
SanPablo,C,48,a,2022-09-22,2022-10-26,Fall,2022,0.925623952,NA,Oct,Ramped,South.facing,M4,"Tran
(Months 4-6)"
SanPablo,C,24,b,2022-09-22,2022-10-26,Fall,2022,39.59847295,NA,Oct,Ramped,South.facing,M4,"Tran
(Months 4-6)"
SanPablo,C,24,c,2022-09-22,2022-10-26,Fall,2022,NA,NA,Oct,Ramped,South.facing,M4,"Tran
(Months 4-6)"
SanPablo,C,24,a,2022-09-22,2022-10-26,Fall,2022,NA,NA,Oct,Ramped,South.facing,M4,"Tran
(Months 4-6)"
SanPablo,B,150,b,2022-09-22,2022-10-26,Fall,2022,2.179125598,7.527322404,Oct,Ramped,South.facing,M4,"Tran
(Months 4-6)"
SanPablo,B,150,c,2022-09-22,2022-10-26,Fall,2022,2.848500521,7.314614831,Oct,Ramped,South.facing,M4,"Tran
(Months 4-6)"
SanPablo,B,150,a,2022-09-22,2022-10-26,Fall,2022,1.624255654,NA,Oct,Ramped,South.facing,M4,"Tran
(Months 4-6)"
SanPablo,B,72,b,2022-09-22,2022-10-26,Fall,2022,1.439635291,NA,Oct,Ramped,South.facing,M4,"Tran
(Months 4-6)"
SanPablo,B,72,c,2022-09-22,2022-10-26,Fall,2022,2.724411424,NA,Oct,Ramped,South.facing,M4,"Tran
(Months 4-6)"
SanPablo,B,72,a,2022-09-22,2022-10-26,Fall,2022,2.950899247,8.664666167,Oct,Ramped,South.facing,M4,"Tran
(Months 4-6)"
SanPablo,B,48,b,2022-09-22,2022-10-26,Fall,2022,1.009863298,NA,Oct,Ramped,South.facing,M4,"Tran
(Months 4-6)"
SanPablo,B,48,c,2022-09-22,2022-10-26,Fall,2022,2.064116191,NA,Oct,Ramped,South.facing,M4,"Tran
(Months 4-6)"
SanPablo,B,48,a,2022-09-22,2022-10-26,Fall,2022,1.525387918,9.752547307,Oct,Ramped,South.facing,M4,"Tran
(Months 4-6)"
SanPablo,A,150,b,2022-09-22,2022-10-26,Fall,2022,0.550834526,NA,Oct,Ramped,South.facing,M4,"Tran
(Months 4-6)"
SanPablo,A,150,c,2022-09-22,2022-10-26,Fall,2022,2.828323432,NA,Oct,Ramped,South.facing,M4,"Tran
(Months 4-6)"
SanPablo,A,150,a,2022-09-22,2022-10-26,Fall,2022,3.188484468,NA,Oct,Ramped,South.facing,M4,"Tran
(Months 4-6)"
SanPablo,A,72,b,2022-09-22,2022-10-26,Fall,2022,0.273399554,5.572983945,Oct,Ramped,South.facing,M4,"Tran
(Months 4-6)"
SanPablo,A,72,c,2022-09-22,2022-10-26,Fall,2022,0.856012995,7.322536182,Oct,Ramped,South.facing,M4,"Tran
(Months 4-6)"
SanPablo,A,72,a,2022-09-22,2022-10-26,Fall,2022,0.637596008,NA,Oct,Ramped,South.facing,M4,"Tran
(Months 4-6)"
SanPablo,A,48,b,2022-09-22,2022-10-26,Fall,2022,0.873667948,NA,Oct,Ramped,South.facing,M4,"Tran
(Months 4-6)"
SanPablo,A,48,c,2022-09-22,2022-10-26,Fall,2022,0.726375199,NA,Oct,Ramped,South.facing,M4,"Tran
(Months 4-6)"
SanPablo,A,48,a,2022-09-22,2022-10-26,Fall,2022,1.176828708,NA,Oct,Ramped,South.facing,M4,"Tran
(Months 4-6)"
SanPablo,D,12,b,2022-09-22,2022-10-26,Fall,2022,109.1837766,NA,Oct,Ramped,South.facing,M4,"Tran
(Months 4-6)"
SanPablo,D,12,c,2022-09-22,2022-10-26,Fall,2022,100.1262814,NA,Oct,Ramped,South.facing,M4,"Tran
(Months 4-6)"
SanPablo,D,12,a,2022-09-22,2022-10-26,Fall,2022,1.699919737,NA,Oct,Ramped,South.facing,M4,"Tran
(Months 4-6)"
SanPablo,D,6,b,2022-09-22,2022-10-26,Fall,2022,5.337848859,NA,Oct,Ramped,South.facing,M4,"Tran
(Months 4-6)"
SanPablo,D,6,c,2022-09-22,2022-10-26,Fall,2022,4.837457056,NA,Oct,Ramped,South.facing,M4,"Tran
(Months 4-6)"
SanPablo,D,6,a,2022-09-22,2022-10-26,Fall,2022,3.863408091,NA,Oct,Ramped,South.facing,M4,"Tran
(Months 4-6)"
SanPablo,D,2,b,2022-09-22,2022-10-26,Fall,2022,58.53676136,NA,Oct,Ramped,South.facing,M4,"Tran
(Months 4-6)"
SanPablo,D,2,c,2022-09-22,2022-10-26,Fall,2022,2.458578278,NA,Oct,Ramped,South.facing,M4,"Tran
(Months 4-6)"
SanPablo,D,2,a,2022-09-22,2022-10-26,Fall,2022,9.755622467,NA,Oct,Ramped,South.facing,M4,"Tran
(Months 4-6)"
SanPablo,D,0.5,b,2022-09-22,2022-10-26,Fall,2022,13.53680892,NA,Oct,Ramped,South.facing,M4,"Tran
(Months 4-6)"
SanPablo,D,0.5,c,2022-09-22,2022-10-26,Fall,2022,26.26804757,NA,Oct,Ramped,South.facing,M4,"Tran
(Months 4-6)"
SanPablo,D,0.5,a,2022-09-22,2022-10-26,Fall,2022,36.15078569,NA,Oct,Ramped,South.facing,M4,"Tran
(Months 4-6)"
SanPablo,C,12,b,2022-09-22,2022-10-26,Fall,2022,3.482061111,NA,Oct,Ramped,South.facing,M4,"Tran
(Months 4-6)"
SanPablo,C,12,c,2022-09-22,2022-10-26,Fall,2022,56.91855884,NA,Oct,Ramped,South.facing,M4,"Tran
(Months 4-6)"
SanPablo,C,12,a,2022-09-22,2022-10-26,Fall,2022,8.220650431,NA,Oct,Ramped,South.facing,M4,"Tran
(Months 4-6)"
SanPablo,C,6,b,2022-09-22,2022-10-26,Fall,2022,5.842276081,NA,Oct,Ramped,South.facing,M4,"Tran
(Months 4-6)"
SanPablo,C,6,c,2022-09-22,2022-10-26,Fall,2022,1.295369105,NA,Oct,Ramped,South.facing,M4,"Tran
(Months 4-6)"
SanPablo,C,6,a,2022-09-22,2022-10-26,Fall,2022,3.802876824,NA,Oct,Ramped,South.facing,M4,"Tran
(Months 4-6)"
SanPablo,C,2,b,2022-09-22,2022-10-26,Fall,2022,127.3734222,NA,Oct,Ramped,South.facing,M4,"Tran
(Months 4-6)"
SanPablo,C,2,c,2022-09-22,2022-10-26,Fall,2022,26.42643771,NA,Oct,Ramped,South.facing,M4,"Tran
(Months 4-6)"
SanPablo,C,2,a,2022-09-22,2022-10-26,Fall,2022,154.7829885,NA,Oct,Ramped,South.facing,M4,"Tran
(Months 4-6)"
SanPablo,C,0.5,b,2022-09-22,2022-10-26,Fall,2022,126.1032744,NA,Oct,Ramped,South.facing,M4,"Tran
(Months 4-6)"
SanPablo,C,0.5,c,2022-09-22,2022-10-26,Fall,2022,213.0922532,NA,Oct,Ramped,South.facing,M4,"Tran
(Months 4-6)"
SanPablo,C,0.5,a,2022-09-22,2022-10-26,Fall,2022,205.289773,NA,Oct,Ramped,South.facing,M4,"Tran
(Months 4-6)"
SanPablo,B,24,b,2022-09-22,2022-10-26,Fall,2022,NA,NA,Oct,Ramped,South.facing,M4,"Tran
(Months 4-6)"
SanPablo,B,24,c,2022-09-22,2022-10-26,Fall,2022,1.909761461,NA,Oct,Ramped,South.facing,M4,"Tran
(Months 4-6)"
SanPablo,B,24,a,2022-09-22,2022-10-26,Fall,2022,4.204400892,NA,Oct,Ramped,South.facing,M4,"Tran
(Months 4-6)"
SanPablo,B,12,b,2022-09-22,2022-10-26,Fall,2022,4.366826458,NA,Oct,Ramped,South.facing,M4,"Tran
(Months 4-6)"
SanPablo,B,12,c,2022-09-22,2022-10-26,Fall,2022,4.618535641,NA,Oct,Ramped,South.facing,M4,"Tran
(Months 4-6)"
SanPablo,B,12,a,2022-09-22,2022-10-26,Fall,2022,0.18512479,NA,Oct,Ramped,South.facing,M4,"Tran
(Months 4-6)"
SanPablo,B,6,b,2022-09-22,2022-10-26,Fall,2022,9.9619332,NA,Oct,Ramped,South.facing,M4,"Tran
(Months 4-6)"
SanPablo,B,6,c,2022-09-22,2022-10-26,Fall,2022,11.42225001,NA,Oct,Ramped,South.facing,M4,"Tran
(Months 4-6)"
SanPablo,B,6,a,2022-09-22,2022-10-26,Fall,2022,6.429429367,NA,Oct,Ramped,South.facing,M4,"Tran
(Months 4-6)"
SanPablo,B,2,b,2022-09-22,2022-10-26,Fall,2022,4.163542287,NA,Oct,Ramped,South.facing,M4,"Tran
(Months 4-6)"
SanPablo,B,2,c,2022-09-22,2022-10-26,Fall,2022,11.03081448,NA,Oct,Ramped,South.facing,M4,"Tran
(Months 4-6)"
SanPablo,B,2,a,2022-09-22,2022-10-26,Fall,2022,13.21700206,NA,Oct,Ramped,South.facing,M4,"Tran
(Months 4-6)"
SanPablo,B,0.5,b,2022-09-22,2022-10-26,Fall,2022,9.472638795,NA,Oct,Ramped,South.facing,M4,"Tran
(Months 4-6)"
SanPablo,B,0.5,c,2022-09-22,2022-10-26,Fall,2022,13.40767555,NA,Oct,Ramped,South.facing,M4,"Tran
(Months 4-6)"
SanPablo,B,0.5,a,2022-09-22,2022-10-26,Fall,2022,4.408693917,NA,Oct,Ramped,South.facing,M4,"Tran
(Months 4-6)"
SanPablo,A,24,b,2022-09-22,2022-10-26,Fall,2022,0.649702261,NA,Oct,Ramped,South.facing,M4,"Tran
(Months 4-6)"
SanPablo,A,24,c,2022-09-22,2022-10-26,Fall,2022,1.091580508,NA,Oct,Ramped,South.facing,M4,"Tran
(Months 4-6)"
SanPablo,A,24,a,2022-09-22,2022-10-26,Fall,2022,0.402532923,NA,Oct,Ramped,South.facing,M4,"Tran
(Months 4-6)"
SanPablo,A,12,b,2022-09-22,2022-10-26,Fall,2022,2.249240981,NA,Oct,Ramped,South.facing,M4,"Tran
(Months 4-6)"
SanPablo,A,12,c,2022-09-22,2022-10-26,Fall,2022,1.945071367,NA,Oct,Ramped,South.facing,M4,"Tran
(Months 4-6)"
SanPablo,A,12,a,2022-09-22,2022-10-26,Fall,2022,3.26263527,NA,Oct,Ramped,South.facing,M4,"Tran
(Months 4-6)"
SanPablo,A,6,b,2022-09-22,2022-10-26,Fall,2022,8.237800957,NA,Oct,Ramped,South.facing,M4,"Tran
(Months 4-6)"
SanPablo,A,6,c,2022-09-22,2022-10-26,Fall,2022,6.311393397,NA,Oct,Ramped,South.facing,M4,"Tran
(Months 4-6)"
SanPablo,A,6,a,2022-09-22,2022-10-26,Fall,2022,3.674247882,NA,Oct,Ramped,South.facing,M4,"Tran
(Months 4-6)"
SanPablo,A,2,b,2022-09-22,2022-10-26,Fall,2022,40.19276102,NA,Oct,Ramped,South.facing,M4,"Tran
(Months 4-6)"
SanPablo,A,2,c,2022-09-22,2022-10-26,Fall,2022,50.00134835,NA,Oct,Ramped,South.facing,M4,"Tran
(Months 4-6)"
SanPablo,A,2,a,2022-09-22,2022-10-26,Fall,2022,194.0581964,NA,Oct,Ramped,South.facing,M4,"Tran
(Months 4-6)"
SanPablo,A,0.5,b,2022-09-22,2022-10-26,Fall,2022,53.20849662,NA,Oct,Ramped,South.facing,M4,"Tran
(Months 4-6)"
SanPablo,A,0.5,c,2022-09-22,2022-10-26,Fall,2022,44.15100143,NA,Oct,Ramped,South.facing,M4,"Tran
(Months 4-6)"
SanPablo,A,0.5,a,2022-09-22,2022-10-26,Fall,2022,2.991253424,NA,Oct,Ramped,South.facing,M4,"Tran
(Months 4-6)"
CorteMadera,A,0.5,a,2022-10-25,2022-11-30,Winter,2022,0.040494296,NA,Nov,Scarped,East.facing,M5,"Tran
(Months 4-6)"
CorteMadera,A,0.5,b,2022-10-25,2022-11-30,Winter,2022,0.132440169,NA,Nov,Scarped,East.facing,M5,"Tran
(Months 4-6)"
CorteMadera,A,0.5,c,2022-10-25,2022-11-30,Winter,2022,0.039541489,NA,Nov,Scarped,East.facing,M5,"Tran
(Months 4-6)"
CorteMadera,A,2,a,2022-10-25,2022-11-30,Winter,2022,1.657725334,NA,Nov,Scarped,East.facing,M5,"Tran
(Months 4-6)"
CorteMadera,A,2,b,2022-10-25,2022-11-30,Winter,2022,2.906537675,NA,Nov,Scarped,East.facing,M5,"Tran
(Months 4-6)"
CorteMadera,A,2,c,2022-10-25,2022-11-30,Winter,2022,1.835423835,NA,Nov,Scarped,East.facing,M5,"Tran
(Months 4-6)"
CorteMadera,A,6,a,2022-10-25,2022-11-30,Winter,2022,1.404913883,NA,Nov,Scarped,East.facing,M5,"Tran
(Months 4-6)"
CorteMadera,A,6,b,2022-10-25,2022-11-30,Winter,2022,5.775915878,NA,Nov,Scarped,East.facing,M5,"Tran
(Months 4-6)"
CorteMadera,A,6,c,2022-10-25,2022-11-30,Winter,2022,1.648832469,NA,Nov,Scarped,East.facing,M5,"Tran
(Months 4-6)"
CorteMadera,A,12,a,2022-10-25,2022-11-30,Winter,2022,1.958971139,NA,Nov,Scarped,East.facing,M5,"Tran
(Months 4-6)"
CorteMadera,A,12,b,2022-10-25,2022-11-30,Winter,2022,1.655502118,NA,Nov,Scarped,East.facing,M5,"Tran
(Months 4-6)"
CorteMadera,A,12,c,2022-10-25,2022-11-30,Winter,2022,1.776985007,NA,Nov,Scarped,East.facing,M5,"Tran
(Months 4-6)"
CorteMadera,A,24,a,2022-10-25,2022-11-30,Winter,2022,3.139022577,NA,Nov,Scarped,East.facing,M5,"Tran
(Months 4-6)"
CorteMadera,A,24,b,2022-10-25,2022-11-30,Winter,2022,5.547242204,NA,Nov,Scarped,East.facing,M5,"Tran
(Months 4-6)"
CorteMadera,A,24,c,2022-10-25,2022-11-30,Winter,2022,2.824119872,NA,Nov,Scarped,East.facing,M5,"Tran
(Months 4-6)"
CorteMadera,A,48,a,2022-10-25,2022-11-30,Winter,2022,2.459671204,NA,Nov,Scarped,East.facing,M5,"Tran
(Months 4-6)"
CorteMadera,A,48,b,2022-10-25,2022-11-30,Winter,2022,2.195796606,NA,Nov,Scarped,East.facing,M5,"Tran
(Months 4-6)"
CorteMadera,A,48,c,2022-10-25,2022-11-30,Winter,2022,3.166653979,NA,Nov,Scarped,East.facing,M5,"Tran
(Months 4-6)"
CorteMadera,B,0.5,a,2022-10-25,2022-11-30,Winter,2022,NA,NA,Nov,Scarped,East.facing,M5,"Tran
(Months 4-6)"
CorteMadera,B,0.5,b,2022-10-25,2022-11-30,Winter,2022,NA,NA,Nov,Scarped,East.facing,M5,"Tran
(Months 4-6)"
CorteMadera,B,0.5,c,2022-10-25,2022-11-30,Winter,2022,NA,NA,Nov,Scarped,East.facing,M5,"Tran
(Months 4-6)"
CorteMadera,B,2,a,2022-10-25,2022-11-30,Winter,2022,1.732203079,NA,Nov,Scarped,East.facing,M5,"Tran
(Months 4-6)"
CorteMadera,B,2,b,2022-10-25,2022-11-30,Winter,2022,4.128036216,NA,Nov,Scarped,East.facing,M5,"Tran
(Months 4-6)"
CorteMadera,B,2,c,2022-10-25,2022-11-30,Winter,2022,3.379129934,8.268446422,Nov,Scarped,East.facing,M5,"Tran
(Months 4-6)"
CorteMadera,B,6,a,2022-10-25,2022-11-30,Winter,2022,1.924333803,7.810938169,Nov,Scarped,East.facing,M5,"Tran
(Months 4-6)"
CorteMadera,B,6,b,2022-10-25,2022-11-30,Winter,2022,1.191485121,NA,Nov,Scarped,East.facing,M5,"Tran
(Months 4-6)"
CorteMadera,B,6,c,2022-10-25,2022-11-30,Winter,2022,1.704571677,NA,Nov,Scarped,East.facing,M5,"Tran
(Months 4-6)"
CorteMadera,B,12,a,2022-10-25,2022-11-30,Winter,2022,2.204243713,NA,Nov,Scarped,East.facing,M5,"Tran
(Months 4-6)"
CorteMadera,B,12,b,2022-10-25,2022-11-30,Winter,2022,1.957065525,NA,Nov,Scarped,East.facing,M5,"Tran
(Months 4-6)"
CorteMadera,B,12,c,2022-10-25,2022-11-30,Winter,2022,2.872236624,10.67410234,Nov,Scarped,East.facing,M5,"Tran
(Months 4-6)"
CorteMadera,B,24,a,2022-10-25,2022-11-30,Winter,2022,4.763082064,NA,Nov,Scarped,East.facing,M5,"Tran
(Months 4-6)"
CorteMadera,B,24,b,2022-10-25,2022-11-30,Winter,2022,3.341017655,10.87185377,Nov,Scarped,East.facing,M5,"Tran
(Months 4-6)"
CorteMadera,B,24,c,2022-10-25,2022-11-30,Winter,2022,3.660684395,NA,Nov,Scarped,East.facing,M5,"Tran
(Months 4-6)"
CorteMadera,B,48,a,2022-10-25,2022-11-30,Winter,2022,3.896504121,11.72834486,Nov,Scarped,East.facing,M5,"Tran
(Months 4-6)"
CorteMadera,B,48,b,2022-10-25,2022-11-30,Winter,2022,4.382435678,NA,Nov,Scarped,East.facing,M5,"Tran
(Months 4-6)"
CorteMadera,B,48,c,2022-10-25,2022-11-30,Winter,2022,3.960818592,NA,Nov,Scarped,East.facing,M5,"Tran
(Months 4-6)"
CorteMadera,C,0.5,a,2022-10-25,2022-11-30,Winter,2022,0.95900022,NA,Nov,Scarped,East.facing,M5,"Tran
(Months 4-6)"
CorteMadera,C,0.5,b,2022-10-25,2022-11-30,Winter,2022,2.289806894,6.863101734,Nov,Scarped,East.facing,M5,"Tran
(Months 4-6)"
CorteMadera,C,0.5,c,2022-10-25,2022-11-30,Winter,2022,3.412327735,NA,Nov,Scarped,East.facing,M5,"Tran
(Months 4-6)"
CorteMadera,C,2,a,2022-10-25,2022-11-30,Winter,2022,NA,NA,Nov,Scarped,East.facing,M5,"Tran
(Months 4-6)"
CorteMadera,C,2,b,2022-10-25,2022-11-30,Winter,2022,2.26620124,NA,Nov,Scarped,East.facing,M5,"Tran
(Months 4-6)"
CorteMadera,C,2,c,2022-10-25,2022-11-30,Winter,2022,3.322014449,8.754377189,Nov,Scarped,East.facing,M5,"Tran
(Months 4-6)"
CorteMadera,C,6,a,2022-10-25,2022-11-30,Winter,2022,5.604410622,10.17696368,Nov,Scarped,East.facing,M5,"Tran
(Months 4-6)"
CorteMadera,C,6,b,2022-10-25,2022-11-30,Winter,2022,4.987468107,NA,Nov,Scarped,East.facing,M5,"Tran
(Months 4-6)"
CorteMadera,C,6,c,2022-10-25,2022-11-30,Winter,2022,5.529615275,NA,Nov,Scarped,East.facing,M5,"Tran
(Months 4-6)"
CorteMadera,C,12,a,2022-10-25,2022-11-30,Winter,2022,5.170507341,NA,Nov,Scarped,East.facing,M5,"Tran
(Months 4-6)"
CorteMadera,C,12,b,2022-10-25,2022-11-30,Winter,2022,3.761205531,9.590393157,Nov,Scarped,East.facing,M5,"Tran
(Months 4-6)"
CorteMadera,C,12,c,2022-10-25,2022-11-30,Winter,2022,4.248089895,NA,Nov,Scarped,East.facing,M5,"Tran
(Months 4-6)"
CorteMadera,C,24,a,2022-10-25,2022-11-30,Winter,2022,3.189671789,NA,Nov,Scarped,East.facing,M5,"Tran
(Months 4-6)"
CorteMadera,C,24,b,2022-10-25,2022-11-30,Winter,2022,2.022332803,NA,Nov,Scarped,East.facing,M5,"Tran
(Months 4-6)"
CorteMadera,C,24,c,2022-10-25,2022-11-30,Winter,2022,2.553046287,9.579463634,Nov,Scarped,East.facing,M5,"Tran
(Months 4-6)"
CorteMadera,C,48,a,2022-10-25,2022-11-30,Winter,2022,3.640199045,NA,Nov,Scarped,East.facing,M5,"Tran
(Months 4-6)"
CorteMadera,C,48,b,2022-10-25,2022-11-30,Winter,2022,3.422557873,12.06402072,Nov,Scarped,East.facing,M5,"Tran
(Months 4-6)"
CorteMadera,C,48,c,2022-10-25,2022-11-30,Winter,2022,2.893198377,NA,Nov,Scarped,East.facing,M5,"Tran
(Months 4-6)"
CorteMadera,D,0.5,a,2022-10-25,2022-11-30,Winter,2022,3.973205083,NA,Nov,Scarped,East.facing,M5,"Tran
(Months 4-6)"
CorteMadera,D,0.5,b,2022-10-25,2022-11-30,Winter,2022,3.246689765,NA,Nov,Scarped,East.facing,M5,"Tran
(Months 4-6)"
CorteMadera,D,0.5,c,2022-10-25,2022-11-30,Winter,2022,2.481585764,NA,Nov,Scarped,East.facing,M5,"Tran
(Months 4-6)"
CorteMadera,D,2,a,2022-10-25,2022-11-30,Winter,2022,4.039425167,NA,Nov,Scarped,East.facing,M5,"Tran
(Months 4-6)"
CorteMadera,D,2,b,2022-10-25,2022-11-30,Winter,2022,2.25005367,NA,Nov,Scarped,East.facing,M5,"Tran
(Months 4-6)"
CorteMadera,D,2,c,2022-10-25,2022-11-30,Winter,2022,2.991337496,NA,Nov,Scarped,East.facing,M5,"Tran
(Months 4-6)"
CorteMadera,D,6,a,2022-10-25,2022-11-30,Winter,2022,3.100910298,NA,Nov,Scarped,East.facing,M5,"Tran
(Months 4-6)"
CorteMadera,D,6,b,2022-10-25,2022-11-30,Winter,2022,3.048982318,NA,Nov,Scarped,East.facing,M5,"Tran
(Months 4-6)"
CorteMadera,D,6,c,2022-10-25,2022-11-30,Winter,2022,2.393927523,NA,Nov,Scarped,East.facing,M5,"Tran
(Months 4-6)"
CorteMadera,D,12,a,2022-10-25,2022-11-30,Winter,2022,2.443949889,NA,Nov,Scarped,East.facing,M5,"Tran
(Months 4-6)"
CorteMadera,D,12,b,2022-10-25,2022-11-30,Winter,2022,2.391545505,NA,Nov,Scarped,East.facing,M5,"Tran
(Months 4-6)"
CorteMadera,D,12,c,2022-10-25,2022-11-30,Winter,2022,2.442044275,NA,Nov,Scarped,East.facing,M5,"Tran
(Months 4-6)"
CorteMadera,D,24,a,2022-10-25,2022-11-30,Winter,2022,2.501594711,NA,Nov,Scarped,East.facing,M5,"Tran
(Months 4-6)"
CorteMadera,D,24,b,2022-10-25,2022-11-30,Winter,2022,2.236714372,NA,Nov,Scarped,East.facing,M5,"Tran
(Months 4-6)"
CorteMadera,D,24,c,2022-10-25,2022-11-30,Winter,2022,2.578295672,10.77991453,Nov,Scarped,East.facing,M5,"Tran
(Months 4-6)"
CorteMadera,D,48,a,2022-10-25,2022-11-30,Winter,2022,2.268276103,NA,Nov,Scarped,East.facing,M5,"Tran
(Months 4-6)"
CorteMadera,D,48,b,2022-10-25,2022-11-30,Winter,2022,2.1585842,8.704150857,Nov,Scarped,East.facing,M5,"Tran
(Months 4-6)"
CorteMadera,D,48,c,2022-10-25,2022-11-30,Winter,2022,2.188121216,NA,Nov,Scarped,East.facing,M5,"Tran
(Months 4-6)"
SanPablo,A,0.5,b,2022-10-26,2022-11-22,Winter,2022,45.50097945,NA,Nov,Ramped,South.facing,M5,"Tran
(Months 4-6)"
SanPablo,A,0.5,c,2022-10-26,2022-11-22,Winter,2022,29.15335259,NA,Nov,Ramped,South.facing,M5,"Tran
(Months 4-6)"
SanPablo,A,0.5,a,2022-10-26,2022-11-22,Winter,2022,10.09213147,NA,Nov,Ramped,South.facing,M5,"Tran
(Months 4-6)"
SanPablo,A,2,b,2022-10-26,2022-11-22,Winter,2022,17.8695772,NA,Nov,Ramped,South.facing,M5,"Tran
(Months 4-6)"
SanPablo,A,2,c,2022-10-26,2022-11-22,Winter,2022,12.3369447,NA,Nov,Ramped,South.facing,M5,"Tran
(Months 4-6)"
SanPablo,A,2,a,2022-10-26,2022-11-22,Winter,2022,44.42176675,NA,Nov,Ramped,South.facing,M5,"Tran
(Months 4-6)"
SanPablo,A,6,b,2022-10-26,2022-11-22,Winter,2022,9.511554421,NA,Nov,Ramped,South.facing,M5,"Tran
(Months 4-6)"
SanPablo,A,6,c,2022-10-26,2022-11-22,Winter,2022,0.822590021,NA,Nov,Ramped,South.facing,M5,"Tran
(Months 4-6)"
SanPablo,A,6,a,2022-10-26,2022-11-22,Winter,2022,4.144075133,NA,Nov,Ramped,South.facing,M5,"Tran
(Months 4-6)"
SanPablo,A,12,b,2022-10-26,2022-11-22,Winter,2022,0.494189217,NA,Nov,Ramped,South.facing,M5,"Tran
(Months 4-6)"
SanPablo,A,12,c,2022-10-26,2022-11-22,Winter,2022,0.27186759,NA,Nov,Ramped,South.facing,M5,"Tran
(Months 4-6)"
SanPablo,A,12,a,2022-10-26,2022-11-22,Winter,2022,NA,NA,Nov,Ramped,South.facing,M5,"Tran
(Months 4-6)"
SanPablo,A,24,b,2022-10-26,2022-11-22,Winter,2022,0.635204649,NA,Nov,Ramped,South.facing,M5,"Tran
(Months 4-6)"
SanPablo,A,24,c,2022-10-26,2022-11-22,Winter,2022,0.666329677,NA,Nov,Ramped,South.facing,M5,"Tran
(Months 4-6)"
SanPablo,A,24,a,2022-10-26,2022-11-22,Winter,2022,0.454171324,NA,Nov,Ramped,South.facing,M5,"Tran
(Months 4-6)"
SanPablo,A,48,b,2022-10-26,2022-11-22,Winter,2022,4.913943168,NA,Nov,Ramped,South.facing,M5,"Tran
(Months 4-6)"
SanPablo,A,48,c,2022-10-26,2022-11-22,Winter,2022,4.626195462,NA,Nov,Ramped,South.facing,M5,"Tran
(Months 4-6)"
SanPablo,A,48,a,2022-10-26,2022-11-22,Winter,2022,2.603703858,NA,Nov,Ramped,South.facing,M5,"Tran
(Months 4-6)"
SanPablo,A,72,b,2022-10-26,2022-11-22,Winter,2022,4.959042699,NA,Nov,Ramped,South.facing,M5,"Tran
(Months 4-6)"
SanPablo,A,72,c,2022-10-26,2022-11-22,Winter,2022,17.49163043,NA,Nov,Ramped,South.facing,M5,"Tran
(Months 4-6)"
SanPablo,A,72,a,2022-10-26,2022-11-22,Winter,2022,4.664942946,NA,Nov,Ramped,South.facing,M5,"Tran
(Months 4-6)"
SanPablo,A,150,b,2022-10-26,2022-11-22,Winter,2022,2.183833585,NA,Nov,Ramped,South.facing,M5,"Tran
(Months 4-6)"
SanPablo,A,150,c,2022-10-26,2022-11-22,Winter,2022,2.509058365,NA,Nov,Ramped,South.facing,M5,"Tran
(Months 4-6)"
SanPablo,A,150,a,2022-10-26,2022-11-22,Winter,2022,3.259870261,NA,Nov,Ramped,South.facing,M5,"Tran
(Months 4-6)"
SanPablo,B,0.5,b,2022-10-26,2022-11-22,Winter,2022,1.527667182,NA,Nov,Ramped,South.facing,M5,"Tran
(Months 4-6)"
SanPablo,B,0.5,c,2022-10-26,2022-11-22,Winter,2022,32.31730695,NA,Nov,Ramped,South.facing,M5,"Tran
(Months 4-6)"
SanPablo,B,0.5,a,2022-10-26,2022-11-22,Winter,2022,18.11857742,NA,Nov,Ramped,South.facing,M5,"Tran
(Months 4-6)"
SanPablo,B,2,b,2022-10-26,2022-11-22,Winter,2022,NA,NA,Nov,Ramped,South.facing,M5,"Tran
(Months 4-6)"
SanPablo,B,2,c,2022-10-26,2022-11-22,Winter,2022,9.043408595,NA,Nov,Ramped,South.facing,M5,"Tran
(Months 4-6)"
SanPablo,B,2,a,2022-10-26,2022-11-22,Winter,2022,11.32442849,NA,Nov,Ramped,South.facing,M5,"Tran
(Months 4-6)"
SanPablo,B,6,b,2022-10-26,2022-11-22,Winter,2022,2.778385137,NA,Nov,Ramped,South.facing,M5,"Tran
(Months 4-6)"
SanPablo,B,6,c,2022-10-26,2022-11-22,Winter,2022,8.220818574,NA,Nov,Ramped,South.facing,M5,"Tran
(Months 4-6)"
SanPablo,B,6,a,2022-10-26,2022-11-22,Winter,2022,6.526727773,NA,Nov,Ramped,South.facing,M5,"Tran
(Months 4-6)"
SanPablo,B,12,b,2022-10-26,2022-11-22,Winter,2022,0.778125696,NA,Nov,Ramped,South.facing,M5,"Tran
(Months 4-6)"
SanPablo,B,12,c,2022-10-26,2022-11-22,Winter,2022,9.513460035,NA,Nov,Ramped,South.facing,M5,"Tran
(Months 4-6)"
SanPablo,B,12,a,2022-10-26,2022-11-22,Winter,2022,0,NA,Nov,Ramped,South.facing,M5,"Tran
(Months 4-6)"
SanPablo,B,24,b,2022-10-26,2022-11-22,Winter,2022,3.05342875,NA,Nov,Ramped,South.facing,M5,"Tran
(Months 4-6)"
SanPablo,B,24,c,2022-10-26,2022-11-22,Winter,2022,1.572766712,NA,Nov,Ramped,South.facing,M5,"Tran
(Months 4-6)"
SanPablo,B,24,a,2022-10-26,2022-11-22,Winter,2022,3.883641227,NA,Nov,Ramped,South.facing,M5,"Tran
(Months 4-6)"
SanPablo,B,48,b,2022-10-26,2022-11-22,Winter,2022,2.677387598,NA,Nov,Ramped,South.facing,M5,"Tran
(Months 4-6)"
SanPablo,B,48,c,2022-10-26,2022-11-22,Winter,2022,5.107680586,NA,Nov,Ramped,South.facing,M5,"Tran
(Months 4-6)"
SanPablo,B,48,a,2022-10-26,2022-11-22,Winter,2022,6.712842736,NA,Nov,Ramped,South.facing,M5,"Tran
(Months 4-6)"
SanPablo,B,72,b,2022-10-26,2022-11-22,Winter,2022,5.007318252,NA,Nov,Ramped,South.facing,M5,"Tran
(Months 4-6)"
SanPablo,B,72,c,2022-10-26,2022-11-22,Winter,2022,5.17374187,NA,Nov,Ramped,South.facing,M5,"Tran
(Months 4-6)"
SanPablo,B,72,a,2022-10-26,2022-11-22,Winter,2022,6.629630927,NA,Nov,Ramped,South.facing,M5,"Tran
(Months 4-6)"
SanPablo,B,150,b,2022-10-26,2022-11-22,Winter,2022,2.749800928,NA,Nov,Ramped,South.facing,M5,"Tran
(Months 4-6)"
SanPablo,B,150,c,2022-10-26,2022-11-22,Winter,2022,2.313415333,NA,Nov,Ramped,South.facing,M5,"Tran
(Months 4-6)"
SanPablo,B,150,a,2022-10-26,2022-11-22,Winter,2022,1.617231038,NA,Nov,Ramped,South.facing,M5,"Tran
(Months 4-6)"
SanPablo,C,0.5,b,2022-10-26,2022-11-22,Winter,2022,211.1490127,NA,Nov,Ramped,South.facing,M5,"Tran
(Months 4-6)"
SanPablo,C,0.5,c,2022-10-26,2022-11-22,Winter,2022,153.9259667,NA,Nov,Ramped,South.facing,M5,"Tran
(Months 4-6)"
SanPablo,C,0.5,a,2022-10-26,2022-11-22,Winter,2022,93.59105305,NA,Nov,Ramped,South.facing,M5,"Tran
(Months 4-6)"
SanPablo,C,2,b,2022-10-26,2022-11-22,Winter,2022,18.41267717,NA,Nov,Ramped,South.facing,M5,"Tran
(Months 4-6)"
SanPablo,C,2,c,2022-10-26,2022-11-22,Winter,2022,NA,NA,Nov,Ramped,South.facing,M5,"Tran
(Months 4-6)"
SanPablo,C,2,a,2022-10-26,2022-11-22,Winter,2022,NA,NA,Nov,Ramped,South.facing,M5,"Tran
(Months 4-6)"
SanPablo,C,6,b,2022-10-26,2022-11-22,Winter,2022,NA,NA,Nov,Ramped,South.facing,M5,"Tran
(Months 4-6)"
SanPablo,C,6,c,2022-10-26,2022-11-22,Winter,2022,NA,NA,Nov,Ramped,South.facing,M5,"Tran
(Months 4-6)"
SanPablo,C,6,a,2022-10-26,2022-11-22,Winter,2022,NA,NA,Nov,Ramped,South.facing,M5,"Tran
(Months 4-6)"
SanPablo,C,12,b,2022-10-26,2022-11-22,Winter,2022,1.772856177,NA,Nov,Ramped,South.facing,M5,"Tran
(Months 4-6)"
SanPablo,C,12,c,2022-10-26,2022-11-22,Winter,2022,4.437539681,NA,Nov,Ramped,South.facing,M5,"Tran
(Months 4-6)"
SanPablo,C,12,a,2022-10-26,2022-11-22,Winter,2022,1.160518895,NA,Nov,Ramped,South.facing,M5,"Tran
(Months 4-6)"
SanPablo,C,24,b,2022-10-26,2022-11-22,Winter,2022,9.992611755,NA,Nov,Ramped,South.facing,M5,"Tran
(Months 4-6)"
SanPablo,C,24,c,2022-10-26,2022-11-22,Winter,2022,20.55585766,NA,Nov,Ramped,South.facing,M5,"Tran
(Months 4-6)"
SanPablo,C,24,a,2022-10-26,2022-11-22,Winter,2022,5.284293144,NA,Nov,Ramped,South.facing,M5,"Tran
(Months 4-6)"
SanPablo,C,48,b,2022-10-26,2022-11-22,Winter,2022,NA,NA,Nov,Ramped,South.facing,M5,"Tran
(Months 4-6)"
SanPablo,C,48,c,2022-10-26,2022-11-22,Winter,2022,1.286289415,NA,Nov,Ramped,South.facing,M5,"Tran
(Months 4-6)"
SanPablo,C,48,a,2022-10-26,2022-11-22,Winter,2022,4.40701961,NA,Nov,Ramped,South.facing,M5,"Tran
(Months 4-6)"
SanPablo,C,72,b,2022-10-26,2022-11-22,Winter,2022,4.382276877,NA,Nov,Ramped,South.facing,M5,"Tran
(Months 4-6)"
SanPablo,C,72,c,2022-10-26,2022-11-22,Winter,2022,136.6814309,NA,Nov,Ramped,South.facing,M5,"Tran
(Months 4-6)"
SanPablo,C,72,a,2022-10-26,2022-11-22,Winter,2022,5.516117176,NA,Nov,Ramped,South.facing,M5,"Tran
(Months 4-6)"
SanPablo,C,150,b,2022-10-26,2022-11-22,Winter,2022,1.911965995,NA,Nov,Ramped,South.facing,M5,"Tran
(Months 4-6)"
SanPablo,C,150,c,2022-10-26,2022-11-22,Winter,2022,3.53300826,NA,Nov,Ramped,South.facing,M5,"Tran
(Months 4-6)"
SanPablo,C,150,a,2022-10-26,2022-11-22,Winter,2022,3.418671424,NA,Nov,Ramped,South.facing,M5,"Tran
(Months 4-6)"
SanPablo,D,0.5,b,2022-10-26,2022-11-22,Winter,2022,147.1184785,NA,Nov,Ramped,South.facing,M5,"Tran
(Months 4-6)"
SanPablo,D,0.5,c,2022-10-26,2022-11-22,Winter,2022,74.94335016,NA,Nov,Ramped,South.facing,M5,"Tran
(Months 4-6)"
SanPablo,D,0.5,a,2022-10-26,2022-11-22,Winter,2022,124.4861368,NA,Nov,Ramped,South.facing,M5,"Tran
(Months 4-6)"
SanPablo,D,2,b,2022-10-26,2022-11-22,Winter,2022,81.91154516,NA,Nov,Ramped,South.facing,M5,"Tran
(Months 4-6)"
SanPablo,D,2,c,2022-10-26,2022-11-22,Winter,2022,1.510516656,NA,Nov,Ramped,South.facing,M5,"Tran
(Months 4-6)"
SanPablo,D,2,a,2022-10-26,2022-11-22,Winter,2022,25.84330116,NA,Nov,Ramped,South.facing,M5,"Tran
(Months 4-6)"
SanPablo,D,6,b,2022-10-26,2022-11-22,Winter,2022,NA,NA,Nov,Ramped,South.facing,M5,"Tran
(Months 4-6)"
SanPablo,D,6,c,2022-10-26,2022-11-22,Winter,2022,NA,NA,Nov,Ramped,South.facing,M5,"Tran
(Months 4-6)"
SanPablo,D,6,a,2022-10-26,2022-11-22,Winter,2022,NA,NA,Nov,Ramped,South.facing,M5,"Tran
(Months 4-6)"
SanPablo,D,12,b,2022-10-26,2022-11-22,Winter,2022,NA,NA,Nov,Ramped,South.facing,M5,"Tran
(Months 4-6)"
SanPablo,D,12,c,2022-10-26,2022-11-22,Winter,2022,59.05751708,NA,Nov,Ramped,South.facing,M5,"Tran
(Months 4-6)"
SanPablo,D,12,a,2022-10-26,2022-11-22,Winter,2022,NA,NA,Nov,Ramped,South.facing,M5,"Tran
(Months 4-6)"
SanPablo,D,24,b,2022-10-26,2022-11-22,Winter,2022,28.80907167,NA,Nov,Ramped,South.facing,M5,"Tran
(Months 4-6)"
SanPablo,D,24,c,2022-10-26,2022-11-22,Winter,2022,24.31245796,NA,Nov,Ramped,South.facing,M5,"Tran
(Months 4-6)"
SanPablo,D,24,a,2022-10-26,2022-11-22,Winter,2022,14.440007,NA,Nov,Ramped,South.facing,M5,"Tran
(Months 4-6)"
SanPablo,D,48,b,2022-10-26,2022-11-22,Winter,2022,5.383994609,NA,Nov,Ramped,South.facing,M5,"Tran
(Months 4-6)"
SanPablo,D,48,c,2022-10-26,2022-11-22,Winter,2022,5.685081613,NA,Nov,Ramped,South.facing,M5,"Tran
(Months 4-6)"
SanPablo,D,48,a,2022-10-26,2022-11-22,Winter,2022,6.794148931,NA,Nov,Ramped,South.facing,M5,"Tran
(Months 4-6)"
SanPablo,D,72,b,2022-10-26,2022-11-22,Winter,2022,6.84178928,NA,Nov,Ramped,South.facing,M5,"Tran
(Months 4-6)"
SanPablo,D,72,c,2022-10-26,2022-11-22,Winter,2022,6.834802028,NA,Nov,Ramped,South.facing,M5,"Tran
(Months 4-6)"
SanPablo,D,72,a,2022-10-26,2022-11-22,Winter,2022,7.263665462,NA,Nov,Ramped,South.facing,M5,"Tran
(Months 4-6)"
SanPablo,D,150,b,2022-10-26,2022-11-22,Winter,2022,4.100881217,NA,Nov,Ramped,South.facing,M5,"Tran
(Months 4-6)"
SanPablo,D,150,c,2022-10-26,2022-11-22,Winter,2022,1.605797354,NA,Nov,Ramped,South.facing,M5,"Tran
(Months 4-6)"
SanPablo,D,150,a,2022-10-26,2022-11-22,Winter,2022,3.883641227,NA,Nov,Ramped,South.facing,M5,"Tran
(Months 4-6)"
SanPablo,A,0.5,b,2022-11-22,2022-12-20,Winter,2022,102.6789713,NA,Dec,Ramped,South.facing,M6,"Tran
(Months 4-6)"
SanPablo,A,0.5,c,2022-11-22,2022-12-20,Winter,2022,55.85007389,NA,Dec,Ramped,South.facing,M6,"Tran
(Months 4-6)"
SanPablo,A,0.5,a,2022-11-22,2022-12-20,Winter,2022,22.27547008,NA,Dec,Ramped,South.facing,M6,"Tran
(Months 4-6)"
SanPablo,A,2,b,2022-11-22,2022-12-20,Winter,2022,52.83954414,NA,Dec,Ramped,South.facing,M6,"Tran
(Months 4-6)"
SanPablo,A,2,c,2022-11-22,2022-12-20,Winter,2022,30.36133035,NA,Dec,Ramped,South.facing,M6,"Tran
(Months 4-6)"
SanPablo,A,2,a,2022-11-22,2022-12-20,Winter,2022,73.98001694,NA,Dec,Ramped,South.facing,M6,"Tran
(Months 4-6)"
SanPablo,A,6,b,2022-11-22,2022-12-20,Winter,2022,4.275381009,NA,Dec,Ramped,South.facing,M6,"Tran
(Months 4-6)"
SanPablo,A,6,c,2022-11-22,2022-12-20,Winter,2022,0.102903153,NA,Dec,Ramped,South.facing,M6,"Tran
(Months 4-6)"
SanPablo,A,6,a,2022-11-22,2022-12-20,Winter,2022,NA,NA,Dec,Ramped,South.facing,M6,"Tran
(Months 4-6)"
SanPablo,A,12,b,2022-11-22,2022-12-20,Winter,2022,0.278083521,NA,Dec,Ramped,South.facing,M6,"Tran
(Months 4-6)"
SanPablo,A,12,c,2022-11-22,2022-12-20,Winter,2022,0.320959835,NA,Dec,Ramped,South.facing,M6,"Tran
(Months 4-6)"
SanPablo,A,12,a,2022-11-22,2022-12-20,Winter,2022,0.336272804,NA,Dec,Ramped,South.facing,M6,"Tran
(Months 4-6)"
SanPablo,A,24,b,2022-11-22,2022-12-20,Winter,2022,0.954304242,NA,Dec,Ramped,South.facing,M6,"Tran
(Months 4-6)"
SanPablo,A,24,c,2022-11-22,2022-12-20,Winter,2022,0.624769145,NA,Dec,Ramped,South.facing,M6,"Tran
(Months 4-6)"
SanPablo,A,24,a,2022-11-22,2022-12-20,Winter,2022,0.820775151,NA,Dec,Ramped,South.facing,M6,"Tran
(Months 4-6)"
SanPablo,A,48,b,2022-11-22,2022-12-20,Winter,2022,2.75694698,NA,Dec,Ramped,South.facing,M6,"Tran
(Months 4-6)"
SanPablo,A,48,c,2022-11-22,2022-12-20,Winter,2022,5.251735927,NA,Dec,Ramped,South.facing,M6,"Tran
(Months 4-6)"
SanPablo,A,48,a,2022-11-22,2022-12-20,Winter,2022,3.773115618,NA,Dec,Ramped,South.facing,M6,"Tran
(Months 4-6)"
SanPablo,A,72,b,2022-11-22,2022-12-20,Winter,2022,2.066638327,NA,Dec,Ramped,South.facing,M6,"Tran
(Months 4-6)"
SanPablo,A,72,c,2022-11-22,2022-12-20,Winter,2022,1.228712651,NA,Dec,Ramped,South.facing,M6,"Tran
(Months 4-6)"
SanPablo,A,72,a,2022-11-22,2022-12-20,Winter,2022,1.272814002,NA,Dec,Ramped,South.facing,M6,"Tran
(Months 4-6)"
SanPablo,A,150,b,2022-11-22,2022-12-20,Winter,2022,0.954304242,NA,Dec,Ramped,South.facing,M6,"Tran
(Months 4-6)"
SanPablo,A,150,c,2022-11-22,2022-12-20,Winter,2022,1.326715654,NA,Dec,Ramped,South.facing,M6,"Tran
(Months 4-6)"
SanPablo,A,150,a,2022-11-22,2022-12-20,Winter,2022,1.550897523,NA,Dec,Ramped,South.facing,M6,"Tran
(Months 4-6)"
SanPablo,B,0.5,b,2022-11-22,2022-12-20,Winter,2022,38.95313112,NA,Dec,Ramped,South.facing,M6,"Tran
(Months 4-6)"
SanPablo,B,0.5,c,2022-11-22,2022-12-20,Winter,2022,29.47562821,NA,Dec,Ramped,South.facing,M6,"Tran
(Months 4-6)"
SanPablo,B,0.5,a,2022-11-22,2022-12-20,Winter,2022,1.210949607,NA,Dec,Ramped,South.facing,M6,"Tran
(Months 4-6)"
SanPablo,B,2,b,2022-11-22,2022-12-20,Winter,2022,NA,NA,Dec,Ramped,South.facing,M6,"Tran
(Months 4-6)"
SanPablo,B,2,c,2022-11-22,2022-12-20,Winter,2022,11.83570018,NA,Dec,Ramped,South.facing,M6,"Tran
(Months 4-6)"
SanPablo,B,2,a,2022-11-22,2022-12-20,Winter,2022,30.52548538,NA,Dec,Ramped,South.facing,M6,"Tran
(Months 4-6)"
SanPablo,B,6,b,2022-11-22,2022-12-20,Winter,2022,0.365061186,NA,Dec,Ramped,South.facing,M6,"Tran
(Months 4-6)"
SanPablo,B,6,c,2022-11-22,2022-12-20,Winter,2022,2.016411788,NA,Dec,Ramped,South.facing,M6,"Tran
(Months 4-6)"
SanPablo,B,6,a,2022-11-22,2022-12-20,Winter,2022,1.038831832,NA,Dec,Ramped,South.facing,M6,"Tran
(Months 4-6)"
SanPablo,B,12,b,2022-11-22,2022-12-20,Winter,2022,0,NA,Dec,Ramped,South.facing,M6,"Tran
(Months 4-6)"
SanPablo,B,12,c,2022-11-22,2022-12-20,Winter,2022,0,NA,Dec,Ramped,South.facing,M6,"Tran
(Months 4-6)"
SanPablo,B,12,a,2022-11-22,2022-12-20,Winter,2022,0,NA,Dec,Ramped,South.facing,M6,"Tran
(Months 4-6)"
SanPablo,B,24,b,2022-11-22,2022-12-20,Winter,2022,1.827756007,NA,Dec,Ramped,South.facing,M6,"Tran
(Months 4-6)"
SanPablo,B,24,c,2022-11-22,2022-12-20,Winter,2022,1.370204487,NA,Dec,Ramped,South.facing,M6,"Tran
(Months 4-6)"
SanPablo,B,24,a,2022-11-22,2022-12-20,Winter,2022,1.644612895,11.44554455,Dec,Ramped,South.facing,M6,"Tran
(Months 4-6)"
SanPablo,B,48,b,2022-11-22,2022-12-20,Winter,2022,6.101911978,NA,Dec,Ramped,South.facing,M6,"Tran
(Months 4-6)"
SanPablo,B,48,c,2022-11-22,2022-12-20,Winter,2022,15.9518263,NA,Dec,Ramped,South.facing,M6,"Tran
(Months 4-6)"
SanPablo,B,48,a,2022-11-22,2022-12-20,Winter,2022,6.70340541,NA,Dec,Ramped,South.facing,M6,"Tran
(Months 4-6)"
SanPablo,B,72,b,2022-11-22,2022-12-20,Winter,2022,1.422881101,7.263540186,Dec,Ramped,South.facing,M6,"Tran
(Months 4-6)"
SanPablo,B,72,c,2022-11-22,2022-12-20,Winter,2022,1.389192568,4.774428485,Dec,Ramped,South.facing,M6,"Tran
(Months 4-6)"
SanPablo,B,72,a,2022-11-22,2022-12-20,Winter,2022,5.119431873,NA,Dec,Ramped,South.facing,M6,"Tran
(Months 4-6)"
SanPablo,B,150,b,2022-11-22,2022-12-20,Winter,2022,1.099471191,NA,Dec,Ramped,South.facing,M6,"Tran
(Months 4-6)"
SanPablo,B,150,c,2022-11-22,2022-12-20,Winter,2022,0,NA,Dec,Ramped,South.facing,M6,"Tran
(Months 4-6)"
SanPablo,B,150,a,2022-11-22,2022-12-20,Winter,2022,0.804849663,NA,Dec,Ramped,South.facing,M6,"Tran
(Months 4-6)"
SanPablo,C,0.5,b,2022-11-22,2022-12-20,Winter,2022,291.9435959,NA,Dec,Ramped,South.facing,M6,"Tran
(Months 4-6)"
SanPablo,C,0.5,c,2022-11-22,2022-12-20,Winter,2022,286.9478928,NA,Dec,Ramped,South.facing,M6,"Tran
(Months 4-6)"
SanPablo,C,0.5,a,2022-11-22,2022-12-20,Winter,2022,239.2510563,NA,Dec,Ramped,South.facing,M6,"Tran
(Months 4-6)"
SanPablo,C,2,b,2022-11-22,2022-12-20,Winter,2022,26.66171698,NA,Dec,Ramped,South.facing,M6,"Tran
(Months 4-6)"
SanPablo,C,2,c,2022-11-22,2022-12-20,Winter,2022,164.0784653,NA,Dec,Ramped,South.facing,M6,"Tran
(Months 4-6)"
SanPablo,C,2,a,2022-11-22,2022-12-20,Winter,2022,108.1702021,NA,Dec,Ramped,South.facing,M6,"Tran
(Months 4-6)"
SanPablo,C,6,b,2022-11-22,2022-12-20,Winter,2022,0.801787069,NA,Dec,Ramped,South.facing,M6,"Tran
(Months 4-6)"
SanPablo,C,6,c,2022-11-22,2022-12-20,Winter,2022,0,NA,Dec,Ramped,South.facing,M6,"Tran
(Months 4-6)"
SanPablo,C,6,a,2022-11-22,2022-12-20,Winter,2022,NA,NA,Dec,Ramped,South.facing,M6,"Tran
(Months 4-6)"
SanPablo,C,12,b,2022-11-22,2022-12-20,Winter,2022,0.06982714,NA,Dec,Ramped,South.facing,M6,"Tran
(Months 4-6)"
SanPablo,C,12,c,2022-11-22,2022-12-20,Winter,2022,1.237287914,NA,Dec,Ramped,South.facing,M6,"Tran
(Months 4-6)"
SanPablo,C,12,a,2022-11-22,2022-12-20,Winter,2022,1.257501033,NA,Dec,Ramped,South.facing,M6,"Tran
(Months 4-6)"
SanPablo,C,24,b,2022-11-22,2022-12-20,Winter,2022,4.517325922,6.355932203,Dec,Ramped,South.facing,M6,"Tran
(Months 4-6)"
SanPablo,C,24,c,2022-11-22,2022-12-20,Winter,2022,19.0517838,NA,Dec,Ramped,South.facing,M6,"Tran
(Months 4-6)"
SanPablo,C,24,a,2022-11-22,2022-12-20,Winter,2022,7.698748409,8.080917352,Dec,Ramped,South.facing,M6,"Tran
(Months 4-6)"
SanPablo,C,48,b,2022-11-22,2022-12-20,Winter,2022,1.455957114,NA,Dec,Ramped,South.facing,M6,"Tran
(Months 4-6)"
SanPablo,C,48,c,2022-11-22,2022-12-20,Winter,2022,3.049730952,NA,Dec,Ramped,South.facing,M6,"Tran
(Months 4-6)"
SanPablo,C,48,a,2022-11-22,2022-12-20,Winter,2022,3.745552273,NA,Dec,Ramped,South.facing,M6,"Tran
(Months 4-6)"
SanPablo,C,72,b,2022-11-22,2022-12-20,Winter,2022,1.680138984,11.60576219,Dec,Ramped,South.facing,M6,"Tran
(Months 4-6)"
SanPablo,C,72,c,2022-11-22,2022-12-20,Winter,2022,3.54342108,NA,Dec,Ramped,South.facing,M6,"Tran
(Months 4-6)"
SanPablo,C,72,a,2022-11-22,2022-12-20,Winter,2022,4.879324515,NA,Dec,Ramped,South.facing,M6,"Tran
(Months 4-6)"
SanPablo,C,150,b,2022-11-22,2022-12-20,Winter,2022,0.758910755,4.863221884,Dec,Ramped,South.facing,M6,"Tran
(Months 4-6)"
SanPablo,C,150,c,2022-11-22,2022-12-20,Winter,2022,0,NA,Dec,Ramped,South.facing,M6,"Tran
(Months 4-6)"
SanPablo,C,150,a,2022-11-22,2022-12-20,Winter,2022,0.891214809,NA,Dec,Ramped,South.facing,M6,"Tran
(Months 4-6)"
SanPablo,D,0.5,b,2022-11-22,2022-12-20,Winter,2022,165.636713,NA,Dec,Ramped,South.facing,M6,"Tran
(Months 4-6)"
SanPablo,D,0.5,c,2022-11-22,2022-12-20,Winter,2022,NA,NA,Dec,Ramped,South.facing,M6,"Tran
(Months 4-6)"
SanPablo,D,0.5,a,2022-11-22,2022-12-20,Winter,2022,200.1931844,NA,Dec,Ramped,South.facing,M6,"Tran
(Months 4-6)"
SanPablo,D,2,b,2022-11-22,2022-12-20,Winter,2022,91.83432654,NA,Dec,Ramped,South.facing,M6,"Tran
(Months 4-6)"
SanPablo,D,2,c,2022-11-22,2022-12-20,Winter,2022,2.303683091,NA,Dec,Ramped,South.facing,M6,"Tran
(Months 4-6)"
SanPablo,D,2,a,2022-11-22,2022-12-20,Winter,2022,110.8805977,NA,Dec,Ramped,South.facing,M6,"Tran
(Months 4-6)"
SanPablo,D,6,b,2022-11-22,2022-12-20,Winter,2022,5.049604733,NA,Dec,Ramped,South.facing,M6,"Tran
(Months 4-6)"
SanPablo,D,6,c,2022-11-22,2022-12-20,Winter,2022,0.964104543,NA,Dec,Ramped,South.facing,M6,"Tran
(Months 4-6)"
SanPablo,D,6,a,2022-11-22,2022-12-20,Winter,2022,1.718727666,NA,Dec,Ramped,South.facing,M6,"Tran
(Months 4-6)"
SanPablo,D,12,b,2022-11-22,2022-12-20,Winter,2022,1.240350508,NA,Dec,Ramped,South.facing,M6,"Tran
(Months 4-6)"
SanPablo,D,12,c,2022-11-22,2022-12-20,Winter,2022,2.356359705,NA,Dec,Ramped,South.facing,M6,"Tran
(Months 4-6)"
SanPablo,D,12,a,2022-11-22,2022-12-20,Winter,2022,5.039191914,NA,Dec,Ramped,South.facing,M6,"Tran
(Months 4-6)"
SanPablo,D,24,b,2022-11-22,2022-12-20,Winter,2022,14.45687216,NA,Dec,Ramped,South.facing,M6,"Tran
(Months 4-6)"
SanPablo,D,24,c,2022-11-22,2022-12-20,Winter,2022,5.870379883,NA,Dec,Ramped,South.facing,M6,"Tran
(Months 4-6)"
SanPablo,D,24,a,2022-11-22,2022-12-20,Winter,2022,5.968382887,NA,Dec,Ramped,South.facing,M6,"Tran
(Months 4-6)"
SanPablo,D,48,b,2022-11-22,2022-12-20,Winter,2022,24.14548988,NA,Dec,Ramped,South.facing,M6,"Tran
(Months 4-6)"
SanPablo,D,48,c,2022-11-22,2022-12-20,Winter,2022,17.19523941,NA,Dec,Ramped,South.facing,M6,"Tran
(Months 4-6)"
SanPablo,D,48,a,2022-11-22,2022-12-20,Winter,2022,36.70212465,NA,Dec,Ramped,South.facing,M6,"Tran
(Months 4-6)"
SanPablo,D,72,b,2022-11-22,2022-12-20,Winter,2022,2.685894803,NA,Dec,Ramped,South.facing,M6,"Tran
(Months 4-6)"
SanPablo,D,72,c,2022-11-22,2022-12-20,Winter,2022,3.478422029,NA,Dec,Ramped,South.facing,M6,"Tran
(Months 4-6)"
SanPablo,D,72,a,2022-11-22,2022-12-20,Winter,2022,4.803597852,NA,Dec,Ramped,South.facing,M6,"Tran
(Months 4-6)"
SanPablo,D,150,b,2022-11-22,2022-12-20,Winter,2022,0.247610712,NA,Dec,Ramped,South.facing,M6,"Tran
(Months 4-6)"
SanPablo,D,150,c,2022-11-22,2022-12-20,Winter,2022,0.295846565,NA,Dec,Ramped,South.facing,M6,"Tran
(Months 4-6)"
SanPablo,D,150,a,2022-11-22,2022-12-20,Winter,2022,0.506985388,NA,Dec,Ramped,South.facing,M6,"Tran
(Months 4-6)"
CorteMadera,A,0.5,a,2022-11-30,2022-12-21,Winter,2022,0.032671731,NA,Dec,Scarped,East.facing,M6,"Tran
(Months 4-6)"
CorteMadera,A,0.5,b,2022-11-30,2022-12-21,Winter,2022,0.148656375,NA,Dec,Scarped,East.facing,M6,"Tran
(Months 4-6)"
CorteMadera,A,0.5,c,2022-11-30,2022-12-21,Winter,2022,NA,NA,Dec,Scarped,East.facing,M6,"Tran
(Months 4-6)"
CorteMadera,A,2,a,2022-11-30,2022-12-21,Winter,2022,3.825859675,NA,Dec,Scarped,East.facing,M6,"Tran
(Months 4-6)"
CorteMadera,A,2,b,2022-11-30,2022-12-21,Winter,2022,1.357510414,NA,Dec,Scarped,East.facing,M6,"Tran
(Months 4-6)"
CorteMadera,A,2,c,2022-11-30,2022-12-21,Winter,2022,2.39320428,5.921625544,Dec,Scarped,East.facing,M6,"Tran
(Months 4-6)"
CorteMadera,A,6,a,2022-11-30,2022-12-21,Winter,2022,2.273952463,NA,Dec,Scarped,East.facing,M6,"Tran
(Months 4-6)"
CorteMadera,A,6,b,2022-11-30,2022-12-21,Winter,2022,1.769174222,4.859813084,Dec,Scarped,East.facing,M6,"Tran
(Months 4-6)"
CorteMadera,A,6,c,2022-11-30,2022-12-21,Winter,2022,2.875929102,NA,Dec,Scarped,East.facing,M6,"Tran
(Months 4-6)"
CorteMadera,A,12,a,2022-11-30,2022-12-21,Winter,2022,1.662174304,NA,Dec,Scarped,East.facing,M6,"Tran
(Months 4-6)"
CorteMadera,A,12,b,2022-11-30,2022-12-21,Winter,2022,2.318059299,6.976744186,Dec,Scarped,East.facing,M6,"Tran
(Months 4-6)"
CorteMadera,A,12,c,2022-11-30,2022-12-21,Winter,2022,2.247815078,NA,Dec,Scarped,East.facing,M6,"Tran
(Months 4-6)"
CorteMadera,A,24,a,2022-11-30,2022-12-21,Winter,2022,7.586375888,8.494561156,Dec,Scarped,East.facing,M6,"Tran
(Months 4-6)"
CorteMadera,A,24,b,2022-11-30,2022-12-21,Winter,2022,4.761087969,NA,Dec,Scarped,East.facing,M6,"Tran
(Months 4-6)"
CorteMadera,A,24,c,2022-11-30,2022-12-21,Winter,2022,3.814424569,NA,Dec,Scarped,East.facing,M6,"Tran
(Months 4-6)"
CorteMadera,A,48,a,2022-11-30,2022-12-21,Winter,2022,3.37498979,NA,Dec,Scarped,East.facing,M6,"Tran
(Months 4-6)"
CorteMadera,A,48,b,2022-11-30,2022-12-21,Winter,2022,1.814097852,NA,Dec,Scarped,East.facing,M6,"Tran
(Months 4-6)"
CorteMadera,A,48,c,2022-11-30,2022-12-21,Winter,2022,2.983745814,7.025547445,Dec,Scarped,East.facing,M6,"Tran
(Months 4-6)"
CorteMadera,B,0.5,a,2022-11-30,2022-12-21,Winter,2022,0.103732745,NA,Dec,Scarped,East.facing,M6,"Tran
(Months 4-6)"
CorteMadera,B,0.5,b,2022-11-30,2022-12-21,Winter,2022,0.149473168,NA,Dec,Scarped,East.facing,M6,"Tran
(Months 4-6)"
CorteMadera,B,0.5,c,2022-11-30,2022-12-21,Winter,2022,0.023687005,NA,Dec,Scarped,East.facing,M6,"Tran
(Months 4-6)"
CorteMadera,B,2,a,2022-11-30,2022-12-21,Winter,2022,1.599462732,NA,Dec,Scarped,East.facing,M6,"Tran
(Months 4-6)"
CorteMadera,B,2,b,2022-11-30,2022-12-21,Winter,2022,3.074137602,NA,Dec,Scarped,East.facing,M6,"Tran
(Months 4-6)"
CorteMadera,B,2,c,2022-11-30,2022-12-21,Winter,2022,6.819407008,NA,Dec,Scarped,East.facing,M6,"Tran
(Months 4-6)"
CorteMadera,B,6,a,2022-11-30,2022-12-21,Winter,2022,1.70873152,NA,Dec,Scarped,East.facing,M6,"Tran
(Months 4-6)"
CorteMadera,B,6,b,2022-11-30,2022-12-21,Winter,2022,2.365433309,NA,Dec,Scarped,East.facing,M6,"Tran
(Months 4-6)"
CorteMadera,B,6,c,2022-11-30,2022-12-21,Winter,2022,1.561708732,NA,Dec,Scarped,East.facing,M6,"Tran
(Months 4-6)"
CorteMadera,B,12,a,2022-11-30,2022-12-21,Winter,2022,2.012578616,NA,Dec,Scarped,East.facing,M6,"Tran
(Months 4-6)"
CorteMadera,B,12,b,2022-11-30,2022-12-21,Winter,2022,3.181538753,NA,Dec,Scarped,East.facing,M6,"Tran
(Months 4-6)"
CorteMadera,B,12,c,2022-11-30,2022-12-21,Winter,2022,1.662174304,6.00865246,Dec,Scarped,East.facing,M6,"Tran
(Months 4-6)"
CorteMadera,B,24,a,2022-11-30,2022-12-21,Winter,2022,13.77766887,10.08837666,Dec,Scarped,East.facing,M6,"Tran
(Months 4-6)"
CorteMadera,B,24,b,2022-11-30,2022-12-21,Winter,2022,3.54978355,NA,Dec,Scarped,East.facing,M6,"Tran
(Months 4-6)"
CorteMadera,B,24,c,2022-11-30,2022-12-21,Winter,2022,18.17038308,NA,Dec,Scarped,East.facing,M6,"Tran
(Months 4-6)"
CorteMadera,B,48,a,2022-11-30,2022-12-21,Winter,2022,1.40651801,6.763122476,Dec,Scarped,East.facing,M6,"Tran
(Months 4-6)"
CorteMadera,B,48,b,2022-11-30,2022-12-21,Winter,2022,4.487462223,NA,Dec,Scarped,East.facing,M6,"Tran
(Months 4-6)"
CorteMadera,B,48,c,2022-11-30,2022-12-21,Winter,2022,1.58621253,NA,Dec,Scarped,East.facing,M6,"Tran
(Months 4-6)"
CorteMadera,C,0.5,a,2022-11-30,2022-12-21,Winter,2022,1.44899126,NA,Dec,Scarped,East.facing,M6,"Tran
(Months 4-6)"
CorteMadera,C,0.5,b,2022-11-30,2022-12-21,Winter,2022,1.964387813,NA,Dec,Scarped,East.facing,M6,"Tran
(Months 4-6)"
CorteMadera,C,0.5,c,2022-11-30,2022-12-21,Winter,2022,2.541043862,6.4828715710000004,Dec,Scarped,East.facing,M6,"Tran
(Months 4-6)"
CorteMadera,C,2,a,2022-11-30,2022-12-21,Winter,2022,2.967863723,NA,Dec,Scarped,East.facing,M6,"Tran
(Months 4-6)"
CorteMadera,C,2,b,2022-11-30,2022-12-21,Winter,2022,2.181654823,4.288582903,Dec,Scarped,East.facing,M6,"Tran
(Months 4-6)"
CorteMadera,C,2,c,2022-11-30,2022-12-21,Winter,2022,6.994404966,NA,Dec,Scarped,East.facing,M6,"Tran
(Months 4-6)"
CorteMadera,C,6,a,2022-11-30,2022-12-21,Winter,2022,4.127256391,NA,Dec,Scarped,East.facing,M6,"Tran
(Months 4-6)"
CorteMadera,C,6,b,2022-11-30,2022-12-21,Winter,2022,3.569386588,6.818993217,Dec,Scarped,East.facing,M6,"Tran
(Months 4-6)"
CorteMadera,C,6,c,2022-11-30,2022-12-21,Winter,2022,4.560973618,NA,Dec,Scarped,East.facing,M6,"Tran
(Months 4-6)"
CorteMadera,C,12,a,2022-11-30,2022-12-21,Winter,2022,3.393776035,NA,Dec,Scarped,East.facing,M6,"Tran
(Months 4-6)"
CorteMadera,C,12,b,2022-11-30,2022-12-21,Winter,2022,3.471371396,6.410738929,Dec,Scarped,East.facing,M6,"Tran
(Months 4-6)"
CorteMadera,C,12,c,2022-11-30,2022-12-21,Winter,2022,2.694600996,NA,Dec,Scarped,East.facing,M6,"Tran
(Months 4-6)"
CorteMadera,C,24,a,2022-11-30,2022-12-21,Winter,2022,4.848183925,NA,Dec,Scarped,East.facing,M6,"Tran
(Months 4-6)"
CorteMadera,C,24,b,2022-11-30,2022-12-21,Winter,2022,1.961937434,5.254416428,Dec,Scarped,East.facing,M6,"Tran
(Months 4-6)"
CorteMadera,C,24,c,2022-11-30,2022-12-21,Winter,2022,2.777823155,NA,Dec,Scarped,East.facing,M6,"Tran
(Months 4-6)"
CorteMadera,C,48,a,2022-11-30,2022-12-21,Winter,2022,2.840806992,6.619321988,Dec,Scarped,East.facing,M6,"Tran
(Months 4-6)"
CorteMadera,C,48,b,2022-11-30,2022-12-21,Winter,2022,1.984807645,NA,Dec,Scarped,East.facing,M6,"Tran
(Months 4-6)"
CorteMadera,C,48,c,2022-11-30,2022-12-21,Winter,2022,2.736257453,NA,Dec,Scarped,East.facing,M6,"Tran
(Months 4-6)"
CorteMadera,D,0.5,a,2022-11-30,2022-12-21,Winter,2022,2.131830434,NA,Dec,Scarped,East.facing,M6,"Tran
(Months 4-6)"
CorteMadera,D,0.5,b,2022-11-30,2022-12-21,Winter,2022,2.617822429,NA,Dec,Scarped,East.facing,M6,"Tran
(Months 4-6)"
CorteMadera,D,0.5,c,2022-11-30,2022-12-21,Winter,2022,2.021563342,6.875646902,Dec,Scarped,East.facing,M6,"Tran
(Months 4-6)"
CorteMadera,D,2,a,2022-11-30,2022-12-21,Winter,2022,1.783059708,NA,Dec,Scarped,East.facing,M6,"Tran
(Months 4-6)"
CorteMadera,D,2,b,2022-11-30,2022-12-21,Winter,2022,2.238921107,NA,Dec,Scarped,East.facing,M6,"Tran
(Months 4-6)"
CorteMadera,D,2,c,2022-11-30,2022-12-21,Winter,2022,1.944784775,5.996365839,Dec,Scarped,East.facing,M6,"Tran
(Months 4-6)"
CorteMadera,D,6,a,2022-11-30,2022-12-21,Winter,2022,2.254349424,NA,Dec,Scarped,East.facing,M6,"Tran
(Months 4-6)"
CorteMadera,D,6,b,2022-11-30,2022-12-21,Winter,2022,2.811402434,5.180268124,Dec,Scarped,East.facing,M6,"Tran
(Months 4-6)"
CorteMadera,D,6,c,2022-11-30,2022-12-21,Winter,2022,2.518990444,NA,Dec,Scarped,East.facing,M6,"Tran
(Months 4-6)"
CorteMadera,D,12,a,2022-11-30,2022-12-21,Winter,2022,2.170219717,NA,Dec,Scarped,East.facing,M6,"Tran
(Months 4-6)"
CorteMadera,D,12,b,2022-11-30,2022-12-21,Winter,2022,2.250265458,NA,Dec,Scarped,East.facing,M6,"Tran
(Months 4-6)"
CorteMadera,D,12,c,2022-11-30,2022-12-21,Winter,2022,2.792616189,6.830892144,Dec,Scarped,East.facing,M6,"Tran
(Months 4-6)"
CorteMadera,D,24,a,2022-11-30,2022-12-21,Winter,2022,1.550273626,4.671532847,Dec,Scarped,East.facing,M6,"Tran
(Months 4-6)"
CorteMadera,D,24,b,2022-11-30,2022-12-21,Winter,2022,2.34583027,NA,Dec,Scarped,East.facing,M6,"Tran
(Months 4-6)"
CorteMadera,D,24,c,2022-11-30,2022-12-21,Winter,2022,1.688311688,NA,Dec,Scarped,East.facing,M6,"Tran
(Months 4-6)"
CorteMadera,D,48,a,2022-11-30,2022-12-21,Winter,2022,1.727517765,NA,Dec,Scarped,East.facing,M6,"Tran
(Months 4-6)"
CorteMadera,D,48,b,2022-11-30,2022-12-21,Winter,2022,1.509433962,NA,Dec,Scarped,East.facing,M6,"Tran
(Months 4-6)"
CorteMadera,D,48,c,2022-11-30,2022-12-21,Winter,2022,2.111410602,6.82896953,Dec,Scarped,East.facing,M6,"Tran
(Months 4-6)"
SanPablo,A,0.5,b,2022-12-20,2023-01-17,Winter,2023,13.34923405,NA,Jan,Ramped,South.facing,M7,"Wet
(Months 7-9)"
SanPablo,A,0.5,c,2022-12-20,2023-01-17,Winter,2023,12.25221294,NA,Jan,Ramped,South.facing,M7,"Wet
(Months 7-9)"
SanPablo,A,0.5,a,2022-12-20,2023-01-17,Winter,2023,8.806794863,NA,Jan,Ramped,South.facing,M7,"Wet
(Months 7-9)"
SanPablo,A,2,b,2022-12-20,2023-01-17,Winter,2023,11.10986543,NA,Jan,Ramped,South.facing,M7,"Wet
(Months 7-9)"
SanPablo,A,2,c,2022-12-20,2023-01-17,Winter,2023,8.583838031,NA,Jan,Ramped,South.facing,M7,"Wet
(Months 7-9)"
SanPablo,A,2,a,2022-12-20,2023-01-17,Winter,2023,9.916678872,NA,Jan,Ramped,South.facing,M7,"Wet
(Months 7-9)"
SanPablo,A,6,b,2022-12-20,2023-01-17,Winter,2023,2.985416481,NA,Jan,Ramped,South.facing,M7,"Wet
(Months 7-9)"
SanPablo,A,6,c,2022-12-20,2023-01-17,Winter,2023,3.346802555,NA,Jan,Ramped,South.facing,M7,"Wet
(Months 7-9)"
SanPablo,A,6,a,2022-12-20,2023-01-17,Winter,2023,0.186818225,NA,Jan,Ramped,South.facing,M7,"Wet
(Months 7-9)"
SanPablo,A,9,b,2022-12-20,2023-01-17,Winter,2023,0.482052271,NA,Jan,Ramped,South.facing,M7,"Wet
(Months 7-9)"
SanPablo,A,9,c,2022-12-20,2023-01-17,Winter,2023,0.139654279,NA,Jan,Ramped,South.facing,M7,"Wet
(Months 7-9)"
SanPablo,A,9,a,2022-12-20,2023-01-17,Winter,2023,0.042263795,NA,Jan,Ramped,South.facing,M7,"Wet
(Months 7-9)"
SanPablo,A,12,b,2022-12-20,2023-01-17,Winter,2023,1.602961619,NA,Jan,Ramped,South.facing,M7,"Wet
(Months 7-9)"
SanPablo,A,12,c,2022-12-20,2023-01-17,Winter,2023,0,NA,Jan,Ramped,South.facing,M7,"Wet
(Months 7-9)"
SanPablo,A,12,a,2022-12-20,2023-01-17,Winter,2023,0.884477103,NA,Jan,Ramped,South.facing,M7,"Wet
(Months 7-9)"
SanPablo,A,18,b,2022-12-20,2023-01-17,Winter,2023,0,NA,Jan,Ramped,South.facing,M7,"Wet
(Months 7-9)"
SanPablo,A,18,c,2022-12-20,2023-01-17,Winter,2023,0,NA,Jan,Ramped,South.facing,M7,"Wet
(Months 7-9)"
SanPablo,A,18,a,2022-12-20,2023-01-17,Winter,2023,0,NA,Jan,Ramped,South.facing,M7,"Wet
(Months 7-9)"
SanPablo,A,24,b,2022-12-20,2023-01-17,Winter,2023,1.087833334,NA,Jan,Ramped,South.facing,M7,"Wet
(Months 7-9)"
SanPablo,A,24,c,2022-12-20,2023-01-17,Winter,2023,0,NA,Jan,Ramped,South.facing,M7,"Wet
(Months 7-9)"
SanPablo,A,24,a,2022-12-20,2023-01-17,Winter,2023,0.252357733,5.396911406,Jan,Ramped,South.facing,M7,"Wet
(Months 7-9)"
SanPablo,A,48,b,2022-12-20,2023-01-17,Winter,2023,15.28479337,NA,Jan,Ramped,South.facing,M7,"Wet
(Months 7-9)"
SanPablo,A,48,c,2022-12-20,2023-01-17,Winter,2023,8.99238805,NA,Jan,Ramped,South.facing,M7,"Wet
(Months 7-9)"
SanPablo,A,48,a,2022-12-20,2023-01-17,Winter,2023,12.02190588,6.976744186,Jan,Ramped,South.facing,M7,"Wet
(Months 7-9)"
SanPablo,A,72,b,2022-12-20,2023-01-17,Winter,2023,6.12205704,NA,Jan,Ramped,South.facing,M7,"Wet
(Months 7-9)"
SanPablo,A,72,c,2022-12-20,2023-01-17,Winter,2023,2.425574326,NA,Jan,Ramped,South.facing,M7,"Wet
(Months 7-9)"
SanPablo,A,72,a,2022-12-20,2023-01-17,Winter,2023,4.019154736,NA,Jan,Ramped,South.facing,M7,"Wet
(Months 7-9)"
SanPablo,A,150,b,2022-12-20,2023-01-17,Winter,2023,2.975139777,63.74438623,Jan,Ramped,South.facing,M7,"Wet
(Months 7-9)"
SanPablo,A,150,c,2022-12-20,2023-01-17,Winter,2023,0.904690222,NA,Jan,Ramped,South.facing,M7,"Wet
(Months 7-9)"
SanPablo,A,150,a,2022-12-20,2023-01-17,Winter,2023,2.899663853,NA,Jan,Ramped,South.facing,M7,"Wet
(Months 7-9)"
SanPablo,B,0.5,b,2022-12-20,2023-01-17,Winter,2023,5.690911884,NA,Jan,Ramped,South.facing,M7,"Wet
(Months 7-9)"
SanPablo,B,0.5,c,2022-12-20,2023-01-17,Winter,2023,8.014808094,NA,Jan,Ramped,South.facing,M7,"Wet
(Months 7-9)"
SanPablo,B,0.5,a,2022-12-20,2023-01-17,Winter,2023,5.889980484,NA,Jan,Ramped,South.facing,M7,"Wet
(Months 7-9)"
SanPablo,B,2,b,2022-12-20,2023-01-17,Winter,2023,0.865489021,NA,Jan,Ramped,South.facing,M7,"Wet
(Months 7-9)"
SanPablo,B,2,c,2022-12-20,2023-01-17,Winter,2023,7.461703646,NA,Jan,Ramped,South.facing,M7,"Wet
(Months 7-9)"
SanPablo,B,2,a,2022-12-20,2023-01-17,Winter,2023,8.687966222,NA,Jan,Ramped,South.facing,M7,"Wet
(Months 7-9)"
SanPablo,B,6,b,2022-12-20,2023-01-17,Winter,2023,0,NA,Jan,Ramped,South.facing,M7,"Wet
(Months 7-9)"
SanPablo,B,6,c,2022-12-20,2023-01-17,Winter,2023,0,NA,Jan,Ramped,South.facing,M7,"Wet
(Months 7-9)"
SanPablo,B,6,a,2022-12-20,2023-01-17,Winter,2023,0,NA,Jan,Ramped,South.facing,M7,"Wet
(Months 7-9)"
SanPablo,B,9,b,2022-12-20,2023-01-17,Winter,2023,0.83608812,NA,Jan,Ramped,South.facing,M7,"Wet
(Months 7-9)"
SanPablo,B,9,c,2022-12-20,2023-01-17,Winter,2023,0.143329392,NA,Jan,Ramped,South.facing,M7,"Wet
(Months 7-9)"
SanPablo,B,9,a,2022-12-20,2023-01-17,Winter,2023,0.045326389,NA,Jan,Ramped,South.facing,M7,"Wet
(Months 7-9)"
SanPablo,B,12,b,2022-12-20,2023-01-17,Winter,2023,0.019600601,NA,Jan,Ramped,South.facing,M7,"Wet
(Months 7-9)"
SanPablo,B,12,c,2022-12-20,2023-01-17,Winter,2023,0.083915071,NA,Jan,Ramped,South.facing,M7,"Wet
(Months 7-9)"
SanPablo,B,12,a,2022-12-20,2023-01-17,Winter,2023,0.246232545,NA,Jan,Ramped,South.facing,M7,"Wet
(Months 7-9)"
SanPablo,B,18,b,2022-12-20,2023-01-17,Winter,2023,11.96739171,NA,Jan,Ramped,South.facing,M7,"Wet
(Months 7-9)"
SanPablo,B,18,c,2022-12-20,2023-01-17,Winter,2023,7.982344599,NA,Jan,Ramped,South.facing,M7,"Wet
(Months 7-9)"
SanPablo,B,18,a,2022-12-20,2023-01-17,Winter,2023,4.981615149,NA,Jan,Ramped,South.facing,M7,"Wet
(Months 7-9)"
SanPablo,B,24,b,2022-12-20,2023-01-17,Winter,2023,1.781817099,NA,Jan,Ramped,South.facing,M7,"Wet
(Months 7-9)"
SanPablo,B,24,c,2022-12-20,2023-01-17,Winter,2023,0.409775057,NA,Jan,Ramped,South.facing,M7,"Wet
(Months 7-9)"
SanPablo,B,24,a,2022-12-20,2023-01-17,Winter,2023,0,NA,Jan,Ramped,South.facing,M7,"Wet
(Months 7-9)"
SanPablo,B,48,b,2022-12-20,2023-01-17,Winter,2023,22.39001109,NA,Jan,Ramped,South.facing,M7,"Wet
(Months 7-9)"
SanPablo,B,48,c,2022-12-20,2023-01-17,Winter,2023,19.27106551,NA,Jan,Ramped,South.facing,M7,"Wet
(Months 7-9)"
SanPablo,B,48,a,2022-12-20,2023-01-17,Winter,2023,23.87659414,NA,Jan,Ramped,South.facing,M7,"Wet
(Months 7-9)"
SanPablo,B,72,b,2022-12-20,2023-01-17,Winter,2023,1.819793263,NA,Jan,Ramped,South.facing,M7,"Wet
(Months 7-9)"
SanPablo,B,72,c,2022-12-20,2023-01-17,Winter,2023,1.220749907,NA,Jan,Ramped,South.facing,M7,"Wet
(Months 7-9)"
SanPablo,B,72,a,2022-12-20,2023-01-17,Winter,2023,1.380004787,NA,Jan,Ramped,South.facing,M7,"Wet
(Months 7-9)"
SanPablo,B,150,b,2022-12-20,2023-01-17,Winter,2023,2.153003474,NA,Jan,Ramped,South.facing,M7,"Wet
(Months 7-9)"
SanPablo,B,150,c,2022-12-20,2023-01-17,Winter,2023,0.02307154,NA,Jan,Ramped,South.facing,M7,"Wet
(Months 7-9)"
SanPablo,B,150,a,2022-12-20,2023-01-17,Winter,2023,4.04568647,NA,Jan,Ramped,South.facing,M7,"Wet
(Months 7-9)"
SanPablo,C,0.5,b,2022-12-20,2023-01-17,Winter,2023,5.312375285,NA,Jan,Ramped,South.facing,M7,"Wet
(Months 7-9)"
SanPablo,C,0.5,c,2022-12-20,2023-01-17,Winter,2023,2.679769615,NA,Jan,Ramped,South.facing,M7,"Wet
(Months 7-9)"
SanPablo,C,0.5,a,2022-12-20,2023-01-17,Winter,2023,3.554446417,NA,Jan,Ramped,South.facing,M7,"Wet
(Months 7-9)"
SanPablo,C,2,b,2022-12-20,2023-01-17,Winter,2023,5.40915325,NA,Jan,Ramped,South.facing,M7,"Wet
(Months 7-9)"
SanPablo,C,2,c,2022-12-20,2023-01-17,Winter,2023,13.31615804,NA,Jan,Ramped,South.facing,M7,"Wet
(Months 7-9)"
SanPablo,C,2,a,2022-12-20,2023-01-17,Winter,2023,6.81243375,NA,Jan,Ramped,South.facing,M7,"Wet
(Months 7-9)"
SanPablo,C,6,b,2022-12-20,2023-01-17,Winter,2023,0.619256476,NA,Jan,Ramped,South.facing,M7,"Wet
(Months 7-9)"
SanPablo,C,6,c,2022-12-20,2023-01-17,Winter,2023,1.919633823,NA,Jan,Ramped,South.facing,M7,"Wet
(Months 7-9)"
SanPablo,C,6,a,2022-12-20,2023-01-17,Winter,2023,0.794436844,NA,Jan,Ramped,South.facing,M7,"Wet
(Months 7-9)"
SanPablo,C,12,b,2022-12-20,2023-01-17,Winter,2023,0.298909159,NA,Jan,Ramped,South.facing,M7,"Wet
(Months 7-9)"
SanPablo,C,12,c,2022-12-20,2023-01-17,Winter,2023,0.663970346,NA,Jan,Ramped,South.facing,M7,"Wet
(Months 7-9)"
SanPablo,C,12,a,2022-12-20,2023-01-17,Winter,2023,0.336272804,4.284772577,Jan,Ramped,South.facing,M7,"Wet
(Months 7-9)"
SanPablo,C,24,b,2022-12-20,2023-01-17,Winter,2023,13.85823715,NA,Jan,Ramped,South.facing,M7,"Wet
(Months 7-9)"
SanPablo,C,24,c,2022-12-20,2023-01-17,Winter,2023,10.3048116,7.096221064,Jan,Ramped,South.facing,M7,"Wet
(Months 7-9)"
SanPablo,C,24,a,2022-12-20,2023-01-17,Winter,2023,9.256996158,NA,Jan,Ramped,South.facing,M7,"Wet
(Months 7-9)"
SanPablo,C,48,b,2022-12-20,2023-01-17,Winter,2023,16.37875189,NA,Jan,Ramped,South.facing,M7,"Wet
(Months 7-9)"
SanPablo,C,48,c,2022-12-20,2023-01-17,Winter,2023,20.47772749,NA,Jan,Ramped,South.facing,M7,"Wet
(Months 7-9)"
SanPablo,C,48,a,2022-12-20,2023-01-17,Winter,2023,17.40533334,7.00368045,Jan,Ramped,South.facing,M7,"Wet
(Months 7-9)"
SanPablo,C,72,b,2022-12-20,2023-01-17,Winter,2023,1.500534869,NA,Jan,Ramped,South.facing,M7,"Wet
(Months 7-9)"
SanPablo,C,72,c,2022-12-20,2023-01-17,Winter,2023,3.087707115,6.385055068,Jan,Ramped,South.facing,M7,"Wet
(Months 7-9)"
SanPablo,C,72,a,2022-12-20,2023-01-17,Winter,2023,1.616437032,NA,Jan,Ramped,South.facing,M7,"Wet
(Months 7-9)"
SanPablo,C,150,b,2022-12-20,2023-01-17,Winter,2023,1.840006383,NA,Jan,Ramped,South.facing,M7,"Wet
(Months 7-9)"
SanPablo,C,150,c,2022-12-20,2023-01-17,Winter,2023,0.735635042,NA,Jan,Ramped,South.facing,M7,"Wet
(Months 7-9)"
SanPablo,C,150,a,2022-12-20,2023-01-17,Winter,2023,0.32677876300000003,NA,Jan,Ramped,South.facing,M7,"Wet
(Months 7-9)"
SanPablo,D,0.5,b,2022-12-20,2023-01-17,Winter,2023,4.525288666,NA,Jan,Ramped,South.facing,M7,"Wet
(Months 7-9)"
SanPablo,D,0.5,c,2022-12-20,2023-01-17,Winter,2023,3.621823482,NA,Jan,Ramped,South.facing,M7,"Wet
(Months 7-9)"
SanPablo,D,0.5,a,2022-12-20,2023-01-17,Winter,2023,1.334678398,NA,Jan,Ramped,South.facing,M7,"Wet
(Months 7-9)"
SanPablo,D,2,b,2022-12-20,2023-01-17,Winter,2023,3.514632697,NA,Jan,Ramped,South.facing,M7,"Wet
(Months 7-9)"
SanPablo,D,2,c,2022-12-20,2023-01-17,Winter,2023,4.876261921,NA,Jan,Ramped,South.facing,M7,"Wet
(Months 7-9)"
SanPablo,D,2,a,2022-12-20,2023-01-17,Winter,2023,2.96581588,NA,Jan,Ramped,South.facing,M7,"Wet
(Months 7-9)"
SanPablo,D,6,b,2022-12-20,2023-01-17,Winter,2023,1.926371529,NA,Jan,Ramped,South.facing,M7,"Wet
(Months 7-9)"
SanPablo,D,6,c,2022-12-20,2023-01-17,Winter,2023,0.516353322,NA,Jan,Ramped,South.facing,M7,"Wet
(Months 7-9)"
SanPablo,D,6,a,2022-12-20,2023-01-17,Winter,2023,2.341046736,NA,Jan,Ramped,South.facing,M7,"Wet
(Months 7-9)"
SanPablo,D,12,b,2022-12-20,2023-01-17,Winter,2023,0.892439847,NA,Jan,Ramped,South.facing,M7,"Wet
(Months 7-9)"
SanPablo,D,12,c,2022-12-20,2023-01-17,Winter,2023,1.086608296,NA,Jan,Ramped,South.facing,M7,"Wet
(Months 7-9)"
SanPablo,D,12,a,2022-12-20,2023-01-17,Winter,2023,2.119314941,6.07077913,Jan,Ramped,South.facing,M7,"Wet
(Months 7-9)"
SanPablo,D,24,b,2022-12-20,2023-01-17,Winter,2023,16.24869373,NA,Jan,Ramped,South.facing,M7,"Wet
(Months 7-9)"
SanPablo,D,24,c,2022-12-20,2023-01-17,Winter,2023,15.00915992,NA,Jan,Ramped,South.facing,M7,"Wet
(Months 7-9)"
SanPablo,D,24,a,2022-12-20,2023-01-17,Winter,2023,16.26298584,15.69766662,Jan,Ramped,South.facing,M7,"Wet
(Months 7-9)"
SanPablo,D,48,b,2022-12-20,2023-01-17,Winter,2023,29.90132875,NA,Jan,Ramped,South.facing,M7,"Wet
(Months 7-9)"
SanPablo,D,48,c,2022-12-20,2023-01-17,Winter,2023,43.03985635,NA,Jan,Ramped,South.facing,M7,"Wet
(Months 7-9)"
SanPablo,D,48,a,2022-12-20,2023-01-17,Winter,2023,NA,NA,Jan,Ramped,South.facing,M7,"Wet
(Months 7-9)"
SanPablo,D,72,b,2022-12-20,2023-01-17,Winter,2023,1.029984339,7.11342442,Jan,Ramped,South.facing,M7,"Wet
(Months 7-9)"
SanPablo,D,72,c,2022-12-20,2023-01-17,Winter,2023,1.251682105,6.002928258,Jan,Ramped,South.facing,M7,"Wet
(Months 7-9)"
SanPablo,D,72,a,2022-12-20,2023-01-17,Winter,2023,5.949394805,NA,Jan,Ramped,South.facing,M7,"Wet
(Months 7-9)"
SanPablo,D,150,b,2022-12-20,2023-01-17,Winter,2023,5.847716689,NA,Jan,Ramped,South.facing,M7,"Wet
(Months 7-9)"
SanPablo,D,150,c,2022-12-20,2023-01-17,Winter,2023,0.037771991,NA,Jan,Ramped,South.facing,M7,"Wet
(Months 7-9)"
SanPablo,D,150,a,2022-12-20,2023-01-17,Winter,2023,NA,NA,Jan,Ramped,South.facing,M7,"Wet
(Months 7-9)"
CorteMadera,A,0.5,a,2022-12-21,2023-01-18,Winter,2023,0.301396716,NA,Jan,Scarped,East.facing,M7,"Wet
(Months 7-9)"
CorteMadera,A,0.5,b,2022-12-21,2023-01-18,Winter,2023,0.402474884,NA,Jan,Scarped,East.facing,M7,"Wet
(Months 7-9)"
CorteMadera,A,0.5,c,2022-12-21,2023-01-18,Winter,2023,0.298946337,NA,Jan,Scarped,East.facing,M7,"Wet
(Months 7-9)"
CorteMadera,A,2,a,2022-12-21,2023-01-18,Winter,2023,29.86767949,NA,Jan,Scarped,East.facing,M7,"Wet
(Months 7-9)"
CorteMadera,A,2,b,2022-12-21,2023-01-18,Winter,2023,36.49656947,4.776579353,Jan,Scarped,East.facing,M7,"Wet
(Months 7-9)"
CorteMadera,A,2,c,2022-12-21,2023-01-18,Winter,2023,24.35371233,NA,Jan,Scarped,East.facing,M7,"Wet
(Months 7-9)"
CorteMadera,A,6,a,2022-12-21,2023-01-18,Winter,2023,3.023768684,NA,Jan,Scarped,East.facing,M7,"Wet
(Months 7-9)"
CorteMadera,A,6,b,2022-12-21,2023-01-18,Winter,2023,36.98542024,7.961992136,Jan,Scarped,East.facing,M7,"Wet
(Months 7-9)"
CorteMadera,A,6,c,2022-12-21,2023-01-18,Winter,2023,4.10071061,NA,Jan,Scarped,East.facing,M7,"Wet
(Months 7-9)"
CorteMadera,A,12,a,2022-12-21,2023-01-18,Winter,2023,3.572381497,NA,Jan,Scarped,East.facing,M7,"Wet
(Months 7-9)"
CorteMadera,A,12,b,2022-12-21,2023-01-18,Winter,2023,4.114800294,NA,Jan,Scarped,East.facing,M7,"Wet
(Months 7-9)"
CorteMadera,A,12,c,2022-12-21,2023-01-18,Winter,2023,2.534917912,5.7785672,Jan,Scarped,East.facing,M7,"Wet
(Months 7-9)"
CorteMadera,A,18,a,2022-12-21,2023-01-18,Winter,2023,2.650085763,NA,Jan,Scarped,East.facing,M7,"Wet
(Months 7-9)"
CorteMadera,A,18,b,2022-12-21,2023-01-18,Winter,2023,3.440945847,NA,Jan,Scarped,East.facing,M7,"Wet
(Months 7-9)"
CorteMadera,A,18,c,2022-12-21,2023-01-18,Winter,2023,2.153271257,6.153235411,Jan,Scarped,East.facing,M7,"Wet
(Months 7-9)"
CorteMadera,A,24,a,2022-12-21,2023-01-18,Winter,2023,5.568488116,NA,Jan,Scarped,East.facing,M7,"Wet
(Months 7-9)"
CorteMadera,A,24,b,2022-12-21,2023-01-18,Winter,2023,4.592111777,5.928609295,Jan,Scarped,East.facing,M7,"Wet
(Months 7-9)"
CorteMadera,A,24,c,2022-12-21,2023-01-18,Winter,2023,1.174344523,NA,Jan,Scarped,East.facing,M7,"Wet
(Months 7-9)"
CorteMadera,A,30,a,2022-12-21,2023-01-18,Winter,2023,2.681634403,NA,Jan,Scarped,East.facing,M7,"Wet
(Months 7-9)"
CorteMadera,A,30,b,2022-12-21,2023-01-18,Winter,2023,10.9342073,6.223588167,Jan,Scarped,East.facing,M7,"Wet
(Months 7-9)"
CorteMadera,A,30,c,2022-12-21,2023-01-18,Winter,2023,5.614432737,NA,Jan,Scarped,East.facing,M7,"Wet
(Months 7-9)"
CorteMadera,A,48,a,2022-12-21,2023-01-18,Winter,2023,1.899044352,6.920462271,Jan,Scarped,East.facing,M7,"Wet
(Months 7-9)"
CorteMadera,A,48,b,2022-12-21,2023-01-18,Winter,2023,116.2552071,NA,Jan,Scarped,East.facing,M7,"Wet
(Months 7-9)"
CorteMadera,A,48,c,2022-12-21,2023-01-18,Winter,2023,4.659805603,NA,Jan,Scarped,East.facing,M7,"Wet
(Months 7-9)"
CorteMadera,B,0.5,a,2022-12-21,2023-01-18,Winter,2023,NA,NA,Jan,Scarped,East.facing,M7,"Wet
(Months 7-9)"
CorteMadera,B,0.5,b,2022-12-21,2023-01-18,Winter,2023,NA,NA,Jan,Scarped,East.facing,M7,"Wet
(Months 7-9)"
CorteMadera,B,0.5,c,2022-12-21,2023-01-18,Winter,2023,NA,NA,Jan,Scarped,East.facing,M7,"Wet
(Months 7-9)"
CorteMadera,B,2,a,2022-12-21,2023-01-18,Winter,2023,0,NA,Jan,Scarped,East.facing,M7,"Wet
(Months 7-9)"
CorteMadera,B,2,b,2022-12-21,2023-01-18,Winter,2023,0.472310708,NA,Jan,Scarped,East.facing,M7,"Wet
(Months 7-9)"
CorteMadera,B,2,c,2022-12-21,2023-01-18,Winter,2023,0.374908111,NA,Jan,Scarped,East.facing,M7,"Wet
(Months 7-9)"
CorteMadera,B,6,a,2022-12-21,2023-01-18,Winter,2023,98.49669199,NA,Jan,Scarped,East.facing,M7,"Wet
(Months 7-9)"
CorteMadera,B,6,b,2022-12-21,2023-01-18,Winter,2023,1.715674263,NA,Jan,Scarped,East.facing,M7,"Wet
(Months 7-9)"
CorteMadera,B,6,c,2022-12-21,2023-01-18,Winter,2023,5.65477649,5.593740087,Jan,Scarped,East.facing,M7,"Wet
(Months 7-9)"
CorteMadera,B,12,a,2022-12-21,2023-01-18,Winter,2023,59.587111,NA,Jan,Scarped,East.facing,M7,"Wet
(Months 7-9)"
CorteMadera,B,12,b,2022-12-21,2023-01-18,Winter,2023,2.749938741,5.87164315,Jan,Scarped,East.facing,M7,"Wet
(Months 7-9)"
CorteMadera,B,12,c,2022-12-21,2023-01-18,Winter,2023,73.66638079,NA,Jan,Scarped,East.facing,M7,"Wet
(Months 7-9)"
CorteMadera,B,18,a,2022-12-21,2023-01-18,Winter,2023,4.010917087,7.061918252,Jan,Scarped,East.facing,M7,"Wet
(Months 7-9)"
CorteMadera,B,18,b,2022-12-21,2023-01-18,Winter,2023,3.754594462,NA,Jan,Scarped,East.facing,M7,"Wet
(Months 7-9)"
CorteMadera,B,18,c,2022-12-21,2023-01-18,Winter,2023,28.567753,NA,Jan,Scarped,East.facing,M7,"Wet
(Months 7-9)"
CorteMadera,B,24,a,2022-12-21,2023-01-18,Winter,2023,3.855060034,NA,Jan,Scarped,East.facing,M7,"Wet
(Months 7-9)"
CorteMadera,B,24,b,2022-12-21,2023-01-18,Winter,2023,57.6819407,NA,Jan,Scarped,East.facing,M7,"Wet
(Months 7-9)"
CorteMadera,B,24,c,2022-12-21,2023-01-18,Winter,2023,6.840148607,8.321784465,Jan,Scarped,East.facing,M7,"Wet
(Months 7-9)"
CorteMadera,B,30,a,2022-12-21,2023-01-18,Winter,2023,36.47880421,NA,Jan,Scarped,East.facing,M7,"Wet
(Months 7-9)"
CorteMadera,B,30,b,2022-12-21,2023-01-18,Winter,2023,17.50245038,NA,Jan,Scarped,East.facing,M7,"Wet
(Months 7-9)"
CorteMadera,B,30,c,2022-12-21,2023-01-18,Winter,2023,28.89365352,5.28,Jan,Scarped,East.facing,M7,"Wet
(Months 7-9)"
CorteMadera,B,48,a,2022-12-21,2023-01-18,Winter,2023,28.34354325,NA,Jan,Scarped,East.facing,M7,"Wet
(Months 7-9)"
CorteMadera,B,48,b,2022-12-21,2023-01-18,Winter,2023,88.07461407,7.236388697,Jan,Scarped,East.facing,M7,"Wet
(Months 7-9)"
CorteMadera,B,48,c,2022-12-21,2023-01-18,Winter,2023,1.557216369,NA,Jan,Scarped,East.facing,M7,"Wet
(Months 7-9)"
CorteMadera,C,0.5,a,2022-12-21,2023-01-18,Winter,2023,61.72935555,6.214689266,Jan,Scarped,East.facing,M7,"Wet
(Months 7-9)"
CorteMadera,C,0.5,b,2022-12-21,2023-01-18,Winter,2023,1.6019358,NA,Jan,Scarped,East.facing,M7,"Wet
(Months 7-9)"
CorteMadera,C,0.5,c,2022-12-21,2023-01-18,Winter,2023,10.42759128,NA,Jan,Scarped,East.facing,M7,"Wet
(Months 7-9)"
CorteMadera,C,2,a,2022-12-21,2023-01-18,Winter,2023,1.284611615,NA,Jan,Scarped,East.facing,M7,"Wet
(Months 7-9)"
CorteMadera,C,2,b,2022-12-21,2023-01-18,Winter,2023,24.60671404,NA,Jan,Scarped,East.facing,M7,"Wet
(Months 7-9)"
CorteMadera,C,2,c,2022-12-21,2023-01-18,Winter,2023,88.07522666,5.630791162,Jan,Scarped,East.facing,M7,"Wet
(Months 7-9)"
CorteMadera,C,6,a,2022-12-21,2023-01-18,Winter,2023,4.097647635,NA,Jan,Scarped,East.facing,M7,"Wet
(Months 7-9)"
CorteMadera,C,6,b,2022-12-21,2023-01-18,Winter,2023,2.711345259,6.512680081,Jan,Scarped,East.facing,M7,"Wet
(Months 7-9)"
CorteMadera,C,6,c,2022-12-21,2023-01-18,Winter,2023,3.817691742,NA,Jan,Scarped,East.facing,M7,"Wet
(Months 7-9)"
CorteMadera,C,12,a,2022-12-21,2023-01-18,Winter,2023,15.47659887,NA,Jan,Scarped,East.facing,M7,"Wet
(Months 7-9)"
CorteMadera,C,12,b,2022-12-21,2023-01-18,Winter,2023,3.132197991,5.601440068,Jan,Scarped,East.facing,M7,"Wet
(Months 7-9)"
CorteMadera,C,12,c,2022-12-21,2023-01-18,Winter,2023,6.092869395,NA,Jan,Scarped,East.facing,M7,"Wet
(Months 7-9)"
CorteMadera,C,24,a,2022-12-21,2023-01-18,Winter,2023,9.352487136,NA,Jan,Scarped,East.facing,M7,"Wet
(Months 7-9)"
CorteMadera,C,24,b,2022-12-21,2023-01-18,Winter,2023,2.031558313,NA,Jan,Scarped,East.facing,M7,"Wet
(Months 7-9)"
CorteMadera,C,24,c,2022-12-21,2023-01-18,Winter,2023,10.9587111,6.278026906,Jan,Scarped,East.facing,M7,"Wet
(Months 7-9)"
CorteMadera,C,48,a,2022-12-21,2023-01-18,Winter,2023,1.753053302,NA,Jan,Scarped,East.facing,M7,"Wet
(Months 7-9)"
CorteMadera,C,48,b,2022-12-21,2023-01-18,Winter,2023,72.15265866,NA,Jan,Scarped,East.facing,M7,"Wet
(Months 7-9)"
CorteMadera,C,48,c,2022-12-21,2023-01-18,Winter,2023,1.674834599,6.94483338,Jan,Scarped,East.facing,M7,"Wet
(Months 7-9)"
CorteMadera,D,0.5,a,2022-12-21,2023-01-18,Winter,2023,14.25814751,NA,Jan,Scarped,East.facing,M7,"Wet
(Months 7-9)"
CorteMadera,D,0.5,b,2022-12-21,2023-01-18,Winter,2023,3.644939966,7.271258332,Jan,Scarped,East.facing,M7,"Wet
(Months 7-9)"
CorteMadera,D,0.5,c,2022-12-21,2023-01-18,Winter,2023,2.766478804,NA,Jan,Scarped,East.facing,M7,"Wet
(Months 7-9)"
CorteMadera,D,2,a,2022-12-21,2023-01-18,Winter,2023,NA,NA,Jan,Scarped,East.facing,M7,"Wet
(Months 7-9)"
CorteMadera,D,2,b,2022-12-21,2023-01-18,Winter,2023,1.987258025,6.011575901,Jan,Scarped,East.facing,M7,"Wet
(Months 7-9)"
CorteMadera,D,2,c,2022-12-21,2023-01-18,Winter,2023,6.394266111,NA,Jan,Scarped,East.facing,M7,"Wet
(Months 7-9)"
CorteMadera,D,6,a,2022-12-21,2023-01-18,Winter,2023,2.539818672,6.184720103,Jan,Scarped,East.facing,M7,"Wet
(Months 7-9)"
CorteMadera,D,6,b,2022-12-21,2023-01-18,Winter,2023,15.79024749,NA,Jan,Scarped,East.facing,M7,"Wet
(Months 7-9)"
CorteMadera,D,6,c,2022-12-21,2023-01-18,Winter,2023,4.94057829,NA,Jan,Scarped,East.facing,M7,"Wet
(Months 7-9)"
CorteMadera,D,12,a,2022-12-21,2023-01-18,Winter,2023,2.17471208,NA,Jan,Scarped,East.facing,M7,"Wet
(Months 7-9)"
CorteMadera,D,12,b,2022-12-21,2023-01-18,Winter,2023,6.078779711,6.838709677,Jan,Scarped,East.facing,M7,"Wet
(Months 7-9)"
CorteMadera,D,12,c,2022-12-21,2023-01-18,Winter,2023,2.283753982,NA,Jan,Scarped,East.facing,M7,"Wet
(Months 7-9)"
CorteMadera,D,24,a,2022-12-21,2023-01-18,Winter,2023,87.46937025,NA,Jan,Scarped,East.facing,M7,"Wet
(Months 7-9)"
CorteMadera,D,24,b,2022-12-21,2023-01-18,Winter,2023,2.0900603,6.688506689,Jan,Scarped,East.facing,M7,"Wet
(Months 7-9)"
CorteMadera,D,24,c,2022-12-21,2023-01-18,Winter,2023,2.279465817,NA,Jan,Scarped,East.facing,M7,"Wet
(Months 7-9)"
CorteMadera,D,48,a,2022-12-21,2023-01-18,Winter,2023,10.16111247,13.44137274,Jan,Scarped,East.facing,M7,"Wet
(Months 7-9)"
CorteMadera,D,48,b,2022-12-21,2023-01-18,Winter,2023,0.820877236,NA,Jan,Scarped,East.facing,M7,"Wet
(Months 7-9)"
CorteMadera,D,48,c,2022-12-21,2023-01-18,Winter,2023,NA,NA,Jan,Scarped,East.facing,M7,"Wet
(Months 7-9)"
SanPablo,A,0.5,b,2023-01-17,2023-02-15,Winter,2023,254.4824549,NA,Jan,Ramped,South.facing,M8,"Wet
(Months 7-9)"
SanPablo,A,0.5,c,2023-01-17,2023-02-15,Winter,2023,220.5693605,NA,Jan,Ramped,South.facing,M8,"Wet
(Months 7-9)"
SanPablo,A,0.5,a,2023-01-17,2023-02-15,Winter,2023,200.3648587,NA,Jan,Ramped,South.facing,M8,"Wet
(Months 7-9)"
SanPablo,A,2,b,2023-01-17,2023-02-15,Winter,2023,240.8584322,NA,Jan,Ramped,South.facing,M8,"Wet
(Months 7-9)"
SanPablo,A,2,c,2023-01-17,2023-02-15,Winter,2023,252.7585314,NA,Jan,Ramped,South.facing,M8,"Wet
(Months 7-9)"
SanPablo,A,2,a,2023-01-17,2023-02-15,Winter,2023,292.7642021,NA,Jan,Ramped,South.facing,M8,"Wet
(Months 7-9)"
SanPablo,A,6,b,2023-01-17,2023-02-15,Winter,2023,35.25911491,NA,Jan,Ramped,South.facing,M8,"Wet
(Months 7-9)"
SanPablo,A,6,c,2023-01-17,2023-02-15,Winter,2023,137.5383438,NA,Jan,Ramped,South.facing,M8,"Wet
(Months 7-9)"
SanPablo,A,6,a,2023-01-17,2023-02-15,Winter,2023,1.96698786,NA,Jan,Ramped,South.facing,M8,"Wet
(Months 7-9)"
SanPablo,A,9,b,2023-01-17,2023-02-15,Winter,2023,2.683761548,NA,Jan,Ramped,South.facing,M8,"Wet
(Months 7-9)"
SanPablo,A,9,c,2023-01-17,2023-02-15,Winter,2023,1.300482954,NA,Jan,Ramped,South.facing,M8,"Wet
(Months 7-9)"
SanPablo,A,9,a,2023-01-17,2023-02-15,Winter,2023,1.242526005,NA,Jan,Ramped,South.facing,M8,"Wet
(Months 7-9)"
SanPablo,A,12,b,2023-01-17,2023-02-15,Winter,2023,1.622794554,NA,Jan,Ramped,South.facing,M8,"Wet
(Months 7-9)"
SanPablo,A,12,c,2023-01-17,2023-02-15,Winter,2023,1.666557964,NA,Jan,Ramped,South.facing,M8,"Wet
(Months 7-9)"
SanPablo,A,12,a,2023-01-17,2023-02-15,Winter,2023,2.002471706,NA,Jan,Ramped,South.facing,M8,"Wet
(Months 7-9)"
SanPablo,A,18,b,2023-01-17,2023-02-15,Winter,2023,0.39387069,NA,Jan,Ramped,South.facing,M8,"Wet
(Months 7-9)"
SanPablo,A,18,c,2023-01-17,2023-02-15,Winter,2023,0.120053679,NA,Jan,Ramped,South.facing,M8,"Wet
(Months 7-9)"
SanPablo,A,18,a,2023-01-17,2023-02-15,Winter,2023,0.241290152,NA,Jan,Ramped,South.facing,M8,"Wet
(Months 7-9)"
SanPablo,A,24,b,2023-01-17,2023-02-15,Winter,2023,0.794838149,NA,Jan,Ramped,South.facing,M8,"Wet
(Months 7-9)"
SanPablo,A,24,c,2023-01-17,2023-02-15,Winter,2023,0.925536982,NA,Jan,Ramped,South.facing,M8,"Wet
(Months 7-9)"
SanPablo,A,24,a,2023-01-17,2023-02-15,Winter,2023,0.745160765,NA,Jan,Ramped,South.facing,M8,"Wet
(Months 7-9)"
SanPablo,A,48,b,2023-01-17,2023-02-15,Winter,2023,2.108923244,NA,Jan,Ramped,South.facing,M8,"Wet
(Months 7-9)"
SanPablo,A,48,c,2023-01-17,2023-02-15,Winter,2023,1.322364659,NA,Jan,Ramped,South.facing,M8,"Wet
(Months 7-9)"
SanPablo,A,48,a,2023-01-17,2023-02-15,Winter,2023,2.127847961,NA,Jan,Ramped,South.facing,M8,"Wet
(Months 7-9)"
SanPablo,A,72,b,2023-01-17,2023-02-15,Winter,2023,0.441773882,NA,Jan,Ramped,South.facing,M8,"Wet
(Months 7-9)"
SanPablo,A,72,c,2023-01-17,2023-02-15,Winter,2023,NA,NA,Jan,Ramped,South.facing,M8,"Wet
(Months 7-9)"
SanPablo,A,72,a,2023-01-17,2023-02-15,Winter,2023,0.615644727,NA,Jan,Ramped,South.facing,M8,"Wet
(Months 7-9)"
SanPablo,A,150,b,2023-01-17,2023-02-15,Winter,2023,1.496066533,NA,Jan,Ramped,South.facing,M8,"Wet
(Months 7-9)"
SanPablo,A,150,c,2023-01-17,2023-02-15,Winter,2023,3.570266299,NA,Jan,Ramped,South.facing,M8,"Wet
(Months 7-9)"
SanPablo,A,150,a,2023-01-17,2023-02-15,Winter,2023,4.197147577,NA,Jan,Ramped,South.facing,M8,"Wet
(Months 7-9)"
SanPablo,B,0.5,b,2023-01-17,2023-02-15,Winter,2023,109.7757828,NA,Jan,Ramped,South.facing,M8,"Wet
(Months 7-9)"
SanPablo,B,0.5,c,2023-01-17,2023-02-15,Winter,2023,92.28461232,NA,Jan,Ramped,South.facing,M8,"Wet
(Months 7-9)"
SanPablo,B,0.5,a,2023-01-17,2023-02-15,Winter,2023,70.92156287,NA,Jan,Ramped,South.facing,M8,"Wet
(Months 7-9)"
SanPablo,B,2,b,2023-01-17,2023-02-15,Winter,2023,1.812041732,NA,Jan,Ramped,South.facing,M8,"Wet
(Months 7-9)"
SanPablo,B,2,c,2023-01-17,2023-02-15,Winter,2023,1.286880813,NA,Jan,Ramped,South.facing,M8,"Wet
(Months 7-9)"
SanPablo,B,2,a,2023-01-17,2023-02-15,Winter,2023,81.89612502,NA,Jan,Ramped,South.facing,M8,"Wet
(Months 7-9)"
SanPablo,B,6,b,2023-01-17,2023-02-15,Winter,2023,1.963439475,NA,Jan,Ramped,South.facing,M8,"Wet
(Months 7-9)"
SanPablo,B,6,c,2023-01-17,2023-02-15,Winter,2023,1.154407788,NA,Jan,Ramped,South.facing,M8,"Wet
(Months 7-9)"
SanPablo,B,6,a,2023-01-17,2023-02-15,Winter,2023,31.77578404,NA,Jan,Ramped,South.facing,M8,"Wet
(Months 7-9)"
SanPablo,B,9,b,2023-01-17,2023-02-15,Winter,2023,1.89542877,NA,Jan,Ramped,South.facing,M8,"Wet
(Months 7-9)"
SanPablo,B,9,c,2023-01-17,2023-02-15,Winter,2023,1.610375208,NA,Jan,Ramped,South.facing,M8,"Wet
(Months 7-9)"
SanPablo,B,9,a,2023-01-17,2023-02-15,Winter,2023,1.165052942,NA,Jan,Ramped,South.facing,M8,"Wet
(Months 7-9)"
SanPablo,B,12,b,2023-01-17,2023-02-15,Winter,2023,2.042686731,NA,Jan,Ramped,South.facing,M8,"Wet
(Months 7-9)"
SanPablo,B,12,c,2023-01-17,2023-02-15,Winter,2023,1.510429042,NA,Jan,Ramped,South.facing,M8,"Wet
(Months 7-9)"
SanPablo,B,12,a,2023-01-17,2023-02-15,Winter,2023,0.761719893,NA,Jan,Ramped,South.facing,M8,"Wet
(Months 7-9)"
SanPablo,B,18,b,2023-01-17,2023-02-15,Winter,2023,0.580160881,NA,Jan,Ramped,South.facing,M8,"Wet
(Months 7-9)"
SanPablo,B,18,c,2023-01-17,2023-02-15,Winter,2023,1.372042043,NA,Jan,Ramped,South.facing,M8,"Wet
(Months 7-9)"
SanPablo,B,18,a,2023-01-17,2023-02-15,Winter,2023,1.96462227,NA,Jan,Ramped,South.facing,M8,"Wet
(Months 7-9)"
SanPablo,B,24,b,2023-01-17,2023-02-15,Winter,2023,2.100643679,NA,Jan,Ramped,South.facing,M8,"Wet
(Months 7-9)"
SanPablo,B,24,c,2023-01-17,2023-02-15,Winter,2023,0.780644611,NA,Jan,Ramped,South.facing,M8,"Wet
(Months 7-9)"
SanPablo,B,24,a,2023-01-17,2023-02-15,Winter,2023,1.639353682,NA,Jan,Ramped,South.facing,M8,"Wet
(Months 7-9)"
SanPablo,B,48,b,2023-01-17,2023-02-15,Winter,2023,3.138546173,NA,Jan,Ramped,South.facing,M8,"Wet
(Months 7-9)"
SanPablo,B,48,c,2023-01-17,2023-02-15,Winter,2023,4.902093316,NA,Jan,Ramped,South.facing,M8,"Wet
(Months 7-9)"
SanPablo,B,48,a,2023-01-17,2023-02-15,Winter,2023,1.995181827,NA,Jan,Ramped,South.facing,M8,"Wet
(Months 7-9)"
SanPablo,B,72,b,2023-01-17,2023-02-15,Winter,2023,1.617471977,NA,Jan,Ramped,South.facing,M8,"Wet
(Months 7-9)"
SanPablo,B,72,c,2023-01-17,2023-02-15,Winter,2023,0.543153739,NA,Jan,Ramped,South.facing,M8,"Wet
(Months 7-9)"
SanPablo,B,72,a,2023-01-17,2023-02-15,Winter,2023,1.718009541,NA,Jan,Ramped,South.facing,M8,"Wet
(Months 7-9)"
SanPablo,B,150,b,2023-01-17,2023-02-15,Winter,2023,0.648171586,NA,Jan,Ramped,South.facing,M8,"Wet
(Months 7-9)"
SanPablo,B,150,c,2023-01-17,2023-02-15,Winter,2023,0,NA,Jan,Ramped,South.facing,M8,"Wet
(Months 7-9)"
SanPablo,B,150,a,2023-01-17,2023-02-15,Winter,2023,0.095214987,NA,Jan,Ramped,South.facing,M8,"Wet
(Months 7-9)"
SanPablo,C,0.5,b,2023-01-17,2023-02-15,Winter,2023,89.26730262,NA,Jan,Ramped,South.facing,M8,"Wet
(Months 7-9)"
SanPablo,C,0.5,c,2023-01-17,2023-02-15,Winter,2023,84.17241374,NA,Jan,Ramped,South.facing,M8,"Wet
(Months 7-9)"
SanPablo,C,0.5,a,2023-01-17,2023-02-15,Winter,2023,70.16398276,NA,Jan,Ramped,South.facing,M8,"Wet
(Months 7-9)"
SanPablo,C,2,b,2023-01-17,2023-02-15,Winter,2023,3.38811589,NA,Jan,Ramped,South.facing,M8,"Wet
(Months 7-9)"
SanPablo,C,2,c,2023-01-17,2023-02-15,Winter,2023,104.1551416,NA,Jan,Ramped,South.facing,M8,"Wet
(Months 7-9)"
SanPablo,C,2,a,2023-01-17,2023-02-15,Winter,2023,22.32584447,NA,Jan,Ramped,South.facing,M8,"Wet
(Months 7-9)"
SanPablo,C,6,b,2023-01-17,2023-02-15,Winter,2023,1.799030989,NA,Jan,Ramped,South.facing,M8,"Wet
(Months 7-9)"
SanPablo,C,6,c,2023-01-17,2023-02-15,Winter,2023,1.7505364,NA,Jan,Ramped,South.facing,M8,"Wet
(Months 7-9)"
SanPablo,C,6,a,2023-01-17,2023-02-15,Winter,2023,2.563116471,NA,Jan,Ramped,South.facing,M8,"Wet
(Months 7-9)"
SanPablo,C,12,b,2023-01-17,2023-02-15,Winter,2023,3.018492494,NA,Jan,Ramped,South.facing,M8,"Wet
(Months 7-9)"
SanPablo,C,12,c,2023-01-17,2023-02-15,Winter,2023,0,NA,Jan,Ramped,South.facing,M8,"Wet
(Months 7-9)"
SanPablo,C,12,a,2023-01-17,2023-02-15,Winter,2023,1.109461583,NA,Jan,Ramped,South.facing,M8,"Wet
(Months 7-9)"
SanPablo,C,24,b,2023-01-17,2023-02-15,Winter,2023,4.1687605,NA,Jan,Ramped,South.facing,M8,"Wet
(Months 7-9)"
SanPablo,C,24,c,2023-01-17,2023-02-15,Winter,2023,1.671009008,NA,Jan,Ramped,South.facing,M8,"Wet
(Months 7-9)"
SanPablo,C,24,a,2023-01-17,2023-02-15,Winter,2023,2.308815576,NA,Jan,Ramped,South.facing,M8,"Wet
(Months 7-9)"
SanPablo,C,48,b,2023-01-17,2023-02-15,Winter,2023,13.29697987,NA,Jan,Ramped,South.facing,M8,"Wet
(Months 7-9)"
SanPablo,C,48,c,2023-01-17,2023-02-15,Winter,2023,10.81251925,NA,Jan,Ramped,South.facing,M8,"Wet
(Months 7-9)"
SanPablo,C,48,a,2023-01-17,2023-02-15,Winter,2023,11.56655098,NA,Jan,Ramped,South.facing,M8,"Wet
(Months 7-9)"
SanPablo,C,72,b,2023-01-17,2023-02-15,Winter,2023,1.08935407,NA,Jan,Ramped,South.facing,M8,"Wet
(Months 7-9)"
SanPablo,C,72,c,2023-01-17,2023-02-15,Winter,2023,1.047364853,NA,Jan,Ramped,South.facing,M8,"Wet
(Months 7-9)"
SanPablo,C,72,a,2023-01-17,2023-02-15,Winter,2023,0.743386572,NA,Jan,Ramped,South.facing,M8,"Wet
(Months 7-9)"
SanPablo,C,150,b,2023-01-17,2023-02-15,Winter,2023,1.567794593,NA,Jan,Ramped,South.facing,M8,"Wet
(Months 7-9)"
SanPablo,C,150,c,2023-01-17,2023-02-15,Winter,2023,1.533493542,NA,Jan,Ramped,South.facing,M8,"Wet
(Months 7-9)"
SanPablo,C,150,a,2023-01-17,2023-02-15,Winter,2023,1.618654772,NA,Jan,Ramped,South.facing,M8,"Wet
(Months 7-9)"
SanPablo,D,0.5,b,2023-01-17,2023-02-15,Winter,2023,182.6519142,NA,Jan,Ramped,South.facing,M8,"Wet
(Months 7-9)"
SanPablo,D,0.5,c,2023-01-17,2023-02-15,Winter,2023,64.18613752,NA,Jan,Ramped,South.facing,M8,"Wet
(Months 7-9)"
SanPablo,D,0.5,a,2023-01-17,2023-02-15,Winter,2023,180.1278299,NA,Jan,Ramped,South.facing,M8,"Wet
(Months 7-9)"
SanPablo,D,2,b,2023-01-17,2023-02-15,Winter,2023,74.83720527,NA,Jan,Ramped,South.facing,M8,"Wet
(Months 7-9)"
SanPablo,D,2,c,2023-01-17,2023-02-15,Winter,2023,222.2968324,NA,Jan,Ramped,South.facing,M8,"Wet
(Months 7-9)"
SanPablo,D,2,a,2023-01-17,2023-02-15,Winter,2023,5.354512352,NA,Jan,Ramped,South.facing,M8,"Wet
(Months 7-9)"
SanPablo,D,6,b,2023-01-17,2023-02-15,Winter,2023,66.02774912,NA,Jan,Ramped,South.facing,M8,"Wet
(Months 7-9)"
SanPablo,D,6,c,2023-01-17,2023-02-15,Winter,2023,2.165697397,NA,Jan,Ramped,South.facing,M8,"Wet
(Months 7-9)"
SanPablo,D,6,a,2023-01-17,2023-02-15,Winter,2023,15.7997738,NA,Jan,Ramped,South.facing,M8,"Wet
(Months 7-9)"
SanPablo,D,12,b,2023-01-17,2023-02-15,Winter,2023,15.04219369,NA,Jan,Ramped,South.facing,M8,"Wet
(Months 7-9)"
SanPablo,D,12,c,2023-01-17,2023-02-15,Winter,2023,5.335173656,NA,Jan,Ramped,South.facing,M8,"Wet
(Months 7-9)"
SanPablo,D,12,a,2023-01-17,2023-02-15,Winter,2023,2.895245269,NA,Jan,Ramped,South.facing,M8,"Wet
(Months 7-9)"
SanPablo,D,24,b,2023-01-17,2023-02-15,Winter,2023,3.647739362,NA,Jan,Ramped,South.facing,M8,"Wet
(Months 7-9)"
SanPablo,D,24,c,2023-01-17,2023-02-15,Winter,2023,3.543933871,NA,Jan,Ramped,South.facing,M8,"Wet
(Months 7-9)"
SanPablo,D,24,a,2023-01-17,2023-02-15,Winter,2023,3.359137415,NA,Jan,Ramped,South.facing,M8,"Wet
(Months 7-9)"
SanPablo,D,48,b,2023-01-17,2023-02-15,Winter,2023,49.78915843,NA,Jan,Ramped,South.facing,M8,"Wet
(Months 7-9)"
SanPablo,D,48,c,2023-01-17,2023-02-15,Winter,2023,16.84536446,NA,Jan,Ramped,South.facing,M8,"Wet
(Months 7-9)"
SanPablo,D,48,a,2023-01-17,2023-02-15,Winter,2023,10.49358877,NA,Jan,Ramped,South.facing,M8,"Wet
(Months 7-9)"
SanPablo,D,72,b,2023-01-17,2023-02-15,Winter,2023,1.00182725,NA,Jan,Ramped,South.facing,M8,"Wet
(Months 7-9)"
SanPablo,D,72,c,2023-01-17,2023-02-15,Winter,2023,0.884139161,NA,Jan,Ramped,South.facing,M8,"Wet
(Months 7-9)"
SanPablo,D,72,a,2023-01-17,2023-02-15,Winter,2023,1.183977659,NA,Jan,Ramped,South.facing,M8,"Wet
(Months 7-9)"
SanPablo,D,150,b,2023-01-17,2023-02-15,Winter,2023,0.944461699,NA,Jan,Ramped,South.facing,M8,"Wet
(Months 7-9)"
SanPablo,D,150,c,2023-01-17,2023-02-15,Winter,2023,0.360752434,NA,Jan,Ramped,South.facing,M8,"Wet
(Months 7-9)"
SanPablo,D,150,a,2023-01-17,2023-02-15,Winter,2023,1.443009735,NA,Jan,Ramped,South.facing,M8,"Wet
(Months 7-9)"
CorteMadera,A,0.5,a,2023-01-18,2023-02-17,Winter,2023,NA,NA,Feb,Scarped,East.facing,M8,"Wet
(Months 7-9)"
CorteMadera,A,0.5,b,2023-01-18,2023-02-17,Winter,2023,NA,NA,Feb,Scarped,East.facing,M8,"Wet
(Months 7-9)"
CorteMadera,A,0.5,c,2023-01-18,2023-02-17,Winter,2023,NA,NA,Feb,Scarped,East.facing,M8,"Wet
(Months 7-9)"
CorteMadera,A,2,a,2023-01-18,2023-02-17,Winter,2023,0.045740423,NA,Feb,Scarped,East.facing,M8,"Wet
(Months 7-9)"
CorteMadera,A,2,b,2023-01-18,2023-02-17,Winter,2023,2.128073185,NA,Feb,Scarped,East.facing,M8,"Wet
(Months 7-9)"
CorteMadera,A,2,c,2023-01-18,2023-02-17,Winter,2023,NA,3.735632184,Feb,Scarped,East.facing,M8,"Wet
(Months 7-9)"
CorteMadera,A,6,a,2023-01-18,2023-02-17,Winter,2023,0.961692396,4.931367565,Feb,Scarped,East.facing,M8,"Wet
(Months 7-9)"
CorteMadera,A,6,b,2023-01-18,2023-02-17,Winter,2023,2.380217267,NA,Feb,Scarped,East.facing,M8,"Wet
(Months 7-9)"
CorteMadera,A,6,c,2023-01-18,2023-02-17,Winter,2023,2.218982276,NA,Feb,Scarped,East.facing,M8,"Wet
(Months 7-9)"
CorteMadera,A,12,a,2023-01-18,2023-02-17,Winter,2023,1.699256718,NA,Feb,Scarped,East.facing,M8,"Wet
(Months 7-9)"
CorteMadera,A,12,b,2023-01-18,2023-02-17,Winter,2023,1.922241281,7.760235483,Feb,Scarped,East.facing,M8,"Wet
(Months 7-9)"
CorteMadera,A,12,c,2023-01-18,2023-02-17,Winter,2023,1.243567753,NA,Feb,Scarped,East.facing,M8,"Wet
(Months 7-9)"
CorteMadera,A,18,a,2023-01-18,2023-02-17,Winter,2023,2.144082333,NA,Feb,Scarped,East.facing,M8,"Wet
(Months 7-9)"
CorteMadera,A,18,b,2023-01-18,2023-02-17,Winter,2023,1.688393368,NA,Feb,Scarped,East.facing,M8,"Wet
(Months 7-9)"
CorteMadera,A,18,c,2023-01-18,2023-02-17,Winter,2023,1.84219554,7.059974836,Feb,Scarped,East.facing,M8,"Wet
(Months 7-9)"
CorteMadera,A,24,a,2023-01-18,2023-02-17,Winter,2023,1.388793596,NA,Feb,Scarped,East.facing,M8,"Wet
(Months 7-9)"
CorteMadera,A,24,b,2023-01-18,2023-02-17,Winter,2023,1.203544883,6.497131338,Feb,Scarped,East.facing,M8,"Wet
(Months 7-9)"
CorteMadera,A,24,c,2023-01-18,2023-02-17,Winter,2023,1.818181818,NA,Feb,Scarped,East.facing,M8,"Wet
(Months 7-9)"
CorteMadera,A,30,a,2023-01-18,2023-02-17,Winter,2023,1.468839337,NA,Feb,Scarped,East.facing,M8,"Wet
(Months 7-9)"
CorteMadera,A,30,b,2023-01-18,2023-02-17,Winter,2023,1.616923957,NA,Feb,Scarped,East.facing,M8,"Wet
(Months 7-9)"
CorteMadera,A,30,c,2023-01-18,2023-02-17,Winter,2023,1.476843911,7.923416789,Feb,Scarped,East.facing,M8,"Wet
(Months 7-9)"
CorteMadera,A,48,a,2023-01-18,2023-02-17,Winter,2023,1.555174385,NA,Feb,Scarped,East.facing,M8,"Wet
(Months 7-9)"
CorteMadera,A,48,b,2023-01-18,2023-02-17,Winter,2023,0.9514008,6.452156334,Feb,Scarped,East.facing,M8,"Wet
(Months 7-9)"
CorteMadera,A,48,c,2023-01-18,2023-02-17,Winter,2023,1.53516295,NA,Feb,Scarped,East.facing,M8,"Wet
(Months 7-9)"
CorteMadera,B,0.5,a,2023-01-18,2023-02-17,Winter,2023,NA,NA,Feb,Scarped,East.facing,M8,"Wet
(Months 7-9)"
CorteMadera,B,0.5,b,2023-01-18,2023-02-17,Winter,2023,0,NA,Feb,Scarped,East.facing,M8,"Wet
(Months 7-9)"
CorteMadera,B,0.5,c,2023-01-18,2023-02-17,Winter,2023,NA,NA,Feb,Scarped,East.facing,M8,"Wet
(Months 7-9)"
CorteMadera,B,2,a,2023-01-18,2023-02-17,Winter,2023,NA,NA,Feb,Scarped,East.facing,M8,"Wet
(Months 7-9)"
CorteMadera,B,2,b,2023-01-18,2023-02-17,Winter,2023,4.417762531,NA,Feb,Scarped,East.facing,M8,"Wet
(Months 7-9)"
CorteMadera,B,2,c,2023-01-18,2023-02-17,Winter,2023,0.12864494,5.583756345,Feb,Scarped,East.facing,M8,"Wet
(Months 7-9)"
CorteMadera,B,6,a,2023-01-18,2023-02-17,Winter,2023,1.191538022,5.50747443,Feb,Scarped,East.facing,M8,"Wet
(Months 7-9)"
CorteMadera,B,6,b,2023-01-18,2023-02-17,Winter,2023,1.335048599,NA,Feb,Scarped,East.facing,M8,"Wet
(Months 7-9)"
CorteMadera,B,6,c,2023-01-18,2023-02-17,Winter,2023,1.720411664,NA,Feb,Scarped,East.facing,M8,"Wet
(Months 7-9)"
CorteMadera,B,12,a,2023-01-18,2023-02-17,Winter,2023,1.344768439,NA,Feb,Scarped,East.facing,M8,"Wet
(Months 7-9)"
CorteMadera,B,12,b,2023-01-18,2023-02-17,Winter,2023,2.076043453,NA,Feb,Scarped,East.facing,M8,"Wet
(Months 7-9)"
CorteMadera,B,12,c,2023-01-18,2023-02-17,Winter,2023,1.696397942,6.405744052,Feb,Scarped,East.facing,M8,"Wet
(Months 7-9)"
CorteMadera,B,18,a,2023-01-18,2023-02-17,Winter,2023,2.768439108,9.229197412,Feb,Scarped,East.facing,M8,"Wet
(Months 7-9)"
CorteMadera,B,18,b,2023-01-18,2023-02-17,Winter,2023,1.648370497,NA,Feb,Scarped,East.facing,M8,"Wet
(Months 7-9)"
CorteMadera,B,18,c,2023-01-18,2023-02-17,Winter,2023,1.945111492,NA,Feb,Scarped,East.facing,M8,"Wet
(Months 7-9)"
CorteMadera,B,24,a,2023-01-18,2023-02-17,Winter,2023,6.1189251,NA,Feb,Scarped,East.facing,M8,"Wet
(Months 7-9)"
CorteMadera,B,24,b,2023-01-18,2023-02-17,Winter,2023,6.219554031,NA,Feb,Scarped,East.facing,M8,"Wet
(Months 7-9)"
CorteMadera,B,24,c,2023-01-18,2023-02-17,Winter,2023,3.259576901,9.780720799,Feb,Scarped,East.facing,M8,"Wet
(Months 7-9)"
CorteMadera,B,30,a,2023-01-18,2023-02-17,Winter,2023,1.205831904,NA,Feb,Scarped,East.facing,M8,"Wet
(Months 7-9)"
CorteMadera,B,30,b,2023-01-18,2023-02-17,Winter,2023,2.576329331,NA,Feb,Scarped,East.facing,M8,"Wet
(Months 7-9)"
CorteMadera,B,30,c,2023-01-18,2023-02-17,Winter,2023,1.096054889,6.021505376,Feb,Scarped,East.facing,M8,"Wet
(Months 7-9)"
CorteMadera,B,48,a,2023-01-18,2023-02-17,Winter,2023,1.024013722,6.315968676,Feb,Scarped,East.facing,M8,"Wet
(Months 7-9)"
CorteMadera,B,48,b,2023-01-18,2023-02-17,Winter,2023,0.954831332,NA,Feb,Scarped,East.facing,M8,"Wet
(Months 7-9)"
CorteMadera,B,48,c,2023-01-18,2023-02-17,Winter,2023,1.035448828,NA,Feb,Scarped,East.facing,M8,"Wet
(Months 7-9)"
CorteMadera,C,0.5,a,2023-01-18,2023-02-17,Winter,2023,1.090909091,NA,Feb,Scarped,East.facing,M8,"Wet
(Months 7-9)"
CorteMadera,C,0.5,b,2023-01-18,2023-02-17,Winter,2023,NA,NA,Feb,Scarped,East.facing,M8,"Wet
(Months 7-9)"
CorteMadera,C,0.5,c,2023-01-18,2023-02-17,Winter,2023,1.039451115,5.810882198,Feb,Scarped,East.facing,M8,"Wet
(Months 7-9)"
CorteMadera,C,2,a,2023-01-18,2023-02-17,Winter,2023,1.29616924,NA,Feb,Scarped,East.facing,M8,"Wet
(Months 7-9)"
CorteMadera,C,2,b,2023-01-18,2023-02-17,Winter,2023,1.715837621,NA,Feb,Scarped,East.facing,M8,"Wet
(Months 7-9)"
CorteMadera,C,2,c,2023-01-18,2023-02-17,Winter,2023,3.083476272,6.582737651,Feb,Scarped,East.facing,M8,"Wet
(Months 7-9)"
CorteMadera,C,6,a,2023-01-18,2023-02-17,Winter,2023,1.918810749,NA,Feb,Scarped,East.facing,M8,"Wet
(Months 7-9)"
CorteMadera,C,6,b,2023-01-18,2023-02-17,Winter,2023,2.488850772,8.872051815,Feb,Scarped,East.facing,M8,"Wet
(Months 7-9)"
CorteMadera,C,6,c,2023-01-18,2023-02-17,Winter,2023,1.627787307,NA,Feb,Scarped,East.facing,M8,"Wet
(Months 7-9)"
CorteMadera,C,12,a,2023-01-18,2023-02-17,Winter,2023,1.902801601,7.08672467,Feb,Scarped,East.facing,M8,"Wet
(Months 7-9)"
CorteMadera,C,12,b,2023-01-18,2023-02-17,Winter,2023,1.047455689,NA,Feb,Scarped,East.facing,M8,"Wet
(Months 7-9)"
CorteMadera,C,12,c,2023-01-18,2023-02-17,Winter,2023,1.363064608,NA,Feb,Scarped,East.facing,M8,"Wet
(Months 7-9)"
CorteMadera,C,24,a,2023-01-18,2023-02-17,Winter,2023,1.293882218,NA,Feb,Scarped,East.facing,M8,"Wet
(Months 7-9)"
CorteMadera,C,24,b,2023-01-18,2023-02-17,Winter,2023,0.817038308,4.640825036,Feb,Scarped,East.facing,M8,"Wet
(Months 7-9)"
CorteMadera,C,24,c,2023-01-18,2023-02-17,Winter,2023,0.927387078,NA,Feb,Scarped,East.facing,M8,"Wet
(Months 7-9)"
CorteMadera,C,48,a,2023-01-18,2023-02-17,Winter,2023,1.176672384,5.966705126,Feb,Scarped,East.facing,M8,"Wet
(Months 7-9)"
CorteMadera,C,48,b,2023-01-18,2023-02-17,Winter,2023,0.970268725,NA,Feb,Scarped,East.facing,M8,"Wet
(Months 7-9)"
CorteMadera,C,48,c,2023-01-18,2023-02-17,Winter,2023,1.033161807,NA,Feb,Scarped,East.facing,M8,"Wet
(Months 7-9)"
CorteMadera,D,0.5,a,2023-01-18,2023-02-17,Winter,2023,1.293310463,4.352071419,Feb,Scarped,East.facing,M8,"Wet
(Months 7-9)"
CorteMadera,D,0.5,b,2023-01-18,2023-02-17,Winter,2023,0.91023442,NA,Feb,Scarped,East.facing,M8,"Wet
(Months 7-9)"
CorteMadera,D,0.5,c,2023-01-18,2023-02-17,Winter,2023,1.058319039,NA,Feb,Scarped,East.facing,M8,"Wet
(Months 7-9)"
CorteMadera,D,2,a,2023-01-18,2023-02-17,Winter,2023,1.072041166,4.74187935,Feb,Scarped,East.facing,M8,"Wet
(Months 7-9)"
CorteMadera,D,2,b,2023-01-18,2023-02-17,Winter,2023,1.039451115,NA,Feb,Scarped,East.facing,M8,"Wet
(Months 7-9)"
CorteMadera,D,2,c,2023-01-18,2023-02-17,Winter,2023,0.945111492,NA,Feb,Scarped,East.facing,M8,"Wet
(Months 7-9)"
CorteMadera,D,6,a,2023-01-18,2023-02-17,Winter,2023,1.194968553,NA,Feb,Scarped,East.facing,M8,"Wet
(Months 7-9)"
CorteMadera,D,6,b,2023-01-18,2023-02-17,Winter,2023,1.316180675,NA,Feb,Scarped,East.facing,M8,"Wet
(Months 7-9)"
CorteMadera,D,6,c,2023-01-18,2023-02-17,Winter,2023,0.942252716,4.954819277,Feb,Scarped,East.facing,M8,"Wet
(Months 7-9)"
CorteMadera,D,12,a,2023-01-18,2023-02-17,Winter,2023,1.134934248,5.038644471,Feb,Scarped,East.facing,M8,"Wet
(Months 7-9)"
CorteMadera,D,12,b,2023-01-18,2023-02-17,Winter,2023,0.943396226,NA,Feb,Scarped,East.facing,M8,"Wet
(Months 7-9)"
CorteMadera,D,12,c,2023-01-18,2023-02-17,Winter,2023,1.014293882,NA,Feb,Scarped,East.facing,M8,"Wet
(Months 7-9)"
CorteMadera,D,24,a,2023-01-18,2023-02-17,Winter,2023,0.822184105,NA,Feb,Scarped,East.facing,M8,"Wet
(Months 7-9)"
CorteMadera,D,24,b,2023-01-18,2023-02-17,Winter,2023,0.934248142,NA,Feb,Scarped,East.facing,M8,"Wet
(Months 7-9)"
CorteMadera,D,24,c,2023-01-18,2023-02-17,Winter,2023,1.01086335,5.408224076,Feb,Scarped,East.facing,M8,"Wet
(Months 7-9)"
CorteMadera,D,48,a,2023-01-18,2023-02-17,Winter,2023,0.807318468,5.38996139,Feb,Scarped,East.facing,M8,"Wet
(Months 7-9)"
CorteMadera,D,48,b,2023-01-18,2023-02-17,Winter,2023,0.884505432,NA,Feb,Scarped,East.facing,M8,"Wet
(Months 7-9)"
CorteMadera,D,48,c,2023-01-18,2023-02-17,Winter,2023,0.84105203,NA,Feb,Scarped,East.facing,M8,"Wet
(Months 7-9)"
SanPablo,A,0.5,b,2023-02-15,2023-03-23,Spring,2023,289.5156396,NA,Mar,Ramped,South.facing,M9,"Wet
(Months 7-9)"
SanPablo,A,0.5,c,2023-02-15,2023-03-23,Spring,2023,334.6825014,NA,Mar,Ramped,South.facing,M9,"Wet
(Months 7-9)"
SanPablo,A,0.5,a,2023-02-15,2023-03-23,Spring,2023,306.8800703,NA,Mar,Ramped,South.facing,M9,"Wet
(Months 7-9)"
SanPablo,A,2,b,2023-02-15,2023-03-23,Spring,2023,292.9352638,NA,Mar,Ramped,South.facing,M9,"Wet
(Months 7-9)"
SanPablo,A,2,c,2023-02-15,2023-03-23,Spring,2023,117.0237526,NA,Mar,Ramped,South.facing,M9,"Wet
(Months 7-9)"
SanPablo,A,2,a,2023-02-15,2023-03-23,Spring,2023,308.6160846,NA,Mar,Ramped,South.facing,M9,"Wet
(Months 7-9)"
SanPablo,A,6,b,2023-02-15,2023-03-23,Spring,2023,15.64604332,NA,Mar,Ramped,South.facing,M9,"Wet
(Months 7-9)"
SanPablo,A,6,c,2023-02-15,2023-03-23,Spring,2023,19.9732162,NA,Mar,Ramped,South.facing,M9,"Wet
(Months 7-9)"
SanPablo,A,6,a,2023-02-15,2023-03-23,Spring,2023,2.97418697,NA,Mar,Ramped,South.facing,M9,"Wet
(Months 7-9)"
SanPablo,A,9,b,2023-02-15,2023-03-23,Spring,2023,1.813668075,NA,Mar,Ramped,South.facing,M9,"Wet
(Months 7-9)"
SanPablo,A,9,c,2023-02-15,2023-03-23,Spring,2023,1.674081854,NA,Mar,Ramped,South.facing,M9,"Wet
(Months 7-9)"
SanPablo,A,9,a,2023-02-15,2023-03-23,Spring,2023,NA,NA,Mar,Ramped,South.facing,M9,"Wet
(Months 7-9)"
SanPablo,A,12,b,2023-02-15,2023-03-23,Spring,2023,1.944202631,NA,Mar,Ramped,South.facing,M9,"Wet
(Months 7-9)"
SanPablo,A,12,c,2023-02-15,2023-03-23,Spring,2023,1.978503682,NA,Mar,Ramped,South.facing,M9,"Wet
(Months 7-9)"
SanPablo,A,12,a,2023-02-15,2023-03-23,Spring,2023,NA,NA,Mar,Ramped,South.facing,M9,"Wet
(Months 7-9)"
SanPablo,A,18,b,2023-02-15,2023-03-23,Spring,2023,NA,NA,Mar,Ramped,South.facing,M9,"Wet
(Months 7-9)"
SanPablo,A,18,c,2023-02-15,2023-03-23,Spring,2023,NA,NA,Mar,Ramped,South.facing,M9,"Wet
(Months 7-9)"
SanPablo,A,18,a,2023-02-15,2023-03-23,Spring,2023,NA,NA,Mar,Ramped,South.facing,M9,"Wet
(Months 7-9)"
SanPablo,A,24,b,2023-02-15,2023-03-23,Spring,2023,2.285783931,NA,Mar,Ramped,South.facing,M9,"Wet
(Months 7-9)"
SanPablo,A,24,c,2023-02-15,2023-03-23,Spring,2023,1.098110038,NA,Mar,Ramped,South.facing,M9,"Wet
(Months 7-9)"
SanPablo,A,24,a,2023-02-15,2023-03-23,Spring,2023,2.782672768,NA,Mar,Ramped,South.facing,M9,"Wet
(Months 7-9)"
SanPablo,A,48,b,2023-02-15,2023-03-23,Spring,2023,1.715528957,NA,Mar,Ramped,South.facing,M9,"Wet
(Months 7-9)"
SanPablo,A,48,c,2023-02-15,2023-03-23,Spring,2023,1.806998427,NA,Mar,Ramped,South.facing,M9,"Wet
(Months 7-9)"
SanPablo,A,48,a,2023-02-15,2023-03-23,Spring,2023,1.244842312,NA,Mar,Ramped,South.facing,M9,"Wet
(Months 7-9)"
SanPablo,A,72,b,2023-02-15,2023-03-23,Spring,2023,24.31706319,NA,Mar,Ramped,South.facing,M9,"Wet
(Months 7-9)"
SanPablo,A,72,c,2023-02-15,2023-03-23,Spring,2023,31.35882203,NA,Mar,Ramped,South.facing,M9,"Wet
(Months 7-9)"
SanPablo,A,72,a,2023-02-15,2023-03-23,Spring,2023,33.38254515,NA,Mar,Ramped,South.facing,M9,"Wet
(Months 7-9)"
SanPablo,A,150,b,2023-02-15,2023-03-23,Spring,2023,5.69016325,NA,Mar,Ramped,South.facing,M9,"Wet
(Months 7-9)"
SanPablo,A,150,c,2023-02-15,2023-03-23,Spring,2023,4.477239972,NA,Mar,Ramped,South.facing,M9,"Wet
(Months 7-9)"
SanPablo,A,150,a,2023-02-15,2023-03-23,Spring,2023,3.252440292,NA,Mar,Ramped,South.facing,M9,"Wet
(Months 7-9)"
SanPablo,B,0.5,b,2023-02-15,2023-03-23,Spring,2023,53.01799127,NA,Mar,Ramped,South.facing,M9,"Wet
(Months 7-9)"
SanPablo,B,0.5,c,2023-02-15,2023-03-23,Spring,2023,37.2423662,NA,Mar,Ramped,South.facing,M9,"Wet
(Months 7-9)"
SanPablo,B,0.5,a,2023-02-15,2023-03-23,Spring,2023,38.88738744,NA,Mar,Ramped,South.facing,M9,"Wet
(Months 7-9)"
SanPablo,B,2,b,2023-02-15,2023-03-23,Spring,2023,35.41535883,NA,Mar,Ramped,South.facing,M9,"Wet
(Months 7-9)"
SanPablo,B,2,c,2023-02-15,2023-03-23,Spring,2023,30.3569066,NA,Mar,Ramped,South.facing,M9,"Wet
(Months 7-9)"
SanPablo,B,2,a,2023-02-15,2023-03-23,Spring,2023,28.48321169,NA,Mar,Ramped,South.facing,M9,"Wet
(Months 7-9)"
SanPablo,B,6,b,2023-02-15,2023-03-23,Spring,2023,4.217123668,NA,Mar,Ramped,South.facing,M9,"Wet
(Months 7-9)"
SanPablo,B,6,c,2023-02-15,2023-03-23,Spring,2023,25.98161698,NA,Mar,Ramped,South.facing,M9,"Wet
(Months 7-9)"
SanPablo,B,6,a,2023-02-15,2023-03-23,Spring,2023,19.36723096,NA,Mar,Ramped,South.facing,M9,"Wet
(Months 7-9)"
SanPablo,B,9,b,2023-02-15,2023-03-23,Spring,2023,2.46729366,NA,Mar,Ramped,South.facing,M9,"Wet
(Months 7-9)"
SanPablo,B,9,c,2023-02-15,2023-03-23,Spring,2023,2.286736738,NA,Mar,Ramped,South.facing,M9,"Wet
(Months 7-9)"
SanPablo,B,9,a,2023-02-15,2023-03-23,Spring,2023,NA,NA,Mar,Ramped,South.facing,M9,"Wet
(Months 7-9)"
SanPablo,B,12,b,2023-02-15,2023-03-23,Spring,2023,3.819326756,NA,Mar,Ramped,South.facing,M9,"Wet
(Months 7-9)"
SanPablo,B,12,c,2023-02-15,2023-03-23,Spring,2023,2.017092364,NA,Mar,Ramped,South.facing,M9,"Wet
(Months 7-9)"
SanPablo,B,12,a,2023-02-15,2023-03-23,Spring,2023,1.070955039,NA,Mar,Ramped,South.facing,M9,"Wet
(Months 7-9)"
SanPablo,B,18,b,2023-02-15,2023-03-23,Spring,2023,8.199380417,NA,Mar,Ramped,South.facing,M9,"Wet
(Months 7-9)"
SanPablo,B,18,c,2023-02-15,2023-03-23,Spring,2023,NA,NA,Mar,Ramped,South.facing,M9,"Wet
(Months 7-9)"
SanPablo,B,18,a,2023-02-15,2023-03-23,Spring,2023,31.82375294,NA,Mar,Ramped,South.facing,M9,"Wet
(Months 7-9)"
SanPablo,B,24,b,2023-02-15,2023-03-23,Spring,2023,4.758318029,NA,Mar,Ramped,South.facing,M9,"Wet
(Months 7-9)"
SanPablo,B,24,c,2023-02-15,2023-03-23,Spring,2023,4.210454019,NA,Mar,Ramped,South.facing,M9,"Wet
(Months 7-9)"
SanPablo,B,24,a,2023-02-15,2023-03-23,Spring,2023,2.378206208,NA,Mar,Ramped,South.facing,M9,"Wet
(Months 7-9)"
SanPablo,B,48,b,2023-02-15,2023-03-23,Spring,2023,1.829389391,4.691550026,Mar,Ramped,South.facing,M9,"Wet
(Months 7-9)"
SanPablo,B,48,c,2023-02-15,2023-03-23,Spring,2023,1.747924394,NA,Mar,Ramped,South.facing,M9,"Wet
(Months 7-9)"
SanPablo,B,48,a,2023-02-15,2023-03-23,Spring,2023,1.301057923,NA,Mar,Ramped,South.facing,M9,"Wet
(Months 7-9)"
SanPablo,B,72,b,2023-02-15,2023-03-23,Spring,2023,26.45087441,9.530313478,Mar,Ramped,South.facing,M9,"Wet
(Months 7-9)"
SanPablo,B,72,c,2023-02-15,2023-03-23,Spring,2023,31.97572565,NA,Mar,Ramped,South.facing,M9,"Wet
(Months 7-9)"
SanPablo,B,72,a,2023-02-15,2023-03-23,Spring,2023,37.01419454,9.561689603,Mar,Ramped,South.facing,M9,"Wet
(Months 7-9)"
SanPablo,B,150,b,2023-02-15,2023-03-23,Spring,2023,4.514875847,NA,Mar,Ramped,South.facing,M9,"Wet
(Months 7-9)"
SanPablo,B,150,c,2023-02-15,2023-03-23,Spring,2023,4.053555196,NA,Mar,Ramped,South.facing,M9,"Wet
(Months 7-9)"
SanPablo,B,150,a,2023-02-15,2023-03-23,Spring,2023,3.198096609,NA,Mar,Ramped,South.facing,M9,"Wet
(Months 7-9)"
SanPablo,C,0.5,b,2023-02-15,2023-03-23,Spring,2023,6.83639004,NA,Mar,Ramped,South.facing,M9,"Wet
(Months 7-9)"
SanPablo,C,0.5,c,2023-02-15,2023-03-23,Spring,2023,11.52229474,NA,Mar,Ramped,South.facing,M9,"Wet
(Months 7-9)"
SanPablo,C,0.5,a,2023-02-15,2023-03-23,Spring,2023,8.099812088,NA,Mar,Ramped,South.facing,M9,"Wet
(Months 7-9)"
SanPablo,C,2,b,2023-02-15,2023-03-23,Spring,2023,5.703978951,NA,Mar,Ramped,South.facing,M9,"Wet
(Months 7-9)"
SanPablo,C,2,c,2023-02-15,2023-03-23,Spring,2023,24.66674335,NA,Mar,Ramped,South.facing,M9,"Wet
(Months 7-9)"
SanPablo,C,2,a,2023-02-15,2023-03-23,Spring,2023,9.068816781,NA,Mar,Ramped,South.facing,M9,"Wet
(Months 7-9)"
SanPablo,C,6,b,2023-02-15,2023-03-23,Spring,2023,13.27450676,NA,Mar,Ramped,South.facing,M9,"Wet
(Months 7-9)"
SanPablo,C,6,c,2023-02-15,2023-03-23,Spring,2023,11.22025493,NA,Mar,Ramped,South.facing,M9,"Wet
(Months 7-9)"
SanPablo,C,6,a,2023-02-15,2023-03-23,Spring,2023,45.57275758,NA,Mar,Ramped,South.facing,M9,"Wet
(Months 7-9)"
SanPablo,C,12,b,2023-02-15,2023-03-23,Spring,2023,3.383417565,NA,Mar,Ramped,South.facing,M9,"Wet
(Months 7-9)"
SanPablo,C,12,c,2023-02-15,2023-03-23,Spring,2023,11.93486016,NA,Mar,Ramped,South.facing,M9,"Wet
(Months 7-9)"
SanPablo,C,12,a,2023-02-15,2023-03-23,Spring,2023,2.547329446,5.314480741,Mar,Ramped,South.facing,M9,"Wet
(Months 7-9)"
SanPablo,C,24,b,2023-02-15,2023-03-23,Spring,2023,76.74860177,NA,Mar,Ramped,South.facing,M9,"Wet
(Months 7-9)"
SanPablo,C,24,c,2023-02-15,2023-03-23,Spring,2023,14.02650967,NA,Mar,Ramped,South.facing,M9,"Wet
(Months 7-9)"
SanPablo,C,24,a,2023-02-15,2023-03-23,Spring,2023,NA,8.987341772,Mar,Ramped,South.facing,M9,"Wet
(Months 7-9)"
SanPablo,C,48,b,2023-02-15,2023-03-23,Spring,2023,2.244813231,NA,Mar,Ramped,South.facing,M9,"Wet
(Months 7-9)"
SanPablo,C,48,c,2023-02-15,2023-03-23,Spring,2023,1.795088339,NA,Mar,Ramped,South.facing,M9,"Wet
(Months 7-9)"
SanPablo,C,48,a,2023-02-15,2023-03-23,Spring,2023,1.56974949,NA,Mar,Ramped,South.facing,M9,"Wet
(Months 7-9)"
SanPablo,C,72,b,2023-02-15,2023-03-23,Spring,2023,17.19578387,12.23903237,Mar,Ramped,South.facing,M9,"Wet
(Months 7-9)"
SanPablo,C,72,c,2023-02-15,2023-03-23,Spring,2023,28.19260556,8.870547996,Mar,Ramped,South.facing,M9,"Wet
(Months 7-9)"
SanPablo,C,72,a,2023-02-15,2023-03-23,Spring,2023,7.391809136,NA,Mar,Ramped,South.facing,M9,"Wet
(Months 7-9)"
SanPablo,C,150,b,2023-02-15,2023-03-23,Spring,2023,5.519009029,NA,Mar,Ramped,South.facing,M9,"Wet
(Months 7-9)"
SanPablo,C,150,c,2023-02-15,2023-03-23,Spring,2023,5.514370363,NA,Mar,Ramped,South.facing,M9,"Wet
(Months 7-9)"
SanPablo,C,150,a,2023-02-15,2023-03-23,Spring,2023,2.534942955,NA,Mar,Ramped,South.facing,M9,"Wet
(Months 7-9)"
SanPablo,D,0.5,b,2023-02-15,2023-03-23,Spring,2023,11.12545063,NA,Mar,Ramped,South.facing,M9,"Wet
(Months 7-9)"
SanPablo,D,0.5,c,2023-02-15,2023-03-23,Spring,2023,8.995450644,NA,Mar,Ramped,South.facing,M9,"Wet
(Months 7-9)"
SanPablo,D,0.5,a,2023-02-15,2023-03-23,Spring,2023,64.50312654,NA,Mar,Ramped,South.facing,M9,"Wet
(Months 7-9)"
SanPablo,D,2,b,2023-02-15,2023-03-23,Spring,2023,54.00652851,NA,Mar,Ramped,South.facing,M9,"Wet
(Months 7-9)"
SanPablo,D,2,c,2023-02-15,2023-03-23,Spring,2023,107.37944039999999,NA,Mar,Ramped,South.facing,M9,"Wet
(Months 7-9)"
SanPablo,D,2,a,2023-02-15,2023-03-23,Spring,2023,10.62427417,NA,Mar,Ramped,South.facing,M9,"Wet
(Months 7-9)"
SanPablo,D,6,b,2023-02-15,2023-03-23,Spring,2023,33.97471468,NA,Mar,Ramped,South.facing,M9,"Wet
(Months 7-9)"
SanPablo,D,6,c,2023-02-15,2023-03-23,Spring,2023,14.54269285,NA,Mar,Ramped,South.facing,M9,"Wet
(Months 7-9)"
SanPablo,D,6,a,2023-02-15,2023-03-23,Spring,2023,21.78259664,NA,Mar,Ramped,South.facing,M9,"Wet
(Months 7-9)"
SanPablo,D,12,b,2023-02-15,2023-03-23,Spring,2023,9.075010026,NA,Mar,Ramped,South.facing,M9,"Wet
(Months 7-9)"
SanPablo,D,12,c,2023-02-15,2023-03-23,Spring,2023,7.996432531,NA,Mar,Ramped,South.facing,M9,"Wet
(Months 7-9)"
SanPablo,D,12,a,2023-02-15,2023-03-23,Spring,2023,14.42073355,NA,Mar,Ramped,South.facing,M9,"Wet
(Months 7-9)"
SanPablo,D,24,b,2023-02-15,2023-03-23,Spring,2023,40.04547668,7.895251124,Mar,Ramped,South.facing,M9,"Wet
(Months 7-9)"
SanPablo,D,24,c,2023-02-15,2023-03-23,Spring,2023,10.24539728,NA,Mar,Ramped,South.facing,M9,"Wet
(Months 7-9)"
SanPablo,D,24,a,2023-02-15,2023-03-23,Spring,2023,17.17529852,NA,Mar,Ramped,South.facing,M9,"Wet
(Months 7-9)"
SanPablo,D,48,b,2023-02-15,2023-03-23,Spring,2023,1.680275099,13.39517255,Mar,Ramped,South.facing,M9,"Wet
(Months 7-9)"
SanPablo,D,48,c,2023-02-15,2023-03-23,Spring,2023,1.505911423,9.579900992,Mar,Ramped,South.facing,M9,"Wet
(Months 7-9)"
SanPablo,D,48,a,2023-02-15,2023-03-23,Spring,2023,2.392021909,NA,Mar,Ramped,South.facing,M9,"Wet
(Months 7-9)"
SanPablo,D,72,b,2023-02-15,2023-03-23,Spring,2023,36.19142011,NA,Mar,Ramped,South.facing,M9,"Wet
(Months 7-9)"
SanPablo,D,72,c,2023-02-15,2023-03-23,Spring,2023,43.68756092,8.972580112,Mar,Ramped,South.facing,M9,"Wet
(Months 7-9)"
SanPablo,D,72,a,2023-02-15,2023-03-23,Spring,2023,30.30354941,NA,Mar,Ramped,South.facing,M9,"Wet
(Months 7-9)"
SanPablo,D,150,b,2023-02-15,2023-03-23,Spring,2023,4.778803379,NA,Mar,Ramped,South.facing,M9,"Wet
(Months 7-9)"
SanPablo,D,150,c,2023-02-15,2023-03-23,Spring,2023,3.548253172,NA,Mar,Ramped,South.facing,M9,"Wet
(Months 7-9)"
SanPablo,D,150,a,2023-02-15,2023-03-23,Spring,2023,8.843954335,NA,Mar,Ramped,South.facing,M9,"Wet
(Months 7-9)"
CorteMadera,A,0.5,a,2023-02-17,2023-03-23,Spring,2023,NA,NA,Mar,Scarped,East.facing,M9,"Wet
(Months 7-9)"
CorteMadera,A,0.5,b,2023-02-17,2023-03-23,Spring,2023,NA,NA,Mar,Scarped,East.facing,M9,"Wet
(Months 7-9)"
CorteMadera,A,0.5,c,2023-02-17,2023-03-23,Spring,2023,NA,NA,Mar,Scarped,East.facing,M9,"Wet
(Months 7-9)"
CorteMadera,A,2,a,2023-02-17,2023-03-23,Spring,2023,NA,NA,Mar,Scarped,East.facing,M9,"Wet
(Months 7-9)"
CorteMadera,A,2,b,2023-02-17,2023-03-23,Spring,2023,NA,NA,Mar,Scarped,East.facing,M9,"Wet
(Months 7-9)"
CorteMadera,A,2,c,2023-02-17,2023-03-23,Spring,2023,NA,NA,Mar,Scarped,East.facing,M9,"Wet
(Months 7-9)"
CorteMadera,A,6,a,2023-02-17,2023-03-23,Spring,2023,1.549288669,6.934993485,Mar,Scarped,East.facing,M9,"Wet
(Months 7-9)"
CorteMadera,A,6,b,2023-02-17,2023-03-23,Spring,2023,3.629300777,NA,Mar,Scarped,East.facing,M9,"Wet
(Months 7-9)"
CorteMadera,A,6,c,2023-02-17,2023-03-23,Spring,2023,2.582988599,NA,Mar,Scarped,East.facing,M9,"Wet
(Months 7-9)"
CorteMadera,A,12,a,2023-02-17,2023-03-23,Spring,2023,4.342649581,NA,Mar,Scarped,East.facing,M9,"Wet
(Months 7-9)"
CorteMadera,A,12,b,2023-02-17,2023-03-23,Spring,2023,3.750882857,6.502042992,Mar,Scarped,East.facing,M9,"Wet
(Months 7-9)"
CorteMadera,A,12,c,2023-02-17,2023-03-23,Spring,2023,0.663908788,NA,Mar,Scarped,East.facing,M9,"Wet
(Months 7-9)"
CorteMadera,A,18,a,2023-02-17,2023-03-23,Spring,2023,4.466249622,5.989500477,Mar,Scarped,East.facing,M9,"Wet
(Months 7-9)"
CorteMadera,A,18,b,2023-02-17,2023-03-23,Spring,2023,3.271617395,NA,Mar,Scarped,East.facing,M9,"Wet
(Months 7-9)"
CorteMadera,A,18,c,2023-02-17,2023-03-23,Spring,2023,3.640904046,NA,Mar,Scarped,East.facing,M9,"Wet
(Months 7-9)"
CorteMadera,A,24,a,2023-02-17,2023-03-23,Spring,2023,2.382706084,NA,Mar,Scarped,East.facing,M9,"Wet
(Months 7-9)"
CorteMadera,A,24,b,2023-02-17,2023-03-23,Spring,2023,2.763596004,4.411925303,Mar,Scarped,East.facing,M9,"Wet
(Months 7-9)"
CorteMadera,A,24,c,2023-02-17,2023-03-23,Spring,2023,7.111290485,NA,Mar,Scarped,East.facing,M9,"Wet
(Months 7-9)"
CorteMadera,A,30,a,2023-02-17,2023-03-23,Spring,2023,21.91504389,NA,Mar,Scarped,East.facing,M9,"Wet
(Months 7-9)"
CorteMadera,A,30,b,2023-02-17,2023-03-23,Spring,2023,2.033094541,NA,Mar,Scarped,East.facing,M9,"Wet
(Months 7-9)"
CorteMadera,A,30,c,2023-02-17,2023-03-23,Spring,2023,9.761880739,7.382246377,Mar,Scarped,East.facing,M9,"Wet
(Months 7-9)"
CorteMadera,A,48,a,2023-02-17,2023-03-23,Spring,2023,4.935593448,NA,Mar,Scarped,East.facing,M9,"Wet
(Months 7-9)"
CorteMadera,A,48,b,2023-02-17,2023-03-23,Spring,2023,3.314499041,NA,Mar,Scarped,East.facing,M9,"Wet
(Months 7-9)"
CorteMadera,A,48,c,2023-02-17,2023-03-23,Spring,2023,4.783573807,5.606285836,Mar,Scarped,East.facing,M9,"Wet
(Months 7-9)"
CorteMadera,B,0.5,a,2023-02-17,2023-03-23,Spring,2023,NA,NA,Mar,Scarped,East.facing,M9,"Wet
(Months 7-9)"
CorteMadera,B,0.5,b,2023-02-17,2023-03-23,Spring,2023,NA,NA,Mar,Scarped,East.facing,M9,"Wet
(Months 7-9)"
CorteMadera,B,0.5,c,2023-02-17,2023-03-23,Spring,2023,NA,NA,Mar,Scarped,East.facing,M9,"Wet
(Months 7-9)"
CorteMadera,B,2,a,2023-02-17,2023-03-23,Spring,2023,NA,NA,Mar,Scarped,East.facing,M9,"Wet
(Months 7-9)"
CorteMadera,B,2,b,2023-02-17,2023-03-23,Spring,2023,NA,NA,Mar,Scarped,East.facing,M9,"Wet
(Months 7-9)"
CorteMadera,B,2,c,2023-02-17,2023-03-23,Spring,2023,NA,NA,Mar,Scarped,East.facing,M9,"Wet
(Months 7-9)"
CorteMadera,B,6,a,2023-02-17,2023-03-23,Spring,2023,23.56977096,NA,Mar,Scarped,East.facing,M9,"Wet
(Months 7-9)"
CorteMadera,B,6,b,2023-02-17,2023-03-23,Spring,2023,21.10785995,NA,Mar,Scarped,East.facing,M9,"Wet
(Months 7-9)"
CorteMadera,B,6,c,2023-02-17,2023-03-23,Spring,2023,0.966378547,5.880447108,Mar,Scarped,East.facing,M9,"Wet
(Months 7-9)"
CorteMadera,B,12,a,2023-02-17,2023-03-23,Spring,2023,3.241708347,NA,Mar,Scarped,East.facing,M9,"Wet
(Months 7-9)"
CorteMadera,B,12,b,2023-02-17,2023-03-23,Spring,2023,14.86731914,NA,Mar,Scarped,East.facing,M9,"Wet
(Months 7-9)"
CorteMadera,B,12,c,2023-02-17,2023-03-23,Spring,2023,23.61013016,4.561970125,Mar,Scarped,East.facing,M9,"Wet
(Months 7-9)"
CorteMadera,B,18,a,2023-02-17,2023-03-23,Spring,2023,115.1700131,NA,Mar,Scarped,East.facing,M9,"Wet
(Months 7-9)"
CorteMadera,B,18,b,2023-02-17,2023-03-23,Spring,2023,4.382504288,5.975367501,Mar,Scarped,East.facing,M9,"Wet
(Months 7-9)"
CorteMadera,B,18,c,2023-02-17,2023-03-23,Spring,2023,2.703057209,NA,Mar,Scarped,East.facing,M9,"Wet
(Months 7-9)"
CorteMadera,B,24,a,2023-02-17,2023-03-23,Spring,2023,6.097265664,NA,Mar,Scarped,East.facing,M9,"Wet
(Months 7-9)"
CorteMadera,B,24,b,2023-02-17,2023-03-23,Spring,2023,13.869438,6.359865692,Mar,Scarped,East.facing,M9,"Wet
(Months 7-9)"
CorteMadera,B,24,c,2023-02-17,2023-03-23,Spring,2023,17.81959439,NA,Mar,Scarped,East.facing,M9,"Wet
(Months 7-9)"
CorteMadera,B,30,a,2023-02-17,2023-03-23,Spring,2023,4.152456866,NA,Mar,Scarped,East.facing,M9,"Wet
(Months 7-9)"
CorteMadera,B,30,b,2023-02-17,2023-03-23,Spring,2023,3.739279588,5.39031836,Mar,Scarped,East.facing,M9,"Wet
(Months 7-9)"
CorteMadera,B,30,c,2023-02-17,2023-03-23,Spring,2023,5.782085561,NA,Mar,Scarped,East.facing,M9,"Wet
(Months 7-9)"
CorteMadera,B,48,a,2023-02-17,2023-03-23,Spring,2023,5.38795278,NA,Mar,Scarped,East.facing,M9,"Wet
(Months 7-9)"
CorteMadera,B,48,b,2023-02-17,2023-03-23,Spring,2023,5.718754054,7.360091524,Mar,Scarped,East.facing,M9,"Wet
(Months 7-9)"
CorteMadera,B,48,c,2023-02-17,2023-03-23,Spring,2023,3.07789325,NA,Mar,Scarped,East.facing,M9,"Wet
(Months 7-9)"
CorteMadera,C,0.5,a,2023-02-17,2023-03-23,Spring,2023,13.55060034,4.378622022,Mar,Scarped,East.facing,M9,"Wet
(Months 7-9)"
CorteMadera,C,0.5,b,2023-02-17,2023-03-23,Spring,2023,11.07859954,NA,Mar,Scarped,East.facing,M9,"Wet
(Months 7-9)"
CorteMadera,C,0.5,c,2023-02-17,2023-03-23,Spring,2023,5.783697127,NA,Mar,Scarped,East.facing,M9,"Wet
(Months 7-9)"
CorteMadera,C,2,a,2023-02-17,2023-03-23,Spring,2023,10.41771769,4.556550041,Mar,Scarped,East.facing,M9,"Wet
(Months 7-9)"
CorteMadera,C,2,b,2023-02-17,2023-03-23,Spring,2023,23.46887297,NA,Mar,Scarped,East.facing,M9,"Wet
(Months 7-9)"
CorteMadera,C,2,c,2023-02-17,2023-03-23,Spring,2023,30.12309555,NA,Mar,Scarped,East.facing,M9,"Wet
(Months 7-9)"
CorteMadera,C,6,a,2023-02-17,2023-03-23,Spring,2023,5.876299062,NA,Mar,Scarped,East.facing,M9,"Wet
(Months 7-9)"
CorteMadera,C,6,b,2023-02-17,2023-03-23,Spring,2023,7.556250631,NA,Mar,Scarped,East.facing,M9,"Wet
(Months 7-9)"
CorteMadera,C,6,c,2023-02-17,2023-03-23,Spring,2023,7.142136443,7.231638418,Mar,Scarped,East.facing,M9,"Wet
(Months 7-9)"
CorteMadera,C,12,a,2023-02-17,2023-03-23,Spring,2023,8.492583998,NA,Mar,Scarped,East.facing,M9,"Wet
(Months 7-9)"
CorteMadera,C,12,b,2023-02-17,2023-03-23,Spring,2023,5.689637776,NA,Mar,Scarped,East.facing,M9,"Wet
(Months 7-9)"
CorteMadera,C,12,c,2023-02-17,2023-03-23,Spring,2023,13.93199475,-17.89760806,Mar,Scarped,East.facing,M9,"Wet
(Months 7-9)"
CorteMadera,C,24,a,2023-02-17,2023-03-23,Spring,2023,2.369589345,6.426868457,Mar,Scarped,East.facing,M9,"Wet
(Months 7-9)"
CorteMadera,C,24,b,2023-02-17,2023-03-23,Spring,2023,17.54616083,NA,Mar,Scarped,East.facing,M9,"Wet
(Months 7-9)"
CorteMadera,C,24,c,2023-02-17,2023-03-23,Spring,2023,5.002858776,NA,Mar,Scarped,East.facing,M9,"Wet
(Months 7-9)"
CorteMadera,C,48,a,2023-02-17,2023-03-23,Spring,2023,4.237715669,7.334261354,Mar,Scarped,East.facing,M9,"Wet
(Months 7-9)"
CorteMadera,C,48,b,2023-02-17,2023-03-23,Spring,2023,3.190058185,NA,Mar,Scarped,East.facing,M9,"Wet
(Months 7-9)"
CorteMadera,C,48,c,2023-02-17,2023-03-23,Spring,2023,7.6985168,NA,Mar,Scarped,East.facing,M9,"Wet
(Months 7-9)"
CorteMadera,D,0.5,a,2023-02-17,2023-03-23,Spring,2023,5.174049036,NA,Mar,Scarped,East.facing,M9,"Wet
(Months 7-9)"
CorteMadera,D,0.5,b,2023-02-17,2023-03-23,Spring,2023,5.040359197,6.188903121,Mar,Scarped,East.facing,M9,"Wet
(Months 7-9)"
CorteMadera,D,0.5,c,2023-02-17,2023-03-23,Spring,2023,27.97901322,NA,Mar,Scarped,East.facing,M9,"Wet
(Months 7-9)"
CorteMadera,D,2,a,2023-02-17,2023-03-23,Spring,2023,4.888003229,NA,Mar,Scarped,East.facing,M9,"Wet
(Months 7-9)"
CorteMadera,D,2,b,2023-02-17,2023-03-23,Spring,2023,1.940268389,6.563354603,Mar,Scarped,East.facing,M9,"Wet
(Months 7-9)"
CorteMadera,D,2,c,2023-02-17,2023-03-23,Spring,2023,8.472404399,NA,Mar,Scarped,East.facing,M9,"Wet
(Months 7-9)"
CorteMadera,D,6,a,2023-02-17,2023-03-23,Spring,2023,20.01311674,NA,Mar,Scarped,East.facing,M9,"Wet
(Months 7-9)"
CorteMadera,D,6,b,2023-02-17,2023-03-23,Spring,2023,4.575723943,6.670665867,Mar,Scarped,East.facing,M9,"Wet
(Months 7-9)"
CorteMadera,D,6,c,2023-02-17,2023-03-23,Spring,2023,6.527091111,NA,Mar,Scarped,East.facing,M9,"Wet
(Months 7-9)"
CorteMadera,D,12,a,2023-02-17,2023-03-23,Spring,2023,5.145797599,NA,Mar,Scarped,East.facing,M9,"Wet
(Months 7-9)"
CorteMadera,D,12,b,2023-02-17,2023-03-23,Spring,2023,24.52325699,7.541050071,Mar,Scarped,East.facing,M9,"Wet
(Months 7-9)"
CorteMadera,D,12,c,2023-02-17,2023-03-23,Spring,2023,4.519725557,NA,Mar,Scarped,East.facing,M9,"Wet
(Months 7-9)"
CorteMadera,D,24,a,2023-02-17,2023-03-23,Spring,2023,17.74291192,7.995735608,Mar,Scarped,East.facing,M9,"Wet
(Months 7-9)"
CorteMadera,D,24,b,2023-02-17,2023-03-23,Spring,2023,2.810513571,NA,Mar,Scarped,East.facing,M9,"Wet
(Months 7-9)"
CorteMadera,D,24,c,2023-02-17,2023-03-23,Spring,2023,1.563414388,NA,Mar,Scarped,East.facing,M9,"Wet
(Months 7-9)"
CorteMadera,D,48,a,2023-02-17,2023-03-23,Spring,2023,23.32257088,NA,Mar,Scarped,East.facing,M9,"Wet
(Months 7-9)"
CorteMadera,D,48,b,2023-02-17,2023-03-23,Spring,2023,4.551220145,8.567223799,Mar,Scarped,East.facing,M9,"Wet
(Months 7-9)"
CorteMadera,D,48,c,2023-02-17,2023-03-23,Spring,2023,8.055443447,NA,Mar,Scarped,East.facing,M9,"Wet
(Months 7-9)"
CorteMadera,A,0.5,a,2023-03-23,2023-04-20,Spring,2023,NA,NA,Apr,Scarped,East.facing,M10,"Growth
(Months 10-12)"
CorteMadera,A,0.5,b,2023-03-23,2023-04-20,Spring,2023,NA,NA,Apr,Scarped,East.facing,M10,"Growth
(Months 10-12)"
CorteMadera,A,0.5,c,2023-03-23,2023-04-20,Spring,2023,NA,NA,Apr,Scarped,East.facing,M10,"Growth
(Months 10-12)"
CorteMadera,A,2,a,2023-03-23,2023-04-20,Spring,2023,1.886792453,NA,Apr,Scarped,East.facing,M10,"Growth
(Months 10-12)"
CorteMadera,A,2,b,2023-03-23,2023-04-20,Spring,2023,NA,NA,Apr,Scarped,East.facing,M10,"Growth
(Months 10-12)"
CorteMadera,A,2,c,2023-03-23,2023-04-20,Spring,2023,3.519358,5.004721435,Apr,Scarped,East.facing,M10,"Growth
(Months 10-12)"
CorteMadera,A,6,a,2023-03-23,2023-04-20,Spring,2023,0.799436413,4.850746269,Apr,Scarped,East.facing,M10,"Growth
(Months 10-12)"
CorteMadera,A,6,b,2023-03-23,2023-04-20,Spring,2023,0.728375398,NA,Apr,Scarped,East.facing,M10,"Growth
(Months 10-12)"
CorteMadera,A,6,c,2023-03-23,2023-04-20,Spring,2023,0.846606224,NA,Apr,Scarped,East.facing,M10,"Growth
(Months 10-12)"
CorteMadera,A,12,a,2023-03-23,2023-04-20,Spring,2023,1.100220534,5.201443175,Apr,Scarped,East.facing,M10,"Growth
(Months 10-12)"
CorteMadera,A,12,b,2023-03-23,2023-04-20,Spring,2023,1.587233521,NA,Apr,Scarped,East.facing,M10,"Growth
(Months 10-12)"
CorteMadera,A,12,c,2023-03-23,2023-04-20,Spring,2023,0.754716981,NA,Apr,Scarped,East.facing,M10,"Growth
(Months 10-12)"
CorteMadera,A,18,a,2023-03-23,2023-04-20,Spring,2023,0.750428816,NA,Apr,Scarped,East.facing,M10,"Growth
(Months 10-12)"
CorteMadera,A,18,b,2023-03-23,2023-04-20,Spring,2023,0.847831414,7.664999193,Apr,Scarped,East.facing,M10,"Growth
(Months 10-12)"
CorteMadera,A,18,c,2023-03-23,2023-04-20,Spring,2023,0.805562362,NA,Apr,Scarped,East.facing,M10,"Growth
(Months 10-12)"
CorteMadera,A,24,a,2023-03-23,2023-04-20,Spring,2023,3.328228375,8.387346425,Apr,Scarped,East.facing,M10,"Growth
(Months 10-12)"
CorteMadera,A,24,b,2023-03-23,2023-04-20,Spring,2023,2.642734624,NA,Apr,Scarped,East.facing,M10,"Growth
(Months 10-12)"
CorteMadera,A,24,c,2023-03-23,2023-04-20,Spring,2023,1.021195785,NA,Apr,Scarped,East.facing,M10,"Growth
(Months 10-12)"
CorteMadera,A,30,a,2023-03-23,2023-04-20,Spring,2023,0.79798553,NA,Apr,Scarped,East.facing,M10,"Growth
(Months 10-12)"
CorteMadera,A,30,b,2023-03-23,2023-04-20,Spring,2023,1.051825533,NA,Apr,Scarped,East.facing,M10,"Growth
(Months 10-12)"
CorteMadera,A,30,c,2023-03-23,2023-04-20,Spring,2023,2.064767407,8.506922789,Apr,Scarped,East.facing,M10,"Growth
(Months 10-12)"
CorteMadera,A,48,a,2023-03-23,2023-04-20,Spring,2023,1.079392306,NA,Apr,Scarped,East.facing,M10,"Growth
(Months 10-12)"
CorteMadera,A,48,b,2023-03-23,2023-04-20,Spring,2023,0.96606224,4.915992533,Apr,Scarped,East.facing,M10,"Growth
(Months 10-12)"
CorteMadera,A,48,c,2023-03-23,2023-04-20,Spring,2023,16.44511149,NA,Apr,Scarped,East.facing,M10,"Growth
(Months 10-12)"
CorteMadera,B,0.5,a,2023-03-23,2023-04-20,Spring,2023,NA,NA,Apr,Scarped,East.facing,M10,"Growth
(Months 10-12)"
CorteMadera,B,0.5,b,2023-03-23,2023-04-20,Spring,2023,NA,NA,Apr,Scarped,East.facing,M10,"Growth
(Months 10-12)"
CorteMadera,B,0.5,c,2023-03-23,2023-04-20,Spring,2023,NA,NA,Apr,Scarped,East.facing,M10,"Growth
(Months 10-12)"
CorteMadera,B,2,a,2023-03-23,2023-04-20,Spring,2023,NA,NA,Apr,Scarped,East.facing,M10,"Growth
(Months 10-12)"
CorteMadera,B,2,b,2023-03-23,2023-04-20,Spring,2023,NA,NA,Apr,Scarped,East.facing,M10,"Growth
(Months 10-12)"
CorteMadera,B,2,c,2023-03-23,2023-04-20,Spring,2023,NA,NA,Apr,Scarped,East.facing,M10,"Growth
(Months 10-12)"
CorteMadera,B,6,a,2023-03-23,2023-04-20,Spring,2023,0.63954913,4.840032814,Apr,Scarped,East.facing,M10,"Growth
(Months 10-12)"
CorteMadera,B,6,b,2023-03-23,2023-04-20,Spring,2023,0.763577951,NA,Apr,Scarped,East.facing,M10,"Growth
(Months 10-12)"
CorteMadera,B,6,c,2023-03-23,2023-04-20,Spring,2023,0.944008821,NA,Apr,Scarped,East.facing,M10,"Growth
(Months 10-12)"
CorteMadera,B,12,a,2023-03-23,2023-04-20,Spring,2023,0.668341093,NA,Apr,Scarped,East.facing,M10,"Growth
(Months 10-12)"
CorteMadera,B,12,b,2023-03-23,2023-04-20,Spring,2023,1.153935439,NA,Apr,Scarped,East.facing,M10,"Growth
(Months 10-12)"
CorteMadera,B,12,c,2023-03-23,2023-04-20,Spring,2023,0.924405783,4.679186228,Apr,Scarped,East.facing,M10,"Growth
(Months 10-12)"
CorteMadera,B,18,a,2023-03-23,2023-04-20,Spring,2023,2.530661989,12.13428138,Apr,Scarped,East.facing,M10,"Growth
(Months 10-12)"
CorteMadera,B,18,b,2023-03-23,2023-04-20,Spring,2023,0.995466797,NA,Apr,Scarped,East.facing,M10,"Growth
(Months 10-12)"
CorteMadera,B,18,c,2023-03-23,2023-04-20,Spring,2023,0.884859375,NA,Apr,Scarped,East.facing,M10,"Growth
(Months 10-12)"
CorteMadera,B,24,a,2023-03-23,2023-04-20,Spring,2023,3.980029405,NA,Apr,Scarped,East.facing,M10,"Growth
(Months 10-12)"
CorteMadera,B,24,b,2023-03-23,2023-04-20,Spring,2023,4.960793923,11.7058115,Apr,Scarped,East.facing,M10,"Growth
(Months 10-12)"
CorteMadera,B,24,c,2023-03-23,2023-04-20,Spring,2023,9.697990689,NA,Apr,Scarped,East.facing,M10,"Growth
(Months 10-12)"
CorteMadera,B,30,a,2023-03-23,2023-04-20,Spring,2023,0.614529463,4.870466321,Apr,Scarped,East.facing,M10,"Growth
(Months 10-12)"
CorteMadera,B,30,b,2023-03-23,2023-04-20,Spring,2023,0.718097416,NA,Apr,Scarped,East.facing,M10,"Growth
(Months 10-12)"
CorteMadera,B,30,c,2023-03-23,2023-04-20,Spring,2023,0.391340069,NA,Apr,Scarped,East.facing,M10,"Growth
(Months 10-12)"
CorteMadera,B,48,a,2023-03-23,2023-04-20,Spring,2023,0.282406273,5.963912631,Apr,Scarped,East.facing,M10,"Growth
(Months 10-12)"
CorteMadera,B,48,b,2023-03-23,2023-04-20,Spring,2023,0.813526097,NA,Apr,Scarped,East.facing,M10,"Growth
(Months 10-12)"
CorteMadera,B,48,c,2023-03-23,2023-04-20,Spring,2023,0.536020583,NA,Apr,Scarped,East.facing,M10,"Growth
(Months 10-12)"
CorteMadera,C,0.5,a,2023-03-23,2023-04-20,Spring,2023,0.664181896,NA,Apr,Scarped,East.facing,M10,"Growth
(Months 10-12)"
CorteMadera,C,0.5,b,2023-03-23,2023-04-20,Spring,2023,0.796064046,NA,Apr,Scarped,East.facing,M10,"Growth
(Months 10-12)"
CorteMadera,C,0.5,c,2023-03-23,2023-04-20,Spring,2023,1.259495222,4.813359528,Apr,Scarped,East.facing,M10,"Growth
(Months 10-12)"
CorteMadera,C,2,a,2023-03-23,2023-04-20,Spring,2023,0.966932769,6.814839026,Apr,Scarped,East.facing,M10,"Growth
(Months 10-12)"
CorteMadera,C,2,b,2023-03-23,2023-04-20,Spring,2023,0.387296142,NA,Apr,Scarped,East.facing,M10,"Growth
(Months 10-12)"
CorteMadera,C,2,c,2023-03-23,2023-04-20,Spring,2023,1.186822115,NA,Apr,Scarped,East.facing,M10,"Growth
(Months 10-12)"
CorteMadera,C,6,a,2023-03-23,2023-04-20,Spring,2023,1.28399902,5.750752904,Apr,Scarped,East.facing,M10,"Growth
(Months 10-12)"
CorteMadera,C,6,b,2023-03-23,2023-04-20,Spring,2023,1.361185984,NA,Apr,Scarped,East.facing,M10,"Growth
(Months 10-12)"
CorteMadera,C,6,c,2023-03-23,2023-04-20,Spring,2023,1.33496197,NA,Apr,Scarped,East.facing,M10,"Growth
(Months 10-12)"
CorteMadera,C,12,a,2023-03-23,2023-04-20,Spring,2023,1.771624602,7.301948874,Apr,Scarped,East.facing,M10,"Growth
(Months 10-12)"
CorteMadera,C,12,b,2023-03-23,2023-04-20,Spring,2023,1.21600098,NA,Apr,Scarped,East.facing,M10,"Growth
(Months 10-12)"
CorteMadera,C,12,c,2023-03-23,2023-04-20,Spring,2023,1.315853957,NA,Apr,Scarped,East.facing,M10,"Growth
(Months 10-12)"
CorteMadera,C,24,a,2023-03-23,2023-04-20,Spring,2023,0.675710796,NA,Apr,Scarped,East.facing,M10,"Growth
(Months 10-12)"
CorteMadera,C,24,b,2023-03-23,2023-04-20,Spring,2023,0.290370007,5.5158512,Apr,Scarped,East.facing,M10,"Growth
(Months 10-12)"
CorteMadera,C,24,c,2023-03-23,2023-04-20,Spring,2023,0.486363265,NA,Apr,Scarped,East.facing,M10,"Growth
(Months 10-12)"
CorteMadera,C,48,a,2023-03-23,2023-04-20,Spring,2023,1.364861554,NA,Apr,Scarped,East.facing,M10,"Growth
(Months 10-12)"
CorteMadera,C,48,b,2023-03-23,2023-04-20,Spring,2023,0.968512619,NA,Apr,Scarped,East.facing,M10,"Growth
(Months 10-12)"
CorteMadera,C,48,c,2023-03-23,2023-04-20,Spring,2023,1.02303357,-143.3433283,Apr,Scarped,East.facing,M10,"Growth
(Months 10-12)"
CorteMadera,D,0.5,a,2023-03-23,2023-04-20,Spring,2023,0.662215143,5.273731793,Apr,Scarped,East.facing,M10,"Growth
(Months 10-12)"
CorteMadera,D,0.5,b,2023-03-23,2023-04-20,Spring,2023,0.632197991,NA,Apr,Scarped,East.facing,M10,"Growth
(Months 10-12)"
CorteMadera,D,2,a,2023-03-23,2023-04-20,Spring,2023,0.69897084,NA,Apr,Scarped,East.facing,M10,"Growth
(Months 10-12)"
CorteMadera,D,2,b,2023-03-23,2023-04-20,Spring,2023,0.544596913,5.23640061,Apr,Scarped,East.facing,M10,"Growth
(Months 10-12)"
CorteMadera,D,2,c,2023-03-23,2023-04-20,Spring,2023,0.568488116,NA,Apr,Scarped,East.facing,M10,"Growth
(Months 10-12)"
CorteMadera,D,6,a,2023-03-23,2023-04-20,Spring,2023,0.386547415,5.549607423,Apr,Scarped,East.facing,M10,"Growth
(Months 10-12)"
CorteMadera,D,6,b,2023-03-23,2023-04-20,Spring,2023,0.485787797,NA,Apr,Scarped,East.facing,M10,"Growth
(Months 10-12)"
CorteMadera,D,6,c,2023-03-23,2023-04-20,Spring,2023,0.623009066,NA,Apr,Scarped,East.facing,M10,"Growth
(Months 10-12)"
CorteMadera,D,12,a,2023-03-23,2023-04-20,Spring,2023,0.57155109,NA,Apr,Scarped,East.facing,M10,"Growth
(Months 10-12)"
CorteMadera,D,12,b,2023-03-23,2023-04-20,Spring,2023,0.685493752,5.626431142,Apr,Scarped,East.facing,M10,"Growth
(Months 10-12)"
CorteMadera,D,12,c,2023-03-23,2023-04-20,Spring,2023,0.744302867,NA,Apr,Scarped,East.facing,M10,"Growth
(Months 10-12)"
CorteMadera,D,24,a,2023-03-23,2023-04-20,Spring,2023,0.132933105,NA,Apr,Scarped,East.facing,M10,"Growth
(Months 10-12)"
CorteMadera,D,24,b,2023-03-23,2023-04-20,Spring,2023,0.604631218,NA,Apr,Scarped,East.facing,M10,"Growth
(Months 10-12)"
CorteMadera,D,24,c,2023-03-23,2023-04-20,Spring,2023,1.061014457,6.124620061,Apr,Scarped,East.facing,M10,"Growth
(Months 10-12)"
CorteMadera,D,48,a,2023-03-23,2023-04-20,Spring,2023,0.589928939,7.494464316,Apr,Scarped,East.facing,M10,"Growth
(Months 10-12)"
CorteMadera,D,48,b,2023-03-23,2023-04-20,Spring,2023,0.4490321,NA,Apr,Scarped,East.facing,M10,"Growth
(Months 10-12)"
SanPablo,A,0.5,b,2023-03-23,2023-04-21,Spring,2023,NA,NA,Apr,Ramped,South.facing,M10,"Growth
(Months 10-12)"
SanPablo,A,0.5,c,2023-03-23,2023-04-21,Spring,2023,NA,NA,Apr,Ramped,South.facing,M10,"Growth
(Months 10-12)"
SanPablo,A,0.5,a,2023-03-23,2023-04-21,Spring,2023,231.4144066,NA,Apr,Ramped,South.facing,M10,"Growth
(Months 10-12)"
SanPablo,A,2,b,2023-03-23,2023-04-21,Spring,2023,269.4631432,NA,Apr,Ramped,South.facing,M10,"Growth
(Months 10-12)"
SanPablo,A,2,c,2023-03-23,2023-04-21,Spring,2023,259.8322361,NA,Apr,Ramped,South.facing,M10,"Growth
(Months 10-12)"
SanPablo,A,2,a,2023-03-23,2023-04-21,Spring,2023,NA,NA,Apr,Ramped,South.facing,M10,"Growth
(Months 10-12)"
SanPablo,A,6,b,2023-03-23,2023-04-21,Spring,2023,7.51074739,NA,Apr,Ramped,South.facing,M10,"Growth
(Months 10-12)"
SanPablo,A,6,c,2023-03-23,2023-04-21,Spring,2023,11.61267998,NA,Apr,Ramped,South.facing,M10,"Growth
(Months 10-12)"
SanPablo,A,6,a,2023-03-23,2023-04-21,Spring,2023,4.486932319,NA,Apr,Ramped,South.facing,M10,"Growth
(Months 10-12)"
SanPablo,A,9,b,2023-03-23,2023-04-21,Spring,2023,5.308383352,NA,Apr,Ramped,South.facing,M10,"Growth
(Months 10-12)"
SanPablo,A,9,c,2023-03-23,2023-04-21,Spring,2023,3.159836481,NA,Apr,Ramped,South.facing,M10,"Growth
(Months 10-12)"
SanPablo,A,9,a,2023-03-23,2023-04-21,Spring,2023,NA,NA,Apr,Ramped,South.facing,M10,"Growth
(Months 10-12)"
SanPablo,A,12,b,2023-03-23,2023-04-21,Spring,2023,5.155211417,NA,Apr,Ramped,South.facing,M10,"Growth
(Months 10-12)"
SanPablo,A,12,c,2023-03-23,2023-04-21,Spring,2023,NA,NA,Apr,Ramped,South.facing,M10,"Growth
(Months 10-12)"
SanPablo,A,12,a,2023-03-23,2023-04-21,Spring,2023,NA,NA,Apr,Ramped,South.facing,M10,"Growth
(Months 10-12)"
SanPablo,A,18,b,2023-03-23,2023-04-21,Spring,2023,NA,NA,Apr,Ramped,South.facing,M10,"Growth
(Months 10-12)"
SanPablo,A,18,c,2023-03-23,2023-04-21,Spring,2023,NA,NA,Apr,Ramped,South.facing,M10,"Growth
(Months 10-12)"
SanPablo,A,18,a,2023-03-23,2023-04-21,Spring,2023,NA,NA,Apr,Ramped,South.facing,M10,"Growth
(Months 10-12)"
SanPablo,A,24,b,2023-03-23,2023-04-21,Spring,2023,0.486189152,NA,Apr,Ramped,South.facing,M10,"Growth
(Months 10-12)"
SanPablo,A,24,c,2023-03-23,2023-04-21,Spring,2023,NA,NA,Apr,Ramped,South.facing,M10,"Growth
(Months 10-12)"
SanPablo,A,24,a,2023-03-23,2023-04-21,Spring,2023,NA,NA,Apr,Ramped,South.facing,M10,"Growth
(Months 10-12)"
SanPablo,A,48,b,2023-03-23,2023-04-21,Spring,2023,0.338279331,1.670356208,Apr,Ramped,South.facing,M10,"Growth
(Months 10-12)"
SanPablo,A,48,c,2023-03-23,2023-04-21,Spring,2023,0.202849319,3.279532967,Apr,Ramped,South.facing,M10,"Growth
(Months 10-12)"
SanPablo,A,48,a,2023-03-23,2023-04-21,Spring,2023,0.19811814,NA,Apr,Ramped,South.facing,M10,"Growth
(Months 10-12)"
SanPablo,A,72,b,2023-03-23,2023-04-21,Spring,2023,0.555913586,NA,Apr,Ramped,South.facing,M10,"Growth
(Months 10-12)"
SanPablo,A,72,c,2023-03-23,2023-04-21,Spring,2023,0.420483574,NA,Apr,Ramped,South.facing,M10,"Growth
(Months 10-12)"
SanPablo,A,72,a,2023-03-23,2023-04-21,Spring,2023,2.096503897,15.82826292,Apr,Ramped,South.facing,M10,"Growth
(Months 10-12)"
SanPablo,A,150,b,2023-03-23,2023-04-21,Spring,2023,0.494408253,NA,Apr,Ramped,South.facing,M10,"Growth
(Months 10-12)"
SanPablo,A,150,c,2023-03-23,2023-04-21,Spring,2023,3.784943567,NA,Apr,Ramped,South.facing,M10,"Growth
(Months 10-12)"
SanPablo,A,150,a,2023-03-23,2023-04-21,Spring,2023,3.770750028,NA,Apr,Ramped,South.facing,M10,"Growth
(Months 10-12)"
SanPablo,B,0.5,b,2023-03-23,2023-04-21,Spring,2023,83.8583817,NA,Apr,Ramped,South.facing,M10,"Growth
(Months 10-12)"
SanPablo,B,0.5,c,2023-03-23,2023-04-21,Spring,2023,NA,NA,Apr,Ramped,South.facing,M10,"Growth
(Months 10-12)"
SanPablo,B,0.5,a,2023-03-23,2023-04-21,Spring,2023,85.68165999,NA,Apr,Ramped,South.facing,M10,"Growth
(Months 10-12)"
SanPablo,B,2,b,2023-03-23,2023-04-21,Spring,2023,NA,NA,Apr,Ramped,South.facing,M10,"Growth
(Months 10-12)"
SanPablo,B,2,c,2023-03-23,2023-04-21,Spring,2023,NA,NA,Apr,Ramped,South.facing,M10,"Growth
(Months 10-12)"
SanPablo,B,2,a,2023-03-23,2023-04-21,Spring,2023,94.20665397,NA,Apr,Ramped,South.facing,M10,"Growth
(Months 10-12)"
SanPablo,B,6,b,2023-03-23,2023-04-21,Spring,2023,NA,NA,Apr,Ramped,South.facing,M10,"Growth
(Months 10-12)"
SanPablo,B,6,c,2023-03-23,2023-04-21,Spring,2023,49.36985765,NA,Apr,Ramped,South.facing,M10,"Growth
(Months 10-12)"
SanPablo,B,6,a,2023-03-23,2023-04-21,Spring,2023,30.31739797,NA,Apr,Ramped,South.facing,M10,"Growth
(Months 10-12)"
SanPablo,B,9,b,2023-03-23,2023-04-21,Spring,2023,3.781395182,NA,Apr,Ramped,South.facing,M10,"Growth
(Months 10-12)"
SanPablo,B,9,c,2023-03-23,2023-04-21,Spring,2023,5.109673815,NA,Apr,Ramped,South.facing,M10,"Growth
(Months 10-12)"
SanPablo,B,9,a,2023-03-23,2023-04-21,Spring,2023,4.006717604,NA,Apr,Ramped,South.facing,M10,"Growth
(Months 10-12)"
SanPablo,B,12,b,2023-03-23,2023-04-21,Spring,2023,5.125641546,NA,Apr,Ramped,South.facing,M10,"Growth
(Months 10-12)"
SanPablo,B,12,c,2023-03-23,2023-04-21,Spring,2023,2.361449947,NA,Apr,Ramped,South.facing,M10,"Growth
(Months 10-12)"
SanPablo,B,12,a,2023-03-23,2023-04-21,Spring,2023,4.23558841,NA,Apr,Ramped,South.facing,M10,"Growth
(Months 10-12)"
SanPablo,B,18,b,2023-03-23,2023-04-21,Spring,2023,7.256446494,NA,Apr,Ramped,South.facing,M10,"Growth
(Months 10-12)"
SanPablo,B,18,c,2023-03-23,2023-04-21,Spring,2023,3.224298801,NA,Apr,Ramped,South.facing,M10,"Growth
(Months 10-12)"
SanPablo,B,18,a,2023-03-23,2023-04-21,Spring,2023,NA,NA,Apr,Ramped,South.facing,M10,"Growth
(Months 10-12)"
SanPablo,B,24,b,2023-03-23,2023-04-21,Spring,2023,6.014511886,NA,Apr,Ramped,South.facing,M10,"Growth
(Months 10-12)"
SanPablo,B,24,c,2023-03-23,2023-04-21,Spring,2023,2.313546755,3.775563713,Apr,Ramped,South.facing,M10,"Growth
(Months 10-12)"
SanPablo,B,24,a,2023-03-23,2023-04-21,Spring,2023,NA,NA,Apr,Ramped,South.facing,M10,"Growth
(Months 10-12)"
SanPablo,B,48,b,2023-03-23,2023-04-21,Spring,2023,0.473117946,NA,Apr,Ramped,South.facing,M10,"Growth
(Months 10-12)"
SanPablo,B,48,c,2023-03-23,2023-04-21,Spring,2023,0.603816778,12.44722175,Apr,Ramped,South.facing,M10,"Growth
(Months 10-12)"
SanPablo,B,48,a,2023-03-23,2023-04-21,Spring,2023,0.868171431,NA,Apr,Ramped,South.facing,M10,"Growth
(Months 10-12)"
SanPablo,B,72,b,2023-03-23,2023-04-21,Spring,2023,3.878975758,NA,Apr,Ramped,South.facing,M10,"Growth
(Months 10-12)"
SanPablo,B,72,c,2023-03-23,2023-04-21,Spring,2023,2.527041228,3.16275764,Apr,Ramped,South.facing,M10,"Growth
(Months 10-12)"
SanPablo,B,72,a,2023-03-23,2023-04-21,Spring,2023,5.372254275,NA,Apr,Ramped,South.facing,M10,"Growth
(Months 10-12)"
SanPablo,B,150,b,2023-03-23,2023-04-21,Spring,2023,0.354838459,NA,Apr,Ramped,South.facing,M10,"Growth
(Months 10-12)"
SanPablo,B,150,c,2023-03-23,2023-04-21,Spring,2023,0.802526316,NA,Apr,Ramped,South.facing,M10,"Growth
(Months 10-12)"
SanPablo,B,150,a,2023-03-23,2023-04-21,Spring,2023,0.311666447,NA,Apr,Ramped,South.facing,M10,"Growth
(Months 10-12)"
SanPablo,C,0.5,b,2023-03-23,2023-04-21,Spring,2023,201.4595353,NA,Apr,Ramped,South.facing,M10,"Growth
(Months 10-12)"
SanPablo,C,0.5,c,2023-03-23,2023-04-21,Spring,2023,199.2902895,NA,Apr,Ramped,South.facing,M10,"Growth
(Months 10-12)"
SanPablo,C,0.5,a,2023-03-23,2023-04-21,Spring,2023,40.4433048,NA,Apr,Ramped,South.facing,M10,"Growth
(Months 10-12)"
SanPablo,C,2,b,2023-03-23,2023-04-21,Spring,2023,4.491663498,NA,Apr,Ramped,South.facing,M10,"Growth
(Months 10-12)"
SanPablo,C,2,c,2023-03-23,2023-04-21,Spring,2023,125.3171159,NA,Apr,Ramped,South.facing,M10,"Growth
(Months 10-12)"
SanPablo,C,2,a,2023-03-23,2023-04-21,Spring,2023,26.12439017,NA,Apr,Ramped,South.facing,M10,"Growth
(Months 10-12)"
SanPablo,C,6,b,2023-03-23,2023-04-21,Spring,2023,9.464133109,NA,Apr,Ramped,South.facing,M10,"Growth
(Months 10-12)"
SanPablo,C,6,c,2023-03-23,2023-04-21,Spring,2023,NA,NA,Apr,Ramped,South.facing,M10,"Growth
(Months 10-12)"
SanPablo,C,6,a,2023-03-23,2023-04-21,Spring,2023,NA,NA,Apr,Ramped,South.facing,M10,"Growth
(Months 10-12)"
SanPablo,C,12,b,2023-03-23,2023-04-21,Spring,2023,5.637200324,NA,Apr,Ramped,South.facing,M10,"Growth
(Months 10-12)"
SanPablo,C,12,c,2023-03-23,2023-04-21,Spring,2023,6.53198464,NA,Apr,Ramped,South.facing,M10,"Growth
(Months 10-12)"
SanPablo,C,12,a,2023-03-23,2023-04-21,Spring,2023,7.794618157,7.414104882,Apr,Ramped,South.facing,M10,"Growth
(Months 10-12)"
SanPablo,C,24,b,2023-03-23,2023-04-21,Spring,2023,94.76552455,NA,Apr,Ramped,South.facing,M10,"Growth
(Months 10-12)"
SanPablo,C,24,c,2023-03-23,2023-04-21,Spring,2023,4.766663304,NA,Apr,Ramped,South.facing,M10,"Growth
(Months 10-12)"
SanPablo,C,24,a,2023-03-23,2023-04-21,Spring,2023,NA,3.978029294,Apr,Ramped,South.facing,M10,"Growth
(Months 10-12)"
SanPablo,C,48,b,2023-03-23,2023-04-21,Spring,2023,1.061558391,NA,Apr,Ramped,South.facing,M10,"Growth
(Months 10-12)"
SanPablo,C,48,c,2023-03-23,2023-04-21,Spring,2023,0.604999573,NA,Apr,Ramped,South.facing,M10,"Growth
(Months 10-12)"
SanPablo,C,48,a,2023-03-23,2023-04-21,Spring,2023,0.752631048,66.46229307,Apr,Ramped,South.facing,M10,"Growth
(Months 10-12)"
SanPablo,C,72,b,2023-03-23,2023-04-21,Spring,2023,0.794246752,NA,Apr,Ramped,South.facing,M10,"Growth
(Months 10-12)"
SanPablo,C,72,c,2023-03-23,2023-04-21,Spring,2023,0.981719738,NA,Apr,Ramped,South.facing,M10,"Growth
(Months 10-12)"
SanPablo,C,72,a,2023-03-23,2023-04-21,Spring,2023,0.254300896,NA,Apr,Ramped,South.facing,M10,"Growth
(Months 10-12)"
SanPablo,C,150,b,2023-03-23,2023-04-21,Spring,2023,1.91849327,12.94068153,Apr,Ramped,South.facing,M10,"Growth
(Months 10-12)"
SanPablo,C,150,c,2023-03-23,2023-04-21,Spring,2023,4.441986114,NA,Apr,Ramped,South.facing,M10,"Growth
(Months 10-12)"
SanPablo,C,150,a,2023-03-23,2023-04-21,Spring,2023,3.915051002,NA,Apr,Ramped,South.facing,M10,"Growth
(Months 10-12)"
SanPablo,D,0.5,b,2023-03-23,2023-04-21,Spring,2023,NA,NA,Apr,Ramped,South.facing,M10,"Growth
(Months 10-12)"
SanPablo,D,0.5,c,2023-03-23,2023-04-21,Spring,2023,NA,NA,Apr,Ramped,South.facing,M10,"Growth
(Months 10-12)"
SanPablo,D,0.5,a,2023-03-23,2023-04-21,Spring,2023,272.8210979,NA,Apr,Ramped,South.facing,M10,"Growth
(Months 10-12)"
SanPablo,D,2,b,2023-03-23,2023-04-21,Spring,2023,292.790815,NA,Apr,Ramped,South.facing,M10,"Growth
(Months 10-12)"
SanPablo,D,2,c,2023-03-23,2023-04-21,Spring,2023,NA,NA,Apr,Ramped,South.facing,M10,"Growth
(Months 10-12)"
SanPablo,D,2,a,2023-03-23,2023-04-21,Spring,2023,47.91028878,NA,Apr,Ramped,South.facing,M10,"Growth
(Months 10-12)"
SanPablo,D,6,b,2023-03-23,2023-04-21,Spring,2023,96.61127593,NA,Apr,Ramped,South.facing,M10,"Growth
(Months 10-12)"
SanPablo,D,6,c,2023-03-23,2023-04-21,Spring,2023,10.20456269,NA,Apr,Ramped,South.facing,M10,"Growth
(Months 10-12)"
SanPablo,D,6,a,2023-03-23,2023-04-21,Spring,2023,39.74486444,NA,Apr,Ramped,South.facing,M10,"Growth
(Months 10-12)"
SanPablo,D,12,b,2023-03-23,2023-04-21,Spring,2023,4.908598688,NA,Apr,Ramped,South.facing,M10,"Growth
(Months 10-12)"
SanPablo,D,12,c,2023-03-23,2023-04-21,Spring,2023,20.96622177,7.214183819,Apr,Ramped,South.facing,M10,"Growth
(Months 10-12)"
SanPablo,D,12,a,2023-03-23,2023-04-21,Spring,2023,27.65729232,NA,Apr,Ramped,South.facing,M10,"Growth
(Months 10-12)"
SanPablo,D,24,b,2023-03-23,2023-04-21,Spring,2023,9.108703252,NA,Apr,Ramped,South.facing,M10,"Growth
(Months 10-12)"
SanPablo,D,24,c,2023-03-23,2023-04-21,Spring,2023,8.916301954,NA,Apr,Ramped,South.facing,M10,"Growth
(Months 10-12)"
SanPablo,D,24,a,2023-03-23,2023-04-21,Spring,2023,4.386986153,3.982375868,Apr,Ramped,South.facing,M10,"Growth
(Months 10-12)"
SanPablo,D,48,b,2023-03-23,2023-04-21,Spring,2023,0.992956289,NA,Apr,Ramped,South.facing,M10,"Growth
(Months 10-12)"
SanPablo,D,48,c,2023-03-23,2023-04-21,Spring,2023,0.513924369,NA,Apr,Ramped,South.facing,M10,"Growth
(Months 10-12)"
SanPablo,D,48,a,2023-03-23,2023-04-21,Spring,2023,0.844515533,4.192439863,Apr,Ramped,South.facing,M10,"Growth
(Months 10-12)"
SanPablo,D,72,b,2023-03-23,2023-04-21,Spring,2023,0.73924679,NA,Apr,Ramped,South.facing,M10,"Growth
(Months 10-12)"
SanPablo,D,72,c,2023-03-23,2023-04-21,Spring,2023,0.54585983,3.801369863,Apr,Ramped,South.facing,M10,"Growth
(Months 10-12)"
SanPablo,D,72,a,2023-03-23,2023-04-21,Spring,2023,1.017794981,NA,Apr,Ramped,South.facing,M10,"Growth
(Months 10-12)"
SanPablo,D,150,b,2023-03-23,2023-04-21,Spring,2023,0.510967381,NA,Apr,Ramped,South.facing,M10,"Growth
(Months 10-12)"
SanPablo,D,150,c,2023-03-23,2023-04-21,Spring,2023,0.594354419,NA,Apr,Ramped,South.facing,M10,"Growth
(Months 10-12)"
SanPablo,D,150,a,2023-03-23,2023-04-21,Spring,2023,0.41693519,NA,Apr,Ramped,South.facing,M10,"Growth
(Months 10-12)"
CorteMadera,A,0.5,a,2023-04-20,2023-05-18,Spring,2023,NA,NA,May,Scarped,East.facing,M11,"Growth
(Months 10-12)"
CorteMadera,A,0.5,b,2023-04-20,2023-05-18,Spring,2023,NA,NA,May,Scarped,East.facing,M11,"Growth
(Months 10-12)"
CorteMadera,A,0.5,c,2023-04-20,2023-05-18,Spring,2023,NA,NA,May,Scarped,East.facing,M11,"Growth
(Months 10-12)"
CorteMadera,A,2,a,2023-04-20,2023-05-18,Spring,2023,0.553785837,NA,May,Scarped,East.facing,M11,"Growth
(Months 10-12)"
CorteMadera,A,2,b,2023-04-20,2023-05-18,Spring,2023,0.282406273,NA,May,Scarped,East.facing,M11,"Growth
(Months 10-12)"
CorteMadera,A,2,c,2023-04-20,2023-05-18,Spring,2023,NA,5.850487541,May,Scarped,East.facing,M11,"Growth
(Months 10-12)"
CorteMadera,A,6,a,2023-04-20,2023-05-18,Spring,2023,1.393040921,6.953734671,May,Scarped,East.facing,M11,"Growth
(Months 10-12)"
CorteMadera,A,6,b,2023-04-20,2023-05-18,Spring,2023,1.310340603,NA,May,Scarped,East.facing,M11,"Growth
(Months 10-12)"
CorteMadera,A,6,c,2023-04-20,2023-05-18,Spring,2023,2.642122029,NA,May,Scarped,East.facing,M11,"Growth
(Months 10-12)"
CorteMadera,A,12,a,2023-04-20,2023-05-18,Spring,2023,1.793065425,NA,May,Scarped,East.facing,M11,"Growth
(Months 10-12)"
CorteMadera,A,12,b,2023-04-20,2023-05-18,Spring,2023,2.386669934,NA,May,Scarped,East.facing,M11,"Growth
(Months 10-12)"
CorteMadera,A,12,c,2023-04-20,2023-05-18,Spring,2023,1.905782896,8.551992225,May,Scarped,East.facing,M11,"Growth
(Months 10-12)"
CorteMadera,A,18,a,2023-04-20,2023-05-18,Spring,2023,1.513722127,9.105581708,May,Scarped,East.facing,M11,"Growth
(Months 10-12)"
CorteMadera,A,18,b,2023-04-20,2023-05-18,Spring,2023,1.426733644,NA,May,Scarped,East.facing,M11,"Growth
(Months 10-12)"
CorteMadera,A,18,c,2023-04-20,2023-05-18,Spring,2023,1.312178388,NA,May,Scarped,East.facing,M11,"Growth
(Months 10-12)"
CorteMadera,A,24,a,2023-04-20,2023-05-18,Spring,2023,3.303724577,NA,May,Scarped,East.facing,M11,"Growth
(Months 10-12)"
CorteMadera,A,24,b,2023-04-20,2023-05-18,Spring,2023,2.504288165,NA,May,Scarped,East.facing,M11,"Growth
(Months 10-12)"
CorteMadera,A,24,c,2023-04-20,2023-05-18,Spring,2023,2.041778976,7.416879795,May,Scarped,East.facing,M11,"Growth
(Months 10-12)"
CorteMadera,A,30,a,2023-04-20,2023-05-18,Spring,2023,0.839867679,7.01754386,May,Scarped,East.facing,M11,"Growth
(Months 10-12)"
CorteMadera,A,30,b,2023-04-20,2023-05-18,Spring,2023,2.085273217,NA,May,Scarped,East.facing,M11,"Growth
(Months 10-12)"
CorteMadera,A,30,c,2023-04-20,2023-05-18,Spring,2023,2.278853222,NA,May,Scarped,East.facing,M11,"Growth
(Months 10-12)"
CorteMadera,A,48,a,2023-04-20,2023-05-18,Spring,2023,2.397696643,NA,May,Scarped,East.facing,M11,"Growth
(Months 10-12)"
CorteMadera,A,48,b,2023-04-20,2023-05-18,Spring,2023,1.22212693,6.954022989,May,Scarped,East.facing,M11,"Growth
(Months 10-12)"
CorteMadera,A,48,c,2023-04-20,2023-05-18,Spring,2023,1.7354815,NA,May,Scarped,East.facing,M11,"Growth
(Months 10-12)"
CorteMadera,B,0.5,a,2023-04-20,2023-05-18,Spring,2023,NA,NA,May,Scarped,East.facing,M11,"Growth
(Months 10-12)"
CorteMadera,B,0.5,b,2023-04-20,2023-05-18,Spring,2023,NA,NA,May,Scarped,East.facing,M11,"Growth
(Months 10-12)"
CorteMadera,B,0.5,c,2023-04-20,2023-05-18,Spring,2023,NA,NA,May,Scarped,East.facing,M11,"Growth
(Months 10-12)"
CorteMadera,B,2,a,2023-04-20,2023-05-18,Spring,2023,NA,NA,May,Scarped,East.facing,M11,"Growth
(Months 10-12)"
CorteMadera,B,2,b,2023-04-20,2023-05-18,Spring,2023,NA,NA,May,Scarped,East.facing,M11,"Growth
(Months 10-12)"
CorteMadera,B,2,c,2023-04-20,2023-05-18,Spring,2023,NA,NA,May,Scarped,East.facing,M11,"Growth
(Months 10-12)"
CorteMadera,B,6,a,2023-04-20,2023-05-18,Spring,2023,2.041166381,6.733841239,May,Scarped,East.facing,M11,"Growth
(Months 10-12)"
CorteMadera,B,6,b,2023-04-20,2023-05-18,Spring,2023,1.890468023,NA,May,Scarped,East.facing,M11,"Growth
(Months 10-12)"
CorteMadera,B,6,c,2023-04-20,2023-05-18,Spring,2023,2.362778731,NA,May,Scarped,East.facing,M11,"Growth
(Months 10-12)"
CorteMadera,B,12,a,2023-04-20,2023-05-18,Spring,2023,1.204974271,NA,May,Scarped,East.facing,M11,"Growth
(Months 10-12)"
CorteMadera,B,12,b,2023-04-20,2023-05-18,Spring,2023,1.529037001,6.61234304,May,Scarped,East.facing,M11,"Growth
(Months 10-12)"
CorteMadera,B,12,c,2023-04-20,2023-05-18,Spring,2023,1.569468268,NA,May,Scarped,East.facing,M11,"Growth
(Months 10-12)"
CorteMadera,B,18,a,2023-04-20,2023-05-18,Spring,2023,4.984072531,NA,May,Scarped,East.facing,M11,"Growth
(Months 10-12)"
CorteMadera,B,18,b,2023-04-20,2023-05-18,Spring,2023,2.866331781,10.31362468,May,Scarped,East.facing,M11,"Growth
(Months 10-12)"
CorteMadera,B,18,c,2023-04-20,2023-05-18,Spring,2023,1.054275913,NA,May,Scarped,East.facing,M11,"Growth
(Months 10-12)"
CorteMadera,B,24,a,2023-04-20,2023-05-18,Spring,2023,4.479294291,7.165940705,May,Scarped,East.facing,M11,"Growth
(Months 10-12)"
CorteMadera,B,24,b,2023-04-20,2023-05-18,Spring,2023,5.76819407,11.53637718,May,Scarped,East.facing,M11,"Growth
(Months 10-12)"
CorteMadera,B,24,c,2023-04-20,2023-05-18,Spring,2023,5.944008821,NA,May,Scarped,East.facing,M11,"Growth
(Months 10-12)"
CorteMadera,B,30,a,2023-04-20,2023-05-18,Spring,2023,0.953810341,NA,May,Scarped,East.facing,M11,"Growth
(Months 10-12)"
CorteMadera,B,30,b,2023-04-20,2023-05-18,Spring,2023,0.95993629,8.261199696,May,Scarped,East.facing,M11,"Growth
(Months 10-12)"
CorteMadera,B,30,c,2023-04-20,2023-05-18,Spring,2023,0.738176917,NA,May,Scarped,East.facing,M11,"Growth
(Months 10-12)"
CorteMadera,B,48,a,2023-04-20,2023-05-18,Spring,2023,0.655476599,NA,May,Scarped,East.facing,M11,"Growth
(Months 10-12)"
CorteMadera,B,48,b,2023-04-20,2023-05-18,Spring,2023,1.008943886,NA,May,Scarped,East.facing,M11,"Growth
(Months 10-12)"
CorteMadera,B,48,c,2023-04-20,2023-05-18,Spring,2023,0.782283754,4.843799306,May,Scarped,East.facing,M11,"Growth
(Months 10-12)"
CorteMadera,C,0.5,a,2023-04-20,2023-05-18,Spring,2023,1.750796373,NA,May,Scarped,East.facing,M11,"Growth
(Months 10-12)"
CorteMadera,C,0.5,b,2023-04-20,2023-05-18,Spring,2023,1.391203136,5.037645448,May,Scarped,East.facing,M11,"Growth
(Months 10-12)"
CorteMadera,C,0.5,c,2023-04-20,2023-05-18,Spring,2023,2.082210243,NA,May,Scarped,East.facing,M11,"Growth
(Months 10-12)"
CorteMadera,C,2,a,2023-04-20,2023-05-18,Spring,2023,1.503308013,NA,May,Scarped,East.facing,M11,"Growth
(Months 10-12)"
CorteMadera,C,2,b,2023-04-20,2023-05-18,Spring,2023,3.205709385,NA,May,Scarped,East.facing,M11,"Growth
(Months 10-12)"
CorteMadera,C,2,c,2023-04-20,2023-05-18,Spring,2023,3.404190149,7.886524823,May,Scarped,East.facing,M11,"Growth
(Months 10-12)"
CorteMadera,C,6,a,2023-04-20,2023-05-18,Spring,2023,4.731070816,NA,May,Scarped,East.facing,M11,"Growth
(Months 10-12)"
CorteMadera,C,6,b,2023-04-20,2023-05-18,Spring,2023,4.914236707,7.591240876,May,Scarped,East.facing,M11,"Growth
(Months 10-12)"
CorteMadera,C,6,c,2023-04-20,2023-05-18,Spring,2023,5.4490321,NA,May,Scarped,East.facing,M11,"Growth
(Months 10-12)"
CorteMadera,C,12,a,2023-04-20,2023-05-18,Spring,2023,4.593236952,NA,May,Scarped,East.facing,M11,"Growth
(Months 10-12)"
CorteMadera,C,12,b,2023-04-20,2023-05-18,Spring,2023,3.590419015,8.400959056,May,Scarped,East.facing,M11,"Growth
(Months 10-12)"
CorteMadera,C,12,c,2023-04-20,2023-05-18,Spring,2023,3.854447439,NA,May,Scarped,East.facing,M11,"Growth
(Months 10-12)"
CorteMadera,C,24,a,2023-04-20,2023-05-18,Spring,2023,1.304827248,NA,May,Scarped,East.facing,M11,"Growth
(Months 10-12)"
CorteMadera,C,24,b,2023-04-20,2023-05-18,Spring,2023,0.820877236,NA,May,Scarped,East.facing,M11,"Growth
(Months 10-12)"
CorteMadera,C,24,c,2023-04-20,2023-05-18,Spring,2023,0.812913502,NA,May,Scarped,East.facing,M11,"Growth
(Months 10-12)"
CorteMadera,C,48,a,2023-04-20,2023-05-18,Spring,2023,2.62864494,8.887930105,May,Scarped,East.facing,M11,"Growth
(Months 10-12)"
CorteMadera,C,48,b,2023-04-20,2023-05-18,Spring,2023,1.734868905,NA,May,Scarped,East.facing,M11,"Growth
(Months 10-12)"
CorteMadera,C,48,c,2023-04-20,2023-05-18,Spring,2023,2.42955158,NA,May,Scarped,East.facing,M11,"Growth
(Months 10-12)"
CorteMadera,D,0.5,a,2023-04-20,2023-05-18,Spring,2023,NA,NA,May,Scarped,East.facing,M11,"Growth
(Months 10-12)"
CorteMadera,D,0.5,b,2023-04-20,2023-05-18,Spring,2023,3.750306297,NA,May,Scarped,East.facing,M11,"Growth
(Months 10-12)"
CorteMadera,D,0.5,c,2023-04-20,2023-05-18,Spring,2023,3.809728008,9.008528785,May,Scarped,East.facing,M11,"Growth
(Months 10-12)"
CorteMadera,D,2,a,2023-04-20,2023-05-18,Spring,2023,3.818916932,8.246962116,May,Scarped,East.facing,M11,"Growth
(Months 10-12)"
CorteMadera,D,2,b,2023-04-20,2023-05-18,Spring,2023,2.336437148,NA,May,Scarped,East.facing,M11,"Growth
(Months 10-12)"
CorteMadera,D,2,c,2023-04-20,2023-05-18,Spring,2023,1.768561627,NA,May,Scarped,East.facing,M11,"Growth
(Months 10-12)"
CorteMadera,D,6,a,2023-04-20,2023-05-18,Spring,2023,2.921465327,NA,May,Scarped,East.facing,M11,"Growth
(Months 10-12)"
CorteMadera,D,6,b,2023-04-20,2023-05-18,Spring,2023,2.884097035,7.674107602,May,Scarped,East.facing,M11,"Growth
(Months 10-12)"
CorteMadera,D,6,c,2023-04-20,2023-05-18,Spring,2023,2.252511639,NA,May,Scarped,East.facing,M11,"Growth
(Months 10-12)"
CorteMadera,D,12,a,2023-04-20,2023-05-18,Spring,2023,1.603773585,NA,May,Scarped,East.facing,M11,"Growth
(Months 10-12)"
CorteMadera,D,12,b,2023-04-20,2023-05-18,Spring,2023,1.843910806,NA,May,Scarped,East.facing,M11,"Growth
(Months 10-12)"
CorteMadera,D,12,c,2023-04-20,2023-05-18,Spring,2023,1.889855428,8.112439896,May,Scarped,East.facing,M11,"Growth
(Months 10-12)"
CorteMadera,D,24,a,2023-04-20,2023-05-18,Spring,2023,1.045086988,NA,May,Scarped,East.facing,M11,"Growth
(Months 10-12)"
CorteMadera,D,24,b,2023-04-20,2023-05-18,Spring,2023,1.166993384,NA,May,Scarped,East.facing,M11,"Growth
(Months 10-12)"
CorteMadera,D,24,c,2023-04-20,2023-05-18,Spring,2023,1.135138446,6.27077012,May,Scarped,East.facing,M11,"Growth
(Months 10-12)"
CorteMadera,D,48,a,2023-04-20,2023-05-18,Spring,2023,0.748591032,NA,May,Scarped,East.facing,M11,"Growth
(Months 10-12)"
CorteMadera,D,48,b,2023-04-20,2023-05-18,Spring,2023,0.675079637,NA,May,Scarped,East.facing,M11,"Growth
(Months 10-12)"
CorteMadera,D,48,c,2023-04-20,2023-05-18,Spring,2023,0.597892673,6.412930136,May,Scarped,East.facing,M11,"Growth
(Months 10-12)"
SanPablo,A,0.5,b,2023-04-21,2023-05-19,Spring,2023,111.787738,NA,May,Ramped,South.facing,M11,"Growth
(Months 10-12)"
SanPablo,A,0.5,c,2023-04-21,2023-05-19,Spring,2023,97.68143071,NA,May,Ramped,South.facing,M11,"Growth
(Months 10-12)"
SanPablo,A,0.5,a,2023-04-21,2023-05-19,Spring,2023,115.9779789,NA,May,Ramped,South.facing,M11,"Growth
(Months 10-12)"
SanPablo,A,2,b,2023-04-21,2023-05-19,Spring,2023,17.37286985,NA,May,Ramped,South.facing,M11,"Growth
(Months 10-12)"
SanPablo,A,2,c,2023-04-21,2023-05-19,Spring,2023,23.92069549,NA,May,Ramped,South.facing,M11,"Growth
(Months 10-12)"
SanPablo,A,2,a,2023-04-21,2023-05-19,Spring,2023,9.289459653,NA,May,Ramped,South.facing,M11,"Growth
(Months 10-12)"
SanPablo,A,6,b,2023-04-21,2023-05-19,Spring,2023,2.72203341,NA,May,Ramped,South.facing,M11,"Growth
(Months 10-12)"
SanPablo,A,6,c,2023-04-21,2023-05-19,Spring,2023,3.615698294,NA,May,Ramped,South.facing,M11,"Growth
(Months 10-12)"
SanPablo,A,6,a,2023-04-21,2023-05-19,Spring,2023,9.157155599,NA,May,Ramped,South.facing,M11,"Growth
(Months 10-12)"
SanPablo,A,9,b,2023-04-21,2023-05-19,Spring,2023,NA,NA,May,Ramped,South.facing,M11,"Growth
(Months 10-12)"
SanPablo,A,9,c,2023-04-21,2023-05-19,Spring,2023,NA,NA,May,Ramped,South.facing,M11,"Growth
(Months 10-12)"
SanPablo,A,9,a,2023-04-21,2023-05-19,Spring,2023,5.479592909,NA,May,Ramped,South.facing,M11,"Growth
(Months 10-12)"
SanPablo,A,12,b,2023-04-21,2023-05-19,Spring,2023,NA,NA,May,Ramped,South.facing,M11,"Growth
(Months 10-12)"
SanPablo,A,12,c,2023-04-21,2023-05-19,Spring,2023,NA,NA,May,Ramped,South.facing,M11,"Growth
(Months 10-12)"
SanPablo,A,12,a,2023-04-21,2023-05-19,Spring,2023,3.480944165,NA,May,Ramped,South.facing,M11,"Growth
(Months 10-12)"
SanPablo,A,18,b,2023-04-21,2023-05-19,Spring,2023,NA,NA,May,Ramped,South.facing,M11,"Growth
(Months 10-12)"
SanPablo,A,18,c,2023-04-21,2023-05-19,Spring,2023,NA,NA,May,Ramped,South.facing,M11,"Growth
(Months 10-12)"
SanPablo,A,18,a,2023-04-21,2023-05-19,Spring,2023,NA,NA,May,Ramped,South.facing,M11,"Growth
(Months 10-12)"
SanPablo,A,24,b,2023-04-21,2023-05-19,Spring,2023,NA,NA,May,Ramped,South.facing,M11,"Growth
(Months 10-12)"
SanPablo,A,24,c,2023-04-21,2023-05-19,Spring,2023,NA,NA,May,Ramped,South.facing,M11,"Growth
(Months 10-12)"
SanPablo,A,24,a,2023-04-21,2023-05-19,Spring,2023,NA,NA,May,Ramped,South.facing,M11,"Growth
(Months 10-12)"
SanPablo,A,48,b,2023-04-21,2023-05-19,Spring,2023,2.482538571,5.819683047,May,Ramped,South.facing,M11,"Growth
(Months 10-12)"
SanPablo,A,48,c,2023-04-21,2023-05-19,Spring,2023,2.571353793,NA,May,Ramped,South.facing,M11,"Growth
(Months 10-12)"
SanPablo,A,48,a,2023-04-21,2023-05-19,Spring,2023,1.805705331,7.333579427,May,Ramped,South.facing,M11,"Growth
(Months 10-12)"
SanPablo,A,72,b,2023-04-21,2023-05-19,Spring,2023,2.300007978,NA,May,Ramped,South.facing,M11,"Growth
(Months 10-12)"
SanPablo,A,72,c,2023-04-21,2023-05-19,Spring,2023,2.104614491,NA,May,Ramped,South.facing,M11,"Growth
(Months 10-12)"
SanPablo,A,72,a,2023-04-21,2023-05-19,Spring,2023,2.049487802,8.715666718,May,Ramped,South.facing,M11,"Growth
(Months 10-12)"
SanPablo,A,150,b,2023-04-21,2023-05-19,Spring,2023,1.163785661,NA,May,Ramped,South.facing,M11,"Growth
(Months 10-12)"
SanPablo,A,150,c,2023-04-21,2023-05-19,Spring,2023,1.227487613,NA,May,Ramped,South.facing,M11,"Growth
(Months 10-12)"
SanPablo,A,150,a,2023-04-21,2023-05-19,Spring,2023,1.380004787,NA,May,Ramped,South.facing,M11,"Growth
(Months 10-12)"
SanPablo,B,0.5,b,2023-04-21,2023-05-19,Spring,2023,77.62205354,NA,May,Ramped,South.facing,M11,"Growth
(Months 10-12)"
SanPablo,B,0.5,c,2023-04-21,2023-05-19,Spring,2023,129.2782114,NA,May,Ramped,South.facing,M11,"Growth
(Months 10-12)"
SanPablo,B,0.5,a,2023-04-21,2023-05-19,Spring,2023,3.263500002,NA,May,Ramped,South.facing,M11,"Growth
(Months 10-12)"
SanPablo,B,2,b,2023-04-21,2023-05-19,Spring,2023,7.127880917,NA,May,Ramped,South.facing,M11,"Growth
(Months 10-12)"
SanPablo,B,2,c,2023-04-21,2023-05-19,Spring,2023,NA,NA,May,Ramped,South.facing,M11,"Growth
(Months 10-12)"
SanPablo,B,2,a,2023-04-21,2023-05-19,Spring,2023,3.766377911,NA,May,Ramped,South.facing,M11,"Growth
(Months 10-12)"
SanPablo,B,6,b,2023-04-21,2023-05-19,Spring,2023,NA,NA,May,Ramped,South.facing,M11,"Growth
(Months 10-12)"
SanPablo,B,6,c,2023-04-21,2023-05-19,Spring,2023,NA,NA,May,Ramped,South.facing,M11,"Growth
(Months 10-12)"
SanPablo,B,6,a,2023-04-21,2023-05-19,Spring,2023,5.24499822,NA,May,Ramped,South.facing,M11,"Growth
(Months 10-12)"
SanPablo,B,9,b,2023-04-21,2023-05-19,Spring,2023,3.802516519,NA,May,Ramped,South.facing,M11,"Growth
(Months 10-12)"
SanPablo,B,9,c,2023-04-21,2023-05-19,Spring,2023,NA,NA,May,Ramped,South.facing,M11,"Growth
(Months 10-12)"
SanPablo,B,9,a,2023-04-21,2023-05-19,Spring,2023,NA,NA,May,Ramped,South.facing,M11,"Growth
(Months 10-12)"
SanPablo,B,12,b,2023-04-21,2023-05-19,Spring,2023,NA,NA,May,Ramped,South.facing,M11,"Growth
(Months 10-12)"
SanPablo,B,12,c,2023-04-21,2023-05-19,Spring,2023,NA,NA,May,Ramped,South.facing,M11,"Growth
(Months 10-12)"
SanPablo,B,12,a,2023-04-21,2023-05-19,Spring,2023,4.702306591,NA,May,Ramped,South.facing,M11,"Growth
(Months 10-12)"
SanPablo,B,18,b,2023-04-21,2023-05-19,Spring,2023,NA,NA,May,Ramped,South.facing,M11,"Growth
(Months 10-12)"
SanPablo,B,18,c,2023-04-21,2023-05-19,Spring,2023,NA,NA,May,Ramped,South.facing,M11,"Growth
(Months 10-12)"
SanPablo,B,18,a,2023-04-21,2023-05-19,Spring,2023,NA,NA,May,Ramped,South.facing,M11,"Growth
(Months 10-12)"
SanPablo,B,24,b,2023-04-21,2023-05-19,Spring,2023,NA,NA,May,Ramped,South.facing,M11,"Growth
(Months 10-12)"
SanPablo,B,24,c,2023-04-21,2023-05-19,Spring,2023,3.637136451,NA,May,Ramped,South.facing,M11,"Growth
(Months 10-12)"
SanPablo,B,24,a,2023-04-21,2023-05-19,Spring,2023,NA,NA,May,Ramped,South.facing,M11,"Growth
(Months 10-12)"
SanPablo,B,48,b,2023-04-21,2023-05-19,Spring,2023,NA,6.628014231,May,Ramped,South.facing,M11,"Growth
(Months 10-12)"
SanPablo,B,48,c,2023-04-21,2023-05-19,Spring,2023,NA,NA,May,Ramped,South.facing,M11,"Growth
(Months 10-12)"
SanPablo,B,48,a,2023-04-21,2023-05-19,Spring,2023,1.770791762,NA,May,Ramped,South.facing,M11,"Growth
(Months 10-12)"
SanPablo,B,72,b,2023-04-21,2023-05-19,Spring,2023,3.582622281,8.465505498,May,Ramped,South.facing,M11,"Growth
(Months 10-12)"
SanPablo,B,72,c,2023-04-21,2023-05-19,Spring,2023,2.958465655,7.370892019,May,Ramped,South.facing,M11,"Growth
(Months 10-12)"
SanPablo,B,72,a,2023-04-21,2023-05-19,Spring,2023,3.472368902,NA,May,Ramped,South.facing,M11,"Growth
(Months 10-12)"
SanPablo,B,150,b,2023-04-21,2023-05-19,Spring,2023,1.02535642,NA,May,Ramped,South.facing,M11,"Growth
(Months 10-12)"
SanPablo,B,150,c,2023-04-21,2023-05-19,Spring,2023,0.998405594,NA,May,Ramped,South.facing,M11,"Growth
(Months 10-12)"
SanPablo,B,150,a,2023-04-21,2023-05-19,Spring,2023,0.704396585,NA,May,Ramped,South.facing,M11,"Growth
(Months 10-12)"
SanPablo,C,0.5,b,2023-04-21,2023-05-19,Spring,2023,6.356719786,NA,May,Ramped,South.facing,M11,"Growth
(Months 10-12)"
SanPablo,C,0.5,c,2023-04-21,2023-05-19,Spring,2023,5.267661415,NA,May,Ramped,South.facing,M11,"Growth
(Months 10-12)"
SanPablo,C,0.5,a,2023-04-21,2023-05-19,Spring,2023,4.690056215,NA,May,Ramped,South.facing,M11,"Growth
(Months 10-12)"
SanPablo,C,2,b,2023-04-21,2023-05-19,Spring,2023,9.065890302,NA,May,Ramped,South.facing,M11,"Growth
(Months 10-12)"
SanPablo,C,2,c,2023-04-21,2023-05-19,Spring,2023,7.447615714,NA,May,Ramped,South.facing,M11,"Growth
(Months 10-12)"
SanPablo,C,2,a,2023-04-21,2023-05-19,Spring,2023,9.464640021,NA,May,Ramped,South.facing,M11,"Growth
(Months 10-12)"
SanPablo,C,6,b,2023-04-21,2023-05-19,Spring,2023,NA,NA,May,Ramped,South.facing,M11,"Growth
(Months 10-12)"
SanPablo,C,6,c,2023-04-21,2023-05-19,Spring,2023,3.635911414,NA,May,Ramped,South.facing,M11,"Growth
(Months 10-12)"
SanPablo,C,6,a,2023-04-21,2023-05-19,Spring,2023,14.22819849,NA,May,Ramped,South.facing,M11,"Growth
(Months 10-12)"
SanPablo,C,12,b,2023-04-21,2023-05-19,Spring,2023,3.850905502,NA,May,Ramped,South.facing,M11,"Growth
(Months 10-12)"
SanPablo,C,12,c,2023-04-21,2023-05-19,Spring,2023,8.966662262,NA,May,Ramped,South.facing,M11,"Growth
(Months 10-12)"
SanPablo,C,12,a,2023-04-21,2023-05-19,Spring,2023,3.22981147,NA,May,Ramped,South.facing,M11,"Growth
(Months 10-12)"
SanPablo,C,24,b,2023-04-21,2023-05-19,Spring,2023,NA,NA,May,Ramped,South.facing,M11,"Growth
(Months 10-12)"
SanPablo,C,24,c,2023-04-21,2023-05-19,Spring,2023,NA,NA,May,Ramped,South.facing,M11,"Growth
(Months 10-12)"
SanPablo,C,24,a,2023-04-21,2023-05-19,Spring,2023,NA,NA,May,Ramped,South.facing,M11,"Growth
(Months 10-12)"
SanPablo,C,48,b,2023-04-21,2023-05-19,Spring,2023,1.906770928,13.47058076,May,Ramped,South.facing,M11,"Growth
(Months 10-12)"
SanPablo,C,48,c,2023-04-21,2023-05-19,Spring,2023,1.843068976,NA,May,Ramped,South.facing,M11,"Growth
(Months 10-12)"
SanPablo,C,48,a,2023-04-21,2023-05-19,Spring,2023,2.137077986,NA,May,Ramped,South.facing,M11,"Growth
(Months 10-12)"
SanPablo,C,72,b,2023-04-21,2023-05-19,Spring,2023,4.238629882,11.61037083,May,Ramped,South.facing,M11,"Growth
(Months 10-12)"
SanPablo,C,72,c,2023-04-21,2023-05-19,Spring,2023,4.27476849,NA,May,Ramped,South.facing,M11,"Growth
(Months 10-12)"
SanPablo,C,72,a,2023-04-21,2023-05-19,Spring,2023,3.168559593,5.392156863,May,Ramped,South.facing,M11,"Growth
(Months 10-12)"
SanPablo,C,150,b,2023-04-21,2023-05-19,Spring,2023,0.954304242,NA,May,Ramped,South.facing,M11,"Growth
(Months 10-12)"
SanPablo,C,150,c,2023-04-21,2023-05-19,Spring,2023,0.877126877,NA,May,Ramped,South.facing,M11,"Growth
(Months 10-12)"
SanPablo,C,150,a,2023-04-21,2023-05-19,Spring,2023,0.872226727,NA,May,Ramped,South.facing,M11,"Growth
(Months 10-12)"
SanPablo,D,0.5,b,2023-04-21,2023-05-19,Spring,2023,6.915949422,NA,May,Ramped,South.facing,M11,"Growth
(Months 10-12)"
SanPablo,D,0.5,c,2023-04-21,2023-05-19,Spring,2023,17.56091311,NA,May,Ramped,South.facing,M11,"Growth
(Months 10-12)"
SanPablo,D,0.5,a,2023-04-21,2023-05-19,Spring,2023,8.317392366,NA,May,Ramped,South.facing,M11,"Growth
(Months 10-12)"
SanPablo,D,2,b,2023-04-21,2023-05-19,Spring,2023,24.98280304,NA,May,Ramped,South.facing,M11,"Growth
(Months 10-12)"
SanPablo,D,2,c,2023-04-21,2023-05-19,Spring,2023,4.982227668,NA,May,Ramped,South.facing,M11,"Growth
(Months 10-12)"
SanPablo,D,2,a,2023-04-21,2023-05-19,Spring,2023,14.69983794,NA,May,Ramped,South.facing,M11,"Growth
(Months 10-12)"
SanPablo,D,6,b,2023-04-21,2023-05-19,Spring,2023,NA,NA,May,Ramped,South.facing,M11,"Growth
(Months 10-12)"
SanPablo,D,6,c,2023-04-21,2023-05-19,Spring,2023,10.00365654,NA,May,Ramped,South.facing,M11,"Growth
(Months 10-12)"
SanPablo,D,6,a,2023-04-21,2023-05-19,Spring,2023,14.25514931,NA,May,Ramped,South.facing,M11,"Growth
(Months 10-12)"
SanPablo,D,12,b,2023-04-21,2023-05-19,Spring,2023,7.680985365,NA,May,Ramped,South.facing,M11,"Growth
(Months 10-12)"
SanPablo,D,12,c,2023-04-21,2023-05-19,Spring,2023,109.3658387,9.004649994,May,Ramped,South.facing,M11,"Growth
(Months 10-12)"
SanPablo,D,12,a,2023-04-21,2023-05-19,Spring,2023,130.112462,NA,May,Ramped,South.facing,M11,"Growth
(Months 10-12)"
SanPablo,D,24,b,2023-04-21,2023-05-19,Spring,2023,581.7691019,NA,May,Ramped,South.facing,M11,"Growth
(Months 10-12)"
SanPablo,D,24,c,2023-04-21,2023-05-19,Spring,2023,12.44760643,NA,May,Ramped,South.facing,M11,"Growth
(Months 10-12)"
SanPablo,D,24,a,2023-04-21,2023-05-19,Spring,2023,1.36836693,NA,May,Ramped,South.facing,M11,"Growth
(Months 10-12)"
SanPablo,D,48,b,2023-04-21,2023-05-19,Spring,2023,16.43510361,6.18556701,May,Ramped,South.facing,M11,"Growth
(Months 10-12)"
SanPablo,D,48,c,2023-04-21,2023-05-19,Spring,2023,1.319977948,NA,May,Ramped,South.facing,M11,"Growth
(Months 10-12)"
SanPablo,D,48,a,2023-04-21,2023-05-19,Spring,2023,1.227487613,NA,May,Ramped,South.facing,M11,"Growth
(Months 10-12)"
SanPablo,D,72,b,2023-04-21,2023-05-19,Spring,2023,1.455344595,9.4867612,May,Ramped,South.facing,M11,"Growth
(Months 10-12)"
SanPablo,D,72,c,2023-04-21,2023-05-19,Spring,2023,1.538647148,NA,May,Ramped,South.facing,M11,"Growth
(Months 10-12)"
SanPablo,D,72,a,2023-04-21,2023-05-19,Spring,2023,2.049487802,3.857457752,May,Ramped,South.facing,M11,"Growth
(Months 10-12)"
SanPablo,D,150,b,2023-04-21,2023-05-19,Spring,2023,0.894889922,NA,May,Ramped,South.facing,M11,"Growth
(Months 10-12)"
SanPablo,D,150,c,2023-04-21,2023-05-19,Spring,2023,0.470414415,NA,May,Ramped,South.facing,M11,"Growth
(Months 10-12)"
SanPablo,D,150,a,2023-04-21,2023-05-19,Spring,2023,0.818937594,NA,May,Ramped,South.facing,M11,"Growth
(Months 10-12)"
CorteMadera,A,0.5,a,2023-05-18,2023-06-20,Spring,2023,NA,NA,Jun,Scarped,East.facing,M12,"Growth
(Months 10-12)"
CorteMadera,A,0.5,b,2023-05-18,2023-06-20,Spring,2023,NA,NA,Jun,Scarped,East.facing,M12,"Growth
(Months 10-12)"
CorteMadera,A,0.5,c,2023-05-18,2023-06-20,Spring,2023,NA,NA,Jun,Scarped,East.facing,M12,"Growth
(Months 10-12)"
CorteMadera,A,2,a,2023-05-18,2023-06-20,Spring,2023,2.696086075,NA,Jun,Scarped,East.facing,M12,"Growth
(Months 10-12)"
CorteMadera,A,2,b,2023-05-18,2023-06-20,Spring,2023,3.532927907,5.204460967,Jun,Scarped,East.facing,M12,"Growth
(Months 10-12)"
CorteMadera,A,2,c,2023-05-18,2023-06-20,Spring,2023,NA,NA,Jun,Scarped,East.facing,M12,"Growth
(Months 10-12)"
CorteMadera,A,6,a,2023-05-18,2023-06-20,Spring,2023,3.294350018,5.616729897,Jun,Scarped,East.facing,M12,"Growth
(Months 10-12)"
CorteMadera,A,6,b,2023-05-18,2023-06-20,Spring,2023,NA,NA,Jun,Scarped,East.facing,M12,"Growth
(Months 10-12)"
CorteMadera,A,6,c,2023-05-18,2023-06-20,Spring,2023,7.579396019,NA,Jun,Scarped,East.facing,M12,"Growth
(Months 10-12)"
CorteMadera,A,12,a,2023-05-18,2023-06-20,Spring,2023,12.40033266,10.69843412,Jun,Scarped,East.facing,M12,"Growth
(Months 10-12)"
CorteMadera,A,12,b,2023-05-18,2023-06-20,Spring,2023,13.09319611,NA,Jun,Scarped,East.facing,M12,"Growth
(Months 10-12)"
CorteMadera,A,12,c,2023-05-18,2023-06-20,Spring,2023,12.9221893,NA,Jun,Scarped,East.facing,M12,"Growth
(Months 10-12)"
CorteMadera,A,18,a,2023-05-18,2023-06-20,Spring,2023,13.22418005,NA,Jun,Scarped,East.facing,M12,"Growth
(Months 10-12)"
CorteMadera,A,18,b,2023-05-18,2023-06-20,Spring,2023,14.5626072,10.03492289,Jun,Scarped,East.facing,M12,"Growth
(Months 10-12)"
CorteMadera,A,18,c,2023-05-18,2023-06-20,Spring,2023,11.08009772,NA,Jun,Scarped,East.facing,M12,"Growth
(Months 10-12)"
CorteMadera,A,24,a,2023-05-18,2023-06-20,Spring,2023,13.01418993,10.43716945,Jun,Scarped,East.facing,M12,"Growth
(Months 10-12)"
CorteMadera,A,24,b,2023-05-18,2023-06-20,Spring,2023,NA,NA,Jun,Scarped,East.facing,M12,"Growth
(Months 10-12)"
CorteMadera,A,24,c,2023-05-18,2023-06-20,Spring,2023,14.12963252,NA,Jun,Scarped,East.facing,M12,"Growth
(Months 10-12)"
CorteMadera,A,30,a,2023-05-18,2023-06-20,Spring,2023,NA,NA,Jun,Scarped,East.facing,M12,"Growth
(Months 10-12)"
CorteMadera,A,30,b,2023-05-18,2023-06-20,Spring,2023,NA,NA,Jun,Scarped,East.facing,M12,"Growth
(Months 10-12)"
CorteMadera,A,30,c,2023-05-18,2023-06-20,Spring,2023,NA,NA,Jun,Scarped,East.facing,M12,"Growth
(Months 10-12)"
CorteMadera,A,48,a,2023-05-18,2023-06-20,Spring,2023,6.519569624,NA,Jun,Scarped,East.facing,M12,"Growth
(Months 10-12)"
CorteMadera,A,48,b,2023-05-18,2023-06-20,Spring,2023,4.50647123,NA,Jun,Scarped,East.facing,M12,"Growth
(Months 10-12)"
CorteMadera,A,48,c,2023-05-18,2023-06-20,Spring,2023,14.29907999,12.90998998,Jun,Scarped,East.facing,M12,"Growth
(Months 10-12)"
CorteMadera,B,0.5,a,2023-05-18,2023-06-20,Spring,2023,NA,NA,Jun,Scarped,East.facing,M12,"Growth
(Months 10-12)"
CorteMadera,B,0.5,b,2023-05-18,2023-06-20,Spring,2023,NA,NA,Jun,Scarped,East.facing,M12,"Growth
(Months 10-12)"
CorteMadera,B,0.5,c,2023-05-18,2023-06-20,Spring,2023,NA,NA,Jun,Scarped,East.facing,M12,"Growth
(Months 10-12)"
CorteMadera,B,2,a,2023-05-18,2023-06-20,Spring,2023,NA,NA,Jun,Scarped,East.facing,M12,"Growth
(Months 10-12)"
CorteMadera,B,2,b,2023-05-18,2023-06-20,Spring,2023,NA,NA,Jun,Scarped,East.facing,M12,"Growth
(Months 10-12)"
CorteMadera,B,2,c,2023-05-18,2023-06-20,Spring,2023,NA,NA,Jun,Scarped,East.facing,M12,"Growth
(Months 10-12)"
CorteMadera,B,6,a,2023-05-18,2023-06-20,Spring,2023,0.188159468,NA,Jun,Scarped,East.facing,M12,"Growth
(Months 10-12)"
CorteMadera,B,6,b,2023-05-18,2023-06-20,Spring,2023,NA,NA,Jun,Scarped,East.facing,M12,"Growth
(Months 10-12)"
CorteMadera,B,6,c,2023-05-18,2023-06-20,Spring,2023,5.592806279,7.667963341,Jun,Scarped,East.facing,M12,"Growth
(Months 10-12)"
CorteMadera,B,12,a,2023-05-18,2023-06-20,Spring,2023,6.444721659,8.695652174,Jun,Scarped,East.facing,M12,"Growth
(Months 10-12)"
CorteMadera,B,12,b,2023-05-18,2023-06-20,Spring,2023,4.65408805,NA,Jun,Scarped,East.facing,M12,"Growth
(Months 10-12)"
CorteMadera,B,12,c,2023-05-18,2023-06-20,Spring,2023,NA,NA,Jun,Scarped,East.facing,M12,"Growth
(Months 10-12)"
CorteMadera,B,18,a,2023-05-18,2023-06-20,Spring,2023,10.54784552,9.812091831,Jun,Scarped,East.facing,M12,"Growth
(Months 10-12)"
CorteMadera,B,18,b,2023-05-18,2023-06-20,Spring,2023,7.339778575,NA,Jun,Scarped,East.facing,M12,"Growth
(Months 10-12)"
CorteMadera,B,18,c,2023-05-18,2023-06-20,Spring,2023,5.150475596,NA,Jun,Scarped,East.facing,M12,"Growth
(Months 10-12)"
CorteMadera,B,24,a,2023-05-18,2023-06-20,Spring,2023,10.77083008,NA,Jun,Scarped,East.facing,M12,"Growth
(Months 10-12)"
CorteMadera,B,24,b,2023-05-18,2023-06-20,Spring,2023,9.600810853,NA,Jun,Scarped,East.facing,M12,"Growth
(Months 10-12)"
CorteMadera,B,24,c,2023-05-18,2023-06-20,Spring,2023,11.69551432,10.06012174,Jun,Scarped,East.facing,M12,"Growth
(Months 10-12)"
CorteMadera,B,30,a,2023-05-18,2023-06-20,Spring,2023,4.440459483,NA,Jun,Scarped,East.facing,M12,"Growth
(Months 10-12)"
CorteMadera,B,30,b,2023-05-18,2023-06-20,Spring,2023,8.251988149,9.748427673,Jun,Scarped,East.facing,M12,"Growth
(Months 10-12)"
CorteMadera,B,30,c,2023-05-18,2023-06-20,Spring,2023,5.39425126,NA,Jun,Scarped,East.facing,M12,"Growth
(Months 10-12)"
CorteMadera,B,48,a,2023-05-18,2023-06-20,Spring,2023,4.179011383,7.934885184,Jun,Scarped,East.facing,M12,"Growth
(Months 10-12)"
CorteMadera,B,48,b,2023-05-18,2023-06-20,Spring,2023,5.302250637,NA,Jun,Scarped,East.facing,M12,"Growth
(Months 10-12)"
CorteMadera,B,48,c,2023-05-18,2023-06-20,Spring,2023,4.699828473,NA,Jun,Scarped,East.facing,M12,"Growth
(Months 10-12)"
CorteMadera,C,0.5,b,2023-05-18,2023-06-20,Spring,2023,3.727324705,7.101582782,Jun,Scarped,East.facing,M12,"Growth
(Months 10-12)"
CorteMadera,C,0.5,c,2023-05-18,2023-06-20,Spring,2023,5.722230885,NA,Jun,Scarped,East.facing,M12,"Growth
(Months 10-12)"
CorteMadera,C,2,a,2023-05-18,2023-06-20,Spring,2023,2.985602162,NA,Jun,Scarped,East.facing,M12,"Growth
(Months 10-12)"
CorteMadera,C,2,b,2023-05-18,2023-06-20,Spring,2023,7.563802692,NA,Jun,Scarped,East.facing,M12,"Growth
(Months 10-12)"
CorteMadera,C,2,c,2023-05-18,2023-06-20,Spring,2023,4.532460107,7.95045045,Jun,Scarped,East.facing,M12,"Growth
(Months 10-12)"
CorteMadera,C,6,a,2023-05-18,2023-06-20,Spring,2023,20.10031706,NA,Jun,Scarped,East.facing,M12,"Growth
(Months 10-12)"
CorteMadera,C,6,b,2023-05-18,2023-06-20,Spring,2023,9.14808462,7.728934205,Jun,Scarped,East.facing,M12,"Growth
(Months 10-12)"
CorteMadera,C,6,c,2023-05-18,2023-06-20,Spring,2023,11.38416758,NA,Jun,Scarped,East.facing,M12,"Growth
(Months 10-12)"
CorteMadera,C,12,a,2023-05-18,2023-06-20,Spring,2023,22.9315453,NA,Jun,Scarped,East.facing,M12,"Growth
(Months 10-12)"
CorteMadera,C,12,b,2023-05-18,2023-06-20,Spring,2023,16.96969697,NA,Jun,Scarped,East.facing,M12,"Growth
(Months 10-12)"
CorteMadera,C,12,c,2023-05-18,2023-06-20,Spring,2023,15.79084152,9.990738251,Jun,Scarped,East.facing,M12,"Growth
(Months 10-12)"
CorteMadera,C,24,a,2023-05-18,2023-06-20,Spring,2023,8.877280524,11.21589761,Jun,Scarped,East.facing,M12,"Growth
(Months 10-12)"
CorteMadera,C,24,b,2023-05-18,2023-06-20,Spring,2023,6.859504132,NA,Jun,Scarped,East.facing,M12,"Growth
(Months 10-12)"
CorteMadera,C,24,c,2023-05-18,2023-06-20,Spring,2023,7.643848433,NA,Jun,Scarped,East.facing,M12,"Growth
(Months 10-12)"
CorteMadera,C,48,a,2023-05-18,2023-06-20,Spring,2023,12.78860648,NA,Jun,Scarped,East.facing,M12,"Growth
(Months 10-12)"
CorteMadera,C,48,b,2023-05-18,2023-06-20,Spring,2023,5.50392432,NA,Jun,Scarped,East.facing,M12,"Growth
(Months 10-12)"
CorteMadera,C,48,c,2023-05-18,2023-06-20,Spring,2023,11.24070898,11.40394752,Jun,Scarped,East.facing,M12,"Growth
(Months 10-12)"
CorteMadera,D,0.5,b,2023-05-18,2023-06-20,Spring,2023,10.67778991,9.082195064,Jun,Scarped,East.facing,M12,"Growth
(Months 10-12)"
CorteMadera,D,0.5,c,2023-05-18,2023-06-20,Spring,2023,10.95846977,NA,Jun,Scarped,East.facing,M12,"Growth
(Months 10-12)"
CorteMadera,D,2,a,2023-05-18,2023-06-20,Spring,2023,NA,NA,Jun,Scarped,East.facing,M12,"Growth
(Months 10-12)"
CorteMadera,D,2,b,2023-05-18,2023-06-20,Spring,2023,4.491397682,NA,Jun,Scarped,East.facing,M12,"Growth
(Months 10-12)"
CorteMadera,D,2,c,2023-05-18,2023-06-20,Spring,2023,2.871770882,7.68777035,Jun,Scarped,East.facing,M12,"Growth
(Months 10-12)"
CorteMadera,D,6,a,2023-05-18,2023-06-20,Spring,2023,12.87852799,NA,Jun,Scarped,East.facing,M12,"Growth
(Months 10-12)"
CorteMadera,D,6,b,2023-05-18,2023-06-20,Spring,2023,6.697333541,NA,Jun,Scarped,East.facing,M12,"Growth
(Months 10-12)"
CorteMadera,D,6,c,2023-05-18,2023-06-20,Spring,2023,3.54072457,7.58626669,Jun,Scarped,East.facing,M12,"Growth
(Months 10-12)"
CorteMadera,D,12,a,2023-05-18,2023-06-20,Spring,2023,5.283538645,NA,Jun,Scarped,East.facing,M12,"Growth
(Months 10-12)"
CorteMadera,D,12,b,2023-05-18,2023-06-20,Spring,2023,6.842351474,NA,Jun,Scarped,East.facing,M12,"Growth
(Months 10-12)"
CorteMadera,D,12,c,2023-05-18,2023-06-20,Spring,2023,7.321066584,9.380813181,Jun,Scarped,East.facing,M12,"Growth
(Months 10-12)"
CorteMadera,D,24,a,2023-05-18,2023-06-20,Spring,2023,5.816310619,9.52685422,Jun,Scarped,East.facing,M12,"Growth
(Months 10-12)"
CorteMadera,D,24,b,2023-05-18,2023-06-20,Spring,2023,6.733717969,NA,Jun,Scarped,East.facing,M12,"Growth
(Months 10-12)"
CorteMadera,D,24,c,2023-05-18,2023-06-20,Spring,2023,4.10156453,NA,Jun,Scarped,East.facing,M12,"Growth
(Months 10-12)"
CorteMadera,D,48,a,2023-05-18,2023-06-20,Spring,2023,5.325120848,10.54745014,Jun,Scarped,East.facing,M12,"Growth
(Months 10-12)"
CorteMadera,D,48,b,2023-05-18,2023-06-20,Spring,2023,4.030355008,NA,Jun,Scarped,East.facing,M12,"Growth
(Months 10-12)"
CorteMadera,D,48,c,2023-05-18,2023-06-20,Spring,2023,4.418109049,NA,Jun,Scarped,East.facing,M12,"Growth
(Months 10-12)"
SanPablo,A,0.5,b,2023-05-19,2023-06-21,Spring,2023,52.63288402,NA,Jun,Ramped,South.facing,M12,"Growth
(Months 10-12)"
SanPablo,A,0.5,c,2023-05-19,2023-06-21,Spring,2023,50.97915759,NA,Jun,Ramped,South.facing,M12,"Growth
(Months 10-12)"
SanPablo,A,0.5,a,2023-05-19,2023-06-21,Spring,2023,20.92675943,NA,Jun,Ramped,South.facing,M12,"Growth
(Months 10-12)"
SanPablo,A,2,b,2023-05-19,2023-06-21,Spring,2023,8.632950899,NA,Jun,Ramped,South.facing,M12,"Growth
(Months 10-12)"
SanPablo,A,2,c,2023-05-19,2023-06-21,Spring,2023,26.52510674,NA,Jun,Ramped,South.facing,M12,"Growth
(Months 10-12)"
SanPablo,A,2,a,2023-05-19,2023-06-21,Spring,2023,10.50599617,NA,Jun,Ramped,South.facing,M12,"Growth
(Months 10-12)"
SanPablo,A,6,b,2023-05-19,2023-06-21,Spring,2023,37.17662252,NA,Jun,Ramped,South.facing,M12,"Growth
(Months 10-12)"
SanPablo,A,6,c,2023-05-19,2023-06-21,Spring,2023,6.641411086,NA,Jun,Ramped,South.facing,M12,"Growth
(Months 10-12)"
SanPablo,A,6,a,2023-05-19,2023-06-21,Spring,2023,4.436788985,NA,Jun,Ramped,South.facing,M12,"Growth
(Months 10-12)"
SanPablo,A,9,b,2023-05-19,2023-06-21,Spring,2023,0.895985031,NA,Jun,Ramped,South.facing,M12,"Growth
(Months 10-12)"
SanPablo,A,9,c,2023-05-19,2023-06-21,Spring,2023,NA,NA,Jun,Ramped,South.facing,M12,"Growth
(Months 10-12)"
SanPablo,A,9,a,2023-05-19,2023-06-21,Spring,2023,NA,NA,Jun,Ramped,South.facing,M12,"Growth
(Months 10-12)"
SanPablo,A,12,b,2023-05-19,2023-06-21,Spring,2023,NA,NA,Jun,Ramped,South.facing,M12,"Growth
(Months 10-12)"
SanPablo,A,12,c,2023-05-19,2023-06-21,Spring,2023,7.233364073,NA,Jun,Ramped,South.facing,M12,"Growth
(Months 10-12)"
SanPablo,A,12,a,2023-05-19,2023-06-21,Spring,2023,5.360318799,NA,Jun,Ramped,South.facing,M12,"Growth
(Months 10-12)"
SanPablo,A,18,b,2023-05-19,2023-06-21,Spring,2023,NA,NA,Jun,Ramped,South.facing,M12,"Growth
(Months 10-12)"
SanPablo,A,18,c,2023-05-19,2023-06-21,Spring,2023,NA,NA,Jun,Ramped,South.facing,M12,"Growth
(Months 10-12)"
SanPablo,A,18,a,2023-05-19,2023-06-21,Spring,2023,NA,NA,Jun,Ramped,South.facing,M12,"Growth
(Months 10-12)"
SanPablo,A,24,b,2023-05-19,2023-06-21,Spring,2023,3.559513618,NA,Jun,Ramped,South.facing,M12,"Growth
(Months 10-12)"
SanPablo,A,24,c,2023-05-19,2023-06-21,Spring,2023,2.513851273,NA,Jun,Ramped,South.facing,M12,"Growth
(Months 10-12)"
SanPablo,A,24,a,2023-05-19,2023-06-21,Spring,2023,2.558546582,NA,Jun,Ramped,South.facing,M12,"Growth
(Months 10-12)"
SanPablo,A,48,b,2023-05-19,2023-06-21,Spring,2023,15.7748455,8.835452879,Jun,Ramped,South.facing,M12,"Growth
(Months 10-12)"
SanPablo,A,48,c,2023-05-19,2023-06-21,Spring,2023,13.72613727,12.93029685,Jun,Ramped,South.facing,M12,"Growth
(Months 10-12)"
SanPablo,A,48,a,2023-05-19,2023-06-21,Spring,2023,7.104994988,NA,Jun,Ramped,South.facing,M12,"Growth
(Months 10-12)"
SanPablo,A,72,b,2023-05-19,2023-06-21,Spring,2023,13.67988282,NA,Jun,Ramped,South.facing,M12,"Growth
(Months 10-12)"
SanPablo,A,72,c,2023-05-19,2023-06-21,Spring,2023,13.81968559,NA,Jun,Ramped,South.facing,M12,"Growth
(Months 10-12)"
SanPablo,A,72,a,2023-05-19,2023-06-21,Spring,2023,12.85613788,10.93800365,Jun,Ramped,South.facing,M12,"Growth
(Months 10-12)"
SanPablo,A,150,b,2023-05-19,2023-06-21,Spring,2023,4.290749661,NA,Jun,Ramped,South.facing,M12,"Growth
(Months 10-12)"
SanPablo,A,150,c,2023-05-19,2023-06-21,Spring,2023,2.828797288,NA,Jun,Ramped,South.facing,M12,"Growth
(Months 10-12)"
SanPablo,A,150,a,2023-05-19,2023-06-21,Spring,2023,3.566789599,NA,Jun,Ramped,South.facing,M12,"Growth
(Months 10-12)"
SanPablo,B,0.5,b,2023-05-19,2023-06-21,Spring,2023,NA,NA,Jun,Ramped,South.facing,M12,"Growth
(Months 10-12)"
SanPablo,B,0.5,c,2023-05-19,2023-06-21,Spring,2023,8.52537033,NA,Jun,Ramped,South.facing,M12,"Growth
(Months 10-12)"
SanPablo,B,0.5,a,2023-05-19,2023-06-21,Spring,2023,6.731841129,NA,Jun,Ramped,South.facing,M12,"Growth
(Months 10-12)"
SanPablo,B,2,b,2023-05-19,2023-06-21,Spring,2023,9.386534597,NA,Jun,Ramped,South.facing,M12,"Growth
(Months 10-12)"
SanPablo,B,2,c,2023-05-19,2023-06-21,Spring,2023,NA,NA,Jun,Ramped,South.facing,M12,"Growth
(Months 10-12)"
SanPablo,B,2,a,2023-05-19,2023-06-21,Spring,2023,7.813363664,NA,Jun,Ramped,South.facing,M12,"Growth
(Months 10-12)"
SanPablo,B,6,b,2023-05-19,2023-06-21,Spring,2023,4.655068401,NA,Jun,Ramped,South.facing,M12,"Growth
(Months 10-12)"
SanPablo,B,6,c,2023-05-19,2023-06-21,Spring,2023,4.695086294,NA,Jun,Ramped,South.facing,M12,"Growth
(Months 10-12)"
SanPablo,B,6,a,2023-05-19,2023-06-21,Spring,2023,3.876018771,NA,Jun,Ramped,South.facing,M12,"Growth
(Months 10-12)"
SanPablo,B,9,b,2023-05-19,2023-06-21,Spring,2023,3.68736299,NA,Jun,Ramped,South.facing,M12,"Growth
(Months 10-12)"
SanPablo,B,9,c,2023-05-19,2023-06-21,Spring,2023,4.313097316,NA,Jun,Ramped,South.facing,M12,"Growth
(Months 10-12)"
SanPablo,B,9,a,2023-05-19,2023-06-21,Spring,2023,NA,NA,Jun,Ramped,South.facing,M12,"Growth
(Months 10-12)"
SanPablo,B,12,b,2023-05-19,2023-06-21,Spring,2023,2.331432047,NA,Jun,Ramped,South.facing,M12,"Growth
(Months 10-12)"
SanPablo,B,12,c,2023-05-19,2023-06-21,Spring,2023,2.616754426,NA,Jun,Ramped,South.facing,M12,"Growth
(Months 10-12)"
SanPablo,B,12,a,2023-05-19,2023-06-21,Spring,2023,2.261270806,NA,Jun,Ramped,South.facing,M12,"Growth
(Months 10-12)"
SanPablo,B,18,b,2023-05-19,2023-06-21,Spring,2023,NA,NA,Jun,Ramped,South.facing,M12,"Growth
(Months 10-12)"
SanPablo,B,18,c,2023-05-19,2023-06-21,Spring,2023,7.506213343,NA,Jun,Ramped,South.facing,M12,"Growth
(Months 10-12)"
SanPablo,B,18,a,2023-05-19,2023-06-21,Spring,2023,3.104245122,NA,Jun,Ramped,South.facing,M12,"Growth
(Months 10-12)"
SanPablo,B,24,b,2023-05-19,2023-06-21,Spring,2023,2.647417487,NA,Jun,Ramped,South.facing,M12,"Growth
(Months 10-12)"
SanPablo,B,24,c,2023-05-19,2023-06-21,Spring,2023,4.179011389,6.541195051,Jun,Ramped,South.facing,M12,"Growth
(Months 10-12)"
SanPablo,B,24,a,2023-05-19,2023-06-21,Spring,2023,37.25665831,NA,Jun,Ramped,South.facing,M12,"Growth
(Months 10-12)"
SanPablo,B,48,b,2023-05-19,2023-06-21,Spring,2023,1.649185782,NA,Jun,Ramped,South.facing,M12,"Growth
(Months 10-12)"
SanPablo,B,48,c,2023-05-19,2023-06-21,Spring,2023,NA,12.81419292,Jun,Ramped,South.facing,M12,"Growth
(Months 10-12)"
SanPablo,B,48,a,2023-05-19,2023-06-21,Spring,2023,2.183833585,NA,Jun,Ramped,South.facing,M12,"Growth
(Months 10-12)"
SanPablo,B,72,b,2023-05-19,2023-06-21,Spring,2023,17.82979029,NA,Jun,Ramped,South.facing,M12,"Growth
(Months 10-12)"
SanPablo,B,72,c,2023-05-19,2023-06-21,Spring,2023,14.94590344,NA,Jun,Ramped,South.facing,M12,"Growth
(Months 10-12)"
SanPablo,B,72,a,2023-05-19,2023-06-21,Spring,2023,15.67869862,13.27806122,Jun,Ramped,South.facing,M12,"Growth
(Months 10-12)"
SanPablo,B,150,b,2023-05-19,2023-06-21,Spring,2023,4.507469939,NA,Jun,Ramped,South.facing,M12,"Growth
(Months 10-12)"
SanPablo,B,150,c,2023-05-19,2023-06-21,Spring,2023,5.583795344,NA,Jun,Ramped,South.facing,M12,"Growth
(Months 10-12)"
SanPablo,B,150,a,2023-05-19,2023-06-21,Spring,2023,4.314136742,NA,Jun,Ramped,South.facing,M12,"Growth
(Months 10-12)"
SanPablo,C,0.5,b,2023-05-19,2023-06-21,Spring,2023,41.16334014,NA,Jun,Ramped,South.facing,M12,"Growth
(Months 10-12)"
SanPablo,C,0.5,c,2023-05-19,2023-06-21,Spring,2023,61.68992064,NA,Jun,Ramped,South.facing,M12,"Growth
(Months 10-12)"
SanPablo,C,0.5,a,2023-05-19,2023-06-21,Spring,2023,20.19240511,NA,Jun,Ramped,South.facing,M12,"Growth
(Months 10-12)"
SanPablo,C,2,b,2023-05-19,2023-06-21,Spring,2023,14.1907606,NA,Jun,Ramped,South.facing,M12,"Growth
(Months 10-12)"
SanPablo,C,2,c,2023-05-19,2023-06-21,Spring,2023,13.93558157,NA,Jun,Ramped,South.facing,M12,"Growth
(Months 10-12)"
SanPablo,C,2,a,2023-05-19,2023-06-21,Spring,2023,22.11378368,NA,Jun,Ramped,South.facing,M12,"Growth
(Months 10-12)"
SanPablo,C,6,b,2023-05-19,2023-06-21,Spring,2023,9.881301273,NA,Jun,Ramped,South.facing,M12,"Growth
(Months 10-12)"
SanPablo,C,6,c,2023-05-19,2023-06-21,Spring,2023,1.737400208,NA,Jun,Ramped,South.facing,M12,"Growth
(Months 10-12)"
SanPablo,C,6,a,2023-05-19,2023-06-21,Spring,2023,3.029926178,NA,Jun,Ramped,South.facing,M12,"Growth
(Months 10-12)"
SanPablo,C,12,b,2023-05-19,2023-06-21,Spring,2023,5.971501164,NA,Jun,Ramped,South.facing,M12,"Growth
(Months 10-12)"
SanPablo,C,12,c,2023-05-19,2023-06-21,Spring,2023,6.438723057,NA,Jun,Ramped,South.facing,M12,"Growth
(Months 10-12)"
SanPablo,C,12,a,2023-05-19,2023-06-21,Spring,2023,3.987237331,NA,Jun,Ramped,South.facing,M12,"Growth
(Months 10-12)"
SanPablo,C,24,b,2023-05-19,2023-06-21,Spring,2023,NA,NA,Jun,Ramped,South.facing,M12,"Growth
(Months 10-12)"
SanPablo,C,24,c,2023-05-19,2023-06-21,Spring,2023,NA,NA,Jun,Ramped,South.facing,M12,"Growth
(Months 10-12)"
SanPablo,C,24,a,2023-05-19,2023-06-21,Spring,2023,NA,7.243460765,Jun,Ramped,South.facing,M12,"Growth
(Months 10-12)"
SanPablo,C,48,b,2023-05-19,2023-06-21,Spring,2023,3.190962931,NA,Jun,Ramped,South.facing,M12,"Growth
(Months 10-12)"
SanPablo,C,48,c,2023-05-19,2023-06-21,Spring,2023,2.478510796,16.97266822,Jun,Ramped,South.facing,M12,"Growth
(Months 10-12)"
SanPablo,C,48,a,2023-05-19,2023-06-21,Spring,2023,5.748024619,NA,Jun,Ramped,South.facing,M12,"Growth
(Months 10-12)"
SanPablo,C,72,b,2023-05-19,2023-06-21,Spring,2023,18.81048852,NA,Jun,Ramped,South.facing,M12,"Growth
(Months 10-12)"
SanPablo,C,72,c,2023-05-19,2023-06-21,Spring,2023,16.22335773,11.83749227,Jun,Ramped,South.facing,M12,"Growth
(Months 10-12)"
SanPablo,C,72,a,2023-05-19,2023-06-21,Spring,2023,13.90907621,NA,Jun,Ramped,South.facing,M12,"Growth
(Months 10-12)"
SanPablo,C,150,b,2023-05-19,2023-06-21,Spring,2023,5.164906751,NA,Jun,Ramped,South.facing,M12,"Growth
(Months 10-12)"
SanPablo,C,150,c,2023-05-19,2023-06-21,Spring,2023,4.905570016,NA,Jun,Ramped,South.facing,M12,"Growth
(Months 10-12)"
SanPablo,C,150,a,2023-05-19,2023-06-21,Spring,2023,4.303742484,NA,Jun,Ramped,South.facing,M12,"Growth
(Months 10-12)"
SanPablo,D,0.5,b,2023-05-19,2023-06-21,Spring,2023,56.48395657,NA,Jun,Ramped,South.facing,M12,"Growth
(Months 10-12)"
SanPablo,D,0.5,c,2023-05-19,2023-06-21,Spring,2023,8.253560486,NA,Jun,Ramped,South.facing,M12,"Growth
(Months 10-12)"
SanPablo,D,0.5,a,2023-05-19,2023-06-21,Spring,2023,100.3627966,NA,Jun,Ramped,South.facing,M12,"Growth
(Months 10-12)"
SanPablo,D,2,b,2023-05-19,2023-06-21,Spring,2023,65.57893223,NA,Jun,Ramped,South.facing,M12,"Growth
(Months 10-12)"
SanPablo,D,2,c,2023-05-19,2023-06-21,Spring,2023,10.84432927,NA,Jun,Ramped,South.facing,M12,"Growth
(Months 10-12)"
SanPablo,D,2,a,2023-05-19,2023-06-21,Spring,2023,20.8571179,NA,Jun,Ramped,South.facing,M12,"Growth
(Months 10-12)"
SanPablo,D,6,b,2023-05-19,2023-06-21,Spring,2023,13.26723078,NA,Jun,Ramped,South.facing,M12,"Growth
(Months 10-12)"
SanPablo,D,6,c,2023-05-19,2023-06-21,Spring,2023,6.733400268,NA,Jun,Ramped,South.facing,M12,"Growth
(Months 10-12)"
SanPablo,D,6,a,2023-05-19,2023-06-21,Spring,2023,4.641036153,NA,Jun,Ramped,South.facing,M12,"Growth
(Months 10-12)"
SanPablo,D,12,b,2023-05-19,2023-06-21,Spring,2023,3.76272136,NA,Jun,Ramped,South.facing,M12,"Growth
(Months 10-12)"
SanPablo,D,12,c,2023-05-19,2023-06-21,Spring,2023,4.984046663,7.899063077,Jun,Ramped,South.facing,M12,"Growth
(Months 10-12)"
SanPablo,D,12,a,2023-05-19,2023-06-21,Spring,2023,69.93152773,7.591070515,Jun,Ramped,South.facing,M12,"Growth
(Months 10-12)"
SanPablo,D,24,c,2023-05-19,2023-06-21,Spring,2023,219.8666191,NA,Jun,Ramped,South.facing,M12,"Growth
(Months 10-12)"
SanPablo,D,24,a,2023-05-19,2023-06-21,Spring,2023,NA,NA,Jun,Ramped,South.facing,M12,"Growth
(Months 10-12)"
SanPablo,D,48,c,2023-05-19,2023-06-21,Spring,2023,5.935640974,6.999774927,Jun,Ramped,South.facing,M12,"Growth
(Months 10-12)"
SanPablo,D,48,a,2023-05-19,2023-06-21,Spring,2023,4.077147662,12.55252708,Jun,Ramped,South.facing,M12,"Growth
(Months 10-12)"
SanPablo,D,48,b,2023-05-19,2023-06-21,Spring,2023,2.215536072,NA,Jun,Ramped,South.facing,M12,"Growth
(Months 10-12)"
SanPablo,D,72,c,2023-05-19,2023-06-21,Spring,2023,10.95970553,NA,Jun,Ramped,South.facing,M12,"Growth
(Months 10-12)"
SanPablo,D,72,a,2023-05-19,2023-06-21,Spring,2023,9.387574023,11.17688022,Jun,Ramped,South.facing,M12,"Growth
(Months 10-12)"
SanPablo,D,72,b,2023-05-19,2023-06-21,Spring,2023,9.275316038,NA,Jun,Ramped,South.facing,M12,"Growth
(Months 10-12)"
SanPablo,D,150,c,2023-05-19,2023-06-21,Spring,2023,3.48987209,NA,Jun,Ramped,South.facing,M12,"Growth
(Months 10-12)"
SanPablo,D,150,a,2023-05-19,2023-06-21,Spring,2023,2.831915565,NA,Jun,Ramped,South.facing,M12,"Growth
(Months 10-12)"
SanPablo,D,150,b,2023-05-19,2023-06-21,Spring,2023,6.409619134,NA,Jun,Ramped,South.facing,M12,"Growth
(Months 10-12)"
CorteMadera,A,0.5,a,2023-06-20,2023-07-18,Summer,2023,NA,NA,Jul,Scarped,East.facing,NA,NA
CorteMadera,A,0.5,b,2023-06-20,2023-07-18,Summer,2023,NA,NA,Jul,Scarped,East.facing,NA,NA
CorteMadera,A,0.5,c,2023-06-20,2023-07-18,Summer,2023,NA,NA,Jul,Scarped,East.facing,NA,NA
CorteMadera,A,2,a,2023-06-20,2023-07-18,Summer,2023,NA,NA,Jul,Scarped,East.facing,NA,NA
CorteMadera,A,2,b,2023-06-20,2023-07-18,Summer,2023,NA,NA,Jul,Scarped,East.facing,NA,NA
CorteMadera,A,2,c,2023-06-20,2023-07-18,Summer,2023,NA,NA,Jul,Scarped,East.facing,NA,NA
CorteMadera,A,6,a,2023-06-20,2023-07-18,Summer,2023,2.997427101,NA,Jul,Scarped,East.facing,NA,NA
CorteMadera,A,6,b,2023-06-20,2023-07-18,Summer,2023,1.501470228,5.263868268,Jul,Scarped,East.facing,NA,NA
CorteMadera,A,6,c,2023-06-20,2023-07-18,Summer,2023,4.149105611,NA,Jul,Scarped,East.facing,NA,NA
CorteMadera,A,12,a,2023-06-20,2023-07-18,Summer,2023,11.53393776,NA,Jul,Scarped,East.facing,NA,NA
CorteMadera,A,12,b,2023-06-20,2023-07-18,Summer,2023,11.90149473,10.53554676,Jul,Scarped,East.facing,NA,NA
CorteMadera,A,12,c,2023-06-20,2023-07-18,Summer,2023,NA,NA,Jul,Scarped,East.facing,NA,NA
CorteMadera,A,18,a,2023-06-20,2023-07-18,Summer,2023,8.908355795,NA,Jul,Scarped,East.facing,NA,NA
CorteMadera,A,18,b,2023-06-20,2023-07-18,Summer,2023,11.63011517,NA,Jul,Scarped,East.facing,NA,NA
CorteMadera,A,18,c,2023-06-20,2023-07-18,Summer,2023,8.557338888,11.0829639,Jul,Scarped,East.facing,NA,NA
CorteMadera,A,24,a,2023-06-20,2023-07-18,Summer,2023,15.09188924,NA,Jul,Scarped,East.facing,NA,NA
CorteMadera,A,24,b,2023-06-20,2023-07-18,Summer,2023,14.48725802,NA,Jul,Scarped,East.facing,NA,NA
CorteMadera,A,24,c,2023-06-20,2023-07-18,Summer,2023,14.56750796,10.51354069,Jul,Scarped,East.facing,NA,NA
CorteMadera,A,30,a,2023-06-20,2023-07-18,Summer,2023,NA,NA,Jul,Scarped,East.facing,NA,NA
CorteMadera,A,30,b,2023-06-20,2023-07-18,Summer,2023,NA,NA,Jul,Scarped,East.facing,NA,NA
CorteMadera,A,30,c,2023-06-20,2023-07-18,Summer,2023,NA,NA,Jul,Scarped,East.facing,NA,NA
CorteMadera,A,48,a,2023-06-20,2023-07-18,Summer,2023,7.514702279,10.17456934,Jul,Scarped,East.facing,NA,NA
CorteMadera,A,48,b,2023-06-20,2023-07-18,Summer,2023,6.489218329,NA,Jul,Scarped,East.facing,NA,NA
CorteMadera,A,48,c,2023-06-20,2023-07-18,Summer,2023,14.53565303,NA,Jul,Scarped,East.facing,NA,NA
CorteMadera,B,0.5,a,2023-06-20,2023-07-18,Summer,2023,NA,NA,Jul,Scarped,East.facing,NA,NA
CorteMadera,B,0.5,b,2023-06-20,2023-07-18,Summer,2023,NA,NA,Jul,Scarped,East.facing,NA,NA
CorteMadera,B,0.5,c,2023-06-20,2023-07-18,Summer,2023,NA,NA,Jul,Scarped,East.facing,NA,NA
CorteMadera,B,2,a,2023-06-20,2023-07-18,Summer,2023,NA,NA,Jul,Scarped,East.facing,NA,NA
CorteMadera,B,2,b,2023-06-20,2023-07-18,Summer,2023,NA,NA,Jul,Scarped,East.facing,NA,NA
CorteMadera,B,2,c,2023-06-20,2023-07-18,Summer,2023,NA,NA,Jul,Scarped,East.facing,NA,NA
CorteMadera,B,6,a,2023-06-20,2023-07-18,Summer,2023,8.035407988,NA,Jul,Scarped,East.facing,NA,NA
CorteMadera,B,6,b,2023-06-20,2023-07-18,Summer,2023,3.684758638,7.685433423,Jul,Scarped,East.facing,NA,NA
CorteMadera,B,6,c,2023-06-20,2023-07-18,Summer,2023,7.529404558,NA,Jul,Scarped,East.facing,NA,NA
CorteMadera,B,12,a,2023-06-20,2023-07-18,Summer,2023,4.713305562,NA,Jul,Scarped,East.facing,NA,NA
CorteMadera,B,12,b,2023-06-20,2023-07-18,Summer,2023,5.916442049,9.336710247,Jul,Scarped,East.facing,NA,NA
CorteMadera,B,12,c,2023-06-20,2023-07-18,Summer,2023,5.852732173,NA,Jul,Scarped,East.facing,NA,NA
CorteMadera,B,18,a,2023-06-20,2023-07-18,Summer,2023,19.93077677,12.58584293,Jul,Scarped,East.facing,NA,NA
CorteMadera,B,18,b,2023-06-20,2023-07-18,Summer,2023,14.37760353,NA,Jul,Scarped,East.facing,NA,NA
CorteMadera,B,18,c,2023-06-20,2023-07-18,Summer,2023,4.783753982,NA,Jul,Scarped,East.facing,NA,NA
CorteMadera,B,24,a,2023-06-20,2023-07-18,Summer,2023,15.39083558,11.67054908,Jul,Scarped,East.facing,NA,NA
CorteMadera,B,24,b,2023-06-20,2023-07-18,Summer,2023,17.03565303,NA,Jul,Scarped,East.facing,NA,NA
CorteMadera,B,24,c,2023-06-20,2023-07-18,Summer,2023,14.98958589,NA,Jul,Scarped,East.facing,NA,NA
CorteMadera,B,30,a,2023-06-20,2023-07-18,Summer,2023,6.580494977,NA,Jul,Scarped,East.facing,NA,NA
CorteMadera,B,30,b,2023-06-20,2023-07-18,Summer,2023,7.202278853,10.23311417,Jul,Scarped,East.facing,NA,NA
CorteMadera,B,30,c,2023-06-20,2023-07-18,Summer,2023,6.063464837,NA,Jul,Scarped,East.facing,NA,NA
CorteMadera,B,48,a,2023-06-20,2023-07-18,Summer,2023,6.304827248,11.87912016,Jul,Scarped,East.facing,NA,NA
CorteMadera,B,48,b,2023-06-20,2023-07-18,Summer,2023,6.960916442,NA,Jul,Scarped,East.facing,NA,NA
CorteMadera,B,48,c,2023-06-20,2023-07-18,Summer,2023,6.962754227,NA,Jul,Scarped,East.facing,NA,NA
CorteMadera,C,0.5,a,2023-06-20,2023-07-18,Summer,2023,8.067875521,NA,Jul,Scarped,East.facing,NA,NA
CorteMadera,C,0.5,b,2023-06-20,2023-07-18,Summer,2023,2.17961284,NA,Jul,Scarped,East.facing,NA,NA
CorteMadera,C,0.5,c,2023-06-20,2023-07-18,Summer,2023,3.682920853,6.499165585,Jul,Scarped,East.facing,NA,NA
CorteMadera,C,2,a,2023-06-20,2023-07-18,Summer,2023,4.368414604,NA,Jul,Scarped,East.facing,NA,NA
CorteMadera,C,2,b,2023-06-20,2023-07-18,Summer,2023,11.18414604,6.959453618,Jul,Scarped,East.facing,NA,NA
CorteMadera,C,2,c,2023-06-20,2023-07-18,Summer,2023,8.595319775,NA,Jul,Scarped,East.facing,NA,NA
CorteMadera,C,6,a,2023-06-20,2023-07-18,Summer,2023,39.18524871,NA,Jul,Scarped,East.facing,NA,NA
CorteMadera,C,6,b,2023-06-20,2023-07-18,Summer,2023,25.00980152,NA,Jul,Scarped,East.facing,NA,NA
CorteMadera,C,6,c,2023-06-20,2023-07-18,Summer,2023,32.54410684,8.236870964,Jul,Scarped,East.facing,NA,NA
CorteMadera,C,12,a,2023-06-20,2023-07-18,Summer,2023,30.11761823,NA,Jul,Scarped,East.facing,NA,NA
CorteMadera,C,12,b,2023-06-20,2023-07-18,Summer,2023,31.2858368,NA,Jul,Scarped,East.facing,NA,NA
CorteMadera,C,12,c,2023-06-20,2023-07-18,Summer,2023,31.11247243,NA,Jul,Scarped,East.facing,NA,NA
CorteMadera,C,24,a,2023-06-20,2023-07-18,Summer,2023,10.72469983,NA,Jul,Scarped,East.facing,NA,NA
CorteMadera,C,24,b,2023-06-20,2023-07-18,Summer,2023,4.856040186,NA,Jul,Scarped,East.facing,NA,NA
CorteMadera,C,24,c,2023-06-20,2023-07-18,Summer,2023,5.556236217,NA,Jul,Scarped,East.facing,NA,NA
CorteMadera,C,48,a,2023-06-20,2023-07-18,Summer,2023,10.98137711,NA,Jul,Scarped,East.facing,NA,NA
CorteMadera,C,48,b,2023-06-20,2023-07-18,Summer,2023,11.17985788,NA,Jul,Scarped,East.facing,NA,NA
CorteMadera,C,48,c,2023-06-20,2023-07-18,Summer,2023,9.247733399,NA,Jul,Scarped,East.facing,NA,NA
CorteMadera,D,0.5,a,2023-06-20,2023-07-18,Summer,2023,36.77101201,NA,Jul,Scarped,East.facing,NA,NA
CorteMadera,D,0.5,b,2023-06-20,2023-07-18,Summer,2023,23.835457,NA,Jul,Scarped,East.facing,NA,NA
CorteMadera,D,0.5,c,2023-06-20,2023-07-18,Summer,2023,13.7258025,NA,Jul,Scarped,East.facing,NA,NA
CorteMadera,D,2,a,2023-06-20,2023-07-18,Summer,2023,10.74369027,NA,Jul,Scarped,East.facing,NA,NA
CorteMadera,D,2,b,2023-06-20,2023-07-18,Summer,2023,4.927101201,NA,Jul,Scarped,East.facing,NA,NA
CorteMadera,D,2,c,2023-06-20,2023-07-18,Summer,2023,5.696520461,NA,Jul,Scarped,East.facing,NA,NA
CorteMadera,D,6,a,2023-06-20,2023-07-18,Summer,2023,17.05280568,NA,Jul,Scarped,East.facing,NA,NA
CorteMadera,D,6,b,2023-06-20,2023-07-18,Summer,2023,12.2335212,NA,Jul,Scarped,East.facing,NA,NA
CorteMadera,D,6,c,2023-06-20,2023-07-18,Summer,2023,7.445479049,NA,Jul,Scarped,East.facing,NA,NA
CorteMadera,D,12,a,2023-06-20,2023-07-18,Summer,2023,8.994119088,NA,Jul,Scarped,East.facing,NA,NA
CorteMadera,D,12,b,2023-06-20,2023-07-18,Summer,2023,9.992648861,NA,Jul,Scarped,East.facing,NA,NA
CorteMadera,D,12,c,2023-06-20,2023-07-18,Summer,2023,9.963856898,NA,Jul,Scarped,East.facing,NA,NA
CorteMadera,D,24,a,2023-06-20,2023-07-18,Summer,2023,7.95025729,NA,Jul,Scarped,East.facing,NA,NA
CorteMadera,D,24,b,2023-06-20,2023-07-18,Summer,2023,8.999019848,NA,Jul,Scarped,East.facing,NA,NA
CorteMadera,D,24,c,2023-06-20,2023-07-18,Summer,2023,9.223842196,NA,Jul,Scarped,East.facing,NA,NA
CorteMadera,D,48,a,2023-06-20,2023-07-18,Summer,2023,6.319529527,NA,Jul,Scarped,East.facing,NA,NA
CorteMadera,D,48,b,2023-06-20,2023-07-18,Summer,2023,5.574614065,NA,Jul,Scarped,East.facing,NA,NA
CorteMadera,D,48,c,2023-06-20,2023-07-18,Summer,2023,1.314016173,NA,Jul,Scarped,East.facing,NA,NA
SanPablo,A,0.5,c,2023-06-21,2023-07-19,Summer,2023,14.16265898,NA,Jul,Ramped,South.facing,NA,NA
SanPablo,A,0.5,a,2023-06-21,2023-07-19,Summer,2023,6.418584182,NA,Jul,Ramped,South.facing,NA,NA
SanPablo,A,0.5,b,2023-06-21,2023-07-19,Summer,2023,10.01284432,NA,Jul,Ramped,South.facing,NA,NA
SanPablo,A,2,c,2023-06-21,2023-07-19,Summer,2023,2.898438816,NA,Jul,Ramped,South.facing,NA,NA
SanPablo,A,2,a,2023-06-21,2023-07-19,Summer,2023,14.80702873,NA,Jul,Ramped,South.facing,NA,NA
SanPablo,A,2,b,2023-06-21,2023-07-19,Summer,2023,12.71956476,NA,Jul,Ramped,South.facing,NA,NA
SanPablo,A,6,c,2023-06-21,2023-07-19,Summer,2023,113.6773584,NA,Jul,Ramped,South.facing,NA,NA
SanPablo,A,6,a,2023-06-21,2023-07-19,Summer,2023,NA,NA,Jul,Ramped,South.facing,NA,NA
SanPablo,A,6,b,2023-06-21,2023-07-19,Summer,2023,2.777772618,NA,Jul,Ramped,South.facing,NA,NA
SanPablo,A,9,c,2023-06-21,2023-07-19,Summer,2023,9.96261778,NA,Jul,Ramped,South.facing,NA,NA
SanPablo,A,9,a,2023-06-21,2023-07-19,Summer,2023,2.054387952,NA,Jul,Ramped,South.facing,NA,NA
SanPablo,A,9,b,2023-06-21,2023-07-19,Summer,2023,1.533134479,NA,Jul,Ramped,South.facing,NA,NA
SanPablo,A,12,c,2023-06-21,2023-07-19,Summer,2023,0.933478604,NA,Jul,Ramped,South.facing,NA,NA
SanPablo,A,12,a,2023-06-21,2023-07-19,Summer,2023,0.886314659,NA,Jul,Ramped,South.facing,NA,NA
SanPablo,A,12,b,2023-06-21,2023-07-19,Summer,2023,0.918778154,NA,Jul,Ramped,South.facing,NA,NA
SanPablo,A,18,c,2023-06-21,2023-07-19,Summer,2023,NA,NA,Jul,Ramped,South.facing,NA,NA
SanPablo,A,18,a,2023-06-21,2023-07-19,Summer,2023,NA,NA,Jul,Ramped,South.facing,NA,NA
SanPablo,A,18,b,2023-06-21,2023-07-19,Summer,2023,NA,NA,Jul,Ramped,South.facing,NA,NA
SanPablo,A,24,c,2023-06-21,2023-07-19,Summer,2023,1.422881101,NA,Jul,Ramped,South.facing,NA,NA
SanPablo,A,24,a,2023-06-21,2023-07-19,Summer,2023,27.41266499,NA,Jul,Ramped,South.facing,NA,NA
SanPablo,A,24,b,2023-06-21,2023-07-19,Summer,2023,9.464027502,NA,Jul,Ramped,South.facing,NA,NA
SanPablo,A,48,c,2023-06-21,2023-07-19,Summer,2023,31.40751241,NA,Jul,Ramped,South.facing,NA,NA
SanPablo,A,48,a,2023-06-21,2023-07-19,Summer,2023,28.23160259,NA,Jul,Ramped,South.facing,NA,NA
SanPablo,A,48,b,2023-06-21,2023-07-19,Summer,2023,23.50357021,NA,Jul,Ramped,South.facing,NA,NA
SanPablo,A,72,c,2023-06-21,2023-07-19,Summer,2023,20.47956505,NA,Jul,Ramped,South.facing,NA,NA
SanPablo,A,72,a,2023-06-21,2023-07-19,Summer,2023,19.96076165,NA,Jul,Ramped,South.facing,NA,NA
SanPablo,A,72,b,2023-06-21,2023-07-19,Summer,2023,18.09686703,NA,Jul,Ramped,South.facing,NA,NA
SanPablo,A,150,c,2023-06-21,2023-07-19,Summer,2023,2.078276184,NA,Jul,Ramped,South.facing,NA,NA
SanPablo,A,150,a,2023-06-21,2023-07-19,Summer,2023,1.874307434,NA,Jul,Ramped,South.facing,NA,NA
SanPablo,A,150,b,2023-06-21,2023-07-19,Summer,2023,1.369591968,NA,Jul,Ramped,South.facing,NA,NA
SanPablo,B,0.5,c,2023-06-21,2023-07-19,Summer,2023,2.268157002,NA,Jul,Ramped,South.facing,NA,NA
SanPablo,B,0.5,a,2023-06-21,2023-07-19,Summer,2023,4.760495874,NA,Jul,Ramped,South.facing,NA,NA
SanPablo,B,0.5,b,2023-06-21,2023-07-19,Summer,2023,6.70830556,NA,Jul,Ramped,South.facing,NA,NA
SanPablo,B,2,c,2023-06-21,2023-07-19,Summer,2023,17.58357631,NA,Jul,Ramped,South.facing,NA,NA
SanPablo,B,2,a,2023-06-21,2023-07-19,Summer,2023,18.86864068,NA,Jul,Ramped,South.facing,NA,NA
SanPablo,B,2,b,2023-06-21,2023-07-19,Summer,2023,18.15873143,NA,Jul,Ramped,South.facing,NA,NA
SanPablo,B,6,c,2023-06-21,2023-07-19,Summer,2023,3.264112521,NA,Jul,Ramped,South.facing,NA,NA
SanPablo,B,6,a,2023-06-21,2023-07-19,Summer,2023,NA,NA,Jul,Ramped,South.facing,NA,NA
SanPablo,B,6,b,2023-06-21,2023-07-19,Summer,2023,0.493690128,NA,Jul,Ramped,South.facing,NA,NA
SanPablo,B,9,c,2023-06-21,2023-07-19,Summer,2023,0.580667793,NA,Jul,Ramped,South.facing,NA,NA
SanPablo,B,9,a,2023-06-21,2023-07-19,Summer,2023,2.004773931,NA,Jul,Ramped,South.facing,NA,NA
SanPablo,B,9,b,2023-06-21,2023-07-19,Summer,2023,1.496995872,NA,Jul,Ramped,South.facing,NA,NA
SanPablo,B,12,c,2023-06-21,2023-07-19,Summer,2023,0.435500845,NA,Jul,Ramped,South.facing,NA,NA
SanPablo,B,12,a,2023-06-21,2023-07-19,Summer,2023,0.5972058,NA,Jul,Ramped,South.facing,NA,NA
SanPablo,B,12,b,2023-06-21,2023-07-19,Summer,2023,0.518803397,NA,Jul,Ramped,South.facing,NA,NA
SanPablo,B,18,c,2023-06-21,2023-07-19,Summer,2023,NA,NA,Jul,Ramped,South.facing,NA,NA
SanPablo,B,18,a,2023-06-21,2023-07-19,Summer,2023,NA,NA,Jul,Ramped,South.facing,NA,NA
SanPablo,B,18,b,2023-06-21,2023-07-19,Summer,2023,NA,NA,Jul,Ramped,South.facing,NA,NA
SanPablo,B,24,c,2023-06-21,2023-07-19,Summer,2023,NA,NA,Jul,Ramped,South.facing,NA,NA
SanPablo,B,24,a,2023-06-21,2023-07-19,Summer,2023,NA,13.00255662,Jul,Ramped,South.facing,NA,NA
SanPablo,B,24,b,2023-06-21,2023-07-19,Summer,2023,NA,NA,Jul,Ramped,South.facing,NA,NA
SanPablo,B,48,c,2023-06-21,2023-07-19,Summer,2023,6.574163949,NA,Jul,Ramped,South.facing,NA,NA
SanPablo,B,48,a,2023-06-21,2023-07-19,Summer,2023,4.682093471,NA,Jul,Ramped,South.facing,NA,NA
SanPablo,B,48,b,2023-06-21,2023-07-19,Summer,2023,5.803002819,7.075622208,Jul,Ramped,South.facing,NA,NA
SanPablo,B,72,c,2023-06-21,2023-07-19,Summer,2023,24.22082969,NA,Jul,Ramped,South.facing,NA,NA
SanPablo,B,72,a,2023-06-21,2023-07-19,Summer,2023,24.31148247,17.40708381,Jul,Ramped,South.facing,NA,NA
SanPablo,B,72,b,2023-06-21,2023-07-19,Summer,2023,25.40421595,NA,Jul,Ramped,South.facing,NA,NA
SanPablo,B,150,c,2023-06-21,2023-07-19,Summer,2023,6.119062504,NA,Jul,Ramped,South.facing,NA,NA
SanPablo,B,150,a,2023-06-21,2023-07-19,Summer,2023,4.45362397,NA,Jul,Ramped,South.facing,NA,NA
SanPablo,B,150,b,2023-06-21,2023-07-19,Summer,2023,6.126412729,NA,Jul,Ramped,South.facing,NA,NA
SanPablo,C,0.5,c,2023-06-21,2023-07-20,Summer,2023,23.08638156,NA,Jul,Ramped,South.facing,NA,NA
SanPablo,C,0.5,a,2023-06-21,2023-07-20,Summer,2023,54.04367155,NA,Jul,Ramped,South.facing,NA,NA
SanPablo,C,0.5,b,2023-06-21,2023-07-20,Summer,2023,12.05622805,NA,Jul,Ramped,South.facing,NA,NA
SanPablo,C,2,c,2023-06-21,2023-07-20,Summer,2023,20.27132979,NA,Jul,Ramped,South.facing,NA,NA
SanPablo,C,2,a,2023-06-21,2023-07-20,Summer,2023,6.938274675,NA,Jul,Ramped,South.facing,NA,NA
SanPablo,C,2,b,2023-06-21,2023-07-20,Summer,2023,3.105427917,NA,Jul,Ramped,South.facing,NA,NA
SanPablo,C,6,c,2023-06-21,2023-07-20,Summer,2023,2.032632975,NA,Jul,Ramped,South.facing,NA,NA
SanPablo,C,6,a,2023-06-21,2023-07-20,Summer,2023,0.835644572,NA,Jul,Ramped,South.facing,NA,NA
SanPablo,C,6,b,2023-06-21,2023-07-20,Summer,2023,NA,NA,Jul,Ramped,South.facing,NA,NA
SanPablo,C,12,c,2023-06-21,2023-07-20,Summer,2023,3.301771864,NA,Jul,Ramped,South.facing,NA,NA
SanPablo,C,12,a,2023-06-21,2023-07-20,Summer,2023,1.81499872,NA,Jul,Ramped,South.facing,NA,NA
SanPablo,C,12,b,2023-06-21,2023-07-20,Summer,2023,1.916719078,NA,Jul,Ramped,South.facing,NA,NA
SanPablo,C,24,c,2023-06-21,2023-07-20,Summer,2023,309.9366093,NA,Jul,Ramped,South.facing,NA,NA
SanPablo,C,24,a,2023-06-21,2023-07-20,Summer,2023,80.48382327,NA,Jul,Ramped,South.facing,NA,NA
SanPablo,C,24,b,2023-06-21,2023-07-20,Summer,2023,67.28565146,7.526092629,Jul,Ramped,South.facing,NA,NA
SanPablo,C,48,c,2023-06-21,2023-07-20,Summer,2023,4.025593038,NA,Jul,Ramped,South.facing,NA,NA
SanPablo,C,48,a,2023-06-21,2023-07-20,Summer,2023,5.272650497,NA,Jul,Ramped,South.facing,NA,NA
SanPablo,C,48,b,2023-06-21,2023-07-20,Summer,2023,19.54036256,11.68227,Jul,Ramped,South.facing,NA,NA
SanPablo,C,72,c,2023-06-21,2023-07-20,Summer,2023,11.97284102,NA,Jul,Ramped,South.facing,NA,NA
SanPablo,C,72,a,2023-06-21,2023-07-20,Summer,2023,17.60412737,NA,Jul,Ramped,South.facing,NA,NA
SanPablo,C,72,b,2023-06-21,2023-07-20,Summer,2023,21.4884257,NA,Jul,Ramped,South.facing,NA,NA
SanPablo,C,150,c,2023-06-21,2023-07-20,Summer,2023,4.078276693,12.14388979,Jul,Ramped,South.facing,NA,NA
SanPablo,C,150,a,2023-06-21,2023-07-20,Summer,2023,5.278222083,NA,Jul,Ramped,South.facing,NA,NA
SanPablo,C,150,b,2023-06-21,2023-07-20,Summer,2023,4.025050924,NA,Jul,Ramped,South.facing,NA,NA
SanPablo,D,0.5,c,2023-06-21,2023-07-20,Summer,2023,14.52945212,NA,Jul,Ramped,South.facing,NA,NA
SanPablo,D,0.5,a,2023-06-21,2023-07-20,Summer,2023,NA,NA,Jul,Ramped,South.facing,NA,NA
SanPablo,D,0.5,b,2023-06-21,2023-07-20,Summer,2023,26.71283062,NA,Jul,Ramped,South.facing,NA,NA
SanPablo,D,2,c,2023-06-21,2023-07-20,Summer,2023,13.31767878,NA,Jul,Ramped,South.facing,NA,NA
SanPablo,D,2,a,2023-06-21,2023-07-20,Summer,2023,2.634084163,NA,Jul,Ramped,South.facing,NA,NA
SanPablo,D,2,b,2023-06-21,2023-07-20,Summer,2023,5.392953185,NA,Jul,Ramped,South.facing,NA,NA
SanPablo,D,6,c,2023-06-21,2023-07-20,Summer,2023,2.144407089,NA,Jul,Ramped,South.facing,NA,NA
SanPablo,D,6,a,2023-06-21,2023-07-20,Summer,2023,0.655268355,NA,Jul,Ramped,South.facing,NA,NA
SanPablo,D,6,b,2023-06-21,2023-07-20,Summer,2023,0.974031571,NA,Jul,Ramped,South.facing,NA,NA
SanPablo,D,12,c,2023-06-21,2023-07-20,Summer,2023,3.661341503,NA,Jul,Ramped,South.facing,NA,NA
SanPablo,D,12,a,2023-06-21,2023-07-20,Summer,2023,3.195320327,NA,Jul,Ramped,South.facing,NA,NA
SanPablo,D,12,b,2023-06-21,2023-07-20,Summer,2023,0.953924058,7.618569533,Jul,Ramped,South.facing,NA,NA
SanPablo,D,24,a,2023-06-21,2023-07-20,Summer,2023,326.6660599,NA,Jul,Ramped,South.facing,NA,NA
SanPablo,D,24,b,2023-06-21,2023-07-20,Summer,2023,326.6660599,NA,Jul,Ramped,South.facing,NA,NA
SanPablo,D,48,a,2023-06-21,2023-07-20,Summer,2023,9.892896247,9.263369488,Jul,Ramped,South.facing,NA,NA
SanPablo,D,48,b,2023-06-21,2023-07-20,Summer,2023,14.22330538,11.22997903,Jul,Ramped,South.facing,NA,NA
SanPablo,D,48,c,2023-06-21,2023-07-20,Summer,2023,19.74581403,NA,Jul,Ramped,South.facing,NA,NA
SanPablo,D,72,a,2023-06-21,2023-07-20,Summer,2023,16.47928945,NA,Jul,Ramped,South.facing,NA,NA
SanPablo,D,72,b,2023-06-21,2023-07-20,Summer,2023,19.27305092,12.18938007,Jul,Ramped,South.facing,NA,NA
SanPablo,D,72,c,2023-06-21,2023-07-20,Summer,2023,17.10439654,NA,Jul,Ramped,South.facing,NA,NA
SanPablo,D,150,a,2023-06-21,2023-07-20,Summer,2023,3.915642399,NA,Jul,Ramped,South.facing,NA,NA
SanPablo,D,150,b,2023-06-21,2023-07-20,Summer,2023,4.091287436,NA,Jul,Ramped,South.facing,NA,NA
SanPablo,D,150,c,2023-06-21,2023-07-20,Summer,2023,4.591018267,NA,Jul,Ramped,South.facing,NA,NA
CorteMadera,A,0.5,a,2023-07-18,2023-08-15,Summer,2023,NA,NA,Aug,Scarped,East.facing,NA,NA
CorteMadera,A,0.5,b,2023-07-18,2023-08-15,Summer,2023,NA,NA,Aug,Scarped,East.facing,NA,NA
CorteMadera,A,0.5,c,2023-07-18,2023-08-15,Summer,2023,NA,NA,Aug,Scarped,East.facing,NA,NA
CorteMadera,A,2,a,2023-07-18,2023-08-15,Summer,2023,NA,NA,Aug,Scarped,East.facing,NA,NA
CorteMadera,A,2,b,2023-07-18,2023-08-15,Summer,2023,NA,NA,Aug,Scarped,East.facing,NA,NA
CorteMadera,A,2,c,2023-07-18,2023-08-15,Summer,2023,NA,NA,Aug,Scarped,East.facing,NA,NA
CorteMadera,A,6,a,2023-07-18,2023-08-15,Summer,2023,2.580249939,NA,Aug,Scarped,East.facing,NA,NA
CorteMadera,A,6,b,2023-07-18,2023-08-15,Summer,2023,2.729723107,7.217682799,Aug,Scarped,East.facing,NA,NA
CorteMadera,A,6,c,2023-07-18,2023-08-15,Summer,2023,3.970295951,NA,Aug,Scarped,East.facing,NA,NA
CorteMadera,A,12,a,2023-07-18,2023-08-15,Summer,2023,6.208037246,NA,Aug,Scarped,East.facing,NA,NA
CorteMadera,A,12,b,2023-07-18,2023-08-15,Summer,2023,6.435309973,10.15559429,Aug,Scarped,East.facing,NA,NA
CorteMadera,A,12,c,2023-07-18,2023-08-15,Summer,2023,3.883851997,NA,Aug,Scarped,East.facing,NA,NA
CorteMadera,A,18,a,2023-07-18,2023-08-15,Summer,2023,9.775177653,11.14813404,Aug,Scarped,East.facing,NA,NA
CorteMadera,A,18,b,2023-07-18,2023-08-15,Summer,2023,8.32761578,NA,Aug,Scarped,East.facing,NA,NA
CorteMadera,A,18,c,2023-07-18,2023-08-15,Summer,2023,9.766601323,NA,Aug,Scarped,East.facing,NA,NA
CorteMadera,A,24,a,2023-07-18,2023-08-15,Summer,2023,NA,NA,Aug,Scarped,East.facing,NA,NA
CorteMadera,A,24,b,2023-07-18,2023-08-15,Summer,2023,NA,NA,Aug,Scarped,East.facing,NA,NA
CorteMadera,A,24,c,2023-07-18,2023-08-15,Summer,2023,NA,NA,Aug,Scarped,East.facing,NA,NA
CorteMadera,A,30,a,2023-07-18,2023-08-15,Summer,2023,15.61075717,NA,Aug,Scarped,East.facing,NA,NA
CorteMadera,A,30,b,2023-07-18,2023-08-15,Summer,2023,14.47745651,14.02495215,Aug,Scarped,East.facing,NA,NA
CorteMadera,A,30,c,2023-07-18,2023-08-15,Summer,2023,15.26096545,NA,Aug,Scarped,East.facing,NA,NA
CorteMadera,A,48,a,2023-07-18,2023-08-15,Summer,2023,9.128889978,NA,Aug,Scarped,East.facing,NA,NA
CorteMadera,A,48,b,2023-07-18,2023-08-15,Summer,2023,4.874418035,-1236.5521,Aug,Scarped,East.facing,NA,NA
CorteMadera,A,48,c,2023-07-18,2023-08-15,Summer,2023,16.23560402,17.97420239,Aug,Scarped,East.facing,NA,NA
CorteMadera,B,0.5,a,2023-07-18,2023-08-15,Summer,2023,NA,NA,Aug,Scarped,East.facing,NA,NA
CorteMadera,B,0.5,b,2023-07-18,2023-08-15,Summer,2023,NA,NA,Aug,Scarped,East.facing,NA,NA
CorteMadera,B,0.5,c,2023-07-18,2023-08-15,Summer,2023,NA,NA,Aug,Scarped,East.facing,NA,NA
CorteMadera,B,2,a,2023-07-18,2023-08-15,Summer,2023,NA,NA,Aug,Scarped,East.facing,NA,NA
CorteMadera,B,2,b,2023-07-18,2023-08-15,Summer,2023,NA,NA,Aug,Scarped,East.facing,NA,NA
CorteMadera,B,2,c,2023-07-18,2023-08-15,Summer,2023,NA,NA,Aug,Scarped,East.facing,NA,NA
CorteMadera,B,6,a,2023-07-18,2023-08-15,Summer,2023,5.77064445,NA,Aug,Scarped,East.facing,NA,NA
CorteMadera,B,6,b,2023-07-18,2023-08-15,Summer,2023,5.019603038,8.443410387,Aug,Scarped,East.facing,NA,NA
CorteMadera,B,6,c,2023-07-18,2023-08-15,Summer,2023,7.239851344,NA,Aug,Scarped,East.facing,NA,NA
CorteMadera,B,12,a,2023-07-18,2023-08-15,Summer,2023,3.850159275,7.82166944,Aug,Scarped,East.facing,NA,NA
CorteMadera,B,12,b,2023-07-18,2023-08-15,Summer,2023,3.524871355,NA,Aug,Scarped,East.facing,NA,NA
CorteMadera,B,12,c,2023-07-18,2023-08-15,Summer,2023,4.115412889,NA,Aug,Scarped,East.facing,NA,NA
CorteMadera,B,18,a,2023-07-18,2023-08-15,Summer,2023,18.36498407,NA,Aug,Scarped,East.facing,NA,NA
CorteMadera,B,18,b,2023-07-18,2023-08-15,Summer,2023,15.64903507,13.15907755,Aug,Scarped,East.facing,NA,NA
CorteMadera,B,18,c,2023-07-18,2023-08-15,Summer,2023,4.280200931,NA,Aug,Scarped,East.facing,NA,NA
CorteMadera,B,24,a,2023-07-18,2023-08-15,Summer,2023,12.27579025,13.29007953,Aug,Scarped,East.facing,NA,NA
CorteMadera,B,24,b,2023-07-18,2023-08-15,Summer,2023,18.96103896,NA,Aug,Scarped,East.facing,NA,NA
CorteMadera,B,24,c,2023-07-18,2023-08-15,Summer,2023,11.41264396,NA,Aug,Scarped,East.facing,NA,NA
CorteMadera,B,30,a,2023-07-18,2023-08-15,Summer,2023,7.515927469,10.25803115,Aug,Scarped,East.facing,NA,NA
CorteMadera,B,30,b,2023-07-18,2023-08-15,Summer,2023,8.686596422,NA,Aug,Scarped,East.facing,NA,NA
CorteMadera,B,30,c,2023-07-18,2023-08-15,Summer,2023,6.696888018,NA,Aug,Scarped,East.facing,NA,NA
CorteMadera,B,48,a,2023-07-18,2023-08-15,Summer,2023,5.941558442,NA,Aug,Scarped,East.facing,NA,NA
CorteMadera,B,48,b,2023-07-18,2023-08-15,Summer,2023,6.3495466800000004,13.7470489,Aug,Scarped,East.facing,NA,NA
CorteMadera,B,48,c,2023-07-18,2023-08-15,Summer,2023,6.259495222,NA,Aug,Scarped,East.facing,NA,NA
CorteMadera,C,0.5,a,2023-07-18,2023-08-15,Summer,2023,4.586498407,7.327066763,Aug,Scarped,East.facing,NA,NA
CorteMadera,C,0.5,b,2023-07-18,2023-08-15,Summer,2023,3.742342563,NA,Aug,Scarped,East.facing,NA,NA
CorteMadera,C,0.5,c,2023-07-18,2023-08-15,Summer,2023,9.340847831,NA,Aug,Scarped,East.facing,NA,NA
CorteMadera,C,2,a,2023-07-18,2023-08-15,Summer,2023,2.186351384,5.751215463,Aug,Scarped,East.facing,NA,NA
CorteMadera,C,2,b,2023-07-18,2023-08-15,Summer,2023,14.98556999,NA,Aug,Scarped,East.facing,NA,NA
CorteMadera,C,2,c,2023-07-18,2023-08-15,Summer,2023,9.7451605,NA,Aug,Scarped,East.facing,NA,NA
CorteMadera,C,6,a,2023-07-18,2023-08-15,Summer,2023,36.53945111,NA,Aug,Scarped,East.facing,NA,NA
CorteMadera,C,6,b,2023-07-18,2023-08-15,Summer,2023,32.28681696,NA,Aug,Scarped,East.facing,NA,NA
CorteMadera,C,6,c,2023-07-18,2023-08-15,Summer,2023,36.19639794,9.427641351,Aug,Scarped,East.facing,NA,NA
CorteMadera,C,12,a,2023-07-18,2023-08-15,Summer,2023,30.85885812,NA,Aug,Scarped,East.facing,NA,NA
CorteMadera,C,12,b,2023-07-18,2023-08-15,Summer,2023,26.2741975,NA,Aug,Scarped,East.facing,NA,NA
CorteMadera,C,12,c,2023-07-18,2023-08-15,Summer,2023,31.40271347,11.39347409,Aug,Scarped,East.facing,NA,NA
CorteMadera,C,24,a,2023-07-18,2023-08-15,Summer,2023,10.09679,NA,Aug,Scarped,East.facing,NA,NA
CorteMadera,C,24,b,2023-07-18,2023-08-15,Summer,2023,8.195907866,10.02300361,Aug,Scarped,East.facing,NA,NA
CorteMadera,C,24,c,2023-07-18,2023-08-15,Summer,2023,5.929306543,NA,Aug,Scarped,East.facing,NA,NA
CorteMadera,C,48,a,2023-07-18,2023-08-15,Summer,2023,8.615535408,11.17330821,Aug,Scarped,East.facing,NA,NA
CorteMadera,C,48,b,2023-07-18,2023-08-15,Summer,2023,6.589683901,NA,Aug,Scarped,East.facing,NA,NA
CorteMadera,C,48,c,2023-07-18,2023-08-15,Summer,2023,5.474761088,NA,Aug,Scarped,East.facing,NA,NA
CorteMadera,D,0.5,a,2023-07-18,2023-08-15,Summer,2023,12.77995589,NA,Aug,Scarped,East.facing,NA,NA
CorteMadera,D,0.5,b,2023-07-18,2023-08-15,Summer,2023,16.44756187,8.918978354,Aug,Scarped,East.facing,NA,NA
CorteMadera,D,0.5,c,2023-07-18,2023-08-15,Summer,2023,14.31940701,NA,Aug,Scarped,East.facing,NA,NA
CorteMadera,D,2,a,2023-07-18,2023-08-15,Summer,2023,10.62545945,NA,Aug,Scarped,East.facing,NA,NA
CorteMadera,D,2,b,2023-07-18,2023-08-15,Summer,2023,5.819039451,8.734229863,Aug,Scarped,East.facing,NA,NA
CorteMadera,D,2,c,2023-07-18,2023-08-15,Summer,2023,3.879563832,NA,Aug,Scarped,East.facing,NA,NA
CorteMadera,D,6,a,2023-07-18,2023-08-15,Summer,2023,15.22298456,NA,Aug,Scarped,East.facing,NA,NA
CorteMadera,D,6,b,2023-07-18,2023-08-15,Summer,2023,6.321979907,NA,Aug,Scarped,East.facing,NA,NA
CorteMadera,D,6,c,2023-07-18,2023-08-15,Summer,2023,NA,NA,Aug,Scarped,East.facing,NA,NA
CorteMadera,D,12,a,2023-07-18,2023-08-15,Summer,2023,9.231193335,NA,Aug,Scarped,East.facing,NA,NA
CorteMadera,D,12,b,2023-07-18,2023-08-15,Summer,2023,7.04606714,8.292287549,Aug,Scarped,East.facing,NA,NA
CorteMadera,D,12,c,2023-07-18,2023-08-15,Summer,2023,8.124846851,NA,Aug,Scarped,East.facing,NA,NA
CorteMadera,D,24,a,2023-07-18,2023-08-15,Summer,2023,7.919627542,NA,Aug,Scarped,East.facing,NA,NA
CorteMadera,D,24,b,2023-07-18,2023-08-15,Summer,2023,NA,NA,Aug,Scarped,East.facing,NA,NA
CorteMadera,D,24,c,2023-07-18,2023-08-15,Summer,2023,7.842303057,NA,Aug,Scarped,East.facing,NA,NA
CorteMadera,D,48,a,2023-07-18,2023-08-15,Summer,2023,3.923670669,13.33032898,Aug,Scarped,East.facing,NA,NA
CorteMadera,D,48,b,2023-07-18,2023-08-15,Summer,2023,7.23903455,NA,Aug,Scarped,East.facing,NA,NA
CorteMadera,D,48,c,2023-07-18,2023-08-15,Summer,2023,4.374540554,NA,Aug,Scarped,East.facing,NA,NA
SanPablo,A,0.5,a,2023-07-19,2023-08-16,Summer,2023,16.27584873,NA,Aug,Ramped,South.facing,NA,NA
SanPablo,A,0.5,b,2023-07-19,2023-08-16,Summer,2023,16.00634048,NA,Aug,Ramped,South.facing,NA,NA
SanPablo,A,0.5,c,2023-07-19,2023-08-16,Summer,2023,11.34568516,NA,Aug,Ramped,South.facing,NA,NA
SanPablo,A,2,a,2023-07-19,2023-08-16,Summer,2023,22.42982481,NA,Aug,Ramped,South.facing,NA,NA
SanPablo,A,2,b,2023-07-19,2023-08-16,Summer,2023,28.62545216,NA,Aug,Ramped,South.facing,NA,NA
SanPablo,A,2,c,2023-07-19,2023-08-16,Summer,2023,15.67986797,NA,Aug,Ramped,South.facing,NA,NA
SanPablo,A,6,a,2023-07-19,2023-08-16,Summer,2023,8.271453459,NA,Aug,Ramped,South.facing,NA,NA
SanPablo,A,6,b,2023-07-19,2023-08-16,Summer,2023,4.037723726,NA,Aug,Ramped,South.facing,NA,NA
SanPablo,A,6,c,2023-07-19,2023-08-16,Summer,2023,9.696172116,NA,Aug,Ramped,South.facing,NA,NA
SanPablo,A,9,a,2023-07-19,2023-08-16,Summer,2023,1.648288008,NA,Aug,Ramped,South.facing,NA,NA
SanPablo,A,9,b,2023-07-19,2023-08-16,Summer,2023,1.607861769,NA,Aug,Ramped,South.facing,NA,NA
SanPablo,A,9,c,2023-07-19,2023-08-16,Summer,2023,2.488663759,NA,Aug,Ramped,South.facing,NA,NA
SanPablo,A,12,a,2023-07-19,2023-08-16,Summer,2023,7.079491934,NA,Aug,Ramped,South.facing,NA,NA
SanPablo,A,12,b,2023-07-19,2023-08-16,Summer,2023,NA,NA,Aug,Ramped,South.facing,NA,NA
SanPablo,A,12,c,2023-07-19,2023-08-16,Summer,2023,1.502508541,NA,Aug,Ramped,South.facing,NA,NA
SanPablo,A,18,a,2023-07-19,2023-08-16,Summer,2023,6.90737416,NA,Aug,Ramped,South.facing,NA,NA
SanPablo,A,18,b,2023-07-19,2023-08-16,Summer,2023,0.774836243,NA,Aug,Ramped,South.facing,NA,NA
SanPablo,A,18,c,2023-07-19,2023-08-16,Summer,2023,1.734040635,NA,Aug,Ramped,South.facing,NA,NA
SanPablo,A,24,a,2023-07-19,2023-08-16,Summer,2023,7.844527876,NA,Aug,Ramped,South.facing,NA,NA
SanPablo,A,24,b,2023-07-19,2023-08-16,Summer,2023,5.47898039,NA,Aug,Ramped,South.facing,NA,NA
SanPablo,A,24,c,2023-07-19,2023-08-16,Summer,2023,13.38414762,NA,Aug,Ramped,South.facing,NA,NA
SanPablo,A,48,a,2023-07-19,2023-08-16,Summer,2023,18.43558991,NA,Aug,Ramped,South.facing,NA,NA
SanPablo,A,48,b,2023-07-19,2023-08-16,Summer,2023,26.83444728,NA,Aug,Ramped,South.facing,NA,NA
SanPablo,A,48,c,2023-07-19,2023-08-16,Summer,2023,12.70915194,NA,Aug,Ramped,South.facing,NA,NA
SanPablo,A,72,a,2023-07-19,2023-08-16,Summer,2023,15.21435371,NA,Aug,Ramped,South.facing,NA,NA
SanPablo,A,72,b,2023-07-19,2023-08-16,Summer,2023,14.024229739999999,NA,Aug,Ramped,South.facing,NA,NA
SanPablo,A,72,c,2023-07-19,2023-08-16,Summer,2023,14.81621651,NA,Aug,Ramped,South.facing,NA,NA
SanPablo,A,150,a,2023-07-19,2023-08-16,Summer,2023,2.627093001,NA,Aug,Ramped,South.facing,NA,NA
SanPablo,A,150,b,2023-07-19,2023-08-16,Summer,2023,1.832043639,NA,Aug,Ramped,South.facing,NA,NA
SanPablo,A,150,c,2023-07-19,2023-08-16,Summer,2023,2.114414791,NA,Aug,Ramped,South.facing,NA,NA
SanPablo,B,0.5,a,2023-07-19,2023-08-16,Summer,2023,6.065160852,NA,Aug,Ramped,South.facing,NA,NA
SanPablo,B,0.5,b,2023-07-19,2023-08-16,Summer,2023,13.21570496,NA,Aug,Ramped,South.facing,NA,NA
SanPablo,B,0.5,c,2023-07-19,2023-08-16,Summer,2023,12.82246791,NA,Aug,Ramped,South.facing,NA,NA
SanPablo,B,2,a,2023-07-19,2023-08-16,Summer,2023,15.46916151,NA,Aug,Ramped,South.facing,NA,NA
SanPablo,B,2,b,2023-07-19,2023-08-16,Summer,2023,25.30927554,NA,Aug,Ramped,South.facing,NA,NA
SanPablo,B,2,c,2023-07-19,2023-08-16,Summer,2023,21.38609282,NA,Aug,Ramped,South.facing,NA,NA
SanPablo,B,6,a,2023-07-19,2023-08-16,Summer,2023,13.26164387,NA,Aug,Ramped,South.facing,NA,NA
SanPablo,B,6,b,2023-07-19,2023-08-16,Summer,2023,3.305151278,NA,Aug,Ramped,South.facing,NA,NA
SanPablo,B,6,c,2023-07-19,2023-08-16,Summer,2023,19.35130547,NA,Aug,Ramped,South.facing,NA,NA
SanPablo,B,9,a,2023-07-19,2023-08-16,Summer,2023,1.250150808,NA,Aug,Ramped,South.facing,NA,NA
SanPablo,B,9,b,2023-07-19,2023-08-16,Summer,2023,0.496752722,NA,Aug,Ramped,South.facing,NA,NA
SanPablo,B,9,c,2023-07-19,2023-08-16,Summer,2023,1.899420703,NA,Aug,Ramped,South.facing,NA,NA
SanPablo,B,12,a,2023-07-19,2023-08-16,Summer,2023,24.20674176,NA,Aug,Ramped,South.facing,NA,NA
SanPablo,B,12,b,2023-07-19,2023-08-16,Summer,2023,0.093715372,NA,Aug,Ramped,South.facing,NA,NA
SanPablo,B,12,c,2023-07-19,2023-08-16,Summer,2023,4.477512202,NA,Aug,Ramped,South.facing,NA,NA
SanPablo,B,18,a,2023-07-19,2023-08-16,Summer,2023,NA,NA,Aug,Ramped,South.facing,NA,NA
SanPablo,B,18,b,2023-07-19,2023-08-16,Summer,2023,NA,NA,Aug,Ramped,South.facing,NA,NA
SanPablo,B,18,c,2023-07-19,2023-08-16,Summer,2023,NA,NA,Aug,Ramped,South.facing,NA,NA
SanPablo,B,24,a,2023-07-19,2023-08-16,Summer,2023,0.150067098,NA,Aug,Ramped,South.facing,NA,NA
SanPablo,B,24,b,2023-07-19,2023-08-16,Summer,2023,2.964590843,NA,Aug,Ramped,South.facing,NA,NA
SanPablo,B,24,c,2023-07-19,2023-08-16,Summer,2023,0.183143112,NA,Aug,Ramped,South.facing,NA,NA
SanPablo,B,48,a,2023-07-19,2023-08-16,Summer,2023,7.725086716,NA,Aug,Ramped,South.facing,NA,NA
SanPablo,B,48,b,2023-07-19,2023-08-16,Summer,2023,4.596953362,NA,Aug,Ramped,South.facing,NA,NA
SanPablo,B,48,c,2023-07-19,2023-08-16,Summer,2023,19.39418179,NA,Aug,Ramped,South.facing,NA,NA
SanPablo,B,72,a,2023-07-19,2023-08-16,Summer,2023,11.95514134,NA,Aug,Ramped,South.facing,NA,NA
SanPablo,B,72,b,2023-07-19,2023-08-16,Summer,2023,15.88812435,NA,Aug,Ramped,South.facing,NA,NA
SanPablo,B,72,c,2023-07-19,2023-08-16,Summer,2023,19.64776456,NA,Aug,Ramped,South.facing,NA,NA
SanPablo,B,150,a,2023-07-19,2023-08-16,Summer,2023,4.47873724,NA,Aug,Ramped,South.facing,NA,NA
SanPablo,B,150,b,2023-07-19,2023-08-16,Summer,2023,5.154345442,NA,Aug,Ramped,South.facing,NA,NA
SanPablo,B,150,c,2023-07-19,2023-08-16,Summer,2023,4.848086058,NA,Aug,Ramped,South.facing,NA,NA
SanPablo,C,0.5,a,2023-07-20,2023-08-16,Summer,2023,27.34683057,NA,Aug,Ramped,South.facing,NA,NA
SanPablo,C,0.5,b,2023-07-20,2023-08-16,Summer,2023,97.48930399,NA,Aug,Ramped,South.facing,NA,NA
SanPablo,C,0.5,c,2023-07-20,2023-08-16,Summer,2023,50.09096825,NA,Aug,Ramped,South.facing,NA,NA
SanPablo,C,2,a,2023-07-20,2023-08-16,Summer,2023,37.44785491,NA,Aug,Ramped,South.facing,NA,NA
SanPablo,C,2,b,2023-07-20,2023-08-16,Summer,2023,14.06978299,NA,Aug,Ramped,South.facing,NA,NA
SanPablo,C,2,c,2023-07-20,2023-08-16,Summer,2023,NA,NA,Aug,Ramped,South.facing,NA,NA
SanPablo,C,6,a,2023-07-20,2023-08-16,Summer,2023,NA,NA,Aug,Ramped,South.facing,NA,NA
SanPablo,C,6,b,2023-07-20,2023-08-16,Summer,2023,NA,NA,Aug,Ramped,South.facing,NA,NA
SanPablo,C,6,c,2023-07-20,2023-08-16,Summer,2023,2.517316026,NA,Aug,Ramped,South.facing,NA,NA
SanPablo,C,12,a,2023-07-20,2023-08-16,Summer,2023,1.210064857,NA,Aug,Ramped,South.facing,NA,NA
SanPablo,C,12,b,2023-07-20,2023-08-16,Summer,2023,1.247541932,NA,Aug,Ramped,South.facing,NA,NA
SanPablo,C,12,c,2023-07-20,2023-08-16,Summer,2023,NA,NA,Aug,Ramped,South.facing,NA,NA
SanPablo,C,24,a,2023-07-20,2023-08-16,Summer,2023,NA,NA,Aug,Ramped,South.facing,NA,NA
SanPablo,C,24,b,2023-07-20,2023-08-16,Summer,2023,244.4794711,NA,Aug,Ramped,South.facing,NA,NA
SanPablo,C,24,c,2023-07-20,2023-08-16,Summer,2023,NA,NA,Aug,Ramped,South.facing,NA,NA
SanPablo,C,48,a,2023-07-20,2023-08-16,Summer,2023,41.368338,NA,Aug,Ramped,South.facing,NA,NA
SanPablo,C,48,b,2023-07-20,2023-08-16,Summer,2023,34.42301036,NA,Aug,Ramped,South.facing,NA,NA
SanPablo,C,48,c,2023-07-20,2023-08-16,Summer,2023,16.84943853,NA,Aug,Ramped,South.facing,NA,NA
SanPablo,C,72,a,2023-07-20,2023-08-16,Summer,2023,18.2386311,NA,Aug,Ramped,South.facing,NA,NA
SanPablo,C,72,b,2023-07-20,2023-08-16,Summer,2023,21.59441726,NA,Aug,Ramped,South.facing,NA,NA
SanPablo,C,72,c,2023-07-20,2023-08-16,Summer,2023,23.23642128,NA,Aug,Ramped,South.facing,NA,NA
SanPablo,C,150,a,2023-07-20,2023-08-16,Summer,2023,2.432833808,NA,Aug,Ramped,South.facing,NA,NA
SanPablo,C,150,b,2023-07-20,2023-08-16,Summer,2023,3.637817028,NA,Aug,Ramped,South.facing,NA,NA
SanPablo,C,150,c,2023-07-20,2023-08-16,Summer,2023,2.648168184,NA,Aug,Ramped,South.facing,NA,NA
SanPablo,D,0.5,a,2023-07-20,2023-08-16,Summer,2023,11.9952046,NA,Aug,Ramped,South.facing,NA,NA
SanPablo,D,0.5,b,2023-07-20,2023-08-16,Summer,2023,8.162379746,NA,Aug,Ramped,South.facing,NA,NA
SanPablo,D,0.5,c,2023-07-20,2023-08-16,Summer,2023,27.98711686,NA,Aug,Ramped,South.facing,NA,NA
SanPablo,D,2,a,2023-07-20,2023-08-16,Summer,2023,24.25910077,NA,Aug,Ramped,South.facing,NA,NA
SanPablo,D,2,b,2023-07-20,2023-08-16,Summer,2023,6.336801583,NA,Aug,Ramped,South.facing,NA,NA
SanPablo,D,2,c,2023-07-20,2023-08-16,Summer,2023,NA,NA,Aug,Ramped,South.facing,NA,NA
SanPablo,D,6,a,2023-07-20,2023-08-16,Summer,2023,2.422035328,NA,Aug,Ramped,South.facing,NA,NA
SanPablo,D,6,b,2023-07-20,2023-08-16,Summer,2023,13.59655552,NA,Aug,Ramped,South.facing,NA,NA
SanPablo,D,6,c,2023-07-20,2023-08-16,Summer,2023,10.65873402,NA,Aug,Ramped,South.facing,NA,NA
SanPablo,D,12,a,2023-07-20,2023-08-16,Summer,2023,2.740908063,NA,Aug,Ramped,South.facing,NA,NA
SanPablo,D,12,b,2023-07-20,2023-08-16,Summer,2023,2.833012737,NA,Aug,Ramped,South.facing,NA,NA
SanPablo,D,12,c,2023-07-20,2023-08-16,Summer,2023,4.033549524,NA,Aug,Ramped,South.facing,NA,NA
SanPablo,D,24,a,2023-07-20,2023-08-16,Summer,2023,95.60020536,NA,Aug,Ramped,South.facing,NA,NA
SanPablo,D,24,b,2023-07-20,2023-08-16,Summer,2023,NA,NA,Aug,Ramped,South.facing,NA,NA
SanPablo,D,24,c,2023-07-20,2023-08-16,Summer,2023,79.87571426,NA,Aug,Ramped,South.facing,NA,NA
SanPablo,D,48,a,2023-07-20,2023-08-16,Summer,2023,13.22114957,NA,Aug,Ramped,South.facing,NA,NA
SanPablo,D,48,b,2023-07-20,2023-08-16,Summer,2023,7.604670064,NA,Aug,Ramped,South.facing,NA,NA
SanPablo,D,48,c,2023-07-20,2023-08-16,Summer,2023,14.08820392,NA,Aug,Ramped,South.facing,NA,NA
SanPablo,D,72,a,2023-07-20,2023-08-16,Summer,2023,12.1317736,NA,Aug,Ramped,South.facing,NA,NA
SanPablo,D,72,b,2023-07-20,2023-08-16,Summer,2023,12.39665394,NA,Aug,Ramped,South.facing,NA,NA
SanPablo,D,72,c,2023-07-20,2023-08-16,Summer,2023,9.531245766,NA,Aug,Ramped,South.facing,NA,NA
SanPablo,D,150,a,2023-07-20,2023-08-16,Summer,2023,2.938456709,NA,Aug,Ramped,South.facing,NA,NA
SanPablo,D,150,b,2023-07-20,2023-08-16,Summer,2023,2.49190784,NA,Aug,Ramped,South.facing,NA,NA
SanPablo,D,150,c,2023-07-20,2023-08-16,Summer,2023,3.059145592,NA,Aug,Ramped,South.facing,NA,NA
