Site,Tran,Dist,Month,Study.Phase,Flux,n_reps,Elevation_m,z_star,Date.placed.in.field,Date.removed.from.field,Year,Filter_Num,RB_Num,Flood_Obsv,BigBio_Obsv,SmallBio_Obsv,Drop_Obsv,OpenBag_Obsv,Position_Obsv,DryTime_Obsv,NegValue_Num,Master_Flag,marsh_edge_type,marsh_orientation,Phen_Period,Marsh_Area,Point_ID,mean_wind_speed_kt,max_gust_kt,n_obs,local_slope,slope_fitted_elevation_m,extrapolated,edge_slope_max_deg,edge_slope_avg_deg
Buck'sLanding,T1,0.5,Apr,M9,1.6703540533333332,3,1.658521717043434,0.748525596,2026-03-20,2026-04-19,2026,0,0,0,0,0,0,0,0,0,0,OK,Ramped,East.facing,"Wet
(Months 7-9)",Edge,B1-0.5a,4.962642559109875,28.57,719,0.17785756524338506,1.7010695502979745,FALSE,34.89580532666493,1.2246004538785733
Buck'sLanding,T1,0.5,Aug,M2,2.9729520066666666,3,1.658521717043434,0.748525596,2025-08-05,2025-09-03,2025,0,0,0,0,0,0,0,0,0,0,OK,Ramped,East.facing,"Late_Dry
(Months 1-3)",Edge,B1-0.5a,5.161296829971182,18.08,694,0.17785756524338506,1.7010695502979745,FALSE,34.89580532666493,1.2246004538785733
Buck'sLanding,T1,0.5,Feb,M7,0.550532013,3,1.658521717043434,0.748525596,2026-01-22,2026-02-21,2026,0,0,0,0,0,0,0,0,0,0,OK,Ramped,East.facing,"Wet
(Months 7-9)",Edge,B1-0.5a,5.596393897364771,30.52,721,0.17785756524338506,1.7010695502979745,FALSE,34.89580532666493,1.2246004538785733
Buck'sLanding,T1,0.5,Jan,M6,1.0881258776666667,3,1.658521717043434,0.748525596,2025-12-12,2026-01-22,2025,0,0,0,0,0,0,0,0,0,0,OK,Ramped,East.facing,"Tran
(Months 4-6)",Edge,B1-0.5a,7.43756345177665,29.94,985,0.17785756524338506,1.7010695502979745,FALSE,34.89580532666493,1.2246004538785733
Buck'sLanding,T1,0.5,Jul,M1,4.908690257,3,1.658521717043434,0.748525596,2025-07-08,2025-08-05,2025,1,0,0,0,0,0,0,0,0,0,Review,Ramped,East.facing,"Late_Dry
(Months 1-3)",Edge,B1-0.5a,6.117747440273037,19.44,586,0.17785756524338506,1.7010695502979745,FALSE,34.89580532666493,1.2246004538785733
Buck'sLanding,T1,0.5,Jun,M12,7.4550196453333335,3,1.658521717043434,0.748525596,2026-06-11,2026-07-09,2026,0,0,0,0,0,0,0,0,0,0,OK,Ramped,East.facing,"Growth
(Months 10-12)",Edge,B1-0.5a,5.660668647845468,19.44,673,0.17785756524338506,1.7010695502979745,FALSE,34.89580532666493,1.2246004538785733
Buck'sLanding,T1,0.5,Mar,M8,1.3997872533333333,3,1.658521717043434,0.748525596,2026-02-21,2026-03-20,2026,0,0,0,0,0,0,0,1,0,0,Review,Ramped,East.facing,"Wet
(Months 7-9)",Edge,B1-0.5a,4.5524729520865534,22.16,647,0.17785756524338506,1.7010695502979745,FALSE,34.89580532666493,1.2246004538785733
Buck'sLanding,T1,0.5,May,M11,0.7363869503333333,3,1.658521717043434,0.748525596,2026-05-15,2026-06-11,2026,0,0,0,0,0,0,0,0,0,0,OK,Ramped,East.facing,"Growth
(Months 10-12)",Edge,B1-0.5a,6.372434514637905,30.91,649,0.17785756524338506,1.7010695502979745,FALSE,34.89580532666493,1.2246004538785733
Buck'sLanding,T1,0.5,Nov,M5,2.8971875986666666,3,1.658521717043434,0.748525596,2025-11-15,2025-12-12,2025,0,0,0,0,0,0,0,0,0,0,OK,Ramped,East.facing,"Tran
(Months 4-6)",Edge,B1-0.5a,6.697808641975309,24.1,648,0.17785756524338506,1.7010695502979745,FALSE,34.89580532666493,1.2246004538785733
Buck'sLanding,T1,0.5,Oct,M4,3.5694830819999996,3,1.658521717043434,0.748525596,2025-10-08,2025-11-15,2025,0,0,0,0,0,0,0,0,0,0,OK,Ramped,East.facing,"Tran
(Months 4-6)",Edge,B1-0.5a,4.9003066812705365,27.8,913,0.17785756524338506,1.7010695502979745,FALSE,34.89580532666493,1.2246004538785733
Buck'sLanding,T1,0.5,Sep,M3,6.754262581666667,3,1.658521717043434,0.748525596,2025-09-03,2025-10-08,2025,0,0,0,0,0,0,0,0,0,0,OK,Ramped,East.facing,"Late_Dry
(Months 1-3)",Edge,B1-0.5a,4.51251497005988,20.8,835,0.17785756524338506,1.7010695502979745,FALSE,34.89580532666493,1.2246004538785733
Buck'sLanding,T1,2,Apr,M9,0.109998116,3,1.7727203454406908,0.881104034,2026-03-20,2026-04-19,2026,0,0,0,0,0,0,0,0,0,0,OK,Ramped,East.facing,"Wet
(Months 7-9)",Edge,B1-2a,4.962642559109875,28.57,719,0.02968375936655274,1.858339098018449,FALSE,34.89580532666493,1.2246004538785733
Buck'sLanding,T1,2,Aug,M2,1.2034616103333333,3,1.7727203454406908,0.881104034,2025-08-05,2025-09-03,2025,0,0,0,0,0,0,0,0,0,0,OK,Ramped,East.facing,"Late_Dry
(Months 1-3)",Edge,B1-2a,5.161296829971182,18.08,694,0.02968375936655274,1.858339098018449,FALSE,34.89580532666493,1.2246004538785733
Buck'sLanding,T1,2,Feb,M7,0.5167186826666667,3,1.7727203454406908,0.881104034,2026-01-22,2026-02-21,2026,0,0,0,0,0,0,0,0,0,0,OK,Ramped,East.facing,"Wet
(Months 7-9)",Edge,B1-2a,5.596393897364771,30.52,721,0.02968375936655274,1.858339098018449,FALSE,34.89580532666493,1.2246004538785733
Buck'sLanding,T1,2,Jan,M6,0.637297096,3,1.7727203454406908,0.881104034,2025-12-12,2026-01-22,2025,0,0,0,0,0,0,0,0,0,0,OK,Ramped,East.facing,"Tran
(Months 4-6)",Edge,B1-2a,7.43756345177665,29.94,985,0.02968375936655274,1.858339098018449,FALSE,34.89580532666493,1.2246004538785733
Buck'sLanding,T1,2,Jul,M1,2.153934325333333,3,1.7727203454406908,0.881104034,2025-07-08,2025-08-05,2025,0,0,0,0,0,0,0,0,0,0,OK,Ramped,East.facing,"Late_Dry
(Months 1-3)",Edge,B1-2a,6.117747440273037,19.44,586,0.02968375936655274,1.858339098018449,FALSE,34.89580532666493,1.2246004538785733
Buck'sLanding,T1,2,Jun,M12,0.7858567716666667,3,1.7727203454406908,0.881104034,2026-06-11,2026-07-09,2026,0,0,0,0,0,0,0,0,0,0,OK,Ramped,East.facing,"Growth
(Months 10-12)",Edge,B1-2a,5.660668647845468,19.44,673,0.02968375936655274,1.858339098018449,FALSE,34.89580532666493,1.2246004538785733
Buck'sLanding,T1,2,Mar,M8,0.6711433693333333,3,1.7727203454406908,0.881104034,2026-02-21,2026-03-20,2026,0,0,0,0,0,0,0,0,0,0,OK,Ramped,East.facing,"Wet
(Months 7-9)",Edge,B1-2a,4.5524729520865534,22.16,647,0.02968375936655274,1.858339098018449,FALSE,34.89580532666493,1.2246004538785733
Buck'sLanding,T1,2,May,M11,0.557733647,1,1.7669291338582676,0.87438075,2026-05-15,2026-06-11,2026,0,0,0,0,0,0,0,0,0,0,OK,Ramped,East.facing,"Growth
(Months 10-12)",Edge,B1-2c,6.372434514637905,30.91,649,0.02968375936655274,1.858339098018449,FALSE,34.89580532666493,1.2246004538785733
Buck'sLanding,T1,2,Nov,M5,0.7985643546666666,3,1.7727203454406908,0.881104034,2025-11-15,2025-12-12,2025,0,0,0,0,0,0,0,0,0,0,OK,Ramped,East.facing,"Tran
(Months 4-6)",Edge,B1-2a,6.697808641975309,24.1,648,0.02968375936655274,1.858339098018449,FALSE,34.89580532666493,1.2246004538785733
Buck'sLanding,T1,2,Oct,M4,1.3145639876666668,3,1.7727203454406908,0.881104034,2025-10-08,2025-11-15,2025,0,0,0,0,0,0,0,0,0,0,OK,Ramped,East.facing,"Tran
(Months 4-6)",Edge,B1-2a,4.9003066812705365,27.8,913,0.02968375936655274,1.858339098018449,FALSE,34.89580532666493,1.2246004538785733
Buck'sLanding,T1,2,Sep,M3,2.002706252666667,3,1.7727203454406908,0.881104034,2025-09-03,2025-10-08,2025,0,0,0,0,0,0,0,0,0,0,OK,Ramped,East.facing,"Late_Dry
(Months 1-3)",Edge,B1-2a,4.51251497005988,20.8,835,0.02968375936655274,1.858339098018449,FALSE,34.89580532666493,1.2246004538785733
Buck'sLanding,T1,6,Apr,M9,0.9873457443333333,3,1.8084836169672338,0.9226232603333333,2026-03-20,2026-04-19,2026,0,0,0,0,0,0,0,0,0,0,OK,Ramped,East.facing,"Wet
(Months 7-9)",Edge,B1-6a,4.962642559109875,28.57,719,0.01104286813360896,1.8720950223241668,FALSE,34.89580532666493,1.2246004538785733
Buck'sLanding,T1,6,Aug,M2,4.3442094970000005,3,1.8084836169672338,0.9226232603333333,2025-08-05,2025-09-03,2025,0,0,0,0,0,0,0,0,0,0,OK,Ramped,East.facing,"Late_Dry
(Months 1-3)",Edge,B1-6a,5.161296829971182,18.08,694,0.01104286813360896,1.8720950223241668,FALSE,34.89580532666493,1.2246004538785733
Buck'sLanding,T1,6,Feb,M7,1.676833777,3,1.8084836169672338,0.9226232603333333,2026-01-22,2026-02-21,2026,0,0,0,0,0,0,0,0,0,0,OK,Ramped,East.facing,"Wet
(Months 7-9)",Edge,B1-6a,5.596393897364771,30.52,721,0.01104286813360896,1.8720950223241668,FALSE,34.89580532666493,1.2246004538785733
Buck'sLanding,T1,6,Jan,M6,3.0570656586666667,3,1.8084836169672338,0.9226232603333333,2025-12-12,2026-01-22,2025,0,0,0,0,0,0,0,0,0,0,OK,Ramped,East.facing,"Tran
(Months 4-6)",Edge,B1-6a,7.43756345177665,29.94,985,0.01104286813360896,1.8720950223241668,FALSE,34.89580532666493,1.2246004538785733
Buck'sLanding,T1,6,Jul,M1,4.644816788,3,1.8084836169672338,0.9226232603333333,2025-07-08,2025-08-05,2025,0,0,0,0,0,0,0,0,0,0,OK,Ramped,East.facing,"Late_Dry
(Months 1-3)",Edge,B1-6a,6.117747440273037,19.44,586,0.01104286813360896,1.8720950223241668,FALSE,34.89580532666493,1.2246004538785733
Buck'sLanding,T1,6,Jun,M12,6.8768783183333335,3,1.8084836169672338,0.9226232603333333,2026-06-11,2026-07-09,2026,0,0,0,0,0,0,0,0,0,0,OK,Ramped,East.facing,"Growth
(Months 10-12)",Edge,B1-6a,5.660668647845468,19.44,673,0.01104286813360896,1.8720950223241668,FALSE,34.89580532666493,1.2246004538785733
Buck'sLanding,T1,6,Mar,M8,2.7398228756666665,3,1.8084836169672338,0.9226232603333333,2026-02-21,2026-03-20,2026,0,0,0,0,0,0,0,0,0,0,OK,Ramped,East.facing,"Wet
(Months 7-9)",Edge,B1-6a,4.5524729520865534,22.16,647,0.01104286813360896,1.8720950223241668,FALSE,34.89580532666493,1.2246004538785733
Buck'sLanding,T1,6,May,M11,1.7538336226666666,3,1.8084836169672338,0.9226232603333333,2026-05-15,2026-06-11,2026,0,0,0,0,0,0,0,0,0,0,OK,Ramped,East.facing,"Growth
(Months 10-12)",Edge,B1-6a,6.372434514637905,30.91,649,0.01104286813360896,1.8720950223241668,FALSE,34.89580532666493,1.2246004538785733
Buck'sLanding,T1,6,Nov,M5,7.896569178,3,1.8084836169672338,0.9226232603333333,2025-11-15,2025-12-12,2025,0,0,0,0,0,0,0,0,0,0,OK,Ramped,East.facing,"Tran
(Months 4-6)",Edge,B1-6a,6.697808641975309,24.1,648,0.01104286813360896,1.8720950223241668,FALSE,34.89580532666493,1.2246004538785733
Buck'sLanding,T1,6,Oct,M4,1.4804822403333333,3,1.8084836169672338,0.9226232603333333,2025-10-08,2025-11-15,2025,0,0,0,0,0,0,0,0,0,0,OK,Ramped,East.facing,"Tran
(Months 4-6)",Edge,B1-6a,4.9003066812705365,27.8,913,0.01104286813360896,1.8720950223241668,FALSE,34.89580532666493,1.2246004538785733
Buck'sLanding,T1,6,Sep,M3,4.268174416,3,1.8084836169672338,0.9226232603333333,2025-09-03,2025-10-08,2025,0,0,0,0,0,0,0,0,0,0,OK,Ramped,East.facing,"Late_Dry
(Months 1-3)",Edge,B1-6a,4.51251497005988,20.8,835,0.01104286813360896,1.8720950223241668,FALSE,34.89580532666493,1.2246004538785733
Buck'sLanding,T1,12,Apr,M9,0.8104545223333334,3,1.845770891541783,0.9659117716666666,2026-03-20,2026-04-19,2026,0,0,0,0,0,0,0,0,0,0,OK,Ramped,East.facing,"Wet
(Months 7-9)",Platform,B1-12a,4.962642559109875,28.57,719,-0.00172583812482088,1.8663152905950524,FALSE,34.89580532666493,1.2246004538785733
Buck'sLanding,T1,12,Aug,M2,1.4179989506666666,3,1.845770891541783,0.9659117716666666,2025-08-05,2025-09-03,2025,0,0,0,0,0,0,0,0,0,0,OK,Ramped,East.facing,"Late_Dry
(Months 1-3)",Platform,B1-12a,5.161296829971182,18.08,694,-0.00172583812482088,1.8663152905950524,FALSE,34.89580532666493,1.2246004538785733
Buck'sLanding,T1,12,Feb,M7,0.912872584,3,1.845770891541783,0.9659117716666666,2026-01-22,2026-02-21,2026,0,0,0,0,0,0,0,0,0,0,OK,Ramped,East.facing,"Wet
(Months 7-9)",Platform,B1-12a,5.596393897364771,30.52,721,-0.00172583812482088,1.8663152905950524,FALSE,34.89580532666493,1.2246004538785733
Buck'sLanding,T1,12,Jan,M6,2.8619327203333333,3,1.845770891541783,0.9659117716666666,2025-12-12,2026-01-22,2025,0,0,0,0,0,0,0,0,0,0,OK,Ramped,East.facing,"Tran
(Months 4-6)",Platform,B1-12a,7.43756345177665,29.94,985,-0.00172583812482088,1.8663152905950524,FALSE,34.89580532666493,1.2246004538785733
Buck'sLanding,T1,12,Jul,M1,3.1724323966666663,3,1.845770891541783,0.9659117716666666,2025-07-08,2025-08-05,2025,0,0,0,0,0,0,0,0,0,0,OK,Ramped,East.facing,"Late_Dry
(Months 1-3)",Platform,B1-12a,6.117747440273037,19.44,586,-0.00172583812482088,1.8663152905950524,FALSE,34.89580532666493,1.2246004538785733
Buck'sLanding,T1,12,Jun,M12,1.8055524816666666,3,1.845770891541783,0.9659117716666666,2026-06-11,2026-07-09,2026,0,0,0,0,0,0,0,0,0,0,OK,Ramped,East.facing,"Growth
(Months 10-12)",Platform,B1-12a,5.660668647845468,19.44,673,-0.00172583812482088,1.8663152905950524,FALSE,34.89580532666493,1.2246004538785733
Buck'sLanding,T1,12,Mar,M8,1.1324477016666668,3,1.845770891541783,0.9659117716666666,2026-02-21,2026-03-20,2026,0,0,0,0,0,0,0,0,0,0,OK,Ramped,East.facing,"Wet
(Months 7-9)",Platform,B1-12a,4.5524729520865534,22.16,647,-0.00172583812482088,1.8663152905950524,FALSE,34.89580532666493,1.2246004538785733
Buck'sLanding,T1,12,May,M11,0.847603775,3,1.845770891541783,0.9659117716666666,2026-05-15,2026-06-11,2026,0,0,0,0,0,0,0,0,0,0,OK,Ramped,East.facing,"Growth
(Months 10-12)",Platform,B1-12a,6.372434514637905,30.91,649,-0.00172583812482088,1.8663152905950524,FALSE,34.89580532666493,1.2246004538785733
Buck'sLanding,T1,12,Nov,M5,2.126839831,3,1.845770891541783,0.9659117716666666,2025-11-15,2025-12-12,2025,0,0,0,0,0,0,0,0,0,0,OK,Ramped,East.facing,"Tran
(Months 4-6)",Platform,B1-12a,6.697808641975309,24.1,648,-0.00172583812482088,1.8663152905950524,FALSE,34.89580532666493,1.2246004538785733
Buck'sLanding,T1,12,Oct,M4,0.9891667596666666,3,1.845770891541783,0.9659117716666666,2025-10-08,2025-11-15,2025,0,0,0,0,0,0,0,0,0,0,OK,Ramped,East.facing,"Tran
(Months 4-6)",Platform,B1-12a,4.9003066812705365,27.8,913,-0.00172583812482088,1.8663152905950524,FALSE,34.89580532666493,1.2246004538785733
Buck'sLanding,T1,12,Sep,M3,1.356325725,3,1.845770891541783,0.9659117716666666,2025-09-03,2025-10-08,2025,0,0,0,0,0,0,0,0,0,0,OK,Ramped,East.facing,"Late_Dry
(Months 1-3)",Platform,B1-12a,4.51251497005988,20.8,835,-0.00172583812482088,1.8663152905950524,FALSE,34.89580532666493,1.2246004538785733
Buck'sLanding,T1,18,Apr,M9,0.637213602,3,1.876250952501905,1.001297476,2026-03-20,2026-04-19,2026,0,0,0,0,0,0,0,0,0,0,OK,Ramped,East.facing,"Wet
(Months 7-9)",Platform,B1-18a,4.962642559109875,28.57,719,-0.02221947652684898,1.8408866750284556,FALSE,34.89580532666493,1.2246004538785733
Buck'sLanding,T1,18,Aug,M2,2.648851382333333,3,1.876250952501905,1.001297476,2025-08-05,2025-09-03,2025,0,0,0,0,0,0,0,0,0,0,OK,Ramped,East.facing,"Late_Dry
(Months 1-3)",Platform,B1-18a,5.161296829971182,18.08,694,-0.02221947652684898,1.8408866750284556,FALSE,34.89580532666493,1.2246004538785733
Buck'sLanding,T1,18,Feb,M7,0.7788767843333333,3,1.876250952501905,1.001297476,2026-01-22,2026-02-21,2026,0,0,0,0,0,0,0,0,0,0,OK,Ramped,East.facing,"Wet
(Months 7-9)",Platform,B1-18a,5.596393897364771,30.52,721,-0.02221947652684898,1.8408866750284556,FALSE,34.89580532666493,1.2246004538785733
Buck'sLanding,T1,18,Jan,M6,3.378397939666667,3,1.876250952501905,1.001297476,2025-12-12,2026-01-22,2025,0,0,0,0,0,0,0,0,0,0,OK,Ramped,East.facing,"Tran
(Months 4-6)",Platform,B1-18a,7.43756345177665,29.94,985,-0.02221947652684898,1.8408866750284556,FALSE,34.89580532666493,1.2246004538785733
Buck'sLanding,T1,18,Jul,M1,2.7737310186666666,3,1.876250952501905,1.001297476,2025-07-08,2025-08-05,2025,0,0,0,0,0,0,0,0,0,0,OK,Ramped,East.facing,"Late_Dry
(Months 1-3)",Platform,B1-18a,6.117747440273037,19.44,586,-0.02221947652684898,1.8408866750284556,FALSE,34.89580532666493,1.2246004538785733
Buck'sLanding,T1,18,Jun,M12,5.415815355666667,3,1.876250952501905,1.001297476,2026-06-11,2026-07-09,2026,0,0,0,0,0,0,0,0,0,0,OK,Ramped,East.facing,"Growth
(Months 10-12)",Platform,B1-18a,5.660668647845468,19.44,673,-0.02221947652684898,1.8408866750284556,FALSE,34.89580532666493,1.2246004538785733
Buck'sLanding,T1,18,Mar,M8,1.0682520545,2,1.8775717551435105,1.0028308565000001,2026-02-21,2026-03-20,2026,0,0,0,0,0,0,0,0,0,0,OK,Ramped,East.facing,"Wet
(Months 7-9)",Platform,B1-18b,4.5524729520865534,22.16,647,-0.02221947652684898,1.8408866750284556,FALSE,34.89580532666493,1.2246004538785733
Buck'sLanding,T1,18,May,M11,0.8515238233333333,3,1.876250952501905,1.001297476,2026-05-15,2026-06-11,2026,0,0,0,0,0,0,0,0,0,0,OK,Ramped,East.facing,"Growth
(Months 10-12)",Platform,B1-18a,6.372434514637905,30.91,649,-0.02221947652684898,1.8408866750284556,FALSE,34.89580532666493,1.2246004538785733
Buck'sLanding,T1,18,Nov,M5,8.822224614,3,1.876250952501905,1.001297476,2025-11-15,2025-12-12,2025,0,0,0,0,0,0,0,0,0,0,OK,Ramped,East.facing,"Tran
(Months 4-6)",Platform,B1-18a,6.697808641975309,24.1,648,-0.02221947652684898,1.8408866750284556,FALSE,34.89580532666493,1.2246004538785733
Buck'sLanding,T1,18,Oct,M4,0.952420134,3,1.876250952501905,1.001297476,2025-10-08,2025-11-15,2025,0,0,0,0,0,0,0,0,0,0,OK,Ramped,East.facing,"Tran
(Months 4-6)",Platform,B1-18a,4.9003066812705365,27.8,913,-0.02221947652684898,1.8408866750284556,FALSE,34.89580532666493,1.2246004538785733
Buck'sLanding,T1,18,Sep,M3,1.405773229,3,1.876250952501905,1.001297476,2025-09-03,2025-10-08,2025,0,0,0,0,0,0,0,0,0,0,OK,Ramped,East.facing,"Late_Dry
(Months 1-3)",Platform,B1-18a,4.51251497005988,20.8,835,-0.02221947652684898,1.8408866750284556,FALSE,34.89580532666493,1.2246004538785733
Buck'sLanding,T1,24,Apr,M9,0.50189042,3,1.8682245364490728,0.99197924,2026-03-20,2026-04-19,2026,0,0,0,0,0,0,0,0,0,0,OK,Ramped,East.facing,"Wet
(Months 7-9)",Platform,B1-24a,4.962642559109875,28.57,719,0.02688120789993156,1.8505249450567665,FALSE,34.89580532666493,1.2246004538785733
Buck'sLanding,T1,24,Aug,M2,1.7206169323333333,3,1.8682245364490728,0.99197924,2025-08-05,2025-09-03,2025,0,0,0,0,0,0,0,0,0,0,OK,Ramped,East.facing,"Late_Dry
(Months 1-3)",Platform,B1-24a,5.161296829971182,18.08,694,0.02688120789993156,1.8505249450567665,FALSE,34.89580532666493,1.2246004538785733
Buck'sLanding,T1,24,Feb,M7,0.5830878223333333,3,1.8682245364490728,0.99197924,2026-01-22,2026-02-21,2026,0,0,0,0,0,0,0,0,0,0,OK,Ramped,East.facing,"Wet
(Months 7-9)",Platform,B1-24a,5.596393897364771,30.52,721,0.02688120789993156,1.8505249450567665,FALSE,34.89580532666493,1.2246004538785733
Buck'sLanding,T1,24,Jan,M6,2.1967546220000003,3,1.8682245364490728,0.99197924,2025-12-12,2026-01-22,2025,0,0,0,0,0,0,0,0,0,0,OK,Ramped,East.facing,"Tran
(Months 4-6)",Platform,B1-24a,7.43756345177665,29.94,985,0.02688120789993156,1.8505249450567665,FALSE,34.89580532666493,1.2246004538785733
Buck'sLanding,T1,24,Jul,M1,3.399703036,3,1.8682245364490728,0.99197924,2025-07-08,2025-08-05,2025,0,0,0,0,0,0,0,0,0,0,OK,Ramped,East.facing,"Late_Dry
(Months 1-3)",Platform,B1-24a,6.117747440273037,19.44,586,0.02688120789993156,1.8505249450567665,FALSE,34.89580532666493,1.2246004538785733
Buck'sLanding,T1,24,Jun,M12,3.498227524333333,3,1.8682245364490728,0.99197924,2026-06-11,2026-07-09,2026,0,0,0,0,0,0,0,0,0,0,OK,Ramped,East.facing,"Growth
(Months 10-12)",Platform,B1-24a,5.660668647845468,19.44,673,0.02688120789993156,1.8505249450567665,FALSE,34.89580532666493,1.2246004538785733
Buck'sLanding,T1,24,Mar,M8,0.9184945546666666,3,1.8682245364490728,0.99197924,2026-02-21,2026-03-20,2026,0,0,0,0,0,0,0,0,0,0,OK,Ramped,East.facing,"Wet
(Months 7-9)",Platform,B1-24a,4.5524729520865534,22.16,647,0.02688120789993156,1.8505249450567665,FALSE,34.89580532666493,1.2246004538785733
Buck'sLanding,T1,24,May,M11,0.9407922566666667,3,1.8682245364490728,0.99197924,2026-05-15,2026-06-11,2026,0,0,0,0,0,0,0,0,0,0,OK,Ramped,East.facing,"Growth
(Months 10-12)",Platform,B1-24a,6.372434514637905,30.91,649,0.02688120789993156,1.8505249450567665,FALSE,34.89580532666493,1.2246004538785733
Buck'sLanding,T1,24,Nov,M5,9.488555249333334,3,1.8682245364490728,0.99197924,2025-11-15,2025-12-12,2025,0,0,0,0,0,0,0,0,0,0,OK,Ramped,East.facing,"Tran
(Months 4-6)",Platform,B1-24a,6.697808641975309,24.1,648,0.02688120789993156,1.8505249450567665,FALSE,34.89580532666493,1.2246004538785733
Buck'sLanding,T1,24,Oct,M4,0.6881753576666667,3,1.8682245364490728,0.99197924,2025-10-08,2025-11-15,2025,1,0,0,0,0,0,0,0,0,0,Review,Ramped,East.facing,"Tran
(Months 4-6)",Platform,B1-24a,4.9003066812705365,27.8,913,0.02688120789993156,1.8505249450567665,FALSE,34.89580532666493,1.2246004538785733
Buck'sLanding,T1,24,Sep,M3,1.3347832003333333,3,1.8682245364490728,0.99197924,2025-09-03,2025-10-08,2025,0,0,0,0,0,0,0,0,0,0,OK,Ramped,East.facing,"Late_Dry
(Months 1-3)",Platform,B1-24a,4.51251497005988,20.8,835,0.02688120789993156,1.8505249450567665,FALSE,34.89580532666493,1.2246004538785733
Buck'sLanding,T1,48,Apr,M9,0.8259639423333334,3,1.8530861061722121,0.9744043406666667,2026-03-20,2026-04-19,2026,0,0,0,0,0,0,0,0,0,0,OK,Ramped,East.facing,"Wet
(Months 7-9)",Upland,B1-48a,4.962642559109875,28.57,719,0.00709242883196758,1.921341208364329,TRUE,34.89580532666493,1.2246004538785733
Buck'sLanding,T1,48,Aug,M2,2.2047984756666668,3,1.8530861061722121,0.9744043406666667,2025-08-05,2025-09-03,2025,0,0,0,0,0,0,0,0,0,0,OK,Ramped,East.facing,"Late_Dry
(Months 1-3)",Upland,B1-48a,5.161296829971182,18.08,694,0.00709242883196758,1.921341208364329,TRUE,34.89580532666493,1.2246004538785733
Buck'sLanding,T1,48,Feb,M7,1.0276038673333334,3,1.8530861061722121,0.9744043406666667,2026-01-22,2026-02-21,2026,0,0,0,0,0,0,0,0,0,0,OK,Ramped,East.facing,"Wet
(Months 7-9)",Upland,B1-48a,5.596393897364771,30.52,721,0.00709242883196758,1.921341208364329,TRUE,34.89580532666493,1.2246004538785733
Buck'sLanding,T1,48,Jan,M6,1.704655993,3,1.8530861061722121,0.9744043406666667,2025-12-12,2026-01-22,2025,0,0,0,0,0,0,0,0,0,0,OK,Ramped,East.facing,"Tran
(Months 4-6)",Upland,B1-48a,7.43756345177665,29.94,985,0.00709242883196758,1.921341208364329,TRUE,34.89580532666493,1.2246004538785733
Buck'sLanding,T1,48,Jul,M1,5.651319760333333,3,1.8530861061722121,0.9744043406666667,2025-07-08,2025-08-05,2025,0,0,0,0,0,0,0,0,0,0,OK,Ramped,East.facing,"Late_Dry
(Months 1-3)",Upland,B1-48a,6.117747440273037,19.44,586,0.00709242883196758,1.921341208364329,TRUE,34.89580532666493,1.2246004538785733
Buck'sLanding,T1,48,Jun,M12,2.334908747,3,1.8530861061722121,0.9744043406666667,2026-06-11,2026-07-09,2026,0,0,0,0,0,0,0,0,0,0,OK,Ramped,East.facing,"Growth
(Months 10-12)",Upland,B1-48a,5.660668647845468,19.44,673,0.00709242883196758,1.921341208364329,TRUE,34.89580532666493,1.2246004538785733
Buck'sLanding,T1,48,Mar,M8,2.9529803693333334,3,1.8530861061722121,0.9744043406666667,2026-02-21,2026-03-20,2026,0,0,0,0,0,0,0,0,0,0,OK,Ramped,East.facing,"Wet
(Months 7-9)",Upland,B1-48a,4.5524729520865534,22.16,647,0.00709242883196758,1.921341208364329,TRUE,34.89580532666493,1.2246004538785733
Buck'sLanding,T1,48,May,M11,1.0807496353333335,3,1.8530861061722121,0.9744043406666667,2026-05-15,2026-06-11,2026,0,0,0,0,0,0,0,0,0,0,OK,Ramped,East.facing,"Growth
(Months 10-12)",Upland,B1-48a,6.372434514637905,30.91,649,0.00709242883196758,1.921341208364329,TRUE,34.89580532666493,1.2246004538785733
Buck'sLanding,T1,48,Nov,M5,11.35106349,3,1.8530861061722121,0.9744043406666667,2025-11-15,2025-12-12,2025,0,0,0,0,0,0,0,0,0,0,OK,Ramped,East.facing,"Tran
(Months 4-6)",Upland,B1-48a,6.697808641975309,24.1,648,0.00709242883196758,1.921341208364329,TRUE,34.89580532666493,1.2246004538785733
Buck'sLanding,T1,48,Oct,M4,0.6975653956666666,3,1.8530861061722121,0.9744043406666667,2025-10-08,2025-11-15,2025,0,0,0,0,0,0,0,0,0,0,OK,Ramped,East.facing,"Tran
(Months 4-6)",Upland,B1-48a,4.9003066812705365,27.8,913,0.00709242883196758,1.921341208364329,TRUE,34.89580532666493,1.2246004538785733
Buck'sLanding,T1,48,Sep,M3,1.9760887343333333,3,1.8530861061722121,0.9744043406666667,2025-09-03,2025-10-08,2025,0,0,0,0,0,0,0,0,0,0,OK,Ramped,East.facing,"Late_Dry
(Months 1-3)",Upland,B1-48a,4.51251497005988,20.8,835,0.00709242883196758,1.921341208364329,TRUE,34.89580532666493,1.2246004538785733
Buck'sLanding,T2,0.5,Apr,M9,0.699670456,3,1.6392684785369571,0.7261736258333333,2026-03-20,2026-04-19,2026,0,0,0,0,0,0,0,0,0,0,OK,Ramped,East.facing,"Wet
(Months 7-9)",Edge,B2-0.5a,4.962642559109875,28.57,719,-4.902368587095996e-4,1.8307718827004935,FALSE,29.104492140178493,1.2333122768097955
Buck'sLanding,T2,0.5,Aug,M2,5.320215273333333,3,1.6392684785369571,0.7261736258333333,2025-08-05,2025-09-03,2025,1,0,0,0,0,0,0,0,0,0,Review,Ramped,East.facing,"Late_Dry
(Months 1-3)",Edge,B2-0.5a,5.161296829971182,18.08,694,-4.902368587095996e-4,1.8307718827004935,FALSE,29.104492140178493,1.2333122768097955
Buck'sLanding,T2,0.5,Feb,M7,2.842048815666667,3,1.6392684785369571,0.7261736258333333,2026-01-22,2026-02-21,2026,0,0,0,0,0,0,0,0,0,0,OK,Ramped,East.facing,"Wet
(Months 7-9)",Edge,B2-0.5a,5.596393897364771,30.52,721,-4.902368587095996e-4,1.8307718827004935,FALSE,29.104492140178493,1.2333122768097955
Buck'sLanding,T2,0.5,Jan,M6,1.2894952993333333,3,1.6392684785369571,0.7261736258333333,2025-12-12,2026-01-22,2025,0,0,0,0,0,0,0,0,0,0,OK,Ramped,East.facing,"Tran
(Months 4-6)",Edge,B2-0.5a,7.43756345177665,29.94,985,-4.902368587095996e-4,1.8307718827004935,FALSE,29.104492140178493,1.2333122768097955
Buck'sLanding,T2,0.5,Jul,M1,14.550423345666665,3,1.6392684785369571,0.7261736258333333,2025-07-08,2025-08-05,2025,1,0,0,0,0,0,0,0,0,0,Review,Ramped,East.facing,"Late_Dry
(Months 1-3)",Edge,B2-0.5a,6.117747440273037,19.44,586,-4.902368587095996e-4,1.8307718827004935,FALSE,29.104492140178493,1.2333122768097955
Buck'sLanding,T2,0.5,Jun,M12,4.0661140693333335,3,1.6392684785369571,0.7261736258333333,2026-06-11,2026-07-09,2026,0,0,0,0,0,0,0,0,0,0,OK,Ramped,East.facing,"Growth
(Months 10-12)",Edge,B2-0.5a,5.660668647845468,19.44,673,-4.902368587095996e-4,1.8307718827004935,FALSE,29.104492140178493,1.2333122768097955
Buck'sLanding,T2,0.5,Mar,M8,1.5530378663333333,3,1.6392684785369571,0.7261736258333333,2026-02-21,2026-03-20,2026,0,0,0,0,0,0,0,0,0,0,OK,Ramped,East.facing,"Wet
(Months 7-9)",Edge,B2-0.5a,4.5524729520865534,22.16,647,-4.902368587095996e-4,1.8307718827004935,FALSE,29.104492140178493,1.2333122768097955
Buck'sLanding,T2,0.5,May,M10,0.6869407476666667,3,1.6392684785369571,0.7261736258333333,2026-04-19,2026-05-15,2026,0,0,0,0,0,0,0,0,0,0,OK,Ramped,East.facing,"Growth
(Months 10-12)",Edge,B2-0.5a,5.282528,20.02,625,-4.902368587095996e-4,1.8307718827004935,FALSE,29.104492140178493,1.2333122768097955
Buck'sLanding,T2,0.5,May,M11,0.825558353,3,1.6392684785369571,0.7261736258333333,2026-05-15,2026-06-11,2026,0,0,0,0,0,0,0,0,0,0,OK,Ramped,East.facing,"Growth
(Months 10-12)",Edge,B2-0.5a,6.372434514637905,30.91,649,-4.902368587095996e-4,1.8307718827004935,FALSE,29.104492140178493,1.2333122768097955
Buck'sLanding,T2,0.5,Nov,M5,4.225482480666667,3,1.6392684785369571,0.7261736258333333,2025-11-15,2025-12-12,2025,0,0,0,0,0,0,0,0,0,0,OK,Ramped,East.facing,"Tran
(Months 4-6)",Edge,B2-0.5a,6.697808641975309,24.1,648,-4.902368587095996e-4,1.8307718827004935,FALSE,29.104492140178493,1.2333122768097955
Buck'sLanding,T2,0.5,Oct,M4,3.3083269526666665,3,1.6392684785369571,0.7261736258333333,2025-10-08,2025-11-15,2025,0,0,0,0,0,0,0,0,0,0,OK,Ramped,East.facing,"Tran
(Months 4-6)",Edge,B2-0.5a,4.9003066812705365,27.8,913,-4.902368587095996e-4,1.8307718827004935,FALSE,29.104492140178493,1.2333122768097955
Buck'sLanding,T2,0.5,Sep,M3,7.407544501666667,3,1.6392684785369571,0.7261736258333333,2025-09-03,2025-10-08,2025,1,0,0,0,0,1,0,0,0,0,Review,Ramped,East.facing,"Late_Dry
(Months 1-3)",Edge,B2-0.5a,4.51251497005988,20.8,835,-4.902368587095996e-4,1.8307718827004935,FALSE,29.104492140178493,1.2333122768097955
Buck'sLanding,T2,2,Apr,M9,0.276811709,2,1.7715011430022858,0.879688606,2026-03-20,2026-04-19,2026,0,0,0,0,0,0,0,0,0,0,OK,Ramped,East.facing,"Wet
(Months 7-9)",Edge,B2-2a,4.962642559109875,28.57,719,0.00879335684428583,1.8375292375952912,FALSE,29.104492140178493,1.2333122768097955
Buck'sLanding,T2,2,Aug,M2,1.5589279770000002,3,1.7694691389382777,0.877329559,2025-08-05,2025-09-03,2025,0,0,0,0,0,0,0,0,0,0,OK,Ramped,East.facing,"Late_Dry
(Months 1-3)",Edge,B2-2a,5.161296829971182,18.08,694,0.00879335684428583,1.8375292375952912,FALSE,29.104492140178493,1.2333122768097955
Buck'sLanding,T2,2,Feb,M7,0.3963460223333333,3,1.7694691389382777,0.877329559,2026-01-22,2026-02-21,2026,0,0,0,0,0,0,0,0,0,0,OK,Ramped,East.facing,"Wet
(Months 7-9)",Edge,B2-2a,5.596393897364771,30.52,721,0.00879335684428583,1.8375292375952912,FALSE,29.104492140178493,1.2333122768097955
Buck'sLanding,T2,2,Jan,M6,0.4948675596666667,3,1.7694691389382777,0.877329559,2025-12-12,2026-01-22,2025,0,0,0,0,0,0,0,0,0,0,OK,Ramped,East.facing,"Tran
(Months 4-6)",Edge,B2-2a,7.43756345177665,29.94,985,0.00879335684428583,1.8375292375952912,FALSE,29.104492140178493,1.2333122768097955
Buck'sLanding,T2,2,Jul,M1,7.5104728073333336,3,1.7694691389382777,0.877329559,2025-07-08,2025-08-05,2025,1,0,0,0,0,0,0,0,0,0,Review,Ramped,East.facing,"Late_Dry
(Months 1-3)",Edge,B2-2a,6.117747440273037,19.44,586,0.00879335684428583,1.8375292375952912,FALSE,29.104492140178493,1.2333122768097955
Buck'sLanding,T2,2,Jun,M12,1.1195488293333333,3,1.7694691389382777,0.877329559,2026-06-11,2026-07-09,2026,0,0,0,0,0,0,0,0,0,0,OK,Ramped,East.facing,"Growth
(Months 10-12)",Edge,B2-2a,5.660668647845468,19.44,673,0.00879335684428583,1.8375292375952912,FALSE,29.104492140178493,1.2333122768097955
Buck'sLanding,T2,2,Mar,M8,0.2779741393333333,3,1.7694691389382777,0.877329559,2026-02-21,2026-03-20,2026,0,0,0,0,0,0,0,0,0,0,OK,Ramped,East.facing,"Wet
(Months 7-9)",Edge,B2-2a,4.5524729520865534,22.16,647,0.00879335684428583,1.8375292375952912,FALSE,29.104492140178493,1.2333122768097955
Buck'sLanding,T2,2,May,M10,1.122941659,2,1.7694691389382777,0.877329559,2026-04-19,2026-05-15,2026,1,0,0,0,0,0,0,0,0,0,Review,Ramped,East.facing,"Growth
(Months 10-12)",Edge,B2-2a,5.282528,20.02,625,0.00879335684428583,1.8375292375952912,FALSE,29.104492140178493,1.2333122768097955
Buck'sLanding,T2,2,May,M11,0.16490402450000002,2,1.7715011430022858,0.879688606,2026-05-15,2026-06-11,2026,0,0,0,0,0,0,0,0,0,0,OK,Ramped,East.facing,"Growth
(Months 10-12)",Edge,B2-2a,6.372434514637905,30.91,649,0.00879335684428583,1.8375292375952912,FALSE,29.104492140178493,1.2333122768097955
Buck'sLanding,T2,2,Nov,M5,1.5904723895,2,1.7715011430022858,0.879688606,2025-11-15,2025-12-12,2025,0,0,0,0,0,0,0,0,0,0,OK,Ramped,East.facing,"Tran
(Months 4-6)",Edge,B2-2a,6.697808641975309,24.1,648,0.00879335684428583,1.8375292375952912,FALSE,29.104492140178493,1.2333122768097955
Buck'sLanding,T2,2,Oct,M4,2.993271176,1,1.7696723393446787,0.877565464,2025-10-08,2025-11-15,2025,0,0,0,0,0,0,0,0,0,0,OK,Ramped,East.facing,"Tran
(Months 4-6)",Edge,B2-2c,4.9003066812705365,27.8,913,0.00879335684428583,1.8375292375952912,FALSE,29.104492140178493,1.2333122768097955
Buck'sLanding,T2,2,Sep,M3,1.9916879776666667,3,1.7694691389382777,0.877329559,2025-09-03,2025-10-08,2025,0,0,0,0,0,0,0,0,0,0,OK,Ramped,East.facing,"Late_Dry
(Months 1-3)",Edge,B2-2a,4.51251497005988,20.8,835,0.00879335684428583,1.8375292375952912,FALSE,29.104492140178493,1.2333122768097955
Buck'sLanding,T2,6,Apr,M9,1.3426476936666667,3,1.8402844805689609,0.959542345,2026-03-20,2026-04-19,2026,0,0,0,0,0,0,0,0,0,0,OK,Ramped,East.facing,"Wet
(Months 7-9)",Edge,B2-6a,4.962642559109875,28.57,719,0.01218461482376672,1.894739035630732,FALSE,29.104492140178493,1.2333122768097955
Buck'sLanding,T2,6,Aug,M2,5.032178025333334,3,1.8402844805689609,0.959542345,2025-08-05,2025-09-03,2025,0,0,0,0,0,0,0,0,0,0,OK,Ramped,East.facing,"Late_Dry
(Months 1-3)",Edge,B2-6a,5.161296829971182,18.08,694,0.01218461482376672,1.894739035630732,FALSE,29.104492140178493,1.2333122768097955
Buck'sLanding,T2,6,Feb,M7,1.9383805836666665,3,1.8402844805689609,0.959542345,2026-01-22,2026-02-21,2026,0,0,0,0,0,0,0,0,0,0,OK,Ramped,East.facing,"Wet
(Months 7-9)",Edge,B2-6a,5.596393897364771,30.52,721,0.01218461482376672,1.894739035630732,FALSE,29.104492140178493,1.2333122768097955
Buck'sLanding,T2,6,Jan,M6,4.966004841,3,1.8402844805689609,0.959542345,2025-12-12,2026-01-22,2025,0,0,0,0,0,0,0,0,0,0,OK,Ramped,East.facing,"Tran
(Months 4-6)",Edge,B2-6a,7.43756345177665,29.94,985,0.01218461482376672,1.894739035630732,FALSE,29.104492140178493,1.2333122768097955
Buck'sLanding,T2,6,Jul,M1,10.225045468,3,1.8402844805689609,0.959542345,2025-07-08,2025-08-05,2025,0,0,0,0,0,0,0,0,0,0,OK,Ramped,East.facing,"Late_Dry
(Months 1-3)",Edge,B2-6a,6.117747440273037,19.44,586,0.01218461482376672,1.894739035630732,FALSE,29.104492140178493,1.2333122768097955
Buck'sLanding,T2,6,Jun,M12,2.831984909,3,1.8402844805689609,0.959542345,2026-06-11,2026-07-09,2026,0,0,0,0,0,0,0,0,0,0,OK,Ramped,East.facing,"Growth
(Months 10-12)",Edge,B2-6a,5.660668647845468,19.44,673,0.01218461482376672,1.894739035630732,FALSE,29.104492140178493,1.2333122768097955
Buck'sLanding,T2,6,Mar,M8,2.691695546,3,1.8402844805689609,0.959542345,2026-02-21,2026-03-20,2026,0,0,0,0,0,0,0,0,0,0,OK,Ramped,East.facing,"Wet
(Months 7-9)",Edge,B2-6a,4.5524729520865534,22.16,647,0.01218461482376672,1.894739035630732,FALSE,29.104492140178493,1.2333122768097955
Buck'sLanding,T2,6,May,M10,1.673560328,2,1.8402844805689609,0.959542345,2026-04-19,2026-05-15,2026,0,0,0,0,0,0,0,0,0,0,OK,Ramped,East.facing,"Growth
(Months 10-12)",Edge,B2-6a,5.282528,20.02,625,0.01218461482376672,1.894739035630732,FALSE,29.104492140178493,1.2333122768097955
Buck'sLanding,T2,6,May,M11,2.122783939,3,1.8402844805689609,0.959542345,2026-05-15,2026-06-11,2026,0,0,0,0,0,0,0,0,0,0,OK,Ramped,East.facing,"Growth
(Months 10-12)",Edge,B2-6a,6.372434514637905,30.91,649,0.01218461482376672,1.894739035630732,FALSE,29.104492140178493,1.2333122768097955
Buck'sLanding,T2,6,Nov,M5,11.849375406666667,3,1.8402844805689609,0.959542345,2025-11-15,2025-12-12,2025,0,0,0,0,0,0,0,0,0,0,OK,Ramped,East.facing,"Tran
(Months 4-6)",Edge,B2-6a,6.697808641975309,24.1,648,0.01218461482376672,1.894739035630732,FALSE,29.104492140178493,1.2333122768097955
Buck'sLanding,T2,6,Oct,M4,3.735415123333333,3,1.8402844805689609,0.959542345,2025-10-08,2025-11-15,2025,0,0,0,0,0,0,0,0,0,0,OK,Ramped,East.facing,"Tran
(Months 4-6)",Edge,B2-6a,4.9003066812705365,27.8,913,0.01218461482376672,1.894739035630732,FALSE,29.104492140178493,1.2333122768097955
Buck'sLanding,T2,6,Sep,M3,3.534201594,3,1.8402844805689609,0.959542345,2025-09-03,2025-10-08,2025,0,0,0,0,0,0,0,0,0,0,OK,Ramped,East.facing,"Late_Dry
(Months 1-3)",Edge,B2-6a,4.51251497005988,20.8,835,0.01218461482376672,1.894739035630732,FALSE,29.104492140178493,1.2333122768097955
Buck'sLanding,T2,12,Apr,M9,1.0238487713333333,3,1.8326644653289303,0.9506959190000001,2026-03-20,2026-04-19,2026,0,0,0,0,0,0,0,0,0,0,OK,Ramped,East.facing,"Wet
(Months 7-9)",Platform,B2-12a,4.962642559109875,28.57,719,0.02661783367146161,1.8694116559719185,FALSE,29.104492140178493,1.2333122768097955
Buck'sLanding,T2,12,Aug,M2,3.055395486666667,3,1.8326644653289303,0.9506959190000001,2025-08-05,2025-09-03,2025,0,0,0,0,0,0,0,0,0,0,OK,Ramped,East.facing,"Late_Dry
(Months 1-3)",Platform,B2-12a,5.161296829971182,18.08,694,0.02661783367146161,1.8694116559719185,FALSE,29.104492140178493,1.2333122768097955
Buck'sLanding,T2,12,Feb,M7,1.3187198723333333,3,1.8326644653289303,0.9506959190000001,2026-01-22,2026-02-21,2026,0,0,0,0,0,0,0,0,0,0,OK,Ramped,East.facing,"Wet
(Months 7-9)",Platform,B2-12a,5.596393897364771,30.52,721,0.02661783367146161,1.8694116559719185,FALSE,29.104492140178493,1.2333122768097955
Buck'sLanding,T2,12,Jan,M6,6.124712893,3,1.8326644653289303,0.9506959190000001,2025-12-12,2026-01-22,2025,0,0,0,0,0,0,0,0,0,0,OK,Ramped,East.facing,"Tran
(Months 4-6)",Platform,B2-12a,7.43756345177665,29.94,985,0.02661783367146161,1.8694116559719185,FALSE,29.104492140178493,1.2333122768097955
Buck'sLanding,T2,12,Jul,M1,9.607750092333333,3,1.8326644653289303,0.9506959190000001,2025-07-08,2025-08-05,2025,1,0,0,0,0,0,0,0,0,0,Review,Ramped,East.facing,"Late_Dry
(Months 1-3)",Platform,B2-12a,6.117747440273037,19.44,586,0.02661783367146161,1.8694116559719185,FALSE,29.104492140178493,1.2333122768097955
Buck'sLanding,T2,12,Jun,M12,3.9792478443333335,3,1.8326644653289303,0.9506959190000001,2026-06-11,2026-07-09,2026,0,0,0,0,0,0,0,0,0,0,OK,Ramped,East.facing,"Growth
(Months 10-12)",Platform,B2-12a,5.660668647845468,19.44,673,0.02661783367146161,1.8694116559719185,FALSE,29.104492140178493,1.2333122768097955
Buck'sLanding,T2,12,Mar,M8,2.1123240076666665,3,1.8326644653289303,0.9506959190000001,2026-02-21,2026-03-20,2026,0,0,0,0,0,0,0,0,0,0,OK,Ramped,East.facing,"Wet
(Months 7-9)",Platform,B2-12a,4.5524729520865534,22.16,647,0.02661783367146161,1.8694116559719185,FALSE,29.104492140178493,1.2333122768097955
Buck'sLanding,T2,12,May,M10,1.0960178213333334,3,1.8326644653289303,0.9506959190000001,2026-04-19,2026-05-15,2026,0,0,0,0,0,0,0,0,0,0,OK,Ramped,East.facing,"Growth
(Months 10-12)",Platform,B2-12a,5.282528,20.02,625,0.02661783367146161,1.8694116559719185,FALSE,29.104492140178493,1.2333122768097955
Buck'sLanding,T2,12,May,M11,1.2046386956666666,3,1.8326644653289303,0.9506959190000001,2026-05-15,2026-06-11,2026,0,0,0,0,0,0,0,0,0,0,OK,Ramped,East.facing,"Growth
(Months 10-12)",Platform,B2-12a,6.372434514637905,30.91,649,0.02661783367146161,1.8694116559719185,FALSE,29.104492140178493,1.2333122768097955
Buck'sLanding,T2,12,Nov,M5,13.120111556666666,3,1.8326644653289303,0.9506959190000001,2025-11-15,2025-12-12,2025,0,0,0,0,0,0,0,0,0,0,OK,Ramped,East.facing,"Tran
(Months 4-6)",Platform,B2-12a,6.697808641975309,24.1,648,0.02661783367146161,1.8694116559719185,FALSE,29.104492140178493,1.2333122768097955
Buck'sLanding,T2,12,Oct,M4,4.116380419333334,3,1.8326644653289303,0.9506959190000001,2025-10-08,2025-11-15,2025,0,0,0,0,0,0,0,0,0,0,OK,Ramped,East.facing,"Tran
(Months 4-6)",Platform,B2-12a,4.9003066812705365,27.8,913,0.02661783367146161,1.8694116559719185,FALSE,29.104492140178493,1.2333122768097955
Buck'sLanding,T2,12,Sep,M3,2.6630242993333333,3,1.8326644653289303,0.9506959190000001,2025-09-03,2025-10-08,2025,0,0,0,0,0,0,0,0,0,0,OK,Ramped,East.facing,"Late_Dry
(Months 1-3)",Platform,B2-12a,4.51251497005988,20.8,835,0.02661783367146161,1.8694116559719185,FALSE,29.104492140178493,1.2333122768097955
Buck'sLanding,T2,18,Apr,M9,0.7285061006666667,3,1.8328676657353313,0.9509318233333334,2026-03-20,2026-04-19,2026,0,0,0,0,0,0,0,0,0,0,OK,Ramped,East.facing,"Wet
(Months 7-9)",Platform,B2-18a,4.962642559109875,28.57,719,-0.01547712531206526,1.9112682741845783,FALSE,29.104492140178493,1.2333122768097955
Buck'sLanding,T2,18,Feb,M7,0.7819332576666667,3,1.8328676657353313,0.9509318233333334,2026-01-22,2026-02-21,2026,0,0,0,0,0,0,0,0,0,0,OK,Ramped,East.facing,"Wet
(Months 7-9)",Platform,B2-18a,5.596393897364771,30.52,721,-0.01547712531206526,1.9112682741845783,FALSE,29.104492140178493,1.2333122768097955
Buck'sLanding,T2,18,Jan,M6,4.045714504666667,3,1.8328676657353313,0.9509318233333334,2025-12-12,2026-01-22,2025,0,0,0,0,0,0,0,0,0,0,OK,Ramped,East.facing,"Tran
(Months 4-6)",Platform,B2-18a,7.43756345177665,29.94,985,-0.01547712531206526,1.9112682741845783,FALSE,29.104492140178493,1.2333122768097955
Buck'sLanding,T2,18,Jun,M12,3.9444788980000003,3,1.8328676657353313,0.9509318233333334,2026-06-11,2026-07-09,2026,0,0,0,0,0,0,0,0,0,0,OK,Ramped,East.facing,"Growth
(Months 10-12)",Platform,B2-18a,5.660668647845468,19.44,673,-0.01547712531206526,1.9112682741845783,FALSE,29.104492140178493,1.2333122768097955
Buck'sLanding,T2,18,Mar,M8,1.2660204466666667,3,1.8328676657353313,0.9509318233333334,2026-02-21,2026-03-20,2026,0,0,0,0,0,0,0,0,0,0,OK,Ramped,East.facing,"Wet
(Months 7-9)",Platform,B2-18a,4.5524729520865534,22.16,647,-0.01547712531206526,1.9112682741845783,FALSE,29.104492140178493,1.2333122768097955
Buck'sLanding,T2,18,May,M10,0.8847785539999999,3,1.8328676657353313,0.9509318233333334,2026-04-19,2026-05-15,2026,0,0,0,0,0,0,0,0,0,0,OK,Ramped,East.facing,"Growth
(Months 10-12)",Platform,B2-18a,5.282528,20.02,625,-0.01547712531206526,1.9112682741845783,FALSE,29.104492140178493,1.2333122768097955
Buck'sLanding,T2,18,May,M11,1.0214831576666668,3,1.8328676657353313,0.9509318233333334,2026-05-15,2026-06-11,2026,0,0,0,0,0,0,0,0,0,0,OK,Ramped,East.facing,"Growth
(Months 10-12)",Platform,B2-18a,6.372434514637905,30.91,649,-0.01547712531206526,1.9112682741845783,FALSE,29.104492140178493,1.2333122768097955
Buck'sLanding,T2,18,Nov,M5,16.058459663333334,3,1.8328676657353313,0.9509318233333334,2025-11-15,2025-12-12,2025,0,0,0,0,0,0,0,0,0,0,OK,Ramped,East.facing,"Tran
(Months 4-6)",Platform,B2-18a,6.697808641975309,24.1,648,-0.01547712531206526,1.9112682741845783,FALSE,29.104492140178493,1.2333122768097955
Buck'sLanding,T2,24,Apr,M9,0.7031635683333333,3,1.833578867157734,0.95175749,2026-03-20,2026-04-19,2026,0,0,0,0,0,0,0,0,0,0,OK,Ramped,East.facing,"Wet
(Months 7-9)",Platform,B2-24a,4.962642559109875,28.57,719,0.01213652588304522,1.8589100935344456,FALSE,29.104492140178493,1.2333122768097955
Buck'sLanding,T2,24,Aug,M2,2.198510873,3,1.833578867157734,0.95175749,2025-08-05,2025-09-03,2025,0,0,0,0,0,0,0,0,0,0,OK,Ramped,East.facing,"Late_Dry
(Months 1-3)",Platform,B2-24a,5.161296829971182,18.08,694,0.01213652588304522,1.8589100935344456,FALSE,29.104492140178493,1.2333122768097955
Buck'sLanding,T2,24,Feb,M7,0.8989699956666667,3,1.833578867157734,0.95175749,2026-01-22,2026-02-21,2026,0,0,0,0,0,0,0,0,0,0,OK,Ramped,East.facing,"Wet
(Months 7-9)",Platform,B2-24a,5.596393897364771,30.52,721,0.01213652588304522,1.8589100935344456,FALSE,29.104492140178493,1.2333122768097955
Buck'sLanding,T2,24,Jan,M6,3.6743753346666668,3,1.833578867157734,0.95175749,2025-12-12,2026-01-22,2025,0,0,0,0,0,0,0,0,0,0,OK,Ramped,East.facing,"Tran
(Months 4-6)",Platform,B2-24a,7.43756345177665,29.94,985,0.01213652588304522,1.8589100935344456,FALSE,29.104492140178493,1.2333122768097955
Buck'sLanding,T2,24,Jul,M1,5.269722158333334,3,1.833578867157734,0.95175749,2025-07-08,2025-08-05,2025,0,0,0,0,0,0,0,0,0,0,OK,Ramped,East.facing,"Late_Dry
(Months 1-3)",Platform,B2-24a,6.117747440273037,19.44,586,0.01213652588304522,1.8589100935344456,FALSE,29.104492140178493,1.2333122768097955
Buck'sLanding,T2,24,Jun,M12,2.64481645,3,1.833578867157734,0.95175749,2026-06-11,2026-07-09,2026,0,0,0,0,0,0,0,0,0,0,OK,Ramped,East.facing,"Growth
(Months 10-12)",Platform,B2-24a,5.660668647845468,19.44,673,0.01213652588304522,1.8589100935344456,FALSE,29.104492140178493,1.2333122768097955
Buck'sLanding,T2,24,Mar,M8,1.2026398593333334,3,1.833578867157734,0.95175749,2026-02-21,2026-03-20,2026,0,0,0,0,0,0,0,0,0,0,OK,Ramped,East.facing,"Wet
(Months 7-9)",Platform,B2-24a,4.5524729520865534,22.16,647,0.01213652588304522,1.8589100935344456,FALSE,29.104492140178493,1.2333122768097955
Buck'sLanding,T2,24,May,M10,0.824220073,3,1.833578867157734,0.95175749,2026-04-19,2026-05-15,2026,0,0,0,0,0,0,0,0,0,0,OK,Ramped,East.facing,"Growth
(Months 10-12)",Platform,B2-24a,5.282528,20.02,625,0.01213652588304522,1.8589100935344456,FALSE,29.104492140178493,1.2333122768097955
Buck'sLanding,T2,24,May,M11,0.8971477553333334,3,1.833578867157734,0.95175749,2026-05-15,2026-06-11,2026,0,0,0,0,0,0,0,0,0,0,OK,Ramped,East.facing,"Growth
(Months 10-12)",Platform,B2-24a,6.372434514637905,30.91,649,0.01213652588304522,1.8589100935344456,FALSE,29.104492140178493,1.2333122768097955
Buck'sLanding,T2,24,Nov,M5,14.176312373333333,3,1.833578867157734,0.95175749,2025-11-15,2025-12-12,2025,0,0,0,0,0,0,0,0,0,0,OK,Ramped,East.facing,"Tran
(Months 4-6)",Platform,B2-24a,6.697808641975309,24.1,648,0.01213652588304522,1.8589100935344456,FALSE,29.104492140178493,1.2333122768097955
Buck'sLanding,T2,24,Oct,M4,1.3660382193333334,3,1.833578867157734,0.95175749,2025-10-08,2025-11-15,2025,0,0,0,0,0,0,0,0,0,0,OK,Ramped,East.facing,"Tran
(Months 4-6)",Platform,B2-24a,4.9003066812705365,27.8,913,0.01213652588304522,1.8589100935344456,FALSE,29.104492140178493,1.2333122768097955
Buck'sLanding,T2,24,Sep,M3,1.544908894,3,1.833578867157734,0.95175749,2025-09-03,2025-10-08,2025,0,0,0,0,0,0,0,0,0,0,OK,Ramped,East.facing,"Late_Dry
(Months 1-3)",Platform,B2-24a,4.51251497005988,20.8,835,0.01213652588304522,1.8589100935344456,FALSE,29.104492140178493,1.2333122768097955
Buck'sLanding,T2,48,Apr,M9,0.8501362813333333,3,1.8479044958089916,0.9683887706666667,2026-03-20,2026-04-19,2026,0,0,0,0,0,0,0,0,0,0,OK,Ramped,East.facing,"Wet
(Months 7-9)",Upland,B2-48a,4.962642559109875,28.57,719,-0.02376690670714356,1.4953854337338937,TRUE,29.104492140178493,1.2333122768097955
Buck'sLanding,T2,48,Aug,M2,2.859449937,3,1.8479044958089916,0.9683887706666667,2025-08-05,2025-09-03,2025,0,0,0,0,0,0,0,0,0,0,OK,Ramped,East.facing,"Late_Dry
(Months 1-3)",Upland,B2-48a,5.161296829971182,18.08,694,-0.02376690670714356,1.4953854337338937,TRUE,29.104492140178493,1.2333122768097955
Buck'sLanding,T2,48,Feb,M7,0.877731871,3,1.8479044958089916,0.9683887706666667,2026-01-22,2026-02-21,2026,0,0,0,0,0,0,0,0,0,0,OK,Ramped,East.facing,"Wet
(Months 7-9)",Upland,B2-48a,5.596393897364771,30.52,721,-0.02376690670714356,1.4953854337338937,TRUE,29.104492140178493,1.2333122768097955
Buck'sLanding,T2,48,Jan,M6,4.819076857,3,1.8479044958089916,0.9683887706666667,2025-12-12,2026-01-22,2025,0,0,0,0,0,0,0,0,0,0,OK,Ramped,East.facing,"Tran
(Months 4-6)",Upland,B2-48a,7.43756345177665,29.94,985,-0.02376690670714356,1.4953854337338937,TRUE,29.104492140178493,1.2333122768097955
Buck'sLanding,T2,48,Jul,M1,8.735501163333334,3,1.8479044958089916,0.9683887706666667,2025-07-08,2025-08-05,2025,0,0,0,0,0,0,0,0,0,0,OK,Ramped,East.facing,"Late_Dry
(Months 1-3)",Upland,B2-48a,6.117747440273037,19.44,586,-0.02376690670714356,1.4953854337338937,TRUE,29.104492140178493,1.2333122768097955
Buck'sLanding,T2,48,Jun,M12,2.7496659676666666,3,1.8479044958089916,0.9683887706666667,2026-06-11,2026-07-09,2026,0,0,0,0,0,0,0,0,0,0,OK,Ramped,East.facing,"Growth
(Months 10-12)",Upland,B2-48a,5.660668647845468,19.44,673,-0.02376690670714356,1.4953854337338937,TRUE,29.104492140178493,1.2333122768097955
Buck'sLanding,T2,48,Mar,M8,1.6009323213333333,3,1.8479044958089916,0.9683887706666667,2026-02-21,2026-03-20,2026,0,0,0,0,0,0,0,0,0,0,OK,Ramped,East.facing,"Wet
(Months 7-9)",Upland,B2-48a,4.5524729520865534,22.16,647,-0.02376690670714356,1.4953854337338937,TRUE,29.104492140178493,1.2333122768097955
Buck'sLanding,T2,48,May,M10,0.905253568,3,1.8479044958089916,0.9683887706666667,2026-04-19,2026-05-15,2026,0,0,0,0,0,0,0,0,0,0,OK,Ramped,East.facing,"Growth
(Months 10-12)",Upland,B2-48a,5.282528,20.02,625,-0.02376690670714356,1.4953854337338937,TRUE,29.104492140178493,1.2333122768097955
Buck'sLanding,T2,48,May,M11,1.110305249,3,1.8479044958089916,0.9683887706666667,2026-05-15,2026-06-11,2026,0,0,0,0,0,0,0,0,0,0,OK,Ramped,East.facing,"Growth
(Months 10-12)",Upland,B2-48a,6.372434514637905,30.91,649,-0.02376690670714356,1.4953854337338937,TRUE,29.104492140178493,1.2333122768097955
Buck'sLanding,T2,48,Nov,M5,11.995678606666667,3,1.8479044958089916,0.9683887706666667,2025-11-15,2025-12-12,2025,0,0,0,0,0,0,0,0,0,0,OK,Ramped,East.facing,"Tran
(Months 4-6)",Upland,B2-48a,6.697808641975309,24.1,648,-0.02376690670714356,1.4953854337338937,TRUE,29.104492140178493,1.2333122768097955
Buck'sLanding,T2,48,Oct,M4,1.700865473,3,1.8479044958089916,0.9683887706666667,2025-10-08,2025-11-15,2025,0,0,0,0,0,0,0,0,0,0,OK,Ramped,East.facing,"Tran
(Months 4-6)",Upland,B2-48a,4.9003066812705365,27.8,913,-0.02376690670714356,1.4953854337338937,TRUE,29.104492140178493,1.2333122768097955
Buck'sLanding,T2,48,Sep,M3,2.2071431633333334,3,1.8479044958089916,0.9683887706666667,2025-09-03,2025-10-08,2025,0,0,0,0,0,0,0,0,0,0,OK,Ramped,East.facing,"Late_Dry
(Months 1-3)",Upland,B2-48a,4.51251497005988,20.8,835,-0.02376690670714356,1.4953854337338937,TRUE,29.104492140178493,1.2333122768097955
CorteMadera,T1,0.5,Apr,M10,0.17953351266666664,3,1.663093726187452,0.7768484846666667,2026-04-04,2026-05-02,2026,0,0,0,0,0,0,0,0,0,0,OK,Scarped,East.facing,"Growth
(Months 10-12)",Edge,C1-0.5a,5.443536404160476,28.57,673,0.09733852868754048,1.7492440342280613,FALSE,72.28575074664536,2.3204339675954957
CorteMadera,T1,0.5,Aug,M2,0.854662271,1,1.6649733299466596,0.779090909,2025-08-07,2025-09-05,2025,1,0,0,0,0,0,0,0,0,0,Review,Scarped,East.facing,"Late_Dry
(Months 1-3)",Edge,C1-0.5b,5.0551510791366905,17.69,695,0.09733852868754048,1.7492440342280613,FALSE,72.28575074664536,2.3204339675954957
CorteMadera,T1,0.5,Dec,M6,1.201980049,3,1.663093726187452,0.7768484846666667,2025-12-03,2026-01-10,2025,0,0,0,0,0,0,0,0,0,0,OK,Scarped,East.facing,"Tran
(Months 4-6)",Edge,C1-0.5a,7.464928806133625,29.94,913,0.09733852868754048,1.7492440342280613,FALSE,72.28575074664536,2.3204339675954957
CorteMadera,T1,0.5,Feb,M8,0.312976652,3,1.663093726187452,0.7768484846666667,2026-02-07,2026-03-07,2026,0,0,0,0,0,0,0,0,0,0,OK,Scarped,East.facing,"Wet
(Months 7-9)",Edge,C1-0.5a,5.6945684523809526,30.52,672,0.09733852868754048,1.7492440342280613,FALSE,72.28575074664536,2.3204339675954957
CorteMadera,T1,0.5,Jan,M7,0.180656299,3,1.663093726187452,0.7768484846666667,2026-01-10,2026-02-07,2026,0,0,0,0,0,0,0,0,0,0,OK,Scarped,East.facing,"Wet
(Months 7-9)",Edge,C1-0.5a,6.187711738484398,20.41,673,0.09733852868754048,1.7492440342280613,FALSE,72.28575074664536,2.3204339675954957
CorteMadera,T1,0.5,Jun,M12,1.4167094436666667,3,1.663093726187452,0.7768484846666667,2026-06-10,2026-07-07,2026,0,0,0,0,0,0,0,0,0,0,OK,Scarped,East.facing,"Growth
(Months 10-12)",Edge,C1-0.5a,5.652819722650231,19.44,649,0.09733852868754048,1.7492440342280613,FALSE,72.28575074664536,2.3204339675954957
CorteMadera,T1,0.5,Mar,M9,0.2754943063333333,3,1.663093726187452,0.7768484846666667,2026-03-07,2026-04-04,2026,0,0,0,0,0,0,0,0,0,0,OK,Scarped,East.facing,"Wet
(Months 7-9)",Edge,C1-0.5a,4.129417910447761,20.99,670,0.09733852868754048,1.7492440342280613,FALSE,72.28575074664536,2.3204339675954957
CorteMadera,T1,0.5,May,M11,0.493939558,3,1.663093726187452,0.7768484846666667,2026-05-02,2026-06-10,2026,0,0,0,0,0,0,0,0,0,0,OK,Scarped,East.facing,"Growth
(Months 10-12)",Edge,C1-0.5a,6.077854855923159,30.91,937,0.09733852868754048,1.7492440342280613,FALSE,72.28575074664536,2.3204339675954957
CorteMadera,T1,0.5,Oct,M4,0.47607015333333336,3,1.663093726187452,0.7768484846666667,2025-10-03,2025-11-06,2025,1,0,0,0,0,0,1,0,0,0,Review,Scarped,East.facing,"Tran
(Months 4-6)",Edge,C1-0.5a,4.648935128518972,27.8,817,0.09733852868754048,1.7492440342280613,FALSE,72.28575074664536,2.3204339675954957
CorteMadera,T1,0.5,Sep,M3,3.1528210646666666,3,1.663093726187452,0.7768484846666667,2025-09-05,2025-10-03,2025,0,0,0,0,0,0,0,0,0,0,OK,Scarped,East.facing,"Late_Dry
(Months 1-3)",Edge,C1-0.5a,4.6919940029985,20.8,667,0.09733852868754048,1.7492440342280613,FALSE,72.28575074664536,2.3204339675954957
CorteMadera,T1,2,Apr,M10,0.9523659643333333,3,1.6468376936753872,0.7574545456666667,2026-04-04,2026-05-02,2026,0,0,0,0,0,0,0,0,0,0,OK,Scarped,East.facing,"Growth
(Months 10-12)",Edge,C1-2a,5.443536404160476,28.57,673,0.01775399109541334,1.8293271071500128,FALSE,72.28575074664536,2.3204339675954957
CorteMadera,T1,2,Aug,M2,6.0818824540000005,3,1.6468376936753872,0.7574545456666667,2025-08-07,2025-09-05,2025,1,0,0,0,0,0,0,0,0,0,Review,Scarped,East.facing,"Late_Dry
(Months 1-3)",Edge,C1-2a,5.0551510791366905,17.69,695,0.01775399109541334,1.8293271071500128,FALSE,72.28575074664536,2.3204339675954957
CorteMadera,T1,2,Dec,M6,0.6569993276666667,3,1.6468376936753872,0.7574545456666667,2025-12-03,2026-01-10,2025,0,0,0,0,0,0,0,0,0,0,OK,Scarped,East.facing,"Tran
(Months 4-6)",Edge,C1-2a,7.464928806133625,29.94,913,0.01775399109541334,1.8293271071500128,FALSE,72.28575074664536,2.3204339675954957
CorteMadera,T1,2,Feb,M8,1.797842683,3,1.6468376936753872,0.7574545456666667,2026-02-07,2026-03-07,2026,0,0,0,0,0,0,0,0,0,0,OK,Scarped,East.facing,"Wet
(Months 7-9)",Edge,C1-2a,5.6945684523809526,30.52,672,0.01775399109541334,1.8293271071500128,FALSE,72.28575074664536,2.3204339675954957
CorteMadera,T1,2,Jan,M7,1.061201373,3,1.6468376936753872,0.7574545456666667,2026-01-10,2026-02-07,2026,0,0,0,0,0,0,0,0,0,0,OK,Scarped,East.facing,"Wet
(Months 7-9)",Edge,C1-2a,6.187711738484398,20.41,673,0.01775399109541334,1.8293271071500128,FALSE,72.28575074664536,2.3204339675954957
CorteMadera,T1,2,Jun,M12,3.4253462249999997,3,1.6468376936753872,0.7574545456666667,2026-06-10,2026-07-07,2026,0,0,0,0,0,1,0,0,0,0,Review,Scarped,East.facing,"Growth
(Months 10-12)",Edge,C1-2a,5.652819722650231,19.44,649,0.01775399109541334,1.8293271071500128,FALSE,72.28575074664536,2.3204339675954957
CorteMadera,T1,2,Mar,M9,1.1947755043333335,3,1.6468376936753872,0.7574545456666667,2026-03-07,2026-04-04,2026,0,0,0,0,0,0,0,0,0,0,OK,Scarped,East.facing,"Wet
(Months 7-9)",Edge,C1-2a,4.129417910447761,20.99,670,0.01775399109541334,1.8293271071500128,FALSE,72.28575074664536,2.3204339675954957
CorteMadera,T1,2,May,M11,1.793189358,3,1.6468376936753872,0.7574545456666667,2026-05-02,2026-06-10,2026,0,0,0,0,0,0,0,0,0,0,OK,Scarped,East.facing,"Growth
(Months 10-12)",Edge,C1-2a,6.077854855923159,30.91,937,0.01775399109541334,1.8293271071500128,FALSE,72.28575074664536,2.3204339675954957
CorteMadera,T1,2,Oct,M4,0.8094980256666667,3,1.6468376936753872,0.7574545456666667,2025-10-03,2025-11-06,2025,0,0,0,0,0,1,0,0,0,0,Review,Scarped,East.facing,"Tran
(Months 4-6)",Edge,C1-2a,4.648935128518972,27.8,817,0.01775399109541334,1.8293271071500128,FALSE,72.28575074664536,2.3204339675954957
CorteMadera,T1,2,Sep,M3,4.940764516,3,1.6468376936753872,0.7574545456666667,2025-09-05,2025-10-03,2025,1,0,0,0,0,0,0,0,0,0,Review,Scarped,East.facing,"Late_Dry
(Months 1-3)",Edge,C1-2a,4.6919940029985,20.8,667,0.01775399109541334,1.8293271071500128,FALSE,72.28575074664536,2.3204339675954957
CorteMadera,T1,6,Apr,M10,3.274025834666667,3,1.6598425196850393,0.7729696973333333,2026-04-04,2026-05-02,2026,0,0,0,0,0,0,0,0,0,0,OK,Scarped,East.facing,"Growth
(Months 10-12)",Edge,C1-6a,5.443536404160476,28.57,673,-0.02515538212948231,1.757631476156524,FALSE,72.28575074664536,2.3204339675954957
CorteMadera,T1,6,Aug,M2,1.842845761,3,1.6598425196850393,0.7729696973333333,2025-08-07,2025-09-05,2025,0,0,0,0,0,0,0,0,0,0,OK,Scarped,East.facing,"Late_Dry
(Months 1-3)",Edge,C1-6a,5.0551510791366905,17.69,695,-0.02515538212948231,1.757631476156524,FALSE,72.28575074664536,2.3204339675954957
CorteMadera,T1,6,Dec,M6,1.064493894,3,1.6598425196850393,0.7729696973333333,2025-12-03,2026-01-10,2025,0,0,0,0,1,0,0,0,0,0,Review,Scarped,East.facing,"Tran
(Months 4-6)",Edge,C1-6a,7.464928806133625,29.94,913,-0.02515538212948231,1.757631476156524,FALSE,72.28575074664536,2.3204339675954957
CorteMadera,T1,6,Feb,M8,4.658701910333333,3,1.6598425196850393,0.7729696973333333,2026-02-07,2026-03-07,2026,0,0,0,0,0,0,0,0,0,0,OK,Scarped,East.facing,"Wet
(Months 7-9)",Edge,C1-6a,5.6945684523809526,30.52,672,-0.02515538212948231,1.757631476156524,FALSE,72.28575074664536,2.3204339675954957
CorteMadera,T1,6,Jan,M7,4.0053713360000005,3,1.6598425196850393,0.7729696973333333,2026-01-10,2026-02-07,2026,0,0,0,0,0,0,0,0,0,0,OK,Scarped,East.facing,"Wet
(Months 7-9)",Edge,C1-6a,6.187711738484398,20.41,673,-0.02515538212948231,1.757631476156524,FALSE,72.28575074664536,2.3204339675954957
CorteMadera,T1,6,Jun,M12,13.420558053333334,3,1.6598425196850393,0.7729696973333333,2026-06-10,2026-07-07,2026,0,0,0,0,0,0,0,0,0,0,OK,Scarped,East.facing,"Growth
(Months 10-12)",Edge,C1-6a,5.652819722650231,19.44,649,-0.02515538212948231,1.757631476156524,FALSE,72.28575074664536,2.3204339675954957
CorteMadera,T1,6,Mar,M9,2.31243431,3,1.6598425196850393,0.7729696973333333,2026-03-07,2026-04-04,2026,0,0,0,0,0,0,0,0,0,0,OK,Scarped,East.facing,"Wet
(Months 7-9)",Edge,C1-6a,4.129417910447761,20.99,670,-0.02515538212948231,1.757631476156524,FALSE,72.28575074664536,2.3204339675954957
CorteMadera,T1,6,May,M11,5.136890793333333,3,1.6598425196850393,0.7729696973333333,2026-05-02,2026-06-10,2026,0,0,0,0,0,0,0,0,0,0,OK,Scarped,East.facing,"Growth
(Months 10-12)",Edge,C1-6a,6.077854855923159,30.91,937,-0.02515538212948231,1.757631476156524,FALSE,72.28575074664536,2.3204339675954957
CorteMadera,T1,6,Oct,M4,6.614118830500001,2,1.6587249174498349,0.771636364,2025-10-03,2025-11-06,2025,1,0,0,0,0,0,0,0,1,0,Review,Scarped,East.facing,"Tran
(Months 4-6)",Edge,C1-6a,4.648935128518972,27.8,817,-0.02515538212948231,1.757631476156524,FALSE,72.28575074664536,2.3204339675954957
CorteMadera,T1,6,Sep,M3,8.79452229,3,1.6598425196850393,0.7729696973333333,2025-09-05,2025-10-03,2025,0,0,0,0,0,0,0,0,0,0,OK,Scarped,East.facing,"Late_Dry
(Months 1-3)",Edge,C1-6a,4.6919940029985,20.8,667,-0.02515538212948231,1.757631476156524,FALSE,72.28575074664536,2.3204339675954957
CorteMadera,T1,12,Apr,M10,1.717133069,3,1.6483616967233934,0.7592727273333334,2026-04-04,2026-05-02,2026,0,0,0,0,0,0,0,0,0,0,OK,Scarped,East.facing,"Growth
(Months 10-12)",Platform,C1-12a,5.443536404160476,28.57,673,0.0032317156537537,1.713310428434306,FALSE,72.28575074664536,2.3204339675954957
CorteMadera,T1,12,Aug,M2,4.279641117333334,3,1.6483616967233934,0.7592727273333334,2025-08-07,2025-09-05,2025,0,0,0,0,0,0,0,0,0,0,OK,Scarped,East.facing,"Late_Dry
(Months 1-3)",Platform,C1-12a,5.0551510791366905,17.69,695,0.0032317156537537,1.713310428434306,FALSE,72.28575074664536,2.3204339675954957
CorteMadera,T1,12,Dec,M6,2.630493047,3,1.6483616967233934,0.7592727273333334,2025-12-03,2026-01-10,2025,0,0,0,0,0,0,0,0,0,0,OK,Scarped,East.facing,"Tran
(Months 4-6)",Platform,C1-12a,7.464928806133625,29.94,913,0.0032317156537537,1.713310428434306,FALSE,72.28575074664536,2.3204339675954957
CorteMadera,T1,12,Feb,M8,5.127989114,1,1.659029718059436,0.772,2026-02-07,2026-03-07,2026,1,0,0,0,0,0,0,0,0,0,Review,Scarped,East.facing,"Wet
(Months 7-9)",Platform,C1-12c,5.6945684523809526,30.52,672,0.0032317156537537,1.713310428434306,FALSE,72.28575074664536,2.3204339675954957
CorteMadera,T1,12,Jan,M7,5.288379122666667,3,1.6483616967233934,0.7592727273333334,2026-01-10,2026-02-07,2026,0,0,0,0,0,0,0,0,0,0,OK,Scarped,East.facing,"Wet
(Months 7-9)",Platform,C1-12a,6.187711738484398,20.41,673,0.0032317156537537,1.713310428434306,FALSE,72.28575074664536,2.3204339675954957
CorteMadera,T1,12,Jun,M12,7.8445994245,2,1.6483616967233934,0.7592727273333334,2026-06-10,2026-07-07,2026,1,0,0,0,0,0,0,0,0,0,Review,Scarped,East.facing,"Growth
(Months 10-12)",Platform,C1-12a,5.652819722650231,19.44,649,0.0032317156537537,1.713310428434306,FALSE,72.28575074664536,2.3204339675954957
CorteMadera,T1,12,Mar,M9,2.568841251,3,1.6483616967233934,0.7592727273333334,2026-03-07,2026-04-04,2026,0,1,0,0,0,0,0,0,0,0,Review,Scarped,East.facing,"Wet
(Months 7-9)",Platform,C1-12a,4.129417910447761,20.99,670,0.0032317156537537,1.713310428434306,FALSE,72.28575074664536,2.3204339675954957
CorteMadera,T1,12,May,M11,4.377165671,3,1.6483616967233934,0.7592727273333334,2026-05-02,2026-06-10,2026,0,0,0,0,0,0,0,0,0,0,OK,Scarped,East.facing,"Growth
(Months 10-12)",Platform,C1-12a,6.077854855923159,30.91,937,0.0032317156537537,1.713310428434306,FALSE,72.28575074664536,2.3204339675954957
CorteMadera,T1,12,Nov,M5,2.528897092,1,1.659029718059436,0.772,2025-11-06,2025-12-03,2025,0,0,0,0,0,0,0,0,0,0,OK,Scarped,East.facing,"Tran
(Months 4-6)",Platform,C1-12c,5.73625,24.1,648,0.0032317156537537,1.713310428434306,FALSE,72.28575074664536,2.3204339675954957
CorteMadera,T1,12,Oct,M4,1.2517723143333332,3,1.6483616967233934,0.7592727273333334,2025-10-03,2025-11-06,2025,0,0,0,0,0,0,0,0,0,0,OK,Scarped,East.facing,"Tran
(Months 4-6)",Platform,C1-12a,4.648935128518972,27.8,817,0.0032317156537537,1.713310428434306,FALSE,72.28575074664536,2.3204339675954957
CorteMadera,T1,12,Sep,M3,8.122983865666667,3,1.6483616967233934,0.7592727273333334,2025-09-05,2025-10-03,2025,0,0,0,0,0,0,0,0,0,0,OK,Scarped,East.facing,"Late_Dry
(Months 1-3)",Platform,C1-12a,4.6919940029985,20.8,667,0.0032317156537537,1.713310428434306,FALSE,72.28575074664536,2.3204339675954957
CorteMadera,T1,18,Apr,M10,1.3354231883333334,3,1.6736601473202946,0.7894545456666666,2026-04-04,2026-05-02,2026,1,0,0,0,0,0,0,0,0,0,Review,Scarped,East.facing,"Growth
(Months 10-12)",Platform,C1-18a,5.443536404160476,28.57,673,0.00523615127262157,1.741810125322371,FALSE,72.28575074664536,2.3204339675954957
CorteMadera,T1,18,Dec,M6,1.5501698366666667,3,1.6736601473202946,0.7894545456666666,2025-12-03,2026-01-10,2025,0,0,0,0,0,0,0,0,0,0,OK,Scarped,East.facing,"Tran
(Months 4-6)",Platform,C1-18a,7.464928806133625,29.94,913,0.00523615127262157,1.741810125322371,FALSE,72.28575074664536,2.3204339675954957
CorteMadera,T1,18,Feb,M8,2.85005241,2,1.6747269494538988,0.790727273,2026-02-07,2026-03-07,2026,0,0,0,0,0,0,0,0,0,0,OK,Scarped,East.facing,"Wet
(Months 7-9)",Platform,C1-18a,5.6945684523809526,30.52,672,0.00523615127262157,1.741810125322371,FALSE,72.28575074664536,2.3204339675954957
CorteMadera,T1,18,Jan,M7,3.834539416333333,3,1.6736601473202946,0.7894545456666666,2026-01-10,2026-02-07,2026,0,0,0,0,0,0,0,0,0,0,OK,Scarped,East.facing,"Wet
(Months 7-9)",Platform,C1-18a,6.187711738484398,20.41,673,0.00523615127262157,1.741810125322371,FALSE,72.28575074664536,2.3204339675954957
CorteMadera,T1,18,Jun,M12,6.402089462999999,2,1.6736601473202946,0.7894545456666666,2026-06-10,2026-07-07,2026,1,0,0,0,0,0,0,0,0,0,Review,Scarped,East.facing,"Growth
(Months 10-12)",Platform,C1-18a,5.652819722650231,19.44,649,0.00523615127262157,1.741810125322371,FALSE,72.28575074664536,2.3204339675954957
CorteMadera,T1,18,Mar,M9,2.6380048806666667,3,1.6736601473202946,0.7894545456666666,2026-03-07,2026-04-04,2026,0,0,0,0,1,0,0,0,0,0,Review,Scarped,East.facing,"Wet
(Months 7-9)",Platform,C1-18a,4.129417910447761,20.99,670,0.00523615127262157,1.741810125322371,FALSE,72.28575074664536,2.3204339675954957
CorteMadera,T1,18,May,M11,3.1105630389999996,3,1.6736601473202946,0.7894545456666666,2026-05-02,2026-06-10,2026,0,0,0,0,0,0,0,0,0,0,OK,Scarped,East.facing,"Growth
(Months 10-12)",Platform,C1-18a,6.077854855923159,30.91,937,0.00523615127262157,1.741810125322371,FALSE,72.28575074664536,2.3204339675954957
CorteMadera,T1,18,Nov,M5,3.9310907126666668,3,1.6736601473202946,0.7894545456666666,2025-11-06,2025-12-03,2025,0,0,0,0,0,0,0,0,0,0,OK,Scarped,East.facing,"Tran
(Months 4-6)",Platform,C1-18a,5.73625,24.1,648,0.00523615127262157,1.741810125322371,FALSE,72.28575074664536,2.3204339675954957
CorteMadera,T1,24,Apr,M10,0.817865535,2,1.71755143510287,0.841818182,2026-04-04,2026-05-02,2026,0,0,0,0,0,0,0,0,0,0,OK,Scarped,East.facing,"Growth
(Months 10-12)",Platform,C1-24a,5.443536404160476,28.57,673,-0.0028494853327859,1.7550712477688033,FALSE,72.28575074664536,2.3204339675954957
CorteMadera,T1,24,Aug,M2,4.011472453333333,3,1.71755143510287,0.841818182,2025-08-07,2025-09-05,2025,0,0,0,0,0,0,0,0,0,0,OK,Scarped,East.facing,"Late_Dry
(Months 1-3)",Platform,C1-24a,5.0551510791366905,17.69,695,-0.0028494853327859,1.7550712477688033,FALSE,72.28575074664536,2.3204339675954957
CorteMadera,T1,24,Dec,M6,1.6455318113333333,3,1.71755143510287,0.841818182,2025-12-03,2026-01-10,2025,0,0,0,0,0,0,0,0,0,0,OK,Scarped,East.facing,"Tran
(Months 4-6)",Platform,C1-24a,7.464928806133625,29.94,913,-0.0028494853327859,1.7550712477688033,FALSE,72.28575074664536,2.3204339675954957
CorteMadera,T1,24,Feb,M8,1.630566253,2,1.717094234188468,0.8412727275,2026-02-07,2026-03-07,2026,0,0,0,0,1,1,0,0,0,0,Review,Scarped,East.facing,"Wet
(Months 7-9)",Platform,C1-24a,5.6945684523809526,30.52,672,-0.0028494853327859,1.7550712477688033,FALSE,72.28575074664536,2.3204339675954957
CorteMadera,T1,24,Jan,M7,5.8883025,3,1.71755143510287,0.841818182,2026-01-10,2026-02-07,2026,0,0,0,0,0,0,0,0,0,0,OK,Scarped,East.facing,"Wet
(Months 7-9)",Platform,C1-24a,6.187711738484398,20.41,673,-0.0028494853327859,1.7550712477688033,FALSE,72.28575074664536,2.3204339675954957
CorteMadera,T1,24,Jun,M12,6.730335314666667,3,1.71755143510287,0.841818182,2026-06-10,2026-07-07,2026,0,0,0,0,0,0,0,0,0,0,OK,Scarped,East.facing,"Growth
(Months 10-12)",Platform,C1-24a,5.652819722650231,19.44,649,-0.0028494853327859,1.7550712477688033,FALSE,72.28575074664536,2.3204339675954957
CorteMadera,T1,24,Mar,M9,1.3279940866666666,3,1.71755143510287,0.841818182,2026-03-07,2026-04-04,2026,0,0,0,0,0,0,0,0,0,0,OK,Scarped,East.facing,"Wet
(Months 7-9)",Platform,C1-24a,4.129417910447761,20.99,670,-0.0028494853327859,1.7550712477688033,FALSE,72.28575074664536,2.3204339675954957
CorteMadera,T1,24,May,M11,2.774485300333333,3,1.71755143510287,0.841818182,2026-05-02,2026-06-10,2026,0,0,0,0,0,0,0,0,0,0,OK,Scarped,East.facing,"Growth
(Months 10-12)",Platform,C1-24a,6.077854855923159,30.91,937,-0.0028494853327859,1.7550712477688033,FALSE,72.28575074664536,2.3204339675954957
CorteMadera,T1,24,Nov,M5,2.81678779,3,1.71755143510287,0.841818182,2025-11-06,2025-12-03,2025,0,0,0,0,0,0,0,0,0,0,OK,Scarped,East.facing,"Tran
(Months 4-6)",Platform,C1-24a,5.73625,24.1,648,-0.0028494853327859,1.7550712477688033,FALSE,72.28575074664536,2.3204339675954957
CorteMadera,T1,24,Oct,M4,4.517087749666667,3,1.71755143510287,0.841818182,2025-10-03,2025-11-06,2025,0,0,0,0,0,0,0,0,0,0,OK,Scarped,East.facing,"Tran
(Months 4-6)",Platform,C1-24a,4.648935128518972,27.8,817,-0.0028494853327859,1.7550712477688033,FALSE,72.28575074664536,2.3204339675954957
CorteMadera,T1,24,Sep,M3,4.584529407,3,1.71755143510287,0.841818182,2025-09-05,2025-10-03,2025,0,1,0,0,0,0,0,0,0,0,Review,Scarped,East.facing,"Late_Dry
(Months 1-3)",Platform,C1-24a,4.6919940029985,20.8,667,-0.0028494853327859,1.7550712477688033,FALSE,72.28575074664536,2.3204339675954957
CorteMadera,T1,48,Apr,M10,0.723804121,3,1.7166370332829566,0.840727273,2026-04-04,2026-05-02,2026,0,0,0,0,0,0,0,0,0,0,OK,Scarped,East.facing,"Growth
(Months 10-12)",Upland,C1-48a,5.443536404160476,28.57,673,-0.00558516363104424,1.727272679455228,FALSE,72.28575074664536,2.3204339675954957
CorteMadera,T1,48,Aug,M2,1.9360757316666666,3,1.7166370332829566,0.840727273,2025-08-07,2025-09-05,2025,0,0,0,0,0,0,0,0,0,0,OK,Scarped,East.facing,"Late_Dry
(Months 1-3)",Upland,C1-48a,5.0551510791366905,17.69,695,-0.00558516363104424,1.727272679455228,FALSE,72.28575074664536,2.3204339675954957
CorteMadera,T1,48,Dec,M6,3.628971249666667,3,1.7166370332829566,0.840727273,2025-12-03,2026-01-10,2025,0,0,0,0,0,0,0,0,0,0,OK,Scarped,East.facing,"Tran
(Months 4-6)",Upland,C1-48a,7.464928806133625,29.94,913,-0.00558516363104424,1.727272679455228,FALSE,72.28575074664536,2.3204339675954957
CorteMadera,T1,48,Feb,M8,1.959823305,3,1.7166370332829566,0.840727273,2026-02-07,2026-03-07,2026,0,0,0,0,0,0,0,0,0,0,OK,Scarped,East.facing,"Wet
(Months 7-9)",Upland,C1-48a,5.6945684523809526,30.52,672,-0.00558516363104424,1.727272679455228,FALSE,72.28575074664536,2.3204339675954957
CorteMadera,T1,48,Jan,M7,1.8875720133333334,3,1.7166370332829566,0.840727273,2026-01-10,2026-02-07,2026,0,0,0,0,0,0,0,0,0,0,OK,Scarped,East.facing,"Wet
(Months 7-9)",Upland,C1-48a,6.187711738484398,20.41,673,-0.00558516363104424,1.727272679455228,FALSE,72.28575074664536,2.3204339675954957
CorteMadera,T1,48,Jun,M12,4.149216188666666,3,1.7166370332829566,0.840727273,2026-06-10,2026-07-07,2026,0,0,0,0,0,0,0,0,0,0,OK,Scarped,East.facing,"Growth
(Months 10-12)",Upland,C1-48a,5.652819722650231,19.44,649,-0.00558516363104424,1.727272679455228,FALSE,72.28575074664536,2.3204339675954957
CorteMadera,T1,48,Mar,M9,1.37782708,1,1.7108458216916431,0.833818182,2026-03-07,2026-04-04,2026,0,1,0,0,0,0,0,0,0,0,Review,Scarped,East.facing,"Wet
(Months 7-9)",Upland,C1-48b,4.129417910447761,20.99,670,-0.00558516363104424,1.727272679455228,FALSE,72.28575074664536,2.3204339675954957
CorteMadera,T1,48,May,M11,1.0648485086666666,3,1.7166370332829566,0.840727273,2026-05-02,2026-06-10,2026,0,0,0,0,0,0,0,0,0,0,OK,Scarped,East.facing,"Growth
(Months 10-12)",Upland,C1-48a,6.077854855923159,30.91,937,-0.00558516363104424,1.727272679455228,FALSE,72.28575074664536,2.3204339675954957
CorteMadera,T1,48,Oct,M4,8.016539331333334,3,1.7166370332829566,0.840727273,2025-10-03,2025-11-06,2025,0,0,0,0,0,0,0,0,1,0,Review,Scarped,East.facing,"Tran
(Months 4-6)",Upland,C1-48a,4.648935128518972,27.8,817,-0.00558516363104424,1.727272679455228,FALSE,72.28575074664536,2.3204339675954957
CorteMadera,T1,48,Sep,M3,3.1346506413333333,3,1.7166370332829566,0.840727273,2025-09-05,2025-10-03,2025,0,0,0,0,0,0,0,0,0,0,OK,Scarped,East.facing,"Late_Dry
(Months 1-3)",Upland,C1-48a,4.6919940029985,20.8,667,-0.00558516363104424,1.727272679455228,FALSE,72.28575074664536,2.3204339675954957
CorteMadera,T2,0.5,Aug,M2,1.8173881966666665,3,1.6366776733553465,0.7453333333333333,2025-08-07,2025-09-05,2025,0,0,0,0,0,0,0,0,0,0,OK,Scarped,East.facing,"Late_Dry
(Months 1-3)",Edge,C2-0.5a,5.0551510791366905,17.69,695,0.16925078293661744,1.481725221967733,FALSE,68.92888177014264,1.9959970930436297
CorteMadera,T2,0.5,Dec,M6,0.03725680366666667,3,1.6366776733553465,0.7453333333333333,2025-12-03,2026-01-10,2025,0,0,0,0,0,0,0,0,0,0,OK,Scarped,East.facing,"Tran
(Months 4-6)",Edge,C2-0.5a,7.464928806133625,29.94,913,0.16925078293661744,1.481725221967733,FALSE,68.92888177014264,1.9959970930436297
CorteMadera,T2,0.5,Feb,M8,0.025852152,2,1.6354076708153416,0.743818182,2026-02-07,2026-03-07,2026,0,0,0,0,0,0,0,0,0,0,OK,Scarped,East.facing,"Wet
(Months 7-9)",Edge,C2-0.5a,5.6945684523809526,30.52,672,0.16925078293661744,1.481725221967733,FALSE,68.92888177014264,1.9959970930436297
CorteMadera,T2,0.5,Jan,M7,0.006006906,1,1.621234442468885,0.726909091,2026-01-10,2026-02-07,2026,0,0,0,0,0,0,0,0,0,0,OK,Scarped,East.facing,"Wet
(Months 7-9)",Edge,C2-0.5a,6.187711738484398,20.41,673,0.16925078293661744,1.481725221967733,FALSE,68.92888177014264,1.9959970930436297
CorteMadera,T2,0.5,Jul,M1,2.342665328,2,1.6366776733553465,0.7453333333333333,2025-07-10,2025-08-07,2025,1,0,0,0,0,0,0,0,0,0,Review,Scarped,East.facing,"Late_Dry
(Months 1-3)",Edge,C2-0.5a,6.167200674536256,19.44,593,0.16925078293661744,1.481725221967733,FALSE,68.92888177014264,1.9959970930436297
CorteMadera,T2,0.5,Jun,M12,0.14706004066666667,3,1.6366776733553465,0.7453333333333333,2026-06-10,2026-07-07,2026,0,0,0,0,0,0,0,0,0,0,OK,Scarped,East.facing,"Growth
(Months 10-12)",Edge,C2-0.5a,5.652819722650231,19.44,649,0.16925078293661744,1.481725221967733,FALSE,68.92888177014264,1.9959970930436297
CorteMadera,T2,0.5,Nov,M5,0.26175057133333335,3,1.6366776733553465,0.7453333333333333,2025-11-06,2025-12-03,2025,0,0,0,0,0,0,0,0,0,0,OK,Scarped,East.facing,"Tran
(Months 4-6)",Edge,C2-0.5a,5.73625,24.1,648,0.16925078293661744,1.481725221967733,FALSE,68.92888177014264,1.9959970930436297
CorteMadera,T2,0.5,Oct,M4,0.07292386266666667,3,1.6366776733553465,0.7453333333333333,2025-10-03,2025-11-06,2025,0,0,0,0,0,0,0,0,0,0,OK,Scarped,East.facing,"Tran
(Months 4-6)",Edge,C2-0.5a,4.648935128518972,27.8,817,0.16925078293661744,1.481725221967733,FALSE,68.92888177014264,1.9959970930436297
CorteMadera,T2,0.5,Sep,M3,7.760866604666666,3,1.6366776733553465,0.7453333333333333,2025-09-05,2025-10-03,2025,1,0,0,0,0,0,0,0,0,0,Review,Scarped,East.facing,"Late_Dry
(Months 1-3)",Edge,C2-0.5a,4.6919940029985,20.8,667,0.16925078293661744,1.481725221967733,FALSE,68.92888177014264,1.9959970930436297
CorteMadera,T2,2,Apr,M10,0.1640952025,2,1.6550673101346203,0.7672727275,2026-04-04,2026-05-02,2026,0,0,0,0,0,0,0,0,0,0,OK,Scarped,East.facing,"Growth
(Months 10-12)",Edge,C2-2b,5.443536404160476,28.57,673,0.09235576383065149,1.6757667363825983,FALSE,68.92888177014264,1.9959970930436297
CorteMadera,T2,2,Aug,M2,1.8431709816666668,3,1.6554737109474218,0.767757576,2025-08-07,2025-09-05,2025,0,0,0,0,0,0,0,0,0,0,OK,Scarped,East.facing,"Late_Dry
(Months 1-3)",Edge,C2-2a,5.0551510791366905,17.69,695,0.09235576383065149,1.6757667363825983,FALSE,68.92888177014264,1.9959970930436297
CorteMadera,T2,2,Dec,M6,0.3134562983333333,3,1.6554737109474218,0.767757576,2025-12-03,2026-01-10,2025,0,0,0,0,0,0,0,0,0,0,OK,Scarped,East.facing,"Tran
(Months 4-6)",Edge,C2-2a,7.464928806133625,29.94,913,0.09235576383065149,1.6757667363825983,FALSE,68.92888177014264,1.9959970930436297
CorteMadera,T2,2,Feb,M8,0.38167245433333336,3,1.6554737109474218,0.767757576,2026-02-07,2026-03-07,2026,0,0,0,0,0,0,0,0,0,0,OK,Scarped,East.facing,"Wet
(Months 7-9)",Edge,C2-2a,5.6945684523809526,30.52,672,0.09235576383065149,1.6757667363825983,FALSE,68.92888177014264,1.9959970930436297
CorteMadera,T2,2,Jan,M7,0.22438882133333332,3,1.6554737109474218,0.767757576,2026-01-10,2026-02-07,2026,0,0,0,0,0,0,0,0,0,0,OK,Scarped,East.facing,"Wet
(Months 7-9)",Edge,C2-2a,6.187711738484398,20.41,673,0.09235576383065149,1.6757667363825983,FALSE,68.92888177014264,1.9959970930436297
CorteMadera,T2,2,Jul,M1,2.354791419,2,1.6554737109474218,0.767757576,2025-07-10,2025-08-07,2025,1,0,0,0,0,0,0,0,0,0,Review,Scarped,East.facing,"Late_Dry
(Months 1-3)",Edge,C2-2a,6.167200674536256,19.44,593,0.09235576383065149,1.6757667363825983,FALSE,68.92888177014264,1.9959970930436297
CorteMadera,T2,2,Jun,M12,0.655249707,3,1.6554737109474218,0.767757576,2026-06-10,2026-07-07,2026,0,0,0,0,0,0,0,0,0,0,OK,Scarped,East.facing,"Growth
(Months 10-12)",Edge,C2-2a,5.652819722650231,19.44,649,0.09235576383065149,1.6757667363825983,FALSE,68.92888177014264,1.9959970930436297
CorteMadera,T2,2,Mar,M9,0.11400022533333333,3,1.6554737109474218,0.767757576,2026-03-07,2026-04-04,2026,0,0,0,0,0,0,0,0,0,0,OK,Scarped,East.facing,"Wet
(Months 7-9)",Edge,C2-2a,4.129417910447761,20.99,670,0.09235576383065149,1.6757667363825983,FALSE,68.92888177014264,1.9959970930436297
CorteMadera,T2,2,May,M11,0.10988526166666666,3,1.6554737109474218,0.767757576,2026-05-02,2026-06-10,2026,0,0,0,0,0,0,0,0,0,0,OK,Scarped,East.facing,"Growth
(Months 10-12)",Edge,C2-2a,6.077854855923159,30.91,937,0.09235576383065149,1.6757667363825983,FALSE,68.92888177014264,1.9959970930436297
CorteMadera,T2,2,Nov,M5,0.505608644,3,1.6554737109474218,0.767757576,2025-11-06,2025-12-03,2025,0,0,0,0,0,0,0,0,0,0,OK,Scarped,East.facing,"Tran
(Months 4-6)",Edge,C2-2a,5.73625,24.1,648,0.09235576383065149,1.6757667363825983,FALSE,68.92888177014264,1.9959970930436297
CorteMadera,T2,2,Oct,M4,0.2857160636666667,3,1.6554737109474218,0.767757576,2025-10-03,2025-11-06,2025,0,0,0,0,0,0,0,0,0,0,OK,Scarped,East.facing,"Tran
(Months 4-6)",Edge,C2-2a,4.648935128518972,27.8,817,0.09235576383065149,1.6757667363825983,FALSE,68.92888177014264,1.9959970930436297
CorteMadera,T2,2,Sep,M3,1.853383174,3,1.6554737109474218,0.767757576,2025-09-05,2025-10-03,2025,0,0,0,0,0,0,0,0,0,0,OK,Scarped,East.facing,"Late_Dry
(Months 1-3)",Edge,C2-2a,4.6919940029985,20.8,667,0.09235576383065149,1.6757667363825983,FALSE,68.92888177014264,1.9959970930436297
CorteMadera,T2,6,Apr,M10,0.8437176869999999,3,1.6675641351282702,0.782181818,2026-04-04,2026-05-02,2026,0,0,0,0,0,0,0,0,0,0,OK,Scarped,East.facing,"Growth
(Months 10-12)",Edge,C2-6a,5.443536404160476,28.57,673,-0.00332539341534895,1.8033913358538023,FALSE,68.92888177014264,1.9959970930436297
CorteMadera,T2,6,Aug,M2,1.3393497136666668,3,1.6675641351282702,0.782181818,2025-08-07,2025-09-05,2025,0,0,0,0,0,0,0,0,0,0,OK,Scarped,East.facing,"Late_Dry
(Months 1-3)",Edge,C2-6a,5.0551510791366905,17.69,695,-0.00332539341534895,1.8033913358538023,FALSE,68.92888177014264,1.9959970930436297
CorteMadera,T2,6,Dec,M6,2.431523514333333,3,1.6675641351282702,0.782181818,2025-12-03,2026-01-10,2025,0,0,0,0,0,0,0,0,0,0,OK,Scarped,East.facing,"Tran
(Months 4-6)",Edge,C2-6a,7.464928806133625,29.94,913,-0.00332539341534895,1.8033913358538023,FALSE,68.92888177014264,1.9959970930436297
CorteMadera,T2,6,Feb,M8,2.642795435,3,1.6675641351282702,0.782181818,2026-02-07,2026-03-07,2026,0,0,0,0,0,0,0,0,0,0,OK,Scarped,East.facing,"Wet
(Months 7-9)",Edge,C2-6a,5.6945684523809526,30.52,672,-0.00332539341534895,1.8033913358538023,FALSE,68.92888177014264,1.9959970930436297
CorteMadera,T2,6,Jan,M7,4.290708734666667,3,1.6675641351282702,0.782181818,2026-01-10,2026-02-07,2026,0,0,0,0,0,0,0,0,0,0,OK,Scarped,East.facing,"Wet
(Months 7-9)",Edge,C2-6a,6.187711738484398,20.41,673,-0.00332539341534895,1.8033913358538023,FALSE,68.92888177014264,1.9959970930436297
CorteMadera,T2,6,Jul,M1,3.8200929009999998,3,1.6675641351282702,0.782181818,2025-07-10,2025-08-07,2025,0,0,0,0,0,0,0,0,0,0,OK,Scarped,East.facing,"Late_Dry
(Months 1-3)",Edge,C2-6a,6.167200674536256,19.44,593,-0.00332539341534895,1.8033913358538023,FALSE,68.92888177014264,1.9959970930436297
CorteMadera,T2,6,Jun,M12,3.1742884593333334,3,1.6675641351282702,0.782181818,2026-06-10,2026-07-07,2026,0,0,0,0,0,0,0,0,0,0,OK,Scarped,East.facing,"Growth
(Months 10-12)",Edge,C2-6a,5.652819722650231,19.44,649,-0.00332539341534895,1.8033913358538023,FALSE,68.92888177014264,1.9959970930436297
CorteMadera,T2,6,Mar,M9,1.1024076263333333,3,1.6675641351282702,0.782181818,2026-03-07,2026-04-04,2026,0,0,0,0,0,0,0,0,0,0,OK,Scarped,East.facing,"Wet
(Months 7-9)",Edge,C2-6a,4.129417910447761,20.99,670,-0.00332539341534895,1.8033913358538023,FALSE,68.92888177014264,1.9959970930436297
CorteMadera,T2,6,May,M11,2.0943762753333335,3,1.6675641351282702,0.782181818,2026-05-02,2026-06-10,2026,0,0,0,0,0,0,0,0,0,0,OK,Scarped,East.facing,"Growth
(Months 10-12)",Edge,C2-6a,6.077854855923159,30.91,937,-0.00332539341534895,1.8033913358538023,FALSE,68.92888177014264,1.9959970930436297
CorteMadera,T2,6,Nov,M5,1.4425390710000001,3,1.6675641351282702,0.782181818,2025-11-06,2025-12-03,2025,0,0,0,0,0,0,0,0,0,0,OK,Scarped,East.facing,"Tran
(Months 4-6)",Edge,C2-6a,5.73625,24.1,648,-0.00332539341534895,1.8033913358538023,FALSE,68.92888177014264,1.9959970930436297
CorteMadera,T2,6,Oct,M4,1.490100196,3,1.6675641351282702,0.782181818,2025-10-03,2025-11-06,2025,0,0,0,0,0,0,0,0,0,0,OK,Scarped,East.facing,"Tran
(Months 4-6)",Edge,C2-6a,4.648935128518972,27.8,817,-0.00332539341534895,1.8033913358538023,FALSE,68.92888177014264,1.9959970930436297
CorteMadera,T2,6,Sep,M3,3.45116407,3,1.6675641351282702,0.782181818,2025-09-05,2025-10-03,2025,0,0,0,0,0,0,0,0,0,0,OK,Scarped,East.facing,"Late_Dry
(Months 1-3)",Edge,C2-6a,4.6919940029985,20.8,667,-0.00332539341534895,1.8033913358538023,FALSE,68.92888177014264,1.9959970930436297
CorteMadera,T2,12,Apr,M10,0.7362857613333333,3,1.6652273304546608,0.7793939393333333,2026-04-04,2026-05-02,2026,0,0,0,0,0,0,0,0,0,0,OK,Scarped,East.facing,"Growth
(Months 10-12)",Platform,C2-12a,5.443536404160476,28.57,673,-0.0058473496992098,1.752402790171007,FALSE,68.92888177014264,1.9959970930436297
CorteMadera,T2,12,Aug,M2,1.7929906123333335,3,1.6652273304546608,0.7793939393333333,2025-08-07,2025-09-05,2025,0,0,0,0,0,0,0,0,0,0,OK,Scarped,East.facing,"Late_Dry
(Months 1-3)",Platform,C2-12a,5.0551510791366905,17.69,695,-0.0058473496992098,1.752402790171007,FALSE,68.92888177014264,1.9959970930436297
CorteMadera,T2,12,Dec,M6,1.796117138,3,1.6652273304546608,0.7793939393333333,2025-12-03,2026-01-10,2025,0,0,0,0,0,0,0,0,0,0,OK,Scarped,East.facing,"Tran
(Months 4-6)",Platform,C2-12a,7.464928806133625,29.94,913,-0.0058473496992098,1.752402790171007,FALSE,68.92888177014264,1.9959970930436297
CorteMadera,T2,12,Feb,M8,2.0823379920000002,3,1.6652273304546608,0.7793939393333333,2026-02-07,2026-03-07,2026,0,0,0,0,0,0,0,0,0,0,OK,Scarped,East.facing,"Wet
(Months 7-9)",Platform,C2-12a,5.6945684523809526,30.52,672,-0.0058473496992098,1.752402790171007,FALSE,68.92888177014264,1.9959970930436297
CorteMadera,T2,12,Jan,M7,4.100677171,3,1.6652273304546608,0.7793939393333333,2026-01-10,2026-02-07,2026,0,0,0,0,0,0,0,0,0,0,OK,Scarped,East.facing,"Wet
(Months 7-9)",Platform,C2-12a,6.187711738484398,20.41,673,-0.0058473496992098,1.752402790171007,FALSE,68.92888177014264,1.9959970930436297
CorteMadera,T2,12,Jul,M1,2.980460908,3,1.6652273304546608,0.7793939393333333,2025-07-10,2025-08-07,2025,0,0,0,0,0,0,0,0,0,0,OK,Scarped,East.facing,"Late_Dry
(Months 1-3)",Platform,C2-12a,6.167200674536256,19.44,593,-0.0058473496992098,1.752402790171007,FALSE,68.92888177014264,1.9959970930436297
CorteMadera,T2,12,Jun,M12,4.719932570666667,3,1.6652273304546608,0.7793939393333333,2026-06-10,2026-07-07,2026,0,0,0,0,0,0,0,0,0,0,OK,Scarped,East.facing,"Growth
(Months 10-12)",Platform,C2-12a,5.652819722650231,19.44,649,-0.0058473496992098,1.752402790171007,FALSE,68.92888177014264,1.9959970930436297
CorteMadera,T2,12,Mar,M9,1.1011164223333334,3,1.6652273304546608,0.7793939393333333,2026-03-07,2026-04-04,2026,0,0,0,0,0,0,0,0,0,0,OK,Scarped,East.facing,"Wet
(Months 7-9)",Platform,C2-12a,4.129417910447761,20.99,670,-0.0058473496992098,1.752402790171007,FALSE,68.92888177014264,1.9959970930436297
CorteMadera,T2,12,May,M11,2.0156200213333335,3,1.6652273304546608,0.7793939393333333,2026-05-02,2026-06-10,2026,0,0,0,0,0,0,0,0,0,0,OK,Scarped,East.facing,"Growth
(Months 10-12)",Platform,C2-12a,6.077854855923159,30.91,937,-0.0058473496992098,1.752402790171007,FALSE,68.92888177014264,1.9959970930436297
CorteMadera,T2,12,Nov,M5,1.0744814386666668,3,1.6652273304546608,0.7793939393333333,2025-11-06,2025-12-03,2025,0,0,0,0,0,0,0,0,0,0,OK,Scarped,East.facing,"Tran
(Months 4-6)",Platform,C2-12a,5.73625,24.1,648,-0.0058473496992098,1.752402790171007,FALSE,68.92888177014264,1.9959970930436297
CorteMadera,T2,12,Oct,M4,1.148781999,1,1.6657353314706629,0.78,2025-10-03,2025-11-06,2025,0,0,0,0,0,0,0,0,0,0,OK,Scarped,East.facing,"Tran
(Months 4-6)",Platform,C2-12c,4.648935128518972,27.8,817,-0.0058473496992098,1.752402790171007,FALSE,68.92888177014264,1.9959970930436297
CorteMadera,T2,12,Sep,M3,2.7964112996666666,3,1.6652273304546608,0.7793939393333333,2025-09-05,2025-10-03,2025,0,0,0,0,0,0,0,0,0,0,OK,Scarped,East.facing,"Late_Dry
(Months 1-3)",Platform,C2-12a,4.6919940029985,20.8,667,-0.0058473496992098,1.752402790171007,FALSE,68.92888177014264,1.9959970930436297
CorteMadera,T2,18,Apr,M10,2.044755843,3,1.6689865379730757,0.783878788,2026-04-04,2026-05-02,2026,1,0,0,0,0,0,0,0,0,0,Review,Scarped,East.facing,"Growth
(Months 10-12)",Platform,C2-18a,5.443536404160476,28.57,673,5.42879874173271e-4,1.7467200155303768,FALSE,68.92888177014264,1.9959970930436297
CorteMadera,T2,18,Dec,M6,1.8533536263333332,3,1.6689865379730757,0.783878788,2025-12-03,2026-01-10,2025,0,0,0,0,0,0,0,0,0,0,OK,Scarped,East.facing,"Tran
(Months 4-6)",Platform,C2-18a,7.464928806133625,29.94,913,5.42879874173271e-4,1.7467200155303768,FALSE,68.92888177014264,1.9959970930436297
CorteMadera,T2,18,Feb,M8,2.437306848,3,1.6689865379730757,0.783878788,2026-02-07,2026-03-07,2026,0,0,0,0,0,0,0,0,0,0,OK,Scarped,East.facing,"Wet
(Months 7-9)",Platform,C2-18a,5.6945684523809526,30.52,672,5.42879874173271e-4,1.7467200155303768,FALSE,68.92888177014264,1.9959970930436297
CorteMadera,T2,18,Jan,M7,2.8622907795000003,2,1.6648209296418592,0.778909091,2026-01-10,2026-02-07,2026,0,0,0,0,0,0,0,0,0,0,OK,Scarped,East.facing,"Wet
(Months 7-9)",Platform,C2-18a,6.187711738484398,20.41,673,5.42879874173271e-4,1.7467200155303768,FALSE,68.92888177014264,1.9959970930436297
CorteMadera,T2,18,Jun,M12,4.842159168333334,3,1.6689865379730757,0.783878788,2026-06-10,2026-07-07,2026,0,0,0,0,0,1,0,0,0,0,Review,Scarped,East.facing,"Growth
(Months 10-12)",Platform,C2-18a,5.652819722650231,19.44,649,5.42879874173271e-4,1.7467200155303768,FALSE,68.92888177014264,1.9959970930436297
CorteMadera,T2,18,Mar,M9,1.8532896083333334,3,1.6689865379730757,0.783878788,2026-03-07,2026-04-04,2026,0,0,0,0,0,0,0,0,0,0,OK,Scarped,East.facing,"Wet
(Months 7-9)",Platform,C2-18a,4.129417910447761,20.99,670,5.42879874173271e-4,1.7467200155303768,FALSE,68.92888177014264,1.9959970930436297
CorteMadera,T2,18,May,M11,1.3835412943333334,3,1.6689865379730757,0.783878788,2026-05-02,2026-06-10,2026,0,0,0,0,0,0,0,0,0,0,OK,Scarped,East.facing,"Growth
(Months 10-12)",Platform,C2-18a,6.077854855923159,30.91,937,5.42879874173271e-4,1.7467200155303768,FALSE,68.92888177014264,1.9959970930436297
CorteMadera,T2,18,Nov,M5,2.5166964259999998,3,1.6689865379730757,0.783878788,2025-11-06,2025-12-03,2025,0,0,0,0,0,0,0,1,0,0,Review,Scarped,East.facing,"Tran
(Months 4-6)",Platform,C2-18a,5.73625,24.1,648,5.42879874173271e-4,1.7467200155303768,FALSE,68.92888177014264,1.9959970930436297
CorteMadera,T2,24,Apr,M10,2.0233979546666667,3,1.6796545593091186,0.7966060603333334,2026-04-04,2026-05-02,2026,0,0,0,0,0,0,0,0,0,0,OK,Scarped,East.facing,"Growth
(Months 10-12)",Platform,C2-24a,5.443536404160476,28.57,673,6.099121469114189e-4,1.74610186223484,FALSE,68.92888177014264,1.9959970930436297
CorteMadera,T2,24,Aug,M2,5.175564275499999,2,1.6796545593091186,0.7966060603333334,2025-08-07,2025-09-05,2025,0,0,0,0,0,0,0,0,0,0,OK,Scarped,East.facing,"Late_Dry
(Months 1-3)",Platform,C2-24a,5.0551510791366905,17.69,695,6.099121469114189e-4,1.74610186223484,FALSE,68.92888177014264,1.9959970930436297
CorteMadera,T2,24,Dec,M6,1.971976973,3,1.6796545593091186,0.7966060603333334,2025-12-03,2026-01-10,2025,0,0,0,0,0,0,0,0,0,0,OK,Scarped,East.facing,"Tran
(Months 4-6)",Platform,C2-24a,7.464928806133625,29.94,913,6.099121469114189e-4,1.74610186223484,FALSE,68.92888177014264,1.9959970930436297
CorteMadera,T2,24,Feb,M8,2.9757202553333335,3,1.6796545593091186,0.7966060603333334,2026-02-07,2026-03-07,2026,0,0,0,0,0,0,0,0,0,0,OK,Scarped,East.facing,"Wet
(Months 7-9)",Platform,C2-24a,5.6945684523809526,30.52,672,6.099121469114189e-4,1.74610186223484,FALSE,68.92888177014264,1.9959970930436297
CorteMadera,T2,24,Jan,M7,3.6678056663333334,3,1.6796545593091186,0.7966060603333334,2026-01-10,2026-02-07,2026,0,0,0,0,0,0,0,0,0,0,OK,Scarped,East.facing,"Wet
(Months 7-9)",Platform,C2-24a,6.187711738484398,20.41,673,6.099121469114189e-4,1.74610186223484,FALSE,68.92888177014264,1.9959970930436297
CorteMadera,T2,24,Jul,M1,7.156564360666667,3,1.6796545593091186,0.7966060603333334,2025-07-10,2025-08-07,2025,0,0,0,0,0,0,0,0,0,0,OK,Scarped,East.facing,"Late_Dry
(Months 1-3)",Platform,C2-24a,6.167200674536256,19.44,593,6.099121469114189e-4,1.74610186223484,FALSE,68.92888177014264,1.9959970930436297
CorteMadera,T2,24,Jun,M12,8.890029810333333,3,1.6796545593091186,0.7966060603333334,2026-06-10,2026-07-07,2026,0,0,0,0,0,0,0,0,0,0,OK,Scarped,East.facing,"Growth
(Months 10-12)",Platform,C2-24a,5.652819722650231,19.44,649,6.099121469114189e-4,1.74610186223484,FALSE,68.92888177014264,1.9959970930436297
CorteMadera,T2,24,Mar,M9,2.3524054983333333,3,1.6796545593091186,0.7966060603333334,2026-03-07,2026-04-04,2026,0,0,0,0,0,0,0,0,0,0,OK,Scarped,East.facing,"Wet
(Months 7-9)",Platform,C2-24a,4.129417910447761,20.99,670,6.099121469114189e-4,1.74610186223484,FALSE,68.92888177014264,1.9959970930436297
CorteMadera,T2,24,May,M11,2.8669184343333334,3,1.6796545593091186,0.7966060603333334,2026-05-02,2026-06-10,2026,0,0,0,0,0,0,0,0,0,0,OK,Scarped,East.facing,"Growth
(Months 10-12)",Platform,C2-24a,6.077854855923159,30.91,937,6.099121469114189e-4,1.74610186223484,FALSE,68.92888177014264,1.9959970930436297
CorteMadera,T2,24,Nov,M5,4.644287276333333,3,1.6796545593091186,0.7966060603333334,2025-11-06,2025-12-03,2025,0,0,0,0,0,0,0,0,0,0,OK,Scarped,East.facing,"Tran
(Months 4-6)",Platform,C2-24a,5.73625,24.1,648,6.099121469114189e-4,1.74610186223484,FALSE,68.92888177014264,1.9959970930436297
CorteMadera,T2,24,Oct,M4,2.919851735,3,1.6796545593091186,0.7966060603333334,2025-10-03,2025-11-06,2025,1,0,0,0,0,0,0,0,0,0,Review,Scarped,East.facing,"Tran
(Months 4-6)",Platform,C2-24a,4.648935128518972,27.8,817,6.099121469114189e-4,1.74610186223484,FALSE,68.92888177014264,1.9959970930436297
CorteMadera,T2,24,Sep,M3,6.207997156,3,1.6796545593091186,0.7966060603333334,2025-09-05,2025-10-03,2025,1,0,0,0,0,0,0,0,0,0,Review,Scarped,East.facing,"Late_Dry
(Months 1-3)",Platform,C2-24a,4.6919940029985,20.8,667,6.099121469114189e-4,1.74610186223484,FALSE,68.92888177014264,1.9959970930436297
CorteMadera,T2,48,Apr,M10,2.1885909923333333,3,1.6782321564643128,0.7949090910000001,2026-04-04,2026-05-02,2026,0,0,0,0,0,0,0,0,0,0,OK,Scarped,East.facing,"Growth
(Months 10-12)",Upland,C2-48a,5.443536404160476,28.57,673,-0.00378424848987517,1.7284424717637423,FALSE,68.92888177014264,1.9959970930436297
CorteMadera,T2,48,Aug,M2,4.432759901666667,3,1.6782321564643128,0.7949090910000001,2025-08-07,2025-09-05,2025,0,0,0,0,0,0,0,0,0,0,OK,Scarped,East.facing,"Late_Dry
(Months 1-3)",Upland,C2-48a,5.0551510791366905,17.69,695,-0.00378424848987517,1.7284424717637423,FALSE,68.92888177014264,1.9959970930436297
CorteMadera,T2,48,Dec,M6,8.864471870333333,3,1.6782321564643128,0.7949090910000001,2025-12-03,2026-01-10,2025,0,0,0,0,0,0,0,0,0,0,OK,Scarped,East.facing,"Tran
(Months 4-6)",Upland,C2-48a,7.464928806133625,29.94,913,-0.00378424848987517,1.7284424717637423,FALSE,68.92888177014264,1.9959970930436297
CorteMadera,T2,48,Feb,M8,6.623297056999999,3,1.6782321564643128,0.7949090910000001,2026-02-07,2026-03-07,2026,0,0,0,0,0,0,0,0,0,0,OK,Scarped,East.facing,"Wet
(Months 7-9)",Upland,C2-48a,5.6945684523809526,30.52,672,-0.00378424848987517,1.7284424717637423,FALSE,68.92888177014264,1.9959970930436297
CorteMadera,T2,48,Jan,M7,2.0561583606666667,3,1.6782321564643128,0.7949090910000001,2026-01-10,2026-02-07,2026,0,0,0,0,0,0,0,0,0,0,OK,Scarped,East.facing,"Wet
(Months 7-9)",Upland,C2-48a,6.187711738484398,20.41,673,-0.00378424848987517,1.7284424717637423,FALSE,68.92888177014264,1.9959970930436297
CorteMadera,T2,48,Jul,M1,17.0012847205,2,1.6782321564643128,0.7949090910000001,2025-07-10,2025-08-07,2025,0,0,0,0,0,0,0,0,0,0,OK,Scarped,East.facing,"Late_Dry
(Months 1-3)",Upland,C2-48a,6.167200674536256,19.44,593,-0.00378424848987517,1.7284424717637423,FALSE,68.92888177014264,1.9959970930436297
CorteMadera,T2,48,Jun,M12,5.565789789,3,1.6782321564643128,0.7949090910000001,2026-06-10,2026-07-07,2026,0,0,0,0,0,0,0,0,0,0,OK,Scarped,East.facing,"Growth
(Months 10-12)",Upland,C2-48a,5.652819722650231,19.44,649,-0.00378424848987517,1.7284424717637423,FALSE,68.92888177014264,1.9959970930436297
CorteMadera,T2,48,Mar,M9,3.837589652333333,3,1.6782321564643128,0.7949090910000001,2026-03-07,2026-04-04,2026,0,0,0,0,0,0,0,0,0,0,OK,Scarped,East.facing,"Wet
(Months 7-9)",Upland,C2-48a,4.129417910447761,20.99,670,-0.00378424848987517,1.7284424717637423,FALSE,68.92888177014264,1.9959970930436297
CorteMadera,T2,48,May,M11,3.7148043453333335,3,1.6782321564643128,0.7949090910000001,2026-05-02,2026-06-10,2026,0,0,0,0,0,0,0,0,0,0,OK,Scarped,East.facing,"Growth
(Months 10-12)",Upland,C2-48a,6.077854855923159,30.91,937,-0.00378424848987517,1.7284424717637423,FALSE,68.92888177014264,1.9959970930436297
CorteMadera,T2,48,Nov,M5,2.6579093845,2,1.6776225552451103,0.7941818185,2025-11-06,2025-12-03,2025,0,0,0,0,0,0,0,0,0,0,OK,Scarped,East.facing,"Tran
(Months 4-6)",Upland,C2-48b,5.73625,24.1,648,-0.00378424848987517,1.7284424717637423,FALSE,68.92888177014264,1.9959970930436297
CorteMadera,T2,48,Sep,M3,1.9459007563333333,3,1.6782321564643128,0.7949090910000001,2025-09-05,2025-10-03,2025,0,0,0,0,0,0,0,0,0,0,OK,Scarped,East.facing,"Late_Dry
(Months 1-3)",Upland,C2-48a,4.6919940029985,20.8,667,-0.00378424848987517,1.7284424717637423,FALSE,68.92888177014264,1.9959970930436297
GiantMarsh,T1,0.5,Apr,M9,0.15030622700000001,2,2.0618237236474473,1.189438829,2026-03-19,2026-04-17,2026,0,0,0,0,0,0,0,0,0,0,OK,Scarped,West.facing,"Wet
(Months 7-9)",Edge,G1-0.5b,4.8926043165467625,28.57,695,-0.00503157657553342,2.081117017603091,FALSE,61.82523742803928,2.5615527555530693
GiantMarsh,T1,0.5,Aug,M2,9.824159486,3,2.0637033274316314,1.1915882423333333,2025-08-06,2025-09-06,2025,1,0,0,0,0,0,0,0,0,0,Review,Scarped,West.facing,"Late_Dry
(Months 1-3)",Edge,G1-0.5a,5.032086137281292,17.69,743,-0.00503157657553342,2.081117017603091,FALSE,61.82523742803928,2.5615527555530693
GiantMarsh,T1,0.5,Feb,M7,0.18937660466666667,3,2.0637033274316314,1.1915882423333333,2026-01-23,2026-02-20,2026,0,0,0,0,0,0,0,0,0,0,OK,Scarped,West.facing,"Wet
(Months 7-9)",Edge,G1-0.5a,5.728306092124814,30.52,673,-0.00503157657553342,2.081117017603091,FALSE,61.82523742803928,2.5615527555530693
GiantMarsh,T1,0.5,Jul,M1,39.535538175,2,2.0618237236474473,1.189438829,2025-07-09,2025-08-06,2025,1,0,0,0,0,0,0,0,0,0,Review,Scarped,West.facing,"Late_Dry
(Months 1-3)",Edge,G1-0.5b,6.15150592216582,19.44,591,-0.00503157657553342,2.081117017603091,FALSE,61.82523742803928,2.5615527555530693
GiantMarsh,T1,0.5,Jun,M12,0.711127865,3,2.0637033274316314,1.1915882423333333,2026-06-09,2026-07-09,2026,0,0,0,0,0,0,0,0,0,0,OK,Scarped,West.facing,"Growth
(Months 10-12)",Edge,G1-0.5a,5.569056865464632,19.44,721,-0.00503157657553342,2.081117017603091,FALSE,61.82523742803928,2.5615527555530693
GiantMarsh,T1,0.5,Mar,M8,0.11064434199999999,2,2.0668529337433323,1.1951899620000002,2026-02-20,2026-03-19,2026,0,0,0,0,0,0,0,0,0,0,OK,Scarped,West.facing,"Wet
(Months 7-9)",Edge,G1-0.5a,4.5645131375579595,22.16,647,-0.00503157657553342,2.081117017603091,FALSE,61.82523742803928,2.5615527555530693
GiantMarsh,T1,0.5,May,M11,1.178119403,3,2.0637033274316314,1.1915882423333333,2026-05-14,2026-06-09,2026,0,0,0,0,0,0,0,0,0,0,OK,Scarped,West.facing,"Growth
(Months 10-12)",Edge,G1-0.5a,6.536608,30.91,625,-0.00503157657553342,2.081117017603091,FALSE,61.82523742803928,2.5615527555530693
GiantMarsh,T1,0.5,Nov,M5,0.9083744933333333,3,2.0637033274316314,1.1915882423333333,2025-11-04,2025-12-11,2025,0,0,0,0,0,0,0,0,0,0,OK,Scarped,West.facing,"Tran
(Months 4-6)",Edge,G1-0.5a,6.2845270270270275,27.8,888,-0.00503157657553342,2.081117017603091,FALSE,61.82523742803928,2.5615527555530693
GiantMarsh,T1,0.5,Oct,M4,2.586581272666667,3,2.0637033274316314,1.1915882423333333,2025-10-07,2025-11-04,2025,0,0,0,0,0,0,0,0,0,0,OK,Scarped,West.facing,"Tran
(Months 4-6)",Edge,G1-0.5a,4.530222882615156,21.77,673,-0.00503157657553342,2.081117017603091,FALSE,61.82523742803928,2.5615527555530693
GiantMarsh,T1,0.5,Sep,M3,2.203246974333333,3,2.0637033274316314,1.1915882423333333,2025-09-06,2025-10-07,2025,0,0,0,0,0,0,0,0,0,0,OK,Scarped,West.facing,"Late_Dry
(Months 1-3)",Edge,G1-0.5a,4.570771312584574,20.8,739,-0.00503157657553342,2.081117017603091,FALSE,61.82523742803928,2.5615527555530693
GiantMarsh,T1,2,Apr,M10,2.923832285,3,2.018897637795275,1.1403508773333333,2026-04-17,2026-05-14,2026,1,0,0,0,0,0,0,0,0,0,Review,Scarped,West.facing,"Growth
(Months 10-12)",Edge,G1-2a,5.255824345146379,25.08,649,-0.04260973519962442,2.031680671373449,FALSE,61.82523742803928,2.5615527555530693
GiantMarsh,T1,2,Apr,M9,9.367389746333334,3,2.018897637795275,1.1403508773333333,2026-03-19,2026-04-17,2026,0,0,0,0,0,0,0,0,0,0,OK,Scarped,West.facing,"Wet
(Months 7-9)",Edge,G1-2a,4.8926043165467625,28.57,695,-0.04260973519962442,2.031680671373449,FALSE,61.82523742803928,2.5615527555530693
GiantMarsh,T1,2,Aug,M2,21.098946664666666,3,2.018897637795275,1.1403508773333333,2025-08-06,2025-09-06,2025,0,0,0,0,0,0,0,0,0,0,OK,Scarped,West.facing,"Late_Dry
(Months 1-3)",Edge,G1-2a,5.032086137281292,17.69,743,-0.04260973519962442,2.031680671373449,FALSE,61.82523742803928,2.5615527555530693
GiantMarsh,T1,2,Feb,M7,7.418098691666667,3,2.018897637795275,1.1403508773333333,2026-01-23,2026-02-20,2026,0,0,0,0,0,0,0,0,0,0,OK,Scarped,West.facing,"Wet
(Months 7-9)",Edge,G1-2a,5.728306092124814,30.52,673,-0.04260973519962442,2.031680671373449,FALSE,61.82523742803928,2.5615527555530693
GiantMarsh,T1,2,Jan,M6,0.7789681736666667,3,2.018897637795275,1.1403508773333333,2025-12-11,2026-01-23,2025,0,0,0,0,1,0,0,0,0,0,Review,Scarped,West.facing,"Tran
(Months 4-6)",Edge,G1-2a,7.42486931268151,29.94,1033,-0.04260973519962442,2.031680671373449,FALSE,61.82523742803928,2.5615527555530693
GiantMarsh,T1,2,Jul,M1,11.054503772666667,3,2.018897637795275,1.1403508773333333,2025-07-09,2025-08-06,2025,1,0,0,0,0,0,0,0,0,0,Review,Scarped,West.facing,"Late_Dry
(Months 1-3)",Edge,G1-2a,6.15150592216582,19.44,591,-0.04260973519962442,2.031680671373449,FALSE,61.82523742803928,2.5615527555530693
GiantMarsh,T1,2,Jun,M12,12.33355186,1,2.0189992379984756,1.140467062,2026-06-09,2026-07-09,2026,0,0,0,0,0,0,0,0,0,0,OK,Scarped,West.facing,"Growth
(Months 10-12)",Edge,G1-2c,5.569056865464632,19.44,721,-0.04260973519962442,2.031680671373449,FALSE,61.82523742803928,2.5615527555530693
GiantMarsh,T1,2,Mar,M8,0.8069478253333333,3,2.018897637795275,1.1403508773333333,2026-02-20,2026-03-19,2026,0,0,0,0,0,0,0,0,0,0,OK,Scarped,West.facing,"Wet
(Months 7-9)",Edge,G1-2a,4.5645131375579595,22.16,647,-0.04260973519962442,2.031680671373449,FALSE,61.82523742803928,2.5615527555530693
GiantMarsh,T1,2,May,M11,3.796523027666667,3,2.018897637795275,1.1403508773333333,2026-05-14,2026-06-09,2026,0,0,0,0,0,0,0,0,0,0,OK,Scarped,West.facing,"Growth
(Months 10-12)",Edge,G1-2a,6.536608,30.91,625,-0.04260973519962442,2.031680671373449,FALSE,61.82523742803928,2.5615527555530693
GiantMarsh,T1,2,Nov,M5,43.47085649233333,3,2.018897637795275,1.1403508773333333,2025-11-04,2025-12-11,2025,0,0,0,0,0,0,0,0,0,0,OK,Scarped,West.facing,"Tran
(Months 4-6)",Edge,G1-2a,6.2845270270270275,27.8,888,-0.04260973519962442,2.031680671373449,FALSE,61.82523742803928,2.5615527555530693
GiantMarsh,T1,2,Oct,M4,22.797911726666666,3,2.018897637795275,1.1403508773333333,2025-10-07,2025-11-04,2025,0,0,0,0,0,0,0,0,0,0,OK,Scarped,West.facing,"Tran
(Months 4-6)",Edge,G1-2a,4.530222882615156,21.77,673,-0.04260973519962442,2.031680671373449,FALSE,61.82523742803928,2.5615527555530693
GiantMarsh,T1,2,Sep,M3,32.077557334333335,3,2.018897637795275,1.1403508773333333,2025-09-06,2025-10-07,2025,0,0,0,0,0,0,0,0,0,0,OK,Scarped,West.facing,"Late_Dry
(Months 1-3)",Edge,G1-2a,4.570771312584574,20.8,739,-0.04260973519962442,2.031680671373449,FALSE,61.82523742803928,2.5615527555530693
GiantMarsh,T1,6,Apr,M10,2.217039761,3,1.976022352044704,1.0913210176666666,2026-04-17,2026-05-14,2026,0,0,0,0,0,0,0,0,0,0,OK,Scarped,West.facing,"Growth
(Months 10-12)",Edge,G1-6a,5.255824345146379,25.08,649,-0.020943234262624,1.9647297866186124,FALSE,61.82523742803928,2.5615527555530693
GiantMarsh,T1,6,Apr,M9,3.3811583506666665,3,1.976022352044704,1.0913210176666666,2026-03-19,2026-04-17,2026,0,0,0,0,0,0,0,0,0,0,OK,Scarped,West.facing,"Wet
(Months 7-9)",Edge,G1-6a,4.8926043165467625,28.57,695,-0.020943234262624,1.9647297866186124,FALSE,61.82523742803928,2.5615527555530693
GiantMarsh,T1,6,Aug,M2,7.161207625,3,1.976022352044704,1.0913210176666666,2025-08-06,2025-09-06,2025,0,1,0,0,0,0,0,0,0,0,Review,Scarped,West.facing,"Late_Dry
(Months 1-3)",Edge,G1-6a,5.032086137281292,17.69,743,-0.020943234262624,1.9647297866186124,FALSE,61.82523742803928,2.5615527555530693
GiantMarsh,T1,6,Jan,M6,2.269251865666667,3,1.976022352044704,1.0913210176666666,2025-12-11,2026-01-23,2025,0,0,0,0,1,0,0,0,0,0,Review,Scarped,West.facing,"Tran
(Months 4-6)",Edge,G1-6a,7.42486931268151,29.94,1033,-0.020943234262624,1.9647297866186124,FALSE,61.82523742803928,2.5615527555530693
GiantMarsh,T1,6,Jul,M1,13.062569456666665,3,1.976022352044704,1.0913210176666666,2025-07-09,2025-08-06,2025,0,0,0,0,0,0,0,0,0,0,OK,Scarped,West.facing,"Late_Dry
(Months 1-3)",Edge,G1-6a,6.15150592216582,19.44,591,-0.020943234262624,1.9647297866186124,FALSE,61.82523742803928,2.5615527555530693
GiantMarsh,T1,6,Mar,M8,2.286669139,3,1.976022352044704,1.0913210176666666,2026-02-20,2026-03-19,2026,0,0,0,0,0,0,0,0,0,0,OK,Scarped,West.facing,"Wet
(Months 7-9)",Edge,G1-6a,4.5645131375579595,22.16,647,-0.020943234262624,1.9647297866186124,FALSE,61.82523742803928,2.5615527555530693
GiantMarsh,T1,6,May,M11,5.195010813666666,3,1.976022352044704,1.0913210176666666,2026-05-14,2026-06-09,2026,0,0,0,0,0,0,0,0,0,0,OK,Scarped,West.facing,"Growth
(Months 10-12)",Edge,G1-6a,6.536608,30.91,625,-0.020943234262624,1.9647297866186124,FALSE,61.82523742803928,2.5615527555530693
GiantMarsh,T1,6,Oct,M4,8.421383011,3,1.976022352044704,1.0913210176666666,2025-10-07,2025-11-04,2025,0,0,0,0,0,0,0,0,0,0,OK,Scarped,West.facing,"Tran
(Months 4-6)",Edge,G1-6a,4.530222882615156,21.77,673,-0.020943234262624,1.9647297866186124,FALSE,61.82523742803928,2.5615527555530693
GiantMarsh,T1,6,Sep,M3,6.318956200333333,3,1.976022352044704,1.0913210176666666,2025-09-06,2025-10-07,2025,0,0,0,0,0,0,0,0,0,0,OK,Scarped,West.facing,"Late_Dry
(Months 1-3)",Edge,G1-6a,4.570771312584574,20.8,739,-0.020943234262624,1.9647297866186124,FALSE,61.82523742803928,2.5615527555530693
GiantMarsh,T1,12,Apr,M10,1.5264319916666667,3,1.9497078994157986,1.0612292319999999,2026-04-17,2026-05-14,2026,0,0,0,0,0,0,0,0,0,0,OK,Scarped,West.facing,"Growth
(Months 10-12)",Platform,G1-12a,5.255824345146379,25.08,649,-0.00963659940341829,1.9003038509090948,FALSE,61.82523742803928,2.5615527555530693
GiantMarsh,T1,12,Apr,M9,1.5657576143333334,3,1.9497078994157986,1.0612292319999999,2026-03-19,2026-04-17,2026,0,0,0,0,0,0,0,0,0,0,OK,Scarped,West.facing,"Wet
(Months 7-9)",Platform,G1-12a,4.8926043165467625,28.57,695,-0.00963659940341829,1.9003038509090948,FALSE,61.82523742803928,2.5615527555530693
GiantMarsh,T1,12,Aug,M2,6.809068069666667,3,1.9497078994157986,1.0612292319999999,2025-08-06,2025-09-06,2025,0,0,0,0,0,0,0,0,0,0,OK,Scarped,West.facing,"Late_Dry
(Months 1-3)",Platform,G1-12a,5.032086137281292,17.69,743,-0.00963659940341829,1.9003038509090948,FALSE,61.82523742803928,2.5615527555530693
GiantMarsh,T1,12,Jan,M6,0.810540225,3,1.9497078994157986,1.0612292319999999,2025-12-11,2026-01-23,2025,0,0,0,0,0,0,0,0,0,0,OK,Scarped,West.facing,"Tran
(Months 4-6)",Platform,G1-12a,7.42486931268151,29.94,1033,-0.00963659940341829,1.9003038509090948,FALSE,61.82523742803928,2.5615527555530693
GiantMarsh,T1,12,Jul,M1,8.863854337333333,3,1.9497078994157986,1.0612292319999999,2025-07-09,2025-08-06,2025,0,0,0,0,0,0,0,0,0,0,OK,Scarped,West.facing,"Late_Dry
(Months 1-3)",Platform,G1-12a,6.15150592216582,19.44,591,-0.00963659940341829,1.9003038509090948,FALSE,61.82523742803928,2.5615527555530693
GiantMarsh,T1,12,Jun,M12,18.041437594999998,2,1.9498094996189992,1.0613454165,2026-06-09,2026-07-09,2026,0,0,0,0,0,0,0,0,0,0,OK,Scarped,West.facing,"Growth
(Months 10-12)",Platform,G1-12a,5.569056865464632,19.44,721,-0.00963659940341829,1.9003038509090948,FALSE,61.82523742803928,2.5615527555530693
GiantMarsh,T1,12,Mar,M8,3.6086182003333334,3,1.9497078994157986,1.0612292319999999,2026-02-20,2026-03-19,2026,0,0,0,0,0,0,0,0,0,0,OK,Scarped,West.facing,"Wet
(Months 7-9)",Platform,G1-12a,4.5645131375579595,22.16,647,-0.00963659940341829,1.9003038509090948,FALSE,61.82523742803928,2.5615527555530693
GiantMarsh,T1,12,May,M11,3.3437350226666664,3,1.9497078994157986,1.0612292319999999,2026-05-14,2026-06-09,2026,0,0,0,0,0,0,0,0,0,0,OK,Scarped,West.facing,"Growth
(Months 10-12)",Platform,G1-12a,6.536608,30.91,625,-0.00963659940341829,1.9003038509090948,FALSE,61.82523742803928,2.5615527555530693
GiantMarsh,T1,12,Oct,M4,2.9866299946666666,3,1.9497078994157986,1.0612292319999999,2025-10-07,2025-11-04,2025,0,0,0,0,0,0,0,0,0,0,OK,Scarped,West.facing,"Tran
(Months 4-6)",Platform,G1-12a,4.530222882615156,21.77,673,-0.00963659940341829,1.9003038509090948,FALSE,61.82523742803928,2.5615527555530693
GiantMarsh,T1,12,Sep,M3,3.893023297,3,1.9497078994157986,1.0612292319999999,2025-09-06,2025-10-07,2025,0,0,0,0,0,0,0,0,0,0,OK,Scarped,West.facing,"Late_Dry
(Months 1-3)",Platform,G1-12a,4.570771312584574,20.8,739,-0.00963659940341829,1.9003038509090948,FALSE,61.82523742803928,2.5615527555530693
GiantMarsh,T1,18,Apr,M10,2.0514856293333334,3,1.944323088646177,1.0550714533333332,2026-04-17,2026-05-14,2026,0,0,0,0,0,0,0,0,0,0,OK,Scarped,West.facing,"Growth
(Months 10-12)",Platform,G1-18a,5.255824345146379,25.08,649,-4.8566594081641705e-4,1.9478622938935235,FALSE,61.82523742803928,2.5615527555530693
GiantMarsh,T1,18,Apr,M9,0.9481090563333333,3,1.944323088646177,1.0550714533333332,2026-03-19,2026-04-17,2026,0,0,0,0,0,0,0,0,0,0,OK,Scarped,West.facing,"Wet
(Months 7-9)",Platform,G1-18a,4.8926043165467625,28.57,695,-4.8566594081641705e-4,1.9478622938935235,FALSE,61.82523742803928,2.5615527555530693
GiantMarsh,T1,18,Feb,M7,4.522171109333334,3,1.944323088646177,1.0550714533333332,2026-01-23,2026-02-20,2026,0,0,0,0,0,0,0,0,0,0,OK,Scarped,West.facing,"Wet
(Months 7-9)",Platform,G1-18a,5.728306092124814,30.52,673,-4.8566594081641705e-4,1.9478622938935235,FALSE,61.82523742803928,2.5615527555530693
GiantMarsh,T1,18,Jan,M6,15.042833563666667,3,1.944323088646177,1.0550714533333332,2025-12-11,2026-01-23,2025,0,0,0,0,0,0,0,0,0,0,OK,Scarped,West.facing,"Tran
(Months 4-6)",Platform,G1-18a,7.42486931268151,29.94,1033,-4.8566594081641705e-4,1.9478622938935235,FALSE,61.82523742803928,2.5615527555530693
GiantMarsh,T1,18,Jun,M12,17.620657247666667,3,1.944323088646177,1.0550714533333332,2026-06-09,2026-07-09,2026,0,0,0,0,0,0,0,0,0,0,OK,Scarped,West.facing,"Growth
(Months 10-12)",Platform,G1-18a,5.569056865464632,19.44,721,-4.8566594081641705e-4,1.9478622938935235,FALSE,61.82523742803928,2.5615527555530693
GiantMarsh,T1,18,Mar,M8,2.6478181706666666,3,1.944323088646177,1.0550714533333332,2026-02-20,2026-03-19,2026,0,0,0,0,0,0,0,0,0,0,OK,Scarped,West.facing,"Wet
(Months 7-9)",Platform,G1-18a,4.5645131375579595,22.16,647,-4.8566594081641705e-4,1.9478622938935235,FALSE,61.82523742803928,2.5615527555530693
GiantMarsh,T1,18,May,M11,3.4235593636666666,3,1.944323088646177,1.0550714533333332,2026-05-14,2026-06-09,2026,0,0,0,0,0,0,0,0,0,0,OK,Scarped,West.facing,"Growth
(Months 10-12)",Platform,G1-18a,6.536608,30.91,625,-4.8566594081641705e-4,1.9478622938935235,FALSE,61.82523742803928,2.5615527555530693
GiantMarsh,T1,18,Nov,M5,13.932378773333333,3,1.944323088646177,1.0550714533333332,2025-11-04,2025-12-11,2025,0,0,0,0,0,0,0,0,0,0,OK,Scarped,West.facing,"Tran
(Months 4-6)",Platform,G1-18a,6.2845270270270275,27.8,888,-4.8566594081641705e-4,1.9478622938935235,FALSE,61.82523742803928,2.5615527555530693
GiantMarsh,T1,24,Apr,M10,1.4616735653333333,3,1.9463550927101854,1.0573951433333333,2026-04-17,2026-05-14,2026,0,0,0,0,0,0,0,0,0,0,OK,Scarped,West.facing,"Growth
(Months 10-12)",Platform,G1-24a,5.255824345146379,25.08,649,-0.04127172083878872,1.9068799902442335,FALSE,61.82523742803928,2.5615527555530693
GiantMarsh,T1,24,Apr,M9,0.9873885053333333,3,1.9463550927101854,1.0573951433333333,2026-03-19,2026-04-17,2026,0,0,0,0,0,0,0,0,0,0,OK,Scarped,West.facing,"Wet
(Months 7-9)",Platform,G1-24a,4.8926043165467625,28.57,695,-0.04127172083878872,1.9068799902442335,FALSE,61.82523742803928,2.5615527555530693
GiantMarsh,T1,24,Aug,M2,2.9020159816666666,3,1.9463550927101854,1.0573951433333333,2025-08-06,2025-09-06,2025,0,0,0,0,0,0,0,0,0,0,OK,Scarped,West.facing,"Late_Dry
(Months 1-3)",Platform,G1-24a,5.032086137281292,17.69,743,-0.04127172083878872,1.9068799902442335,FALSE,61.82523742803928,2.5615527555530693
GiantMarsh,T1,24,Jan,M6,7.2434401600000005,3,1.9463550927101854,1.0573951433333333,2025-12-11,2026-01-23,2025,0,0,0,0,0,0,0,0,1,0,Review,Scarped,West.facing,"Tran
(Months 4-6)",Platform,G1-24a,7.42486931268151,29.94,1033,-0.04127172083878872,1.9068799902442335,FALSE,61.82523742803928,2.5615527555530693
GiantMarsh,T1,24,Jul,M1,6.423721810666667,3,1.9463550927101854,1.0573951433333333,2025-07-09,2025-08-06,2025,0,0,0,0,0,0,0,0,0,0,OK,Scarped,West.facing,"Late_Dry
(Months 1-3)",Platform,G1-24a,6.15150592216582,19.44,591,-0.04127172083878872,1.9068799902442335,FALSE,61.82523742803928,2.5615527555530693
GiantMarsh,T1,24,Jun,M12,11.742325089666666,3,1.9463550927101854,1.0573951433333333,2026-06-09,2026-07-09,2026,0,0,0,0,0,0,0,0,0,0,OK,Scarped,West.facing,"Growth
(Months 10-12)",Platform,G1-24a,5.569056865464632,19.44,721,-0.04127172083878872,1.9068799902442335,FALSE,61.82523742803928,2.5615527555530693
GiantMarsh,T1,24,May,M11,2.777246203333333,3,1.9463550927101854,1.0573951433333333,2026-05-14,2026-06-09,2026,0,0,0,0,0,0,0,0,0,0,OK,Scarped,West.facing,"Growth
(Months 10-12)",Platform,G1-24a,6.536608,30.91,625,-0.04127172083878872,1.9068799902442335,FALSE,61.82523742803928,2.5615527555530693
GiantMarsh,T1,24,Nov,M5,2.5082861545,2,1.949504699009398,1.060996863,2025-11-04,2025-12-11,2025,0,0,0,0,0,0,0,0,0,0,OK,Scarped,West.facing,"Tran
(Months 4-6)",Platform,G1-24b,6.2845270270270275,27.8,888,-0.04127172083878872,1.9068799902442335,FALSE,61.82523742803928,2.5615527555530693
GiantMarsh,T1,24,Oct,M4,1.3775089576666666,3,1.9463550927101854,1.0573951433333333,2025-10-07,2025-11-04,2025,0,0,0,0,0,0,0,0,0,0,OK,Scarped,West.facing,"Tran
(Months 4-6)",Platform,G1-24a,4.530222882615156,21.77,673,-0.04127172083878872,1.9068799902442335,FALSE,61.82523742803928,2.5615527555530693
GiantMarsh,T1,24,Sep,M3,1.908878994,3,1.9463550927101854,1.0573951433333333,2025-09-06,2025-10-07,2025,0,0,0,0,0,0,0,0,0,0,OK,Scarped,West.facing,"Late_Dry
(Months 1-3)",Platform,G1-24a,4.570771312584574,20.8,739,-0.04127172083878872,1.9068799902442335,FALSE,61.82523742803928,2.5615527555530693
GiantMarsh,T1,48,Apr,M10,0.7771981496666667,3,1.8731013462026922,0.9736261183333333,2026-04-17,2026-05-14,2026,0,0,0,0,0,0,0,0,0,0,OK,Scarped,West.facing,"Growth
(Months 10-12)",Upland,G1-48a,5.255824345146379,25.08,649,0.01939660366491094,2.0210249067405273,TRUE,61.82523742803928,2.5615527555530693
GiantMarsh,T1,48,Apr,M9,0.6292481006666667,3,1.8731013462026922,0.9736261183333333,2026-03-19,2026-04-17,2026,0,0,0,0,0,0,0,0,0,0,OK,Scarped,West.facing,"Wet
(Months 7-9)",Upland,G1-48a,4.8926043165467625,28.57,695,0.01939660366491094,2.0210249067405273,TRUE,61.82523742803928,2.5615527555530693
GiantMarsh,T1,48,Aug,M2,1.966701276,3,1.8731013462026922,0.9736261183333333,2025-08-06,2025-09-06,2025,0,0,0,0,0,0,0,0,0,0,OK,Scarped,West.facing,"Late_Dry
(Months 1-3)",Upland,G1-48a,5.032086137281292,17.69,743,0.01939660366491094,2.0210249067405273,TRUE,61.82523742803928,2.5615527555530693
GiantMarsh,T1,48,Feb,M7,1.6433847286666667,3,1.8731013462026922,0.9736261183333333,2026-01-23,2026-02-20,2026,0,0,0,0,0,0,0,0,0,0,OK,Scarped,West.facing,"Wet
(Months 7-9)",Upland,G1-48a,5.728306092124814,30.52,673,0.01939660366491094,2.0210249067405273,TRUE,61.82523742803928,2.5615527555530693
GiantMarsh,T1,48,Jan,M6,1.1801074776666667,3,1.8731013462026922,0.9736261183333333,2025-12-11,2026-01-23,2025,0,0,0,0,0,0,0,0,0,0,OK,Scarped,West.facing,"Tran
(Months 4-6)",Upland,G1-48a,7.42486931268151,29.94,1033,0.01939660366491094,2.0210249067405273,TRUE,61.82523742803928,2.5615527555530693
GiantMarsh,T1,48,Jul,M1,3.5808833019999997,3,1.8731013462026922,0.9736261183333333,2025-07-09,2025-08-06,2025,1,0,0,0,0,0,0,0,0,0,Review,Scarped,West.facing,"Late_Dry
(Months 1-3)",Upland,G1-48a,6.15150592216582,19.44,591,0.01939660366491094,2.0210249067405273,TRUE,61.82523742803928,2.5615527555530693
GiantMarsh,T1,48,Jun,M12,2.3028519533333336,3,1.8731013462026922,0.9736261183333333,2026-06-09,2026-07-09,2026,0,0,0,0,0,0,0,0,0,0,OK,Scarped,West.facing,"Growth
(Months 10-12)",Upland,G1-48a,5.569056865464632,19.44,721,0.01939660366491094,2.0210249067405273,TRUE,61.82523742803928,2.5615527555530693
GiantMarsh,T1,48,Mar,M8,1.2490594446666665,3,1.8731013462026922,0.9736261183333333,2026-02-20,2026-03-19,2026,0,0,0,0,0,0,0,0,0,0,OK,Scarped,West.facing,"Wet
(Months 7-9)",Upland,G1-48a,4.5645131375579595,22.16,647,0.01939660366491094,2.0210249067405273,TRUE,61.82523742803928,2.5615527555530693
GiantMarsh,T1,48,May,M11,1.2300727353333334,3,1.8731013462026922,0.9736261183333333,2026-05-14,2026-06-09,2026,0,0,0,0,0,0,0,0,0,0,OK,Scarped,West.facing,"Growth
(Months 10-12)",Upland,G1-48a,6.536608,30.91,625,0.01939660366491094,2.0210249067405273,TRUE,61.82523742803928,2.5615527555530693
GiantMarsh,T1,48,Nov,M5,2.3225611333333336,3,1.8731013462026922,0.9736261183333333,2025-11-04,2025-12-11,2025,0,0,0,0,0,0,0,0,0,0,OK,Scarped,West.facing,"Tran
(Months 4-6)",Upland,G1-48a,6.2845270270270275,27.8,888,0.01939660366491094,2.0210249067405273,TRUE,61.82523742803928,2.5615527555530693
GiantMarsh,T1,48,Sep,M3,2.2718021266666666,3,1.8731013462026922,0.9736261183333333,2025-09-06,2025-10-07,2025,0,0,0,0,0,0,0,0,0,0,OK,Scarped,West.facing,"Late_Dry
(Months 1-3)",Upland,G1-48a,4.570771312584574,20.8,739,0.01939660366491094,2.0210249067405273,TRUE,61.82523742803928,2.5615527555530693
SanPablo,T1,0.5,Apr,M10,0.4144966236666667,3,1.7173482346964692,0.784354933,2026-04-03,2026-04-30,2026,0,0,0,0,0,0,0,0,0,0,OK,Ramped,South.facing,"Growth
(Months 10-12)",Edge,S1-0.5a,7.303168469860896,26.63,647,0.01994320045890097,1.8226043860308456,FALSE,25.333978068263427,1.1905148622217414
SanPablo,T1,0.5,Aug,M2,61.00069876,1,1.714503429006858,0.7810858144999999,2025-08-08,2025-09-08,2025,1,0,0,0,0,0,0,0,0,0,Review,Ramped,South.facing,"Late_Dry
(Months 1-3)",Edge,S1-0.5a,8.941919463087249,24.3,745,0.01994320045890097,1.8226043860308456,FALSE,25.333978068263427,1.1905148622217414
SanPablo,T1,0.5,Dec,M6,0.36528351833333333,3,1.7173482346964692,0.784354933,2025-12-02,2026-01-11,2025,0,0,0,0,0,0,0,0,0,0,OK,Ramped,South.facing,"Tran
(Months 4-6)",Edge,S1-0.5a,9.52363920750782,30.32,959,0.01994320045890097,1.8226043860308456,FALSE,25.333978068263427,1.1905148622217414
SanPablo,T1,0.5,Feb,M8,1.043567392,1,1.7173482346964692,0.784354933,2026-02-07,2026-03-06,2026,1,0,0,0,0,0,0,0,0,0,Review,Ramped,South.facing,"Wet
(Months 7-9)",Edge,S1-0.5a,6.860713178294573,31.49,645,0.01994320045890097,1.8226043860308456,FALSE,25.333978068263427,1.1905148622217414
SanPablo,T1,0.5,Jan,M7,1.0546445899999999,3,1.7173482346964692,0.784354933,2026-01-11,2026-02-06,2026,0,0,0,0,0,0,0,0,0,0,OK,Ramped,South.facing,"Wet
(Months 7-9)",Edge,S1-0.5a,8.162132471728594,25.85,619,0.01994320045890097,1.8226043860308456,FALSE,25.333978068263427,1.1905148622217414
SanPablo,T1,0.5,Jul,M1,NA,0,1.7228854457708915,0.7907180385,2025-07-11,2025-08-08,2025,1,0,0,0,0,0,0,0,0,0,Review,Ramped,South.facing,"Late_Dry
(Months 1-3)",Edge,S1-0.5b,11.00796711509716,24.3,669,0.01994320045890097,1.8226043860308456,FALSE,25.333978068263427,1.1905148622217414
SanPablo,T1,0.5,Jun,M12,1.7461414976666667,3,1.7173482346964692,0.784354933,2026-06-12,2026-07-06,2026,0,0,0,0,0,0,0,0,0,0,OK,Ramped,South.facing,"Growth
(Months 10-12)",Edge,S1-0.5a,11.698229166666668,25.08,576,0.01994320045890097,1.8226043860308456,FALSE,25.333978068263427,1.1905148622217414
SanPablo,T1,0.5,Mar,M9,0.89879035,3,1.7173482346964692,0.784354933,2026-03-06,2026-04-03,2026,0,0,0,0,0,0,0,0,0,0,OK,Ramped,South.facing,"Wet
(Months 7-9)",Edge,S1-0.5a,5.228607784431138,24.69,668,0.01994320045890097,1.8226043860308456,FALSE,25.333978068263427,1.1905148622217414
SanPablo,T1,0.5,May,M11,0.176418434,1,1.706273812547625,0.771628722,2026-04-30,2026-06-12,2026,0,0,0,0,0,0,0,0,0,0,OK,Ramped,South.facing,"Growth
(Months 10-12)",Edge,S1-0.5a,9.203161978661493,29.94,1031,0.01994320045890097,1.8226043860308456,FALSE,25.333978068263427,1.1905148622217414
SanPablo,T1,0.5,Nov,M5,0.8868591333333333,3,1.7173482346964692,0.784354933,2025-11-03,2025-12-02,2025,0,0,0,0,0,0,0,0,0,0,OK,Ramped,South.facing,"Tran
(Months 4-6)",Edge,S1-0.5a,7.259090909090909,29.16,693,0.01994320045890097,1.8226043860308456,FALSE,25.333978068263427,1.1905148622217414
SanPablo,T1,0.5,Oct,M4,0.566670193,1,1.723037846075692,0.79089317,2025-10-06,2025-11-03,2025,0,0,0,0,0,0,0,0,0,0,OK,Ramped,South.facing,"Tran
(Months 4-6)",Edge,S1-0.5c,5.637496274217586,25.46,671,0.01994320045890097,1.8226043860308456,FALSE,25.333978068263427,1.1905148622217414
SanPablo,T1,0.5,Sep,M3,27.161564136666666,3,1.7173482346964692,0.784354933,2025-09-08,2025-10-06,2025,0,0,0,0,0,0,0,0,0,0,OK,Ramped,South.facing,"Late_Dry
(Months 1-3)",Edge,S1-0.5a,7.422731343283582,27.02,670,0.01994320045890097,1.8226043860308456,FALSE,25.333978068263427,1.1905148622217414
SanPablo,T1,2,Apr,M10,0.982379703,3,1.7222250444500888,0.789959136,2026-04-03,2026-04-30,2026,0,0,0,0,0,0,0,0,0,0,OK,Ramped,South.facing,"Growth
(Months 10-12)",Edge,S1-2a,7.303168469860896,26.63,647,0.3776886912580827,1.8192972125194615,FALSE,25.333978068263427,1.1905148622217414
SanPablo,T1,2,Aug,M2,21.972162846666667,3,1.7222250444500888,0.789959136,2025-08-08,2025-09-08,2025,0,0,0,0,0,0,0,0,0,0,OK,Ramped,South.facing,"Late_Dry
(Months 1-3)",Edge,S1-2a,8.941919463087249,24.3,745,0.3776886912580827,1.8192972125194615,FALSE,25.333978068263427,1.1905148622217414
SanPablo,T1,2,Dec,M6,0.5281979243333333,3,1.7222250444500888,0.789959136,2025-12-02,2026-01-11,2025,0,0,0,0,0,0,0,0,0,0,OK,Ramped,South.facing,"Tran
(Months 4-6)",Edge,S1-2a,9.52363920750782,30.32,959,0.3776886912580827,1.8192972125194615,FALSE,25.333978068263427,1.1905148622217414
SanPablo,T1,2,Feb,M8,2.013348602333333,3,1.7222250444500888,0.789959136,2026-02-07,2026-03-06,2026,0,0,0,0,0,0,0,0,0,0,OK,Ramped,South.facing,"Wet
(Months 7-9)",Edge,S1-2a,6.860713178294573,31.49,645,0.3776886912580827,1.8192972125194615,FALSE,25.333978068263427,1.1905148622217414
SanPablo,T1,2,Jan,M7,1.7988186436666667,3,1.7222250444500888,0.789959136,2026-01-11,2026-02-06,2026,0,0,0,0,0,0,0,0,0,0,OK,Ramped,South.facing,"Wet
(Months 7-9)",Edge,S1-2a,8.162132471728594,25.85,619,0.3776886912580827,1.8192972125194615,FALSE,25.333978068263427,1.1905148622217414
SanPablo,T1,2,Jul,M1,25.617602124999998,2,1.7376682753365507,0.8077057795,2025-07-11,2025-08-08,2025,0,0,0,0,0,0,0,0,0,0,OK,Ramped,South.facing,"Late_Dry
(Months 1-3)",Edge,S1-2b,11.00796711509716,24.3,669,0.3776886912580827,1.8192972125194615,FALSE,25.333978068263427,1.1905148622217414
SanPablo,T1,2,Jun,M12,2.6158610416666663,3,1.7222250444500888,0.789959136,2026-06-12,2026-07-06,2026,0,0,0,0,0,0,0,0,0,0,OK,Ramped,South.facing,"Growth
(Months 10-12)",Edge,S1-2a,11.698229166666668,25.08,576,0.3776886912580827,1.8192972125194615,FALSE,25.333978068263427,1.1905148622217414
SanPablo,T1,2,Mar,M9,1.6050415803333333,3,1.7222250444500888,0.789959136,2026-03-06,2026-04-03,2026,0,0,0,0,0,0,0,0,0,0,OK,Ramped,South.facing,"Wet
(Months 7-9)",Edge,S1-2a,5.228607784431138,24.69,668,0.3776886912580827,1.8192972125194615,FALSE,25.333978068263427,1.1905148622217414
SanPablo,T1,2,May,M11,0.5045070045,2,1.7058166116332232,0.7711033275,2026-04-30,2026-06-12,2026,0,0,0,0,0,0,0,0,0,0,OK,Ramped,South.facing,"Growth
(Months 10-12)",Edge,S1-2a,9.203161978661493,29.94,1031,0.3776886912580827,1.8192972125194615,FALSE,25.333978068263427,1.1905148622217414
SanPablo,T1,2,Nov,M5,1.3468117246666667,3,1.7222250444500888,0.789959136,2025-11-03,2025-12-02,2025,0,0,0,0,0,0,0,0,0,0,OK,Ramped,South.facing,"Tran
(Months 4-6)",Edge,S1-2a,7.259090909090909,29.16,693,0.3776886912580827,1.8192972125194615,FALSE,25.333978068263427,1.1905148622217414
SanPablo,T1,2,Oct,M4,2.7455210155,2,1.7058166116332232,0.7711033275,2025-10-06,2025-11-03,2025,0,0,0,0,0,0,0,0,0,0,OK,Ramped,South.facing,"Tran
(Months 4-6)",Edge,S1-2a,5.637496274217586,25.46,671,0.3776886912580827,1.8192972125194615,FALSE,25.333978068263427,1.1905148622217414
SanPablo,T1,2,Sep,M3,23.129351975333332,3,1.7222250444500888,0.789959136,2025-09-08,2025-10-06,2025,1,0,0,0,0,0,0,0,0,0,Review,Ramped,South.facing,"Late_Dry
(Months 1-3)",Edge,S1-2a,7.422731343283582,27.02,670,0.3776886912580827,1.8192972125194615,FALSE,25.333978068263427,1.1905148622217414
SanPablo,T1,6,Apr,M10,0.7580054363333333,3,1.8273812547625092,0.9107997666666666,2026-04-03,2026-04-30,2026,0,0,0,0,0,0,0,0,0,0,OK,Ramped,South.facing,"Growth
(Months 10-12)",Edge,S1-6a,7.303168469860896,26.63,647,-0.0114628633903121,1.8447290956966944,FALSE,25.333978068263427,1.1905148622217414
SanPablo,T1,6,Aug,M2,4.633405416666666,3,1.8273812547625092,0.9107997666666666,2025-08-08,2025-09-08,2025,0,0,0,0,0,0,0,0,0,0,OK,Ramped,South.facing,"Late_Dry
(Months 1-3)",Edge,S1-6a,8.941919463087249,24.3,745,-0.0114628633903121,1.8447290956966944,FALSE,25.333978068263427,1.1905148622217414
SanPablo,T1,6,Dec,M6,0.999348953,3,1.8273812547625092,0.9107997666666666,2025-12-02,2026-01-11,2025,0,0,0,0,0,0,0,0,0,0,OK,Ramped,South.facing,"Tran
(Months 4-6)",Edge,S1-6a,9.52363920750782,30.32,959,-0.0114628633903121,1.8447290956966944,FALSE,25.333978068263427,1.1905148622217414
SanPablo,T1,6,Feb,M8,2.5465955293333336,3,1.8273812547625092,0.9107997666666666,2026-02-07,2026-03-06,2026,1,0,0,0,0,0,0,0,0,0,Review,Ramped,South.facing,"Wet
(Months 7-9)",Edge,S1-6a,6.860713178294573,31.49,645,-0.0114628633903121,1.8447290956966944,FALSE,25.333978068263427,1.1905148622217414
SanPablo,T1,6,Jan,M7,1.7364061256666667,3,1.8273812547625092,0.9107997666666666,2026-01-11,2026-02-06,2026,0,0,0,0,0,0,0,0,0,0,OK,Ramped,South.facing,"Wet
(Months 7-9)",Edge,S1-6a,8.162132471728594,25.85,619,-0.0114628633903121,1.8447290956966944,FALSE,25.333978068263427,1.1905148622217414
SanPablo,T1,6,Jul,M1,7.719223713333333,3,1.8273812547625092,0.9107997666666666,2025-07-11,2025-08-08,2025,0,0,0,0,0,0,0,0,0,0,OK,Ramped,South.facing,"Late_Dry
(Months 1-3)",Edge,S1-6a,11.00796711509716,24.3,669,-0.0114628633903121,1.8447290956966944,FALSE,25.333978068263427,1.1905148622217414
SanPablo,T1,6,Jun,M12,1.9002095959999998,2,1.8273812547625092,0.9107997666666666,2026-06-12,2026-07-06,2026,1,0,0,0,0,0,0,0,0,0,Review,Ramped,South.facing,"Growth
(Months 10-12)",Edge,S1-6a,11.698229166666668,25.08,576,-0.0114628633903121,1.8447290956966944,FALSE,25.333978068263427,1.1905148622217414
SanPablo,T1,6,Mar,M9,0.7049038866666667,3,1.8273812547625092,0.9107997666666666,2026-03-06,2026-04-03,2026,0,0,0,0,0,0,0,0,0,0,OK,Ramped,South.facing,"Wet
(Months 7-9)",Edge,S1-6a,5.228607784431138,24.69,668,-0.0114628633903121,1.8447290956966944,FALSE,25.333978068263427,1.1905148622217414
SanPablo,T1,6,Nov,M5,3.2336526366666667,3,1.8273812547625092,0.9107997666666666,2025-11-03,2025-12-02,2025,0,0,0,0,0,0,0,0,0,0,OK,Ramped,South.facing,"Tran
(Months 4-6)",Edge,S1-6a,7.259090909090909,29.16,693,-0.0114628633903121,1.8447290956966944,FALSE,25.333978068263427,1.1905148622217414
SanPablo,T1,6,Oct,M4,2.218793941,2,1.8273812547625092,0.9107997666666666,2025-10-06,2025-11-03,2025,0,0,0,0,0,0,0,0,0,0,OK,Ramped,South.facing,"Tran
(Months 4-6)",Edge,S1-6a,5.637496274217586,25.46,671,-0.0114628633903121,1.8447290956966944,FALSE,25.333978068263427,1.1905148622217414
SanPablo,T1,6,Sep,M3,3.964271123666667,3,1.8273812547625092,0.9107997666666666,2025-09-08,2025-10-06,2025,1,0,0,0,0,0,0,0,0,0,Review,Ramped,South.facing,"Late_Dry
(Months 1-3)",Edge,S1-6a,7.422731343283582,27.02,670,-0.0114628633903121,1.8447290956966944,FALSE,25.333978068263427,1.1905148622217414
SanPablo,T1,12,Apr,M10,0.8157388253333333,3,1.8840741681483362,0.9759486283333334,2026-04-03,2026-04-30,2026,0,0,0,0,0,0,0,0,0,0,OK,Ramped,South.facing,"Growth
(Months 10-12)",Platform,S1-12a,7.303168469860896,26.63,647,0.05459195462793114,1.939426772189594,FALSE,25.333978068263427,1.1905148622217414
SanPablo,T1,12,Aug,M2,2.0333802883333334,3,1.8840741681483362,0.9759486283333334,2025-08-08,2025-09-08,2025,0,0,0,0,0,0,0,0,0,0,OK,Ramped,South.facing,"Late_Dry
(Months 1-3)",Platform,S1-12a,8.941919463087249,24.3,745,0.05459195462793114,1.939426772189594,FALSE,25.333978068263427,1.1905148622217414
SanPablo,T1,12,Dec,M6,1.916884842,3,1.8840741681483362,0.9759486283333334,2025-12-02,2026-01-11,2025,1,0,0,0,0,0,0,0,0,0,Review,Ramped,South.facing,"Tran
(Months 4-6)",Platform,S1-12a,9.52363920750782,30.32,959,0.05459195462793114,1.939426772189594,FALSE,25.333978068263427,1.1905148622217414
SanPablo,T1,12,Feb,M8,5.277840873,3,1.8840741681483362,0.9759486283333334,2026-02-07,2026-03-06,2026,0,0,0,0,0,0,0,0,0,0,OK,Ramped,South.facing,"Wet
(Months 7-9)",Platform,S1-12a,6.860713178294573,31.49,645,0.05459195462793114,1.939426772189594,FALSE,25.333978068263427,1.1905148622217414
SanPablo,T1,12,Jan,M7,2.7757280426666666,3,1.8840741681483362,0.9759486283333334,2026-01-11,2026-02-06,2026,1,0,0,0,0,0,0,0,0,0,Review,Ramped,South.facing,"Wet
(Months 7-9)",Platform,S1-12a,8.162132471728594,25.85,619,0.05459195462793114,1.939426772189594,FALSE,25.333978068263427,1.1905148622217414
SanPablo,T1,12,Jul,M1,3.178289598,3,1.8840741681483362,0.9759486283333334,2025-07-11,2025-08-08,2025,0,0,0,0,0,0,0,0,0,0,OK,Ramped,South.facing,"Late_Dry
(Months 1-3)",Platform,S1-12a,11.00796711509716,24.3,669,0.05459195462793114,1.939426772189594,FALSE,25.333978068263427,1.1905148622217414
SanPablo,T1,12,Jun,M12,2.828722591,3,1.8840741681483362,0.9759486283333334,2026-06-12,2026-07-06,2026,0,0,0,0,0,0,0,0,0,0,OK,Ramped,South.facing,"Growth
(Months 10-12)",Platform,S1-12a,11.698229166666668,25.08,576,0.05459195462793114,1.939426772189594,FALSE,25.333978068263427,1.1905148622217414
SanPablo,T1,12,Mar,M9,0.29091390300000003,3,1.8840741681483362,0.9759486283333334,2026-03-06,2026-04-03,2026,0,0,0,0,0,0,0,0,0,0,OK,Ramped,South.facing,"Wet
(Months 7-9)",Platform,S1-12a,5.228607784431138,24.69,668,0.05459195462793114,1.939426772189594,FALSE,25.333978068263427,1.1905148622217414
SanPablo,T1,12,May,M11,2.4857233036666666,3,1.8840741681483362,0.9759486283333334,2026-04-30,2026-06-12,2026,0,0,0,0,0,0,0,0,0,0,OK,Ramped,South.facing,"Growth
(Months 10-12)",Platform,S1-12a,9.203161978661493,29.94,1031,0.05459195462793114,1.939426772189594,FALSE,25.333978068263427,1.1905148622217414
SanPablo,T1,12,Nov,M5,3.7810896313333333,3,1.8840741681483362,0.9759486283333334,2025-11-03,2025-12-02,2025,0,0,0,0,0,0,0,0,0,0,OK,Ramped,South.facing,"Tran
(Months 4-6)",Platform,S1-12a,7.259090909090909,29.16,693,0.05459195462793114,1.939426772189594,FALSE,25.333978068263427,1.1905148622217414
SanPablo,T1,12,Oct,M4,1.1248352805000001,2,1.8835153670307339,0.97530648,2025-10-06,2025-11-03,2025,0,0,0,0,0,0,0,0,0,0,OK,Ramped,South.facing,"Tran
(Months 4-6)",Platform,S1-12a,5.637496274217586,25.46,671,0.05459195462793114,1.939426772189594,FALSE,25.333978068263427,1.1905148622217414
SanPablo,T1,12,Sep,M3,5.654781684333333,3,1.8840741681483362,0.9759486283333334,2025-09-08,2025-10-06,2025,0,0,0,0,0,0,0,0,0,0,OK,Ramped,South.facing,"Late_Dry
(Months 1-3)",Platform,S1-12a,7.422731343283582,27.02,670,0.05459195462793114,1.939426772189594,FALSE,25.333978068263427,1.1905148622217414
SanPablo,T1,18,Apr,M10,0.763225699,3,1.9859791719583437,1.0930531233333334,2026-04-03,2026-04-30,2026,0,0,0,0,0,0,0,0,0,0,OK,Ramped,South.facing,"Growth
(Months 10-12)",Platform,S1-18a,7.303168469860896,26.63,647,0.02400136488500243,2.068566284857941,FALSE,25.333978068263427,1.1905148622217414
SanPablo,T1,18,Dec,M6,1.367173711,3,1.9859791719583437,1.0930531233333334,2025-12-02,2026-01-11,2025,0,0,0,0,0,0,0,0,0,0,OK,Ramped,South.facing,"Tran
(Months 4-6)",Platform,S1-18a,9.52363920750782,30.32,959,0.02400136488500243,2.068566284857941,FALSE,25.333978068263427,1.1905148622217414
SanPablo,T1,18,Feb,M8,1.5152540316666667,3,1.9859791719583437,1.0930531233333334,2026-02-07,2026-03-06,2026,0,0,0,0,0,0,0,0,0,0,OK,Ramped,South.facing,"Wet
(Months 7-9)",Platform,S1-18a,6.860713178294573,31.49,645,0.02400136488500243,2.068566284857941,FALSE,25.333978068263427,1.1905148622217414
SanPablo,T1,18,Jan,M7,0.8377827543333334,3,1.9859791719583437,1.0930531233333334,2026-01-11,2026-02-06,2026,0,0,0,0,0,0,0,0,0,0,OK,Ramped,South.facing,"Wet
(Months 7-9)",Platform,S1-18a,8.162132471728594,25.85,619,0.02400136488500243,2.068566284857941,FALSE,25.333978068263427,1.1905148622217414
SanPablo,T1,18,Jun,M12,3.508547801,3,1.9859791719583437,1.0930531233333334,2026-06-12,2026-07-06,2026,0,0,0,0,0,0,0,0,0,0,OK,Ramped,South.facing,"Growth
(Months 10-12)",Platform,S1-18a,11.698229166666668,25.08,576,0.02400136488500243,2.068566284857941,FALSE,25.333978068263427,1.1905148622217414
SanPablo,T1,18,Mar,M9,0.27075989133333334,3,1.9859791719583437,1.0930531233333334,2026-03-06,2026-04-03,2026,0,0,0,0,0,0,0,0,0,0,OK,Ramped,South.facing,"Wet
(Months 7-9)",Platform,S1-18a,5.228607784431138,24.69,668,0.02400136488500243,2.068566284857941,FALSE,25.333978068263427,1.1905148622217414
SanPablo,T1,18,May,M11,1.4409942485,2,1.9848615697231393,1.091768827,2026-04-30,2026-06-12,2026,0,0,0,0,0,0,0,0,0,0,OK,Ramped,South.facing,"Growth
(Months 10-12)",Platform,S1-18a,9.203161978661493,29.94,1031,0.02400136488500243,2.068566284857941,FALSE,25.333978068263427,1.1905148622217414
SanPablo,T1,18,Nov,M5,3.1543168223333335,3,1.9859791719583437,1.0930531233333334,2025-11-03,2025-12-02,2025,0,0,0,0,0,0,0,0,0,0,OK,Ramped,South.facing,"Tran
(Months 4-6)",Platform,S1-18a,7.259090909090909,29.16,693,0.02400136488500243,2.068566284857941,FALSE,25.333978068263427,1.1905148622217414
SanPablo,T1,24,Apr,M10,1.0856788053333333,3,1.9783591567183132,1.0842965556666668,2026-04-03,2026-04-30,2026,0,0,0,0,0,0,0,0,0,0,OK,Ramped,South.facing,"Growth
(Months 10-12)",Platform,S1-24a,7.303168469860896,26.63,647,0.01741473153111573,2.037429934956382,FALSE,25.333978068263427,1.1905148622217414
SanPablo,T1,24,Aug,M2,1.8375349863333332,3,1.9783591567183132,1.0842965556666668,2025-08-08,2025-09-08,2025,0,0,0,0,0,0,0,0,0,0,OK,Ramped,South.facing,"Late_Dry
(Months 1-3)",Platform,S1-24a,8.941919463087249,24.3,745,0.01741473153111573,2.037429934956382,FALSE,25.333978068263427,1.1905148622217414
SanPablo,T1,24,Feb,M8,2.506036611,3,1.9783591567183132,1.0842965556666668,2026-02-07,2026-03-06,2026,0,0,0,0,0,0,0,0,0,0,OK,Ramped,South.facing,"Wet
(Months 7-9)",Platform,S1-24a,6.860713178294573,31.49,645,0.01741473153111573,2.037429934956382,FALSE,25.333978068263427,1.1905148622217414
SanPablo,T1,24,Jan,M7,1.734733462,3,1.9783591567183132,1.0842965556666668,2026-01-11,2026-02-06,2026,0,0,0,0,0,0,0,0,0,0,OK,Ramped,South.facing,"Wet
(Months 7-9)",Platform,S1-24a,8.162132471728594,25.85,619,0.01741473153111573,2.037429934956382,FALSE,25.333978068263427,1.1905148622217414
SanPablo,T1,24,Jul,M1,3.244253287,3,1.9783591567183132,1.0842965556666668,2025-07-11,2025-08-08,2025,0,0,0,0,0,0,0,0,0,0,OK,Ramped,South.facing,"Late_Dry
(Months 1-3)",Platform,S1-24a,11.00796711509716,24.3,669,0.01741473153111573,2.037429934956382,FALSE,25.333978068263427,1.1905148622217414
SanPablo,T1,24,Jun,M12,5.397208293333334,3,1.9783591567183132,1.0842965556666668,2026-06-12,2026-07-06,2026,0,0,0,0,0,0,0,0,0,0,OK,Ramped,South.facing,"Growth
(Months 10-12)",Platform,S1-24a,11.698229166666668,25.08,576,0.01741473153111573,2.037429934956382,FALSE,25.333978068263427,1.1905148622217414
SanPablo,T1,24,Mar,M9,0.356035503,3,1.9783591567183132,1.0842965556666668,2026-03-06,2026-04-03,2026,0,0,0,0,0,0,0,0,0,0,OK,Ramped,South.facing,"Wet
(Months 7-9)",Platform,S1-24a,5.228607784431138,24.69,668,0.01741473153111573,2.037429934956382,FALSE,25.333978068263427,1.1905148622217414
SanPablo,T1,24,May,M11,5.431197091333333,3,1.9783591567183132,1.0842965556666668,2026-04-30,2026-06-12,2026,0,0,0,0,0,0,0,0,0,0,OK,Ramped,South.facing,"Growth
(Months 10-12)",Platform,S1-24a,9.203161978661493,29.94,1031,0.01741473153111573,2.037429934956382,FALSE,25.333978068263427,1.1905148622217414
SanPablo,T1,24,Oct,M4,1.5327528623333333,3,1.9783591567183132,1.0842965556666668,2025-10-06,2025-11-03,2025,0,0,0,0,0,0,0,0,0,0,OK,Ramped,South.facing,"Tran
(Months 4-6)",Platform,S1-24a,5.637496274217586,25.46,671,0.01741473153111573,2.037429934956382,FALSE,25.333978068263427,1.1905148622217414
SanPablo,T1,24,Sep,M3,4.196244989666667,3,1.9783591567183132,1.0842965556666668,2025-09-08,2025-10-06,2025,0,0,0,0,0,0,0,0,0,0,OK,Ramped,South.facing,"Late_Dry
(Months 1-3)",Platform,S1-24a,7.422731343283582,27.02,670,0.01741473153111573,2.037429934956382,FALSE,25.333978068263427,1.1905148622217414
SanPablo,T1,48,Apr,M10,1.095828238,3,2.014528829057658,1.1258610623333334,2026-04-03,2026-04-30,2026,0,0,0,0,0,0,0,0,0,0,OK,Ramped,South.facing,"Growth
(Months 10-12)",Upland,S1-48a,7.303168469860896,26.63,647,-0.00126515639596243,2.068042486947528,FALSE,25.333978068263427,1.1905148622217414
SanPablo,T1,48,Aug,M2,1.2876570866666666,3,2.014528829057658,1.1258610623333334,2025-08-08,2025-09-08,2025,0,0,0,0,0,0,0,0,0,0,OK,Ramped,South.facing,"Late_Dry
(Months 1-3)",Upland,S1-48a,8.941919463087249,24.3,745,-0.00126515639596243,2.068042486947528,FALSE,25.333978068263427,1.1905148622217414
SanPablo,T1,48,Dec,M6,24.045744493333334,3,2.014528829057658,1.1258610623333334,2025-12-02,2026-01-11,2025,0,0,0,0,0,0,0,0,0,0,OK,Ramped,South.facing,"Tran
(Months 4-6)",Upland,S1-48a,9.52363920750782,30.32,959,-0.00126515639596243,2.068042486947528,FALSE,25.333978068263427,1.1905148622217414
SanPablo,T1,48,Feb,M8,1.4485743930000001,3,2.014528829057658,1.1258610623333334,2026-02-07,2026-03-06,2026,1,0,0,0,0,0,0,0,0,0,Review,Ramped,South.facing,"Wet
(Months 7-9)",Upland,S1-48a,6.860713178294573,31.49,645,-0.00126515639596243,2.068042486947528,FALSE,25.333978068263427,1.1905148622217414
SanPablo,T1,48,Jan,M7,1.3219483146666666,3,2.014528829057658,1.1258610623333334,2026-01-11,2026-02-06,2026,0,0,0,0,0,0,0,0,0,0,OK,Ramped,South.facing,"Wet
(Months 7-9)",Upland,S1-48a,8.162132471728594,25.85,619,-0.00126515639596243,2.068042486947528,FALSE,25.333978068263427,1.1905148622217414
SanPablo,T1,48,Jul,M1,2.201147485,3,2.014528829057658,1.1258610623333334,2025-07-11,2025-08-08,2025,0,0,0,0,0,0,0,0,0,0,OK,Ramped,South.facing,"Late_Dry
(Months 1-3)",Upland,S1-48a,11.00796711509716,24.3,669,-0.00126515639596243,2.068042486947528,FALSE,25.333978068263427,1.1905148622217414
SanPablo,T1,48,Jun,M12,3.6992062536666666,3,2.014528829057658,1.1258610623333334,2026-06-12,2026-07-06,2026,0,0,0,0,0,0,0,0,0,0,OK,Ramped,South.facing,"Growth
(Months 10-12)",Upland,S1-48a,11.698229166666668,25.08,576,-0.00126515639596243,2.068042486947528,FALSE,25.333978068263427,1.1905148622217414
SanPablo,T1,48,Mar,M9,0.319675943,3,2.014528829057658,1.1258610623333334,2026-03-06,2026-04-03,2026,0,0,0,0,0,0,0,0,0,0,OK,Ramped,South.facing,"Wet
(Months 7-9)",Upland,S1-48a,5.228607784431138,24.69,668,-0.00126515639596243,2.068042486947528,FALSE,25.333978068263427,1.1905148622217414
SanPablo,T1,48,May,M11,0.9607724996666667,3,2.014528829057658,1.1258610623333334,2026-04-30,2026-06-12,2026,0,0,0,0,0,0,0,0,0,0,OK,Ramped,South.facing,"Growth
(Months 10-12)",Upland,S1-48a,9.203161978661493,29.94,1031,-0.00126515639596243,2.068042486947528,FALSE,25.333978068263427,1.1905148622217414
SanPablo,T1,48,Nov,M5,11.559016776,3,2.014528829057658,1.1258610623333334,2025-11-03,2025-12-02,2025,0,0,0,0,NA,0,0,0,0,0,OK,Ramped,South.facing,"Tran
(Months 4-6)",Upland,S1-48a,7.259090909090909,29.16,693,-0.00126515639596243,2.068042486947528,FALSE,25.333978068263427,1.1905148622217414
SanPablo,T1,48,Oct,M4,1.0788665426666668,3,2.014528829057658,1.1258610623333334,2025-10-06,2025-11-03,2025,0,0,0,0,0,0,0,0,0,0,OK,Ramped,South.facing,"Tran
(Months 4-6)",Upland,S1-48a,5.637496274217586,25.46,671,-0.00126515639596243,2.068042486947528,FALSE,25.333978068263427,1.1905148622217414
SanPablo,T1,48,Sep,M3,1.4088346926666666,3,2.014528829057658,1.1258610623333334,2025-09-08,2025-10-06,2025,0,0,0,0,0,0,0,0,0,0,OK,Ramped,South.facing,"Late_Dry
(Months 1-3)",Upland,S1-48a,7.422731343283582,27.02,670,-0.00126515639596243,2.068042486947528,FALSE,25.333978068263427,1.1905148622217414
SanPablo,T2,0.5,Apr,M10,0.2816030945,2,1.725781051562103,0.794045534,2026-04-03,2026-04-30,2026,0,0,0,0,0,0,0,0,0,0,OK,Ramped,South.facing,"Growth
(Months 10-12)",Edge,S2-0.5b,7.303168469860896,26.63,647,0.01304185246874274,1.9776110105035407,FALSE,35.97380842326667,1.4533466871480498
SanPablo,T2,0.5,Aug,M2,10.608402707666666,3,1.726289052578105,0.7946293053333333,2025-08-08,2025-09-08,2025,1,0,0,0,0,0,0,0,0,0,Review,Ramped,South.facing,"Late_Dry
(Months 1-3)",Edge,S2-0.5a,8.941919463087249,24.3,745,0.01304185246874274,1.9776110105035407,FALSE,35.97380842326667,1.4533466871480498
SanPablo,T2,0.5,Dec,M6,0.26841513933333333,3,1.726289052578105,0.7946293053333333,2025-12-02,2026-01-11,2025,0,0,0,0,0,0,0,0,0,0,OK,Ramped,South.facing,"Tran
(Months 4-6)",Edge,S2-0.5a,9.52363920750782,30.32,959,0.01304185246874274,1.9776110105035407,FALSE,35.97380842326667,1.4533466871480498
SanPablo,T2,0.5,Feb,M8,1.4135268296666665,3,1.726289052578105,0.7946293053333333,2026-02-07,2026-03-06,2026,0,0,0,0,0,0,0,0,0,0,OK,Ramped,South.facing,"Wet
(Months 7-9)",Edge,S2-0.5a,6.860713178294573,31.49,645,0.01304185246874274,1.9776110105035407,FALSE,35.97380842326667,1.4533466871480498
SanPablo,T2,0.5,Jan,M7,1.1094595875,2,1.725781051562103,0.794045534,2026-01-11,2026-02-06,2026,0,0,0,0,0,0,0,0,0,0,OK,Ramped,South.facing,"Wet
(Months 7-9)",Edge,S2-0.5b,8.162132471728594,25.85,619,0.01304185246874274,1.9776110105035407,FALSE,35.97380842326667,1.4533466871480498
SanPablo,T2,0.5,Jul,M1,NA,0,1.7285242570485138,0.7971978984999999,2025-07-11,2025-08-08,2025,1,0,0,0,0,0,0,0,0,0,Review,Ramped,South.facing,"Late_Dry
(Months 1-3)",Edge,S2-0.5a,11.00796711509716,24.3,669,0.01304185246874274,1.9776110105035407,FALSE,35.97380842326667,1.4533466871480498
SanPablo,T2,0.5,Jun,M12,0.851871922,2,1.725781051562103,0.794045534,2026-06-12,2026-07-06,2026,0,0,0,0,0,0,0,0,0,0,OK,Ramped,South.facing,"Growth
(Months 10-12)",Edge,S2-0.5b,11.698229166666668,25.08,576,0.01304185246874274,1.9776110105035407,FALSE,35.97380842326667,1.4533466871480498
SanPablo,T2,0.5,Mar,M9,0.429802556,3,1.726289052578105,0.7946293053333333,2026-03-06,2026-04-03,2026,0,0,0,0,0,0,0,0,0,0,OK,Ramped,South.facing,"Wet
(Months 7-9)",Edge,S2-0.5a,5.228607784431138,24.69,668,0.01304185246874274,1.9776110105035407,FALSE,35.97380842326667,1.4533466871480498
SanPablo,T2,0.5,Nov,M5,0.8861183526666667,3,1.726289052578105,0.7946293053333333,2025-11-03,2025-12-02,2025,0,0,0,0,NA,0,0,0,0,0,OK,Ramped,South.facing,"Tran
(Months 4-6)",Edge,S2-0.5a,7.259090909090909,29.16,693,0.01304185246874274,1.9776110105035407,FALSE,35.97380842326667,1.4533466871480498
SanPablo,T2,0.5,Oct,M4,0.8510157975,2,1.7285242570485138,0.7971978984999999,2025-10-06,2025-11-03,2025,0,0,0,0,0,0,0,0,0,0,OK,Ramped,South.facing,"Tran
(Months 4-6)",Edge,S2-0.5a,5.637496274217586,25.46,671,0.01304185246874274,1.9776110105035407,FALSE,35.97380842326667,1.4533466871480498
SanPablo,T2,0.5,Sep,M3,34.683052726666666,3,1.726289052578105,0.7946293053333333,2025-09-08,2025-10-06,2025,0,0,0,0,0,0,0,0,0,0,OK,Ramped,South.facing,"Late_Dry
(Months 1-3)",Edge,S2-0.5a,7.422731343283582,27.02,670,0.01304185246874274,1.9776110105035407,FALSE,35.97380842326667,1.4533466871480498
SanPablo,T2,2,Apr,M10,0.8214248363333333,3,1.74752349504699,0.81903094,2026-04-03,2026-04-30,2026,0,0,0,0,0,0,0,0,0,0,OK,Ramped,South.facing,"Growth
(Months 10-12)",Edge,S2-2a,7.303168469860896,26.63,647,0.01154246712137735,1.9960940502981117,FALSE,35.97380842326667,1.4533466871480498
SanPablo,T2,2,Aug,M2,38.70296655666667,3,1.74752349504699,0.81903094,2025-08-08,2025-09-08,2025,0,0,0,0,0,0,0,0,0,0,OK,Ramped,South.facing,"Late_Dry
(Months 1-3)",Edge,S2-2a,8.941919463087249,24.3,745,0.01154246712137735,1.9960940502981117,FALSE,35.97380842326667,1.4533466871480498
SanPablo,T2,2,Dec,M6,0.5161990823333333,3,1.74752349504699,0.81903094,2025-12-02,2026-01-11,2025,0,0,0,0,0,0,0,0,0,0,OK,Ramped,South.facing,"Tran
(Months 4-6)",Edge,S2-2a,9.52363920750782,30.32,959,0.01154246712137735,1.9960940502981117,FALSE,35.97380842326667,1.4533466871480498
SanPablo,T2,2,Feb,M8,2.328819364666667,3,1.74752349504699,0.81903094,2026-02-07,2026-03-06,2026,0,0,0,0,0,0,0,0,0,0,OK,Ramped,South.facing,"Wet
(Months 7-9)",Edge,S2-2a,6.860713178294573,31.49,645,0.01154246712137735,1.9960940502981117,FALSE,35.97380842326667,1.4533466871480498
SanPablo,T2,2,Jan,M7,1.907723147,3,1.74752349504699,0.81903094,2026-01-11,2026-02-06,2026,0,0,0,0,0,0,0,0,0,0,OK,Ramped,South.facing,"Wet
(Months 7-9)",Edge,S2-2a,8.162132471728594,25.85,619,0.01154246712137735,1.9960940502981117,FALSE,35.97380842326667,1.4533466871480498
SanPablo,T2,2,Jul,M1,32.44779125,2,1.74752349504699,0.81903094,2025-07-11,2025-08-08,2025,1,0,0,0,0,0,0,0,0,0,Review,Ramped,South.facing,"Late_Dry
(Months 1-3)",Edge,S2-2a,11.00796711509716,24.3,669,0.01154246712137735,1.9960940502981117,FALSE,35.97380842326667,1.4533466871480498
SanPablo,T2,2,Jun,M12,1.822597,3,1.74752349504699,0.81903094,2026-06-12,2026-07-06,2026,0,0,0,0,0,0,0,0,0,0,OK,Ramped,South.facing,"Growth
(Months 10-12)",Edge,S2-2a,11.698229166666668,25.08,576,0.01154246712137735,1.9960940502981117,FALSE,35.97380842326667,1.4533466871480498
SanPablo,T2,2,Mar,M9,1.1424349543333332,3,1.74752349504699,0.81903094,2026-03-06,2026-04-03,2026,0,0,0,0,0,0,0,0,0,0,OK,Ramped,South.facing,"Wet
(Months 7-9)",Edge,S2-2a,5.228607784431138,24.69,668,0.01154246712137735,1.9960940502981117,FALSE,35.97380842326667,1.4533466871480498
SanPablo,T2,2,May,M11,0.077498359,2,1.746050292100584,0.8173380035,2026-04-30,2026-06-12,2026,0,0,0,0,0,0,0,0,0,0,OK,Ramped,South.facing,"Growth
(Months 10-12)",Edge,S2-2a,9.203161978661493,29.94,1031,0.01154246712137735,1.9960940502981117,FALSE,35.97380842326667,1.4533466871480498
SanPablo,T2,2,Nov,M5,1.2482517455,2,1.751231902463805,0.8232924695,2025-11-03,2025-12-02,2025,0,0,0,0,NA,0,0,0,0,0,OK,Ramped,South.facing,"Tran
(Months 4-6)",Edge,S2-2b,7.259090909090909,29.16,693,0.01154246712137735,1.9960940502981117,FALSE,35.97380842326667,1.4533466871480498
SanPablo,T2,2,Oct,M4,6.920592127333333,3,1.74752349504699,0.81903094,2025-10-06,2025-11-03,2025,0,0,0,0,0,0,0,0,0,0,OK,Ramped,South.facing,"Tran
(Months 4-6)",Edge,S2-2a,5.637496274217586,25.46,671,0.01154246712137735,1.9960940502981117,FALSE,35.97380842326667,1.4533466871480498
SanPablo,T2,2,Sep,M3,27.933928763333334,3,1.74752349504699,0.81903094,2025-09-08,2025-10-06,2025,0,0,0,0,0,0,0,0,0,0,OK,Ramped,South.facing,"Late_Dry
(Months 1-3)",Edge,S2-2a,7.422731343283582,27.02,670,0.01154246712137735,1.9960940502981117,FALSE,35.97380842326667,1.4533466871480498
SanPablo,T2,6,Apr,M10,0.9877164026666666,3,1.8152908305816613,0.896906013,2026-04-03,2026-04-30,2026,0,0,0,0,0,0,0,0,0,0,OK,Ramped,South.facing,"Growth
(Months 10-12)",Edge,S2-6a,7.303168469860896,26.63,647,0.00730802606089925,2.0337458535335737,FALSE,35.97380842326667,1.4533466871480498
SanPablo,T2,6,Aug,M2,4.371303656,3,1.8152908305816613,0.896906013,2025-08-08,2025-09-08,2025,1,0,0,0,0,0,0,0,0,0,Review,Ramped,South.facing,"Late_Dry
(Months 1-3)",Edge,S2-6a,8.941919463087249,24.3,745,0.00730802606089925,2.0337458535335737,FALSE,35.97380842326667,1.4533466871480498
SanPablo,T2,6,Dec,M6,1.3704223053333333,3,1.8152908305816613,0.896906013,2025-12-02,2026-01-11,2025,0,0,0,0,0,0,0,0,0,0,OK,Ramped,South.facing,"Tran
(Months 4-6)",Edge,S2-6a,9.52363920750782,30.32,959,0.00730802606089925,2.0337458535335737,FALSE,35.97380842326667,1.4533466871480498
SanPablo,T2,6,Feb,M8,3.6172927626666667,3,1.8152908305816613,0.896906013,2026-02-07,2026-03-06,2026,0,0,0,0,0,0,0,0,0,0,OK,Ramped,South.facing,"Wet
(Months 7-9)",Edge,S2-6a,6.860713178294573,31.49,645,0.00730802606089925,2.0337458535335737,FALSE,35.97380842326667,1.4533466871480498
SanPablo,T2,6,Jan,M7,2.1230533863333334,3,1.8152908305816613,0.896906013,2026-01-11,2026-02-06,2026,0,0,0,0,0,0,0,0,0,0,OK,Ramped,South.facing,"Wet
(Months 7-9)",Edge,S2-6a,8.162132471728594,25.85,619,0.00730802606089925,2.0337458535335737,FALSE,35.97380842326667,1.4533466871480498
SanPablo,T2,6,Jul,M1,5.0393170745,2,1.8152908305816613,0.896906013,2025-07-11,2025-08-08,2025,1,0,0,0,0,0,0,0,0,0,Review,Ramped,South.facing,"Late_Dry
(Months 1-3)",Edge,S2-6a,11.00796711509716,24.3,669,0.00730802606089925,2.0337458535335737,FALSE,35.97380842326667,1.4533466871480498
SanPablo,T2,6,Jun,M12,5.151271333333334,3,1.8152908305816613,0.896906013,2026-06-12,2026-07-06,2026,1,0,0,0,0,0,0,0,0,0,Review,Ramped,South.facing,"Growth
(Months 10-12)",Edge,S2-6a,11.698229166666668,25.08,576,0.00730802606089925,2.0337458535335737,FALSE,35.97380842326667,1.4533466871480498
SanPablo,T2,6,Mar,M9,0.810951043,3,1.8152908305816613,0.896906013,2026-03-06,2026-04-03,2026,0,0,0,0,0,0,0,0,0,0,OK,Ramped,South.facing,"Wet
(Months 7-9)",Edge,S2-6a,5.228607784431138,24.69,668,0.00730802606089925,2.0337458535335737,FALSE,35.97380842326667,1.4533466871480498
SanPablo,T2,6,Nov,M5,3.7824808536666668,3,1.8152908305816613,0.896906013,2025-11-03,2025-12-02,2025,0,0,0,0,NA,0,0,0,0,0,OK,Ramped,South.facing,"Tran
(Months 4-6)",Edge,S2-6a,7.259090909090909,29.16,693,0.00730802606089925,2.0337458535335737,FALSE,35.97380842326667,1.4533466871480498
SanPablo,T2,6,Oct,M4,3.419632490666667,3,1.8152908305816613,0.896906013,2025-10-06,2025-11-03,2025,0,0,0,0,0,0,0,0,0,0,OK,Ramped,South.facing,"Tran
(Months 4-6)",Edge,S2-6a,5.637496274217586,25.46,671,0.00730802606089925,2.0337458535335737,FALSE,35.97380842326667,1.4533466871480498
SanPablo,T2,6,Sep,M3,5.891078277,3,1.8152908305816613,0.896906013,2025-09-08,2025-10-06,2025,1,0,0,0,0,0,0,0,0,0,Review,Ramped,South.facing,"Late_Dry
(Months 1-3)",Edge,S2-6a,7.422731343283582,27.02,670,0.00730802606089925,2.0337458535335737,FALSE,35.97380842326667,1.4533466871480498
SanPablo,T2,12,Apr,M10,0.8513491676666667,3,1.891490982981966,0.984471687,2026-04-03,2026-04-30,2026,0,0,0,0,0,0,0,0,0,0,OK,Ramped,South.facing,"Growth
(Months 10-12)",Platform,S2-12a,7.303168469860896,26.63,647,7.536119889995986e-4,2.059116795755984,FALSE,35.97380842326667,1.4533466871480498
SanPablo,T2,12,Aug,M2,3.518091182,2,1.891490982981966,0.984471687,2025-08-08,2025-09-08,2025,0,0,0,0,0,0,0,0,0,0,OK,Ramped,South.facing,"Late_Dry
(Months 1-3)",Platform,S2-12a,8.941919463087249,24.3,745,7.536119889995986e-4,2.059116795755984,FALSE,35.97380842326667,1.4533466871480498
SanPablo,T2,12,Dec,M6,1.116442454,3,1.891490982981966,0.984471687,2025-12-02,2026-01-11,2025,0,0,0,0,0,0,0,0,0,0,OK,Ramped,South.facing,"Tran
(Months 4-6)",Platform,S2-12a,9.52363920750782,30.32,959,7.536119889995986e-4,2.059116795755984,FALSE,35.97380842326667,1.4533466871480498
SanPablo,T2,12,Feb,M8,2.501980719,3,1.891490982981966,0.984471687,2026-02-07,2026-03-06,2026,0,0,0,0,0,0,0,0,0,0,OK,Ramped,South.facing,"Wet
(Months 7-9)",Platform,S2-12a,6.860713178294573,31.49,645,7.536119889995986e-4,2.059116795755984,FALSE,35.97380842326667,1.4533466871480498
SanPablo,T2,12,Jan,M7,1.1611106313333333,3,1.891490982981966,0.984471687,2026-01-11,2026-02-06,2026,0,0,0,0,0,0,0,0,0,0,OK,Ramped,South.facing,"Wet
(Months 7-9)",Platform,S2-12a,8.162132471728594,25.85,619,7.536119889995986e-4,2.059116795755984,FALSE,35.97380842326667,1.4533466871480498
SanPablo,T2,12,Jul,M1,8.242672874333334,3,1.891490982981966,0.984471687,2025-07-11,2025-08-08,2025,0,0,0,0,0,0,0,0,0,0,OK,Ramped,South.facing,"Late_Dry
(Months 1-3)",Platform,S2-12a,11.00796711509716,24.3,669,7.536119889995986e-4,2.059116795755984,FALSE,35.97380842326667,1.4533466871480498
SanPablo,T2,12,Jun,M12,7.840851607,3,1.891490982981966,0.984471687,2026-06-12,2026-07-06,2026,1,0,0,0,0,0,0,0,0,0,Review,Ramped,South.facing,"Growth
(Months 10-12)",Platform,S2-12a,11.698229166666668,25.08,576,7.536119889995986e-4,2.059116795755984,FALSE,35.97380842326667,1.4533466871480498
SanPablo,T2,12,Mar,M9,0.7515556536666667,3,1.891490982981966,0.984471687,2026-03-06,2026-04-03,2026,0,0,0,0,0,0,0,0,0,0,OK,Ramped,South.facing,"Wet
(Months 7-9)",Platform,S2-12a,5.228607784431138,24.69,668,7.536119889995986e-4,2.059116795755984,FALSE,35.97380842326667,1.4533466871480498
SanPablo,T2,12,May,M11,1.544995584,2,1.891592583185166,0.984588441,2026-04-30,2026-06-12,2026,0,0,0,0,0,0,0,0,0,0,OK,Ramped,South.facing,"Growth
(Months 10-12)",Platform,S2-12a,9.203161978661493,29.94,1031,7.536119889995986e-4,2.059116795755984,FALSE,35.97380842326667,1.4533466871480498
SanPablo,T2,12,Nov,M5,4.702548647333334,3,1.891490982981966,0.984471687,2025-11-03,2025-12-02,2025,0,0,0,0,NA,0,0,0,0,0,OK,Ramped,South.facing,"Tran
(Months 4-6)",Platform,S2-12a,7.259090909090909,29.16,693,7.536119889995986e-4,2.059116795755984,FALSE,35.97380842326667,1.4533466871480498
SanPablo,T2,12,Oct,M4,1.1556651183333333,3,1.891490982981966,0.984471687,2025-10-06,2025-11-03,2025,0,0,0,0,0,0,0,0,0,0,OK,Ramped,South.facing,"Tran
(Months 4-6)",Platform,S2-12a,5.637496274217586,25.46,671,7.536119889995986e-4,2.059116795755984,FALSE,35.97380842326667,1.4533466871480498
SanPablo,T2,12,Sep,M3,10.297109628666666,3,1.891490982981966,0.984471687,2025-09-08,2025-10-06,2025,0,0,0,0,0,0,0,0,0,0,OK,Ramped,South.facing,"Late_Dry
(Months 1-3)",Platform,S2-12a,7.422731343283582,27.02,670,7.536119889995986e-4,2.059116795755984,FALSE,35.97380842326667,1.4533466871480498
SanPablo,T2,18,Apr,M10,1.6000978553333334,3,1.9656591313182628,1.069702277,2026-04-03,2026-04-30,2026,0,0,0,0,0,0,0,0,0,0,OK,Ramped,South.facing,"Growth
(Months 10-12)",Platform,S2-18a,7.303168469860896,26.63,647,-0.00193388038167319,2.053170271773423,FALSE,35.97380842326667,1.4533466871480498
SanPablo,T2,18,Dec,M6,1.3920490386666666,3,1.9656591313182628,1.069702277,2025-12-02,2026-01-11,2025,0,0,0,0,0,0,0,0,0,0,OK,Ramped,South.facing,"Tran
(Months 4-6)",Platform,S2-18a,9.52363920750782,30.32,959,-0.00193388038167319,2.053170271773423,FALSE,35.97380842326667,1.4533466871480498
SanPablo,T2,18,Feb,M8,1.5442080536666667,3,1.9656591313182628,1.069702277,2026-02-07,2026-03-06,2026,0,0,0,0,0,0,0,0,0,0,OK,Ramped,South.facing,"Wet
(Months 7-9)",Platform,S2-18a,6.860713178294573,31.49,645,-0.00193388038167319,2.053170271773423,FALSE,35.97380842326667,1.4533466871480498
SanPablo,T2,18,Jan,M7,1.132312605,3,1.9656591313182628,1.069702277,2026-01-11,2026-02-06,2026,0,0,0,0,0,0,0,0,0,0,OK,Ramped,South.facing,"Wet
(Months 7-9)",Platform,S2-18a,8.162132471728594,25.85,619,-0.00193388038167319,2.053170271773423,FALSE,35.97380842326667,1.4533466871480498
SanPablo,T2,18,Jun,M12,4.026598233,3,1.9656591313182628,1.069702277,2026-06-12,2026-07-06,2026,0,0,0,0,0,0,0,0,0,0,OK,Ramped,South.facing,"Growth
(Months 10-12)",Platform,S2-18a,11.698229166666668,25.08,576,-0.00193388038167319,2.053170271773423,FALSE,35.97380842326667,1.4533466871480498
SanPablo,T2,18,Mar,M9,0.3801192666666667,3,1.9656591313182628,1.069702277,2026-03-06,2026-04-03,2026,0,0,0,0,0,0,0,0,0,0,OK,Ramped,South.facing,"Wet
(Months 7-9)",Platform,S2-18a,5.228607784431138,24.69,668,-0.00193388038167319,2.053170271773423,FALSE,35.97380842326667,1.4533466871480498
SanPablo,T2,18,May,M11,1.1643397296666667,3,1.9656591313182628,1.069702277,2026-04-30,2026-06-12,2026,0,0,0,0,0,0,0,0,0,0,OK,Ramped,South.facing,"Growth
(Months 10-12)",Platform,S2-18a,9.203161978661493,29.94,1031,-0.00193388038167319,2.053170271773423,FALSE,35.97380842326667,1.4533466871480498
SanPablo,T2,18,Nov,M5,3.6899013243333334,3,1.9656591313182628,1.069702277,2025-11-03,2025-12-02,2025,0,0,0,0,0,0,0,0,0,0,OK,Ramped,South.facing,"Tran
(Months 4-6)",Platform,S2-18a,7.259090909090909,29.16,693,-0.00193388038167319,2.053170271773423,FALSE,35.97380842326667,1.4533466871480498
SanPablo,T2,24,Apr,M10,1.6713185403333333,3,1.9965455930911862,1.1051955633333332,2026-04-03,2026-04-30,2026,0,0,0,0,0,0,0,0,0,0,OK,Ramped,South.facing,"Growth
(Months 10-12)",Platform,S2-24a,7.303168469860896,26.63,647,-7.498068190482683e-4,2.04343186206419,FALSE,35.97380842326667,1.4533466871480498
SanPablo,T2,24,Aug,M2,NA,0,1.9965455930911862,1.1051955633333332,2025-08-08,2025-09-08,2025,1,0,0,0,0,0,0,0,0,0,Review,Ramped,South.facing,"Late_Dry
(Months 1-3)",Platform,S2-24a,8.941919463087249,24.3,745,-7.498068190482683e-4,2.04343186206419,FALSE,35.97380842326667,1.4533466871480498
SanPablo,T2,24,Feb,M8,3.4836812053333333,3,1.9965455930911862,1.1051955633333332,2026-02-07,2026-03-06,2026,1,0,0,0,0,0,0,0,0,0,Review,Ramped,South.facing,"Wet
(Months 7-9)",Platform,S2-24a,6.860713178294573,31.49,645,-7.498068190482683e-4,2.04343186206419,FALSE,35.97380842326667,1.4533466871480498
SanPablo,T2,24,Jan,M7,2.2784297226666665,3,1.9965455930911862,1.1051955633333332,2026-01-11,2026-02-06,2026,0,0,0,0,0,0,0,0,0,0,OK,Ramped,South.facing,"Wet
(Months 7-9)",Platform,S2-24a,8.162132471728594,25.85,619,-7.498068190482683e-4,2.04343186206419,FALSE,35.97380842326667,1.4533466871480498
SanPablo,T2,24,Jul,M1,2.82378857,3,1.9965455930911862,1.1051955633333332,2025-07-11,2025-08-08,2025,0,0,0,0,0,0,0,0,0,0,OK,Ramped,South.facing,"Late_Dry
(Months 1-3)",Platform,S2-24a,11.00796711509716,24.3,669,-7.498068190482683e-4,2.04343186206419,FALSE,35.97380842326667,1.4533466871480498
SanPablo,T2,24,Jun,M12,8.901804512,3,1.9965455930911862,1.1051955633333332,2026-06-12,2026-07-06,2026,0,0,0,0,0,0,0,0,0,0,OK,Ramped,South.facing,"Growth
(Months 10-12)",Platform,S2-24a,11.698229166666668,25.08,576,-7.498068190482683e-4,2.04343186206419,FALSE,35.97380842326667,1.4533466871480498
SanPablo,T2,24,Mar,M9,0.5381888499999999,3,1.9965455930911862,1.1051955633333332,2026-03-06,2026-04-03,2026,0,0,0,0,0,0,0,0,0,0,OK,Ramped,South.facing,"Wet
(Months 7-9)",Platform,S2-24a,5.228607784431138,24.69,668,-7.498068190482683e-4,2.04343186206419,FALSE,35.97380842326667,1.4533466871480498
SanPablo,T2,24,May,M11,6.718985857666667,3,1.9965455930911862,1.1051955633333332,2026-04-30,2026-06-12,2026,0,0,0,0,0,0,0,0,0,0,OK,Ramped,South.facing,"Growth
(Months 10-12)",Platform,S2-24a,9.203161978661493,29.94,1031,-7.498068190482683e-4,2.04343186206419,FALSE,35.97380842326667,1.4533466871480498
SanPablo,T2,24,Oct,M4,1.603656811,3,1.9965455930911862,1.1051955633333332,2025-10-06,2025-11-03,2025,0,0,0,0,0,0,0,0,0,0,OK,Ramped,South.facing,"Tran
(Months 4-6)",Platform,S2-24a,5.637496274217586,25.46,671,-7.498068190482683e-4,2.04343186206419,FALSE,35.97380842326667,1.4533466871480498
SanPablo,T2,24,Sep,M3,2.775733321,3,1.9965455930911862,1.1051955633333332,2025-09-08,2025-10-06,2025,0,0,0,0,0,0,0,0,0,0,OK,Ramped,South.facing,"Late_Dry
(Months 1-3)",Platform,S2-24a,7.422731343283582,27.02,670,-7.498068190482683e-4,2.04343186206419,FALSE,35.97380842326667,1.4533466871480498
SanPablo,T2,48,Apr,M10,1.3890944476666667,3,2.0191008382016764,1.1311150030000001,2026-04-03,2026-04-30,2026,0,0,0,0,0,0,0,0,0,0,OK,Ramped,South.facing,"Growth
(Months 10-12)",Upland,S2-48a,7.303168469860896,26.63,647,0.00473019341500792,2.0664739570769344,FALSE,35.97380842326667,1.4533466871480498
SanPablo,T2,48,Aug,M2,2.6326800973333335,3,2.0191008382016764,1.1311150030000001,2025-08-08,2025-09-08,2025,0,0,0,0,0,0,0,0,0,0,OK,Ramped,South.facing,"Late_Dry
(Months 1-3)",Upland,S2-48a,8.941919463087249,24.3,745,0.00473019341500792,2.0664739570769344,FALSE,35.97380842326667,1.4533466871480498
SanPablo,T2,48,Feb,M8,3.449798013,3,2.0191008382016764,1.1311150030000001,2026-02-07,2026-03-06,2026,0,0,0,0,0,0,0,0,0,0,OK,Ramped,South.facing,"Wet
(Months 7-9)",Upland,S2-48a,6.860713178294573,31.49,645,0.00473019341500792,2.0664739570769344,FALSE,35.97380842326667,1.4533466871480498
SanPablo,T2,48,Jan,M7,1.8772726093333334,3,2.0191008382016764,1.1311150030000001,2026-01-11,2026-02-06,2026,0,0,0,0,0,0,0,0,0,0,OK,Ramped,South.facing,"Wet
(Months 7-9)",Upland,S2-48a,8.162132471728594,25.85,619,0.00473019341500792,2.0664739570769344,FALSE,35.97380842326667,1.4533466871480498
SanPablo,T2,48,Jul,M1,3.064308086,3,2.0191008382016764,1.1311150030000001,2025-07-11,2025-08-08,2025,0,0,0,0,0,0,0,0,0,0,OK,Ramped,South.facing,"Late_Dry
(Months 1-3)",Upland,S2-48a,11.00796711509716,24.3,669,0.00473019341500792,2.0664739570769344,FALSE,35.97380842326667,1.4533466871480498
SanPablo,T2,48,Jun,M12,6.475532156,3,2.0191008382016764,1.1311150030000001,2026-06-12,2026-07-06,2026,0,0,0,0,0,0,0,0,0,0,OK,Ramped,South.facing,"Growth
(Months 10-12)",Upland,S2-48a,11.698229166666668,25.08,576,0.00473019341500792,2.0664739570769344,FALSE,35.97380842326667,1.4533466871480498
SanPablo,T2,48,Mar,M9,0.299540644,3,2.0191008382016764,1.1311150030000001,2026-03-06,2026-04-03,2026,0,0,0,0,0,0,0,0,0,0,OK,Ramped,South.facing,"Wet
(Months 7-9)",Upland,S2-48a,5.228607784431138,24.69,668,0.00473019341500792,2.0664739570769344,FALSE,35.97380842326667,1.4533466871480498
SanPablo,T2,48,May,M11,1.503894646,3,2.0191008382016764,1.1311150030000001,2026-04-30,2026-06-12,2026,0,0,0,0,0,0,0,0,0,0,OK,Ramped,South.facing,"Growth
(Months 10-12)",Upland,S2-48a,9.203161978661493,29.94,1031,0.00473019341500792,2.0664739570769344,FALSE,35.97380842326667,1.4533466871480498
SanPablo,T2,48,Nov,M5,9.373785756333334,3,2.0191008382016764,1.1311150030000001,2025-11-03,2025-12-02,2025,0,0,0,0,0,0,0,0,0,0,OK,Ramped,South.facing,"Tran
(Months 4-6)",Upland,S2-48a,7.259090909090909,29.16,693,0.00473019341500792,2.0664739570769344,FALSE,35.97380842326667,1.4533466871480498
SanPablo,T2,48,Oct,M4,1.505132322,3,2.0191008382016764,1.1311150030000001,2025-10-06,2025-11-03,2025,0,0,0,0,0,0,0,0,0,0,OK,Ramped,South.facing,"Tran
(Months 4-6)",Upland,S2-48a,5.637496274217586,25.46,671,0.00473019341500792,2.0664739570769344,FALSE,35.97380842326667,1.4533466871480498
SanPablo,T2,48,Sep,M3,2.5099136886666664,3,2.0191008382016764,1.1311150030000001,2025-09-08,2025-10-06,2025,0,0,0,0,0,0,0,0,0,0,OK,Ramped,South.facing,"Late_Dry
(Months 1-3)",Upland,S2-48a,7.422731343283582,27.02,670,0.00473019341500792,2.0664739570769344,FALSE,35.97380842326667,1.4533466871480498
