Location,FileName,Point_ID,Kind,Transect_ID,Type,Station_nom_m,Track,Seq,Northing,Easting,Elevation_ft,Elevation_m,Distance_m,Lat,Lon,CRS
San Pablo,san-pablo-final.csv,benchmark-s1,benchmark,,benchmark start,,,,1813355.822,6428340.296,21.407,6.525,,38.1405777,-122.4635413,CA zone II (EPSG:2226)
San Pablo,san-pablo-final.csv,benchmark-end-1,benchmark,,benchmark end,,,,1813355.844,6428340.323,21.449,6.538,,38.1405778,-122.4635412,CA zone II (EPSG:2226)
San Pablo,san-pablo-final.csv,benchmark-end-2,benchmark,,benchmark end,,,,1813355.857,6428340.307,21.480,6.547,,38.1405778,-122.4635413,CA zone II (EPSG:2226)
San Pablo,san-pablo-final.csv,benchmark-end-3,benchmark,,benchmark end,,,,1813355.835,6428340.294,21.470,6.544,,38.1405777,-122.4635413,CA zone II (EPSG:2226)
San Pablo,san-pablo-final.csv,s1-tile-0.5a,tile,S1,tile,0.5,a,,1804107.825,6425343.364,5.668,1.728,0.00,38.1151421,-122.4737931,CA zone II (EPSG:2226)
San Pablo,san-pablo-final.csv,s1-tile-0.5b,tile,S1,tile,0.5,b,,1804107.876,6425342.813,5.738,1.749,0.01,38.1151423,-122.4737950,CA zone II (EPSG:2226)
San Pablo,san-pablo-final.csv,s1-tile-0.5c,tile,S1,tile,0.5,c,,1804108.033,6425342.471,5.729,1.746,0.06,38.1151427,-122.4737962,CA zone II (EPSG:2226)
San Pablo,san-pablo-final.csv,s1-tile-2a,tile,S1,tile,2,a,,1804112.77,6425341.567,5.713,1.741,1.49,38.1151557,-122.4737994,CA zone II (EPSG:2226)
San Pablo,san-pablo-final.csv,s1-tile-2b,tile,S1,tile,2,b,,1804113.021,6425341.086,5.823,1.775,1.57,38.1151564,-122.4738011,CA zone II (EPSG:2226)
San Pablo,san-pablo-final.csv,s1-tile-2c,tile,S1,tile,2,c,,1804113.226,6425340.705,5.848,1.782,1.63,38.1151569,-122.4738024,CA zone II (EPSG:2226)
San Pablo,san-pablo-final.csv,s1-tiles-6a,tile,S1,tile,6,a,,1804126.019,6425343.361,6.021,1.835,5.54,38.1151921,-122.4737934,CA zone II (EPSG:2226)
San Pablo,san-pablo-final.csv,s1-tiles-6b,tile,S1,tile,6,b,,1804125.993,6425342.938,6.055,1.846,5.53,38.1151920,-122.4737949,CA zone II (EPSG:2226)
San Pablo,san-pablo-final.csv,s1-tiles-6c,tile,S1,tile,6,c,,1804125.971,6425342.43,6.088,1.856,5.52,38.1151919,-122.4737966,CA zone II (EPSG:2226)
San Pablo,san-pablo-final.csv,s1-tile-12-a,tile,S1,tile,12,a,,1804145.866,6425343.33,6.332,1.930,11.59,38.1152466,-122.4737939,CA zone II (EPSG:2226)
San Pablo,san-pablo-final.csv,s1-tile-12-b,tile,S1,tile,12,b,,1804145.902,6425342.985,6.350,1.935,11.60,38.1152467,-122.4737951,CA zone II (EPSG:2226)
San Pablo,san-pablo-final.csv,s1-tile-12-c,tile,S1,tile,12,c,,1804145.868,6425342.515,6.339,1.932,11.59,38.1152466,-122.4737967,CA zone II (EPSG:2226)
San Pablo,san-pablo-final.csv,s1-tile-18-a,tile,S1,tile,18,a,,1804165.405,6425344.438,6.535,1.992,17.55,38.1153003,-122.4737904,CA zone II (EPSG:2226)
San Pablo,san-pablo-final.csv,s1-tile-18-b,tile,S1,tile,18,b,,1804165.224,6425343.972,6.553,1.997,17.50,38.1152997,-122.4737920,CA zone II (EPSG:2226)
San Pablo,san-pablo-final.csv,s1-tile-18-c,tile,S1,tile,18,c,,1804165.09,6425343.501,6.578,2.005,17.45,38.1152994,-122.4737936,CA zone II (EPSG:2226)
San Pablo,san-pablo-final.csv,s1-tile-24-a,tile,S1,tile,24,a,,1804184.752,6425344.789,6.647,2.026,23.45,38.1153534,-122.4737895,CA zone II (EPSG:2226)
San Pablo,san-pablo-final.csv,s1-tile-24-b,tile,S1,tile,24,b,,1804184.68,6425344.44,6.645,2.025,23.43,38.1153532,-122.4737907,CA zone II (EPSG:2226)
San Pablo,san-pablo-final.csv,s1-tile-24-c,tile,S1,tile,24,c,,1804184.633,6425344.047,6.639,2.024,23.41,38.1153530,-122.4737921,CA zone II (EPSG:2226)
San Pablo,san-pablo-final.csv,s1-tiles-48a,tile,S1,tile,48,a,,1804263.475,6425346.82,6.720,2.048,47.45,38.1155696,-122.4737839,CA zone II (EPSG:2226)
San Pablo,san-pablo-final.csv,s1-tiles-48b,tile,S1,tile,48,b,,1804263.611,6425346.536,6.723,2.049,47.49,38.1155699,-122.4737849,CA zone II (EPSG:2226)
San Pablo,san-pablo-final.csv,s1-tiles-48c,tile,S1,tile,48,c,,1804263.643,6425346.11,6.766,2.062,47.50,38.1155700,-122.4737864,CA zone II (EPSG:2226)
San Pablo,san-pablo-final.csv,s2-tile-0.5a,tile,S2,tile,0.5,a,,1804096.309,6425226.639,5.693,1.735,0.00,38.1151088,-122.4741985,CA zone II (EPSG:2226)
San Pablo,san-pablo-final.csv,s2-tile-0.5b,tile,S2,tile,0.5,b,,1804096.24,6425226.236,5.706,1.739,-0.01,38.1151086,-122.4741999,CA zone II (EPSG:2226)
San Pablo,san-pablo-final.csv,s2-tile-0.5c,tile,S2,tile,0.5,c,,1804096.206,6425225.728,5.668,1.728,-0.00,38.1151085,-122.4742017,CA zone II (EPSG:2226)
San Pablo,san-pablo-final.csv,s2-tile-2a,tile,S2,tile,2,a,,1804100.694,6425225.929,5.643,1.720,1.35,38.1151209,-122.4742011,CA zone II (EPSG:2226)
San Pablo,san-pablo-final.csv,s2-tile-2b,tile,S2,tile,2,b,,1804100.766,6425225.373,5.810,1.771,1.39,38.1151211,-122.4742030,CA zone II (EPSG:2226)
San Pablo,san-pablo-final.csv,s2-tile-2c,tile,S2,tile,2,c,,1804100.742,6425225.009,5.814,1.772,1.40,38.1151210,-122.4742043,CA zone II (EPSG:2226)
San Pablo,san-pablo-final.csv,s2-tile-6a,tile,S2,tile,6,a,,1804114.105,6425224.493,6.023,1.836,5.46,38.1151577,-122.4742063,CA zone II (EPSG:2226)
San Pablo,san-pablo-final.csv,s2-tile-6b,tile,S2,tile,6,b,,1804113.973,6425223.943,6.024,1.836,5.44,38.1151573,-122.4742082,CA zone II (EPSG:2226)
San Pablo,san-pablo-final.csv,s2-tile-6c,tile,S2,tile,6,c,,1804113.929,6425223.615,5.976,1.821,5.44,38.1151572,-122.4742094,CA zone II (EPSG:2226)
San Pablo,san-pablo-final.csv,s2-tile-12a,tile,S2,tile,12,a,,1804133.686,6425222.405,6.215,1.894,11.47,38.1152114,-122.4742139,CA zone II (EPSG:2226)
San Pablo,san-pablo-final.csv,s2-tile-12b,tile,S2,tile,12,b,,1804133.715,6425221.968,6.206,1.892,11.49,38.1152115,-122.4742154,CA zone II (EPSG:2226)
San Pablo,san-pablo-final.csv,s2-tile-12c,tile,S2,tile,12,c,,1804133.626,6425221.514,6.205,1.891,11.48,38.1152112,-122.4742170,CA zone II (EPSG:2226)
San Pablo,san-pablo-final.csv,s2-tile-18a,tile,S2,tile,18,a,,1804153.103,6425220.409,6.450,1.966,17.41,38.1152647,-122.4742212,CA zone II (EPSG:2226)
San Pablo,san-pablo-final.csv,s2-tile-18b,tile,S2,tile,18,b,,1804153.311,6425219.785,6.494,1.979,17.50,38.1152653,-122.4742234,CA zone II (EPSG:2226)
San Pablo,san-pablo-final.csv,s2-tile-18c,tile,S2,tile,18,c,,1804153.409,6425219.325,6.462,1.970,17.54,38.1152655,-122.4742250,CA zone II (EPSG:2226)
San Pablo,san-pablo-final.csv,s2-tile-24a,tile,S2,tile,24,a,,1804173.029,6425218.49,6.614,2.016,23.52,38.1153194,-122.4742282,CA zone II (EPSG:2226)
San Pablo,san-pablo-final.csv,s2-tile-24b,tile,S2,tile,24,b,,1804173.281,6425217.988,6.579,2.005,23.61,38.1153201,-122.4742300,CA zone II (EPSG:2226)
San Pablo,san-pablo-final.csv,s2-tile-24c,tile,S2,tile,24,c,,1804173.145,6425217.602,6.619,2.017,23.58,38.1153197,-122.4742313,CA zone II (EPSG:2226)
San Pablo,san-pablo-final.csv,s2-tiles-48a,tile,S2,tile,48,a,,1804250.99,6425210.001,6.506,1.983,47.42,38.1155333,-122.4742592,CA zone II (EPSG:2226)
San Pablo,san-pablo-final.csv,s2-tiles-48b,tile,S2,tile,48,b,,1804251.004,6425209.613,6.568,2.002,47.44,38.1155334,-122.4742605,CA zone II (EPSG:2226)
San Pablo,san-pablo-final.csv,s2-tiles-48c,tile,S2,tile,48,c,,1804251.082,6425209.158,6.534,1.992,47.47,38.1155336,-122.4742621,CA zone II (EPSG:2226)
San Pablo,san-pablo-final.csv,s1-green-0.5a,green,S1,green,0.5,a,,1804107.978,6425342.092,5.772,1.759,0.04,38.1151425,-122.4737975,CA zone II (EPSG:2226)
San Pablo,san-pablo-final.csv,s1-green-0.5b,green,S1,green,0.5,b,,1804107.937,6425341.336,5.751,1.753,0.02,38.1151424,-122.4738001,CA zone II (EPSG:2226)
San Pablo,san-pablo-final.csv,s1-green-0.5c,green,S1,green,0.5,c,,1804108.007,6425340.63,5.752,1.753,0.04,38.1151426,-122.4738026,CA zone II (EPSG:2226)
San Pablo,san-pablo-final.csv,s1-green-2a,green,S1,green,2,a,,1804113.151,6425340.418,5.834,1.778,1.60,38.1151567,-122.4738034,CA zone II (EPSG:2226)
San Pablo,san-pablo-final.csv,s1-green-2b,green,S1,green,2,b,,1804113.162,6425339.682,5.899,1.798,1.60,38.1151567,-122.4738060,CA zone II (EPSG:2226)
San Pablo,san-pablo-final.csv,s1-green-2c,green,S1,green,2,c,,1804113.227,6425339.053,5.936,1.809,1.62,38.1151569,-122.4738082,CA zone II (EPSG:2226)
San Pablo,san-pablo-final.csv,s1-green-6a,green,S1,green,6,a,,1804126.042,6425342.273,6.079,1.853,5.54,38.1151921,-122.4737972,CA zone II (EPSG:2226)
San Pablo,san-pablo-final.csv,s1-green-6b,green,S1,green,6,b,,1804125.942,6425341.343,6.036,1.840,5.51,38.1151919,-122.4738004,CA zone II (EPSG:2226)
San Pablo,san-pablo-final.csv,s1-green-6c,green,S1,green,6,c,,1804125.925,6425340.564,6.008,1.831,5.50,38.1151918,-122.4738031,CA zone II (EPSG:2226)
San Pablo,san-pablo-final.csv,s1-green-12-a,green,S1,green,12,a,,1804145.875,6425342.122,6.346,1.934,11.59,38.1152466,-122.4737981,CA zone II (EPSG:2226)
San Pablo,san-pablo-final.csv,s1-green-12-b,green,S1,green,12,b,,1804145.883,6425341.389,6.368,1.941,11.58,38.1152466,-122.4738006,CA zone II (EPSG:2226)
San Pablo,san-pablo-final.csv,s1-green-12-c,green,S1,green,12,c,,1804145.801,6425340.72,6.343,1.933,11.55,38.1152464,-122.4738030,CA zone II (EPSG:2226)
San Pablo,san-pablo-final.csv,s1-green-18-a,green,S1,green,18,a,,1804164.949,6425343.062,6.593,2.010,17.41,38.1152990,-122.4737952,CA zone II (EPSG:2226)
San Pablo,san-pablo-final.csv,s1-green-18-b,green,S1,green,18,b,,1804164.878,6425342.368,6.624,2.019,17.38,38.1152988,-122.4737976,CA zone II (EPSG:2226)
San Pablo,san-pablo-final.csv,s1-green-18-c,green,S1,green,18,c,,1804165.035,6425341.689,6.614,2.016,17.42,38.1152992,-122.4737999,CA zone II (EPSG:2226)
San Pablo,san-pablo-final.csv,s1-green-24-a,green,S1,green,24,a,,1804184.546,6425343.858,6.713,2.046,23.38,38.1153528,-122.4737927,CA zone II (EPSG:2226)
San Pablo,san-pablo-final.csv,s1-green-24-b,green,S1,green,24,b,,1804184.377,6425343.063,6.688,2.039,23.33,38.1153523,-122.4737955,CA zone II (EPSG:2226)
San Pablo,san-pablo-final.csv,s1-green-24-c,green,S1,green,24,c,,1804184.398,6425342.559,6.704,2.043,23.33,38.1153524,-122.4737973,CA zone II (EPSG:2226)
San Pablo,san-pablo-final.csv,s1-green-48-a,green,S1,green,48,a,,1804263.413,6425345.714,6.745,2.056,47.43,38.1155694,-122.4737877,CA zone II (EPSG:2226)
San Pablo,san-pablo-final.csv,s1-green-48-b,green,S1,green,48,b,,1804263.381,6425345.091,6.668,2.032,47.41,38.1155693,-122.4737899,CA zone II (EPSG:2226)
San Pablo,san-pablo-final.csv,s1-green-48-c,green,S1,green,48,c,,1804263.319,6425344.284,6.668,2.032,47.39,38.1155691,-122.4737927,CA zone II (EPSG:2226)
San Pablo,san-pablo-final.csv,s2-green-0.5a,green,S2,green,0.5,a,,1804096.416,6425225.36,5.719,1.743,0.07,38.1151091,-122.4742030,CA zone II (EPSG:2226)
San Pablo,san-pablo-final.csv,s2-green-0.5b,green,S2,green,0.5,b,,1804096.407,6425224.875,5.777,1.761,0.09,38.1151091,-122.4742047,CA zone II (EPSG:2226)
San Pablo,san-pablo-final.csv,s2-green-0.5c,green,S2,green,0.5,c,,1804096.368,6425224.022,5.701,1.738,0.10,38.1151090,-122.4742076,CA zone II (EPSG:2226)
San Pablo,san-pablo-final.csv,s2-green-2a,green,S2,green,2,a,,1804100.812,6425224.547,5.802,1.768,1.43,38.1151212,-122.4742059,CA zone II (EPSG:2226)
San Pablo,san-pablo-final.csv,s2-green-2b,green,S2,green,2,b,,1804100.884,6425223.917,5.777,1.761,1.48,38.1151214,-122.4742081,CA zone II (EPSG:2226)
San Pablo,san-pablo-final.csv,s2-green-2c,green,S2,green,2,c,,1804100.868,6425223.072,5.851,1.783,1.50,38.1151213,-122.4742110,CA zone II (EPSG:2226)
San Pablo,san-pablo-final.csv,s2-green-6a,green,S2,green,6,a,,1804113.822,6425223.196,5.985,1.824,5.42,38.1151569,-122.4742108,CA zone II (EPSG:2226)
San Pablo,san-pablo-final.csv,s2-green-6b,green,S2,green,6,b,,1804113.621,6425222.616,5.914,1.803,5.38,38.1151563,-122.4742128,CA zone II (EPSG:2226)
San Pablo,san-pablo-final.csv,s2-green-6c,green,S2,green,6,c,,1804113.471,6425221.863,5.966,1.818,5.36,38.1151559,-122.4742154,CA zone II (EPSG:2226)
San Pablo,san-pablo-final.csv,s2-green-12a,green,S2,green,12,a,,1804133.598,6425221.062,6.235,1.900,11.48,38.1152112,-122.4742186,CA zone II (EPSG:2226)
San Pablo,san-pablo-final.csv,s2-green-12b,green,S2,green,12,b,,1804133.396,6425220.435,6.212,1.893,11.44,38.1152106,-122.4742208,CA zone II (EPSG:2226)
San Pablo,san-pablo-final.csv,s2-green-12c,green,S2,green,12,c,,1804133.307,6425219.869,6.200,1.890,11.43,38.1152103,-122.4742227,CA zone II (EPSG:2226)
San Pablo,san-pablo-final.csv,s2-green-18a,green,S2,green,18,a,,1804153.687,6425218.97,6.479,1.975,17.64,38.1152663,-122.4742262,CA zone II (EPSG:2226)
San Pablo,san-pablo-final.csv,s2-green-18b,green,S2,green,18,b,,1804153.587,6425218.144,6.481,1.975,17.64,38.1152660,-122.4742291,CA zone II (EPSG:2226)
San Pablo,san-pablo-final.csv,s2-green-18c,green,S2,green,18,c,,1804153.761,6425217.53,6.454,1.967,17.71,38.1152665,-122.4742312,CA zone II (EPSG:2226)
San Pablo,san-pablo-final.csv,s2-green-24a,green,S2,green,24,a,,1804173.021,6425217.312,6.649,2.027,23.55,38.1153193,-122.4742323,CA zone II (EPSG:2226)
San Pablo,san-pablo-final.csv,s2-green-24b,green,S2,green,24,b,,1804172.943,6425216.679,6.592,2.009,23.55,38.1153191,-122.4742345,CA zone II (EPSG:2226)
San Pablo,san-pablo-final.csv,s2-green-24c,green,S2,green,24,c,,1804172.932,6425216.125,6.667,2.032,23.56,38.1153191,-122.4742365,CA zone II (EPSG:2226)
San Pablo,san-pablo-final.csv,s2-green-48a,green,S2,green,48,a,,1804251.042,6425208.993,6.572,2.003,47.47,38.1155335,-122.4742627,CA zone II (EPSG:2226)
San Pablo,san-pablo-final.csv,s2-green-48b,green,S2,green,48,b,,1804251.042,6425208.172,6.567,2.002,47.49,38.1155334,-122.4742655,CA zone II (EPSG:2226)
San Pablo,san-pablo-final.csv,s2-green-48c,green,S2,green,48,c,,1804251.037,6425207.505,6.572,2.003,47.51,38.1155334,-122.4742678,CA zone II (EPSG:2226)
San Pablo,san-pablo-final.csv,s1-ep-1,ep,S1,elevation profile,,,1,1804067.633,6425342.75,3.121,0.951,-12.25,38.1150318,-122.4737945,CA zone II (EPSG:2226)
San Pablo,san-pablo-final.csv,s1-ep-2,ep,S1,elevation profile,,,2,1804073.226,6425342.584,4.030,1.228,-10.55,38.1150471,-122.4737952,CA zone II (EPSG:2226)
San Pablo,san-pablo-final.csv,s1-ep-3,ep,S1,elevation profile,,,3,1804078.906,6425342.232,4.045,1.233,-8.82,38.1150627,-122.4737965,CA zone II (EPSG:2226)
San Pablo,san-pablo-final.csv,s1-ep-4,ep,S1,elevation profile,,,4,1804085.414,6425343.051,4.715,1.437,-6.83,38.1150806,-122.4737938,CA zone II (EPSG:2226)
San Pablo,san-pablo-final.csv,s1-ep-5,ep,S1,elevation profile,,,5,1804089.867,6425342.851,4.895,1.492,-5.48,38.1150928,-122.4737945,CA zone II (EPSG:2226)
San Pablo,san-pablo-final.csv,s1-ep-6,ep,S1,elevation profile,,,6,1804096.323,6425343.575,5.272,1.607,-3.50,38.1151106,-122.4737921,CA zone II (EPSG:2226)
San Pablo,san-pablo-final.csv,s1-ep-7,ep,S1,elevation profile,,,7,1804101.978,6425343.796,5.665,1.727,-1.78,38.1151261,-122.4737915,CA zone II (EPSG:2226)
San Pablo,san-pablo-final.csv,s1-ep-8,ep,S1,elevation profile,,,8,1804107.473,6425343.88,5.735,1.748,-0.10,38.1151412,-122.4737913,CA zone II (EPSG:2226)
San Pablo,san-pablo-final.csv,s1-ep-9,ep,S1,elevation profile,,,9,1804115.348,6425344.171,5.865,1.788,2.30,38.1151628,-122.4737904,CA zone II (EPSG:2226)
San Pablo,san-pablo-final.csv,s1-ep-10,ep,S1,elevation profile,,,10,1804121.192,6425343.824,5.839,1.780,4.08,38.1151788,-122.4737917,CA zone II (EPSG:2226)
San Pablo,san-pablo-final.csv,s1-ep-11,ep,S1,elevation profile,,,11,1804128.616,6425344.163,6.132,1.869,6.34,38.1151992,-122.4737907,CA zone II (EPSG:2226)
San Pablo,san-pablo-final.csv,s1-ep-12,ep,S1,elevation profile,,,12,1804133.906,6425344.574,6.182,1.884,7.96,38.1152138,-122.4737893,CA zone II (EPSG:2226)
San Pablo,san-pablo-final.csv,s1-ep-13,ep,S1,elevation profile,,,13,1804141.088,6425344.548,6.269,1.911,10.14,38.1152335,-122.4737896,CA zone II (EPSG:2226)
San Pablo,san-pablo-final.csv,s1-ep-14,ep,S1,elevation profile,,,14,1804146.198,6425344.187,6.337,1.932,11.70,38.1152475,-122.4737909,CA zone II (EPSG:2226)
San Pablo,san-pablo-final.csv,s1-ep-15,ep,S1,elevation profile,,,15,1804158.523,6425343.724,6.570,2.003,15.45,38.1152813,-122.4737927,CA zone II (EPSG:2226)
San Pablo,san-pablo-final.csv,s1-ep-16,ep,S1,elevation profile,,,16,1804166.467,6425344.754,6.551,1.997,17.88,38.1153032,-122.4737893,CA zone II (EPSG:2226)
San Pablo,san-pablo-final.csv,s1-ep-17,ep,S1,elevation profile,,,17,1804176.331,6425344.317,6.668,2.032,20.88,38.1153303,-122.4737910,CA zone II (EPSG:2226)
San Pablo,san-pablo-final.csv,s1-ep-18,ep,S1,elevation profile,,,18,1804185.301,6425345.59,6.687,2.038,23.62,38.1153549,-122.4737867,CA zone II (EPSG:2226)
San Pablo,san-pablo-final.csv,s1-ep-19,ep,S1,elevation profile,,,19,1804194.974,6425345.51,6.676,2.035,26.57,38.1153815,-122.4737872,CA zone II (EPSG:2226)
San Pablo,san-pablo-final.csv,s1-ep-20,ep,S1,elevation profile,,,20,1804202.01,6425344.916,6.673,2.034,28.71,38.1154008,-122.4737894,CA zone II (EPSG:2226)
San Pablo,san-pablo-final.csv,s1-ep-21,ep,S1,elevation profile,,,21,1804209.784,6425346.516,6.710,2.045,31.09,38.1154221,-122.4737840,CA zone II (EPSG:2226)
San Pablo,san-pablo-final.csv,s1-ep-22,ep,S1,elevation profile,,,22,1804215.492,6425346.219,6.704,2.043,32.83,38.1154378,-122.4737851,CA zone II (EPSG:2226)
San Pablo,san-pablo-final.csv,s1-ep-23,ep,S1,elevation profile,,,23,1804223.523,6425346.43,6.651,2.027,35.28,38.1154599,-122.4737845,CA zone II (EPSG:2226)
San Pablo,san-pablo-final.csv,s1-ep-24,ep,S1,elevation profile,,,24,1804228.339,6425345.576,6.612,2.015,36.74,38.1154731,-122.4737876,CA zone II (EPSG:2226)
San Pablo,san-pablo-final.csv,s1-ep-25,ep,S1,elevation profile,,,25,1804234.454,6425347.126,6.632,2.021,38.61,38.1154899,-122.4737823,CA zone II (EPSG:2226)
San Pablo,san-pablo-final.csv,s1-ep-26,ep,S1,elevation profile,,,26,1804248.076,6425348.88,6.693,2.040,42.78,38.1155273,-122.4737764,CA zone II (EPSG:2226)
San Pablo,san-pablo-final.csv,s1-ep-27,ep,S1,elevation profile,,,27,1804256.837,6425348.453,6.674,2.034,45.44,38.1155514,-122.4737781,CA zone II (EPSG:2226)
San Pablo,san-pablo-final.csv,s1-ep-28,ep,S1,elevation profile,,,28,1804264.591,6425347.403,6.713,2.046,47.80,38.1155726,-122.4737819,CA zone II (EPSG:2226)
San Pablo,san-pablo-final.csv,s1-ep-29,ep,S1,elevation profile,,,29,1804274.964,6425347.662,6.705,2.044,50.96,38.1156011,-122.4737812,CA zone II (EPSG:2226)
San Pablo,san-pablo-final.csv,s1-ep-30,ep,S1,elevation profile,,,30,1804287.152,6425348.092,6.723,2.049,54.68,38.1156346,-122.4737799,CA zone II (EPSG:2226)
San Pablo,san-pablo-final.csv,s1-ep-31-fixed,ep,S1,elevation profile,,,31,1804293.945,6425348.764,6.603,2.013,56.75,38.1156533,-122.4737777,CA zone II (EPSG:2226)
San Pablo,san-pablo-final.csv,s1-ep-32-fixed,ep,S1,elevation profile,,,32,1804305.551,6425347.854,6.614,2.016,60.28,38.1156851,-122.4737811,CA zone II (EPSG:2226)
San Pablo,san-pablo-final.csv,s1-ep-33-fixed,ep,S1,elevation profile,,,33,1804315.145,6425348.823,6.602,2.012,63.21,38.1157115,-122.4737779,CA zone II (EPSG:2226)
San Pablo,san-pablo-final.csv,s1-ep-34-fixed,ep,S1,elevation profile,,,34,1804327.92,6425350.717,6.555,1.998,67.12,38.1157466,-122.4737715,CA zone II (EPSG:2226)
San Pablo,san-pablo-final.csv,s1-ep-35-fixed,ep,S1,elevation profile,,,35,1804342.736,6425352.423,6.530,1.990,71.64,38.1157873,-122.4737658,CA zone II (EPSG:2226)
San Pablo,san-pablo-final.csv,s1-ep-36-fixed,ep,S1,elevation profile,,,36,1804352.774,6425353.604,6.550,1.996,74.71,38.1158149,-122.4737619,CA zone II (EPSG:2226)
San Pablo,san-pablo-final.csv,s1-ep-37-fixed,ep,S1,elevation profile,,,37,1804363.459,6425355.557,6.507,1.983,77.98,38.1158442,-122.4737553,CA zone II (EPSG:2226)
San Pablo,san-pablo-final.csv,s1-ep-38-fixed,ep,S1,elevation profile,,,38,1804371.837,6425355.762,6.511,1.985,80.54,38.1158672,-122.4737548,CA zone II (EPSG:2226)
San Pablo,san-pablo-final.csv,s1-ep-39-fixed,ep,S1,elevation profile,,,39,1804380.285,6425355.285,6.528,1.990,83.11,38.1158904,-122.4737566,CA zone II (EPSG:2226)
San Pablo,san-pablo-final.csv,s1-ep-40-fixed,ep,S1,elevation profile,,,40,1804391.577,6425355.973,6.512,1.985,86.55,38.1159214,-122.4737544,CA zone II (EPSG:2226)
San Pablo,san-pablo-final.csv,s1-ep-41-fixed,ep,S1,elevation profile,,,41,1804403.381,6425357.857,6.602,2.012,90.16,38.1159539,-122.4737481,CA zone II (EPSG:2226)
San Pablo,san-pablo-final.csv,s1-ep-42-fixed,ep,S1,elevation profile,,,42,1804412.675,6425358.568,6.563,2.000,93.00,38.1159794,-122.4737458,CA zone II (EPSG:2226)
San Pablo,san-pablo-final.csv,s1-ep-43-fixed,ep,S1,elevation profile,,,43,1804430.672,6425361.002,6.505,1.983,98.50,38.1160289,-122.4737376,CA zone II (EPSG:2226)
San Pablo,san-pablo-final.csv,s1-ep-44-fixed,ep,S1,elevation profile,,,44,1804440.941,6425361.315,6.475,1.974,101.63,38.1160571,-122.4737367,CA zone II (EPSG:2226)
San Pablo,san-pablo-final.csv,s1-ep-45-fixed,ep,S1,elevation profile,,,45,1804451.946,6425363.039,6.474,1.973,105.00,38.1160873,-122.4737309,CA zone II (EPSG:2226)
San Pablo,san-pablo-final.csv,s2-ep-1,ep,S2,elevation profile,,,1,1804048.392,6425234.293,2.750,0.838,-14.77,38.1149774,-122.4741711,CA zone II (EPSG:2226)
San Pablo,san-pablo-final.csv,s2-ep-2,ep,S2,elevation profile,,,2,1804053.625,6425232.509,3.415,1.041,-13.13,38.1149917,-122.4741774,CA zone II (EPSG:2226)
San Pablo,san-pablo-final.csv,s2-ep-3,ep,S2,elevation profile,,,3,1804059.265,6425231.547,3.948,1.203,-11.39,38.1150072,-122.4741808,CA zone II (EPSG:2226)
San Pablo,san-pablo-final.csv,s2-ep-4,ep,S2,elevation profile,,,4,1804067.216,6425230.453,4.596,1.401,-8.94,38.1150290,-122.4741848,CA zone II (EPSG:2226)
San Pablo,san-pablo-final.csv,s2-ep-5,ep,S2,elevation profile,,,5,1804074.483,6425229.486,4.908,1.496,-6.71,38.1150490,-122.4741882,CA zone II (EPSG:2226)
San Pablo,san-pablo-final.csv,s2-ep-6,ep,S2,elevation profile,,,6,1804079.613,6425228.336,5.291,1.613,-5.12,38.1150630,-122.4741923,CA zone II (EPSG:2226)
San Pablo,san-pablo-final.csv,s2-ep-7,ep,S2,elevation profile,,,7,1804085.722,6425227.427,5.386,1.642,-3.23,38.1150798,-122.4741956,CA zone II (EPSG:2226)
San Pablo,san-pablo-final.csv,s2-ep-8,ep,S2,elevation profile,,,8,1804091.076,6425226.829,5.645,1.721,-1.59,38.1150945,-122.4741978,CA zone II (EPSG:2226)
San Pablo,san-pablo-final.csv,s2-ep-9,ep,S2,elevation profile,,,9,1804097.639,6425226.549,5.826,1.776,0.41,38.1151125,-122.4741989,CA zone II (EPSG:2226)
San Pablo,san-pablo-final.csv,s2-ep-10,ep,S2,elevation profile,,,10,1804104.998,6425225.753,5.909,1.801,2.66,38.1151327,-122.4742018,CA zone II (EPSG:2226)
San Pablo,san-pablo-final.csv,s2-ep-11,ep,S2,elevation profile,,,11,1804112.565,6425224.865,6.026,1.837,4.98,38.1151535,-122.4742050,CA zone II (EPSG:2226)
San Pablo,san-pablo-final.csv,s2-ep-12,ep,S2,elevation profile,,,12,1804116.227,6425224.891,6.027,1.837,6.09,38.1151635,-122.4742050,CA zone II (EPSG:2226)
San Pablo,san-pablo-final.csv,s2-ep-13,ep,S2,elevation profile,,,13,1804124.131,6425224.248,6.100,1.859,8.51,38.1151852,-122.4742074,CA zone II (EPSG:2226)
San Pablo,san-pablo-final.csv,s2-ep-14,ep,S2,elevation profile,,,14,1804131.576,6425223.328,6.209,1.893,10.80,38.1152056,-122.4742107,CA zone II (EPSG:2226)
San Pablo,san-pablo-final.csv,s2-ep-15,ep,S2,elevation profile,,,15,1804143.275,6425222.736,6.306,1.922,14.36,38.1152377,-122.4742130,CA zone II (EPSG:2226)
San Pablo,san-pablo-final.csv,s2-ep-16,ep,S2,elevation profile,,,16,1804150.158,6425221.16,6.385,1.946,16.50,38.1152566,-122.4742186,CA zone II (EPSG:2226)
San Pablo,san-pablo-final.csv,s2-ep-17,ep,S2,elevation profile,,,17,1804160.474,6425220.501,6.497,1.980,19.65,38.1152849,-122.4742210,CA zone II (EPSG:2226)
San Pablo,san-pablo-final.csv,s2-ep-18,ep,S2,elevation profile,,,18,1804169.83,6425219.341,6.498,1.981,22.52,38.1153106,-122.4742252,CA zone II (EPSG:2226)
San Pablo,san-pablo-final.csv,s2-ep-19,ep,S2,elevation profile,,,19,1804176.495,6425218.694,6.572,2.003,24.56,38.1153289,-122.4742276,CA zone II (EPSG:2226)
San Pablo,san-pablo-final.csv,s2-ep-20,ep,S2,elevation profile,,,20,1804190.406,6425217.699,6.600,2.012,28.81,38.1153671,-122.4742313,CA zone II (EPSG:2226)
San Pablo,san-pablo-final.csv,s2-ep-21,ep,S2,elevation profile,,,21,1804197.844,6425216.374,6.630,2.021,31.11,38.1153875,-122.4742361,CA zone II (EPSG:2226)
San Pablo,san-pablo-final.csv,s2-ep-22,ep,S2,elevation profile,,,22,1804205.434,6425215.083,6.572,2.003,33.45,38.1154083,-122.4742407,CA zone II (EPSG:2226)
San Pablo,san-pablo-final.csv,s2-ep-23,ep,S2,elevation profile,,,23,1804211.32,6425214.474,6.633,2.022,35.25,38.1154245,-122.4742429,CA zone II (EPSG:2226)
San Pablo,san-pablo-final.csv,s2-ep-24,ep,S2,elevation profile,,,24,1804219.722,6425214.076,6.540,1.993,37.81,38.1154475,-122.4742444,CA zone II (EPSG:2226)
San Pablo,san-pablo-final.csv,s2-ep-25,ep,S2,elevation profile,,,25,1804227.959,6425213.691,6.645,2.025,40.32,38.1154701,-122.4742459,CA zone II (EPSG:2226)
San Pablo,san-pablo-final.csv,s2-ep-26,ep,S2,elevation profile,,,26,1804233.574,6425213.122,6.629,2.021,42.04,38.1154856,-122.4742480,CA zone II (EPSG:2226)
San Pablo,san-pablo-final.csv,s2-ep-27,ep,S2,elevation profile,,,27,1804242.879,6425211.79,6.624,2.019,44.90,38.1155111,-122.4742528,CA zone II (EPSG:2226)
San Pablo,san-pablo-final.csv,s2-ep-28,ep,S2,elevation profile,,,28,1804250.302,6425210.345,6.595,2.010,47.20,38.1155314,-122.4742580,CA zone II (EPSG:2226)
San Pablo,san-pablo-final.csv,s2-ep-29,ep,S2,elevation profile,,,29,1804259.767,6425209.014,6.623,2.019,50.11,38.1155574,-122.4742628,CA zone II (EPSG:2226)
San Pablo,san-pablo-final.csv,s2-ep-30,ep,S2,elevation profile,,,30,1804264.914,6425207.368,6.686,2.038,51.72,38.1155715,-122.4742686,CA zone II (EPSG:2226)
San Pablo,san-pablo-final.csv,s2-ep-31,ep,S2,elevation profile,,,31,1804274.623,6425207.671,6.712,2.046,54.66,38.1155982,-122.4742677,CA zone II (EPSG:2226)
San Pablo,san-pablo-final.csv,s2-ep-32,ep,S2,elevation profile,,,32,1804282.131,6425206.036,6.705,2.044,56.99,38.1156188,-122.4742735,CA zone II (EPSG:2226)
San Pablo,san-pablo-final.csv,s2-ep-33,ep,S2,elevation profile,,,33,1804289.47,6425205.1,6.724,2.049,59.24,38.1156389,-122.4742769,CA zone II (EPSG:2226)
San Pablo,san-pablo-final.csv,s2-ep-34,ep,S2,elevation profile,,,34,1804295.876,6425204.661,6.711,2.046,61.20,38.1156565,-122.4742785,CA zone II (EPSG:2226)
San Pablo,san-pablo-final.csv,s2-ep-35,ep,S2,elevation profile,,,35,1804303.341,6425203.934,6.700,2.042,63.48,38.1156770,-122.4742812,CA zone II (EPSG:2226)
San Pablo,san-pablo-final.csv,s2-ep-36,ep,S2,elevation profile,,,36,1804310.661,6425203.886,6.668,2.032,65.70,38.1156971,-122.4742815,CA zone II (EPSG:2226)
San Pablo,san-pablo-final.csv,s2-ep-37,ep,S2,elevation profile,,,37,1804317.925,6425201.601,6.631,2.021,67.98,38.1157170,-122.4742896,CA zone II (EPSG:2226)
San Pablo,san-pablo-final.csv,s2-ep-38,ep,S2,elevation profile,,,38,1804325.9,6425201.011,6.528,1.990,70.41,38.1157389,-122.4742918,CA zone II (EPSG:2226)
San Pablo,san-pablo-final.csv,s2-ep-39,ep,S2,elevation profile,,,39,1804334.326,6425199.292,6.600,2.012,73.02,38.1157620,-122.4742979,CA zone II (EPSG:2226)
San Pablo,san-pablo-final.csv,s2-ep-40,ep,S2,elevation profile,,,40,1804344.89,6425198.725,6.580,2.006,76.24,38.1157910,-122.4743001,CA zone II (EPSG:2226)
San Pablo,san-pablo-final.csv,s2-ep-41,ep,S2,elevation profile,,,41,1804352.305,6425197.579,6.645,2.025,78.53,38.1158113,-122.4743042,CA zone II (EPSG:2226)
San Pablo,san-pablo-final.csv,s2-ep-42,ep,S2,elevation profile,,,42,1804361.775,6425197.238,6.543,1.994,81.41,38.1158373,-122.4743055,CA zone II (EPSG:2226)
San Pablo,san-pablo-final.csv,s2-ep-43,ep,S2,elevation profile,,,43,1804370.781,6425195.232,6.542,1.994,84.20,38.1158620,-122.4743127,CA zone II (EPSG:2226)
San Pablo,san-pablo-final.csv,s2-ep-44,ep,S2,elevation profile,,,44,1804377.716,6425193.875,6.583,2.007,86.35,38.1158811,-122.4743175,CA zone II (EPSG:2226)
San Pablo,san-pablo-final.csv,s2-ep-45,ep,S2,elevation profile,,,45,1804384.834,6425192.96,6.545,1.995,88.54,38.1159006,-122.4743208,CA zone II (EPSG:2226)
San Pablo,san-pablo-final.csv,s2-ep-46,ep,S2,elevation profile,,,46,1804390.769,6425191.639,6.580,2.006,90.38,38.1159169,-122.4743255,CA zone II (EPSG:2226)
San Pablo,san-pablo-final.csv,s2-ep-47,ep,S2,elevation profile,,,47,1804398.793,6425189.762,6.605,2.013,92.87,38.1159389,-122.4743322,CA zone II (EPSG:2226)
San Pablo,san-pablo-final.csv,s2-ep-48,ep,S2,elevation profile,,,48,1804405.892,6425188.233,6.579,2.005,95.07,38.1159583,-122.4743376,CA zone II (EPSG:2226)
San Pablo,san-pablo-final.csv,s2-ep-49,ep,S2,elevation profile,,,49,1804415.542,6425186.855,6.587,2.008,98.04,38.1159848,-122.4743426,CA zone II (EPSG:2226)
San Pablo,san-pablo-final.csv,s2-ep-50,ep,S2,elevation profile,,,50,1804422.052,6425188.384,6.523,1.988,99.96,38.1160027,-122.4743374,CA zone II (EPSG:2226)
San Pablo,san-pablo-final.csv,RTCM0484,base,,base,,,,1849484.748,6431928.691,23.397,7.131,,38.2398307,-122.4516899,CA zone II (EPSG:2226)
Corte Madera,corte-madera-final.csv,benchmark-start-1,benchmark,,benchmark start,,,,2169920.973,5975028.169,17.400,5.304,,37.9367230,-122.5343295,CA zone III (EPSG:2227)
Corte Madera,corte-madera-final.csv,benchmark-start-2,benchmark,,benchmark start,,,,2169920.994,5975028.161,17.385,5.299,,37.9367230,-122.5343295,CA zone III (EPSG:2227)
Corte Madera,corte-madera-final.csv,benchmark-final-1,benchmark,,benchmark end,,,,2169921.028,5975028.159,17.339,5.285,,37.9367231,-122.5343295,CA zone III (EPSG:2227)
Corte Madera,corte-madera-final.csv,benchmark-final-2,benchmark,,benchmark end,,,,2169921.031,5975028.145,17.350,5.288,,37.9367231,-122.5343295,CA zone III (EPSG:2227)
Corte Madera,corte-madera-final.csv,benchmark-final-3,benchmark,,benchmark end,,,,2169921.028,5975028.151,17.352,5.289,,37.9367231,-122.5343295,CA zone III (EPSG:2227)
Corte Madera,corte-madera-final.csv,s1-c-tile-0.5-a,tile,C1,tile,0.5,a,,2167185.815,5983831.846,5.609,1.710,0.00,37.9297348,-122.5036067,CA zone III (EPSG:2227)
Corte Madera,corte-madera-final.csv,s1-c-tile-0.5-b,tile,C1,tile,0.5,b,,2167185.347,5983831.81,5.657,1.724,0.06,37.9297335,-122.5036068,CA zone III (EPSG:2227)
Corte Madera,corte-madera-final.csv,s1-c-tile-0.5-c,tile,C1,tile,0.5,c,,2167185.037,5983831.906,5.615,1.711,0.07,37.9297327,-122.5036064,CA zone III (EPSG:2227)
Corte Madera,corte-madera-final.csv,s1-c-tile-2-a,tile,C1,tile,2,a,,2167184.333,5983827.436,5.627,1.715,1.42,37.9297305,-122.5036218,CA zone III (EPSG:2227)
Corte Madera,corte-madera-final.csv,s1-c-tile-2-b,tile,C1,tile,2,b,,2167183.75,5983827.492,5.669,1.728,1.46,37.9297289,-122.5036216,CA zone III (EPSG:2227)
Corte Madera,corte-madera-final.csv,s1-c-tile-2-c,tile,C1,tile,2,c,,2167183.221,5983827.552,5.625,1.715,1.50,37.9297274,-122.5036214,CA zone III (EPSG:2227)
Corte Madera,corte-madera-final.csv,s1-c-tile-6-a,tile,C1,tile,6,a,,2167179.622,5983814.958,5.609,1.710,5.48,37.9297168,-122.5036647,CA zone III (EPSG:2227)
Corte Madera,corte-madera-final.csv,s1-c-tile-6-b,tile,C1,tile,6,b,,2167179.224,5983814.889,5.635,1.718,5.54,37.9297157,-122.5036650,CA zone III (EPSG:2227)
Corte Madera,corte-madera-final.csv,s1-c-tile-6-c,tile,C1,tile,6,c,,2167178.664,5983814.85,5.582,1.701,5.62,37.9297142,-122.5036650,CA zone III (EPSG:2227)
Corte Madera,corte-madera-final.csv,s1-c-tile-12-a,tile,C1,tile,12,a,,2167172.884,5983797.011,5.542,1.689,11.33,37.9296973,-122.5037265,CA zone III (EPSG:2227)
Corte Madera,corte-madera-final.csv,s1-c-tile-12-b,tile,C1,tile,12,b,,2167172.52,5983797.221,5.556,1.693,11.30,37.9296963,-122.5037257,CA zone III (EPSG:2227)
Corte Madera,corte-madera-final.csv,s1-c-tile-12-c,tile,C1,tile,12,c,,2167172.084,5983797.448,5.605,1.708,11.29,37.9296951,-122.5037249,CA zone III (EPSG:2227)
Corte Madera,corte-madera-final.csv,s1-c-tile-18-a,tile,C1,tile,18,a,,2167166.322,5983778.454,5.676,1.730,17.32,37.9296782,-122.5037903,CA zone III (EPSG:2227)
Corte Madera,corte-madera-final.csv,s1-c-tile-18-b,tile,C1,tile,18,b,,2167165.785,5983778.882,5.631,1.716,17.26,37.9296767,-122.5037888,CA zone III (EPSG:2227)
Corte Madera,corte-madera-final.csv,s1-c-tile-18-c,tile,C1,tile,18,c,,2167165.393,5983779.297,5.676,1.730,17.18,37.9296757,-122.5037873,CA zone III (EPSG:2227)
Corte Madera,corte-madera-final.csv,s1-c-tile-24-a,tile,C1,tile,24,a,,2167159.31,5983759.746,5.805,1.769,23.41,37.9296578,-122.5038546,CA zone III (EPSG:2227)
Corte Madera,corte-madera-final.csv,s1-c-tile-24-b,tile,C1,tile,24,b,,2167158.873,5983760.054,5.826,1.776,23.37,37.9296566,-122.5038535,CA zone III (EPSG:2227)
Corte Madera,corte-madera-final.csv,s1-c-tile-24-c,tile,C1,tile,24,c,,2167158.385,5983760.147,5.780,1.762,23.40,37.9296553,-122.5038532,CA zone III (EPSG:2227)
Corte Madera,corte-madera-final.csv,c-tile-48-a,tile,C1,tile,48,a,,2167132.584,5983689.572,5.831,1.777,46.30,37.9295803,-122.5040959,CA zone III (EPSG:2227)
Corte Madera,corte-madera-final.csv,c-tile-48-b,tile,C1,tile,48,b,,2167132.199,5983689.705,5.766,1.757,46.30,37.9295793,-122.5040954,CA zone III (EPSG:2227)
Corte Madera,corte-madera-final.csv,s1-c-tile-48-c,tile,C1,tile,48,c,,2167131.77,5983689.901,5.734,1.748,46.29,37.9295781,-122.5040947,CA zone III (EPSG:2227)
Corte Madera,corte-madera-final.csv,s2-c-tile-0.5-a,tile,C2,tile,0.5,a,,2167077.941,5983894.97,5.508,1.679,0.00,37.9294423,-122.5033798,CA zone III (EPSG:2227)
Corte Madera,corte-madera-final.csv,s2-c-tile-0.5-b,tile,C2,tile,0.5,b,,2167077.517,5983895.292,5.545,1.690,-0.03,37.9294412,-122.5033787,CA zone III (EPSG:2227)
Corte Madera,corte-madera-final.csv,s2-c-tile-0.5-c,tile,C2,tile,0.5,c,,2167077.198,5983895.592,5.568,1.697,-0.07,37.9294403,-122.5033776,CA zone III (EPSG:2227)
Corte Madera,corte-madera-final.csv,s2-c-tile-2-a,tile,C2,tile,2,a,,2167075.616,5983891.527,5.623,1.714,1.26,37.9294358,-122.5033916,CA zone III (EPSG:2227)
Corte Madera,corte-madera-final.csv,s2-c-tile-2-b,tile,C2,tile,2,b,,2167075.225,5983891.69,5.626,1.715,1.27,37.9294347,-122.5033910,CA zone III (EPSG:2227)
Corte Madera,corte-madera-final.csv,s2-c-tile-2-c,tile,C2,tile,2,c,,2167074.793,5983891.852,5.633,1.717,1.28,37.9294335,-122.5033904,CA zone III (EPSG:2227)
Corte Madera,corte-madera-final.csv,s2-c-tile-6-a,tile,C2,tile,6,a,,2167069.829,5983879.783,5.677,1.730,5.25,37.9294192,-122.5034319,CA zone III (EPSG:2227)
Corte Madera,corte-madera-final.csv,s2-c-tile-6-b,tile,C2,tile,6,b,,2167069.333,5983879.939,5.683,1.732,5.27,37.9294178,-122.5034313,CA zone III (EPSG:2227)
Corte Madera,corte-madera-final.csv,s2-c-tile-6-c,tile,C2,tile,6,c,,2167068.805,5983880.12,5.692,1.735,5.30,37.9294164,-122.5034306,CA zone III (EPSG:2227)
Corte Madera,corte-madera-final.csv,s2-c-tile-12-a,tile,C2,tile,12,a,,2167061.05,5983862.23,5.724,1.745,11.23,37.9293940,-122.5034921,CA zone III (EPSG:2227)
Corte Madera,corte-madera-final.csv,s2-c-tile-12-b,tile,C2,tile,12,b,,2167060.591,5983862.481,5.693,1.735,11.22,37.9293928,-122.5034912,CA zone III (EPSG:2227)
Corte Madera,corte-madera-final.csv,s2-c-tile-12-c,tile,C2,tile,12,c,,2167060.244,5983862.625,5.702,1.738,11.23,37.9293919,-122.5034906,CA zone III (EPSG:2227)
Corte Madera,corte-madera-final.csv,s2-c-tile-18-a,tile,C2,tile,18,a,,2167052.348,5983844.19,5.701,1.738,17.33,37.9293691,-122.5035540,CA zone III (EPSG:2227)
Corte Madera,corte-madera-final.csv,s2-c-tile-18-b,tile,C2,tile,18,b,,2167052.015,5983844.448,5.674,1.729,17.31,37.9293682,-122.5035530,CA zone III (EPSG:2227)
Corte Madera,corte-madera-final.csv,s2-c-tile-18-c,tile,C2,tile,18,c,,2167051.653,5983844.761,5.701,1.738,17.27,37.9293672,-122.5035519,CA zone III (EPSG:2227)
Corte Madera,corte-madera-final.csv,s2-c-tile-24-a,tile,C2,tile,24,a,,2167043.746,5983826.995,5.777,1.761,23.19,37.9293445,-122.5036129,CA zone III (EPSG:2227)
Corte Madera,corte-madera-final.csv,s2-c-tile-24-b,tile,C2,tile,24,b,,2167043.389,5983827.288,5.744,1.751,23.16,37.9293435,-122.5036119,CA zone III (EPSG:2227)
Corte Madera,corte-madera-final.csv,s2-c-tile-24-c,tile,C2,tile,24,c,,2167042.735,5983827.479,5.701,1.738,23.20,37.9293417,-122.5036112,CA zone III (EPSG:2227)
Corte Madera,corte-madera-final.csv,s2-c-tile-48-a,tile,C2,tile,48,a,,2167007.45,5983757.107,5.640,1.719,47.20,37.9292407,-122.5038525,CA zone III (EPSG:2227)
Corte Madera,corte-madera-final.csv,s2-c-tile-48-b,tile,C2,tile,48,b,,2167007.106,5983757.221,5.647,1.721,47.21,37.9292398,-122.5038521,CA zone III (EPSG:2227)
Corte Madera,corte-madera-final.csv,s2-c-tile-48-c,tile,C2,tile,48,c,,2167006.688,5983757.32,5.673,1.729,47.24,37.9292386,-122.5038517,CA zone III (EPSG:2227)
Corte Madera,corte-madera-final.csv,s1-c-green-0.5-a,green,C1,green,0.5,a,,2167184.579,5983832.094,5.591,1.704,0.06,37.9297314,-122.5036057,CA zone III (EPSG:2227)
Corte Madera,corte-madera-final.csv,s1-c-green-0.5-b,green,C1,green,0.5,b,,2167184.016,5983832.35,5.644,1.720,0.05,37.9297299,-122.5036048,CA zone III (EPSG:2227)
Corte Madera,corte-madera-final.csv,s1-c-green-0.5-c,green,C1,green,0.5,c,,2167183.459,5983832.653,5.659,1.725,0.02,37.9297284,-122.5036037,CA zone III (EPSG:2227)
Corte Madera,corte-madera-final.csv,s1-c-green-2-a,green,C1,green,2,a,,2167182.676,5983827.673,5.654,1.723,1.53,37.9297260,-122.5036209,CA zone III (EPSG:2227)
Corte Madera,corte-madera-final.csv,s1-c-green-2-b,green,C1,green,2,b,,2167181.996,5983828.035,5.650,1.722,1.50,37.9297241,-122.5036196,CA zone III (EPSG:2227)
Corte Madera,corte-madera-final.csv,s1-c-green-2-c,green,C1,green,2,c,,2167181.477,5983828.293,5.643,1.720,1.48,37.9297227,-122.5036187,CA zone III (EPSG:2227)
Corte Madera,corte-madera-final.csv,s1-c-green-6-a,green,C1,green,6,a,,2167178.214,5983815.101,5.612,1.711,5.59,37.9297130,-122.5036641,CA zone III (EPSG:2227)
Corte Madera,corte-madera-final.csv,s1-c-green-6-b,green,C1,green,6,b,,2167177.537,5983815.278,5.601,1.707,5.61,37.9297111,-122.5036635,CA zone III (EPSG:2227)
Corte Madera,corte-madera-final.csv,s1-c-green-6-c,green,C1,green,6,c,,2167176.909,5983815.324,5.616,1.712,5.67,37.9297094,-122.5036633,CA zone III (EPSG:2227)
Corte Madera,corte-madera-final.csv,s1-c-green-12-a,green,C1,green,12,a,,2167171.508,5983797.587,5.639,1.719,11.31,37.9296935,-122.5037244,CA zone III (EPSG:2227)
Corte Madera,corte-madera-final.csv,s1-c-green-12-b,green,C1,green,12,b,,2167170.898,5983797.68,5.647,1.721,11.35,37.9296919,-122.5037240,CA zone III (EPSG:2227)
Corte Madera,corte-madera-final.csv,s1-c-green-12-c,green,C1,green,12,c,,2167170.348,5983797.998,5.661,1.725,11.31,37.9296904,-122.5037228,CA zone III (EPSG:2227)
Corte Madera,corte-madera-final.csv,s1-c-green-18-a,green,C1,green,18,a,,2167164.866,5983779.587,5.680,1.731,17.16,37.9296742,-122.5037863,CA zone III (EPSG:2227)
Corte Madera,corte-madera-final.csv,s1-c-green-18-b,green,C1,green,18,b,,2167164.355,5983779.82,5.677,1.730,17.14,37.9296728,-122.5037854,CA zone III (EPSG:2227)
Corte Madera,corte-madera-final.csv,s1-c-green-18-c,green,C1,green,18,c,,2167163.701,5983780.163,5.670,1.728,17.12,37.9296711,-122.5037842,CA zone III (EPSG:2227)
Corte Madera,corte-madera-final.csv,s1-c-green-24-a,green,C1,green,24,a,,2167157.665,5983759.78,5.712,1.741,23.58,37.9296533,-122.5038544,CA zone III (EPSG:2227)
Corte Madera,corte-madera-final.csv,s1-c-green-24-b,green,C1,green,24,b,,2167157.01,5983759.87,5.678,1.731,23.62,37.9296515,-122.5038540,CA zone III (EPSG:2227)
Corte Madera,corte-madera-final.csv,s1-c-green-24-c,green,C1,green,24,c,,2167156.333,5983760.006,5.768,1.758,23.66,37.9296496,-122.5038535,CA zone III (EPSG:2227)
Corte Madera,corte-madera-final.csv,s1-c-green-48-a,green,C1,green,48,a,,2167131.258,5983690.125,5.825,1.775,46.28,37.9295767,-122.5040939,CA zone III (EPSG:2227)
Corte Madera,corte-madera-final.csv,s1-c-green-48-b,green,C1,green,48,b,,2167130.661,5983690.501,5.815,1.772,46.24,37.9295751,-122.5040925,CA zone III (EPSG:2227)
Corte Madera,corte-madera-final.csv,s1-c-green-48-c,green,C1,green,48,c,,2167130.11,5983690.848,5.790,1.765,46.20,37.9295736,-122.5040913,CA zone III (EPSG:2227)
Corte Madera,corte-madera-final.csv,s2-c-green-0.5-a,green,C2,green,0.5,a,,2167076.753,5983895.917,5.568,1.697,-0.09,37.9294391,-122.5033765,CA zone III (EPSG:2227)
Corte Madera,corte-madera-final.csv,s2-c-green-0.5-b,green,C2,green,0.5,b,,2167076.083,5983896.186,5.599,1.707,-0.07,37.9294373,-122.5033755,CA zone III (EPSG:2227)
Corte Madera,corte-madera-final.csv,s2-c-green-0.5-c,green,C2,green,0.5,c,,2167075.518,5983896.477,5.586,1.703,-0.07,37.9294358,-122.5033744,CA zone III (EPSG:2227)
Corte Madera,corte-madera-final.csv,s2-c-green-2-a,green,C2,green,2,a,,2167074.384,5983891.916,5.638,1.718,1.32,37.9294324,-122.5033902,CA zone III (EPSG:2227)
Corte Madera,corte-madera-final.csv,s2-c-green-2-b,green,C2,green,2,b,,2167073.637,5983892.147,5.626,1.715,1.36,37.9294304,-122.5033893,CA zone III (EPSG:2227)
Corte Madera,corte-madera-final.csv,s2-c-green-2-c,green,C2,green,2,c,,2167073.095,5983892.351,5.657,1.724,1.38,37.9294289,-122.5033886,CA zone III (EPSG:2227)
Corte Madera,corte-madera-final.csv,s2-c-green-6-a,green,C2,green,6,a,,2167068.299,5983880.245,5.666,1.727,5.33,37.9294150,-122.5034302,CA zone III (EPSG:2227)
Corte Madera,corte-madera-final.csv,s2-c-green-6-b,green,C2,green,6,b,,2167067.67,5983880.598,5.656,1.724,5.33,37.9294133,-122.5034289,CA zone III (EPSG:2227)
Corte Madera,corte-madera-final.csv,s2-c-green-6-c,green,C2,green,6,c,,2167067.155,5983880.907,5.659,1.725,5.31,37.9294119,-122.5034278,CA zone III (EPSG:2227)
Corte Madera,corte-madera-final.csv,s2-c-green-12-a,green,C2,green,12,a,,2167059.685,5983863.099,5.683,1.732,11.18,37.9293904,-122.5034890,CA zone III (EPSG:2227)
Corte Madera,corte-madera-final.csv,s2-c-green-12-b,green,C2,green,12,b,,2167059.19,5983863.447,5.690,1.734,11.16,37.9293890,-122.5034877,CA zone III (EPSG:2227)
Corte Madera,corte-madera-final.csv,s2-c-green-12-c,green,C2,green,12,c,,2167058.619,5983863.721,5.683,1.732,11.16,37.9293875,-122.5034867,CA zone III (EPSG:2227)
Corte Madera,corte-madera-final.csv,s2-c-green-18-a,green,C2,green,18,a,,2167051.062,5983845.229,5.687,1.733,17.23,37.9293656,-122.5035503,CA zone III (EPSG:2227)
Corte Madera,corte-madera-final.csv,s2-c-green-18-b,green,C2,green,18,b,,2167050.442,5983845.445,5.680,1.731,17.26,37.9293639,-122.5035495,CA zone III (EPSG:2227)
Corte Madera,corte-madera-final.csv,s2-c-green-18-c,green,C2,green,18,c,,2167049.92,5983845.839,5.668,1.728,17.22,37.9293625,-122.5035481,CA zone III (EPSG:2227)
Corte Madera,corte-madera-final.csv,s2-c-green-24-a,green,C2,green,24,a,,2167042.11,5983827.744,5.714,1.742,23.22,37.9293400,-122.5036102,CA zone III (EPSG:2227)
Corte Madera,corte-madera-final.csv,s2-c-green-24-b,green,C2,green,24,b,,2167041.445,5983828.073,5.724,1.745,23.22,37.9293382,-122.5036090,CA zone III (EPSG:2227)
Corte Madera,corte-madera-final.csv,s2-c-green-24-c,green,C2,green,24,c,,2167040.842,5983828.359,5.739,1.749,23.22,37.9293366,-122.5036080,CA zone III (EPSG:2227)
Corte Madera,corte-madera-final.csv,s2-c-green-48-a,green,C2,green,48,a,,2167005.926,5983757.525,5.684,1.732,47.29,37.9292365,-122.5038509,CA zone III (EPSG:2227)
Corte Madera,corte-madera-final.csv,s2-c-green-48-b,green,C2,green,48,b,,2167005.335,5983757.805,5.737,1.749,47.30,37.9292349,-122.5038499,CA zone III (EPSG:2227)
Corte Madera,corte-madera-final.csv,s2-c-green-48-c,green,C2,green,48,c,,2167004.689,5983758.042,5.757,1.755,47.32,37.9292332,-122.5038490,CA zone III (EPSG:2227)
Corte Madera,corte-madera-final.csv,s1-c-ep-1,ep,C1,elevation profile,,,1,2167190.616,5983841.82,2.621,0.799,-3.36,37.9297486,-122.5035724,CA zone III (EPSG:2227)
Corte Madera,corte-madera-final.csv,s1-c-ep-2,ep,C1,elevation profile,,,2,2167189.859,5983840.693,2.645,0.806,-2.96,37.9297464,-122.5035763,CA zone III (EPSG:2227)
Corte Madera,corte-madera-final.csv,s1-c-ep-3,ep,C1,elevation profile,,,3,2167189.298,5983839.918,2.599,0.792,-2.68,37.9297449,-122.5035789,CA zone III (EPSG:2227)
Corte Madera,corte-madera-final.csv,s1-c-ep-4,ep,C1,elevation profile,,,4,2167188.996,5983838.755,2.813,0.857,-2.31,37.9297440,-122.5035829,CA zone III (EPSG:2227)
Corte Madera,corte-madera-final.csv,s1-c-ep-5,ep,C1,elevation profile,,,5,2167188.723,5983838.173,4.786,1.459,-2.12,37.9297432,-122.5035849,CA zone III (EPSG:2227)
Corte Madera,corte-madera-final.csv,s1-c-ep-6,ep,C1,elevation profile,,,6,2167187.781,5983836.194,5.441,1.658,-1.45,37.9297405,-122.5035917,CA zone III (EPSG:2227)
Corte Madera,corte-madera-final.csv,s1-c-ep-7,ep,C1,elevation profile,,,7,2167186.913,5983834.143,5.525,1.684,-0.77,37.9297380,-122.5035988,CA zone III (EPSG:2227)
Corte Madera,corte-madera-final.csv,s1-c-ep-8,ep,C1,elevation profile,,,8,2167186.296,5983832.483,5.583,1.702,-0.23,37.9297362,-122.5036045,CA zone III (EPSG:2227)
Corte Madera,corte-madera-final.csv,s1-c-ep-9,ep,C1,elevation profile,,,9,2167185.843,5983830.796,5.549,1.691,0.30,37.9297348,-122.5036103,CA zone III (EPSG:2227)
Corte Madera,corte-madera-final.csv,s1-c-ep-10,ep,C1,elevation profile,,,10,2167184.563,5983828.206,5.588,1.703,1.17,37.9297312,-122.5036192,CA zone III (EPSG:2227)
Corte Madera,corte-madera-final.csv,s1-c-ep-11,ep,C1,elevation profile,,,11,2167182.489,5983823.855,5.594,1.705,2.64,37.9297252,-122.5036341,CA zone III (EPSG:2227)
Corte Madera,corte-madera-final.csv,s1-c-ep-12,ep,C1,elevation profile,,,12,2167181.184,5983820.415,5.558,1.694,3.76,37.9297214,-122.5036459,CA zone III (EPSG:2227)
Corte Madera,corte-madera-final.csv,s1-c-ep-13,ep,C1,elevation profile,,,13,2167180.46,5983816.665,5.617,1.712,4.91,37.9297192,-122.5036589,CA zone III (EPSG:2227)
Corte Madera,corte-madera-final.csv,s1-c-ep-14,ep,C1,elevation profile,,,14,2167179.628,5983812.922,5.584,1.702,6.06,37.9297167,-122.5036718,CA zone III (EPSG:2227)
Corte Madera,corte-madera-final.csv,s1-c-ep-15,ep,C1,elevation profile,,,15,2167177.927,5983809.642,5.581,1.701,7.18,37.9297119,-122.5036830,CA zone III (EPSG:2227)
Corte Madera,corte-madera-final.csv,s1-c-ep-16,ep,C1,elevation profile,,,16,2167176.55,5983805.524,5.587,1.703,8.50,37.9297078,-122.5036972,CA zone III (EPSG:2227)
Corte Madera,corte-madera-final.csv,s1-c-ep-17,ep,C1,elevation profile,,,17,2167175.259,5983801.855,5.647,1.721,9.69,37.9297041,-122.5037098,CA zone III (EPSG:2227)
Corte Madera,corte-madera-final.csv,s1-c-ep-18,ep,C1,elevation profile,,,18,2167173.844,5983797.958,5.547,1.691,10.95,37.9297000,-122.5037232,CA zone III (EPSG:2227)
Corte Madera,corte-madera-final.csv,s1-c-ep-19,ep,C1,elevation profile,,,19,2167172.179,5983793.145,5.627,1.715,12.50,37.9296951,-122.5037398,CA zone III (EPSG:2227)
Corte Madera,corte-madera-final.csv,s1-c-ep-20,ep,C1,elevation profile,,,20,2167170.425,5983788.874,5.651,1.722,13.91,37.9296900,-122.5037545,CA zone III (EPSG:2227)
Corte Madera,corte-madera-final.csv,s1-c-ep-21,ep,C1,elevation profile,,,21,2167168.909,5983785.02,5.672,1.729,15.17,37.9296856,-122.5037677,CA zone III (EPSG:2227)
Corte Madera,corte-madera-final.csv,s1-c-ep-22,ep,C1,elevation profile,,,22,2167167.068,5983780.213,5.622,1.714,16.74,37.9296803,-122.5037842,CA zone III (EPSG:2227)
Corte Madera,corte-madera-final.csv,s1-c-ep-23,ep,C1,elevation profile,,,23,2167166.351,5983777.871,5.577,1.700,17.49,37.9296782,-122.5037923,CA zone III (EPSG:2227)
Corte Madera,corte-madera-final.csv,s1-c-ep-24,ep,C1,elevation profile,,,24,2167164.766,5983773.302,5.563,1.696,18.96,37.9296736,-122.5038080,CA zone III (EPSG:2227)
Corte Madera,corte-madera-final.csv,s1-c-ep-25,ep,C1,elevation profile,,,25,2167163.412,5983770.284,5.605,1.708,19.97,37.9296697,-122.5038184,CA zone III (EPSG:2227)
Corte Madera,corte-madera-final.csv,s1-c-ep-26,ep,C1,elevation profile,,,26,2167162.024,5983766.704,5.743,1.750,21.14,37.9296657,-122.5038307,CA zone III (EPSG:2227)
Corte Madera,corte-madera-final.csv,s1-c-ep-27,ep,C1,elevation profile,,,27,2167160.911,5983762.714,5.791,1.765,22.40,37.9296624,-122.5038444,CA zone III (EPSG:2227)
Corte Madera,corte-madera-final.csv,s1-c-ep-28,ep,C1,elevation profile,,,28,2167159.67,5983759.58,5.804,1.769,23.42,37.9296588,-122.5038552,CA zone III (EPSG:2227)
Corte Madera,corte-madera-final.csv,s1-c-ep-29,ep,C1,elevation profile,,,29,2167158.334,5983755.433,5.665,1.727,24.75,37.9296549,-122.5038695,CA zone III (EPSG:2227)
Corte Madera,corte-madera-final.csv,s1-c-ep-30,ep,C1,elevation profile,,,30,2167157.084,5983751.388,5.646,1.721,26.04,37.9296512,-122.5038834,CA zone III (EPSG:2227)
Corte Madera,corte-madera-final.csv,s1-c-ep-31,ep,C1,elevation profile,,,31,2167155.703,5983747.905,5.766,1.757,27.18,37.9296472,-122.5038954,CA zone III (EPSG:2227)
Corte Madera,corte-madera-final.csv,s1-c-ep-32,ep,C1,elevation profile,,,32,2167154.681,5983745.826,5.424,1.653,27.88,37.9296443,-122.5039025,CA zone III (EPSG:2227)
Corte Madera,corte-madera-final.csv,s1-c-ep-33,ep,C1,elevation profile,,,33,2167153.128,5983741.711,5.769,1.758,29.22,37.9296398,-122.5039167,CA zone III (EPSG:2227)
Corte Madera,corte-madera-final.csv,s1-c-ep-34,ep,C1,elevation profile,,,34,2167151.553,5983737.535,5.788,1.764,30.58,37.9296352,-122.5039310,CA zone III (EPSG:2227)
Corte Madera,corte-madera-final.csv,s1-c-ep-35,ep,C1,elevation profile,,,35,2167149.66,5983733.007,5.824,1.775,32.08,37.9296297,-122.5039466,CA zone III (EPSG:2227)
Corte Madera,corte-madera-final.csv,s1-c-ep-36,ep,C1,elevation profile,,,36,2167147.516,5983727.959,5.862,1.787,33.75,37.9296236,-122.5039639,CA zone III (EPSG:2227)
Corte Madera,corte-madera-final.csv,s1-c-ep-37,ep,C1,elevation profile,,,37,2167144.479,5983722.182,5.864,1.787,35.72,37.9296149,-122.5039837,CA zone III (EPSG:2227)
Corte Madera,corte-madera-final.csv,s1-c-ep-38,ep,C1,elevation profile,,,38,2167143.322,5983718.724,5.864,1.787,36.83,37.9296115,-122.5039956,CA zone III (EPSG:2227)
Corte Madera,corte-madera-final.csv,s1-c-ep-39,ep,C1,elevation profile,,,39,2167141.294,5983714.073,5.838,1.779,38.38,37.9296057,-122.5040116,CA zone III (EPSG:2227)
Corte Madera,corte-madera-final.csv,s1-c-ep-40,ep,C1,elevation profile,,,40,2167139.601,5983709.65,5.852,1.784,39.82,37.9296007,-122.5040268,CA zone III (EPSG:2227)
Corte Madera,corte-madera-final.csv,s1-c-ep-41,ep,C1,elevation profile,,,41,2167137.219,5983706.433,5.871,1.789,40.99,37.9295940,-122.5040378,CA zone III (EPSG:2227)
Corte Madera,corte-madera-final.csv,s1-c-ep-42,ep,C1,elevation profile,,,42,2167136.033,5983701.768,5.845,1.782,42.45,37.9295905,-122.5040539,CA zone III (EPSG:2227)
Corte Madera,corte-madera-final.csv,s1-c-ep-43,ep,C1,elevation profile,,,43,2167134.387,5983696.782,5.830,1.777,44.05,37.9295857,-122.5040710,CA zone III (EPSG:2227)
Corte Madera,corte-madera-final.csv,s1-c-ep-44,ep,C1,elevation profile,,,44,2167133.656,5983692.637,5.795,1.766,45.31,37.9295834,-122.5040853,CA zone III (EPSG:2227)
Corte Madera,corte-madera-final.csv,s1-c-ep-45,ep,C1,elevation profile,,,45,2167133.13,5983689.31,5.808,1.770,46.32,37.9295818,-122.5040968,CA zone III (EPSG:2227)
Corte Madera,corte-madera-final.csv,s1-c-ep-46,ep,C1,elevation profile,,,46,2167130.842,5983685.141,5.293,1.613,47.75,37.9295753,-122.5041111,CA zone III (EPSG:2227)
Corte Madera,corte-madera-final.csv,s1-c-ep-47,ep,C1,elevation profile,,,47,2167129.854,5983682.628,5.774,1.760,48.57,37.9295724,-122.5041198,CA zone III (EPSG:2227)
Corte Madera,corte-madera-final.csv,s1-c-ep-48,ep,C1,elevation profile,,,48,2167127.75,5983678.663,5.840,1.780,49.93,37.9295664,-122.5041333,CA zone III (EPSG:2227)
Corte Madera,corte-madera-final.csv,s1-c-ep-49,ep,C1,elevation profile,,,49,2167127.632,5983678.831,5.762,1.756,49.90,37.9295661,-122.5041327,CA zone III (EPSG:2227)
Corte Madera,corte-madera-final.csv,s1-c-ep-50,ep,C1,elevation profile,,,50,2167125.822,5983674.704,5.695,1.736,51.27,37.9295609,-122.5041469,CA zone III (EPSG:2227)
Corte Madera,corte-madera-final.csv,s1-c-ep-51,ep,C1,elevation profile,,,51,2167124.607,5983671.906,5.725,1.745,52.20,37.9295574,-122.5041565,CA zone III (EPSG:2227)
Corte Madera,corte-madera-final.csv,s1-c-ep-52,ep,C1,elevation profile,,,52,2167122.109,5983666.914,5.588,1.703,53.89,37.9295502,-122.5041736,CA zone III (EPSG:2227)
Corte Madera,corte-madera-final.csv,s1-c-ep-53,ep,C1,elevation profile,,,53,2167118.837,5983661.177,5.647,1.721,55.88,37.9295409,-122.5041933,CA zone III (EPSG:2227)
Corte Madera,corte-madera-final.csv,s1-c-ep-54,ep,C1,elevation profile,,,54,2167116.932,5983657.95,5.666,1.727,57.00,37.9295355,-122.5042043,CA zone III (EPSG:2227)
Corte Madera,corte-madera-final.csv,s1-c-ep-55,ep,C1,elevation profile,,,55,2167114.642,5983654.569,5.666,1.727,58.21,37.9295290,-122.5042159,CA zone III (EPSG:2227)
Corte Madera,corte-madera-final.csv,s1-c-ep-56,ep,C1,elevation profile,,,56,2167111.278,5983650.804,5.691,1.735,59.64,37.9295195,-122.5042287,CA zone III (EPSG:2227)
Corte Madera,corte-madera-final.csv,s1-c-ep-57,ep,C1,elevation profile,,,57,2167109.254,5983647.31,5.708,1.740,60.86,37.9295138,-122.5042406,CA zone III (EPSG:2227)
Corte Madera,corte-madera-final.csv,s1-c-ep-58,ep,C1,elevation profile,,,58,2167107.663,5983643.69,5.696,1.736,62.06,37.9295092,-122.5042531,CA zone III (EPSG:2227)
Corte Madera,corte-madera-final.csv,s1-c-ep-59,ep,C1,elevation profile,,,59,2167105.941,5983640.831,5.645,1.721,63.06,37.9295043,-122.5042629,CA zone III (EPSG:2227)
Corte Madera,corte-madera-final.csv,s1-c-ep-60,ep,C1,elevation profile,,,60,2167103.093,5983636.558,5.623,1.714,64.59,37.9294962,-122.5042775,CA zone III (EPSG:2227)
Corte Madera,corte-madera-final.csv,s1-c-ep-61,ep,C1,elevation profile,,,61,2167099.242,5983631.181,5.612,1.711,66.53,37.9294853,-122.5042958,CA zone III (EPSG:2227)
Corte Madera,corte-madera-final.csv,s1-c-ep-62,ep,C1,elevation profile,,,62,2167096.802,5983626.938,5.625,1.715,68.00,37.9294784,-122.5043103,CA zone III (EPSG:2227)
Corte Madera,corte-madera-final.csv,s1-c-ep-63,ep,C1,elevation profile,,,63,2167094.814,5983622.29,5.603,1.708,69.54,37.9294726,-122.5043263,CA zone III (EPSG:2227)
Corte Madera,corte-madera-final.csv,s1-c-ep-64,ep,C1,elevation profile,,,64,2167091.716,5983617.931,5.630,1.716,71.12,37.9294639,-122.5043412,CA zone III (EPSG:2227)
Corte Madera,corte-madera-final.csv,s2-c-ep-1,ep,C2,elevation profile,,,1,2167082.645,5983901.773,1.964,0.599,-2.50,37.9294557,-122.5033566,CA zone III (EPSG:2227)
Corte Madera,corte-madera-final.csv,s2-c-ep-2,ep,C2,elevation profile,,,2,2167081.952,5983900.974,2.117,0.645,-2.19,37.9294537,-122.5033593,CA zone III (EPSG:2227)
Corte Madera,corte-madera-final.csv,s2-c-ep-3,ep,C2,elevation profile,,,3,2167081.465,5983900.736,2.192,0.668,-2.05,37.9294524,-122.5033601,CA zone III (EPSG:2227)
Corte Madera,corte-madera-final.csv,s2-c-ep-4,ep,C2,elevation profile,,,4,2167081.001,5983900.126,4.151,1.265,-1.82,37.9294511,-122.5033622,CA zone III (EPSG:2227)
Corte Madera,corte-madera-final.csv,s2-c-ep-5,ep,C2,elevation profile,,,5,2167080.391,5983899.319,4.576,1.395,-1.52,37.9294493,-122.5033649,CA zone III (EPSG:2227)
Corte Madera,corte-madera-final.csv,s2-c-ep-6,ep,C2,elevation profile,,,6,2167079.811,5983898.761,5.090,1.551,-1.29,37.9294477,-122.5033668,CA zone III (EPSG:2227)
Corte Madera,corte-madera-final.csv,s2-c-ep-7,ep,C2,elevation profile,,,7,2167078.947,5983897.215,5.371,1.637,-0.75,37.9294452,-122.5033721,CA zone III (EPSG:2227)
Corte Madera,corte-madera-final.csv,s2-c-ep-8,ep,C2,elevation profile,,,8,2167077.468,5983895.449,5.479,1.670,-0.06,37.9294411,-122.5033781,CA zone III (EPSG:2227)
Corte Madera,corte-madera-final.csv,s2-c-ep-9,ep,C2,elevation profile,,,9,2167076.186,5983893.25,5.551,1.692,0.71,37.9294374,-122.5033857,CA zone III (EPSG:2227)
Corte Madera,corte-madera-final.csv,s2-c-ep-10,ep,C2,elevation profile,,,10,2167074.379,5983890.342,5.588,1.703,1.75,37.9294323,-122.5033956,CA zone III (EPSG:2227)
Corte Madera,corte-madera-final.csv,s2-c-ep-11,ep,C2,elevation profile,,,11,2167073.019,5983887.315,5.686,1.733,2.76,37.9294284,-122.5034060,CA zone III (EPSG:2227)
Corte Madera,corte-madera-final.csv,s2-c-ep-12,ep,C2,elevation profile,,,12,2167071.323,5983883.764,5.684,1.732,3.96,37.9294235,-122.5034182,CA zone III (EPSG:2227)
Corte Madera,corte-madera-final.csv,s2-c-ep-13,ep,C2,elevation profile,,,13,2167070.443,5983880.053,5.656,1.724,5.09,37.9294209,-122.5034310,CA zone III (EPSG:2227)
Corte Madera,corte-madera-final.csv,s2-c-ep-14,ep,C2,elevation profile,,,14,2167068.344,5983876.48,5.654,1.723,6.35,37.9294149,-122.5034432,CA zone III (EPSG:2227)
Corte Madera,corte-madera-final.csv,s2-c-ep-15,ep,C2,elevation profile,,,15,2167066.708,5983874.139,5.684,1.732,7.21,37.9294103,-122.5034512,CA zone III (EPSG:2227)
Corte Madera,corte-madera-final.csv,s2-c-ep-16,ep,C2,elevation profile,,,16,2167065.196,5983871.68,5.666,1.727,8.09,37.9294060,-122.5034596,CA zone III (EPSG:2227)
Corte Madera,corte-madera-final.csv,s2-c-ep-17,ep,C2,elevation profile,,,17,2167063.703,5983868.718,5.678,1.731,9.10,37.9294017,-122.5034698,CA zone III (EPSG:2227)
Corte Madera,corte-madera-final.csv,s2-c-ep-18,ep,C2,elevation profile,,,18,2167062.746,5983865.722,5.709,1.740,10.05,37.9293989,-122.5034801,CA zone III (EPSG:2227)
Corte Madera,corte-madera-final.csv,s2-c-ep-19,ep,C2,elevation profile,,,19,2167061.221,5983862.562,5.658,1.725,11.12,37.9293945,-122.5034909,CA zone III (EPSG:2227)
Corte Madera,corte-madera-final.csv,s2-c-ep-20,ep,C2,elevation profile,,,20,2167059.362,5983858.509,5.692,1.735,12.47,37.9293892,-122.5035049,CA zone III (EPSG:2227)
Corte Madera,corte-madera-final.csv,s2-c-ep-21,ep,C2,elevation profile,,,21,2167057.834,5983856.431,5.659,1.725,13.25,37.9293849,-122.5035119,CA zone III (EPSG:2227)
Corte Madera,corte-madera-final.csv,s2-c-ep-22,ep,C2,elevation profile,,,22,2167055.861,5983852.895,5.658,1.725,14.48,37.9293793,-122.5035241,CA zone III (EPSG:2227)
Corte Madera,corte-madera-final.csv,s2-c-ep-23,ep,C2,elevation profile,,,23,2167053.963,5983849.622,5.677,1.730,15.63,37.9293738,-122.5035353,CA zone III (EPSG:2227)
Corte Madera,corte-madera-final.csv,s2-c-ep-24,ep,C2,elevation profile,,,24,2167053.014,5983846.969,5.696,1.736,16.49,37.9293711,-122.5035444,CA zone III (EPSG:2227)
Corte Madera,corte-madera-final.csv,s2-c-ep-25,ep,C2,elevation profile,,,25,2167050.308,5983840.751,5.722,1.744,18.55,37.9293633,-122.5035657,CA zone III (EPSG:2227)
Corte Madera,corte-madera-final.csv,s2-c-ep-26,ep,C2,elevation profile,,,26,2167049.002,5983838.019,5.740,1.750,19.47,37.9293595,-122.5035751,CA zone III (EPSG:2227)
Corte Madera,corte-madera-final.csv,s2-c-ep-27,ep,C2,elevation profile,,,27,2167046.613,5983833.848,5.750,1.753,20.93,37.9293527,-122.5035894,CA zone III (EPSG:2227)
Corte Madera,corte-madera-final.csv,s2-c-ep-28,ep,C2,elevation profile,,,28,2167044.89,5983829.595,5.712,1.741,22.33,37.9293478,-122.5036040,CA zone III (EPSG:2227)
Corte Madera,corte-madera-final.csv,s2-c-ep-29,ep,C2,elevation profile,,,29,2167043.897,5983826.922,5.725,1.745,23.19,37.9293449,-122.5036132,CA zone III (EPSG:2227)
Corte Madera,corte-madera-final.csv,s2-c-ep-30,ep,C2,elevation profile,,,30,2167042.022,5983823.53,5.744,1.751,24.37,37.9293395,-122.5036248,CA zone III (EPSG:2227)
Corte Madera,corte-madera-final.csv,s2-c-ep-31,ep,C2,elevation profile,,,31,2167039.833,5983819.661,5.756,1.754,25.73,37.9293333,-122.5036381,CA zone III (EPSG:2227)
Corte Madera,corte-madera-final.csv,s2-c-ep-32,ep,C2,elevation profile,,,32,2167037.714,5983816.006,5.748,1.752,27.01,37.9293273,-122.5036506,CA zone III (EPSG:2227)
Corte Madera,corte-madera-final.csv,s2-c-ep-33,ep,C2,elevation profile,,,33,2167035.526,5983812.054,5.748,1.752,28.39,37.9293210,-122.5036641,CA zone III (EPSG:2227)
Corte Madera,corte-madera-final.csv,s2-c-ep-34,ep,C2,elevation profile,,,34,2167033.44,5983809.313,5.682,1.732,29.42,37.9293151,-122.5036735,CA zone III (EPSG:2227)
Corte Madera,corte-madera-final.csv,s2-c-ep-35,ep,C2,elevation profile,,,35,2167031.53,5983805.641,5.625,1.715,30.68,37.9293097,-122.5036860,CA zone III (EPSG:2227)
Corte Madera,corte-madera-final.csv,s2-c-ep-36,ep,C2,elevation profile,,,36,2167029.174,5983800.944,5.758,1.755,32.28,37.9293029,-122.5037022,CA zone III (EPSG:2227)
Corte Madera,corte-madera-final.csv,s2-c-ep-37,ep,C2,elevation profile,,,37,2167027.206,5983797.17,5.777,1.761,33.58,37.9292973,-122.5037151,CA zone III (EPSG:2227)
Corte Madera,corte-madera-final.csv,s2-c-ep-38,ep,C2,elevation profile,,,38,2167024.605,5983792.3,5.725,1.745,35.26,37.9292899,-122.5037318,CA zone III (EPSG:2227)
Corte Madera,corte-madera-final.csv,s2-c-ep-39,ep,C2,elevation profile,,,39,2167021.888,5983787.586,5.706,1.739,36.92,37.9292821,-122.5037479,CA zone III (EPSG:2227)
Corte Madera,corte-madera-final.csv,s2-c-ep-40,ep,C2,elevation profile,,,40,2167019.857,5983782.54,5.703,1.738,38.57,37.9292763,-122.5037653,CA zone III (EPSG:2227)
Corte Madera,corte-madera-final.csv,s2-c-ep-41,ep,C2,elevation profile,,,41,2167017.074,5983777.351,5.642,1.720,40.37,37.9292683,-122.5037830,CA zone III (EPSG:2227)
Corte Madera,corte-madera-final.csv,s2-c-ep-42,ep,C2,elevation profile,,,42,2167015.044,5983772.607,5.630,1.716,41.93,37.9292625,-122.5037993,CA zone III (EPSG:2227)
Corte Madera,corte-madera-final.csv,s2-c-ep-43,ep,C2,elevation profile,,,43,2167012.936,5983769.177,5.728,1.746,43.16,37.9292565,-122.5038111,CA zone III (EPSG:2227)
Corte Madera,corte-madera-final.csv,s2-c-ep-44,ep,C2,elevation profile,,,44,2167011.023,5983765.942,5.725,1.745,44.30,37.9292510,-122.5038221,CA zone III (EPSG:2227)
Corte Madera,corte-madera-final.csv,s2-c-ep-45,ep,C2,elevation profile,,,45,2167009.15,5983762.388,5.696,1.736,45.53,37.9292457,-122.5038343,CA zone III (EPSG:2227)
Corte Madera,corte-madera-final.csv,s2-c-ep-46,ep,C2,elevation profile,,,46,2167007.838,5983758.476,5.579,1.700,46.77,37.9292418,-122.5038478,CA zone III (EPSG:2227)
Corte Madera,corte-madera-final.csv,s2-c-ep-47,ep,C2,elevation profile,,,47,2167005.927,5983754.115,5.717,1.743,48.22,37.9292363,-122.5038628,CA zone III (EPSG:2227)
Corte Madera,corte-madera-final.csv,s2-c-ep-48,ep,C2,elevation profile,,,48,2167003.841,5983751.09,5.602,1.707,49.33,37.9292304,-122.5038731,CA zone III (EPSG:2227)
Corte Madera,corte-madera-final.csv,s2-c-ep-49,ep,C2,elevation profile,,,49,2167001.33,5983746.039,5.661,1.725,51.05,37.9292232,-122.5038904,CA zone III (EPSG:2227)
Corte Madera,corte-madera-final.csv,s2-c-ep-50,ep,C2,elevation profile,,,50,2166999.615,5983742.571,5.577,1.700,52.23,37.9292183,-122.5039023,CA zone III (EPSG:2227)
Corte Madera,corte-madera-final.csv,s2-c-ep-51,ep,C2,elevation profile,,,51,2166996.909,5983739.599,5.703,1.738,53.41,37.9292107,-122.5039124,CA zone III (EPSG:2227)
Corte Madera,corte-madera-final.csv,s2-c-ep-52,ep,C2,elevation profile,,,52,2166993.078,5983736.109,5.698,1.737,54.89,37.9292000,-122.5039242,CA zone III (EPSG:2227)
Corte Madera,corte-madera-final.csv,s2-c-ep-53,ep,C2,elevation profile,,,53,2166991.13,5983731.612,5.762,1.756,56.38,37.9291944,-122.5039397,CA zone III (EPSG:2227)
Corte Madera,corte-madera-final.csv,s2-c-ep-54,ep,C2,elevation profile,,,54,2166988.38,5983726.107,5.739,1.749,58.25,37.9291865,-122.5039585,CA zone III (EPSG:2227)
Corte Madera,corte-madera-final.csv,s2-c-ep-55,ep,C2,elevation profile,,,55,2166987.356,5983722.349,5.659,1.725,59.42,37.9291835,-122.5039715,CA zone III (EPSG:2227)
Corte Madera,corte-madera-final.csv,s2-c-ep-56,ep,C2,elevation profile,,,56,2166985.032,5983717.117,5.707,1.739,61.16,37.9291768,-122.5039894,CA zone III (EPSG:2227)
Corte Madera,corte-madera-final.csv,s2-c-ep-57,ep,C2,elevation profile,,,57,2166983.383,5983711.813,5.870,1.789,62.83,37.9291720,-122.5040077,CA zone III (EPSG:2227)
Corte Madera,corte-madera-final.csv,s2-c-ep-58,ep,C2,elevation profile,,,58,2166981.608,5983709.179,5.740,1.750,63.79,37.9291669,-122.5040167,CA zone III (EPSG:2227)
Corte Madera,corte-madera-final.csv,s2-c-ep-59,ep,C2,elevation profile,,,59,2166978.388,5983705.046,5.634,1.717,65.36,37.9291578,-122.5040308,CA zone III (EPSG:2227)
Corte Madera,corte-madera-final.csv,s2-c-ep-60,ep,C2,elevation profile,,,60,2166976.374,5983699.9,5.805,1.769,67.03,37.9291520,-122.5040485,CA zone III (EPSG:2227)
Corte Madera,corte-madera-final.csv,s2-c-ep-61,ep,C2,elevation profile,,,61,2166973.979,5983696.387,5.773,1.760,68.32,37.9291452,-122.5040605,CA zone III (EPSG:2227)
Corte Madera,corte-madera-final.csv,s2-c-ep-62,ep,C2,elevation profile,,,62,2166972.026,5983691.567,5.904,1.800,69.90,37.9291396,-122.5040770,CA zone III (EPSG:2227)
Corte Madera,corte-madera-final.csv,s2-c-ep-63,ep,C2,elevation profile,,,63,2166971.65,5983688.969,5.845,1.782,70.65,37.9291384,-122.5040860,CA zone III (EPSG:2227)
Corte Madera,corte-madera-final.csv,RTCM0000,base,,base,,,,2152698.011,5999689.727,38.671,11.787,,37.8908756,-122.4475912,CA zone III (EPSG:2227)
Corte Madera,corte-madera-final.csv,edge-1,edge,,marsh edge,,,,2167188.524,5983838.348,5.281,1.610,,37.9297426,-122.5035843,CA zone III (EPSG:2227)
Corte Madera,corte-madera-final.csv,edge-2,edge,,marsh edge,,,,2167187.218,5983838.919,5.280,1.609,,37.9297391,-122.5035822,CA zone III (EPSG:2227)
Corte Madera,corte-madera-final.csv,edge-3,edge,,marsh edge,,,,2167186.4,5983838.93,5.335,1.626,,37.9297368,-122.5035821,CA zone III (EPSG:2227)
Corte Madera,corte-madera-final.csv,edge-4,edge,,marsh edge,,,,2167186.652,5983839.979,5.133,1.565,,37.9297376,-122.5035785,CA zone III (EPSG:2227)
Corte Madera,corte-madera-final.csv,edge-5,edge,,marsh edge,,,,2167186.479,5983840.928,4.941,1.506,,37.9297372,-122.5035752,CA zone III (EPSG:2227)
Corte Madera,corte-madera-final.csv,edge-6,edge,,marsh edge,,,,2167185.793,5983842.221,4.841,1.476,,37.9297354,-122.5035707,CA zone III (EPSG:2227)
Corte Madera,corte-madera-final.csv,edge-7,edge,,marsh edge,,,,2167184.805,5983843.396,4.928,1.502,,37.9297327,-122.5035665,CA zone III (EPSG:2227)
Corte Madera,corte-madera-final.csv,edge-8,edge,,marsh edge,,,,2167183.894,5983846.103,4.805,1.465,,37.9297304,-122.5035571,CA zone III (EPSG:2227)
Corte Madera,corte-madera-final.csv,edge-9,edge,,marsh edge,,,,2167182.215,5983847.928,5.059,1.542,,37.9297259,-122.5035506,CA zone III (EPSG:2227)
Corte Madera,corte-madera-final.csv,edge-10,edge,,marsh edge,,,,2167180.832,5983848.277,5.153,1.571,,37.9297221,-122.5035493,CA zone III (EPSG:2227)
Corte Madera,corte-madera-final.csv,edge-11,edge,,marsh edge,,,,2167180.403,5983849.548,4.911,1.497,,37.9297210,-122.5035449,CA zone III (EPSG:2227)
Corte Madera,corte-madera-final.csv,edge-12,edge,,marsh edge,,,,2167180.676,5983851.325,4.277,1.304,,37.9297219,-122.5035388,CA zone III (EPSG:2227)
Corte Madera,corte-madera-final.csv,edge-13,edge,,marsh edge,,,,2167179.311,5983852.618,4.668,1.423,,37.9297182,-122.5035342,CA zone III (EPSG:2227)
Corte Madera,corte-madera-final.csv,edge-14,edge,,marsh edge,,,,2167176.81,5983853.797,5.045,1.538,,37.9297114,-122.5035299,CA zone III (EPSG:2227)
Corte Madera,corte-madera-final.csv,edge-15,edge,,marsh edge,,,,2167175.396,5983855.33,4.914,1.498,,37.9297076,-122.5035245,CA zone III (EPSG:2227)
Corte Madera,corte-madera-final.csv,edge-16,edge,,marsh edge,,,,2167173.555,5983854.911,5.126,1.562,,37.9297025,-122.5035258,CA zone III (EPSG:2227)
Corte Madera,corte-madera-final.csv,edge-17,edge,,marsh edge,,,,2167172.461,5983855.728,5.154,1.571,,37.9296996,-122.5035229,CA zone III (EPSG:2227)
Corte Madera,corte-madera-final.csv,edge-18,edge,,marsh edge,,,,2167172.867,5983856.829,5.119,1.560,,37.9297007,-122.5035191,CA zone III (EPSG:2227)
Corte Madera,corte-madera-final.csv,edge-19,edge,,marsh edge,,,,2167171.417,5983858.738,5.026,1.532,,37.9296969,-122.5035124,CA zone III (EPSG:2227)
Corte Madera,corte-madera-final.csv,edge-20,edge,,marsh edge,,,,2167172.491,5983860.277,4.377,1.334,,37.9296999,-122.5035071,CA zone III (EPSG:2227)
Corte Madera,corte-madera-final.csv,edge-21,edge,,marsh edge,,,,2167171.019,5983861.142,4.396,1.340,,37.9296959,-122.5035040,CA zone III (EPSG:2227)
Corte Madera,corte-madera-final.csv,edge-22,edge,,marsh edge,,,,2167171.783,5983862.926,3.895,1.187,,37.9296981,-122.5034979,CA zone III (EPSG:2227)
Corte Madera,corte-madera-final.csv,edge-23,edge,,marsh edge,,,,2167168.889,5983862.766,4.440,1.353,,37.9296902,-122.5034982,CA zone III (EPSG:2227)
Corte Madera,corte-madera-final.csv,edge-24,edge,,marsh edge,,,,2167167.392,5983862.894,4.624,1.409,,37.9296861,-122.5034977,CA zone III (EPSG:2227)
Corte Madera,corte-madera-final.csv,edge-25,edge,,marsh edge,,,,2167164.937,5983861.773,4.772,1.455,,37.9296793,-122.5035014,CA zone III (EPSG:2227)
Corte Madera,corte-madera-final.csv,edge-26,edge,,marsh edge,,,,2167163.256,5983861.405,4.636,1.413,,37.9296746,-122.5035025,CA zone III (EPSG:2227)
Corte Madera,corte-madera-final.csv,edge-27,edge,,marsh edge,,,,2167162.344,5983858.695,5.240,1.597,,37.9296720,-122.5035119,CA zone III (EPSG:2227)
Corte Madera,corte-madera-final.csv,edge-28,edge,,marsh edge,,,,2167160.085,5983859.02,5.153,1.571,,37.9296658,-122.5035106,CA zone III (EPSG:2227)
Corte Madera,corte-madera-final.csv,edge-29,edge,,marsh edge,,,,2167158.18,5983857.595,5.000,1.524,,37.9296605,-122.5035154,CA zone III (EPSG:2227)
Corte Madera,corte-madera-final.csv,edge-30,edge,,marsh edge,,,,2167158.989,5983855.45,5.477,1.669,,37.9296626,-122.5035228,CA zone III (EPSG:2227)
Corte Madera,corte-madera-final.csv,edge-31,edge,,marsh edge,,,,2167156.93,5983853.022,5.315,1.620,,37.9296568,-122.5035311,CA zone III (EPSG:2227)
Corte Madera,corte-madera-final.csv,edge-32,edge,,marsh edge,,,,2167155.313,5983851.335,5.689,1.734,,37.9296522,-122.5035368,CA zone III (EPSG:2227)
Corte Madera,corte-madera-final.csv,edge-33,edge,,marsh edge,,,,2167154.441,5983853.269,5.540,1.689,,37.9296499,-122.5035301,CA zone III (EPSG:2227)
Corte Madera,corte-madera-final.csv,edge-34,edge,,marsh edge,,,,2167152.409,5983854.621,5.488,1.673,,37.9296444,-122.5035252,CA zone III (EPSG:2227)
Corte Madera,corte-madera-final.csv,edge-35,edge,,marsh edge,,,,2167150.633,5983857.292,5.118,1.560,,37.9296397,-122.5035158,CA zone III (EPSG:2227)
Corte Madera,corte-madera-final.csv,edge-36,edge,,marsh edge,,,,2167147.887,5983857.582,4.836,1.474,,37.9296322,-122.5035146,CA zone III (EPSG:2227)
Corte Madera,corte-madera-final.csv,edge-37,edge,,marsh edge,,,,2167143.3,5983856.348,5.291,1.613,,37.9296195,-122.5035186,CA zone III (EPSG:2227)
Corte Madera,corte-madera-final.csv,edge-38,edge,,marsh edge,,,,2167139.103,5983855.884,5.008,1.526,,37.9296080,-122.5035199,CA zone III (EPSG:2227)
Corte Madera,corte-madera-final.csv,edge-39,edge,,marsh edge,,,,2167136.689,5983854.346,5.467,1.666,,37.9296013,-122.5035250,CA zone III (EPSG:2227)
Corte Madera,corte-madera-final.csv,edge-40,edge,,marsh edge,,,,2167134.763,5983850.949,5.690,1.734,,37.9295958,-122.5035367,CA zone III (EPSG:2227)
Corte Madera,corte-madera-final.csv,edge-41,edge,,marsh edge,,,,2167132.935,5983850.63,5.730,1.747,,37.9295907,-122.5035376,CA zone III (EPSG:2227)
Corte Madera,corte-madera-final.csv,edge-42,edge,,marsh edge,,,,2167132.389,5983852.336,5.773,1.760,,37.9295893,-122.5035317,CA zone III (EPSG:2227)
Corte Madera,corte-madera-final.csv,edge-43,edge,,marsh edge,,,,2167133.297,5983853.815,5.603,1.708,,37.9295919,-122.5035266,CA zone III (EPSG:2227)
Corte Madera,corte-madera-final.csv,edge-44,edge,,marsh edge,,,,2167133.521,5983855.512,5.144,1.568,,37.9295926,-122.5035207,CA zone III (EPSG:2227)
Corte Madera,corte-madera-final.csv,edge-45,edge,,marsh edge,,,,2167130.91,5983856.31,5.085,1.550,,37.9295855,-122.5035178,CA zone III (EPSG:2227)
Corte Madera,corte-madera-final.csv,edge-46,edge,,marsh edge,,,,2167129.493,5983857.416,4.937,1.505,,37.9295817,-122.5035138,CA zone III (EPSG:2227)
Corte Madera,corte-madera-final.csv,edge-47,edge,,marsh edge,,,,2167127.768,5983859.242,4.917,1.499,,37.9295771,-122.5035074,CA zone III (EPSG:2227)
Corte Madera,corte-madera-final.csv,edge-48,edge,,marsh edge,,,,2167125.202,5983860.977,4.940,1.506,,37.9295701,-122.5035012,CA zone III (EPSG:2227)
Corte Madera,corte-madera-final.csv,edge-49,edge,,marsh edge,,,,2167121.892,5983862.314,5.141,1.567,,37.9295611,-122.5034963,CA zone III (EPSG:2227)
Corte Madera,corte-madera-final.csv,edge-50,edge,,marsh edge,,,,2167118.492,5983862.189,5.542,1.689,,37.9295518,-122.5034965,CA zone III (EPSG:2227)
Corte Madera,corte-madera-final.csv,edge-51,edge,,marsh edge,,,,2167116.938,5983862.958,5.566,1.697,,37.9295475,-122.5034937,CA zone III (EPSG:2227)
Corte Madera,corte-madera-final.csv,edge-52,edge,,marsh edge,,,,2167116.31,5983865.558,5.355,1.632,,37.9295460,-122.5034846,CA zone III (EPSG:2227)
Corte Madera,corte-madera-final.csv,edge-53,edge,,marsh edge,,,,2167114,5983864.659,5.372,1.637,,37.9295396,-122.5034876,CA zone III (EPSG:2227)
Corte Madera,corte-madera-final.csv,edge-54,edge,,marsh edge,,,,2167112.538,5983864.682,5.151,1.570,,37.9295356,-122.5034874,CA zone III (EPSG:2227)
Corte Madera,corte-madera-final.csv,edge-55,edge,,marsh edge,,,,2167111.863,5983863.261,5.583,1.702,,37.9295336,-122.5034923,CA zone III (EPSG:2227)
Corte Madera,corte-madera-final.csv,edge-56,edge,,marsh edge,,,,2167110.312,5983863.255,5.706,1.739,,37.9295294,-122.5034922,CA zone III (EPSG:2227)
Corte Madera,corte-madera-final.csv,edge-57,edge,,marsh edge,,,,2167109.445,5983865.267,5.564,1.696,,37.9295271,-122.5034851,CA zone III (EPSG:2227)
Corte Madera,corte-madera-final.csv,edge-58,edge,,marsh edge,,,,2167108.284,5983867.103,5.395,1.644,,37.9295240,-122.5034787,CA zone III (EPSG:2227)
Corte Madera,corte-madera-final.csv,edge-59,edge,,marsh edge,,,,2167105.874,5983869.151,5.476,1.669,,37.9295175,-122.5034714,CA zone III (EPSG:2227)
Corte Madera,corte-madera-final.csv,edge-60,edge,,marsh edge,,,,2167102.669,5983871.666,5.295,1.614,,37.9295089,-122.5034625,CA zone III (EPSG:2227)
Corte Madera,corte-madera-final.csv,edge-61,edge,,marsh edge,,,,2167099.787,5983872.935,5.339,1.627,,37.9295010,-122.5034578,CA zone III (EPSG:2227)
Corte Madera,corte-madera-final.csv,edge-62,edge,,marsh edge,,,,2167098.7,5983874.826,4.973,1.516,,37.9294982,-122.5034512,CA zone III (EPSG:2227)
Corte Madera,corte-madera-final.csv,edge-63,edge,,marsh edge,,,,2167094.72,5983876.334,5.083,1.549,,37.9294873,-122.5034457,CA zone III (EPSG:2227)
Corte Madera,corte-madera-final.csv,edge-64,edge,,marsh edge,,,,2167092.828,5983875.929,4.957,1.511,,37.9294821,-122.5034470,CA zone III (EPSG:2227)
Corte Madera,corte-madera-final.csv,edge-65,edge,,marsh edge,,,,2167092.255,5983874.253,5.048,1.539,,37.9294804,-122.5034527,CA zone III (EPSG:2227)
Corte Madera,corte-madera-final.csv,edge-66,edge,,marsh edge,,,,2167091.858,5983872.449,5.223,1.592,,37.9294792,-122.5034589,CA zone III (EPSG:2227)
Corte Madera,corte-madera-final.csv,edge-67,edge,,marsh edge,,,,2167092.081,5983870.339,5.362,1.634,,37.9294797,-122.5034663,CA zone III (EPSG:2227)
Corte Madera,corte-madera-final.csv,edge-68,edge,,marsh edge,,,,2167092.209,5983866.789,5.403,1.647,,37.9294799,-122.5034786,CA zone III (EPSG:2227)
Corte Madera,corte-madera-final.csv,edge-69,edge,,marsh edge,,,,2167092.878,5983863.203,5.544,1.690,,37.9294815,-122.5034911,CA zone III (EPSG:2227)
Corte Madera,corte-madera-final.csv,edge-70,edge,,marsh edge,,,,2167092.499,5983860.472,5.293,1.613,,37.9294803,-122.5035005,CA zone III (EPSG:2227)
Corte Madera,corte-madera-final.csv,edge-71,edge,,marsh edge,,,,2167092.056,5983859.522,5.154,1.571,,37.9294790,-122.5035038,CA zone III (EPSG:2227)
Corte Madera,corte-madera-final.csv,edge-72,edge,,marsh edge,,,,2167090.865,5983859.075,5.662,1.726,,37.9294757,-122.5035052,CA zone III (EPSG:2227)
Corte Madera,corte-madera-final.csv,edge-73,edge,,marsh edge,,,,2167089.546,5983860.08,5.645,1.721,,37.9294722,-122.5035016,CA zone III (EPSG:2227)
Corte Madera,corte-madera-final.csv,edge-74,edge,,marsh edge,,,,2167089.13,5983862.202,5.203,1.586,,37.9294711,-122.5034943,CA zone III (EPSG:2227)
Corte Madera,corte-madera-final.csv,edge-75,edge,,marsh edge,,,,2167088.023,5983865.08,5.453,1.662,,37.9294683,-122.5034842,CA zone III (EPSG:2227)
Corte Madera,corte-madera-final.csv,edge-76,edge,,marsh edge,,,,2167086.758,5983868.033,5.577,1.700,,37.9294650,-122.5034739,CA zone III (EPSG:2227)
Corte Madera,corte-madera-final.csv,edge-77,edge,,marsh edge,,,,2167086.057,5983871.079,5.232,1.595,,37.9294632,-122.5034633,CA zone III (EPSG:2227)
Corte Madera,corte-madera-final.csv,edge-78,edge,,marsh edge,,,,2167085.417,5983874.394,5.060,1.542,,37.9294617,-122.5034517,CA zone III (EPSG:2227)
Corte Madera,corte-madera-final.csv,edge-79,edge,,marsh edge,,,,2167085.656,5983876.737,4.605,1.404,,37.9294625,-122.5034436,CA zone III (EPSG:2227)
Corte Madera,corte-madera-final.csv,edge-80,edge,,marsh edge,,,,2167084.569,5983879.436,5.128,1.563,,37.9294596,-122.5034342,CA zone III (EPSG:2227)
Corte Madera,corte-madera-final.csv,edge-81,edge,,marsh edge,,,,2167084.042,5983881.702,5.322,1.622,,37.9294583,-122.5034263,CA zone III (EPSG:2227)
Corte Madera,corte-madera-final.csv,edge-82,edge,,marsh edge,,,,2167082.916,5983883.612,5.429,1.655,,37.9294553,-122.5034196,CA zone III (EPSG:2227)
Corte Madera,corte-madera-final.csv,edge-83,edge,,marsh edge,,,,2167082.139,5983885.64,5.427,1.654,,37.9294533,-122.5034125,CA zone III (EPSG:2227)
Corte Madera,corte-madera-final.csv,edge-84,edge,,marsh edge,,,,2167082.164,5983886.913,5.381,1.640,,37.9294535,-122.5034081,CA zone III (EPSG:2227)
Corte Madera,corte-madera-final.csv,edge-85,edge,,marsh edge,,,,2167081.798,5983889.717,5.030,1.533,,37.9294526,-122.5033983,CA zone III (EPSG:2227)
Corte Madera,corte-madera-final.csv,edge-86,edge,,marsh edge,,,,2167082.161,5983894.077,4.913,1.497,,37.9294539,-122.5033833,CA zone III (EPSG:2227)
Corte Madera,corte-madera-final.csv,edge-87,edge,,marsh edge,,,,2167082.4,5983896.201,4.643,1.415,,37.9294547,-122.5033759,CA zone III (EPSG:2227)
Corte Madera,corte-madera-final.csv,edge-88,edge,,marsh edge,,,,2167082.139,5983897.865,4.656,1.419,,37.9294540,-122.5033701,CA zone III (EPSG:2227)
Corte Madera,corte-madera-final.csv,edge-89,edge,,marsh edge,,,,2167080.928,5983900.12,4.286,1.306,,37.9294509,-122.5033622,CA zone III (EPSG:2227)
Corte Madera,corte-madera-final.csv,edge-90,edge,,marsh edge,,,,2167078.802,5983901.829,4.791,1.460,,37.9294451,-122.5033561,CA zone III (EPSG:2227)
Corte Madera,corte-madera-final.csv,edge-91,edge,,marsh edge,,,,2167076.523,5983902.834,4.904,1.495,,37.9294389,-122.5033525,CA zone III (EPSG:2227)
Corte Madera,corte-madera-final.csv,edge-92,edge,,marsh edge,,,,2167075.588,5983904.608,4.928,1.502,,37.9294365,-122.5033463,CA zone III (EPSG:2227)
Corte Madera,corte-madera-final.csv,edge-93,edge,,marsh edge,,,,2167074.798,5983907.054,4.642,1.415,,37.9294344,-122.5033377,CA zone III (EPSG:2227)
Corte Madera,corte-madera-final.csv,edge-94,edge,,marsh edge,,,,2167072.792,5983908.611,4.923,1.501,,37.9294290,-122.5033322,CA zone III (EPSG:2227)
Corte Madera,corte-madera-final.csv,edge-95,edge,,marsh edge,,,,2167071.076,5983909.909,5.109,1.557,,37.9294244,-122.5033275,CA zone III (EPSG:2227)
Corte Madera,corte-madera-final.csv,edge-96,edge,,marsh edge,,,,2167069.035,5983912.466,4.904,1.495,,37.9294189,-122.5033185,CA zone III (EPSG:2227)
Corte Madera,corte-madera-final.csv,edge-97,edge,,marsh edge,,,,2167064.956,5983914.83,5.063,1.543,,37.9294079,-122.5033100,CA zone III (EPSG:2227)
Corte Madera,corte-madera-final.csv,edge-98,edge,,marsh edge,,,,2167060.742,5983913.967,5.407,1.648,,37.9293962,-122.5033127,CA zone III (EPSG:2227)
Corte Madera,corte-madera-final.csv,edge-99,edge,,marsh edge,,,,2167058.987,5983916.511,5.311,1.619,,37.9293916,-122.5033038,CA zone III (EPSG:2227)
Corte Madera,corte-madera-final.csv,edge-100,edge,,marsh edge,,,,2167056.194,5983917.748,5.200,1.585,,37.9293840,-122.5032993,CA zone III (EPSG:2227)
Giant Marsh,giant-marsh-final.csv,benchmark-start-1,benchmark,,benchmark start,,,,2188683.911,6026845.825,26.904,8.200,,37.9911968,-122.3559771,CA zone III (EPSG:2227)
Giant Marsh,giant-marsh-final.csv,benchmark-start-2,benchmark,,benchmark start,,,,2188683.981,6026845.813,26.929,8.208,,37.9911969,-122.3559772,CA zone III (EPSG:2227)
Giant Marsh,giant-marsh-final.csv,benchmark-start-3,benchmark,,benchmark start,,,,2188684.023,6026845.794,26.878,8.192,,37.9911971,-122.3559772,CA zone III (EPSG:2227)
Giant Marsh,giant-marsh-final.csv,benchmark-final-1,benchmark,,benchmark end,,,,2188683.983,6026845.792,26.975,8.222,,37.9911969,-122.3559772,CA zone III (EPSG:2227)
Giant Marsh,giant-marsh-final.csv,benchmark-final-2,benchmark,,benchmark end,,,,2188683.987,6026845.8,26.998,8.229,,37.9911970,-122.3559772,CA zone III (EPSG:2227)
Giant Marsh,giant-marsh-final.csv,benchmark-final-3,benchmark,,benchmark end,,,,2188683.991,6026845.797,26.989,8.226,,37.9911970,-122.3559772,CA zone III (EPSG:2227)
Giant Marsh,giant-marsh-final.csv,gm-1-tile-0.5-a,tile,GM1,tile,0.5,a,,2188642.839,6025897.574,6.827,2.081,0.00,37.9910323,-122.3592641,CA zone III (EPSG:2227)
Giant Marsh,giant-marsh-final.csv,gm-1-tile-0.5-b,tile,GM1,tile,0.5,b,,2188643.305,6025897.725,6.802,2.073,0.06,37.9910336,-122.3592636,CA zone III (EPSG:2227)
Giant Marsh,giant-marsh-final.csv,gm-1-tile-0.5-c,tile,GM1,tile,0.5,c,,2188643.752,6025897.761,6.789,2.069,0.08,37.9910348,-122.3592635,CA zone III (EPSG:2227)
Giant Marsh,giant-marsh-final.csv,gm-1-tile-2-a,tile,GM1,tile,2,a,,2188643.536,6025902.114,6.666,2.032,1.40,37.9910345,-122.3592484,CA zone III (EPSG:2227)
Giant Marsh,giant-marsh-final.csv,gm-1-tile-2-b,tile,GM1,tile,2,b,,2188644.009,6025902.009,6.699,2.042,1.37,37.9910357,-122.3592488,CA zone III (EPSG:2227)
Giant Marsh,giant-marsh-final.csv,gm-1-tile-2-c,tile,GM1,tile,2,c,,2188644.456,6025902.073,6.691,2.039,1.40,37.9910370,-122.3592486,CA zone III (EPSG:2227)
Giant Marsh,giant-marsh-final.csv,gm-1-tile-6-a,tile,GM1,tile,6,a,,2188644.291,6025915.39,6.562,2.000,5.45,37.9910373,-122.3592024,CA zone III (EPSG:2227)
Giant Marsh,giant-marsh-final.csv,gm-1-tile-6-b,tile,GM1,tile,6,b,,2188644.923,6025915.473,6.565,2.001,5.49,37.9910390,-122.3592022,CA zone III (EPSG:2227)
Giant Marsh,giant-marsh-final.csv,gm-1-tile-6-c,tile,GM1,tile,6,c,,2188645.507,6025915.479,6.552,1.997,5.50,37.9910406,-122.3592022,CA zone III (EPSG:2227)
Giant Marsh,giant-marsh-final.csv,gm-1-tile-12-a,tile,GM1,tile,12,a,,2188645.954,6025935.001,6.405,1.952,11.45,37.9910429,-122.3591345,CA zone III (EPSG:2227)
Giant Marsh,giant-marsh-final.csv,gm-1-tile-12-b,tile,GM1,tile,12,b,,2188646.367,6025935.035,6.413,1.955,11.47,37.9910440,-122.3591344,CA zone III (EPSG:2227)
Giant Marsh,giant-marsh-final.csv,gm-1-tile-12-c,tile,GM1,tile,12,c,,2188646.94,6025935.008,6.433,1.961,11.47,37.9910456,-122.3591345,CA zone III (EPSG:2227)
Giant Marsh,giant-marsh-final.csv,gm-1-tile-18-a,tile,GM1,tile,18,a,,2188647.466,6025954.869,6.491,1.978,17.52,37.9910481,-122.3590657,CA zone III (EPSG:2227)
Giant Marsh,giant-marsh-final.csv,gm-1-tile-18-b,tile,GM1,tile,18,b,,2188647.918,6025954.944,6.435,1.961,17.55,37.9910494,-122.3590654,CA zone III (EPSG:2227)
Giant Marsh,giant-marsh-final.csv,gm-1-tile-18-c,tile,GM1,tile,18,c,,2188648.494,6025954.982,6.425,1.958,17.58,37.9910510,-122.3590653,CA zone III (EPSG:2227)
Giant Marsh,giant-marsh-final.csv,gm-1-tile-24-a,tile,GM1,tile,24,a,,2188649.008,6025974.154,6.346,1.934,23.42,37.9910534,-122.3589989,CA zone III (EPSG:2227)
Giant Marsh,giant-marsh-final.csv,gm-1-tile-24-b,tile,GM1,tile,24,b,,2188649.457,6025974.172,6.385,1.946,23.43,37.9910546,-122.3589988,CA zone III (EPSG:2227)
Giant Marsh,giant-marsh-final.csv,gm-1-tile-24-c,tile,GM1,tile,24,c,,2188649.97,6025974.113,6.391,1.948,23.43,37.9910560,-122.3589991,CA zone III (EPSG:2227)
Giant Marsh,giant-marsh-final.csv,gm-1-tile-48-a,tile,GM1,tile,48,a,,2188654.122,6026052.854,6.222,1.896,47.45,37.9910717,-122.3587262,CA zone III (EPSG:2227)
Giant Marsh,giant-marsh-final.csv,gm-1-tile-48-b,tile,GM1,tile,48,b,,2188654.642,6026052.789,6.143,1.872,47.45,37.9910732,-122.3587264,CA zone III (EPSG:2227)
Giant Marsh,giant-marsh-final.csv,gm-1-tile-48-c,tile,GM1,tile,48,c,,2188655.273,6026052.796,6.191,1.887,47.46,37.9910749,-122.3587265,CA zone III (EPSG:2227)
Giant Marsh,giant-marsh-final.csv,gm-2-tile-0.5-a,tile,GM2,tile,0.5,a,,2188551.448,6025913.737,5.431,1.655,0.00,37.9907822,-122.3592018,CA zone III (EPSG:2227)
Giant Marsh,giant-marsh-final.csv,gm-2-tile-0.5-b,tile,GM2,tile,0.5,b,,2188552.101,6025913.689,5.893,1.796,0.03,37.9907840,-122.3592020,CA zone III (EPSG:2227)
Giant Marsh,giant-marsh-final.csv,gm-2-tile-0.5-c,tile,GM2,tile,0.5,c,,2188552.802,6025913.929,6.307,1.922,0.14,37.9907860,-122.3592012,CA zone III (EPSG:2227)
Giant Marsh,giant-marsh-final.csv,gm-2-tile-2-a,tile,GM2,tile,2,a,,2188551.477,6025918.869,6.837,2.084,1.53,37.9907826,-122.3591839,CA zone III (EPSG:2227)
Giant Marsh,giant-marsh-final.csv,gm-2-tile-2-b,tile,GM2,tile,2,b,,2188551.88,6025918.847,6.828,2.081,1.55,37.9907837,-122.3591841,CA zone III (EPSG:2227)
Giant Marsh,giant-marsh-final.csv,gm-2-tile-2-c,tile,GM2,tile,2,c,,2188552.337,6025918.819,6.824,2.080,1.57,37.9907850,-122.3591842,CA zone III (EPSG:2227)
Giant Marsh,giant-marsh-final.csv,gm-2-tile-6-a,tile,GM2,tile,6,a,,2188554.199,6025930.798,6.385,1.946,5.26,37.9907907,-122.3591428,CA zone III (EPSG:2227)
Giant Marsh,giant-marsh-final.csv,gm-2-tile-6-b,tile,GM2,tile,6,b,,2188554.541,6025930.77,6.415,1.955,5.28,37.9907917,-122.3591429,CA zone III (EPSG:2227)
Giant Marsh,giant-marsh-final.csv,gm-2-tile-6-c,tile,GM2,tile,6,c,,2188554.99,6025930.758,6.424,1.958,5.30,37.9907929,-122.3591429,CA zone III (EPSG:2227)
Giant Marsh,giant-marsh-final.csv,gm-2-tile-12-a,tile,GM2,tile,12,a,,2188558.255,6025950.161,6.348,1.935,11.29,37.9908029,-122.3590759,CA zone III (EPSG:2227)
Giant Marsh,giant-marsh-final.csv,gm-2-tile-12-b,tile,GM2,tile,12,b,,2188558.774,6025950.136,6.350,1.935,11.32,37.9908043,-122.3590760,CA zone III (EPSG:2227)
Giant Marsh,giant-marsh-final.csv,gm-2-tile-12-c,tile,GM2,tile,12,c,,2188559.152,6025950.033,6.357,1.938,11.31,37.9908054,-122.3590764,CA zone III (EPSG:2227)
Giant Marsh,giant-marsh-final.csv,gm-2-tile-18-a,tile,GM2,tile,18,a,,2188562.072,6025970.262,6.349,1.935,17.53,37.9908145,-122.3590064,CA zone III (EPSG:2227)
Giant Marsh,giant-marsh-final.csv,gm-2-tile-18-b,tile,GM2,tile,18,b,,2188562.647,6025970.023,6.339,1.932,17.49,37.9908161,-122.3590072,CA zone III (EPSG:2227)
Giant Marsh,giant-marsh-final.csv,gm-2-tile-18-c,tile,GM2,tile,18,c,,2188563,6025969.623,6.332,1.930,17.39,37.9908170,-122.3590087,CA zone III (EPSG:2227)
Giant Marsh,giant-marsh-final.csv,gm-2-tile-24-a,tile,GM2,tile,24,a,,2188565.943,6025988.833,6.340,1.932,23.31,37.9908261,-122.3589422,CA zone III (EPSG:2227)
Giant Marsh,giant-marsh-final.csv,gm-2-tile-24-b,tile,GM2,tile,24,b,,2188566.303,6025988.804,6.353,1.936,23.32,37.9908271,-122.3589423,CA zone III (EPSG:2227)
Giant Marsh,giant-marsh-final.csv,gm-2-tile-24-c,tile,GM2,tile,24,c,,2188566.759,6025988.728,6.357,1.938,23.33,37.9908284,-122.3589426,CA zone III (EPSG:2227)
Giant Marsh,giant-marsh-final.csv,gm-2-tile-48-a,tile,GM2,tile,48,a,,2188582.412,6026065.475,6.178,1.883,47.20,37.9908755,-122.3586775,CA zone III (EPSG:2227)
Giant Marsh,giant-marsh-final.csv,gm-2-tile-48-b,tile,GM2,tile,48,b,,2188582.881,6026065.37,6.243,1.903,47.20,37.9908768,-122.3586779,CA zone III (EPSG:2227)
Giant Marsh,giant-marsh-final.csv,gm-2-tile-48-c,tile,GM2,tile,48,c,,2188583.734,6026065.196,6.211,1.893,47.20,37.9908792,-122.3586785,CA zone III (EPSG:2227)
Giant Marsh,giant-marsh-final.csv,gm-1-green-0.5-a,green,GM1,green,0.5,a,,2188644.287,6025897.85,6.786,2.068,0.12,37.9910363,-122.3592633,CA zone III (EPSG:2227)
Giant Marsh,giant-marsh-final.csv,gm-1-green-0.5-b,green,GM1,green,0.5,b,,2188644.871,6025897.788,6.758,2.060,0.11,37.9910379,-122.3592635,CA zone III (EPSG:2227)
Giant Marsh,giant-marsh-final.csv,gm-1-green-0.5-c,green,GM1,green,0.5,c,,2188645.566,6025897.663,6.785,2.068,0.09,37.9910398,-122.3592640,CA zone III (EPSG:2227)
Giant Marsh,giant-marsh-final.csv,gm-1-green-2-a,green,GM1,green,2,a,,2188644.989,6025902.003,6.694,2.040,1.39,37.9910384,-122.3592489,CA zone III (EPSG:2227)
Giant Marsh,giant-marsh-final.csv,gm-1-green-2-b,green,GM1,green,2,b,,2188645.576,6025901.927,6.696,2.041,1.38,37.9910400,-122.3592492,CA zone III (EPSG:2227)
Giant Marsh,giant-marsh-final.csv,gm-1-green-2-c,green,GM1,green,2,c,,2188646.248,6025901.786,6.701,2.042,1.36,37.9910419,-122.3592497,CA zone III (EPSG:2227)
Giant Marsh,giant-marsh-final.csv,gm-1-green-6-a,green,GM1,green,6,a,,2188645.968,6025915.502,6.534,1.992,5.52,37.9910419,-122.3592021,CA zone III (EPSG:2227)
Giant Marsh,giant-marsh-final.csv,gm-1-green-6-b,green,GM1,green,6,b,,2188646.515,6025915.68,6.534,1.992,5.59,37.9910434,-122.3592016,CA zone III (EPSG:2227)
Giant Marsh,giant-marsh-final.csv,gm-1-green-6-c,green,GM1,green,6,c,,2188647.334,6025915.895,6.513,1.985,5.67,37.9910456,-122.3592009,CA zone III (EPSG:2227)
Giant Marsh,giant-marsh-final.csv,gm-1-green-12-a,green,GM1,green,12,a,,2188647.519,6025934.921,6.466,1.971,11.46,37.9910472,-122.3591349,CA zone III (EPSG:2227)
Giant Marsh,giant-marsh-final.csv,gm-1-green-12-b,green,GM1,green,12,b,,2188648.178,6025934.848,6.418,1.956,11.45,37.9910490,-122.3591352,CA zone III (EPSG:2227)
Giant Marsh,giant-marsh-final.csv,gm-1-green-12-c,green,GM1,green,12,c,,2188648.907,6025934.969,6.422,1.957,11.50,37.9910510,-122.3591348,CA zone III (EPSG:2227)
Giant Marsh,giant-marsh-final.csv,gm-1-green-18-a,green,GM1,green,18,a,,2188649.006,6025954.969,6.458,1.968,17.58,37.9910524,-122.3590654,CA zone III (EPSG:2227)
Giant Marsh,giant-marsh-final.csv,gm-1-green-18-b,green,GM1,green,18,b,,2188649.675,6025954.95,6.414,1.955,17.59,37.9910542,-122.3590655,CA zone III (EPSG:2227)
Giant Marsh,giant-marsh-final.csv,gm-1-green-18-c,green,GM1,green,18,c,,2188650.444,6025954.961,6.445,1.964,17.61,37.9910563,-122.3590656,CA zone III (EPSG:2227)
Giant Marsh,giant-marsh-final.csv,gm-1-green-24-a,green,GM1,green,24,a,,2188650.466,6025974.087,6.436,1.962,23.43,37.9910574,-122.3589992,CA zone III (EPSG:2227)
Giant Marsh,giant-marsh-final.csv,gm-1-green-24-b,green,GM1,green,24,b,,2188651.128,6025974.082,6.424,1.958,23.44,37.9910592,-122.3589993,CA zone III (EPSG:2227)
Giant Marsh,giant-marsh-final.csv,gm-1-green-24-c,green,GM1,green,24,c,,2188651.744,6025973.938,6.475,1.974,23.41,37.9910609,-122.3589998,CA zone III (EPSG:2227)
Giant Marsh,giant-marsh-final.csv,gm-1-green-48-a,green,GM1,green,48,a,,2188655.759,6026052.959,6.310,1.923,47.52,37.9910762,-122.3587259,CA zone III (EPSG:2227)
Giant Marsh,giant-marsh-final.csv,gm-1-green-48-b,green,GM1,green,48,b,,2188656.398,6026052.994,6.354,1.937,47.55,37.9910780,-122.3587259,CA zone III (EPSG:2227)
Giant Marsh,giant-marsh-final.csv,gm-1-green-48-c,green,GM1,green,48,c,,2188656.972,6026053.109,6.333,1.930,47.59,37.9910796,-122.3587255,CA zone III (EPSG:2227)
Giant Marsh,giant-marsh-final.csv,gm-2-green-0.5-a,green,GM2,green,0.5,a,,2188553.166,6025913.845,6.221,1.896,0.14,37.9907870,-122.3592015,CA zone III (EPSG:2227)
Giant Marsh,giant-marsh-final.csv,gm-2-green-0.5-b,green,GM2,green,0.5,b,,2188553.719,6025913.902,5.839,1.780,0.19,37.9907885,-122.3592013,CA zone III (EPSG:2227)
Giant Marsh,giant-marsh-final.csv,gm-2-green-0.5-c,green,GM2,green,0.5,c,,2188554.479,6025913.893,5.551,1.692,0.23,37.9907906,-122.3592014,CA zone III (EPSG:2227)
Giant Marsh,giant-marsh-final.csv,gm-2-green-2-a,green,GM2,green,2,a,,2188552.774,6025918.618,6.808,2.075,1.54,37.9907862,-122.3591849,CA zone III (EPSG:2227)
Giant Marsh,giant-marsh-final.csv,gm-2-green-2-b,green,GM2,green,2,b,,2188553.437,6025918.598,6.814,2.077,1.57,37.9907880,-122.3591850,CA zone III (EPSG:2227)
Giant Marsh,giant-marsh-final.csv,gm-2-green-2-c,green,GM2,green,2,c,,2188554.159,6025918.581,6.833,2.083,1.61,37.9907900,-122.3591851,CA zone III (EPSG:2227)
Giant Marsh,giant-marsh-final.csv,gm-2-green-6-a,green,GM2,green,6,a,,2188555.705,6025930.693,6.430,1.960,5.32,37.9907949,-122.3591432,CA zone III (EPSG:2227)
Giant Marsh,giant-marsh-final.csv,gm-2-green-6-b,green,GM2,green,6,b,,2188556.339,6025930.757,6.424,1.958,5.38,37.9907966,-122.3591430,CA zone III (EPSG:2227)
Giant Marsh,giant-marsh-final.csv,gm-2-green-6-c,green,GM2,green,6,c,,2188557.263,6025931.035,6.430,1.960,5.52,37.9907992,-122.3591421,CA zone III (EPSG:2227)
Giant Marsh,giant-marsh-final.csv,gm-2-green-12-a,green,GM2,green,12,a,,2188559.769,6025950.104,6.335,1.931,11.37,37.9908071,-122.3590762,CA zone III (EPSG:2227)
Giant Marsh,giant-marsh-final.csv,gm-2-green-12-b,green,GM2,green,12,b,,2188560.401,6025950.016,6.316,1.925,11.38,37.9908088,-122.3590765,CA zone III (EPSG:2227)
Giant Marsh,giant-marsh-final.csv,gm-2-green-12-c,green,GM2,green,12,c,,2188561.251,6025949.953,6.323,1.927,11.41,37.9908111,-122.3590768,CA zone III (EPSG:2227)
Giant Marsh,giant-marsh-final.csv,gm-2-green-18-a,green,GM2,green,18,a,,2188563.473,6025969.52,6.356,1.937,17.39,37.9908183,-122.3590091,CA zone III (EPSG:2227)
Giant Marsh,giant-marsh-final.csv,gm-2-green-18-b,green,GM2,green,18,b,,2188564.176,6025969.297,6.331,1.930,17.37,37.9908202,-122.3590099,CA zone III (EPSG:2227)
Giant Marsh,giant-marsh-final.csv,gm-2-green-18-c,green,GM2,green,18,c,,2188564.815,6025969.215,6.328,1.929,17.38,37.9908220,-122.3590102,CA zone III (EPSG:2227)
Giant Marsh,giant-marsh-final.csv,gm-2-green-24-a,green,GM2,green,24,a,,2188567.273,6025988.714,6.384,1.946,23.36,37.9908298,-122.3589427,CA zone III (EPSG:2227)
Giant Marsh,giant-marsh-final.csv,gm-2-green-24-b,green,GM2,green,24,b,,2188567.997,6025988.428,6.334,1.931,23.31,37.9908318,-122.3589438,CA zone III (EPSG:2227)
Giant Marsh,giant-marsh-final.csv,gm-2-green-24-c,green,GM2,green,24,c,,2188568.695,6025988.291,6.370,1.942,23.32,37.9908337,-122.3589443,CA zone III (EPSG:2227)
Giant Marsh,giant-marsh-final.csv,gm-2-green-48-a,green,GM2,green,48,a,,2188584.328,6026065.032,6.222,1.896,47.19,37.9908808,-122.3586791,CA zone III (EPSG:2227)
Giant Marsh,giant-marsh-final.csv,gm-2-green-48-b,green,GM2,green,48,b,,2188585.03,6026064.93,6.257,1.907,47.20,37.9908827,-122.3586795,CA zone III (EPSG:2227)
Giant Marsh,giant-marsh-final.csv,gm-2-green-48-c,green,GM2,green,48,c,,2188585.662,6026064.975,6.249,1.905,47.25,37.9908844,-122.3586794,CA zone III (EPSG:2227)
Giant Marsh,giant-marsh-final.csv,gm-1-ep-1,ep,GM1,elevation profile,,,1,2188640.897,6025889.8,4.170,1.271,-2.41,37.9910265,-122.3592910,CA zone III (EPSG:2227)
Giant Marsh,giant-marsh-final.csv,gm-1-ep-2,ep,GM1,elevation profile,,,2,2188641.658,6025891.776,4.666,1.422,-1.79,37.9910287,-122.3592842,CA zone III (EPSG:2227)
Giant Marsh,giant-marsh-final.csv,gm-1-ep-3,ep,GM1,elevation profile,,,3,2188641.576,6025892.44,6.708,2.045,-1.59,37.9910285,-122.3592819,CA zone III (EPSG:2227)
Giant Marsh,giant-marsh-final.csv,gm-1-ep-4,ep,GM1,elevation profile,,,4,2188642.092,6025894.322,6.836,2.084,-1.01,37.9910301,-122.3592754,CA zone III (EPSG:2227)
Giant Marsh,giant-marsh-final.csv,gm-1-ep-5,ep,GM1,elevation profile,,,5,2188642.473,6025896.64,6.787,2.069,-0.29,37.9910312,-122.3592673,CA zone III (EPSG:2227)
Giant Marsh,giant-marsh-final.csv,gm-1-ep-6,ep,GM1,elevation profile,,,6,2188642.805,6025898.655,6.816,2.078,0.33,37.9910323,-122.3592604,CA zone III (EPSG:2227)
Giant Marsh,giant-marsh-final.csv,gm-1-ep-7,ep,GM1,elevation profile,,,7,2188643.02,6025900.732,6.773,2.064,0.96,37.9910330,-122.3592532,CA zone III (EPSG:2227)
Giant Marsh,giant-marsh-final.csv,gm-1-ep-8,ep,GM1,elevation profile,,,8,2188643.212,6025902.972,6.771,2.064,1.65,37.9910336,-122.3592454,CA zone III (EPSG:2227)
Giant Marsh,giant-marsh-final.csv,gm-1-ep-9,ep,GM1,elevation profile,,,9,2188643.725,6025905.8,6.670,2.033,2.52,37.9910352,-122.3592356,CA zone III (EPSG:2227)
Giant Marsh,giant-marsh-final.csv,gm-1-ep-10,ep,GM1,elevation profile,,,10,2188643.659,6025908.913,6.642,2.024,3.47,37.9910352,-122.3592248,CA zone III (EPSG:2227)
Giant Marsh,giant-marsh-final.csv,gm-1-ep-11,ep,GM1,elevation profile,,,11,2188643.818,6025911.74,6.620,2.018,4.33,37.9910358,-122.3592150,CA zone III (EPSG:2227)
Giant Marsh,giant-marsh-final.csv,gm-1-ep-12,ep,GM1,elevation profile,,,12,2188643.907,6025914.567,6.628,2.020,5.19,37.9910362,-122.3592052,CA zone III (EPSG:2227)
Giant Marsh,giant-marsh-final.csv,gm-1-ep-13,ep,GM1,elevation profile,,,13,2188644.266,6025917.265,6.601,2.012,6.02,37.9910373,-122.3591959,CA zone III (EPSG:2227)
Giant Marsh,giant-marsh-final.csv,gm-1-ep-14,ep,GM1,elevation profile,,,14,2188644.492,6025920.099,6.561,2.000,6.88,37.9910381,-122.3591861,CA zone III (EPSG:2227)
Giant Marsh,giant-marsh-final.csv,gm-1-ep-15,ep,GM1,elevation profile,,,15,2188644.423,6025923.216,6.540,1.993,7.83,37.9910380,-122.3591753,CA zone III (EPSG:2227)
Giant Marsh,giant-marsh-final.csv,gm-1-ep-16,ep,GM1,elevation profile,,,16,2188644.665,6025926.204,6.540,1.993,8.74,37.9910389,-122.3591649,CA zone III (EPSG:2227)
Giant Marsh,giant-marsh-final.csv,gm-1-ep-17,ep,GM1,elevation profile,,,17,2188644.99,6025929.159,6.494,1.979,9.65,37.9910399,-122.3591547,CA zone III (EPSG:2227)
Giant Marsh,giant-marsh-final.csv,gm-1-ep-18,ep,GM1,elevation profile,,,18,2188645.432,6025931.61,6.495,1.980,10.40,37.9910413,-122.3591462,CA zone III (EPSG:2227)
Giant Marsh,giant-marsh-final.csv,gm-1-ep-19,ep,GM1,elevation profile,,,19,2188645.565,6025934.169,6.477,1.974,11.19,37.9910418,-122.3591374,CA zone III (EPSG:2227)
Giant Marsh,giant-marsh-final.csv,gm-1-ep-20,ep,GM1,elevation profile,,,20,2188645.845,6025937.743,6.482,1.976,12.28,37.9910427,-122.3591250,CA zone III (EPSG:2227)
Giant Marsh,giant-marsh-final.csv,gm-1-ep-21,ep,GM1,elevation profile,,,21,2188646.381,6025940.868,6.508,1.984,13.24,37.9910444,-122.3591142,CA zone III (EPSG:2227)
Giant Marsh,giant-marsh-final.csv,gm-1-ep-22,ep,GM1,elevation profile,,,22,2188646.943,6025943.771,6.492,1.979,14.13,37.9910461,-122.3591041,CA zone III (EPSG:2227)
Giant Marsh,giant-marsh-final.csv,gm-1-ep-23,ep,GM1,elevation profile,,,23,2188647.051,6025946.627,6.509,1.984,15.01,37.9910465,-122.3590942,CA zone III (EPSG:2227)
Giant Marsh,giant-marsh-final.csv,gm-1-ep-24,ep,GM1,elevation profile,,,24,2188647.049,6025949.737,6.537,1.992,15.95,37.9910467,-122.3590834,CA zone III (EPSG:2227)
Giant Marsh,giant-marsh-final.csv,gm-1-ep-25,ep,GM1,elevation profile,,,25,2188646.969,6025952.123,6.514,1.985,16.67,37.9910466,-122.3590752,CA zone III (EPSG:2227)
Giant Marsh,giant-marsh-final.csv,gm-1-ep-26,ep,GM1,elevation profile,,,26,2188647.347,6025957.227,6.464,1.970,18.23,37.9910479,-122.3590575,CA zone III (EPSG:2227)
Giant Marsh,giant-marsh-final.csv,gm-1-ep-27,ep,GM1,elevation profile,,,27,2188647.746,6025960.383,6.495,1.980,19.20,37.9910492,-122.3590466,CA zone III (EPSG:2227)
Giant Marsh,giant-marsh-final.csv,gm-1-ep-28,ep,GM1,elevation profile,,,28,2188648.102,6025963.969,6.464,1.970,20.30,37.9910504,-122.3590341,CA zone III (EPSG:2227)
Giant Marsh,giant-marsh-final.csv,gm-1-ep-29,ep,GM1,elevation profile,,,29,2188648.278,6025966.872,6.448,1.965,21.19,37.9910510,-122.3590241,CA zone III (EPSG:2227)
Giant Marsh,giant-marsh-final.csv,gm-1-ep-30,ep,GM1,elevation profile,,,30,2188648.367,6025969.87,6.442,1.964,22.10,37.9910514,-122.3590137,CA zone III (EPSG:2227)
Giant Marsh,giant-marsh-final.csv,gm-1-ep-31,ep,GM1,elevation profile,,,31,2188648.464,6025972.597,6.461,1.969,22.93,37.9910518,-122.3590042,CA zone III (EPSG:2227)
Giant Marsh,giant-marsh-final.csv,gm-1-ep-32,ep,GM1,elevation profile,,,32,2188648.732,6025976.535,6.481,1.975,24.13,37.9910528,-122.3589906,CA zone III (EPSG:2227)
Giant Marsh,giant-marsh-final.csv,gm-1-ep-33,ep,GM1,elevation profile,,,33,2188648.939,6025980.356,6.458,1.968,25.30,37.9910536,-122.3589773,CA zone III (EPSG:2227)
Giant Marsh,giant-marsh-final.csv,gm-1-ep-34,ep,GM1,elevation profile,,,34,2188649.059,6025982.89,6.398,1.950,26.07,37.9910540,-122.3589686,CA zone III (EPSG:2227)
Giant Marsh,giant-marsh-final.csv,gm-1-ep-35,ep,GM1,elevation profile,,,35,2188649.534,6025986.01,6.416,1.956,27.03,37.9910555,-122.3589578,CA zone III (EPSG:2227)
Giant Marsh,giant-marsh-final.csv,gm-1-ep-36,ep,GM1,elevation profile,,,36,2188649.737,6025989.084,6.381,1.945,27.97,37.9910562,-122.3589471,CA zone III (EPSG:2227)
Giant Marsh,giant-marsh-final.csv,gm-1-ep-37,ep,GM1,elevation profile,,,37,2188649.997,6025992.314,6.406,1.953,28.96,37.9910571,-122.3589359,CA zone III (EPSG:2227)
Giant Marsh,giant-marsh-final.csv,gm-1-ep-38,ep,GM1,elevation profile,,,38,2188650.082,6025995.766,6.407,1.953,30.01,37.9910575,-122.3589240,CA zone III (EPSG:2227)
Giant Marsh,giant-marsh-final.csv,gm-1-ep-39,ep,GM1,elevation profile,,,39,2188650.002,6025999.217,6.337,1.932,31.06,37.9910575,-122.3589120,CA zone III (EPSG:2227)
Giant Marsh,giant-marsh-final.csv,gm-1-ep-40,ep,GM1,elevation profile,,,40,2188649.905,6026001.738,6.324,1.928,31.82,37.9910574,-122.3589032,CA zone III (EPSG:2227)
Giant Marsh,giant-marsh-final.csv,gm-1-ep-41,ep,GM1,elevation profile,,,41,2188649.984,6026006.113,6.254,1.906,33.15,37.9910578,-122.3588881,CA zone III (EPSG:2227)
Giant Marsh,giant-marsh-final.csv,gm-1-ep-42,ep,GM1,elevation profile,,,42,2188650.568,6026009.923,6.274,1.912,34.32,37.9910596,-122.3588749,CA zone III (EPSG:2227)
Giant Marsh,giant-marsh-final.csv,gm-1-ep-43,ep,GM1,elevation profile,,,43,2188651.451,6026013.491,6.267,1.910,35.43,37.9910623,-122.3588626,CA zone III (EPSG:2227)
Giant Marsh,giant-marsh-final.csv,gm-1-ep-44,ep,GM1,elevation profile,,,44,2188652.051,6026016.738,6.294,1.918,36.43,37.9910641,-122.3588513,CA zone III (EPSG:2227)
Giant Marsh,giant-marsh-final.csv,gm-1-ep-45,ep,GM1,elevation profile,,,45,2188652.32,6026020.651,6.263,1.909,37.62,37.9910650,-122.3588378,CA zone III (EPSG:2227)
Giant Marsh,giant-marsh-final.csv,gm-1-ep-46,ep,GM1,elevation profile,,,46,2188652.634,6026024.423,6.299,1.920,38.78,37.9910661,-122.3588247,CA zone III (EPSG:2227)
Giant Marsh,giant-marsh-final.csv,gm-1-ep-47,ep,GM1,elevation profile,,,47,2188653.082,6026027.612,6.251,1.905,39.76,37.9910675,-122.3588137,CA zone III (EPSG:2227)
Giant Marsh,giant-marsh-final.csv,gm-1-ep-48,ep,GM1,elevation profile,,,48,2188653.325,6026031.543,6.248,1.904,40.96,37.9910684,-122.3588001,CA zone III (EPSG:2227)
Giant Marsh,giant-marsh-final.csv,gm-1-ep-49,ep,GM1,elevation profile,,,49,2188653.773,6026035.144,6.331,1.930,42.06,37.9910698,-122.3587876,CA zone III (EPSG:2227)
Giant Marsh,giant-marsh-final.csv,gm-1-ep-50,ep,GM1,elevation profile,,,50,2188653.769,6026038.176,6.389,1.947,42.98,37.9910700,-122.3587771,CA zone III (EPSG:2227)
Giant Marsh,giant-marsh-final.csv,gm-1-ep-51,ep,GM1,elevation profile,,,51,2188653.866,6026039.002,5.558,1.694,43.24,37.9910703,-122.3587742,CA zone III (EPSG:2227)
Giant Marsh,giant-marsh-final.csv,gm-1-ep-52,ep,GM1,elevation profile,,,52,2188653.868,6026039.818,5.037,1.535,43.49,37.9910703,-122.3587714,CA zone III (EPSG:2227)
Giant Marsh,giant-marsh-final.csv,gm-1-ep-53,ep,GM1,elevation profile,,,53,2188653.964,6026041.003,6.032,1.839,43.85,37.9910707,-122.3587673,CA zone III (EPSG:2227)
Giant Marsh,giant-marsh-final.csv,gm-1-ep-54,ep,GM1,elevation profile,,,54,2188654.022,6026043.227,6.598,2.011,44.53,37.9910709,-122.3587596,CA zone III (EPSG:2227)
Giant Marsh,giant-marsh-final.csv,gm-1-ep-55,ep,GM1,elevation profile,,,55,2188653.998,6026046.474,6.102,1.860,45.51,37.9910711,-122.3587483,CA zone III (EPSG:2227)
Giant Marsh,giant-marsh-final.csv,gm-1-ep-56,ep,GM1,elevation profile,,,56,2188655.013,6026047.64,4.853,1.479,45.89,37.9910739,-122.3587443,CA zone III (EPSG:2227)
Giant Marsh,giant-marsh-final.csv,gm-1-ep-57,ep,GM1,elevation profile,,,57,2188655.005,6026048.246,4.295,1.309,46.07,37.9910739,-122.3587422,CA zone III (EPSG:2227)
Giant Marsh,giant-marsh-final.csv,gm-1-ep-58,ep,GM1,elevation profile,,,58,2188654.014,6026049.402,5.812,1.772,46.40,37.9910713,-122.3587382,CA zone III (EPSG:2227)
Giant Marsh,giant-marsh-final.csv,gm-1-ep-59,ep,GM1,elevation profile,,,59,2188653.795,6026053.124,6.222,1.896,47.53,37.9910709,-122.3587252,CA zone III (EPSG:2227)
Giant Marsh,giant-marsh-final.csv,gm-1-ep-60,ep,GM1,elevation profile,,,60,2188653.917,6026056.427,6.318,1.926,48.54,37.9910714,-122.3587138,CA zone III (EPSG:2227)
Giant Marsh,giant-marsh-final.csv,gm-1-ep-61,ep,GM1,elevation profile,,,61,2188654.49,6026059.59,6.334,1.931,49.51,37.9910731,-122.3587028,CA zone III (EPSG:2227)
Giant Marsh,giant-marsh-final.csv,gm-1-ep-62,ep,GM1,elevation profile,,,62,2188655.072,6026063.128,6.322,1.927,50.60,37.9910749,-122.3586906,CA zone III (EPSG:2227)
Giant Marsh,giant-marsh-final.csv,gm-1-ep-63,ep,GM1,elevation profile,,,63,2188655.209,6026066.789,6.338,1.932,51.71,37.9910755,-122.3586779,CA zone III (EPSG:2227)
Giant Marsh,giant-marsh-final.csv,gm-1-ep-64,ep,GM1,elevation profile,,,64,2188655.504,6026069.87,6.427,1.959,52.66,37.9910765,-122.3586672,CA zone III (EPSG:2227)
Giant Marsh,giant-marsh-final.csv,gm-1-ep-65,ep,GM1,elevation profile,,,65,2188656.209,6026073.981,6.372,1.942,53.92,37.9910786,-122.3586530,CA zone III (EPSG:2227)
Giant Marsh,giant-marsh-final.csv,gm-1-ep-66,ep,GM1,elevation profile,,,66,2188655.808,6026077.359,6.319,1.926,54.94,37.9910777,-122.3586413,CA zone III (EPSG:2227)
Giant Marsh,giant-marsh-final.csv,gm-1-ep-67,ep,GM1,elevation profile,,,67,2188656.592,6026080.694,6.440,1.963,55.97,37.9910800,-122.3586298,CA zone III (EPSG:2227)
Giant Marsh,giant-marsh-final.csv,gm-1-ep-68,ep,GM1,elevation profile,,,68,2188656.609,6026083.643,6.274,1.912,56.87,37.9910803,-122.3586195,CA zone III (EPSG:2227)
Giant Marsh,giant-marsh-final.csv,gm-1-ep-69,ep,GM1,elevation profile,,,69,2188657.25,6026087.335,6.364,1.940,58.01,37.9910822,-122.3586068,CA zone III (EPSG:2227)
Giant Marsh,giant-marsh-final.csv,gm-1-ep-70,ep,GM1,elevation profile,,,70,2188657.211,6026091.112,6.325,1.928,59.15,37.9910823,-122.3585937,CA zone III (EPSG:2227)
Giant Marsh,giant-marsh-final.csv,gm-1-ep-71,ep,GM1,elevation profile,,,71,2188657.621,6026094.426,6.333,1.930,60.17,37.9910836,-122.3585822,CA zone III (EPSG:2227)
Giant Marsh,giant-marsh-final.csv,gm-1-ep-72,ep,GM1,elevation profile,,,72,2188657.942,6026098.053,6.340,1.932,61.28,37.9910847,-122.3585696,CA zone III (EPSG:2227)
Giant Marsh,giant-marsh-final.csv,gm-2-ep-1,ep,GM2,elevation profile,,,1,2188548.456,6025905.62,4.458,1.359,-2.61,37.9907736,-122.3592297,CA zone III (EPSG:2227)
Giant Marsh,giant-marsh-final.csv,gm-2-ep-2,ep,GM2,elevation profile,,,2,2188548.847,6025908.621,4.823,1.470,-1.69,37.9907748,-122.3592193,CA zone III (EPSG:2227)
Giant Marsh,giant-marsh-final.csv,gm-2-ep-3,ep,GM2,elevation profile,,,3,2188549.699,6025911.802,5.218,1.590,-0.68,37.9907773,-122.3592083,CA zone III (EPSG:2227)
Giant Marsh,giant-marsh-final.csv,gm-2-ep-4,ep,GM2,elevation profile,,,4,2188550.153,6025913.883,5.481,1.671,-0.04,37.9907787,-122.3592012,CA zone III (EPSG:2227)
Giant Marsh,giant-marsh-final.csv,gm-2-ep-5,ep,GM2,elevation profile,,,5,2188550.124,6025914.421,6.247,1.904,0.12,37.9907786,-122.3591993,CA zone III (EPSG:2227)
Giant Marsh,giant-marsh-final.csv,gm-2-ep-6,ep,GM2,elevation profile,,,6,2188550.515,6025915.894,6.637,2.023,0.59,37.9907798,-122.3591942,CA zone III (EPSG:2227)
Giant Marsh,giant-marsh-final.csv,gm-2-ep-7,ep,GM2,elevation profile,,,7,2188550.753,6025917.449,6.773,2.064,1.07,37.9907805,-122.3591888,CA zone III (EPSG:2227)
Giant Marsh,giant-marsh-final.csv,gm-2-ep-8,ep,GM2,elevation profile,,,8,2188551.363,6025920.407,6.924,2.110,1.99,37.9907824,-122.3591786,CA zone III (EPSG:2227)
Giant Marsh,giant-marsh-final.csv,gm-2-ep-9,ep,GM2,elevation profile,,,9,2188552.179,6025924.112,6.802,2.073,3.14,37.9907848,-122.3591658,CA zone III (EPSG:2227)
Giant Marsh,giant-marsh-final.csv,gm-2-ep-10,ep,GM2,elevation profile,,,10,2188552.95,6025926.815,6.646,2.026,4.00,37.9907871,-122.3591565,CA zone III (EPSG:2227)
Giant Marsh,giant-marsh-final.csv,gm-2-ep-11,ep,GM2,elevation profile,,,11,2188553.839,6025929.991,6.469,1.972,5.00,37.9907897,-122.3591455,CA zone III (EPSG:2227)
Giant Marsh,giant-marsh-final.csv,gm-2-ep-12,ep,GM2,elevation profile,,,12,2188554.338,6025933.097,6.378,1.944,5.96,37.9907912,-122.3591348,CA zone III (EPSG:2227)
Giant Marsh,giant-marsh-final.csv,gm-2-ep-13,ep,GM2,elevation profile,,,13,2188555.109,6025935.896,6.341,1.933,6.84,37.9907935,-122.3591251,CA zone III (EPSG:2227)
Giant Marsh,giant-marsh-final.csv,gm-2-ep-14,ep,GM2,elevation profile,,,14,2188555.912,6025939.487,6.324,1.928,7.96,37.9907959,-122.3591127,CA zone III (EPSG:2227)
Giant Marsh,giant-marsh-final.csv,gm-2-ep-15,ep,GM2,elevation profile,,,15,2188556.181,6025942.325,6.407,1.953,8.83,37.9907968,-122.3591029,CA zone III (EPSG:2227)
Giant Marsh,giant-marsh-final.csv,gm-2-ep-16,ep,GM2,elevation profile,,,16,2188556.743,6025945.436,6.368,1.941,9.79,37.9907985,-122.3590921,CA zone III (EPSG:2227)
Giant Marsh,giant-marsh-final.csv,gm-2-ep-17,ep,GM2,elevation profile,,,17,2188557.165,6025947.889,6.370,1.942,10.55,37.9907998,-122.3590837,CA zone III (EPSG:2227)
Giant Marsh,giant-marsh-final.csv,gm-2-ep-18,ep,GM2,elevation profile,,,18,2188557.76,6025950.439,6.435,1.961,11.35,37.9908016,-122.3590749,CA zone III (EPSG:2227)
Giant Marsh,giant-marsh-final.csv,gm-2-ep-19,ep,GM2,elevation profile,,,19,2188558.313,6025953.005,6.425,1.958,12.15,37.9908032,-122.3590660,CA zone III (EPSG:2227)
Giant Marsh,giant-marsh-final.csv,gm-2-ep-20,ep,GM2,elevation profile,,,20,2188558.861,6025955.954,6.415,1.955,13.06,37.9908049,-122.3590558,CA zone III (EPSG:2227)
Giant Marsh,giant-marsh-final.csv,gm-2-ep-21,ep,GM2,elevation profile,,,21,2188559.506,6025959.072,6.341,1.933,14.03,37.9908068,-122.3590450,CA zone III (EPSG:2227)
Giant Marsh,giant-marsh-final.csv,gm-2-ep-22,ep,GM2,elevation profile,,,22,2188559.994,6025961.516,6.429,1.960,14.79,37.9908083,-122.3590366,CA zone III (EPSG:2227)
Giant Marsh,giant-marsh-final.csv,gm-2-ep-23,ep,GM2,elevation profile,,,23,2188560.603,6025964.346,6.405,1.952,15.67,37.9908101,-122.3590268,CA zone III (EPSG:2227)
Giant Marsh,giant-marsh-final.csv,gm-2-ep-24,ep,GM2,elevation profile,,,24,2188561.053,6025967.012,6.394,1.949,16.50,37.9908115,-122.3590176,CA zone III (EPSG:2227)
Giant Marsh,giant-marsh-final.csv,gm-2-ep-25,ep,GM2,elevation profile,,,25,2188561.587,6025969.84,6.387,1.947,17.37,37.9908131,-122.3590078,CA zone III (EPSG:2227)
Giant Marsh,giant-marsh-final.csv,gm-2-ep-26,ep,GM2,elevation profile,,,26,2188562.3,6025972.991,6.355,1.937,18.36,37.9908153,-122.3589969,CA zone III (EPSG:2227)
Giant Marsh,giant-marsh-final.csv,gm-2-ep-27,ep,GM2,elevation profile,,,27,2188562.988,6025975.447,6.398,1.950,19.13,37.9908173,-122.3589885,CA zone III (EPSG:2227)
Giant Marsh,giant-marsh-final.csv,gm-2-ep-28,ep,GM2,elevation profile,,,28,2188563.481,6025978.427,6.353,1.936,20.05,37.9908188,-122.3589781,CA zone III (EPSG:2227)
Giant Marsh,giant-marsh-final.csv,gm-2-ep-29,ep,GM2,elevation profile,,,29,2188564.087,6025981.217,6.388,1.947,20.92,37.9908206,-122.3589685,CA zone III (EPSG:2227)
Giant Marsh,giant-marsh-final.csv,gm-2-ep-30,ep,GM2,elevation profile,,,30,2188564.568,6025983.66,6.301,1.921,21.68,37.9908221,-122.3589601,CA zone III (EPSG:2227)
Giant Marsh,giant-marsh-final.csv,gm-2-ep-31,ep,GM2,elevation profile,,,31,2188565.068,6025986.103,6.417,1.956,22.44,37.9908236,-122.3589516,CA zone III (EPSG:2227)
Giant Marsh,giant-marsh-final.csv,gm-2-ep-32,ep,GM2,elevation profile,,,32,2188565.448,6025988.393,6.360,1.939,23.15,37.9908248,-122.3589437,CA zone III (EPSG:2227)
Giant Marsh,giant-marsh-final.csv,gm-2-ep-33,ep,GM2,elevation profile,,,33,2188566.164,6025991.586,6.354,1.937,24.15,37.9908269,-122.3589327,CA zone III (EPSG:2227)
Giant Marsh,giant-marsh-final.csv,gm-2-ep-34,ep,GM2,elevation profile,,,34,2188566.739,6025993.754,6.339,1.932,24.83,37.9908286,-122.3589252,CA zone III (EPSG:2227)
Giant Marsh,giant-marsh-final.csv,gm-2-ep-35,ep,GM2,elevation profile,,,35,2188567.256,6025996.365,6.273,1.912,25.64,37.9908302,-122.3589162,CA zone III (EPSG:2227)
Giant Marsh,giant-marsh-final.csv,gm-2-ep-36,ep,GM2,elevation profile,,,36,2188568.664,6025999.923,6.251,1.905,26.79,37.9908342,-122.3589039,CA zone III (EPSG:2227)
Giant Marsh,giant-marsh-final.csv,gm-2-ep-37,ep,GM2,elevation profile,,,37,2188568.914,6026003.565,6.314,1.925,27.89,37.9908351,-122.3588913,CA zone III (EPSG:2227)
Giant Marsh,giant-marsh-final.csv,gm-2-ep-38,ep,GM2,elevation profile,,,38,2188570.062,6026007.302,6.319,1.926,29.08,37.9908385,-122.3588784,CA zone III (EPSG:2227)
Giant Marsh,giant-marsh-final.csv,gm-2-ep-39,ep,GM2,elevation profile,,,39,2188570.59,6026010.433,6.291,1.918,30.04,37.9908401,-122.3588676,CA zone III (EPSG:2227)
Giant Marsh,giant-marsh-final.csv,gm-2-ep-40,ep,GM2,elevation profile,,,40,2188570.874,6026013.454,6.301,1.921,30.96,37.9908410,-122.3588571,CA zone III (EPSG:2227)
Giant Marsh,giant-marsh-final.csv,gm-2-ep-41,ep,GM2,elevation profile,,,41,2188571.498,6026016.441,6.323,1.927,31.89,37.9908429,-122.3588468,CA zone III (EPSG:2227)
Giant Marsh,giant-marsh-final.csv,gm-2-ep-42,ep,GM2,elevation profile,,,42,2188572.565,6026020.49,6.272,1.912,33.17,37.9908461,-122.3588328,CA zone III (EPSG:2227)
Giant Marsh,giant-marsh-final.csv,gm-2-ep-43,ep,GM2,elevation profile,,,43,2188573.395,6026024.086,6.250,1.905,34.29,37.9908485,-122.3588204,CA zone III (EPSG:2227)
Giant Marsh,giant-marsh-final.csv,gm-2-ep-44,ep,GM2,elevation profile,,,44,2188573.998,6026027,6.238,1.901,35.20,37.9908503,-122.3588104,CA zone III (EPSG:2227)
Giant Marsh,giant-marsh-final.csv,gm-2-ep-45,ep,GM2,elevation profile,,,45,2188574.497,6026029.602,6.163,1.878,36.01,37.9908519,-122.3588014,CA zone III (EPSG:2227)
Giant Marsh,giant-marsh-final.csv,gm-2-ep-46,ep,GM2,elevation profile,,,46,2188574.517,6026030.944,5.886,1.794,36.41,37.9908520,-122.3587967,CA zone III (EPSG:2227)
Giant Marsh,giant-marsh-final.csv,gm-2-ep-47,ep,GM2,elevation profile,,,47,2188574.793,6026032.704,4.779,1.457,36.95,37.9908528,-122.3587906,CA zone III (EPSG:2227)
Giant Marsh,giant-marsh-final.csv,gm-2-ep-48,ep,GM2,elevation profile,,,48,2188575.295,6026035.897,6.082,1.854,37.94,37.9908544,-122.3587796,CA zone III (EPSG:2227)
Giant Marsh,giant-marsh-final.csv,gm-2-ep-49,ep,GM2,elevation profile,,,49,2188575.951,6026038.593,4.698,1.432,38.78,37.9908563,-122.3587703,CA zone III (EPSG:2227)
Giant Marsh,giant-marsh-final.csv,gm-2-ep-50,ep,GM2,elevation profile,,,50,2188576.959,6026039.975,6.273,1.912,39.26,37.9908592,-122.3587655,CA zone III (EPSG:2227)
Giant Marsh,giant-marsh-final.csv,gm-2-ep-51,ep,GM2,elevation profile,,,51,2188577.212,6026042.11,6.260,1.908,39.91,37.9908600,-122.3587582,CA zone III (EPSG:2227)
Giant Marsh,giant-marsh-final.csv,gm-2-ep-52,ep,GM2,elevation profile,,,52,2188577.415,6026044.783,6.268,1.910,40.72,37.9908607,-122.3587489,CA zone III (EPSG:2227)
Giant Marsh,giant-marsh-final.csv,gm-2-ep-53,ep,GM2,elevation profile,,,53,2188578.095,6026048.173,6.185,1.885,41.77,37.9908627,-122.3587372,CA zone III (EPSG:2227)
Giant Marsh,giant-marsh-final.csv,gm-2-ep-54,ep,GM2,elevation profile,,,54,2188578.634,6026051.258,6.172,1.881,42.73,37.9908644,-122.3587265,CA zone III (EPSG:2227)
Giant Marsh,giant-marsh-final.csv,gm-2-ep-55,ep,GM2,elevation profile,,,55,2188579.283,6026054.579,6.222,1.896,43.76,37.9908664,-122.3587150,CA zone III (EPSG:2227)
Giant Marsh,giant-marsh-final.csv,gm-2-ep-56,ep,GM2,elevation profile,,,56,2188580.115,6026058.019,6.224,1.897,44.84,37.9908688,-122.3587032,CA zone III (EPSG:2227)
Giant Marsh,giant-marsh-final.csv,gm-2-ep-57,ep,GM2,elevation profile,,,57,2188580.781,6026061.187,6.298,1.920,45.82,37.9908708,-122.3586922,CA zone III (EPSG:2227)
Giant Marsh,giant-marsh-final.csv,gm-2-ep-58,ep,GM2,elevation profile,,,58,2188581.311,6026064.091,6.224,1.897,46.72,37.9908724,-122.3586822,CA zone III (EPSG:2227)
Giant Marsh,giant-marsh-final.csv,gm-2-ep-59,ep,GM2,elevation profile,,,59,2188582.621,6026068.047,6.280,1.914,47.98,37.9908763,-122.3586685,CA zone III (EPSG:2227)
Giant Marsh,giant-marsh-final.csv,gm-2-ep-60,ep,GM2,elevation profile,,,60,2188583.704,6026070.824,6.304,1.921,48.88,37.9908794,-122.3586590,CA zone III (EPSG:2227)
Giant Marsh,giant-marsh-final.csv,gm-2-ep-61,ep,GM2,elevation profile,,,61,2188583.893,6026073.152,6.326,1.928,49.59,37.9908800,-122.3586509,CA zone III (EPSG:2227)
Giant Marsh,giant-marsh-final.csv,gm-2-ep-62,ep,GM2,elevation profile,,,62,2188584.734,6026076.079,6.270,1.911,50.51,37.9908825,-122.3586408,CA zone III (EPSG:2227)
Giant Marsh,giant-marsh-final.csv,gm-2-ep-63,ep,GM2,elevation profile,,,63,2188586.024,6026079.531,6.329,1.929,51.62,37.9908862,-122.3586289,CA zone III (EPSG:2227)
Giant Marsh,giant-marsh-final.csv,gm-2-ep-64,ep,GM2,elevation profile,,,64,2188586.857,6026082.618,6.247,1.904,52.59,37.9908887,-122.3586183,CA zone III (EPSG:2227)
Giant Marsh,giant-marsh-final.csv,gm-2-ep-65,ep,GM2,elevation profile,,,65,2188587.112,6026086.358,6.225,1.897,53.73,37.9908896,-122.3586053,CA zone III (EPSG:2227)
Giant Marsh,giant-marsh-final.csv,gm-2-ep-66,ep,GM2,elevation profile,,,66,2188587.969,6026089.735,6.312,1.924,54.79,37.9908921,-122.3585937,CA zone III (EPSG:2227)
Giant Marsh,giant-marsh-final.csv,gm-2-ep-67,ep,GM2,elevation profile,,,67,2188589.46,6026093.358,6.252,1.906,55.96,37.9908964,-122.3585812,CA zone III (EPSG:2227)
Giant Marsh,giant-marsh-final.csv,gm-2-ep-68,ep,GM2,elevation profile,,,68,2188589.89,6026096.585,6.227,1.898,56.95,37.9908978,-122.3585700,CA zone III (EPSG:2227)
Giant Marsh,giant-marsh-final.csv,gm-2-ep-69,ep,GM2,elevation profile,,,69,2188590.523,6026099.103,6.298,1.920,57.74,37.9908996,-122.3585613,CA zone III (EPSG:2227)
Giant Marsh,giant-marsh-final.csv,gm-2-ep-70,ep,GM2,elevation profile,,,70,2188590.23,6026101.388,6.271,1.911,58.40,37.9908990,-122.3585534,CA zone III (EPSG:2227)
Giant Marsh,giant-marsh-final.csv,RTCM0000,base,,base,,,,2193701.475,6050864.199,105.642,32.200,,38.0062522,-122.2729769,CA zone III (EPSG:2227)
Bucks Landing,bucks-landing-final.csv,benchmark-start-1,benchmark,,benchmark start,,,,2196783.188,5986419.018,8.359,2.548,,38.0111492,-122.4968280,CA zone III (EPSG:2227)
Bucks Landing,bucks-landing-final.csv,benchmark-start-2,benchmark,,benchmark start,,,,2196783.157,5986419.1,8.367,2.550,,38.0111491,-122.4968277,CA zone III (EPSG:2227)
Bucks Landing,bucks-landing-final.csv,benchmark-start-3,benchmark,,benchmark start,,,,2196783.158,5986419.105,8.357,2.547,,38.0111491,-122.4968276,CA zone III (EPSG:2227)
Bucks Landing,bucks-landing-final.csv,benchmark-final-1,benchmark,,benchmark end,,,,2196783.235,5986419.011,8.286,2.526,,38.0111493,-122.4968280,CA zone III (EPSG:2227)
Bucks Landing,bucks-landing-final.csv,benchmark-final-2,benchmark,,benchmark end,,,,2196783.176,5986419.081,8.277,2.523,,38.0111492,-122.4968277,CA zone III (EPSG:2227)
Bucks Landing,bucks-landing-final.csv,benchmark-final-3,benchmark,,benchmark end,,,,2196783.177,5986419.073,8.280,2.524,,38.0111492,-122.4968278,CA zone III (EPSG:2227)
Bucks Landing,bucks-landing-final.csv,bl-1-tile-0.5-a,tile,BL1,tile,0.5,a,,2198540.464,5984802.229,5.474,1.668,0.00,38.0158791,-122.5025690,CA zone III (EPSG:2227)
Bucks Landing,bucks-landing-final.csv,bl-1-tile-0.5-b,tile,BL1,tile,0.5,b,,2198540.414,5984802.764,5.496,1.675,0.01,38.0158789,-122.5025672,CA zone III (EPSG:2227)
Bucks Landing,bucks-landing-final.csv,bl-1-tile-0.5-c,tile,BL1,tile,0.5,c,,2198540.469,5984803.313,5.516,1.681,-0.02,38.0158791,-122.5025653,CA zone III (EPSG:2227)
Bucks Landing,bucks-landing-final.csv,bl-1-tile-2-a,tile,BL1,tile,2,a,,2198535.251,5984802.452,5.822,1.775,1.58,38.0158648,-122.5025679,CA zone III (EPSG:2227)
Bucks Landing,bucks-landing-final.csv,bl-1-tile-2-b,tile,BL1,tile,2,b,,2198535.26,5984802.904,5.816,1.773,1.57,38.0158648,-122.5025663,CA zone III (EPSG:2227)
Bucks Landing,bucks-landing-final.csv,bl-1-tile-2-c,tile,BL1,tile,2,c,,2198535.106,5984803.533,5.806,1.770,1.61,38.0158644,-122.5025641,CA zone III (EPSG:2227)
Bucks Landing,bucks-landing-final.csv,bl-1-tile-6-a,tile,BL1,tile,6,a,,2198522.622,5984802.346,5.940,1.811,5.43,38.0158301,-122.5025673,CA zone III (EPSG:2227)
Bucks Landing,bucks-landing-final.csv,bl-1-tile-6-b,tile,BL1,tile,6,b,,2198522.537,5984802.94,5.929,1.807,5.45,38.0158299,-122.5025652,CA zone III (EPSG:2227)
Bucks Landing,bucks-landing-final.csv,bl-1-tile-6-c,tile,BL1,tile,6,c,,2198522.431,5984803.545,5.931,1.808,5.47,38.0158296,-122.5025631,CA zone III (EPSG:2227)
Bucks Landing,bucks-landing-final.csv,bl-1-tile-12-a,tile,BL1,tile,12,a,,2198502.869,5984801.05,6.051,1.844,11.46,38.0157758,-122.5025703,CA zone III (EPSG:2227)
Bucks Landing,bucks-landing-final.csv,bl-1-tile-12-b,tile,BL1,tile,12,b,,2198502.773,5984801.507,6.078,1.853,11.49,38.0157755,-122.5025687,CA zone III (EPSG:2227)
Bucks Landing,bucks-landing-final.csv,bl-1-tile-12-c,tile,BL1,tile,12,c,,2198502.758,5984801.877,6.067,1.849,11.48,38.0157755,-122.5025674,CA zone III (EPSG:2227)
Bucks Landing,bucks-landing-final.csv,bl-1-tile-18-a,tile,BL1,tile,18,a,,2198483.416,5984800.315,6.112,1.863,17.40,38.0157223,-122.5025714,CA zone III (EPSG:2227)
Bucks Landing,bucks-landing-final.csv,bl-1-tile-18-b,tile,BL1,tile,18,b,,2198483.263,5984800.663,6.120,1.865,17.44,38.0157219,-122.5025702,CA zone III (EPSG:2227)
Bucks Landing,bucks-landing-final.csv,bl-1-tile-18-c,tile,BL1,tile,18,c,,2198483.169,5984801.121,6.128,1.868,17.46,38.0157217,-122.5025686,CA zone III (EPSG:2227)
Bucks Landing,bucks-landing-final.csv,bl-1-tile-24-a,tile,BL1,tile,24,a,,2198463.678,5984799.287,6.096,1.858,23.42,38.0156681,-122.5025735,CA zone III (EPSG:2227)
Bucks Landing,bucks-landing-final.csv,bl-1-tile-24-b,tile,BL1,tile,24,b,,2198463.654,5984799.757,6.115,1.864,23.42,38.0156680,-122.5025719,CA zone III (EPSG:2227)
Bucks Landing,bucks-landing-final.csv,bl-1-tile-24-c,tile,BL1,tile,24,c,,2198463.415,5984800.352,6.130,1.868,23.48,38.0156674,-122.5025698,CA zone III (EPSG:2227)
Bucks Landing,bucks-landing-final.csv,bl-1-tile-48-a,tile,BL1,tile,48,a,,2198385.112,5984794.746,6.033,1.839,47.41,38.0154521,-122.5025835,CA zone III (EPSG:2227)
Bucks Landing,bucks-landing-final.csv,bl-1-tile-48-b,tile,BL1,tile,48,b,,2198384.976,5984795.18,6.032,1.839,47.44,38.0154517,-122.5025819,CA zone III (EPSG:2227)
Bucks Landing,bucks-landing-final.csv,bl-1-tile-48-c,tile,BL1,tile,48,c,,2198384.805,5984795.673,6.045,1.843,47.49,38.0154513,-122.5025802,CA zone III (EPSG:2227)
Bucks Landing,bucks-landing-final.csv,bl-2-tile-0.5-a,tile,BL2,tile,0.5,a,,2198542.996,5984839.463,5.400,1.646,0.00,38.0158882,-122.5024400,CA zone III (EPSG:2227)
Bucks Landing,bucks-landing-final.csv,bl-2-tile-0.5-b,tile,BL2,tile,0.5,b,,2198542.918,5984840.044,5.370,1.637,0.00,38.0158880,-122.5024380,CA zone III (EPSG:2227)
Bucks Landing,bucks-landing-final.csv,bl-2-tile-0.5-c,tile,BL2,tile,0.5,c,,2198542.873,5984840.613,5.378,1.639,-0.00,38.0158879,-122.5024360,CA zone III (EPSG:2227)
Bucks Landing,bucks-landing-final.csv,bl-2-tile-2-a,tile,BL2,tile,2,a,,2198538.425,5984838.811,5.869,1.789,1.41,38.0158756,-122.5024419,CA zone III (EPSG:2227)
Bucks Landing,bucks-landing-final.csv,bl-2-tile-2-b,tile,BL2,tile,2,b,,2198538.307,5984839.284,5.877,1.791,1.43,38.0158753,-122.5024403,CA zone III (EPSG:2227)
Bucks Landing,bucks-landing-final.csv,bl-2-tile-2-c,tile,BL2,tile,2,c,,2198538.211,5984839.725,5.886,1.794,1.44,38.0158751,-122.5024387,CA zone III (EPSG:2227)
Bucks Landing,bucks-landing-final.csv,bl-2-tile-6-a,tile,BL2,tile,6,a,,2198525.303,5984837.632,6.036,1.840,5.42,38.0158395,-122.5024450,CA zone III (EPSG:2227)
Bucks Landing,bucks-landing-final.csv,bl-2-tile-6-b,tile,BL2,tile,6,b,,2198525.252,5984838.084,6.025,1.836,5.42,38.0158394,-122.5024435,CA zone III (EPSG:2227)
Bucks Landing,bucks-landing-final.csv,bl-2-tile-6-c,tile,BL2,tile,6,c,,2198525.032,5984838.474,6.055,1.846,5.47,38.0158388,-122.5024421,CA zone III (EPSG:2227)
Bucks Landing,bucks-landing-final.csv,bl-2-tile-12-a,tile,BL2,tile,12,a,,2198505.676,5984835.091,6.034,1.839,11.45,38.0157855,-122.5024524,CA zone III (EPSG:2227)
Bucks Landing,bucks-landing-final.csv,bl-2-tile-12-b,tile,BL2,tile,12,b,,2198505.62,5984835.653,6.046,1.843,11.45,38.0157854,-122.5024504,CA zone III (EPSG:2227)
Bucks Landing,bucks-landing-final.csv,bl-2-tile-12-c,tile,BL2,tile,12,c,,2198505.48,5984836.147,6.047,1.843,11.47,38.0157850,-122.5024487,CA zone III (EPSG:2227)
Bucks Landing,bucks-landing-final.csv,bl-2-tile-18-a,tile,BL2,tile,18,a,,2198486.284,5984832.465,6.052,1.845,17.42,38.0157321,-122.5024601,CA zone III (EPSG:2227)
Bucks Landing,bucks-landing-final.csv,bl-2-tile-18-b,tile,BL2,tile,18,b,,2198486.166,5984832.941,6.089,1.856,17.44,38.0157318,-122.5024584,CA zone III (EPSG:2227)
Bucks Landing,bucks-landing-final.csv,bl-2-tile-18-c,tile,BL2,tile,18,c,,2198486.033,5984833.438,6.073,1.851,17.46,38.0157314,-122.5024567,CA zone III (EPSG:2227)
Bucks Landing,bucks-landing-final.csv,bl-2-tile-24-a,tile,BL2,tile,24,a,,2198466.704,5984830.189,6.060,1.847,23.43,38.0156782,-122.5024665,CA zone III (EPSG:2227)
Bucks Landing,bucks-landing-final.csv,bl-2-tile-24-b,tile,BL2,tile,24,b,,2198466.551,5984830.82,6.068,1.850,23.45,38.0156778,-122.5024643,CA zone III (EPSG:2227)
Bucks Landing,bucks-landing-final.csv,bl-2-tile-24-c,tile,BL2,tile,24,c,,2198466.558,5984831.351,6.098,1.859,23.43,38.0156779,-122.5024625,CA zone III (EPSG:2227)
Bucks Landing,bucks-landing-final.csv,bl-2-tile-48-a,tile,BL2,tile,48,a,,2198388.632,5984820.865,6.075,1.852,47.39,38.0154633,-122.5024931,CA zone III (EPSG:2227)
Bucks Landing,bucks-landing-final.csv,bl-2-tile-48-b,tile,BL2,tile,48,b,,2198388.51,5984821.365,6.067,1.849,47.41,38.0154630,-122.5024913,CA zone III (EPSG:2227)
Bucks Landing,bucks-landing-final.csv,bl-2-tile-48-c,tile,BL2,tile,48,c,,2198388.321,5984822.07,6.063,1.848,47.44,38.0154625,-122.5024889,CA zone III (EPSG:2227)
Bucks Landing,bucks-landing-final.csv,bl-1-green-0.5-a,green,BL1,green,0.5,a,,2198540.629,5984803.922,5.520,1.682,-0.08,38.0158796,-122.5025632,CA zone III (EPSG:2227)
Bucks Landing,bucks-landing-final.csv,bl-1-green-0.5-b,green,BL1,green,0.5,b,,2198540.609,5984804.471,5.514,1.681,-0.08,38.0158796,-122.5025613,CA zone III (EPSG:2227)
Bucks Landing,bucks-landing-final.csv,bl-1-green-0.5-c,green,BL1,green,0.5,c,,2198540.777,5984805.113,5.459,1.664,-0.14,38.0158801,-122.5025590,CA zone III (EPSG:2227)
Bucks Landing,bucks-landing-final.csv,bl-1-green-2-a,green,BL1,green,2,a,,2198535.05,5984804.008,5.764,1.757,1.62,38.0158643,-122.5025625,CA zone III (EPSG:2227)
Bucks Landing,bucks-landing-final.csv,bl-1-green-2-b,green,BL1,green,2,b,,2198535.003,5984804.617,5.804,1.769,1.63,38.0158642,-122.5025603,CA zone III (EPSG:2227)
Bucks Landing,bucks-landing-final.csv,bl-1-green-2-c,green,BL1,green,2,c,,2198534.816,5984805.268,5.825,1.775,1.67,38.0158637,-122.5025581,CA zone III (EPSG:2227)
Bucks Landing,bucks-landing-final.csv,bl-1-green-6-a,green,BL1,green,6,a,,2198522.293,5984803.997,5.925,1.806,5.51,38.0158293,-122.5025615,CA zone III (EPSG:2227)
Bucks Landing,bucks-landing-final.csv,bl-1-green-6-b,green,BL1,green,6,b,,2198522.191,5984804.699,5.919,1.804,5.53,38.0158290,-122.5025591,CA zone III (EPSG:2227)
Bucks Landing,bucks-landing-final.csv,bl-1-green-6-c,green,BL1,green,6,c,,2198522.041,5984805.402,5.932,1.808,5.56,38.0158287,-122.5025566,CA zone III (EPSG:2227)
Bucks Landing,bucks-landing-final.csv,bl-1-green-12-a,green,BL1,green,12,a,,2198502.82,5984802.246,6.101,1.860,11.46,38.0157757,-122.5025662,CA zone III (EPSG:2227)
Bucks Landing,bucks-landing-final.csv,bl-1-green-12-b,green,BL1,green,12,b,,2198502.667,5984802.856,6.107,1.861,11.50,38.0157753,-122.5025640,CA zone III (EPSG:2227)
Bucks Landing,bucks-landing-final.csv,bl-1-green-12-c,green,BL1,green,12,c,,2198502.587,5984803.575,6.067,1.849,11.51,38.0157751,-122.5025615,CA zone III (EPSG:2227)
Bucks Landing,bucks-landing-final.csv,bl-1-green-18-a,green,BL1,green,18,a,,2198482.993,5984801.783,6.139,1.871,17.50,38.0157212,-122.5025663,CA zone III (EPSG:2227)
Bucks Landing,bucks-landing-final.csv,bl-1-green-18-b,green,BL1,green,18,b,,2198483,5984802.35,6.131,1.869,17.49,38.0157213,-122.5025643,CA zone III (EPSG:2227)
Bucks Landing,bucks-landing-final.csv,bl-1-green-18-c,green,BL1,green,18,c,,2198482.794,5984803.08,6.134,1.870,17.55,38.0157208,-122.5025618,CA zone III (EPSG:2227)
Bucks Landing,bucks-landing-final.csv,bl-1-green-24-a,green,BL1,green,24,a,,2198463.295,5984800.867,6.160,1.878,23.51,38.0156671,-122.5025680,CA zone III (EPSG:2227)
Bucks Landing,bucks-landing-final.csv,bl-1-green-24-b,green,BL1,green,24,b,,2198463.185,5984801.531,6.128,1.868,23.54,38.0156668,-122.5025657,CA zone III (EPSG:2227)
Bucks Landing,bucks-landing-final.csv,bl-1-green-24-c,green,BL1,green,24,c,,2198462.971,5984802.181,6.138,1.871,23.59,38.0156663,-122.5025634,CA zone III (EPSG:2227)
Bucks Landing,bucks-landing-final.csv,bl-1-green-48-a,green,BL1,green,48,a,,2198384.512,5984796.227,6.059,1.847,47.57,38.0154505,-122.5025783,CA zone III (EPSG:2227)
Bucks Landing,bucks-landing-final.csv,bl-1-green-48-b,green,BL1,green,48,b,,2198384.488,5984796.871,6.071,1.850,47.57,38.0154505,-122.5025760,CA zone III (EPSG:2227)
Bucks Landing,bucks-landing-final.csv,bl-1-green-48-c,green,BL1,green,48,c,,2198384.214,5984797.556,6.078,1.853,47.64,38.0154498,-122.5025736,CA zone III (EPSG:2227)
Bucks Landing,bucks-landing-final.csv,bl-2-green-0.5-a,green,BL2,green,0.5,a,,2198542.764,5984841.088,5.404,1.647,0.01,38.0158877,-122.5024343,CA zone III (EPSG:2227)
Bucks Landing,bucks-landing-final.csv,bl-2-green-0.5-b,green,BL2,green,0.5,b,,2198542.577,5984841.74,5.451,1.661,0.04,38.0158872,-122.5024321,CA zone III (EPSG:2227)
Bucks Landing,bucks-landing-final.csv,bl-2-green-0.5-c,green,BL2,green,0.5,c,,2198542.396,5984842.485,5.440,1.658,0.07,38.0158867,-122.5024295,CA zone III (EPSG:2227)
Bucks Landing,bucks-landing-final.csv,bl-2-green-2-a,green,BL2,green,2,a,,2198538.016,5984840.117,5.894,1.796,1.48,38.0158746,-122.5024374,CA zone III (EPSG:2227)
Bucks Landing,bucks-landing-final.csv,bl-2-green-2-b,green,BL2,green,2,b,,2198537.88,5984840.734,5.907,1.800,1.50,38.0158742,-122.5024352,CA zone III (EPSG:2227)
Bucks Landing,bucks-landing-final.csv,bl-2-green-2-c,green,BL2,green,2,c,,2198537.915,5984841.328,5.922,1.805,1.47,38.0158744,-122.5024331,CA zone III (EPSG:2227)
Bucks Landing,bucks-landing-final.csv,bl-2-green-6-a,green,BL2,green,6,a,,2198524.96,5984839.284,6.060,1.847,5.46,38.0158387,-122.5024393,CA zone III (EPSG:2227)
Bucks Landing,bucks-landing-final.csv,bl-2-green-6-b,green,BL2,green,6,b,,2198524.799,5984839.86,6.029,1.838,5.49,38.0158383,-122.5024373,CA zone III (EPSG:2227)
Bucks Landing,bucks-landing-final.csv,bl-2-green-6-c,green,BL2,green,6,c,,2198524.836,5984840.477,6.038,1.840,5.46,38.0158384,-122.5024351,CA zone III (EPSG:2227)
Bucks Landing,bucks-landing-final.csv,bl-2-green-12-a,green,BL2,green,12,a,,2198505.32,5984836.697,6.055,1.846,11.50,38.0157846,-122.5024468,CA zone III (EPSG:2227)
Bucks Landing,bucks-landing-final.csv,bl-2-green-12-b,green,BL2,green,12,b,,2198505.202,5984837.426,6.050,1.844,11.51,38.0157843,-122.5024443,CA zone III (EPSG:2227)
Bucks Landing,bucks-landing-final.csv,bl-2-green-12-c,green,BL2,green,12,c,,2198505.044,5984837.985,6.060,1.847,11.54,38.0157839,-122.5024423,CA zone III (EPSG:2227)
Bucks Landing,bucks-landing-final.csv,bl-2-green-18-a,green,BL2,green,18,a,,2198485.871,5984834.106,6.087,1.855,17.48,38.0157310,-122.5024543,CA zone III (EPSG:2227)
Bucks Landing,bucks-landing-final.csv,bl-2-green-18-b,green,BL2,green,18,b,,2198485.593,5984834.72,6.097,1.858,17.54,38.0157303,-122.5024522,CA zone III (EPSG:2227)
Bucks Landing,bucks-landing-final.csv,bl-2-green-18-c,green,BL2,green,18,c,,2198485.356,5984835.308,6.067,1.849,17.59,38.0157297,-122.5024501,CA zone III (EPSG:2227)
Bucks Landing,bucks-landing-final.csv,bl-2-green-24-a,green,BL2,green,24,a,,2198466.417,5984831.915,6.069,1.850,23.45,38.0156775,-122.5024605,CA zone III (EPSG:2227)
Bucks Landing,bucks-landing-final.csv,bl-2-green-24-b,green,BL2,green,24,b,,2198466.277,5984832.629,6.062,1.848,23.47,38.0156772,-122.5024580,CA zone III (EPSG:2227)
Bucks Landing,bucks-landing-final.csv,bl-2-green-24-c,green,BL2,green,24,c,,2198466.097,5984833.212,6.104,1.861,23.50,38.0156767,-122.5024560,CA zone III (EPSG:2227)
Bucks Landing,bucks-landing-final.csv,bl-2-green-48-a,green,BL2,green,48,a,,2198388.506,5984822.698,6.059,1.847,47.36,38.0154630,-122.5024867,CA zone III (EPSG:2227)
Bucks Landing,bucks-landing-final.csv,bl-2-green-48-b,green,BL2,green,48,b,,2198388.382,5984823.23,6.062,1.848,47.38,38.0154627,-122.5024849,CA zone III (EPSG:2227)
Bucks Landing,bucks-landing-final.csv,bl-2-green-48-c,green,BL2,green,48,c,,2198388.29,5984824.027,6.101,1.860,47.38,38.0154625,-122.5024821,CA zone III (EPSG:2227)
Bucks Landing,bucks-landing-final.csv,bl-1-real-ep-1,ep,BL1,elevation profile,,,1,2198547.692,5984803.038,4.951,1.509,-2.21,38.0158989,-122.5025668,CA zone III (EPSG:2227)
Bucks Landing,bucks-landing-final.csv,bl-1-real-ep-2,ep,BL1,elevation profile,,,2,2198546.054,5984802.873,5.020,1.530,-1.71,38.0158944,-122.5025672,CA zone III (EPSG:2227)
Bucks Landing,bucks-landing-final.csv,bl-1-real-ep-3,ep,BL1,elevation profile,,,3,2198544.299,5984802.678,5.203,1.586,-1.17,38.0158896,-122.5025678,CA zone III (EPSG:2227)
Bucks Landing,bucks-landing-final.csv,bl-1-real-ep-4,ep,BL1,elevation profile,,,4,2198542.999,5984802.796,5.329,1.624,-0.78,38.0158860,-122.5025672,CA zone III (EPSG:2227)
Bucks Landing,bucks-landing-final.csv,bl-1-real-ep-5,ep,BL1,elevation profile,,,5,2198541.335,5984802.542,5.415,1.650,-0.27,38.0158815,-122.5025680,CA zone III (EPSG:2227)
Bucks Landing,bucks-landing-final.csv,bl-1-real-ep-6,ep,BL1,elevation profile,,,6,2198539.203,5984802.515,5.612,1.711,0.38,38.0158756,-122.5025679,CA zone III (EPSG:2227)
Bucks Landing,bucks-landing-final.csv,bl-1-real-ep-7,ep,BL1,elevation profile,,,7,2198536.658,5984802.517,5.782,1.762,1.15,38.0158686,-122.5025677,CA zone III (EPSG:2227)
Bucks Landing,bucks-landing-final.csv,bl-1-real-ep-8,ep,BL1,elevation profile,,,8,2198533.819,5984802.362,5.780,1.762,2.02,38.0158608,-122.5025681,CA zone III (EPSG:2227)
Bucks Landing,bucks-landing-final.csv,bl-1-real-ep-9,ep,BL1,elevation profile,,,9,2198531.943,5984802.448,5.788,1.764,2.59,38.0158557,-122.5025676,CA zone III (EPSG:2227)
Bucks Landing,bucks-landing-final.csv,bl-1-ep-10,ep,BL1,elevation profile,,,10,2198529.796,5984802.378,5.830,1.777,3.25,38.0158498,-122.5025677,CA zone III (EPSG:2227)
Bucks Landing,bucks-landing-final.csv,bl-1-ep-11,ep,BL1,elevation profile,,,11,2198527.134,5984802.325,5.884,1.793,4.06,38.0158425,-122.5025677,CA zone III (EPSG:2227)
Bucks Landing,bucks-landing-final.csv,bl-1-ep-12,ep,BL1,elevation profile,,,12,2198524.572,5984802.085,5.885,1.794,4.84,38.0158354,-122.5025683,CA zone III (EPSG:2227)
Bucks Landing,bucks-landing-final.csv,bl-1-ep-13,ep,BL1,elevation profile,,,13,2198521.997,5984801.636,5.919,1.804,5.63,38.0158283,-122.5025697,CA zone III (EPSG:2227)
Bucks Landing,bucks-landing-final.csv,bl-1-ep-14,ep,BL1,elevation profile,,,14,2198519.192,5984801.909,5.954,1.815,6.48,38.0158206,-122.5025686,CA zone III (EPSG:2227)
Bucks Landing,bucks-landing-final.csv,bl-1-ep-15,ep,BL1,elevation profile,,,15,2198516.536,5984801.65,5.934,1.809,7.29,38.0158133,-122.5025693,CA zone III (EPSG:2227)
Bucks Landing,bucks-landing-final.csv,bl-1-ep-16,ep,BL1,elevation profile,,,16,2198512.66,5984801.307,5.977,1.822,8.48,38.0158027,-122.5025702,CA zone III (EPSG:2227)
Bucks Landing,bucks-landing-final.csv,bl-1-ep-17,ep,BL1,elevation profile,,,17,2198509.584,5984801.236,6.005,1.830,9.42,38.0157942,-122.5025702,CA zone III (EPSG:2227)
Bucks Landing,bucks-landing-final.csv,bl-1-ep-18,ep,BL1,elevation profile,,,18,2198505.994,5984801.117,6.066,1.849,10.51,38.0157843,-122.5025703,CA zone III (EPSG:2227)
Bucks Landing,bucks-landing-final.csv,bl-1-ep-19,ep,BL1,elevation profile,,,19,2198503.453,5984800.701,6.063,1.848,11.29,38.0157773,-122.5025716,CA zone III (EPSG:2227)
Bucks Landing,bucks-landing-final.csv,bl-1-ep-20,ep,BL1,elevation profile,,,20,2198500.303,5984800.46,6.051,1.844,12.25,38.0157687,-122.5025722,CA zone III (EPSG:2227)
Bucks Landing,bucks-landing-final.csv,bl-1-ep-21,ep,BL1,elevation profile,,,21,2198497.752,5984800.733,6.061,1.847,13.03,38.0157617,-122.5025710,CA zone III (EPSG:2227)
Bucks Landing,bucks-landing-final.csv,bl-1-ep-22,ep,BL1,elevation profile,,,22,2198495.388,5984800.656,6.068,1.850,13.75,38.0157552,-122.5025711,CA zone III (EPSG:2227)
Bucks Landing,bucks-landing-final.csv,bl-1-ep-23,ep,BL1,elevation profile,,,23,2198491.971,5984800.38,6.062,1.848,14.79,38.0157458,-122.5025718,CA zone III (EPSG:2227)
Bucks Landing,bucks-landing-final.csv,bl-1-ep-24,ep,BL1,elevation profile,,,24,2198488.176,5984800.383,6.083,1.854,15.95,38.0157354,-122.5025716,CA zone III (EPSG:2227)
Bucks Landing,bucks-landing-final.csv,bl-1-ep-25,ep,BL1,elevation profile,,,25,2198485.267,5984800.019,6.084,1.854,16.84,38.0157274,-122.5025726,CA zone III (EPSG:2227)
Bucks Landing,bucks-landing-final.csv,bl-1-ep-26,ep,BL1,elevation profile,,,26,2198481.231,5984799.443,6.106,1.861,18.07,38.0157163,-122.5025743,CA zone III (EPSG:2227)
Bucks Landing,bucks-landing-final.csv,bl-1-ep-27,ep,BL1,elevation profile,,,27,2198477.862,5984799.626,6.135,1.870,19.10,38.0157070,-122.5025734,CA zone III (EPSG:2227)
Bucks Landing,bucks-landing-final.csv,bl-1-ep-28,ep,BL1,elevation profile,,,28,2198474.379,5984799.506,6.111,1.863,20.16,38.0156975,-122.5025736,CA zone III (EPSG:2227)
Bucks Landing,bucks-landing-final.csv,bl-1-ep-29,ep,BL1,elevation profile,,,29,2198471.07,5984799.406,6.083,1.854,21.17,38.0156884,-122.5025737,CA zone III (EPSG:2227)
Bucks Landing,bucks-landing-final.csv,bl-1-ep-30,ep,BL1,elevation profile,,,30,2198467.953,5984799.216,6.077,1.852,22.12,38.0156798,-122.5025741,CA zone III (EPSG:2227)
Bucks Landing,bucks-landing-final.csv,bl-1-ep-31,ep,BL1,elevation profile,,,31,2198464.734,5984798.834,6.097,1.858,23.11,38.0156709,-122.5025752,CA zone III (EPSG:2227)
Bucks Landing,bucks-landing-final.csv,bl-1-ep-32,ep,BL1,elevation profile,,,32,2198462.171,5984798.672,6.098,1.859,23.89,38.0156639,-122.5025756,CA zone III (EPSG:2227)
Bucks Landing,bucks-landing-final.csv,bl-1-ep-33,ep,BL1,elevation profile,,,33,2198459.078,5984798.67,6.124,1.867,24.83,38.0156554,-122.5025753,CA zone III (EPSG:2227)
Bucks Landing,bucks-landing-final.csv,bl-1-ep-34,ep,BL1,elevation profile,,,34,2198455.689,5984798.277,6.133,1.869,25.87,38.0156461,-122.5025764,CA zone III (EPSG:2227)
Bucks Landing,bucks-landing-final.csv,bl-1-ep-35,ep,BL1,elevation profile,,,35,2198451.672,5984797.538,6.157,1.877,27.10,38.0156350,-122.5025787,CA zone III (EPSG:2227)
Bucks Landing,bucks-landing-final.csv,bl-1-ep-36,ep,BL1,elevation profile,,,36,2198447.761,5984797.149,6.158,1.877,28.30,38.0156242,-122.5025798,CA zone III (EPSG:2227)
Bucks Landing,bucks-landing-final.csv,bl-1-ep-37,ep,BL1,elevation profile,,,37,2198443.656,5984796.729,6.154,1.876,29.55,38.0156129,-122.5025809,CA zone III (EPSG:2227)
Bucks Landing,bucks-landing-final.csv,bl-1-ep-38,ep,BL1,elevation profile,,,38,2198440.182,5984796.049,6.171,1.881,30.62,38.0156034,-122.5025830,CA zone III (EPSG:2227)
Bucks Landing,bucks-landing-final.csv,bl-1-ep-39,ep,BL1,elevation profile,,,39,2198435.917,5984795.728,6.155,1.876,31.92,38.0155916,-122.5025838,CA zone III (EPSG:2227)
Bucks Landing,bucks-landing-final.csv,bl-1-ep-40,ep,BL1,elevation profile,,,40,2198431.201,5984795.173,6.167,1.880,33.37,38.0155787,-122.5025854,CA zone III (EPSG:2227)
Bucks Landing,bucks-landing-final.csv,bl-1-ep-41,ep,BL1,elevation profile,,,41,2198428.981,5984795.389,6.180,1.884,34.04,38.0155726,-122.5025845,CA zone III (EPSG:2227)
Bucks Landing,bucks-landing-final.csv,bl-1-ep-42,ep,BL1,elevation profile,,,42,2198424.938,5984795.223,6.150,1.875,35.27,38.0155615,-122.5025848,CA zone III (EPSG:2227)
Bucks Landing,bucks-landing-final.csv,bl-1-ep-43,ep,BL1,elevation profile,,,43,2198422.362,5984795.259,6.137,1.871,36.06,38.0155544,-122.5025844,CA zone III (EPSG:2227)
Bucks Landing,bucks-landing-final.csv,bl-1-ep-44,ep,BL1,elevation profile,,,44,2198417.275,5984795.346,6.145,1.873,37.61,38.0155404,-122.5025838,CA zone III (EPSG:2227)
Bucks Landing,bucks-landing-final.csv,bl-1-ep-45,ep,BL1,elevation profile,,,45,2198413.19,5984794.504,6.125,1.867,38.86,38.0155292,-122.5025864,CA zone III (EPSG:2227)
Bucks Landing,bucks-landing-final.csv,bl-1-ep-46,ep,BL1,elevation profile,,,46,2198408.911,5984793.876,6.131,1.869,40.17,38.0155174,-122.5025882,CA zone III (EPSG:2227)
Bucks Landing,bucks-landing-final.csv,bl-1-ep-47,ep,BL1,elevation profile,,,47,2198404.282,5984793.83,6.114,1.864,41.58,38.0155047,-122.5025881,CA zone III (EPSG:2227)
Bucks Landing,bucks-landing-final.csv,bl-1-ep-48,ep,BL1,elevation profile,,,48,2198401.142,5984793.474,6.132,1.869,42.54,38.0154960,-122.5025891,CA zone III (EPSG:2227)
Bucks Landing,bucks-landing-final.csv,bl-1-ep-49,ep,BL1,elevation profile,,,49,2198396.675,5984793.2,6.154,1.876,43.91,38.0154837,-122.5025897,CA zone III (EPSG:2227)
Bucks Landing,bucks-landing-final.csv,bl-1-ep-50,ep,BL1,elevation profile,,,50,2198392.489,5984793.796,6.109,1.862,45.17,38.0154723,-122.5025873,CA zone III (EPSG:2227)
Bucks Landing,bucks-landing-final.csv,bl-1-ep-51,ep,BL1,elevation profile,,,51,2198389.524,5984794.036,6.088,1.856,46.07,38.0154642,-122.5025863,CA zone III (EPSG:2227)
Bucks Landing,bucks-landing-final.csv,bl-1-ep-52,ep,BL1,elevation profile,,,52,2198384.945,5984794.304,6.114,1.864,47.46,38.0154516,-122.5025850,CA zone III (EPSG:2227)
Bucks Landing,bucks-landing-final.csv,bl-1-ep-53,ep,BL1,elevation profile,,,53,2198381.165,5984794.001,6.113,1.863,48.62,38.0154412,-122.5025858,CA zone III (EPSG:2227)
Bucks Landing,bucks-landing-final.csv,bl-1-ep-54,ep,BL1,elevation profile,,,54,2198378.419,5984793.548,6.108,1.862,49.46,38.0154336,-122.5025871,CA zone III (EPSG:2227)
Bucks Landing,bucks-landing-final.csv,bl-1-ep-55,ep,BL1,elevation profile,,,55,2198374.453,5984793.064,6.116,1.864,50.68,38.0154227,-122.5025885,CA zone III (EPSG:2227)
Bucks Landing,bucks-landing-final.csv,bl-1-ep-56,ep,BL1,elevation profile,,,56,2198371.926,5984793.405,6.116,1.864,51.44,38.0154158,-122.5025871,CA zone III (EPSG:2227)
Bucks Landing,bucks-landing-final.csv,bl-1-ep-57,ep,BL1,elevation profile,,,57,2198369.258,5984793.171,6.081,1.853,52.26,38.0154085,-122.5025877,CA zone III (EPSG:2227)
Bucks Landing,bucks-landing-final.csv,bl-1-ep-58,ep,BL1,elevation profile,,,58,2198365.868,5984793.608,6.091,1.857,53.28,38.0153992,-122.5025860,CA zone III (EPSG:2227)
Bucks Landing,bucks-landing-final.csv,bl-1-ep-59,ep,BL1,elevation profile,,,59,2198362.028,5984793.169,6.075,1.852,54.46,38.0153886,-122.5025872,CA zone III (EPSG:2227)
Bucks Landing,bucks-landing-final.csv,bl-1-ep-60,ep,BL1,elevation profile,,,60,2198358.26,5984792.548,6.045,1.843,55.61,38.0153782,-122.5025891,CA zone III (EPSG:2227)
Bucks Landing,bucks-landing-final.csv,bl-1-ep-61,ep,BL1,elevation profile,,,61,2198355.423,5984792.299,6.068,1.850,56.48,38.0153704,-122.5025897,CA zone III (EPSG:2227)
Bucks Landing,bucks-landing-final.csv,bl-1-ep-62,ep,BL1,elevation profile,,,62,2198352.225,5984792.163,6.035,1.839,57.46,38.0153616,-122.5025900,CA zone III (EPSG:2227)
Bucks Landing,bucks-landing-final.csv,bl-1-ep-63,ep,BL1,elevation profile,,,63,2198349.177,5984792.226,6.039,1.841,58.38,38.0153533,-122.5025895,CA zone III (EPSG:2227)
Bucks Landing,bucks-landing-final.csv,bl-1-ep-64,ep,BL1,elevation profile,,,64,2198345.617,5984792.382,6.013,1.833,59.47,38.0153435,-122.5025887,CA zone III (EPSG:2227)
Bucks Landing,bucks-landing-final.csv,bl-2-ep-10,ep,BL2,elevation profile,,,10,2198531.625,5984838.126,5.942,1.811,3.49,38.0158569,-122.5024438,CA zone III (EPSG:2227)
Bucks Landing,bucks-landing-final.csv,bl-2-ep-11,ep,BL2,elevation profile,,,11,2198529.75,5984837.958,6.003,1.830,4.06,38.0158517,-122.5024442,CA zone III (EPSG:2227)
Bucks Landing,bucks-landing-final.csv,bl-2-ep-12,ep,BL2,elevation profile,,,12,2198526.984,5984837.666,6.044,1.842,4.91,38.0158441,-122.5024450,CA zone III (EPSG:2227)
Bucks Landing,bucks-landing-final.csv,bl-2-ep-13,ep,BL2,elevation profile,,,13,2198524.422,5984837.08,6.015,1.833,5.71,38.0158371,-122.5024469,CA zone III (EPSG:2227)
Bucks Landing,bucks-landing-final.csv,bl-2-ep-14,ep,BL2,elevation profile,,,14,2198521.874,5984836.49,6.030,1.838,6.50,38.0158300,-122.5024487,CA zone III (EPSG:2227)
Bucks Landing,bucks-landing-final.csv,bl-2-ep-15,ep,BL2,elevation profile,,,15,2198518.926,5984836.42,6.233,1.900,7.39,38.0158219,-122.5024488,CA zone III (EPSG:2227)
Bucks Landing,bucks-landing-final.csv,bl-2-ep-16,ep,BL2,elevation profile,,,16,2198516.08,5984836.122,6.057,1.846,8.27,38.0158141,-122.5024496,CA zone III (EPSG:2227)
Bucks Landing,bucks-landing-final.csv,bl-2-ep-17,ep,BL2,elevation profile,,,17,2198513.286,5984835.83,6.037,1.840,9.12,38.0158064,-122.5024504,CA zone III (EPSG:2227)
Bucks Landing,bucks-landing-final.csv,bl-2-ep-18,ep,BL2,elevation profile,,,18,2198510.696,5984835.683,6.083,1.854,9.91,38.0157993,-122.5024507,CA zone III (EPSG:2227)
Bucks Landing,bucks-landing-final.csv,bl-2-ep-19,ep,BL2,elevation profile,,,19,2198507.989,5984835.378,6.107,1.861,10.74,38.0157918,-122.5024516,CA zone III (EPSG:2227)
Bucks Landing,bucks-landing-final.csv,bl-2-ep-20,ep,BL2,elevation profile,,,20,2198504.614,5984834.729,6.050,1.844,11.79,38.0157825,-122.5024536,CA zone III (EPSG:2227)
Bucks Landing,bucks-landing-final.csv,bl-2-ep-21,ep,BL2,elevation profile,,,21,2198501.587,5984834.269,6.106,1.861,12.72,38.0157742,-122.5024549,CA zone III (EPSG:2227)
Bucks Landing,bucks-landing-final.csv,bl-2-ep-22,ep,BL2,elevation profile,,,22,2198498.579,5984833.962,6.090,1.856,13.64,38.0157659,-122.5024558,CA zone III (EPSG:2227)
Bucks Landing,bucks-landing-final.csv,bl-2-ep-23,ep,BL2,elevation profile,,,23,2198495.281,5984833.449,6.083,1.854,14.66,38.0157568,-122.5024573,CA zone III (EPSG:2227)
Bucks Landing,bucks-landing-final.csv,bl-2-ep-24,ep,BL2,elevation profile,,,24,2198492.088,5984833.138,6.078,1.853,15.64,38.0157481,-122.5024582,CA zone III (EPSG:2227)
Bucks Landing,bucks-landing-final.csv,bl-2-ep-25,ep,BL2,elevation profile,,,25,2198488.922,5984832.486,6.082,1.854,16.62,38.0157393,-122.5024602,CA zone III (EPSG:2227)
Bucks Landing,bucks-landing-final.csv,bl-2-ep-26,ep,BL2,elevation profile,,,26,2198486.488,5984832.12,6.074,1.851,17.37,38.0157326,-122.5024613,CA zone III (EPSG:2227)
Bucks Landing,bucks-landing-final.csv,bl-2-ep-27,ep,BL2,elevation profile,,,27,2198483.935,5984831.792,6.087,1.855,18.15,38.0157256,-122.5024622,CA zone III (EPSG:2227)
Bucks Landing,bucks-landing-final.csv,bl-2-ep-28,ep,BL2,elevation profile,,,28,2198480.925,5984831.526,6.101,1.860,19.07,38.0157173,-122.5024629,CA zone III (EPSG:2227)
Bucks Landing,bucks-landing-final.csv,bl-2-ep-29,ep,BL2,elevation profile,,,29,2198478.353,5984831.186,6.164,1.879,19.86,38.0157102,-122.5024639,CA zone III (EPSG:2227)
Bucks Landing,bucks-landing-final.csv,bl-2-ep-30,ep,BL2,elevation profile,,,30,2198474.511,5984830.396,6.087,1.855,21.05,38.0156996,-122.5024664,CA zone III (EPSG:2227)
Bucks Landing,bucks-landing-final.csv,bl-2-ep-31,ep,BL2,elevation profile,,,31,2198471.324,5984830.219,6.073,1.851,22.03,38.0156909,-122.5024668,CA zone III (EPSG:2227)
Bucks Landing,bucks-landing-final.csv,bl-2-ep-32,ep,BL2,elevation profile,,,32,2198468.837,5984829.907,6.059,1.847,22.79,38.0156840,-122.5024677,CA zone III (EPSG:2227)
Bucks Landing,bucks-landing-final.csv,bl-2-ep-33,ep,BL2,elevation profile,,,33,2198465.947,5984829.506,6.061,1.847,23.68,38.0156761,-122.5024688,CA zone III (EPSG:2227)
Bucks Landing,bucks-landing-final.csv,bl-2-ep-34,ep,BL2,elevation profile,,,34,2198463.144,5984829.234,6.084,1.854,24.54,38.0156684,-122.5024696,CA zone III (EPSG:2227)
Bucks Landing,bucks-landing-final.csv,bl-2-ep-35,ep,BL2,elevation profile,,,35,2198460.406,5984828.581,6.050,1.844,25.39,38.0156608,-122.5024716,CA zone III (EPSG:2227)
Bucks Landing,bucks-landing-final.csv,bl-2-ep-36,ep,BL2,elevation profile,,,36,2198458.23,5984828.516,6.043,1.842,26.05,38.0156548,-122.5024717,CA zone III (EPSG:2227)
Bucks Landing,bucks-landing-final.csv,bl-2-ep-37,ep,BL2,elevation profile,,,37,2198455.327,5984828.358,6.019,1.835,26.93,38.0156468,-122.5024720,CA zone III (EPSG:2227)
Bucks Landing,bucks-landing-final.csv,bl-2-ep-38,ep,BL2,elevation profile,,,38,2198451.761,5984827.894,5.988,1.825,28.03,38.0156370,-122.5024734,CA zone III (EPSG:2227)
Bucks Landing,bucks-landing-final.csv,bl-2-ep-39,ep,BL2,elevation profile,,,39,2198448.284,5984827.316,6.039,1.841,29.10,38.0156274,-122.5024751,CA zone III (EPSG:2227)
Bucks Landing,bucks-landing-final.csv,bl-2-ep-40,ep,BL2,elevation profile,,,40,2198444.111,5984826.453,5.994,1.827,30.40,38.0156159,-122.5024778,CA zone III (EPSG:2227)
Bucks Landing,bucks-landing-final.csv,bl-2-ep-41,ep,BL2,elevation profile,,,41,2198440.782,5984826.193,5.998,1.828,31.42,38.0156068,-122.5024785,CA zone III (EPSG:2227)
Bucks Landing,bucks-landing-final.csv,bl-2-ep-42,ep,BL2,elevation profile,,,42,2198436.993,5984826.043,6.006,1.831,32.57,38.0155964,-122.5024787,CA zone III (EPSG:2227)
Bucks Landing,bucks-landing-final.csv,bl-2-ep-43,ep,BL2,elevation profile,,,43,2198433.092,5984825.745,5.983,1.824,33.76,38.0155856,-122.5024794,CA zone III (EPSG:2227)
Bucks Landing,bucks-landing-final.csv,bl-2-ep-44,ep,BL2,elevation profile,,,44,2198429.062,5984825.974,6.046,1.843,34.97,38.0155746,-122.5024783,CA zone III (EPSG:2227)
Bucks Landing,bucks-landing-final.csv,bl-2-ep-45,ep,BL2,elevation profile,,,45,2198424.898,5984825.283,6.017,1.834,36.25,38.0155631,-122.5024804,CA zone III (EPSG:2227)
Bucks Landing,bucks-landing-final.csv,bl-2-ep-46,ep,BL2,elevation profile,,,46,2198420.896,5984825.548,6.008,1.831,37.46,38.0155521,-122.5024792,CA zone III (EPSG:2227)
Bucks Landing,bucks-landing-final.csv,bl-2-ep-47,ep,BL2,elevation profile,,,47,2198417.666,5984824.963,6.029,1.838,38.46,38.0155432,-122.5024810,CA zone III (EPSG:2227)
Bucks Landing,bucks-landing-final.csv,bl-2-ep-48,ep,BL2,elevation profile,,,48,2198413.754,5984823.787,5.999,1.828,39.68,38.0155324,-122.5024848,CA zone III (EPSG:2227)
Bucks Landing,bucks-landing-final.csv,bl-2-ep-49,ep,BL2,elevation profile,,,49,2198410.831,5984822.975,6.044,1.842,40.60,38.0155244,-122.5024874,CA zone III (EPSG:2227)
Bucks Landing,bucks-landing-final.csv,bl-2-ep-50,ep,BL2,elevation profile,,,50,2198407.016,5984822.514,6.041,1.841,41.77,38.0155139,-122.5024887,CA zone III (EPSG:2227)
Bucks Landing,bucks-landing-final.csv,bl-2-ep-51,ep,BL2,elevation profile,,,51,2198403.087,5984821.816,6.059,1.847,42.98,38.0155030,-122.5024909,CA zone III (EPSG:2227)
Bucks Landing,bucks-landing-final.csv,bl-2-ep-52,ep,BL2,elevation profile,,,52,2198399.891,5984821.494,6.080,1.853,43.96,38.0154942,-122.5024917,CA zone III (EPSG:2227)
Bucks Landing,bucks-landing-final.csv,bl-2-ep-53,ep,BL2,elevation profile,,,53,2198396.373,5984821.387,6.045,1.843,45.03,38.0154846,-122.5024918,CA zone III (EPSG:2227)
Bucks Landing,bucks-landing-final.csv,bl-2-ep-54,ep,BL2,elevation profile,,,54,2198393.195,5984820.92,6.006,1.831,46.01,38.0154758,-122.5024932,CA zone III (EPSG:2227)
Bucks Landing,bucks-landing-final.csv,bl-2-ep-55,ep,BL2,elevation profile,,,55,2198390.013,5984820.528,6.059,1.847,46.98,38.0154671,-122.5024943,CA zone III (EPSG:2227)
Bucks Landing,bucks-landing-final.csv,bl-2-ep-56,ep,BL2,elevation profile,,,56,2198387.965,5984819.982,6.037,1.840,47.62,38.0154614,-122.5024961,CA zone III (EPSG:2227)
Bucks Landing,bucks-landing-final.csv,bl-2-ep-57,ep,BL2,elevation profile,,,57,2198385.066,5984819.666,6.036,1.840,48.51,38.0154534,-122.5024970,CA zone III (EPSG:2227)
Bucks Landing,bucks-landing-final.csv,bl-2-ep-58,ep,BL2,elevation profile,,,58,2198382.385,5984819.274,6.052,1.845,49.34,38.0154460,-122.5024981,CA zone III (EPSG:2227)
Bucks Landing,bucks-landing-final.csv,bl-2-ep-59,ep,BL2,elevation profile,,,59,2198378.566,5984818.534,6.047,1.843,50.52,38.0154355,-122.5025004,CA zone III (EPSG:2227)
Bucks Landing,bucks-landing-final.csv,bl-2-ep-60,ep,BL2,elevation profile,,,60,2198375.122,5984818.1,6.054,1.845,51.58,38.0154260,-122.5025017,CA zone III (EPSG:2227)
Bucks Landing,bucks-landing-final.csv,bl-2-ep-61,ep,BL2,elevation profile,,,61,2198371.354,5984817.369,6.039,1.841,52.75,38.0154156,-122.5025039,CA zone III (EPSG:2227)
Bucks Landing,bucks-landing-final.csv,bl-2-ep-62,ep,BL2,elevation profile,,,62,2198367.516,5984817.055,6.081,1.853,53.92,38.0154051,-122.5025047,CA zone III (EPSG:2227)
Bucks Landing,bucks-landing-final.csv,bl-2-ep-63,ep,BL2,elevation profile,,,63,2198363.125,5984816.449,6.092,1.857,55.27,38.0153930,-122.5025065,CA zone III (EPSG:2227)
Bucks Landing,bucks-landing-final.csv,bl-2-ep-64,ep,BL2,elevation profile,,,64,2198359.443,5984816.301,6.114,1.864,56.39,38.0153829,-122.5025067,CA zone III (EPSG:2227)
Bucks Landing,bucks-landing-final.csv,bl-2-ep-65,ep,BL2,elevation profile,,,65,2198355.909,5984815.373,6.123,1.866,57.49,38.0153731,-122.5025097,CA zone III (EPSG:2227)
Bucks Landing,bucks-landing-final.csv,bl-2-ep-66,ep,BL2,elevation profile,,,66,2198352.085,5984814.636,6.144,1.873,58.68,38.0153626,-122.5025120,CA zone III (EPSG:2227)
Bucks Landing,bucks-landing-final.csv,bl-2-ep-67,ep,BL2,elevation profile,,,67,2198349.066,5984813.677,6.143,1.872,59.63,38.0153542,-122.5025151,CA zone III (EPSG:2227)
Bucks Landing,bucks-landing-final.csv,bl-2-ep-68,ep,BL2,elevation profile,,,68,2198345.696,5984813.01,6.142,1.872,60.67,38.0153449,-122.5025171,CA zone III (EPSG:2227)
Bucks Landing,bucks-landing-final.csv,RTCM0000,base,,base,,,,2204986.001,5978101.449,16.527,5.037,,38.0331796,-122.5263078,CA zone III (EPSG:2227)