Study.Phase,Site,Tran,Dist,Replicate,Date.placed.in.field,Date.removed.from.field,Year,Flux,Filter_Num,RB_Num,Flood_Obsv,BigBio_Obsv,SmallBio_Obsv,Drop_Obsv,OpenBag_Obsv,Position_Obsv,DryTime_Obsv,NegValue_Num,Master_Flag,Month,marsh_edge_type,marsh_orientation,Phen_Period,Marsh_Area,Point_ID,Elevation_m,z_star,mean_wind_speed_kt,max_gust_kt,n_obs,local_slope,slope_fitted_elevation_m,extrapolated,edge_slope_max_deg,edge_slope_avg_deg,Study.Dataset,Season,LOI,Marsh_Loc
M1,Buck'sLanding,T1,0.5,a,2025-07-08,2025-08-05,2025,3.199435405,1,0,0,0,0,0,0,0,0,0,Review,August,Ramped,East.facing,"Late_Dry
(Months 1-3)",Edge,B1-0.5a,1.6544577089154178,0.743807502,6.117747440273037,19.44,586,0.17785756524338506,1.7010695502979745,FALSE,34.89580532666493,1.2246004538785733,Thesis,NA,NA,NA
M1,Buck'sLanding,T1,0.5,b,2025-07-08,2025-08-05,2025,3.968600088,1,0,0,0,0,0,0,0,0,0,Review,August,Ramped,East.facing,"Late_Dry
(Months 1-3)",Edge,B1-0.5b,1.6599441198882396,0.750176929,6.117747440273037,19.44,586,0.17785756524338506,1.7010695502979745,FALSE,34.89580532666493,1.2246004538785733,Thesis,NA,NA,NA
M1,Buck'sLanding,T1,0.5,c,2025-07-08,2025-08-05,2025,7.558035278,1,0,0,0,0,0,0,0,0,0,Review,August,Ramped,East.facing,"Late_Dry
(Months 1-3)",Edge,B1-0.5c,1.6611633223266449,0.751592357,6.117747440273037,19.44,586,0.17785756524338506,1.7010695502979745,FALSE,34.89580532666493,1.2246004538785733,Thesis,NA,NA,NA
M1,Buck'sLanding,T1,2,a,2025-07-08,2025-08-05,2025,1.961114509,0,0,0,0,0,0,0,0,0,0,OK,August,Ramped,East.facing,"Late_Dry
(Months 1-3)",Edge,B1-2a,1.7718059436118871,0.880042463,6.117747440273037,19.44,586,0.02968375936655274,1.858339098018449,FALSE,34.89580532666493,1.2246004538785733,Thesis,NA,NA,NA
M1,Buck'sLanding,T1,2,b,2025-07-08,2025-08-05,2025,1.520533206,0,0,0,0,0,0,0,0,0,0,OK,August,Ramped,East.facing,"Late_Dry
(Months 1-3)",Edge,B1-2b,1.7794259588519177,0.888888889,6.117747440273037,19.44,586,0.02968375936655274,1.858339098018449,FALSE,34.89580532666493,1.2246004538785733,Thesis,NA,NA,NA
M1,Buck'sLanding,T1,2,c,2025-07-08,2025-08-05,2025,2.980155261,0,0,0,0,0,0,0,0,0,0,OK,August,Ramped,East.facing,"Late_Dry
(Months 1-3)",Edge,B1-2c,1.7669291338582676,0.87438075,6.117747440273037,19.44,586,0.02968375936655274,1.858339098018449,FALSE,34.89580532666493,1.2246004538785733,Thesis,NA,NA,NA
M1,Buck'sLanding,T1,6,a,2025-07-08,2025-08-05,2025,5.229657404,0,0,0,0,0,0,0,0,0,0,OK,August,Ramped,East.facing,"Late_Dry
(Months 1-3)",Edge,B1-6a,1.8138684277368553,0.928874735,6.117747440273037,19.44,586,0.01104286813360896,1.8720950223241668,FALSE,34.89580532666493,1.2246004538785733,Thesis,NA,NA,NA
M1,Buck'sLanding,T1,6,b,2025-07-08,2025-08-05,2025,2.912563532,0,0,0,0,0,0,0,0,0,0,OK,August,Ramped,East.facing,"Late_Dry
(Months 1-3)",Edge,B1-6b,1.806248412496825,0.920028309,6.117747440273037,19.44,586,0.01104286813360896,1.8720950223241668,FALSE,34.89580532666493,1.2246004538785733,Thesis,NA,NA,NA
M1,Buck'sLanding,T1,6,c,2025-07-08,2025-08-05,2025,5.792229428,0,0,0,0,0,0,0,0,0,0,OK,August,Ramped,East.facing,"Late_Dry
(Months 1-3)",Edge,B1-6c,1.8053340106680211,0.918966737,6.117747440273037,19.44,586,0.01104286813360896,1.8720950223241668,FALSE,34.89580532666493,1.2246004538785733,Thesis,NA,NA,NA
M1,Buck'sLanding,T1,12,a,2025-07-08,2025-08-05,2025,1.654481599,0,0,0,0,0,0,0,0,0,0,OK,August,Ramped,East.facing,"Late_Dry
(Months 1-3)",Platform,B1-12a,1.8483108966217932,0.96886058,6.117747440273037,19.44,586,-0.00172583812482088,1.8663152905950524,FALSE,34.89580532666493,1.2246004538785733,Thesis,NA,NA,NA
M1,Buck'sLanding,T1,12,b,2025-07-08,2025-08-05,2025,5.695108422,0,0,0,0,0,0,0,0,0,0,OK,August,Ramped,East.facing,"Late_Dry
(Months 1-3)",Platform,B1-12b,1.8461772923545847,0.966383581,6.117747440273037,19.44,586,-0.00172583812482088,1.8663152905950524,FALSE,34.89580532666493,1.2246004538785733,Thesis,NA,NA,NA
M1,Buck'sLanding,T1,12,c,2025-07-08,2025-08-05,2025,2.167707169,0,0,0,0,0,0,0,0,0,0,OK,August,Ramped,East.facing,"Late_Dry
(Months 1-3)",Platform,B1-12c,1.8428244856489713,0.962491154,6.117747440273037,19.44,586,-0.00172583812482088,1.8663152905950524,FALSE,34.89580532666493,1.2246004538785733,Thesis,NA,NA,NA
M1,Buck'sLanding,T1,24,a,2025-07-08,2025-08-05,2025,3.806245204,0,0,0,0,0,0,0,0,0,0,OK,August,Ramped,East.facing,"Late_Dry
(Months 1-3)",Platform,B1-24a,1.8641605283210565,0.987261146,6.117747440273037,19.44,586,0.02688120789993156,1.8505249450567665,FALSE,34.89580532666493,1.2246004538785733,Thesis,NA,NA,NA
M1,Buck'sLanding,T1,24,b,2025-07-08,2025-08-05,2025,3.351292238,0,0,0,0,0,0,0,0,0,0,OK,August,Ramped,East.facing,"Late_Dry
(Months 1-3)",Platform,B1-24b,1.869037338074676,0.992922859,6.117747440273037,19.44,586,0.02688120789993156,1.8505249450567665,FALSE,34.89580532666493,1.2246004538785733,Thesis,NA,NA,NA
M1,Buck'sLanding,T1,24,c,2025-07-08,2025-08-05,2025,3.041571666,0,0,0,0,0,0,0,0,0,0,OK,August,Ramped,East.facing,"Late_Dry
(Months 1-3)",Platform,B1-24c,1.8714757429514857,0.995753715,6.117747440273037,19.44,586,0.02688120789993156,1.8505249450567665,FALSE,34.89580532666493,1.2246004538785733,Thesis,NA,NA,NA
M1,Buck'sLanding,T1,48,a,2025-07-08,2025-08-05,2025,4.745680415,0,0,0,0,0,0,0,0,0,0,OK,August,Ramped,East.facing,"Late_Dry
(Months 1-3)",Upland,B1-48a,1.856845313690627,0.978768577,6.117747440273037,19.44,586,0.00709242883196758,1.921341208364329,TRUE,34.89580532666493,1.2246004538785733,Thesis,NA,NA,NA
M1,Buck'sLanding,T1,48,b,2025-07-08,2025-08-05,2025,4.755617072,0,0,0,0,0,0,0,0,0,0,OK,August,Ramped,East.facing,"Late_Dry
(Months 1-3)",Upland,B1-48b,1.850749301498603,0.971691437,6.117747440273037,19.44,586,0.00709242883196758,1.921341208364329,TRUE,34.89580532666493,1.2246004538785733,Thesis,NA,NA,NA
M1,Buck'sLanding,T1,48,c,2025-07-08,2025-08-05,2025,7.452661794,0,0,0,0,0,0,0,0,0,0,OK,August,Ramped,East.facing,"Late_Dry
(Months 1-3)",Upland,B1-48c,1.8516637033274064,0.972753008,6.117747440273037,19.44,586,0.00709242883196758,1.921341208364329,TRUE,34.89580532666493,1.2246004538785733,Thesis,NA,NA,NA
M1,Buck'sLanding,T2,0.5,a,2025-07-08,2025-08-05,2025,3.540032597,1,0,0,0,0,0,0,0,0,0,Review,August,Ramped,East.facing,"Late_Dry
(Months 1-3)",Edge,B2-0.5a,1.6338836677673354,0.7199221515,6.117747440273037,19.44,586,-4.902368587095996e-4,1.8307718827004935,FALSE,29.104492140178493,1.2333122768097955,Thesis,NA,NA,NA
M1,Buck'sLanding,T2,0.5,b,2025-07-08,2025-08-05,2025,34.73187521,1,0,0,0,0,0,0,0,0,0,Review,August,Ramped,East.facing,"Late_Dry
(Months 1-3)",Edge,B2-0.5b,1.6431800863601729,0.730714791,6.117747440273037,19.44,586,-4.902368587095996e-4,1.8307718827004935,FALSE,29.104492140178493,1.2333122768097955,Thesis,NA,NA,NA
M1,Buck'sLanding,T2,0.5,c,2025-07-08,2025-08-05,2025,5.37936223,1,0,0,0,0,0,0,0,0,0,Review,August,Ramped,East.facing,"Late_Dry
(Months 1-3)",Edge,B2-0.5c,1.6407416814833629,0.727883935,6.117747440273037,19.44,586,-4.902368587095996e-4,1.8307718827004935,FALSE,29.104492140178493,1.2333122768097955,Thesis,NA,NA,NA
M1,Buck'sLanding,T2,2,a,2025-07-08,2025-08-05,2025,6.740609501,1,0,0,0,0,0,0,0,0,0,Review,August,Ramped,East.facing,"Late_Dry
(Months 1-3)",Edge,B2-2a,1.773329946659893,0.881811748,6.117747440273037,19.44,586,0.00879335684428583,1.8375292375952912,FALSE,29.104492140178493,1.2333122768097955,Thesis,NA,NA,NA
M1,Buck'sLanding,T2,2,b,2025-07-08,2025-08-05,2025,8.826166147,0,0,0,0,0,0,0,0,0,0,OK,August,Ramped,East.facing,"Late_Dry
(Months 1-3)",Edge,B2-2b,1.7654051308102614,0.872611465,6.117747440273037,19.44,586,0.00879335684428583,1.8375292375952912,FALSE,29.104492140178493,1.2333122768097955,Thesis,NA,NA,NA
M1,Buck'sLanding,T2,2,c,2025-07-08,2025-08-05,2025,6.964642774,0,0,0,0,0,0,0,0,0,0,OK,August,Ramped,East.facing,"Late_Dry
(Months 1-3)",Edge,B2-2c,1.7696723393446787,0.877565464,6.117747440273037,19.44,586,0.00879335684428583,1.8375292375952912,FALSE,29.104492140178493,1.2333122768097955,Thesis,NA,NA,NA
M1,Buck'sLanding,T2,6,a,2025-07-08,2025-08-05,2025,8.583251354,0,0,0,0,0,0,0,0,0,0,OK,August,Ramped,East.facing,"Late_Dry
(Months 1-3)",Edge,B2-6a,1.843738887477775,0.963552725,6.117747440273037,19.44,586,0.01218461482376672,1.894739035630732,FALSE,29.104492140178493,1.2333122768097955,Thesis,NA,NA,NA
M1,Buck'sLanding,T2,6,b,2025-07-08,2025-08-05,2025,10.9774245,0,0,0,0,0,0,0,0,0,0,OK,August,Ramped,East.facing,"Late_Dry
(Months 1-3)",Edge,B2-6b,1.8394716789433576,0.958598726,6.117747440273037,19.44,586,0.01218461482376672,1.894739035630732,FALSE,29.104492140178493,1.2333122768097955,Thesis,NA,NA,NA
M1,Buck'sLanding,T2,6,c,2025-07-08,2025-08-05,2025,11.11446055,0,0,0,0,0,0,0,0,0,0,OK,August,Ramped,East.facing,"Late_Dry
(Months 1-3)",Edge,B2-6c,1.8376428752857503,0.956475584,6.117747440273037,19.44,586,0.01218461482376672,1.894739035630732,FALSE,29.104492140178493,1.2333122768097955,Thesis,NA,NA,NA
M1,Buck'sLanding,T2,12,a,2025-07-08,2025-08-05,2025,10.48422195,1,0,0,0,0,0,0,0,0,0,Review,August,Ramped,East.facing,"Late_Dry
(Months 1-3)",Platform,B2-12a,1.84008128016256,0.95930644,6.117747440273037,19.44,586,0.02661783367146161,1.8694116559719185,FALSE,29.104492140178493,1.2333122768097955,Thesis,NA,NA,NA
M1,Buck'sLanding,T2,12,b,2025-07-08,2025-08-05,2025,12.24825005,0,0,0,0,0,0,0,0,0,0,OK,August,Ramped,East.facing,"Late_Dry
(Months 1-3)",Platform,B2-12b,1.835814071628143,0.954352442,6.117747440273037,19.44,586,0.02661783367146161,1.8694116559719185,FALSE,29.104492140178493,1.2333122768097955,Thesis,NA,NA,NA
M1,Buck'sLanding,T2,12,c,2025-07-08,2025-08-05,2025,6.090778277,0,0,0,0,0,0,0,0,0,0,OK,August,Ramped,East.facing,"Late_Dry
(Months 1-3)",Platform,B2-12c,1.822098044196088,0.938428875,6.117747440273037,19.44,586,0.02661783367146161,1.8694116559719185,FALSE,29.104492140178493,1.2333122768097955,Thesis,NA,NA,NA
M1,Buck'sLanding,T2,24,a,2025-07-08,2025-08-05,2025,5.187440643,0,0,0,0,0,0,0,0,0,0,OK,August,Ramped,East.facing,"Late_Dry
(Months 1-3)",Platform,B2-24a,1.8266700533401063,0.94373673,6.117747440273037,19.44,586,0.01213652588304522,1.8589100935344456,FALSE,29.104492140178493,1.2333122768097955,Thesis,NA,NA,NA
M1,Buck'sLanding,T2,24,b,2025-07-08,2025-08-05,2025,5.403913822,0,0,0,0,0,0,0,0,0,0,OK,August,Ramped,East.facing,"Late_Dry
(Months 1-3)",Platform,B2-24b,1.8294132588265175,0.946921444,6.117747440273037,19.44,586,0.01213652588304522,1.8589100935344456,FALSE,29.104492140178493,1.2333122768097955,Thesis,NA,NA,NA
M1,Buck'sLanding,T2,24,c,2025-07-08,2025-08-05,2025,5.21781201,0,0,0,0,0,0,0,0,0,0,OK,August,Ramped,East.facing,"Late_Dry
(Months 1-3)",Platform,B2-24c,1.8446532893065783,0.964614296,6.117747440273037,19.44,586,0.01213652588304522,1.8589100935344456,FALSE,29.104492140178493,1.2333122768097955,Thesis,NA,NA,NA
M1,Buck'sLanding,T2,48,a,2025-07-08,2025-08-05,2025,10.74590599,0,0,0,0,0,0,0,0,0,0,OK,August,Ramped,East.facing,"Late_Dry
(Months 1-3)",Upland,B2-48a,1.8416052832105665,0.961075725,6.117747440273037,19.44,586,-0.02376690670714356,1.4953854337338937,TRUE,29.104492140178493,1.2333122768097955,Thesis,NA,NA,NA
M1,Buck'sLanding,T2,48,b,2025-07-08,2025-08-05,2025,6.985582736,0,0,0,0,0,0,0,0,0,0,OK,August,Ramped,East.facing,"Late_Dry
(Months 1-3)",Upland,B2-48b,1.8525781051562105,0.973814579,6.117747440273037,19.44,586,-0.02376690670714356,1.4953854337338937,TRUE,29.104492140178493,1.2333122768097955,Thesis,NA,NA,NA
M1,Buck'sLanding,T2,48,c,2025-07-08,2025-08-05,2025,8.475014764,0,0,0,0,0,0,0,0,0,0,OK,August,Ramped,East.facing,"Late_Dry
(Months 1-3)",Upland,B2-48c,1.849530099060198,0.970276008,6.117747440273037,19.44,586,-0.02376690670714356,1.4953854337338937,TRUE,29.104492140178493,1.2333122768097955,Thesis,NA,NA,NA
M1,Buck'sLanding,T1,18,a,2025-07-08,2025-08-05,2025,2.678069635,0,0,0,0,0,0,0,0,0,0,OK,August,Ramped,East.facing,"Late_Dry
(Months 1-3)",Platform,B1-18a,1.8736093472186943,0.998230715,6.117747440273037,19.44,586,-0.02221947652684898,1.8408866750284556,FALSE,34.89580532666493,1.2246004538785733,Thesis,NA,NA,NA
M1,Buck'sLanding,T1,18,b,2025-07-08,2025-08-05,2025,2.720454814,0,0,0,0,0,0,0,0,0,0,OK,August,Ramped,East.facing,"Late_Dry
(Months 1-3)",Platform,B1-18b,1.8745237490474984,0.999292286,6.117747440273037,19.44,586,-0.02221947652684898,1.8408866750284556,FALSE,34.89580532666493,1.2246004538785733,Thesis,NA,NA,NA
M1,Buck'sLanding,T1,18,c,2025-07-08,2025-08-05,2025,2.922668607,0,0,0,0,0,0,0,0,0,0,OK,August,Ramped,East.facing,"Late_Dry
(Months 1-3)",Platform,B1-18c,1.8806197612395223,1.006369427,6.117747440273037,19.44,586,-0.02221947652684898,1.8408866750284556,FALSE,34.89580532666493,1.2246004538785733,Thesis,NA,NA,NA
M1,GiantMarsh,T1,0.5,b,2025-07-09,2025-08-06,2025,29.73798419,1,0,0,0,0,0,0,0,0,0,Review,August,Scarped,West.facing,"Late_Dry
(Months 1-3)",Edge,G1-0.5b,2.066243332486665,1.194492855,6.15150592216582,19.44,591,-0.00503157657553342,2.081117017603091,FALSE,61.82523742803928,2.5615527555530693,Thesis,NA,NA,NA
M1,GiantMarsh,T1,0.5,c,2025-07-09,2025-08-06,2025,49.33309216,0,0,0,0,0,0,0,0,0,0,OK,August,Scarped,West.facing,"Late_Dry
(Months 1-3)",Edge,G1-0.5c,2.0574041148082296,1.184384803,6.15150592216582,19.44,591,-0.00503157657553342,2.081117017603091,FALSE,61.82523742803928,2.5615527555530693,Thesis,NA,NA,NA
M1,GiantMarsh,T1,2,a,2025-07-09,2025-08-06,2025,7.857482357,1,0,0,0,0,0,0,0,0,0,Review,August,Scarped,West.facing,"Late_Dry
(Months 1-3)",Edge,G1-2a,2.0183896367792733,1.139769955,6.15150592216582,19.44,591,-0.04260973519962442,2.031680671373449,FALSE,61.82523742803928,2.5615527555530693,Thesis,NA,NA,NA
M1,GiantMarsh,T1,2,b,2025-07-09,2025-08-06,2025,7.538274241,0,0,0,0,0,0,0,0,0,0,OK,August,Scarped,West.facing,"Late_Dry
(Months 1-3)",Edge,G1-2b,2.019304038608077,1.140815615,6.15150592216582,19.44,591,-0.04260973519962442,2.031680671373449,FALSE,61.82523742803928,2.5615527555530693,Thesis,NA,NA,NA
M1,GiantMarsh,T1,2,c,2025-07-09,2025-08-06,2025,17.76775472,0,0,0,0,0,0,0,0,0,0,OK,August,Scarped,West.facing,"Late_Dry
(Months 1-3)",Edge,G1-2c,2.0189992379984756,1.140467062,6.15150592216582,19.44,591,-0.04260973519962442,2.031680671373449,FALSE,61.82523742803928,2.5615527555530693,Thesis,NA,NA,NA
M1,GiantMarsh,T1,6,a,2025-07-09,2025-08-06,2025,16.28281383,0,0,0,0,0,0,0,0,0,0,OK,August,Scarped,West.facing,"Late_Dry
(Months 1-3)",Edge,G1-6a,1.9723647447294896,1.087138376,6.15150592216582,19.44,591,-0.020943234262624,1.9647297866186124,FALSE,61.82523742803928,2.5615527555530693,Thesis,NA,NA,NA
M1,GiantMarsh,T1,6,b,2025-07-09,2025-08-06,2025,10.6308204,0,0,0,0,0,0,0,0,0,0,OK,August,Scarped,West.facing,"Late_Dry
(Months 1-3)",Edge,G1-6b,1.9793751587503172,1.095155106,6.15150592216582,19.44,591,-0.020943234262624,1.9647297866186124,FALSE,61.82523742803928,2.5615527555530693,Thesis,NA,NA,NA
M1,GiantMarsh,T1,6,c,2025-07-09,2025-08-06,2025,12.27407414,0,0,0,0,0,0,0,0,0,0,OK,August,Scarped,West.facing,"Late_Dry
(Months 1-3)",Edge,G1-6c,1.9763271526543051,1.091669571,6.15150592216582,19.44,591,-0.020943234262624,1.9647297866186124,FALSE,61.82523742803928,2.5615527555530693,Thesis,NA,NA,NA
M1,GiantMarsh,T1,12,a,2025-07-09,2025-08-06,2025,8.75677796,0,0,0,0,0,0,0,0,0,0,OK,August,Scarped,West.facing,"Late_Dry
(Months 1-3)",Platform,G1-12a,1.9418846837693675,1.052283025,6.15150592216582,19.44,591,-0.00963659940341829,1.9003038509090948,FALSE,61.82523742803928,2.5615527555530693,Thesis,NA,NA,NA
M1,GiantMarsh,T1,12,b,2025-07-09,2025-08-06,2025,8.591784529,0,0,0,0,0,0,0,0,0,0,OK,August,Scarped,West.facing,"Late_Dry
(Months 1-3)",Platform,G1-12b,1.9495046990093976,1.060996863,6.15150592216582,19.44,591,-0.00963659940341829,1.9003038509090948,FALSE,61.82523742803928,2.5615527555530693,Thesis,NA,NA,NA
M1,GiantMarsh,T1,12,c,2025-07-09,2025-08-06,2025,9.243000523,0,0,0,0,0,0,0,0,0,0,OK,August,Scarped,West.facing,"Late_Dry
(Months 1-3)",Platform,G1-12c,1.9577343154686309,1.070407808,6.15150592216582,19.44,591,-0.00963659940341829,1.9003038509090948,FALSE,61.82523742803928,2.5615527555530693,Thesis,NA,NA,NA
M1,GiantMarsh,T1,24,a,2025-07-09,2025-08-06,2025,6.476343057,0,0,0,0,0,0,0,0,0,0,OK,August,Scarped,West.facing,"Late_Dry
(Months 1-3)",Platform,G1-24a,1.94005588011176,1.050191704,6.15150592216582,19.44,591,-0.04127172083878872,1.9068799902442335,FALSE,61.82523742803928,2.5615527555530693,Thesis,NA,NA,NA
M1,GiantMarsh,T1,24,b,2025-07-09,2025-08-06,2025,5.396503433,0,0,0,0,0,0,0,0,0,0,OK,August,Scarped,West.facing,"Late_Dry
(Months 1-3)",Platform,G1-24b,1.9467614935229869,1.057859881,6.15150592216582,19.44,591,-0.04127172083878872,1.9068799902442335,FALSE,61.82523742803928,2.5615527555530693,Thesis,NA,NA,NA
M1,GiantMarsh,T1,24,c,2025-07-09,2025-08-06,2025,7.398318942,0,0,0,0,0,0,0,0,0,0,OK,August,Scarped,West.facing,"Late_Dry
(Months 1-3)",Platform,G1-24c,1.952247904495809,1.064133845,6.15150592216582,19.44,591,-0.04127172083878872,1.9068799902442335,FALSE,61.82523742803928,2.5615527555530693,Thesis,NA,NA,NA
M1,GiantMarsh,T1,48,a,2025-07-09,2025-08-06,2025,6.348513849,1,0,0,0,0,0,0,0,0,0,Review,August,Scarped,West.facing,"Late_Dry
(Months 1-3)",Upland,G1-48a,1.8736093472186943,0.974207041,6.15150592216582,19.44,591,0.01939660366491094,2.0210249067405273,TRUE,61.82523742803928,2.5615527555530693,Thesis,NA,NA,NA
M1,GiantMarsh,T1,48,b,2025-07-09,2025-08-06,2025,2.227776231,0,0,0,0,0,0,0,0,0,0,OK,August,Scarped,West.facing,"Late_Dry
(Months 1-3)",Upland,G1-48b,1.8595885191770385,0.95817358,6.15150592216582,19.44,591,0.01939660366491094,2.0210249067405273,TRUE,61.82523742803928,2.5615527555530693,Thesis,NA,NA,NA
M1,GiantMarsh,T1,48,c,2025-07-09,2025-08-06,2025,2.166359826,0,0,0,0,0,0,0,0,0,0,OK,August,Scarped,West.facing,"Late_Dry
(Months 1-3)",Upland,G1-48c,1.886106172212344,0.988497734,6.15150592216582,19.44,591,0.01939660366491094,2.0210249067405273,TRUE,61.82523742803928,2.5615527555530693,Thesis,NA,NA,NA
M1,GiantMarsh,T2,0.5,b,2025-07-09,2025-08-06,2025,NA,1,0,0,0,0,0,0,0,0,0,Review,August,Scarped,West.facing,"Late_Dry
(Months 1-3)",Edge,G2-0.5b,2.041249682499365,1.165911467,6.15150592216582,19.44,591,1.4006969717971426e-4,2.0306872434232464,FALSE,47.44065202971936,2.141172071480484,Thesis,NA,NA,NA
M1,GiantMarsh,T2,2,a,2025-07-09,2025-08-06,2025,154.6275886,1,0,0,0,0,0,0,0,0,0,Review,August,Scarped,West.facing,"Late_Dry
(Months 1-3)",Edge,G2-2a,2.0616713233426465,1.189264552,6.15150592216582,19.44,591,-0.01342471668837245,2.0563871851683726,FALSE,47.44065202971936,2.141172071480484,Thesis,NA,NA,NA
M1,GiantMarsh,T2,2,b,2025-07-09,2025-08-06,2025,324.3091016,0,0,0,0,0,0,0,0,0,0,OK,August,Scarped,West.facing,"Late_Dry
(Months 1-3)",Edge,G2-2b,2.054051308102616,1.180550715,6.15150592216582,19.44,591,-0.01342471668837245,2.0563871851683726,FALSE,47.44065202971936,2.141172071480484,Thesis,NA,NA,NA
M1,GiantMarsh,T2,2,c,2025-07-09,2025-08-06,2025,26.81982545,0,1,0,0,0,0,0,0,0,0,Review,August,Scarped,West.facing,"Late_Dry
(Months 1-3)",Edge,G2-2c,2.0564897129794257,1.183339143,6.15150592216582,19.44,591,-0.01342471668837245,2.0563871851683726,FALSE,47.44065202971936,2.141172071480484,Thesis,NA,NA,NA
M1,GiantMarsh,T2,6,a,2025-07-09,2025-08-06,2025,8.927216905,0,0,0,0,0,0,0,0,0,0,OK,August,Scarped,West.facing,"Late_Dry
(Months 1-3)",Edge,G2-6a,1.9406654813309625,1.050888811,6.15150592216582,19.44,591,-0.01255565003163208,1.9574508500756536,FALSE,47.44065202971936,2.141172071480484,Thesis,NA,NA,NA
M1,GiantMarsh,T2,6,b,2025-07-09,2025-08-06,2025,8.96584075,0,0,0,0,0,0,0,0,0,0,OK,August,Scarped,West.facing,"Late_Dry
(Months 1-3)",Edge,G2-6b,1.9434086868173737,1.054025793,6.15150592216582,19.44,591,-0.01255565003163208,1.9574508500756536,FALSE,47.44065202971936,2.141172071480484,Thesis,NA,NA,NA
M1,GiantMarsh,T2,6,c,2025-07-09,2025-08-06,2025,8.927946716,0,0,0,0,0,0,0,0,0,0,OK,August,Scarped,West.facing,"Late_Dry
(Months 1-3)",Edge,G2-6c,1.9473710947421896,1.058556988,6.15150592216582,19.44,591,-0.01255565003163208,1.9574508500756536,FALSE,47.44065202971936,2.141172071480484,Thesis,NA,NA,NA
M1,GiantMarsh,T2,12,a,2025-07-09,2025-08-06,2025,7.04138521,0,0,0,0,0,0,0,0,0,0,OK,August,Scarped,West.facing,"Late_Dry
(Months 1-3)",Platform,G2-12a,1.9333502667005331,1.042523527,6.15150592216582,19.44,591,0.0073026439019559,1.95016303680416,FALSE,47.44065202971936,2.141172071480484,Thesis,NA,NA,NA
M1,GiantMarsh,T2,12,b,2025-07-09,2025-08-06,2025,6.71521582,0,0,0,0,0,0,0,0,0,0,OK,August,Scarped,West.facing,"Late_Dry
(Months 1-3)",Platform,G2-12b,1.9354838709677415,1.044963402,6.15150592216582,19.44,591,0.0073026439019559,1.95016303680416,FALSE,47.44065202971936,2.141172071480484,Thesis,NA,NA,NA
M1,GiantMarsh,T2,12,c,2025-07-09,2025-08-06,2025,7.302040026,0,0,0,0,0,0,0,0,0,0,OK,August,Scarped,West.facing,"Late_Dry
(Months 1-3)",Platform,G2-12c,1.9318262636525272,1.04078076,6.15150592216582,19.44,591,0.0073026439019559,1.95016303680416,FALSE,47.44065202971936,2.141172071480484,Thesis,NA,NA,NA
M1,GiantMarsh,T2,24,a,2025-07-09,2025-08-06,2025,2.9883516,0,0,0,0,0,0,0,0,0,0,OK,August,Scarped,West.facing,"Late_Dry
(Months 1-3)",Platform,G2-24a,1.9357886715773431,1.045311955,6.15150592216582,19.44,591,4.975228131842639e-4,1.9387701875796968,FALSE,47.44065202971936,2.141172071480484,Thesis,NA,NA,NA
M1,GiantMarsh,T2,24,b,2025-07-09,2025-08-06,2025,3.04364882,0,0,0,0,0,0,0,0,0,0,OK,August,Scarped,West.facing,"Late_Dry
(Months 1-3)",Platform,G2-24b,1.9406654813309625,1.050888811,6.15150592216582,19.44,591,4.975228131842639e-4,1.9387701875796968,FALSE,47.44065202971936,2.141172071480484,Thesis,NA,NA,NA
M1,GiantMarsh,T2,24,c,2025-07-09,2025-08-06,2025,3.186130388,0,0,0,0,0,0,0,0,0,0,OK,August,Scarped,West.facing,"Late_Dry
(Months 1-3)",Platform,G2-24c,1.9354838709677415,1.044963402,6.15150592216582,19.44,591,4.975228131842639e-4,1.9387701875796968,FALSE,47.44065202971936,2.141172071480484,Thesis,NA,NA,NA
M1,GiantMarsh,T2,48,a,2025-07-09,2025-08-06,2025,3.15996947,0,0,0,0,0,0,0,0,0,0,OK,August,Scarped,West.facing,"Late_Dry
(Months 1-3)",Upland,G2-48a,1.8733045466090932,0.973858487,6.15150592216582,19.44,591,-0.03370930171824177,1.4800192766320546,TRUE,47.44065202971936,2.141172071480484,Thesis,NA,NA,NA
M1,GiantMarsh,T2,48,b,2025-07-09,2025-08-06,2025,3.492482602,0,0,0,0,0,0,0,0,0,0,OK,August,Scarped,West.facing,"Late_Dry
(Months 1-3)",Upland,G2-48b,1.897078994157988,1.001045661,6.15150592216582,19.44,591,-0.03370930171824177,1.4800192766320546,TRUE,47.44065202971936,2.141172071480484,Thesis,NA,NA,NA
M1,GiantMarsh,T2,48,c,2025-07-09,2025-08-06,2025,2.352124802,0,0,0,0,0,0,0,0,0,0,OK,August,Scarped,West.facing,"Late_Dry
(Months 1-3)",Upland,G2-48c,1.8836677673355344,0.985709306,6.15150592216582,19.44,591,-0.03370930171824177,1.4800192766320546,TRUE,47.44065202971936,2.141172071480484,Thesis,NA,NA,NA
M1,CorteMadera,T2,0.5,a,2025-07-10,2025-08-07,2025,NA,1,0,0,0,0,0,0,0,0,0,Review,August,Scarped,East.facing,"Late_Dry
(Months 1-3)",Edge,C2-0.5a,1.621234442468885,0.726909091,6.167200674536256,19.44,593,0.16925078293661744,1.481725221967733,FALSE,68.92888177014264,1.9959970930436297,Thesis,NA,NA,NA
M1,CorteMadera,T2,0.5,b,2025-07-10,2025-08-07,2025,2.636638824,1,0,0,0,0,0,0,0,0,0,Review,August,Scarped,East.facing,"Late_Dry
(Months 1-3)",Edge,C2-0.5b,1.6392176784353567,0.748363636,6.167200674536256,19.44,593,0.16925078293661744,1.481725221967733,FALSE,68.92888177014264,1.9959970930436297,Thesis,NA,NA,NA
M1,CorteMadera,T2,0.5,c,2025-07-10,2025-08-07,2025,2.048691832,1,0,0,0,0,0,0,0,0,0,Review,August,Scarped,East.facing,"Late_Dry
(Months 1-3)",Edge,C2-0.5c,1.6495808991617982,0.760727273,6.167200674536256,19.44,593,0.16925078293661744,1.481725221967733,FALSE,68.92888177014264,1.9959970930436297,Thesis,NA,NA,NA
M1,CorteMadera,T2,2,a,2025-07-10,2025-08-07,2025,3.099339015,1,0,0,0,0,0,0,0,0,0,Review,August,Scarped,East.facing,"Late_Dry
(Months 1-3)",Edge,C2-2a,1.656286512573025,0.768727273,6.167200674536256,19.44,593,0.09235576383065149,1.6757667363825983,FALSE,68.92888177014264,1.9959970930436297,Thesis,NA,NA,NA
M1,CorteMadera,T2,2,b,2025-07-10,2025-08-07,2025,NA,1,0,0,0,0,0,0,0,0,0,Review,August,Scarped,East.facing,"Late_Dry
(Months 1-3)",Edge,C2-2b,1.6544577089154178,0.766545455,6.167200674536256,19.44,593,0.09235576383065149,1.6757667363825983,FALSE,68.92888177014264,1.9959970930436297,Thesis,NA,NA,NA
M1,CorteMadera,T2,2,c,2025-07-10,2025-08-07,2025,1.610243823,0,0,0,0,0,0,0,0,0,0,OK,August,Scarped,East.facing,"Late_Dry
(Months 1-3)",Edge,C2-2c,1.6556769113538228,0.768,6.167200674536256,19.44,593,0.09235576383065149,1.6757667363825983,FALSE,68.92888177014264,1.9959970930436297,Thesis,NA,NA,NA
M1,CorteMadera,T2,6,a,2025-07-10,2025-08-07,2025,2.902570735,0,0,0,0,0,0,0,0,0,0,OK,August,Scarped,East.facing,"Late_Dry
(Months 1-3)",Edge,C2-6a,1.6623825247650494,0.776,6.167200674536256,19.44,593,-0.00332539341534895,1.8033913358538023,FALSE,68.92888177014264,1.9959970930436297,Thesis,NA,NA,NA
M1,CorteMadera,T2,6,b,2025-07-10,2025-08-07,2025,5.880817259,1,0,0,0,0,0,0,0,0,0,Review,August,Scarped,East.facing,"Late_Dry
(Months 1-3)",Edge,C2-6b,1.6727457454914911,0.788363636,6.167200674536256,19.44,593,-0.00332539341534895,1.8033913358538023,FALSE,68.92888177014264,1.9959970930436297,Thesis,NA,NA,NA
M1,CorteMadera,T2,6,c,2025-07-10,2025-08-07,2025,2.676890709,0,0,0,0,0,0,0,0,0,0,OK,August,Scarped,East.facing,"Late_Dry
(Months 1-3)",Edge,C2-6c,1.6675641351282702,0.782181818,6.167200674536256,19.44,593,-0.00332539341534895,1.8033913358538023,FALSE,68.92888177014264,1.9959970930436297,Thesis,NA,NA,NA
M1,CorteMadera,T2,12,a,2025-07-10,2025-08-07,2025,2.498760679,0,0,0,0,0,0,0,0,0,0,OK,August,Scarped,East.facing,"Late_Dry
(Months 1-3)",Platform,C2-12a,1.664820929641859,0.778909091,6.167200674536256,19.44,593,-0.0058473496992098,1.752402790171007,FALSE,68.92888177014264,1.9959970930436297,Thesis,NA,NA,NA
M1,CorteMadera,T2,12,b,2025-07-10,2025-08-07,2025,2.83295799,0,0,0,0,0,0,0,0,0,0,OK,August,Scarped,East.facing,"Late_Dry
(Months 1-3)",Platform,C2-12b,1.6651257302514604,0.779272727,6.167200674536256,19.44,593,-0.0058473496992098,1.752402790171007,FALSE,68.92888177014264,1.9959970930436297,Thesis,NA,NA,NA
M1,CorteMadera,T2,12,c,2025-07-10,2025-08-07,2025,3.609664055,1,0,0,0,0,0,0,0,0,0,Review,August,Scarped,East.facing,"Late_Dry
(Months 1-3)",Platform,C2-12c,1.6657353314706629,0.78,6.167200674536256,19.44,593,-0.0058473496992098,1.752402790171007,FALSE,68.92888177014264,1.9959970930436297,Thesis,NA,NA,NA
M1,CorteMadera,T2,24,a,2025-07-10,2025-08-07,2025,7.066030367,0,0,0,0,0,0,0,0,0,0,OK,August,Scarped,East.facing,"Late_Dry
(Months 1-3)",Platform,C2-24a,1.6794513589027176,0.796363636,6.167200674536256,19.44,593,6.099121469114189e-4,1.74610186223484,FALSE,68.92888177014264,1.9959970930436297,Thesis,NA,NA,NA
M1,CorteMadera,T2,24,b,2025-07-10,2025-08-07,2025,6.442266496,0,0,0,0,0,0,0,0,0,0,OK,August,Scarped,East.facing,"Late_Dry
(Months 1-3)",Platform,C2-24b,1.6843281686563372,0.802181818,6.167200674536256,19.44,593,6.099121469114189e-4,1.74610186223484,FALSE,68.92888177014264,1.9959970930436297,Thesis,NA,NA,NA
M1,CorteMadera,T2,24,c,2025-07-10,2025-08-07,2025,7.961396219,0,0,0,0,0,0,0,0,0,0,OK,August,Scarped,East.facing,"Late_Dry
(Months 1-3)",Platform,C2-24c,1.6751841503683007,0.791272727,6.167200674536256,19.44,593,6.099121469114189e-4,1.74610186223484,FALSE,68.92888177014264,1.9959970930436297,Thesis,NA,NA,NA
M1,CorteMadera,T2,48,a,2025-07-10,2025-08-07,2025,4.841959331,0,0,0,0,0,0,0,0,0,0,OK,August,Scarped,East.facing,"Late_Dry
(Months 1-3)",Upland,C2-48a,1.6794513589027176,0.796363636,6.167200674536256,19.44,593,-0.00378424848987517,1.7284424717637423,FALSE,68.92888177014264,1.9959970930436297,Thesis,NA,NA,NA
M1,CorteMadera,T2,48,b,2025-07-10,2025-08-07,2025,NA,1,0,0,0,0,0,0,0,0,0,Review,August,Scarped,East.facing,"Late_Dry
(Months 1-3)",Upland,C2-48b,1.6821945643891287,0.799636364,6.167200674536256,19.44,593,-0.00378424848987517,1.7284424717637423,FALSE,68.92888177014264,1.9959970930436297,Thesis,NA,NA,NA
M1,CorteMadera,T2,48,c,2025-07-10,2025-08-07,2025,29.16061011,1,0,0,0,0,0,0,0,0,0,Review,August,Scarped,East.facing,"Late_Dry
(Months 1-3)",Upland,C2-48c,1.673050546101092,0.788727273,6.167200674536256,19.44,593,-0.00378424848987517,1.7284424717637423,FALSE,68.92888177014264,1.9959970930436297,Thesis,NA,NA,NA
M1,SanPablo,T1,0.5,b,2025-07-11,2025-08-08,2025,NA,1,0,0,0,0,0,0,0,0,0,Review,August,Ramped,South.facing,"Late_Dry
(Months 1-3)",Edge,S1-0.5b,1.722733045466091,0.790542907,11.00796711509716,24.3,669,0.01994320045890097,1.8226043860308456,FALSE,25.333978068263427,1.1905148622217414,Thesis,NA,NA,NA
M1,SanPablo,T1,0.5,c,2025-07-11,2025-08-08,2025,NA,1,0,0,0,0,0,0,0,0,0,Review,August,Ramped,South.facing,"Late_Dry
(Months 1-3)",Edge,S1-0.5c,1.723037846075692,0.79089317,11.00796711509716,24.3,669,0.01994320045890097,1.8226043860308456,FALSE,25.333978068263427,1.1905148622217414,Thesis,NA,NA,NA
M1,SanPablo,T1,2,b,2025-07-11,2025-08-08,2025,24.21625267,0,0,0,0,0,0,0,0,0,0,OK,August,Ramped,South.facing,"Late_Dry
(Months 1-3)",Edge,S1-2b,1.7202946405892812,0.787740806,11.00796711509716,24.3,669,0.3776886912580827,1.8192972125194615,FALSE,25.333978068263427,1.1905148622217414,Thesis,NA,NA,NA
M1,SanPablo,T1,2,c,2025-07-11,2025-08-08,2025,27.01895158,0,0,0,0,0,0,0,0,0,0,OK,August,Ramped,South.facing,"Late_Dry
(Months 1-3)",Edge,S1-2c,1.7550419100838202,0.827670753,11.00796711509716,24.3,669,0.3776886912580827,1.8192972125194615,FALSE,25.333978068263427,1.1905148622217414,Thesis,NA,NA,NA
M1,SanPablo,T1,6,a,2025-07-11,2025-08-08,2025,4.954013393,0,0,0,0,0,0,0,0,0,0,OK,August,Ramped,South.facing,"Late_Dry
(Months 1-3)",Edge,S1-6a,1.8266700533401063,0.909982487,11.00796711509716,24.3,669,-0.0114628633903121,1.8447290956966944,FALSE,25.333978068263427,1.1905148622217414,Thesis,NA,NA,NA
M1,SanPablo,T1,6,b,2025-07-11,2025-08-08,2025,7.274849887,1,0,0,0,0,0,0,0,0,0,Review,August,Ramped,South.facing,"Late_Dry
(Months 1-3)",Edge,S1-6b,1.8254508509017016,0.908581436,11.00796711509716,24.3,669,-0.0114628633903121,1.8447290956966944,FALSE,25.333978068263427,1.1905148622217414,Thesis,NA,NA,NA
M1,SanPablo,T1,6,c,2025-07-11,2025-08-08,2025,10.92880786,1,0,0,0,0,0,0,0,0,0,Review,August,Ramped,South.facing,"Late_Dry
(Months 1-3)",Edge,S1-6c,1.83002286004572,0.913835377,11.00796711509716,24.3,669,-0.0114628633903121,1.8447290956966944,FALSE,25.333978068263427,1.1905148622217414,Thesis,NA,NA,NA
M1,SanPablo,T1,12,a,2025-07-11,2025-08-08,2025,2.547714157,0,0,0,0,0,0,0,0,0,0,OK,August,Ramped,South.facing,"Late_Dry
(Months 1-3)",Platform,S1-12a,1.877266954533909,0.968126095,11.00796711509716,24.3,669,0.05459195462793114,1.939426772189594,FALSE,25.333978068263427,1.1905148622217414,Thesis,NA,NA,NA
M1,SanPablo,T1,12,b,2025-07-11,2025-08-08,2025,2.299802965,0,0,0,0,0,0,0,0,0,0,OK,August,Ramped,South.facing,"Late_Dry
(Months 1-3)",Platform,S1-12b,1.889763779527559,0.982486865,11.00796711509716,24.3,669,0.05459195462793114,1.939426772189594,FALSE,25.333978068263427,1.1905148622217414,Thesis,NA,NA,NA
M1,SanPablo,T1,12,c,2025-07-11,2025-08-08,2025,4.687351672,0,0,0,0,0,0,0,0,0,0,OK,August,Ramped,South.facing,"Late_Dry
(Months 1-3)",Platform,S1-12c,1.8851917703835408,0.977232925,11.00796711509716,24.3,669,0.05459195462793114,1.939426772189594,FALSE,25.333978068263427,1.1905148622217414,Thesis,NA,NA,NA
M1,SanPablo,T1,24,a,2025-07-11,2025-08-08,2025,2.709563787,0,0,0,0,0,0,0,0,0,0,OK,August,Ramped,South.facing,"Late_Dry
(Months 1-3)",Platform,S1-24a,1.9751079502159004,1.08056042,11.00796711509716,24.3,669,0.01741473153111573,2.037429934956382,FALSE,25.333978068263427,1.1905148622217414,Thesis,NA,NA,NA
M1,SanPablo,T1,24,b,2025-07-11,2025-08-08,2025,3.67403713,0,0,0,0,0,0,0,0,0,0,OK,August,Ramped,South.facing,"Late_Dry
(Months 1-3)",Platform,S1-24b,1.984861569723139,1.091768827,11.00796711509716,24.3,669,0.01741473153111573,2.037429934956382,FALSE,25.333978068263427,1.1905148622217414,Thesis,NA,NA,NA
M1,SanPablo,T1,24,c,2025-07-11,2025-08-08,2025,3.349158944,0,0,0,0,0,0,0,0,0,0,OK,August,Ramped,South.facing,"Late_Dry
(Months 1-3)",Platform,S1-24c,1.9751079502159004,1.08056042,11.00796711509716,24.3,669,0.01741473153111573,2.037429934956382,FALSE,25.333978068263427,1.1905148622217414,Thesis,NA,NA,NA
M1,SanPablo,T1,48,a,2025-07-11,2025-08-08,2025,1.80976293,0,0,0,0,0,0,0,0,0,0,OK,August,Ramped,South.facing,"Late_Dry
(Months 1-3)",Upland,S1-48a,2.013208026416053,1.124343257,11.00796711509716,24.3,669,-0.00126515639596243,2.068042486947528,FALSE,25.333978068263427,1.1905148622217414,Thesis,NA,NA,NA
M1,SanPablo,T1,48,b,2025-07-11,2025-08-08,2025,2.644554467,0,0,0,0,0,0,0,0,0,0,OK,August,Ramped,South.facing,"Late_Dry
(Months 1-3)",Upland,S1-48b,2.0159512319024637,1.127495622,11.00796711509716,24.3,669,-0.00126515639596243,2.068042486947528,FALSE,25.333978068263427,1.1905148622217414,Thesis,NA,NA,NA
M1,SanPablo,T1,48,c,2025-07-11,2025-08-08,2025,2.149125058,0,0,0,0,0,0,0,0,0,0,OK,August,Ramped,South.facing,"Late_Dry
(Months 1-3)",Upland,S1-48c,2.0144272288544576,1.125744308,11.00796711509716,24.3,669,-0.00126515639596243,2.068042486947528,FALSE,25.333978068263427,1.1905148622217414,Thesis,NA,NA,NA
M1,SanPablo,T2,0.5,a,2025-07-11,2025-08-08,2025,NA,1,0,0,0,0,0,0,0,0,0,Review,August,Ramped,South.facing,"Late_Dry
(Months 1-3)",Edge,S2-0.5a,1.727305054610109,0.795796848,11.00796711509716,24.3,669,0.01304185246874274,1.9776110105035407,FALSE,35.97380842326667,1.4533466871480498,Thesis,NA,NA,NA
M1,SanPablo,T2,0.5,b,2025-07-11,2025-08-08,2025,NA,1,0,0,0,0,0,0,0,0,0,Review,August,Ramped,South.facing,"Late_Dry
(Months 1-3)",Edge,S2-0.5b,1.7297434594869188,0.798598949,11.00796711509716,24.3,669,0.01304185246874274,1.9776110105035407,FALSE,35.97380842326667,1.4533466871480498,Thesis,NA,NA,NA
M1,SanPablo,T2,2,a,2025-07-11,2025-08-08,2025,42.4775842,1,0,0,0,0,0,0,0,0,0,Review,August,Ramped,South.facing,"Late_Dry
(Months 1-3)",Edge,S2-2a,1.7401066802133602,0.810507881,11.00796711509716,24.3,669,0.01154246712137735,1.9960940502981117,FALSE,35.97380842326667,1.4533466871480498,Thesis,NA,NA,NA
M1,SanPablo,T2,2,b,2025-07-11,2025-08-08,2025,NA,1,0,0,0,0,0,0,0,0,0,Review,August,Ramped,South.facing,"Late_Dry
(Months 1-3)",Edge,S2-2b,1.751993903987808,0.824168126,11.00796711509716,24.3,669,0.01154246712137735,1.9960940502981117,FALSE,35.97380842326667,1.4533466871480498,Thesis,NA,NA,NA
M1,SanPablo,T2,2,c,2025-07-11,2025-08-08,2025,22.4179983,1,0,0,0,0,0,0,0,0,0,Review,August,Ramped,South.facing,"Late_Dry
(Months 1-3)",Edge,S2-2c,1.750469900939802,0.822416813,11.00796711509716,24.3,669,0.01154246712137735,1.9960940502981117,FALSE,35.97380842326667,1.4533466871480498,Thesis,NA,NA,NA
M1,SanPablo,T2,6,a,2025-07-11,2025-08-08,2025,3.992739992,1,0,0,0,0,0,0,0,0,0,Review,August,Ramped,South.facing,"Late_Dry
(Months 1-3)",Edge,S2-6a,1.8239268478536956,0.906830123,11.00796711509716,24.3,669,0.00730802606089925,2.0337458535335737,FALSE,35.97380842326667,1.4533466871480498,Thesis,NA,NA,NA
M1,SanPablo,T2,6,b,2025-07-11,2025-08-08,2025,NA,1,0,0,0,0,0,0,0,0,0,Review,August,Ramped,South.facing,"Late_Dry
(Months 1-3)",Edge,S2-6b,1.8135636271272544,0.894921191,11.00796711509716,24.3,669,0.00730802606089925,2.0337458535335737,FALSE,35.97380842326667,1.4533466871480498,Thesis,NA,NA,NA
M1,SanPablo,T2,6,c,2025-07-11,2025-08-08,2025,6.085894157,1,0,0,0,0,0,0,0,0,0,Review,August,Ramped,South.facing,"Late_Dry
(Months 1-3)",Edge,S2-6c,1.8083820167640337,0.888966725,11.00796711509716,24.3,669,0.00730802606089925,2.0337458535335737,FALSE,35.97380842326667,1.4533466871480498,Thesis,NA,NA,NA
M1,SanPablo,T2,12,a,2025-07-11,2025-08-08,2025,8.406075692,0,0,0,0,0,0,0,0,0,0,OK,August,Ramped,South.facing,"Late_Dry
(Months 1-3)",Platform,S2-12a,1.899517399034798,0.993695271,11.00796711509716,24.3,669,7.536119889995986e-4,2.059116795755984,FALSE,35.97380842326667,1.4533466871480498,Thesis,NA,NA,NA
M1,SanPablo,T2,12,b,2025-07-11,2025-08-08,2025,8.975328293,0,0,0,0,0,0,0,0,0,0,OK,August,Ramped,South.facing,"Late_Dry
(Months 1-3)",Platform,S2-12b,1.8912877825755652,0.984238179,11.00796711509716,24.3,669,7.536119889995986e-4,2.059116795755984,FALSE,35.97380842326667,1.4533466871480498,Thesis,NA,NA,NA
M1,SanPablo,T2,12,c,2025-07-11,2025-08-08,2025,7.346614638,0,0,0,0,0,0,0,0,0,0,OK,August,Ramped,South.facing,"Late_Dry
(Months 1-3)",Platform,S2-12c,1.8836677673355344,0.975481611,11.00796711509716,24.3,669,7.536119889995986e-4,2.059116795755984,FALSE,35.97380842326667,1.4533466871480498,Thesis,NA,NA,NA
M1,SanPablo,T2,24,a,2025-07-11,2025-08-08,2025,3.535092338,0,0,0,0,0,0,0,0,0,0,OK,August,Ramped,South.facing,"Late_Dry
(Months 1-3)",Platform,S2-24a,2.0001016002032004,1.109281961,11.00796711509716,24.3,669,-7.498068190482683e-4,2.04343186206419,FALSE,35.97380842326667,1.4533466871480498,Thesis,NA,NA,NA
M1,SanPablo,T2,24,b,2025-07-11,2025-08-08,2025,2.837168439,0,0,0,0,0,0,0,0,0,0,OK,August,Ramped,South.facing,"Late_Dry
(Months 1-3)",Platform,S2-24b,1.9979679959359915,1.106830123,11.00796711509716,24.3,669,-7.498068190482683e-4,2.04343186206419,FALSE,35.97380842326667,1.4533466871480498,Thesis,NA,NA,NA
M1,SanPablo,T2,24,c,2025-07-11,2025-08-08,2025,2.099104933,0,0,0,0,0,0,0,0,0,0,OK,August,Ramped,South.facing,"Late_Dry
(Months 1-3)",Platform,S2-24c,1.9915671831343664,1.099474606,11.00796711509716,24.3,669,-7.498068190482683e-4,2.04343186206419,FALSE,35.97380842326667,1.4533466871480498,Thesis,NA,NA,NA
M1,SanPablo,T2,48,a,2025-07-11,2025-08-08,2025,3.15104332,0,0,0,0,0,0,0,0,0,0,OK,August,Ramped,South.facing,"Late_Dry
(Months 1-3)",Upland,S2-48a,2.0138176276352553,1.125043783,11.00796711509716,24.3,669,0.00473019341500792,2.0664739570769344,FALSE,35.97380842326667,1.4533466871480498,Thesis,NA,NA,NA
M1,SanPablo,T2,48,b,2025-07-11,2025-08-08,2025,3.240136404,0,0,0,0,0,0,0,0,0,0,OK,August,Ramped,South.facing,"Late_Dry
(Months 1-3)",Upland,S2-48b,2.022961645923292,1.135551664,11.00796711509716,24.3,669,0.00473019341500792,2.0664739570769344,FALSE,35.97380842326667,1.4533466871480498,Thesis,NA,NA,NA
M1,SanPablo,T2,48,c,2025-07-11,2025-08-08,2025,2.801744534,0,0,0,0,0,0,0,0,0,0,OK,August,Ramped,South.facing,"Late_Dry
(Months 1-3)",Upland,S2-48c,2.0205232410464817,1.132749562,11.00796711509716,24.3,669,0.00473019341500792,2.0664739570769344,FALSE,35.97380842326667,1.4533466871480498,Thesis,NA,NA,NA
M2,Buck'sLanding,T1,0.5,a,2025-08-05,2025-09-03,2025,4.14824588,0,0,0,0,0,0,0,0,0,0,OK,September,Ramped,East.facing,"Late_Dry
(Months 1-3)",Edge,B1-0.5a,1.6544577089154178,0.743807502,5.161296829971182,18.08,694,0.17785756524338506,1.7010695502979745,FALSE,34.89580532666493,1.2246004538785733,Thesis,NA,NA,NA
M2,Buck'sLanding,T1,0.5,b,2025-08-05,2025-09-03,2025,2.234429707,0,0,0,0,0,0,0,0,0,0,OK,September,Ramped,East.facing,"Late_Dry
(Months 1-3)",Edge,B1-0.5b,1.6599441198882396,0.750176929,5.161296829971182,18.08,694,0.17785756524338506,1.7010695502979745,FALSE,34.89580532666493,1.2246004538785733,Thesis,NA,NA,NA
M2,Buck'sLanding,T1,0.5,c,2025-08-05,2025-09-03,2025,2.536180433,0,0,0,0,0,0,0,0,0,0,OK,September,Ramped,East.facing,"Late_Dry
(Months 1-3)",Edge,B1-0.5c,1.6611633223266449,0.751592357,5.161296829971182,18.08,694,0.17785756524338506,1.7010695502979745,FALSE,34.89580532666493,1.2246004538785733,Thesis,NA,NA,NA
M2,Buck'sLanding,T1,2,a,2025-08-05,2025-09-03,2025,1.378773705,0,0,0,0,0,0,0,0,0,0,OK,September,Ramped,East.facing,"Late_Dry
(Months 1-3)",Edge,B1-2a,1.7718059436118871,0.880042463,5.161296829971182,18.08,694,0.02968375936655274,1.858339098018449,FALSE,34.89580532666493,1.2246004538785733,Thesis,NA,NA,NA
M2,Buck'sLanding,T1,2,b,2025-08-05,2025-09-03,2025,1.198492959,0,0,0,0,0,0,0,0,0,0,OK,September,Ramped,East.facing,"Late_Dry
(Months 1-3)",Edge,B1-2b,1.7794259588519177,0.888888889,5.161296829971182,18.08,694,0.02968375936655274,1.858339098018449,FALSE,34.89580532666493,1.2246004538785733,Thesis,NA,NA,NA
M2,Buck'sLanding,T1,2,c,2025-08-05,2025-09-03,2025,1.033118167,0,0,0,0,0,0,0,0,0,0,OK,September,Ramped,East.facing,"Late_Dry
(Months 1-3)",Edge,B1-2c,1.7669291338582676,0.87438075,5.161296829971182,18.08,694,0.02968375936655274,1.858339098018449,FALSE,34.89580532666493,1.2246004538785733,Thesis,NA,NA,NA
M2,Buck'sLanding,T1,6,a,2025-08-05,2025-09-03,2025,4.793755022,0,0,0,0,0,0,0,0,0,0,OK,September,Ramped,East.facing,"Late_Dry
(Months 1-3)",Edge,B1-6a,1.8138684277368553,0.928874735,5.161296829971182,18.08,694,0.01104286813360896,1.8720950223241668,FALSE,34.89580532666493,1.2246004538785733,Thesis,NA,NA,NA
M2,Buck'sLanding,T1,6,b,2025-08-05,2025-09-03,2025,4.056858827,0,0,0,0,0,0,0,0,0,0,OK,September,Ramped,East.facing,"Late_Dry
(Months 1-3)",Edge,B1-6b,1.806248412496825,0.920028309,5.161296829971182,18.08,694,0.01104286813360896,1.8720950223241668,FALSE,34.89580532666493,1.2246004538785733,Thesis,NA,NA,NA
M2,Buck'sLanding,T1,6,c,2025-08-05,2025-09-03,2025,4.182014642,0,0,0,0,0,0,0,0,0,0,OK,September,Ramped,East.facing,"Late_Dry
(Months 1-3)",Edge,B1-6c,1.8053340106680211,0.918966737,5.161296829971182,18.08,694,0.01104286813360896,1.8720950223241668,FALSE,34.89580532666493,1.2246004538785733,Thesis,NA,NA,NA
M2,Buck'sLanding,T1,12,a,2025-08-05,2025-09-03,2025,1.096427822,0,0,0,0,0,0,0,0,0,0,OK,September,Ramped,East.facing,"Late_Dry
(Months 1-3)",Platform,B1-12a,1.8483108966217932,0.96886058,5.161296829971182,18.08,694,-0.00172583812482088,1.8663152905950524,FALSE,34.89580532666493,1.2246004538785733,Thesis,NA,NA,NA
M2,Buck'sLanding,T1,12,b,2025-08-05,2025-09-03,2025,1.357959572,0,0,0,0,0,0,0,0,0,0,OK,September,Ramped,East.facing,"Late_Dry
(Months 1-3)",Platform,B1-12b,1.8461772923545847,0.966383581,5.161296829971182,18.08,694,-0.00172583812482088,1.8663152905950524,FALSE,34.89580532666493,1.2246004538785733,Thesis,NA,NA,NA
M2,Buck'sLanding,T1,12,c,2025-08-05,2025-09-03,2025,1.799609458,0,0,0,0,0,0,0,0,0,0,OK,September,Ramped,East.facing,"Late_Dry
(Months 1-3)",Platform,B1-12c,1.8428244856489713,0.962491154,5.161296829971182,18.08,694,-0.00172583812482088,1.8663152905950524,FALSE,34.89580532666493,1.2246004538785733,Thesis,NA,NA,NA
M2,Buck'sLanding,T1,18,a,2025-08-05,2025-09-03,2025,3.023361235,0,0,0,0,0,0,0,0,0,0,OK,September,Ramped,East.facing,"Late_Dry
(Months 1-3)",Platform,B1-18a,1.8736093472186943,0.998230715,5.161296829971182,18.08,694,-0.02221947652684898,1.8408866750284556,FALSE,34.89580532666493,1.2246004538785733,Thesis,NA,NA,NA
M2,Buck'sLanding,T1,18,b,2025-08-05,2025-09-03,2025,2.563227965,0,0,0,0,0,0,0,0,0,0,OK,September,Ramped,East.facing,"Late_Dry
(Months 1-3)",Platform,B1-18b,1.8745237490474984,0.999292286,5.161296829971182,18.08,694,-0.02221947652684898,1.8408866750284556,FALSE,34.89580532666493,1.2246004538785733,Thesis,NA,NA,NA
M2,Buck'sLanding,T1,18,c,2025-08-05,2025-09-03,2025,2.359964947,0,0,0,0,0,0,0,0,0,0,OK,September,Ramped,East.facing,"Late_Dry
(Months 1-3)",Platform,B1-18c,1.8806197612395223,1.006369427,5.161296829971182,18.08,694,-0.02221947652684898,1.8408866750284556,FALSE,34.89580532666493,1.2246004538785733,Thesis,NA,NA,NA
M2,Buck'sLanding,T1,24,a,2025-08-05,2025-09-03,2025,1.488427328,0,0,0,0,0,0,0,0,0,0,OK,September,Ramped,East.facing,"Late_Dry
(Months 1-3)",Platform,B1-24a,1.8641605283210565,0.987261146,5.161296829971182,18.08,694,0.02688120789993156,1.8505249450567665,FALSE,34.89580532666493,1.2246004538785733,Thesis,NA,NA,NA
M2,Buck'sLanding,T1,24,b,2025-08-05,2025-09-03,2025,1.909750912,0,0,0,0,0,0,0,0,0,0,OK,September,Ramped,East.facing,"Late_Dry
(Months 1-3)",Platform,B1-24b,1.869037338074676,0.992922859,5.161296829971182,18.08,694,0.02688120789993156,1.8505249450567665,FALSE,34.89580532666493,1.2246004538785733,Thesis,NA,NA,NA
M2,Buck'sLanding,T1,24,c,2025-08-05,2025-09-03,2025,1.763672557,0,0,0,0,0,0,0,0,0,0,OK,September,Ramped,East.facing,"Late_Dry
(Months 1-3)",Platform,B1-24c,1.8714757429514857,0.995753715,5.161296829971182,18.08,694,0.02688120789993156,1.8505249450567665,FALSE,34.89580532666493,1.2246004538785733,Thesis,NA,NA,NA
M2,Buck'sLanding,T1,48,a,2025-08-05,2025-09-03,2025,1.990405678,0,0,0,0,0,0,0,0,0,0,OK,September,Ramped,East.facing,"Late_Dry
(Months 1-3)",Upland,B1-48a,1.856845313690627,0.978768577,5.161296829971182,18.08,694,0.00709242883196758,1.921341208364329,TRUE,34.89580532666493,1.2246004538785733,Thesis,NA,NA,NA
M2,Buck'sLanding,T1,48,b,2025-08-05,2025-09-03,2025,1.967965441,0,0,0,0,0,0,0,0,0,0,OK,September,Ramped,East.facing,"Late_Dry
(Months 1-3)",Upland,B1-48b,1.850749301498603,0.971691437,5.161296829971182,18.08,694,0.00709242883196758,1.921341208364329,TRUE,34.89580532666493,1.2246004538785733,Thesis,NA,NA,NA
M2,Buck'sLanding,T1,48,c,2025-08-05,2025-09-03,2025,2.656024308,0,0,0,0,0,0,0,0,0,0,OK,September,Ramped,East.facing,"Late_Dry
(Months 1-3)",Upland,B1-48c,1.8516637033274064,0.972753008,5.161296829971182,18.08,694,0.00709242883196758,1.921341208364329,TRUE,34.89580532666493,1.2246004538785733,Thesis,NA,NA,NA
M2,Buck'sLanding,T2,0.5,a,2025-08-05,2025-09-03,2025,6.193613878,1,0,0,0,0,0,0,0,0,0,Review,September,Ramped,East.facing,"Late_Dry
(Months 1-3)",Edge,B2-0.5a,1.6338836677673354,0.7199221515,5.161296829971182,18.08,694,-4.902368587095996e-4,1.8307718827004935,FALSE,29.104492140178493,1.2333122768097955,Thesis,NA,NA,NA
M2,Buck'sLanding,T2,0.5,b,2025-08-05,2025-09-03,2025,1.856848324,0,0,0,0,0,0,0,0,0,0,OK,September,Ramped,East.facing,"Late_Dry
(Months 1-3)",Edge,B2-0.5b,1.6431800863601729,0.730714791,5.161296829971182,18.08,694,-4.902368587095996e-4,1.8307718827004935,FALSE,29.104492140178493,1.2333122768097955,Thesis,NA,NA,NA
M2,Buck'sLanding,T2,0.5,c,2025-08-05,2025-09-03,2025,7.910183618,1,0,0,0,0,0,0,0,0,0,Review,September,Ramped,East.facing,"Late_Dry
(Months 1-3)",Edge,B2-0.5c,1.6407416814833629,0.727883935,5.161296829971182,18.08,694,-4.902368587095996e-4,1.8307718827004935,FALSE,29.104492140178493,1.2333122768097955,Thesis,NA,NA,NA
M2,Buck'sLanding,T2,2,a,2025-08-05,2025-09-03,2025,2.154804807,0,0,0,0,0,0,0,0,0,0,OK,September,Ramped,East.facing,"Late_Dry
(Months 1-3)",Edge,B2-2a,1.773329946659893,0.881811748,5.161296829971182,18.08,694,0.00879335684428583,1.8375292375952912,FALSE,29.104492140178493,1.2333122768097955,Thesis,NA,NA,NA
M2,Buck'sLanding,T2,2,b,2025-08-05,2025-09-03,2025,1.535259128,0,0,0,0,0,0,0,0,0,0,OK,September,Ramped,East.facing,"Late_Dry
(Months 1-3)",Edge,B2-2b,1.7654051308102614,0.872611465,5.161296829971182,18.08,694,0.00879335684428583,1.8375292375952912,FALSE,29.104492140178493,1.2333122768097955,Thesis,NA,NA,NA
M2,Buck'sLanding,T2,2,c,2025-08-05,2025-09-03,2025,0.986719996,1,0,0,0,0,0,0,0,0,0,Review,September,Ramped,East.facing,"Late_Dry
(Months 1-3)",Edge,B2-2c,1.7696723393446787,0.877565464,5.161296829971182,18.08,694,0.00879335684428583,1.8375292375952912,FALSE,29.104492140178493,1.2333122768097955,Thesis,NA,NA,NA
M2,Buck'sLanding,T2,6,a,2025-08-05,2025-09-03,2025,5.834190658,0,0,0,0,0,0,0,0,0,0,OK,September,Ramped,East.facing,"Late_Dry
(Months 1-3)",Edge,B2-6a,1.843738887477775,0.963552725,5.161296829971182,18.08,694,0.01218461482376672,1.894739035630732,FALSE,29.104492140178493,1.2333122768097955,Thesis,NA,NA,NA
M2,Buck'sLanding,T2,6,b,2025-08-05,2025-09-03,2025,4.440727812,0,0,0,0,0,0,0,0,0,0,OK,September,Ramped,East.facing,"Late_Dry
(Months 1-3)",Edge,B2-6b,1.8394716789433576,0.958598726,5.161296829971182,18.08,694,0.01218461482376672,1.894739035630732,FALSE,29.104492140178493,1.2333122768097955,Thesis,NA,NA,NA
M2,Buck'sLanding,T2,6,c,2025-08-05,2025-09-03,2025,4.821615606,0,0,0,0,0,0,0,0,0,0,OK,September,Ramped,East.facing,"Late_Dry
(Months 1-3)",Edge,B2-6c,1.8376428752857503,0.956475584,5.161296829971182,18.08,694,0.01218461482376672,1.894739035630732,FALSE,29.104492140178493,1.2333122768097955,Thesis,NA,NA,NA
M2,Buck'sLanding,T2,12,a,2025-08-05,2025-09-03,2025,2.235838997,0,0,0,0,0,0,0,0,0,0,OK,September,Ramped,East.facing,"Late_Dry
(Months 1-3)",Platform,B2-12a,1.84008128016256,0.95930644,5.161296829971182,18.08,694,0.02661783367146161,1.8694116559719185,FALSE,29.104492140178493,1.2333122768097955,Thesis,NA,NA,NA
M2,Buck'sLanding,T2,12,b,2025-08-05,2025-09-03,2025,3.723182256,0,0,0,0,0,0,0,0,0,0,OK,September,Ramped,East.facing,"Late_Dry
(Months 1-3)",Platform,B2-12b,1.835814071628143,0.954352442,5.161296829971182,18.08,694,0.02661783367146161,1.8694116559719185,FALSE,29.104492140178493,1.2333122768097955,Thesis,NA,NA,NA
M2,Buck'sLanding,T2,12,c,2025-08-05,2025-09-03,2025,3.207165207,0,0,0,0,0,0,0,0,0,0,OK,September,Ramped,East.facing,"Late_Dry
(Months 1-3)",Platform,B2-12c,1.822098044196088,0.938428875,5.161296829971182,18.08,694,0.02661783367146161,1.8694116559719185,FALSE,29.104492140178493,1.2333122768097955,Thesis,NA,NA,NA
M2,Buck'sLanding,T2,24,a,2025-08-05,2025-09-03,2025,2.060815988,0,0,0,0,0,0,0,0,0,0,OK,September,Ramped,East.facing,"Late_Dry
(Months 1-3)",Platform,B2-24a,1.8266700533401063,0.94373673,5.161296829971182,18.08,694,0.01213652588304522,1.8589100935344456,FALSE,29.104492140178493,1.2333122768097955,Thesis,NA,NA,NA
M2,Buck'sLanding,T2,24,b,2025-08-05,2025-09-03,2025,2.36657777,0,0,0,0,0,0,0,0,0,0,OK,September,Ramped,East.facing,"Late_Dry
(Months 1-3)",Platform,B2-24b,1.8294132588265175,0.946921444,5.161296829971182,18.08,694,0.01213652588304522,1.8589100935344456,FALSE,29.104492140178493,1.2333122768097955,Thesis,NA,NA,NA
M2,Buck'sLanding,T2,24,c,2025-08-05,2025-09-03,2025,2.168138861,0,0,0,0,0,0,0,0,0,0,OK,September,Ramped,East.facing,"Late_Dry
(Months 1-3)",Platform,B2-24c,1.8446532893065783,0.964614296,5.161296829971182,18.08,694,0.01213652588304522,1.8589100935344456,FALSE,29.104492140178493,1.2333122768097955,Thesis,NA,NA,NA
M2,Buck'sLanding,T2,48,a,2025-08-05,2025-09-03,2025,3.30652017,0,0,0,0,0,0,0,0,0,0,OK,September,Ramped,East.facing,"Late_Dry
(Months 1-3)",Upland,B2-48a,1.8416052832105665,0.961075725,5.161296829971182,18.08,694,-0.02376690670714356,1.4953854337338937,TRUE,29.104492140178493,1.2333122768097955,Thesis,NA,NA,NA
M2,Buck'sLanding,T2,48,b,2025-08-05,2025-09-03,2025,2.25399716,0,0,0,0,0,0,0,0,0,0,OK,September,Ramped,East.facing,"Late_Dry
(Months 1-3)",Upland,B2-48b,1.8525781051562105,0.973814579,5.161296829971182,18.08,694,-0.02376690670714356,1.4953854337338937,TRUE,29.104492140178493,1.2333122768097955,Thesis,NA,NA,NA
M2,Buck'sLanding,T2,48,c,2025-08-05,2025-09-03,2025,3.017832481,0,0,0,0,0,0,0,0,0,0,OK,September,Ramped,East.facing,"Late_Dry
(Months 1-3)",Upland,B2-48c,1.849530099060198,0.970276008,5.161296829971182,18.08,694,-0.02376690670714356,1.4953854337338937,TRUE,29.104492140178493,1.2333122768097955,Thesis,NA,NA,NA
M2,GiantMarsh,T1,0.5,a,2025-08-06,2025-09-06,2025,15.54275104,1,0,0,0,0,0,0,0,0,0,Review,September,Scarped,West.facing,"Late_Dry
(Months 1-3)",Edge,G1-0.5a,2.067462535,1.195887069,5.032086137281292,17.69,743,-0.00503157657553342,2.081117017603091,FALSE,61.82523742803928,2.5615527555530693,Thesis,NA,NA,NA
M2,GiantMarsh,T1,0.5,b,2025-08-06,2025-09-06,2025,6.333187817,0,0,0,0,0,0,0,0,0,0,OK,September,Scarped,West.facing,"Late_Dry
(Months 1-3)",Edge,G1-0.5b,2.066243332486665,1.194492855,5.032086137281292,17.69,743,-0.00503157657553342,2.081117017603091,FALSE,61.82523742803928,2.5615527555530693,Thesis,NA,NA,NA
M2,GiantMarsh,T1,0.5,c,2025-08-06,2025-09-06,2025,7.596539601,0,0,0,0,0,0,0,0,0,0,OK,September,Scarped,West.facing,"Late_Dry
(Months 1-3)",Edge,G1-0.5c,2.0574041148082296,1.184384803,5.032086137281292,17.69,743,-0.00503157657553342,2.081117017603091,FALSE,61.82523742803928,2.5615527555530693,Thesis,NA,NA,NA
M2,GiantMarsh,T1,2,a,2025-08-06,2025-09-06,2025,2.407999714,0,0,0,0,0,0,0,0,0,0,OK,September,Scarped,West.facing,"Late_Dry
(Months 1-3)",Edge,G1-2a,2.0183896367792733,1.139769955,5.032086137281292,17.69,743,-0.04260973519962442,2.031680671373449,FALSE,61.82523742803928,2.5615527555530693,Thesis,NA,NA,NA
M2,GiantMarsh,T1,2,b,2025-08-06,2025-09-06,2025,24.22648814,0,0,0,0,0,0,0,0,0,0,OK,September,Scarped,West.facing,"Late_Dry
(Months 1-3)",Edge,G1-2b,2.019304038608077,1.140815615,5.032086137281292,17.69,743,-0.04260973519962442,2.031680671373449,FALSE,61.82523742803928,2.5615527555530693,Thesis,NA,NA,NA
M2,GiantMarsh,T1,2,c,2025-08-06,2025-09-06,2025,36.66235214,0,1,0,0,0,0,0,0,0,0,Review,September,Scarped,West.facing,"Late_Dry
(Months 1-3)",Edge,G1-2c,2.0189992379984756,1.140467062,5.032086137281292,17.69,743,-0.04260973519962442,2.031680671373449,FALSE,61.82523742803928,2.5615527555530693,Thesis,NA,NA,NA
M2,GiantMarsh,T1,6,a,2025-08-06,2025-09-06,2025,9.575461137,0,1,0,0,0,0,0,0,0,0,Review,September,Scarped,West.facing,"Late_Dry
(Months 1-3)",Edge,G1-6a,1.9723647447294896,1.087138376,5.032086137281292,17.69,743,-0.020943234262624,1.9647297866186124,FALSE,61.82523742803928,2.5615527555530693,Thesis,NA,NA,NA
M2,GiantMarsh,T1,6,b,2025-08-06,2025-09-06,2025,4.188405407,0,0,0,0,0,0,0,0,0,0,OK,September,Scarped,West.facing,"Late_Dry
(Months 1-3)",Edge,G1-6b,1.9793751587503172,1.095155106,5.032086137281292,17.69,743,-0.020943234262624,1.9647297866186124,FALSE,61.82523742803928,2.5615527555530693,Thesis,NA,NA,NA
M2,GiantMarsh,T1,6,c,2025-08-06,2025-09-06,2025,7.719756331,0,0,0,0,0,0,0,0,0,0,OK,September,Scarped,West.facing,"Late_Dry
(Months 1-3)",Edge,G1-6c,1.9763271526543051,1.091669571,5.032086137281292,17.69,743,-0.020943234262624,1.9647297866186124,FALSE,61.82523742803928,2.5615527555530693,Thesis,NA,NA,NA
M2,GiantMarsh,T1,12,a,2025-08-06,2025-09-06,2025,7.482957101,0,0,0,0,0,0,0,0,0,0,OK,September,Scarped,West.facing,"Late_Dry
(Months 1-3)",Platform,G1-12a,1.9418846837693675,1.052283025,5.032086137281292,17.69,743,-0.00963659940341829,1.9003038509090948,FALSE,61.82523742803928,2.5615527555530693,Thesis,NA,NA,NA
M2,GiantMarsh,T1,12,b,2025-08-06,2025-09-06,2025,6.810538557,0,0,0,0,0,0,0,0,0,0,OK,September,Scarped,West.facing,"Late_Dry
(Months 1-3)",Platform,G1-12b,1.9495046990093976,1.060996863,5.032086137281292,17.69,743,-0.00963659940341829,1.9003038509090948,FALSE,61.82523742803928,2.5615527555530693,Thesis,NA,NA,NA
M2,GiantMarsh,T1,12,c,2025-08-06,2025-09-06,2025,6.133708551,0,0,0,0,0,0,0,0,0,0,OK,September,Scarped,West.facing,"Late_Dry
(Months 1-3)",Platform,G1-12c,1.9577343154686309,1.070407808,5.032086137281292,17.69,743,-0.00963659940341829,1.9003038509090948,FALSE,61.82523742803928,2.5615527555530693,Thesis,NA,NA,NA
M2,GiantMarsh,T1,24,a,2025-08-06,2025-09-06,2025,3.334254863,0,0,0,0,0,0,0,0,0,0,OK,September,Scarped,West.facing,"Late_Dry
(Months 1-3)",Platform,G1-24a,1.94005588011176,1.050191704,5.032086137281292,17.69,743,-0.04127172083878872,1.9068799902442335,FALSE,61.82523742803928,2.5615527555530693,Thesis,NA,NA,NA
M2,GiantMarsh,T1,24,b,2025-08-06,2025-09-06,2025,2.452165052,0,0,0,0,0,0,0,0,0,0,OK,September,Scarped,West.facing,"Late_Dry
(Months 1-3)",Platform,G1-24b,1.9467614935229869,1.057859881,5.032086137281292,17.69,743,-0.04127172083878872,1.9068799902442335,FALSE,61.82523742803928,2.5615527555530693,Thesis,NA,NA,NA
M2,GiantMarsh,T1,24,c,2025-08-06,2025-09-06,2025,2.91962803,0,0,0,0,0,0,0,0,0,0,OK,September,Scarped,West.facing,"Late_Dry
(Months 1-3)",Platform,G1-24c,1.952247904495809,1.064133845,5.032086137281292,17.69,743,-0.04127172083878872,1.9068799902442335,FALSE,61.82523742803928,2.5615527555530693,Thesis,NA,NA,NA
M2,GiantMarsh,T1,48,a,2025-08-06,2025-09-06,2025,2.196503013,0,0,0,0,0,0,0,0,0,0,OK,September,Scarped,West.facing,"Late_Dry
(Months 1-3)",Upland,G1-48a,1.8736093472186943,0.974207041,5.032086137281292,17.69,743,0.01939660366491094,2.0210249067405273,TRUE,61.82523742803928,2.5615527555530693,Thesis,NA,NA,NA
M2,GiantMarsh,T1,48,b,2025-08-06,2025-09-06,2025,2.040732727,0,0,0,0,0,0,0,0,0,0,OK,September,Scarped,West.facing,"Late_Dry
(Months 1-3)",Upland,G1-48b,1.8595885191770385,0.95817358,5.032086137281292,17.69,743,0.01939660366491094,2.0210249067405273,TRUE,61.82523742803928,2.5615527555530693,Thesis,NA,NA,NA
M2,GiantMarsh,T1,48,c,2025-08-06,2025-09-06,2025,1.662868088,0,0,0,0,0,0,0,0,0,0,OK,September,Scarped,West.facing,"Late_Dry
(Months 1-3)",Upland,G1-48c,1.886106172212344,0.988497734,5.032086137281292,17.69,743,0.01939660366491094,2.0210249067405273,TRUE,61.82523742803928,2.5615527555530693,Thesis,NA,NA,NA
M2,GiantMarsh,T2,0.5,a,2025-08-06,2025-09-06,2025,NA,1,1,0,0,0,0,0,0,0,0,Review,September,Scarped,West.facing,"Late_Dry
(Months 1-3)",Edge,G2-0.5a,2.0357632715265432,1.159637504,5.032086137281292,17.69,743,1.4006969717971426e-4,2.0306872434232464,FALSE,47.44065202971936,2.141172071480484,Thesis,NA,NA,NA
M2,GiantMarsh,T2,0.5,b,2025-08-06,2025-09-06,2025,498.2268996,0,0,0,0,0,0,0,0,0,0,OK,September,Scarped,West.facing,"Late_Dry
(Months 1-3)",Edge,G2-0.5b,2.041249682499365,1.165911467,5.032086137281292,17.69,743,1.4006969717971426e-4,2.0306872434232464,FALSE,47.44065202971936,2.141172071480484,Thesis,NA,NA,NA
M2,GiantMarsh,T2,0.5,c,2025-08-06,2025-09-06,2025,374.9298503,0,0,0,0,0,0,0,0,0,0,OK,September,Scarped,West.facing,"Late_Dry
(Months 1-3)",Edge,G2-0.5c,2.0519177038354077,1.17811084,5.032086137281292,17.69,743,1.4006969717971426e-4,2.0306872434232464,FALSE,47.44065202971936,2.141172071480484,Thesis,NA,NA,NA
M2,GiantMarsh,T2,2,a,2025-08-06,2025-09-06,2025,490.8347578,0,0,0,0,0,0,0,0,0,0,OK,September,Scarped,West.facing,"Late_Dry
(Months 1-3)",Edge,G2-2a,2.0616713233426465,1.189264552,5.032086137281292,17.69,743,-0.01342471668837245,2.0563871851683726,FALSE,47.44065202971936,2.141172071480484,Thesis,NA,NA,NA
M2,GiantMarsh,T2,2,b,2025-08-06,2025-09-06,2025,557.8402693,0,0,0,0,0,0,0,0,0,0,OK,September,Scarped,West.facing,"Late_Dry
(Months 1-3)",Edge,G2-2b,2.054051308102616,1.180550715,5.032086137281292,17.69,743,-0.01342471668837245,2.0563871851683726,FALSE,47.44065202971936,2.141172071480484,Thesis,NA,NA,NA
M2,GiantMarsh,T2,2,c,2025-08-06,2025-09-06,2025,742.0371115,0,0,0,0,0,0,0,0,0,0,OK,September,Scarped,West.facing,"Late_Dry
(Months 1-3)",Edge,G2-2c,2.0564897129794257,1.183339143,5.032086137281292,17.69,743,-0.01342471668837245,2.0563871851683726,FALSE,47.44065202971936,2.141172071480484,Thesis,NA,NA,NA
M2,GiantMarsh,T2,6,a,2025-08-06,2025-09-06,2025,12.75389501,0,0,0,0,0,0,0,0,0,0,OK,September,Scarped,West.facing,"Late_Dry
(Months 1-3)",Edge,G2-6a,1.9406654813309625,1.050888811,5.032086137281292,17.69,743,-0.01255565003163208,1.9574508500756536,FALSE,47.44065202971936,2.141172071480484,Thesis,NA,NA,NA
M2,GiantMarsh,T2,6,b,2025-08-06,2025-09-06,2025,11.3595177,0,0,0,0,0,0,0,0,0,0,OK,September,Scarped,West.facing,"Late_Dry
(Months 1-3)",Edge,G2-6b,1.9434086868173737,1.054025793,5.032086137281292,17.69,743,-0.01255565003163208,1.9574508500756536,FALSE,47.44065202971936,2.141172071480484,Thesis,NA,NA,NA
M2,GiantMarsh,T2,6,c,2025-08-06,2025-09-06,2025,9.972999888,0,0,0,0,0,0,0,0,0,0,OK,September,Scarped,West.facing,"Late_Dry
(Months 1-3)",Edge,G2-6c,1.9473710947421896,1.058556988,5.032086137281292,17.69,743,-0.01255565003163208,1.9574508500756536,FALSE,47.44065202971936,2.141172071480484,Thesis,NA,NA,NA
M2,GiantMarsh,T2,12,a,2025-08-06,2025-09-06,2025,3.579319248,0,0,0,0,0,0,0,0,0,0,OK,September,Scarped,West.facing,"Late_Dry
(Months 1-3)",Platform,G2-12a,1.9333502667005331,1.042523527,5.032086137281292,17.69,743,0.0073026439019559,1.95016303680416,FALSE,47.44065202971936,2.141172071480484,Thesis,NA,NA,NA
M2,GiantMarsh,T2,12,b,2025-08-06,2025-09-06,2025,3.749642293,0,0,0,0,0,0,0,0,0,0,OK,September,Scarped,West.facing,"Late_Dry
(Months 1-3)",Platform,G2-12b,1.9354838709677415,1.044963402,5.032086137281292,17.69,743,0.0073026439019559,1.95016303680416,FALSE,47.44065202971936,2.141172071480484,Thesis,NA,NA,NA
M2,GiantMarsh,T2,12,c,2025-08-06,2025-09-06,2025,3.872808316,0,0,0,0,0,0,0,0,0,0,OK,September,Scarped,West.facing,"Late_Dry
(Months 1-3)",Platform,G2-12c,1.9318262636525272,1.04078076,5.032086137281292,17.69,743,0.0073026439019559,1.95016303680416,FALSE,47.44065202971936,2.141172071480484,Thesis,NA,NA,NA
M2,GiantMarsh,T2,24,a,2025-08-06,2025-09-06,2025,1.351226102,0,0,0,0,0,0,0,0,0,0,OK,September,Scarped,West.facing,"Late_Dry
(Months 1-3)",Platform,G2-24a,1.9357886715773431,1.045311955,5.032086137281292,17.69,743,4.975228131842639e-4,1.9387701875796968,FALSE,47.44065202971936,2.141172071480484,Thesis,NA,NA,NA
M2,GiantMarsh,T2,24,b,2025-08-06,2025-09-06,2025,1.204684394,0,0,0,0,0,0,0,0,0,0,OK,September,Scarped,West.facing,"Late_Dry
(Months 1-3)",Platform,G2-24b,1.9406654813309625,1.050888811,5.032086137281292,17.69,743,4.975228131842639e-4,1.9387701875796968,FALSE,47.44065202971936,2.141172071480484,Thesis,NA,NA,NA
M2,GiantMarsh,T2,24,c,2025-08-06,2025-09-06,2025,1.231153173,0,0,0,0,0,0,0,0,0,0,OK,September,Scarped,West.facing,"Late_Dry
(Months 1-3)",Platform,G2-24c,1.9354838709677415,1.044963402,5.032086137281292,17.69,743,4.975228131842639e-4,1.9387701875796968,FALSE,47.44065202971936,2.141172071480484,Thesis,NA,NA,NA
M2,GiantMarsh,T2,48,a,2025-08-06,2025-09-06,2025,1.140236467,0,0,0,0,0,0,0,0,0,0,OK,September,Scarped,West.facing,"Late_Dry
(Months 1-3)",Upland,G2-48a,1.8733045466090932,0.973858487,5.032086137281292,17.69,743,-0.03370930171824177,1.4800192766320546,TRUE,47.44065202971936,2.141172071480484,Thesis,NA,NA,NA
M2,GiantMarsh,T2,48,b,2025-08-06,2025-09-06,2025,0.925748084,0,0,0,0,0,0,0,0,0,0,OK,September,Scarped,West.facing,"Late_Dry
(Months 1-3)",Upland,G2-48b,1.897078994157988,1.001045661,5.032086137281292,17.69,743,-0.03370930171824177,1.4800192766320546,TRUE,47.44065202971936,2.141172071480484,Thesis,NA,NA,NA
M2,GiantMarsh,T2,48,c,2025-08-06,2025-09-06,2025,1.288350075,0,0,0,0,0,0,0,0,0,0,OK,September,Scarped,West.facing,"Late_Dry
(Months 1-3)",Upland,G2-48c,1.8836677673355344,0.985709306,5.032086137281292,17.69,743,-0.03370930171824177,1.4800192766320546,TRUE,47.44065202971936,2.141172071480484,Thesis,NA,NA,NA
M2,CorteMadera,T1,0.5,b,2025-08-07,2025-09-05,2025,NA,1,0,0,0,0,0,0,0,0,0,Review,September,Scarped,East.facing,"Late_Dry
(Months 1-3)",Edge,C1-0.5b,1.6684785369570738,0.783272727,5.0551510791366905,17.69,695,0.09733852868754048,1.7492440342280613,FALSE,72.28575074664536,2.3204339675954957,Thesis,NA,NA,NA
M2,CorteMadera,T1,0.5,c,2025-08-07,2025-09-05,2025,0.854662271,1,0,0,0,0,0,0,0,0,0,Review,September,Scarped,East.facing,"Late_Dry
(Months 1-3)",Edge,C1-0.5c,1.6614681229362456,0.774909091,5.0551510791366905,17.69,695,0.09733852868754048,1.7492440342280613,FALSE,72.28575074664536,2.3204339675954957,Thesis,NA,NA,NA
M2,CorteMadera,T1,2,a,2025-08-07,2025-09-05,2025,5.364517577,1,0,0,0,0,0,0,0,0,0,Review,September,Scarped,East.facing,"Late_Dry
(Months 1-3)",Edge,C1-2a,1.6462280924561847,0.756727273,5.0551510791366905,17.69,695,0.01775399109541334,1.8293271071500128,FALSE,72.28575074664536,2.3204339675954957,Thesis,NA,NA,NA
M2,CorteMadera,T1,2,b,2025-08-07,2025-09-05,2025,1.319746125,0,0,0,0,0,0,0,0,0,0,OK,September,Scarped,East.facing,"Late_Dry
(Months 1-3)",Edge,C1-2b,1.6480568961137922,0.758909091,5.0551510791366905,17.69,695,0.01775399109541334,1.8293271071500128,FALSE,72.28575074664536,2.3204339675954957,Thesis,NA,NA,NA
M2,CorteMadera,T1,2,c,2025-08-07,2025-09-05,2025,11.56138366,1,0,0,0,0,0,0,0,0,0,Review,September,Scarped,East.facing,"Late_Dry
(Months 1-3)",Edge,C1-2c,1.6462280924561847,0.756727273,5.0551510791366905,17.69,695,0.01775399109541334,1.8293271071500128,FALSE,72.28575074664536,2.3204339675954957,Thesis,NA,NA,NA
M2,CorteMadera,T1,6,a,2025-08-07,2025-09-05,2025,1.791478938,0,0,0,0,0,0,0,0,0,0,OK,September,Scarped,East.facing,"Late_Dry
(Months 1-3)",Edge,C1-6a,1.664516129032258,0.778545455,5.0551510791366905,17.69,695,-0.02515538212948231,1.757631476156524,FALSE,72.28575074664536,2.3204339675954957,Thesis,NA,NA,NA
M2,CorteMadera,T1,6,b,2025-08-07,2025-09-05,2025,1.294324697,1,0,0,0,0,0,0,0,0,0,Review,September,Scarped,East.facing,"Late_Dry
(Months 1-3)",Edge,C1-6b,1.6620777241554483,0.775636364,5.0551510791366905,17.69,695,-0.02515538212948231,1.757631476156524,FALSE,72.28575074664536,2.3204339675954957,Thesis,NA,NA,NA
M2,CorteMadera,T1,6,c,2025-08-07,2025-09-05,2025,2.442733648,1,0,0,0,0,0,0,0,0,0,Review,September,Scarped,East.facing,"Late_Dry
(Months 1-3)",Edge,C1-6c,1.6529337058674116,0.764727273,5.0551510791366905,17.69,695,-0.02515538212948231,1.757631476156524,FALSE,72.28575074664536,2.3204339675954957,Thesis,NA,NA,NA
M2,CorteMadera,T1,12,a,2025-08-07,2025-09-05,2025,6.042115175,0,0,0,0,0,0,0,0,0,0,OK,September,Scarped,East.facing,"Late_Dry
(Months 1-3)",Platform,C1-12a,1.6413512827025651,0.750909091,5.0551510791366905,17.69,695,0.0032317156537537,1.713310428434306,FALSE,72.28575074664536,2.3204339675954957,Thesis,NA,NA,NA
M2,CorteMadera,T1,12,b,2025-08-07,2025-09-05,2025,2.202901354,1,0,0,0,0,0,0,0,0,0,Review,September,Scarped,East.facing,"Late_Dry
(Months 1-3)",Platform,C1-12b,1.6447040894081788,0.754909091,5.0551510791366905,17.69,695,0.0032317156537537,1.713310428434306,FALSE,72.28575074664536,2.3204339675954957,Thesis,NA,NA,NA
M2,CorteMadera,T1,12,c,2025-08-07,2025-09-05,2025,4.593906823,1,0,0,0,0,0,0,0,0,0,Review,September,Scarped,East.facing,"Late_Dry
(Months 1-3)",Platform,C1-12c,1.659029718059436,0.772,5.0551510791366905,17.69,695,0.0032317156537537,1.713310428434306,FALSE,72.28575074664536,2.3204339675954957,Thesis,NA,NA,NA
M2,CorteMadera,T1,24,a,2025-08-07,2025-09-05,2025,3.058051457,0,0,0,0,0,0,0,0,0,0,OK,September,Scarped,East.facing,"Late_Dry
(Months 1-3)",Platform,C1-24a,1.7199898399796798,0.844727273,5.0551510791366905,17.69,695,-0.0028494853327859,1.7550712477688033,FALSE,72.28575074664536,2.3204339675954957,Thesis,NA,NA,NA
M2,CorteMadera,T1,24,b,2025-08-07,2025-09-05,2025,5.552441013,1,0,0,0,0,0,0,0,0,0,Review,September,Scarped,East.facing,"Late_Dry
(Months 1-3)",Platform,C1-24b,1.7184658369316737,0.842909091,5.0551510791366905,17.69,695,-0.0028494853327859,1.7550712477688033,FALSE,72.28575074664536,2.3204339675954957,Thesis,NA,NA,NA
M2,CorteMadera,T1,24,c,2025-08-07,2025-09-05,2025,3.42392489,0,0,0,0,0,0,0,0,0,0,OK,September,Scarped,East.facing,"Late_Dry
(Months 1-3)",Platform,C1-24c,1.7141986283972566,0.837818182,5.0551510791366905,17.69,695,-0.0028494853327859,1.7550712477688033,FALSE,72.28575074664536,2.3204339675954957,Thesis,NA,NA,NA
M2,CorteMadera,T1,48,a,2025-08-07,2025-09-05,2025,1.347335692,0,0,0,0,0,0,0,0,0,0,OK,September,Scarped,East.facing,"Late_Dry
(Months 1-3)",Upland,C1-48a,1.732486665,0.859636364,5.0551510791366905,17.69,695,-0.00558516363104424,1.727272679455228,FALSE,72.28575074664536,2.3204339675954957,Thesis,NA,NA,NA
M2,CorteMadera,T1,48,b,2025-08-07,2025-09-05,2025,3.204346626,0,0,0,0,0,0,0,0,0,0,OK,September,Scarped,East.facing,"Late_Dry
(Months 1-3)",Upland,C1-48b,1.7108458216916431,0.833818182,5.0551510791366905,17.69,695,-0.00558516363104424,1.727272679455228,FALSE,72.28575074664536,2.3204339675954957,Thesis,NA,NA,NA
M2,CorteMadera,T1,48,c,2025-08-07,2025-09-05,2025,1.256544877,0,0,0,0,0,0,0,0,0,0,OK,September,Scarped,East.facing,"Late_Dry
(Months 1-3)",Upland,C1-48c,1.7065786131572265,0.828727273,5.0551510791366905,17.69,695,-0.00558516363104424,1.727272679455228,FALSE,72.28575074664536,2.3204339675954957,Thesis,NA,NA,NA
M2,CorteMadera,T2,0.5,a,2025-08-07,2025-09-05,2025,2.333351042,0,0,0,0,0,0,0,0,0,0,OK,September,Scarped,East.facing,"Late_Dry
(Months 1-3)",Edge,C2-0.5a,1.621234442468885,0.726909091,5.0551510791366905,17.69,695,0.16925078293661744,1.481725221967733,FALSE,68.92888177014264,1.9959970930436297,Thesis,NA,NA,NA
M2,CorteMadera,T2,0.5,b,2025-08-07,2025-09-05,2025,1.196704244,0,0,0,0,0,0,0,0,0,0,OK,September,Scarped,East.facing,"Late_Dry
(Months 1-3)",Edge,C2-0.5b,1.6392176784353567,0.748363636,5.0551510791366905,17.69,695,0.16925078293661744,1.481725221967733,FALSE,68.92888177014264,1.9959970930436297,Thesis,NA,NA,NA
M2,CorteMadera,T2,0.5,c,2025-08-07,2025-09-05,2025,1.922109304,1,0,0,0,0,0,0,0,0,0,Review,September,Scarped,East.facing,"Late_Dry
(Months 1-3)",Edge,C2-0.5c,1.6495808991617982,0.760727273,5.0551510791366905,17.69,695,0.16925078293661744,1.481725221967733,FALSE,68.92888177014264,1.9959970930436297,Thesis,NA,NA,NA
M2,CorteMadera,T2,2,a,2025-08-07,2025-09-05,2025,0.809583051,0,0,0,0,0,0,0,0,0,0,OK,September,Scarped,East.facing,"Late_Dry
(Months 1-3)",Edge,C2-2a,1.656286512573025,0.768727273,5.0551510791366905,17.69,695,0.09235576383065149,1.6757667363825983,FALSE,68.92888177014264,1.9959970930436297,Thesis,NA,NA,NA
M2,CorteMadera,T2,2,b,2025-08-07,2025-09-05,2025,3.451243439,1,0,0,0,0,0,0,0,0,0,Review,September,Scarped,East.facing,"Late_Dry
(Months 1-3)",Edge,C2-2b,1.6544577089154178,0.766545455,5.0551510791366905,17.69,695,0.09235576383065149,1.6757667363825983,FALSE,68.92888177014264,1.9959970930436297,Thesis,NA,NA,NA
M2,CorteMadera,T2,2,c,2025-08-07,2025-09-05,2025,1.268686455,0,0,0,0,0,0,0,0,0,0,OK,September,Scarped,East.facing,"Late_Dry
(Months 1-3)",Edge,C2-2c,1.6556769113538228,0.768,5.0551510791366905,17.69,695,0.09235576383065149,1.6757667363825983,FALSE,68.92888177014264,1.9959970930436297,Thesis,NA,NA,NA
M2,CorteMadera,T2,6,a,2025-08-07,2025-09-05,2025,1.465445056,0,0,0,0,0,0,0,0,0,0,OK,September,Scarped,East.facing,"Late_Dry
(Months 1-3)",Edge,C2-6a,1.6623825247650494,0.776,5.0551510791366905,17.69,695,-0.00332539341534895,1.8033913358538023,FALSE,68.92888177014264,1.9959970930436297,Thesis,NA,NA,NA
M2,CorteMadera,T2,6,b,2025-08-07,2025-09-05,2025,1.08108824,0,0,0,0,0,0,0,0,0,0,OK,September,Scarped,East.facing,"Late_Dry
(Months 1-3)",Edge,C2-6b,1.6727457454914911,0.788363636,5.0551510791366905,17.69,695,-0.00332539341534895,1.8033913358538023,FALSE,68.92888177014264,1.9959970930436297,Thesis,NA,NA,NA
M2,CorteMadera,T2,6,c,2025-08-07,2025-09-05,2025,1.471515845,0,0,0,0,0,0,0,0,0,0,OK,September,Scarped,East.facing,"Late_Dry
(Months 1-3)",Edge,C2-6c,1.6675641351282702,0.782181818,5.0551510791366905,17.69,695,-0.00332539341534895,1.8033913358538023,FALSE,68.92888177014264,1.9959970930436297,Thesis,NA,NA,NA
M2,CorteMadera,T2,12,a,2025-08-07,2025-09-05,2025,1.354111126,0,0,0,0,0,0,0,0,0,0,OK,September,Scarped,East.facing,"Late_Dry
(Months 1-3)",Platform,C2-12a,1.664820929641859,0.778909091,5.0551510791366905,17.69,695,-0.0058473496992098,1.752402790171007,FALSE,68.92888177014264,1.9959970930436297,Thesis,NA,NA,NA
M2,CorteMadera,T2,12,b,2025-08-07,2025-09-05,2025,2.607385727,1,0,0,0,0,0,0,0,0,0,Review,September,Scarped,East.facing,"Late_Dry
(Months 1-3)",Platform,C2-12b,1.6651257302514604,0.779272727,5.0551510791366905,17.69,695,-0.0058473496992098,1.752402790171007,FALSE,68.92888177014264,1.9959970930436297,Thesis,NA,NA,NA
M2,CorteMadera,T2,12,c,2025-08-07,2025-09-05,2025,1.417474984,0,0,0,0,0,0,0,0,0,0,OK,September,Scarped,East.facing,"Late_Dry
(Months 1-3)",Platform,C2-12c,1.6657353314706629,0.78,5.0551510791366905,17.69,695,-0.0058473496992098,1.752402790171007,FALSE,68.92888177014264,1.9959970930436297,Thesis,NA,NA,NA
M2,CorteMadera,T2,24,a,2025-08-07,2025-09-05,2025,4.745622339,0,0,0,0,0,0,0,0,0,0,OK,September,Scarped,East.facing,"Late_Dry
(Months 1-3)",Platform,C2-24a,1.6794513589027176,0.796363636,5.0551510791366905,17.69,695,6.099121469114189e-4,1.74610186223484,FALSE,68.92888177014264,1.9959970930436297,Thesis,NA,NA,NA
M2,CorteMadera,T2,24,b,2025-08-07,2025-09-05,2025,5.605506212,0,0,0,0,0,0,0,0,0,0,OK,September,Scarped,East.facing,"Late_Dry
(Months 1-3)",Platform,C2-24b,1.6843281686563372,0.802181818,5.0551510791366905,17.69,695,6.099121469114189e-4,1.74610186223484,FALSE,68.92888177014264,1.9959970930436297,Thesis,NA,NA,NA
M2,CorteMadera,T2,24,c,2025-08-07,2025-09-05,2025,NA,1,0,0,0,0,0,0,0,0,0,Review,September,Scarped,East.facing,"Late_Dry
(Months 1-3)",Platform,C2-24c,1.6751841503683007,0.791272727,5.0551510791366905,17.69,695,6.099121469114189e-4,1.74610186223484,FALSE,68.92888177014264,1.9959970930436297,Thesis,NA,NA,NA
M2,CorteMadera,T2,48,a,2025-08-07,2025-09-05,2025,2.638950215,0,0,0,0,0,0,0,0,0,0,OK,September,Scarped,East.facing,"Late_Dry
(Months 1-3)",Upland,C2-48a,1.6794513589027176,0.796363636,5.0551510791366905,17.69,695,-0.00378424848987517,1.7284424717637423,FALSE,68.92888177014264,1.9959970930436297,Thesis,NA,NA,NA
M2,CorteMadera,T2,48,b,2025-08-07,2025-09-05,2025,6.839339834,0,0,0,0,0,0,0,0,0,0,OK,September,Scarped,East.facing,"Late_Dry
(Months 1-3)",Upland,C2-48b,1.6821945643891287,0.799636364,5.0551510791366905,17.69,695,-0.00378424848987517,1.7284424717637423,FALSE,68.92888177014264,1.9959970930436297,Thesis,NA,NA,NA
M2,CorteMadera,T2,48,c,2025-08-07,2025-09-05,2025,3.819989656,0,0,0,0,0,0,0,0,0,0,OK,September,Scarped,East.facing,"Late_Dry
(Months 1-3)",Upland,C2-48c,1.673050546101092,0.788727273,5.0551510791366905,17.69,695,-0.00378424848987517,1.7284424717637423,FALSE,68.92888177014264,1.9959970930436297,Thesis,NA,NA,NA
M2,SanPablo,T1,0.5,a,2025-08-08,2025-09-08,2025,61.00069876,1,0,0,0,0,0,0,0,0,0,Review,September,Ramped,South.facing,"Late_Dry
(Months 1-3)",Edge,S1-0.5a,1.706273812547625,0.771628722,8.941919463087249,24.3,745,0.01994320045890097,1.8226043860308456,FALSE,25.333978068263427,1.1905148622217414,Thesis,NA,NA,NA
M2,SanPablo,T1,0.5,b,2025-08-08,2025-09-08,2025,NA,1,0,0,0,0,0,0,0,0,0,Review,September,Ramped,South.facing,"Late_Dry
(Months 1-3)",Edge,S1-0.5b,1.722733045466091,0.790542907,8.941919463087249,24.3,745,0.01994320045890097,1.8226043860308456,FALSE,25.333978068263427,1.1905148622217414,Thesis,NA,NA,NA
M2,SanPablo,T1,2,a,2025-08-08,2025-09-08,2025,12.37816004,0,0,0,0,0,0,0,0,0,0,OK,September,Ramped,South.facing,"Late_Dry
(Months 1-3)",Edge,S1-2a,1.6913385826771654,0.754465849,8.941919463087249,24.3,745,0.3776886912580827,1.8192972125194615,FALSE,25.333978068263427,1.1905148622217414,Thesis,NA,NA,NA
M2,SanPablo,T1,2,b,2025-08-08,2025-09-08,2025,28.59662555,0,0,0,0,0,0,0,0,0,0,OK,September,Ramped,South.facing,"Late_Dry
(Months 1-3)",Edge,S1-2b,1.7202946405892812,0.787740806,8.941919463087249,24.3,745,0.3776886912580827,1.8192972125194615,FALSE,25.333978068263427,1.1905148622217414,Thesis,NA,NA,NA
M2,SanPablo,T1,2,c,2025-08-08,2025-09-08,2025,24.94170295,0,0,0,0,0,0,0,0,0,0,OK,September,Ramped,South.facing,"Late_Dry
(Months 1-3)",Edge,S1-2c,1.7550419100838202,0.827670753,8.941919463087249,24.3,745,0.3776886912580827,1.8192972125194615,FALSE,25.333978068263427,1.1905148622217414,Thesis,NA,NA,NA
M2,SanPablo,T1,6,a,2025-08-08,2025-09-08,2025,4.013569486,0,0,0,0,0,0,0,0,0,0,OK,September,Ramped,South.facing,"Late_Dry
(Months 1-3)",Edge,S1-6a,1.8266700533401063,0.909982487,8.941919463087249,24.3,745,-0.0114628633903121,1.8447290956966944,FALSE,25.333978068263427,1.1905148622217414,Thesis,NA,NA,NA
M2,SanPablo,T1,6,b,2025-08-08,2025-09-08,2025,3.550771504,0,0,0,0,0,0,0,0,0,0,OK,September,Ramped,South.facing,"Late_Dry
(Months 1-3)",Edge,S1-6b,1.8254508509017016,0.908581436,8.941919463087249,24.3,745,-0.0114628633903121,1.8447290956966944,FALSE,25.333978068263427,1.1905148622217414,Thesis,NA,NA,NA
M2,SanPablo,T1,6,c,2025-08-08,2025-09-08,2025,6.33587526,1,0,0,0,0,0,0,0,0,0,Review,September,Ramped,South.facing,"Late_Dry
(Months 1-3)",Edge,S1-6c,1.83002286004572,0.913835377,8.941919463087249,24.3,745,-0.0114628633903121,1.8447290956966944,FALSE,25.333978068263427,1.1905148622217414,Thesis,NA,NA,NA
M2,SanPablo,T1,12,a,2025-08-08,2025-09-08,2025,1.978211645,0,0,0,0,0,0,0,0,0,0,OK,September,Ramped,South.facing,"Late_Dry
(Months 1-3)",Platform,S1-12a,1.877266954533909,0.968126095,8.941919463087249,24.3,745,0.05459195462793114,1.939426772189594,FALSE,25.333978068263427,1.1905148622217414,Thesis,NA,NA,NA
M2,SanPablo,T1,12,b,2025-08-08,2025-09-08,2025,1.896675636,0,0,0,0,0,0,0,0,0,0,OK,September,Ramped,South.facing,"Late_Dry
(Months 1-3)",Platform,S1-12b,1.889763779527559,0.982486865,8.941919463087249,24.3,745,0.05459195462793114,1.939426772189594,FALSE,25.333978068263427,1.1905148622217414,Thesis,NA,NA,NA
M2,SanPablo,T1,12,c,2025-08-08,2025-09-08,2025,2.225253584,0,0,0,0,0,0,0,0,0,0,OK,September,Ramped,South.facing,"Late_Dry
(Months 1-3)",Platform,S1-12c,1.8851917703835408,0.977232925,8.941919463087249,24.3,745,0.05459195462793114,1.939426772189594,FALSE,25.333978068263427,1.1905148622217414,Thesis,NA,NA,NA
M2,SanPablo,T1,24,a,2025-08-08,2025-09-08,2025,2.02775187,0,0,0,0,0,0,0,0,0,0,OK,September,Ramped,South.facing,"Late_Dry
(Months 1-3)",Platform,S1-24a,1.9751079502159004,1.08056042,8.941919463087249,24.3,745,0.01741473153111573,2.037429934956382,FALSE,25.333978068263427,1.1905148622217414,Thesis,NA,NA,NA
M2,SanPablo,T1,24,b,2025-08-08,2025-09-08,2025,2.154112402,0,0,0,0,0,0,0,0,0,0,OK,September,Ramped,South.facing,"Late_Dry
(Months 1-3)",Platform,S1-24b,1.984861569723139,1.091768827,8.941919463087249,24.3,745,0.01741473153111573,2.037429934956382,FALSE,25.333978068263427,1.1905148622217414,Thesis,NA,NA,NA
M2,SanPablo,T1,24,c,2025-08-08,2025-09-08,2025,1.330740687,0,0,0,0,0,0,0,0,0,0,OK,September,Ramped,South.facing,"Late_Dry
(Months 1-3)",Platform,S1-24c,1.9751079502159004,1.08056042,8.941919463087249,24.3,745,0.01741473153111573,2.037429934956382,FALSE,25.333978068263427,1.1905148622217414,Thesis,NA,NA,NA
M2,SanPablo,T1,48,a,2025-08-08,2025-09-08,2025,0.815715037,0,0,0,0,0,0,0,0,0,0,OK,September,Ramped,South.facing,"Late_Dry
(Months 1-3)",Upland,S1-48a,2.013208026416053,1.124343257,8.941919463087249,24.3,745,-0.00126515639596243,2.068042486947528,FALSE,25.333978068263427,1.1905148622217414,Thesis,NA,NA,NA
M2,SanPablo,T1,48,b,2025-08-08,2025-09-08,2025,1.973140998,0,0,0,0,0,0,0,0,0,0,OK,September,Ramped,South.facing,"Late_Dry
(Months 1-3)",Upland,S1-48b,2.0159512319024637,1.127495622,8.941919463087249,24.3,745,-0.00126515639596243,2.068042486947528,FALSE,25.333978068263427,1.1905148622217414,Thesis,NA,NA,NA
M2,SanPablo,T1,48,c,2025-08-08,2025-09-08,2025,1.074115225,0,0,0,0,0,0,0,0,0,0,OK,September,Ramped,South.facing,"Late_Dry
(Months 1-3)",Upland,S1-48c,2.0144272288544576,1.125744308,8.941919463087249,24.3,745,-0.00126515639596243,2.068042486947528,FALSE,25.333978068263427,1.1905148622217414,Thesis,NA,NA,NA
M2,SanPablo,T2,0.5,a,2025-08-08,2025-09-08,2025,4.539192789,1,0,0,0,0,0,0,0,0,0,Review,September,Ramped,South.facing,"Late_Dry
(Months 1-3)",Edge,S2-0.5a,1.727305054610109,0.795796848,8.941919463087249,24.3,745,0.01304185246874274,1.9776110105035407,FALSE,35.97380842326667,1.4533466871480498,Thesis,NA,NA,NA
M2,SanPablo,T2,0.5,b,2025-08-08,2025-09-08,2025,18.2150329,1,0,0,0,0,0,0,0,0,0,Review,September,Ramped,South.facing,"Late_Dry
(Months 1-3)",Edge,S2-0.5b,1.7297434594869188,0.798598949,8.941919463087249,24.3,745,0.01304185246874274,1.9776110105035407,FALSE,35.97380842326667,1.4533466871480498,Thesis,NA,NA,NA
M2,SanPablo,T2,0.5,c,2025-08-08,2025-09-08,2025,9.070982434,1,0,0,0,0,0,0,0,0,0,Review,September,Ramped,South.facing,"Late_Dry
(Months 1-3)",Edge,S2-0.5c,1.721818643637287,0.789492119,8.941919463087249,24.3,745,0.01304185246874274,1.9776110105035407,FALSE,35.97380842326667,1.4533466871480498,Thesis,NA,NA,NA
M2,SanPablo,T2,2,a,2025-08-08,2025-09-08,2025,61.06038028,0,0,0,0,0,0,0,0,0,0,OK,September,Ramped,South.facing,"Late_Dry
(Months 1-3)",Edge,S2-2a,1.7401066802133602,0.810507881,8.941919463087249,24.3,745,0.01154246712137735,1.9960940502981117,FALSE,35.97380842326667,1.4533466871480498,Thesis,NA,NA,NA
M2,SanPablo,T2,2,b,2025-08-08,2025-09-08,2025,30.66473977,0,0,0,0,0,0,0,0,0,0,OK,September,Ramped,South.facing,"Late_Dry
(Months 1-3)",Edge,S2-2b,1.751993903987808,0.824168126,8.941919463087249,24.3,745,0.01154246712137735,1.9960940502981117,FALSE,35.97380842326667,1.4533466871480498,Thesis,NA,NA,NA
M2,SanPablo,T2,2,c,2025-08-08,2025-09-08,2025,24.38377962,0,0,0,0,0,0,0,0,0,0,OK,September,Ramped,South.facing,"Late_Dry
(Months 1-3)",Edge,S2-2c,1.750469900939802,0.822416813,8.941919463087249,24.3,745,0.01154246712137735,1.9960940502981117,FALSE,35.97380842326667,1.4533466871480498,Thesis,NA,NA,NA
M2,SanPablo,T2,6,a,2025-08-08,2025-09-08,2025,2.192852147,1,0,0,0,0,0,0,0,0,0,Review,September,Ramped,South.facing,"Late_Dry
(Months 1-3)",Edge,S2-6a,1.8239268478536956,0.906830123,8.941919463087249,24.3,745,0.00730802606089925,2.0337458535335737,FALSE,35.97380842326667,1.4533466871480498,Thesis,NA,NA,NA
M2,SanPablo,T2,6,b,2025-08-08,2025-09-08,2025,4.421705891,1,0,0,0,0,0,0,0,0,0,Review,September,Ramped,South.facing,"Late_Dry
(Months 1-3)",Edge,S2-6b,1.8135636271272544,0.894921191,8.941919463087249,24.3,745,0.00730802606089925,2.0337458535335737,FALSE,35.97380842326667,1.4533466871480498,Thesis,NA,NA,NA
M2,SanPablo,T2,6,c,2025-08-08,2025-09-08,2025,6.49935293,0,0,0,0,0,0,0,0,0,0,OK,September,Ramped,South.facing,"Late_Dry
(Months 1-3)",Edge,S2-6c,1.8083820167640337,0.888966725,8.941919463087249,24.3,745,0.00730802606089925,2.0337458535335737,FALSE,35.97380842326667,1.4533466871480498,Thesis,NA,NA,NA
M2,SanPablo,T2,12,a,2025-08-08,2025-09-08,2025,3.04127286,0,0,0,0,0,0,0,0,0,0,OK,September,Ramped,South.facing,"Late_Dry
(Months 1-3)",Platform,S2-12a,1.899517399034798,0.993695271,8.941919463087249,24.3,745,7.536119889995986e-4,2.059116795755984,FALSE,35.97380842326667,1.4533466871480498,Thesis,NA,NA,NA
M2,SanPablo,T2,12,b,2025-08-08,2025-09-08,2025,3.9949095039999998,0,0,0,0,0,0,0,0,0,0,OK,September,Ramped,South.facing,"Late_Dry
(Months 1-3)",Platform,S2-12b,1.8912877825755652,0.984238179,8.941919463087249,24.3,745,7.536119889995986e-4,2.059116795755984,FALSE,35.97380842326667,1.4533466871480498,Thesis,NA,NA,NA
M2,SanPablo,T2,12,c,2025-08-08,2025-09-08,2025,NA,1,0,0,0,0,0,0,0,0,0,Review,September,Ramped,South.facing,"Late_Dry
(Months 1-3)",Platform,S2-12c,1.8836677673355344,0.975481611,8.941919463087249,24.3,745,7.536119889995986e-4,2.059116795755984,FALSE,35.97380842326667,1.4533466871480498,Thesis,NA,NA,NA
M2,SanPablo,T2,24,a,2025-08-08,2025-09-08,2025,NA,1,0,0,0,0,0,0,0,0,0,Review,September,Ramped,South.facing,"Late_Dry
(Months 1-3)",Platform,S2-24a,2.0001016002032004,1.109281961,8.941919463087249,24.3,745,-7.498068190482683e-4,2.04343186206419,FALSE,35.97380842326667,1.4533466871480498,Thesis,NA,NA,NA
M2,SanPablo,T2,24,b,2025-08-08,2025-09-08,2025,NA,1,0,0,0,0,0,0,0,0,0,Review,September,Ramped,South.facing,"Late_Dry
(Months 1-3)",Platform,S2-24b,1.9979679959359915,1.106830123,8.941919463087249,24.3,745,-7.498068190482683e-4,2.04343186206419,FALSE,35.97380842326667,1.4533466871480498,Thesis,NA,NA,NA
M2,SanPablo,T2,24,c,2025-08-08,2025-09-08,2025,NA,1,0,0,0,0,0,0,0,0,0,Review,September,Ramped,South.facing,"Late_Dry
(Months 1-3)",Platform,S2-24c,1.9915671831343664,1.099474606,8.941919463087249,24.3,745,-7.498068190482683e-4,2.04343186206419,FALSE,35.97380842326667,1.4533466871480498,Thesis,NA,NA,NA
M2,SanPablo,T2,48,a,2025-08-08,2025-09-08,2025,2.252178721,0,0,0,0,0,0,0,0,0,0,OK,September,Ramped,South.facing,"Late_Dry
(Months 1-3)",Upland,S2-48a,2.0138176276352553,1.125043783,8.941919463087249,24.3,745,0.00473019341500792,2.0664739570769344,FALSE,35.97380842326667,1.4533466871480498,Thesis,NA,NA,NA
M2,SanPablo,T2,48,b,2025-08-08,2025-09-08,2025,3.409655389,0,0,0,0,0,0,0,0,0,0,OK,September,Ramped,South.facing,"Late_Dry
(Months 1-3)",Upland,S2-48b,2.022961645923292,1.135551664,8.941919463087249,24.3,745,0.00473019341500792,2.0664739570769344,FALSE,35.97380842326667,1.4533466871480498,Thesis,NA,NA,NA
M2,SanPablo,T2,48,c,2025-08-08,2025-09-08,2025,2.236206182,0,0,0,0,0,0,0,0,0,0,OK,September,Ramped,South.facing,"Late_Dry
(Months 1-3)",Upland,S2-48c,2.0205232410464817,1.132749562,8.941919463087249,24.3,745,0.00473019341500792,2.0664739570769344,FALSE,35.97380842326667,1.4533466871480498,Thesis,NA,NA,NA
M3,Buck'sLanding,T1,0.5,a,2025-09-03,2025-10-08,2025,7.780863427,0,0,0,0,0,0,0,0,0,0,OK,October,Ramped,East.facing,"Late_Dry
(Months 1-3)",Edge,B1-0.5a,1.6544577089154178,0.743807502,4.51251497005988,20.8,835,0.17785756524338506,1.7010695502979745,FALSE,34.89580532666493,1.2246004538785733,Thesis,NA,NA,NA
M3,Buck'sLanding,T1,0.5,b,2025-09-03,2025-10-08,2025,7.164947831,0,0,0,0,0,0,0,0,0,0,OK,October,Ramped,East.facing,"Late_Dry
(Months 1-3)",Edge,B1-0.5b,1.6599441198882396,0.750176929,4.51251497005988,20.8,835,0.17785756524338506,1.7010695502979745,FALSE,34.89580532666493,1.2246004538785733,Thesis,NA,NA,NA
M3,Buck'sLanding,T1,0.5,c,2025-09-03,2025-10-08,2025,5.316976487,0,0,0,0,0,0,0,0,0,0,OK,October,Ramped,East.facing,"Late_Dry
(Months 1-3)",Edge,B1-0.5c,1.6611633223266449,0.751592357,4.51251497005988,20.8,835,0.17785756524338506,1.7010695502979745,FALSE,34.89580532666493,1.2246004538785733,Thesis,NA,NA,NA
M3,Buck'sLanding,T1,2,a,2025-09-03,2025-10-08,2025,2.349138191,0,0,0,0,0,0,0,0,0,0,OK,October,Ramped,East.facing,"Late_Dry
(Months 1-3)",Edge,B1-2a,1.7718059436118871,0.880042463,4.51251497005988,20.8,835,0.02968375936655274,1.858339098018449,FALSE,34.89580532666493,1.2246004538785733,Thesis,NA,NA,NA
M3,Buck'sLanding,T1,2,b,2025-09-03,2025-10-08,2025,1.993753904,0,0,0,0,0,0,0,0,0,0,OK,October,Ramped,East.facing,"Late_Dry
(Months 1-3)",Edge,B1-2b,1.7794259588519177,0.888888889,4.51251497005988,20.8,835,0.02968375936655274,1.858339098018449,FALSE,34.89580532666493,1.2246004538785733,Thesis,NA,NA,NA
M3,Buck'sLanding,T1,2,c,2025-09-03,2025-10-08,2025,1.665226663,0,0,0,0,0,0,0,0,0,0,OK,October,Ramped,East.facing,"Late_Dry
(Months 1-3)",Edge,B1-2c,1.7669291338582676,0.87438075,4.51251497005988,20.8,835,0.02968375936655274,1.858339098018449,FALSE,34.89580532666493,1.2246004538785733,Thesis,NA,NA,NA
M3,Buck'sLanding,T1,6,a,2025-09-03,2025-10-08,2025,3.068080648,0,0,0,0,0,0,0,0,0,0,OK,October,Ramped,East.facing,"Late_Dry
(Months 1-3)",Edge,B1-6a,1.8138684277368553,0.928874735,4.51251497005988,20.8,835,0.01104286813360896,1.8720950223241668,FALSE,34.89580532666493,1.2246004538785733,Thesis,NA,NA,NA
M3,Buck'sLanding,T1,6,b,2025-09-03,2025-10-08,2025,4.850571101,0,0,0,0,0,0,0,0,0,0,OK,October,Ramped,East.facing,"Late_Dry
(Months 1-3)",Edge,B1-6b,1.806248412496825,0.920028309,4.51251497005988,20.8,835,0.01104286813360896,1.8720950223241668,FALSE,34.89580532666493,1.2246004538785733,Thesis,NA,NA,NA
M3,Buck'sLanding,T1,6,c,2025-09-03,2025-10-08,2025,4.885871499,0,0,0,0,0,0,0,0,0,0,OK,October,Ramped,East.facing,"Late_Dry
(Months 1-3)",Edge,B1-6c,1.8053340106680211,0.918966737,4.51251497005988,20.8,835,0.01104286813360896,1.8720950223241668,FALSE,34.89580532666493,1.2246004538785733,Thesis,NA,NA,NA
M3,Buck'sLanding,T1,12,a,2025-09-03,2025-10-08,2025,1.480775347,0,0,0,0,0,0,0,0,0,0,OK,October,Ramped,East.facing,"Late_Dry
(Months 1-3)",Platform,B1-12a,1.8483108966217932,0.96886058,4.51251497005988,20.8,835,-0.00172583812482088,1.8663152905950524,FALSE,34.89580532666493,1.2246004538785733,Thesis,NA,NA,NA
M3,Buck'sLanding,T1,12,b,2025-09-03,2025-10-08,2025,1.304273357,0,0,0,0,0,0,0,0,0,0,OK,October,Ramped,East.facing,"Late_Dry
(Months 1-3)",Platform,B1-12b,1.8461772923545847,0.966383581,4.51251497005988,20.8,835,-0.00172583812482088,1.8663152905950524,FALSE,34.89580532666493,1.2246004538785733,Thesis,NA,NA,NA
M3,Buck'sLanding,T1,12,c,2025-09-03,2025-10-08,2025,1.283928471,0,0,0,0,0,0,0,0,0,0,OK,October,Ramped,East.facing,"Late_Dry
(Months 1-3)",Platform,B1-12c,1.8428244856489713,0.962491154,4.51251497005988,20.8,835,-0.00172583812482088,1.8663152905950524,FALSE,34.89580532666493,1.2246004538785733,Thesis,NA,NA,NA
M3,Buck'sLanding,T1,18,a,2025-09-03,2025-10-08,2025,1.582993802,0,0,0,0,0,0,0,0,0,0,OK,October,Ramped,East.facing,"Late_Dry
(Months 1-3)",Platform,B1-18a,1.8736093472186943,0.998230715,4.51251497005988,20.8,835,-0.02221947652684898,1.8408866750284556,FALSE,34.89580532666493,1.2246004538785733,Thesis,NA,NA,NA
M3,Buck'sLanding,T1,18,b,2025-09-03,2025-10-08,2025,1.446373178,0,0,0,0,0,0,0,0,0,0,OK,October,Ramped,East.facing,"Late_Dry
(Months 1-3)",Platform,B1-18b,1.8745237490474984,0.999292286,4.51251497005988,20.8,835,-0.02221947652684898,1.8408866750284556,FALSE,34.89580532666493,1.2246004538785733,Thesis,NA,NA,NA
M3,Buck'sLanding,T1,18,c,2025-09-03,2025-10-08,2025,1.187952707,0,0,0,0,0,0,0,0,0,0,OK,October,Ramped,East.facing,"Late_Dry
(Months 1-3)",Platform,B1-18c,1.8806197612395223,1.006369427,4.51251497005988,20.8,835,-0.02221947652684898,1.8408866750284556,FALSE,34.89580532666493,1.2246004538785733,Thesis,NA,NA,NA
M3,Buck'sLanding,T1,24,a,2025-09-03,2025-10-08,2025,1.15453859,0,0,0,0,0,0,0,0,0,0,OK,October,Ramped,East.facing,"Late_Dry
(Months 1-3)",Platform,B1-24a,1.8641605283210565,0.987261146,4.51251497005988,20.8,835,0.02688120789993156,1.8505249450567665,FALSE,34.89580532666493,1.2246004538785733,Thesis,NA,NA,NA
M3,Buck'sLanding,T1,24,b,2025-09-03,2025-10-08,2025,1.439456815,0,0,0,0,0,0,0,0,0,0,OK,October,Ramped,East.facing,"Late_Dry
(Months 1-3)",Platform,B1-24b,1.869037338074676,0.992922859,4.51251497005988,20.8,835,0.02688120789993156,1.8505249450567665,FALSE,34.89580532666493,1.2246004538785733,Thesis,NA,NA,NA
M3,Buck'sLanding,T1,24,c,2025-09-03,2025-10-08,2025,1.410354196,0,0,0,0,0,0,0,0,0,0,OK,October,Ramped,East.facing,"Late_Dry
(Months 1-3)",Platform,B1-24c,1.8714757429514857,0.995753715,4.51251497005988,20.8,835,0.02688120789993156,1.8505249450567665,FALSE,34.89580532666493,1.2246004538785733,Thesis,NA,NA,NA
M3,Buck'sLanding,T1,48,a,2025-09-03,2025-10-08,2025,1.885292757,0,0,0,0,0,0,0,0,0,0,OK,October,Ramped,East.facing,"Late_Dry
(Months 1-3)",Upland,B1-48a,1.856845313690627,0.978768577,4.51251497005988,20.8,835,0.00709242883196758,1.921341208364329,TRUE,34.89580532666493,1.2246004538785733,Thesis,NA,NA,NA
M3,Buck'sLanding,T1,48,b,2025-09-03,2025-10-08,2025,1.81060502,0,0,0,0,0,1,0,0,0,0,Review,October,Ramped,East.facing,"Late_Dry
(Months 1-3)",Upland,B1-48b,1.850749301498603,0.971691437,4.51251497005988,20.8,835,0.00709242883196758,1.921341208364329,TRUE,34.89580532666493,1.2246004538785733,Thesis,NA,NA,NA
M3,Buck'sLanding,T1,48,c,2025-09-03,2025-10-08,2025,2.232368426,0,0,0,0,0,0,0,0,0,0,OK,October,Ramped,East.facing,"Late_Dry
(Months 1-3)",Upland,B1-48c,1.8516637033274064,0.972753008,4.51251497005988,20.8,835,0.00709242883196758,1.921341208364329,TRUE,34.89580532666493,1.2246004538785733,Thesis,NA,NA,NA
M3,Buck'sLanding,T2,0.5,a,2025-09-03,2025-10-08,2025,8.378320417,1,0,0,0,0,1,0,0,0,0,Review,October,Ramped,East.facing,"Late_Dry
(Months 1-3)",Edge,B2-0.5a,1.6338836677673354,0.7199221515,4.51251497005988,20.8,835,-4.902368587095996e-4,1.8307718827004935,FALSE,29.104492140178493,1.2333122768097955,Thesis,NA,NA,NA
M3,Buck'sLanding,T2,0.5,b,2025-09-03,2025-10-08,2025,8.805652843,0,0,0,0,0,0,0,0,0,0,OK,October,Ramped,East.facing,"Late_Dry
(Months 1-3)",Edge,B2-0.5b,1.6431800863601729,0.730714791,4.51251497005988,20.8,835,-4.902368587095996e-4,1.8307718827004935,FALSE,29.104492140178493,1.2333122768097955,Thesis,NA,NA,NA
M3,Buck'sLanding,T2,0.5,c,2025-09-03,2025-10-08,2025,5.038660245,0,0,0,0,0,0,0,0,0,0,OK,October,Ramped,East.facing,"Late_Dry
(Months 1-3)",Edge,B2-0.5c,1.6407416814833629,0.727883935,4.51251497005988,20.8,835,-4.902368587095996e-4,1.8307718827004935,FALSE,29.104492140178493,1.2333122768097955,Thesis,NA,NA,NA
M3,Buck'sLanding,T2,2,a,2025-09-03,2025-10-08,2025,2.109266148,0,0,0,0,0,0,0,0,0,0,OK,October,Ramped,East.facing,"Late_Dry
(Months 1-3)",Edge,B2-2a,1.773329946659893,0.881811748,4.51251497005988,20.8,835,0.00879335684428583,1.8375292375952912,FALSE,29.104492140178493,1.2333122768097955,Thesis,NA,NA,NA
M3,Buck'sLanding,T2,2,b,2025-09-03,2025-10-08,2025,1.865352075,0,0,0,0,0,0,0,0,0,0,OK,October,Ramped,East.facing,"Late_Dry
(Months 1-3)",Edge,B2-2b,1.7654051308102614,0.872611465,4.51251497005988,20.8,835,0.00879335684428583,1.8375292375952912,FALSE,29.104492140178493,1.2333122768097955,Thesis,NA,NA,NA
M3,Buck'sLanding,T2,2,c,2025-09-03,2025-10-08,2025,2.00044571,0,0,0,0,0,0,0,0,0,0,OK,October,Ramped,East.facing,"Late_Dry
(Months 1-3)",Edge,B2-2c,1.7696723393446787,0.877565464,4.51251497005988,20.8,835,0.00879335684428583,1.8375292375952912,FALSE,29.104492140178493,1.2333122768097955,Thesis,NA,NA,NA
M3,Buck'sLanding,T2,6,a,2025-09-03,2025-10-08,2025,3.617617123,0,0,0,0,0,0,0,0,0,0,OK,October,Ramped,East.facing,"Late_Dry
(Months 1-3)",Edge,B2-6a,1.843738887477775,0.963552725,4.51251497005988,20.8,835,0.01218461482376672,1.894739035630732,FALSE,29.104492140178493,1.2333122768097955,Thesis,NA,NA,NA
M3,Buck'sLanding,T2,6,b,2025-09-03,2025-10-08,2025,4.067270539,0,0,0,0,0,0,0,0,0,0,OK,October,Ramped,East.facing,"Late_Dry
(Months 1-3)",Edge,B2-6b,1.8394716789433576,0.958598726,4.51251497005988,20.8,835,0.01218461482376672,1.894739035630732,FALSE,29.104492140178493,1.2333122768097955,Thesis,NA,NA,NA
M3,Buck'sLanding,T2,6,c,2025-09-03,2025-10-08,2025,2.91771712,0,0,0,0,0,0,0,0,0,0,OK,October,Ramped,East.facing,"Late_Dry
(Months 1-3)",Edge,B2-6c,1.8376428752857503,0.956475584,4.51251497005988,20.8,835,0.01218461482376672,1.894739035630732,FALSE,29.104492140178493,1.2333122768097955,Thesis,NA,NA,NA
M3,Buck'sLanding,T2,12,a,2025-09-03,2025-10-08,2025,2.516792625,0,0,0,0,0,0,0,0,0,0,OK,October,Ramped,East.facing,"Late_Dry
(Months 1-3)",Platform,B2-12a,1.84008128016256,0.95930644,4.51251497005988,20.8,835,0.02661783367146161,1.8694116559719185,FALSE,29.104492140178493,1.2333122768097955,Thesis,NA,NA,NA
M3,Buck'sLanding,T2,12,b,2025-09-03,2025-10-08,2025,3.128306899,0,0,0,0,0,0,0,0,0,0,OK,October,Ramped,East.facing,"Late_Dry
(Months 1-3)",Platform,B2-12b,1.835814071628143,0.954352442,4.51251497005988,20.8,835,0.02661783367146161,1.8694116559719185,FALSE,29.104492140178493,1.2333122768097955,Thesis,NA,NA,NA
M3,Buck'sLanding,T2,12,c,2025-09-03,2025-10-08,2025,2.343973374,0,0,0,0,0,0,0,0,0,0,OK,October,Ramped,East.facing,"Late_Dry
(Months 1-3)",Platform,B2-12c,1.822098044196088,0.938428875,4.51251497005988,20.8,835,0.02661783367146161,1.8694116559719185,FALSE,29.104492140178493,1.2333122768097955,Thesis,NA,NA,NA
M3,Buck'sLanding,T2,24,a,2025-09-03,2025-10-08,2025,1.595569007,0,0,0,0,0,0,0,0,0,0,OK,October,Ramped,East.facing,"Late_Dry
(Months 1-3)",Platform,B2-24a,1.8266700533401063,0.94373673,4.51251497005988,20.8,835,0.01213652588304522,1.8589100935344456,FALSE,29.104492140178493,1.2333122768097955,Thesis,NA,NA,NA
M3,Buck'sLanding,T2,24,b,2025-09-03,2025-10-08,2025,1.370832122,0,0,0,0,0,0,0,0,0,0,OK,October,Ramped,East.facing,"Late_Dry
(Months 1-3)",Platform,B2-24b,1.8294132588265175,0.946921444,4.51251497005988,20.8,835,0.01213652588304522,1.8589100935344456,FALSE,29.104492140178493,1.2333122768097955,Thesis,NA,NA,NA
M3,Buck'sLanding,T2,24,c,2025-09-03,2025-10-08,2025,1.668325553,0,0,0,0,0,0,0,0,0,0,OK,October,Ramped,East.facing,"Late_Dry
(Months 1-3)",Platform,B2-24c,1.8446532893065783,0.964614296,4.51251497005988,20.8,835,0.01213652588304522,1.8589100935344456,FALSE,29.104492140178493,1.2333122768097955,Thesis,NA,NA,NA
M3,Buck'sLanding,T2,48,a,2025-09-03,2025-10-08,2025,1.952210815,0,0,0,0,0,0,0,0,0,0,OK,October,Ramped,East.facing,"Late_Dry
(Months 1-3)",Upland,B2-48a,1.8416052832105665,0.961075725,4.51251497005988,20.8,835,-0.02376690670714356,1.4953854337338937,TRUE,29.104492140178493,1.2333122768097955,Thesis,NA,NA,NA
M3,Buck'sLanding,T2,48,b,2025-09-03,2025-10-08,2025,2.045581715,0,0,0,0,0,0,0,0,0,0,OK,October,Ramped,East.facing,"Late_Dry
(Months 1-3)",Upland,B2-48b,1.8525781051562105,0.973814579,4.51251497005988,20.8,835,-0.02376690670714356,1.4953854337338937,TRUE,29.104492140178493,1.2333122768097955,Thesis,NA,NA,NA
M3,Buck'sLanding,T2,48,c,2025-09-03,2025-10-08,2025,2.62363696,0,0,0,0,0,0,0,0,0,0,OK,October,Ramped,East.facing,"Late_Dry
(Months 1-3)",Upland,B2-48c,1.849530099060198,0.970276008,4.51251497005988,20.8,835,-0.02376690670714356,1.4953854337338937,TRUE,29.104492140178493,1.2333122768097955,Thesis,NA,NA,NA
M3,GiantMarsh,T1,0.5,a,2025-09-06,2025-10-07,2025,2.202283551,0,0,0,0,0,0,0,0,0,0,OK,October,Scarped,West.facing,"Late_Dry
(Months 1-3)",Edge,G1-0.5a,2.067462535,1.195887069,4.570771312584574,20.8,739,-0.00503157657553342,2.081117017603091,FALSE,61.82523742803928,2.5615527555530693,Thesis,NA,NA,NA
M3,GiantMarsh,T1,0.5,b,2025-09-06,2025-10-07,2025,2.172316026,0,1,0,0,0,0,0,0,0,0,Review,October,Scarped,West.facing,"Late_Dry
(Months 1-3)",Edge,G1-0.5b,2.066243332486665,1.194492855,4.570771312584574,20.8,739,-0.00503157657553342,2.081117017603091,FALSE,61.82523742803928,2.5615527555530693,Thesis,NA,NA,NA
M3,GiantMarsh,T1,0.5,c,2025-09-06,2025-10-07,2025,2.235141346,0,0,0,0,0,0,0,0,0,0,OK,October,Scarped,West.facing,"Late_Dry
(Months 1-3)",Edge,G1-0.5c,2.0574041148082296,1.184384803,4.570771312584574,20.8,739,-0.00503157657553342,2.081117017603091,FALSE,61.82523742803928,2.5615527555530693,Thesis,NA,NA,NA
M3,GiantMarsh,T1,2,a,2025-09-06,2025-10-07,2025,2.836773653,0,0,0,0,0,0,0,0,0,0,OK,October,Scarped,West.facing,"Late_Dry
(Months 1-3)",Edge,G1-2a,2.0183896367792733,1.139769955,4.570771312584574,20.8,739,-0.04260973519962442,2.031680671373449,FALSE,61.82523742803928,2.5615527555530693,Thesis,NA,NA,NA
M3,GiantMarsh,T1,2,b,2025-09-06,2025-10-07,2025,31.50377978,0,0,0,0,0,0,0,0,0,0,OK,October,Scarped,West.facing,"Late_Dry
(Months 1-3)",Edge,G1-2b,2.019304038608077,1.140815615,4.570771312584574,20.8,739,-0.04260973519962442,2.031680671373449,FALSE,61.82523742803928,2.5615527555530693,Thesis,NA,NA,NA
M3,GiantMarsh,T1,2,c,2025-09-06,2025-10-07,2025,61.89211857,0,0,0,0,0,0,0,0,0,0,OK,October,Scarped,West.facing,"Late_Dry
(Months 1-3)",Edge,G1-2c,2.0189992379984756,1.140467062,4.570771312584574,20.8,739,-0.04260973519962442,2.031680671373449,FALSE,61.82523742803928,2.5615527555530693,Thesis,NA,NA,NA
M3,GiantMarsh,T1,6,a,2025-09-06,2025-10-07,2025,5.843109752,0,0,0,0,0,0,0,0,0,0,OK,October,Scarped,West.facing,"Late_Dry
(Months 1-3)",Edge,G1-6a,1.9723647447294896,1.087138376,4.570771312584574,20.8,739,-0.020943234262624,1.9647297866186124,FALSE,61.82523742803928,2.5615527555530693,Thesis,NA,NA,NA
M3,GiantMarsh,T1,6,b,2025-09-06,2025-10-07,2025,6.910734549,0,0,0,0,0,0,0,0,0,0,OK,October,Scarped,West.facing,"Late_Dry
(Months 1-3)",Edge,G1-6b,1.9793751587503172,1.095155106,4.570771312584574,20.8,739,-0.020943234262624,1.9647297866186124,FALSE,61.82523742803928,2.5615527555530693,Thesis,NA,NA,NA
M3,GiantMarsh,T1,6,c,2025-09-06,2025-10-07,2025,6.2030243,0,0,0,0,0,0,0,0,0,0,OK,October,Scarped,West.facing,"Late_Dry
(Months 1-3)",Edge,G1-6c,1.9763271526543051,1.091669571,4.570771312584574,20.8,739,-0.020943234262624,1.9647297866186124,FALSE,61.82523742803928,2.5615527555530693,Thesis,NA,NA,NA
M3,GiantMarsh,T1,12,a,2025-09-06,2025-10-07,2025,4.274961357,0,0,0,0,0,0,0,0,0,0,OK,October,Scarped,West.facing,"Late_Dry
(Months 1-3)",Platform,G1-12a,1.9418846837693675,1.052283025,4.570771312584574,20.8,739,-0.00963659940341829,1.9003038509090948,FALSE,61.82523742803928,2.5615527555530693,Thesis,NA,NA,NA
M3,GiantMarsh,T1,12,b,2025-09-06,2025-10-07,2025,3.935785756,0,0,0,0,0,0,0,0,0,0,OK,October,Scarped,West.facing,"Late_Dry
(Months 1-3)",Platform,G1-12b,1.9495046990093976,1.060996863,4.570771312584574,20.8,739,-0.00963659940341829,1.9003038509090948,FALSE,61.82523742803928,2.5615527555530693,Thesis,NA,NA,NA
M3,GiantMarsh,T1,12,c,2025-09-06,2025-10-07,2025,3.468322778,0,0,0,0,0,0,0,0,0,0,OK,October,Scarped,West.facing,"Late_Dry
(Months 1-3)",Platform,G1-12c,1.9577343154686309,1.070407808,4.570771312584574,20.8,739,-0.00963659940341829,1.9003038509090948,FALSE,61.82523742803928,2.5615527555530693,Thesis,NA,NA,NA
M3,GiantMarsh,T1,24,a,2025-09-06,2025-10-07,2025,1.776552001,0,0,0,0,0,0,0,0,0,0,OK,October,Scarped,West.facing,"Late_Dry
(Months 1-3)",Platform,G1-24a,1.94005588011176,1.050191704,4.570771312584574,20.8,739,-0.04127172083878872,1.9068799902442335,FALSE,61.82523742803928,2.5615527555530693,Thesis,NA,NA,NA
M3,GiantMarsh,T1,24,b,2025-09-06,2025-10-07,2025,1.747243659,0,0,0,0,0,0,0,0,0,0,OK,October,Scarped,West.facing,"Late_Dry
(Months 1-3)",Platform,G1-24b,1.9467614935229869,1.057859881,4.570771312584574,20.8,739,-0.04127172083878872,1.9068799902442335,FALSE,61.82523742803928,2.5615527555530693,Thesis,NA,NA,NA
M3,GiantMarsh,T1,24,c,2025-09-06,2025-10-07,2025,2.202841322,0,0,0,0,0,0,0,0,0,0,OK,October,Scarped,West.facing,"Late_Dry
(Months 1-3)",Platform,G1-24c,1.952247904495809,1.064133845,4.570771312584574,20.8,739,-0.04127172083878872,1.9068799902442335,FALSE,61.82523742803928,2.5615527555530693,Thesis,NA,NA,NA
M3,GiantMarsh,T1,48,a,2025-09-06,2025-10-07,2025,2.495924739,0,0,0,0,0,0,0,0,0,0,OK,October,Scarped,West.facing,"Late_Dry
(Months 1-3)",Upland,G1-48a,1.8736093472186943,0.974207041,4.570771312584574,20.8,739,0.01939660366491094,2.0210249067405273,TRUE,61.82523742803928,2.5615527555530693,Thesis,NA,NA,NA
M3,GiantMarsh,T1,48,b,2025-09-06,2025-10-07,2025,2.32078458,0,0,0,0,0,0,0,0,0,0,OK,October,Scarped,West.facing,"Late_Dry
(Months 1-3)",Upland,G1-48b,1.8595885191770385,0.95817358,4.570771312584574,20.8,739,0.01939660366491094,2.0210249067405273,TRUE,61.82523742803928,2.5615527555530693,Thesis,NA,NA,NA
M3,GiantMarsh,T1,48,c,2025-09-06,2025-10-07,2025,1.998697061,0,0,0,0,0,0,0,0,0,0,OK,October,Scarped,West.facing,"Late_Dry
(Months 1-3)",Upland,G1-48c,1.886106172212344,0.988497734,4.570771312584574,20.8,739,0.01939660366491094,2.0210249067405273,TRUE,61.82523742803928,2.5615527555530693,Thesis,NA,NA,NA
M3,GiantMarsh,T2,0.5,a,2025-09-06,2025-10-07,2025,611.2994449,0,0,0,0,0,0,0,0,0,0,OK,October,Scarped,West.facing,"Late_Dry
(Months 1-3)",Edge,G2-0.5a,2.0357632715265432,1.159637504,4.570771312584574,20.8,739,1.4006969717971426e-4,2.0306872434232464,FALSE,47.44065202971936,2.141172071480484,Thesis,NA,NA,NA
M3,GiantMarsh,T2,0.5,b,2025-09-06,2025-10-07,2025,1234.412078,0,0,0,0,0,0,0,0,0,0,OK,October,Scarped,West.facing,"Late_Dry
(Months 1-3)",Edge,G2-0.5b,2.041249682499365,1.165911467,4.570771312584574,20.8,739,1.4006969717971426e-4,2.0306872434232464,FALSE,47.44065202971936,2.141172071480484,Thesis,NA,NA,NA
M3,GiantMarsh,T2,0.5,c,2025-09-06,2025-10-07,2025,978.2368395,0,0,0,0,0,0,0,0,0,0,OK,October,Scarped,West.facing,"Late_Dry
(Months 1-3)",Edge,G2-0.5c,2.0519177038354077,1.17811084,4.570771312584574,20.8,739,1.4006969717971426e-4,2.0306872434232464,FALSE,47.44065202971936,2.141172071480484,Thesis,NA,NA,NA
M3,GiantMarsh,T2,2,a,2025-09-06,2025-10-07,2025,47.65074916,0,0,0,0,0,0,0,0,0,0,OK,October,Scarped,West.facing,"Late_Dry
(Months 1-3)",Edge,G2-2a,2.0616713233426465,1.189264552,4.570771312584574,20.8,739,-0.01342471668837245,2.0563871851683726,FALSE,47.44065202971936,2.141172071480484,Thesis,NA,NA,NA
M3,GiantMarsh,T2,2,b,2025-09-06,2025-10-07,2025,178.9319891,0,0,0,0,0,0,0,0,0,0,OK,October,Scarped,West.facing,"Late_Dry
(Months 1-3)",Edge,G2-2b,2.054051308102616,1.180550715,4.570771312584574,20.8,739,-0.01342471668837245,2.0563871851683726,FALSE,47.44065202971936,2.141172071480484,Thesis,NA,NA,NA
M3,GiantMarsh,T2,2,c,2025-09-06,2025-10-07,2025,16.56879653,0,1,0,0,0,0,0,0,0,0,Review,October,Scarped,West.facing,"Late_Dry
(Months 1-3)",Edge,G2-2c,2.0564897129794257,1.183339143,4.570771312584574,20.8,739,-0.01342471668837245,2.0563871851683726,FALSE,47.44065202971936,2.141172071480484,Thesis,NA,NA,NA
M3,GiantMarsh,T2,6,a,2025-09-06,2025-10-07,2025,6.442003909,0,0,0,0,0,0,0,0,0,0,OK,October,Scarped,West.facing,"Late_Dry
(Months 1-3)",Edge,G2-6a,1.9406654813309625,1.050888811,4.570771312584574,20.8,739,-0.01255565003163208,1.9574508500756536,FALSE,47.44065202971936,2.141172071480484,Thesis,NA,NA,NA
M3,GiantMarsh,T2,6,b,2025-09-06,2025-10-07,2025,7.085367643,0,0,0,0,0,0,0,0,0,0,OK,October,Scarped,West.facing,"Late_Dry
(Months 1-3)",Edge,G2-6b,1.9434086868173737,1.054025793,4.570771312584574,20.8,739,-0.01255565003163208,1.9574508500756536,FALSE,47.44065202971936,2.141172071480484,Thesis,NA,NA,NA
M3,GiantMarsh,T2,6,c,2025-09-06,2025-10-07,2025,8.272254065,0,0,0,0,0,0,0,0,0,0,OK,October,Scarped,West.facing,"Late_Dry
(Months 1-3)",Edge,G2-6c,1.9473710947421896,1.058556988,4.570771312584574,20.8,739,-0.01255565003163208,1.9574508500756536,FALSE,47.44065202971936,2.141172071480484,Thesis,NA,NA,NA
M3,GiantMarsh,T2,12,a,2025-09-06,2025-10-07,2025,3.122910282,0,0,0,0,0,0,0,0,0,0,OK,October,Scarped,West.facing,"Late_Dry
(Months 1-3)",Platform,G2-12a,1.9333502667005331,1.042523527,4.570771312584574,20.8,739,0.0073026439019559,1.95016303680416,FALSE,47.44065202971936,2.141172071480484,Thesis,NA,NA,NA
M3,GiantMarsh,T2,12,b,2025-09-06,2025-10-07,2025,2.800670643,0,0,0,0,0,0,0,0,0,0,OK,October,Scarped,West.facing,"Late_Dry
(Months 1-3)",Platform,G2-12b,1.9354838709677415,1.044963402,4.570771312584574,20.8,739,0.0073026439019559,1.95016303680416,FALSE,47.44065202971936,2.141172071480484,Thesis,NA,NA,NA
M3,GiantMarsh,T2,12,c,2025-09-06,2025-10-07,2025,2.912681243,0,0,0,0,0,0,0,0,0,0,OK,October,Scarped,West.facing,"Late_Dry
(Months 1-3)",Platform,G2-12c,1.9318262636525272,1.04078076,4.570771312584574,20.8,739,0.0073026439019559,1.95016303680416,FALSE,47.44065202971936,2.141172071480484,Thesis,NA,NA,NA
M3,GiantMarsh,T2,24,a,2025-09-06,2025-10-07,2025,0.949782953,0,0,0,0,0,0,0,0,0,0,OK,October,Scarped,West.facing,"Late_Dry
(Months 1-3)",Platform,G2-24a,1.9357886715773431,1.045311955,4.570771312584574,20.8,739,4.975228131842639e-4,1.9387701875796968,FALSE,47.44065202971936,2.141172071480484,Thesis,NA,NA,NA
M3,GiantMarsh,T2,24,b,2025-09-06,2025-10-07,2025,1.008095397,0,0,0,0,0,0,0,0,0,0,OK,October,Scarped,West.facing,"Late_Dry
(Months 1-3)",Platform,G2-24b,1.9406654813309625,1.050888811,4.570771312584574,20.8,739,4.975228131842639e-4,1.9387701875796968,FALSE,47.44065202971936,2.141172071480484,Thesis,NA,NA,NA
M3,GiantMarsh,T2,24,c,2025-09-06,2025-10-07,2025,0.989131176,0,0,0,0,0,0,0,0,0,0,OK,October,Scarped,West.facing,"Late_Dry
(Months 1-3)",Platform,G2-24c,1.9354838709677415,1.044963402,4.570771312584574,20.8,739,4.975228131842639e-4,1.9387701875796968,FALSE,47.44065202971936,2.141172071480484,Thesis,NA,NA,NA
M3,GiantMarsh,T2,48,a,2025-09-06,2025-10-07,2025,1.725287756,0,0,0,0,0,0,0,0,0,0,OK,October,Scarped,West.facing,"Late_Dry
(Months 1-3)",Upland,G2-48a,1.8733045466090932,0.973858487,4.570771312584574,20.8,739,-0.03370930171824177,1.4800192766320546,TRUE,47.44065202971936,2.141172071480484,Thesis,NA,NA,NA
M3,GiantMarsh,T2,48,b,2025-09-06,2025-10-07,2025,1.1647784,0,0,0,0,0,0,0,0,0,0,OK,October,Scarped,West.facing,"Late_Dry
(Months 1-3)",Upland,G2-48b,1.897078994157988,1.001045661,4.570771312584574,20.8,739,-0.03370930171824177,1.4800192766320546,TRUE,47.44065202971936,2.141172071480484,Thesis,NA,NA,NA
M3,GiantMarsh,T2,48,c,2025-09-06,2025-10-07,2025,1.382866942,0,0,0,0,0,0,0,0,0,0,OK,October,Scarped,West.facing,"Late_Dry
(Months 1-3)",Upland,G2-48c,1.8836677673355344,0.985709306,4.570771312584574,20.8,739,-0.03370930171824177,1.4800192766320546,TRUE,47.44065202971936,2.141172071480484,Thesis,NA,NA,NA
M3,CorteMadera,T1,0.5,a,2025-09-05,2025-10-03,2025,1.958756658,0,0,0,0,0,0,0,0,0,0,OK,October,Scarped,East.facing,"Late_Dry
(Months 1-3)",Edge,C1-0.5a,1.6593345186690371,0.772363636,4.6919940029985,20.8,667,0.09733852868754048,1.7492440342280613,FALSE,72.28575074664536,2.3204339675954957,Thesis,NA,NA,NA
M3,CorteMadera,T1,0.5,b,2025-09-05,2025-10-03,2025,2.01882572,0,0,0,0,0,0,0,0,0,0,OK,October,Scarped,East.facing,"Late_Dry
(Months 1-3)",Edge,C1-0.5b,1.6684785369570738,0.783272727,4.6919940029985,20.8,667,0.09733852868754048,1.7492440342280613,FALSE,72.28575074664536,2.3204339675954957,Thesis,NA,NA,NA
M3,CorteMadera,T1,0.5,c,2025-09-05,2025-10-03,2025,5.480880816,1,0,0,0,0,0,0,0,0,0,Review,October,Scarped,East.facing,"Late_Dry
(Months 1-3)",Edge,C1-0.5c,1.6614681229362456,0.774909091,4.6919940029985,20.8,667,0.09733852868754048,1.7492440342280613,FALSE,72.28575074664536,2.3204339675954957,Thesis,NA,NA,NA
M3,CorteMadera,T1,2,a,2025-09-05,2025-10-03,2025,6.100939492,1,0,0,0,0,0,0,0,0,0,Review,October,Scarped,East.facing,"Late_Dry
(Months 1-3)",Edge,C1-2a,1.6462280924561847,0.756727273,4.6919940029985,20.8,667,0.01775399109541334,1.8293271071500128,FALSE,72.28575074664536,2.3204339675954957,Thesis,NA,NA,NA
M3,CorteMadera,T1,2,b,2025-09-05,2025-10-03,2025,2.565061204,0,0,0,0,0,0,0,0,0,0,OK,October,Scarped,East.facing,"Late_Dry
(Months 1-3)",Edge,C1-2b,1.6480568961137922,0.758909091,4.6919940029985,20.8,667,0.01775399109541334,1.8293271071500128,FALSE,72.28575074664536,2.3204339675954957,Thesis,NA,NA,NA
M3,CorteMadera,T1,2,c,2025-09-05,2025-10-03,2025,6.156292852,0,0,0,0,0,0,0,0,0,0,OK,October,Scarped,East.facing,"Late_Dry
(Months 1-3)",Edge,C1-2c,1.6462280924561847,0.756727273,4.6919940029985,20.8,667,0.01775399109541334,1.8293271071500128,FALSE,72.28575074664536,2.3204339675954957,Thesis,NA,NA,NA
M3,CorteMadera,T1,6,a,2025-09-05,2025-10-03,2025,5.74978811,0,0,0,0,0,0,0,0,0,0,OK,October,Scarped,East.facing,"Late_Dry
(Months 1-3)",Edge,C1-6a,1.664516129032258,0.778545455,4.6919940029985,20.8,667,-0.02515538212948231,1.757631476156524,FALSE,72.28575074664536,2.3204339675954957,Thesis,NA,NA,NA
M3,CorteMadera,T1,6,b,2025-09-05,2025-10-03,2025,6.00028171,0,0,0,0,0,0,0,0,0,0,OK,October,Scarped,East.facing,"Late_Dry
(Months 1-3)",Edge,C1-6b,1.6620777241554483,0.775636364,4.6919940029985,20.8,667,-0.02515538212948231,1.757631476156524,FALSE,72.28575074664536,2.3204339675954957,Thesis,NA,NA,NA
M3,CorteMadera,T1,6,c,2025-09-05,2025-10-03,2025,14.63349705,1,0,0,0,0,0,0,0,0,0,Review,October,Scarped,East.facing,"Late_Dry
(Months 1-3)",Edge,C1-6c,1.6529337058674116,0.764727273,4.6919940029985,20.8,667,-0.02515538212948231,1.757631476156524,FALSE,72.28575074664536,2.3204339675954957,Thesis,NA,NA,NA
M3,CorteMadera,T1,12,a,2025-09-05,2025-10-03,2025,8.876579247,0,0,0,0,0,0,0,0,0,0,OK,October,Scarped,East.facing,"Late_Dry
(Months 1-3)",Platform,C1-12a,1.6413512827025651,0.750909091,4.6919940029985,20.8,667,0.0032317156537537,1.713310428434306,FALSE,72.28575074664536,2.3204339675954957,Thesis,NA,NA,NA
M3,CorteMadera,T1,12,b,2025-09-05,2025-10-03,2025,7.673513838,0,0,0,0,0,0,0,0,0,0,OK,October,Scarped,East.facing,"Late_Dry
(Months 1-3)",Platform,C1-12b,1.6447040894081788,0.754909091,4.6919940029985,20.8,667,0.0032317156537537,1.713310428434306,FALSE,72.28575074664536,2.3204339675954957,Thesis,NA,NA,NA
M3,CorteMadera,T1,12,c,2025-09-05,2025-10-03,2025,7.818858512,0,0,0,0,0,0,0,0,0,0,OK,October,Scarped,East.facing,"Late_Dry
(Months 1-3)",Platform,C1-12c,1.659029718059436,0.772,4.6919940029985,20.8,667,0.0032317156537537,1.713310428434306,FALSE,72.28575074664536,2.3204339675954957,Thesis,NA,NA,NA
M3,CorteMadera,T1,24,a,2025-09-05,2025-10-03,2025,2.493483584,0,1,0,0,0,0,0,0,0,0,Review,October,Scarped,East.facing,"Late_Dry
(Months 1-3)",Platform,C1-24a,1.7199898399796798,0.844727273,4.6919940029985,20.8,667,-0.0028494853327859,1.7550712477688033,FALSE,72.28575074664536,2.3204339675954957,Thesis,NA,NA,NA
M3,CorteMadera,T1,24,b,2025-09-05,2025-10-03,2025,5.219103214,0,0,0,0,0,0,0,0,0,0,OK,October,Scarped,East.facing,"Late_Dry
(Months 1-3)",Platform,C1-24b,1.7184658369316737,0.842909091,4.6919940029985,20.8,667,-0.0028494853327859,1.7550712477688033,FALSE,72.28575074664536,2.3204339675954957,Thesis,NA,NA,NA
M3,CorteMadera,T1,24,c,2025-09-05,2025-10-03,2025,6.041001423,1,0,0,0,0,0,0,0,0,0,Review,October,Scarped,East.facing,"Late_Dry
(Months 1-3)",Platform,C1-24c,1.7141986283972566,0.837818182,4.6919940029985,20.8,667,-0.0028494853327859,1.7550712477688033,FALSE,72.28575074664536,2.3204339675954957,Thesis,NA,NA,NA
M3,CorteMadera,T1,48,a,2025-09-05,2025-10-03,2025,2.289529472,0,0,0,0,0,0,0,0,0,0,OK,October,Scarped,East.facing,"Late_Dry
(Months 1-3)",Upland,C1-48a,1.732486665,0.859636364,4.6919940029985,20.8,667,-0.00558516363104424,1.727272679455228,FALSE,72.28575074664536,2.3204339675954957,Thesis,NA,NA,NA
M3,CorteMadera,T1,48,b,2025-09-05,2025-10-03,2025,3.887310368,0,0,0,0,0,0,0,0,0,0,OK,October,Scarped,East.facing,"Late_Dry
(Months 1-3)",Upland,C1-48b,1.7108458216916431,0.833818182,4.6919940029985,20.8,667,-0.00558516363104424,1.727272679455228,FALSE,72.28575074664536,2.3204339675954957,Thesis,NA,NA,NA
M3,CorteMadera,T1,48,c,2025-09-05,2025-10-03,2025,3.227112084,0,0,0,0,0,0,0,0,0,0,OK,October,Scarped,East.facing,"Late_Dry
(Months 1-3)",Upland,C1-48c,1.7065786131572265,0.828727273,4.6919940029985,20.8,667,-0.00558516363104424,1.727272679455228,FALSE,72.28575074664536,2.3204339675954957,Thesis,NA,NA,NA
M3,CorteMadera,T2,0.5,a,2025-09-05,2025-10-03,2025,11.96643072,1,0,0,0,0,0,0,0,0,0,Review,October,Scarped,East.facing,"Late_Dry
(Months 1-3)",Edge,C2-0.5a,1.621234442468885,0.726909091,4.6919940029985,20.8,667,0.16925078293661744,1.481725221967733,FALSE,68.92888177014264,1.9959970930436297,Thesis,NA,NA,NA
M3,CorteMadera,T2,0.5,b,2025-09-05,2025-10-03,2025,4.699309345,1,0,0,0,0,0,0,0,0,0,Review,October,Scarped,East.facing,"Late_Dry
(Months 1-3)",Edge,C2-0.5b,1.6392176784353567,0.748363636,4.6919940029985,20.8,667,0.16925078293661744,1.481725221967733,FALSE,68.92888177014264,1.9959970930436297,Thesis,NA,NA,NA
M3,CorteMadera,T2,0.5,c,2025-09-05,2025-10-03,2025,6.616859749,1,0,0,0,0,0,0,0,0,0,Review,October,Scarped,East.facing,"Late_Dry
(Months 1-3)",Edge,C2-0.5c,1.6495808991617982,0.760727273,4.6919940029985,20.8,667,0.16925078293661744,1.481725221967733,FALSE,68.92888177014264,1.9959970930436297,Thesis,NA,NA,NA
M3,CorteMadera,T2,2,a,2025-09-05,2025-10-03,2025,1.914238186,0,0,0,0,0,0,0,0,0,0,OK,October,Scarped,East.facing,"Late_Dry
(Months 1-3)",Edge,C2-2a,1.656286512573025,0.768727273,4.6919940029985,20.8,667,0.09235576383065149,1.6757667363825983,FALSE,68.92888177014264,1.9959970930436297,Thesis,NA,NA,NA
M3,CorteMadera,T2,2,b,2025-09-05,2025-10-03,2025,1.506891354,0,0,0,0,0,0,0,0,0,0,OK,October,Scarped,East.facing,"Late_Dry
(Months 1-3)",Edge,C2-2b,1.6544577089154178,0.766545455,4.6919940029985,20.8,667,0.09235576383065149,1.6757667363825983,FALSE,68.92888177014264,1.9959970930436297,Thesis,NA,NA,NA
M3,CorteMadera,T2,2,c,2025-09-05,2025-10-03,2025,2.139019982,0,0,0,0,0,0,0,0,0,0,OK,October,Scarped,East.facing,"Late_Dry
(Months 1-3)",Edge,C2-2c,1.6556769113538228,0.768,4.6919940029985,20.8,667,0.09235576383065149,1.6757667363825983,FALSE,68.92888177014264,1.9959970930436297,Thesis,NA,NA,NA
M3,CorteMadera,T2,6,a,2025-09-05,2025-10-03,2025,4.067966667,0,0,0,0,0,0,0,0,0,0,OK,October,Scarped,East.facing,"Late_Dry
(Months 1-3)",Edge,C2-6a,1.6623825247650494,0.776,4.6919940029985,20.8,667,-0.00332539341534895,1.8033913358538023,FALSE,68.92888177014264,1.9959970930436297,Thesis,NA,NA,NA
M3,CorteMadera,T2,6,b,2025-09-05,2025-10-03,2025,3.722316936,0,0,0,0,0,0,0,0,0,0,OK,October,Scarped,East.facing,"Late_Dry
(Months 1-3)",Edge,C2-6b,1.6727457454914911,0.788363636,4.6919940029985,20.8,667,-0.00332539341534895,1.8033913358538023,FALSE,68.92888177014264,1.9959970930436297,Thesis,NA,NA,NA
M3,CorteMadera,T2,6,c,2025-09-05,2025-10-03,2025,2.563208607,0,0,0,0,0,0,0,0,0,0,OK,October,Scarped,East.facing,"Late_Dry
(Months 1-3)",Edge,C2-6c,1.6675641351282702,0.782181818,4.6919940029985,20.8,667,-0.00332539341534895,1.8033913358538023,FALSE,68.92888177014264,1.9959970930436297,Thesis,NA,NA,NA
M3,CorteMadera,T2,12,a,2025-09-05,2025-10-03,2025,2.588695853,0,0,0,0,0,0,0,0,0,0,OK,October,Scarped,East.facing,"Late_Dry
(Months 1-3)",Platform,C2-12a,1.664820929641859,0.778909091,4.6919940029985,20.8,667,-0.0058473496992098,1.752402790171007,FALSE,68.92888177014264,1.9959970930436297,Thesis,NA,NA,NA
M3,CorteMadera,T2,12,b,2025-09-05,2025-10-03,2025,3.153401171,0,0,0,0,0,0,0,0,0,0,OK,October,Scarped,East.facing,"Late_Dry
(Months 1-3)",Platform,C2-12b,1.6651257302514604,0.779272727,4.6919940029985,20.8,667,-0.0058473496992098,1.752402790171007,FALSE,68.92888177014264,1.9959970930436297,Thesis,NA,NA,NA
M3,CorteMadera,T2,12,c,2025-09-05,2025-10-03,2025,2.647136875,0,0,0,0,0,0,0,0,0,0,OK,October,Scarped,East.facing,"Late_Dry
(Months 1-3)",Platform,C2-12c,1.6657353314706629,0.78,4.6919940029985,20.8,667,-0.0058473496992098,1.752402790171007,FALSE,68.92888177014264,1.9959970930436297,Thesis,NA,NA,NA
M3,CorteMadera,T2,24,a,2025-09-05,2025-10-03,2025,5.741535631,1,0,0,0,0,0,0,0,0,0,Review,October,Scarped,East.facing,"Late_Dry
(Months 1-3)",Platform,C2-24a,1.6794513589027176,0.796363636,4.6919940029985,20.8,667,6.099121469114189e-4,1.74610186223484,FALSE,68.92888177014264,1.9959970930436297,Thesis,NA,NA,NA
M3,CorteMadera,T2,24,b,2025-09-05,2025-10-03,2025,5.582324548,0,0,0,0,0,0,0,0,0,0,OK,October,Scarped,East.facing,"Late_Dry
(Months 1-3)",Platform,C2-24b,1.6843281686563372,0.802181818,4.6919940029985,20.8,667,6.099121469114189e-4,1.74610186223484,FALSE,68.92888177014264,1.9959970930436297,Thesis,NA,NA,NA
M3,CorteMadera,T2,24,c,2025-09-05,2025-10-03,2025,7.300131289,0,0,0,0,0,0,0,0,0,0,OK,October,Scarped,East.facing,"Late_Dry
(Months 1-3)",Platform,C2-24c,1.6751841503683007,0.791272727,4.6919940029985,20.8,667,6.099121469114189e-4,1.74610186223484,FALSE,68.92888177014264,1.9959970930436297,Thesis,NA,NA,NA
M3,CorteMadera,T2,48,a,2025-09-05,2025-10-03,2025,2.057281147,0,0,0,0,0,0,0,0,0,0,OK,October,Scarped,East.facing,"Late_Dry
(Months 1-3)",Upland,C2-48a,1.6794513589027176,0.796363636,4.6919940029985,20.8,667,-0.00378424848987517,1.7284424717637423,FALSE,68.92888177014264,1.9959970930436297,Thesis,NA,NA,NA
M3,CorteMadera,T2,48,b,2025-09-05,2025-10-03,2025,1.437671585,0,0,0,0,0,0,0,0,0,0,OK,October,Scarped,East.facing,"Late_Dry
(Months 1-3)",Upland,C2-48b,1.6821945643891287,0.799636364,4.6919940029985,20.8,667,-0.00378424848987517,1.7284424717637423,FALSE,68.92888177014264,1.9959970930436297,Thesis,NA,NA,NA
M3,CorteMadera,T2,48,c,2025-09-05,2025-10-03,2025,2.342749537,0,0,0,0,0,0,0,0,0,0,OK,October,Scarped,East.facing,"Late_Dry
(Months 1-3)",Upland,C2-48c,1.673050546101092,0.788727273,4.6919940029985,20.8,667,-0.00378424848987517,1.7284424717637423,FALSE,68.92888177014264,1.9959970930436297,Thesis,NA,NA,NA
M3,SanPablo,T1,0.5,a,2025-09-08,2025-10-06,2025,30.40695892,0,0,0,0,0,0,0,0,0,0,OK,October,Ramped,South.facing,"Late_Dry
(Months 1-3)",Edge,S1-0.5a,1.706273812547625,0.771628722,7.422731343283582,27.02,670,0.01994320045890097,1.8226043860308456,FALSE,25.333978068263427,1.1905148622217414,Thesis,NA,NA,NA
M3,SanPablo,T1,0.5,b,2025-09-08,2025-10-06,2025,24.99181724,0,0,0,0,0,0,0,0,0,0,OK,October,Ramped,South.facing,"Late_Dry
(Months 1-3)",Edge,S1-0.5b,1.722733045466091,0.790542907,7.422731343283582,27.02,670,0.01994320045890097,1.8226043860308456,FALSE,25.333978068263427,1.1905148622217414,Thesis,NA,NA,NA
M3,SanPablo,T1,0.5,c,2025-09-08,2025-10-06,2025,26.08591625,0,0,0,0,0,0,0,0,0,0,OK,October,Ramped,South.facing,"Late_Dry
(Months 1-3)",Edge,S1-0.5c,1.723037846075692,0.79089317,7.422731343283582,27.02,670,0.01994320045890097,1.8226043860308456,FALSE,25.333978068263427,1.1905148622217414,Thesis,NA,NA,NA
M3,SanPablo,T1,2,a,2025-09-08,2025-10-06,2025,30.16307105,1,0,0,0,0,0,0,0,0,0,Review,October,Ramped,South.facing,"Late_Dry
(Months 1-3)",Edge,S1-2a,1.6913385826771654,0.754465849,7.422731343283582,27.02,670,0.3776886912580827,1.8192972125194615,FALSE,25.333978068263427,1.1905148622217414,Thesis,NA,NA,NA
M3,SanPablo,T1,2,b,2025-09-08,2025-10-06,2025,34.47290458,0,0,0,0,0,0,0,0,0,0,OK,October,Ramped,South.facing,"Late_Dry
(Months 1-3)",Edge,S1-2b,1.7202946405892812,0.787740806,7.422731343283582,27.02,670,0.3776886912580827,1.8192972125194615,FALSE,25.333978068263427,1.1905148622217414,Thesis,NA,NA,NA
M3,SanPablo,T1,2,c,2025-09-08,2025-10-06,2025,4.752080296,0,0,0,0,0,0,0,0,0,0,OK,October,Ramped,South.facing,"Late_Dry
(Months 1-3)",Edge,S1-2c,1.7550419100838202,0.827670753,7.422731343283582,27.02,670,0.3776886912580827,1.8192972125194615,FALSE,25.333978068263427,1.1905148622217414,Thesis,NA,NA,NA
M3,SanPablo,T1,6,a,2025-09-08,2025-10-06,2025,7.001900562,1,0,0,0,0,0,0,0,0,0,Review,October,Ramped,South.facing,"Late_Dry
(Months 1-3)",Edge,S1-6a,1.8266700533401063,0.909982487,7.422731343283582,27.02,670,-0.0114628633903121,1.8447290956966944,FALSE,25.333978068263427,1.1905148622217414,Thesis,NA,NA,NA
M3,SanPablo,T1,6,b,2025-09-08,2025-10-06,2025,3.798217283,0,0,0,0,0,0,0,0,0,0,OK,October,Ramped,South.facing,"Late_Dry
(Months 1-3)",Edge,S1-6b,1.8254508509017016,0.908581436,7.422731343283582,27.02,670,-0.0114628633903121,1.8447290956966944,FALSE,25.333978068263427,1.1905148622217414,Thesis,NA,NA,NA
M3,SanPablo,T1,6,c,2025-09-08,2025-10-06,2025,1.092695526,0,0,0,0,0,0,0,0,0,0,OK,October,Ramped,South.facing,"Late_Dry
(Months 1-3)",Edge,S1-6c,1.83002286004572,0.913835377,7.422731343283582,27.02,670,-0.0114628633903121,1.8447290956966944,FALSE,25.333978068263427,1.1905148622217414,Thesis,NA,NA,NA
M3,SanPablo,T1,12,a,2025-09-08,2025-10-06,2025,1.490442536,0,0,0,0,0,0,0,0,0,0,OK,October,Ramped,South.facing,"Late_Dry
(Months 1-3)",Platform,S1-12a,1.877266954533909,0.968126095,7.422731343283582,27.02,670,0.05459195462793114,1.939426772189594,FALSE,25.333978068263427,1.1905148622217414,Thesis,NA,NA,NA
M3,SanPablo,T1,12,b,2025-09-08,2025-10-06,2025,7.695969562,0,0,0,0,0,0,0,0,0,0,OK,October,Ramped,South.facing,"Late_Dry
(Months 1-3)",Platform,S1-12b,1.889763779527559,0.982486865,7.422731343283582,27.02,670,0.05459195462793114,1.939426772189594,FALSE,25.333978068263427,1.1905148622217414,Thesis,NA,NA,NA
M3,SanPablo,T1,12,c,2025-09-08,2025-10-06,2025,7.777932955,0,0,0,0,0,0,0,0,0,0,OK,October,Ramped,South.facing,"Late_Dry
(Months 1-3)",Platform,S1-12c,1.8851917703835408,0.977232925,7.422731343283582,27.02,670,0.05459195462793114,1.939426772189594,FALSE,25.333978068263427,1.1905148622217414,Thesis,NA,NA,NA
M3,SanPablo,T1,24,a,2025-09-08,2025-10-06,2025,3.561646232,0,0,0,0,0,0,0,0,0,0,OK,October,Ramped,South.facing,"Late_Dry
(Months 1-3)",Platform,S1-24a,1.9751079502159004,1.08056042,7.422731343283582,27.02,670,0.01741473153111573,2.037429934956382,FALSE,25.333978068263427,1.1905148622217414,Thesis,NA,NA,NA
M3,SanPablo,T1,24,b,2025-09-08,2025-10-06,2025,4.802100421,0,0,0,0,0,0,0,0,0,0,OK,October,Ramped,South.facing,"Late_Dry
(Months 1-3)",Platform,S1-24b,1.984861569723139,1.091768827,7.422731343283582,27.02,670,0.01741473153111573,2.037429934956382,FALSE,25.333978068263427,1.1905148622217414,Thesis,NA,NA,NA
M3,SanPablo,T1,24,c,2025-09-08,2025-10-06,2025,4.224988316,0,0,0,0,0,0,0,0,0,0,OK,October,Ramped,South.facing,"Late_Dry
(Months 1-3)",Platform,S1-24c,1.9751079502159004,1.08056042,7.422731343283582,27.02,670,0.01741473153111573,2.037429934956382,FALSE,25.333978068263427,1.1905148622217414,Thesis,NA,NA,NA
M3,SanPablo,T1,48,a,2025-09-08,2025-10-06,2025,0.623932289,0,0,0,0,0,0,0,0,0,0,OK,October,Ramped,South.facing,"Late_Dry
(Months 1-3)",Upland,S1-48a,2.013208026416053,1.124343257,7.422731343283582,27.02,670,-0.00126515639596243,2.068042486947528,FALSE,25.333978068263427,1.1905148622217414,Thesis,NA,NA,NA
M3,SanPablo,T1,48,b,2025-09-08,2025-10-06,2025,2.12700617,0,0,0,0,0,0,0,0,0,0,OK,October,Ramped,South.facing,"Late_Dry
(Months 1-3)",Upland,S1-48b,2.0159512319024637,1.127495622,7.422731343283582,27.02,670,-0.00126515639596243,2.068042486947528,FALSE,25.333978068263427,1.1905148622217414,Thesis,NA,NA,NA
M3,SanPablo,T1,48,c,2025-09-08,2025-10-06,2025,1.475565619,0,0,0,0,0,0,0,0,0,0,OK,October,Ramped,South.facing,"Late_Dry
(Months 1-3)",Upland,S1-48c,2.0144272288544576,1.125744308,7.422731343283582,27.02,670,-0.00126515639596243,2.068042486947528,FALSE,25.333978068263427,1.1905148622217414,Thesis,NA,NA,NA
M3,SanPablo,T2,0.5,a,2025-09-08,2025-10-06,2025,12.48886314,0,0,0,0,0,0,0,0,0,0,OK,October,Ramped,South.facing,"Late_Dry
(Months 1-3)",Edge,S2-0.5a,1.727305054610109,0.795796848,7.422731343283582,27.02,670,0.01304185246874274,1.9776110105035407,FALSE,35.97380842326667,1.4533466871480498,Thesis,NA,NA,NA
M3,SanPablo,T2,0.5,b,2025-09-08,2025-10-06,2025,24.32359104,0,0,0,0,0,0,0,0,0,0,OK,October,Ramped,South.facing,"Late_Dry
(Months 1-3)",Edge,S2-0.5b,1.7297434594869188,0.798598949,7.422731343283582,27.02,670,0.01304185246874274,1.9776110105035407,FALSE,35.97380842326667,1.4533466871480498,Thesis,NA,NA,NA
M3,SanPablo,T2,0.5,c,2025-09-08,2025-10-06,2025,67.236704,0,0,0,0,0,0,0,0,0,0,OK,October,Ramped,South.facing,"Late_Dry
(Months 1-3)",Edge,S2-0.5c,1.721818643637287,0.789492119,7.422731343283582,27.02,670,0.01304185246874274,1.9776110105035407,FALSE,35.97380842326667,1.4533466871480498,Thesis,NA,NA,NA
M3,SanPablo,T2,2,a,2025-09-08,2025-10-06,2025,16.9866885,0,0,0,0,0,0,0,0,0,0,OK,October,Ramped,South.facing,"Late_Dry
(Months 1-3)",Edge,S2-2a,1.7401066802133602,0.810507881,7.422731343283582,27.02,670,0.01154246712137735,1.9960940502981117,FALSE,35.97380842326667,1.4533466871480498,Thesis,NA,NA,NA
M3,SanPablo,T2,2,b,2025-09-08,2025-10-06,2025,39.68717981,0,0,0,0,0,0,0,0,0,0,OK,October,Ramped,South.facing,"Late_Dry
(Months 1-3)",Edge,S2-2b,1.751993903987808,0.824168126,7.422731343283582,27.02,670,0.01154246712137735,1.9960940502981117,FALSE,35.97380842326667,1.4533466871480498,Thesis,NA,NA,NA
M3,SanPablo,T2,2,c,2025-09-08,2025-10-06,2025,27.12791798,0,0,0,0,0,0,0,0,0,0,OK,October,Ramped,South.facing,"Late_Dry
(Months 1-3)",Edge,S2-2c,1.750469900939802,0.822416813,7.422731343283582,27.02,670,0.01154246712137735,1.9960940502981117,FALSE,35.97380842326667,1.4533466871480498,Thesis,NA,NA,NA
M3,SanPablo,T2,6,a,2025-09-08,2025-10-06,2025,1.941877439,1,0,0,0,0,0,0,0,0,0,Review,October,Ramped,South.facing,"Late_Dry
(Months 1-3)",Edge,S2-6a,1.8239268478536956,0.906830123,7.422731343283582,27.02,670,0.00730802606089925,2.0337458535335737,FALSE,35.97380842326667,1.4533466871480498,Thesis,NA,NA,NA
M3,SanPablo,T2,6,b,2025-09-08,2025-10-06,2025,7.936189669,0,0,0,0,0,0,0,0,0,0,OK,October,Ramped,South.facing,"Late_Dry
(Months 1-3)",Edge,S2-6b,1.8135636271272544,0.894921191,7.422731343283582,27.02,670,0.00730802606089925,2.0337458535335737,FALSE,35.97380842326667,1.4533466871480498,Thesis,NA,NA,NA
M3,SanPablo,T2,6,c,2025-09-08,2025-10-06,2025,7.795167723,0,0,0,0,0,0,0,0,0,0,OK,October,Ramped,South.facing,"Late_Dry
(Months 1-3)",Edge,S2-6c,1.8083820167640337,0.888966725,7.422731343283582,27.02,670,0.00730802606089925,2.0337458535335737,FALSE,35.97380842326667,1.4533466871480498,Thesis,NA,NA,NA
M3,SanPablo,T2,12,a,2025-09-08,2025-10-06,2025,9.786092206,0,0,0,0,0,0,0,0,0,0,OK,October,Ramped,South.facing,"Late_Dry
(Months 1-3)",Platform,S2-12a,1.899517399034798,0.993695271,7.422731343283582,27.02,670,7.536119889995986e-4,2.059116795755984,FALSE,35.97380842326667,1.4533466871480498,Thesis,NA,NA,NA
M3,SanPablo,T2,12,b,2025-09-08,2025-10-06,2025,10.14695569,0,0,0,0,0,0,0,0,0,0,OK,October,Ramped,South.facing,"Late_Dry
(Months 1-3)",Platform,S2-12b,1.8912877825755652,0.984238179,7.422731343283582,27.02,670,7.536119889995986e-4,2.059116795755984,FALSE,35.97380842326667,1.4533466871480498,Thesis,NA,NA,NA
M3,SanPablo,T2,12,c,2025-09-08,2025-10-06,2025,10.95828099,0,0,0,0,0,0,0,0,0,0,OK,October,Ramped,South.facing,"Late_Dry
(Months 1-3)",Platform,S2-12c,1.8836677673355344,0.975481611,7.422731343283582,27.02,670,7.536119889995986e-4,2.059116795755984,FALSE,35.97380842326667,1.4533466871480498,Thesis,NA,NA,NA
M3,SanPablo,T2,24,a,2025-09-08,2025-10-06,2025,3.100293384,0,0,0,0,0,0,0,0,0,0,OK,October,Ramped,South.facing,"Late_Dry
(Months 1-3)",Platform,S2-24a,2.0001016002032004,1.109281961,7.422731343283582,27.02,670,-7.498068190482683e-4,2.04343186206419,FALSE,35.97380842326667,1.4533466871480498,Thesis,NA,NA,NA
M3,SanPablo,T2,24,b,2025-09-08,2025-10-06,2025,2.040720051,0,0,0,0,0,0,0,0,0,0,OK,October,Ramped,South.facing,"Late_Dry
(Months 1-3)",Platform,S2-24b,1.9979679959359915,1.106830123,7.422731343283582,27.02,670,-7.498068190482683e-4,2.04343186206419,FALSE,35.97380842326667,1.4533466871480498,Thesis,NA,NA,NA
M3,SanPablo,T2,24,c,2025-09-08,2025-10-06,2025,3.186186528,0,0,0,0,0,0,0,0,0,0,OK,October,Ramped,South.facing,"Late_Dry
(Months 1-3)",Platform,S2-24c,1.9915671831343664,1.099474606,7.422731343283582,27.02,670,-7.498068190482683e-4,2.04343186206419,FALSE,35.97380842326667,1.4533466871480498,Thesis,NA,NA,NA
M3,SanPablo,T2,48,a,2025-09-08,2025-10-06,2025,2.720903928,0,0,0,0,0,0,0,0,0,0,OK,October,Ramped,South.facing,"Late_Dry
(Months 1-3)",Upland,S2-48a,2.0138176276352553,1.125043783,7.422731343283582,27.02,670,0.00473019341500792,2.0664739570769344,FALSE,35.97380842326667,1.4533466871480498,Thesis,NA,NA,NA
M3,SanPablo,T2,48,b,2025-09-08,2025-10-06,2025,2.604695557,0,0,0,0,0,0,0,0,0,0,OK,October,Ramped,South.facing,"Late_Dry
(Months 1-3)",Upland,S2-48b,2.022961645923292,1.135551664,7.422731343283582,27.02,670,0.00473019341500792,2.0664739570769344,FALSE,35.97380842326667,1.4533466871480498,Thesis,NA,NA,NA
M3,SanPablo,T2,48,c,2025-09-08,2025-10-06,2025,2.204141581,0,0,0,0,0,0,0,0,0,0,OK,October,Ramped,South.facing,"Late_Dry
(Months 1-3)",Upland,S2-48c,2.0205232410464817,1.132749562,7.422731343283582,27.02,670,0.00473019341500792,2.0664739570769344,FALSE,35.97380842326667,1.4533466871480498,Thesis,NA,NA,NA
M4,Buck'sLanding,T1,0.5,a,2025-10-08,2025-11-15,2025,5.220943992,0,0,0,0,0,0,0,0,0,0,OK,November,Ramped,East.facing,"Tran
(Months 4-6)",Edge,B1-0.5a,1.6544577089154178,0.743807502,4.9003066812705365,27.8,913,0.17785756524338506,1.7010695502979745,FALSE,34.89580532666493,1.2246004538785733,Thesis,NA,NA,NA
M4,Buck'sLanding,T1,0.5,b,2025-10-08,2025-11-15,2025,2.172284,0,0,0,0,0,0,0,0,0,0,OK,November,Ramped,East.facing,"Tran
(Months 4-6)",Edge,B1-0.5b,1.6599441198882396,0.750176929,4.9003066812705365,27.8,913,0.17785756524338506,1.7010695502979745,FALSE,34.89580532666493,1.2246004538785733,Thesis,NA,NA,NA
M4,Buck'sLanding,T1,0.5,c,2025-10-08,2025-11-15,2025,3.315221254,0,0,0,0,0,0,0,0,0,0,OK,November,Ramped,East.facing,"Tran
(Months 4-6)",Edge,B1-0.5c,1.6611633223266449,0.751592357,4.9003066812705365,27.8,913,0.17785756524338506,1.7010695502979745,FALSE,34.89580532666493,1.2246004538785733,Thesis,NA,NA,NA
M4,Buck'sLanding,T1,2,a,2025-10-08,2025-11-15,2025,0.280708368,0,0,0,0,0,0,0,0,0,0,OK,November,Ramped,East.facing,"Tran
(Months 4-6)",Edge,B1-2a,1.7718059436118871,0.880042463,4.9003066812705365,27.8,913,0.02968375936655274,1.858339098018449,FALSE,34.89580532666493,1.2246004538785733,Thesis,NA,NA,NA
M4,Buck'sLanding,T1,2,b,2025-10-08,2025-11-15,2025,2.245005089,0,0,0,0,0,0,0,0,0,0,OK,November,Ramped,East.facing,"Tran
(Months 4-6)",Edge,B1-2b,1.7794259588519177,0.888888889,4.9003066812705365,27.8,913,0.02968375936655274,1.858339098018449,FALSE,34.89580532666493,1.2246004538785733,Thesis,NA,NA,NA
M4,Buck'sLanding,T1,2,c,2025-10-08,2025-11-15,2025,1.417978506,0,0,0,0,0,0,0,0,0,0,OK,November,Ramped,East.facing,"Tran
(Months 4-6)",Edge,B1-2c,1.7669291338582676,0.87438075,4.9003066812705365,27.8,913,0.02968375936655274,1.858339098018449,FALSE,34.89580532666493,1.2246004538785733,Thesis,NA,NA,NA
M4,Buck'sLanding,T1,6,a,2025-10-08,2025-11-15,2025,2.613326237,0,0,0,0,0,0,0,0,0,0,OK,November,Ramped,East.facing,"Tran
(Months 4-6)",Edge,B1-6a,1.8138684277368553,0.928874735,4.9003066812705365,27.8,913,0.01104286813360896,1.8720950223241668,FALSE,34.89580532666493,1.2246004538785733,Thesis,NA,NA,NA
M4,Buck'sLanding,T1,6,b,2025-10-08,2025-11-15,2025,0.875920968,0,0,0,0,0,0,0,0,0,0,OK,November,Ramped,East.facing,"Tran
(Months 4-6)",Edge,B1-6b,1.806248412496825,0.920028309,4.9003066812705365,27.8,913,0.01104286813360896,1.8720950223241668,FALSE,34.89580532666493,1.2246004538785733,Thesis,NA,NA,NA
M4,Buck'sLanding,T1,6,c,2025-10-08,2025-11-15,2025,0.952199516,0,0,0,0,0,0,0,0,0,0,OK,November,Ramped,East.facing,"Tran
(Months 4-6)",Edge,B1-6c,1.8053340106680211,0.918966737,4.9003066812705365,27.8,913,0.01104286813360896,1.8720950223241668,FALSE,34.89580532666493,1.2246004538785733,Thesis,NA,NA,NA
M4,Buck'sLanding,T1,12,a,2025-10-08,2025-11-15,2025,0.73689049,0,0,0,0,0,0,0,0,0,0,OK,November,Ramped,East.facing,"Tran
(Months 4-6)",Platform,B1-12a,1.8483108966217932,0.96886058,4.9003066812705365,27.8,913,-0.00172583812482088,1.8663152905950524,FALSE,34.89580532666493,1.2246004538785733,Thesis,NA,NA,NA
M4,Buck'sLanding,T1,12,b,2025-10-08,2025-11-15,2025,1.234976175,0,0,0,0,0,0,0,0,0,0,OK,November,Ramped,East.facing,"Tran
(Months 4-6)",Platform,B1-12b,1.8461772923545847,0.966383581,4.9003066812705365,27.8,913,-0.00172583812482088,1.8663152905950524,FALSE,34.89580532666493,1.2246004538785733,Thesis,NA,NA,NA
M4,Buck'sLanding,T1,12,c,2025-10-08,2025-11-15,2025,0.995633614,0,0,0,0,0,0,0,0,0,0,OK,November,Ramped,East.facing,"Tran
(Months 4-6)",Platform,B1-12c,1.8428244856489713,0.962491154,4.9003066812705365,27.8,913,-0.00172583812482088,1.8663152905950524,FALSE,34.89580532666493,1.2246004538785733,Thesis,NA,NA,NA
M4,Buck'sLanding,T1,18,a,2025-10-08,2025-11-15,2025,1.350841801,0,0,0,0,0,0,0,0,0,0,OK,November,Ramped,East.facing,"Tran
(Months 4-6)",Platform,B1-18a,1.8736093472186943,0.998230715,4.9003066812705365,27.8,913,-0.02221947652684898,1.8408866750284556,FALSE,34.89580532666493,1.2246004538785733,Thesis,NA,NA,NA
M4,Buck'sLanding,T1,18,b,2025-10-08,2025-11-15,2025,0.906118007,0,0,0,0,0,0,0,0,0,0,OK,November,Ramped,East.facing,"Tran
(Months 4-6)",Platform,B1-18b,1.8745237490474984,0.999292286,4.9003066812705365,27.8,913,-0.02221947652684898,1.8408866750284556,FALSE,34.89580532666493,1.2246004538785733,Thesis,NA,NA,NA
M4,Buck'sLanding,T1,18,c,2025-10-08,2025-11-15,2025,0.600300594,0,0,0,0,0,0,0,0,0,0,OK,November,Ramped,East.facing,"Tran
(Months 4-6)",Platform,B1-18c,1.8806197612395223,1.006369427,4.9003066812705365,27.8,913,-0.02221947652684898,1.8408866750284556,FALSE,34.89580532666493,1.2246004538785733,Thesis,NA,NA,NA
M4,Buck'sLanding,T1,24,a,2025-10-08,2025-11-15,2025,1.538559834,1,0,0,0,0,0,0,0,0,0,Review,November,Ramped,East.facing,"Tran
(Months 4-6)",Platform,B1-24a,1.8641605283210565,0.987261146,4.9003066812705365,27.8,913,0.02688120789993156,1.8505249450567665,FALSE,34.89580532666493,1.2246004538785733,Thesis,NA,NA,NA
M4,Buck'sLanding,T1,24,b,2025-10-08,2025-11-15,2025,0.272311109,0,0,0,0,0,0,0,0,0,0,OK,November,Ramped,East.facing,"Tran
(Months 4-6)",Platform,B1-24b,1.869037338074676,0.992922859,4.9003066812705365,27.8,913,0.02688120789993156,1.8505249450567665,FALSE,34.89580532666493,1.2246004538785733,Thesis,NA,NA,NA
M4,Buck'sLanding,T1,24,c,2025-10-08,2025-11-15,2025,0.25365513,0,0,0,0,0,0,0,0,0,0,OK,November,Ramped,East.facing,"Tran
(Months 4-6)",Platform,B1-24c,1.8714757429514857,0.995753715,4.9003066812705365,27.8,913,0.02688120789993156,1.8505249450567665,FALSE,34.89580532666493,1.2246004538785733,Thesis,NA,NA,NA
M4,Buck'sLanding,T1,48,a,2025-10-08,2025-11-15,2025,0.546855971,0,0,0,0,0,0,0,0,0,0,OK,November,Ramped,East.facing,"Tran
(Months 4-6)",Upland,B1-48a,1.856845313690627,0.978768577,4.9003066812705365,27.8,913,0.00709242883196758,1.921341208364329,TRUE,34.89580532666493,1.2246004538785733,Thesis,NA,NA,NA
M4,Buck'sLanding,T1,48,b,2025-10-08,2025-11-15,2025,0.746735552,0,0,0,0,0,0,0,0,0,0,OK,November,Ramped,East.facing,"Tran
(Months 4-6)",Upland,B1-48b,1.850749301498603,0.971691437,4.9003066812705365,27.8,913,0.00709242883196758,1.921341208364329,TRUE,34.89580532666493,1.2246004538785733,Thesis,NA,NA,NA
M4,Buck'sLanding,T1,48,c,2025-10-08,2025-11-15,2025,0.799104664,0,0,0,0,0,0,0,0,0,0,OK,November,Ramped,East.facing,"Tran
(Months 4-6)",Upland,B1-48c,1.8516637033274064,0.972753008,4.9003066812705365,27.8,913,0.00709242883196758,1.921341208364329,TRUE,34.89580532666493,1.2246004538785733,Thesis,NA,NA,NA
M4,Buck'sLanding,T2,0.5,a,2025-10-08,2025-11-15,2025,3.129323316,0,0,0,0,0,0,0,0,0,0,OK,November,Ramped,East.facing,"Tran
(Months 4-6)",Edge,B2-0.5a,1.6338836677673354,0.7199221515,4.9003066812705365,27.8,913,-4.902368587095996e-4,1.8307718827004935,FALSE,29.104492140178493,1.2333122768097955,Thesis,NA,NA,NA
M4,Buck'sLanding,T2,0.5,b,2025-10-08,2025-11-15,2025,2.277601346,0,0,0,0,0,0,0,0,0,0,OK,November,Ramped,East.facing,"Tran
(Months 4-6)",Edge,B2-0.5b,1.6431800863601729,0.730714791,4.9003066812705365,27.8,913,-4.902368587095996e-4,1.8307718827004935,FALSE,29.104492140178493,1.2333122768097955,Thesis,NA,NA,NA
M4,Buck'sLanding,T2,0.5,c,2025-10-08,2025-11-15,2025,4.518056196,0,0,0,0,0,0,0,0,0,0,OK,November,Ramped,East.facing,"Tran
(Months 4-6)",Edge,B2-0.5c,1.6407416814833629,0.727883935,4.9003066812705365,27.8,913,-4.902368587095996e-4,1.8307718827004935,FALSE,29.104492140178493,1.2333122768097955,Thesis,NA,NA,NA
M4,Buck'sLanding,T2,2,c,2025-10-08,2025-11-15,2025,2.993271176,0,0,0,0,0,0,0,0,0,0,OK,November,Ramped,East.facing,"Tran
(Months 4-6)",Edge,B2-2c,1.7696723393446787,0.877565464,4.9003066812705365,27.8,913,0.00879335684428583,1.8375292375952912,FALSE,29.104492140178493,1.2333122768097955,Thesis,NA,NA,NA
M4,Buck'sLanding,T2,6,a,2025-10-08,2025-11-15,2025,1.177270873,0,0,0,0,0,0,0,0,0,0,OK,November,Ramped,East.facing,"Tran
(Months 4-6)",Edge,B2-6a,1.843738887477775,0.963552725,4.9003066812705365,27.8,913,0.01218461482376672,1.894739035630732,FALSE,29.104492140178493,1.2333122768097955,Thesis,NA,NA,NA
M4,Buck'sLanding,T2,6,b,2025-10-08,2025-11-15,2025,4.543165241,0,0,0,0,0,0,0,0,0,0,OK,November,Ramped,East.facing,"Tran
(Months 4-6)",Edge,B2-6b,1.8394716789433576,0.958598726,4.9003066812705365,27.8,913,0.01218461482376672,1.894739035630732,FALSE,29.104492140178493,1.2333122768097955,Thesis,NA,NA,NA
M4,Buck'sLanding,T2,6,c,2025-10-08,2025-11-15,2025,5.485809256,0,0,0,0,0,0,0,0,0,0,OK,November,Ramped,East.facing,"Tran
(Months 4-6)",Edge,B2-6c,1.8376428752857503,0.956475584,4.9003066812705365,27.8,913,0.01218461482376672,1.894739035630732,FALSE,29.104492140178493,1.2333122768097955,Thesis,NA,NA,NA
M4,Buck'sLanding,T2,12,a,2025-10-08,2025-11-15,2025,4.389077609,0,0,0,0,0,0,0,0,0,0,OK,November,Ramped,East.facing,"Tran
(Months 4-6)",Platform,B2-12a,1.84008128016256,0.95930644,4.9003066812705365,27.8,913,0.02661783367146161,1.8694116559719185,FALSE,29.104492140178493,1.2333122768097955,Thesis,NA,NA,NA
M4,Buck'sLanding,T2,12,b,2025-10-08,2025-11-15,2025,5.584011682,0,0,0,0,0,0,0,0,0,0,OK,November,Ramped,East.facing,"Tran
(Months 4-6)",Platform,B2-12b,1.835814071628143,0.954352442,4.9003066812705365,27.8,913,0.02661783367146161,1.8694116559719185,FALSE,29.104492140178493,1.2333122768097955,Thesis,NA,NA,NA
M4,Buck'sLanding,T2,12,c,2025-10-08,2025-11-15,2025,2.376051967,0,0,0,0,0,0,0,0,0,0,OK,November,Ramped,East.facing,"Tran
(Months 4-6)",Platform,B2-12c,1.822098044196088,0.938428875,4.9003066812705365,27.8,913,0.02661783367146161,1.8694116559719185,FALSE,29.104492140178493,1.2333122768097955,Thesis,NA,NA,NA
M4,Buck'sLanding,T2,24,a,2025-10-08,2025-11-15,2025,1.704891745,0,0,0,0,0,0,0,0,0,0,OK,November,Ramped,East.facing,"Tran
(Months 4-6)",Platform,B2-24a,1.8266700533401063,0.94373673,4.9003066812705365,27.8,913,0.01213652588304522,1.8589100935344456,FALSE,29.104492140178493,1.2333122768097955,Thesis,NA,NA,NA
M4,Buck'sLanding,T2,24,b,2025-10-08,2025-11-15,2025,1.080644484,0,0,0,0,0,0,0,0,0,0,OK,November,Ramped,East.facing,"Tran
(Months 4-6)",Platform,B2-24b,1.8294132588265175,0.946921444,4.9003066812705365,27.8,913,0.01213652588304522,1.8589100935344456,FALSE,29.104492140178493,1.2333122768097955,Thesis,NA,NA,NA
M4,Buck'sLanding,T2,24,c,2025-10-08,2025-11-15,2025,1.312578429,0,0,0,0,0,0,0,0,1,0,Review,November,Ramped,East.facing,"Tran
(Months 4-6)",Platform,B2-24c,1.8446532893065783,0.964614296,4.9003066812705365,27.8,913,0.01213652588304522,1.8589100935344456,FALSE,29.104492140178493,1.2333122768097955,Thesis,NA,NA,NA
M4,Buck'sLanding,T2,48,a,2025-10-08,2025-11-15,2025,1.45533183,0,0,0,0,0,0,0,0,0,0,OK,November,Ramped,East.facing,"Tran
(Months 4-6)",Upland,B2-48a,1.8416052832105665,0.961075725,4.9003066812705365,27.8,913,-0.02376690670714356,1.4953854337338937,TRUE,29.104492140178493,1.2333122768097955,Thesis,NA,NA,NA
M4,Buck'sLanding,T2,48,b,2025-10-08,2025-11-15,2025,1.777364639,0,0,0,0,0,0,0,0,0,0,OK,November,Ramped,East.facing,"Tran
(Months 4-6)",Upland,B2-48b,1.8525781051562105,0.973814579,4.9003066812705365,27.8,913,-0.02376690670714356,1.4953854337338937,TRUE,29.104492140178493,1.2333122768097955,Thesis,NA,NA,NA
M4,Buck'sLanding,T2,48,c,2025-10-08,2025-11-15,2025,1.86989995,0,0,0,0,0,0,0,0,0,0,OK,November,Ramped,East.facing,"Tran
(Months 4-6)",Upland,B2-48c,1.849530099060198,0.970276008,4.9003066812705365,27.8,913,-0.02376690670714356,1.4953854337338937,TRUE,29.104492140178493,1.2333122768097955,Thesis,NA,NA,NA
M4,GiantMarsh,T1,0.5,a,2025-10-07,2025-11-04,2025,3.667637248,0,0,0,0,0,0,0,0,0,0,OK,November,Scarped,West.facing,"Tran
(Months 4-6)",Edge,G1-0.5a,2.067462535,1.195887069,4.530222882615156,21.77,673,-0.00503157657553342,2.081117017603091,FALSE,61.82523742803928,2.5615527555530693,Thesis,NA,NA,NA
M4,GiantMarsh,T1,0.5,b,2025-10-07,2025-11-04,2025,1.553262424,0,0,0,0,0,0,0,0,0,0,OK,November,Scarped,West.facing,"Tran
(Months 4-6)",Edge,G1-0.5b,2.066243332486665,1.194492855,4.530222882615156,21.77,673,-0.00503157657553342,2.081117017603091,FALSE,61.82523742803928,2.5615527555530693,Thesis,NA,NA,NA
M4,GiantMarsh,T1,0.5,c,2025-10-07,2025-11-04,2025,2.538844146,0,0,0,0,0,0,0,0,0,0,OK,November,Scarped,West.facing,"Tran
(Months 4-6)",Edge,G1-0.5c,2.0574041148082296,1.184384803,4.530222882615156,21.77,673,-0.00503157657553342,2.081117017603091,FALSE,61.82523742803928,2.5615527555530693,Thesis,NA,NA,NA
M4,GiantMarsh,T1,2,a,2025-10-07,2025-11-04,2025,11.83321214,0,0,0,0,0,0,0,0,0,0,OK,November,Scarped,West.facing,"Tran
(Months 4-6)",Edge,G1-2a,2.0183896367792733,1.139769955,4.530222882615156,21.77,673,-0.04260973519962442,2.031680671373449,FALSE,61.82523742803928,2.5615527555530693,Thesis,NA,NA,NA
M4,GiantMarsh,T1,2,b,2025-10-07,2025-11-04,2025,20.7538046,0,0,0,0,0,0,0,0,0,0,OK,November,Scarped,West.facing,"Tran
(Months 4-6)",Edge,G1-2b,2.019304038608077,1.140815615,4.530222882615156,21.77,673,-0.04260973519962442,2.031680671373449,FALSE,61.82523742803928,2.5615527555530693,Thesis,NA,NA,NA
M4,GiantMarsh,T1,2,c,2025-10-07,2025-11-04,2025,35.80671844,0,0,0,0,0,0,0,0,0,0,OK,November,Scarped,West.facing,"Tran
(Months 4-6)",Edge,G1-2c,2.0189992379984756,1.140467062,4.530222882615156,21.77,673,-0.04260973519962442,2.031680671373449,FALSE,61.82523742803928,2.5615527555530693,Thesis,NA,NA,NA
M4,GiantMarsh,T1,6,a,2025-10-07,2025-11-04,2025,8.739992307,0,0,0,0,0,0,0,0,0,0,OK,November,Scarped,West.facing,"Tran
(Months 4-6)",Edge,G1-6a,1.9723647447294896,1.087138376,4.530222882615156,21.77,673,-0.020943234262624,1.9647297866186124,FALSE,61.82523742803928,2.5615527555530693,Thesis,NA,NA,NA
M4,GiantMarsh,T1,6,b,2025-10-07,2025-11-04,2025,6.234045796,0,0,0,0,0,0,0,0,0,0,OK,November,Scarped,West.facing,"Tran
(Months 4-6)",Edge,G1-6b,1.9793751587503172,1.095155106,4.530222882615156,21.77,673,-0.020943234262624,1.9647297866186124,FALSE,61.82523742803928,2.5615527555530693,Thesis,NA,NA,NA
M4,GiantMarsh,T1,6,c,2025-10-07,2025-11-04,2025,10.29011093,0,0,0,0,0,0,0,0,0,0,OK,November,Scarped,West.facing,"Tran
(Months 4-6)",Edge,G1-6c,1.9763271526543051,1.091669571,4.530222882615156,21.77,673,-0.020943234262624,1.9647297866186124,FALSE,61.82523742803928,2.5615527555530693,Thesis,NA,NA,NA
M4,GiantMarsh,T1,12,a,2025-10-07,2025-11-04,2025,3.109444091,0,0,0,0,0,0,0,0,0,0,OK,November,Scarped,West.facing,"Tran
(Months 4-6)",Platform,G1-12a,1.9418846837693675,1.052283025,4.530222882615156,21.77,673,-0.00963659940341829,1.9003038509090948,FALSE,61.82523742803928,2.5615527555530693,Thesis,NA,NA,NA
M4,GiantMarsh,T1,12,b,2025-10-07,2025-11-04,2025,2.622603997,0,0,0,0,0,0,0,0,0,0,OK,November,Scarped,West.facing,"Tran
(Months 4-6)",Platform,G1-12b,1.9495046990093976,1.060996863,4.530222882615156,21.77,673,-0.00963659940341829,1.9003038509090948,FALSE,61.82523742803928,2.5615527555530693,Thesis,NA,NA,NA
M4,GiantMarsh,T1,12,c,2025-10-07,2025-11-04,2025,3.227841896,0,0,0,0,0,0,0,0,0,0,OK,November,Scarped,West.facing,"Tran
(Months 4-6)",Platform,G1-12c,1.9577343154686309,1.070407808,4.530222882615156,21.77,673,-0.00963659940341829,1.9003038509090948,FALSE,61.82523742803928,2.5615527555530693,Thesis,NA,NA,NA
M4,GiantMarsh,T1,24,a,2025-10-07,2025-11-04,2025,1.843278098,0,0,0,0,0,0,0,0,0,0,OK,November,Scarped,West.facing,"Tran
(Months 4-6)",Platform,G1-24a,1.94005588011176,1.050191704,4.530222882615156,21.77,673,-0.04127172083878872,1.9068799902442335,FALSE,61.82523742803928,2.5615527555530693,Thesis,NA,NA,NA
M4,GiantMarsh,T1,24,b,2025-10-07,2025-11-04,2025,1.141424447,0,0,0,0,0,0,0,0,0,0,OK,November,Scarped,West.facing,"Tran
(Months 4-6)",Platform,G1-24b,1.9467614935229869,1.057859881,4.530222882615156,21.77,673,-0.04127172083878872,1.9068799902442335,FALSE,61.82523742803928,2.5615527555530693,Thesis,NA,NA,NA
M4,GiantMarsh,T1,24,c,2025-10-07,2025-11-04,2025,1.147824328,0,0,0,0,0,0,0,0,0,0,OK,November,Scarped,West.facing,"Tran
(Months 4-6)",Platform,G1-24c,1.952247904495809,1.064133845,4.530222882615156,21.77,673,-0.04127172083878872,1.9068799902442335,FALSE,61.82523742803928,2.5615527555530693,Thesis,NA,NA,NA
M4,GiantMarsh,T2,2,a,2025-10-07,2025-11-04,2025,5.843372339,0,0,0,0,0,0,0,0,0,0,OK,November,Scarped,West.facing,"Tran
(Months 4-6)",Edge,G2-2a,2.0616713233426465,1.189264552,4.530222882615156,21.77,673,-0.01342471668837245,2.0563871851683726,FALSE,47.44065202971936,2.141172071480484,Thesis,NA,NA,NA
M4,GiantMarsh,T2,2,b,2025-10-07,2025-11-04,2025,2014.574739,0,0,0,0,0,0,0,0,0,0,OK,November,Scarped,West.facing,"Tran
(Months 4-6)",Edge,G2-2b,2.054051308102616,1.180550715,4.530222882615156,21.77,673,-0.01342471668837245,2.0563871851683726,FALSE,47.44065202971936,2.141172071480484,Thesis,NA,NA,NA
M4,GiantMarsh,T2,2,c,2025-10-07,2025-11-04,2025,1265.263947,0,0,0,0,0,0,0,0,0,0,OK,November,Scarped,West.facing,"Tran
(Months 4-6)",Edge,G2-2c,2.0564897129794257,1.183339143,4.530222882615156,21.77,673,-0.01342471668837245,2.0563871851683726,FALSE,47.44065202971936,2.141172071480484,Thesis,NA,NA,NA
M4,GiantMarsh,T2,6,a,2025-10-07,2025-11-04,2025,5.425920431,0,0,0,0,0,0,0,0,0,0,OK,November,Scarped,West.facing,"Tran
(Months 4-6)",Edge,G2-6a,1.9406654813309625,1.050888811,4.530222882615156,21.77,673,-0.01255565003163208,1.9574508500756536,FALSE,47.44065202971936,2.141172071480484,Thesis,NA,NA,NA
M4,GiantMarsh,T2,6,b,2025-10-07,2025-11-04,2025,5.61640111,0,0,0,0,0,0,0,0,0,0,OK,November,Scarped,West.facing,"Tran
(Months 4-6)",Edge,G2-6b,1.9434086868173737,1.054025793,4.530222882615156,21.77,673,-0.01255565003163208,1.9574508500756536,FALSE,47.44065202971936,2.141172071480484,Thesis,NA,NA,NA
M4,GiantMarsh,T2,6,c,2025-10-07,2025-11-04,2025,5.956874796,0,0,0,0,0,0,0,0,0,0,OK,November,Scarped,West.facing,"Tran
(Months 4-6)",Edge,G2-6c,1.9473710947421896,1.058556988,4.530222882615156,21.77,673,-0.01255565003163208,1.9574508500756536,FALSE,47.44065202971936,2.141172071480484,Thesis,NA,NA,NA
M4,GiantMarsh,T2,12,a,2025-10-07,2025-11-04,2025,2.381990915,0,0,0,0,0,0,0,0,0,0,OK,November,Scarped,West.facing,"Tran
(Months 4-6)",Platform,G2-12a,1.9333502667005331,1.042523527,4.530222882615156,21.77,673,0.0073026439019559,1.95016303680416,FALSE,47.44065202971936,2.141172071480484,Thesis,NA,NA,NA
M4,GiantMarsh,T2,12,b,2025-10-07,2025-11-04,2025,2.052790002,0,0,0,0,0,0,0,0,0,0,OK,November,Scarped,West.facing,"Tran
(Months 4-6)",Platform,G2-12b,1.9354838709677415,1.044963402,4.530222882615156,21.77,673,0.0073026439019559,1.95016303680416,FALSE,47.44065202971936,2.141172071480484,Thesis,NA,NA,NA
M4,GiantMarsh,T2,12,c,2025-10-07,2025-11-04,2025,2.353247588,0,0,0,0,0,0,0,0,0,0,OK,November,Scarped,West.facing,"Tran
(Months 4-6)",Platform,G2-12c,1.9318262636525272,1.04078076,4.530222882615156,21.77,673,0.0073026439019559,1.95016303680416,FALSE,47.44065202971936,2.141172071480484,Thesis,NA,NA,NA
M4,GiantMarsh,T2,24,a,2025-10-07,2025-11-04,2025,0.817500629,0,0,0,0,0,0,0,0,0,0,OK,November,Scarped,West.facing,"Tran
(Months 4-6)",Platform,G2-24a,1.9357886715773431,1.045311955,4.530222882615156,21.77,673,4.975228131842639e-4,1.9387701875796968,FALSE,47.44065202971936,2.141172071480484,Thesis,NA,NA,NA
M4,GiantMarsh,T2,24,b,2025-10-07,2025-11-04,2025,0.835689766,0,0,0,0,0,0,0,0,0,0,OK,November,Scarped,West.facing,"Tran
(Months 4-6)",Platform,G2-24b,1.9406654813309625,1.050888811,4.530222882615156,21.77,673,4.975228131842639e-4,1.9387701875796968,FALSE,47.44065202971936,2.141172071480484,Thesis,NA,NA,NA
M4,GiantMarsh,T2,24,c,2025-10-07,2025-11-04,2025,0.746035288,0,0,0,0,0,0,0,0,0,0,OK,November,Scarped,West.facing,"Tran
(Months 4-6)",Platform,G2-24c,1.9354838709677415,1.044963402,4.530222882615156,21.77,673,4.975228131842639e-4,1.9387701875796968,FALSE,47.44065202971936,2.141172071480484,Thesis,NA,NA,NA
M4,GiantMarsh,T2,48,a,2025-10-07,2025-11-04,2025,2.786362363,0,0,0,0,0,0,0,0,0,0,OK,November,Scarped,West.facing,"Tran
(Months 4-6)",Upland,G2-48a,1.8733045466090932,0.973858487,4.530222882615156,21.77,673,-0.03370930171824177,1.4800192766320546,TRUE,47.44065202971936,2.141172071480484,Thesis,NA,NA,NA
M4,GiantMarsh,T2,48,b,2025-10-07,2025-11-04,2025,2.962976632,0,0,0,0,0,0,0,0,0,0,OK,November,Scarped,West.facing,"Tran
(Months 4-6)",Upland,G2-48b,1.897078994157988,1.001045661,4.530222882615156,21.77,673,-0.03370930171824177,1.4800192766320546,TRUE,47.44065202971936,2.141172071480484,Thesis,NA,NA,NA
M4,GiantMarsh,T2,48,c,2025-10-07,2025-11-04,2025,2.790011418,0,0,0,0,0,0,0,0,0,0,OK,November,Scarped,West.facing,"Tran
(Months 4-6)",Upland,G2-48c,1.8836677673355344,0.985709306,4.530222882615156,21.77,673,-0.03370930171824177,1.4800192766320546,TRUE,47.44065202971936,2.141172071480484,Thesis,NA,NA,NA
M4,CorteMadera,T1,0.5,a,2025-10-03,2025-11-06,2025,0.540132811,1,0,0,0,0,0,1,0,0,0,Review,November,Scarped,East.facing,"Tran
(Months 4-6)",Edge,C1-0.5a,1.6593345186690371,0.772363636,4.648935128518972,27.8,817,0.09733852868754048,1.7492440342280613,FALSE,72.28575074664536,2.3204339675954957,Thesis,NA,NA,NA
M4,CorteMadera,T1,0.5,b,2025-10-03,2025-11-06,2025,0.474020518,1,0,0,0,0,0,0,0,0,0,Review,November,Scarped,East.facing,"Tran
(Months 4-6)",Edge,C1-0.5b,1.6684785369570738,0.783272727,4.648935128518972,27.8,817,0.09733852868754048,1.7492440342280613,FALSE,72.28575074664536,2.3204339675954957,Thesis,NA,NA,NA
M4,CorteMadera,T1,0.5,c,2025-10-03,2025-11-06,2025,0.414057131,1,0,0,0,0,1,0,0,0,0,Review,November,Scarped,East.facing,"Tran
(Months 4-6)",Edge,C1-0.5c,1.6614681229362456,0.774909091,4.648935128518972,27.8,817,0.09733852868754048,1.7492440342280613,FALSE,72.28575074664536,2.3204339675954957,Thesis,NA,NA,NA
M4,CorteMadera,T1,2,a,2025-10-03,2025-11-06,2025,1.103566738,0,0,0,0,0,1,0,0,0,0,Review,November,Scarped,East.facing,"Tran
(Months 4-6)",Edge,C1-2a,1.6462280924561847,0.756727273,4.648935128518972,27.8,817,0.01775399109541334,1.8293271071500128,FALSE,72.28575074664536,2.3204339675954957,Thesis,NA,NA,NA
M4,CorteMadera,T1,2,b,2025-10-03,2025-11-06,2025,0.597414721,0,0,0,0,0,1,0,0,0,0,Review,November,Scarped,East.facing,"Tran
(Months 4-6)",Edge,C1-2b,1.6480568961137922,0.758909091,4.648935128518972,27.8,817,0.01775399109541334,1.8293271071500128,FALSE,72.28575074664536,2.3204339675954957,Thesis,NA,NA,NA
M4,CorteMadera,T1,2,c,2025-10-03,2025-11-06,2025,0.727512618,0,0,0,0,0,1,0,0,0,0,Review,November,Scarped,East.facing,"Tran
(Months 4-6)",Edge,C1-2c,1.6462280924561847,0.756727273,4.648935128518972,27.8,817,0.01775399109541334,1.8293271071500128,FALSE,72.28575074664536,2.3204339675954957,Thesis,NA,NA,NA
M4,CorteMadera,T1,6,a,2025-10-03,2025-11-06,2025,8.047622897,1,0,0,0,0,0,0,0,1,0,Review,November,Scarped,East.facing,"Tran
(Months 4-6)",Edge,C1-6a,1.664516129032258,0.778545455,4.648935128518972,27.8,817,-0.02515538212948231,1.757631476156524,FALSE,72.28575074664536,2.3204339675954957,Thesis,NA,NA,NA
M4,CorteMadera,T1,6,c,2025-10-03,2025-11-06,2025,5.180614764,0,0,0,0,0,0,0,0,0,0,OK,November,Scarped,East.facing,"Tran
(Months 4-6)",Edge,C1-6c,1.6529337058674116,0.764727273,4.648935128518972,27.8,817,-0.02515538212948231,1.757631476156524,FALSE,72.28575074664536,2.3204339675954957,Thesis,NA,NA,NA
M4,CorteMadera,T1,12,a,2025-10-03,2025-11-06,2025,1.540508893,0,0,0,0,0,0,0,0,0,0,OK,November,Scarped,East.facing,"Tran
(Months 4-6)",Platform,C1-12a,1.6413512827025651,0.750909091,4.648935128518972,27.8,817,0.0032317156537537,1.713310428434306,FALSE,72.28575074664536,2.3204339675954957,Thesis,NA,NA,NA
M4,CorteMadera,T1,12,b,2025-10-03,2025-11-06,2025,1.309531959,0,0,0,0,0,0,0,0,0,0,OK,November,Scarped,East.facing,"Tran
(Months 4-6)",Platform,C1-12b,1.6447040894081788,0.754909091,4.648935128518972,27.8,817,0.0032317156537537,1.713310428434306,FALSE,72.28575074664536,2.3204339675954957,Thesis,NA,NA,NA
M4,CorteMadera,T1,12,c,2025-10-03,2025-11-06,2025,0.905276091,0,0,0,0,0,0,0,0,0,0,OK,November,Scarped,East.facing,"Tran
(Months 4-6)",Platform,C1-12c,1.659029718059436,0.772,4.648935128518972,27.8,817,0.0032317156537537,1.713310428434306,FALSE,72.28575074664536,2.3204339675954957,Thesis,NA,NA,NA
M4,CorteMadera,T1,24,a,2025-10-03,2025-11-06,2025,3.92281683,0,0,0,0,0,0,0,0,0,0,OK,November,Scarped,East.facing,"Tran
(Months 4-6)",Platform,C1-24a,1.7199898399796798,0.844727273,4.648935128518972,27.8,817,-0.0028494853327859,1.7550712477688033,FALSE,72.28575074664536,2.3204339675954957,Thesis,NA,NA,NA
M4,CorteMadera,T1,24,b,2025-10-03,2025-11-06,2025,5.60179168,0,0,0,0,0,0,0,0,0,0,OK,November,Scarped,East.facing,"Tran
(Months 4-6)",Platform,C1-24b,1.7184658369316737,0.842909091,4.648935128518972,27.8,817,-0.0028494853327859,1.7550712477688033,FALSE,72.28575074664536,2.3204339675954957,Thesis,NA,NA,NA
M4,CorteMadera,T1,24,c,2025-10-03,2025-11-06,2025,4.026654739,0,0,0,0,0,0,0,0,0,0,OK,November,Scarped,East.facing,"Tran
(Months 4-6)",Platform,C1-24c,1.7141986283972566,0.837818182,4.648935128518972,27.8,817,-0.0028494853327859,1.7550712477688033,FALSE,72.28575074664536,2.3204339675954957,Thesis,NA,NA,NA
M4,CorteMadera,T1,48,a,2025-10-03,2025-11-06,2025,6.177246024,0,0,0,0,0,0,0,0,1,0,Review,November,Scarped,East.facing,"Tran
(Months 4-6)",Upland,C1-48a,1.732486665,0.859636364,4.648935128518972,27.8,817,-0.00558516363104424,1.727272679455228,FALSE,72.28575074664536,2.3204339675954957,Thesis,NA,NA,NA
M4,CorteMadera,T1,48,b,2025-10-03,2025-11-06,2025,8.077673939,0,0,0,0,0,0,0,0,0,0,OK,November,Scarped,East.facing,"Tran
(Months 4-6)",Upland,C1-48b,1.7108458216916431,0.833818182,4.648935128518972,27.8,817,-0.00558516363104424,1.727272679455228,FALSE,72.28575074664536,2.3204339675954957,Thesis,NA,NA,NA
M4,CorteMadera,T1,48,c,2025-10-03,2025-11-06,2025,9.794698031,0,0,0,0,0,0,0,0,1,0,Review,November,Scarped,East.facing,"Tran
(Months 4-6)",Upland,C1-48c,1.7065786131572265,0.828727273,4.648935128518972,27.8,817,-0.00558516363104424,1.727272679455228,FALSE,72.28575074664536,2.3204339675954957,Thesis,NA,NA,NA
M4,CorteMadera,T2,0.5,a,2025-10-03,2025-11-06,2025,0.123440435,0,0,0,0,0,0,0,0,0,0,OK,November,Scarped,East.facing,"Tran
(Months 4-6)",Edge,C2-0.5a,1.621234442468885,0.726909091,4.648935128518972,27.8,817,0.16925078293661744,1.481725221967733,FALSE,68.92888177014264,1.9959970930436297,Thesis,NA,NA,NA
M4,CorteMadera,T2,0.5,b,2025-10-03,2025-11-06,2025,0.085899749,0,0,0,0,0,0,0,0,0,0,OK,November,Scarped,East.facing,"Tran
(Months 4-6)",Edge,C2-0.5b,1.6392176784353567,0.748363636,4.648935128518972,27.8,817,0.16925078293661744,1.481725221967733,FALSE,68.92888177014264,1.9959970930436297,Thesis,NA,NA,NA
M4,CorteMadera,T2,0.5,c,2025-10-03,2025-11-06,2025,0.009431404,0,0,0,0,0,1,0,0,0,0,Review,November,Scarped,East.facing,"Tran
(Months 4-6)",Edge,C2-0.5c,1.6495808991617982,0.760727273,4.648935128518972,27.8,817,0.16925078293661744,1.481725221967733,FALSE,68.92888177014264,1.9959970930436297,Thesis,NA,NA,NA
M4,CorteMadera,T2,2,a,2025-10-03,2025-11-06,2025,0.28155515,0,0,0,0,0,0,0,0,0,0,OK,November,Scarped,East.facing,"Tran
(Months 4-6)",Edge,C2-2a,1.656286512573025,0.768727273,4.648935128518972,27.8,817,0.09235576383065149,1.6757667363825983,FALSE,68.92888177014264,1.9959970930436297,Thesis,NA,NA,NA
M4,CorteMadera,T2,2,b,2025-10-03,2025-11-06,2025,0.221314368,0,0,0,0,0,0,0,0,0,0,OK,November,Scarped,East.facing,"Tran
(Months 4-6)",Edge,C2-2b,1.6544577089154178,0.766545455,4.648935128518972,27.8,817,0.09235576383065149,1.6757667363825983,FALSE,68.92888177014264,1.9959970930436297,Thesis,NA,NA,NA
M4,CorteMadera,T2,2,c,2025-10-03,2025-11-06,2025,0.354278673,0,0,0,0,0,0,0,0,0,0,OK,November,Scarped,East.facing,"Tran
(Months 4-6)",Edge,C2-2c,1.6556769113538228,0.768,4.648935128518972,27.8,817,0.09235576383065149,1.6757667363825983,FALSE,68.92888177014264,1.9959970930436297,Thesis,NA,NA,NA
M4,CorteMadera,T2,6,a,2025-10-03,2025-11-06,2025,1.627703148,0,0,0,0,0,0,0,0,0,0,OK,November,Scarped,East.facing,"Tran
(Months 4-6)",Edge,C2-6a,1.6623825247650494,0.776,4.648935128518972,27.8,817,-0.00332539341534895,1.8033913358538023,FALSE,68.92888177014264,1.9959970930436297,Thesis,NA,NA,NA
M4,CorteMadera,T2,6,b,2025-10-03,2025-11-06,2025,2.068020267,0,0,0,0,0,0,0,0,0,0,OK,November,Scarped,East.facing,"Tran
(Months 4-6)",Edge,C2-6b,1.6727457454914911,0.788363636,4.648935128518972,27.8,817,-0.00332539341534895,1.8033913358538023,FALSE,68.92888177014264,1.9959970930436297,Thesis,NA,NA,NA
M4,CorteMadera,T2,6,c,2025-10-03,2025-11-06,2025,0.774577173,0,0,0,0,0,0,0,0,0,0,OK,November,Scarped,East.facing,"Tran
(Months 4-6)",Edge,C2-6c,1.6675641351282702,0.782181818,4.648935128518972,27.8,817,-0.00332539341534895,1.8033913358538023,FALSE,68.92888177014264,1.9959970930436297,Thesis,NA,NA,NA
M4,CorteMadera,T2,12,c,2025-10-03,2025-11-06,2025,1.148781999,0,0,0,0,0,0,0,0,0,0,OK,November,Scarped,East.facing,"Tran
(Months 4-6)",Platform,C2-12c,1.6657353314706629,0.78,4.648935128518972,27.8,817,-0.0058473496992098,1.752402790171007,FALSE,68.92888177014264,1.9959970930436297,Thesis,NA,NA,NA
M4,CorteMadera,T2,24,a,2025-10-03,2025-11-06,2025,3.995401655,1,0,0,0,0,0,0,0,0,0,Review,November,Scarped,East.facing,"Tran
(Months 4-6)",Platform,C2-24a,1.6794513589027176,0.796363636,4.648935128518972,27.8,817,6.099121469114189e-4,1.74610186223484,FALSE,68.92888177014264,1.9959970930436297,Thesis,NA,NA,NA
M4,CorteMadera,T2,24,b,2025-10-03,2025-11-06,2025,1.927612551,0,0,0,0,0,0,0,0,0,0,OK,November,Scarped,East.facing,"Tran
(Months 4-6)",Platform,C2-24b,1.6843281686563372,0.802181818,4.648935128518972,27.8,817,6.099121469114189e-4,1.74610186223484,FALSE,68.92888177014264,1.9959970930436297,Thesis,NA,NA,NA
M4,CorteMadera,T2,24,c,2025-10-03,2025-11-06,2025,2.836540999,0,0,0,0,0,0,0,0,0,0,OK,November,Scarped,East.facing,"Tran
(Months 4-6)",Platform,C2-24c,1.6751841503683007,0.791272727,4.648935128518972,27.8,817,6.099121469114189e-4,1.74610186223484,FALSE,68.92888177014264,1.9959970930436297,Thesis,NA,NA,NA
M4,SanPablo,T1,0.5,c,2025-10-06,2025-11-03,2025,0.566670193,0,0,0,0,0,0,0,0,0,0,OK,November,Ramped,South.facing,"Tran
(Months 4-6)",Edge,S1-0.5c,1.723037846075692,0.79089317,5.637496274217586,25.46,671,0.01994320045890097,1.8226043860308456,FALSE,25.333978068263427,1.1905148622217414,Thesis,NA,NA,NA
M4,SanPablo,T1,2,a,2025-10-06,2025-11-03,2025,3.528243342,0,0,0,0,0,0,0,0,0,0,OK,November,Ramped,South.facing,"Tran
(Months 4-6)",Edge,S1-2a,1.6913385826771654,0.754465849,5.637496274217586,25.46,671,0.3776886912580827,1.8192972125194615,FALSE,25.333978068263427,1.1905148622217414,Thesis,NA,NA,NA
M4,SanPablo,T1,2,b,2025-10-06,2025-11-03,2025,1.962798689,0,0,0,0,0,0,0,0,0,0,OK,November,Ramped,South.facing,"Tran
(Months 4-6)",Edge,S1-2b,1.7202946405892812,0.787740806,5.637496274217586,25.46,671,0.3776886912580827,1.8192972125194615,FALSE,25.333978068263427,1.1905148622217414,Thesis,NA,NA,NA
M4,SanPablo,T1,6,a,2025-10-06,2025-11-03,2025,2.321921853,0,0,0,0,0,0,0,0,0,0,OK,November,Ramped,South.facing,"Tran
(Months 4-6)",Edge,S1-6a,1.8266700533401063,0.909982487,5.637496274217586,25.46,671,-0.0114628633903121,1.8447290956966944,FALSE,25.333978068263427,1.1905148622217414,Thesis,NA,NA,NA
M4,SanPablo,T1,6,b,2025-10-06,2025-11-03,2025,2.115666029,0,0,0,0,0,0,0,0,0,0,OK,November,Ramped,South.facing,"Tran
(Months 4-6)",Edge,S1-6b,1.8254508509017016,0.908581436,5.637496274217586,25.46,671,-0.0114628633903121,1.8447290956966944,FALSE,25.333978068263427,1.1905148622217414,Thesis,NA,NA,NA
M4,SanPablo,T1,6,c,2025-10-06,2025-11-03,2025,NA,1,0,0,0,0,0,0,0,0,0,Review,November,Ramped,South.facing,"Tran
(Months 4-6)",Edge,S1-6c,1.83002286004572,0.913835377,5.637496274217586,25.46,671,-0.0114628633903121,1.8447290956966944,FALSE,25.333978068263427,1.1905148622217414,Thesis,NA,NA,NA
M4,SanPablo,T1,12,a,2025-10-06,2025-11-03,2025,1.200932115,0,0,0,0,0,0,0,0,0,0,OK,November,Ramped,South.facing,"Tran
(Months 4-6)",Platform,S1-12a,1.877266954533909,0.968126095,5.637496274217586,25.46,671,0.05459195462793114,1.939426772189594,FALSE,25.333978068263427,1.1905148622217414,Thesis,NA,NA,NA
M4,SanPablo,T1,12,b,2025-10-06,2025-11-03,2025,1.048738446,0,0,0,0,0,0,0,0,0,0,OK,November,Ramped,South.facing,"Tran
(Months 4-6)",Platform,S1-12b,1.889763779527559,0.982486865,5.637496274217586,25.46,671,0.05459195462793114,1.939426772189594,FALSE,25.333978068263427,1.1905148622217414,Thesis,NA,NA,NA
M4,SanPablo,T1,24,a,2025-10-06,2025-11-03,2025,1.342010201,0,0,0,0,0,0,0,0,0,0,OK,November,Ramped,South.facing,"Tran
(Months 4-6)",Platform,S1-24a,1.9751079502159004,1.08056042,5.637496274217586,25.46,671,0.01741473153111573,2.037429934956382,FALSE,25.333978068263427,1.1905148622217414,Thesis,NA,NA,NA
M4,SanPablo,T1,24,b,2025-10-06,2025-11-03,2025,2.257417786,0,0,0,0,0,0,0,0,0,0,OK,November,Ramped,South.facing,"Tran
(Months 4-6)",Platform,S1-24b,1.984861569723139,1.091768827,5.637496274217586,25.46,671,0.01741473153111573,2.037429934956382,FALSE,25.333978068263427,1.1905148622217414,Thesis,NA,NA,NA
M4,SanPablo,T1,24,c,2025-10-06,2025-11-03,2025,0.9988306,0,0,0,0,0,0,0,0,0,0,OK,November,Ramped,South.facing,"Tran
(Months 4-6)",Platform,S1-24c,1.9751079502159004,1.08056042,5.637496274217586,25.46,671,0.01741473153111573,2.037429934956382,FALSE,25.333978068263427,1.1905148622217414,Thesis,NA,NA,NA
M4,SanPablo,T1,48,a,2025-10-06,2025-11-03,2025,0.753726373,0,0,0,0,0,0,0,0,0,0,OK,November,Ramped,South.facing,"Tran
(Months 4-6)",Upland,S1-48a,2.013208026416053,1.124343257,5.637496274217586,25.46,671,-0.00126515639596243,2.068042486947528,FALSE,25.333978068263427,1.1905148622217414,Thesis,NA,NA,NA
M4,SanPablo,T1,48,b,2025-10-06,2025-11-03,2025,1.262123963,0,0,0,0,0,0,0,0,0,0,OK,November,Ramped,South.facing,"Tran
(Months 4-6)",Upland,S1-48b,2.0159512319024637,1.127495622,5.637496274217586,25.46,671,-0.00126515639596243,2.068042486947528,FALSE,25.333978068263427,1.1905148622217414,Thesis,NA,NA,NA
M4,SanPablo,T1,48,c,2025-10-06,2025-11-03,2025,1.220749292,0,0,0,0,0,0,0,0,0,0,OK,November,Ramped,South.facing,"Tran
(Months 4-6)",Upland,S1-48c,2.0144272288544576,1.125744308,5.637496274217586,25.46,671,-0.00126515639596243,2.068042486947528,FALSE,25.333978068263427,1.1905148622217414,Thesis,NA,NA,NA
M4,SanPablo,T2,0.5,a,2025-10-06,2025-11-03,2025,1.549276533,0,0,0,0,0,0,0,0,0,0,OK,November,Ramped,South.facing,"Tran
(Months 4-6)",Edge,S2-0.5a,1.727305054610109,0.795796848,5.637496274217586,25.46,671,0.01304185246874274,1.9776110105035407,FALSE,35.97380842326667,1.4533466871480498,Thesis,NA,NA,NA
M4,SanPablo,T2,0.5,b,2025-10-06,2025-11-03,2025,0.152755062,0,0,0,0,0,0,0,0,0,0,OK,November,Ramped,South.facing,"Tran
(Months 4-6)",Edge,S2-0.5b,1.7297434594869188,0.798598949,5.637496274217586,25.46,671,0.01304185246874274,1.9776110105035407,FALSE,35.97380842326667,1.4533466871480498,Thesis,NA,NA,NA
M4,SanPablo,T2,2,a,2025-10-06,2025-11-03,2025,17.61982763,0,0,0,0,0,0,0,0,0,0,OK,November,Ramped,South.facing,"Tran
(Months 4-6)",Edge,S2-2a,1.7401066802133602,0.810507881,5.637496274217586,25.46,671,0.01154246712137735,1.9960940502981117,FALSE,35.97380842326667,1.4533466871480498,Thesis,NA,NA,NA
M4,SanPablo,T2,2,b,2025-10-06,2025-11-03,2025,1.995134931,0,0,0,0,0,0,0,0,0,0,OK,November,Ramped,South.facing,"Tran
(Months 4-6)",Edge,S2-2b,1.751993903987808,0.824168126,5.637496274217586,25.46,671,0.01154246712137735,1.9960940502981117,FALSE,35.97380842326667,1.4533466871480498,Thesis,NA,NA,NA
M4,SanPablo,T2,2,c,2025-10-06,2025-11-03,2025,1.146813821,0,0,0,0,0,0,0,0,0,0,OK,November,Ramped,South.facing,"Tran
(Months 4-6)",Edge,S2-2c,1.750469900939802,0.822416813,5.637496274217586,25.46,671,0.01154246712137735,1.9960940502981117,FALSE,35.97380842326667,1.4533466871480498,Thesis,NA,NA,NA
M4,SanPablo,T2,6,a,2025-10-06,2025-11-03,2025,3.077220127,0,0,0,0,0,0,0,0,0,0,OK,November,Ramped,South.facing,"Tran
(Months 4-6)",Edge,S2-6a,1.8239268478536956,0.906830123,5.637496274217586,25.46,671,0.00730802606089925,2.0337458535335737,FALSE,35.97380842326667,1.4533466871480498,Thesis,NA,NA,NA
M4,SanPablo,T2,6,b,2025-10-06,2025-11-03,2025,2.298399482,0,0,0,0,0,0,0,0,0,0,OK,November,Ramped,South.facing,"Tran
(Months 4-6)",Edge,S2-6b,1.8135636271272544,0.894921191,5.637496274217586,25.46,671,0.00730802606089925,2.0337458535335737,FALSE,35.97380842326667,1.4533466871480498,Thesis,NA,NA,NA
M4,SanPablo,T2,6,c,2025-10-06,2025-11-03,2025,4.883277863,0,0,0,0,0,0,0,0,0,0,OK,November,Ramped,South.facing,"Tran
(Months 4-6)",Edge,S2-6c,1.8083820167640337,0.888966725,5.637496274217586,25.46,671,0.00730802606089925,2.0337458535335737,FALSE,35.97380842326667,1.4533466871480498,Thesis,NA,NA,NA
M4,SanPablo,T2,12,a,2025-10-06,2025-11-03,2025,1.02078107,0,0,0,0,0,0,0,0,0,0,OK,November,Ramped,South.facing,"Tran
(Months 4-6)",Platform,S2-12a,1.899517399034798,0.993695271,5.637496274217586,25.46,671,7.536119889995986e-4,2.059116795755984,FALSE,35.97380842326667,1.4533466871480498,Thesis,NA,NA,NA
M4,SanPablo,T2,12,b,2025-10-06,2025-11-03,2025,1.120484484,0,0,0,0,0,0,0,0,0,0,OK,November,Ramped,South.facing,"Tran
(Months 4-6)",Platform,S2-12b,1.8912877825755652,0.984238179,5.637496274217586,25.46,671,7.536119889995986e-4,2.059116795755984,FALSE,35.97380842326667,1.4533466871480498,Thesis,NA,NA,NA
M4,SanPablo,T2,12,c,2025-10-06,2025-11-03,2025,1.325729801,0,0,0,0,0,0,0,0,0,0,OK,November,Ramped,South.facing,"Tran
(Months 4-6)",Platform,S2-12c,1.8836677673355344,0.975481611,5.637496274217586,25.46,671,7.536119889995986e-4,2.059116795755984,FALSE,35.97380842326667,1.4533466871480498,Thesis,NA,NA,NA
M4,SanPablo,T2,24,a,2025-10-06,2025-11-03,2025,1.508519394,0,0,0,0,0,0,0,0,0,0,OK,November,Ramped,South.facing,"Tran
(Months 4-6)",Platform,S2-24a,2.0001016002032004,1.109281961,5.637496274217586,25.46,671,-7.498068190482683e-4,2.04343186206419,FALSE,35.97380842326667,1.4533466871480498,Thesis,NA,NA,NA
M4,SanPablo,T2,24,b,2025-10-06,2025-11-03,2025,1.6804741,0,0,0,0,0,0,0,0,0,0,OK,November,Ramped,South.facing,"Tran
(Months 4-6)",Platform,S2-24b,1.9979679959359915,1.106830123,5.637496274217586,25.46,671,-7.498068190482683e-4,2.04343186206419,FALSE,35.97380842326667,1.4533466871480498,Thesis,NA,NA,NA
M4,SanPablo,T2,24,c,2025-10-06,2025-11-03,2025,1.621976939,0,0,0,0,0,0,0,0,0,0,OK,November,Ramped,South.facing,"Tran
(Months 4-6)",Platform,S2-24c,1.9915671831343664,1.099474606,5.637496274217586,25.46,671,-7.498068190482683e-4,2.04343186206419,FALSE,35.97380842326667,1.4533466871480498,Thesis,NA,NA,NA
M4,SanPablo,T2,48,a,2025-10-06,2025-11-03,2025,0.664970125,0,0,0,0,0,0,0,0,0,0,OK,November,Ramped,South.facing,"Tran
(Months 4-6)",Upland,S2-48a,2.0138176276352553,1.125043783,5.637496274217586,25.46,671,0.00473019341500792,2.0664739570769344,FALSE,35.97380842326667,1.4533466871480498,Thesis,NA,NA,NA
M4,SanPablo,T2,48,b,2025-10-06,2025-11-03,2025,2.422691914,0,0,0,0,0,0,0,0,0,0,OK,November,Ramped,South.facing,"Tran
(Months 4-6)",Upland,S2-48b,2.022961645923292,1.135551664,5.637496274217586,25.46,671,0.00473019341500792,2.0664739570769344,FALSE,35.97380842326667,1.4533466871480498,Thesis,NA,NA,NA
M4,SanPablo,T2,48,c,2025-10-06,2025-11-03,2025,1.427734927,0,0,0,0,0,0,0,0,0,0,OK,November,Ramped,South.facing,"Tran
(Months 4-6)",Upland,S2-48c,2.0205232410464817,1.132749562,5.637496274217586,25.46,671,0.00473019341500792,2.0664739570769344,FALSE,35.97380842326667,1.4533466871480498,Thesis,NA,NA,NA
M5,Buck'sLanding,T1,0.5,a,2025-11-15,2025-12-12,2025,2.385854131,0,0,0,0,0,0,0,0,0,0,OK,December,Ramped,East.facing,"Tran
(Months 4-6)",Edge,B1-0.5a,1.6544577089154178,0.743807502,6.697808641975309,24.1,648,0.17785756524338506,1.7010695502979745,FALSE,34.89580532666493,1.2246004538785733,Thesis,NA,NA,NA
M5,Buck'sLanding,T1,0.5,b,2025-11-15,2025-12-12,2025,2.644286246,0,0,0,0,0,0,0,0,0,0,OK,December,Ramped,East.facing,"Tran
(Months 4-6)",Edge,B1-0.5b,1.6599441198882396,0.750176929,6.697808641975309,24.1,648,0.17785756524338506,1.7010695502979745,FALSE,34.89580532666493,1.2246004538785733,Thesis,NA,NA,NA
M5,Buck'sLanding,T1,0.5,c,2025-11-15,2025-12-12,2025,3.661422419,0,0,0,0,0,0,0,0,0,0,OK,December,Ramped,East.facing,"Tran
(Months 4-6)",Edge,B1-0.5c,1.6611633223266449,0.751592357,6.697808641975309,24.1,648,0.17785756524338506,1.7010695502979745,FALSE,34.89580532666493,1.2246004538785733,Thesis,NA,NA,NA
M5,Buck'sLanding,T1,2,a,2025-11-15,2025-12-12,2025,0.953270431,0,0,0,0,0,0,0,0,0,0,OK,December,Ramped,East.facing,"Tran
(Months 4-6)",Edge,B1-2a,1.7718059436118871,0.880042463,6.697808641975309,24.1,648,0.02968375936655274,1.858339098018449,FALSE,34.89580532666493,1.2246004538785733,Thesis,NA,NA,NA
M5,Buck'sLanding,T1,2,b,2025-11-15,2025-12-12,2025,0.927130305,0,0,0,0,0,0,0,0,0,0,OK,December,Ramped,East.facing,"Tran
(Months 4-6)",Edge,B1-2b,1.7794259588519177,0.888888889,6.697808641975309,24.1,648,0.02968375936655274,1.858339098018449,FALSE,34.89580532666493,1.2246004538785733,Thesis,NA,NA,NA
M5,Buck'sLanding,T1,2,c,2025-11-15,2025-12-12,2025,0.515292328,0,0,0,0,0,0,0,0,0,0,OK,December,Ramped,East.facing,"Tran
(Months 4-6)",Edge,B1-2c,1.7669291338582676,0.87438075,6.697808641975309,24.1,648,0.02968375936655274,1.858339098018449,FALSE,34.89580532666493,1.2246004538785733,Thesis,NA,NA,NA
M5,Buck'sLanding,T1,6,a,2025-11-15,2025-12-12,2025,9.853604924,0,0,0,0,0,0,0,0,0,0,OK,December,Ramped,East.facing,"Tran
(Months 4-6)",Edge,B1-6a,1.8138684277368553,0.928874735,6.697808641975309,24.1,648,0.01104286813360896,1.8720950223241668,FALSE,34.89580532666493,1.2246004538785733,Thesis,NA,NA,NA
M5,Buck'sLanding,T1,6,b,2025-11-15,2025-12-12,2025,5.171669656,0,0,0,0,0,0,0,0,0,0,OK,December,Ramped,East.facing,"Tran
(Months 4-6)",Edge,B1-6b,1.806248412496825,0.920028309,6.697808641975309,24.1,648,0.01104286813360896,1.8720950223241668,FALSE,34.89580532666493,1.2246004538785733,Thesis,NA,NA,NA
M5,Buck'sLanding,T1,6,c,2025-11-15,2025-12-12,2025,8.664432954,0,0,0,0,0,0,0,0,0,0,OK,December,Ramped,East.facing,"Tran
(Months 4-6)",Edge,B1-6c,1.8053340106680211,0.918966737,6.697808641975309,24.1,648,0.01104286813360896,1.8720950223241668,FALSE,34.89580532666493,1.2246004538785733,Thesis,NA,NA,NA
M5,Buck'sLanding,T1,12,a,2025-11-15,2025-12-12,2025,2.067049387,0,0,0,0,0,0,0,0,0,0,OK,December,Ramped,East.facing,"Tran
(Months 4-6)",Platform,B1-12a,1.8483108966217932,0.96886058,6.697808641975309,24.1,648,-0.00172583812482088,1.8663152905950524,FALSE,34.89580532666493,1.2246004538785733,Thesis,NA,NA,NA
M5,Buck'sLanding,T1,12,b,2025-11-15,2025-12-12,2025,1.93140018,0,0,0,0,0,0,0,0,0,0,OK,December,Ramped,East.facing,"Tran
(Months 4-6)",Platform,B1-12b,1.8461772923545847,0.966383581,6.697808641975309,24.1,648,-0.00172583812482088,1.8663152905950524,FALSE,34.89580532666493,1.2246004538785733,Thesis,NA,NA,NA
M5,Buck'sLanding,T1,12,c,2025-11-15,2025-12-12,2025,2.382069926,0,0,0,0,0,0,0,0,0,0,OK,December,Ramped,East.facing,"Tran
(Months 4-6)",Platform,B1-12c,1.8428244856489713,0.962491154,6.697808641975309,24.1,648,-0.00172583812482088,1.8663152905950524,FALSE,34.89580532666493,1.2246004538785733,Thesis,NA,NA,NA
M5,Buck'sLanding,T1,18,a,2025-11-15,2025-12-12,2025,10.51456005,0,0,0,0,0,0,0,0,0,0,OK,December,Ramped,East.facing,"Tran
(Months 4-6)",Platform,B1-18a,1.8736093472186943,0.998230715,6.697808641975309,24.1,648,-0.02221947652684898,1.8408866750284556,FALSE,34.89580532666493,1.2246004538785733,Thesis,NA,NA,NA
M5,Buck'sLanding,T1,18,b,2025-11-15,2025-12-12,2025,7.99986828,0,1,0,0,0,0,0,0,0,0,Review,December,Ramped,East.facing,"Tran
(Months 4-6)",Platform,B1-18b,1.8745237490474984,0.999292286,6.697808641975309,24.1,648,-0.02221947652684898,1.8408866750284556,FALSE,34.89580532666493,1.2246004538785733,Thesis,NA,NA,NA
M5,Buck'sLanding,T1,18,c,2025-11-15,2025-12-12,2025,7.952245512,0,0,0,0,0,0,0,0,0,0,OK,December,Ramped,East.facing,"Tran
(Months 4-6)",Platform,B1-18c,1.8806197612395223,1.006369427,6.697808641975309,24.1,648,-0.02221947652684898,1.8408866750284556,FALSE,34.89580532666493,1.2246004538785733,Thesis,NA,NA,NA
M5,Buck'sLanding,T1,24,a,2025-11-15,2025-12-12,2025,7.888205114,0,0,0,0,0,0,0,0,0,0,OK,December,Ramped,East.facing,"Tran
(Months 4-6)",Platform,B1-24a,1.8641605283210565,0.987261146,6.697808641975309,24.1,648,0.02688120789993156,1.8505249450567665,FALSE,34.89580532666493,1.2246004538785733,Thesis,NA,NA,NA
M5,Buck'sLanding,T1,24,b,2025-11-15,2025-12-12,2025,10.97087699,0,0,0,0,0,0,0,0,0,0,OK,December,Ramped,East.facing,"Tran
(Months 4-6)",Platform,B1-24b,1.869037338074676,0.992922859,6.697808641975309,24.1,648,0.02688120789993156,1.8505249450567665,FALSE,34.89580532666493,1.2246004538785733,Thesis,NA,NA,NA
M5,Buck'sLanding,T1,24,c,2025-11-15,2025-12-12,2025,9.606583644,0,0,0,0,0,0,0,0,0,0,OK,December,Ramped,East.facing,"Tran
(Months 4-6)",Platform,B1-24c,1.8714757429514857,0.995753715,6.697808641975309,24.1,648,0.02688120789993156,1.8505249450567665,FALSE,34.89580532666493,1.2246004538785733,Thesis,NA,NA,NA
M5,Buck'sLanding,T1,48,a,2025-11-15,2025-12-12,2025,11.29125364,0,0,0,0,0,0,0,0,0,0,OK,December,Ramped,East.facing,"Tran
(Months 4-6)",Upland,B1-48a,1.856845313690627,0.978768577,6.697808641975309,24.1,648,0.00709242883196758,1.921341208364329,TRUE,34.89580532666493,1.2246004538785733,Thesis,NA,NA,NA
M5,Buck'sLanding,T1,48,b,2025-11-15,2025-12-12,2025,11.73848849,0,0,0,0,0,0,0,0,0,0,OK,December,Ramped,East.facing,"Tran
(Months 4-6)",Upland,B1-48b,1.850749301498603,0.971691437,6.697808641975309,24.1,648,0.00709242883196758,1.921341208364329,TRUE,34.89580532666493,1.2246004538785733,Thesis,NA,NA,NA
M5,Buck'sLanding,T1,48,c,2025-11-15,2025-12-12,2025,11.02344834,0,0,0,0,0,1,0,0,0,0,Review,December,Ramped,East.facing,"Tran
(Months 4-6)",Upland,B1-48c,1.8516637033274064,0.972753008,6.697808641975309,24.1,648,0.00709242883196758,1.921341208364329,TRUE,34.89580532666493,1.2246004538785733,Thesis,NA,NA,NA
M5,Buck'sLanding,T2,0.5,a,2025-11-15,2025-12-12,2025,4.608929214,0,0,0,0,0,0,0,0,0,0,OK,December,Ramped,East.facing,"Tran
(Months 4-6)",Edge,B2-0.5a,1.6338836677673354,0.7199221515,6.697808641975309,24.1,648,-4.902368587095996e-4,1.8307718827004935,FALSE,29.104492140178493,1.2333122768097955,Thesis,NA,NA,NA
M5,Buck'sLanding,T2,0.5,b,2025-11-15,2025-12-12,2025,2.509859629,0,0,0,0,0,0,1,0,0,0,Review,December,Ramped,East.facing,"Tran
(Months 4-6)",Edge,B2-0.5b,1.6431800863601729,0.730714791,6.697808641975309,24.1,648,-4.902368587095996e-4,1.8307718827004935,FALSE,29.104492140178493,1.2333122768097955,Thesis,NA,NA,NA
M5,Buck'sLanding,T2,0.5,c,2025-11-15,2025-12-12,2025,5.557658599,0,0,0,0,0,0,0,0,0,0,OK,December,Ramped,East.facing,"Tran
(Months 4-6)",Edge,B2-0.5c,1.6407416814833629,0.727883935,6.697808641975309,24.1,648,-4.902368587095996e-4,1.8307718827004935,FALSE,29.104492140178493,1.2333122768097955,Thesis,NA,NA,NA
M5,Buck'sLanding,T2,2,a,2025-11-15,2025-12-12,2025,2.055231022,0,0,0,0,0,0,0,0,0,0,OK,December,Ramped,East.facing,"Tran
(Months 4-6)",Edge,B2-2a,1.773329946659893,0.881811748,6.697808641975309,24.1,648,0.00879335684428583,1.8375292375952912,FALSE,29.104492140178493,1.2333122768097955,Thesis,NA,NA,NA
M5,Buck'sLanding,T2,2,c,2025-11-15,2025-12-12,2025,1.125713757,0,0,0,0,0,0,0,0,0,0,OK,December,Ramped,East.facing,"Tran
(Months 4-6)",Edge,B2-2c,1.7696723393446787,0.877565464,6.697808641975309,24.1,648,0.00879335684428583,1.8375292375952912,FALSE,29.104492140178493,1.2333122768097955,Thesis,NA,NA,NA
M5,Buck'sLanding,T2,6,a,2025-11-15,2025-12-12,2025,15.60565524,0,0,0,0,0,0,0,0,0,0,OK,December,Ramped,East.facing,"Tran
(Months 4-6)",Edge,B2-6a,1.843738887477775,0.963552725,6.697808641975309,24.1,648,0.01218461482376672,1.894739035630732,FALSE,29.104492140178493,1.2333122768097955,Thesis,NA,NA,NA
M5,Buck'sLanding,T2,6,b,2025-11-15,2025-12-12,2025,11.99855072,0,0,0,0,0,0,0,0,0,0,OK,December,Ramped,East.facing,"Tran
(Months 4-6)",Edge,B2-6b,1.8394716789433576,0.958598726,6.697808641975309,24.1,648,0.01218461482376672,1.894739035630732,FALSE,29.104492140178493,1.2333122768097955,Thesis,NA,NA,NA
M5,Buck'sLanding,T2,6,c,2025-11-15,2025-12-12,2025,7.94392026,0,0,0,0,0,0,0,0,0,0,OK,December,Ramped,East.facing,"Tran
(Months 4-6)",Edge,B2-6c,1.8376428752857503,0.956475584,6.697808641975309,24.1,648,0.01218461482376672,1.894739035630732,FALSE,29.104492140178493,1.2333122768097955,Thesis,NA,NA,NA
M5,Buck'sLanding,T2,12,a,2025-11-15,2025-12-12,2025,12.11929598,0,0,0,0,0,0,0,0,0,0,OK,December,Ramped,East.facing,"Tran
(Months 4-6)",Platform,B2-12a,1.84008128016256,0.95930644,6.697808641975309,24.1,648,0.02661783367146161,1.8694116559719185,FALSE,29.104492140178493,1.2333122768097955,Thesis,NA,NA,NA
M5,Buck'sLanding,T2,12,b,2025-11-15,2025-12-12,2025,16.3141167,0,0,0,0,0,0,0,0,0,0,OK,December,Ramped,East.facing,"Tran
(Months 4-6)",Platform,B2-12b,1.835814071628143,0.954352442,6.697808641975309,24.1,648,0.02661783367146161,1.8694116559719185,FALSE,29.104492140178493,1.2333122768097955,Thesis,NA,NA,NA
M5,Buck'sLanding,T2,12,c,2025-11-15,2025-12-12,2025,10.92692199,1,0,0,0,0,0,0,0,0,0,Review,December,Ramped,East.facing,"Tran
(Months 4-6)",Platform,B2-12c,1.822098044196088,0.938428875,6.697808641975309,24.1,648,0.02661783367146161,1.8694116559719185,FALSE,29.104492140178493,1.2333122768097955,Thesis,NA,NA,NA
M5,Buck'sLanding,T2,24,a,2025-11-15,2025-12-12,2025,13.28715996,0,0,0,0,0,0,0,0,0,0,OK,December,Ramped,East.facing,"Tran
(Months 4-6)",Platform,B2-24a,1.8266700533401063,0.94373673,6.697808641975309,24.1,648,0.01213652588304522,1.8589100935344456,FALSE,29.104492140178493,1.2333122768097955,Thesis,NA,NA,NA
M5,Buck'sLanding,T2,24,b,2025-11-15,2025-12-12,2025,15.10579083,0,0,0,0,0,0,0,0,0,0,OK,December,Ramped,East.facing,"Tran
(Months 4-6)",Platform,B2-24b,1.8294132588265175,0.946921444,6.697808641975309,24.1,648,0.01213652588304522,1.8589100935344456,FALSE,29.104492140178493,1.2333122768097955,Thesis,NA,NA,NA
M5,Buck'sLanding,T2,24,c,2025-11-15,2025-12-12,2025,14.13598633,0,0,0,0,0,0,0,0,0,0,OK,December,Ramped,East.facing,"Tran
(Months 4-6)",Platform,B2-24c,1.8446532893065783,0.964614296,6.697808641975309,24.1,648,0.01213652588304522,1.8589100935344456,FALSE,29.104492140178493,1.2333122768097955,Thesis,NA,NA,NA
M5,Buck'sLanding,T2,48,a,2025-11-15,2025-12-12,2025,12.31834518,0,0,0,0,0,0,0,0,0,0,OK,December,Ramped,East.facing,"Tran
(Months 4-6)",Upland,B2-48a,1.8416052832105665,0.961075725,6.697808641975309,24.1,648,-0.02376690670714356,1.4953854337338937,TRUE,29.104492140178493,1.2333122768097955,Thesis,NA,NA,NA
M5,Buck'sLanding,T2,48,b,2025-11-15,2025-12-12,2025,12.27974629,0,0,0,0,0,0,0,0,0,0,OK,December,Ramped,East.facing,"Tran
(Months 4-6)",Upland,B2-48b,1.8525781051562105,0.973814579,6.697808641975309,24.1,648,-0.02376690670714356,1.4953854337338937,TRUE,29.104492140178493,1.2333122768097955,Thesis,NA,NA,NA
M5,Buck'sLanding,T2,48,c,2025-11-15,2025-12-12,2025,11.38894435,0,0,0,0,0,0,0,0,0,0,OK,December,Ramped,East.facing,"Tran
(Months 4-6)",Upland,B2-48c,1.849530099060198,0.970276008,6.697808641975309,24.1,648,-0.02376690670714356,1.4953854337338937,TRUE,29.104492140178493,1.2333122768097955,Thesis,NA,NA,NA
M5,GiantMarsh,T1,0.5,a,2025-11-04,2025-12-11,2025,0.256134842,0,0,0,0,0,0,0,0,0,0,OK,December,Scarped,West.facing,"Tran
(Months 4-6)",Edge,G1-0.5a,2.067462535,1.195887069,6.2845270270270275,27.8,888,-0.00503157657553342,2.081117017603091,FALSE,61.82523742803928,2.5615527555530693,Thesis,NA,NA,NA
M5,GiantMarsh,T1,0.5,b,2025-11-04,2025-12-11,2025,0.6677604,0,0,0,0,0,0,0,0,0,0,OK,December,Scarped,West.facing,"Tran
(Months 4-6)",Edge,G1-0.5b,2.066243332486665,1.194492855,6.2845270270270275,27.8,888,-0.00503157657553342,2.081117017603091,FALSE,61.82523742803928,2.5615527555530693,Thesis,NA,NA,NA
M5,GiantMarsh,T1,0.5,c,2025-11-04,2025-12-11,2025,1.801228238,0,0,0,0,0,0,0,0,0,0,OK,December,Scarped,West.facing,"Tran
(Months 4-6)",Edge,G1-0.5c,2.0574041148082296,1.184384803,6.2845270270270275,27.8,888,-0.00503157657553342,2.081117017603091,FALSE,61.82523742803928,2.5615527555530693,Thesis,NA,NA,NA
M5,GiantMarsh,T1,2,a,2025-11-04,2025-12-11,2025,1.678535017,0,0,0,0,0,0,0,0,0,0,OK,December,Scarped,West.facing,"Tran
(Months 4-6)",Edge,G1-2a,2.0183896367792733,1.139769955,6.2845270270270275,27.8,888,-0.04260973519962442,2.031680671373449,FALSE,61.82523742803928,2.5615527555530693,Thesis,NA,NA,NA
M5,GiantMarsh,T1,2,b,2025-11-04,2025-12-11,2025,20.26634546,0,0,0,0,0,0,0,0,0,0,OK,December,Scarped,West.facing,"Tran
(Months 4-6)",Edge,G1-2b,2.019304038608077,1.140815615,6.2845270270270275,27.8,888,-0.04260973519962442,2.031680671373449,FALSE,61.82523742803928,2.5615527555530693,Thesis,NA,NA,NA
M5,GiantMarsh,T1,2,c,2025-11-04,2025-12-11,2025,108.467689,0,0,0,0,0,0,0,0,0,0,OK,December,Scarped,West.facing,"Tran
(Months 4-6)",Edge,G1-2c,2.0189992379984756,1.140467062,6.2845270270270275,27.8,888,-0.04260973519962442,2.031680671373449,FALSE,61.82523742803928,2.5615527555530693,Thesis,NA,NA,NA
M5,GiantMarsh,T1,24,b,2025-11-04,2025-12-11,2025,2.509815571,0,0,0,0,0,0,0,0,0,0,OK,December,Scarped,West.facing,"Tran
(Months 4-6)",Platform,G1-24b,1.9467614935229869,1.057859881,6.2845270270270275,27.8,888,-0.04127172083878872,1.9068799902442335,FALSE,61.82523742803928,2.5615527555530693,Thesis,NA,NA,NA
M5,GiantMarsh,T1,24,c,2025-11-04,2025-12-11,2025,2.506756738,0,0,0,0,0,0,0,0,0,0,OK,December,Scarped,West.facing,"Tran
(Months 4-6)",Platform,G1-24c,1.952247904495809,1.064133845,6.2845270270270275,27.8,888,-0.04127172083878872,1.9068799902442335,FALSE,61.82523742803928,2.5615527555530693,Thesis,NA,NA,NA
M5,GiantMarsh,T1,48,a,2025-11-04,2025-12-11,2025,2.174533406,0,0,0,0,0,0,0,0,0,0,OK,December,Scarped,West.facing,"Tran
(Months 4-6)",Upland,G1-48a,1.8736093472186943,0.974207041,6.2845270270270275,27.8,888,0.01939660366491094,2.0210249067405273,TRUE,61.82523742803928,2.5615527555530693,Thesis,NA,NA,NA
M5,GiantMarsh,T1,48,b,2025-11-04,2025-12-11,2025,2.084722648,0,0,0,0,0,0,0,0,0,0,OK,December,Scarped,West.facing,"Tran
(Months 4-6)",Upland,G1-48b,1.8595885191770385,0.95817358,6.2845270270270275,27.8,888,0.01939660366491094,2.0210249067405273,TRUE,61.82523742803928,2.5615527555530693,Thesis,NA,NA,NA
M5,GiantMarsh,T1,48,c,2025-11-04,2025-12-11,2025,2.708427346,0,0,0,0,0,0,0,0,0,0,OK,December,Scarped,West.facing,"Tran
(Months 4-6)",Upland,G1-48c,1.886106172212344,0.988497734,6.2845270270270275,27.8,888,0.01939660366491094,2.0210249067405273,TRUE,61.82523742803928,2.5615527555530693,Thesis,NA,NA,NA
M5,GiantMarsh,T2,0.5,a,2025-11-04,2025-12-11,2025,1.637028343,0,0,0,0,0,0,0,0,0,0,OK,December,Scarped,West.facing,"Tran
(Months 4-6)",Edge,G2-0.5a,2.0357632715265432,1.159637504,6.2845270270270275,27.8,888,1.4006969717971426e-4,2.0306872434232464,FALSE,47.44065202971936,2.141172071480484,Thesis,NA,NA,NA
M5,GiantMarsh,T2,0.5,b,2025-11-04,2025-12-11,2025,1.976261502,0,0,0,0,0,0,0,0,0,0,OK,December,Scarped,West.facing,"Tran
(Months 4-6)",Edge,G2-0.5b,2.041249682499365,1.165911467,6.2845270270270275,27.8,888,1.4006969717971426e-4,2.0306872434232464,FALSE,47.44065202971936,2.141172071480484,Thesis,NA,NA,NA
M5,GiantMarsh,T2,0.5,c,2025-11-04,2025-12-11,2025,0.257324389,0,0,0,0,0,0,0,1,0,0,Review,December,Scarped,West.facing,"Tran
(Months 4-6)",Edge,G2-0.5c,2.0519177038354077,1.17811084,6.2845270270270275,27.8,888,1.4006969717971426e-4,2.0306872434232464,FALSE,47.44065202971936,2.141172071480484,Thesis,NA,NA,NA
M5,GiantMarsh,T2,2,a,2025-11-04,2025-12-11,2025,1512.903079,0,0,0,0,0,0,0,0,0,0,OK,December,Scarped,West.facing,"Tran
(Months 4-6)",Edge,G2-2a,2.0616713233426465,1.189264552,6.2845270270270275,27.8,888,-0.01342471668837245,2.0563871851683726,FALSE,47.44065202971936,2.141172071480484,Thesis,NA,NA,NA
M5,GiantMarsh,T2,2,b,2025-11-04,2025-12-11,2025,1198.988014,0,0,0,0,0,0,0,0,0,0,OK,December,Scarped,West.facing,"Tran
(Months 4-6)",Edge,G2-2b,2.054051308102616,1.180550715,6.2845270270270275,27.8,888,-0.01342471668837245,2.0563871851683726,FALSE,47.44065202971936,2.141172071480484,Thesis,NA,NA,NA
M5,GiantMarsh,T2,2,c,2025-11-04,2025-12-11,2025,365.3041938,0,0,0,0,0,0,0,0,0,0,OK,December,Scarped,West.facing,"Tran
(Months 4-6)",Edge,G2-2c,2.0564897129794257,1.183339143,6.2845270270270275,27.8,888,-0.01342471668837245,2.0563871851683726,FALSE,47.44065202971936,2.141172071480484,Thesis,NA,NA,NA
M5,GiantMarsh,T2,6,a,2025-11-04,2025-12-11,2025,26.23264316,0,0,0,0,0,0,0,0,0,0,OK,December,Scarped,West.facing,"Tran
(Months 4-6)",Edge,G2-6a,1.9406654813309625,1.050888811,6.2845270270270275,27.8,888,-0.01255565003163208,1.9574508500756536,FALSE,47.44065202971936,2.141172071480484,Thesis,NA,NA,NA
M5,GiantMarsh,T2,6,b,2025-11-04,2025-12-11,2025,11.33132216,0,0,0,0,0,0,0,0,0,0,OK,December,Scarped,West.facing,"Tran
(Months 4-6)",Edge,G2-6b,1.9434086868173737,1.054025793,6.2845270270270275,27.8,888,-0.01255565003163208,1.9574508500756536,FALSE,47.44065202971936,2.141172071480484,Thesis,NA,NA,NA
M5,GiantMarsh,T2,6,c,2025-11-04,2025-12-11,2025,8.576842369,0,0,0,0,0,0,0,0,0,0,OK,December,Scarped,West.facing,"Tran
(Months 4-6)",Edge,G2-6c,1.9473710947421896,1.058556988,6.2845270270270275,27.8,888,-0.01255565003163208,1.9574508500756536,FALSE,47.44065202971936,2.141172071480484,Thesis,NA,NA,NA
M5,GiantMarsh,T2,24,a,2025-11-04,2025-12-11,2025,2.174278503,0,0,0,0,0,0,0,0,0,0,OK,December,Scarped,West.facing,"Tran
(Months 4-6)",Platform,G2-24a,1.9357886715773431,1.045311955,6.2845270270270275,27.8,888,4.975228131842639e-4,1.9387701875796968,FALSE,47.44065202971936,2.141172071480484,Thesis,NA,NA,NA
M5,GiantMarsh,T2,24,b,2025-11-04,2025-12-11,2025,1.876806921,0,0,0,0,0,0,0,0,0,0,OK,December,Scarped,West.facing,"Tran
(Months 4-6)",Platform,G2-24b,1.9406654813309625,1.050888811,6.2845270270270275,27.8,888,4.975228131842639e-4,1.9387701875796968,FALSE,47.44065202971936,2.141172071480484,Thesis,NA,NA,NA
M5,GiantMarsh,T2,24,c,2025-11-04,2025-12-11,2025,1.786656294,0,0,0,0,0,0,0,0,0,0,OK,December,Scarped,West.facing,"Tran
(Months 4-6)",Platform,G2-24c,1.9354838709677415,1.044963402,6.2845270270270275,27.8,888,4.975228131842639e-4,1.9387701875796968,FALSE,47.44065202971936,2.141172071480484,Thesis,NA,NA,NA
M5,GiantMarsh,T2,48,a,2025-11-04,2025-12-11,2025,2.003068781,0,0,0,0,0,0,0,0,0,0,OK,December,Scarped,West.facing,"Tran
(Months 4-6)",Upland,G2-48a,1.8733045466090932,0.973858487,6.2845270270270275,27.8,888,-0.03370930171824177,1.4800192766320546,TRUE,47.44065202971936,2.141172071480484,Thesis,NA,NA,NA
M5,GiantMarsh,T2,48,b,2025-11-04,2025-12-11,2025,1.604953072,0,0,0,0,0,0,0,0,0,0,OK,December,Scarped,West.facing,"Tran
(Months 4-6)",Upland,G2-48b,1.897078994157988,1.001045661,6.2845270270270275,27.8,888,-0.03370930171824177,1.4800192766320546,TRUE,47.44065202971936,2.141172071480484,Thesis,NA,NA,NA
M5,GiantMarsh,T2,48,c,2025-11-04,2025-12-11,2025,1.994104699,0,0,0,0,0,0,0,0,0,0,OK,December,Scarped,West.facing,"Tran
(Months 4-6)",Upland,G2-48c,1.8836677673355344,0.985709306,6.2845270270270275,27.8,888,-0.03370930171824177,1.4800192766320546,TRUE,47.44065202971936,2.141172071480484,Thesis,NA,NA,NA
M5,CorteMadera,T1,12,c,2025-11-06,2025-12-03,2025,2.528897092,0,0,0,0,0,0,0,0,0,0,OK,December,Scarped,East.facing,"Tran
(Months 4-6)",Platform,C1-12c,1.659029718059436,0.772,5.73625,24.1,648,0.0032317156537537,1.713310428434306,FALSE,72.28575074664536,2.3204339675954957,Thesis,NA,NA,NA
M5,CorteMadera,T1,24,a,2025-11-06,2025-12-03,2025,2.573434278,0,0,0,0,0,0,0,0,0,0,OK,December,Scarped,East.facing,"Tran
(Months 4-6)",Platform,C1-24a,1.7199898399796798,0.844727273,5.73625,24.1,648,-0.0028494853327859,1.7550712477688033,FALSE,72.28575074664536,2.3204339675954957,Thesis,NA,NA,NA
M5,CorteMadera,T1,24,b,2025-11-06,2025-12-03,2025,3.020552692,0,0,0,0,0,0,0,0,0,0,OK,December,Scarped,East.facing,"Tran
(Months 4-6)",Platform,C1-24b,1.7184658369316737,0.842909091,5.73625,24.1,648,-0.0028494853327859,1.7550712477688033,FALSE,72.28575074664536,2.3204339675954957,Thesis,NA,NA,NA
M5,CorteMadera,T1,24,c,2025-11-06,2025-12-03,2025,2.8563764,0,0,0,0,0,0,0,0,0,0,OK,December,Scarped,East.facing,"Tran
(Months 4-6)",Platform,C1-24c,1.7141986283972566,0.837818182,5.73625,24.1,648,-0.0028494853327859,1.7550712477688033,FALSE,72.28575074664536,2.3204339675954957,Thesis,NA,NA,NA
M5,CorteMadera,T2,0.5,a,2025-11-06,2025-12-03,2025,0.313041108,0,0,0,0,0,0,0,0,0,0,OK,December,Scarped,East.facing,"Tran
(Months 4-6)",Edge,C2-0.5a,1.621234442468885,0.726909091,5.73625,24.1,648,0.16925078293661744,1.481725221967733,FALSE,68.92888177014264,1.9959970930436297,Thesis,NA,NA,NA
M5,CorteMadera,T2,0.5,b,2025-11-06,2025-12-03,2025,0.214709988,0,0,0,0,0,0,0,0,0,0,OK,December,Scarped,East.facing,"Tran
(Months 4-6)",Edge,C2-0.5b,1.6392176784353567,0.748363636,5.73625,24.1,648,0.16925078293661744,1.481725221967733,FALSE,68.92888177014264,1.9959970930436297,Thesis,NA,NA,NA
M5,CorteMadera,T2,0.5,c,2025-11-06,2025-12-03,2025,0.257500618,0,0,0,0,0,0,0,0,0,0,OK,December,Scarped,East.facing,"Tran
(Months 4-6)",Edge,C2-0.5c,1.6495808991617982,0.760727273,5.73625,24.1,648,0.16925078293661744,1.481725221967733,FALSE,68.92888177014264,1.9959970930436297,Thesis,NA,NA,NA
M5,CorteMadera,T2,2,a,2025-11-06,2025-12-03,2025,0.388434122,0,0,0,0,0,0,0,0,0,0,OK,December,Scarped,East.facing,"Tran
(Months 4-6)",Edge,C2-2a,1.656286512573025,0.768727273,5.73625,24.1,648,0.09235576383065149,1.6757667363825983,FALSE,68.92888177014264,1.9959970930436297,Thesis,NA,NA,NA
M5,CorteMadera,T2,2,b,2025-11-06,2025-12-03,2025,0.607685157,0,0,0,0,0,0,0,0,0,0,OK,December,Scarped,East.facing,"Tran
(Months 4-6)",Edge,C2-2b,1.6544577089154178,0.766545455,5.73625,24.1,648,0.09235576383065149,1.6757667363825983,FALSE,68.92888177014264,1.9959970930436297,Thesis,NA,NA,NA
M5,CorteMadera,T2,2,c,2025-11-06,2025-12-03,2025,0.520706653,0,0,0,0,0,0,0,0,0,0,OK,December,Scarped,East.facing,"Tran
(Months 4-6)",Edge,C2-2c,1.6556769113538228,0.768,5.73625,24.1,648,0.09235576383065149,1.6757667363825983,FALSE,68.92888177014264,1.9959970930436297,Thesis,NA,NA,NA
M5,CorteMadera,T2,6,a,2025-11-06,2025-12-03,2025,1.612304344,0,0,0,0,0,0,0,0,0,0,OK,December,Scarped,East.facing,"Tran
(Months 4-6)",Edge,C2-6a,1.6623825247650494,0.776,5.73625,24.1,648,-0.00332539341534895,1.8033913358538023,FALSE,68.92888177014264,1.9959970930436297,Thesis,NA,NA,NA
M5,CorteMadera,T2,6,b,2025-11-06,2025-12-03,2025,1.452610879,0,0,0,0,0,0,0,0,0,0,OK,December,Scarped,East.facing,"Tran
(Months 4-6)",Edge,C2-6b,1.6727457454914911,0.788363636,5.73625,24.1,648,-0.00332539341534895,1.8033913358538023,FALSE,68.92888177014264,1.9959970930436297,Thesis,NA,NA,NA
M5,CorteMadera,T2,6,c,2025-11-06,2025-12-03,2025,1.26270199,0,0,0,0,0,0,0,0,0,0,OK,December,Scarped,East.facing,"Tran
(Months 4-6)",Edge,C2-6c,1.6675641351282702,0.782181818,5.73625,24.1,648,-0.00332539341534895,1.8033913358538023,FALSE,68.92888177014264,1.9959970930436297,Thesis,NA,NA,NA
M5,CorteMadera,T2,12,a,2025-11-06,2025-12-03,2025,1.226198963,0,0,0,0,0,0,0,0,0,0,OK,December,Scarped,East.facing,"Tran
(Months 4-6)",Platform,C2-12a,1.664820929641859,0.778909091,5.73625,24.1,648,-0.0058473496992098,1.752402790171007,FALSE,68.92888177014264,1.9959970930436297,Thesis,NA,NA,NA
M5,CorteMadera,T2,12,b,2025-11-06,2025-12-03,2025,1.168038638,0,0,0,0,0,0,0,0,0,0,OK,December,Scarped,East.facing,"Tran
(Months 4-6)",Platform,C2-12b,1.6651257302514604,0.779272727,5.73625,24.1,648,-0.0058473496992098,1.752402790171007,FALSE,68.92888177014264,1.9959970930436297,Thesis,NA,NA,NA
M5,CorteMadera,T2,12,c,2025-11-06,2025-12-03,2025,0.829206715,0,0,0,0,0,0,0,0,0,0,OK,December,Scarped,East.facing,"Tran
(Months 4-6)",Platform,C2-12c,1.6657353314706629,0.78,5.73625,24.1,648,-0.0058473496992098,1.752402790171007,FALSE,68.92888177014264,1.9959970930436297,Thesis,NA,NA,NA
M5,CorteMadera,T2,24,a,2025-11-06,2025-12-03,2025,4.551059982,0,0,0,0,0,0,0,0,0,0,OK,December,Scarped,East.facing,"Tran
(Months 4-6)",Platform,C2-24a,1.6794513589027176,0.796363636,5.73625,24.1,648,6.099121469114189e-4,1.74610186223484,FALSE,68.92888177014264,1.9959970930436297,Thesis,NA,NA,NA
M5,CorteMadera,T2,24,b,2025-11-06,2025-12-03,2025,3.897032864,0,0,0,0,0,0,0,0,0,0,OK,December,Scarped,East.facing,"Tran
(Months 4-6)",Platform,C2-24b,1.6843281686563372,0.802181818,5.73625,24.1,648,6.099121469114189e-4,1.74610186223484,FALSE,68.92888177014264,1.9959970930436297,Thesis,NA,NA,NA
M5,CorteMadera,T2,24,c,2025-11-06,2025-12-03,2025,5.484768983,0,0,0,0,0,0,0,0,0,0,OK,December,Scarped,East.facing,"Tran
(Months 4-6)",Platform,C2-24c,1.6751841503683007,0.791272727,5.73625,24.1,648,6.099121469114189e-4,1.74610186223484,FALSE,68.92888177014264,1.9959970930436297,Thesis,NA,NA,NA
M5,CorteMadera,T2,48,b,2025-11-06,2025-12-03,2025,2.74122012,0,0,0,0,0,0,0,0,0,0,OK,December,Scarped,East.facing,"Tran
(Months 4-6)",Upland,C2-48b,1.6821945643891287,0.799636364,5.73625,24.1,648,-0.00378424848987517,1.7284424717637423,FALSE,68.92888177014264,1.9959970930436297,Thesis,NA,NA,NA
M5,CorteMadera,T2,48,c,2025-11-06,2025-12-03,2025,2.574598649,0,0,0,0,0,0,0,0,0,0,OK,December,Scarped,East.facing,"Tran
(Months 4-6)",Upland,C2-48c,1.673050546101092,0.788727273,5.73625,24.1,648,-0.00378424848987517,1.7284424717637423,FALSE,68.92888177014264,1.9959970930436297,Thesis,NA,NA,NA
M5,SanPablo,T1,0.5,a,2025-11-03,2025-12-02,2025,1.029378128,0,0,0,0,0,0,0,0,0,0,OK,December,Ramped,South.facing,"Tran
(Months 4-6)",Edge,S1-0.5a,1.706273812547625,0.771628722,7.259090909090909,29.16,693,0.01994320045890097,1.8226043860308456,FALSE,25.333978068263427,1.1905148622217414,Thesis,NA,NA,NA
M5,SanPablo,T1,0.5,b,2025-11-03,2025-12-02,2025,0.504742727,0,0,0,0,0,0,0,0,0,0,OK,December,Ramped,South.facing,"Tran
(Months 4-6)",Edge,S1-0.5b,1.722733045466091,0.790542907,7.259090909090909,29.16,693,0.01994320045890097,1.8226043860308456,FALSE,25.333978068263427,1.1905148622217414,Thesis,NA,NA,NA
M5,SanPablo,T1,0.5,c,2025-11-03,2025-12-02,2025,1.126456545,0,0,0,0,0,0,0,0,0,0,OK,December,Ramped,South.facing,"Tran
(Months 4-6)",Edge,S1-0.5c,1.723037846075692,0.79089317,7.259090909090909,29.16,693,0.01994320045890097,1.8226043860308456,FALSE,25.333978068263427,1.1905148622217414,Thesis,NA,NA,NA
M5,SanPablo,T1,2,a,2025-11-03,2025-12-02,2025,1.699116222,0,0,0,0,0,0,0,0,0,0,OK,December,Ramped,South.facing,"Tran
(Months 4-6)",Edge,S1-2a,1.6913385826771654,0.754465849,7.259090909090909,29.16,693,0.3776886912580827,1.8192972125194615,FALSE,25.333978068263427,1.1905148622217414,Thesis,NA,NA,NA
M5,SanPablo,T1,2,b,2025-11-03,2025-12-02,2025,1.41210884,0,0,0,0,0,1,0,0,0,0,Review,December,Ramped,South.facing,"Tran
(Months 4-6)",Edge,S1-2b,1.7202946405892812,0.787740806,7.259090909090909,29.16,693,0.3776886912580827,1.8192972125194615,FALSE,25.333978068263427,1.1905148622217414,Thesis,NA,NA,NA
M5,SanPablo,T1,2,c,2025-11-03,2025-12-02,2025,0.929210112,0,0,0,0,0,1,0,0,0,0,Review,December,Ramped,South.facing,"Tran
(Months 4-6)",Edge,S1-2c,1.7550419100838202,0.827670753,7.259090909090909,29.16,693,0.3776886912580827,1.8192972125194615,FALSE,25.333978068263427,1.1905148622217414,Thesis,NA,NA,NA
M5,SanPablo,T1,6,a,2025-11-03,2025-12-02,2025,4.616997501,0,0,0,0,0,0,0,0,0,0,OK,December,Ramped,South.facing,"Tran
(Months 4-6)",Edge,S1-6a,1.8266700533401063,0.909982487,7.259090909090909,29.16,693,-0.0114628633903121,1.8447290956966944,FALSE,25.333978068263427,1.1905148622217414,Thesis,NA,NA,NA
M5,SanPablo,T1,6,b,2025-11-03,2025-12-02,2025,2.852078265,0,0,0,0,0,0,0,0,0,0,OK,December,Ramped,South.facing,"Tran
(Months 4-6)",Edge,S1-6b,1.8254508509017016,0.908581436,7.259090909090909,29.16,693,-0.0114628633903121,1.8447290956966944,FALSE,25.333978068263427,1.1905148622217414,Thesis,NA,NA,NA
M5,SanPablo,T1,6,c,2025-11-03,2025-12-02,2025,2.231882144,0,0,0,0,0,0,0,0,0,0,OK,December,Ramped,South.facing,"Tran
(Months 4-6)",Edge,S1-6c,1.83002286004572,0.913835377,7.259090909090909,29.16,693,-0.0114628633903121,1.8447290956966944,FALSE,25.333978068263427,1.1905148622217414,Thesis,NA,NA,NA
M5,SanPablo,T1,12,a,2025-11-03,2025-12-02,2025,3.913761662,0,0,0,0,0,0,0,0,0,0,OK,December,Ramped,South.facing,"Tran
(Months 4-6)",Platform,S1-12a,1.877266954533909,0.968126095,7.259090909090909,29.16,693,0.05459195462793114,1.939426772189594,FALSE,25.333978068263427,1.1905148622217414,Thesis,NA,NA,NA
M5,SanPablo,T1,12,b,2025-11-03,2025-12-02,2025,3.290963774,0,0,0,0,0,0,0,0,0,0,OK,December,Ramped,South.facing,"Tran
(Months 4-6)",Platform,S1-12b,1.889763779527559,0.982486865,7.259090909090909,29.16,693,0.05459195462793114,1.939426772189594,FALSE,25.333978068263427,1.1905148622217414,Thesis,NA,NA,NA
M5,SanPablo,T1,12,c,2025-11-03,2025-12-02,2025,4.138543458,0,0,0,0,0,0,0,0,0,0,OK,December,Ramped,South.facing,"Tran
(Months 4-6)",Platform,S1-12c,1.8851917703835408,0.977232925,7.259090909090909,29.16,693,0.05459195462793114,1.939426772189594,FALSE,25.333978068263427,1.1905148622217414,Thesis,NA,NA,NA
M5,SanPablo,T1,48,a,2025-11-03,2025-12-02,2025,8.894627068,0,0,0,0,NA,0,0,0,0,0,OK,December,Ramped,South.facing,"Tran
(Months 4-6)",Upland,S1-48a,2.013208026416053,1.124343257,7.259090909090909,29.16,693,-0.00126515639596243,2.068042486947528,FALSE,25.333978068263427,1.1905148622217414,Thesis,NA,NA,NA
M5,SanPablo,T1,48,b,2025-11-03,2025-12-02,2025,13.33465023,0,0,0,0,NA,0,0,0,0,0,OK,December,Ramped,South.facing,"Tran
(Months 4-6)",Upland,S1-48b,2.0159512319024637,1.127495622,7.259090909090909,29.16,693,-0.00126515639596243,2.068042486947528,FALSE,25.333978068263427,1.1905148622217414,Thesis,NA,NA,NA
M5,SanPablo,T1,48,c,2025-11-03,2025-12-02,2025,12.44777303,0,0,0,0,NA,0,0,0,0,0,OK,December,Ramped,South.facing,"Tran
(Months 4-6)",Upland,S1-48c,2.0144272288544576,1.125744308,7.259090909090909,29.16,693,-0.00126515639596243,2.068042486947528,FALSE,25.333978068263427,1.1905148622217414,Thesis,NA,NA,NA
M5,SanPablo,T2,0.5,a,2025-11-03,2025-12-02,2025,0.801940361,0,0,0,0,NA,0,0,0,0,0,OK,December,Ramped,South.facing,"Tran
(Months 4-6)",Edge,S2-0.5a,1.727305054610109,0.795796848,7.259090909090909,29.16,693,0.01304185246874274,1.9776110105035407,FALSE,35.97380842326667,1.4533466871480498,Thesis,NA,NA,NA
M5,SanPablo,T2,0.5,b,2025-11-03,2025-12-02,2025,1.013496511,0,0,0,0,NA,0,0,0,0,0,OK,December,Ramped,South.facing,"Tran
(Months 4-6)",Edge,S2-0.5b,1.7297434594869188,0.798598949,7.259090909090909,29.16,693,0.01304185246874274,1.9776110105035407,FALSE,35.97380842326667,1.4533466871480498,Thesis,NA,NA,NA
M5,SanPablo,T2,0.5,c,2025-11-03,2025-12-02,2025,0.842918186,0,0,0,0,NA,0,0,0,0,0,OK,December,Ramped,South.facing,"Tran
(Months 4-6)",Edge,S2-0.5c,1.721818643637287,0.789492119,7.259090909090909,29.16,693,0.01304185246874274,1.9776110105035407,FALSE,35.97380842326667,1.4533466871480498,Thesis,NA,NA,NA
M5,SanPablo,T2,2,b,2025-11-03,2025-12-02,2025,1.469130892,0,0,0,0,NA,0,0,0,0,0,OK,December,Ramped,South.facing,"Tran
(Months 4-6)",Edge,S2-2b,1.751993903987808,0.824168126,7.259090909090909,29.16,693,0.01154246712137735,1.9960940502981117,FALSE,35.97380842326667,1.4533466871480498,Thesis,NA,NA,NA
M5,SanPablo,T2,2,c,2025-11-03,2025-12-02,2025,1.027372599,0,0,0,0,NA,0,0,0,0,0,OK,December,Ramped,South.facing,"Tran
(Months 4-6)",Edge,S2-2c,1.750469900939802,0.822416813,7.259090909090909,29.16,693,0.01154246712137735,1.9960940502981117,FALSE,35.97380842326667,1.4533466871480498,Thesis,NA,NA,NA
M5,SanPablo,T2,6,a,2025-11-03,2025-12-02,2025,4.025420813,0,0,0,0,NA,0,0,0,0,0,OK,December,Ramped,South.facing,"Tran
(Months 4-6)",Edge,S2-6a,1.8239268478536956,0.906830123,7.259090909090909,29.16,693,0.00730802606089925,2.0337458535335737,FALSE,35.97380842326667,1.4533466871480498,Thesis,NA,NA,NA
M5,SanPablo,T2,6,b,2025-11-03,2025-12-02,2025,3.285706037,0,0,0,0,NA,0,0,0,0,0,OK,December,Ramped,South.facing,"Tran
(Months 4-6)",Edge,S2-6b,1.8135636271272544,0.894921191,7.259090909090909,29.16,693,0.00730802606089925,2.0337458535335737,FALSE,35.97380842326667,1.4533466871480498,Thesis,NA,NA,NA
M5,SanPablo,T2,6,c,2025-11-03,2025-12-02,2025,4.036315711,0,0,0,0,NA,0,0,0,0,0,OK,December,Ramped,South.facing,"Tran
(Months 4-6)",Edge,S2-6c,1.8083820167640337,0.888966725,7.259090909090909,29.16,693,0.00730802606089925,2.0337458535335737,FALSE,35.97380842326667,1.4533466871480498,Thesis,NA,NA,NA
M5,SanPablo,T2,12,a,2025-11-03,2025-12-02,2025,5.737600072,0,0,0,0,NA,0,0,0,0,0,OK,December,Ramped,South.facing,"Tran
(Months 4-6)",Platform,S2-12a,1.899517399034798,0.993695271,7.259090909090909,29.16,693,7.536119889995986e-4,2.059116795755984,FALSE,35.97380842326667,1.4533466871480498,Thesis,NA,NA,NA
M5,SanPablo,T2,12,b,2025-11-03,2025-12-02,2025,3.732722067,0,0,0,0,NA,0,0,0,0,0,OK,December,Ramped,South.facing,"Tran
(Months 4-6)",Platform,S2-12b,1.8912877825755652,0.984238179,7.259090909090909,29.16,693,7.536119889995986e-4,2.059116795755984,FALSE,35.97380842326667,1.4533466871480498,Thesis,NA,NA,NA
M5,SanPablo,T2,12,c,2025-11-03,2025-12-02,2025,4.637323803,0,0,0,0,NA,0,0,0,0,0,OK,December,Ramped,South.facing,"Tran
(Months 4-6)",Platform,S2-12c,1.8836677673355344,0.975481611,7.259090909090909,29.16,693,7.536119889995986e-4,2.059116795755984,FALSE,35.97380842326667,1.4533466871480498,Thesis,NA,NA,NA
M5,SanPablo,T2,48,a,2025-11-03,2025-12-02,2025,3.851265059,0,0,0,0,0,0,0,0,0,0,OK,December,Ramped,South.facing,"Tran
(Months 4-6)",Upland,S2-48a,2.0138176276352553,1.125043783,7.259090909090909,29.16,693,0.00473019341500792,2.0664739570769344,FALSE,35.97380842326667,1.4533466871480498,Thesis,NA,NA,NA
M5,SanPablo,T2,48,b,2025-11-03,2025-12-02,2025,11.24716614,0,0,0,0,0,1,0,0,0,0,Review,December,Ramped,South.facing,"Tran
(Months 4-6)",Upland,S2-48b,2.022961645923292,1.135551664,7.259090909090909,29.16,693,0.00473019341500792,2.0664739570769344,FALSE,35.97380842326667,1.4533466871480498,Thesis,NA,NA,NA
M5,SanPablo,T2,48,c,2025-11-03,2025-12-02,2025,13.02292607,0,0,0,0,0,0,0,0,0,0,OK,December,Ramped,South.facing,"Tran
(Months 4-6)",Upland,S2-48c,2.0205232410464817,1.132749562,7.259090909090909,29.16,693,0.00473019341500792,2.0664739570769344,FALSE,35.97380842326667,1.4533466871480498,Thesis,NA,NA,NA
M5,SanPablo,T1,18,a,2025-11-03,2025-12-02,2025,3.657216631,0,0,0,0,0,0,0,0,0,0,OK,December,Ramped,South.facing,"Tran
(Months 4-6)",Platform,S1-18a,1.9778511557023113,1.083712785,7.259090909090909,29.16,693,0.02400136488500243,2.068566284857941,FALSE,25.333978068263427,1.1905148622217414,Thesis,NA,NA,NA
M5,SanPablo,T1,18,b,2025-11-03,2025-12-02,2025,3.517859506,0,0,0,0,0,0,0,0,0,0,OK,December,Ramped,South.facing,"Tran
(Months 4-6)",Platform,S1-18b,1.9882143764287528,1.095621716,7.259090909090909,29.16,693,0.02400136488500243,2.068566284857941,FALSE,25.333978068263427,1.1905148622217414,Thesis,NA,NA,NA
M5,SanPablo,T1,18,c,2025-11-03,2025-12-02,2025,2.28787433,1,0,0,0,0,0,0,0,0,0,Review,December,Ramped,South.facing,"Tran
(Months 4-6)",Platform,S1-18c,1.9918719837439671,1.099824869,7.259090909090909,29.16,693,0.02400136488500243,2.068566284857941,FALSE,25.333978068263427,1.1905148622217414,Thesis,NA,NA,NA
M5,SanPablo,T2,18,a,2025-11-03,2025-12-02,2025,4.296600781,0,0,0,0,0,0,0,0,0,0,OK,December,Ramped,South.facing,"Tran
(Months 4-6)",Platform,S2-18a,1.9677927355854712,1.072154116,7.259090909090909,29.16,693,-0.00193388038167319,2.053170271773423,FALSE,35.97380842326667,1.4533466871480498,Thesis,NA,NA,NA
M5,SanPablo,T2,18,b,2025-11-03,2025-12-02,2025,4.351237881,0,0,0,0,0,0,0,0,0,0,OK,December,Ramped,South.facing,"Tran
(Months 4-6)",Platform,S2-18b,1.9677927355854712,1.072154116,7.259090909090909,29.16,693,-0.00193388038167319,2.053170271773423,FALSE,35.97380842326667,1.4533466871480498,Thesis,NA,NA,NA
M5,SanPablo,T2,18,c,2025-11-03,2025-12-02,2025,2.421865311,0,0,0,0,0,0,0,0,0,0,OK,December,Ramped,South.facing,"Tran
(Months 4-6)",Platform,S2-18c,1.9613919227838457,1.064798599,7.259090909090909,29.16,693,-0.00193388038167319,2.053170271773423,FALSE,35.97380842326667,1.4533466871480498,Thesis,NA,NA,NA
M5,GiantMarsh,T1,18,a,2025-11-04,2025-12-11,2025,12.55566285,0,0,0,0,0,0,0,0,0,0,OK,December,Scarped,West.facing,"Tran
(Months 4-6)",Platform,G1-18a,1.958039116078232,1.070756361,6.2845270270270275,27.8,888,-4.8566594081641705e-4,1.9478622938935235,FALSE,61.82523742803928,2.5615527555530693,Thesis,NA,NA,NA
M5,GiantMarsh,T1,18,b,2025-11-04,2025-12-11,2025,11.23352444,0,0,0,0,0,0,0,0,0,0,OK,December,Scarped,West.facing,"Tran
(Months 4-6)",Platform,G1-18b,1.94005588011176,1.050191704,6.2845270270270275,27.8,888,-4.8566594081641705e-4,1.9478622938935235,FALSE,61.82523742803928,2.5615527555530693,Thesis,NA,NA,NA
M5,GiantMarsh,T1,18,c,2025-11-04,2025-12-11,2025,18.00794903,0,0,0,0,0,0,0,0,1,0,Review,December,Scarped,West.facing,"Tran
(Months 4-6)",Platform,G1-18c,1.9348742697485393,1.044266295,6.2845270270270275,27.8,888,-4.8566594081641705e-4,1.9478622938935235,FALSE,61.82523742803928,2.5615527555530693,Thesis,NA,NA,NA
M5,Buck'sLanding,T2,18,a,2025-11-15,2025-12-12,2025,16.01207889,0,0,0,0,0,0,0,0,0,0,OK,December,Ramped,East.facing,"Tran
(Months 4-6)",Platform,B2-18a,1.8312420624841248,0.949044586,6.697808641975309,24.1,648,-0.01547712531206526,1.9112682741845783,FALSE,29.104492140178493,1.2333122768097955,Thesis,NA,NA,NA
M5,Buck'sLanding,T2,18,b,2025-11-15,2025-12-12,2025,16.316329,0,0,0,0,0,0,0,0,0,0,OK,December,Ramped,East.facing,"Tran
(Months 4-6)",Platform,B2-18b,1.8269748539497075,0.944090587,6.697808641975309,24.1,648,-0.01547712531206526,1.9112682741845783,FALSE,29.104492140178493,1.2333122768097955,Thesis,NA,NA,NA
M5,Buck'sLanding,T2,18,c,2025-11-15,2025-12-12,2025,15.8469711,0,0,0,0,0,0,0,0,0,0,OK,December,Ramped,East.facing,"Tran
(Months 4-6)",Platform,B2-18c,1.8403860807721617,0.959660297,6.697808641975309,24.1,648,-0.01547712531206526,1.9112682741845783,FALSE,29.104492140178493,1.2333122768097955,Thesis,NA,NA,NA
M5,CorteMadera,T1,18,a,2025-11-06,2025-12-03,2025,2.910810738,0,0,0,0,0,0,0,0,0,0,OK,December,Scarped,East.facing,"Tran
(Months 4-6)",Platform,C1-18a,1.679756159512319,0.796727273,5.73625,24.1,648,0.00523615127262157,1.741810125322371,FALSE,72.28575074664536,2.3204339675954957,Thesis,NA,NA,NA
M5,CorteMadera,T1,18,b,2025-11-06,2025-12-03,2025,5.056920907,0,0,0,0,0,0,0,0,0,0,OK,December,Scarped,East.facing,"Tran
(Months 4-6)",Platform,C1-18b,1.6696977393954786,0.784727273,5.73625,24.1,648,0.00523615127262157,1.741810125322371,FALSE,72.28575074664536,2.3204339675954957,Thesis,NA,NA,NA
M5,CorteMadera,T1,18,c,2025-11-06,2025-12-03,2025,3.825540493,0,0,0,0,0,0,0,0,0,0,OK,December,Scarped,East.facing,"Tran
(Months 4-6)",Platform,C1-18c,1.671526543053086,0.786909091,5.73625,24.1,648,0.00523615127262157,1.741810125322371,FALSE,72.28575074664536,2.3204339675954957,Thesis,NA,NA,NA
M5,CorteMadera,T2,18,a,2025-11-06,2025-12-03,2025,2.533339167,0,0,0,0,0,0,0,1,0,0,Review,December,Scarped,East.facing,"Tran
(Months 4-6)",Platform,C2-18a,1.6623825247650494,0.776,5.73625,24.1,648,5.42879874173271e-4,1.7467200155303768,FALSE,68.92888177014264,1.9959970930436297,Thesis,NA,NA,NA
M5,CorteMadera,T2,18,b,2025-11-06,2025-12-03,2025,2.705939683,0,0,0,0,0,0,0,1,0,0,Review,December,Scarped,East.facing,"Tran
(Months 4-6)",Platform,C2-18b,1.6672593345186688,0.781818182,5.73625,24.1,648,5.42879874173271e-4,1.7467200155303768,FALSE,68.92888177014264,1.9959970930436297,Thesis,NA,NA,NA
M5,CorteMadera,T2,18,c,2025-11-06,2025-12-03,2025,2.310810428,0,0,0,0,0,0,0,1,0,0,Review,December,Scarped,East.facing,"Tran
(Months 4-6)",Platform,C2-18c,1.6773177546355091,0.793818182,5.73625,24.1,648,5.42879874173271e-4,1.7467200155303768,FALSE,68.92888177014264,1.9959970930436297,Thesis,NA,NA,NA
M6,Buck'sLanding,T1,0.5,a,2025-12-12,2026-01-22,2025,1.808874286,0,0,0,0,0,0,0,0,0,0,OK,January,Ramped,East.facing,"Tran
(Months 4-6)",Edge,B1-0.5a,1.6544577089154178,0.743807502,7.43756345177665,29.94,985,0.17785756524338506,1.7010695502979745,FALSE,34.89580532666493,1.2246004538785733,Thesis,NA,NA,NA
M6,Buck'sLanding,T1,0.5,b,2025-12-12,2026-01-22,2025,0.794998351,0,0,0,0,0,0,0,0,0,0,OK,January,Ramped,East.facing,"Tran
(Months 4-6)",Edge,B1-0.5b,1.6599441198882396,0.750176929,7.43756345177665,29.94,985,0.17785756524338506,1.7010695502979745,FALSE,34.89580532666493,1.2246004538785733,Thesis,NA,NA,NA
M6,Buck'sLanding,T1,0.5,c,2025-12-12,2026-01-22,2025,0.660504996,0,0,0,0,0,0,0,0,0,0,OK,January,Ramped,East.facing,"Tran
(Months 4-6)",Edge,B1-0.5c,1.6611633223266449,0.751592357,7.43756345177665,29.94,985,0.17785756524338506,1.7010695502979745,FALSE,34.89580532666493,1.2246004538785733,Thesis,NA,NA,NA
M6,Buck'sLanding,T1,2,a,2025-12-12,2026-01-22,2025,0.529768866,0,0,0,0,0,0,0,0,0,0,OK,January,Ramped,East.facing,"Tran
(Months 4-6)",Edge,B1-2a,1.7718059436118871,0.880042463,7.43756345177665,29.94,985,0.02968375936655274,1.858339098018449,FALSE,34.89580532666493,1.2246004538785733,Thesis,NA,NA,NA
M6,Buck'sLanding,T1,2,b,2025-12-12,2026-01-22,2025,0.541155561,0,0,0,0,0,0,0,0,0,0,OK,January,Ramped,East.facing,"Tran
(Months 4-6)",Edge,B1-2b,1.7794259588519177,0.888888889,7.43756345177665,29.94,985,0.02968375936655274,1.858339098018449,FALSE,34.89580532666493,1.2246004538785733,Thesis,NA,NA,NA
M6,Buck'sLanding,T1,2,c,2025-12-12,2026-01-22,2025,0.840966861,0,0,0,0,0,0,0,0,0,0,OK,January,Ramped,East.facing,"Tran
(Months 4-6)",Edge,B1-2c,1.7669291338582676,0.87438075,7.43756345177665,29.94,985,0.02968375936655274,1.858339098018449,FALSE,34.89580532666493,1.2246004538785733,Thesis,NA,NA,NA
M6,Buck'sLanding,T1,6,a,2025-12-12,2026-01-22,2025,2.82796433,0,0,0,0,0,0,0,0,0,0,OK,January,Ramped,East.facing,"Tran
(Months 4-6)",Edge,B1-6a,1.8138684277368553,0.928874735,7.43756345177665,29.94,985,0.01104286813360896,1.8720950223241668,FALSE,34.89580532666493,1.2246004538785733,Thesis,NA,NA,NA
M6,Buck'sLanding,T1,6,b,2025-12-12,2026-01-22,2025,2.962035956,0,0,0,0,0,0,0,0,0,0,OK,January,Ramped,East.facing,"Tran
(Months 4-6)",Edge,B1-6b,1.806248412496825,0.920028309,7.43756345177665,29.94,985,0.01104286813360896,1.8720950223241668,FALSE,34.89580532666493,1.2246004538785733,Thesis,NA,NA,NA
M6,Buck'sLanding,T1,6,c,2025-12-12,2026-01-22,2025,3.38119669,0,0,0,0,0,0,0,0,0,0,OK,January,Ramped,East.facing,"Tran
(Months 4-6)",Edge,B1-6c,1.8053340106680211,0.918966737,7.43756345177665,29.94,985,0.01104286813360896,1.8720950223241668,FALSE,34.89580532666493,1.2246004538785733,Thesis,NA,NA,NA
M6,Buck'sLanding,T1,12,a,2025-12-12,2026-01-22,2025,2.284546765,0,0,0,0,0,0,0,0,0,0,OK,January,Ramped,East.facing,"Tran
(Months 4-6)",Platform,B1-12a,1.8483108966217932,0.96886058,7.43756345177665,29.94,985,-0.00172583812482088,1.8663152905950524,FALSE,34.89580532666493,1.2246004538785733,Thesis,NA,NA,NA
M6,Buck'sLanding,T1,12,b,2025-12-12,2026-01-22,2025,3.501159548,0,0,0,0,0,0,0,0,0,0,OK,January,Ramped,East.facing,"Tran
(Months 4-6)",Platform,B1-12b,1.8461772923545847,0.966383581,7.43756345177665,29.94,985,-0.00172583812482088,1.8663152905950524,FALSE,34.89580532666493,1.2246004538785733,Thesis,NA,NA,NA
M6,Buck'sLanding,T1,12,c,2025-12-12,2026-01-22,2025,2.800091848,0,0,0,0,0,0,0,0,0,0,OK,January,Ramped,East.facing,"Tran
(Months 4-6)",Platform,B1-12c,1.8428244856489713,0.962491154,7.43756345177665,29.94,985,-0.00172583812482088,1.8663152905950524,FALSE,34.89580532666493,1.2246004538785733,Thesis,NA,NA,NA
M6,Buck'sLanding,T1,18,a,2025-12-12,2026-01-22,2025,4.187620075,0,0,0,0,0,0,0,0,0,0,OK,January,Ramped,East.facing,"Tran
(Months 4-6)",Platform,B1-18a,1.8736093472186943,0.998230715,7.43756345177665,29.94,985,-0.02221947652684898,1.8408866750284556,FALSE,34.89580532666493,1.2246004538785733,Thesis,NA,NA,NA
M6,Buck'sLanding,T1,18,b,2025-12-12,2026-01-22,2025,3.511932819,0,0,0,0,0,0,0,0,0,0,OK,January,Ramped,East.facing,"Tran
(Months 4-6)",Platform,B1-18b,1.8745237490474984,0.999292286,7.43756345177665,29.94,985,-0.02221947652684898,1.8408866750284556,FALSE,34.89580532666493,1.2246004538785733,Thesis,NA,NA,NA
M6,Buck'sLanding,T1,18,c,2025-12-12,2026-01-22,2025,2.435640925,0,0,0,0,1,0,0,0,0,0,Review,January,Ramped,East.facing,"Tran
(Months 4-6)",Platform,B1-18c,1.8806197612395223,1.006369427,7.43756345177665,29.94,985,-0.02221947652684898,1.8408866750284556,FALSE,34.89580532666493,1.2246004538785733,Thesis,NA,NA,NA
M6,Buck'sLanding,T1,24,a,2025-12-12,2026-01-22,2025,1.845296375,0,0,0,0,0,0,0,0,0,0,OK,January,Ramped,East.facing,"Tran
(Months 4-6)",Platform,B1-24a,1.8641605283210565,0.987261146,7.43756345177665,29.94,985,0.02688120789993156,1.8505249450567665,FALSE,34.89580532666493,1.2246004538785733,Thesis,NA,NA,NA
M6,Buck'sLanding,T1,24,b,2025-12-12,2026-01-22,2025,2.966151013,1,0,0,0,0,0,0,0,0,0,Review,January,Ramped,East.facing,"Tran
(Months 4-6)",Platform,B1-24b,1.869037338074676,0.992922859,7.43756345177665,29.94,985,0.02688120789993156,1.8505249450567665,FALSE,34.89580532666493,1.2246004538785733,Thesis,NA,NA,NA
M6,Buck'sLanding,T1,24,c,2025-12-12,2026-01-22,2025,1.778816478,0,0,0,0,0,0,0,0,0,0,OK,January,Ramped,East.facing,"Tran
(Months 4-6)",Platform,B1-24c,1.8714757429514857,0.995753715,7.43756345177665,29.94,985,0.02688120789993156,1.8505249450567665,FALSE,34.89580532666493,1.2246004538785733,Thesis,NA,NA,NA
M6,Buck'sLanding,T1,48,a,2025-12-12,2026-01-22,2025,1.565076325,0,0,0,0,0,0,0,0,0,0,OK,January,Ramped,East.facing,"Tran
(Months 4-6)",Upland,B1-48a,1.856845313690627,0.978768577,7.43756345177665,29.94,985,0.00709242883196758,1.921341208364329,TRUE,34.89580532666493,1.2246004538785733,Thesis,NA,NA,NA
M6,Buck'sLanding,T1,48,b,2025-12-12,2026-01-22,2025,1.615492164,0,0,0,0,0,0,0,0,0,0,OK,January,Ramped,East.facing,"Tran
(Months 4-6)",Upland,B1-48b,1.850749301498603,0.971691437,7.43756345177665,29.94,985,0.00709242883196758,1.921341208364329,TRUE,34.89580532666493,1.2246004538785733,Thesis,NA,NA,NA
M6,Buck'sLanding,T1,48,c,2025-12-12,2026-01-22,2025,1.93339949,0,0,0,0,0,0,0,0,0,0,OK,January,Ramped,East.facing,"Tran
(Months 4-6)",Upland,B1-48c,1.8516637033274064,0.972753008,7.43756345177665,29.94,985,0.00709242883196758,1.921341208364329,TRUE,34.89580532666493,1.2246004538785733,Thesis,NA,NA,NA
M6,Buck'sLanding,T2,0.5,a,2025-12-12,2026-01-22,2025,1.901539747,0,0,0,0,0,0,0,0,0,0,OK,January,Ramped,East.facing,"Tran
(Months 4-6)",Edge,B2-0.5a,1.6338836677673354,0.7199221515,7.43756345177665,29.94,985,-4.902368587095996e-4,1.8307718827004935,FALSE,29.104492140178493,1.2333122768097955,Thesis,NA,NA,NA
M6,Buck'sLanding,T2,0.5,b,2025-12-12,2026-01-22,2025,0.839126587,0,0,0,0,0,0,0,0,0,0,OK,January,Ramped,East.facing,"Tran
(Months 4-6)",Edge,B2-0.5b,1.6431800863601729,0.730714791,7.43756345177665,29.94,985,-4.902368587095996e-4,1.8307718827004935,FALSE,29.104492140178493,1.2333122768097955,Thesis,NA,NA,NA
M6,Buck'sLanding,T2,0.5,c,2025-12-12,2026-01-22,2025,1.127819564,0,0,0,0,0,0,0,0,0,0,OK,January,Ramped,East.facing,"Tran
(Months 4-6)",Edge,B2-0.5c,1.6407416814833629,0.727883935,7.43756345177665,29.94,985,-4.902368587095996e-4,1.8307718827004935,FALSE,29.104492140178493,1.2333122768097955,Thesis,NA,NA,NA
M6,Buck'sLanding,T2,2,a,2025-12-12,2026-01-22,2025,0.612197804,0,0,0,0,0,0,0,0,0,0,OK,January,Ramped,East.facing,"Tran
(Months 4-6)",Edge,B2-2a,1.773329946659893,0.881811748,7.43756345177665,29.94,985,0.00879335684428583,1.8375292375952912,FALSE,29.104492140178493,1.2333122768097955,Thesis,NA,NA,NA
M6,Buck'sLanding,T2,2,b,2025-12-12,2026-01-22,2025,0.384578919,0,0,0,0,0,0,0,0,0,0,OK,January,Ramped,East.facing,"Tran
(Months 4-6)",Edge,B2-2b,1.7654051308102614,0.872611465,7.43756345177665,29.94,985,0.00879335684428583,1.8375292375952912,FALSE,29.104492140178493,1.2333122768097955,Thesis,NA,NA,NA
M6,Buck'sLanding,T2,2,c,2025-12-12,2026-01-22,2025,0.487825956,0,0,0,0,0,0,0,0,0,0,OK,January,Ramped,East.facing,"Tran
(Months 4-6)",Edge,B2-2c,1.7696723393446787,0.877565464,7.43756345177665,29.94,985,0.00879335684428583,1.8375292375952912,FALSE,29.104492140178493,1.2333122768097955,Thesis,NA,NA,NA
M6,Buck'sLanding,T2,6,a,2025-12-12,2026-01-22,2025,3.954978775,0,0,0,0,0,0,0,0,0,0,OK,January,Ramped,East.facing,"Tran
(Months 4-6)",Edge,B2-6a,1.843738887477775,0.963552725,7.43756345177665,29.94,985,0.01218461482376672,1.894739035630732,FALSE,29.104492140178493,1.2333122768097955,Thesis,NA,NA,NA
M6,Buck'sLanding,T2,6,b,2025-12-12,2026-01-22,2025,3.805111464,0,0,0,0,0,0,0,0,0,0,OK,January,Ramped,East.facing,"Tran
(Months 4-6)",Edge,B2-6b,1.8394716789433576,0.958598726,7.43756345177665,29.94,985,0.01218461482376672,1.894739035630732,FALSE,29.104492140178493,1.2333122768097955,Thesis,NA,NA,NA
M6,Buck'sLanding,T2,6,c,2025-12-12,2026-01-22,2025,7.137924284,0,0,0,0,0,0,0,0,0,0,OK,January,Ramped,East.facing,"Tran
(Months 4-6)",Edge,B2-6c,1.8376428752857503,0.956475584,7.43756345177665,29.94,985,0.01218461482376672,1.894739035630732,FALSE,29.104492140178493,1.2333122768097955,Thesis,NA,NA,NA
M6,Buck'sLanding,T2,12,a,2025-12-12,2026-01-22,2025,6.004315525,0,0,0,0,0,0,0,0,0,0,OK,January,Ramped,East.facing,"Tran
(Months 4-6)",Platform,B2-12a,1.84008128016256,0.95930644,7.43756345177665,29.94,985,0.02661783367146161,1.8694116559719185,FALSE,29.104492140178493,1.2333122768097955,Thesis,NA,NA,NA
M6,Buck'sLanding,T2,12,b,2025-12-12,2026-01-22,2025,7.219049695,0,0,0,0,0,0,0,0,0,0,OK,January,Ramped,East.facing,"Tran
(Months 4-6)",Platform,B2-12b,1.835814071628143,0.954352442,7.43756345177665,29.94,985,0.02661783367146161,1.8694116559719185,FALSE,29.104492140178493,1.2333122768097955,Thesis,NA,NA,NA
M6,Buck'sLanding,T2,12,c,2025-12-12,2026-01-22,2025,5.150773459,1,0,0,0,0,0,0,0,0,0,Review,January,Ramped,East.facing,"Tran
(Months 4-6)",Platform,B2-12c,1.822098044196088,0.938428875,7.43756345177665,29.94,985,0.02661783367146161,1.8694116559719185,FALSE,29.104492140178493,1.2333122768097955,Thesis,NA,NA,NA
M6,Buck'sLanding,T2,18,a,2025-12-12,2026-01-22,2025,4.178955451,0,0,0,0,0,0,0,0,0,0,OK,January,Ramped,East.facing,"Tran
(Months 4-6)",Platform,B2-18a,1.8312420624841248,0.949044586,7.43756345177665,29.94,985,-0.01547712531206526,1.9112682741845783,FALSE,29.104492140178493,1.2333122768097955,Thesis,NA,NA,NA
M6,Buck'sLanding,T2,18,b,2025-12-12,2026-01-22,2025,4.737325242,0,0,0,0,0,0,0,0,0,0,OK,January,Ramped,East.facing,"Tran
(Months 4-6)",Platform,B2-18b,1.8269748539497075,0.944090587,7.43756345177665,29.94,985,-0.01547712531206526,1.9112682741845783,FALSE,29.104492140178493,1.2333122768097955,Thesis,NA,NA,NA
M6,Buck'sLanding,T2,18,c,2025-12-12,2026-01-22,2025,3.220862821,0,0,0,0,1,0,0,0,0,0,Review,January,Ramped,East.facing,"Tran
(Months 4-6)",Platform,B2-18c,1.8403860807721617,0.959660297,7.43756345177665,29.94,985,-0.01547712531206526,1.9112682741845783,FALSE,29.104492140178493,1.2333122768097955,Thesis,NA,NA,NA
M6,Buck'sLanding,T2,24,a,2025-12-12,2026-01-22,2025,3.08138539,0,0,0,0,0,0,0,0,0,0,OK,January,Ramped,East.facing,"Tran
(Months 4-6)",Platform,B2-24a,1.8266700533401063,0.94373673,7.43756345177665,29.94,985,0.01213652588304522,1.8589100935344456,FALSE,29.104492140178493,1.2333122768097955,Thesis,NA,NA,NA
M6,Buck'sLanding,T2,24,b,2025-12-12,2026-01-22,2025,3.626681568,0,0,0,0,0,0,0,0,0,0,OK,January,Ramped,East.facing,"Tran
(Months 4-6)",Platform,B2-24b,1.8294132588265175,0.946921444,7.43756345177665,29.94,985,0.01213652588304522,1.8589100935344456,FALSE,29.104492140178493,1.2333122768097955,Thesis,NA,NA,NA
M6,Buck'sLanding,T2,24,c,2025-12-12,2026-01-22,2025,4.315059046,0,0,0,0,0,0,0,0,0,0,OK,January,Ramped,East.facing,"Tran
(Months 4-6)",Platform,B2-24c,1.8446532893065783,0.964614296,7.43756345177665,29.94,985,0.01213652588304522,1.8589100935344456,FALSE,29.104492140178493,1.2333122768097955,Thesis,NA,NA,NA
M6,Buck'sLanding,T2,48,a,2025-12-12,2026-01-22,2025,4.125204116,0,0,0,0,0,0,0,0,0,0,OK,January,Ramped,East.facing,"Tran
(Months 4-6)",Upland,B2-48a,1.8416052832105665,0.961075725,7.43756345177665,29.94,985,-0.02376690670714356,1.4953854337338937,TRUE,29.104492140178493,1.2333122768097955,Thesis,NA,NA,NA
M6,Buck'sLanding,T2,48,b,2025-12-12,2026-01-22,2025,5.318890153,0,0,0,0,0,0,0,0,0,0,OK,January,Ramped,East.facing,"Tran
(Months 4-6)",Upland,B2-48b,1.8525781051562105,0.973814579,7.43756345177665,29.94,985,-0.02376690670714356,1.4953854337338937,TRUE,29.104492140178493,1.2333122768097955,Thesis,NA,NA,NA
M6,Buck'sLanding,T2,48,c,2025-12-12,2026-01-22,2025,5.013136302,0,0,0,0,0,0,0,0,0,0,OK,January,Ramped,East.facing,"Tran
(Months 4-6)",Upland,B2-48c,1.849530099060198,0.970276008,7.43756345177665,29.94,985,-0.02376690670714356,1.4953854337338937,TRUE,29.104492140178493,1.2333122768097955,Thesis,NA,NA,NA
M6,GiantMarsh,T1,2,a,2025-12-11,2026-01-23,2025,0.070004414,0,0,0,0,1,0,0,0,0,0,Review,January,Scarped,West.facing,"Tran
(Months 4-6)",Edge,G1-2a,2.0183896367792733,1.139769955,7.42486931268151,29.94,1033,-0.04260973519962442,2.031680671373449,FALSE,61.82523742803928,2.5615527555530693,Thesis,NA,NA,NA
M6,GiantMarsh,T1,2,b,2025-12-11,2026-01-23,2025,1.92729645,0,0,0,0,0,0,0,0,0,0,OK,January,Scarped,West.facing,"Tran
(Months 4-6)",Edge,G1-2b,2.019304038608077,1.140815615,7.42486931268151,29.94,1033,-0.04260973519962442,2.031680671373449,FALSE,61.82523742803928,2.5615527555530693,Thesis,NA,NA,NA
M6,GiantMarsh,T1,2,c,2025-12-11,2026-01-23,2025,0.339603657,0,0,0,0,0,0,0,0,0,0,OK,January,Scarped,West.facing,"Tran
(Months 4-6)",Edge,G1-2c,2.0189992379984756,1.140467062,7.42486931268151,29.94,1033,-0.04260973519962442,2.031680671373449,FALSE,61.82523742803928,2.5615527555530693,Thesis,NA,NA,NA
M6,GiantMarsh,T1,6,a,2025-12-11,2026-01-23,2025,1.839562459,0,0,0,0,1,0,0,0,0,0,Review,January,Scarped,West.facing,"Tran
(Months 4-6)",Edge,G1-6a,1.9723647447294896,1.087138376,7.42486931268151,29.94,1033,-0.020943234262624,1.9647297866186124,FALSE,61.82523742803928,2.5615527555530693,Thesis,NA,NA,NA
M6,GiantMarsh,T1,6,b,2025-12-11,2026-01-23,2025,2.677239295,0,0,0,0,1,0,0,0,0,0,Review,January,Scarped,West.facing,"Tran
(Months 4-6)",Edge,G1-6b,1.9793751587503172,1.095155106,7.42486931268151,29.94,1033,-0.020943234262624,1.9647297866186124,FALSE,61.82523742803928,2.5615527555530693,Thesis,NA,NA,NA
M6,GiantMarsh,T1,6,c,2025-12-11,2026-01-23,2025,2.290953843,0,0,0,0,1,0,0,0,0,0,Review,January,Scarped,West.facing,"Tran
(Months 4-6)",Edge,G1-6c,1.9763271526543051,1.091669571,7.42486931268151,29.94,1033,-0.020943234262624,1.9647297866186124,FALSE,61.82523742803928,2.5615527555530693,Thesis,NA,NA,NA
M6,GiantMarsh,T1,12,a,2025-12-11,2026-01-23,2025,0.712765566,0,0,0,0,0,0,0,0,0,0,OK,January,Scarped,West.facing,"Tran
(Months 4-6)",Platform,G1-12a,1.9418846837693675,1.052283025,7.42486931268151,29.94,1033,-0.00963659940341829,1.9003038509090948,FALSE,61.82523742803928,2.5615527555530693,Thesis,NA,NA,NA
M6,GiantMarsh,T1,12,b,2025-12-11,2026-01-23,2025,0.877595802,0,0,0,0,0,0,0,0,0,0,OK,January,Scarped,West.facing,"Tran
(Months 4-6)",Platform,G1-12b,1.9495046990093976,1.060996863,7.42486931268151,29.94,1033,-0.00963659940341829,1.9003038509090948,FALSE,61.82523742803928,2.5615527555530693,Thesis,NA,NA,NA
M6,GiantMarsh,T1,12,c,2025-12-11,2026-01-23,2025,0.841259307,0,0,0,0,0,0,0,0,0,0,OK,January,Scarped,West.facing,"Tran
(Months 4-6)",Platform,G1-12c,1.9577343154686309,1.070407808,7.42486931268151,29.94,1033,-0.00963659940341829,1.9003038509090948,FALSE,61.82523742803928,2.5615527555530693,Thesis,NA,NA,NA
M6,GiantMarsh,T1,18,a,2025-12-11,2026-01-23,2025,1.423703341,0,0,0,0,0,0,0,0,0,0,OK,January,Scarped,West.facing,"Tran
(Months 4-6)",Platform,G1-18a,1.958039116078232,1.070756361,7.42486931268151,29.94,1033,-4.8566594081641705e-4,1.9478622938935235,FALSE,61.82523742803928,2.5615527555530693,Thesis,NA,NA,NA
M6,GiantMarsh,T1,18,b,2025-12-11,2026-01-23,2025,25.16145065,0,0,0,0,0,0,0,0,1,0,Review,January,Scarped,West.facing,"Tran
(Months 4-6)",Platform,G1-18b,1.94005588011176,1.050191704,7.42486931268151,29.94,1033,-4.8566594081641705e-4,1.9478622938935235,FALSE,61.82523742803928,2.5615527555530693,Thesis,NA,NA,NA
M6,GiantMarsh,T1,18,c,2025-12-11,2026-01-23,2025,18.5433467,0,0,0,0,0,0,0,0,1,0,Review,January,Scarped,West.facing,"Tran
(Months 4-6)",Platform,G1-18c,1.9348742697485393,1.044266295,7.42486931268151,29.94,1033,-4.8566594081641705e-4,1.9478622938935235,FALSE,61.82523742803928,2.5615527555530693,Thesis,NA,NA,NA
M6,GiantMarsh,T1,24,a,2025-12-11,2026-01-23,2025,4.841271298,0,0,0,0,0,0,0,0,1,0,Review,January,Scarped,West.facing,"Tran
(Months 4-6)",Platform,G1-24a,1.94005588011176,1.050191704,7.42486931268151,29.94,1033,-0.04127172083878872,1.9068799902442335,FALSE,61.82523742803928,2.5615527555530693,Thesis,NA,NA,NA
M6,GiantMarsh,T1,24,b,2025-12-11,2026-01-23,2025,8.556330596,0,0,0,0,0,0,0,0,0,0,OK,January,Scarped,West.facing,"Tran
(Months 4-6)",Platform,G1-24b,1.9467614935229869,1.057859881,7.42486931268151,29.94,1033,-0.04127172083878872,1.9068799902442335,FALSE,61.82523742803928,2.5615527555530693,Thesis,NA,NA,NA
M6,GiantMarsh,T1,24,c,2025-12-11,2026-01-23,2025,8.332718586,0,0,0,0,0,0,0,0,1,0,Review,January,Scarped,West.facing,"Tran
(Months 4-6)",Platform,G1-24c,1.952247904495809,1.064133845,7.42486931268151,29.94,1033,-0.04127172083878872,1.9068799902442335,FALSE,61.82523742803928,2.5615527555530693,Thesis,NA,NA,NA
M6,GiantMarsh,T1,48,a,2025-12-11,2026-01-23,2025,1.264283368,0,0,0,0,0,0,0,0,0,0,OK,January,Scarped,West.facing,"Tran
(Months 4-6)",Upland,G1-48a,1.8736093472186943,0.974207041,7.42486931268151,29.94,1033,0.01939660366491094,2.0210249067405273,TRUE,61.82523742803928,2.5615527555530693,Thesis,NA,NA,NA
M6,GiantMarsh,T1,48,b,2025-12-11,2026-01-23,2025,0.903550441,0,0,0,0,0,0,0,0,0,0,OK,January,Scarped,West.facing,"Tran
(Months 4-6)",Upland,G1-48b,1.8595885191770385,0.95817358,7.42486931268151,29.94,1033,0.01939660366491094,2.0210249067405273,TRUE,61.82523742803928,2.5615527555530693,Thesis,NA,NA,NA
M6,GiantMarsh,T1,48,c,2025-12-11,2026-01-23,2025,1.372488624,0,0,0,0,0,0,0,0,0,0,OK,January,Scarped,West.facing,"Tran
(Months 4-6)",Upland,G1-48c,1.886106172212344,0.988497734,7.42486931268151,29.94,1033,0.01939660366491094,2.0210249067405273,TRUE,61.82523742803928,2.5615527555530693,Thesis,NA,NA,NA
M6,GiantMarsh,T2,0.5,a,2025-12-11,2026-01-23,2025,30.19793008,0,0,0,0,0,0,0,0,0,0,OK,January,Scarped,West.facing,"Tran
(Months 4-6)",Edge,G2-0.5a,2.0357632715265432,1.159637504,7.42486931268151,29.94,1033,1.4006969717971426e-4,2.0306872434232464,FALSE,47.44065202971936,2.141172071480484,Thesis,NA,NA,NA
M6,GiantMarsh,T2,0.5,b,2025-12-11,2026-01-23,2025,0.613516489,0,0,0,0,0,0,0,0,0,0,OK,January,Scarped,West.facing,"Tran
(Months 4-6)",Edge,G2-0.5b,2.041249682499365,1.165911467,7.42486931268151,29.94,1033,1.4006969717971426e-4,2.0306872434232464,FALSE,47.44065202971936,2.141172071480484,Thesis,NA,NA,NA
M6,GiantMarsh,T2,0.5,c,2025-12-11,2026-01-23,2025,0.175870096,0,0,0,0,0,0,0,0,0,0,OK,January,Scarped,West.facing,"Tran
(Months 4-6)",Edge,G2-0.5c,2.0519177038354077,1.17811084,7.42486931268151,29.94,1033,1.4006969717971426e-4,2.0306872434232464,FALSE,47.44065202971936,2.141172071480484,Thesis,NA,NA,NA
M6,GiantMarsh,T2,2,a,2025-12-11,2026-01-23,2025,1119.30536,0,0,0,0,0,0,0,0,1,0,Review,January,Scarped,West.facing,"Tran
(Months 4-6)",Edge,G2-2a,2.0616713233426465,1.189264552,7.42486931268151,29.94,1033,-0.01342471668837245,2.0563871851683726,FALSE,47.44065202971936,2.141172071480484,Thesis,NA,NA,NA
M6,GiantMarsh,T2,2,b,2025-12-11,2026-01-23,2025,972.2298523,0,0,0,0,0,0,0,0,0,0,OK,January,Scarped,West.facing,"Tran
(Months 4-6)",Edge,G2-2b,2.054051308102616,1.180550715,7.42486931268151,29.94,1033,-0.01342471668837245,2.0563871851683726,FALSE,47.44065202971936,2.141172071480484,Thesis,NA,NA,NA
M6,GiantMarsh,T2,2,c,2025-12-11,2026-01-23,2025,823.2347611,0,0,0,0,0,0,0,0,0,0,OK,January,Scarped,West.facing,"Tran
(Months 4-6)",Edge,G2-2c,2.0564897129794257,1.183339143,7.42486931268151,29.94,1033,-0.01342471668837245,2.0563871851683726,FALSE,47.44065202971936,2.141172071480484,Thesis,NA,NA,NA
M6,GiantMarsh,T2,6,a,2025-12-11,2026-01-23,2025,4.021653042,0,0,0,0,0,0,0,0,0,0,OK,January,Scarped,West.facing,"Tran
(Months 4-6)",Edge,G2-6a,1.9406654813309625,1.050888811,7.42486931268151,29.94,1033,-0.01255565003163208,1.9574508500756536,FALSE,47.44065202971936,2.141172071480484,Thesis,NA,NA,NA
M6,GiantMarsh,T2,6,b,2025-12-11,2026-01-23,2025,4.665547425,0,0,0,0,0,0,0,0,0,0,OK,January,Scarped,West.facing,"Tran
(Months 4-6)",Edge,G2-6b,1.9434086868173737,1.054025793,7.42486931268151,29.94,1033,-0.01255565003163208,1.9574508500756536,FALSE,47.44065202971936,2.141172071480484,Thesis,NA,NA,NA
M6,GiantMarsh,T2,6,c,2025-12-11,2026-01-23,2025,4.426581967,0,0,0,0,0,0,0,0,0,0,OK,January,Scarped,West.facing,"Tran
(Months 4-6)",Edge,G2-6c,1.9473710947421896,1.058556988,7.42486931268151,29.94,1033,-0.01255565003163208,1.9574508500756536,FALSE,47.44065202971936,2.141172071480484,Thesis,NA,NA,NA
M6,GiantMarsh,T2,12,a,2025-12-11,2026-01-23,2025,5.430587827,0,0,0,0,0,0,0,0,0,0,OK,January,Scarped,West.facing,"Tran
(Months 4-6)",Platform,G2-12a,1.9333502667005331,1.042523527,7.42486931268151,29.94,1033,0.0073026439019559,1.95016303680416,FALSE,47.44065202971936,2.141172071480484,Thesis,NA,NA,NA
M6,GiantMarsh,T2,12,b,2025-12-11,2026-01-23,2025,10.79351081,0,0,0,0,0,0,0,0,0,0,OK,January,Scarped,West.facing,"Tran
(Months 4-6)",Platform,G2-12b,1.9354838709677415,1.044963402,7.42486931268151,29.94,1033,0.0073026439019559,1.95016303680416,FALSE,47.44065202971936,2.141172071480484,Thesis,NA,NA,NA
M6,GiantMarsh,T2,12,c,2025-12-11,2026-01-23,2025,7.307912458,0,0,0,0,1,0,0,0,0,0,Review,January,Scarped,West.facing,"Tran
(Months 4-6)",Platform,G2-12c,1.9318262636525272,1.04078076,7.42486931268151,29.94,1033,0.0073026439019559,1.95016303680416,FALSE,47.44065202971936,2.141172071480484,Thesis,NA,NA,NA
M6,GiantMarsh,T2,18,a,2025-12-11,2026-01-23,2025,2.012800536,0,0,0,0,0,0,0,0,0,0,OK,January,Scarped,West.facing,"Tran
(Months 4-6)",Platform,G2-18a,1.9610871221742443,1.074241896,7.42486931268151,29.94,1033,0.01085632180604558,1.9382465005969651,FALSE,47.44065202971936,2.141172071480484,Thesis,NA,NA,NA
M6,GiantMarsh,T2,18,b,2025-12-11,2026-01-23,2025,3.364488892,0,0,0,0,0,0,0,0,0,0,OK,January,Scarped,West.facing,"Tran
(Months 4-6)",Platform,G2-18b,1.9516383032766065,1.063436738,7.42486931268151,29.94,1033,0.01085632180604558,1.9382465005969651,FALSE,47.44065202971936,2.141172071480484,Thesis,NA,NA,NA
M6,GiantMarsh,T2,18,c,2025-12-11,2026-01-23,2025,3.139524317,0,0,0,0,0,0,0,0,0,0,OK,January,Scarped,West.facing,"Tran
(Months 4-6)",Platform,G2-18c,1.9586487172974345,1.071453468,7.42486931268151,29.94,1033,0.01085632180604558,1.9382465005969651,FALSE,47.44065202971936,2.141172071480484,Thesis,NA,NA,NA
M6,GiantMarsh,T2,24,a,2025-12-11,2026-01-23,2025,1.667969395,0,0,0,0,0,0,0,0,0,0,OK,January,Scarped,West.facing,"Tran
(Months 4-6)",Platform,G2-24a,1.9357886715773431,1.045311955,7.42486931268151,29.94,1033,4.975228131842639e-4,1.9387701875796968,FALSE,47.44065202971936,2.141172071480484,Thesis,NA,NA,NA
M6,GiantMarsh,T2,24,b,2025-12-11,2026-01-23,2025,1.108994204,0,0,0,0,0,0,0,0,0,0,OK,January,Scarped,West.facing,"Tran
(Months 4-6)",Platform,G2-24b,1.9406654813309625,1.050888811,7.42486931268151,29.94,1033,4.975228131842639e-4,1.9387701875796968,FALSE,47.44065202971936,2.141172071480484,Thesis,NA,NA,NA
M6,GiantMarsh,T2,24,c,2025-12-11,2026-01-23,2025,1.435620541,0,0,0,0,0,0,0,0,0,0,OK,January,Scarped,West.facing,"Tran
(Months 4-6)",Platform,G2-24c,1.9354838709677415,1.044963402,7.42486931268151,29.94,1033,4.975228131842639e-4,1.9387701875796968,FALSE,47.44065202971936,2.141172071480484,Thesis,NA,NA,NA
M6,GiantMarsh,T2,48,a,2025-12-11,2026-01-23,2025,1.349275672,0,0,0,0,0,0,0,0,0,0,OK,January,Scarped,West.facing,"Tran
(Months 4-6)",Upland,G2-48a,1.8733045466090932,0.973858487,7.42486931268151,29.94,1033,-0.03370930171824177,1.4800192766320546,TRUE,47.44065202971936,2.141172071480484,Thesis,NA,NA,NA
M6,GiantMarsh,T2,48,b,2025-12-11,2026-01-23,2025,1.026816699,1,0,0,0,0,0,0,0,0,0,Review,January,Scarped,West.facing,"Tran
(Months 4-6)",Upland,G2-48b,1.897078994157988,1.001045661,7.42486931268151,29.94,1033,-0.03370930171824177,1.4800192766320546,TRUE,47.44065202971936,2.141172071480484,Thesis,NA,NA,NA
M6,GiantMarsh,T2,48,c,2025-12-11,2026-01-23,2025,0.992783221,1,0,0,0,0,0,0,0,0,0,Review,January,Scarped,West.facing,"Tran
(Months 4-6)",Upland,G2-48c,1.8836677673355344,0.985709306,7.42486931268151,29.94,1033,-0.03370930171824177,1.4800192766320546,TRUE,47.44065202971936,2.141172071480484,Thesis,NA,NA,NA
M6,CorteMadera,T1,0.5,a,2025-12-03,2026-01-10,2025,0.130881414,0,0,0,0,0,0,0,0,0,0,OK,January,Scarped,East.facing,"Tran
(Months 4-6)",Edge,C1-0.5a,1.6593345186690371,0.772363636,7.464928806133625,29.94,913,0.09733852868754048,1.7492440342280613,FALSE,72.28575074664536,2.3204339675954957,Thesis,NA,NA,NA
M6,CorteMadera,T1,0.5,b,2025-12-03,2026-01-10,2025,3.226077939,0,0,0,0,0,0,1,0,0,0,Review,January,Scarped,East.facing,"Tran
(Months 4-6)",Edge,C1-0.5b,1.6684785369570738,0.783272727,7.464928806133625,29.94,913,0.09733852868754048,1.7492440342280613,FALSE,72.28575074664536,2.3204339675954957,Thesis,NA,NA,NA
M6,CorteMadera,T1,0.5,c,2025-12-03,2026-01-10,2025,0.248980794,0,0,0,0,0,0,0,0,0,0,OK,January,Scarped,East.facing,"Tran
(Months 4-6)",Edge,C1-0.5c,1.6614681229362456,0.774909091,7.464928806133625,29.94,913,0.09733852868754048,1.7492440342280613,FALSE,72.28575074664536,2.3204339675954957,Thesis,NA,NA,NA
M6,CorteMadera,T1,2,a,2025-12-03,2026-01-10,2025,0.638439869,0,0,0,0,0,0,0,0,0,0,OK,January,Scarped,East.facing,"Tran
(Months 4-6)",Edge,C1-2a,1.6462280924561847,0.756727273,7.464928806133625,29.94,913,0.01775399109541334,1.8293271071500128,FALSE,72.28575074664536,2.3204339675954957,Thesis,NA,NA,NA
M6,CorteMadera,T1,2,b,2025-12-03,2026-01-10,2025,0.713270614,0,0,0,0,0,0,0,0,0,0,OK,January,Scarped,East.facing,"Tran
(Months 4-6)",Edge,C1-2b,1.6480568961137922,0.758909091,7.464928806133625,29.94,913,0.01775399109541334,1.8293271071500128,FALSE,72.28575074664536,2.3204339675954957,Thesis,NA,NA,NA
M6,CorteMadera,T1,2,c,2025-12-03,2026-01-10,2025,0.6192875,0,0,0,0,0,0,0,0,0,0,OK,January,Scarped,East.facing,"Tran
(Months 4-6)",Edge,C1-2c,1.6462280924561847,0.756727273,7.464928806133625,29.94,913,0.01775399109541334,1.8293271071500128,FALSE,72.28575074664536,2.3204339675954957,Thesis,NA,NA,NA
M6,CorteMadera,T1,6,a,2025-12-03,2026-01-10,2025,0.288319676,0,0,0,0,1,0,0,0,0,0,Review,January,Scarped,East.facing,"Tran
(Months 4-6)",Edge,C1-6a,1.664516129032258,0.778545455,7.464928806133625,29.94,913,-0.02515538212948231,1.757631476156524,FALSE,72.28575074664536,2.3204339675954957,Thesis,NA,NA,NA
M6,CorteMadera,T1,6,b,2025-12-03,2026-01-10,2025,1.662864084,0,0,0,0,0,0,0,0,0,0,OK,January,Scarped,East.facing,"Tran
(Months 4-6)",Edge,C1-6b,1.6620777241554483,0.775636364,7.464928806133625,29.94,913,-0.02515538212948231,1.757631476156524,FALSE,72.28575074664536,2.3204339675954957,Thesis,NA,NA,NA
M6,CorteMadera,T1,6,c,2025-12-03,2026-01-10,2025,1.242297922,0,0,0,0,0,0,0,0,0,0,OK,January,Scarped,East.facing,"Tran
(Months 4-6)",Edge,C1-6c,1.6529337058674116,0.764727273,7.464928806133625,29.94,913,-0.02515538212948231,1.757631476156524,FALSE,72.28575074664536,2.3204339675954957,Thesis,NA,NA,NA
M6,CorteMadera,T1,12,a,2025-12-03,2026-01-10,2025,2.684351328,0,0,0,0,0,0,0,0,0,0,OK,January,Scarped,East.facing,"Tran
(Months 4-6)",Platform,C1-12a,1.6413512827025651,0.750909091,7.464928806133625,29.94,913,0.0032317156537537,1.713310428434306,FALSE,72.28575074664536,2.3204339675954957,Thesis,NA,NA,NA
M6,CorteMadera,T1,12,b,2025-12-03,2026-01-10,2025,3.044109753,0,0,0,0,0,0,0,0,0,0,OK,January,Scarped,East.facing,"Tran
(Months 4-6)",Platform,C1-12b,1.6447040894081788,0.754909091,7.464928806133625,29.94,913,0.0032317156537537,1.713310428434306,FALSE,72.28575074664536,2.3204339675954957,Thesis,NA,NA,NA
M6,CorteMadera,T1,12,c,2025-12-03,2026-01-10,2025,2.16301806,0,0,0,0,0,0,0,0,0,0,OK,January,Scarped,East.facing,"Tran
(Months 4-6)",Platform,C1-12c,1.659029718059436,0.772,7.464928806133625,29.94,913,0.0032317156537537,1.713310428434306,FALSE,72.28575074664536,2.3204339675954957,Thesis,NA,NA,NA
M6,CorteMadera,T1,18,a,2025-12-03,2026-01-10,2025,1.463729088,0,0,0,0,0,0,0,0,0,0,OK,January,Scarped,East.facing,"Tran
(Months 4-6)",Platform,C1-18a,1.679756159512319,0.796727273,7.464928806133625,29.94,913,0.00523615127262157,1.741810125322371,FALSE,72.28575074664536,2.3204339675954957,Thesis,NA,NA,NA
M6,CorteMadera,T1,18,b,2025-12-03,2026-01-10,2025,1.532892718,0,0,0,0,0,0,0,0,0,0,OK,January,Scarped,East.facing,"Tran
(Months 4-6)",Platform,C1-18b,1.6696977393954786,0.784727273,7.464928806133625,29.94,913,0.00523615127262157,1.741810125322371,FALSE,72.28575074664536,2.3204339675954957,Thesis,NA,NA,NA
M6,CorteMadera,T1,18,c,2025-12-03,2026-01-10,2025,1.653887704,0,0,0,0,0,0,0,0,0,0,OK,January,Scarped,East.facing,"Tran
(Months 4-6)",Platform,C1-18c,1.671526543053086,0.786909091,7.464928806133625,29.94,913,0.00523615127262157,1.741810125322371,FALSE,72.28575074664536,2.3204339675954957,Thesis,NA,NA,NA
M6,CorteMadera,T1,24,a,2025-12-03,2026-01-10,2025,1.738356683,0,0,0,0,0,0,0,0,0,0,OK,January,Scarped,East.facing,"Tran
(Months 4-6)",Platform,C1-24a,1.7199898399796798,0.844727273,7.464928806133625,29.94,913,-0.0028494853327859,1.7550712477688033,FALSE,72.28575074664536,2.3204339675954957,Thesis,NA,NA,NA
M6,CorteMadera,T1,24,b,2025-12-03,2026-01-10,2025,1.473243224,0,0,0,0,0,0,0,0,0,0,OK,January,Scarped,East.facing,"Tran
(Months 4-6)",Platform,C1-24b,1.7184658369316737,0.842909091,7.464928806133625,29.94,913,-0.0028494853327859,1.7550712477688033,FALSE,72.28575074664536,2.3204339675954957,Thesis,NA,NA,NA
M6,CorteMadera,T1,24,c,2025-12-03,2026-01-10,2025,1.724995527,0,0,0,0,0,0,0,0,0,0,OK,January,Scarped,East.facing,"Tran
(Months 4-6)",Platform,C1-24c,1.7141986283972566,0.837818182,7.464928806133625,29.94,913,-0.0028494853327859,1.7550712477688033,FALSE,72.28575074664536,2.3204339675954957,Thesis,NA,NA,NA
M6,CorteMadera,T1,48,a,2025-12-03,2026-01-10,2025,2.815356839,0,0,0,0,0,0,0,0,0,0,OK,January,Scarped,East.facing,"Tran
(Months 4-6)",Upland,C1-48a,1.732486665,0.859636364,7.464928806133625,29.94,913,-0.00558516363104424,1.727272679455228,FALSE,72.28575074664536,2.3204339675954957,Thesis,NA,NA,NA
M6,CorteMadera,T1,48,b,2025-12-03,2026-01-10,2025,4.481240628,0,0,0,0,0,0,0,0,0,0,OK,January,Scarped,East.facing,"Tran
(Months 4-6)",Upland,C1-48b,1.7108458216916431,0.833818182,7.464928806133625,29.94,913,-0.00558516363104424,1.727272679455228,FALSE,72.28575074664536,2.3204339675954957,Thesis,NA,NA,NA
M6,CorteMadera,T1,48,c,2025-12-03,2026-01-10,2025,3.590316282,0,0,0,0,0,0,0,0,0,0,OK,January,Scarped,East.facing,"Tran
(Months 4-6)",Upland,C1-48c,1.7065786131572265,0.828727273,7.464928806133625,29.94,913,-0.00558516363104424,1.727272679455228,FALSE,72.28575074664536,2.3204339675954957,Thesis,NA,NA,NA
M6,CorteMadera,T2,0.5,a,2025-12-03,2026-01-10,2025,0.033589035,0,0,0,0,0,0,0,0,0,0,OK,January,Scarped,East.facing,"Tran
(Months 4-6)",Edge,C2-0.5a,1.621234442468885,0.726909091,7.464928806133625,29.94,913,0.16925078293661744,1.481725221967733,FALSE,68.92888177014264,1.9959970930436297,Thesis,NA,NA,NA
M6,CorteMadera,T2,0.5,b,2025-12-03,2026-01-10,2025,0.050052627,0,0,0,0,0,0,0,0,0,0,OK,January,Scarped,East.facing,"Tran
(Months 4-6)",Edge,C2-0.5b,1.6392176784353567,0.748363636,7.464928806133625,29.94,913,0.16925078293661744,1.481725221967733,FALSE,68.92888177014264,1.9959970930436297,Thesis,NA,NA,NA
M6,CorteMadera,T2,0.5,c,2025-12-03,2026-01-10,2025,0.028128749,0,0,0,0,0,0,0,0,0,0,OK,January,Scarped,East.facing,"Tran
(Months 4-6)",Edge,C2-0.5c,1.6495808991617982,0.760727273,7.464928806133625,29.94,913,0.16925078293661744,1.481725221967733,FALSE,68.92888177014264,1.9959970930436297,Thesis,NA,NA,NA
M6,CorteMadera,T2,2,a,2025-12-03,2026-01-10,2025,0.325342074,0,0,0,0,0,0,0,0,0,0,OK,January,Scarped,East.facing,"Tran
(Months 4-6)",Edge,C2-2a,1.656286512573025,0.768727273,7.464928806133625,29.94,913,0.09235576383065149,1.6757667363825983,FALSE,68.92888177014264,1.9959970930436297,Thesis,NA,NA,NA
M6,CorteMadera,T2,2,b,2025-12-03,2026-01-10,2025,0.233385884,0,0,0,0,0,0,0,0,0,0,OK,January,Scarped,East.facing,"Tran
(Months 4-6)",Edge,C2-2b,1.6544577089154178,0.766545455,7.464928806133625,29.94,913,0.09235576383065149,1.6757667363825983,FALSE,68.92888177014264,1.9959970930436297,Thesis,NA,NA,NA
M6,CorteMadera,T2,2,c,2025-12-03,2026-01-10,2025,0.381640937,0,0,0,0,0,0,0,0,0,0,OK,January,Scarped,East.facing,"Tran
(Months 4-6)",Edge,C2-2c,1.6556769113538228,0.768,7.464928806133625,29.94,913,0.09235576383065149,1.6757667363825983,FALSE,68.92888177014264,1.9959970930436297,Thesis,NA,NA,NA
M6,CorteMadera,T2,6,a,2025-12-03,2026-01-10,2025,1.689586396,0,0,0,0,0,0,0,0,0,0,OK,January,Scarped,East.facing,"Tran
(Months 4-6)",Edge,C2-6a,1.6623825247650494,0.776,7.464928806133625,29.94,913,-0.00332539341534895,1.8033913358538023,FALSE,68.92888177014264,1.9959970930436297,Thesis,NA,NA,NA
M6,CorteMadera,T2,6,b,2025-12-03,2026-01-10,2025,2.260310438,0,0,0,0,0,0,0,0,0,0,OK,January,Scarped,East.facing,"Tran
(Months 4-6)",Edge,C2-6b,1.6727457454914911,0.788363636,7.464928806133625,29.94,913,-0.00332539341534895,1.8033913358538023,FALSE,68.92888177014264,1.9959970930436297,Thesis,NA,NA,NA
M6,CorteMadera,T2,6,c,2025-12-03,2026-01-10,2025,3.344673709,0,0,0,0,0,0,0,0,0,0,OK,January,Scarped,East.facing,"Tran
(Months 4-6)",Edge,C2-6c,1.6675641351282702,0.782181818,7.464928806133625,29.94,913,-0.00332539341534895,1.8033913358538023,FALSE,68.92888177014264,1.9959970930436297,Thesis,NA,NA,NA
M6,CorteMadera,T2,12,a,2025-12-03,2026-01-10,2025,1.796723837,0,0,0,0,0,0,0,0,0,0,OK,January,Scarped,East.facing,"Tran
(Months 4-6)",Platform,C2-12a,1.664820929641859,0.778909091,7.464928806133625,29.94,913,-0.0058473496992098,1.752402790171007,FALSE,68.92888177014264,1.9959970930436297,Thesis,NA,NA,NA
M6,CorteMadera,T2,12,b,2025-12-03,2026-01-10,2025,1.907915126,0,0,0,0,0,0,0,0,0,0,OK,January,Scarped,East.facing,"Tran
(Months 4-6)",Platform,C2-12b,1.6651257302514604,0.779272727,7.464928806133625,29.94,913,-0.0058473496992098,1.752402790171007,FALSE,68.92888177014264,1.9959970930436297,Thesis,NA,NA,NA
M6,CorteMadera,T2,12,c,2025-12-03,2026-01-10,2025,1.683712451,0,0,0,0,0,0,0,0,0,0,OK,January,Scarped,East.facing,"Tran
(Months 4-6)",Platform,C2-12c,1.6657353314706629,0.78,7.464928806133625,29.94,913,-0.0058473496992098,1.752402790171007,FALSE,68.92888177014264,1.9959970930436297,Thesis,NA,NA,NA
M6,CorteMadera,T2,18,a,2025-12-03,2026-01-10,2025,1.628530464,0,0,0,0,0,0,0,0,0,0,OK,January,Scarped,East.facing,"Tran
(Months 4-6)",Platform,C2-18a,1.6623825247650494,0.776,7.464928806133625,29.94,913,5.42879874173271e-4,1.7467200155303768,FALSE,68.92888177014264,1.9959970930436297,Thesis,NA,NA,NA
M6,CorteMadera,T2,18,b,2025-12-03,2026-01-10,2025,1.892733875,0,0,0,0,0,0,0,0,0,0,OK,January,Scarped,East.facing,"Tran
(Months 4-6)",Platform,C2-18b,1.6672593345186688,0.781818182,7.464928806133625,29.94,913,5.42879874173271e-4,1.7467200155303768,FALSE,68.92888177014264,1.9959970930436297,Thesis,NA,NA,NA
M6,CorteMadera,T2,18,c,2025-12-03,2026-01-10,2025,2.03879654,0,0,0,0,0,0,0,0,0,0,OK,January,Scarped,East.facing,"Tran
(Months 4-6)",Platform,C2-18c,1.6773177546355091,0.793818182,7.464928806133625,29.94,913,5.42879874173271e-4,1.7467200155303768,FALSE,68.92888177014264,1.9959970930436297,Thesis,NA,NA,NA
M6,CorteMadera,T2,24,a,2025-12-03,2026-01-10,2025,2.010336865,0,0,0,0,0,0,0,0,0,0,OK,January,Scarped,East.facing,"Tran
(Months 4-6)",Platform,C2-24a,1.6794513589027176,0.796363636,7.464928806133625,29.94,913,6.099121469114189e-4,1.74610186223484,FALSE,68.92888177014264,1.9959970930436297,Thesis,NA,NA,NA
M6,CorteMadera,T2,24,b,2025-12-03,2026-01-10,2025,2.000409071,0,0,0,0,0,0,0,0,0,0,OK,January,Scarped,East.facing,"Tran
(Months 4-6)",Platform,C2-24b,1.6843281686563372,0.802181818,7.464928806133625,29.94,913,6.099121469114189e-4,1.74610186223484,FALSE,68.92888177014264,1.9959970930436297,Thesis,NA,NA,NA
M6,CorteMadera,T2,24,c,2025-12-03,2026-01-10,2025,1.905184983,0,0,0,0,0,0,0,0,0,0,OK,January,Scarped,East.facing,"Tran
(Months 4-6)",Platform,C2-24c,1.6751841503683007,0.791272727,7.464928806133625,29.94,913,6.099121469114189e-4,1.74610186223484,FALSE,68.92888177014264,1.9959970930436297,Thesis,NA,NA,NA
M6,CorteMadera,T2,48,a,2025-12-03,2026-01-10,2025,8.52971218,0,0,0,0,0,0,0,0,0,0,OK,January,Scarped,East.facing,"Tran
(Months 4-6)",Upland,C2-48a,1.6794513589027176,0.796363636,7.464928806133625,29.94,913,-0.00378424848987517,1.7284424717637423,FALSE,68.92888177014264,1.9959970930436297,Thesis,NA,NA,NA
M6,CorteMadera,T2,48,b,2025-12-03,2026-01-10,2025,7.941200841,0,0,0,0,0,0,0,0,0,0,OK,January,Scarped,East.facing,"Tran
(Months 4-6)",Upland,C2-48b,1.6821945643891287,0.799636364,7.464928806133625,29.94,913,-0.00378424848987517,1.7284424717637423,FALSE,68.92888177014264,1.9959970930436297,Thesis,NA,NA,NA
M6,CorteMadera,T2,48,c,2025-12-03,2026-01-10,2025,10.12250259,0,0,0,0,0,0,0,0,0,0,OK,January,Scarped,East.facing,"Tran
(Months 4-6)",Upland,C2-48c,1.673050546101092,0.788727273,7.464928806133625,29.94,913,-0.00378424848987517,1.7284424717637423,FALSE,68.92888177014264,1.9959970930436297,Thesis,NA,NA,NA
M6,SanPablo,T1,0.5,a,2025-12-02,2026-01-11,2025,0.444494213,0,0,0,0,0,0,0,0,0,0,OK,January,Ramped,South.facing,"Tran
(Months 4-6)",Edge,S1-0.5a,1.706273812547625,0.771628722,9.52363920750782,30.32,959,0.01994320045890097,1.8226043860308456,FALSE,25.333978068263427,1.1905148622217414,Thesis,NA,NA,NA
M6,SanPablo,T1,0.5,b,2025-12-02,2026-01-11,2025,0.193304485,0,0,0,0,0,0,0,0,0,0,OK,January,Ramped,South.facing,"Tran
(Months 4-6)",Edge,S1-0.5b,1.722733045466091,0.790542907,9.52363920750782,30.32,959,0.01994320045890097,1.8226043860308456,FALSE,25.333978068263427,1.1905148622217414,Thesis,NA,NA,NA
M6,SanPablo,T1,0.5,c,2025-12-02,2026-01-11,2025,0.458051857,0,0,0,0,0,0,0,0,0,0,OK,January,Ramped,South.facing,"Tran
(Months 4-6)",Edge,S1-0.5c,1.723037846075692,0.79089317,9.52363920750782,30.32,959,0.01994320045890097,1.8226043860308456,FALSE,25.333978068263427,1.1905148622217414,Thesis,NA,NA,NA
M6,SanPablo,T1,2,a,2025-12-02,2026-01-11,2025,0.688806876,0,0,0,0,0,0,0,0,0,0,OK,January,Ramped,South.facing,"Tran
(Months 4-6)",Edge,S1-2a,1.6913385826771654,0.754465849,9.52363920750782,30.32,959,0.3776886912580827,1.8192972125194615,FALSE,25.333978068263427,1.1905148622217414,Thesis,NA,NA,NA
M6,SanPablo,T1,2,b,2025-12-02,2026-01-11,2025,0.628996055,0,0,0,0,0,0,0,0,0,0,OK,January,Ramped,South.facing,"Tran
(Months 4-6)",Edge,S1-2b,1.7202946405892812,0.787740806,9.52363920750782,30.32,959,0.3776886912580827,1.8192972125194615,FALSE,25.333978068263427,1.1905148622217414,Thesis,NA,NA,NA
M6,SanPablo,T1,2,c,2025-12-02,2026-01-11,2025,0.266790842,0,0,0,0,0,0,0,0,0,0,OK,January,Ramped,South.facing,"Tran
(Months 4-6)",Edge,S1-2c,1.7550419100838202,0.827670753,9.52363920750782,30.32,959,0.3776886912580827,1.8192972125194615,FALSE,25.333978068263427,1.1905148622217414,Thesis,NA,NA,NA
M6,SanPablo,T1,6,a,2025-12-02,2026-01-11,2025,1.35214896,0,0,0,0,0,0,0,0,0,0,OK,January,Ramped,South.facing,"Tran
(Months 4-6)",Edge,S1-6a,1.8266700533401063,0.909982487,9.52363920750782,30.32,959,-0.0114628633903121,1.8447290956966944,FALSE,25.333978068263427,1.1905148622217414,Thesis,NA,NA,NA
M6,SanPablo,T1,6,b,2025-12-02,2026-01-11,2025,1.109526091,0,0,0,0,0,0,0,0,0,0,OK,January,Ramped,South.facing,"Tran
(Months 4-6)",Edge,S1-6b,1.8254508509017016,0.908581436,9.52363920750782,30.32,959,-0.0114628633903121,1.8447290956966944,FALSE,25.333978068263427,1.1905148622217414,Thesis,NA,NA,NA
M6,SanPablo,T1,6,c,2025-12-02,2026-01-11,2025,0.536371808,0,0,0,0,0,0,0,0,0,0,OK,January,Ramped,South.facing,"Tran
(Months 4-6)",Edge,S1-6c,1.83002286004572,0.913835377,9.52363920750782,30.32,959,-0.0114628633903121,1.8447290956966944,FALSE,25.333978068263427,1.1905148622217414,Thesis,NA,NA,NA
M6,SanPablo,T1,12,a,2025-12-02,2026-01-11,2025,1.851712094,1,0,0,0,0,0,0,0,0,0,Review,January,Ramped,South.facing,"Tran
(Months 4-6)",Platform,S1-12a,1.877266954533909,0.968126095,9.52363920750782,30.32,959,0.05459195462793114,1.939426772189594,FALSE,25.333978068263427,1.1905148622217414,Thesis,NA,NA,NA
M6,SanPablo,T1,12,b,2025-12-02,2026-01-11,2025,2.469534554,1,0,0,0,0,0,0,0,0,0,Review,January,Ramped,South.facing,"Tran
(Months 4-6)",Platform,S1-12b,1.889763779527559,0.982486865,9.52363920750782,30.32,959,0.05459195462793114,1.939426772189594,FALSE,25.333978068263427,1.1905148622217414,Thesis,NA,NA,NA
M6,SanPablo,T1,12,c,2025-12-02,2026-01-11,2025,1.429407878,0,0,0,0,0,0,0,0,0,0,OK,January,Ramped,South.facing,"Tran
(Months 4-6)",Platform,S1-12c,1.8851917703835408,0.977232925,9.52363920750782,30.32,959,0.05459195462793114,1.939426772189594,FALSE,25.333978068263427,1.1905148622217414,Thesis,NA,NA,NA
M6,SanPablo,T1,18,a,2025-12-02,2026-01-11,2025,1.393489948,0,0,0,0,0,0,0,0,0,0,OK,January,Ramped,South.facing,"Tran
(Months 4-6)",Platform,S1-18a,1.9778511557023113,1.083712785,9.52363920750782,30.32,959,0.02400136488500243,2.068566284857941,FALSE,25.333978068263427,1.1905148622217414,Thesis,NA,NA,NA
M6,SanPablo,T1,18,b,2025-12-02,2026-01-11,2025,1.284360744,0,0,0,0,0,0,0,0,0,0,OK,January,Ramped,South.facing,"Tran
(Months 4-6)",Platform,S1-18b,1.9882143764287528,1.095621716,9.52363920750782,30.32,959,0.02400136488500243,2.068566284857941,FALSE,25.333978068263427,1.1905148622217414,Thesis,NA,NA,NA
M6,SanPablo,T1,18,c,2025-12-02,2026-01-11,2025,1.423670441,0,0,0,0,0,0,0,0,0,0,OK,January,Ramped,South.facing,"Tran
(Months 4-6)",Platform,S1-18c,1.9918719837439671,1.099824869,9.52363920750782,30.32,959,0.02400136488500243,2.068566284857941,FALSE,25.333978068263427,1.1905148622217414,Thesis,NA,NA,NA
M6,SanPablo,T1,48,a,2025-12-02,2026-01-11,2025,16.20527422,0,0,0,0,0,0,0,0,0,0,OK,January,Ramped,South.facing,"Tran
(Months 4-6)",Upland,S1-48a,2.013208026416053,1.124343257,9.52363920750782,30.32,959,-0.00126515639596243,2.068042486947528,FALSE,25.333978068263427,1.1905148622217414,Thesis,NA,NA,NA
M6,SanPablo,T1,48,b,2025-12-02,2026-01-11,2025,25.85088903,0,0,0,0,0,0,0,0,0,0,OK,January,Ramped,South.facing,"Tran
(Months 4-6)",Upland,S1-48b,2.0159512319024637,1.127495622,9.52363920750782,30.32,959,-0.00126515639596243,2.068042486947528,FALSE,25.333978068263427,1.1905148622217414,Thesis,NA,NA,NA
M6,SanPablo,T1,48,c,2025-12-02,2026-01-11,2025,30.08107023,0,0,0,0,0,0,0,0,0,0,OK,January,Ramped,South.facing,"Tran
(Months 4-6)",Upland,S1-48c,2.0144272288544576,1.125744308,9.52363920750782,30.32,959,-0.00126515639596243,2.068042486947528,FALSE,25.333978068263427,1.1905148622217414,Thesis,NA,NA,NA
M6,SanPablo,T2,0.5,a,2025-12-02,2026-01-11,2025,0.15208139,0,0,0,0,0,0,0,0,0,0,OK,January,Ramped,South.facing,"Tran
(Months 4-6)",Edge,S2-0.5a,1.727305054610109,0.795796848,9.52363920750782,30.32,959,0.01304185246874274,1.9776110105035407,FALSE,35.97380842326667,1.4533466871480498,Thesis,NA,NA,NA
M6,SanPablo,T2,0.5,b,2025-12-02,2026-01-11,2025,0.33139596,0,0,0,0,0,0,0,0,0,0,OK,January,Ramped,South.facing,"Tran
(Months 4-6)",Edge,S2-0.5b,1.7297434594869188,0.798598949,9.52363920750782,30.32,959,0.01304185246874274,1.9776110105035407,FALSE,35.97380842326667,1.4533466871480498,Thesis,NA,NA,NA
M6,SanPablo,T2,0.5,c,2025-12-02,2026-01-11,2025,0.321768068,0,0,0,0,0,0,0,0,0,0,OK,January,Ramped,South.facing,"Tran
(Months 4-6)",Edge,S2-0.5c,1.721818643637287,0.789492119,9.52363920750782,30.32,959,0.01304185246874274,1.9776110105035407,FALSE,35.97380842326667,1.4533466871480498,Thesis,NA,NA,NA
M6,SanPablo,T2,2,a,2025-12-02,2026-01-11,2025,0.871108056,0,0,0,0,0,0,0,0,0,0,OK,January,Ramped,South.facing,"Tran
(Months 4-6)",Edge,S2-2a,1.7401066802133602,0.810507881,9.52363920750782,30.32,959,0.01154246712137735,1.9960940502981117,FALSE,35.97380842326667,1.4533466871480498,Thesis,NA,NA,NA
M6,SanPablo,T2,2,b,2025-12-02,2026-01-11,2025,0.370772072,0,0,0,0,0,0,0,0,0,0,OK,January,Ramped,South.facing,"Tran
(Months 4-6)",Edge,S2-2b,1.751993903987808,0.824168126,9.52363920750782,30.32,959,0.01154246712137735,1.9960940502981117,FALSE,35.97380842326667,1.4533466871480498,Thesis,NA,NA,NA
M6,SanPablo,T2,2,c,2025-12-02,2026-01-11,2025,0.306717119,0,0,0,0,0,0,0,0,0,0,OK,January,Ramped,South.facing,"Tran
(Months 4-6)",Edge,S2-2c,1.750469900939802,0.822416813,9.52363920750782,30.32,959,0.01154246712137735,1.9960940502981117,FALSE,35.97380842326667,1.4533466871480498,Thesis,NA,NA,NA
M6,SanPablo,T2,6,a,2025-12-02,2026-01-11,2025,1.466544032,0,0,0,0,0,0,0,0,0,0,OK,January,Ramped,South.facing,"Tran
(Months 4-6)",Edge,S2-6a,1.8239268478536956,0.906830123,9.52363920750782,30.32,959,0.00730802606089925,2.0337458535335737,FALSE,35.97380842326667,1.4533466871480498,Thesis,NA,NA,NA
M6,SanPablo,T2,6,b,2025-12-02,2026-01-11,2025,1.262747109,0,0,0,0,0,0,0,0,0,0,OK,January,Ramped,South.facing,"Tran
(Months 4-6)",Edge,S2-6b,1.8135636271272544,0.894921191,9.52363920750782,30.32,959,0.00730802606089925,2.0337458535335737,FALSE,35.97380842326667,1.4533466871480498,Thesis,NA,NA,NA
M6,SanPablo,T2,6,c,2025-12-02,2026-01-11,2025,1.381975775,0,0,0,0,0,0,0,0,0,0,OK,January,Ramped,South.facing,"Tran
(Months 4-6)",Edge,S2-6c,1.8083820167640337,0.888966725,9.52363920750782,30.32,959,0.00730802606089925,2.0337458535335737,FALSE,35.97380842326667,1.4533466871480498,Thesis,NA,NA,NA
M6,SanPablo,T2,12,a,2025-12-02,2026-01-11,2025,1.042209445,0,0,0,0,0,0,0,0,0,0,OK,January,Ramped,South.facing,"Tran
(Months 4-6)",Platform,S2-12a,1.899517399034798,0.993695271,9.52363920750782,30.32,959,7.536119889995986e-4,2.059116795755984,FALSE,35.97380842326667,1.4533466871480498,Thesis,NA,NA,NA
M6,SanPablo,T2,12,b,2025-12-02,2026-01-11,2025,1.268012976,0,0,0,0,0,0,0,0,0,0,OK,January,Ramped,South.facing,"Tran
(Months 4-6)",Platform,S2-12b,1.8912877825755652,0.984238179,9.52363920750782,30.32,959,7.536119889995986e-4,2.059116795755984,FALSE,35.97380842326667,1.4533466871480498,Thesis,NA,NA,NA
M6,SanPablo,T2,12,c,2025-12-02,2026-01-11,2025,1.039104941,0,0,0,0,0,0,0,0,0,0,OK,January,Ramped,South.facing,"Tran
(Months 4-6)",Platform,S2-12c,1.8836677673355344,0.975481611,9.52363920750782,30.32,959,7.536119889995986e-4,2.059116795755984,FALSE,35.97380842326667,1.4533466871480498,Thesis,NA,NA,NA
M6,SanPablo,T2,18,a,2025-12-02,2026-01-11,2025,1.439310852,0,0,0,0,0,0,0,0,0,0,OK,January,Ramped,South.facing,"Tran
(Months 4-6)",Platform,S2-18a,1.9677927355854712,1.072154116,9.52363920750782,30.32,959,-0.00193388038167319,2.053170271773423,FALSE,35.97380842326667,1.4533466871480498,Thesis,NA,NA,NA
M6,SanPablo,T2,18,b,2025-12-02,2026-01-11,2025,1.344839622,0,0,0,0,0,0,0,0,0,0,OK,January,Ramped,South.facing,"Tran
(Months 4-6)",Platform,S2-18b,1.9677927355854712,1.072154116,9.52363920750782,30.32,959,-0.00193388038167319,2.053170271773423,FALSE,35.97380842326667,1.4533466871480498,Thesis,NA,NA,NA
M6,SanPablo,T2,18,c,2025-12-02,2026-01-11,2025,1.391996642,0,0,0,0,0,0,0,0,0,0,OK,January,Ramped,South.facing,"Tran
(Months 4-6)",Platform,S2-18c,1.9613919227838457,1.064798599,9.52363920750782,30.32,959,-0.00193388038167319,2.053170271773423,FALSE,35.97380842326667,1.4533466871480498,Thesis,NA,NA,NA
M7,Buck'sLanding,T1,0.5,a,2026-01-22,2026-02-21,2026,0.819536615,0,0,0,0,0,0,0,0,0,0,OK,February,Ramped,East.facing,"Wet
(Months 7-9)",Edge,B1-0.5a,1.6544577089154178,0.743807502,5.596393897364771,30.52,721,0.17785756524338506,1.7010695502979745,FALSE,34.89580532666493,1.2246004538785733,Thesis,NA,NA,NA
M7,Buck'sLanding,T1,0.5,b,2026-01-22,2026-02-21,2026,0.454174502,0,0,0,0,0,0,0,0,0,0,OK,February,Ramped,East.facing,"Wet
(Months 7-9)",Edge,B1-0.5b,1.6599441198882396,0.750176929,5.596393897364771,30.52,721,0.17785756524338506,1.7010695502979745,FALSE,34.89580532666493,1.2246004538785733,Thesis,NA,NA,NA
M7,Buck'sLanding,T1,0.5,c,2026-01-22,2026-02-21,2026,0.377884922,0,0,0,0,0,0,0,0,0,0,OK,February,Ramped,East.facing,"Wet
(Months 7-9)",Edge,B1-0.5c,1.6611633223266449,0.751592357,5.596393897364771,30.52,721,0.17785756524338506,1.7010695502979745,FALSE,34.89580532666493,1.2246004538785733,Thesis,NA,NA,NA
M7,Buck'sLanding,T1,2,a,2026-01-22,2026-02-21,2026,0.38076674,0,0,0,0,0,0,0,0,0,0,OK,February,Ramped,East.facing,"Wet
(Months 7-9)",Edge,B1-2a,1.7718059436118871,0.880042463,5.596393897364771,30.52,721,0.02968375936655274,1.858339098018449,FALSE,34.89580532666493,1.2246004538785733,Thesis,NA,NA,NA
M7,Buck'sLanding,T1,2,b,2026-01-22,2026-02-21,2026,0.501436315,0,0,0,0,0,0,0,0,0,0,OK,February,Ramped,East.facing,"Wet
(Months 7-9)",Edge,B1-2b,1.7794259588519177,0.888888889,5.596393897364771,30.52,721,0.02968375936655274,1.858339098018449,FALSE,34.89580532666493,1.2246004538785733,Thesis,NA,NA,NA
M7,Buck'sLanding,T1,2,c,2026-01-22,2026-02-21,2026,0.667952993,0,0,0,0,0,0,1,0,0,0,Review,February,Ramped,East.facing,"Wet
(Months 7-9)",Edge,B1-2c,1.7669291338582676,0.87438075,5.596393897364771,30.52,721,0.02968375936655274,1.858339098018449,FALSE,34.89580532666493,1.2246004538785733,Thesis,NA,NA,NA
M7,Buck'sLanding,T1,6,a,2026-01-22,2026-02-21,2026,1.787879827,0,0,0,0,0,0,0,0,0,0,OK,February,Ramped,East.facing,"Wet
(Months 7-9)",Edge,B1-6a,1.8138684277368553,0.928874735,5.596393897364771,30.52,721,0.01104286813360896,1.8720950223241668,FALSE,34.89580532666493,1.2246004538785733,Thesis,NA,NA,NA
M7,Buck'sLanding,T1,6,b,2026-01-22,2026-02-21,2026,1.640907114,0,0,0,0,0,0,0,0,0,0,OK,February,Ramped,East.facing,"Wet
(Months 7-9)",Edge,B1-6b,1.806248412496825,0.920028309,5.596393897364771,30.52,721,0.01104286813360896,1.8720950223241668,FALSE,34.89580532666493,1.2246004538785733,Thesis,NA,NA,NA
M7,Buck'sLanding,T1,6,c,2026-01-22,2026-02-21,2026,1.60171439,0,0,0,0,0,0,0,0,0,0,OK,February,Ramped,East.facing,"Wet
(Months 7-9)",Edge,B1-6c,1.8053340106680211,0.918966737,5.596393897364771,30.52,721,0.01104286813360896,1.8720950223241668,FALSE,34.89580532666493,1.2246004538785733,Thesis,NA,NA,NA
M7,Buck'sLanding,T1,12,a,2026-01-22,2026-02-21,2026,1.143819724,0,0,0,0,0,0,0,0,0,0,OK,February,Ramped,East.facing,"Wet
(Months 7-9)",Platform,B1-12a,1.8483108966217932,0.96886058,5.596393897364771,30.52,721,-0.00172583812482088,1.8663152905950524,FALSE,34.89580532666493,1.2246004538785733,Thesis,NA,NA,NA
M7,Buck'sLanding,T1,12,b,2026-01-22,2026-02-21,2026,0.670939605,0,0,0,0,0,0,0,0,0,0,OK,February,Ramped,East.facing,"Wet
(Months 7-9)",Platform,B1-12b,1.8461772923545847,0.966383581,5.596393897364771,30.52,721,-0.00172583812482088,1.8663152905950524,FALSE,34.89580532666493,1.2246004538785733,Thesis,NA,NA,NA
M7,Buck'sLanding,T1,12,c,2026-01-22,2026-02-21,2026,0.923858423,0,0,0,0,0,0,0,0,0,0,OK,February,Ramped,East.facing,"Wet
(Months 7-9)",Platform,B1-12c,1.8428244856489713,0.962491154,5.596393897364771,30.52,721,-0.00172583812482088,1.8663152905950524,FALSE,34.89580532666493,1.2246004538785733,Thesis,NA,NA,NA
M7,Buck'sLanding,T1,18,a,2026-01-22,2026-02-21,2026,0.923858423,0,0,0,0,0,0,0,0,0,0,OK,February,Ramped,East.facing,"Wet
(Months 7-9)",Platform,B1-18a,1.8736093472186943,0.998230715,5.596393897364771,30.52,721,-0.02221947652684898,1.8408866750284556,FALSE,34.89580532666493,1.2246004538785733,Thesis,NA,NA,NA
M7,Buck'sLanding,T1,18,b,2026-01-22,2026-02-21,2026,0.679847042,0,0,0,0,0,0,0,0,0,0,OK,February,Ramped,East.facing,"Wet
(Months 7-9)",Platform,B1-18b,1.8745237490474984,0.999292286,5.596393897364771,30.52,721,-0.02221947652684898,1.8408866750284556,FALSE,34.89580532666493,1.2246004538785733,Thesis,NA,NA,NA
M7,Buck'sLanding,T1,18,c,2026-01-22,2026-02-21,2026,0.732924888,0,0,0,0,1,0,0,0,0,0,Review,February,Ramped,East.facing,"Wet
(Months 7-9)",Platform,B1-18c,1.8806197612395223,1.006369427,5.596393897364771,30.52,721,-0.02221947652684898,1.8408866750284556,FALSE,34.89580532666493,1.2246004538785733,Thesis,NA,NA,NA
M7,Buck'sLanding,T1,24,a,2026-01-22,2026-02-21,2026,0.181292544,0,0,0,0,0,0,0,0,0,0,OK,February,Ramped,East.facing,"Wet
(Months 7-9)",Platform,B1-24a,1.8641605283210565,0.987261146,5.596393897364771,30.52,721,0.02688120789993156,1.8505249450567665,FALSE,34.89580532666493,1.2246004538785733,Thesis,NA,NA,NA
M7,Buck'sLanding,T1,24,b,2026-01-22,2026-02-21,2026,1.152989145,1,0,0,0,0,0,0,0,0,0,Review,February,Ramped,East.facing,"Wet
(Months 7-9)",Platform,B1-24b,1.869037338074676,0.992922859,5.596393897364771,30.52,721,0.02688120789993156,1.8505249450567665,FALSE,34.89580532666493,1.2246004538785733,Thesis,NA,NA,NA
M7,Buck'sLanding,T1,24,c,2026-01-22,2026-02-21,2026,0.414981778,0,0,0,0,0,0,0,0,0,0,OK,February,Ramped,East.facing,"Wet
(Months 7-9)",Platform,B1-24c,1.8714757429514857,0.995753715,5.596393897364771,30.52,721,0.02688120789993156,1.8505249450567665,FALSE,34.89580532666493,1.2246004538785733,Thesis,NA,NA,NA
M7,Buck'sLanding,T1,48,a,2026-01-22,2026-02-21,2026,1.124799726,0,0,0,0,0,0,0,0,0,0,OK,February,Ramped,East.facing,"Wet
(Months 7-9)",Upland,B1-48a,1.856845313690627,0.978768577,5.596393897364771,30.52,721,0.00709242883196758,1.921341208364329,TRUE,34.89580532666493,1.2246004538785733,Thesis,NA,NA,NA
M7,Buck'sLanding,T1,48,b,2026-01-22,2026-02-21,2026,0.942826024,0,0,0,0,0,0,0,0,0,0,OK,February,Ramped,East.facing,"Wet
(Months 7-9)",Upland,B1-48b,1.850749301498603,0.971691437,5.596393897364771,30.52,721,0.00709242883196758,1.921341208364329,TRUE,34.89580532666493,1.2246004538785733,Thesis,NA,NA,NA
M7,Buck'sLanding,T1,48,c,2026-01-22,2026-02-21,2026,1.0151858520000001,0,0,0,0,0,0,0,0,0,0,OK,February,Ramped,East.facing,"Wet
(Months 7-9)",Upland,B1-48c,1.8516637033274064,0.972753008,5.596393897364771,30.52,721,0.00709242883196758,1.921341208364329,TRUE,34.89580532666493,1.2246004538785733,Thesis,NA,NA,NA
M7,Buck'sLanding,T2,0.5,a,2026-01-22,2026-02-21,2026,2.023979308,0,0,0,0,0,0,0,0,0,0,OK,February,Ramped,East.facing,"Wet
(Months 7-9)",Edge,B2-0.5a,1.6338836677673354,0.7199221515,5.596393897364771,30.52,721,-4.902368587095996e-4,1.8307718827004935,FALSE,29.104492140178493,1.2333122768097955,Thesis,NA,NA,NA
M7,Buck'sLanding,T2,0.5,b,2026-01-22,2026-02-21,2026,1.66359488,0,0,0,0,0,0,0,0,0,0,OK,February,Ramped,East.facing,"Wet
(Months 7-9)",Edge,B2-0.5b,1.6431800863601729,0.730714791,5.596393897364771,30.52,721,-4.902368587095996e-4,1.8307718827004935,FALSE,29.104492140178493,1.2333122768097955,Thesis,NA,NA,NA
M7,Buck'sLanding,T2,0.5,c,2026-01-22,2026-02-21,2026,4.838572259,0,0,0,0,0,0,0,0,0,0,OK,February,Ramped,East.facing,"Wet
(Months 7-9)",Edge,B2-0.5c,1.6407416814833629,0.727883935,5.596393897364771,30.52,721,-4.902368587095996e-4,1.8307718827004935,FALSE,29.104492140178493,1.2333122768097955,Thesis,NA,NA,NA
M7,Buck'sLanding,T2,2,a,2026-01-22,2026-02-21,2026,0.777724057,0,0,0,0,0,0,0,0,0,0,OK,February,Ramped,East.facing,"Wet
(Months 7-9)",Edge,B2-2a,1.773329946659893,0.881811748,5.596393897364771,30.52,721,0.00879335684428583,1.8375292375952912,FALSE,29.104492140178493,1.2333122768097955,Thesis,NA,NA,NA
M7,Buck'sLanding,T2,2,b,2026-01-22,2026-02-21,2026,0.143252548,0,0,0,0,0,0,0,0,0,0,OK,February,Ramped,East.facing,"Wet
(Months 7-9)",Edge,B2-2b,1.7654051308102614,0.872611465,5.596393897364771,30.52,721,0.00879335684428583,1.8375292375952912,FALSE,29.104492140178493,1.2333122768097955,Thesis,NA,NA,NA
M7,Buck'sLanding,T2,2,c,2026-01-22,2026-02-21,2026,0.268061462,0,0,0,0,0,0,0,0,0,0,OK,February,Ramped,East.facing,"Wet
(Months 7-9)",Edge,B2-2c,1.7696723393446787,0.877565464,5.596393897364771,30.52,721,0.00879335684428583,1.8375292375952912,FALSE,29.104492140178493,1.2333122768097955,Thesis,NA,NA,NA
M7,Buck'sLanding,T2,6,a,2026-01-22,2026-02-21,2026,2.366810845,0,0,0,0,0,0,0,0,0,0,OK,February,Ramped,East.facing,"Wet
(Months 7-9)",Edge,B2-6a,1.843738887477775,0.963552725,5.596393897364771,30.52,721,0.01218461482376672,1.894739035630732,FALSE,29.104492140178493,1.2333122768097955,Thesis,NA,NA,NA
M7,Buck'sLanding,T2,6,b,2026-01-22,2026-02-21,2026,1.36860152,0,0,0,0,0,0,0,0,0,0,OK,February,Ramped,East.facing,"Wet
(Months 7-9)",Edge,B2-6b,1.8394716789433576,0.958598726,5.596393897364771,30.52,721,0.01218461482376672,1.894739035630732,FALSE,29.104492140178493,1.2333122768097955,Thesis,NA,NA,NA
M7,Buck'sLanding,T2,6,c,2026-01-22,2026-02-21,2026,2.079729386,0,0,0,0,0,0,0,0,0,0,OK,February,Ramped,East.facing,"Wet
(Months 7-9)",Edge,B2-6c,1.8376428752857503,0.956475584,5.596393897364771,30.52,721,0.01218461482376672,1.894739035630732,FALSE,29.104492140178493,1.2333122768097955,Thesis,NA,NA,NA
M7,Buck'sLanding,T2,12,a,2026-01-22,2026-02-21,2026,1.238395748,0,0,0,0,0,0,0,0,0,0,OK,February,Ramped,East.facing,"Wet
(Months 7-9)",Platform,B2-12a,1.84008128016256,0.95930644,5.596393897364771,30.52,721,0.02661783367146161,1.8694116559719185,FALSE,29.104492140178493,1.2333122768097955,Thesis,NA,NA,NA
M7,Buck'sLanding,T2,12,b,2026-01-22,2026-02-21,2026,1.004444531,0,0,0,0,0,0,0,0,0,0,OK,February,Ramped,East.facing,"Wet
(Months 7-9)",Platform,B2-12b,1.835814071628143,0.954352442,5.596393897364771,30.52,721,0.02661783367146161,1.8694116559719185,FALSE,29.104492140178493,1.2333122768097955,Thesis,NA,NA,NA
M7,Buck'sLanding,T2,12,c,2026-01-22,2026-02-21,2026,1.713319338,0,0,0,0,0,0,0,0,0,0,OK,February,Ramped,East.facing,"Wet
(Months 7-9)",Platform,B2-12c,1.822098044196088,0.938428875,5.596393897364771,30.52,721,0.02661783367146161,1.8694116559719185,FALSE,29.104492140178493,1.2333122768097955,Thesis,NA,NA,NA
M7,Buck'sLanding,T2,24,a,2026-01-22,2026-02-21,2026,0.950895115,0,0,0,0,0,0,0,0,0,0,OK,February,Ramped,East.facing,"Wet
(Months 7-9)",Platform,B2-24a,1.8266700533401063,0.94373673,5.596393897364771,30.52,721,0.01213652588304522,1.8589100935344456,FALSE,29.104492140178493,1.2333122768097955,Thesis,NA,NA,NA
M7,Buck'sLanding,T2,24,b,2026-01-22,2026-02-21,2026,0.712594972,0,0,0,0,0,0,0,0,0,0,OK,February,Ramped,East.facing,"Wet
(Months 7-9)",Platform,B2-24b,1.8294132588265175,0.946921444,5.596393897364771,30.52,721,0.01213652588304522,1.8589100935344456,FALSE,29.104492140178493,1.2333122768097955,Thesis,NA,NA,NA
M7,Buck'sLanding,T2,24,c,2026-01-22,2026-02-21,2026,1.0334199,0,0,0,0,0,0,0,0,0,0,OK,February,Ramped,East.facing,"Wet
(Months 7-9)",Platform,B2-24c,1.8446532893065783,0.964614296,5.596393897364771,30.52,721,0.01213652588304522,1.8589100935344456,FALSE,29.104492140178493,1.2333122768097955,Thesis,NA,NA,NA
M7,Buck'sLanding,T2,48,a,2026-01-22,2026-02-21,2026,0.790823229,0,0,0,0,0,0,0,0,0,0,OK,February,Ramped,East.facing,"Wet
(Months 7-9)",Upland,B2-48a,1.8416052832105665,0.961075725,5.596393897364771,30.52,721,-0.02376690670714356,1.4953854337338937,TRUE,29.104492140178493,1.2333122768097955,Thesis,NA,NA,NA
M7,Buck'sLanding,T2,48,b,2026-01-22,2026-02-21,2026,0.907825036,0,0,0,0,0,0,0,0,0,0,OK,February,Ramped,East.facing,"Wet
(Months 7-9)",Upland,B2-48b,1.8525781051562105,0.973814579,5.596393897364771,30.52,721,-0.02376690670714356,1.4953854337338937,TRUE,29.104492140178493,1.2333122768097955,Thesis,NA,NA,NA
M7,Buck'sLanding,T2,48,c,2026-01-22,2026-02-21,2026,0.93454734800000006,0,0,0,0,0,0,0,0,0,0,OK,February,Ramped,East.facing,"Wet
(Months 7-9)",Upland,B2-48c,1.849530099060198,0.970276008,5.596393897364771,30.52,721,-0.02376690670714356,1.4953854337338937,TRUE,29.104492140178493,1.2333122768097955,Thesis,NA,NA,NA
M7,GiantMarsh,T1,0.5,a,2026-01-23,2026-02-20,2026,0.17891598,0,0,0,0,0,0,0,0,0,0,OK,February,Scarped,West.facing,"Wet
(Months 7-9)",Edge,G1-0.5a,2.067462535,1.195887069,5.728306092124814,30.52,673,-0.00503157657553342,2.081117017603091,FALSE,61.82523742803928,2.5615527555530693,Thesis,NA,NA,NA
M7,GiantMarsh,T1,0.5,b,2026-01-23,2026-02-20,2026,0.161175958,0,0,0,0,0,0,0,0,0,0,OK,February,Scarped,West.facing,"Wet
(Months 7-9)",Edge,G1-0.5b,2.066243332486665,1.194492855,5.728306092124814,30.52,673,-0.00503157657553342,2.081117017603091,FALSE,61.82523742803928,2.5615527555530693,Thesis,NA,NA,NA
M7,GiantMarsh,T1,0.5,c,2026-01-23,2026-02-20,2026,0.228037876,0,0,0,0,0,0,0,0,0,0,OK,February,Scarped,West.facing,"Wet
(Months 7-9)",Edge,G1-0.5c,2.0574041148082296,1.184384803,5.728306092124814,30.52,673,-0.00503157657553342,2.081117017603091,FALSE,61.82523742803928,2.5615527555530693,Thesis,NA,NA,NA
M7,GiantMarsh,T1,2,a,2026-01-23,2026-02-20,2026,4.919824554,0,0,0,0,0,0,0,0,0,0,OK,February,Scarped,West.facing,"Wet
(Months 7-9)",Edge,G1-2a,2.0183896367792733,1.139769955,5.728306092124814,30.52,673,-0.04260973519962442,2.031680671373449,FALSE,61.82523742803928,2.5615527555530693,Thesis,NA,NA,NA
M7,GiantMarsh,T1,2,b,2026-01-23,2026-02-20,2026,11.16268422,0,0,0,0,0,0,0,0,0,0,OK,February,Scarped,West.facing,"Wet
(Months 7-9)",Edge,G1-2b,2.019304038608077,1.140815615,5.728306092124814,30.52,673,-0.04260973519962442,2.031680671373449,FALSE,61.82523742803928,2.5615527555530693,Thesis,NA,NA,NA
M7,GiantMarsh,T1,2,c,2026-01-23,2026-02-20,2026,6.171787301,0,0,0,0,0,0,0,0,0,0,OK,February,Scarped,West.facing,"Wet
(Months 7-9)",Edge,G1-2c,2.0189992379984756,1.140467062,5.728306092124814,30.52,673,-0.04260973519962442,2.031680671373449,FALSE,61.82523742803928,2.5615527555530693,Thesis,NA,NA,NA
M7,GiantMarsh,T1,48,a,2026-01-23,2026-02-20,2026,1.152708448,0,0,0,0,0,0,0,0,0,0,OK,February,Scarped,West.facing,"Wet
(Months 7-9)",Upland,G1-48a,1.8736093472186943,0.974207041,5.728306092124814,30.52,673,0.01939660366491094,2.0210249067405273,TRUE,61.82523742803928,2.5615527555530693,Thesis,NA,NA,NA
M7,GiantMarsh,T1,48,b,2026-01-23,2026-02-20,2026,1.410275601,0,0,0,0,0,0,0,0,0,0,OK,February,Scarped,West.facing,"Wet
(Months 7-9)",Upland,G1-48b,1.8595885191770385,0.95817358,5.728306092124814,30.52,673,0.01939660366491094,2.0210249067405273,TRUE,61.82523742803928,2.5615527555530693,Thesis,NA,NA,NA
M7,GiantMarsh,T1,48,c,2026-01-23,2026-02-20,2026,2.367170137,0,0,0,0,0,0,0,0,0,0,OK,February,Scarped,West.facing,"Wet
(Months 7-9)",Upland,G1-48c,1.886106172212344,0.988497734,5.728306092124814,30.52,673,0.01939660366491094,2.0210249067405273,TRUE,61.82523742803928,2.5615527555530693,Thesis,NA,NA,NA
M7,GiantMarsh,T2,0.5,b,2026-01-23,2026-02-20,2026,0.288949028,0,0,0,0,0,0,0,0,0,0,OK,February,Scarped,West.facing,"Wet
(Months 7-9)",Edge,G2-0.5b,2.041249682499365,1.165911467,5.728306092124814,30.52,673,1.4006969717971426e-4,2.0306872434232464,FALSE,47.44065202971936,2.141172071480484,Thesis,NA,NA,NA
M7,GiantMarsh,T2,2,a,2026-01-23,2026-02-20,2026,10.97310177,0,0,0,0,0,0,0,0,0,0,OK,February,Scarped,West.facing,"Wet
(Months 7-9)",Edge,G2-2a,2.0616713233426465,1.189264552,5.728306092124814,30.52,673,-0.01342471668837245,2.0563871851683726,FALSE,47.44065202971936,2.141172071480484,Thesis,NA,NA,NA
M7,GiantMarsh,T2,2,b,2026-01-23,2026-02-20,2026,36.153547090000004,0,0,0,0,0,0,0,0,0,0,OK,February,Scarped,West.facing,"Wet
(Months 7-9)",Edge,G2-2b,2.054051308102616,1.180550715,5.728306092124814,30.52,673,-0.01342471668837245,2.0563871851683726,FALSE,47.44065202971936,2.141172071480484,Thesis,NA,NA,NA
M7,GiantMarsh,T2,2,c,2026-01-23,2026-02-20,2026,2.897293639,0,0,0,0,0,0,0,0,0,0,OK,February,Scarped,West.facing,"Wet
(Months 7-9)",Edge,G2-2c,2.0564897129794257,1.183339143,5.728306092124814,30.52,673,-0.01342471668837245,2.0563871851683726,FALSE,47.44065202971936,2.141172071480484,Thesis,NA,NA,NA
M7,GiantMarsh,T2,48,a,2026-01-23,2026-02-20,2026,5.033675074,0,0,0,0,0,0,0,0,0,0,OK,February,Scarped,West.facing,"Wet
(Months 7-9)",Upland,G2-48a,1.8733045466090932,0.973858487,5.728306092124814,30.52,673,-0.03370930171824177,1.4800192766320546,TRUE,47.44065202971936,2.141172071480484,Thesis,NA,NA,NA
M7,GiantMarsh,T2,48,b,2026-01-23,2026-02-20,2026,2.740159711,0,0,0,0,0,0,0,0,0,0,OK,February,Scarped,West.facing,"Wet
(Months 7-9)",Upland,G2-48b,1.897078994157988,1.001045661,5.728306092124814,30.52,673,-0.03370930171824177,1.4800192766320546,TRUE,47.44065202971936,2.141172071480484,Thesis,NA,NA,NA
M7,GiantMarsh,T2,48,c,2026-01-23,2026-02-20,2026,3.950803927,0,0,0,0,0,0,0,0,0,0,OK,February,Scarped,West.facing,"Wet
(Months 7-9)",Upland,G2-48c,1.8836677673355344,0.985709306,5.728306092124814,30.52,673,-0.03370930171824177,1.4800192766320546,TRUE,47.44065202971936,2.141172071480484,Thesis,NA,NA,NA
M7,CorteMadera,T1,0.5,a,2026-01-10,2026-02-07,2026,0.165442546,0,0,0,0,0,0,0,0,0,0,OK,February,Scarped,East.facing,"Wet
(Months 7-9)",Edge,C1-0.5a,1.6593345186690371,0.772363636,6.187711738484398,20.41,673,0.09733852868754048,1.7492440342280613,FALSE,72.28575074664536,2.3204339675954957,Thesis,NA,NA,NA
M7,CorteMadera,T1,0.5,b,2026-01-10,2026-02-07,2026,0.059114693,0,0,0,0,0,0,0,0,0,0,OK,February,Scarped,East.facing,"Wet
(Months 7-9)",Edge,C1-0.5b,1.6684785369570738,0.783272727,6.187711738484398,20.41,673,0.09733852868754048,1.7492440342280613,FALSE,72.28575074664536,2.3204339675954957,Thesis,NA,NA,NA
M7,CorteMadera,T1,0.5,c,2026-01-10,2026-02-07,2026,0.317411658,0,0,0,0,0,0,0,0,0,0,OK,February,Scarped,East.facing,"Wet
(Months 7-9)",Edge,C1-0.5c,1.6614681229362456,0.774909091,6.187711738484398,20.41,673,0.09733852868754048,1.7492440342280613,FALSE,72.28575074664536,2.3204339675954957,Thesis,NA,NA,NA
M7,CorteMadera,T1,2,a,2026-01-10,2026-02-07,2026,1.005398899,0,0,0,0,0,0,0,0,0,0,OK,February,Scarped,East.facing,"Wet
(Months 7-9)",Edge,C1-2a,1.6462280924561847,0.756727273,6.187711738484398,20.41,673,0.01775399109541334,1.8293271071500128,FALSE,72.28575074664536,2.3204339675954957,Thesis,NA,NA,NA
M7,CorteMadera,T1,2,b,2026-01-10,2026-02-07,2026,0.009655961,0,0,0,0,0,0,0,0,0,0,OK,February,Scarped,East.facing,"Wet
(Months 7-9)",Edge,C1-2b,1.6480568961137922,0.758909091,6.187711738484398,20.41,673,0.01775399109541334,1.8293271071500128,FALSE,72.28575074664536,2.3204339675954957,Thesis,NA,NA,NA
M7,CorteMadera,T1,2,c,2026-01-10,2026-02-07,2026,2.168549259,0,0,0,0,0,0,0,0,0,0,OK,February,Scarped,East.facing,"Wet
(Months 7-9)",Edge,C1-2c,1.6462280924561847,0.756727273,6.187711738484398,20.41,673,0.01775399109541334,1.8293271071500128,FALSE,72.28575074664536,2.3204339675954957,Thesis,NA,NA,NA
M7,CorteMadera,T1,6,a,2026-01-10,2026-02-07,2026,3.204993196,0,0,0,0,0,0,0,0,0,0,OK,February,Scarped,East.facing,"Wet
(Months 7-9)",Edge,C1-6a,1.664516129032258,0.778545455,6.187711738484398,20.41,673,-0.02515538212948231,1.757631476156524,FALSE,72.28575074664536,2.3204339675954957,Thesis,NA,NA,NA
M7,CorteMadera,T1,6,b,2026-01-10,2026-02-07,2026,6.58020078,0,0,0,0,0,0,0,0,0,0,OK,February,Scarped,East.facing,"Wet
(Months 7-9)",Edge,C1-6b,1.6620777241554483,0.775636364,6.187711738484398,20.41,673,-0.02515538212948231,1.757631476156524,FALSE,72.28575074664536,2.3204339675954957,Thesis,NA,NA,NA
M7,CorteMadera,T1,6,c,2026-01-10,2026-02-07,2026,2.230920032,0,0,0,0,0,0,0,0,0,0,OK,February,Scarped,East.facing,"Wet
(Months 7-9)",Edge,C1-6c,1.6529337058674116,0.764727273,6.187711738484398,20.41,673,-0.02515538212948231,1.757631476156524,FALSE,72.28575074664536,2.3204339675954957,Thesis,NA,NA,NA
M7,CorteMadera,T1,12,a,2026-01-10,2026-02-07,2026,4.203711518,0,0,0,0,0,0,0,0,0,0,OK,February,Scarped,East.facing,"Wet
(Months 7-9)",Platform,C1-12a,1.6413512827025651,0.750909091,6.187711738484398,20.41,673,0.0032317156537537,1.713310428434306,FALSE,72.28575074664536,2.3204339675954957,Thesis,NA,NA,NA
M7,CorteMadera,T1,12,b,2026-01-10,2026-02-07,2026,6.303770819,0,0,0,0,0,0,0,0,0,0,OK,February,Scarped,East.facing,"Wet
(Months 7-9)",Platform,C1-12b,1.6447040894081788,0.754909091,6.187711738484398,20.41,673,0.0032317156537537,1.713310428434306,FALSE,72.28575074664536,2.3204339675954957,Thesis,NA,NA,NA
M7,CorteMadera,T1,12,c,2026-01-10,2026-02-07,2026,5.357655031,0,0,0,0,0,0,0,0,0,0,OK,February,Scarped,East.facing,"Wet
(Months 7-9)",Platform,C1-12c,1.659029718059436,0.772,6.187711738484398,20.41,673,0.0032317156537537,1.713310428434306,FALSE,72.28575074664536,2.3204339675954957,Thesis,NA,NA,NA
M7,CorteMadera,T1,24,a,2026-01-10,2026-02-07,2026,6.405551387,0,0,0,0,0,0,0,0,0,0,OK,February,Scarped,East.facing,"Wet
(Months 7-9)",Platform,C1-24a,1.7199898399796798,0.844727273,6.187711738484398,20.41,673,-0.0028494853327859,1.7550712477688033,FALSE,72.28575074664536,2.3204339675954957,Thesis,NA,NA,NA
M7,CorteMadera,T1,24,b,2026-01-10,2026-02-07,2026,5.224492588,0,0,0,0,0,0,0,0,0,0,OK,February,Scarped,East.facing,"Wet
(Months 7-9)",Platform,C1-24b,1.7184658369316737,0.842909091,6.187711738484398,20.41,673,-0.0028494853327859,1.7550712477688033,FALSE,72.28575074664536,2.3204339675954957,Thesis,NA,NA,NA
M7,CorteMadera,T1,24,c,2026-01-10,2026-02-07,2026,6.034863525,0,0,0,0,0,0,0,0,0,0,OK,February,Scarped,East.facing,"Wet
(Months 7-9)",Platform,C1-24c,1.7141986283972566,0.837818182,6.187711738484398,20.41,673,-0.0028494853327859,1.7550712477688033,FALSE,72.28575074664536,2.3204339675954957,Thesis,NA,NA,NA
M7,CorteMadera,T1,48,a,2026-01-10,2026-02-07,2026,1.855797164,0,0,0,0,0,0,0,0,0,0,OK,February,Scarped,East.facing,"Wet
(Months 7-9)",Upland,C1-48a,1.732486665,0.859636364,6.187711738484398,20.41,673,-0.00558516363104424,1.727272679455228,FALSE,72.28575074664536,2.3204339675954957,Thesis,NA,NA,NA
M7,CorteMadera,T1,48,b,2026-01-10,2026-02-07,2026,2.044481384,0,0,0,0,0,0,0,0,0,0,OK,February,Scarped,East.facing,"Wet
(Months 7-9)",Upland,C1-48b,1.7108458216916431,0.833818182,6.187711738484398,20.41,673,-0.00558516363104424,1.727272679455228,FALSE,72.28575074664536,2.3204339675954957,Thesis,NA,NA,NA
M7,CorteMadera,T1,48,c,2026-01-10,2026-02-07,2026,1.762437492,0,0,0,0,0,0,0,0,0,0,OK,February,Scarped,East.facing,"Wet
(Months 7-9)",Upland,C1-48c,1.7065786131572265,0.828727273,6.187711738484398,20.41,673,-0.00558516363104424,1.727272679455228,FALSE,72.28575074664536,2.3204339675954957,Thesis,NA,NA,NA
M7,CorteMadera,T2,0.5,a,2026-01-10,2026-02-07,2026,0.006006906,0,0,0,0,0,0,0,0,0,0,OK,February,Scarped,East.facing,"Wet
(Months 7-9)",Edge,C2-0.5a,1.621234442468885,0.726909091,6.187711738484398,20.41,673,0.16925078293661744,1.481725221967733,FALSE,68.92888177014264,1.9959970930436297,Thesis,NA,NA,NA
M7,CorteMadera,T2,2,a,2026-01-10,2026-02-07,2026,0.155505888,0,0,0,0,0,0,0,0,0,0,OK,February,Scarped,East.facing,"Wet
(Months 7-9)",Edge,C2-2a,1.656286512573025,0.768727273,6.187711738484398,20.41,673,0.09235576383065149,1.6757667363825983,FALSE,68.92888177014264,1.9959970930436297,Thesis,NA,NA,NA
M7,CorteMadera,T2,2,b,2026-01-10,2026-02-07,2026,0.205301456,0,0,0,0,0,0,0,0,0,0,OK,February,Scarped,East.facing,"Wet
(Months 7-9)",Edge,C2-2b,1.6544577089154178,0.766545455,6.187711738484398,20.41,673,0.09235576383065149,1.6757667363825983,FALSE,68.92888177014264,1.9959970930436297,Thesis,NA,NA,NA
M7,CorteMadera,T2,2,c,2026-01-10,2026-02-07,2026,0.31235912,0,0,0,0,0,0,0,0,0,0,OK,February,Scarped,East.facing,"Wet
(Months 7-9)",Edge,C2-2c,1.6556769113538228,0.768,6.187711738484398,20.41,673,0.09235576383065149,1.6757667363825983,FALSE,68.92888177014264,1.9959970930436297,Thesis,NA,NA,NA
M7,CorteMadera,T2,6,a,2026-01-10,2026-02-07,2026,6.030260101,0,0,0,0,0,0,0,0,0,0,OK,February,Scarped,East.facing,"Wet
(Months 7-9)",Edge,C2-6a,1.6623825247650494,0.776,6.187711738484398,20.41,673,-0.00332539341534895,1.8033913358538023,FALSE,68.92888177014264,1.9959970930436297,Thesis,NA,NA,NA
M7,CorteMadera,T2,6,b,2026-01-10,2026-02-07,2026,5.349065716,0,0,0,0,0,0,0,0,0,0,OK,February,Scarped,East.facing,"Wet
(Months 7-9)",Edge,C2-6b,1.6727457454914911,0.788363636,6.187711738484398,20.41,673,-0.00332539341534895,1.8033913358538023,FALSE,68.92888177014264,1.9959970930436297,Thesis,NA,NA,NA
M7,CorteMadera,T2,6,c,2026-01-10,2026-02-07,2026,1.492800387,0,0,0,0,0,0,0,0,0,0,OK,February,Scarped,East.facing,"Wet
(Months 7-9)",Edge,C2-6c,1.6675641351282702,0.782181818,6.187711738484398,20.41,673,-0.00332539341534895,1.8033913358538023,FALSE,68.92888177014264,1.9959970930436297,Thesis,NA,NA,NA
M7,CorteMadera,T2,12,a,2026-01-10,2026-02-07,2026,4.307681519,0,0,0,0,0,0,0,0,0,0,OK,February,Scarped,East.facing,"Wet
(Months 7-9)",Platform,C2-12a,1.664820929641859,0.778909091,6.187711738484398,20.41,673,-0.0058473496992098,1.752402790171007,FALSE,68.92888177014264,1.9959970930436297,Thesis,NA,NA,NA
M7,CorteMadera,T2,12,b,2026-01-10,2026-02-07,2026,4.452745496,0,0,0,0,0,0,0,0,0,0,OK,February,Scarped,East.facing,"Wet
(Months 7-9)",Platform,C2-12b,1.6651257302514604,0.779272727,6.187711738484398,20.41,673,-0.0058473496992098,1.752402790171007,FALSE,68.92888177014264,1.9959970930436297,Thesis,NA,NA,NA
M7,CorteMadera,T2,12,c,2026-01-10,2026-02-07,2026,3.541604498,0,0,0,0,0,0,0,0,0,0,OK,February,Scarped,East.facing,"Wet
(Months 7-9)",Platform,C2-12c,1.6657353314706629,0.78,6.187711738484398,20.41,673,-0.0058473496992098,1.752402790171007,FALSE,68.92888177014264,1.9959970930436297,Thesis,NA,NA,NA
M7,CorteMadera,T2,24,a,2026-01-10,2026-02-07,2026,3.673644155,0,0,0,0,0,0,0,0,0,0,OK,February,Scarped,East.facing,"Wet
(Months 7-9)",Platform,C2-24a,1.6794513589027176,0.796363636,6.187711738484398,20.41,673,6.099121469114189e-4,1.74610186223484,FALSE,68.92888177014264,1.9959970930436297,Thesis,NA,NA,NA
M7,CorteMadera,T2,24,b,2026-01-10,2026-02-07,2026,3.32748917,0,0,0,0,0,0,0,0,0,0,OK,February,Scarped,East.facing,"Wet
(Months 7-9)",Platform,C2-24b,1.6843281686563372,0.802181818,6.187711738484398,20.41,673,6.099121469114189e-4,1.74610186223484,FALSE,68.92888177014264,1.9959970930436297,Thesis,NA,NA,NA
M7,CorteMadera,T2,24,c,2026-01-10,2026-02-07,2026,4.002283674,0,0,0,0,0,0,0,0,0,0,OK,February,Scarped,East.facing,"Wet
(Months 7-9)",Platform,C2-24c,1.6751841503683007,0.791272727,6.187711738484398,20.41,673,6.099121469114189e-4,1.74610186223484,FALSE,68.92888177014264,1.9959970930436297,Thesis,NA,NA,NA
M7,CorteMadera,T2,48,a,2026-01-10,2026-02-07,2026,2.235691873,0,0,0,0,0,0,0,0,0,0,OK,February,Scarped,East.facing,"Wet
(Months 7-9)",Upland,C2-48a,1.6794513589027176,0.796363636,6.187711738484398,20.41,673,-0.00378424848987517,1.7284424717637423,FALSE,68.92888177014264,1.9959970930436297,Thesis,NA,NA,NA
M7,CorteMadera,T2,48,b,2026-01-10,2026-02-07,2026,2.001815509,0,0,0,0,0,0,0,0,0,0,OK,February,Scarped,East.facing,"Wet
(Months 7-9)",Upland,C2-48b,1.6821945643891287,0.799636364,6.187711738484398,20.41,673,-0.00378424848987517,1.7284424717637423,FALSE,68.92888177014264,1.9959970930436297,Thesis,NA,NA,NA
M7,CorteMadera,T2,48,c,2026-01-10,2026-02-07,2026,1.9309677,0,0,0,0,0,0,0,0,0,0,OK,February,Scarped,East.facing,"Wet
(Months 7-9)",Upland,C2-48c,1.673050546101092,0.788727273,6.187711738484398,20.41,673,-0.00378424848987517,1.7284424717637423,FALSE,68.92888177014264,1.9959970930436297,Thesis,NA,NA,NA
M7,SanPablo,T1,0.5,a,2026-01-11,2026-02-06,2026,1.540523119,0,0,0,0,0,0,0,0,0,0,OK,February,Ramped,South.facing,"Wet
(Months 7-9)",Edge,S1-0.5a,1.706273812547625,0.771628722,8.162132471728594,25.85,619,0.01994320045890097,1.8226043860308456,FALSE,25.333978068263427,1.1905148622217414,Thesis,NA,NA,NA
M7,SanPablo,T1,0.5,b,2026-01-11,2026-02-06,2026,0.769143092,0,0,0,0,0,0,0,0,0,0,OK,February,Ramped,South.facing,"Wet
(Months 7-9)",Edge,S1-0.5b,1.722733045466091,0.790542907,8.162132471728594,25.85,619,0.01994320045890097,1.8226043860308456,FALSE,25.333978068263427,1.1905148622217414,Thesis,NA,NA,NA
M7,SanPablo,T1,0.5,c,2026-01-11,2026-02-06,2026,0.854267559,0,0,0,0,0,0,0,0,0,0,OK,February,Ramped,South.facing,"Wet
(Months 7-9)",Edge,S1-0.5c,1.723037846075692,0.79089317,8.162132471728594,25.85,619,0.01994320045890097,1.8226043860308456,FALSE,25.333978068263427,1.1905148622217414,Thesis,NA,NA,NA
M7,SanPablo,T1,2,a,2026-01-11,2026-02-06,2026,2.50204267,0,0,0,0,0,0,0,0,0,0,OK,February,Ramped,South.facing,"Wet
(Months 7-9)",Edge,S1-2a,1.6913385826771654,0.754465849,8.162132471728594,25.85,619,0.3776886912580827,1.8192972125194615,FALSE,25.333978068263427,1.1905148622217414,Thesis,NA,NA,NA
M7,SanPablo,T1,2,b,2026-01-11,2026-02-06,2026,1.82056327,0,0,0,0,0,0,0,0,0,0,OK,February,Ramped,South.facing,"Wet
(Months 7-9)",Edge,S1-2b,1.7202946405892812,0.787740806,8.162132471728594,25.85,619,0.3776886912580827,1.8192972125194615,FALSE,25.333978068263427,1.1905148622217414,Thesis,NA,NA,NA
M7,SanPablo,T1,2,c,2026-01-11,2026-02-06,2026,1.073849991,0,0,0,0,0,0,0,0,0,0,OK,February,Ramped,South.facing,"Wet
(Months 7-9)",Edge,S1-2c,1.7550419100838202,0.827670753,8.162132471728594,25.85,619,0.3776886912580827,1.8192972125194615,FALSE,25.333978068263427,1.1905148622217414,Thesis,NA,NA,NA
M7,SanPablo,T1,6,a,2026-01-11,2026-02-06,2026,1.963183027,0,0,0,0,0,0,0,0,0,0,OK,February,Ramped,South.facing,"Wet
(Months 7-9)",Edge,S1-6a,1.8266700533401063,0.909982487,8.162132471728594,25.85,619,-0.0114628633903121,1.8447290956966944,FALSE,25.333978068263427,1.1905148622217414,Thesis,NA,NA,NA
M7,SanPablo,T1,6,b,2026-01-11,2026-02-06,2026,1.573835321,0,0,0,0,0,0,0,0,0,0,OK,February,Ramped,South.facing,"Wet
(Months 7-9)",Edge,S1-6b,1.8254508509017016,0.908581436,8.162132471728594,25.85,619,-0.0114628633903121,1.8447290956966944,FALSE,25.333978068263427,1.1905148622217414,Thesis,NA,NA,NA
M7,SanPablo,T1,6,c,2026-01-11,2026-02-06,2026,1.672200029,0,0,0,0,0,0,0,0,0,0,OK,February,Ramped,South.facing,"Wet
(Months 7-9)",Edge,S1-6c,1.83002286004572,0.913835377,8.162132471728594,25.85,619,-0.0114628633903121,1.8447290956966944,FALSE,25.333978068263427,1.1905148622217414,Thesis,NA,NA,NA
M7,SanPablo,T1,12,a,2026-01-11,2026-02-06,2026,3.939142785,1,0,0,0,0,0,0,0,0,0,Review,February,Ramped,South.facing,"Wet
(Months 7-9)",Platform,S1-12a,1.877266954533909,0.968126095,8.162132471728594,25.85,619,0.05459195462793114,1.939426772189594,FALSE,25.333978068263427,1.1905148622217414,Thesis,NA,NA,NA
M7,SanPablo,T1,12,b,2026-01-11,2026-02-06,2026,2.784642197,1,0,0,0,0,0,0,0,0,0,Review,February,Ramped,South.facing,"Wet
(Months 7-9)",Platform,S1-12b,1.889763779527559,0.982486865,8.162132471728594,25.85,619,0.05459195462793114,1.939426772189594,FALSE,25.333978068263427,1.1905148622217414,Thesis,NA,NA,NA
M7,SanPablo,T1,12,c,2026-01-11,2026-02-06,2026,1.603399146,0,0,0,0,0,0,1,0,0,0,Review,February,Ramped,South.facing,"Wet
(Months 7-9)",Platform,S1-12c,1.8851917703835408,0.977232925,8.162132471728594,25.85,619,0.05459195462793114,1.939426772189594,FALSE,25.333978068263427,1.1905148622217414,Thesis,NA,NA,NA
M7,SanPablo,T1,24,a,2026-01-11,2026-02-06,2026,1.724798244,0,0,0,0,0,0,0,0,0,0,OK,February,Ramped,South.facing,"Wet
(Months 7-9)",Platform,S1-24a,1.9751079502159004,1.08056042,8.162132471728594,25.85,619,0.01741473153111573,2.037429934956382,FALSE,25.333978068263427,1.1905148622217414,Thesis,NA,NA,NA
M7,SanPablo,T1,24,b,2026-01-11,2026-02-06,2026,1.682175552,0,0,0,0,0,0,0,0,0,0,OK,February,Ramped,South.facing,"Wet
(Months 7-9)",Platform,S1-24b,1.984861569723139,1.091768827,8.162132471728594,25.85,619,0.01741473153111573,2.037429934956382,FALSE,25.333978068263427,1.1905148622217414,Thesis,NA,NA,NA
M7,SanPablo,T1,24,c,2026-01-11,2026-02-06,2026,1.79722659,0,0,0,0,0,0,0,0,0,0,OK,February,Ramped,South.facing,"Wet
(Months 7-9)",Platform,S1-24c,1.9751079502159004,1.08056042,8.162132471728594,25.85,619,0.01741473153111573,2.037429934956382,FALSE,25.333978068263427,1.1905148622217414,Thesis,NA,NA,NA
M7,SanPablo,T1,48,a,2026-01-11,2026-02-06,2026,1.288414434,0,0,0,0,0,0,0,0,0,0,OK,February,Ramped,South.facing,"Wet
(Months 7-9)",Upland,S1-48a,2.013208026416053,1.124343257,8.162132471728594,25.85,619,-0.00126515639596243,2.068042486947528,FALSE,25.333978068263427,1.1905148622217414,Thesis,NA,NA,NA
M7,SanPablo,T1,48,b,2026-01-11,2026-02-06,2026,1.279043487,0,0,0,0,0,0,0,0,0,0,OK,February,Ramped,South.facing,"Wet
(Months 7-9)",Upland,S1-48b,2.0159512319024637,1.127495622,8.162132471728594,25.85,619,-0.00126515639596243,2.068042486947528,FALSE,25.333978068263427,1.1905148622217414,Thesis,NA,NA,NA
M7,SanPablo,T1,48,c,2026-01-11,2026-02-06,2026,1.398387023,0,0,0,0,0,0,0,0,0,0,OK,February,Ramped,South.facing,"Wet
(Months 7-9)",Upland,S1-48c,2.0144272288544576,1.125744308,8.162132471728594,25.85,619,-0.00126515639596243,2.068042486947528,FALSE,25.333978068263427,1.1905148622217414,Thesis,NA,NA,NA
M7,SanPablo,T2,0.5,b,2026-01-11,2026-02-06,2026,1.223180556,0,0,0,0,0,0,0,0,0,0,OK,February,Ramped,South.facing,"Wet
(Months 7-9)",Edge,S2-0.5b,1.7297434594869188,0.798598949,8.162132471728594,25.85,619,0.01304185246874274,1.9776110105035407,FALSE,35.97380842326667,1.4533466871480498,Thesis,NA,NA,NA
M7,SanPablo,T2,0.5,c,2026-01-11,2026-02-06,2026,0.995738619,0,0,0,0,0,0,0,0,0,0,OK,February,Ramped,South.facing,"Wet
(Months 7-9)",Edge,S2-0.5c,1.721818643637287,0.789492119,8.162132471728594,25.85,619,0.01304185246874274,1.9776110105035407,FALSE,35.97380842326667,1.4533466871480498,Thesis,NA,NA,NA
M7,SanPablo,T2,2,a,2026-01-11,2026-02-06,2026,2.789760951,0,0,0,0,0,0,0,0,0,0,OK,February,Ramped,South.facing,"Wet
(Months 7-9)",Edge,S2-2a,1.7401066802133602,0.810507881,8.162132471728594,25.85,619,0.01154246712137735,1.9960940502981117,FALSE,35.97380842326667,1.4533466871480498,Thesis,NA,NA,NA
M7,SanPablo,T2,2,b,2026-01-11,2026-02-06,2026,1.447418233,0,0,0,0,0,0,0,0,0,0,OK,February,Ramped,South.facing,"Wet
(Months 7-9)",Edge,S2-2b,1.751993903987808,0.824168126,8.162132471728594,25.85,619,0.01154246712137735,1.9960940502981117,FALSE,35.97380842326667,1.4533466871480498,Thesis,NA,NA,NA
M7,SanPablo,T2,2,c,2026-01-11,2026-02-06,2026,1.485990257,0,0,0,0,0,0,0,0,0,0,OK,February,Ramped,South.facing,"Wet
(Months 7-9)",Edge,S2-2c,1.750469900939802,0.822416813,8.162132471728594,25.85,619,0.01154246712137735,1.9960940502981117,FALSE,35.97380842326667,1.4533466871480498,Thesis,NA,NA,NA
M7,SanPablo,T2,6,a,2026-01-11,2026-02-06,2026,2.291831183,0,0,0,0,0,0,0,0,0,0,OK,February,Ramped,South.facing,"Wet
(Months 7-9)",Edge,S2-6a,1.8239268478536956,0.906830123,8.162132471728594,25.85,619,0.00730802606089925,2.0337458535335737,FALSE,35.97380842326667,1.4533466871480498,Thesis,NA,NA,NA
M7,SanPablo,T2,6,b,2026-01-11,2026-02-06,2026,1.707567794,0,0,0,0,0,0,0,0,0,0,OK,February,Ramped,South.facing,"Wet
(Months 7-9)",Edge,S2-6b,1.8135636271272544,0.894921191,8.162132471728594,25.85,619,0.00730802606089925,2.0337458535335737,FALSE,35.97380842326667,1.4533466871480498,Thesis,NA,NA,NA
M7,SanPablo,T2,6,c,2026-01-11,2026-02-06,2026,2.369761182,0,0,0,0,0,0,0,0,0,0,OK,February,Ramped,South.facing,"Wet
(Months 7-9)",Edge,S2-6c,1.8083820167640337,0.888966725,8.162132471728594,25.85,619,0.00730802606089925,2.0337458535335737,FALSE,35.97380842326667,1.4533466871480498,Thesis,NA,NA,NA
M7,SanPablo,T2,12,a,2026-01-11,2026-02-06,2026,1.151961363,0,0,0,0,0,0,0,0,0,0,OK,February,Ramped,South.facing,"Wet
(Months 7-9)",Platform,S2-12a,1.899517399034798,0.993695271,8.162132471728594,25.85,619,7.536119889995986e-4,2.059116795755984,FALSE,35.97380842326667,1.4533466871480498,Thesis,NA,NA,NA
M7,SanPablo,T2,12,b,2026-01-11,2026-02-06,2026,1.127294614,0,0,0,0,0,0,0,0,0,0,OK,February,Ramped,South.facing,"Wet
(Months 7-9)",Platform,S2-12b,1.8912877825755652,0.984238179,8.162132471728594,25.85,619,7.536119889995986e-4,2.059116795755984,FALSE,35.97380842326667,1.4533466871480498,Thesis,NA,NA,NA
M7,SanPablo,T2,12,c,2026-01-11,2026-02-06,2026,1.204075917,0,0,0,0,0,0,0,0,0,0,OK,February,Ramped,South.facing,"Wet
(Months 7-9)",Platform,S2-12c,1.8836677673355344,0.975481611,8.162132471728594,25.85,619,7.536119889995986e-4,2.059116795755984,FALSE,35.97380842326667,1.4533466871480498,Thesis,NA,NA,NA
M7,SanPablo,T2,24,a,2026-01-11,2026-02-06,2026,2.164084025,0,0,0,0,0,0,0,0,0,0,OK,February,Ramped,South.facing,"Wet
(Months 7-9)",Platform,S2-24a,2.0001016002032004,1.109281961,8.162132471728594,25.85,619,-7.498068190482683e-4,2.04343186206419,FALSE,35.97380842326667,1.4533466871480498,Thesis,NA,NA,NA
M7,SanPablo,T2,24,b,2026-01-11,2026-02-06,2026,2.540251948,0,0,0,0,0,0,0,0,0,0,OK,February,Ramped,South.facing,"Wet
(Months 7-9)",Platform,S2-24b,1.9979679959359915,1.106830123,8.162132471728594,25.85,619,-7.498068190482683e-4,2.04343186206419,FALSE,35.97380842326667,1.4533466871480498,Thesis,NA,NA,NA
M7,SanPablo,T2,24,c,2026-01-11,2026-02-06,2026,2.130953195,0,0,0,0,0,0,0,0,0,0,OK,February,Ramped,South.facing,"Wet
(Months 7-9)",Platform,S2-24c,1.9915671831343664,1.099474606,8.162132471728594,25.85,619,-7.498068190482683e-4,2.04343186206419,FALSE,35.97380842326667,1.4533466871480498,Thesis,NA,NA,NA
M7,SanPablo,T2,48,a,2026-01-11,2026-02-06,2026,1.700010579,0,0,0,0,0,0,0,0,0,0,OK,February,Ramped,South.facing,"Wet
(Months 7-9)",Upland,S2-48a,2.0138176276352553,1.125043783,8.162132471728594,25.85,619,0.00473019341500792,2.0664739570769344,FALSE,35.97380842326667,1.4533466871480498,Thesis,NA,NA,NA
M7,SanPablo,T2,48,b,2026-01-11,2026-02-06,2026,2.042201265,0,0,0,0,0,0,1,0,0,0,Review,February,Ramped,South.facing,"Wet
(Months 7-9)",Upland,S2-48b,2.022961645923292,1.135551664,8.162132471728594,25.85,619,0.00473019341500792,2.0664739570769344,FALSE,35.97380842326667,1.4533466871480498,Thesis,NA,NA,NA
M7,SanPablo,T2,48,c,2026-01-11,2026-02-06,2026,1.889605984,0,1,0,0,0,0,0,0,0,0,Review,February,Ramped,South.facing,"Wet
(Months 7-9)",Upland,S2-48c,2.0205232410464817,1.132749562,8.162132471728594,25.85,619,0.00473019341500792,2.0664739570769344,FALSE,35.97380842326667,1.4533466871480498,Thesis,NA,NA,NA
M7,CorteMadera,T1,18,a,2026-01-10,2026-02-07,2026,4.591914845,0,0,0,0,0,0,0,0,0,0,OK,February,Scarped,East.facing,"Wet
(Months 7-9)",Platform,C1-18a,1.679756159512319,0.796727273,6.187711738484398,20.41,673,0.00523615127262157,1.741810125322371,FALSE,72.28575074664536,2.3204339675954957,Thesis,NA,NA,NA
M7,CorteMadera,T1,18,b,2026-01-10,2026-02-07,2026,3.60650154,0,0,0,0,0,0,0,0,0,0,OK,February,Scarped,East.facing,"Wet
(Months 7-9)",Platform,C1-18b,1.6696977393954786,0.784727273,6.187711738484398,20.41,673,0.00523615127262157,1.741810125322371,FALSE,72.28575074664536,2.3204339675954957,Thesis,NA,NA,NA
M7,CorteMadera,T1,18,c,2026-01-10,2026-02-07,2026,3.305201864,0,0,0,0,0,0,0,0,0,0,OK,February,Scarped,East.facing,"Wet
(Months 7-9)",Platform,C1-18c,1.671526543053086,0.786909091,6.187711738484398,20.41,673,0.00523615127262157,1.741810125322371,FALSE,72.28575074664536,2.3204339675954957,Thesis,NA,NA,NA
M7,CorteMadera,T2,18,a,2026-01-10,2026-02-07,2026,3.092209323,0,0,0,0,0,0,0,0,0,0,OK,February,Scarped,East.facing,"Wet
(Months 7-9)",Platform,C2-18a,1.6623825247650494,0.776,6.187711738484398,20.41,673,5.42879874173271e-4,1.7467200155303768,FALSE,68.92888177014264,1.9959970930436297,Thesis,NA,NA,NA
M7,CorteMadera,T2,18,b,2026-01-10,2026-02-07,2026,2.632372236,0,0,0,0,0,0,0,0,0,0,OK,February,Scarped,East.facing,"Wet
(Months 7-9)",Platform,C2-18b,1.6672593345186688,0.781818182,6.187711738484398,20.41,673,5.42879874173271e-4,1.7467200155303768,FALSE,68.92888177014264,1.9959970930436297,Thesis,NA,NA,NA
M7,SanPablo,T1,18,a,2026-01-11,2026-02-06,2026,1.275476482,0,0,0,0,0,0,0,0,0,0,OK,February,Ramped,South.facing,"Wet
(Months 7-9)",Platform,S1-18a,1.9778511557023113,1.083712785,8.162132471728594,25.85,619,0.02400136488500243,2.068566284857941,FALSE,25.333978068263427,1.1905148622217414,Thesis,NA,NA,NA
M7,SanPablo,T1,18,b,2026-01-11,2026-02-06,2026,0.632750479,0,0,0,0,0,0,0,0,0,0,OK,February,Ramped,South.facing,"Wet
(Months 7-9)",Platform,S1-18b,1.9882143764287528,1.095621716,8.162132471728594,25.85,619,0.02400136488500243,2.068566284857941,FALSE,25.333978068263427,1.1905148622217414,Thesis,NA,NA,NA
M7,SanPablo,T1,18,c,2026-01-11,2026-02-06,2026,0.605121302,0,0,0,0,0,0,0,0,0,0,OK,February,Ramped,South.facing,"Wet
(Months 7-9)",Platform,S1-18c,1.9918719837439671,1.099824869,8.162132471728594,25.85,619,0.02400136488500243,2.068566284857941,FALSE,25.333978068263427,1.1905148622217414,Thesis,NA,NA,NA
M7,SanPablo,T2,18,a,2026-01-11,2026-02-06,2026,1.379463757,0,0,0,0,0,0,0,0,0,0,OK,February,Ramped,South.facing,"Wet
(Months 7-9)",Platform,S2-18a,1.9677927355854712,1.072154116,8.162132471728594,25.85,619,-0.00193388038167319,2.053170271773423,FALSE,35.97380842326667,1.4533466871480498,Thesis,NA,NA,NA
M7,SanPablo,T2,18,b,2026-01-11,2026-02-06,2026,1.116835429,0,0,0,0,0,0,0,0,0,0,OK,February,Ramped,South.facing,"Wet
(Months 7-9)",Platform,S2-18b,1.9677927355854712,1.072154116,8.162132471728594,25.85,619,-0.00193388038167319,2.053170271773423,FALSE,35.97380842326667,1.4533466871480498,Thesis,NA,NA,NA
M7,SanPablo,T2,18,c,2026-01-11,2026-02-06,2026,0.900638629,0,0,0,0,0,0,0,0,0,0,OK,February,Ramped,South.facing,"Wet
(Months 7-9)",Platform,S2-18c,1.9613919227838457,1.064798599,8.162132471728594,25.85,619,-0.00193388038167319,2.053170271773423,FALSE,35.97380842326667,1.4533466871480498,Thesis,NA,NA,NA
M7,Buck'sLanding,T2,18,a,2026-01-22,2026-02-21,2026,0.868055949,0,0,0,0,0,0,0,0,0,0,OK,February,Ramped,East.facing,"Wet
(Months 7-9)",Platform,B2-18a,1.8312420624841248,0.949044586,5.596393897364771,30.52,721,-0.01547712531206526,1.9112682741845783,FALSE,29.104492140178493,1.2333122768097955,Thesis,NA,NA,NA
M7,Buck'sLanding,T2,18,b,2026-01-22,2026-02-21,2026,0.739107697,0,0,0,0,0,0,0,0,0,0,OK,February,Ramped,East.facing,"Wet
(Months 7-9)",Platform,B2-18b,1.8269748539497075,0.944090587,5.596393897364771,30.52,721,-0.01547712531206526,1.9112682741845783,FALSE,29.104492140178493,1.2333122768097955,Thesis,NA,NA,NA
M7,Buck'sLanding,T2,18,c,2026-01-22,2026-02-21,2026,0.738636127,0,0,0,0,0,0,0,0,0,0,OK,February,Ramped,East.facing,"Wet
(Months 7-9)",Platform,B2-18c,1.8403860807721617,0.959660297,5.596393897364771,30.52,721,-0.01547712531206526,1.9112682741845783,FALSE,29.104492140178493,1.2333122768097955,Thesis,NA,NA,NA
M7,GiantMarsh,T1,18,a,2026-01-23,2026-02-20,2026,4.100976581,0,0,0,0,0,0,0,0,0,0,OK,February,Scarped,West.facing,"Wet
(Months 7-9)",Platform,G1-18a,1.958039116078232,1.070756361,5.728306092124814,30.52,673,-4.8566594081641705e-4,1.9478622938935235,FALSE,61.82523742803928,2.5615527555530693,Thesis,NA,NA,NA
M7,GiantMarsh,T1,18,b,2026-01-23,2026-02-20,2026,3.307279019,0,0,0,0,0,0,0,0,0,0,OK,February,Scarped,West.facing,"Wet
(Months 7-9)",Platform,G1-18b,1.94005588011176,1.050191704,5.728306092124814,30.52,673,-4.8566594081641705e-4,1.9478622938935235,FALSE,61.82523742803928,2.5615527555530693,Thesis,NA,NA,NA
M7,GiantMarsh,T1,18,c,2026-01-23,2026-02-20,2026,6.158257728,0,0,0,0,0,0,0,0,0,0,OK,February,Scarped,West.facing,"Wet
(Months 7-9)",Platform,G1-18c,1.9348742697485393,1.044266295,5.728306092124814,30.52,673,-4.8566594081641705e-4,1.9478622938935235,FALSE,61.82523742803928,2.5615527555530693,Thesis,NA,NA,NA
M7,GiantMarsh,T2,18,a,2026-01-23,2026-02-20,2026,6.336668454,0,0,0,0,0,0,0,0,0,0,OK,February,Scarped,West.facing,"Wet
(Months 7-9)",Platform,G2-18a,1.9610871221742443,1.074241896,5.728306092124814,30.52,673,0.01085632180604558,1.9382465005969651,FALSE,47.44065202971936,2.141172071480484,Thesis,NA,NA,NA
M7,GiantMarsh,T2,18,b,2026-01-23,2026-02-20,2026,7.561572055,0,0,0,0,0,0,0,0,0,0,OK,February,Scarped,West.facing,"Wet
(Months 7-9)",Platform,G2-18b,1.9516383032766065,1.063436738,5.728306092124814,30.52,673,0.01085632180604558,1.9382465005969651,FALSE,47.44065202971936,2.141172071480484,Thesis,NA,NA,NA
M7,GiantMarsh,T2,18,c,2026-01-23,2026-02-20,2026,7.365589724,0,0,0,0,0,0,0,0,0,0,OK,February,Scarped,West.facing,"Wet
(Months 7-9)",Platform,G2-18c,1.9586487172974345,1.071453468,5.728306092124814,30.52,673,0.01085632180604558,1.9382465005969651,FALSE,47.44065202971936,2.141172071480484,Thesis,NA,NA,NA
M8,Buck'sLanding,T1,0.5,a,2026-02-21,2026-03-20,2026,1.932040584,0,0,0,0,0,0,0,1,0,0,Review,March,Ramped,East.facing,"Wet
(Months 7-9)",Edge,B1-0.5a,1.6544577089154178,0.743807502,4.5524729520865534,22.16,647,0.17785756524338506,1.7010695502979745,FALSE,34.89580532666493,1.2246004538785733,Thesis,NA,NA,NA
M8,Buck'sLanding,T1,0.5,b,2026-02-21,2026-03-20,2026,1.635300668,0,0,0,0,0,0,0,1,0,0,Review,March,Ramped,East.facing,"Wet
(Months 7-9)",Edge,B1-0.5b,1.6599441198882396,0.750176929,4.5524729520865534,22.16,647,0.17785756524338506,1.7010695502979745,FALSE,34.89580532666493,1.2246004538785733,Thesis,NA,NA,NA
M8,Buck'sLanding,T1,0.5,c,2026-02-21,2026-03-20,2026,0.632020508,0,0,0,0,0,0,0,0,0,0,OK,March,Ramped,East.facing,"Wet
(Months 7-9)",Edge,B1-0.5c,1.6611633223266449,0.751592357,4.5524729520865534,22.16,647,0.17785756524338506,1.7010695502979745,FALSE,34.89580532666493,1.2246004538785733,Thesis,NA,NA,NA
M8,Buck'sLanding,T1,2,a,2026-02-21,2026-03-20,2026,0.517329977,0,0,0,0,0,0,0,0,0,0,OK,March,Ramped,East.facing,"Wet
(Months 7-9)",Edge,B1-2a,1.7718059436118871,0.880042463,4.5524729520865534,22.16,647,0.02968375936655274,1.858339098018449,FALSE,34.89580532666493,1.2246004538785733,Thesis,NA,NA,NA
M8,Buck'sLanding,T1,2,b,2026-02-21,2026-03-20,2026,1.035940763,0,0,0,0,0,0,0,0,0,0,OK,March,Ramped,East.facing,"Wet
(Months 7-9)",Edge,B1-2b,1.7794259588519177,0.888888889,4.5524729520865534,22.16,647,0.02968375936655274,1.858339098018449,FALSE,34.89580532666493,1.2246004538785733,Thesis,NA,NA,NA
M8,Buck'sLanding,T1,2,c,2026-02-21,2026-03-20,2026,0.460159368,0,0,0,0,0,0,0,0,0,0,OK,March,Ramped,East.facing,"Wet
(Months 7-9)",Edge,B1-2c,1.7669291338582676,0.87438075,4.5524729520865534,22.16,647,0.02968375936655274,1.858339098018449,FALSE,34.89580532666493,1.2246004538785733,Thesis,NA,NA,NA
M8,Buck'sLanding,T1,6,a,2026-02-21,2026-03-20,2026,2.851369605,0,0,0,0,0,0,0,0,0,0,OK,March,Ramped,East.facing,"Wet
(Months 7-9)",Edge,B1-6a,1.8138684277368553,0.928874735,4.5524729520865534,22.16,647,0.01104286813360896,1.8720950223241668,FALSE,34.89580532666493,1.2246004538785733,Thesis,NA,NA,NA
M8,Buck'sLanding,T1,6,b,2026-02-21,2026-03-20,2026,2.562372755,0,0,0,0,0,0,0,0,0,0,OK,March,Ramped,East.facing,"Wet
(Months 7-9)",Edge,B1-6b,1.806248412496825,0.920028309,4.5524729520865534,22.16,647,0.01104286813360896,1.8720950223241668,FALSE,34.89580532666493,1.2246004538785733,Thesis,NA,NA,NA
M8,Buck'sLanding,T1,6,c,2026-02-21,2026-03-20,2026,2.805726267,0,0,0,0,0,0,0,0,0,0,OK,March,Ramped,East.facing,"Wet
(Months 7-9)",Edge,B1-6c,1.8053340106680211,0.918966737,4.5524729520865534,22.16,647,0.01104286813360896,1.8720950223241668,FALSE,34.89580532666493,1.2246004538785733,Thesis,NA,NA,NA
M8,Buck'sLanding,T1,12,a,2026-02-21,2026-03-20,2026,0.963051146,0,0,0,0,0,0,0,0,0,0,OK,March,Ramped,East.facing,"Wet
(Months 7-9)",Platform,B1-12a,1.8483108966217932,0.96886058,4.5524729520865534,22.16,647,-0.00172583812482088,1.8663152905950524,FALSE,34.89580532666493,1.2246004538785733,Thesis,NA,NA,NA
M8,Buck'sLanding,T1,12,b,2026-02-21,2026-03-20,2026,1.274578573,0,0,0,0,0,0,0,0,0,0,OK,March,Ramped,East.facing,"Wet
(Months 7-9)",Platform,B1-12b,1.8461772923545847,0.966383581,4.5524729520865534,22.16,647,-0.00172583812482088,1.8663152905950524,FALSE,34.89580532666493,1.2246004538785733,Thesis,NA,NA,NA
M8,Buck'sLanding,T1,12,c,2026-02-21,2026-03-20,2026,1.159713386,0,0,0,0,0,0,0,0,0,0,OK,March,Ramped,East.facing,"Wet
(Months 7-9)",Platform,B1-12c,1.8428244856489713,0.962491154,4.5524729520865534,22.16,647,-0.00172583812482088,1.8663152905950524,FALSE,34.89580532666493,1.2246004538785733,Thesis,NA,NA,NA
M8,Buck'sLanding,T1,18,b,2026-02-21,2026-03-20,2026,1.076984836,0,0,0,0,0,0,0,0,0,0,OK,March,Ramped,East.facing,"Wet
(Months 7-9)",Platform,B1-18b,1.8745237490474984,0.999292286,4.5524729520865534,22.16,647,-0.02221947652684898,1.8408866750284556,FALSE,34.89580532666493,1.2246004538785733,Thesis,NA,NA,NA
M8,Buck'sLanding,T1,18,c,2026-02-21,2026-03-20,2026,1.059519273,0,0,0,0,0,0,0,0,0,0,OK,March,Ramped,East.facing,"Wet
(Months 7-9)",Platform,B1-18c,1.8806197612395223,1.006369427,4.5524729520865534,22.16,647,-0.02221947652684898,1.8408866750284556,FALSE,34.89580532666493,1.2246004538785733,Thesis,NA,NA,NA
M8,Buck'sLanding,T1,24,a,2026-02-21,2026-03-20,2026,0.959208723,0,0,0,0,0,0,0,0,0,0,OK,March,Ramped,East.facing,"Wet
(Months 7-9)",Platform,B1-24a,1.8641605283210565,0.987261146,4.5524729520865534,22.16,647,0.02688120789993156,1.8505249450567665,FALSE,34.89580532666493,1.2246004538785733,Thesis,NA,NA,NA
M8,Buck'sLanding,T1,24,b,2026-02-21,2026-03-20,2026,0.920027643,0,0,0,0,0,0,0,0,0,0,OK,March,Ramped,East.facing,"Wet
(Months 7-9)",Platform,B1-24b,1.869037338074676,0.992922859,4.5524729520865534,22.16,647,0.02688120789993156,1.8505249450567665,FALSE,34.89580532666493,1.2246004538785733,Thesis,NA,NA,NA
M8,Buck'sLanding,T1,24,c,2026-02-21,2026-03-20,2026,0.876247298,0,0,0,0,0,0,0,0,0,0,OK,March,Ramped,East.facing,"Wet
(Months 7-9)",Platform,B1-24c,1.8714757429514857,0.995753715,4.5524729520865534,22.16,647,0.02688120789993156,1.8505249450567665,FALSE,34.89580532666493,1.2246004538785733,Thesis,NA,NA,NA
M8,Buck'sLanding,T1,48,a,2026-02-21,2026-03-20,2026,1.480206468,0,0,0,0,0,0,0,0,0,0,OK,March,Ramped,East.facing,"Wet
(Months 7-9)",Upland,B1-48a,1.856845313690627,0.978768577,4.5524729520865534,22.16,647,0.00709242883196758,1.921341208364329,TRUE,34.89580532666493,1.2246004538785733,Thesis,NA,NA,NA
M8,Buck'sLanding,T1,48,b,2026-02-21,2026-03-20,2026,1.820901385,0,0,0,0,0,0,0,0,0,0,OK,March,Ramped,East.facing,"Wet
(Months 7-9)",Upland,B1-48b,1.850749301498603,0.971691437,4.5524729520865534,22.16,647,0.00709242883196758,1.921341208364329,TRUE,34.89580532666493,1.2246004538785733,Thesis,NA,NA,NA
M8,Buck'sLanding,T1,48,c,2026-02-21,2026-03-20,2026,5.557833255,0,0,0,0,0,0,1,0,0,0,Review,March,Ramped,East.facing,"Wet
(Months 7-9)",Upland,B1-48c,1.8516637033274064,0.972753008,4.5524729520865534,22.16,647,0.00709242883196758,1.921341208364329,TRUE,34.89580532666493,1.2246004538785733,Thesis,NA,NA,NA
M8,Buck'sLanding,T2,0.5,a,2026-02-21,2026-03-20,2026,1.630468529,0,0,0,0,0,0,0,0,0,0,OK,March,Ramped,East.facing,"Wet
(Months 7-9)",Edge,B2-0.5a,1.6338836677673354,0.7199221515,4.5524729520865534,22.16,647,-4.902368587095996e-4,1.8307718827004935,FALSE,29.104492140178493,1.2333122768097955,Thesis,NA,NA,NA
M8,Buck'sLanding,T2,0.5,b,2026-02-21,2026-03-20,2026,1.449641733,0,0,0,0,0,0,0,0,0,0,OK,March,Ramped,East.facing,"Wet
(Months 7-9)",Edge,B2-0.5b,1.6431800863601729,0.730714791,4.5524729520865534,22.16,647,-4.902368587095996e-4,1.8307718827004935,FALSE,29.104492140178493,1.2333122768097955,Thesis,NA,NA,NA
M8,Buck'sLanding,T2,0.5,c,2026-02-21,2026-03-20,2026,1.579003337,0,0,0,0,0,0,0,0,0,0,OK,March,Ramped,East.facing,"Wet
(Months 7-9)",Edge,B2-0.5c,1.6407416814833629,0.727883935,4.5524729520865534,22.16,647,-4.902368587095996e-4,1.8307718827004935,FALSE,29.104492140178493,1.2333122768097955,Thesis,NA,NA,NA
M8,Buck'sLanding,T2,2,a,2026-02-21,2026-03-20,2026,0.576072488,0,0,0,0,0,0,0,0,0,0,OK,March,Ramped,East.facing,"Wet
(Months 7-9)",Edge,B2-2a,1.773329946659893,0.881811748,4.5524729520865534,22.16,647,0.00879335684428583,1.8375292375952912,FALSE,29.104492140178493,1.2333122768097955,Thesis,NA,NA,NA
M8,Buck'sLanding,T2,2,b,2026-02-21,2026-03-20,2026,0.063050683,0,0,0,0,0,0,0,0,0,0,OK,March,Ramped,East.facing,"Wet
(Months 7-9)",Edge,B2-2b,1.7654051308102614,0.872611465,4.5524729520865534,22.16,647,0.00879335684428583,1.8375292375952912,FALSE,29.104492140178493,1.2333122768097955,Thesis,NA,NA,NA
M8,Buck'sLanding,T2,2,c,2026-02-21,2026-03-20,2026,0.194799247,0,0,0,0,0,0,0,0,0,0,OK,March,Ramped,East.facing,"Wet
(Months 7-9)",Edge,B2-2c,1.7696723393446787,0.877565464,4.5524729520865534,22.16,647,0.00879335684428583,1.8375292375952912,FALSE,29.104492140178493,1.2333122768097955,Thesis,NA,NA,NA
M8,Buck'sLanding,T2,6,a,2026-02-21,2026-03-20,2026,2.811489902,0,0,0,0,0,0,0,0,0,0,OK,March,Ramped,East.facing,"Wet
(Months 7-9)",Edge,B2-6a,1.843738887477775,0.963552725,4.5524729520865534,22.16,647,0.01218461482376672,1.894739035630732,FALSE,29.104492140178493,1.2333122768097955,Thesis,NA,NA,NA
M8,Buck'sLanding,T2,6,b,2026-02-21,2026-03-20,2026,2.971299804,0,0,0,0,0,0,0,0,0,0,OK,March,Ramped,East.facing,"Wet
(Months 7-9)",Edge,B2-6b,1.8394716789433576,0.958598726,4.5524729520865534,22.16,647,0.01218461482376672,1.894739035630732,FALSE,29.104492140178493,1.2333122768097955,Thesis,NA,NA,NA
M8,Buck'sLanding,T2,6,c,2026-02-21,2026-03-20,2026,2.292296932,0,0,0,0,0,0,0,0,0,0,OK,March,Ramped,East.facing,"Wet
(Months 7-9)",Edge,B2-6c,1.8376428752857503,0.956475584,4.5524729520865534,22.16,647,0.01218461482376672,1.894739035630732,FALSE,29.104492140178493,1.2333122768097955,Thesis,NA,NA,NA
M8,Buck'sLanding,T2,12,a,2026-02-21,2026-03-20,2026,2.120377573,0,0,0,0,0,0,0,0,0,0,OK,March,Ramped,East.facing,"Wet
(Months 7-9)",Platform,B2-12a,1.84008128016256,0.95930644,4.5524729520865534,22.16,647,0.02661783367146161,1.8694116559719185,FALSE,29.104492140178493,1.2333122768097955,Thesis,NA,NA,NA
M8,Buck'sLanding,T2,12,b,2026-02-21,2026-03-20,2026,2.211897123,0,0,0,0,0,0,0,0,0,0,OK,March,Ramped,East.facing,"Wet
(Months 7-9)",Platform,B2-12b,1.835814071628143,0.954352442,4.5524729520865534,22.16,647,0.02661783367146161,1.8694116559719185,FALSE,29.104492140178493,1.2333122768097955,Thesis,NA,NA,NA
M8,Buck'sLanding,T2,12,c,2026-02-21,2026-03-20,2026,2.004697327,0,0,0,0,0,0,0,0,0,0,OK,March,Ramped,East.facing,"Wet
(Months 7-9)",Platform,B2-12c,1.822098044196088,0.938428875,4.5524729520865534,22.16,647,0.02661783367146161,1.8694116559719185,FALSE,29.104492140178493,1.2333122768097955,Thesis,NA,NA,NA
M8,Buck'sLanding,T2,18,a,2026-02-21,2026-03-20,2026,1.461227223,0,0,0,0,0,0,0,0,0,0,OK,March,Ramped,East.facing,"Wet
(Months 7-9)",Platform,B2-18a,1.8312420624841248,0.949044586,4.5524729520865534,22.16,647,-0.01547712531206526,1.9112682741845783,FALSE,29.104492140178493,1.2333122768097955,Thesis,NA,NA,NA
M8,Buck'sLanding,T2,18,b,2026-02-21,2026-03-20,2026,1.247972698,0,0,0,0,0,0,0,0,0,0,OK,March,Ramped,East.facing,"Wet
(Months 7-9)",Platform,B2-18b,1.8269748539497075,0.944090587,4.5524729520865534,22.16,647,-0.01547712531206526,1.9112682741845783,FALSE,29.104492140178493,1.2333122768097955,Thesis,NA,NA,NA
M8,Buck'sLanding,T2,18,c,2026-02-21,2026-03-20,2026,1.088861419,0,0,0,0,0,0,0,0,0,0,OK,March,Ramped,East.facing,"Wet
(Months 7-9)",Platform,B2-18c,1.8403860807721617,0.959660297,4.5524729520865534,22.16,647,-0.01547712531206526,1.9112682741845783,FALSE,29.104492140178493,1.2333122768097955,Thesis,NA,NA,NA
M8,Buck'sLanding,T2,24,a,2026-02-21,2026-03-20,2026,1.089676479,0,0,0,0,0,0,0,0,0,0,OK,March,Ramped,East.facing,"Wet
(Months 7-9)",Platform,B2-24a,1.8266700533401063,0.94373673,4.5524729520865534,22.16,647,0.01213652588304522,1.8589100935344456,FALSE,29.104492140178493,1.2333122768097955,Thesis,NA,NA,NA
M8,Buck'sLanding,T2,24,b,2026-02-21,2026-03-20,2026,1.078382081,0,0,0,0,0,0,0,0,0,0,OK,March,Ramped,East.facing,"Wet
(Months 7-9)",Platform,B2-24b,1.8294132588265175,0.946921444,4.5524729520865534,22.16,647,0.01213652588304522,1.8589100935344456,FALSE,29.104492140178493,1.2333122768097955,Thesis,NA,NA,NA
M8,Buck'sLanding,T2,24,c,2026-02-21,2026-03-20,2026,1.439861018,0,0,0,0,0,0,0,0,0,0,OK,March,Ramped,East.facing,"Wet
(Months 7-9)",Platform,B2-24c,1.8446532893065783,0.964614296,4.5524729520865534,22.16,647,0.01213652588304522,1.8589100935344456,FALSE,29.104492140178493,1.2333122768097955,Thesis,NA,NA,NA
M8,Buck'sLanding,T2,48,a,2026-02-21,2026-03-20,2026,1.713138861,0,0,0,0,0,0,0,0,0,0,OK,March,Ramped,East.facing,"Wet
(Months 7-9)",Upland,B2-48a,1.8416052832105665,0.961075725,4.5524729520865534,22.16,647,-0.02376690670714356,1.4953854337338937,TRUE,29.104492140178493,1.2333122768097955,Thesis,NA,NA,NA
M8,Buck'sLanding,T2,48,b,2026-02-21,2026-03-20,2026,1.463497746,0,0,0,0,0,0,0,0,0,0,OK,March,Ramped,East.facing,"Wet
(Months 7-9)",Upland,B2-48b,1.8525781051562105,0.973814579,4.5524729520865534,22.16,647,-0.02376690670714356,1.4953854337338937,TRUE,29.104492140178493,1.2333122768097955,Thesis,NA,NA,NA
M8,Buck'sLanding,T2,48,c,2026-02-21,2026-03-20,2026,1.626160357,0,0,0,0,0,0,0,0,0,0,OK,March,Ramped,East.facing,"Wet
(Months 7-9)",Upland,B2-48c,1.849530099060198,0.970276008,4.5524729520865534,22.16,647,-0.02376690670714356,1.4953854337338937,TRUE,29.104492140178493,1.2333122768097955,Thesis,NA,NA,NA
M8,GiantMarsh,T1,0.5,a,2026-02-20,2026-03-19,2026,0.065088332,0,0,0,0,0,0,0,0,0,0,OK,March,Scarped,West.facing,"Wet
(Months 7-9)",Edge,G1-0.5a,2.067462535,1.195887069,4.5645131375579595,22.16,647,-0.00503157657553342,2.081117017603091,FALSE,61.82523742803928,2.5615527555530693,Thesis,NA,NA,NA
M8,GiantMarsh,T1,0.5,b,2026-02-20,2026-03-19,2026,0.156200352,0,0,0,0,0,0,0,0,0,0,OK,March,Scarped,West.facing,"Wet
(Months 7-9)",Edge,G1-0.5b,2.066243332486665,1.194492855,4.5645131375579595,22.16,647,-0.00503157657553342,2.081117017603091,FALSE,61.82523742803928,2.5615527555530693,Thesis,NA,NA,NA
M8,GiantMarsh,T1,2,a,2026-02-20,2026-03-19,2026,0.751135648,0,0,0,0,0,0,0,0,0,0,OK,March,Scarped,West.facing,"Wet
(Months 7-9)",Edge,G1-2a,2.0183896367792733,1.139769955,4.5645131375579595,22.16,647,-0.04260973519962442,2.031680671373449,FALSE,61.82523742803928,2.5615527555530693,Thesis,NA,NA,NA
M8,GiantMarsh,T1,2,b,2026-02-20,2026-03-19,2026,0.905007259,0,0,0,0,0,0,0,0,0,0,OK,March,Scarped,West.facing,"Wet
(Months 7-9)",Edge,G1-2b,2.019304038608077,1.140815615,4.5645131375579595,22.16,647,-0.04260973519962442,2.031680671373449,FALSE,61.82523742803928,2.5615527555530693,Thesis,NA,NA,NA
M8,GiantMarsh,T1,2,c,2026-02-20,2026-03-19,2026,0.764700569,0,0,0,0,0,0,0,0,0,0,OK,March,Scarped,West.facing,"Wet
(Months 7-9)",Edge,G1-2c,2.0189992379984756,1.140467062,4.5645131375579595,22.16,647,-0.04260973519962442,2.031680671373449,FALSE,61.82523742803928,2.5615527555530693,Thesis,NA,NA,NA
M8,GiantMarsh,T1,6,a,2026-02-20,2026-03-19,2026,1.901010101,0,0,0,0,0,0,0,0,0,0,OK,March,Scarped,West.facing,"Wet
(Months 7-9)",Edge,G1-6a,1.9723647447294896,1.087138376,4.5645131375579595,22.16,647,-0.020943234262624,1.9647297866186124,FALSE,61.82523742803928,2.5615527555530693,Thesis,NA,NA,NA
M8,GiantMarsh,T1,6,b,2026-02-20,2026-03-19,2026,2.386436316,0,0,0,0,0,0,0,0,0,0,OK,March,Scarped,West.facing,"Wet
(Months 7-9)",Edge,G1-6b,1.9793751587503172,1.095155106,4.5645131375579595,22.16,647,-0.020943234262624,1.9647297866186124,FALSE,61.82523742803928,2.5615527555530693,Thesis,NA,NA,NA
M8,GiantMarsh,T1,6,c,2026-02-20,2026-03-19,2026,2.572561,0,0,0,0,0,0,0,0,0,0,OK,March,Scarped,West.facing,"Wet
(Months 7-9)",Edge,G1-6c,1.9763271526543051,1.091669571,4.5645131375579595,22.16,647,-0.020943234262624,1.9647297866186124,FALSE,61.82523742803928,2.5615527555530693,Thesis,NA,NA,NA
M8,GiantMarsh,T1,12,a,2026-02-20,2026-03-19,2026,3.066661779,0,0,0,0,0,0,0,0,0,0,OK,March,Scarped,West.facing,"Wet
(Months 7-9)",Platform,G1-12a,1.9418846837693675,1.052283025,4.5645131375579595,22.16,647,-0.00963659940341829,1.9003038509090948,FALSE,61.82523742803928,2.5615527555530693,Thesis,NA,NA,NA
M8,GiantMarsh,T1,12,b,2026-02-20,2026-03-19,2026,3.698332976,0,0,0,0,0,0,0,0,0,0,OK,March,Scarped,West.facing,"Wet
(Months 7-9)",Platform,G1-12b,1.9495046990093976,1.060996863,4.5645131375579595,22.16,647,-0.00963659940341829,1.9003038509090948,FALSE,61.82523742803928,2.5615527555530693,Thesis,NA,NA,NA
M8,GiantMarsh,T1,12,c,2026-02-20,2026-03-19,2026,4.060859846,0,0,0,0,0,0,0,0,0,0,OK,March,Scarped,West.facing,"Wet
(Months 7-9)",Platform,G1-12c,1.9577343154686309,1.070407808,4.5645131375579595,22.16,647,-0.00963659940341829,1.9003038509090948,FALSE,61.82523742803928,2.5615527555530693,Thesis,NA,NA,NA
M8,GiantMarsh,T1,18,a,2026-02-20,2026-03-19,2026,1.732001669,0,0,0,0,0,0,0,0,0,0,OK,March,Scarped,West.facing,"Wet
(Months 7-9)",Platform,G1-18a,1.958039116078232,1.070756361,4.5645131375579595,22.16,647,-4.8566594081641705e-4,1.9478622938935235,FALSE,61.82523742803928,2.5615527555530693,Thesis,NA,NA,NA
M8,GiantMarsh,T1,18,b,2026-02-20,2026-03-19,2026,1.278362778,0,0,0,0,0,0,0,0,0,0,OK,March,Scarped,West.facing,"Wet
(Months 7-9)",Platform,G1-18b,1.94005588011176,1.050191704,4.5645131375579595,22.16,647,-4.8566594081641705e-4,1.9478622938935235,FALSE,61.82523742803928,2.5615527555530693,Thesis,NA,NA,NA
M8,GiantMarsh,T1,18,c,2026-02-20,2026-03-19,2026,4.933090065,0,0,0,0,0,0,0,0,0,0,OK,March,Scarped,West.facing,"Wet
(Months 7-9)",Platform,G1-18c,1.9348742697485393,1.044266295,4.5645131375579595,22.16,647,-4.8566594081641705e-4,1.9478622938935235,FALSE,61.82523742803928,2.5615527555530693,Thesis,NA,NA,NA
M8,GiantMarsh,T1,48,a,2026-02-20,2026-03-19,2026,1.695906172,0,0,0,0,0,0,0,0,0,0,OK,March,Scarped,West.facing,"Wet
(Months 7-9)",Upland,G1-48a,1.8736093472186943,0.974207041,4.5645131375579595,22.16,647,0.01939660366491094,2.0210249067405273,TRUE,61.82523742803928,2.5615527555530693,Thesis,NA,NA,NA
M8,GiantMarsh,T1,48,b,2026-02-20,2026-03-19,2026,1.21833946,0,0,0,0,0,0,0,0,0,0,OK,March,Scarped,West.facing,"Wet
(Months 7-9)",Upland,G1-48b,1.8595885191770385,0.95817358,4.5645131375579595,22.16,647,0.01939660366491094,2.0210249067405273,TRUE,61.82523742803928,2.5615527555530693,Thesis,NA,NA,NA
M8,GiantMarsh,T1,48,c,2026-02-20,2026-03-19,2026,0.832932702,0,0,0,0,0,0,0,0,0,0,OK,March,Scarped,West.facing,"Wet
(Months 7-9)",Upland,G1-48c,1.886106172212344,0.988497734,4.5645131375579595,22.16,647,0.01939660366491094,2.0210249067405273,TRUE,61.82523742803928,2.5615527555530693,Thesis,NA,NA,NA
M8,GiantMarsh,T2,2,a,2026-02-20,2026-03-19,2026,21.11179043,0,0,0,0,0,0,0,0,0,0,OK,March,Scarped,West.facing,"Wet
(Months 7-9)",Edge,G2-2a,2.0616713233426465,1.189264552,4.5645131375579595,22.16,647,-0.01342471668837245,2.0563871851683726,FALSE,47.44065202971936,2.141172071480484,Thesis,NA,NA,NA
M8,GiantMarsh,T2,2,b,2026-02-20,2026-03-19,2026,37.67257909,0,0,0,0,0,0,0,0,0,0,OK,March,Scarped,West.facing,"Wet
(Months 7-9)",Edge,G2-2b,2.054051308102616,1.180550715,4.5645131375579595,22.16,647,-0.01342471668837245,2.0563871851683726,FALSE,47.44065202971936,2.141172071480484,Thesis,NA,NA,NA
M8,GiantMarsh,T2,2,c,2026-02-20,2026-03-19,2026,5.150943854,0,0,0,0,0,0,0,0,0,0,OK,March,Scarped,West.facing,"Wet
(Months 7-9)",Edge,G2-2c,2.0564897129794257,1.183339143,4.5645131375579595,22.16,647,-0.01342471668837245,2.0563871851683726,FALSE,47.44065202971936,2.141172071480484,Thesis,NA,NA,NA
M8,GiantMarsh,T2,6,a,2026-02-20,2026-03-19,2026,7.658649397,0,0,0,0,0,1,0,0,0,0,Review,March,Scarped,West.facing,"Wet
(Months 7-9)",Edge,G2-6a,1.9406654813309625,1.050888811,4.5645131375579595,22.16,647,-0.01255565003163208,1.9574508500756536,FALSE,47.44065202971936,2.141172071480484,Thesis,NA,NA,NA
M8,GiantMarsh,T2,6,b,2026-02-20,2026-03-19,2026,7.848267193,0,0,0,0,0,0,0,0,0,0,OK,March,Scarped,West.facing,"Wet
(Months 7-9)",Edge,G2-6b,1.9434086868173737,1.054025793,4.5645131375579595,22.16,647,-0.01255565003163208,1.9574508500756536,FALSE,47.44065202971936,2.141172071480484,Thesis,NA,NA,NA
M8,GiantMarsh,T2,6,c,2026-02-20,2026-03-19,2026,7.482130773,0,0,0,0,0,0,0,0,0,0,OK,March,Scarped,West.facing,"Wet
(Months 7-9)",Edge,G2-6c,1.9473710947421896,1.058556988,4.5645131375579595,22.16,647,-0.01255565003163208,1.9574508500756536,FALSE,47.44065202971936,2.141172071480484,Thesis,NA,NA,NA
M8,GiantMarsh,T2,12,a,2026-02-20,2026-03-19,2026,1.408073693,0,0,0,0,0,0,0,0,0,0,OK,March,Scarped,West.facing,"Wet
(Months 7-9)",Platform,G2-12a,1.9333502667005331,1.042523527,4.5645131375579595,22.16,647,0.0073026439019559,1.95016303680416,FALSE,47.44065202971936,2.141172071480484,Thesis,NA,NA,NA
M8,GiantMarsh,T2,12,b,2026-02-20,2026-03-19,2026,1.993868678,0,0,0,0,0,0,0,0,0,0,OK,March,Scarped,West.facing,"Wet
(Months 7-9)",Platform,G2-12b,1.9354838709677415,1.044963402,4.5645131375579595,22.16,647,0.0073026439019559,1.95016303680416,FALSE,47.44065202971936,2.141172071480484,Thesis,NA,NA,NA
M8,GiantMarsh,T2,12,c,2026-02-20,2026-03-19,2026,4.246053033,0,0,0,0,0,0,0,0,0,0,OK,March,Scarped,West.facing,"Wet
(Months 7-9)",Platform,G2-12c,1.9318262636525272,1.04078076,4.5645131375579595,22.16,647,0.0073026439019559,1.95016303680416,FALSE,47.44065202971936,2.141172071480484,Thesis,NA,NA,NA
M8,GiantMarsh,T2,18,a,2026-02-20,2026-03-19,2026,4.295305921,0,0,0,0,1,0,0,0,0,0,Review,March,Scarped,West.facing,"Wet
(Months 7-9)",Platform,G2-18a,1.9610871221742443,1.074241896,4.5645131375579595,22.16,647,0.01085632180604558,1.9382465005969651,FALSE,47.44065202971936,2.141172071480484,Thesis,NA,NA,NA
M8,GiantMarsh,T2,18,b,2026-02-20,2026-03-19,2026,1.548671476,0,0,0,0,0,0,0,0,0,0,OK,March,Scarped,West.facing,"Wet
(Months 7-9)",Platform,G2-18b,1.9516383032766065,1.063436738,4.5645131375579595,22.16,647,0.01085632180604558,1.9382465005969651,FALSE,47.44065202971936,2.141172071480484,Thesis,NA,NA,NA
M8,GiantMarsh,T2,18,c,2026-02-20,2026-03-19,2026,2.192568567,0,0,0,0,0,0,0,0,0,0,OK,March,Scarped,West.facing,"Wet
(Months 7-9)",Platform,G2-18c,1.9586487172974345,1.071453468,4.5645131375579595,22.16,647,0.01085632180604558,1.9382465005969651,FALSE,47.44065202971936,2.141172071480484,Thesis,NA,NA,NA
M8,GiantMarsh,T2,24,a,2026-02-20,2026-03-19,2026,1.312013096,0,0,0,0,0,0,0,0,0,0,OK,March,Scarped,West.facing,"Wet
(Months 7-9)",Platform,G2-24a,1.9357886715773431,1.045311955,4.5645131375579595,22.16,647,4.975228131842639e-4,1.9387701875796968,FALSE,47.44065202971936,2.141172071480484,Thesis,NA,NA,NA
M8,GiantMarsh,T2,24,b,2026-02-20,2026-03-19,2026,1.249078851,0,0,0,0,0,0,0,0,0,0,OK,March,Scarped,West.facing,"Wet
(Months 7-9)",Platform,G2-24b,1.9406654813309625,1.050888811,4.5645131375579595,22.16,647,4.975228131842639e-4,1.9387701875796968,FALSE,47.44065202971936,2.141172071480484,Thesis,NA,NA,NA
M8,GiantMarsh,T2,24,c,2026-02-20,2026-03-19,2026,1.069067114,0,0,0,0,0,0,0,0,0,0,OK,March,Scarped,West.facing,"Wet
(Months 7-9)",Platform,G2-24c,1.9354838709677415,1.044963402,4.5645131375579595,22.16,647,4.975228131842639e-4,1.9387701875796968,FALSE,47.44065202971936,2.141172071480484,Thesis,NA,NA,NA
M8,GiantMarsh,T2,48,a,2026-02-20,2026-03-19,2026,7.591872727,0,0,0,0,0,0,0,0,0,0,OK,March,Scarped,West.facing,"Wet
(Months 7-9)",Upland,G2-48a,1.8733045466090932,0.973858487,4.5645131375579595,22.16,647,-0.03370930171824177,1.4800192766320546,TRUE,47.44065202971936,2.141172071480484,Thesis,NA,NA,NA
M8,GiantMarsh,T2,48,b,2026-02-20,2026-03-19,2026,1.393053309,0,0,0,0,0,0,0,0,0,0,OK,March,Scarped,West.facing,"Wet
(Months 7-9)",Upland,G2-48b,1.897078994157988,1.001045661,4.5645131375579595,22.16,647,-0.03370930171824177,1.4800192766320546,TRUE,47.44065202971936,2.141172071480484,Thesis,NA,NA,NA
M8,GiantMarsh,T2,48,c,2026-02-20,2026-03-19,2026,5.46969038,0,0,0,0,0,0,0,0,0,0,OK,March,Scarped,West.facing,"Wet
(Months 7-9)",Upland,G2-48c,1.8836677673355344,0.985709306,4.5645131375579595,22.16,647,-0.03370930171824177,1.4800192766320546,TRUE,47.44065202971936,2.141172071480484,Thesis,NA,NA,NA
M8,CorteMadera,T1,0.5,a,2026-02-07,2026-03-07,2026,0.107899753,0,0,0,0,0,0,0,0,0,0,OK,March,Scarped,East.facing,"Wet
(Months 7-9)",Edge,C1-0.5a,1.6593345186690371,0.772363636,5.6945684523809526,30.52,672,0.09733852868754048,1.7492440342280613,FALSE,72.28575074664536,2.3204339675954957,Thesis,NA,NA,NA
M8,CorteMadera,T1,0.5,b,2026-02-07,2026-03-07,2026,0.296976949,0,0,0,0,0,0,0,0,0,0,OK,March,Scarped,East.facing,"Wet
(Months 7-9)",Edge,C1-0.5b,1.6684785369570738,0.783272727,5.6945684523809526,30.52,672,0.09733852868754048,1.7492440342280613,FALSE,72.28575074664536,2.3204339675954957,Thesis,NA,NA,NA
M8,CorteMadera,T1,0.5,c,2026-02-07,2026-03-07,2026,0.534053254,0,0,0,0,0,0,0,0,0,0,OK,March,Scarped,East.facing,"Wet
(Months 7-9)",Edge,C1-0.5c,1.6614681229362456,0.774909091,5.6945684523809526,30.52,672,0.09733852868754048,1.7492440342280613,FALSE,72.28575074664536,2.3204339675954957,Thesis,NA,NA,NA
M8,CorteMadera,T1,2,a,2026-02-07,2026-03-07,2026,1.276720183,0,0,0,0,0,0,0,0,0,0,OK,March,Scarped,East.facing,"Wet
(Months 7-9)",Edge,C1-2a,1.6462280924561847,0.756727273,5.6945684523809526,30.52,672,0.01775399109541334,1.8293271071500128,FALSE,72.28575074664536,2.3204339675954957,Thesis,NA,NA,NA
M8,CorteMadera,T1,2,b,2026-02-07,2026-03-07,2026,1.439411903,0,0,0,0,0,0,0,0,0,0,OK,March,Scarped,East.facing,"Wet
(Months 7-9)",Edge,C1-2b,1.6480568961137922,0.758909091,5.6945684523809526,30.52,672,0.01775399109541334,1.8293271071500128,FALSE,72.28575074664536,2.3204339675954957,Thesis,NA,NA,NA
M8,CorteMadera,T1,2,c,2026-02-07,2026-03-07,2026,2.677395963,0,0,0,0,0,0,0,0,0,0,OK,March,Scarped,East.facing,"Wet
(Months 7-9)",Edge,C1-2c,1.6462280924561847,0.756727273,5.6945684523809526,30.52,672,0.01775399109541334,1.8293271071500128,FALSE,72.28575074664536,2.3204339675954957,Thesis,NA,NA,NA
M8,CorteMadera,T1,6,a,2026-02-07,2026-03-07,2026,4.903319596,0,0,0,0,0,0,0,0,0,0,OK,March,Scarped,East.facing,"Wet
(Months 7-9)",Edge,C1-6a,1.664516129032258,0.778545455,5.6945684523809526,30.52,672,-0.02515538212948231,1.757631476156524,FALSE,72.28575074664536,2.3204339675954957,Thesis,NA,NA,NA
M8,CorteMadera,T1,6,b,2026-02-07,2026-03-07,2026,4.487551868,0,0,0,0,0,0,0,0,0,0,OK,March,Scarped,East.facing,"Wet
(Months 7-9)",Edge,C1-6b,1.6620777241554483,0.775636364,5.6945684523809526,30.52,672,-0.02515538212948231,1.757631476156524,FALSE,72.28575074664536,2.3204339675954957,Thesis,NA,NA,NA
M8,CorteMadera,T1,6,c,2026-02-07,2026-03-07,2026,4.585234267,0,0,0,0,0,0,0,0,0,0,OK,March,Scarped,East.facing,"Wet
(Months 7-9)",Edge,C1-6c,1.6529337058674116,0.764727273,5.6945684523809526,30.52,672,-0.02515538212948231,1.757631476156524,FALSE,72.28575074664536,2.3204339675954957,Thesis,NA,NA,NA
M8,CorteMadera,T1,12,c,2026-02-07,2026-03-07,2026,5.127989114,1,0,0,0,0,0,0,0,0,0,Review,March,Scarped,East.facing,"Wet
(Months 7-9)",Platform,C1-12c,1.659029718059436,0.772,5.6945684523809526,30.52,672,0.0032317156537537,1.713310428434306,FALSE,72.28575074664536,2.3204339675954957,Thesis,NA,NA,NA
M8,CorteMadera,T1,18,a,2026-02-07,2026-03-07,2026,2.709002394,0,0,0,0,0,0,0,0,0,0,OK,March,Scarped,East.facing,"Wet
(Months 7-9)",Platform,C1-18a,1.679756159512319,0.796727273,5.6945684523809526,30.52,672,0.00523615127262157,1.741810125322371,FALSE,72.28575074664536,2.3204339675954957,Thesis,NA,NA,NA
M8,CorteMadera,T1,18,b,2026-02-07,2026-03-07,2026,2.991102426,0,0,0,0,0,0,0,0,0,0,OK,March,Scarped,East.facing,"Wet
(Months 7-9)",Platform,C1-18b,1.6696977393954786,0.784727273,5.6945684523809526,30.52,672,0.00523615127262157,1.741810125322371,FALSE,72.28575074664536,2.3204339675954957,Thesis,NA,NA,NA
M8,CorteMadera,T1,24,a,2026-02-07,2026-03-07,2026,1.634945119,0,0,0,0,1,1,0,0,0,0,Review,March,Scarped,East.facing,"Wet
(Months 7-9)",Platform,C1-24a,1.7199898399796798,0.844727273,5.6945684523809526,30.52,672,-0.0028494853327859,1.7550712477688033,FALSE,72.28575074664536,2.3204339675954957,Thesis,NA,NA,NA
M8,CorteMadera,T1,24,c,2026-02-07,2026-03-07,2026,1.626187387,0,0,0,0,0,0,0,0,0,0,OK,March,Scarped,East.facing,"Wet
(Months 7-9)",Platform,C1-24c,1.7141986283972566,0.837818182,5.6945684523809526,30.52,672,-0.0028494853327859,1.7550712477688033,FALSE,72.28575074664536,2.3204339675954957,Thesis,NA,NA,NA
M8,CorteMadera,T1,48,a,2026-02-07,2026-03-07,2026,1.4634956669999999,0,0,0,0,0,0,0,0,0,0,OK,March,Scarped,East.facing,"Wet
(Months 7-9)",Upland,C1-48a,1.732486665,0.859636364,5.6945684523809526,30.52,672,-0.00558516363104424,1.727272679455228,FALSE,72.28575074664536,2.3204339675954957,Thesis,NA,NA,NA
M8,CorteMadera,T1,48,b,2026-02-07,2026-03-07,2026,2.733703691,0,0,0,0,0,0,0,0,0,0,OK,March,Scarped,East.facing,"Wet
(Months 7-9)",Upland,C1-48b,1.7108458216916431,0.833818182,5.6945684523809526,30.52,672,-0.00558516363104424,1.727272679455228,FALSE,72.28575074664536,2.3204339675954957,Thesis,NA,NA,NA
M8,CorteMadera,T1,48,c,2026-02-07,2026-03-07,2026,1.682270557,0,0,0,0,0,0,0,0,0,0,OK,March,Scarped,East.facing,"Wet
(Months 7-9)",Upland,C1-48c,1.7065786131572265,0.828727273,5.6945684523809526,30.52,672,-0.00558516363104424,1.727272679455228,FALSE,72.28575074664536,2.3204339675954957,Thesis,NA,NA,NA
M8,CorteMadera,T2,0.5,a,2026-02-07,2026-03-07,2026,0.040251885,0,0,0,0,0,0,0,0,0,0,OK,March,Scarped,East.facing,"Wet
(Months 7-9)",Edge,C2-0.5a,1.621234442468885,0.726909091,5.6945684523809526,30.52,672,0.16925078293661744,1.481725221967733,FALSE,68.92888177014264,1.9959970930436297,Thesis,NA,NA,NA
M8,CorteMadera,T2,0.5,c,2026-02-07,2026-03-07,2026,0.011452419,0,0,0,0,0,0,0,0,0,0,OK,March,Scarped,East.facing,"Wet
(Months 7-9)",Edge,C2-0.5c,1.6495808991617982,0.760727273,5.6945684523809526,30.52,672,0.16925078293661744,1.481725221967733,FALSE,68.92888177014264,1.9959970930436297,Thesis,NA,NA,NA
M8,CorteMadera,T2,2,a,2026-02-07,2026-03-07,2026,0.260879373,0,0,0,0,0,0,0,0,0,0,OK,March,Scarped,East.facing,"Wet
(Months 7-9)",Edge,C2-2a,1.656286512573025,0.768727273,5.6945684523809526,30.52,672,0.09235576383065149,1.6757667363825983,FALSE,68.92888177014264,1.9959970930436297,Thesis,NA,NA,NA
M8,CorteMadera,T2,2,b,2026-02-07,2026-03-07,2026,0.394434791,0,0,0,0,0,0,0,0,0,0,OK,March,Scarped,East.facing,"Wet
(Months 7-9)",Edge,C2-2b,1.6544577089154178,0.766545455,5.6945684523809526,30.52,672,0.09235576383065149,1.6757667363825983,FALSE,68.92888177014264,1.9959970930436297,Thesis,NA,NA,NA
M8,CorteMadera,T2,2,c,2026-02-07,2026-03-07,2026,0.489703199,0,0,0,0,0,0,0,0,0,0,OK,March,Scarped,East.facing,"Wet
(Months 7-9)",Edge,C2-2c,1.6556769113538228,0.768,5.6945684523809526,30.52,672,0.09235576383065149,1.6757667363825983,FALSE,68.92888177014264,1.9959970930436297,Thesis,NA,NA,NA
M8,CorteMadera,T2,6,a,2026-02-07,2026-03-07,2026,3.139254065,0,0,0,0,0,0,0,0,0,0,OK,March,Scarped,East.facing,"Wet
(Months 7-9)",Edge,C2-6a,1.6623825247650494,0.776,5.6945684523809526,30.52,672,-0.00332539341534895,1.8033913358538023,FALSE,68.92888177014264,1.9959970930436297,Thesis,NA,NA,NA
M8,CorteMadera,T2,6,b,2026-02-07,2026-03-07,2026,2.371605142,0,0,0,0,0,0,0,0,0,0,OK,March,Scarped,East.facing,"Wet
(Months 7-9)",Edge,C2-6b,1.6727457454914911,0.788363636,5.6945684523809526,30.52,672,-0.00332539341534895,1.8033913358538023,FALSE,68.92888177014264,1.9959970930436297,Thesis,NA,NA,NA
M8,CorteMadera,T2,6,c,2026-02-07,2026-03-07,2026,2.417527098,0,0,0,0,0,0,0,0,0,0,OK,March,Scarped,East.facing,"Wet
(Months 7-9)",Edge,C2-6c,1.6675641351282702,0.782181818,5.6945684523809526,30.52,672,-0.00332539341534895,1.8033913358538023,FALSE,68.92888177014264,1.9959970930436297,Thesis,NA,NA,NA
M8,CorteMadera,T2,12,a,2026-02-07,2026-03-07,2026,2.013436346,0,0,0,0,0,0,0,0,0,0,OK,March,Scarped,East.facing,"Wet
(Months 7-9)",Platform,C2-12a,1.664820929641859,0.778909091,5.6945684523809526,30.52,672,-0.0058473496992098,1.752402790171007,FALSE,68.92888177014264,1.9959970930436297,Thesis,NA,NA,NA
M8,CorteMadera,T2,12,b,2026-02-07,2026-03-07,2026,2.145083027,0,0,0,0,0,0,0,0,0,0,OK,March,Scarped,East.facing,"Wet
(Months 7-9)",Platform,C2-12b,1.6651257302514604,0.779272727,5.6945684523809526,30.52,672,-0.0058473496992098,1.752402790171007,FALSE,68.92888177014264,1.9959970930436297,Thesis,NA,NA,NA
M8,CorteMadera,T2,12,c,2026-02-07,2026-03-07,2026,2.088494603,0,0,0,0,0,0,0,0,0,0,OK,March,Scarped,East.facing,"Wet
(Months 7-9)",Platform,C2-12c,1.6657353314706629,0.78,5.6945684523809526,30.52,672,-0.0058473496992098,1.752402790171007,FALSE,68.92888177014264,1.9959970930436297,Thesis,NA,NA,NA
M8,CorteMadera,T2,18,a,2026-02-07,2026-03-07,2026,2.244168909,0,0,0,0,0,0,0,0,0,0,OK,March,Scarped,East.facing,"Wet
(Months 7-9)",Platform,C2-18a,1.6623825247650494,0.776,5.6945684523809526,30.52,672,5.42879874173271e-4,1.7467200155303768,FALSE,68.92888177014264,1.9959970930436297,Thesis,NA,NA,NA
M8,CorteMadera,T2,18,b,2026-02-07,2026-03-07,2026,2.363857918,0,0,0,0,0,0,0,0,0,0,OK,March,Scarped,East.facing,"Wet
(Months 7-9)",Platform,C2-18b,1.6672593345186688,0.781818182,5.6945684523809526,30.52,672,5.42879874173271e-4,1.7467200155303768,FALSE,68.92888177014264,1.9959970930436297,Thesis,NA,NA,NA
M8,CorteMadera,T2,18,c,2026-02-07,2026-03-07,2026,2.703893717,0,0,0,0,0,0,0,0,0,0,OK,March,Scarped,East.facing,"Wet
(Months 7-9)",Platform,C2-18c,1.6773177546355091,0.793818182,5.6945684523809526,30.52,672,5.42879874173271e-4,1.7467200155303768,FALSE,68.92888177014264,1.9959970930436297,Thesis,NA,NA,NA
M8,CorteMadera,T2,24,a,2026-02-07,2026-03-07,2026,3.385368799,0,0,0,0,0,0,0,0,0,0,OK,March,Scarped,East.facing,"Wet
(Months 7-9)",Platform,C2-24a,1.6794513589027176,0.796363636,5.6945684523809526,30.52,672,6.099121469114189e-4,1.74610186223484,FALSE,68.92888177014264,1.9959970930436297,Thesis,NA,NA,NA
M8,CorteMadera,T2,24,b,2026-02-07,2026-03-07,2026,2.712146196,0,0,0,0,0,0,0,0,0,0,OK,March,Scarped,East.facing,"Wet
(Months 7-9)",Platform,C2-24b,1.6843281686563372,0.802181818,5.6945684523809526,30.52,672,6.099121469114189e-4,1.74610186223484,FALSE,68.92888177014264,1.9959970930436297,Thesis,NA,NA,NA
M8,CorteMadera,T2,24,c,2026-02-07,2026-03-07,2026,2.829645771,0,0,0,0,0,0,0,0,0,0,OK,March,Scarped,East.facing,"Wet
(Months 7-9)",Platform,C2-24c,1.6751841503683007,0.791272727,5.6945684523809526,30.52,672,6.099121469114189e-4,1.74610186223484,FALSE,68.92888177014264,1.9959970930436297,Thesis,NA,NA,NA
M8,CorteMadera,T2,48,a,2026-02-07,2026-03-07,2026,8.163160899,0,0,0,0,0,0,0,0,0,0,OK,March,Scarped,East.facing,"Wet
(Months 7-9)",Upland,C2-48a,1.6794513589027176,0.796363636,5.6945684523809526,30.52,672,-0.00378424848987517,1.7284424717637423,FALSE,68.92888177014264,1.9959970930436297,Thesis,NA,NA,NA
M8,CorteMadera,T2,48,b,2026-02-07,2026-03-07,2026,4.532014201,0,0,0,0,0,1,0,0,0,0,Review,March,Scarped,East.facing,"Wet
(Months 7-9)",Upland,C2-48b,1.6821945643891287,0.799636364,5.6945684523809526,30.52,672,-0.00378424848987517,1.7284424717637423,FALSE,68.92888177014264,1.9959970930436297,Thesis,NA,NA,NA
M8,CorteMadera,T2,48,c,2026-02-07,2026-03-07,2026,7.174716071,0,0,0,0,0,0,0,0,0,0,OK,March,Scarped,East.facing,"Wet
(Months 7-9)",Upland,C2-48c,1.673050546101092,0.788727273,5.6945684523809526,30.52,672,-0.00378424848987517,1.7284424717637423,FALSE,68.92888177014264,1.9959970930436297,Thesis,NA,NA,NA
M8,SanPablo,T1,0.5,a,2026-02-07,2026-03-06,2026,NA,1,0,0,0,0,0,0,0,0,0,Review,March,Ramped,South.facing,"Wet
(Months 7-9)",Edge,S1-0.5a,1.706273812547625,0.771628722,6.860713178294573,31.49,645,0.01994320045890097,1.8226043860308456,FALSE,25.333978068263427,1.1905148622217414,Thesis,NA,NA,NA
M8,SanPablo,T1,0.5,b,2026-02-07,2026-03-06,2026,NA,1,0,0,0,0,0,0,0,0,0,Review,March,Ramped,South.facing,"Wet
(Months 7-9)",Edge,S1-0.5b,1.722733045466091,0.790542907,6.860713178294573,31.49,645,0.01994320045890097,1.8226043860308456,FALSE,25.333978068263427,1.1905148622217414,Thesis,NA,NA,NA
M8,SanPablo,T1,0.5,c,2026-02-07,2026-03-06,2026,1.043567392,0,0,0,0,0,0,0,0,0,0,OK,March,Ramped,South.facing,"Wet
(Months 7-9)",Edge,S1-0.5c,1.723037846075692,0.79089317,6.860713178294573,31.49,645,0.01994320045890097,1.8226043860308456,FALSE,25.333978068263427,1.1905148622217414,Thesis,NA,NA,NA
M8,SanPablo,T1,2,a,2026-02-07,2026-03-06,2026,2.208636885,0,0,0,0,0,0,0,0,0,0,OK,March,Ramped,South.facing,"Wet
(Months 7-9)",Edge,S1-2a,1.6913385826771654,0.754465849,6.860713178294573,31.49,645,0.3776886912580827,1.8192972125194615,FALSE,25.333978068263427,1.1905148622217414,Thesis,NA,NA,NA
M8,SanPablo,T1,2,b,2026-02-07,2026-03-06,2026,2.076364354,0,0,0,0,0,0,0,0,0,0,OK,March,Ramped,South.facing,"Wet
(Months 7-9)",Edge,S1-2b,1.7202946405892812,0.787740806,6.860713178294573,31.49,645,0.3776886912580827,1.8192972125194615,FALSE,25.333978068263427,1.1905148622217414,Thesis,NA,NA,NA
M8,SanPablo,T1,2,c,2026-02-07,2026-03-06,2026,1.755044568,0,0,0,0,0,0,0,0,0,0,OK,March,Ramped,South.facing,"Wet
(Months 7-9)",Edge,S1-2c,1.7550419100838202,0.827670753,6.860713178294573,31.49,645,0.3776886912580827,1.8192972125194615,FALSE,25.333978068263427,1.1905148622217414,Thesis,NA,NA,NA
M8,SanPablo,T1,6,a,2026-02-07,2026-03-06,2026,2.943180248,1,0,0,0,0,0,0,0,0,0,Review,March,Ramped,South.facing,"Wet
(Months 7-9)",Edge,S1-6a,1.8266700533401063,0.909982487,6.860713178294573,31.49,645,-0.0114628633903121,1.8447290956966944,FALSE,25.333978068263427,1.1905148622217414,Thesis,NA,NA,NA
M8,SanPablo,T1,6,b,2026-02-07,2026-03-06,2026,2.489599575,1,0,0,0,0,0,0,0,0,0,Review,March,Ramped,South.facing,"Wet
(Months 7-9)",Edge,S1-6b,1.8254508509017016,0.908581436,6.860713178294573,31.49,645,-0.0114628633903121,1.8447290956966944,FALSE,25.333978068263427,1.1905148622217414,Thesis,NA,NA,NA
M8,SanPablo,T1,6,c,2026-02-07,2026-03-06,2026,2.207006765,1,0,0,0,0,0,0,0,0,0,Review,March,Ramped,South.facing,"Wet
(Months 7-9)",Edge,S1-6c,1.83002286004572,0.913835377,6.860713178294573,31.49,645,-0.0114628633903121,1.8447290956966944,FALSE,25.333978068263427,1.1905148622217414,Thesis,NA,NA,NA
M8,SanPablo,T1,12,a,2026-02-07,2026-03-06,2026,6.113703908,0,0,0,0,0,0,0,0,0,0,OK,March,Ramped,South.facing,"Wet
(Months 7-9)",Platform,S1-12a,1.877266954533909,0.968126095,6.860713178294573,31.49,645,0.05459195462793114,1.939426772189594,FALSE,25.333978068263427,1.1905148622217414,Thesis,NA,NA,NA
M8,SanPablo,T1,12,b,2026-02-07,2026-03-06,2026,4.031634137,0,0,0,0,0,0,0,0,0,0,OK,March,Ramped,South.facing,"Wet
(Months 7-9)",Platform,S1-12b,1.889763779527559,0.982486865,6.860713178294573,31.49,645,0.05459195462793114,1.939426772189594,FALSE,25.333978068263427,1.1905148622217414,Thesis,NA,NA,NA
M8,SanPablo,T1,12,c,2026-02-07,2026-03-06,2026,5.688184574,0,0,0,0,0,0,0,0,0,0,OK,March,Ramped,South.facing,"Wet
(Months 7-9)",Platform,S1-12c,1.8851917703835408,0.977232925,6.860713178294573,31.49,645,0.05459195462793114,1.939426772189594,FALSE,25.333978068263427,1.1905148622217414,Thesis,NA,NA,NA
M8,SanPablo,T1,18,a,2026-02-07,2026-03-06,2026,2.289851753,0,0,0,0,0,0,0,0,0,0,OK,March,Ramped,South.facing,"Wet
(Months 7-9)",Platform,S1-18a,1.9778511557023113,1.083712785,6.860713178294573,31.49,645,0.02400136488500243,2.068566284857941,FALSE,25.333978068263427,1.1905148622217414,Thesis,NA,NA,NA
M8,SanPablo,T1,18,b,2026-02-07,2026-03-06,2026,1.249952129,0,0,0,0,0,0,0,0,0,0,OK,March,Ramped,South.facing,"Wet
(Months 7-9)",Platform,S1-18b,1.9882143764287528,1.095621716,6.860713178294573,31.49,645,0.02400136488500243,2.068566284857941,FALSE,25.333978068263427,1.1905148622217414,Thesis,NA,NA,NA
M8,SanPablo,T1,18,c,2026-02-07,2026-03-06,2026,1.005958213,0,0,0,0,0,0,0,0,0,0,OK,March,Ramped,South.facing,"Wet
(Months 7-9)",Platform,S1-18c,1.9918719837439671,1.099824869,6.860713178294573,31.49,645,0.02400136488500243,2.068566284857941,FALSE,25.333978068263427,1.1905148622217414,Thesis,NA,NA,NA
M8,SanPablo,T1,24,a,2026-02-07,2026-03-06,2026,2.160781242,0,0,0,0,0,0,0,0,0,0,OK,March,Ramped,South.facing,"Wet
(Months 7-9)",Platform,S1-24a,1.9751079502159004,1.08056042,6.860713178294573,31.49,645,0.01741473153111573,2.037429934956382,FALSE,25.333978068263427,1.1905148622217414,Thesis,NA,NA,NA
M8,SanPablo,T1,24,b,2026-02-07,2026-03-06,2026,2.622745384,0,0,0,0,0,0,0,0,0,0,OK,March,Ramped,South.facing,"Wet
(Months 7-9)",Platform,S1-24b,1.984861569723139,1.091768827,6.860713178294573,31.49,645,0.01741473153111573,2.037429934956382,FALSE,25.333978068263427,1.1905148622217414,Thesis,NA,NA,NA
M8,SanPablo,T1,24,c,2026-02-07,2026-03-06,2026,2.734583207,0,0,0,0,0,0,0,0,0,0,OK,March,Ramped,South.facing,"Wet
(Months 7-9)",Platform,S1-24c,1.9751079502159004,1.08056042,6.860713178294573,31.49,645,0.01741473153111573,2.037429934956382,FALSE,25.333978068263427,1.1905148622217414,Thesis,NA,NA,NA
M8,SanPablo,T1,48,a,2026-02-07,2026-03-06,2026,0.813604145,1,0,0,0,0,0,0,0,0,0,Review,March,Ramped,South.facing,"Wet
(Months 7-9)",Upland,S1-48a,2.013208026416053,1.124343257,6.860713178294573,31.49,645,-0.00126515639596243,2.068042486947528,FALSE,25.333978068263427,1.1905148622217414,Thesis,NA,NA,NA
M8,SanPablo,T1,48,b,2026-02-07,2026-03-06,2026,1.284126414,0,0,0,0,0,0,0,0,0,0,OK,March,Ramped,South.facing,"Wet
(Months 7-9)",Upland,S1-48b,2.0159512319024637,1.127495622,6.860713178294573,31.49,645,-0.00126515639596243,2.068042486947528,FALSE,25.333978068263427,1.1905148622217414,Thesis,NA,NA,NA
M8,SanPablo,T1,48,c,2026-02-07,2026-03-06,2026,2.24799262,0,0,0,0,0,0,0,0,0,0,OK,March,Ramped,South.facing,"Wet
(Months 7-9)",Upland,S1-48c,2.0144272288544576,1.125744308,6.860713178294573,31.49,645,-0.00126515639596243,2.068042486947528,FALSE,25.333978068263427,1.1905148622217414,Thesis,NA,NA,NA
M8,SanPablo,T2,0.5,a,2026-02-07,2026-03-06,2026,0.819076688,0,0,0,0,0,0,0,0,0,0,OK,March,Ramped,South.facing,"Wet
(Months 7-9)",Edge,S2-0.5a,1.727305054610109,0.795796848,6.860713178294573,31.49,645,0.01304185246874274,1.9776110105035407,FALSE,35.97380842326667,1.4533466871480498,Thesis,NA,NA,NA
M8,SanPablo,T2,0.5,b,2026-02-07,2026-03-06,2026,2.01494379,0,0,0,0,0,0,0,0,0,0,OK,March,Ramped,South.facing,"Wet
(Months 7-9)",Edge,S2-0.5b,1.7297434594869188,0.798598949,6.860713178294573,31.49,645,0.01304185246874274,1.9776110105035407,FALSE,35.97380842326667,1.4533466871480498,Thesis,NA,NA,NA
M8,SanPablo,T2,0.5,c,2026-02-07,2026-03-06,2026,1.406560011,0,0,0,0,0,0,0,0,0,0,OK,March,Ramped,South.facing,"Wet
(Months 7-9)",Edge,S2-0.5c,1.721818643637287,0.789492119,6.860713178294573,31.49,645,0.01304185246874274,1.9776110105035407,FALSE,35.97380842326667,1.4533466871480498,Thesis,NA,NA,NA
M8,SanPablo,T2,2,a,2026-02-07,2026-03-06,2026,2.682128299,0,0,0,0,0,0,0,0,0,0,OK,March,Ramped,South.facing,"Wet
(Months 7-9)",Edge,S2-2a,1.7401066802133602,0.810507881,6.860713178294573,31.49,645,0.01154246712137735,1.9960940502981117,FALSE,35.97380842326667,1.4533466871480498,Thesis,NA,NA,NA
M8,SanPablo,T2,2,b,2026-02-07,2026-03-06,2026,1.976344896,0,0,0,0,0,0,0,0,0,0,OK,March,Ramped,South.facing,"Wet
(Months 7-9)",Edge,S2-2b,1.751993903987808,0.824168126,6.860713178294573,31.49,645,0.01154246712137735,1.9960940502981117,FALSE,35.97380842326667,1.4533466871480498,Thesis,NA,NA,NA
M8,SanPablo,T2,2,c,2026-02-07,2026-03-06,2026,2.327984899,0,0,0,0,0,0,0,0,0,0,OK,March,Ramped,South.facing,"Wet
(Months 7-9)",Edge,S2-2c,1.750469900939802,0.822416813,6.860713178294573,31.49,645,0.01154246712137735,1.9960940502981117,FALSE,35.97380842326667,1.4533466871480498,Thesis,NA,NA,NA
M8,SanPablo,T2,6,a,2026-02-07,2026-03-06,2026,3.638426094,0,0,0,0,0,0,0,0,0,0,OK,March,Ramped,South.facing,"Wet
(Months 7-9)",Edge,S2-6a,1.8239268478536956,0.906830123,6.860713178294573,31.49,645,0.00730802606089925,2.0337458535335737,FALSE,35.97380842326667,1.4533466871480498,Thesis,NA,NA,NA
M8,SanPablo,T2,6,b,2026-02-07,2026-03-06,2026,3.510228861,0,0,0,0,0,0,0,0,0,0,OK,March,Ramped,South.facing,"Wet
(Months 7-9)",Edge,S2-6b,1.8135636271272544,0.894921191,6.860713178294573,31.49,645,0.00730802606089925,2.0337458535335737,FALSE,35.97380842326667,1.4533466871480498,Thesis,NA,NA,NA
M8,SanPablo,T2,6,c,2026-02-07,2026-03-06,2026,3.703223333,0,0,0,0,0,0,0,0,0,0,OK,March,Ramped,South.facing,"Wet
(Months 7-9)",Edge,S2-6c,1.8083820167640337,0.888966725,6.860713178294573,31.49,645,0.00730802606089925,2.0337458535335737,FALSE,35.97380842326667,1.4533466871480498,Thesis,NA,NA,NA
M8,SanPablo,T2,12,a,2026-02-07,2026-03-06,2026,2.782031319,0,0,0,0,0,0,0,0,0,0,OK,March,Ramped,South.facing,"Wet
(Months 7-9)",Platform,S2-12a,1.899517399034798,0.993695271,6.860713178294573,31.49,645,7.536119889995986e-4,2.059116795755984,FALSE,35.97380842326667,1.4533466871480498,Thesis,NA,NA,NA
M8,SanPablo,T2,12,b,2026-02-07,2026-03-06,2026,2.380265151,0,0,0,0,0,0,0,0,0,0,OK,March,Ramped,South.facing,"Wet
(Months 7-9)",Platform,S2-12b,1.8912877825755652,0.984238179,6.860713178294573,31.49,645,7.536119889995986e-4,2.059116795755984,FALSE,35.97380842326667,1.4533466871480498,Thesis,NA,NA,NA
M8,SanPablo,T2,12,c,2026-02-07,2026-03-06,2026,2.343645687,0,0,0,0,0,0,0,0,0,0,OK,March,Ramped,South.facing,"Wet
(Months 7-9)",Platform,S2-12c,1.8836677673355344,0.975481611,6.860713178294573,31.49,645,7.536119889995986e-4,2.059116795755984,FALSE,35.97380842326667,1.4533466871480498,Thesis,NA,NA,NA
M8,SanPablo,T2,18,a,2026-02-07,2026-03-06,2026,1.963187505,0,0,0,0,0,0,0,0,0,0,OK,March,Ramped,South.facing,"Wet
(Months 7-9)",Platform,S2-18a,1.9677927355854712,1.072154116,6.860713178294573,31.49,645,-0.00193388038167319,2.053170271773423,FALSE,35.97380842326667,1.4533466871480498,Thesis,NA,NA,NA
M8,SanPablo,T2,18,b,2026-02-07,2026-03-06,2026,1.375937057,0,0,0,0,0,0,0,0,0,0,OK,March,Ramped,South.facing,"Wet
(Months 7-9)",Platform,S2-18b,1.9677927355854712,1.072154116,6.860713178294573,31.49,645,-0.00193388038167319,2.053170271773423,FALSE,35.97380842326667,1.4533466871480498,Thesis,NA,NA,NA
M8,SanPablo,T2,18,c,2026-02-07,2026-03-06,2026,1.293499599,0,0,0,0,0,0,0,0,0,0,OK,March,Ramped,South.facing,"Wet
(Months 7-9)",Platform,S2-18c,1.9613919227838457,1.064798599,6.860713178294573,31.49,645,-0.00193388038167319,2.053170271773423,FALSE,35.97380842326667,1.4533466871480498,Thesis,NA,NA,NA
M8,SanPablo,T2,24,a,2026-02-07,2026-03-06,2026,3.616885233,1,0,0,0,0,0,0,0,0,0,Review,March,Ramped,South.facing,"Wet
(Months 7-9)",Platform,S2-24a,2.0001016002032004,1.109281961,6.860713178294573,31.49,645,-7.498068190482683e-4,2.04343186206419,FALSE,35.97380842326667,1.4533466871480498,Thesis,NA,NA,NA
M8,SanPablo,T2,24,b,2026-02-07,2026-03-06,2026,3.257211071,1,0,0,0,0,0,0,0,0,0,Review,March,Ramped,South.facing,"Wet
(Months 7-9)",Platform,S2-24b,1.9979679959359915,1.106830123,6.860713178294573,31.49,645,-7.498068190482683e-4,2.04343186206419,FALSE,35.97380842326667,1.4533466871480498,Thesis,NA,NA,NA
M8,SanPablo,T2,24,c,2026-02-07,2026-03-06,2026,3.576947312,1,0,0,0,0,0,0,0,0,0,Review,March,Ramped,South.facing,"Wet
(Months 7-9)",Platform,S2-24c,1.9915671831343664,1.099474606,6.860713178294573,31.49,645,-7.498068190482683e-4,2.04343186206419,FALSE,35.97380842326667,1.4533466871480498,Thesis,NA,NA,NA
M8,SanPablo,T2,48,a,2026-02-07,2026-03-06,2026,3.50667753,0,0,0,0,0,0,0,0,0,0,OK,March,Ramped,South.facing,"Wet
(Months 7-9)",Upland,S2-48a,2.0138176276352553,1.125043783,6.860713178294573,31.49,645,0.00473019341500792,2.0664739570769344,FALSE,35.97380842326667,1.4533466871480498,Thesis,NA,NA,NA
M8,SanPablo,T2,48,b,2026-02-07,2026-03-06,2026,2.9706594,1,0,0,0,0,0,0,0,0,0,Review,March,Ramped,South.facing,"Wet
(Months 7-9)",Upland,S2-48b,2.022961645923292,1.135551664,6.860713178294573,31.49,645,0.00473019341500792,2.0664739570769344,FALSE,35.97380842326667,1.4533466871480498,Thesis,NA,NA,NA
M8,SanPablo,T2,48,c,2026-02-07,2026-03-06,2026,3.872057109,0,0,0,0,0,0,0,0,0,0,OK,March,Ramped,South.facing,"Wet
(Months 7-9)",Upland,S2-48c,2.0205232410464817,1.132749562,6.860713178294573,31.49,645,0.00473019341500792,2.0664739570769344,FALSE,35.97380842326667,1.4533466871480498,Thesis,NA,NA,NA
M9,Buck'sLanding,T1,0.5,a,2026-03-20,2026-04-19,2026,1.840119326,0,0,0,0,0,0,0,0,0,0,OK,April,Ramped,East.facing,"Wet
(Months 7-9)",Edge,B1-0.5a,1.6544577089154178,0.743807502,4.962642559109875,28.57,719,0.17785756524338506,1.7010695502979745,FALSE,34.89580532666493,1.2246004538785733,Thesis,NA,NA,NA
M9,Buck'sLanding,T1,0.5,b,2026-03-20,2026-04-19,2026,0.353468065,0,0,0,0,0,0,0,0,0,0,OK,April,Ramped,East.facing,"Wet
(Months 7-9)",Edge,B1-0.5b,1.6599441198882396,0.750176929,4.962642559109875,28.57,719,0.17785756524338506,1.7010695502979745,FALSE,34.89580532666493,1.2246004538785733,Thesis,NA,NA,NA
M9,Buck'sLanding,T1,0.5,c,2026-03-20,2026-04-19,2026,2.817474769,0,0,0,0,0,0,0,0,0,0,OK,April,Ramped,East.facing,"Wet
(Months 7-9)",Edge,B1-0.5c,1.6611633223266449,0.751592357,4.962642559109875,28.57,719,0.17785756524338506,1.7010695502979745,FALSE,34.89580532666493,1.2246004538785733,Thesis,NA,NA,NA
M9,Buck'sLanding,T1,2,a,2026-03-20,2026-04-19,2026,0.152893539,0,0,0,0,0,0,0,0,0,0,OK,April,Ramped,East.facing,"Wet
(Months 7-9)",Edge,B1-2a,1.7718059436118871,0.880042463,4.962642559109875,28.57,719,0.02968375936655274,1.858339098018449,FALSE,34.89580532666493,1.2246004538785733,Thesis,NA,NA,NA
M9,Buck'sLanding,T1,2,b,2026-03-20,2026-04-19,2026,0.044327599,0,0,0,0,0,0,0,0,0,0,OK,April,Ramped,East.facing,"Wet
(Months 7-9)",Edge,B1-2b,1.7794259588519177,0.888888889,4.962642559109875,28.57,719,0.02968375936655274,1.858339098018449,FALSE,34.89580532666493,1.2246004538785733,Thesis,NA,NA,NA
M9,Buck'sLanding,T1,2,c,2026-03-20,2026-04-19,2026,0.13277321,0,1,0,0,0,0,0,0,0,0,Review,April,Ramped,East.facing,"Wet
(Months 7-9)",Edge,B1-2c,1.7669291338582676,0.87438075,4.962642559109875,28.57,719,0.02968375936655274,1.858339098018449,FALSE,34.89580532666493,1.2246004538785733,Thesis,NA,NA,NA
M9,Buck'sLanding,T1,6,a,2026-03-20,2026-04-19,2026,1.217594262,0,0,0,0,0,0,0,0,0,0,OK,April,Ramped,East.facing,"Wet
(Months 7-9)",Edge,B1-6a,1.8138684277368553,0.928874735,4.962642559109875,28.57,719,0.01104286813360896,1.8720950223241668,FALSE,34.89580532666493,1.2246004538785733,Thesis,NA,NA,NA
M9,Buck'sLanding,T1,6,b,2026-03-20,2026-04-19,2026,0.807852153,0,0,0,0,0,0,0,0,0,0,OK,April,Ramped,East.facing,"Wet
(Months 7-9)",Edge,B1-6b,1.806248412496825,0.920028309,4.962642559109875,28.57,719,0.01104286813360896,1.8720950223241668,FALSE,34.89580532666493,1.2246004538785733,Thesis,NA,NA,NA
M9,Buck'sLanding,T1,6,c,2026-03-20,2026-04-19,2026,0.936590818,0,0,0,0,0,0,0,0,0,0,OK,April,Ramped,East.facing,"Wet
(Months 7-9)",Edge,B1-6c,1.8053340106680211,0.918966737,4.962642559109875,28.57,719,0.01104286813360896,1.8720950223241668,FALSE,34.89580532666493,1.2246004538785733,Thesis,NA,NA,NA
M9,Buck'sLanding,T1,12,a,2026-03-20,2026-04-19,2026,1.066482211,0,0,0,0,0,0,0,0,0,0,OK,April,Ramped,East.facing,"Wet
(Months 7-9)",Platform,B1-12a,1.8483108966217932,0.96886058,4.962642559109875,28.57,719,-0.00172583812482088,1.8663152905950524,FALSE,34.89580532666493,1.2246004538785733,Thesis,NA,NA,NA
M9,Buck'sLanding,T1,12,b,2026-03-20,2026-04-19,2026,0.677279604,0,0,0,0,0,0,0,0,0,0,OK,April,Ramped,East.facing,"Wet
(Months 7-9)",Platform,B1-12b,1.8461772923545847,0.966383581,4.962642559109875,28.57,719,-0.00172583812482088,1.8663152905950524,FALSE,34.89580532666493,1.2246004538785733,Thesis,NA,NA,NA
M9,Buck'sLanding,T1,12,c,2026-03-20,2026-04-19,2026,0.687601752,0,0,0,0,0,0,0,0,0,0,OK,April,Ramped,East.facing,"Wet
(Months 7-9)",Platform,B1-12c,1.8428244856489713,0.962491154,4.962642559109875,28.57,719,-0.00172583812482088,1.8663152905950524,FALSE,34.89580532666493,1.2246004538785733,Thesis,NA,NA,NA
M9,Buck'sLanding,T1,18,a,2026-03-20,2026-04-19,2026,0.768554636,0,0,0,0,0,0,0,0,0,0,OK,April,Ramped,East.facing,"Wet
(Months 7-9)",Platform,B1-18a,1.8736093472186943,0.998230715,4.962642559109875,28.57,719,-0.02221947652684898,1.8408866750284556,FALSE,34.89580532666493,1.2246004538785733,Thesis,NA,NA,NA
M9,Buck'sLanding,T1,18,b,2026-03-20,2026-04-19,2026,0.589724736,0,0,0,0,0,0,0,0,0,0,OK,April,Ramped,East.facing,"Wet
(Months 7-9)",Platform,B1-18b,1.8745237490474984,0.999292286,4.962642559109875,28.57,719,-0.02221947652684898,1.8408866750284556,FALSE,34.89580532666493,1.2246004538785733,Thesis,NA,NA,NA
M9,Buck'sLanding,T1,18,c,2026-03-20,2026-04-19,2026,0.553361434,0,0,0,0,0,0,0,0,0,0,OK,April,Ramped,East.facing,"Wet
(Months 7-9)",Platform,B1-18c,1.8806197612395223,1.006369427,4.962642559109875,28.57,719,-0.02221947652684898,1.8408866750284556,FALSE,34.89580532666493,1.2246004538785733,Thesis,NA,NA,NA
M9,Buck'sLanding,T1,24,a,2026-03-20,2026-04-19,2026,0.479220119,0,0,0,0,0,0,0,0,0,0,OK,April,Ramped,East.facing,"Wet
(Months 7-9)",Platform,B1-24a,1.8641605283210565,0.987261146,4.962642559109875,28.57,719,0.02688120789993156,1.8505249450567665,FALSE,34.89580532666493,1.2246004538785733,Thesis,NA,NA,NA
M9,Buck'sLanding,T1,24,b,2026-03-20,2026-04-19,2026,0.490066234,0,0,0,0,0,0,0,0,0,0,OK,April,Ramped,East.facing,"Wet
(Months 7-9)",Platform,B1-24b,1.869037338074676,0.992922859,4.962642559109875,28.57,719,0.02688120789993156,1.8505249450567665,FALSE,34.89580532666493,1.2246004538785733,Thesis,NA,NA,NA
M9,Buck'sLanding,T1,24,c,2026-03-20,2026-04-19,2026,0.536384907,0,0,0,0,0,0,0,0,0,0,OK,April,Ramped,East.facing,"Wet
(Months 7-9)",Platform,B1-24c,1.8714757429514857,0.995753715,4.962642559109875,28.57,719,0.02688120789993156,1.8505249450567665,FALSE,34.89580532666493,1.2246004538785733,Thesis,NA,NA,NA
M9,Buck'sLanding,T1,48,a,2026-03-20,2026-04-19,2026,0.773899099,0,0,0,0,0,0,0,0,0,0,OK,April,Ramped,East.facing,"Wet
(Months 7-9)",Upland,B1-48a,1.856845313690627,0.978768577,4.962642559109875,28.57,719,0.00709242883196758,1.921341208364329,TRUE,34.89580532666493,1.2246004538785733,Thesis,NA,NA,NA
M9,Buck'sLanding,T1,48,b,2026-03-20,2026-04-19,2026,0.878587684,0,0,0,0,0,0,0,0,0,0,OK,April,Ramped,East.facing,"Wet
(Months 7-9)",Upland,B1-48b,1.850749301498603,0.971691437,4.962642559109875,28.57,719,0.00709242883196758,1.921341208364329,TRUE,34.89580532666493,1.2246004538785733,Thesis,NA,NA,NA
M9,Buck'sLanding,T1,48,c,2026-03-20,2026-04-19,2026,0.825405044,0,0,0,0,0,0,0,0,0,0,OK,April,Ramped,East.facing,"Wet
(Months 7-9)",Upland,B1-48c,1.8516637033274064,0.972753008,4.962642559109875,28.57,719,0.00709242883196758,1.921341208364329,TRUE,34.89580532666493,1.2246004538785733,Thesis,NA,NA,NA
M9,Buck'sLanding,T2,0.5,a,2026-03-20,2026-04-19,2026,0.484826565,0,0,0,0,0,0,0,0,0,0,OK,April,Ramped,East.facing,"Wet
(Months 7-9)",Edge,B2-0.5a,1.6338836677673354,0.7199221515,4.962642559109875,28.57,719,-4.902368587095996e-4,1.8307718827004935,FALSE,29.104492140178493,1.2333122768097955,Thesis,NA,NA,NA
M9,Buck'sLanding,T2,0.5,b,2026-03-20,2026-04-19,2026,0.707669684,0,0,0,0,0,0,0,0,0,0,OK,April,Ramped,East.facing,"Wet
(Months 7-9)",Edge,B2-0.5b,1.6431800863601729,0.730714791,4.962642559109875,28.57,719,-4.902368587095996e-4,1.8307718827004935,FALSE,29.104492140178493,1.2333122768097955,Thesis,NA,NA,NA
M9,Buck'sLanding,T2,0.5,c,2026-03-20,2026-04-19,2026,0.906515119,0,0,0,0,0,0,0,0,0,0,OK,April,Ramped,East.facing,"Wet
(Months 7-9)",Edge,B2-0.5c,1.6407416814833629,0.727883935,4.962642559109875,28.57,719,-4.902368587095996e-4,1.8307718827004935,FALSE,29.104492140178493,1.2333122768097955,Thesis,NA,NA,NA
M9,Buck'sLanding,T2,2,a,2026-03-20,2026-04-19,2026,0.298189558,0,0,0,0,0,0,0,0,0,0,OK,April,Ramped,East.facing,"Wet
(Months 7-9)",Edge,B2-2a,1.773329946659893,0.881811748,4.962642559109875,28.57,719,0.00879335684428583,1.8375292375952912,FALSE,29.104492140178493,1.2333122768097955,Thesis,NA,NA,NA
M9,Buck'sLanding,T2,2,c,2026-03-20,2026-04-19,2026,0.25543386,0,0,0,0,0,0,0,0,0,0,OK,April,Ramped,East.facing,"Wet
(Months 7-9)",Edge,B2-2c,1.7696723393446787,0.877565464,4.962642559109875,28.57,719,0.00879335684428583,1.8375292375952912,FALSE,29.104492140178493,1.2333122768097955,Thesis,NA,NA,NA
M9,Buck'sLanding,T2,6,a,2026-03-20,2026-04-19,2026,1.3214445,0,0,0,0,0,0,0,0,0,0,OK,April,Ramped,East.facing,"Wet
(Months 7-9)",Edge,B2-6a,1.843738887477775,0.963552725,4.962642559109875,28.57,719,0.01218461482376672,1.894739035630732,FALSE,29.104492140178493,1.2333122768097955,Thesis,NA,NA,NA
M9,Buck'sLanding,T2,6,b,2026-03-20,2026-04-19,2026,1.47701027,0,0,0,0,0,0,0,0,0,0,OK,April,Ramped,East.facing,"Wet
(Months 7-9)",Edge,B2-6b,1.8394716789433576,0.958598726,4.962642559109875,28.57,719,0.01218461482376672,1.894739035630732,FALSE,29.104492140178493,1.2333122768097955,Thesis,NA,NA,NA
M9,Buck'sLanding,T2,6,c,2026-03-20,2026-04-19,2026,1.229488311,0,0,0,0,0,0,0,0,0,0,OK,April,Ramped,East.facing,"Wet
(Months 7-9)",Edge,B2-6c,1.8376428752857503,0.956475584,4.962642559109875,28.57,719,0.01218461482376672,1.894739035630732,FALSE,29.104492140178493,1.2333122768097955,Thesis,NA,NA,NA
M9,Buck'sLanding,T2,12,a,2026-03-20,2026-04-19,2026,1.074341714,0,0,0,0,0,0,0,0,0,0,OK,April,Ramped,East.facing,"Wet
(Months 7-9)",Platform,B2-12a,1.84008128016256,0.95930644,4.962642559109875,28.57,719,0.02661783367146161,1.8694116559719185,FALSE,29.104492140178493,1.2333122768097955,Thesis,NA,NA,NA
M9,Buck'sLanding,T2,12,b,2026-03-20,2026-04-19,2026,0.982647508,0,0,0,0,0,0,0,0,0,0,OK,April,Ramped,East.facing,"Wet
(Months 7-9)",Platform,B2-12b,1.835814071628143,0.954352442,4.962642559109875,28.57,719,0.02661783367146161,1.8694116559719185,FALSE,29.104492140178493,1.2333122768097955,Thesis,NA,NA,NA
M9,Buck'sLanding,T2,12,c,2026-03-20,2026-04-19,2026,1.014557092,0,0,0,0,0,0,0,0,0,0,OK,April,Ramped,East.facing,"Wet
(Months 7-9)",Platform,B2-12c,1.822098044196088,0.938428875,4.962642559109875,28.57,719,0.02661783367146161,1.8694116559719185,FALSE,29.104492140178493,1.2333122768097955,Thesis,NA,NA,NA
M9,Buck'sLanding,T2,18,a,2026-03-20,2026-04-19,2026,0.712332989,0,0,0,0,0,0,0,0,0,0,OK,April,Ramped,East.facing,"Wet
(Months 7-9)",Platform,B2-18a,1.8312420624841248,0.949044586,4.962642559109875,28.57,719,-0.01547712531206526,1.9112682741845783,FALSE,29.104492140178493,1.2333122768097955,Thesis,NA,NA,NA
M9,Buck'sLanding,T2,18,b,2026-03-20,2026-04-19,2026,0.702796792,0,0,0,0,0,0,0,0,0,0,OK,April,Ramped,East.facing,"Wet
(Months 7-9)",Platform,B2-18b,1.8269748539497075,0.944090587,4.962642559109875,28.57,719,-0.01547712531206526,1.9112682741845783,FALSE,29.104492140178493,1.2333122768097955,Thesis,NA,NA,NA
M9,Buck'sLanding,T2,18,c,2026-03-20,2026-04-19,2026,0.770388521,0,0,0,0,0,0,0,0,0,0,OK,April,Ramped,East.facing,"Wet
(Months 7-9)",Platform,B2-18c,1.8403860807721617,0.959660297,4.962642559109875,28.57,719,-0.01547712531206526,1.9112682741845783,FALSE,29.104492140178493,1.2333122768097955,Thesis,NA,NA,NA
M9,Buck'sLanding,T2,24,a,2026-03-20,2026-04-19,2026,0.621896303,0,0,0,0,0,0,0,0,0,0,OK,April,Ramped,East.facing,"Wet
(Months 7-9)",Platform,B2-24a,1.8266700533401063,0.94373673,4.962642559109875,28.57,719,0.01213652588304522,1.8589100935344456,FALSE,29.104492140178493,1.2333122768097955,Thesis,NA,NA,NA
M9,Buck'sLanding,T2,24,b,2026-03-20,2026-04-19,2026,0.649509359,0,0,0,0,0,0,0,0,0,0,OK,April,Ramped,East.facing,"Wet
(Months 7-9)",Platform,B2-24b,1.8294132588265175,0.946921444,4.962642559109875,28.57,719,0.01213652588304522,1.8589100935344456,FALSE,29.104492140178493,1.2333122768097955,Thesis,NA,NA,NA
M9,Buck'sLanding,T2,24,c,2026-03-20,2026-04-19,2026,0.838085043,0,0,0,0,0,0,0,0,0,0,OK,April,Ramped,East.facing,"Wet
(Months 7-9)",Platform,B2-24c,1.8446532893065783,0.964614296,4.962642559109875,28.57,719,0.01213652588304522,1.8589100935344456,FALSE,29.104492140178493,1.2333122768097955,Thesis,NA,NA,NA
M9,Buck'sLanding,T2,48,a,2026-03-20,2026-04-19,2026,0.844477439,0,0,0,0,0,0,0,0,0,0,OK,April,Ramped,East.facing,"Wet
(Months 7-9)",Upland,B2-48a,1.8416052832105665,0.961075725,4.962642559109875,28.57,719,-0.02376690670714356,1.4953854337338937,TRUE,29.104492140178493,1.2333122768097955,Thesis,NA,NA,NA
M9,Buck'sLanding,T2,48,b,2026-03-20,2026-04-19,2026,0.881207518,0,0,0,0,0,0,0,0,0,0,OK,April,Ramped,East.facing,"Wet
(Months 7-9)",Upland,B2-48b,1.8525781051562105,0.973814579,4.962642559109875,28.57,719,-0.02376690670714356,1.4953854337338937,TRUE,29.104492140178493,1.2333122768097955,Thesis,NA,NA,NA
M9,Buck'sLanding,T2,48,c,2026-03-20,2026-04-19,2026,0.824723887,0,0,0,0,0,0,0,0,0,0,OK,April,Ramped,East.facing,"Wet
(Months 7-9)",Upland,B2-48c,1.849530099060198,0.970276008,4.962642559109875,28.57,719,-0.02376690670714356,1.4953854337338937,TRUE,29.104492140178493,1.2333122768097955,Thesis,NA,NA,NA
M9,GiantMarsh,T1,0.5,b,2026-03-19,2026-04-17,2026,0.137893632,0,0,0,0,0,0,0,0,0,0,OK,April,Scarped,West.facing,"Wet
(Months 7-9)",Edge,G1-0.5b,2.066243332486665,1.194492855,4.8926043165467625,28.57,695,-0.00503157657553342,2.081117017603091,FALSE,61.82523742803928,2.5615527555530693,Thesis,NA,NA,NA
M9,GiantMarsh,T1,0.5,c,2026-03-19,2026-04-17,2026,0.162718822,0,0,0,0,0,0,0,0,0,0,OK,April,Scarped,West.facing,"Wet
(Months 7-9)",Edge,G1-0.5c,2.0574041148082296,1.184384803,4.8926043165467625,28.57,695,-0.00503157657553342,2.081117017603091,FALSE,61.82523742803928,2.5615527555530693,Thesis,NA,NA,NA
M9,GiantMarsh,T1,2,a,2026-03-19,2026-04-17,2026,12.23724675,0,0,0,0,0,0,0,0,0,0,OK,April,Scarped,West.facing,"Wet
(Months 7-9)",Edge,G1-2a,2.0183896367792733,1.139769955,4.8926043165467625,28.57,695,-0.04260973519962442,2.031680671373449,FALSE,61.82523742803928,2.5615527555530693,Thesis,NA,NA,NA
M9,GiantMarsh,T1,2,b,2026-03-19,2026-04-17,2026,9.062332609,0,0,0,0,0,0,0,0,0,0,OK,April,Scarped,West.facing,"Wet
(Months 7-9)",Edge,G1-2b,2.019304038608077,1.140815615,4.8926043165467625,28.57,695,-0.04260973519962442,2.031680671373449,FALSE,61.82523742803928,2.5615527555530693,Thesis,NA,NA,NA
M9,GiantMarsh,T1,2,c,2026-03-19,2026-04-17,2026,6.80258988,0,0,0,0,0,0,0,0,0,0,OK,April,Scarped,West.facing,"Wet
(Months 7-9)",Edge,G1-2c,2.0189992379984756,1.140467062,4.8926043165467625,28.57,695,-0.04260973519962442,2.031680671373449,FALSE,61.82523742803928,2.5615527555530693,Thesis,NA,NA,NA
M9,GiantMarsh,T1,6,a,2026-03-19,2026-04-17,2026,4.543606001,0,0,0,0,0,0,0,0,0,0,OK,April,Scarped,West.facing,"Wet
(Months 7-9)",Edge,G1-6a,1.9723647447294896,1.087138376,4.8926043165467625,28.57,695,-0.020943234262624,1.9647297866186124,FALSE,61.82523742803928,2.5615527555530693,Thesis,NA,NA,NA
M9,GiantMarsh,T1,6,b,2026-03-19,2026-04-17,2026,2.945741864,0,0,0,0,0,0,0,0,0,0,OK,April,Scarped,West.facing,"Wet
(Months 7-9)",Edge,G1-6b,1.9793751587503172,1.095155106,4.8926043165467625,28.57,695,-0.020943234262624,1.9647297866186124,FALSE,61.82523742803928,2.5615527555530693,Thesis,NA,NA,NA
M9,GiantMarsh,T1,6,c,2026-03-19,2026-04-17,2026,2.654127187,0,0,0,0,0,0,0,0,0,0,OK,April,Scarped,West.facing,"Wet
(Months 7-9)",Edge,G1-6c,1.9763271526543051,1.091669571,4.8926043165467625,28.57,695,-0.020943234262624,1.9647297866186124,FALSE,61.82523742803928,2.5615527555530693,Thesis,NA,NA,NA
M9,GiantMarsh,T1,12,a,2026-03-19,2026-04-17,2026,1.860154736,0,0,0,0,0,0,0,0,0,0,OK,April,Scarped,West.facing,"Wet
(Months 7-9)",Platform,G1-12a,1.9418846837693675,1.052283025,4.8926043165467625,28.57,695,-0.00963659940341829,1.9003038509090948,FALSE,61.82523742803928,2.5615527555530693,Thesis,NA,NA,NA
M9,GiantMarsh,T1,12,b,2026-03-19,2026-04-17,2026,1.285381124,0,0,0,0,0,0,0,0,0,0,OK,April,Scarped,West.facing,"Wet
(Months 7-9)",Platform,G1-12b,1.9495046990093976,1.060996863,4.8926043165467625,28.57,695,-0.00963659940341829,1.9003038509090948,FALSE,61.82523742803928,2.5615527555530693,Thesis,NA,NA,NA
M9,GiantMarsh,T1,12,c,2026-03-19,2026-04-17,2026,1.551736983,0,0,0,0,0,0,0,0,0,0,OK,April,Scarped,West.facing,"Wet
(Months 7-9)",Platform,G1-12c,1.9577343154686309,1.070407808,4.8926043165467625,28.57,695,-0.00963659940341829,1.9003038509090948,FALSE,61.82523742803928,2.5615527555530693,Thesis,NA,NA,NA
M9,GiantMarsh,T1,18,a,2026-03-19,2026-04-17,2026,0.84703765,0,0,0,0,0,0,0,0,0,0,OK,April,Scarped,West.facing,"Wet
(Months 7-9)",Platform,G1-18a,1.958039116078232,1.070756361,4.8926043165467625,28.57,695,-4.8566594081641705e-4,1.9478622938935235,FALSE,61.82523742803928,2.5615527555530693,Thesis,NA,NA,NA
M9,GiantMarsh,T1,18,b,2026-03-19,2026-04-17,2026,0.753265644,0,0,0,0,0,0,0,0,0,0,OK,April,Scarped,West.facing,"Wet
(Months 7-9)",Platform,G1-18b,1.94005588011176,1.050191704,4.8926043165467625,28.57,695,-4.8566594081641705e-4,1.9478622938935235,FALSE,61.82523742803928,2.5615527555530693,Thesis,NA,NA,NA
M9,GiantMarsh,T1,18,c,2026-03-19,2026-04-17,2026,1.244023875,0,0,0,0,0,0,0,0,0,0,OK,April,Scarped,West.facing,"Wet
(Months 7-9)",Platform,G1-18c,1.9348742697485393,1.044266295,4.8926043165467625,28.57,695,-4.8566594081641705e-4,1.9478622938935235,FALSE,61.82523742803928,2.5615527555530693,Thesis,NA,NA,NA
M9,GiantMarsh,T1,24,a,2026-03-19,2026-04-17,2026,1.33996402,0,0,0,0,0,0,0,0,0,0,OK,April,Scarped,West.facing,"Wet
(Months 7-9)",Platform,G1-24a,1.94005588011176,1.050191704,4.8926043165467625,28.57,695,-0.04127172083878872,1.9068799902442335,FALSE,61.82523742803928,2.5615527555530693,Thesis,NA,NA,NA
M9,GiantMarsh,T1,24,b,2026-03-19,2026-04-17,2026,0.782318705,0,0,0,0,0,0,0,0,0,0,OK,April,Scarped,West.facing,"Wet
(Months 7-9)",Platform,G1-24b,1.9467614935229869,1.057859881,4.8926043165467625,28.57,695,-0.04127172083878872,1.9068799902442335,FALSE,61.82523742803928,2.5615527555530693,Thesis,NA,NA,NA
M9,GiantMarsh,T1,24,c,2026-03-19,2026-04-17,2026,0.839882791,0,0,0,0,0,0,0,0,0,0,OK,April,Scarped,West.facing,"Wet
(Months 7-9)",Platform,G1-24c,1.952247904495809,1.064133845,4.8926043165467625,28.57,695,-0.04127172083878872,1.9068799902442335,FALSE,61.82523742803928,2.5615527555530693,Thesis,NA,NA,NA
M9,GiantMarsh,T1,48,a,2026-03-19,2026-04-17,2026,0.671093181,0,0,0,0,0,0,0,0,0,0,OK,April,Scarped,West.facing,"Wet
(Months 7-9)",Upland,G1-48a,1.8736093472186943,0.974207041,4.8926043165467625,28.57,695,0.01939660366491094,2.0210249067405273,TRUE,61.82523742803928,2.5615527555530693,Thesis,NA,NA,NA
M9,GiantMarsh,T1,48,b,2026-03-19,2026-04-17,2026,0.465499413,0,0,0,0,0,0,0,0,0,0,OK,April,Scarped,West.facing,"Wet
(Months 7-9)",Upland,G1-48b,1.8595885191770385,0.95817358,4.8926043165467625,28.57,695,0.01939660366491094,2.0210249067405273,TRUE,61.82523742803928,2.5615527555530693,Thesis,NA,NA,NA
M9,GiantMarsh,T1,48,c,2026-03-19,2026-04-17,2026,0.751151708,0,0,0,0,0,0,0,0,0,0,OK,April,Scarped,West.facing,"Wet
(Months 7-9)",Upland,G1-48c,1.886106172212344,0.988497734,4.8926043165467625,28.57,695,0.01939660366491094,2.0210249067405273,TRUE,61.82523742803928,2.5615527555530693,Thesis,NA,NA,NA
M9,GiantMarsh,T2,2,a,2026-03-19,2026-04-17,2026,102.4997403,0,0,0,0,0,0,0,0,0,0,OK,April,Scarped,West.facing,"Wet
(Months 7-9)",Edge,G2-2a,2.0616713233426465,1.189264552,4.8926043165467625,28.57,695,-0.01342471668837245,2.0563871851683726,FALSE,47.44065202971936,2.141172071480484,Thesis,NA,NA,NA
M9,GiantMarsh,T2,2,b,2026-03-19,2026-04-17,2026,480.7419717,0,0,0,0,0,0,0,0,0,0,OK,April,Scarped,West.facing,"Wet
(Months 7-9)",Edge,G2-2b,2.054051308102616,1.180550715,4.8926043165467625,28.57,695,-0.01342471668837245,2.0563871851683726,FALSE,47.44065202971936,2.141172071480484,Thesis,NA,NA,NA
M9,GiantMarsh,T2,2,c,2026-03-19,2026-04-17,2026,247.0634885,0,0,0,0,0,0,0,0,0,0,OK,April,Scarped,West.facing,"Wet
(Months 7-9)",Edge,G2-2c,2.0564897129794257,1.183339143,4.8926043165467625,28.57,695,-0.01342471668837245,2.0563871851683726,FALSE,47.44065202971936,2.141172071480484,Thesis,NA,NA,NA
M9,GiantMarsh,T2,6,a,2026-03-19,2026-04-17,2026,5.452327201,0,0,0,0,0,0,0,0,0,0,OK,April,Scarped,West.facing,"Wet
(Months 7-9)",Edge,G2-6a,1.9406654813309625,1.050888811,4.8926043165467625,28.57,695,-0.01255565003163208,1.9574508500756536,FALSE,47.44065202971936,2.141172071480484,Thesis,NA,NA,NA
M9,GiantMarsh,T2,6,b,2026-03-19,2026-04-17,2026,4.051926311,0,0,0,0,0,0,0,0,0,0,OK,April,Scarped,West.facing,"Wet
(Months 7-9)",Edge,G2-6b,1.9434086868173737,1.054025793,4.8926043165467625,28.57,695,-0.01255565003163208,1.9574508500756536,FALSE,47.44065202971936,2.141172071480484,Thesis,NA,NA,NA
M9,GiantMarsh,T2,6,c,2026-03-19,2026-04-17,2026,5.011761385,0,0,0,0,0,0,0,0,0,0,OK,April,Scarped,West.facing,"Wet
(Months 7-9)",Edge,G2-6c,1.9473710947421896,1.058556988,4.8926043165467625,28.57,695,-0.01255565003163208,1.9574508500756536,FALSE,47.44065202971936,2.141172071480484,Thesis,NA,NA,NA
M9,GiantMarsh,T2,12,a,2026-03-19,2026-04-17,2026,1.154967571,0,0,0,0,0,0,0,0,0,0,OK,April,Scarped,West.facing,"Wet
(Months 7-9)",Platform,G2-12a,1.9333502667005331,1.042523527,4.8926043165467625,28.57,695,0.0073026439019559,1.95016303680416,FALSE,47.44065202971936,2.141172071480484,Thesis,NA,NA,NA
M9,GiantMarsh,T2,12,b,2026-03-19,2026-04-17,2026,1.330641023,0,0,0,0,0,0,0,0,0,0,OK,April,Scarped,West.facing,"Wet
(Months 7-9)",Platform,G2-12b,1.9354838709677415,1.044963402,4.8926043165467625,28.57,695,0.0073026439019559,1.95016303680416,FALSE,47.44065202971936,2.141172071480484,Thesis,NA,NA,NA
M9,GiantMarsh,T2,12,c,2026-03-19,2026-04-17,2026,1.882269752,0,0,0,0,0,0,0,0,0,0,OK,April,Scarped,West.facing,"Wet
(Months 7-9)",Platform,G2-12c,1.9318262636525272,1.04078076,4.8926043165467625,28.57,695,0.0073026439019559,1.95016303680416,FALSE,47.44065202971936,2.141172071480484,Thesis,NA,NA,NA
M9,GiantMarsh,T2,18,a,2026-03-19,2026-04-17,2026,1.009756471,0,0,0,0,0,0,0,0,0,0,OK,April,Scarped,West.facing,"Wet
(Months 7-9)",Platform,G2-18a,1.9610871221742443,1.074241896,4.8926043165467625,28.57,695,0.01085632180604558,1.9382465005969651,FALSE,47.44065202971936,2.141172071480484,Thesis,NA,NA,NA
M9,GiantMarsh,T2,18,b,2026-03-19,2026-04-17,2026,1.292590186,0,0,0,0,0,0,0,0,0,0,OK,April,Scarped,West.facing,"Wet
(Months 7-9)",Platform,G2-18b,1.9516383032766065,1.063436738,4.8926043165467625,28.57,695,0.01085632180604558,1.9382465005969651,FALSE,47.44065202971936,2.141172071480484,Thesis,NA,NA,NA
M9,GiantMarsh,T2,18,c,2026-03-19,2026-04-17,2026,1.143097011,0,0,0,0,0,0,0,0,0,0,OK,April,Scarped,West.facing,"Wet
(Months 7-9)",Platform,G2-18c,1.9586487172974345,1.071453468,4.8926043165467625,28.57,695,0.01085632180604558,1.9382465005969651,FALSE,47.44065202971936,2.141172071480484,Thesis,NA,NA,NA
M9,GiantMarsh,T2,24,a,2026-03-19,2026-04-17,2026,0.731259034,0,0,0,0,0,0,0,0,0,0,OK,April,Scarped,West.facing,"Wet
(Months 7-9)",Platform,G2-24a,1.9357886715773431,1.045311955,4.8926043165467625,28.57,695,4.975228131842639e-4,1.9387701875796968,FALSE,47.44065202971936,2.141172071480484,Thesis,NA,NA,NA
M9,GiantMarsh,T2,24,b,2026-03-19,2026-04-17,2026,0.715594231,0,0,0,0,0,0,0,0,0,0,OK,April,Scarped,West.facing,"Wet
(Months 7-9)",Platform,G2-24b,1.9406654813309625,1.050888811,4.8926043165467625,28.57,695,4.975228131842639e-4,1.9387701875796968,FALSE,47.44065202971936,2.141172071480484,Thesis,NA,NA,NA
M9,GiantMarsh,T2,24,c,2026-03-19,2026-04-17,2026,0.770990179,0,0,0,0,0,0,0,0,0,0,OK,April,Scarped,West.facing,"Wet
(Months 7-9)",Platform,G2-24c,1.9354838709677415,1.044963402,4.8926043165467625,28.57,695,4.975228131842639e-4,1.9387701875796968,FALSE,47.44065202971936,2.141172071480484,Thesis,NA,NA,NA
M9,GiantMarsh,T2,48,a,2026-03-19,2026-04-17,2026,1.037346038,0,0,0,0,0,0,0,0,0,0,OK,April,Scarped,West.facing,"Wet
(Months 7-9)",Upland,G2-48a,1.8733045466090932,0.973858487,4.8926043165467625,28.57,695,-0.03370930171824177,1.4800192766320546,TRUE,47.44065202971936,2.141172071480484,Thesis,NA,NA,NA
M9,GiantMarsh,T2,48,b,2026-03-19,2026-04-17,2026,0.850886096,0,0,0,0,0,0,0,0,0,0,OK,April,Scarped,West.facing,"Wet
(Months 7-9)",Upland,G2-48b,1.897078994157988,1.001045661,4.8926043165467625,28.57,695,-0.03370930171824177,1.4800192766320546,TRUE,47.44065202971936,2.141172071480484,Thesis,NA,NA,NA
M9,GiantMarsh,T2,48,c,2026-03-19,2026-04-17,2026,0.85782414,0,0,0,0,0,0,0,0,0,0,OK,April,Scarped,West.facing,"Wet
(Months 7-9)",Upland,G2-48c,1.8836677673355344,0.985709306,4.8926043165467625,28.57,695,-0.03370930171824177,1.4800192766320546,TRUE,47.44065202971936,2.141172071480484,Thesis,NA,NA,NA
M9,CorteMadera,T1,0.5,a,2026-03-07,2026-04-04,2026,0.311797727,0,0,0,0,0,0,0,0,0,0,OK,April,Scarped,East.facing,"Wet
(Months 7-9)",Edge,C1-0.5a,1.6593345186690371,0.772363636,4.129417910447761,20.99,670,0.09733852868754048,1.7492440342280613,FALSE,72.28575074664536,2.3204339675954957,Thesis,NA,NA,NA
M9,CorteMadera,T1,0.5,b,2026-03-07,2026-04-04,2026,0.243925301,0,0,0,0,0,0,0,0,0,0,OK,April,Scarped,East.facing,"Wet
(Months 7-9)",Edge,C1-0.5b,1.6684785369570738,0.783272727,4.129417910447761,20.99,670,0.09733852868754048,1.7492440342280613,FALSE,72.28575074664536,2.3204339675954957,Thesis,NA,NA,NA
M9,CorteMadera,T1,0.5,c,2026-03-07,2026-04-04,2026,0.270759891,0,0,0,0,0,0,0,0,0,0,OK,April,Scarped,East.facing,"Wet
(Months 7-9)",Edge,C1-0.5c,1.6614681229362456,0.774909091,4.129417910447761,20.99,670,0.09733852868754048,1.7492440342280613,FALSE,72.28575074664536,2.3204339675954957,Thesis,NA,NA,NA
M9,CorteMadera,T1,2,a,2026-03-07,2026-04-04,2026,1.059685612,0,0,0,0,0,0,0,0,0,0,OK,April,Scarped,East.facing,"Wet
(Months 7-9)",Edge,C1-2a,1.6462280924561847,0.756727273,4.129417910447761,20.99,670,0.01775399109541334,1.8293271071500128,FALSE,72.28575074664536,2.3204339675954957,Thesis,NA,NA,NA
M9,CorteMadera,T1,2,b,2026-03-07,2026-04-04,2026,1.163711753,0,0,0,0,0,0,0,0,0,0,OK,April,Scarped,East.facing,"Wet
(Months 7-9)",Edge,C1-2b,1.6480568961137922,0.758909091,4.129417910447761,20.99,670,0.01775399109541334,1.8293271071500128,FALSE,72.28575074664536,2.3204339675954957,Thesis,NA,NA,NA
M9,CorteMadera,T1,2,c,2026-03-07,2026-04-04,2026,1.360929148,0,0,0,0,0,0,0,0,0,0,OK,April,Scarped,East.facing,"Wet
(Months 7-9)",Edge,C1-2c,1.6462280924561847,0.756727273,4.129417910447761,20.99,670,0.01775399109541334,1.8293271071500128,FALSE,72.28575074664536,2.3204339675954957,Thesis,NA,NA,NA
M9,CorteMadera,T1,6,a,2026-03-07,2026-04-04,2026,2.048467275,0,0,0,0,0,0,0,0,0,0,OK,April,Scarped,East.facing,"Wet
(Months 7-9)",Edge,C1-6a,1.664516129032258,0.778545455,4.129417910447761,20.99,670,-0.02515538212948231,1.757631476156524,FALSE,72.28575074664536,2.3204339675954957,Thesis,NA,NA,NA
M9,CorteMadera,T1,6,b,2026-03-07,2026-04-04,2026,2.724496844,0,0,0,0,0,0,0,0,0,0,OK,April,Scarped,East.facing,"Wet
(Months 7-9)",Edge,C1-6b,1.6620777241554483,0.775636364,4.129417910447761,20.99,670,-0.02515538212948231,1.757631476156524,FALSE,72.28575074664536,2.3204339675954957,Thesis,NA,NA,NA
M9,CorteMadera,T1,6,c,2026-03-07,2026-04-04,2026,2.164338811,0,0,0,0,0,0,0,0,0,0,OK,April,Scarped,East.facing,"Wet
(Months 7-9)",Edge,C1-6c,1.6529337058674116,0.764727273,4.129417910447761,20.99,670,-0.02515538212948231,1.757631476156524,FALSE,72.28575074664536,2.3204339675954957,Thesis,NA,NA,NA
M9,CorteMadera,T1,12,a,2026-03-07,2026-04-04,2026,2.123357115,0,1,0,0,0,0,0,0,0,0,Review,April,Scarped,East.facing,"Wet
(Months 7-9)",Platform,C1-12a,1.6413512827025651,0.750909091,4.129417910447761,20.99,670,0.0032317156537537,1.713310428434306,FALSE,72.28575074664536,2.3204339675954957,Thesis,NA,NA,NA
M9,CorteMadera,T1,12,b,2026-03-07,2026-04-04,2026,3.357523701,0,0,0,0,0,0,0,0,0,0,OK,April,Scarped,East.facing,"Wet
(Months 7-9)",Platform,C1-12b,1.6447040894081788,0.754909091,4.129417910447761,20.99,670,0.0032317156537537,1.713310428434306,FALSE,72.28575074664536,2.3204339675954957,Thesis,NA,NA,NA
M9,CorteMadera,T1,12,c,2026-03-07,2026-04-04,2026,2.225642937,0,0,0,0,0,0,0,0,0,0,OK,April,Scarped,East.facing,"Wet
(Months 7-9)",Platform,C1-12c,1.659029718059436,0.772,4.129417910447761,20.99,670,0.0032317156537537,1.713310428434306,FALSE,72.28575074664536,2.3204339675954957,Thesis,NA,NA,NA
M9,CorteMadera,T1,18,a,2026-03-07,2026-04-04,2026,2.396138021,0,0,0,0,1,0,0,0,0,0,Review,April,Scarped,East.facing,"Wet
(Months 7-9)",Platform,C1-18a,1.679756159512319,0.796727273,4.129417910447761,20.99,670,0.00523615127262157,1.741810125322371,FALSE,72.28575074664536,2.3204339675954957,Thesis,NA,NA,NA
M9,CorteMadera,T1,18,b,2026-03-07,2026-04-04,2026,3.102707374,0,0,0,0,0,0,0,0,0,0,OK,April,Scarped,East.facing,"Wet
(Months 7-9)",Platform,C1-18b,1.6696977393954786,0.784727273,4.129417910447761,20.99,670,0.00523615127262157,1.741810125322371,FALSE,72.28575074664536,2.3204339675954957,Thesis,NA,NA,NA
M9,CorteMadera,T1,18,c,2026-03-07,2026-04-04,2026,2.415169247,0,0,0,0,0,0,0,0,0,0,OK,April,Scarped,East.facing,"Wet
(Months 7-9)",Platform,C1-18c,1.671526543053086,0.786909091,4.129417910447761,20.99,670,0.00523615127262157,1.741810125322371,FALSE,72.28575074664536,2.3204339675954957,Thesis,NA,NA,NA
M9,CorteMadera,T1,24,a,2026-03-07,2026-04-04,2026,0.942971987,0,0,0,0,0,0,0,0,0,0,OK,April,Scarped,East.facing,"Wet
(Months 7-9)",Platform,C1-24a,1.7199898399796798,0.844727273,4.129417910447761,20.99,670,-0.0028494853327859,1.7550712477688033,FALSE,72.28575074664536,2.3204339675954957,Thesis,NA,NA,NA
M9,CorteMadera,T1,24,b,2026-03-07,2026-04-04,2026,1.519971813,0,0,0,0,0,0,0,0,0,0,OK,April,Scarped,East.facing,"Wet
(Months 7-9)",Platform,C1-24b,1.7184658369316737,0.842909091,4.129417910447761,20.99,670,-0.0028494853327859,1.7550712477688033,FALSE,72.28575074664536,2.3204339675954957,Thesis,NA,NA,NA
M9,CorteMadera,T1,24,c,2026-03-07,2026-04-04,2026,1.52103846,0,0,0,0,0,0,0,0,0,0,OK,April,Scarped,East.facing,"Wet
(Months 7-9)",Platform,C1-24c,1.7141986283972566,0.837818182,4.129417910447761,20.99,670,-0.0028494853327859,1.7550712477688033,FALSE,72.28575074664536,2.3204339675954957,Thesis,NA,NA,NA
M9,CorteMadera,T1,48,b,2026-03-07,2026-04-04,2026,1.37782708,0,1,0,0,0,0,0,0,0,0,Review,April,Scarped,East.facing,"Wet
(Months 7-9)",Upland,C1-48b,1.7108458216916431,0.833818182,4.129417910447761,20.99,670,-0.00558516363104424,1.727272679455228,FALSE,72.28575074664536,2.3204339675954957,Thesis,NA,NA,NA
M9,CorteMadera,T2,2,a,2026-03-07,2026-04-04,2026,0.038399288,0,0,0,0,0,0,0,0,0,0,OK,April,Scarped,East.facing,"Wet
(Months 7-9)",Edge,C2-2a,1.656286512573025,0.768727273,4.129417910447761,20.99,670,0.09235576383065149,1.6757667363825983,FALSE,68.92888177014264,1.9959970930436297,Thesis,NA,NA,NA
M9,CorteMadera,T2,2,b,2026-03-07,2026-04-04,2026,0.133892254,0,0,0,0,0,0,0,0,0,0,OK,April,Scarped,East.facing,"Wet
(Months 7-9)",Edge,C2-2b,1.6544577089154178,0.766545455,4.129417910447761,20.99,670,0.09235576383065149,1.6757667363825983,FALSE,68.92888177014264,1.9959970930436297,Thesis,NA,NA,NA
M9,CorteMadera,T2,2,c,2026-03-07,2026-04-04,2026,0.169709134,0,0,0,0,0,0,0,0,0,0,OK,April,Scarped,East.facing,"Wet
(Months 7-9)",Edge,C2-2c,1.6556769113538228,0.768,4.129417910447761,20.99,670,0.09235576383065149,1.6757667363825983,FALSE,68.92888177014264,1.9959970930436297,Thesis,NA,NA,NA
M9,CorteMadera,T2,6,a,2026-03-07,2026-04-04,2026,1.02240911,0,0,0,0,0,0,0,0,0,0,OK,April,Scarped,East.facing,"Wet
(Months 7-9)",Edge,C2-6a,1.6623825247650494,0.776,4.129417910447761,20.99,670,-0.00332539341534895,1.8033913358538023,FALSE,68.92888177014264,1.9959970930436297,Thesis,NA,NA,NA
M9,CorteMadera,T2,6,b,2026-03-07,2026-04-04,2026,1.2051425630000001,0,0,0,0,0,0,0,0,0,0,OK,April,Scarped,East.facing,"Wet
(Months 7-9)",Edge,C2-6b,1.6727457454914911,0.788363636,4.129417910447761,20.99,670,-0.00332539341534895,1.8033913358538023,FALSE,68.92888177014264,1.9959970930436297,Thesis,NA,NA,NA
M9,CorteMadera,T2,6,c,2026-03-07,2026-04-04,2026,1.079671206,0,0,0,0,0,0,0,0,0,0,OK,April,Scarped,East.facing,"Wet
(Months 7-9)",Edge,C2-6c,1.6675641351282702,0.782181818,4.129417910447761,20.99,670,-0.00332539341534895,1.8033913358538023,FALSE,68.92888177014264,1.9959970930436297,Thesis,NA,NA,NA
M9,CorteMadera,T2,12,a,2026-03-07,2026-04-04,2026,0.97278196,0,0,0,0,0,0,0,0,0,0,OK,April,Scarped,East.facing,"Wet
(Months 7-9)",Platform,C2-12a,1.664820929641859,0.778909091,4.129417910447761,20.99,670,-0.0058473496992098,1.752402790171007,FALSE,68.92888177014264,1.9959970930436297,Thesis,NA,NA,NA
M9,CorteMadera,T2,12,b,2026-03-07,2026-04-04,2026,1.221872078,0,0,0,0,0,0,0,0,0,0,OK,April,Scarped,East.facing,"Wet
(Months 7-9)",Platform,C2-12b,1.6651257302514604,0.779272727,4.129417910447761,20.99,670,-0.0058473496992098,1.752402790171007,FALSE,68.92888177014264,1.9959970930436297,Thesis,NA,NA,NA
M9,CorteMadera,T2,12,c,2026-03-07,2026-04-04,2026,1.108695229,0,0,0,0,0,0,0,0,0,0,OK,April,Scarped,East.facing,"Wet
(Months 7-9)",Platform,C2-12c,1.6657353314706629,0.78,4.129417910447761,20.99,670,-0.0058473496992098,1.752402790171007,FALSE,68.92888177014264,1.9959970930436297,Thesis,NA,NA,NA
M9,CorteMadera,T2,18,a,2026-03-07,2026-04-04,2026,1.613836739,0,0,0,0,0,0,0,0,0,0,OK,April,Scarped,East.facing,"Wet
(Months 7-9)",Platform,C2-18a,1.6623825247650494,0.776,4.129417910447761,20.99,670,5.42879874173271e-4,1.7467200155303768,FALSE,68.92888177014264,1.9959970930436297,Thesis,NA,NA,NA
M9,CorteMadera,T2,18,b,2026-03-07,2026-04-04,2026,1.921311739,0,0,0,0,0,0,0,0,0,0,OK,April,Scarped,East.facing,"Wet
(Months 7-9)",Platform,C2-18b,1.6672593345186688,0.781818182,4.129417910447761,20.99,670,5.42879874173271e-4,1.7467200155303768,FALSE,68.92888177014264,1.9959970930436297,Thesis,NA,NA,NA
M9,CorteMadera,T2,18,c,2026-03-07,2026-04-04,2026,2.024720347,1,0,0,0,0,0,0,0,0,0,Review,April,Scarped,East.facing,"Wet
(Months 7-9)",Platform,C2-18c,1.6773177546355091,0.793818182,4.129417910447761,20.99,670,5.42879874173271e-4,1.7467200155303768,FALSE,68.92888177014264,1.9959970930436297,Thesis,NA,NA,NA
M9,CorteMadera,T2,24,a,2026-03-07,2026-04-04,2026,2.693620223,0,0,0,0,0,0,0,0,0,0,OK,April,Scarped,East.facing,"Wet
(Months 7-9)",Platform,C2-24a,1.6794513589027176,0.796363636,4.129417910447761,20.99,670,6.099121469114189e-4,1.74610186223484,FALSE,68.92888177014264,1.9959970930436297,Thesis,NA,NA,NA
M9,CorteMadera,T2,24,b,2026-03-07,2026-04-04,2026,2.153447785,0,0,0,0,0,0,0,0,0,0,OK,April,Scarped,East.facing,"Wet
(Months 7-9)",Platform,C2-24b,1.6843281686563372,0.802181818,4.129417910447761,20.99,670,6.099121469114189e-4,1.74610186223484,FALSE,68.92888177014264,1.9959970930436297,Thesis,NA,NA,NA
M9,CorteMadera,T2,24,c,2026-03-07,2026-04-04,2026,2.210148487,0,0,0,0,0,0,0,0,0,0,OK,April,Scarped,East.facing,"Wet
(Months 7-9)",Platform,C2-24c,1.6751841503683007,0.791272727,4.129417910447761,20.99,670,6.099121469114189e-4,1.74610186223484,FALSE,68.92888177014264,1.9959970930436297,Thesis,NA,NA,NA
M9,CorteMadera,T2,48,a,2026-03-07,2026-04-04,2026,4.520786339,0,0,0,0,0,0,0,0,0,0,OK,April,Scarped,East.facing,"Wet
(Months 7-9)",Upland,C2-48a,1.6794513589027176,0.796363636,4.129417910447761,20.99,670,-0.00378424848987517,1.7284424717637423,FALSE,68.92888177014264,1.9959970930436297,Thesis,NA,NA,NA
M9,CorteMadera,T2,48,b,2026-03-07,2026-04-04,2026,2.955510104,0,0,0,0,0,0,0,0,0,0,OK,April,Scarped,East.facing,"Wet
(Months 7-9)",Upland,C2-48b,1.6821945643891287,0.799636364,4.129417910447761,20.99,670,-0.00378424848987517,1.7284424717637423,FALSE,68.92888177014264,1.9959970930436297,Thesis,NA,NA,NA
M9,CorteMadera,T2,48,c,2026-03-07,2026-04-04,2026,4.036472514,0,0,0,0,0,0,0,0,0,0,OK,April,Scarped,East.facing,"Wet
(Months 7-9)",Upland,C2-48c,1.673050546101092,0.788727273,4.129417910447761,20.99,670,-0.00378424848987517,1.7284424717637423,FALSE,68.92888177014264,1.9959970930436297,Thesis,NA,NA,NA
M9,SanPablo,T1,0.5,a,2026-03-06,2026-04-03,2026,1.792864998,0,0,0,0,0,0,0,0,0,0,OK,April,Ramped,South.facing,"Wet
(Months 7-9)",Edge,S1-0.5a,1.706273812547625,0.771628722,5.228607784431138,24.69,668,0.01994320045890097,1.8226043860308456,FALSE,25.333978068263427,1.1905148622217414,Thesis,NA,NA,NA
M9,SanPablo,T1,0.5,b,2026-03-06,2026-04-03,2026,0.389999785,0,0,0,0,0,0,0,0,0,0,OK,April,Ramped,South.facing,"Wet
(Months 7-9)",Edge,S1-0.5b,1.722733045466091,0.790542907,5.228607784431138,24.69,668,0.01994320045890097,1.8226043860308456,FALSE,25.333978068263427,1.1905148622217414,Thesis,NA,NA,NA
M9,SanPablo,T1,0.5,c,2026-03-06,2026-04-03,2026,0.513506267,0,0,0,0,0,0,0,0,0,0,OK,April,Ramped,South.facing,"Wet
(Months 7-9)",Edge,S1-0.5c,1.723037846075692,0.79089317,5.228607784431138,24.69,668,0.01994320045890097,1.8226043860308456,FALSE,25.333978068263427,1.1905148622217414,Thesis,NA,NA,NA
M9,SanPablo,T1,2,a,2026-03-06,2026-04-03,2026,2.947257625,0,0,0,0,0,0,0,0,0,0,OK,April,Ramped,South.facing,"Wet
(Months 7-9)",Edge,S1-2a,1.6913385826771654,0.754465849,5.228607784431138,24.69,668,0.3776886912580827,1.8192972125194615,FALSE,25.333978068263427,1.1905148622217414,Thesis,NA,NA,NA
M9,SanPablo,T1,2,b,2026-03-06,2026-04-03,2026,1.472477957,0,0,0,0,0,0,0,0,0,0,OK,April,Ramped,South.facing,"Wet
(Months 7-9)",Edge,S1-2b,1.7202946405892812,0.787740806,5.228607784431138,24.69,668,0.3776886912580827,1.8192972125194615,FALSE,25.333978068263427,1.1905148622217414,Thesis,NA,NA,NA
M9,SanPablo,T1,2,c,2026-03-06,2026-04-03,2026,0.395389159,0,0,0,0,0,0,0,0,0,0,OK,April,Ramped,South.facing,"Wet
(Months 7-9)",Edge,S1-2c,1.7550419100838202,0.827670753,5.228607784431138,24.69,668,0.3776886912580827,1.8192972125194615,FALSE,25.333978068263427,1.1905148622217414,Thesis,NA,NA,NA
M9,SanPablo,T1,6,a,2026-03-06,2026-04-03,2026,0.789880089,0,0,0,0,0,0,0,0,0,0,OK,April,Ramped,South.facing,"Wet
(Months 7-9)",Edge,S1-6a,1.8266700533401063,0.909982487,5.228607784431138,24.69,668,-0.0114628633903121,1.8447290956966944,FALSE,25.333978068263427,1.1905148622217414,Thesis,NA,NA,NA
M9,SanPablo,T1,6,b,2026-03-06,2026-04-03,2026,0.619104308,0,0,0,0,0,0,0,0,0,0,OK,April,Ramped,South.facing,"Wet
(Months 7-9)",Edge,S1-6b,1.8254508509017016,0.908581436,5.228607784431138,24.69,668,-0.0114628633903121,1.8447290956966944,FALSE,25.333978068263427,1.1905148622217414,Thesis,NA,NA,NA
M9,SanPablo,T1,6,c,2026-03-06,2026-04-03,2026,0.705727263,0,0,0,0,0,0,0,0,0,0,OK,April,Ramped,South.facing,"Wet
(Months 7-9)",Edge,S1-6c,1.83002286004572,0.913835377,5.228607784431138,24.69,668,-0.0114628633903121,1.8447290956966944,FALSE,25.333978068263427,1.1905148622217414,Thesis,NA,NA,NA
M9,SanPablo,T1,12,a,2026-03-06,2026-04-03,2026,0.369003683,0,0,0,0,0,0,0,0,0,0,OK,April,Ramped,South.facing,"Wet
(Months 7-9)",Platform,S1-12a,1.877266954533909,0.968126095,5.228607784431138,24.69,668,0.05459195462793114,1.939426772189594,FALSE,25.333978068263427,1.1905148622217414,Thesis,NA,NA,NA
M9,SanPablo,T1,12,b,2026-03-06,2026-04-03,2026,0.291475296,0,0,0,0,0,0,0,0,0,0,OK,April,Ramped,South.facing,"Wet
(Months 7-9)",Platform,S1-12b,1.889763779527559,0.982486865,5.228607784431138,24.69,668,0.05459195462793114,1.939426772189594,FALSE,25.333978068263427,1.1905148622217414,Thesis,NA,NA,NA
M9,SanPablo,T1,12,c,2026-03-06,2026-04-03,2026,0.21226273,0,0,0,0,0,0,0,0,0,0,OK,April,Ramped,South.facing,"Wet
(Months 7-9)",Platform,S1-12c,1.8851917703835408,0.977232925,5.228607784431138,24.69,668,0.05459195462793114,1.939426772189594,FALSE,25.333978068263427,1.1905148622217414,Thesis,NA,NA,NA
M9,SanPablo,T1,18,a,2026-03-06,2026-04-03,2026,0.196768281,0,0,0,0,0,0,0,0,0,0,OK,April,Ramped,South.facing,"Wet
(Months 7-9)",Platform,S1-18a,1.9778511557023113,1.083712785,5.228607784431138,24.69,668,0.02400136488500243,2.068566284857941,FALSE,25.333978068263427,1.1905148622217414,Thesis,NA,NA,NA
M9,SanPablo,T1,18,b,2026-03-06,2026-04-03,2026,0.138046563,0,0,0,0,0,0,0,0,0,0,OK,April,Ramped,South.facing,"Wet
(Months 7-9)",Platform,S1-18b,1.9882143764287528,1.095621716,5.228607784431138,24.69,668,0.02400136488500243,2.068566284857941,FALSE,25.333978068263427,1.1905148622217414,Thesis,NA,NA,NA
M9,SanPablo,T1,18,c,2026-03-06,2026-04-03,2026,0.47746483,0,0,0,0,0,0,0,0,0,0,OK,April,Ramped,South.facing,"Wet
(Months 7-9)",Platform,S1-18c,1.9918719837439671,1.099824869,5.228607784431138,24.69,668,0.02400136488500243,2.068566284857941,FALSE,25.333978068263427,1.1905148622217414,Thesis,NA,NA,NA
M9,SanPablo,T1,24,a,2026-03-06,2026-04-03,2026,0.274858061,0,0,0,0,0,0,0,0,0,0,OK,April,Ramped,South.facing,"Wet
(Months 7-9)",Platform,S1-24a,1.9751079502159004,1.08056042,5.228607784431138,24.69,668,0.01741473153111573,2.037429934956382,FALSE,25.333978068263427,1.1905148622217414,Thesis,NA,NA,NA
M9,SanPablo,T1,24,b,2026-03-06,2026-04-03,2026,0.243476187,0,0,0,0,0,0,0,0,0,0,OK,April,Ramped,South.facing,"Wet
(Months 7-9)",Platform,S1-24b,1.984861569723139,1.091768827,5.228607784431138,24.69,668,0.01741473153111573,2.037429934956382,FALSE,25.333978068263427,1.1905148622217414,Thesis,NA,NA,NA
M9,SanPablo,T1,24,c,2026-03-06,2026-04-03,2026,0.549772261,0,0,0,0,0,0,0,0,0,0,OK,April,Ramped,South.facing,"Wet
(Months 7-9)",Platform,S1-24c,1.9751079502159004,1.08056042,5.228607784431138,24.69,668,0.01741473153111573,2.037429934956382,FALSE,25.333978068263427,1.1905148622217414,Thesis,NA,NA,NA
M9,SanPablo,T1,48,a,2026-03-06,2026-04-03,2026,0.019761037,0,0,0,0,0,0,0,0,0,0,OK,April,Ramped,South.facing,"Wet
(Months 7-9)",Upland,S1-48a,2.013208026416053,1.124343257,5.228607784431138,24.69,668,-0.00126515639596243,2.068042486947528,FALSE,25.333978068263427,1.1905148622217414,Thesis,NA,NA,NA
M9,SanPablo,T1,48,b,2026-03-06,2026-04-03,2026,0.31393102,0,0,0,0,0,0,0,0,0,0,OK,April,Ramped,South.facing,"Wet
(Months 7-9)",Upland,S1-48b,2.0159512319024637,1.127495622,5.228607784431138,24.69,668,-0.00126515639596243,2.068042486947528,FALSE,25.333978068263427,1.1905148622217414,Thesis,NA,NA,NA
M9,SanPablo,T1,48,c,2026-03-06,2026-04-03,2026,0.625335772,0,0,0,0,0,0,0,0,0,0,OK,April,Ramped,South.facing,"Wet
(Months 7-9)",Upland,S1-48c,2.0144272288544576,1.125744308,5.228607784431138,24.69,668,-0.00126515639596243,2.068042486947528,FALSE,25.333978068263427,1.1905148622217414,Thesis,NA,NA,NA
M9,SanPablo,T2,0.5,a,2026-03-06,2026-04-03,2026,0.093078976,0,0,0,0,0,0,0,0,0,0,OK,April,Ramped,South.facing,"Wet
(Months 7-9)",Edge,S2-0.5a,1.727305054610109,0.795796848,5.228607784431138,24.69,668,0.01304185246874274,1.9776110105035407,FALSE,35.97380842326667,1.4533466871480498,Thesis,NA,NA,NA
M9,SanPablo,T2,0.5,b,2026-03-06,2026-04-03,2026,0.4831349,0,0,0,0,0,0,0,0,0,0,OK,April,Ramped,South.facing,"Wet
(Months 7-9)",Edge,S2-0.5b,1.7297434594869188,0.798598949,5.228607784431138,24.69,668,0.01304185246874274,1.9776110105035407,FALSE,35.97380842326667,1.4533466871480498,Thesis,NA,NA,NA
M9,SanPablo,T2,0.5,c,2026-03-06,2026-04-03,2026,0.713193792,0,0,0,0,0,0,0,0,0,0,OK,April,Ramped,South.facing,"Wet
(Months 7-9)",Edge,S2-0.5c,1.721818643637287,0.789492119,5.228607784431138,24.69,668,0.01304185246874274,1.9776110105035407,FALSE,35.97380842326667,1.4533466871480498,Thesis,NA,NA,NA
M9,SanPablo,T2,2,a,2026-03-06,2026-04-03,2026,2.207959054,0,0,0,0,0,0,0,0,0,0,OK,April,Ramped,South.facing,"Wet
(Months 7-9)",Edge,S2-2a,1.7401066802133602,0.810507881,5.228607784431138,24.69,668,0.01154246712137735,1.9960940502981117,FALSE,35.97380842326667,1.4533466871480498,Thesis,NA,NA,NA
M9,SanPablo,T2,2,b,2026-03-06,2026-04-03,2026,0.479991099,0,0,0,0,0,0,0,0,0,0,OK,April,Ramped,South.facing,"Wet
(Months 7-9)",Edge,S2-2b,1.751993903987808,0.824168126,5.228607784431138,24.69,668,0.01154246712137735,1.9960940502981117,FALSE,35.97380842326667,1.4533466871480498,Thesis,NA,NA,NA
M9,SanPablo,T2,2,c,2026-03-06,2026-04-03,2026,0.73935471,0,0,0,0,0,0,0,0,0,0,OK,April,Ramped,South.facing,"Wet
(Months 7-9)",Edge,S2-2c,1.750469900939802,0.822416813,5.228607784431138,24.69,668,0.01154246712137735,1.9960940502981117,FALSE,35.97380842326667,1.4533466871480498,Thesis,NA,NA,NA
M9,SanPablo,T2,6,a,2026-03-06,2026-04-03,2026,0.520299123,0,0,0,0,0,0,0,0,0,0,OK,April,Ramped,South.facing,"Wet
(Months 7-9)",Edge,S2-6a,1.8239268478536956,0.906830123,5.228607784431138,24.69,668,0.00730802606089925,2.0337458535335737,FALSE,35.97380842326667,1.4533466871480498,Thesis,NA,NA,NA
M9,SanPablo,T2,6,b,2026-03-06,2026-04-03,2026,0.566670193,0,0,0,0,0,0,0,0,0,0,OK,April,Ramped,South.facing,"Wet
(Months 7-9)",Edge,S2-6b,1.8135636271272544,0.894921191,5.228607784431138,24.69,668,0.00730802606089925,2.0337458535335737,FALSE,35.97380842326667,1.4533466871480498,Thesis,NA,NA,NA
M9,SanPablo,T2,6,c,2026-03-06,2026-04-03,2026,1.345883813,0,0,0,0,0,0,0,0,0,0,OK,April,Ramped,South.facing,"Wet
(Months 7-9)",Edge,S2-6c,1.8083820167640337,0.888966725,5.228607784431138,24.69,668,0.00730802606089925,2.0337458535335737,FALSE,35.97380842326667,1.4533466871480498,Thesis,NA,NA,NA
M9,SanPablo,T2,12,a,2026-03-06,2026-04-03,2026,0.686976734,0,0,0,0,0,0,0,0,0,0,OK,April,Ramped,South.facing,"Wet
(Months 7-9)",Platform,S2-12a,1.899517399034798,0.993695271,5.228607784431138,24.69,668,7.536119889995986e-4,2.059116795755984,FALSE,35.97380842326667,1.4533466871480498,Thesis,NA,NA,NA
M9,SanPablo,T2,12,b,2026-03-06,2026-04-03,2026,0.989343057,0,1,0,0,0,0,0,0,0,0,Review,April,Ramped,South.facing,"Wet
(Months 7-9)",Platform,S2-12b,1.8912877825755652,0.984238179,5.228607784431138,24.69,668,7.536119889995986e-4,2.059116795755984,FALSE,35.97380842326667,1.4533466871480498,Thesis,NA,NA,NA
M9,SanPablo,T2,12,c,2026-03-06,2026-04-03,2026,0.57834717,0,1,0,0,0,0,0,0,0,0,Review,April,Ramped,South.facing,"Wet
(Months 7-9)",Platform,S2-12c,1.8836677673355344,0.975481611,5.228607784431138,24.69,668,7.536119889995986e-4,2.059116795755984,FALSE,35.97380842326667,1.4533466871480498,Thesis,NA,NA,NA
M9,SanPablo,T2,18,a,2026-03-06,2026-04-03,2026,0.454279295,0,0,0,0,0,0,0,0,0,0,OK,April,Ramped,South.facing,"Wet
(Months 7-9)",Platform,S2-18a,1.9677927355854712,1.072154116,5.228607784431138,24.69,668,-0.00193388038167319,2.053170271773423,FALSE,35.97380842326667,1.4533466871480498,Thesis,NA,NA,NA
M9,SanPablo,T2,18,b,2026-03-06,2026-04-03,2026,0.224051985,0,0,0,0,0,0,0,0,0,0,OK,April,Ramped,South.facing,"Wet
(Months 7-9)",Platform,S2-18b,1.9677927355854712,1.072154116,5.228607784431138,24.69,668,-0.00193388038167319,2.053170271773423,FALSE,35.97380842326667,1.4533466871480498,Thesis,NA,NA,NA
M9,SanPablo,T2,18,c,2026-03-06,2026-04-03,2026,0.46202652,0,0,0,0,0,0,0,0,0,0,OK,April,Ramped,South.facing,"Wet
(Months 7-9)",Platform,S2-18c,1.9613919227838457,1.064798599,5.228607784431138,24.69,668,-0.00193388038167319,2.053170271773423,FALSE,35.97380842326667,1.4533466871480498,Thesis,NA,NA,NA
M9,SanPablo,T2,24,a,2026-03-06,2026-04-03,2026,0.915800561,0,0,0,0,0,0,0,0,0,0,OK,April,Ramped,South.facing,"Wet
(Months 7-9)",Platform,S2-24a,2.0001016002032004,1.109281961,5.228607784431138,24.69,668,-7.498068190482683e-4,2.04343186206419,FALSE,35.97380842326667,1.4533466871480498,Thesis,NA,NA,NA
M9,SanPablo,T2,24,b,2026-03-06,2026-04-03,2026,0.246395431,0,0,0,0,0,0,0,0,0,0,OK,April,Ramped,South.facing,"Wet
(Months 7-9)",Platform,S2-24b,1.9979679959359915,1.106830123,5.228607784431138,24.69,668,-7.498068190482683e-4,2.04343186206419,FALSE,35.97380842326667,1.4533466871480498,Thesis,NA,NA,NA
M9,SanPablo,T2,24,c,2026-03-06,2026-04-03,2026,0.452370558,0,0,0,0,0,0,0,0,0,0,OK,April,Ramped,South.facing,"Wet
(Months 7-9)",Platform,S2-24c,1.9915671831343664,1.099474606,5.228607784431138,24.69,668,-7.498068190482683e-4,2.04343186206419,FALSE,35.97380842326667,1.4533466871480498,Thesis,NA,NA,NA
M9,SanPablo,T2,48,a,2026-03-06,2026-04-03,2026,0.132320353,0,0,0,0,0,0,0,0,0,0,OK,April,Ramped,South.facing,"Wet
(Months 7-9)",Upland,S2-48a,2.0138176276352553,1.125043783,5.228607784431138,24.69,668,0.00473019341500792,2.0664739570769344,FALSE,35.97380842326667,1.4533466871480498,Thesis,NA,NA,NA
M9,SanPablo,T2,48,b,2026-03-06,2026-04-03,2026,0.334365729,0,0,0,0,0,0,0,0,0,0,OK,April,Ramped,South.facing,"Wet
(Months 7-9)",Upland,S2-48b,2.022961645923292,1.135551664,5.228607784431138,24.69,668,0.00473019341500792,2.0664739570769344,FALSE,35.97380842326667,1.4533466871480498,Thesis,NA,NA,NA
M9,SanPablo,T2,48,c,2026-03-06,2026-04-03,2026,0.43193585,0,0,0,0,0,0,0,0,0,0,OK,April,Ramped,South.facing,"Wet
(Months 7-9)",Upland,S2-48c,2.0205232410464817,1.132749562,5.228607784431138,24.69,668,0.00473019341500792,2.0664739570769344,FALSE,35.97380842326667,1.4533466871480498,Thesis,NA,NA,NA
M10,Buck'sLanding,T2,0.5,a,2026-04-19,2026-05-15,2026,0.63565245,0,0,0,0,0,0,0,0,0,0,OK,May,Ramped,East.facing,"Growth
(Months 10-12)",Edge,B2-0.5a,1.6338836677673354,0.7199221515,5.282528,20.02,625,-4.902368587095996e-4,1.8307718827004935,FALSE,29.104492140178493,1.2333122768097955,Thesis,NA,NA,NA
M10,Buck'sLanding,T2,0.5,b,2026-04-19,2026-05-15,2026,0.814607296,0,0,0,0,0,0,0,0,0,0,OK,May,Ramped,East.facing,"Growth
(Months 10-12)",Edge,B2-0.5b,1.6431800863601729,0.730714791,5.282528,20.02,625,-4.902368587095996e-4,1.8307718827004935,FALSE,29.104492140178493,1.2333122768097955,Thesis,NA,NA,NA
M10,Buck'sLanding,T2,0.5,c,2026-04-19,2026-05-15,2026,0.610562497,0,0,0,0,0,0,0,0,0,0,OK,May,Ramped,East.facing,"Growth
(Months 10-12)",Edge,B2-0.5c,1.6407416814833629,0.727883935,5.282528,20.02,625,-4.902368587095996e-4,1.8307718827004935,FALSE,29.104492140178493,1.2333122768097955,Thesis,NA,NA,NA
M10,Buck'sLanding,T2,2,a,2026-04-19,2026-05-15,2026,1.389439281,1,0,0,0,0,0,0,0,0,0,Review,May,Ramped,East.facing,"Growth
(Months 10-12)",Edge,B2-2a,1.773329946659893,0.881811748,5.282528,20.02,625,0.00879335684428583,1.8375292375952912,FALSE,29.104492140178493,1.2333122768097955,Thesis,NA,NA,NA
M10,Buck'sLanding,T2,2,b,2026-04-19,2026-05-15,2026,0.856444037,1,0,0,0,0,0,0,0,0,0,Review,May,Ramped,East.facing,"Growth
(Months 10-12)",Edge,B2-2b,1.7654051308102614,0.872611465,5.282528,20.02,625,0.00879335684428583,1.8375292375952912,FALSE,29.104492140178493,1.2333122768097955,Thesis,NA,NA,NA
M10,Buck'sLanding,T2,2,c,2026-04-19,2026-05-15,2026,NA,1,1,0,0,0,0,0,0,0,0,Review,May,Ramped,East.facing,"Growth
(Months 10-12)",Edge,B2-2c,1.7696723393446787,0.877565464,5.282528,20.02,625,0.00879335684428583,1.8375292375952912,FALSE,29.104492140178493,1.2333122768097955,Thesis,NA,NA,NA
M10,Buck'sLanding,T2,6,a,2026-04-19,2026-05-15,2026,1.432364261,0,0,0,0,0,0,0,0,0,0,OK,May,Ramped,East.facing,"Growth
(Months 10-12)",Edge,B2-6a,1.843738887477775,0.963552725,5.282528,20.02,625,0.01218461482376672,1.894739035630732,FALSE,29.104492140178493,1.2333122768097955,Thesis,NA,NA,NA
M10,Buck'sLanding,T2,6,b,2026-04-19,2026-05-15,2026,1.914756395,0,0,0,0,0,0,0,0,0,0,OK,May,Ramped,East.facing,"Growth
(Months 10-12)",Edge,B2-6b,1.8394716789433576,0.958598726,5.282528,20.02,625,0.01218461482376672,1.894739035630732,FALSE,29.104492140178493,1.2333122768097955,Thesis,NA,NA,NA
M10,Buck'sLanding,T2,6,c,2026-04-19,2026-05-15,2026,NA,1,0,0,0,0,0,0,0,0,0,Review,May,Ramped,East.facing,"Growth
(Months 10-12)",Edge,B2-6c,1.8376428752857503,0.956475584,5.282528,20.02,625,0.01218461482376672,1.894739035630732,FALSE,29.104492140178493,1.2333122768097955,Thesis,NA,NA,NA
M10,Buck'sLanding,T2,12,a,2026-04-19,2026-05-15,2026,1.298148126,0,0,0,0,0,0,0,0,0,0,OK,May,Ramped,East.facing,"Growth
(Months 10-12)",Platform,B2-12a,1.84008128016256,0.95930644,5.282528,20.02,625,0.02661783367146161,1.8694116559719185,FALSE,29.104492140178493,1.2333122768097955,Thesis,NA,NA,NA
M10,Buck'sLanding,T2,12,b,2026-04-19,2026-05-15,2026,1.001421645,0,0,0,0,0,0,0,0,0,0,OK,May,Ramped,East.facing,"Growth
(Months 10-12)",Platform,B2-12b,1.835814071628143,0.954352442,5.282528,20.02,625,0.02661783367146161,1.8694116559719185,FALSE,29.104492140178493,1.2333122768097955,Thesis,NA,NA,NA
M10,Buck'sLanding,T2,12,c,2026-04-19,2026-05-15,2026,0.988483693,0,0,0,0,0,0,0,0,0,0,OK,May,Ramped,East.facing,"Growth
(Months 10-12)",Platform,B2-12c,1.822098044196088,0.938428875,5.282528,20.02,625,0.02661783367146161,1.8694116559719185,FALSE,29.104492140178493,1.2333122768097955,Thesis,NA,NA,NA
M10,Buck'sLanding,T2,18,a,2026-04-19,2026-05-15,2026,0.841692353,0,0,0,0,0,0,0,0,0,0,OK,May,Ramped,East.facing,"Growth
(Months 10-12)",Platform,B2-18a,1.8312420624841248,0.949044586,5.282528,20.02,625,-0.01547712531206526,1.9112682741845783,FALSE,29.104492140178493,1.2333122768097955,Thesis,NA,NA,NA
M10,Buck'sLanding,T2,18,b,2026-04-19,2026-05-15,2026,0.822345884,0,0,0,0,0,0,0,0,0,0,OK,May,Ramped,East.facing,"Growth
(Months 10-12)",Platform,B2-18b,1.8269748539497075,0.944090587,5.282528,20.02,625,-0.01547712531206526,1.9112682741845783,FALSE,29.104492140178493,1.2333122768097955,Thesis,NA,NA,NA
M10,Buck'sLanding,T2,18,c,2026-04-19,2026-05-15,2026,0.990297425,0,0,0,0,0,0,0,0,0,0,OK,May,Ramped,East.facing,"Growth
(Months 10-12)",Platform,B2-18c,1.8403860807721617,0.959660297,5.282528,20.02,625,-0.01547712531206526,1.9112682741845783,FALSE,29.104492140178493,1.2333122768097955,Thesis,NA,NA,NA
M10,Buck'sLanding,T2,24,a,2026-04-19,2026-05-15,2026,0.736919128,0,0,0,0,0,0,0,0,0,0,OK,May,Ramped,East.facing,"Growth
(Months 10-12)",Platform,B2-24a,1.8266700533401063,0.94373673,5.282528,20.02,625,0.01213652588304522,1.8589100935344456,FALSE,29.104492140178493,1.2333122768097955,Thesis,NA,NA,NA
M10,Buck'sLanding,T2,24,b,2026-04-19,2026-05-15,2026,0.901605952,0,0,0,0,0,0,0,0,0,0,OK,May,Ramped,East.facing,"Growth
(Months 10-12)",Platform,B2-24b,1.8294132588265175,0.946921444,5.282528,20.02,625,0.01213652588304522,1.8589100935344456,FALSE,29.104492140178493,1.2333122768097955,Thesis,NA,NA,NA
M10,Buck'sLanding,T2,24,c,2026-04-19,2026-05-15,2026,0.834135139,0,0,0,0,0,0,0,0,0,0,OK,May,Ramped,East.facing,"Growth
(Months 10-12)",Platform,B2-24c,1.8446532893065783,0.964614296,5.282528,20.02,625,0.01213652588304522,1.8589100935344456,FALSE,29.104492140178493,1.2333122768097955,Thesis,NA,NA,NA
M10,Buck'sLanding,T2,48,a,2026-04-19,2026-05-15,2026,0.997552351,0,0,0,0,0,0,0,0,0,0,OK,May,Ramped,East.facing,"Growth
(Months 10-12)",Upland,B2-48a,1.8416052832105665,0.961075725,5.282528,20.02,625,-0.02376690670714356,1.4953854337338937,TRUE,29.104492140178493,1.2333122768097955,Thesis,NA,NA,NA
M10,Buck'sLanding,T2,48,b,2026-04-19,2026-05-15,2026,0.941447589,0,0,0,0,0,0,0,0,0,0,OK,May,Ramped,East.facing,"Growth
(Months 10-12)",Upland,B2-48b,1.8525781051562105,0.973814579,5.282528,20.02,625,-0.02376690670714356,1.4953854337338937,TRUE,29.104492140178493,1.2333122768097955,Thesis,NA,NA,NA
M10,Buck'sLanding,T2,48,c,2026-04-19,2026-05-15,2026,0.776760764,0,0,0,0,0,0,0,0,0,0,OK,May,Ramped,East.facing,"Growth
(Months 10-12)",Upland,B2-48c,1.849530099060198,0.970276008,5.282528,20.02,625,-0.02376690670714356,1.4953854337338937,TRUE,29.104492140178493,1.2333122768097955,Thesis,NA,NA,NA
M10,GiantMarsh,T1,2,a,2026-04-17,2026-05-14,2026,1.041995491,1,0,0,0,0,0,0,0,0,0,Review,May,Scarped,West.facing,"Growth
(Months 10-12)",Edge,G1-2a,2.0183896367792733,1.139769955,5.255824345146379,25.08,649,-0.04260973519962442,2.031680671373449,FALSE,61.82523742803928,2.5615527555530693,Thesis,NA,NA,NA
M10,GiantMarsh,T1,2,b,2026-04-17,2026-05-14,2026,3.791715519,1,0,0,0,0,0,0,0,0,0,Review,May,Scarped,West.facing,"Growth
(Months 10-12)",Edge,G1-2b,2.019304038608077,1.140815615,5.255824345146379,25.08,649,-0.04260973519962442,2.031680671373449,FALSE,61.82523742803928,2.5615527555530693,Thesis,NA,NA,NA
M10,GiantMarsh,T1,2,c,2026-04-17,2026-05-14,2026,3.937785845,1,0,0,0,0,0,0,0,0,0,Review,May,Scarped,West.facing,"Growth
(Months 10-12)",Edge,G1-2c,2.0189992379984756,1.140467062,5.255824345146379,25.08,649,-0.04260973519962442,2.031680671373449,FALSE,61.82523742803928,2.5615527555530693,Thesis,NA,NA,NA
M10,GiantMarsh,T1,6,a,2026-04-17,2026-05-14,2026,0.830895053,0,0,0,0,0,0,0,0,0,0,OK,May,Scarped,West.facing,"Growth
(Months 10-12)",Edge,G1-6a,1.9723647447294896,1.087138376,5.255824345146379,25.08,649,-0.020943234262624,1.9647297866186124,FALSE,61.82523742803928,2.5615527555530693,Thesis,NA,NA,NA
M10,GiantMarsh,T1,6,b,2026-04-17,2026-05-14,2026,2.500893973,0,0,0,0,0,0,0,0,0,0,OK,May,Scarped,West.facing,"Growth
(Months 10-12)",Edge,G1-6b,1.9793751587503172,1.095155106,5.255824345146379,25.08,649,-0.020943234262624,1.9647297866186124,FALSE,61.82523742803928,2.5615527555530693,Thesis,NA,NA,NA
M10,GiantMarsh,T1,6,c,2026-04-17,2026-05-14,2026,3.319330257,0,0,0,0,0,0,0,0,0,0,OK,May,Scarped,West.facing,"Growth
(Months 10-12)",Edge,G1-6c,1.9763271526543051,1.091669571,5.255824345146379,25.08,649,-0.020943234262624,1.9647297866186124,FALSE,61.82523742803928,2.5615527555530693,Thesis,NA,NA,NA
M10,GiantMarsh,T1,12,a,2026-04-17,2026-05-14,2026,0.961013497,0,0,0,0,0,0,0,0,0,0,OK,May,Scarped,West.facing,"Growth
(Months 10-12)",Platform,G1-12a,1.9418846837693675,1.052283025,5.255824345146379,25.08,649,-0.00963659940341829,1.9003038509090948,FALSE,61.82523742803928,2.5615527555530693,Thesis,NA,NA,NA
M10,GiantMarsh,T1,12,b,2026-04-17,2026-05-14,2026,1.483932455,0,0,0,0,0,0,0,0,0,0,OK,May,Scarped,West.facing,"Growth
(Months 10-12)",Platform,G1-12b,1.9495046990093976,1.060996863,5.255824345146379,25.08,649,-0.00963659940341829,1.9003038509090948,FALSE,61.82523742803928,2.5615527555530693,Thesis,NA,NA,NA
M10,GiantMarsh,T1,12,c,2026-04-17,2026-05-14,2026,2.134350023,0,0,0,0,0,0,0,0,0,0,OK,May,Scarped,West.facing,"Growth
(Months 10-12)",Platform,G1-12c,1.9577343154686309,1.070407808,5.255824345146379,25.08,649,-0.00963659940341829,1.9003038509090948,FALSE,61.82523742803928,2.5615527555530693,Thesis,NA,NA,NA
M10,GiantMarsh,T1,18,a,2026-04-17,2026-05-14,2026,0.234504293,0,0,0,0,0,0,0,0,0,0,OK,May,Scarped,West.facing,"Growth
(Months 10-12)",Platform,G1-18a,1.958039116078232,1.070756361,5.255824345146379,25.08,649,-4.8566594081641705e-4,1.9478622938935235,FALSE,61.82523742803928,2.5615527555530693,Thesis,NA,NA,NA
M10,GiantMarsh,T1,18,b,2026-04-17,2026-05-14,2026,0.836309377,0,0,0,0,0,0,0,0,0,0,OK,May,Scarped,West.facing,"Growth
(Months 10-12)",Platform,G1-18b,1.94005588011176,1.050191704,5.255824345146379,25.08,649,-4.8566594081641705e-4,1.9478622938935235,FALSE,61.82523742803928,2.5615527555530693,Thesis,NA,NA,NA
M10,GiantMarsh,T1,18,c,2026-04-17,2026-05-14,2026,5.083643218,0,0,0,0,0,0,0,0,0,0,OK,May,Scarped,West.facing,"Growth
(Months 10-12)",Platform,G1-18c,1.9348742697485393,1.044266295,5.255824345146379,25.08,649,-4.8566594081641705e-4,1.9478622938935235,FALSE,61.82523742803928,2.5615527555530693,Thesis,NA,NA,NA
M10,GiantMarsh,T1,24,a,2026-04-17,2026-05-14,2026,1.89984573,0,0,0,0,0,0,0,0,0,0,OK,May,Scarped,West.facing,"Growth
(Months 10-12)",Platform,G1-24a,1.94005588011176,1.050191704,5.255824345146379,25.08,649,-0.04127172083878872,1.9068799902442335,FALSE,61.82523742803928,2.5615527555530693,Thesis,NA,NA,NA
M10,GiantMarsh,T1,24,b,2026-04-17,2026-05-14,2026,1.566311694,0,0,0,0,0,0,0,0,0,0,OK,May,Scarped,West.facing,"Growth
(Months 10-12)",Platform,G1-24b,1.9467614935229869,1.057859881,5.255824345146379,25.08,649,-0.04127172083878872,1.9068799902442335,FALSE,61.82523742803928,2.5615527555530693,Thesis,NA,NA,NA
M10,GiantMarsh,T1,24,c,2026-04-17,2026-05-14,2026,0.918863272,0,0,0,0,0,0,0,0,0,0,OK,May,Scarped,West.facing,"Growth
(Months 10-12)",Platform,G1-24c,1.952247904495809,1.064133845,5.255824345146379,25.08,649,-0.04127172083878872,1.9068799902442335,FALSE,61.82523742803928,2.5615527555530693,Thesis,NA,NA,NA
M10,GiantMarsh,T1,48,a,2026-04-17,2026-05-14,2026,0.785717463,0,0,0,0,0,0,0,0,0,0,OK,May,Scarped,West.facing,"Growth
(Months 10-12)",Upland,G1-48a,1.8736093472186943,0.974207041,5.255824345146379,25.08,649,0.01939660366491094,2.0210249067405273,TRUE,61.82523742803928,2.5615527555530693,Thesis,NA,NA,NA
M10,GiantMarsh,T1,48,b,2026-04-17,2026-05-14,2026,0.713817562,0,0,0,0,0,0,0,0,0,0,OK,May,Scarped,West.facing,"Growth
(Months 10-12)",Upland,G1-48b,1.8595885191770385,0.95817358,5.255824345146379,25.08,649,0.01939660366491094,2.0210249067405273,TRUE,61.82523742803928,2.5615527555530693,Thesis,NA,NA,NA
M10,GiantMarsh,T1,48,c,2026-04-17,2026-05-14,2026,0.832059424,0,0,0,0,0,0,0,0,0,0,OK,May,Scarped,West.facing,"Growth
(Months 10-12)",Upland,G1-48c,1.886106172212344,0.988497734,5.255824345146379,25.08,649,0.01939660366491094,2.0210249067405273,TRUE,61.82523742803928,2.5615527555530693,Thesis,NA,NA,NA
M10,GiantMarsh,T2,2,a,2026-04-17,2026-05-14,2026,323.73020760000003,1,0,0,0,0,0,0,0,0,0,Review,May,Scarped,West.facing,"Growth
(Months 10-12)",Edge,G2-2a,2.0616713233426465,1.189264552,5.255824345146379,25.08,649,-0.01342471668837245,2.0563871851683726,FALSE,47.44065202971936,2.141172071480484,Thesis,NA,NA,NA
M10,GiantMarsh,T2,2,b,2026-04-17,2026-05-14,2026,471.7975457,1,0,0,0,0,0,0,0,0,0,Review,May,Scarped,West.facing,"Growth
(Months 10-12)",Edge,G2-2b,2.054051308102616,1.180550715,5.255824345146379,25.08,649,-0.01342471668837245,2.0563871851683726,FALSE,47.44065202971936,2.141172071480484,Thesis,NA,NA,NA
M10,GiantMarsh,T2,2,c,2026-04-17,2026-05-14,2026,201.9986681,1,0,0,0,0,0,0,0,0,0,Review,May,Scarped,West.facing,"Growth
(Months 10-12)",Edge,G2-2c,2.0564897129794257,1.183339143,5.255824345146379,25.08,649,-0.01342471668837245,2.0563871851683726,FALSE,47.44065202971936,2.141172071480484,Thesis,NA,NA,NA
M10,GiantMarsh,T2,6,a,2026-04-17,2026-05-14,2026,2.192161037,0,0,0,0,0,0,0,0,0,0,OK,May,Scarped,West.facing,"Growth
(Months 10-12)",Edge,G2-6a,1.9406654813309625,1.050888811,5.255824345146379,25.08,649,-0.01255565003163208,1.9574508500756536,FALSE,47.44065202971936,2.141172071480484,Thesis,NA,NA,NA
M10,GiantMarsh,T2,6,b,2026-04-17,2026-05-14,2026,1.915390081,0,0,0,0,0,0,0,0,0,0,OK,May,Scarped,West.facing,"Growth
(Months 10-12)",Edge,G2-6b,1.9434086868173737,1.054025793,5.255824345146379,25.08,649,-0.01255565003163208,1.9574508500756536,FALSE,47.44065202971936,2.141172071480484,Thesis,NA,NA,NA
M10,GiantMarsh,T2,6,c,2026-04-17,2026-05-14,2026,3.217098495,0,0,0,0,0,0,0,0,0,0,OK,May,Scarped,West.facing,"Growth
(Months 10-12)",Edge,G2-6c,1.9473710947421896,1.058556988,5.255824345146379,25.08,649,-0.01255565003163208,1.9574508500756536,FALSE,47.44065202971936,2.141172071480484,Thesis,NA,NA,NA
M10,GiantMarsh,T2,12,a,2026-04-17,2026-05-14,2026,0.647506641,0,0,0,0,0,0,0,0,0,0,OK,May,Scarped,West.facing,"Growth
(Months 10-12)",Platform,G2-12a,1.9333502667005331,1.042523527,5.255824345146379,25.08,649,0.0073026439019559,1.95016303680416,FALSE,47.44065202971936,2.141172071480484,Thesis,NA,NA,NA
M10,GiantMarsh,T2,12,b,2026-04-17,2026-05-14,2026,1.892975942,0,0,0,0,0,0,0,0,0,0,OK,May,Scarped,West.facing,"Growth
(Months 10-12)",Platform,G2-12b,1.9354838709677415,1.044963402,5.255824345146379,25.08,649,0.0073026439019559,1.95016303680416,FALSE,47.44065202971936,2.141172071480484,Thesis,NA,NA,NA
M10,GiantMarsh,T2,12,c,2026-04-17,2026-05-14,2026,2.23960915,0,0,0,0,0,0,0,0,0,0,OK,May,Scarped,West.facing,"Growth
(Months 10-12)",Platform,G2-12c,1.9318262636525272,1.04078076,5.255824345146379,25.08,649,0.0073026439019559,1.95016303680416,FALSE,47.44065202971936,2.141172071480484,Thesis,NA,NA,NA
M10,GiantMarsh,T2,18,a,2026-04-17,2026-05-14,2026,1.465884707,0,0,0,0,0,0,0,0,0,0,OK,May,Scarped,West.facing,"Growth
(Months 10-12)",Platform,G2-18a,1.9610871221742443,1.074241896,5.255824345146379,25.08,649,0.01085632180604558,1.9382465005969651,FALSE,47.44065202971936,2.141172071480484,Thesis,NA,NA,NA
M10,GiantMarsh,T2,18,b,2026-04-17,2026-05-14,2026,0.877877417,0,0,0,0,0,0,0,0,0,0,OK,May,Scarped,West.facing,"Growth
(Months 10-12)",Platform,G2-18b,1.9516383032766065,1.063436738,5.255824345146379,25.08,649,0.01085632180604558,1.9382465005969651,FALSE,47.44065202971936,2.141172071480484,Thesis,NA,NA,NA
M10,GiantMarsh,T2,18,c,2026-04-17,2026-05-14,2026,0.784902403,0,0,0,0,0,0,0,0,0,0,OK,May,Scarped,West.facing,"Growth
(Months 10-12)",Platform,G2-18c,1.9586487172974345,1.071453468,5.255824345146379,25.08,649,0.01085632180604558,1.9382465005969651,FALSE,47.44065202971936,2.141172071480484,Thesis,NA,NA,NA
M10,GiantMarsh,T2,24,a,2026-04-17,2026-05-14,2026,0.346225678,0,0,0,0,0,0,0,0,0,0,OK,May,Scarped,West.facing,"Growth
(Months 10-12)",Platform,G2-24a,1.9357886715773431,1.045311955,5.255824345146379,25.08,649,4.975228131842639e-4,1.9387701875796968,FALSE,47.44065202971936,2.141172071480484,Thesis,NA,NA,NA
M10,GiantMarsh,T2,24,b,2026-04-17,2026-05-14,2026,0.485426216,0,0,0,0,0,0,0,0,0,0,OK,May,Scarped,West.facing,"Growth
(Months 10-12)",Platform,G2-24b,1.9406654813309625,1.050888811,5.255824345146379,25.08,649,4.975228131842639e-4,1.9387701875796968,FALSE,47.44065202971936,2.141172071480484,Thesis,NA,NA,NA
M10,GiantMarsh,T2,24,c,2026-04-17,2026-05-14,2026,0.5692027,0,0,0,0,0,0,0,0,0,0,OK,May,Scarped,West.facing,"Growth
(Months 10-12)",Platform,G2-24c,1.9354838709677415,1.044963402,5.255824345146379,25.08,649,4.975228131842639e-4,1.9387701875796968,FALSE,47.44065202971936,2.141172071480484,Thesis,NA,NA,NA
M10,GiantMarsh,T2,48,a,2026-04-17,2026-05-14,2026,1.34822503,0,0,0,0,0,0,0,0,0,0,OK,May,Scarped,West.facing,"Growth
(Months 10-12)",Upland,G2-48a,1.8733045466090932,0.973858487,5.255824345146379,25.08,649,-0.03370930171824177,1.4800192766320546,TRUE,47.44065202971936,2.141172071480484,Thesis,NA,NA,NA
M10,GiantMarsh,T2,48,b,2026-04-17,2026-05-14,2026,1.403241554,0,0,0,0,0,0,0,0,0,0,OK,May,Scarped,West.facing,"Growth
(Months 10-12)",Upland,G2-48b,1.897078994157988,1.001045661,5.255824345146379,25.08,649,-0.03370930171824177,1.4800192766320546,TRUE,47.44065202971936,2.141172071480484,Thesis,NA,NA,NA
M10,GiantMarsh,T2,48,c,2026-04-17,2026-05-14,2026,1.143004664,0,0,0,0,0,0,0,0,0,0,OK,May,Scarped,West.facing,"Growth
(Months 10-12)",Upland,G2-48c,1.8836677673355344,0.985709306,5.255824345146379,25.08,649,-0.03370930171824177,1.4800192766320546,TRUE,47.44065202971936,2.141172071480484,Thesis,NA,NA,NA
M10,CorteMadera,T1,0.5,a,2026-04-04,2026-05-02,2026,0.108910261,0,0,0,0,0,0,0,0,0,0,OK,May,Scarped,East.facing,"Growth
(Months 10-12)",Edge,C1-0.5a,1.6593345186690371,0.772363636,5.443536404160476,28.57,673,0.09733852868754048,1.7492440342280613,FALSE,72.28575074664536,2.3204339675954957,Thesis,NA,NA,NA
M10,CorteMadera,T1,0.5,b,2026-04-04,2026-05-02,2026,0.041543089,0,0,0,0,0,0,0,0,0,0,OK,May,Scarped,East.facing,"Growth
(Months 10-12)",Edge,C1-0.5b,1.6684785369570738,0.783272727,5.443536404160476,28.57,673,0.09733852868754048,1.7492440342280613,FALSE,72.28575074664536,2.3204339675954957,Thesis,NA,NA,NA
M10,CorteMadera,T1,0.5,c,2026-04-04,2026-05-02,2026,0.388147188,0,0,0,0,0,0,0,0,0,0,OK,May,Scarped,East.facing,"Growth
(Months 10-12)",Edge,C1-0.5c,1.6614681229362456,0.774909091,5.443536404160476,28.57,673,0.09733852868754048,1.7492440342280613,FALSE,72.28575074664536,2.3204339675954957,Thesis,NA,NA,NA
M10,CorteMadera,T1,2,a,2026-04-04,2026-05-02,2026,1.109705737,0,0,0,0,0,0,0,0,0,0,OK,May,Scarped,East.facing,"Growth
(Months 10-12)",Edge,C1-2a,1.6462280924561847,0.756727273,5.443536404160476,28.57,673,0.01775399109541334,1.8293271071500128,FALSE,72.28575074664536,2.3204339675954957,Thesis,NA,NA,NA
M10,CorteMadera,T1,2,b,2026-04-04,2026-05-02,2026,0.859212136,0,0,0,0,0,0,0,0,0,0,OK,May,Scarped,East.facing,"Growth
(Months 10-12)",Edge,C1-2b,1.6480568961137922,0.758909091,5.443536404160476,28.57,673,0.01775399109541334,1.8293271071500128,FALSE,72.28575074664536,2.3204339675954957,Thesis,NA,NA,NA
M10,CorteMadera,T1,2,c,2026-04-04,2026-05-02,2026,0.88818002,0,0,0,0,0,0,0,0,0,0,OK,May,Scarped,East.facing,"Growth
(Months 10-12)",Edge,C1-2c,1.6462280924561847,0.756727273,5.443536404160476,28.57,673,0.01775399109541334,1.8293271071500128,FALSE,72.28575074664536,2.3204339675954957,Thesis,NA,NA,NA
M10,CorteMadera,T1,6,a,2026-04-04,2026-05-02,2026,3.461830539,0,0,0,0,0,0,0,0,0,0,OK,May,Scarped,East.facing,"Growth
(Months 10-12)",Edge,C1-6a,1.664516129032258,0.778545455,5.443536404160476,28.57,673,-0.02515538212948231,1.757631476156524,FALSE,72.28575074664536,2.3204339675954957,Thesis,NA,NA,NA
M10,CorteMadera,T1,6,b,2026-04-04,2026-05-02,2026,3.29745464,0,0,0,0,0,0,0,0,0,0,OK,May,Scarped,East.facing,"Growth
(Months 10-12)",Edge,C1-6b,1.6620777241554483,0.775636364,5.443536404160476,28.57,673,-0.02515538212948231,1.757631476156524,FALSE,72.28575074664536,2.3204339675954957,Thesis,NA,NA,NA
M10,CorteMadera,T1,6,c,2026-04-04,2026-05-02,2026,3.062792325,0,0,0,0,0,0,0,0,0,0,OK,May,Scarped,East.facing,"Growth
(Months 10-12)",Edge,C1-6c,1.6529337058674116,0.764727273,5.443536404160476,28.57,673,-0.02515538212948231,1.757631476156524,FALSE,72.28575074664536,2.3204339675954957,Thesis,NA,NA,NA
M10,CorteMadera,T1,12,a,2026-04-04,2026-05-02,2026,1.6560535,0,0,0,0,0,0,0,0,0,0,OK,May,Scarped,East.facing,"Growth
(Months 10-12)",Platform,C1-12a,1.6413512827025651,0.750909091,5.443536404160476,28.57,673,0.0032317156537537,1.713310428434306,FALSE,72.28575074664536,2.3204339675954957,Thesis,NA,NA,NA
M10,CorteMadera,T1,12,b,2026-04-04,2026-05-02,2026,1.617092819,0,0,0,0,0,0,0,0,0,0,OK,May,Scarped,East.facing,"Growth
(Months 10-12)",Platform,C1-12b,1.6447040894081788,0.754909091,5.443536404160476,28.57,673,0.0032317156537537,1.713310428434306,FALSE,72.28575074664536,2.3204339675954957,Thesis,NA,NA,NA
M10,CorteMadera,T1,12,c,2026-04-04,2026-05-02,2026,1.878252888,0,0,0,0,0,0,0,0,0,0,OK,May,Scarped,East.facing,"Growth
(Months 10-12)",Platform,C1-12c,1.659029718059436,0.772,5.443536404160476,28.57,673,0.0032317156537537,1.713310428434306,FALSE,72.28575074664536,2.3204339675954957,Thesis,NA,NA,NA
M10,CorteMadera,T1,18,a,2026-04-04,2026-05-02,2026,1.541810004,1,0,0,0,0,0,0,0,0,0,Review,May,Scarped,East.facing,"Growth
(Months 10-12)",Platform,C1-18a,1.679756159512319,0.796727273,5.443536404160476,28.57,673,0.00523615127262157,1.741810125322371,FALSE,72.28575074664536,2.3204339675954957,Thesis,NA,NA,NA
M10,CorteMadera,T1,18,b,2026-04-04,2026-05-02,2026,1.259485415,0,0,0,0,0,0,0,0,0,0,OK,May,Scarped,East.facing,"Growth
(Months 10-12)",Platform,C1-18b,1.6696977393954786,0.784727273,5.443536404160476,28.57,673,0.00523615127262157,1.741810125322371,FALSE,72.28575074664536,2.3204339675954957,Thesis,NA,NA,NA
M10,CorteMadera,T1,18,c,2026-04-04,2026-05-02,2026,1.204974146,0,0,0,0,0,0,0,0,0,0,OK,May,Scarped,East.facing,"Growth
(Months 10-12)",Platform,C1-18c,1.671526543053086,0.786909091,5.443536404160476,28.57,673,0.00523615127262157,1.741810125322371,FALSE,72.28575074664536,2.3204339675954957,Thesis,NA,NA,NA
M10,CorteMadera,T1,24,a,2026-04-04,2026-05-02,2026,0.704660617,0,0,0,0,0,0,0,0,0,0,OK,May,Scarped,East.facing,"Growth
(Months 10-12)",Platform,C1-24a,1.7199898399796798,0.844727273,5.443536404160476,28.57,673,-0.0028494853327859,1.7550712477688033,FALSE,72.28575074664536,2.3204339675954957,Thesis,NA,NA,NA
M10,CorteMadera,T1,24,b,2026-04-04,2026-05-02,2026,NA,1,0,0,0,1,0,0,0,0,0,Review,May,Scarped,East.facing,"Growth
(Months 10-12)",Platform,C1-24b,1.7184658369316737,0.842909091,5.443536404160476,28.57,673,-0.0028494853327859,1.7550712477688033,FALSE,72.28575074664536,2.3204339675954957,Thesis,NA,NA,NA
M10,CorteMadera,T1,24,c,2026-04-04,2026-05-02,2026,0.931070453,0,0,0,0,0,0,0,0,0,0,OK,May,Scarped,East.facing,"Growth
(Months 10-12)",Platform,C1-24c,1.7141986283972566,0.837818182,5.443536404160476,28.57,673,-0.0028494853327859,1.7550712477688033,FALSE,72.28575074664536,2.3204339675954957,Thesis,NA,NA,NA
M10,CorteMadera,T1,48,a,2026-04-04,2026-05-02,2026,0.600073082,0,0,0,0,0,0,0,0,0,0,OK,May,Scarped,East.facing,"Growth
(Months 10-12)",Upland,C1-48a,1.732486665,0.859636364,5.443536404160476,28.57,673,-0.00558516363104424,1.727272679455228,FALSE,72.28575074664536,2.3204339675954957,Thesis,NA,NA,NA
M10,CorteMadera,T1,48,b,2026-04-04,2026-05-02,2026,0.767424365,0,0,0,0,0,0,0,0,0,0,OK,May,Scarped,East.facing,"Growth
(Months 10-12)",Upland,C1-48b,1.7108458216916431,0.833818182,5.443536404160476,28.57,673,-0.00558516363104424,1.727272679455228,FALSE,72.28575074664536,2.3204339675954957,Thesis,NA,NA,NA
M10,CorteMadera,T1,48,c,2026-04-04,2026-05-02,2026,0.803914916,0,0,0,0,0,0,0,0,0,0,OK,May,Scarped,East.facing,"Growth
(Months 10-12)",Upland,C1-48c,1.7065786131572265,0.828727273,5.443536404160476,28.57,673,-0.00558516363104424,1.727272679455228,FALSE,72.28575074664536,2.3204339675954957,Thesis,NA,NA,NA
M10,CorteMadera,T2,2,b,2026-04-04,2026-05-02,2026,0.09431404,0,0,0,0,0,0,0,0,0,0,OK,May,Scarped,East.facing,"Growth
(Months 10-12)",Edge,C2-2b,1.6544577089154178,0.766545455,5.443536404160476,28.57,673,0.09235576383065149,1.6757667363825983,FALSE,68.92888177014264,1.9959970930436297,Thesis,NA,NA,NA
M10,CorteMadera,T2,2,c,2026-04-04,2026-05-02,2026,0.233876365,0,0,0,0,0,0,0,0,0,0,OK,May,Scarped,East.facing,"Growth
(Months 10-12)",Edge,C2-2c,1.6556769113538228,0.768,5.443536404160476,28.57,673,0.09235576383065149,1.6757667363825983,FALSE,68.92888177014264,1.9959970930436297,Thesis,NA,NA,NA
M10,CorteMadera,T2,6,a,2026-04-04,2026-05-02,2026,0.862748913,0,0,0,0,0,0,0,0,0,0,OK,May,Scarped,East.facing,"Growth
(Months 10-12)",Edge,C2-6a,1.6623825247650494,0.776,5.443536404160476,28.57,673,-0.00332539341534895,1.8033913358538023,FALSE,68.92888177014264,1.9959970930436297,Thesis,NA,NA,NA
M10,CorteMadera,T2,6,b,2026-04-04,2026-05-02,2026,0.705558846,0,0,0,0,0,0,0,0,0,0,OK,May,Scarped,East.facing,"Growth
(Months 10-12)",Edge,C2-6b,1.6727457454914911,0.788363636,5.443536404160476,28.57,673,-0.00332539341534895,1.8033913358538023,FALSE,68.92888177014264,1.9959970930436297,Thesis,NA,NA,NA
M10,CorteMadera,T2,6,c,2026-04-04,2026-05-02,2026,0.962845302,0,0,0,0,0,0,0,0,0,0,OK,May,Scarped,East.facing,"Growth
(Months 10-12)",Edge,C2-6c,1.6675641351282702,0.782181818,5.443536404160476,28.57,673,-0.00332539341534895,1.8033913358538023,FALSE,68.92888177014264,1.9959970930436297,Thesis,NA,NA,NA
M10,CorteMadera,T2,12,a,2026-04-04,2026-05-02,2026,0.680183878,0,0,0,0,0,0,0,0,0,0,OK,May,Scarped,East.facing,"Growth
(Months 10-12)",Platform,C2-12a,1.664820929641859,0.778909091,5.443536404160476,28.57,673,-0.0058473496992098,1.752402790171007,FALSE,68.92888177014264,1.9959970930436297,Thesis,NA,NA,NA
M10,CorteMadera,T2,12,b,2026-04-04,2026-05-02,2026,0.919225059,0,0,0,0,0,0,0,0,0,0,OK,May,Scarped,East.facing,"Growth
(Months 10-12)",Platform,C2-12b,1.6651257302514604,0.779272727,5.443536404160476,28.57,673,-0.0058473496992098,1.752402790171007,FALSE,68.92888177014264,1.9959970930436297,Thesis,NA,NA,NA
M10,CorteMadera,T2,12,c,2026-04-04,2026-05-02,2026,0.609448347,0,0,0,0,0,0,0,0,0,0,OK,May,Scarped,East.facing,"Growth
(Months 10-12)",Platform,C2-12c,1.6657353314706629,0.78,5.443536404160476,28.57,673,-0.0058473496992098,1.752402790171007,FALSE,68.92888177014264,1.9959970930436297,Thesis,NA,NA,NA
M10,CorteMadera,T2,18,a,2026-04-04,2026-05-02,2026,4.188385486,1,0,0,0,0,0,0,0,0,0,Review,May,Scarped,East.facing,"Growth
(Months 10-12)",Platform,C2-18a,1.6623825247650494,0.776,5.443536404160476,28.57,673,5.42879874173271e-4,1.7467200155303768,FALSE,68.92888177014264,1.9959970930436297,Thesis,NA,NA,NA
M10,CorteMadera,T2,18,b,2026-04-04,2026-05-02,2026,0.749459786,0,0,0,0,0,0,0,0,0,0,OK,May,Scarped,East.facing,"Growth
(Months 10-12)",Platform,C2-18b,1.6672593345186688,0.781818182,5.443536404160476,28.57,673,5.42879874173271e-4,1.7467200155303768,FALSE,68.92888177014264,1.9959970930436297,Thesis,NA,NA,NA
M10,CorteMadera,T2,18,c,2026-04-04,2026-05-02,2026,1.196422257,1,0,0,0,0,0,0,0,0,0,Review,May,Scarped,East.facing,"Growth
(Months 10-12)",Platform,C2-18c,1.6773177546355091,0.793818182,5.443536404160476,28.57,673,5.42879874173271e-4,1.7467200155303768,FALSE,68.92888177014264,1.9959970930436297,Thesis,NA,NA,NA
M10,CorteMadera,T2,24,a,2026-04-04,2026-05-02,2026,1.359581805,0,0,0,0,0,0,0,0,0,0,OK,May,Scarped,East.facing,"Growth
(Months 10-12)",Platform,C2-24a,1.6794513589027176,0.796363636,5.443536404160476,28.57,673,6.099121469114189e-4,1.74610186223484,FALSE,68.92888177014264,1.9959970930436297,Thesis,NA,NA,NA
M10,CorteMadera,T2,24,b,2026-04-04,2026-05-02,2026,1.159950419,0,0,0,0,0,0,0,0,0,0,OK,May,Scarped,East.facing,"Growth
(Months 10-12)",Platform,C2-24b,1.6843281686563372,0.802181818,5.443536404160476,28.57,673,6.099121469114189e-4,1.74610186223484,FALSE,68.92888177014264,1.9959970930436297,Thesis,NA,NA,NA
M10,CorteMadera,T2,24,c,2026-04-04,2026-05-02,2026,3.55066164,1,0,0,0,0,0,0,0,0,0,Review,May,Scarped,East.facing,"Growth
(Months 10-12)",Platform,C2-24c,1.6751841503683007,0.791272727,5.443536404160476,28.57,673,6.099121469114189e-4,1.74610186223484,FALSE,68.92888177014264,1.9959970930436297,Thesis,NA,NA,NA
M10,CorteMadera,T2,48,a,2026-04-04,2026-05-02,2026,2.024944904,0,0,0,0,0,0,0,0,0,0,OK,May,Scarped,East.facing,"Growth
(Months 10-12)",Upland,C2-48a,1.6794513589027176,0.796363636,5.443536404160476,28.57,673,-0.00378424848987517,1.7284424717637423,FALSE,68.92888177014264,1.9959970930436297,Thesis,NA,NA,NA
M10,CorteMadera,T2,48,b,2026-04-04,2026-05-02,2026,2.198078536,0,0,0,0,0,0,0,0,0,0,OK,May,Scarped,East.facing,"Growth
(Months 10-12)",Upland,C2-48b,1.6821945643891287,0.799636364,5.443536404160476,28.57,673,-0.00378424848987517,1.7284424717637423,FALSE,68.92888177014264,1.9959970930436297,Thesis,NA,NA,NA
M10,CorteMadera,T2,48,c,2026-04-04,2026-05-02,2026,2.342749537,0,0,0,0,0,0,0,0,0,0,OK,May,Scarped,East.facing,"Growth
(Months 10-12)",Upland,C2-48c,1.673050546101092,0.788727273,5.443536404160476,28.57,673,-0.00378424848987517,1.7284424717637423,FALSE,68.92888177014264,1.9959970930436297,Thesis,NA,NA,NA
M10,SanPablo,T1,0.5,a,2026-04-03,2026-04-30,2026,0.83019643,0,0,0,0,0,0,0,0,0,0,OK,April,Ramped,South.facing,"Growth
(Months 10-12)",Edge,S1-0.5a,1.706273812547625,0.771628722,7.303168469860896,26.63,647,0.01994320045890097,1.8226043860308456,FALSE,25.333978068263427,1.1905148622217414,Thesis,NA,NA,NA
M10,SanPablo,T1,0.5,b,2026-04-03,2026-04-30,2026,0.140073816,0,0,0,0,0,0,0,0,0,0,OK,April,Ramped,South.facing,"Growth
(Months 10-12)",Edge,S1-0.5b,1.722733045466091,0.790542907,7.303168469860896,26.63,647,0.01994320045890097,1.8226043860308456,FALSE,25.333978068263427,1.1905148622217414,Thesis,NA,NA,NA
M10,SanPablo,T1,0.5,c,2026-04-03,2026-04-30,2026,0.273219625,0,0,0,0,0,0,0,0,0,0,OK,April,Ramped,South.facing,"Growth
(Months 10-12)",Edge,S1-0.5c,1.723037846075692,0.79089317,7.303168469860896,26.63,647,0.01994320045890097,1.8226043860308456,FALSE,25.333978068263427,1.1905148622217414,Thesis,NA,NA,NA
M10,SanPablo,T1,2,a,2026-04-03,2026-04-30,2026,0.793926278,0,0,0,0,0,0,0,0,0,0,OK,April,Ramped,South.facing,"Growth
(Months 10-12)",Edge,S1-2a,1.6913385826771654,0.754465849,7.303168469860896,26.63,647,0.3776886912580827,1.8192972125194615,FALSE,25.333978068263427,1.1905148622217414,Thesis,NA,NA,NA
M10,SanPablo,T1,2,b,2026-04-03,2026-04-30,2026,1.33145809,0,0,0,0,0,0,0,0,0,0,OK,April,Ramped,South.facing,"Growth
(Months 10-12)",Edge,S1-2b,1.7202946405892812,0.787740806,7.303168469860896,26.63,647,0.3776886912580827,1.8192972125194615,FALSE,25.333978068263427,1.1905148622217414,Thesis,NA,NA,NA
M10,SanPablo,T1,2,c,2026-04-03,2026-04-30,2026,0.821754741,0,0,0,0,0,0,0,0,0,0,OK,April,Ramped,South.facing,"Growth
(Months 10-12)",Edge,S1-2c,1.7550419100838202,0.827670753,7.303168469860896,26.63,647,0.3776886912580827,1.8192972125194615,FALSE,25.333978068263427,1.1905148622217414,Thesis,NA,NA,NA
M10,SanPablo,T1,6,a,2026-04-03,2026-04-30,2026,0.817621225,0,0,0,0,0,0,0,0,0,0,OK,April,Ramped,South.facing,"Growth
(Months 10-12)",Edge,S1-6a,1.8266700533401063,0.909982487,7.303168469860896,26.63,647,-0.0114628633903121,1.8447290956966944,FALSE,25.333978068263427,1.1905148622217414,Thesis,NA,NA,NA
M10,SanPablo,T1,6,b,2026-04-03,2026-04-30,2026,0.721677065,0,0,0,0,0,0,0,0,0,0,OK,April,Ramped,South.facing,"Growth
(Months 10-12)",Edge,S1-6b,1.8254508509017016,0.908581436,7.303168469860896,26.63,647,-0.0114628633903121,1.8447290956966944,FALSE,25.333978068263427,1.1905148622217414,Thesis,NA,NA,NA
M10,SanPablo,T1,6,c,2026-04-03,2026-04-30,2026,0.734718019,0,0,0,0,0,0,0,0,0,0,OK,April,Ramped,South.facing,"Growth
(Months 10-12)",Edge,S1-6c,1.83002286004572,0.913835377,7.303168469860896,26.63,647,-0.0114628633903121,1.8447290956966944,FALSE,25.333978068263427,1.1905148622217414,Thesis,NA,NA,NA
M10,SanPablo,T1,12,a,2026-04-03,2026-04-30,2026,0.732389277,0,0,0,0,0,0,0,0,0,0,OK,April,Ramped,South.facing,"Growth
(Months 10-12)",Platform,S1-12a,1.877266954533909,0.968126095,7.303168469860896,26.63,647,0.05459195462793114,1.939426772189594,FALSE,25.333978068263427,1.1905148622217414,Thesis,NA,NA,NA
M10,SanPablo,T1,12,b,2026-04-03,2026-04-30,2026,0.907568875,0,0,0,0,0,0,0,0,0,0,OK,April,Ramped,South.facing,"Growth
(Months 10-12)",Platform,S1-12b,1.889763779527559,0.982486865,7.303168469860896,26.63,647,0.05459195462793114,1.939426772189594,FALSE,25.333978068263427,1.1905148622217414,Thesis,NA,NA,NA
M10,SanPablo,T1,12,c,2026-04-03,2026-04-30,2026,0.807258324,0,0,0,0,0,0,0,0,0,0,OK,April,Ramped,South.facing,"Growth
(Months 10-12)",Platform,S1-12c,1.8851917703835408,0.977232925,7.303168469860896,26.63,647,0.05459195462793114,1.939426772189594,FALSE,25.333978068263427,1.1905148622217414,Thesis,NA,NA,NA
M10,SanPablo,T1,18,a,2026-04-03,2026-04-30,2026,1.217233307,0,0,0,0,0,0,0,0,0,0,OK,April,Ramped,South.facing,"Growth
(Months 10-12)",Platform,S1-18a,1.9778511557023113,1.083712785,7.303168469860896,26.63,647,0.02400136488500243,2.068566284857941,FALSE,25.333978068263427,1.1905148622217414,Thesis,NA,NA,NA
M10,SanPablo,T1,18,b,2026-04-03,2026-04-30,2026,0.380050652,0,0,0,0,0,0,0,0,0,0,OK,April,Ramped,South.facing,"Growth
(Months 10-12)",Platform,S1-18b,1.9882143764287528,1.095621716,7.303168469860896,26.63,647,0.02400136488500243,2.068566284857941,FALSE,25.333978068263427,1.1905148622217414,Thesis,NA,NA,NA
M10,SanPablo,T1,18,c,2026-04-03,2026-04-30,2026,0.692393138,0,0,0,0,0,0,0,0,0,0,OK,April,Ramped,South.facing,"Growth
(Months 10-12)",Platform,S1-18c,1.9918719837439671,1.099824869,7.303168469860896,26.63,647,0.02400136488500243,2.068566284857941,FALSE,25.333978068263427,1.1905148622217414,Thesis,NA,NA,NA
M10,SanPablo,T1,24,a,2026-04-03,2026-04-30,2026,1.296701619,0,0,0,0,0,0,0,0,0,0,OK,April,Ramped,South.facing,"Growth
(Months 10-12)",Platform,S1-24a,1.9751079502159004,1.08056042,7.303168469860896,26.63,647,0.01741473153111573,2.037429934956382,FALSE,25.333978068263427,1.1905148622217414,Thesis,NA,NA,NA
M10,SanPablo,T1,24,b,2026-04-03,2026-04-30,2026,1.165244148,0,0,0,0,0,0,0,0,0,0,OK,April,Ramped,South.facing,"Growth
(Months 10-12)",Platform,S1-24b,1.984861569723139,1.091768827,7.303168469860896,26.63,647,0.01741473153111573,2.037429934956382,FALSE,25.333978068263427,1.1905148622217414,Thesis,NA,NA,NA
M10,SanPablo,T1,24,c,2026-04-03,2026-04-30,2026,0.795090649,0,0,0,0,0,0,0,0,0,0,OK,April,Ramped,South.facing,"Growth
(Months 10-12)",Platform,S1-24c,1.9751079502159004,1.08056042,7.303168469860896,26.63,647,0.01741473153111573,2.037429934956382,FALSE,25.333978068263427,1.1905148622217414,Thesis,NA,NA,NA
M10,SanPablo,T1,48,a,2026-04-03,2026-04-30,2026,1.118145346,0,0,0,0,0,0,0,0,0,0,OK,April,Ramped,South.facing,"Growth
(Months 10-12)",Upland,S1-48a,2.013208026416053,1.124343257,7.303168469860896,26.63,647,-0.00126515639596243,2.068042486947528,FALSE,25.333978068263427,1.1905148622217414,Thesis,NA,NA,NA
M10,SanPablo,T1,48,b,2026-04-03,2026-04-30,2026,1.151737446,0,0,0,0,0,0,0,0,0,0,OK,April,Ramped,South.facing,"Growth
(Months 10-12)",Upland,S1-48b,2.0159512319024637,1.127495622,7.303168469860896,26.63,647,-0.00126515639596243,2.068042486947528,FALSE,25.333978068263427,1.1905148622217414,Thesis,NA,NA,NA
M10,SanPablo,T1,48,c,2026-04-03,2026-04-30,2026,1.017601922,0,0,0,0,0,0,0,0,0,0,OK,April,Ramped,South.facing,"Growth
(Months 10-12)",Upland,S1-48c,2.0144272288544576,1.125744308,7.303168469860896,26.63,647,-0.00126515639596243,2.068042486947528,FALSE,25.333978068263427,1.1905148622217414,Thesis,NA,NA,NA
M10,SanPablo,T2,0.5,b,2026-04-03,2026-04-30,2026,0.424122089,0,0,0,0,0,0,0,0,0,0,OK,April,Ramped,South.facing,"Growth
(Months 10-12)",Edge,S2-0.5b,1.7297434594869188,0.798598949,7.303168469860896,26.63,647,0.01304185246874274,1.9776110105035407,FALSE,35.97380842326667,1.4533466871480498,Thesis,NA,NA,NA
M10,SanPablo,T2,0.5,c,2026-04-03,2026-04-30,2026,0.1390841,0,0,0,0,0,0,0,0,0,0,OK,April,Ramped,South.facing,"Growth
(Months 10-12)",Edge,S2-0.5c,1.721818643637287,0.789492119,7.303168469860896,26.63,647,0.01304185246874274,1.9776110105035407,FALSE,35.97380842326667,1.4533466871480498,Thesis,NA,NA,NA
M10,SanPablo,T2,2,a,2026-04-03,2026-04-30,2026,1.917777041,0,0,0,0,0,0,0,0,0,0,OK,April,Ramped,South.facing,"Growth
(Months 10-12)",Edge,S2-2a,1.7401066802133602,0.810507881,7.303168469860896,26.63,647,0.01154246712137735,1.9960940502981117,FALSE,35.97380842326667,1.4533466871480498,Thesis,NA,NA,NA
M10,SanPablo,T2,2,b,2026-04-03,2026-04-30,2026,0.368989129,0,0,0,0,0,0,0,0,0,0,OK,April,Ramped,South.facing,"Growth
(Months 10-12)",Edge,S2-2b,1.751993903987808,0.824168126,7.303168469860896,26.63,647,0.01154246712137735,1.9960940502981117,FALSE,35.97380842326667,1.4533466871480498,Thesis,NA,NA,NA
M10,SanPablo,T2,2,c,2026-04-03,2026-04-30,2026,0.177508339,0,0,0,0,0,1,0,0,0,0,Review,April,Ramped,South.facing,"Growth
(Months 10-12)",Edge,S2-2c,1.750469900939802,0.822416813,7.303168469860896,26.63,647,0.01154246712137735,1.9960940502981117,FALSE,35.97380842326667,1.4533466871480498,Thesis,NA,NA,NA
M10,SanPablo,T2,6,a,2026-04-03,2026-04-30,2026,0.819891748,0,0,0,0,0,0,0,0,0,0,OK,April,Ramped,South.facing,"Growth
(Months 10-12)",Edge,S2-6a,1.8239268478536956,0.906830123,7.303168469860896,26.63,647,0.00730802606089925,2.0337458535335737,FALSE,35.97380842326667,1.4533466871480498,Thesis,NA,NA,NA
M10,SanPablo,T2,6,b,2026-04-03,2026-04-30,2026,0.880380815,0,0,0,0,0,0,0,0,0,0,OK,April,Ramped,South.facing,"Growth
(Months 10-12)",Edge,S2-6b,1.8135636271272544,0.894921191,7.303168469860896,26.63,647,0.00730802606089925,2.0337458535335737,FALSE,35.97380842326667,1.4533466871480498,Thesis,NA,NA,NA
M10,SanPablo,T2,6,c,2026-04-03,2026-04-30,2026,1.262876645,0,0,0,0,0,0,0,0,0,0,OK,April,Ramped,South.facing,"Growth
(Months 10-12)",Edge,S2-6c,1.8083820167640337,0.888966725,7.303168469860896,26.63,647,0.00730802606089925,2.0337458535335737,FALSE,35.97380842326667,1.4533466871480498,Thesis,NA,NA,NA
M10,SanPablo,T2,12,a,2026-04-03,2026-04-30,2026,0.943256842,0,0,0,0,0,0,0,0,0,0,OK,April,Ramped,South.facing,"Growth
(Months 10-12)",Platform,S2-12a,1.899517399034798,0.993695271,7.303168469860896,26.63,647,7.536119889995986e-4,2.059116795755984,FALSE,35.97380842326667,1.4533466871480498,Thesis,NA,NA,NA
M10,SanPablo,T2,12,b,2026-04-03,2026-04-30,2026,0.749330873,0,0,0,0,0,0,0,0,0,0,OK,April,Ramped,South.facing,"Growth
(Months 10-12)",Platform,S2-12b,1.8912877825755652,0.984238179,7.303168469860896,26.63,647,7.536119889995986e-4,2.059116795755984,FALSE,35.97380842326667,1.4533466871480498,Thesis,NA,NA,NA
M10,SanPablo,T2,12,c,2026-04-03,2026-04-30,2026,0.861459788,0,0,0,0,0,0,0,0,0,0,OK,April,Ramped,South.facing,"Growth
(Months 10-12)",Platform,S2-12c,1.8836677673355344,0.975481611,7.303168469860896,26.63,647,7.536119889995986e-4,2.059116795755984,FALSE,35.97380842326667,1.4533466871480498,Thesis,NA,NA,NA
M10,SanPablo,T2,18,a,2026-04-03,2026-04-30,2026,0.804172741,0,0,0,0,0,0,0,0,0,0,OK,April,Ramped,South.facing,"Growth
(Months 10-12)",Platform,S2-18a,1.9677927355854712,1.072154116,7.303168469860896,26.63,647,-0.00193388038167319,2.053170271773423,FALSE,35.97380842326667,1.4533466871480498,Thesis,NA,NA,NA
M10,SanPablo,T2,18,b,2026-04-03,2026-04-30,2026,0.945352709,0,0,0,0,0,0,0,0,0,0,OK,April,Ramped,South.facing,"Growth
(Months 10-12)",Platform,S2-18b,1.9677927355854712,1.072154116,7.303168469860896,26.63,647,-0.00193388038167319,2.053170271773423,FALSE,35.97380842326667,1.4533466871480498,Thesis,NA,NA,NA
M10,SanPablo,T2,18,c,2026-04-03,2026-04-30,2026,3.050768116,0,0,0,0,0,0,0,0,0,0,OK,April,Ramped,South.facing,"Growth
(Months 10-12)",Platform,S2-18c,1.9613919227838457,1.064798599,7.303168469860896,26.63,647,-0.00193388038167319,2.053170271773423,FALSE,35.97380842326667,1.4533466871480498,Thesis,NA,NA,NA
M10,SanPablo,T2,24,a,2026-04-03,2026-04-30,2026,2.69685759,0,0,0,0,0,0,0,0,0,0,OK,April,Ramped,South.facing,"Growth
(Months 10-12)",Platform,S2-24a,2.0001016002032004,1.109281961,7.303168469860896,26.63,647,-7.498068190482683e-4,2.04343186206419,FALSE,35.97380842326667,1.4533466871480498,Thesis,NA,NA,NA
M10,SanPablo,T2,24,b,2026-04-03,2026-04-30,2026,1.233068751,0,0,0,0,0,0,0,0,0,0,OK,April,Ramped,South.facing,"Growth
(Months 10-12)",Platform,S2-24b,1.9979679959359915,1.106830123,7.303168469860896,26.63,647,-7.498068190482683e-4,2.04343186206419,FALSE,35.97380842326667,1.4533466871480498,Thesis,NA,NA,NA
M10,SanPablo,T2,24,c,2026-04-03,2026-04-30,2026,1.08402928,0,0,0,0,0,0,0,0,0,0,OK,April,Ramped,South.facing,"Growth
(Months 10-12)",Platform,S2-24c,1.9915671831343664,1.099474606,7.303168469860896,26.63,647,-7.498068190482683e-4,2.04343186206419,FALSE,35.97380842326667,1.4533466871480498,Thesis,NA,NA,NA
M10,SanPablo,T2,48,a,2026-04-03,2026-04-30,2026,2.040734605,0,0,0,0,0,0,0,0,0,0,OK,April,Ramped,South.facing,"Growth
(Months 10-12)",Upland,S2-48a,2.0138176276352553,1.125043783,7.303168469860896,26.63,647,0.00473019341500792,2.0664739570769344,FALSE,35.97380842326667,1.4533466871480498,Thesis,NA,NA,NA
M10,SanPablo,T2,48,b,2026-04-03,2026-04-30,2026,0.521114183,0,0,0,0,0,0,0,0,0,0,OK,April,Ramped,South.facing,"Growth
(Months 10-12)",Upland,S2-48b,2.022961645923292,1.135551664,7.303168469860896,26.63,647,0.00473019341500792,2.0664739570769344,FALSE,35.97380842326667,1.4533466871480498,Thesis,NA,NA,NA
M10,SanPablo,T2,48,c,2026-04-03,2026-04-30,2026,1.605434555,0,0,0,0,0,0,0,0,0,0,OK,April,Ramped,South.facing,"Growth
(Months 10-12)",Upland,S2-48c,2.0205232410464817,1.132749562,7.303168469860896,26.63,647,0.00473019341500792,2.0664739570769344,FALSE,35.97380842326667,1.4533466871480498,Thesis,NA,NA,NA
M11,Buck'sLanding,T1,0.5,a,2026-05-15,2026-06-11,2026,1.122977485,0,0,0,0,0,0,0,0,0,0,OK,June,Ramped,East.facing,"Growth
(Months 10-12)",Edge,B1-0.5a,1.6544577089154178,0.743807502,6.372434514637905,30.91,649,0.17785756524338506,1.7010695502979745,FALSE,34.89580532666493,1.2246004538785733,Thesis,NA,NA,NA
M11,Buck'sLanding,T1,0.5,b,2026-05-15,2026-06-11,2026,0.493809686,0,0,0,0,0,0,0,0,0,0,OK,June,Ramped,East.facing,"Growth
(Months 10-12)",Edge,B1-0.5b,1.6599441198882396,0.750176929,6.372434514637905,30.91,649,0.17785756524338506,1.7010695502979745,FALSE,34.89580532666493,1.2246004538785733,Thesis,NA,NA,NA
M11,Buck'sLanding,T1,0.5,c,2026-05-15,2026-06-11,2026,0.59237368,0,0,0,0,0,0,0,0,0,0,OK,June,Ramped,East.facing,"Growth
(Months 10-12)",Edge,B1-0.5c,1.6611633223266449,0.751592357,6.372434514637905,30.91,649,0.17785756524338506,1.7010695502979745,FALSE,34.89580532666493,1.2246004538785733,Thesis,NA,NA,NA
M11,Buck'sLanding,T1,2,c,2026-05-15,2026-06-11,2026,0.557733647,0,0,0,0,0,0,0,0,0,0,OK,June,Ramped,East.facing,"Growth
(Months 10-12)",Edge,B1-2c,1.7669291338582676,0.87438075,6.372434514637905,30.91,649,0.02968375936655274,1.858339098018449,FALSE,34.89580532666493,1.2246004538785733,Thesis,NA,NA,NA
M11,Buck'sLanding,T1,6,a,2026-05-15,2026-06-11,2026,1.843664835,0,0,0,0,0,0,0,0,0,0,OK,June,Ramped,East.facing,"Growth
(Months 10-12)",Edge,B1-6a,1.8138684277368553,0.928874735,6.372434514637905,30.91,649,0.01104286813360896,1.8720950223241668,FALSE,34.89580532666493,1.2246004538785733,Thesis,NA,NA,NA
M11,Buck'sLanding,T1,6,b,2026-05-15,2026-06-11,2026,1.610208476,0,0,0,0,0,0,0,0,0,0,OK,June,Ramped,East.facing,"Growth
(Months 10-12)",Edge,B1-6b,1.806248412496825,0.920028309,6.372434514637905,30.91,649,0.01104286813360896,1.8720950223241668,FALSE,34.89580532666493,1.2246004538785733,Thesis,NA,NA,NA
M11,Buck'sLanding,T1,6,c,2026-05-15,2026-06-11,2026,1.807627557,0,0,0,0,0,0,0,0,0,0,OK,June,Ramped,East.facing,"Growth
(Months 10-12)",Edge,B1-6c,1.8053340106680211,0.918966737,6.372434514637905,30.91,649,0.01104286813360896,1.8720950223241668,FALSE,34.89580532666493,1.2246004538785733,Thesis,NA,NA,NA
M11,Buck'sLanding,T1,12,a,2026-05-15,2026-06-11,2026,0.70589984,0,0,0,0,0,0,0,0,0,0,OK,June,Ramped,East.facing,"Growth
(Months 10-12)",Platform,B1-12a,1.8483108966217932,0.96886058,6.372434514637905,30.91,649,-0.00172583812482088,1.8663152905950524,FALSE,34.89580532666493,1.2246004538785733,Thesis,NA,NA,NA
M11,Buck'sLanding,T1,12,b,2026-05-15,2026-06-11,2026,0.930390544,0,0,0,0,0,0,0,0,0,0,OK,June,Ramped,East.facing,"Growth
(Months 10-12)",Platform,B1-12b,1.8461772923545847,0.966383581,6.372434514637905,30.91,649,-0.00172583812482088,1.8663152905950524,FALSE,34.89580532666493,1.2246004538785733,Thesis,NA,NA,NA
M11,Buck'sLanding,T1,12,c,2026-05-15,2026-06-11,2026,0.906520941,0,0,0,0,0,0,0,0,0,0,OK,June,Ramped,East.facing,"Growth
(Months 10-12)",Platform,B1-12c,1.8428244856489713,0.962491154,6.372434514637905,30.91,649,-0.00172583812482088,1.8663152905950524,FALSE,34.89580532666493,1.2246004538785733,Thesis,NA,NA,NA
M11,Buck'sLanding,T1,18,a,2026-05-15,2026-06-11,2026,0.987910465,0,0,0,0,0,0,0,0,0,0,OK,June,Ramped,East.facing,"Growth
(Months 10-12)",Platform,B1-18a,1.8736093472186943,0.998230715,6.372434514637905,30.91,649,-0.02221947652684898,1.8408866750284556,FALSE,34.89580532666493,1.2246004538785733,Thesis,NA,NA,NA
M11,Buck'sLanding,T1,18,b,2026-05-15,2026-06-11,2026,0.808888443,0,0,0,0,0,0,0,0,0,0,OK,June,Ramped,East.facing,"Growth
(Months 10-12)",Platform,B1-18b,1.8745237490474984,0.999292286,6.372434514637905,30.91,649,-0.02221947652684898,1.8408866750284556,FALSE,34.89580532666493,1.2246004538785733,Thesis,NA,NA,NA
M11,Buck'sLanding,T1,18,c,2026-05-15,2026-06-11,2026,0.757772562,0,0,0,0,0,0,0,0,0,0,OK,June,Ramped,East.facing,"Growth
(Months 10-12)",Platform,B1-18c,1.8806197612395223,1.006369427,6.372434514637905,30.91,649,-0.02221947652684898,1.8408866750284556,FALSE,34.89580532666493,1.2246004538785733,Thesis,NA,NA,NA
M11,Buck'sLanding,T1,24,a,2026-05-15,2026-06-11,2026,0.718940794,0,0,0,0,0,0,0,0,0,0,OK,June,Ramped,East.facing,"Growth
(Months 10-12)",Platform,B1-24a,1.8641605283210565,0.987261146,6.372434514637905,30.91,649,0.02688120789993156,1.8505249450567665,FALSE,34.89580532666493,1.2246004538785733,Thesis,NA,NA,NA
M11,Buck'sLanding,T1,24,b,2026-05-15,2026-06-11,2026,0.90215455,0,0,0,0,0,0,0,0,0,0,OK,June,Ramped,East.facing,"Growth
(Months 10-12)",Platform,B1-24b,1.869037338074676,0.992922859,6.372434514637905,30.91,649,0.02688120789993156,1.8505249450567665,FALSE,34.89580532666493,1.2246004538785733,Thesis,NA,NA,NA
M11,Buck'sLanding,T1,24,c,2026-05-15,2026-06-11,2026,1.201281426,0,0,0,0,0,0,0,0,0,0,OK,June,Ramped,East.facing,"Growth
(Months 10-12)",Platform,B1-24c,1.8714757429514857,0.995753715,6.372434514637905,30.91,649,0.02688120789993156,1.8505249450567665,FALSE,34.89580532666493,1.2246004538785733,Thesis,NA,NA,NA
M11,Buck'sLanding,T1,48,a,2026-05-15,2026-06-11,2026,0.84259698,0,0,0,0,0,0,0,0,0,0,OK,June,Ramped,East.facing,"Growth
(Months 10-12)",Upland,B1-48a,1.856845313690627,0.978768577,6.372434514637905,30.91,649,0.00709242883196758,1.921341208364329,TRUE,34.89580532666493,1.2246004538785733,Thesis,NA,NA,NA
M11,Buck'sLanding,T1,48,b,2026-05-15,2026-06-11,2026,1.029303849,0,0,0,0,0,0,0,0,0,0,OK,June,Ramped,East.facing,"Growth
(Months 10-12)",Upland,B1-48b,1.850749301498603,0.971691437,6.372434514637905,30.91,649,0.00709242883196758,1.921341208364329,TRUE,34.89580532666493,1.2246004538785733,Thesis,NA,NA,NA
M11,Buck'sLanding,T1,48,c,2026-05-15,2026-06-11,2026,1.370348077,0,0,0,0,0,0,0,0,0,0,OK,June,Ramped,East.facing,"Growth
(Months 10-12)",Upland,B1-48c,1.8516637033274064,0.972753008,6.372434514637905,30.91,649,0.00709242883196758,1.921341208364329,TRUE,34.89580532666493,1.2246004538785733,Thesis,NA,NA,NA
M11,Buck'sLanding,T2,0.5,a,2026-05-15,2026-06-11,2026,0.696992403,0,0,0,0,0,0,0,0,0,0,OK,June,Ramped,East.facing,"Growth
(Months 10-12)",Edge,B2-0.5a,1.6338836677673354,0.7199221515,6.372434514637905,30.91,649,-4.902368587095996e-4,1.8307718827004935,FALSE,29.104492140178493,1.2333122768097955,Thesis,NA,NA,NA
M11,Buck'sLanding,T2,0.5,b,2026-05-15,2026-06-11,2026,1.040947558,0,0,0,0,0,0,0,0,0,0,OK,June,Ramped,East.facing,"Growth
(Months 10-12)",Edge,B2-0.5b,1.6431800863601729,0.730714791,6.372434514637905,30.91,649,-4.902368587095996e-4,1.8307718827004935,FALSE,29.104492140178493,1.2333122768097955,Thesis,NA,NA,NA
M11,Buck'sLanding,T2,0.5,c,2026-05-15,2026-06-11,2026,0.738735098,0,0,0,0,0,0,0,0,0,0,OK,June,Ramped,East.facing,"Growth
(Months 10-12)",Edge,B2-0.5c,1.6407416814833629,0.727883935,6.372434514637905,30.91,649,-4.902368587095996e-4,1.8307718827004935,FALSE,29.104492140178493,1.2333122768097955,Thesis,NA,NA,NA
M11,Buck'sLanding,T2,2,a,2026-05-15,2026-06-11,2026,0.164933134,0,0,0,0,0,0,0,0,0,0,OK,June,Ramped,East.facing,"Growth
(Months 10-12)",Edge,B2-2a,1.773329946659893,0.881811748,6.372434514637905,30.91,649,0.00879335684428583,1.8375292375952912,FALSE,29.104492140178493,1.2333122768097955,Thesis,NA,NA,NA
M11,Buck'sLanding,T2,2,c,2026-05-15,2026-06-11,2026,0.164874915,0,0,0,0,0,0,0,0,0,0,OK,June,Ramped,East.facing,"Growth
(Months 10-12)",Edge,B2-2c,1.7696723393446787,0.877565464,6.372434514637905,30.91,649,0.00879335684428583,1.8375292375952912,FALSE,29.104492140178493,1.2333122768097955,Thesis,NA,NA,NA
M11,Buck'sLanding,T2,6,a,2026-05-15,2026-06-11,2026,2.288512726,0,0,0,0,0,0,0,0,0,0,OK,June,Ramped,East.facing,"Growth
(Months 10-12)",Edge,B2-6a,1.843738887477775,0.963552725,6.372434514637905,30.91,649,0.01218461482376672,1.894739035630732,FALSE,29.104492140178493,1.2333122768097955,Thesis,NA,NA,NA
M11,Buck'sLanding,T2,6,b,2026-05-15,2026-06-11,2026,1.886222591,0,0,0,0,0,0,0,0,0,0,OK,June,Ramped,East.facing,"Growth
(Months 10-12)",Edge,B2-6b,1.8394716789433576,0.958598726,6.372434514637905,30.91,649,0.01218461482376672,1.894739035630732,FALSE,29.104492140178493,1.2333122768097955,Thesis,NA,NA,NA
M11,Buck'sLanding,T2,6,c,2026-05-15,2026-06-11,2026,2.1936165,0,0,0,0,0,0,0,0,0,0,OK,June,Ramped,East.facing,"Growth
(Months 10-12)",Edge,B2-6c,1.8376428752857503,0.956475584,6.372434514637905,30.91,649,0.01218461482376672,1.894739035630732,FALSE,29.104492140178493,1.2333122768097955,Thesis,NA,NA,NA
M11,Buck'sLanding,T2,12,a,2026-05-15,2026-06-11,2026,1.239472791,0,0,0,0,0,0,0,0,0,0,OK,June,Ramped,East.facing,"Growth
(Months 10-12)",Platform,B2-12a,1.84008128016256,0.95930644,6.372434514637905,30.91,649,0.02661783367146161,1.8694116559719185,FALSE,29.104492140178493,1.2333122768097955,Thesis,NA,NA,NA
M11,Buck'sLanding,T2,12,b,2026-05-15,2026-06-11,2026,1.069591081,0,0,0,0,0,0,0,0,0,0,OK,June,Ramped,East.facing,"Growth
(Months 10-12)",Platform,B2-12b,1.835814071628143,0.954352442,6.372434514637905,30.91,649,0.02661783367146161,1.8694116559719185,FALSE,29.104492140178493,1.2333122768097955,Thesis,NA,NA,NA
M11,Buck'sLanding,T2,12,c,2026-05-15,2026-06-11,2026,1.304852215,0,0,0,0,0,0,0,0,0,0,OK,June,Ramped,East.facing,"Growth
(Months 10-12)",Platform,B2-12c,1.822098044196088,0.938428875,6.372434514637905,30.91,649,0.02661783367146161,1.8694116559719185,FALSE,29.104492140178493,1.2333122768097955,Thesis,NA,NA,NA
M11,Buck'sLanding,T2,18,a,2026-05-15,2026-06-11,2026,0.941510285,0,0,0,0,0,0,0,0,0,0,OK,June,Ramped,East.facing,"Growth
(Months 10-12)",Platform,B2-18a,1.8312420624841248,0.949044586,6.372434514637905,30.91,649,-0.01547712531206526,1.9112682741845783,FALSE,29.104492140178493,1.2333122768097955,Thesis,NA,NA,NA
M11,Buck'sLanding,T2,18,b,2026-05-15,2026-06-11,2026,0.976732504,0,0,0,0,0,0,0,0,0,0,OK,June,Ramped,East.facing,"Growth
(Months 10-12)",Platform,B2-18b,1.8269748539497075,0.944090587,6.372434514637905,30.91,649,-0.01547712531206526,1.9112682741845783,FALSE,29.104492140178493,1.2333122768097955,Thesis,NA,NA,NA
M11,Buck'sLanding,T2,18,c,2026-05-15,2026-06-11,2026,1.146206684,0,0,0,0,0,0,0,0,0,0,OK,June,Ramped,East.facing,"Growth
(Months 10-12)",Platform,B2-18c,1.8403860807721617,0.959660297,6.372434514637905,30.91,649,-0.01547712531206526,1.9112682741845783,FALSE,29.104492140178493,1.2333122768097955,Thesis,NA,NA,NA
M11,Buck'sLanding,T2,24,a,2026-05-15,2026-06-11,2026,0.680167244,0,0,0,0,0,0,0,0,0,0,OK,June,Ramped,East.facing,"Growth
(Months 10-12)",Platform,B2-24a,1.8266700533401063,0.94373673,6.372434514637905,30.91,649,0.01213652588304522,1.8589100935344456,FALSE,29.104492140178493,1.2333122768097955,Thesis,NA,NA,NA
M11,Buck'sLanding,T2,24,b,2026-05-15,2026-06-11,2026,0.976732504,0,0,0,0,0,0,0,0,0,0,OK,June,Ramped,East.facing,"Growth
(Months 10-12)",Platform,B2-24b,1.8294132588265175,0.946921444,6.372434514637905,30.91,649,0.01213652588304522,1.8589100935344456,FALSE,29.104492140178493,1.2333122768097955,Thesis,NA,NA,NA
M11,Buck'sLanding,T2,24,c,2026-05-15,2026-06-11,2026,1.034543518,0,0,0,0,0,0,0,0,0,0,OK,June,Ramped,East.facing,"Growth
(Months 10-12)",Platform,B2-24c,1.8446532893065783,0.964614296,6.372434514637905,30.91,649,0.01213652588304522,1.8589100935344456,FALSE,29.104492140178493,1.2333122768097955,Thesis,NA,NA,NA
M11,Buck'sLanding,T2,48,a,2026-05-15,2026-06-11,2026,1.35823862,0,0,0,0,0,0,0,0,0,0,OK,June,Ramped,East.facing,"Growth
(Months 10-12)",Upland,B2-48a,1.8416052832105665,0.961075725,6.372434514637905,30.91,649,-0.02376690670714356,1.4953854337338937,TRUE,29.104492140178493,1.2333122768097955,Thesis,NA,NA,NA
M11,Buck'sLanding,T2,48,b,2026-05-15,2026-06-11,2026,0.897380629,0,0,0,0,0,0,0,0,0,0,OK,June,Ramped,East.facing,"Growth
(Months 10-12)",Upland,B2-48b,1.8525781051562105,0.973814579,6.372434514637905,30.91,649,-0.02376690670714356,1.4953854337338937,TRUE,29.104492140178493,1.2333122768097955,Thesis,NA,NA,NA
M11,Buck'sLanding,T2,48,c,2026-05-15,2026-06-11,2026,1.075296498,0,0,0,0,0,0,0,0,0,0,OK,June,Ramped,East.facing,"Growth
(Months 10-12)",Upland,B2-48c,1.849530099060198,0.970276008,6.372434514637905,30.91,649,-0.02376690670714356,1.4953854337338937,TRUE,29.104492140178493,1.2333122768097955,Thesis,NA,NA,NA
M11,GiantMarsh,T1,0.5,a,2026-05-14,2026-06-09,2026,1.254437196,0,0,0,0,0,0,0,0,0,0,OK,June,Scarped,West.facing,"Growth
(Months 10-12)",Edge,G1-0.5a,2.067462535,1.195887069,6.536608,30.91,625,-0.00503157657553342,2.081117017603091,FALSE,61.82523742803928,2.5615527555530693,Thesis,NA,NA,NA
M11,GiantMarsh,T1,0.5,b,2026-05-14,2026-06-09,2026,1.51797239,0,0,0,0,0,0,0,0,0,0,OK,June,Scarped,West.facing,"Growth
(Months 10-12)",Edge,G1-0.5b,2.066243332486665,1.194492855,6.536608,30.91,625,-0.00503157657553342,2.081117017603091,FALSE,61.82523742803928,2.5615527555530693,Thesis,NA,NA,NA
M11,GiantMarsh,T1,0.5,c,2026-05-14,2026-06-09,2026,0.761948623,0,0,0,0,0,0,0,0,0,0,OK,June,Scarped,West.facing,"Growth
(Months 10-12)",Edge,G1-0.5c,2.0574041148082296,1.184384803,6.536608,30.91,625,-0.00503157657553342,2.081117017603091,FALSE,61.82523742803928,2.5615527555530693,Thesis,NA,NA,NA
M11,GiantMarsh,T1,2,a,2026-05-14,2026-06-09,2026,0.712252379,0,0,0,0,0,0,0,0,0,0,OK,June,Scarped,West.facing,"Growth
(Months 10-12)",Edge,G1-2a,2.0183896367792733,1.139769955,6.536608,30.91,625,-0.04260973519962442,2.031680671373449,FALSE,61.82523742803928,2.5615527555530693,Thesis,NA,NA,NA
M11,GiantMarsh,T1,2,b,2026-05-14,2026-06-09,2026,9.748323405,0,0,0,0,0,0,0,0,0,0,OK,June,Scarped,West.facing,"Growth
(Months 10-12)",Edge,G1-2b,2.019304038608077,1.140815615,6.536608,30.91,625,-0.04260973519962442,2.031680671373449,FALSE,61.82523742803928,2.5615527555530693,Thesis,NA,NA,NA
M11,GiantMarsh,T1,2,c,2026-05-14,2026-06-09,2026,0.928993299,0,0,0,0,0,0,0,0,0,0,OK,June,Scarped,West.facing,"Growth
(Months 10-12)",Edge,G1-2c,2.0189992379984756,1.140467062,6.536608,30.91,625,-0.04260973519962442,2.031680671373449,FALSE,61.82523742803928,2.5615527555530693,Thesis,NA,NA,NA
M11,GiantMarsh,T1,6,a,2026-05-14,2026-06-09,2026,4.544546223,0,0,0,0,0,0,0,0,0,0,OK,June,Scarped,West.facing,"Growth
(Months 10-12)",Edge,G1-6a,1.9723647447294896,1.087138376,6.536608,30.91,625,-0.020943234262624,1.9647297866186124,FALSE,61.82523742803928,2.5615527555530693,Thesis,NA,NA,NA
M11,GiantMarsh,T1,6,b,2026-05-14,2026-06-09,2026,3.903875783,0,0,0,0,0,0,0,0,0,0,OK,June,Scarped,West.facing,"Growth
(Months 10-12)",Edge,G1-6b,1.9793751587503172,1.095155106,6.536608,30.91,625,-0.020943234262624,1.9647297866186124,FALSE,61.82523742803928,2.5615527555530693,Thesis,NA,NA,NA
M11,GiantMarsh,T1,6,c,2026-05-14,2026-06-09,2026,7.136610435,0,0,0,0,0,0,0,0,0,0,OK,June,Scarped,West.facing,"Growth
(Months 10-12)",Edge,G1-6c,1.9763271526543051,1.091669571,6.536608,30.91,625,-0.020943234262624,1.9647297866186124,FALSE,61.82523742803928,2.5615527555530693,Thesis,NA,NA,NA
M11,GiantMarsh,T1,12,a,2026-05-14,2026-06-09,2026,4.208824513,0,0,0,0,0,0,0,0,0,0,OK,June,Scarped,West.facing,"Growth
(Months 10-12)",Platform,G1-12a,1.9418846837693675,1.052283025,6.536608,30.91,625,-0.00963659940341829,1.9003038509090948,FALSE,61.82523742803928,2.5615527555530693,Thesis,NA,NA,NA
M11,GiantMarsh,T1,12,b,2026-05-14,2026-06-09,2026,3.039390869,0,0,0,0,0,0,0,0,0,0,OK,June,Scarped,West.facing,"Growth
(Months 10-12)",Platform,G1-12b,1.9495046990093976,1.060996863,6.536608,30.91,625,-0.00963659940341829,1.9003038509090948,FALSE,61.82523742803928,2.5615527555530693,Thesis,NA,NA,NA
M11,GiantMarsh,T1,12,c,2026-05-14,2026-06-09,2026,2.782989686,0,0,0,0,0,0,0,0,0,0,OK,June,Scarped,West.facing,"Growth
(Months 10-12)",Platform,G1-12c,1.9577343154686309,1.070407808,6.536608,30.91,625,-0.00963659940341829,1.9003038509090948,FALSE,61.82523742803928,2.5615527555530693,Thesis,NA,NA,NA
M11,GiantMarsh,T1,18,a,2026-05-14,2026-06-09,2026,1.826729957,0,0,0,0,0,0,0,0,0,0,OK,June,Scarped,West.facing,"Growth
(Months 10-12)",Platform,G1-18a,1.958039116078232,1.070756361,6.536608,30.91,625,-4.8566594081641705e-4,1.9478622938935235,FALSE,61.82523742803928,2.5615527555530693,Thesis,NA,NA,NA
M11,GiantMarsh,T1,18,b,2026-05-14,2026-06-09,2026,3.481759994,0,0,0,0,0,0,0,0,0,0,OK,June,Scarped,West.facing,"Growth
(Months 10-12)",Platform,G1-18b,1.94005588011176,1.050191704,6.536608,30.91,625,-4.8566594081641705e-4,1.9478622938935235,FALSE,61.82523742803928,2.5615527555530693,Thesis,NA,NA,NA
M11,GiantMarsh,T1,18,c,2026-05-14,2026-06-09,2026,4.96218814,0,0,0,0,0,0,0,0,0,0,OK,June,Scarped,West.facing,"Growth
(Months 10-12)",Platform,G1-18c,1.9348742697485393,1.044266295,6.536608,30.91,625,-4.8566594081641705e-4,1.9478622938935235,FALSE,61.82523742803928,2.5615527555530693,Thesis,NA,NA,NA
M11,GiantMarsh,T1,24,a,2026-05-14,2026-06-09,2026,1.927392058,0,0,0,0,0,0,0,0,0,0,OK,June,Scarped,West.facing,"Growth
(Months 10-12)",Platform,G1-24a,1.94005588011176,1.050191704,6.536608,30.91,625,-0.04127172083878872,1.9068799902442335,FALSE,61.82523742803928,2.5615527555530693,Thesis,NA,NA,NA
M11,GiantMarsh,T1,24,b,2026-05-14,2026-06-09,2026,2.957107915,0,0,0,0,0,0,0,0,0,0,OK,June,Scarped,West.facing,"Growth
(Months 10-12)",Platform,G1-24b,1.9467614935229869,1.057859881,6.536608,30.91,625,-0.04127172083878872,1.9068799902442335,FALSE,61.82523742803928,2.5615527555530693,Thesis,NA,NA,NA
M11,GiantMarsh,T1,24,c,2026-05-14,2026-06-09,2026,3.447238637,0,0,0,0,0,0,0,0,0,0,OK,June,Scarped,West.facing,"Growth
(Months 10-12)",Platform,G1-24c,1.952247904495809,1.064133845,6.536608,30.91,625,-0.04127172083878872,1.9068799902442335,FALSE,61.82523742803928,2.5615527555530693,Thesis,NA,NA,NA
M11,GiantMarsh,T1,48,a,2026-05-14,2026-06-09,2026,1.371543796,0,0,0,0,0,0,0,0,0,0,OK,June,Scarped,West.facing,"Growth
(Months 10-12)",Upland,G1-48a,1.8736093472186943,0.974207041,6.536608,30.91,625,0.01939660366491094,2.0210249067405273,TRUE,61.82523742803928,2.5615527555530693,Thesis,NA,NA,NA
M11,GiantMarsh,T1,48,b,2026-05-14,2026-06-09,2026,1.216832495,0,0,0,0,0,0,0,0,0,0,OK,June,Scarped,West.facing,"Growth
(Months 10-12)",Upland,G1-48b,1.8595885191770385,0.95817358,6.536608,30.91,625,0.01939660366491094,2.0210249067405273,TRUE,61.82523742803928,2.5615527555530693,Thesis,NA,NA,NA
M11,GiantMarsh,T1,48,c,2026-05-14,2026-06-09,2026,1.101841915,0,0,0,0,0,0,0,0,0,0,OK,June,Scarped,West.facing,"Growth
(Months 10-12)",Upland,G1-48c,1.886106172212344,0.988497734,6.536608,30.91,625,0.01939660366491094,2.0210249067405273,TRUE,61.82523742803928,2.5615527555530693,Thesis,NA,NA,NA
M11,GiantMarsh,T2,2,a,2026-05-14,2026-06-09,2026,94.03508855,0,0,0,0,0,0,0,0,0,0,OK,June,Scarped,West.facing,"Growth
(Months 10-12)",Edge,G2-2a,2.0616713233426465,1.189264552,6.536608,30.91,625,-0.01342471668837245,2.0563871851683726,FALSE,47.44065202971936,2.141172071480484,Thesis,NA,NA,NA
M11,GiantMarsh,T2,2,b,2026-05-14,2026-06-09,2026,140.7842006,0,0,0,0,0,0,0,0,0,0,OK,June,Scarped,West.facing,"Growth
(Months 10-12)",Edge,G2-2b,2.054051308102616,1.180550715,6.536608,30.91,625,-0.01342471668837245,2.0563871851683726,FALSE,47.44065202971936,2.141172071480484,Thesis,NA,NA,NA
M11,GiantMarsh,T2,2,c,2026-05-14,2026-06-09,2026,108.3871463,0,0,0,0,0,0,0,0,0,0,OK,June,Scarped,West.facing,"Growth
(Months 10-12)",Edge,G2-2c,2.0564897129794257,1.183339143,6.536608,30.91,625,-0.01342471668837245,2.0563871851683726,FALSE,47.44065202971936,2.141172071480484,Thesis,NA,NA,NA
M11,GiantMarsh,T2,6,a,2026-05-14,2026-06-09,2026,7.609933911,0,0,0,0,0,0,0,0,0,0,OK,June,Scarped,West.facing,"Growth
(Months 10-12)",Edge,G2-6a,1.9406654813309625,1.050888811,6.536608,30.91,625,-0.01255565003163208,1.9574508500756536,FALSE,47.44065202971936,2.141172071480484,Thesis,NA,NA,NA
M11,GiantMarsh,T2,6,b,2026-05-14,2026-06-09,2026,5.35885123,0,0,0,0,0,0,0,0,0,0,OK,June,Scarped,West.facing,"Growth
(Months 10-12)",Edge,G2-6b,1.9434086868173737,1.054025793,6.536608,30.91,625,-0.01255565003163208,1.9574508500756536,FALSE,47.44065202971936,2.141172071480484,Thesis,NA,NA,NA
M11,GiantMarsh,T2,6,c,2026-05-14,2026-06-09,2026,6.575562809,0,0,0,0,0,0,0,0,0,0,OK,June,Scarped,West.facing,"Growth
(Months 10-12)",Edge,G2-6c,1.9473710947421896,1.058556988,6.536608,30.91,625,-0.01255565003163208,1.9574508500756536,FALSE,47.44065202971936,2.141172071480484,Thesis,NA,NA,NA
M11,GiantMarsh,T2,12,a,2026-05-14,2026-06-09,2026,1.51108021,0,0,0,0,0,0,0,0,0,0,OK,June,Scarped,West.facing,"Growth
(Months 10-12)",Platform,G2-12a,1.9333502667005331,1.042523527,6.536608,30.91,625,0.0073026439019559,1.95016303680416,FALSE,47.44065202971936,2.141172071480484,Thesis,NA,NA,NA
M11,GiantMarsh,T2,12,b,2026-05-14,2026-06-09,2026,2.960312174,0,0,0,0,0,0,0,0,0,0,OK,June,Scarped,West.facing,"Growth
(Months 10-12)",Platform,G2-12b,1.9354838709677415,1.044963402,6.536608,30.91,625,0.0073026439019559,1.95016303680416,FALSE,47.44065202971936,2.141172071480484,Thesis,NA,NA,NA
M11,GiantMarsh,T2,12,c,2026-05-14,2026-06-09,2026,2.941630739,0,0,0,0,0,0,0,0,0,0,OK,June,Scarped,West.facing,"Growth
(Months 10-12)",Platform,G2-12c,1.9318262636525272,1.04078076,6.536608,30.91,625,0.0073026439019559,1.95016303680416,FALSE,47.44065202971936,2.141172071480484,Thesis,NA,NA,NA
M11,GiantMarsh,T2,18,a,2026-05-14,2026-06-09,2026,3.511747022,0,0,0,0,0,0,0,0,0,0,OK,June,Scarped,West.facing,"Growth
(Months 10-12)",Platform,G2-18a,1.9610871221742443,1.074241896,6.536608,30.91,625,0.01085632180604558,1.9382465005969651,FALSE,47.44065202971936,2.141172071480484,Thesis,NA,NA,NA
M11,GiantMarsh,T2,18,b,2026-05-14,2026-06-09,2026,2.704757399,0,0,0,0,0,0,0,0,0,0,OK,June,Scarped,West.facing,"Growth
(Months 10-12)",Platform,G2-18b,1.9516383032766065,1.063436738,6.536608,30.91,625,0.01085632180604558,1.9382465005969651,FALSE,47.44065202971936,2.141172071480484,Thesis,NA,NA,NA
M11,GiantMarsh,T2,18,c,2026-05-14,2026-06-09,2026,2.759592549,0,0,0,0,0,0,0,0,0,0,OK,June,Scarped,West.facing,"Growth
(Months 10-12)",Platform,G2-18c,1.9586487172974345,1.071453468,6.536608,30.91,625,0.01085632180604558,1.9382465005969651,FALSE,47.44065202971936,2.141172071480484,Thesis,NA,NA,NA
M11,GiantMarsh,T2,24,a,2026-05-14,2026-06-09,2026,2.837583006,0,0,0,0,0,0,0,0,0,0,OK,June,Scarped,West.facing,"Growth
(Months 10-12)",Platform,G2-24a,1.9357886715773431,1.045311955,6.536608,30.91,625,4.975228131842639e-4,1.9387701875796968,FALSE,47.44065202971936,2.141172071480484,Thesis,NA,NA,NA
M11,GiantMarsh,T2,24,b,2026-05-14,2026-06-09,2026,1.915119141,0,0,0,0,0,0,0,0,0,0,OK,June,Scarped,West.facing,"Growth
(Months 10-12)",Platform,G2-24b,1.9406654813309625,1.050888811,6.536608,30.91,625,4.975228131842639e-4,1.9387701875796968,FALSE,47.44065202971936,2.141172071480484,Thesis,NA,NA,NA
M11,GiantMarsh,T2,24,c,2026-05-14,2026-06-09,2026,2.229076072,0,0,0,0,0,0,0,0,0,0,OK,June,Scarped,West.facing,"Growth
(Months 10-12)",Platform,G2-24c,1.9354838709677415,1.044963402,6.536608,30.91,625,4.975228131842639e-4,1.9387701875796968,FALSE,47.44065202971936,2.141172071480484,Thesis,NA,NA,NA
M11,GiantMarsh,T2,48,a,2026-05-14,2026-06-09,2026,5.326506351,0,0,0,0,0,0,0,0,0,0,OK,June,Scarped,West.facing,"Growth
(Months 10-12)",Upland,G2-48a,1.8733045466090932,0.973858487,6.536608,30.91,625,-0.03370930171824177,1.4800192766320546,TRUE,47.44065202971936,2.141172071480484,Thesis,NA,NA,NA
M11,GiantMarsh,T2,48,b,2026-05-14,2026-06-09,2026,2.863096163,0,0,0,0,0,0,0,0,0,0,OK,June,Scarped,West.facing,"Growth
(Months 10-12)",Upland,G2-48b,1.897078994157988,1.001045661,6.536608,30.91,625,-0.03370930171824177,1.4800192766320546,TRUE,47.44065202971936,2.141172071480484,Thesis,NA,NA,NA
M11,GiantMarsh,T2,48,c,2026-05-14,2026-06-09,2026,4.503314059,0,0,0,0,0,0,0,0,0,0,OK,June,Scarped,West.facing,"Growth
(Months 10-12)",Upland,G2-48c,1.8836677673355344,0.985709306,6.536608,30.91,625,-0.03370930171824177,1.4800192766320546,TRUE,47.44065202971936,2.141172071480484,Thesis,NA,NA,NA
M11,CorteMadera,T1,0.5,a,2026-05-02,2026-06-10,2026,0.446057045,0,0,0,0,0,0,0,0,0,0,OK,June,Scarped,East.facing,"Growth
(Months 10-12)",Edge,C1-0.5a,1.6593345186690371,0.772363636,6.077854855923159,30.91,937,0.09733852868754048,1.7492440342280613,FALSE,72.28575074664536,2.3204339675954957,Thesis,NA,NA,NA
M11,CorteMadera,T1,0.5,b,2026-05-02,2026-06-10,2026,0.19809979,0,0,0,0,0,0,0,0,0,0,OK,June,Scarped,East.facing,"Growth
(Months 10-12)",Edge,C1-0.5b,1.6684785369570738,0.783272727,6.077854855923159,30.91,937,0.09733852868754048,1.7492440342280613,FALSE,72.28575074664536,2.3204339675954957,Thesis,NA,NA,NA
M11,CorteMadera,T1,0.5,c,2026-05-02,2026-06-10,2026,0.837661839,0,0,0,0,0,0,0,0,0,0,OK,June,Scarped,East.facing,"Growth
(Months 10-12)",Edge,C1-0.5c,1.6614681229362456,0.774909091,6.077854855923159,30.91,937,0.09733852868754048,1.7492440342280613,FALSE,72.28575074664536,2.3204339675954957,Thesis,NA,NA,NA
M11,CorteMadera,T1,2,a,2026-05-02,2026-06-10,2026,2.201225216,0,0,0,0,0,0,0,0,0,0,OK,June,Scarped,East.facing,"Growth
(Months 10-12)",Edge,C1-2a,1.6462280924561847,0.756727273,6.077854855923159,30.91,937,0.01775399109541334,1.8293271071500128,FALSE,72.28575074664536,2.3204339675954957,Thesis,NA,NA,NA
M11,CorteMadera,T1,2,b,2026-05-02,2026-06-10,2026,2.013765984,0,0,0,0,0,0,0,0,0,0,OK,June,Scarped,East.facing,"Growth
(Months 10-12)",Edge,C1-2b,1.6480568961137922,0.758909091,6.077854855923159,30.91,937,0.01775399109541334,1.8293271071500128,FALSE,72.28575074664536,2.3204339675954957,Thesis,NA,NA,NA
M11,CorteMadera,T1,2,c,2026-05-02,2026-06-10,2026,1.164576874,0,0,0,0,0,0,0,0,0,0,OK,June,Scarped,East.facing,"Growth
(Months 10-12)",Edge,C1-2c,1.6462280924561847,0.756727273,6.077854855923159,30.91,937,0.01775399109541334,1.8293271071500128,FALSE,72.28575074664536,2.3204339675954957,Thesis,NA,NA,NA
M11,CorteMadera,T1,6,a,2026-05-02,2026-06-10,2026,4.672212771,0,0,0,0,0,0,0,0,0,0,OK,June,Scarped,East.facing,"Growth
(Months 10-12)",Edge,C1-6a,1.664516129032258,0.778545455,6.077854855923159,30.91,937,-0.02515538212948231,1.757631476156524,FALSE,72.28575074664536,2.3204339675954957,Thesis,NA,NA,NA
M11,CorteMadera,T1,6,b,2026-05-02,2026-06-10,2026,5.988619128,0,0,0,0,0,0,0,0,0,0,OK,June,Scarped,East.facing,"Growth
(Months 10-12)",Edge,C1-6b,1.6620777241554483,0.775636364,6.077854855923159,30.91,937,-0.02515538212948231,1.757631476156524,FALSE,72.28575074664536,2.3204339675954957,Thesis,NA,NA,NA
M11,CorteMadera,T1,6,c,2026-05-02,2026-06-10,2026,4.749840481,0,0,0,0,0,0,0,0,0,0,OK,June,Scarped,East.facing,"Growth
(Months 10-12)",Edge,C1-6c,1.6529337058674116,0.764727273,6.077854855923159,30.91,937,-0.02515538212948231,1.757631476156524,FALSE,72.28575074664536,2.3204339675954957,Thesis,NA,NA,NA
M11,CorteMadera,T1,12,a,2026-05-02,2026-06-10,2026,5.790559643,0,0,0,0,0,0,0,0,0,0,OK,June,Scarped,East.facing,"Growth
(Months 10-12)",Platform,C1-12a,1.6413512827025651,0.750909091,6.077854855923159,30.91,937,0.0032317156537537,1.713310428434306,FALSE,72.28575074664536,2.3204339675954957,Thesis,NA,NA,NA
M11,CorteMadera,T1,12,b,2026-05-02,2026-06-10,2026,3.413603993,0,0,0,0,0,0,0,0,0,0,OK,June,Scarped,East.facing,"Growth
(Months 10-12)",Platform,C1-12b,1.6447040894081788,0.754909091,6.077854855923159,30.91,937,0.0032317156537537,1.713310428434306,FALSE,72.28575074664536,2.3204339675954957,Thesis,NA,NA,NA
M11,CorteMadera,T1,12,c,2026-05-02,2026-06-10,2026,3.927333377,0,1,0,0,0,0,0,0,0,0,Review,June,Scarped,East.facing,"Growth
(Months 10-12)",Platform,C1-12c,1.659029718059436,0.772,6.077854855923159,30.91,937,0.0032317156537537,1.713310428434306,FALSE,72.28575074664536,2.3204339675954957,Thesis,NA,NA,NA
M11,CorteMadera,T1,18,a,2026-05-02,2026-06-10,2026,3.31449364,0,0,0,0,0,0,0,0,0,0,OK,June,Scarped,East.facing,"Growth
(Months 10-12)",Platform,C1-18a,1.679756159512319,0.796727273,6.077854855923159,30.91,937,0.00523615127262157,1.741810125322371,FALSE,72.28575074664536,2.3204339675954957,Thesis,NA,NA,NA
M11,CorteMadera,T1,18,b,2026-05-02,2026-06-10,2026,4.035230252,0,0,0,0,0,0,0,0,0,0,OK,June,Scarped,East.facing,"Growth
(Months 10-12)",Platform,C1-18b,1.6696977393954786,0.784727273,6.077854855923159,30.91,937,0.00523615127262157,1.741810125322371,FALSE,72.28575074664536,2.3204339675954957,Thesis,NA,NA,NA
M11,CorteMadera,T1,18,c,2026-05-02,2026-06-10,2026,1.981965225,0,0,0,0,0,0,0,0,0,0,OK,June,Scarped,East.facing,"Growth
(Months 10-12)",Platform,C1-18c,1.671526543053086,0.786909091,6.077854855923159,30.91,937,0.00523615127262157,1.741810125322371,FALSE,72.28575074664536,2.3204339675954957,Thesis,NA,NA,NA
M11,CorteMadera,T1,24,a,2026-05-02,2026-06-10,2026,1.750291248,0,0,0,0,0,0,0,0,0,0,OK,June,Scarped,East.facing,"Growth
(Months 10-12)",Platform,C1-24a,1.7199898399796798,0.844727273,6.077854855923159,30.91,937,-0.0028494853327859,1.7550712477688033,FALSE,72.28575074664536,2.3204339675954957,Thesis,NA,NA,NA
M11,CorteMadera,T1,24,b,2026-05-02,2026-06-10,2026,3.981946849,0,0,0,0,0,0,0,0,0,0,OK,June,Scarped,East.facing,"Growth
(Months 10-12)",Platform,C1-24b,1.7184658369316737,0.842909091,6.077854855923159,30.91,937,-0.0028494853327859,1.7550712477688033,FALSE,72.28575074664536,2.3204339675954957,Thesis,NA,NA,NA
M11,CorteMadera,T1,24,c,2026-05-02,2026-06-10,2026,2.591217804,0,0,0,0,0,0,0,0,0,0,OK,June,Scarped,East.facing,"Growth
(Months 10-12)",Platform,C1-24c,1.7141986283972566,0.837818182,6.077854855923159,30.91,937,-0.0028494853327859,1.7550712477688033,FALSE,72.28575074664536,2.3204339675954957,Thesis,NA,NA,NA
M11,CorteMadera,T1,48,a,2026-05-02,2026-06-10,2026,0.69675505,0,0,0,0,0,0,0,0,0,0,OK,June,Scarped,East.facing,"Growth
(Months 10-12)",Upland,C1-48a,1.732486665,0.859636364,6.077854855923159,30.91,937,-0.00558516363104424,1.727272679455228,FALSE,72.28575074664536,2.3204339675954957,Thesis,NA,NA,NA
M11,CorteMadera,T1,48,b,2026-05-02,2026-06-10,2026,1.359129811,0,0,0,0,0,0,0,0,0,0,OK,June,Scarped,East.facing,"Growth
(Months 10-12)",Upland,C1-48b,1.7108458216916431,0.833818182,6.077854855923159,30.91,937,-0.00558516363104424,1.727272679455228,FALSE,72.28575074664536,2.3204339675954957,Thesis,NA,NA,NA
M11,CorteMadera,T1,48,c,2026-05-02,2026-06-10,2026,1.138660665,0,0,0,0,0,0,0,0,0,0,OK,June,Scarped,East.facing,"Growth
(Months 10-12)",Upland,C1-48c,1.7065786131572265,0.828727273,6.077854855923159,30.91,937,-0.00558516363104424,1.727272679455228,FALSE,72.28575074664536,2.3204339675954957,Thesis,NA,NA,NA
M11,CorteMadera,T2,2,a,2026-05-02,2026-06-10,2026,0.027528414,0,0,0,0,0,0,0,0,0,0,OK,June,Scarped,East.facing,"Growth
(Months 10-12)",Edge,C2-2a,1.656286512573025,0.768727273,6.077854855923159,30.91,937,0.09235576383065149,1.6757667363825983,FALSE,68.92888177014264,1.9959970930436297,Thesis,NA,NA,NA
M11,CorteMadera,T2,2,b,2026-05-02,2026-06-10,2026,0.114869665,0,0,0,0,0,0,0,0,0,0,OK,June,Scarped,East.facing,"Growth
(Months 10-12)",Edge,C2-2b,1.6544577089154178,0.766545455,6.077854855923159,30.91,937,0.09235576383065149,1.6757667363825983,FALSE,68.92888177014264,1.9959970930436297,Thesis,NA,NA,NA
M11,CorteMadera,T2,2,c,2026-05-02,2026-06-10,2026,0.187257706,0,0,0,0,0,0,0,0,0,0,OK,June,Scarped,East.facing,"Growth
(Months 10-12)",Edge,C2-2c,1.6556769113538228,0.768,6.077854855923159,30.91,937,0.09235576383065149,1.6757667363825983,FALSE,68.92888177014264,1.9959970930436297,Thesis,NA,NA,NA
M11,CorteMadera,T2,6,a,2026-05-02,2026-06-10,2026,2.249470475,0,0,0,0,0,0,0,0,0,0,OK,June,Scarped,East.facing,"Growth
(Months 10-12)",Edge,C2-6a,1.6623825247650494,0.776,6.077854855923159,30.91,937,-0.00332539341534895,1.8033913358538023,FALSE,68.92888177014264,1.9959970930436297,Thesis,NA,NA,NA
M11,CorteMadera,T2,6,b,2026-05-02,2026-06-10,2026,1.904135989,0,0,0,0,0,0,0,0,0,0,OK,June,Scarped,East.facing,"Growth
(Months 10-12)",Edge,C2-6b,1.6727457454914911,0.788363636,6.077854855923159,30.91,937,-0.00332539341534895,1.8033913358538023,FALSE,68.92888177014264,1.9959970930436297,Thesis,NA,NA,NA
M11,CorteMadera,T2,6,c,2026-05-02,2026-06-10,2026,2.129522362,0,0,0,0,0,0,0,0,0,0,OK,June,Scarped,East.facing,"Growth
(Months 10-12)",Edge,C2-6c,1.6675641351282702,0.782181818,6.077854855923159,30.91,937,-0.00332539341534895,1.8033913358538023,FALSE,68.92888177014264,1.9959970930436297,Thesis,NA,NA,NA
M11,CorteMadera,T2,12,a,2026-05-02,2026-06-10,2026,1.877494288,0,0,0,0,0,0,0,0,0,0,OK,June,Scarped,East.facing,"Growth
(Months 10-12)",Platform,C2-12a,1.664820929641859,0.778909091,6.077854855923159,30.91,937,-0.0058473496992098,1.752402790171007,FALSE,68.92888177014264,1.9959970930436297,Thesis,NA,NA,NA
M11,CorteMadera,T2,12,b,2026-05-02,2026-06-10,2026,2.383888136,0,0,0,0,0,0,0,0,0,0,OK,June,Scarped,East.facing,"Growth
(Months 10-12)",Platform,C2-12b,1.6651257302514604,0.779272727,6.077854855923159,30.91,937,-0.0058473496992098,1.752402790171007,FALSE,68.92888177014264,1.9959970930436297,Thesis,NA,NA,NA
M11,CorteMadera,T2,12,c,2026-05-02,2026-06-10,2026,1.78547764,0,0,0,0,0,0,0,0,0,0,OK,June,Scarped,East.facing,"Growth
(Months 10-12)",Platform,C2-12c,1.6657353314706629,0.78,6.077854855923159,30.91,937,-0.0058473496992098,1.752402790171007,FALSE,68.92888177014264,1.9959970930436297,Thesis,NA,NA,NA
M11,CorteMadera,T2,18,a,2026-05-02,2026-06-10,2026,1.468477671,0,0,0,0,0,0,0,0,0,0,OK,June,Scarped,East.facing,"Growth
(Months 10-12)",Platform,C2-18a,1.6623825247650494,0.776,6.077854855923159,30.91,937,5.42879874173271e-4,1.7467200155303768,FALSE,68.92888177014264,1.9959970930436297,Thesis,NA,NA,NA
M11,CorteMadera,T2,18,b,2026-05-02,2026-06-10,2026,1.275456329,0,0,0,0,0,0,0,0,0,0,OK,June,Scarped,East.facing,"Growth
(Months 10-12)",Platform,C2-18b,1.6672593345186688,0.781818182,6.077854855923159,30.91,937,5.42879874173271e-4,1.7467200155303768,FALSE,68.92888177014264,1.9959970930436297,Thesis,NA,NA,NA
M11,CorteMadera,T2,18,c,2026-05-02,2026-06-10,2026,1.406689883,0,0,0,0,0,0,0,0,0,0,OK,June,Scarped,East.facing,"Growth
(Months 10-12)",Platform,C2-18c,1.6773177546355091,0.793818182,6.077854855923159,30.91,937,5.42879874173271e-4,1.7467200155303768,FALSE,68.92888177014264,1.9959970930436297,Thesis,NA,NA,NA
M11,CorteMadera,T2,24,a,2026-05-02,2026-06-10,2026,3.632017576,0,0,0,0,0,0,0,0,0,0,OK,June,Scarped,East.facing,"Growth
(Months 10-12)",Platform,C2-24a,1.6794513589027176,0.796363636,6.077854855923159,30.91,937,6.099121469114189e-4,1.74610186223484,FALSE,68.92888177014264,1.9959970930436297,Thesis,NA,NA,NA
M11,CorteMadera,T2,24,b,2026-05-02,2026-06-10,2026,1.108593027,0,0,0,0,0,0,0,0,0,0,OK,June,Scarped,East.facing,"Growth
(Months 10-12)",Platform,C2-24b,1.6843281686563372,0.802181818,6.077854855923159,30.91,937,6.099121469114189e-4,1.74610186223484,FALSE,68.92888177014264,1.9959970930436297,Thesis,NA,NA,NA
M11,CorteMadera,T2,24,c,2026-05-02,2026-06-10,2026,3.8601447,0,0,0,0,0,0,0,0,0,0,OK,June,Scarped,East.facing,"Growth
(Months 10-12)",Platform,C2-24c,1.6751841503683007,0.791272727,6.077854855923159,30.91,937,6.099121469114189e-4,1.74610186223484,FALSE,68.92888177014264,1.9959970930436297,Thesis,NA,NA,NA
M11,CorteMadera,T2,48,a,2026-05-02,2026-06-10,2026,4.838269971,0,0,0,0,0,0,0,0,0,0,OK,June,Scarped,East.facing,"Growth
(Months 10-12)",Upland,C2-48a,1.6794513589027176,0.796363636,6.077854855923159,30.91,937,-0.00378424848987517,1.7284424717637423,FALSE,68.92888177014264,1.9959970930436297,Thesis,NA,NA,NA
M11,CorteMadera,T2,48,b,2026-05-02,2026-06-10,2026,2.703870686,0,0,0,0,0,0,0,0,0,0,OK,June,Scarped,East.facing,"Growth
(Months 10-12)",Upland,C2-48b,1.6821945643891287,0.799636364,6.077854855923159,30.91,937,-0.00378424848987517,1.7284424717637423,FALSE,68.92888177014264,1.9959970930436297,Thesis,NA,NA,NA
M11,CorteMadera,T2,48,c,2026-05-02,2026-06-10,2026,3.602272379,0,0,0,0,0,0,0,0,0,0,OK,June,Scarped,East.facing,"Growth
(Months 10-12)",Upland,C2-48c,1.673050546101092,0.788727273,6.077854855923159,30.91,937,-0.00378424848987517,1.7284424717637423,FALSE,68.92888177014264,1.9959970930436297,Thesis,NA,NA,NA
M11,SanPablo,T1,0.5,a,2026-04-30,2026-06-12,2026,0.176418434,0,0,0,0,0,0,0,0,0,0,OK,June,Ramped,South.facing,"Growth
(Months 10-12)",Edge,S1-0.5a,1.706273812547625,0.771628722,9.203161978661493,29.94,1031,0.01994320045890097,1.8226043860308456,FALSE,25.333978068263427,1.1905148622217414,Thesis,NA,NA,NA
M11,SanPablo,T1,2,a,2026-04-30,2026-06-12,2026,0.799878108,0,0,0,0,0,0,0,0,0,0,OK,June,Ramped,South.facing,"Growth
(Months 10-12)",Edge,S1-2a,1.6913385826771654,0.754465849,9.203161978661493,29.94,1031,0.3776886912580827,1.8192972125194615,FALSE,25.333978068263427,1.1905148622217414,Thesis,NA,NA,NA
M11,SanPablo,T1,2,b,2026-04-30,2026-06-12,2026,0.209135901,0,0,0,0,0,0,0,0,0,0,OK,June,Ramped,South.facing,"Growth
(Months 10-12)",Edge,S1-2b,1.7202946405892812,0.787740806,9.203161978661493,29.94,1031,0.3776886912580827,1.8192972125194615,FALSE,25.333978068263427,1.1905148622217414,Thesis,NA,NA,NA
M11,SanPablo,T1,12,a,2026-04-30,2026-06-12,2026,2.735618955,0,0,0,0,0,0,0,0,0,0,OK,June,Ramped,South.facing,"Growth
(Months 10-12)",Platform,S1-12a,1.877266954533909,0.968126095,9.203161978661493,29.94,1031,0.05459195462793114,1.939426772189594,FALSE,25.333978068263427,1.1905148622217414,Thesis,NA,NA,NA
M11,SanPablo,T1,12,b,2026-04-30,2026-06-12,2026,1.57720127,0,0,0,0,0,0,0,0,0,0,OK,June,Ramped,South.facing,"Growth
(Months 10-12)",Platform,S1-12b,1.889763779527559,0.982486865,9.203161978661493,29.94,1031,0.05459195462793114,1.939426772189594,FALSE,25.333978068263427,1.1905148622217414,Thesis,NA,NA,NA
M11,SanPablo,T1,12,c,2026-04-30,2026-06-12,2026,3.144349686,0,0,0,0,0,0,0,0,0,0,OK,June,Ramped,South.facing,"Growth
(Months 10-12)",Platform,S1-12c,1.8851917703835408,0.977232925,9.203161978661493,29.94,1031,0.05459195462793114,1.939426772189594,FALSE,25.333978068263427,1.1905148622217414,Thesis,NA,NA,NA
M11,SanPablo,T1,18,a,2026-04-30,2026-06-12,2026,1.535929738,0,0,0,0,0,0,0,0,0,0,OK,June,Ramped,South.facing,"Growth
(Months 10-12)",Platform,S1-18a,1.9778511557023113,1.083712785,9.203161978661493,29.94,1031,0.02400136488500243,2.068566284857941,FALSE,25.333978068263427,1.1905148622217414,Thesis,NA,NA,NA
M11,SanPablo,T1,18,c,2026-04-30,2026-06-12,2026,1.346058759,0,0,0,0,0,0,0,0,0,0,OK,June,Ramped,South.facing,"Growth
(Months 10-12)",Platform,S1-18c,1.9918719837439671,1.099824869,9.203161978661493,29.94,1031,0.02400136488500243,2.068566284857941,FALSE,25.333978068263427,1.1905148622217414,Thesis,NA,NA,NA
M11,SanPablo,T1,24,a,2026-04-30,2026-06-12,2026,5.289189878,0,0,0,0,0,0,0,0,0,0,OK,June,Ramped,South.facing,"Growth
(Months 10-12)",Platform,S1-24a,1.9751079502159004,1.08056042,9.203161978661493,29.94,1031,0.01741473153111573,2.037429934956382,FALSE,25.333978068263427,1.1905148622217414,Thesis,NA,NA,NA
M11,SanPablo,T1,24,b,2026-04-30,2026-06-12,2026,5.362484317,0,0,0,0,0,0,0,0,0,0,OK,June,Ramped,South.facing,"Growth
(Months 10-12)",Platform,S1-24b,1.984861569723139,1.091768827,9.203161978661493,29.94,1031,0.01741473153111573,2.037429934956382,FALSE,25.333978068263427,1.1905148622217414,Thesis,NA,NA,NA
M11,SanPablo,T1,24,c,2026-04-30,2026-06-12,2026,5.641917079,0,0,0,0,0,0,0,0,0,0,OK,June,Ramped,South.facing,"Growth
(Months 10-12)",Platform,S1-24c,1.9751079502159004,1.08056042,9.203161978661493,29.94,1031,0.01741473153111573,2.037429934956382,FALSE,25.333978068263427,1.1905148622217414,Thesis,NA,NA,NA
M11,SanPablo,T1,48,a,2026-04-30,2026-06-12,2026,0.903879444,0,0,0,0,0,0,0,0,0,0,OK,June,Ramped,South.facing,"Growth
(Months 10-12)",Upland,S1-48a,2.013208026416053,1.124343257,9.203161978661493,29.94,1031,-0.00126515639596243,2.068042486947528,FALSE,25.333978068263427,1.1905148622217414,Thesis,NA,NA,NA
M11,SanPablo,T1,48,b,2026-04-30,2026-06-12,2026,1.01698318,0,0,0,0,0,0,0,0,0,0,OK,June,Ramped,South.facing,"Growth
(Months 10-12)",Upland,S1-48b,2.0159512319024637,1.127495622,9.203161978661493,29.94,1031,-0.00126515639596243,2.068042486947528,FALSE,25.333978068263427,1.1905148622217414,Thesis,NA,NA,NA
M11,SanPablo,T1,48,c,2026-04-30,2026-06-12,2026,0.961454875,0,0,0,0,0,0,0,0,0,0,OK,June,Ramped,South.facing,"Growth
(Months 10-12)",Upland,S1-48c,2.0144272288544576,1.125744308,9.203161978661493,29.94,1031,-0.00126515639596243,2.068042486947528,FALSE,25.333978068263427,1.1905148622217414,Thesis,NA,NA,NA
M11,SanPablo,T2,2,a,2026-04-30,2026-06-12,2026,0.111897395,0,0,0,0,0,0,0,0,0,0,OK,June,Ramped,South.facing,"Growth
(Months 10-12)",Edge,S2-2a,1.7401066802133602,0.810507881,9.203161978661493,29.94,1031,0.01154246712137735,1.9960940502981117,FALSE,35.97380842326667,1.4533466871480498,Thesis,NA,NA,NA
M11,SanPablo,T2,2,b,2026-04-30,2026-06-12,2026,0.043099323,0,0,0,0,0,0,0,0,0,0,OK,June,Ramped,South.facing,"Growth
(Months 10-12)",Edge,S2-2b,1.751993903987808,0.824168126,9.203161978661493,29.94,1031,0.01154246712137735,1.9960940502981117,FALSE,35.97380842326667,1.4533466871480498,Thesis,NA,NA,NA
M11,SanPablo,T2,12,a,2026-04-30,2026-06-12,2026,1.506977521,0,0,0,0,0,0,0,0,0,0,OK,June,Ramped,South.facing,"Growth
(Months 10-12)",Platform,S2-12a,1.899517399034798,0.993695271,9.203161978661493,29.94,1031,7.536119889995986e-4,2.059116795755984,FALSE,35.97380842326667,1.4533466871480498,Thesis,NA,NA,NA
M11,SanPablo,T2,12,c,2026-04-30,2026-06-12,2026,1.583013647,0,0,0,0,0,0,0,0,0,0,OK,June,Ramped,South.facing,"Growth
(Months 10-12)",Platform,S2-12c,1.8836677673355344,0.975481611,9.203161978661493,29.94,1031,7.536119889995986e-4,2.059116795755984,FALSE,35.97380842326667,1.4533466871480498,Thesis,NA,NA,NA
M11,SanPablo,T2,18,a,2026-04-30,2026-06-12,2026,0.780832521,0,0,0,0,0,0,0,0,0,0,OK,June,Ramped,South.facing,"Growth
(Months 10-12)",Platform,S2-18a,1.9677927355854712,1.072154116,9.203161978661493,29.94,1031,-0.00193388038167319,2.053170271773423,FALSE,35.97380842326667,1.4533466871480498,Thesis,NA,NA,NA
M11,SanPablo,T2,18,b,2026-04-30,2026-06-12,2026,1.631230786,0,0,0,0,0,0,0,0,0,0,OK,June,Ramped,South.facing,"Growth
(Months 10-12)",Platform,S2-18b,1.9677927355854712,1.072154116,9.203161978661493,29.94,1031,-0.00193388038167319,2.053170271773423,FALSE,35.97380842326667,1.4533466871480498,Thesis,NA,NA,NA
M11,SanPablo,T2,18,c,2026-04-30,2026-06-12,2026,1.080955882,0,0,0,0,0,0,0,0,0,0,OK,June,Ramped,South.facing,"Growth
(Months 10-12)",Platform,S2-18c,1.9613919227838457,1.064798599,9.203161978661493,29.94,1031,-0.00193388038167319,2.053170271773423,FALSE,35.97380842326667,1.4533466871480498,Thesis,NA,NA,NA
M11,SanPablo,T2,24,a,2026-04-30,2026-06-12,2026,5.635995034,0,0,0,0,0,0,0,0,0,0,OK,June,Ramped,South.facing,"Growth
(Months 10-12)",Platform,S2-24a,2.0001016002032004,1.109281961,9.203161978661493,29.94,1031,-7.498068190482683e-4,2.04343186206419,FALSE,35.97380842326667,1.4533466871480498,Thesis,NA,NA,NA
M11,SanPablo,T2,24,b,2026-04-30,2026-06-12,2026,7.386288157,0,0,0,0,0,0,0,0,0,0,OK,June,Ramped,South.facing,"Growth
(Months 10-12)",Platform,S2-24b,1.9979679959359915,1.106830123,9.203161978661493,29.94,1031,-7.498068190482683e-4,2.04343186206419,FALSE,35.97380842326667,1.4533466871480498,Thesis,NA,NA,NA
M11,SanPablo,T2,24,c,2026-04-30,2026-06-12,2026,7.134674382,0,0,0,0,0,0,0,0,0,0,OK,June,Ramped,South.facing,"Growth
(Months 10-12)",Platform,S2-24c,1.9915671831343664,1.099474606,9.203161978661493,29.94,1031,-7.498068190482683e-4,2.04343186206419,FALSE,35.97380842326667,1.4533466871480498,Thesis,NA,NA,NA
M11,SanPablo,T2,48,a,2026-04-30,2026-06-12,2026,1.408313337,0,0,0,0,0,0,0,0,0,0,OK,June,Ramped,South.facing,"Growth
(Months 10-12)",Upland,S2-48a,2.0138176276352553,1.125043783,9.203161978661493,29.94,1031,0.00473019341500792,2.0664739570769344,FALSE,35.97380842326667,1.4533466871480498,Thesis,NA,NA,NA
M11,SanPablo,T2,48,b,2026-04-30,2026-06-12,2026,1.439166457,0,0,0,0,0,0,0,0,0,0,OK,June,Ramped,South.facing,"Growth
(Months 10-12)",Upland,S2-48b,2.022961645923292,1.135551664,9.203161978661493,29.94,1031,0.00473019341500792,2.0664739570769344,FALSE,35.97380842326667,1.4533466871480498,Thesis,NA,NA,NA
M11,SanPablo,T2,48,c,2026-04-30,2026-06-12,2026,1.664204144,0,0,0,0,0,0,0,0,0,0,OK,June,Ramped,South.facing,"Growth
(Months 10-12)",Upland,S2-48c,2.0205232410464817,1.132749562,9.203161978661493,29.94,1031,0.00473019341500792,2.0664739570769344,FALSE,35.97380842326667,1.4533466871480498,Thesis,NA,NA,NA
M12,Buck'sLanding,T1,0.5,a,2026-06-11,2026-07-09,2026,18.84035237,0,0,0,0,0,0,0,0,0,0,OK,July,Ramped,East.facing,"Growth
(Months 10-12)",Edge,B1-0.5a,1.6544577089154178,0.743807502,5.660668647845468,19.44,673,0.17785756524338506,1.7010695502979745,FALSE,34.89580532666493,1.2246004538785733,Thesis,NA,NA,NA
M12,Buck'sLanding,T1,0.5,b,2026-06-11,2026-07-09,2026,1.781805554,0,0,0,0,0,0,0,0,0,0,OK,July,Ramped,East.facing,"Growth
(Months 10-12)",Edge,B1-0.5b,1.6599441198882396,0.750176929,5.660668647845468,19.44,673,0.17785756524338506,1.7010695502979745,FALSE,34.89580532666493,1.2246004538785733,Thesis,NA,NA,NA
M12,Buck'sLanding,T1,0.5,c,2026-06-11,2026-07-09,2026,1.742901012,0,0,0,0,0,0,0,0,0,0,OK,July,Ramped,East.facing,"Growth
(Months 10-12)",Edge,B1-0.5c,1.6611633223266449,0.751592357,5.660668647845468,19.44,673,0.17785756524338506,1.7010695502979745,FALSE,34.89580532666493,1.2246004538785733,Thesis,NA,NA,NA
M12,Buck'sLanding,T1,2,a,2026-06-11,2026-07-09,2026,0.604508088,0,0,0,0,0,0,0,0,0,0,OK,July,Ramped,East.facing,"Growth
(Months 10-12)",Edge,B1-2a,1.7718059436118871,0.880042463,5.660668647845468,19.44,673,0.02968375936655274,1.858339098018449,FALSE,34.89580532666493,1.2246004538785733,Thesis,NA,NA,NA
M12,Buck'sLanding,T1,2,b,2026-06-11,2026-07-09,2026,0.448216249,0,0,0,0,0,0,0,0,0,0,OK,July,Ramped,East.facing,"Growth
(Months 10-12)",Edge,B1-2b,1.7794259588519177,0.888888889,5.660668647845468,19.44,673,0.02968375936655274,1.858339098018449,FALSE,34.89580532666493,1.2246004538785733,Thesis,NA,NA,NA
M12,Buck'sLanding,T1,2,c,2026-06-11,2026-07-09,2026,1.304845978,0,0,0,0,0,0,0,0,0,0,OK,July,Ramped,East.facing,"Growth
(Months 10-12)",Edge,B1-2c,1.7669291338582676,0.87438075,5.660668647845468,19.44,673,0.02968375936655274,1.858339098018449,FALSE,34.89580532666493,1.2246004538785733,Thesis,NA,NA,NA
M12,Buck'sLanding,T1,6,a,2026-06-11,2026-07-09,2026,10.52241539,0,0,0,0,0,0,0,0,0,0,OK,July,Ramped,East.facing,"Growth
(Months 10-12)",Edge,B1-6a,1.8138684277368553,0.928874735,5.660668647845468,19.44,673,0.01104286813360896,1.8720950223241668,FALSE,34.89580532666493,1.2246004538785733,Thesis,NA,NA,NA
M12,Buck'sLanding,T1,6,b,2026-06-11,2026-07-09,2026,5.254470979,0,0,0,0,0,0,0,0,0,0,OK,July,Ramped,East.facing,"Growth
(Months 10-12)",Edge,B1-6b,1.806248412496825,0.920028309,5.660668647845468,19.44,673,0.01104286813360896,1.8720950223241668,FALSE,34.89580532666493,1.2246004538785733,Thesis,NA,NA,NA
M12,Buck'sLanding,T1,6,c,2026-06-11,2026-07-09,2026,4.853748586,0,0,0,0,0,0,0,0,0,0,OK,July,Ramped,East.facing,"Growth
(Months 10-12)",Edge,B1-6c,1.8053340106680211,0.918966737,5.660668647845468,19.44,673,0.01104286813360896,1.8720950223241668,FALSE,34.89580532666493,1.2246004538785733,Thesis,NA,NA,NA
M12,Buck'sLanding,T1,12,a,2026-06-11,2026-07-09,2026,1.774226747,0,0,0,0,0,0,0,0,0,0,OK,July,Ramped,East.facing,"Growth
(Months 10-12)",Platform,B1-12a,1.8483108966217932,0.96886058,5.660668647845468,19.44,673,-0.00172583812482088,1.8663152905950524,FALSE,34.89580532666493,1.2246004538785733,Thesis,NA,NA,NA
M12,Buck'sLanding,T1,12,b,2026-06-11,2026-07-09,2026,1.911655777,0,0,0,0,0,0,0,0,0,0,OK,July,Ramped,East.facing,"Growth
(Months 10-12)",Platform,B1-12b,1.8461772923545847,0.966383581,5.660668647845468,19.44,673,-0.00172583812482088,1.8663152905950524,FALSE,34.89580532666493,1.2246004538785733,Thesis,NA,NA,NA
M12,Buck'sLanding,T1,12,c,2026-06-11,2026-07-09,2026,1.730774921,0,0,0,0,0,0,0,0,0,0,OK,July,Ramped,East.facing,"Growth
(Months 10-12)",Platform,B1-12c,1.8428244856489713,0.962491154,5.660668647845468,19.44,673,-0.00172583812482088,1.8663152905950524,FALSE,34.89580532666493,1.2246004538785733,Thesis,NA,NA,NA
M12,Buck'sLanding,T1,18,a,2026-06-11,2026-07-09,2026,5.933756628,0,0,0,0,0,0,0,0,0,0,OK,July,Ramped,East.facing,"Growth
(Months 10-12)",Platform,B1-18a,1.8736093472186943,0.998230715,5.660668647845468,19.44,673,-0.02221947652684898,1.8408866750284556,FALSE,34.89580532666493,1.2246004538785733,Thesis,NA,NA,NA
M12,Buck'sLanding,T1,18,b,2026-06-11,2026-07-09,2026,6.088869541,0,0,0,0,0,0,0,0,0,0,OK,July,Ramped,East.facing,"Growth
(Months 10-12)",Platform,B1-18b,1.8745237490474984,0.999292286,5.660668647845468,19.44,673,-0.02221947652684898,1.8408866750284556,FALSE,34.89580532666493,1.2246004538785733,Thesis,NA,NA,NA
M12,Buck'sLanding,T1,18,c,2026-06-11,2026-07-09,2026,4.224819898,0,0,0,0,0,0,0,0,0,0,OK,July,Ramped,East.facing,"Growth
(Months 10-12)",Platform,B1-18c,1.8806197612395223,1.006369427,5.660668647845468,19.44,673,-0.02221947652684898,1.8408866750284556,FALSE,34.89580532666493,1.2246004538785733,Thesis,NA,NA,NA
M12,Buck'sLanding,T1,24,a,2026-06-11,2026-07-09,2026,3.456104329,0,0,0,0,0,0,0,0,0,0,OK,July,Ramped,East.facing,"Growth
(Months 10-12)",Platform,B1-24a,1.8641605283210565,0.987261146,5.660668647845468,19.44,673,0.02688120789993156,1.8505249450567665,FALSE,34.89580532666493,1.2246004538785733,Thesis,NA,NA,NA
M12,Buck'sLanding,T1,24,b,2026-06-11,2026-07-09,2026,3.725797573,0,0,0,0,0,0,0,0,0,0,OK,July,Ramped,East.facing,"Growth
(Months 10-12)",Platform,B1-24b,1.869037338074676,0.992922859,5.660668647845468,19.44,673,0.02688120789993156,1.8505249450567665,FALSE,34.89580532666493,1.2246004538785733,Thesis,NA,NA,NA
M12,Buck'sLanding,T1,24,c,2026-06-11,2026-07-09,2026,3.312780671,0,0,0,0,0,0,0,0,0,0,OK,July,Ramped,East.facing,"Growth
(Months 10-12)",Platform,B1-24c,1.8714757429514857,0.995753715,5.660668647845468,19.44,673,0.02688120789993156,1.8505249450567665,FALSE,34.89580532666493,1.2246004538785733,Thesis,NA,NA,NA
M12,Buck'sLanding,T1,48,a,2026-06-11,2026-07-09,2026,1.74711146,0,0,0,0,0,0,0,0,0,0,OK,July,Ramped,East.facing,"Growth
(Months 10-12)",Upland,B1-48a,1.856845313690627,0.978768577,5.660668647845468,19.44,673,0.00709242883196758,1.921341208364329,TRUE,34.89580532666493,1.2246004538785733,Thesis,NA,NA,NA
M12,Buck'sLanding,T1,48,b,2026-06-11,2026-07-09,2026,2.629845968,0,0,0,0,0,0,0,0,0,0,OK,July,Ramped,East.facing,"Growth
(Months 10-12)",Upland,B1-48b,1.850749301498603,0.971691437,5.660668647845468,19.44,673,0.00709242883196758,1.921341208364329,TRUE,34.89580532666493,1.2246004538785733,Thesis,NA,NA,NA
M12,Buck'sLanding,T1,48,c,2026-06-11,2026-07-09,2026,2.627768813,0,0,0,0,0,0,0,0,0,0,OK,July,Ramped,East.facing,"Growth
(Months 10-12)",Upland,B1-48c,1.8516637033274064,0.972753008,5.660668647845468,19.44,673,0.00709242883196758,1.921341208364329,TRUE,34.89580532666493,1.2246004538785733,Thesis,NA,NA,NA
M12,Buck'sLanding,T2,0.5,a,2026-06-11,2026-07-09,2026,5.763429962,0,0,0,0,0,0,0,0,0,0,OK,July,Ramped,East.facing,"Growth
(Months 10-12)",Edge,B2-0.5a,1.6338836677673354,0.7199221515,5.660668647845468,19.44,673,-4.902368587095996e-4,1.8307718827004935,FALSE,29.104492140178493,1.2333122768097955,Thesis,NA,NA,NA
M12,Buck'sLanding,T2,0.5,b,2026-06-11,2026-07-09,2026,2.982737669,0,0,0,0,0,0,0,0,0,0,OK,July,Ramped,East.facing,"Growth
(Months 10-12)",Edge,B2-0.5b,1.6431800863601729,0.730714791,5.660668647845468,19.44,673,-4.902368587095996e-4,1.8307718827004935,FALSE,29.104492140178493,1.2333122768097955,Thesis,NA,NA,NA
M12,Buck'sLanding,T2,0.5,c,2026-06-11,2026-07-09,2026,3.452174577,0,0,0,0,0,0,0,0,0,0,OK,July,Ramped,East.facing,"Growth
(Months 10-12)",Edge,B2-0.5c,1.6407416814833629,0.727883935,5.660668647845468,19.44,673,-4.902368587095996e-4,1.8307718827004935,FALSE,29.104492140178493,1.2333122768097955,Thesis,NA,NA,NA
M12,Buck'sLanding,T2,2,a,2026-06-11,2026-07-09,2026,1.263415167,0,0,0,0,0,0,0,0,0,0,OK,July,Ramped,East.facing,"Growth
(Months 10-12)",Edge,B2-2a,1.773329946659893,0.881811748,5.660668647845468,19.44,673,0.00879335684428583,1.8375292375952912,FALSE,29.104492140178493,1.2333122768097955,Thesis,NA,NA,NA
M12,Buck'sLanding,T2,2,b,2026-06-11,2026-07-09,2026,0.907435804,0,0,0,0,0,0,0,0,0,0,OK,July,Ramped,East.facing,"Growth
(Months 10-12)",Edge,B2-2b,1.7654051308102614,0.872611465,5.660668647845468,19.44,673,0.00879335684428583,1.8375292375952912,FALSE,29.104492140178493,1.2333122768097955,Thesis,NA,NA,NA
M12,Buck'sLanding,T2,2,c,2026-06-11,2026-07-09,2026,1.187795517,0,0,0,0,0,0,0,0,0,0,OK,July,Ramped,East.facing,"Growth
(Months 10-12)",Edge,B2-2c,1.7696723393446787,0.877565464,5.660668647845468,19.44,673,0.00879335684428583,1.8375292375952912,FALSE,29.104492140178493,1.2333122768097955,Thesis,NA,NA,NA
M12,Buck'sLanding,T2,6,a,2026-06-11,2026-07-09,2026,2.086922702,0,0,0,0,0,0,0,0,0,0,OK,July,Ramped,East.facing,"Growth
(Months 10-12)",Edge,B2-6a,1.843738887477775,0.963552725,5.660668647845468,19.44,673,0.01218461482376672,1.894739035630732,FALSE,29.104492140178493,1.2333122768097955,Thesis,NA,NA,NA
M12,Buck'sLanding,T2,6,b,2026-06-11,2026-07-09,2026,3.037024382,0,0,0,0,0,0,0,0,0,0,OK,July,Ramped,East.facing,"Growth
(Months 10-12)",Edge,B2-6b,1.8394716789433576,0.958598726,5.660668647845468,19.44,673,0.01218461482376672,1.894739035630732,FALSE,29.104492140178493,1.2333122768097955,Thesis,NA,NA,NA
M12,Buck'sLanding,T2,6,c,2026-06-11,2026-07-09,2026,3.372007643,0,0,0,0,0,0,0,0,0,0,OK,July,Ramped,East.facing,"Growth
(Months 10-12)",Edge,B2-6c,1.8376428752857503,0.956475584,5.660668647845468,19.44,673,0.01218461482376672,1.894739035630732,FALSE,29.104492140178493,1.2333122768097955,Thesis,NA,NA,NA
M12,Buck'sLanding,T2,12,a,2026-06-11,2026-07-09,2026,3.476707456,0,0,0,0,0,0,0,0,0,0,OK,July,Ramped,East.facing,"Growth
(Months 10-12)",Platform,B2-12a,1.84008128016256,0.95930644,5.660668647845468,19.44,673,0.02661783367146161,1.8694116559719185,FALSE,29.104492140178493,1.2333122768097955,Thesis,NA,NA,NA
M12,Buck'sLanding,T2,12,b,2026-06-11,2026-07-09,2026,3.70171381,0,0,0,0,0,0,0,0,0,0,OK,July,Ramped,East.facing,"Growth
(Months 10-12)",Platform,B2-12b,1.835814071628143,0.954352442,5.660668647845468,19.44,673,0.02661783367146161,1.8694116559719185,FALSE,29.104492140178493,1.2333122768097955,Thesis,NA,NA,NA
M12,Buck'sLanding,T2,12,c,2026-06-11,2026-07-09,2026,4.759322267,0,0,0,0,0,0,0,0,0,0,OK,July,Ramped,East.facing,"Growth
(Months 10-12)",Platform,B2-12c,1.822098044196088,0.938428875,5.660668647845468,19.44,673,0.02661783367146161,1.8694116559719185,FALSE,29.104492140178493,1.2333122768097955,Thesis,NA,NA,NA
M12,Buck'sLanding,T2,18,a,2026-06-11,2026-07-09,2026,3.393733556,0,0,0,0,0,0,0,0,0,0,OK,July,Ramped,East.facing,"Growth
(Months 10-12)",Platform,B2-18a,1.8312420624841248,0.949044586,5.660668647845468,19.44,673,-0.01547712531206526,1.9112682741845783,FALSE,29.104492140178493,1.2333122768097955,Thesis,NA,NA,NA
M12,Buck'sLanding,T2,18,b,2026-06-11,2026-07-09,2026,4.314530515,0,0,0,0,0,0,0,0,0,0,OK,July,Ramped,East.facing,"Growth
(Months 10-12)",Platform,B2-18b,1.8269748539497075,0.944090587,5.660668647845468,19.44,673,-0.01547712531206526,1.9112682741845783,FALSE,29.104492140178493,1.2333122768097955,Thesis,NA,NA,NA
M12,Buck'sLanding,T2,18,c,2026-06-11,2026-07-09,2026,4.125172623,0,0,0,0,0,0,0,0,0,0,OK,July,Ramped,East.facing,"Growth
(Months 10-12)",Platform,B2-18c,1.8403860807721617,0.959660297,5.660668647845468,19.44,673,-0.01547712531206526,1.9112682741845783,FALSE,29.104492140178493,1.2333122768097955,Thesis,NA,NA,NA
M12,Buck'sLanding,T2,24,a,2026-06-11,2026-07-09,2026,2.433077687,0,0,0,0,0,0,0,0,0,0,OK,July,Ramped,East.facing,"Growth
(Months 10-12)",Platform,B2-24a,1.8266700533401063,0.94373673,5.660668647845468,19.44,673,0.01213652588304522,1.8589100935344456,FALSE,29.104492140178493,1.2333122768097955,Thesis,NA,NA,NA
M12,Buck'sLanding,T2,24,b,2026-06-11,2026-07-09,2026,2.389345164,0,0,0,0,0,0,0,0,0,0,OK,July,Ramped,East.facing,"Growth
(Months 10-12)",Platform,B2-24b,1.8294132588265175,0.946921444,5.660668647845468,19.44,673,0.01213652588304522,1.8589100935344456,FALSE,29.104492140178493,1.2333122768097955,Thesis,NA,NA,NA
M12,Buck'sLanding,T2,24,c,2026-06-11,2026-07-09,2026,3.112026499,0,0,0,0,0,0,0,0,0,0,OK,July,Ramped,East.facing,"Growth
(Months 10-12)",Platform,B2-24c,1.8446532893065783,0.964614296,5.660668647845468,19.44,673,0.01213652588304522,1.8589100935344456,FALSE,29.104492140178493,1.2333122768097955,Thesis,NA,NA,NA
M12,Buck'sLanding,T2,48,a,2026-06-11,2026-07-09,2026,3.057402951,0,0,0,0,0,0,0,0,0,0,OK,July,Ramped,East.facing,"Growth
(Months 10-12)",Upland,B2-48a,1.8416052832105665,0.961075725,5.660668647845468,19.44,673,-0.02376690670714356,1.4953854337338937,TRUE,29.104492140178493,1.2333122768097955,Thesis,NA,NA,NA
M12,Buck'sLanding,T2,48,b,2026-06-11,2026-07-09,2026,2.26606324,0,0,0,0,0,0,0,0,0,0,OK,July,Ramped,East.facing,"Growth
(Months 10-12)",Upland,B2-48b,1.8525781051562105,0.973814579,5.660668647845468,19.44,673,-0.02376690670714356,1.4953854337338937,TRUE,29.104492140178493,1.2333122768097955,Thesis,NA,NA,NA
M12,Buck'sLanding,T2,48,c,2026-06-11,2026-07-09,2026,2.925531712,0,0,0,0,0,0,0,0,0,0,OK,July,Ramped,East.facing,"Growth
(Months 10-12)",Upland,B2-48c,1.849530099060198,0.970276008,5.660668647845468,19.44,673,-0.02376690670714356,1.4953854337338937,TRUE,29.104492140178493,1.2333122768097955,Thesis,NA,NA,NA
M12,GiantMarsh,T1,0.5,a,2026-06-09,2026-07-09,2026,0.736278276,0,0,0,0,0,0,0,0,0,0,OK,July,Scarped,West.facing,"Growth
(Months 10-12)",Edge,G1-0.5a,2.067462535,1.195887069,5.569056865464632,19.44,721,-0.00503157657553342,2.081117017603091,FALSE,61.82523742803928,2.5615527555530693,Thesis,NA,NA,NA
M12,GiantMarsh,T1,0.5,b,2026-06-09,2026-07-09,2026,0.79318108,0,0,0,0,0,0,0,0,0,0,OK,July,Scarped,West.facing,"Growth
(Months 10-12)",Edge,G1-0.5b,2.066243332486665,1.194492855,5.569056865464632,19.44,721,-0.00503157657553342,2.081117017603091,FALSE,61.82523742803928,2.5615527555530693,Thesis,NA,NA,NA
M12,GiantMarsh,T1,0.5,c,2026-06-09,2026-07-09,2026,0.603924239,0,0,0,0,0,0,0,0,0,0,OK,July,Scarped,West.facing,"Growth
(Months 10-12)",Edge,G1-0.5c,2.0574041148082296,1.184384803,5.569056865464632,19.44,721,-0.00503157657553342,2.081117017603091,FALSE,61.82523742803928,2.5615527555530693,Thesis,NA,NA,NA
M12,GiantMarsh,T1,2,c,2026-06-09,2026-07-09,2026,12.33355186,0,0,0,0,0,0,0,0,0,0,OK,July,Scarped,West.facing,"Growth
(Months 10-12)",Edge,G1-2c,2.0189992379984756,1.140467062,5.569056865464632,19.44,721,-0.04260973519962442,2.031680671373449,FALSE,61.82523742803928,2.5615527555530693,Thesis,NA,NA,NA
M12,GiantMarsh,T1,12,a,2026-06-09,2026-07-09,2026,17.84652191,0,0,0,0,0,0,0,0,0,0,OK,July,Scarped,West.facing,"Growth
(Months 10-12)",Platform,G1-12a,1.9418846837693675,1.052283025,5.569056865464632,19.44,721,-0.00963659940341829,1.9003038509090948,FALSE,61.82523742803928,2.5615527555530693,Thesis,NA,NA,NA
M12,GiantMarsh,T1,12,c,2026-06-09,2026-07-09,2026,18.23635328,0,0,0,0,0,0,0,0,0,0,OK,July,Scarped,West.facing,"Growth
(Months 10-12)",Platform,G1-12c,1.9577343154686309,1.070407808,5.569056865464632,19.44,721,-0.00963659940341829,1.9003038509090948,FALSE,61.82523742803928,2.5615527555530693,Thesis,NA,NA,NA
M12,GiantMarsh,T1,18,a,2026-06-09,2026-07-09,2026,6.937321643,0,0,0,0,0,0,0,0,0,0,OK,July,Scarped,West.facing,"Growth
(Months 10-12)",Platform,G1-18a,1.958039116078232,1.070756361,5.569056865464632,19.44,721,-4.8566594081641705e-4,1.9478622938935235,FALSE,61.82523742803928,2.5615527555530693,Thesis,NA,NA,NA
M12,GiantMarsh,T1,18,b,2026-06-09,2026-07-09,2026,24.00108941,0,0,0,0,0,0,0,0,0,0,OK,July,Scarped,West.facing,"Growth
(Months 10-12)",Platform,G1-18b,1.94005588011176,1.050191704,5.569056865464632,19.44,721,-4.8566594081641705e-4,1.9478622938935235,FALSE,61.82523742803928,2.5615527555530693,Thesis,NA,NA,NA
M12,GiantMarsh,T1,18,c,2026-06-09,2026-07-09,2026,21.92356069,0,0,0,0,0,0,0,0,0,0,OK,July,Scarped,West.facing,"Growth
(Months 10-12)",Platform,G1-18c,1.9348742697485393,1.044266295,5.569056865464632,19.44,721,-4.8566594081641705e-4,1.9478622938935235,FALSE,61.82523742803928,2.5615527555530693,Thesis,NA,NA,NA
M12,GiantMarsh,T1,24,a,2026-06-09,2026-07-09,2026,14.79221411,0,0,0,0,0,0,0,0,0,0,OK,July,Scarped,West.facing,"Growth
(Months 10-12)",Platform,G1-24a,1.94005588011176,1.050191704,5.569056865464632,19.44,721,-0.04127172083878872,1.9068799902442335,FALSE,61.82523742803928,2.5615527555530693,Thesis,NA,NA,NA
M12,GiantMarsh,T1,24,b,2026-06-09,2026-07-09,2026,11.05213843,0,0,0,0,0,0,0,0,0,0,OK,July,Scarped,West.facing,"Growth
(Months 10-12)",Platform,G1-24b,1.9467614935229869,1.057859881,5.569056865464632,19.44,721,-0.04127172083878872,1.9068799902442335,FALSE,61.82523742803928,2.5615527555530693,Thesis,NA,NA,NA
M12,GiantMarsh,T1,24,c,2026-06-09,2026-07-09,2026,9.382622729,0,0,0,0,0,0,0,0,0,0,OK,July,Scarped,West.facing,"Growth
(Months 10-12)",Platform,G1-24c,1.952247904495809,1.064133845,5.569056865464632,19.44,721,-0.04127172083878872,1.9068799902442335,FALSE,61.82523742803928,2.5615527555530693,Thesis,NA,NA,NA
M12,GiantMarsh,T1,48,a,2026-06-09,2026-07-09,2026,2.11415401,0,0,0,0,0,0,0,0,0,0,OK,July,Scarped,West.facing,"Growth
(Months 10-12)",Upland,G1-48a,1.8736093472186943,0.974207041,5.569056865464632,19.44,721,0.01939660366491094,2.0210249067405273,TRUE,61.82523742803928,2.5615527555530693,Thesis,NA,NA,NA
M12,GiantMarsh,T1,48,b,2026-06-09,2026-07-09,2026,1.697128761,0,0,0,0,0,0,0,0,0,0,OK,July,Scarped,West.facing,"Growth
(Months 10-12)",Upland,G1-48b,1.8595885191770385,0.95817358,5.569056865464632,19.44,721,0.01939660366491094,2.0210249067405273,TRUE,61.82523742803928,2.5615527555530693,Thesis,NA,NA,NA
M12,GiantMarsh,T1,48,c,2026-06-09,2026-07-09,2026,3.097273089,0,0,0,0,0,0,0,0,0,0,OK,July,Scarped,West.facing,"Growth
(Months 10-12)",Upland,G1-48c,1.886106172212344,0.988497734,5.569056865464632,19.44,721,0.01939660366491094,2.0210249067405273,TRUE,61.82523742803928,2.5615527555530693,Thesis,NA,NA,NA
M12,GiantMarsh,T2,2,a,2026-06-09,2026-07-09,2026,6.613248121,0,0,0,0,0,0,0,0,0,0,OK,July,Scarped,West.facing,"Growth
(Months 10-12)",Edge,G2-2a,2.0616713233426465,1.189264552,5.569056865464632,19.44,721,-0.01342471668837245,2.0563871851683726,FALSE,47.44065202971936,2.141172071480484,Thesis,NA,NA,NA
M12,GiantMarsh,T2,2,b,2026-06-09,2026-07-09,2026,0.947856107,0,0,0,0,1,0,0,0,0,0,Review,July,Scarped,West.facing,"Growth
(Months 10-12)",Edge,G2-2b,2.054051308102616,1.180550715,5.569056865464632,19.44,721,-0.01342471668837245,2.0563871851683726,FALSE,47.44065202971936,2.141172071480484,Thesis,NA,NA,NA
M12,GiantMarsh,T2,2,c,2026-06-09,2026-07-09,2026,2.017534516,0,0,0,0,0,0,0,0,0,0,OK,July,Scarped,West.facing,"Growth
(Months 10-12)",Edge,G2-2c,2.0564897129794257,1.183339143,5.569056865464632,19.44,721,-0.01342471668837245,2.0563871851683726,FALSE,47.44065202971936,2.141172071480484,Thesis,NA,NA,NA
M12,GiantMarsh,T2,6,a,2026-06-09,2026-07-09,2026,30.88947255,0,0,0,0,0,0,0,0,0,0,OK,July,Scarped,West.facing,"Growth
(Months 10-12)",Edge,G2-6a,1.9406654813309625,1.050888811,5.569056865464632,19.44,721,-0.01255565003163208,1.9574508500756536,FALSE,47.44065202971936,2.141172071480484,Thesis,NA,NA,NA
M12,GiantMarsh,T2,6,b,2026-06-09,2026-07-09,2026,38.11565714,0,0,0,0,0,0,0,0,1,0,Review,July,Scarped,West.facing,"Growth
(Months 10-12)",Edge,G2-6b,1.9434086868173737,1.054025793,5.569056865464632,19.44,721,-0.01255565003163208,1.9574508500756536,FALSE,47.44065202971936,2.141172071480484,Thesis,NA,NA,NA
M12,GiantMarsh,T2,6,c,2026-06-09,2026-07-09,2026,37.78183783,0,0,0,0,0,0,0,0,0,0,OK,July,Scarped,West.facing,"Growth
(Months 10-12)",Edge,G2-6c,1.9473710947421896,1.058556988,5.569056865464632,19.44,721,-0.01255565003163208,1.9574508500756536,FALSE,47.44065202971936,2.141172071480484,Thesis,NA,NA,NA
M12,GiantMarsh,T2,18,a,2026-06-09,2026-07-09,2026,16.87000481,0,0,0,0,0,0,0,0,0,0,OK,July,Scarped,West.facing,"Growth
(Months 10-12)",Platform,G2-18a,1.9610871221742443,1.074241896,5.569056865464632,19.44,721,0.01085632180604558,1.9382465005969651,FALSE,47.44065202971936,2.141172071480484,Thesis,NA,NA,NA
M12,GiantMarsh,T2,18,b,2026-06-09,2026-07-09,2026,20.76098295,0,0,0,0,0,0,0,0,0,0,OK,July,Scarped,West.facing,"Growth
(Months 10-12)",Platform,G2-18b,1.9516383032766065,1.063436738,5.569056865464632,19.44,721,0.01085632180604558,1.9382465005969651,FALSE,47.44065202971936,2.141172071480484,Thesis,NA,NA,NA
M12,GiantMarsh,T2,18,c,2026-06-09,2026-07-09,2026,15.3003572,0,0,0,0,0,0,0,0,0,0,OK,July,Scarped,West.facing,"Growth
(Months 10-12)",Platform,G2-18c,1.9586487172974345,1.071453468,5.569056865464632,19.44,721,0.01085632180604558,1.9382465005969651,FALSE,47.44065202971936,2.141172071480484,Thesis,NA,NA,NA
M12,GiantMarsh,T2,24,a,2026-06-09,2026-07-09,2026,7.686332314,0,0,0,0,0,0,0,0,0,0,OK,July,Scarped,West.facing,"Growth
(Months 10-12)",Platform,G2-24a,1.9357886715773431,1.045311955,5.569056865464632,19.44,721,4.975228131842639e-4,1.9387701875796968,FALSE,47.44065202971936,2.141172071480484,Thesis,NA,NA,NA
M12,GiantMarsh,T2,24,b,2026-06-09,2026-07-09,2026,8.738353039,0,0,0,0,0,0,0,0,0,0,OK,July,Scarped,West.facing,"Growth
(Months 10-12)",Platform,G2-24b,1.9406654813309625,1.050888811,5.569056865464632,19.44,721,4.975228131842639e-4,1.9387701875796968,FALSE,47.44065202971936,2.141172071480484,Thesis,NA,NA,NA
M12,GiantMarsh,T2,24,c,2026-06-09,2026-07-09,2026,11.80293059,0,0,0,0,0,0,0,0,0,0,OK,July,Scarped,West.facing,"Growth
(Months 10-12)",Platform,G2-24c,1.9354838709677415,1.044963402,5.569056865464632,19.44,721,4.975228131842639e-4,1.9387701875796968,FALSE,47.44065202971936,2.141172071480484,Thesis,NA,NA,NA
M12,GiantMarsh,T2,48,a,2026-06-09,2026-07-09,2026,11.71144597,0,0,0,0,0,0,0,0,0,0,OK,July,Scarped,West.facing,"Growth
(Months 10-12)",Upland,G2-48a,1.8733045466090932,0.973858487,5.569056865464632,19.44,721,-0.03370930171824177,1.4800192766320546,TRUE,47.44065202971936,2.141172071480484,Thesis,NA,NA,NA
M12,GiantMarsh,T2,48,b,2026-06-09,2026-07-09,2026,3.975703582,0,0,0,0,0,0,0,0,0,0,OK,July,Scarped,West.facing,"Growth
(Months 10-12)",Upland,G2-48b,1.897078994157988,1.001045661,5.569056865464632,19.44,721,-0.03370930171824177,1.4800192766320546,TRUE,47.44065202971936,2.141172071480484,Thesis,NA,NA,NA
M12,GiantMarsh,T2,48,c,2026-06-09,2026-07-09,2026,7.18615352,0,0,0,0,0,0,0,0,0,0,OK,July,Scarped,West.facing,"Growth
(Months 10-12)",Upland,G2-48c,1.8836677673355344,0.985709306,5.569056865464632,19.44,721,-0.03370930171824177,1.4800192766320546,TRUE,47.44065202971936,2.141172071480484,Thesis,NA,NA,NA
M12,CorteMadera,T1,0.5,a,2026-06-10,2026-07-07,2026,1.376810335,0,0,0,0,0,0,0,0,0,0,OK,July,Scarped,East.facing,"Growth
(Months 10-12)",Edge,C1-0.5a,1.6593345186690371,0.772363636,5.652819722650231,19.44,649,0.09733852868754048,1.7492440342280613,FALSE,72.28575074664536,2.3204339675954957,Thesis,NA,NA,NA
M12,CorteMadera,T1,0.5,b,2026-06-10,2026-07-07,2026,1.058180247,0,0,0,0,0,0,0,0,0,0,OK,July,Scarped,East.facing,"Growth
(Months 10-12)",Edge,C1-0.5b,1.6684785369570738,0.783272727,5.652819722650231,19.44,649,0.09733852868754048,1.7492440342280613,FALSE,72.28575074664536,2.3204339675954957,Thesis,NA,NA,NA
M12,CorteMadera,T1,0.5,c,2026-06-10,2026-07-07,2026,1.815137749,0,0,0,0,0,0,0,0,0,0,OK,July,Scarped,East.facing,"Growth
(Months 10-12)",Edge,C1-0.5c,1.6614681229362456,0.774909091,5.652819722650231,19.44,649,0.09733852868754048,1.7492440342280613,FALSE,72.28575074664536,2.3204339675954957,Thesis,NA,NA,NA
M12,CorteMadera,T1,2,a,2026-06-10,2026-07-07,2026,5.035671138,0,0,0,0,0,1,0,0,0,0,Review,July,Scarped,East.facing,"Growth
(Months 10-12)",Edge,C1-2a,1.6462280924561847,0.756727273,5.652819722650231,19.44,649,0.01775399109541334,1.8293271071500128,FALSE,72.28575074664536,2.3204339675954957,Thesis,NA,NA,NA
M12,CorteMadera,T1,2,b,2026-06-10,2026-07-07,2026,3.004018626,0,0,0,0,0,0,0,0,0,0,OK,July,Scarped,East.facing,"Growth
(Months 10-12)",Edge,C1-2b,1.6480568961137922,0.758909091,5.652819722650231,19.44,649,0.01775399109541334,1.8293271071500128,FALSE,72.28575074664536,2.3204339675954957,Thesis,NA,NA,NA
M12,CorteMadera,T1,2,c,2026-06-10,2026-07-07,2026,2.236348911,0,0,0,0,0,0,0,0,0,0,OK,July,Scarped,East.facing,"Growth
(Months 10-12)",Edge,C1-2c,1.6462280924561847,0.756727273,5.652819722650231,19.44,649,0.01775399109541334,1.8293271071500128,FALSE,72.28575074664536,2.3204339675954957,Thesis,NA,NA,NA
M12,CorteMadera,T1,6,a,2026-06-10,2026-07-07,2026,12.01502657,0,0,0,0,0,0,0,0,0,0,OK,July,Scarped,East.facing,"Growth
(Months 10-12)",Edge,C1-6a,1.664516129032258,0.778545455,5.652819722650231,19.44,649,-0.02515538212948231,1.757631476156524,FALSE,72.28575074664536,2.3204339675954957,Thesis,NA,NA,NA
M12,CorteMadera,T1,6,b,2026-06-10,2026-07-07,2026,12.8995409,0,0,0,0,0,0,0,0,0,0,OK,July,Scarped,East.facing,"Growth
(Months 10-12)",Edge,C1-6b,1.6620777241554483,0.775636364,5.652819722650231,19.44,649,-0.02515538212948231,1.757631476156524,FALSE,72.28575074664536,2.3204339675954957,Thesis,NA,NA,NA
M12,CorteMadera,T1,6,c,2026-06-10,2026-07-07,2026,15.34710669,0,0,0,0,0,0,0,0,0,0,OK,July,Scarped,East.facing,"Growth
(Months 10-12)",Edge,C1-6c,1.6529337058674116,0.764727273,5.652819722650231,19.44,649,-0.02515538212948231,1.757631476156524,FALSE,72.28575074664536,2.3204339675954957,Thesis,NA,NA,NA
M12,CorteMadera,T1,12,a,2026-06-10,2026-07-07,2026,NA,1,0,0,0,0,0,0,0,0,0,Review,July,Scarped,East.facing,"Growth
(Months 10-12)",Platform,C1-12a,1.6413512827025651,0.750909091,5.652819722650231,19.44,649,0.0032317156537537,1.713310428434306,FALSE,72.28575074664536,2.3204339675954957,Thesis,NA,NA,NA
M12,CorteMadera,T1,12,b,2026-06-10,2026-07-07,2026,6.059851755,0,0,0,0,0,0,0,0,0,0,OK,July,Scarped,East.facing,"Growth
(Months 10-12)",Platform,C1-12b,1.6447040894081788,0.754909091,5.652819722650231,19.44,649,0.0032317156537537,1.713310428434306,FALSE,72.28575074664536,2.3204339675954957,Thesis,NA,NA,NA
M12,CorteMadera,T1,12,c,2026-06-10,2026-07-07,2026,9.629347094,0,0,0,0,0,1,0,0,0,0,Review,July,Scarped,East.facing,"Growth
(Months 10-12)",Platform,C1-12c,1.659029718059436,0.772,5.652819722650231,19.44,649,0.0032317156537537,1.713310428434306,FALSE,72.28575074664536,2.3204339675954957,Thesis,NA,NA,NA
M12,CorteMadera,T1,18,a,2026-06-10,2026-07-07,2026,NA,1,0,0,0,0,0,0,0,0,0,Review,July,Scarped,East.facing,"Growth
(Months 10-12)",Platform,C1-18a,1.679756159512319,0.796727273,5.652819722650231,19.44,649,0.00523615127262157,1.741810125322371,FALSE,72.28575074664536,2.3204339675954957,Thesis,NA,NA,NA
M12,CorteMadera,T1,18,b,2026-06-10,2026-07-07,2026,7.25199287,0,0,0,0,0,0,0,0,0,0,OK,July,Scarped,East.facing,"Growth
(Months 10-12)",Platform,C1-18b,1.6696977393954786,0.784727273,5.652819722650231,19.44,649,0.00523615127262157,1.741810125322371,FALSE,72.28575074664536,2.3204339675954957,Thesis,NA,NA,NA
M12,CorteMadera,T1,18,c,2026-06-10,2026-07-07,2026,5.552186056,0,0,0,0,0,0,0,0,0,0,OK,July,Scarped,East.facing,"Growth
(Months 10-12)",Platform,C1-18c,1.671526543053086,0.786909091,5.652819722650231,19.44,649,0.00523615127262157,1.741810125322371,FALSE,72.28575074664536,2.3204339675954957,Thesis,NA,NA,NA
M12,CorteMadera,T1,24,a,2026-06-10,2026-07-07,2026,4.726647109,0,0,0,0,0,0,0,0,0,0,OK,July,Scarped,East.facing,"Growth
(Months 10-12)",Platform,C1-24a,1.7199898399796798,0.844727273,5.652819722650231,19.44,649,-0.0028494853327859,1.7550712477688033,FALSE,72.28575074664536,2.3204339675954957,Thesis,NA,NA,NA
M12,CorteMadera,T1,24,b,2026-06-10,2026-07-07,2026,7.515315343,0,0,0,0,0,0,0,0,0,0,OK,July,Scarped,East.facing,"Growth
(Months 10-12)",Platform,C1-24b,1.7184658369316737,0.842909091,5.652819722650231,19.44,649,-0.0028494853327859,1.7550712477688033,FALSE,72.28575074664536,2.3204339675954957,Thesis,NA,NA,NA
M12,CorteMadera,T1,24,c,2026-06-10,2026-07-07,2026,7.949043492,0,0,0,0,0,0,0,0,0,0,OK,July,Scarped,East.facing,"Growth
(Months 10-12)",Platform,C1-24c,1.7141986283972566,0.837818182,5.652819722650231,19.44,649,-0.0028494853327859,1.7550712477688033,FALSE,72.28575074664536,2.3204339675954957,Thesis,NA,NA,NA
M12,CorteMadera,T1,48,a,2026-06-10,2026-07-07,2026,4.081352773,0,0,0,0,0,0,0,0,0,0,OK,July,Scarped,East.facing,"Growth
(Months 10-12)",Upland,C1-48a,1.732486665,0.859636364,5.652819722650231,19.44,649,-0.00558516363104424,1.727272679455228,FALSE,72.28575074664536,2.3204339675954957,Thesis,NA,NA,NA
M12,CorteMadera,T1,48,b,2026-06-10,2026-07-07,2026,4.679024341,0,0,0,0,0,0,0,0,0,0,OK,July,Scarped,East.facing,"Growth
(Months 10-12)",Upland,C1-48b,1.7108458216916431,0.833818182,5.652819722650231,19.44,649,-0.00558516363104424,1.727272679455228,FALSE,72.28575074664536,2.3204339675954957,Thesis,NA,NA,NA
M12,CorteMadera,T1,48,c,2026-06-10,2026-07-07,2026,3.687271452,0,0,0,0,0,0,0,0,0,0,OK,July,Scarped,East.facing,"Growth
(Months 10-12)",Upland,C1-48c,1.7065786131572265,0.828727273,5.652819722650231,19.44,649,-0.00558516363104424,1.727272679455228,FALSE,72.28575074664536,2.3204339675954957,Thesis,NA,NA,NA
M12,CorteMadera,T2,0.5,a,2026-06-10,2026-07-07,2026,0.124820557,0,0,0,0,0,0,0,0,0,0,OK,July,Scarped,East.facing,"Growth
(Months 10-12)",Edge,C2-0.5a,1.621234442468885,0.726909091,5.652819722650231,19.44,649,0.16925078293661744,1.481725221967733,FALSE,68.92888177014264,1.9959970930436297,Thesis,NA,NA,NA
M12,CorteMadera,T2,0.5,b,2026-06-10,2026-07-07,2026,0.060721941,0,0,0,0,0,0,0,0,0,0,OK,July,Scarped,East.facing,"Growth
(Months 10-12)",Edge,C2-0.5b,1.6392176784353567,0.748363636,5.652819722650231,19.44,649,0.16925078293661744,1.481725221967733,FALSE,68.92888177014264,1.9959970930436297,Thesis,NA,NA,NA
M12,CorteMadera,T2,0.5,c,2026-06-10,2026-07-07,2026,0.255637624,0,0,0,0,0,0,0,0,0,0,OK,July,Scarped,East.facing,"Growth
(Months 10-12)",Edge,C2-0.5c,1.6495808991617982,0.760727273,5.652819722650231,19.44,649,0.16925078293661744,1.481725221967733,FALSE,68.92888177014264,1.9959970930436297,Thesis,NA,NA,NA
M12,CorteMadera,T2,2,a,2026-06-10,2026-07-07,2026,0.522918958,0,0,0,0,0,0,0,0,0,0,OK,July,Scarped,East.facing,"Growth
(Months 10-12)",Edge,C2-2a,1.656286512573025,0.768727273,5.652819722650231,19.44,649,0.09235576383065149,1.6757667363825983,FALSE,68.92888177014264,1.9959970930436297,Thesis,NA,NA,NA
M12,CorteMadera,T2,2,b,2026-06-10,2026-07-07,2026,0.889113596,0,0,0,0,0,0,0,0,0,0,OK,July,Scarped,East.facing,"Growth
(Months 10-12)",Edge,C2-2b,1.6544577089154178,0.766545455,5.652819722650231,19.44,649,0.09235576383065149,1.6757667363825983,FALSE,68.92888177014264,1.9959970930436297,Thesis,NA,NA,NA
M12,CorteMadera,T2,2,c,2026-06-10,2026-07-07,2026,0.553716567,0,0,0,0,0,0,0,0,0,0,OK,July,Scarped,East.facing,"Growth
(Months 10-12)",Edge,C2-2c,1.6556769113538228,0.768,5.652819722650231,19.44,649,0.09235576383065149,1.6757667363825983,FALSE,68.92888177014264,1.9959970930436297,Thesis,NA,NA,NA
M12,CorteMadera,T2,6,a,2026-06-10,2026-07-07,2026,2.978577122,0,0,0,0,0,0,0,0,0,0,OK,July,Scarped,East.facing,"Growth
(Months 10-12)",Edge,C2-6a,1.6623825247650494,0.776,5.652819722650231,19.44,649,-0.00332539341534895,1.8033913358538023,FALSE,68.92888177014264,1.9959970930436297,Thesis,NA,NA,NA
M12,CorteMadera,T2,6,b,2026-06-10,2026-07-07,2026,2.362275621,0,0,0,0,0,0,0,0,0,0,OK,July,Scarped,East.facing,"Growth
(Months 10-12)",Edge,C2-6b,1.6727457454914911,0.788363636,5.652819722650231,19.44,649,-0.00332539341534895,1.8033913358538023,FALSE,68.92888177014264,1.9959970930436297,Thesis,NA,NA,NA
M12,CorteMadera,T2,6,c,2026-06-10,2026-07-07,2026,4.182012635,0,0,0,0,0,0,0,0,0,0,OK,July,Scarped,East.facing,"Growth
(Months 10-12)",Edge,C2-6c,1.6675641351282702,0.782181818,5.652819722650231,19.44,649,-0.00332539341534895,1.8033913358538023,FALSE,68.92888177014264,1.9959970930436297,Thesis,NA,NA,NA
M12,CorteMadera,T2,12,a,2026-06-10,2026-07-07,2026,4.688979712,0,0,0,0,0,0,0,0,0,0,OK,July,Scarped,East.facing,"Growth
(Months 10-12)",Platform,C2-12a,1.664820929641859,0.778909091,5.652819722650231,19.44,649,-0.0058473496992098,1.752402790171007,FALSE,68.92888177014264,1.9959970930436297,Thesis,NA,NA,NA
M12,CorteMadera,T2,12,b,2026-06-10,2026-07-07,2026,4.869340759,0,0,0,0,0,0,0,0,0,0,OK,July,Scarped,East.facing,"Growth
(Months 10-12)",Platform,C2-12b,1.6651257302514604,0.779272727,5.652819722650231,19.44,649,-0.0058473496992098,1.752402790171007,FALSE,68.92888177014264,1.9959970930436297,Thesis,NA,NA,NA
M12,CorteMadera,T2,12,c,2026-06-10,2026-07-07,2026,4.601477241,0,0,0,0,0,0,0,0,0,0,OK,July,Scarped,East.facing,"Growth
(Months 10-12)",Platform,C2-12c,1.6657353314706629,0.78,5.652819722650231,19.44,649,-0.0058473496992098,1.752402790171007,FALSE,68.92888177014264,1.9959970930436297,Thesis,NA,NA,NA
M12,CorteMadera,T2,18,a,2026-06-10,2026-07-07,2026,3.969922481,0,0,0,0,0,1,0,0,0,0,Review,July,Scarped,East.facing,"Growth
(Months 10-12)",Platform,C2-18a,1.6623825247650494,0.776,5.652819722650231,19.44,649,5.42879874173271e-4,1.7467200155303768,FALSE,68.92888177014264,1.9959970930436297,Thesis,NA,NA,NA
M12,CorteMadera,T2,18,b,2026-06-10,2026-07-07,2026,4.192841284,0,0,0,0,0,0,0,0,0,0,OK,July,Scarped,East.facing,"Growth
(Months 10-12)",Platform,C2-18b,1.6672593345186688,0.781818182,5.652819722650231,19.44,649,5.42879874173271e-4,1.7467200155303768,FALSE,68.92888177014264,1.9959970930436297,Thesis,NA,NA,NA
M12,CorteMadera,T2,18,c,2026-06-10,2026-07-07,2026,6.36371374,1,0,0,0,0,0,0,0,0,0,Review,July,Scarped,East.facing,"Growth
(Months 10-12)",Platform,C2-18c,1.6773177546355091,0.793818182,5.652819722650231,19.44,649,5.42879874173271e-4,1.7467200155303768,FALSE,68.92888177014264,1.9959970930436297,Thesis,NA,NA,NA
M12,CorteMadera,T2,24,a,2026-06-10,2026-07-07,2026,8.852595287,0,0,0,0,0,0,0,0,0,0,OK,July,Scarped,East.facing,"Growth
(Months 10-12)",Platform,C2-24a,1.6794513589027176,0.796363636,5.652819722650231,19.44,649,6.099121469114189e-4,1.74610186223484,FALSE,68.92888177014264,1.9959970930436297,Thesis,NA,NA,NA
M12,CorteMadera,T2,24,b,2026-06-10,2026-07-07,2026,9.503071073,0,0,0,0,0,0,0,0,0,0,OK,July,Scarped,East.facing,"Growth
(Months 10-12)",Platform,C2-24b,1.6843281686563372,0.802181818,5.652819722650231,19.44,649,6.099121469114189e-4,1.74610186223484,FALSE,68.92888177014264,1.9959970930436297,Thesis,NA,NA,NA
M12,CorteMadera,T2,24,c,2026-06-10,2026-07-07,2026,8.314423071,0,0,0,0,0,0,0,0,0,0,OK,July,Scarped,East.facing,"Growth
(Months 10-12)",Platform,C2-24c,1.6751841503683007,0.791272727,5.652819722650231,19.44,649,6.099121469114189e-4,1.74610186223484,FALSE,68.92888177014264,1.9959970930436297,Thesis,NA,NA,NA
M12,CorteMadera,T2,48,a,2026-06-10,2026-07-07,2026,6.033653411,0,0,0,0,0,0,0,0,0,0,OK,July,Scarped,East.facing,"Growth
(Months 10-12)",Upland,C2-48a,1.6794513589027176,0.796363636,5.652819722650231,19.44,649,-0.00378424848987517,1.7284424717637423,FALSE,68.92888177014264,1.9959970930436297,Thesis,NA,NA,NA
M12,CorteMadera,T2,48,b,2026-06-10,2026-07-07,2026,5.973047907,0,0,0,0,0,0,0,0,0,0,OK,July,Scarped,East.facing,"Growth
(Months 10-12)",Upland,C2-48b,1.6821945643891287,0.799636364,5.652819722650231,19.44,649,-0.00378424848987517,1.7284424717637423,FALSE,68.92888177014264,1.9959970930436297,Thesis,NA,NA,NA
M12,CorteMadera,T2,48,c,2026-06-10,2026-07-07,2026,4.690668049,0,0,0,0,0,0,0,0,0,0,OK,July,Scarped,East.facing,"Growth
(Months 10-12)",Upland,C2-48c,1.673050546101092,0.788727273,5.652819722650231,19.44,649,-0.00378424848987517,1.7284424717637423,FALSE,68.92888177014264,1.9959970930436297,Thesis,NA,NA,NA
M12,SanPablo,T1,0.5,a,2026-06-12,2026-07-06,2026,2.919085048,0,0,0,0,0,0,0,0,0,0,OK,July,Ramped,South.facing,"Growth
(Months 10-12)",Edge,S1-0.5a,1.706273812547625,0.771628722,11.698229166666668,25.08,576,0.01994320045890097,1.8226043860308456,FALSE,25.333978068263427,1.1905148622217414,Thesis,NA,NA,NA
M12,SanPablo,T1,0.5,b,2026-06-12,2026-07-06,2026,0.563591888,0,0,0,0,0,0,0,0,0,0,OK,July,Ramped,South.facing,"Growth
(Months 10-12)",Edge,S1-0.5b,1.722733045466091,0.790542907,11.698229166666668,25.08,576,0.01994320045890097,1.8226043860308456,FALSE,25.333978068263427,1.1905148622217414,Thesis,NA,NA,NA
M12,SanPablo,T1,0.5,c,2026-06-12,2026-07-06,2026,1.755747557,0,0,0,0,0,0,0,0,0,0,OK,July,Ramped,South.facing,"Growth
(Months 10-12)",Edge,S1-0.5c,1.723037846075692,0.79089317,11.698229166666668,25.08,576,0.01994320045890097,1.8226043860308456,FALSE,25.333978068263427,1.1905148622217414,Thesis,NA,NA,NA
M12,SanPablo,T1,2,a,2026-06-12,2026-07-06,2026,2.17413512,0,0,0,0,0,0,0,0,0,0,OK,July,Ramped,South.facing,"Growth
(Months 10-12)",Edge,S1-2a,1.6913385826771654,0.754465849,11.698229166666668,25.08,576,0.3776886912580827,1.8192972125194615,FALSE,25.333978068263427,1.1905148622217414,Thesis,NA,NA,NA
M12,SanPablo,T1,2,b,2026-06-12,2026-07-06,2026,4.416909903,0,0,0,0,0,0,0,0,0,0,OK,July,Ramped,South.facing,"Growth
(Months 10-12)",Edge,S1-2b,1.7202946405892812,0.787740806,11.698229166666668,25.08,576,0.3776886912580827,1.8192972125194615,FALSE,25.333978068263427,1.1905148622217414,Thesis,NA,NA,NA
M12,SanPablo,T1,2,c,2026-06-12,2026-07-06,2026,1.256538102,0,0,0,0,0,0,0,0,0,0,OK,July,Ramped,South.facing,"Growth
(Months 10-12)",Edge,S1-2c,1.7550419100838202,0.827670753,11.698229166666668,25.08,576,0.3776886912580827,1.8192972125194615,FALSE,25.333978068263427,1.1905148622217414,Thesis,NA,NA,NA
M12,SanPablo,T1,6,a,2026-06-12,2026-07-06,2026,2.687251531,1,0,0,0,0,0,0,0,0,0,Review,July,Ramped,South.facing,"Growth
(Months 10-12)",Edge,S1-6a,1.8266700533401063,0.909982487,11.698229166666668,25.08,576,-0.0114628633903121,1.8447290956966944,FALSE,25.333978068263427,1.1905148622217414,Thesis,NA,NA,NA
M12,SanPablo,T1,6,b,2026-06-12,2026-07-06,2026,NA,1,0,0,0,0,0,0,0,0,0,Review,July,Ramped,South.facing,"Growth
(Months 10-12)",Edge,S1-6b,1.8254508509017016,0.908581436,11.698229166666668,25.08,576,-0.0114628633903121,1.8447290956966944,FALSE,25.333978068263427,1.1905148622217414,Thesis,NA,NA,NA
M12,SanPablo,T1,6,c,2026-06-12,2026-07-06,2026,1.113167661,0,0,0,0,0,0,0,0,0,0,OK,July,Ramped,South.facing,"Growth
(Months 10-12)",Edge,S1-6c,1.83002286004572,0.913835377,11.698229166666668,25.08,576,-0.0114628633903121,1.8447290956966944,FALSE,25.333978068263427,1.1905148622217414,Thesis,NA,NA,NA
M12,SanPablo,T1,12,a,2026-06-12,2026-07-06,2026,2.781412747,0,0,0,0,0,0,0,0,0,0,OK,July,Ramped,South.facing,"Growth
(Months 10-12)",Platform,S1-12a,1.877266954533909,0.968126095,11.698229166666668,25.08,576,0.05459195462793114,1.939426772189594,FALSE,25.333978068263427,1.1905148622217414,Thesis,NA,NA,NA
M12,SanPablo,T1,12,b,2026-06-12,2026-07-06,2026,2.011574392,0,0,0,0,0,0,0,0,0,0,OK,July,Ramped,South.facing,"Growth
(Months 10-12)",Platform,S1-12b,1.889763779527559,0.982486865,11.698229166666668,25.08,576,0.05459195462793114,1.939426772189594,FALSE,25.333978068263427,1.1905148622217414,Thesis,NA,NA,NA
M12,SanPablo,T1,12,c,2026-06-12,2026-07-06,2026,3.693180634,0,0,0,0,0,0,0,0,0,0,OK,July,Ramped,South.facing,"Growth
(Months 10-12)",Platform,S1-12c,1.8851917703835408,0.977232925,11.698229166666668,25.08,576,0.05459195462793114,1.939426772189594,FALSE,25.333978068263427,1.1905148622217414,Thesis,NA,NA,NA
M12,SanPablo,T1,18,a,2026-06-12,2026-07-06,2026,4.19461695,0,0,0,0,0,0,0,0,0,0,OK,July,Ramped,South.facing,"Growth
(Months 10-12)",Platform,S1-18a,1.9778511557023113,1.083712785,11.698229166666668,25.08,576,0.02400136488500243,2.068566284857941,FALSE,25.333978068263427,1.1905148622217414,Thesis,NA,NA,NA
M12,SanPablo,T1,18,b,2026-06-12,2026-07-06,2026,1.790853339,0,0,0,0,0,0,0,0,0,0,OK,July,Ramped,South.facing,"Growth
(Months 10-12)",Platform,S1-18b,1.9882143764287528,1.095621716,11.698229166666668,25.08,576,0.02400136488500243,2.068566284857941,FALSE,25.333978068263427,1.1905148622217414,Thesis,NA,NA,NA
M12,SanPablo,T1,18,c,2026-06-12,2026-07-06,2026,4.540173114,0,0,0,0,0,0,0,0,0,0,OK,July,Ramped,South.facing,"Growth
(Months 10-12)",Platform,S1-18c,1.9918719837439671,1.099824869,11.698229166666668,25.08,576,0.02400136488500243,2.068566284857941,FALSE,25.333978068263427,1.1905148622217414,Thesis,NA,NA,NA
M12,SanPablo,T1,24,a,2026-06-12,2026-07-06,2026,5.696240565,0,0,0,0,0,0,0,0,0,0,OK,July,Ramped,South.facing,"Growth
(Months 10-12)",Platform,S1-24a,1.9751079502159004,1.08056042,11.698229166666668,25.08,576,0.01741473153111573,2.037429934956382,FALSE,25.333978068263427,1.1905148622217414,Thesis,NA,NA,NA
M12,SanPablo,T1,24,b,2026-06-12,2026-07-06,2026,5.46969038,0,0,0,0,0,0,0,0,0,0,OK,July,Ramped,South.facing,"Growth
(Months 10-12)",Platform,S1-24b,1.984861569723139,1.091768827,11.698229166666668,25.08,576,0.01741473153111573,2.037429934956382,FALSE,25.333978068263427,1.1905148622217414,Thesis,NA,NA,NA
M12,SanPablo,T1,24,c,2026-06-12,2026-07-06,2026,5.025693935,0,0,0,0,0,0,0,0,0,0,OK,July,Ramped,South.facing,"Growth
(Months 10-12)",Platform,S1-24c,1.9751079502159004,1.08056042,11.698229166666668,25.08,576,0.01741473153111573,2.037429934956382,FALSE,25.333978068263427,1.1905148622217414,Thesis,NA,NA,NA
M12,SanPablo,T1,48,a,2026-06-12,2026-07-06,2026,3.243093075,0,0,0,0,0,0,0,0,0,0,OK,July,Ramped,South.facing,"Growth
(Months 10-12)",Upland,S1-48a,2.013208026416053,1.124343257,11.698229166666668,25.08,576,-0.00126515639596243,2.068042486947528,FALSE,25.333978068263427,1.1905148622217414,Thesis,NA,NA,NA
M12,SanPablo,T1,48,b,2026-06-12,2026-07-06,2026,5.289511265,0,0,0,0,0,1,0,0,0,0,Review,July,Ramped,South.facing,"Growth
(Months 10-12)",Upland,S1-48b,2.0159512319024637,1.127495622,11.698229166666668,25.08,576,-0.00126515639596243,2.068042486947528,FALSE,25.333978068263427,1.1905148622217414,Thesis,NA,NA,NA
M12,SanPablo,T1,48,c,2026-06-12,2026-07-06,2026,2.565014421,0,0,0,0,0,0,0,0,0,0,OK,July,Ramped,South.facing,"Growth
(Months 10-12)",Upland,S1-48c,2.0144272288544576,1.125744308,11.698229166666668,25.08,576,-0.00126515639596243,2.068042486947528,FALSE,25.333978068263427,1.1905148622217414,Thesis,NA,NA,NA
M12,SanPablo,T2,0.5,b,2026-06-12,2026-07-06,2026,0.919889374,0,0,0,0,0,0,0,0,0,0,OK,July,Ramped,South.facing,"Growth
(Months 10-12)",Edge,S2-0.5b,1.7297434594869188,0.798598949,11.698229166666668,25.08,576,0.01304185246874274,1.9776110105035407,FALSE,35.97380842326667,1.4533466871480498,Thesis,NA,NA,NA
M12,SanPablo,T2,0.5,c,2026-06-12,2026-07-06,2026,0.78385447,0,0,0,0,0,0,0,0,0,0,OK,July,Ramped,South.facing,"Growth
(Months 10-12)",Edge,S2-0.5c,1.721818643637287,0.789492119,11.698229166666668,25.08,576,0.01304185246874274,1.9776110105035407,FALSE,35.97380842326667,1.4533466871480498,Thesis,NA,NA,NA
M12,SanPablo,T2,2,a,2026-06-12,2026-07-06,2026,3.607774031,0,0,0,0,0,0,0,0,0,0,OK,July,Ramped,South.facing,"Growth
(Months 10-12)",Edge,S2-2a,1.7401066802133602,0.810507881,11.698229166666668,25.08,576,0.01154246712137735,1.9960940502981117,FALSE,35.97380842326667,1.4533466871480498,Thesis,NA,NA,NA
M12,SanPablo,T2,2,b,2026-06-12,2026-07-06,2026,0.725694145,0,0,0,0,0,0,0,0,0,0,OK,July,Ramped,South.facing,"Growth
(Months 10-12)",Edge,S2-2b,1.751993903987808,0.824168126,11.698229166666668,25.08,576,0.01154246712137735,1.9960940502981117,FALSE,35.97380842326667,1.4533466871480498,Thesis,NA,NA,NA
M12,SanPablo,T2,2,c,2026-06-12,2026-07-06,2026,1.134322824,0,0,0,0,0,0,0,0,0,0,OK,July,Ramped,South.facing,"Growth
(Months 10-12)",Edge,S2-2c,1.750469900939802,0.822416813,11.698229166666668,25.08,576,0.01154246712137735,1.9960940502981117,FALSE,35.97380842326667,1.4533466871480498,Thesis,NA,NA,NA
M12,SanPablo,T2,6,a,2026-06-12,2026-07-06,2026,1.517146134,1,0,0,0,0,0,0,0,0,0,Review,July,Ramped,South.facing,"Growth
(Months 10-12)",Edge,S2-6a,1.8239268478536956,0.906830123,11.698229166666668,25.08,576,0.00730802606089925,2.0337458535335737,FALSE,35.97380842326667,1.4533466871480498,Thesis,NA,NA,NA
M12,SanPablo,T2,6,b,2026-06-12,2026-07-06,2026,5.869804597,1,0,0,0,0,0,0,0,0,0,Review,July,Ramped,South.facing,"Growth
(Months 10-12)",Edge,S2-6b,1.8135636271272544,0.894921191,11.698229166666668,25.08,576,0.00730802606089925,2.0337458535335737,FALSE,35.97380842326667,1.4533466871480498,Thesis,NA,NA,NA
M12,SanPablo,T2,6,c,2026-06-12,2026-07-06,2026,8.066863269,0,0,0,0,1,0,0,0,0,0,Review,July,Ramped,South.facing,"Growth
(Months 10-12)",Edge,S2-6c,1.8083820167640337,0.888966725,11.698229166666668,25.08,576,0.00730802606089925,2.0337458535335737,FALSE,35.97380842326667,1.4533466871480498,Thesis,NA,NA,NA
M12,SanPablo,T2,12,a,2026-06-12,2026-07-06,2026,4.295480576,1,0,0,0,0,0,0,0,0,0,Review,July,Ramped,South.facing,"Growth
(Months 10-12)",Platform,S2-12a,1.899517399034798,0.993695271,11.698229166666668,25.08,576,7.536119889995986e-4,2.059116795755984,FALSE,35.97380842326667,1.4533466871480498,Thesis,NA,NA,NA
M12,SanPablo,T2,12,b,2026-06-12,2026-07-06,2026,2.384704315,1,0,0,0,1,0,0,0,0,0,Review,July,Ramped,South.facing,"Growth
(Months 10-12)",Platform,S2-12b,1.8912877825755652,0.984238179,11.698229166666668,25.08,576,7.536119889995986e-4,2.059116795755984,FALSE,35.97380842326667,1.4533466871480498,Thesis,NA,NA,NA
M12,SanPablo,T2,12,c,2026-06-12,2026-07-06,2026,16.84236993,1,0,0,0,0,0,0,0,0,0,Review,July,Ramped,South.facing,"Growth
(Months 10-12)",Platform,S2-12c,1.8836677673355344,0.975481611,11.698229166666668,25.08,576,7.536119889995986e-4,2.059116795755984,FALSE,35.97380842326667,1.4533466871480498,Thesis,NA,NA,NA
M12,SanPablo,T2,18,a,2026-06-12,2026-07-06,2026,1.771859539,0,0,0,0,0,0,0,0,0,0,OK,July,Ramped,South.facing,"Growth
(Months 10-12)",Platform,S2-18a,1.9677927355854712,1.072154116,11.698229166666668,25.08,576,-0.00193388038167319,2.053170271773423,FALSE,35.97380842326667,1.4533466871480498,Thesis,NA,NA,NA
M12,SanPablo,T2,18,b,2026-06-12,2026-07-06,2026,1.9718839,0,0,0,0,0,0,0,0,0,0,OK,July,Ramped,South.facing,"Growth
(Months 10-12)",Platform,S2-18b,1.9677927355854712,1.072154116,11.698229166666668,25.08,576,-0.00193388038167319,2.053170271773423,FALSE,35.97380842326667,1.4533466871480498,Thesis,NA,NA,NA
M12,SanPablo,T2,18,c,2026-06-12,2026-07-06,2026,8.33605126,0,0,0,0,0,0,0,0,0,0,OK,July,Ramped,South.facing,"Growth
(Months 10-12)",Platform,S2-18c,1.9613919227838457,1.064798599,11.698229166666668,25.08,576,-0.00193388038167319,2.053170271773423,FALSE,35.97380842326667,1.4533466871480498,Thesis,NA,NA,NA
M12,SanPablo,T2,24,a,2026-06-12,2026-07-06,2026,10.69540868,0,0,0,0,0,0,0,0,0,0,OK,July,Ramped,South.facing,"Growth
(Months 10-12)",Platform,S2-24a,2.0001016002032004,1.109281961,11.698229166666668,25.08,576,-7.498068190482683e-4,2.04343186206419,FALSE,35.97380842326667,1.4533466871480498,Thesis,NA,NA,NA
M12,SanPablo,T2,24,b,2026-06-12,2026-07-06,2026,9.838395329,0,0,0,0,0,0,0,0,0,0,OK,July,Ramped,South.facing,"Growth
(Months 10-12)",Platform,S2-24b,1.9979679959359915,1.106830123,11.698229166666668,25.08,576,-7.498068190482683e-4,2.04343186206419,FALSE,35.97380842326667,1.4533466871480498,Thesis,NA,NA,NA
M12,SanPablo,T2,24,c,2026-06-12,2026-07-06,2026,6.171609527,0,0,0,0,0,0,0,0,0,0,OK,July,Ramped,South.facing,"Growth
(Months 10-12)",Platform,S2-24c,1.9915671831343664,1.099474606,11.698229166666668,25.08,576,-7.498068190482683e-4,2.04343186206419,FALSE,35.97380842326667,1.4533466871480498,Thesis,NA,NA,NA
M12,SanPablo,T2,48,a,2026-06-12,2026-07-06,2026,6.78196546,0,0,0,0,0,0,0,0,0,0,OK,July,Ramped,South.facing,"Growth
(Months 10-12)",Upland,S2-48a,2.0138176276352553,1.125043783,11.698229166666668,25.08,576,0.00473019341500792,2.0664739570769344,FALSE,35.97380842326667,1.4533466871480498,Thesis,NA,NA,NA
M12,SanPablo,T2,48,b,2026-06-12,2026-07-06,2026,5.586273013,0,0,0,0,0,0,0,0,0,0,OK,July,Ramped,South.facing,"Growth
(Months 10-12)",Upland,S2-48b,2.022961645923292,1.135551664,11.698229166666668,25.08,576,0.00473019341500792,2.0664739570769344,FALSE,35.97380842326667,1.4533466871480498,Thesis,NA,NA,NA
M12,SanPablo,T2,48,c,2026-06-12,2026-07-06,2026,7.058357995,0,0,0,0,0,0,0,0,0,0,OK,July,Ramped,South.facing,"Growth
(Months 10-12)",Upland,S2-48c,2.0205232410464817,1.132749562,11.698229166666668,25.08,576,0.00473019341500792,2.0664739570769344,FALSE,35.97380842326667,1.4533466871480498,Thesis,NA,NA,NA
M1,CorteMadera,A,0.5,a,2022-06-29,2022-07-27,2022,NA,NA,NA,NA,NA,NA,NA,NA,NA,NA,NA,NA,July,Scarped,East.facing,"Late_Dry
(Months 1-3)",Edge,NA,1.598,0.69919351,NA,NA,NA,NA,NA,NA,NA,NA,USGS,Summer,NA,Bay
M1,CorteMadera,A,0.5,b,2022-06-29,2022-07-27,2022,0.018375563,NA,NA,NA,NA,NA,NA,NA,NA,NA,NA,NA,July,Scarped,East.facing,"Late_Dry
(Months 1-3)",Edge,NA,1.598,0.69919351,NA,NA,NA,NA,NA,NA,NA,NA,USGS,Summer,NA,Bay
M1,CorteMadera,A,0.5,c,2022-06-29,2022-07-27,2022,0.200293638,NA,NA,NA,NA,NA,NA,NA,NA,NA,NA,NA,July,Scarped,East.facing,"Late_Dry
(Months 1-3)",Edge,NA,1.598,0.69919351,NA,NA,NA,NA,NA,NA,NA,NA,USGS,Summer,NA,Bay
M1,CorteMadera,A,2,a,2022-06-29,2022-07-27,2022,1.781029575,NA,NA,NA,NA,NA,NA,NA,NA,NA,NA,NA,July,Scarped,East.facing,"Late_Dry
(Months 1-3)",Edge,NA,1.684,0.801794321,NA,NA,NA,NA,NA,NA,NA,NA,USGS,Summer,5.718824464,Bay
M1,CorteMadera,A,2,b,2022-06-29,2022-07-27,2022,9.543654942,NA,NA,NA,NA,NA,NA,NA,NA,NA,NA,NA,July,Scarped,East.facing,"Late_Dry
(Months 1-3)",Edge,NA,1.684,0.801794321,NA,NA,NA,NA,NA,NA,NA,NA,USGS,Summer,NA,Bay
M1,CorteMadera,A,2,c,2022-06-29,2022-07-27,2022,19.3457928,NA,NA,NA,NA,NA,NA,NA,NA,NA,NA,NA,July,Scarped,East.facing,"Late_Dry
(Months 1-3)",Edge,NA,1.684,0.801794321,NA,NA,NA,NA,NA,NA,NA,NA,USGS,Summer,NA,Bay
M1,CorteMadera,A,6,a,2022-06-29,2022-07-27,2022,2.372897712,NA,NA,NA,NA,NA,NA,NA,NA,NA,NA,NA,July,Scarped,East.facing,"Late_Dry
(Months 1-3)",Edge,NA,1.691,0.81014555,NA,NA,NA,NA,NA,NA,NA,NA,USGS,Summer,NA,Bay
M1,CorteMadera,A,6,b,2022-06-29,2022-07-27,2022,3.799760184,NA,NA,NA,NA,NA,NA,NA,NA,NA,NA,NA,July,Scarped,East.facing,"Late_Dry
(Months 1-3)",Edge,NA,1.691,0.81014555,NA,NA,NA,NA,NA,NA,NA,NA,USGS,Summer,NA,Bay
M1,CorteMadera,A,6,c,2022-06-29,2022-07-27,2022,3.803129038,NA,NA,NA,NA,NA,NA,NA,NA,NA,NA,NA,July,Scarped,East.facing,"Late_Dry
(Months 1-3)",Edge,NA,1.691,0.81014555,NA,NA,NA,NA,NA,NA,NA,NA,USGS,Summer,7.646671061,Bay
M1,CorteMadera,A,12,a,2022-06-29,2022-07-27,2022,8.246952708,NA,NA,NA,NA,NA,NA,NA,NA,NA,NA,NA,July,Scarped,East.facing,"Late_Dry
(Months 1-3)",Platform,NA,1.705,0.826848008,NA,NA,NA,NA,NA,NA,NA,NA,USGS,Summer,NA,Bay
M1,CorteMadera,A,12,b,2022-06-29,2022-07-27,2022,9.255158602,NA,NA,NA,NA,NA,NA,NA,NA,NA,NA,NA,July,Scarped,East.facing,"Late_Dry
(Months 1-3)",Platform,NA,1.705,0.826848008,NA,NA,NA,NA,NA,NA,NA,NA,USGS,Summer,NA,Bay
M1,CorteMadera,A,12,c,2022-06-29,2022-07-27,2022,7.933343098,NA,NA,NA,NA,NA,NA,NA,NA,NA,NA,NA,July,Scarped,East.facing,"Late_Dry
(Months 1-3)",Platform,NA,1.705,0.826848008,NA,NA,NA,NA,NA,NA,NA,NA,USGS,Summer,11.58298945,Bay
M1,CorteMadera,A,24,a,2022-06-29,2022-07-27,2022,11.51290278,NA,NA,NA,NA,NA,NA,NA,NA,NA,NA,NA,July,Scarped,East.facing,"Late_Dry
(Months 1-3)",Platform,NA,1.664,0.777933667,NA,NA,NA,NA,NA,NA,NA,NA,USGS,Summer,10.91061453,Bay
M1,CorteMadera,A,24,b,2022-06-29,2022-07-27,2022,21.36220459,NA,NA,NA,NA,NA,NA,NA,NA,NA,NA,NA,July,Scarped,East.facing,"Late_Dry
(Months 1-3)",Platform,NA,1.664,0.777933667,NA,NA,NA,NA,NA,NA,NA,NA,USGS,Summer,NA,Bay
M1,CorteMadera,A,24,c,2022-06-29,2022-07-27,2022,12.25160042,NA,NA,NA,NA,NA,NA,NA,NA,NA,NA,NA,July,Scarped,East.facing,"Late_Dry
(Months 1-3)",Platform,NA,1.664,0.777933667,NA,NA,NA,NA,NA,NA,NA,NA,USGS,Summer,NA,Bay
M1,CorteMadera,A,48,a,2022-06-29,2022-07-27,2022,8.340120036,NA,NA,NA,NA,NA,NA,NA,NA,NA,NA,NA,July,Scarped,East.facing,"Late_Dry
(Months 1-3)",Upland,NA,1.724,0.849515629,NA,NA,NA,NA,NA,NA,NA,NA,USGS,Summer,9.66551745,Bay
M1,CorteMadera,A,48,b,2022-06-29,2022-07-27,2022,5.326463216,NA,NA,NA,NA,NA,NA,NA,NA,NA,NA,NA,July,Scarped,East.facing,"Late_Dry
(Months 1-3)",Upland,NA,1.724,0.849515629,NA,NA,NA,NA,NA,NA,NA,NA,USGS,Summer,NA,Bay
M1,CorteMadera,A,48,c,2022-06-29,2022-07-27,2022,9.551617686,NA,NA,NA,NA,NA,NA,NA,NA,NA,NA,NA,July,Scarped,East.facing,"Late_Dry
(Months 1-3)",Upland,NA,1.724,0.849515629,NA,NA,NA,NA,NA,NA,NA,NA,USGS,Summer,NA,Bay
M1,CorteMadera,B,0.5,a,2022-06-29,2022-07-27,2022,NA,NA,NA,NA,NA,NA,NA,NA,NA,NA,NA,NA,July,Scarped,East.facing,"Late_Dry
(Months 1-3)",Edge,NA,1.576,0.672946791,NA,NA,NA,NA,NA,NA,NA,NA,USGS,Summer,NA,Bay
M1,CorteMadera,B,0.5,b,2022-06-29,2022-07-27,2022,0.03981372,NA,NA,NA,NA,NA,NA,NA,NA,NA,NA,NA,July,Scarped,East.facing,"Late_Dry
(Months 1-3)",Edge,NA,1.576,0.672946791,NA,NA,NA,NA,NA,NA,NA,NA,USGS,Summer,NA,Bay
M1,CorteMadera,B,0.5,c,2022-06-29,2022-07-27,2022,0.010412819,NA,NA,NA,NA,NA,NA,NA,NA,NA,NA,NA,July,Scarped,East.facing,"Late_Dry
(Months 1-3)",Edge,NA,1.576,0.672946791,NA,NA,NA,NA,NA,NA,NA,NA,USGS,Summer,NA,Bay
M1,CorteMadera,B,2,a,2022-06-29,2022-07-27,2022,6.694830147,NA,NA,NA,NA,NA,NA,NA,NA,NA,NA,NA,July,Scarped,East.facing,"Late_Dry
(Months 1-3)",Edge,NA,1.605,0.707544739,NA,NA,NA,NA,NA,NA,NA,NA,USGS,Summer,NA,Bay
M1,CorteMadera,B,2,b,2022-06-29,2022-07-27,2022,16.31321238,NA,NA,NA,NA,NA,NA,NA,NA,NA,NA,NA,July,Scarped,East.facing,"Late_Dry
(Months 1-3)",Edge,NA,1.605,0.707544739,NA,NA,NA,NA,NA,NA,NA,NA,USGS,Summer,7.142857143,Bay
M1,CorteMadera,B,2,c,2022-06-29,2022-07-27,2022,6.701567853,NA,NA,NA,NA,NA,NA,NA,NA,NA,NA,NA,July,Scarped,East.facing,"Late_Dry
(Months 1-3)",Edge,NA,1.605,0.707544739,NA,NA,NA,NA,NA,NA,NA,NA,USGS,Summer,NA,Bay
M1,CorteMadera,B,6,a,2022-06-29,2022-07-27,2022,3.425817476,NA,NA,NA,NA,NA,NA,NA,NA,NA,NA,NA,July,Scarped,East.facing,"Late_Dry
(Months 1-3)",Edge,NA,1.672,0.787477929,NA,NA,NA,NA,NA,NA,NA,NA,USGS,Summer,8.774834437,Bay
M1,CorteMadera,B,6,b,2022-06-29,2022-07-27,2022,2.733058748,NA,NA,NA,NA,NA,NA,NA,NA,NA,NA,NA,July,Scarped,East.facing,"Late_Dry
(Months 1-3)",Edge,NA,1.672,0.787477929,NA,NA,NA,NA,NA,NA,NA,NA,USGS,Summer,NA,Bay
M1,CorteMadera,B,6,c,2022-06-29,2022-07-27,2022,2.371060155,NA,NA,NA,NA,NA,NA,NA,NA,NA,NA,NA,July,Scarped,East.facing,"Late_Dry
(Months 1-3)",Edge,NA,1.672,0.787477929,NA,NA,NA,NA,NA,NA,NA,NA,USGS,Summer,NA,Bay
M1,CorteMadera,B,12,a,2022-06-29,2022-07-27,2022,9.620219788,NA,NA,NA,NA,NA,NA,NA,NA,NA,NA,NA,July,Scarped,East.facing,"Late_Dry
(Months 1-3)",Platform,NA,1.664,0.777933667,NA,NA,NA,NA,NA,NA,NA,NA,USGS,Summer,NA,Bay
M1,CorteMadera,B,12,b,2022-06-29,2022-07-27,2022,10.23233855,NA,NA,NA,NA,NA,NA,NA,NA,NA,NA,NA,July,Scarped,East.facing,"Late_Dry
(Months 1-3)",Platform,NA,1.664,0.777933667,NA,NA,NA,NA,NA,NA,NA,NA,USGS,Summer,9.208375894,Bay
M1,CorteMadera,B,12,c,2022-06-29,2022-07-27,2022,10.22355078,NA,NA,NA,NA,NA,NA,NA,NA,NA,NA,NA,July,Scarped,East.facing,"Late_Dry
(Months 1-3)",Platform,NA,1.664,0.777933667,NA,NA,NA,NA,NA,NA,NA,NA,USGS,Summer,NA,Bay
M1,CorteMadera,B,24,a,2022-06-29,2022-07-27,2022,8.983200268,NA,NA,NA,NA,NA,NA,NA,NA,NA,NA,NA,July,Scarped,East.facing,"Late_Dry
(Months 1-3)",Platform,NA,1.642,0.751686948,NA,NA,NA,NA,NA,NA,NA,NA,USGS,Summer,NA,Bay
M1,CorteMadera,B,24,b,2022-06-29,2022-07-27,2022,23.06123494,NA,NA,NA,NA,NA,NA,NA,NA,NA,NA,NA,July,Scarped,East.facing,"Late_Dry
(Months 1-3)",Platform,NA,1.642,0.751686948,NA,NA,NA,NA,NA,NA,NA,NA,USGS,Summer,11.39299611,Bay
M1,CorteMadera,B,24,c,2022-06-29,2022-07-27,2022,13.09381373,NA,NA,NA,NA,NA,NA,NA,NA,NA,NA,NA,July,Scarped,East.facing,"Late_Dry
(Months 1-3)",Platform,NA,1.642,0.751686948,NA,NA,NA,NA,NA,NA,NA,NA,USGS,Summer,NA,Bay
M1,CorteMadera,B,48,a,2022-06-29,2022-07-27,2022,10.0446953,NA,NA,NA,NA,NA,NA,NA,NA,NA,NA,NA,July,Scarped,East.facing,"Late_Dry
(Months 1-3)",Upland,NA,1.692,0.811338583,NA,NA,NA,NA,NA,NA,NA,NA,USGS,Summer,NA,Bay
M1,CorteMadera,B,48,b,2022-06-29,2022-07-27,2022,9.076303121,NA,NA,NA,NA,NA,NA,NA,NA,NA,NA,NA,July,Scarped,East.facing,"Late_Dry
(Months 1-3)",Upland,NA,1.692,0.811338583,NA,NA,NA,NA,NA,NA,NA,NA,USGS,Summer,NA,Bay
M1,CorteMadera,B,48,c,2022-06-29,2022-07-27,2022,10.90834676,NA,NA,NA,NA,NA,NA,NA,NA,NA,NA,NA,July,Scarped,East.facing,"Late_Dry
(Months 1-3)",Upland,NA,1.692,0.811338583,NA,NA,NA,NA,NA,NA,NA,NA,USGS,Summer,9.142402397,Bay
M1,SanPablo,A,0.5,a,2022-06-30,2022-07-28,2022,NA,NA,NA,NA,NA,NA,NA,NA,NA,NA,NA,NA,July,Ramped,South.facing,"Late_Dry
(Months 1-3)",Intertidal,NA,0.735,-0.344512321,NA,NA,NA,NA,NA,NA,NA,NA,USGS,Summer,NA,Bay
M1,SanPablo,A,0.5,b,2022-06-30,2022-07-28,2022,13.25735624,NA,NA,NA,NA,NA,NA,NA,NA,NA,NA,NA,July,Ramped,South.facing,"Late_Dry
(Months 1-3)",Intertidal,NA,0.735,-0.344512321,NA,NA,NA,NA,NA,NA,NA,NA,USGS,Summer,NA,Bay
M1,SanPablo,A,0.5,c,2022-06-30,2022-07-28,2022,11.35548546,NA,NA,NA,NA,NA,NA,NA,NA,NA,NA,NA,July,Ramped,South.facing,"Late_Dry
(Months 1-3)",Intertidal,NA,0.735,-0.344512321,NA,NA,NA,NA,NA,NA,NA,NA,USGS,Summer,NA,Bay
M1,SanPablo,A,2,a,2022-06-30,2022-07-28,2022,38.05701616,NA,NA,NA,NA,NA,NA,NA,NA,NA,NA,NA,July,Ramped,South.facing,"Late_Dry
(Months 1-3)",Intertidal,NA,0.751,-0.326125828,NA,NA,NA,NA,NA,NA,NA,NA,USGS,Summer,NA,Bay
M1,SanPablo,A,2,b,2022-06-30,2022-07-28,2022,17.20136459,NA,NA,NA,NA,NA,NA,NA,NA,NA,NA,NA,July,Ramped,South.facing,"Late_Dry
(Months 1-3)",Intertidal,NA,0.751,-0.326125828,NA,NA,NA,NA,NA,NA,NA,NA,USGS,Summer,NA,Bay
M1,SanPablo,A,2,c,2022-06-30,2022-07-28,2022,7.002314569,NA,NA,NA,NA,NA,NA,NA,NA,NA,NA,NA,July,Ramped,South.facing,"Late_Dry
(Months 1-3)",Intertidal,NA,0.751,-0.326125828,NA,NA,NA,NA,NA,NA,NA,NA,USGS,Summer,NA,Bay
M1,SanPablo,A,6,a,2022-06-30,2022-07-28,2022,4.152264736,NA,NA,NA,NA,NA,NA,NA,NA,NA,NA,NA,July,Ramped,South.facing,"Late_Dry
(Months 1-3)",Intertidal,NA,0.889,-0.167542323,NA,NA,NA,NA,NA,NA,NA,NA,USGS,Summer,NA,Bay
M1,SanPablo,A,6,b,2022-06-30,2022-07-28,2022,3.398254131,NA,NA,NA,NA,NA,NA,NA,NA,NA,NA,NA,July,Ramped,South.facing,"Late_Dry
(Months 1-3)",Intertidal,NA,0.889,-0.167542323,NA,NA,NA,NA,NA,NA,NA,NA,USGS,Summer,NA,Bay
M1,SanPablo,A,6,c,2022-06-30,2022-07-28,2022,4.041398839,NA,NA,NA,NA,NA,NA,NA,NA,NA,NA,NA,July,Ramped,South.facing,"Late_Dry
(Months 1-3)",Intertidal,NA,0.889,-0.167542323,NA,NA,NA,NA,NA,NA,NA,NA,USGS,Summer,NA,Bay
M1,SanPablo,A,12,a,2022-06-30,2022-07-28,2022,0.367511261,NA,NA,NA,NA,NA,NA,NA,NA,NA,NA,NA,July,Ramped,South.facing,"Late_Dry
(Months 1-3)",Intertidal,NA,1.069,0.039305726,NA,NA,NA,NA,NA,NA,NA,NA,USGS,Summer,NA,Bay
M1,SanPablo,A,12,b,2022-06-30,2022-07-28,2022,0.934091123,NA,NA,NA,NA,NA,NA,NA,NA,NA,NA,NA,July,Ramped,South.facing,"Late_Dry
(Months 1-3)",Intertidal,NA,1.069,0.039305726,NA,NA,NA,NA,NA,NA,NA,NA,USGS,Summer,NA,Bay
M1,SanPablo,A,12,c,2022-06-30,2022-07-28,2022,3.232874064,NA,NA,NA,NA,NA,NA,NA,NA,NA,NA,NA,July,Ramped,South.facing,"Late_Dry
(Months 1-3)",Intertidal,NA,1.069,0.039305726,NA,NA,NA,NA,NA,NA,NA,NA,USGS,Summer,NA,Bay
M1,SanPablo,A,24,a,2022-06-30,2022-07-28,2022,0.274408409,NA,NA,NA,NA,NA,NA,NA,NA,NA,NA,NA,July,Ramped,South.facing,"Late_Dry
(Months 1-3)",Edge,NA,1.713,0.779362081,NA,NA,NA,NA,NA,NA,NA,NA,USGS,Summer,NA,Bay
M1,SanPablo,A,24,b,2022-06-30,2022-07-28,2022,0.290946415,NA,NA,NA,NA,NA,NA,NA,NA,NA,NA,NA,July,Ramped,South.facing,"Late_Dry
(Months 1-3)",Edge,NA,1.713,0.779362081,NA,NA,NA,NA,NA,NA,NA,NA,USGS,Summer,NA,Bay
M1,SanPablo,A,24,c,2022-06-30,2022-07-28,2022,1.254438439,NA,NA,NA,NA,NA,NA,NA,NA,NA,NA,NA,July,Ramped,South.facing,"Late_Dry
(Months 1-3)",Edge,NA,1.713,0.779362081,NA,NA,NA,NA,NA,NA,NA,NA,USGS,Summer,NA,Bay
M1,SanPablo,A,48,a,2022-06-30,2022-07-28,2022,13.44172439,NA,NA,NA,NA,NA,NA,NA,NA,NA,NA,NA,July,Ramped,South.facing,"Late_Dry
(Months 1-3)",Platform,NA,2.01,1.120661362,NA,NA,NA,NA,NA,NA,NA,NA,USGS,Summer,NA,Bay
M1,SanPablo,A,48,b,2022-06-30,2022-07-28,2022,3.35415278,NA,NA,NA,NA,NA,NA,NA,NA,NA,NA,NA,July,Ramped,South.facing,"Late_Dry
(Months 1-3)",Platform,NA,2.01,1.120661362,NA,NA,NA,NA,NA,NA,NA,NA,USGS,Summer,10.65820247,Bay
M1,SanPablo,A,48,c,2022-06-30,2022-07-28,2022,8.438058564,NA,NA,NA,NA,NA,NA,NA,NA,NA,NA,NA,July,Ramped,South.facing,"Late_Dry
(Months 1-3)",Platform,NA,2.01,1.120661362,NA,NA,NA,NA,NA,NA,NA,NA,USGS,Summer,9.458062611,Bay
M1,SanPablo,A,72,a,2022-06-30,2022-07-28,2022,5.701937222,NA,NA,NA,NA,NA,NA,NA,NA,NA,NA,NA,July,Ramped,South.facing,"Late_Dry
(Months 1-3)",Upland,NA,2.04,1.155136037,NA,NA,NA,NA,NA,NA,NA,NA,USGS,Summer,NA,Bay
M1,SanPablo,A,72,b,2022-06-30,2022-07-28,2022,7.290810909,NA,NA,NA,NA,NA,NA,NA,NA,NA,NA,NA,July,Ramped,South.facing,"Late_Dry
(Months 1-3)",Upland,NA,2.04,1.155136037,NA,NA,NA,NA,NA,NA,NA,NA,USGS,Summer,NA,Bay
M1,SanPablo,A,72,c,2022-06-30,2022-07-28,2022,6.433897151,NA,NA,NA,NA,NA,NA,NA,NA,NA,NA,NA,July,Ramped,South.facing,"Late_Dry
(Months 1-3)",Upland,NA,2.04,1.155136037,NA,NA,NA,NA,NA,NA,NA,NA,USGS,Summer,NA,Bay
M1,SanPablo,A,150,a,2022-06-30,2022-07-28,2022,11.39223659,NA,NA,NA,NA,NA,NA,NA,NA,NA,NA,NA,July,Ramped,South.facing,"Late_Dry
(Months 1-3)",Upland,NA,1.974,1.079291752,NA,NA,NA,NA,NA,NA,NA,NA,USGS,Summer,NA,Bay
M1,SanPablo,A,150,b,2022-06-30,2022-07-28,2022,11.44430068,NA,NA,NA,NA,NA,NA,NA,NA,NA,NA,NA,July,Ramped,South.facing,"Late_Dry
(Months 1-3)",Upland,NA,1.974,1.079291752,NA,NA,NA,NA,NA,NA,NA,NA,USGS,Summer,16.95552976,Bay
M1,SanPablo,A,150,c,2022-06-30,2022-07-28,2022,13.38169755,NA,NA,NA,NA,NA,NA,NA,NA,NA,NA,NA,July,Ramped,South.facing,"Late_Dry
(Months 1-3)",Upland,NA,1.974,1.079291752,NA,NA,NA,NA,NA,NA,NA,NA,USGS,Summer,NA,Bay
M1,SanPablo,B,0.5,a,2022-06-30,2022-07-28,2022,16.76341367,NA,NA,NA,NA,NA,NA,NA,NA,NA,NA,NA,July,Ramped,South.facing,"Late_Dry
(Months 1-3)",Intertidal,NA,0.774,-0.299695244,NA,NA,NA,NA,NA,NA,NA,NA,USGS,Summer,NA,Bay
M1,SanPablo,B,0.5,b,2022-06-30,2022-07-28,2022,13.72470806,NA,NA,NA,NA,NA,NA,NA,NA,NA,NA,NA,July,Ramped,South.facing,"Late_Dry
(Months 1-3)",Intertidal,NA,0.774,-0.299695244,NA,NA,NA,NA,NA,NA,NA,NA,USGS,Summer,NA,Bay
M1,SanPablo,B,0.5,c,2022-06-30,2022-07-28,2022,11.14294145,NA,NA,NA,NA,NA,NA,NA,NA,NA,NA,NA,July,Ramped,South.facing,"Late_Dry
(Months 1-3)",Intertidal,NA,0.774,-0.299695244,NA,NA,NA,NA,NA,NA,NA,NA,USGS,Summer,NA,Bay
M1,SanPablo,B,2,a,2022-06-30,2022-07-28,2022,5.843429058,NA,NA,NA,NA,NA,NA,NA,NA,NA,NA,NA,July,Ramped,South.facing,"Late_Dry
(Months 1-3)",Intertidal,NA,0.805,-0.264071413,NA,NA,NA,NA,NA,NA,NA,NA,USGS,Summer,NA,Bay
M1,SanPablo,B,2,b,2022-06-30,2022-07-28,2022,3.294738459,NA,NA,NA,NA,NA,NA,NA,NA,NA,NA,NA,July,Ramped,South.facing,"Late_Dry
(Months 1-3)",Intertidal,NA,0.805,-0.264071413,NA,NA,NA,NA,NA,NA,NA,NA,USGS,Summer,NA,Bay
M1,SanPablo,B,2,c,2022-06-30,2022-07-28,2022,11.74749747,NA,NA,NA,NA,NA,NA,NA,NA,NA,NA,NA,July,Ramped,South.facing,"Late_Dry
(Months 1-3)",Intertidal,NA,0.805,-0.264071413,NA,NA,NA,NA,NA,NA,NA,NA,USGS,Summer,NA,Bay
M1,SanPablo,B,6,a,2022-06-30,2022-07-28,2022,3.107307716,NA,NA,NA,NA,NA,NA,NA,NA,NA,NA,NA,July,Ramped,South.facing,"Late_Dry
(Months 1-3)",Intertidal,NA,0.837,-0.227298427,NA,NA,NA,NA,NA,NA,NA,NA,USGS,Summer,NA,Bay
M1,SanPablo,B,6,b,2022-06-30,2022-07-28,2022,20.60145628,NA,NA,NA,NA,NA,NA,NA,NA,NA,NA,NA,July,Ramped,South.facing,"Late_Dry
(Months 1-3)",Intertidal,NA,0.837,-0.227298427,NA,NA,NA,NA,NA,NA,NA,NA,USGS,Summer,NA,Bay
M1,SanPablo,B,6,c,2022-06-30,2022-07-28,2022,18.50847965,NA,NA,NA,NA,NA,NA,NA,NA,NA,NA,NA,July,Ramped,South.facing,"Late_Dry
(Months 1-3)",Intertidal,NA,0.837,-0.227298427,NA,NA,NA,NA,NA,NA,NA,NA,USGS,Summer,NA,Bay
M1,SanPablo,B,12,a,2022-06-30,2022-07-28,2022,1.49270824,NA,NA,NA,NA,NA,NA,NA,NA,NA,NA,NA,July,Ramped,South.facing,"Late_Dry
(Months 1-3)",Intertidal,NA,1.042,0.008278519,NA,NA,NA,NA,NA,NA,NA,NA,USGS,Summer,NA,Bay
M1,SanPablo,B,12,b,2022-06-30,2022-07-28,2022,3.27452534,NA,NA,NA,NA,NA,NA,NA,NA,NA,NA,NA,July,Ramped,South.facing,"Late_Dry
(Months 1-3)",Intertidal,NA,1.042,0.008278519,NA,NA,NA,NA,NA,NA,NA,NA,USGS,Summer,NA,Bay
M1,SanPablo,B,12,c,2022-06-30,2022-07-28,2022,2.279794859,NA,NA,NA,NA,NA,NA,NA,NA,NA,NA,NA,July,Ramped,South.facing,"Late_Dry
(Months 1-3)",Intertidal,NA,1.042,0.008278519,NA,NA,NA,NA,NA,NA,NA,NA,USGS,Summer,NA,Bay
M1,SanPablo,B,24,a,2022-06-30,2022-07-28,2022,0.736247561,NA,NA,NA,NA,NA,NA,NA,NA,NA,NA,NA,July,Ramped,South.facing,"Late_Dry
(Months 1-3)",Edge,NA,1.563,0.606988706,NA,NA,NA,NA,NA,NA,NA,NA,USGS,Summer,NA,Bay
M1,SanPablo,B,24,b,2022-06-30,2022-07-28,2022,0.327085023,NA,NA,NA,NA,NA,NA,NA,NA,NA,NA,NA,July,Ramped,South.facing,"Late_Dry
(Months 1-3)",Edge,NA,1.563,0.606988706,NA,NA,NA,NA,NA,NA,NA,NA,USGS,Summer,NA,Bay
M1,SanPablo,B,24,c,2022-06-30,2022-07-28,2022,0.878351915,NA,NA,NA,NA,NA,NA,NA,NA,NA,NA,NA,July,Ramped,South.facing,"Late_Dry
(Months 1-3)",Edge,NA,1.563,0.606988706,NA,NA,NA,NA,NA,NA,NA,NA,USGS,Summer,NA,Bay
M1,SanPablo,B,48,a,2022-06-30,2022-07-28,2022,14.50566949,NA,NA,NA,NA,NA,NA,NA,NA,NA,NA,NA,July,Ramped,South.facing,"Late_Dry
(Months 1-3)",Platform,NA,1.978,1.083888376,NA,NA,NA,NA,NA,NA,NA,NA,USGS,Summer,10.24442209,Bay
M1,SanPablo,B,48,b,2022-06-30,2022-07-28,2022,17.77651972,NA,NA,NA,NA,NA,NA,NA,NA,NA,NA,NA,July,Ramped,South.facing,"Late_Dry
(Months 1-3)",Platform,NA,1.978,1.083888376,NA,NA,NA,NA,NA,NA,NA,NA,USGS,Summer,NA,Bay
M1,SanPablo,B,48,c,2022-06-30,2022-07-28,2022,18.25060925,NA,NA,NA,NA,NA,NA,NA,NA,NA,NA,NA,July,Ramped,South.facing,"Late_Dry
(Months 1-3)",Platform,NA,1.978,1.083888376,NA,NA,NA,NA,NA,NA,NA,NA,USGS,Summer,NA,Bay
M1,SanPablo,B,72,a,2022-06-30,2022-07-28,2022,18.56728145,NA,NA,NA,NA,NA,NA,NA,NA,NA,NA,NA,July,Ramped,South.facing,"Late_Dry
(Months 1-3)",Upland,NA,2.012,1.122959674,NA,NA,NA,NA,NA,NA,NA,NA,USGS,Summer,NA,Bay
M1,SanPablo,B,72,b,2022-06-30,2022-07-28,2022,13.69591968,NA,NA,NA,NA,NA,NA,NA,NA,NA,NA,NA,July,Ramped,South.facing,"Late_Dry
(Months 1-3)",Upland,NA,2.012,1.122959674,NA,NA,NA,NA,NA,NA,NA,NA,USGS,Summer,11.97104197,Bay
M1,SanPablo,B,72,c,2022-06-30,2022-07-28,2022,11.86203848,NA,NA,NA,NA,NA,NA,NA,NA,NA,NA,NA,July,Ramped,South.facing,"Late_Dry
(Months 1-3)",Upland,NA,2.012,1.122959674,NA,NA,NA,NA,NA,NA,NA,NA,USGS,Summer,13.49612275,Bay
M1,SanPablo,B,150,a,2022-06-30,2022-07-28,2022,4.804597225,NA,NA,NA,NA,NA,NA,NA,NA,NA,NA,NA,July,Ramped,South.facing,"Late_Dry
(Months 1-3)",Upland,NA,2.014,1.125257985,NA,NA,NA,NA,NA,NA,NA,NA,USGS,Summer,NA,Bay
M1,SanPablo,B,150,b,2022-06-30,2022-07-28,2022,6.591314475,NA,NA,NA,NA,NA,NA,NA,NA,NA,NA,NA,July,Ramped,South.facing,"Late_Dry
(Months 1-3)",Upland,NA,2.014,1.125257985,NA,NA,NA,NA,NA,NA,NA,NA,USGS,Summer,NA,Bay
M1,SanPablo,B,150,c,2022-06-30,2022-07-28,2022,5.684174178,NA,NA,NA,NA,NA,NA,NA,NA,NA,NA,NA,July,Ramped,South.facing,"Late_Dry
(Months 1-3)",Upland,NA,2.014,1.125257985,NA,NA,NA,NA,NA,NA,NA,NA,USGS,Summer,NA,Bay
M2,CorteMadera,A,0.5,a,2022-07-27,2022-08-24,2022,0.131691535,NA,NA,NA,NA,NA,NA,NA,NA,NA,NA,NA,August,Scarped,East.facing,"Late_Dry
(Months 1-3)",Edge,NA,1.598,0.69919351,NA,NA,NA,NA,NA,NA,NA,NA,USGS,Summer,NA,Bay
M2,CorteMadera,A,0.5,b,2022-07-27,2022-08-24,2022,0.689696134,NA,NA,NA,NA,NA,NA,NA,NA,NA,NA,NA,August,Scarped,East.facing,"Late_Dry
(Months 1-3)",Edge,NA,1.598,0.69919351,NA,NA,NA,NA,NA,NA,NA,NA,USGS,Summer,NA,Bay
M2,CorteMadera,A,0.5,c,2022-07-27,2022-08-24,2022,0.62721922,NA,NA,NA,NA,NA,NA,NA,NA,NA,NA,NA,August,Scarped,East.facing,"Late_Dry
(Months 1-3)",Edge,NA,1.598,0.69919351,NA,NA,NA,NA,NA,NA,NA,NA,USGS,Summer,NA,Bay
M2,CorteMadera,A,2,a,2022-07-27,2022-08-24,2022,5.975733112,NA,NA,NA,NA,NA,NA,NA,NA,NA,NA,NA,August,Scarped,East.facing,"Late_Dry
(Months 1-3)",Edge,NA,1.684,0.801794321,NA,NA,NA,NA,NA,NA,NA,NA,USGS,Summer,NA,Bay
M2,CorteMadera,A,2,b,2022-07-27,2022-08-24,2022,3.093219784,NA,NA,NA,NA,NA,NA,NA,NA,NA,NA,NA,August,Scarped,East.facing,"Late_Dry
(Months 1-3)",Edge,NA,1.684,0.801794321,NA,NA,NA,NA,NA,NA,NA,NA,USGS,Summer,NA,Bay
M2,CorteMadera,A,2,c,2022-07-27,2022-08-24,2022,2.260194258,NA,NA,NA,NA,NA,NA,NA,NA,NA,NA,NA,August,Scarped,East.facing,"Late_Dry
(Months 1-3)",Edge,NA,1.684,0.801794321,NA,NA,NA,NA,NA,NA,NA,NA,USGS,Summer,NA,Bay
M2,CorteMadera,A,6,a,2022-07-27,2022-08-24,2022,2.583604168,NA,NA,NA,NA,NA,NA,NA,NA,NA,NA,NA,August,Scarped,East.facing,"Late_Dry
(Months 1-3)",Edge,NA,1.691,0.81014555,NA,NA,NA,NA,NA,NA,NA,NA,USGS,Summer,NA,Bay
M2,CorteMadera,A,6,b,2022-07-27,2022-08-24,2022,2.81146115,NA,NA,NA,NA,NA,NA,NA,NA,NA,NA,NA,August,Scarped,East.facing,"Late_Dry
(Months 1-3)",Edge,NA,1.691,0.81014555,NA,NA,NA,NA,NA,NA,NA,NA,USGS,Summer,NA,Bay
M2,CorteMadera,A,6,c,2022-07-27,2022-08-24,2022,1.886557809,NA,NA,NA,NA,NA,NA,NA,NA,NA,NA,NA,August,Scarped,East.facing,"Late_Dry
(Months 1-3)",Edge,NA,1.691,0.81014555,NA,NA,NA,NA,NA,NA,NA,NA,USGS,Summer,NA,Bay
M2,CorteMadera,A,12,a,2022-07-27,2022-08-24,2022,6.913499347,NA,NA,NA,NA,NA,NA,NA,NA,NA,NA,NA,August,Scarped,East.facing,"Late_Dry
(Months 1-3)",Platform,NA,1.705,0.826848008,NA,NA,NA,NA,NA,NA,NA,NA,USGS,Summer,8.859859018,Bay
M2,CorteMadera,A,12,b,2022-07-27,2022-08-24,2022,7.601357925,NA,NA,NA,NA,NA,NA,NA,NA,NA,NA,NA,August,Scarped,East.facing,"Late_Dry
(Months 1-3)",Platform,NA,1.705,0.826848008,NA,NA,NA,NA,NA,NA,NA,NA,USGS,Summer,NA,Bay
M2,CorteMadera,A,12,c,2022-07-27,2022-08-24,2022,10.09492183,NA,NA,NA,NA,NA,NA,NA,NA,NA,NA,NA,August,Scarped,East.facing,"Late_Dry
(Months 1-3)",Platform,NA,1.705,0.826848008,NA,NA,NA,NA,NA,NA,NA,NA,USGS,Summer,NA,Bay
M2,CorteMadera,A,24,a,2022-07-27,2022-08-24,2022,11.35181035,NA,NA,NA,NA,NA,NA,NA,NA,NA,NA,NA,August,Scarped,East.facing,"Late_Dry
(Months 1-3)",Platform,NA,1.664,0.777933667,NA,NA,NA,NA,NA,NA,NA,NA,USGS,Summer,11.41299927,Bay
M2,CorteMadera,A,24,b,2022-07-27,2022-08-24,2022,26.38914613,NA,NA,NA,NA,NA,NA,NA,NA,NA,NA,NA,August,Scarped,East.facing,"Late_Dry
(Months 1-3)",Platform,NA,1.664,0.777933667,NA,NA,NA,NA,NA,NA,NA,NA,USGS,Summer,NA,Bay
M2,CorteMadera,A,24,c,2022-07-27,2022-08-24,2022,15.79134639,NA,NA,NA,NA,NA,NA,NA,NA,NA,NA,NA,August,Scarped,East.facing,"Late_Dry
(Months 1-3)",Platform,NA,1.664,0.777933667,NA,NA,NA,NA,NA,NA,NA,NA,USGS,Summer,10.29628073,Bay
M2,CorteMadera,A,48,a,2022-07-27,2022-08-24,2022,7.269372752,NA,NA,NA,NA,NA,NA,NA,NA,NA,NA,NA,August,Scarped,East.facing,"Late_Dry
(Months 1-3)",Upland,NA,1.724,0.849515629,NA,NA,NA,NA,NA,NA,NA,NA,USGS,Summer,7.971841705,Bay
M2,CorteMadera,A,48,b,2022-07-27,2022-08-24,2022,5.47408024,NA,NA,NA,NA,NA,NA,NA,NA,NA,NA,NA,August,Scarped,East.facing,"Late_Dry
(Months 1-3)",Upland,NA,1.724,0.849515629,NA,NA,NA,NA,NA,NA,NA,NA,USGS,Summer,NA,Bay
M2,CorteMadera,A,48,c,2022-07-27,2022-08-24,2022,6.2005275,NA,NA,NA,NA,NA,NA,NA,NA,NA,NA,NA,August,Scarped,East.facing,"Late_Dry
(Months 1-3)",Upland,NA,1.724,0.849515629,NA,NA,NA,NA,NA,NA,NA,NA,USGS,Summer,NA,Bay
M2,CorteMadera,B,0.5,a,2022-07-27,2022-08-24,2022,NA,NA,NA,NA,NA,NA,NA,NA,NA,NA,NA,NA,August,Scarped,East.facing,"Late_Dry
(Months 1-3)",Edge,NA,1.576,0.672946791,NA,NA,NA,NA,NA,NA,NA,NA,USGS,Summer,NA,Bay
M2,CorteMadera,B,0.5,b,2022-07-27,2022-08-24,2022,0.331372654,NA,NA,NA,NA,NA,NA,NA,NA,NA,NA,NA,August,Scarped,East.facing,"Late_Dry
(Months 1-3)",Edge,NA,1.576,0.672946791,NA,NA,NA,NA,NA,NA,NA,NA,USGS,Summer,NA,Bay
M2,CorteMadera,B,0.5,c,2022-07-27,2022-08-24,2022,0.129853979,NA,NA,NA,NA,NA,NA,NA,NA,NA,NA,NA,August,Scarped,East.facing,"Late_Dry
(Months 1-3)",Edge,NA,1.576,0.672946791,NA,NA,NA,NA,NA,NA,NA,NA,USGS,Summer,NA,Bay
M2,CorteMadera,B,2,a,2022-07-27,2022-08-24,2022,6.082311378,NA,NA,NA,NA,NA,NA,NA,NA,NA,NA,NA,August,Scarped,East.facing,"Late_Dry
(Months 1-3)",Edge,NA,1.605,0.707544739,NA,NA,NA,NA,NA,NA,NA,NA,USGS,Summer,NA,Bay
M2,CorteMadera,B,2,b,2022-07-27,2022-08-24,2022,3.387228793,NA,NA,NA,NA,NA,NA,NA,NA,NA,NA,NA,August,Scarped,East.facing,"Late_Dry
(Months 1-3)",Edge,NA,1.605,0.707544739,NA,NA,NA,NA,NA,NA,NA,NA,USGS,Summer,7.878787879,Bay
M2,CorteMadera,B,2,c,2022-07-27,2022-08-24,2022,0.839150714,NA,NA,NA,NA,NA,NA,NA,NA,NA,NA,NA,August,Scarped,East.facing,"Late_Dry
(Months 1-3)",Edge,NA,1.605,0.707544739,NA,NA,NA,NA,NA,NA,NA,NA,USGS,Summer,8.81294964,Bay
M2,CorteMadera,B,6,a,2022-07-27,2022-08-24,2022,2.764297205,NA,NA,NA,NA,NA,NA,NA,NA,NA,NA,NA,August,Scarped,East.facing,"Late_Dry
(Months 1-3)",Edge,NA,1.672,0.787477929,NA,NA,NA,NA,NA,NA,NA,NA,USGS,Summer,6.99011267,Bay
M2,CorteMadera,B,6,b,2022-07-27,2022-08-24,2022,4.794796925,NA,NA,NA,NA,NA,NA,NA,NA,NA,NA,NA,August,Scarped,East.facing,"Late_Dry
(Months 1-3)",Edge,NA,1.672,0.787477929,NA,NA,NA,NA,NA,NA,NA,NA,USGS,Summer,NA,Bay
M2,CorteMadera,B,6,c,2022-07-27,2022-08-24,2022,3.024005163,NA,NA,NA,NA,NA,NA,NA,NA,NA,NA,NA,August,Scarped,East.facing,"Late_Dry
(Months 1-3)",Edge,NA,1.672,0.787477929,NA,NA,NA,NA,NA,NA,NA,NA,USGS,Summer,NA,Bay
M2,CorteMadera,B,12,a,2022-07-27,2022-08-24,2022,9.144292705,NA,NA,NA,NA,NA,NA,NA,NA,NA,NA,NA,August,Scarped,East.facing,"Late_Dry
(Months 1-3)",Platform,NA,1.664,0.777933667,NA,NA,NA,NA,NA,NA,NA,NA,USGS,Summer,NA,Bay
M2,CorteMadera,B,12,b,2022-07-27,2022-08-24,2022,6.677815737,NA,NA,NA,NA,NA,NA,NA,NA,NA,NA,NA,August,Scarped,East.facing,"Late_Dry
(Months 1-3)",Platform,NA,1.664,0.777933667,NA,NA,NA,NA,NA,NA,NA,NA,USGS,Summer,NA,Bay
M2,CorteMadera,B,12,c,2022-07-27,2022-08-24,2022,9.625732457,NA,NA,NA,NA,NA,NA,NA,NA,NA,NA,NA,August,Scarped,East.facing,"Late_Dry
(Months 1-3)",Platform,NA,1.664,0.777933667,NA,NA,NA,NA,NA,NA,NA,NA,USGS,Summer,8.495257626,Bay
M2,CorteMadera,B,24,a,2022-07-27,2022-08-24,2022,19.5448614,NA,NA,NA,NA,NA,NA,NA,NA,NA,NA,NA,August,Scarped,East.facing,"Late_Dry
(Months 1-3)",Platform,NA,1.642,0.751686948,NA,NA,NA,NA,NA,NA,NA,NA,USGS,Summer,10.84667357,Bay
M2,CorteMadera,B,24,b,2022-07-27,2022-08-24,2022,26.95388844,NA,NA,NA,NA,NA,NA,NA,NA,NA,NA,NA,August,Scarped,East.facing,"Late_Dry
(Months 1-3)",Platform,NA,1.642,0.751686948,NA,NA,NA,NA,NA,NA,NA,NA,USGS,Summer,NA,Bay
M2,CorteMadera,B,24,c,2022-07-27,2022-08-24,2022,26.96613881,NA,NA,NA,NA,NA,NA,NA,NA,NA,NA,NA,August,Scarped,East.facing,"Late_Dry
(Months 1-3)",Platform,NA,1.642,0.751686948,NA,NA,NA,NA,NA,NA,NA,NA,USGS,Summer,12.81291173,Bay
M2,CorteMadera,B,48,a,2022-07-27,2022-08-24,2022,6.396533506,NA,NA,NA,NA,NA,NA,NA,NA,NA,NA,NA,August,Scarped,East.facing,"Late_Dry
(Months 1-3)",Upland,NA,1.692,0.811338583,NA,NA,NA,NA,NA,NA,NA,NA,USGS,Summer,11.60978973,Bay
M2,CorteMadera,B,48,b,2022-07-27,2022-08-24,2022,7.124818323,NA,NA,NA,NA,NA,NA,NA,NA,NA,NA,NA,August,Scarped,East.facing,"Late_Dry
(Months 1-3)",Upland,NA,1.692,0.811338583,NA,NA,NA,NA,NA,NA,NA,NA,USGS,Summer,NA,Bay
M2,CorteMadera,B,48,c,2022-07-27,2022-08-24,2022,7.372275905,NA,NA,NA,NA,NA,NA,NA,NA,NA,NA,NA,August,Scarped,East.facing,"Late_Dry
(Months 1-3)",Upland,NA,1.692,0.811338583,NA,NA,NA,NA,NA,NA,NA,NA,USGS,Summer,NA,Bay
M2,SanPablo,A,0.5,a,2022-07-28,2022-08-25,2022,7.160344411,NA,NA,NA,NA,NA,NA,NA,NA,NA,NA,NA,August,Ramped,South.facing,"Late_Dry
(Months 1-3)",Intertidal,NA,0.735,-0.344512321,NA,NA,NA,NA,NA,NA,NA,NA,USGS,Summer,NA,Bay
M2,SanPablo,A,0.5,b,2022-07-28,2022-08-25,2022,NA,NA,NA,NA,NA,NA,NA,NA,NA,NA,NA,NA,August,Ramped,South.facing,"Late_Dry
(Months 1-3)",Intertidal,NA,0.735,-0.344512321,NA,NA,NA,NA,NA,NA,NA,NA,USGS,Summer,NA,Bay
M2,SanPablo,A,0.5,c,2022-07-28,2022-08-25,2022,6.149688442,NA,NA,NA,NA,NA,NA,NA,NA,NA,NA,NA,August,Ramped,South.facing,"Late_Dry
(Months 1-3)",Intertidal,NA,0.735,-0.344512321,NA,NA,NA,NA,NA,NA,NA,NA,USGS,Summer,NA,Bay
M2,SanPablo,A,2,a,2022-07-28,2022-08-25,2022,16.51350602,NA,NA,NA,NA,NA,NA,NA,NA,NA,NA,NA,August,Ramped,South.facing,"Late_Dry
(Months 1-3)",Intertidal,NA,0.751,-0.326125828,NA,NA,NA,NA,NA,NA,NA,NA,USGS,Summer,NA,Bay
M2,SanPablo,A,2,b,2022-07-28,2022-08-25,2022,17.95905031,NA,NA,NA,NA,NA,NA,NA,NA,NA,NA,NA,August,Ramped,South.facing,"Late_Dry
(Months 1-3)",Intertidal,NA,0.751,-0.326125828,NA,NA,NA,NA,NA,NA,NA,NA,USGS,Summer,NA,Bay
M2,SanPablo,A,2,c,2022-07-28,2022-08-25,2022,16.45837933,NA,NA,NA,NA,NA,NA,NA,NA,NA,NA,NA,August,Ramped,South.facing,"Late_Dry
(Months 1-3)",Intertidal,NA,0.751,-0.326125828,NA,NA,NA,NA,NA,NA,NA,NA,USGS,Summer,NA,Bay
M2,SanPablo,A,6,a,2022-07-28,2022-08-25,2022,8.060747002,NA,NA,NA,NA,NA,NA,NA,NA,NA,NA,NA,August,Ramped,South.facing,"Late_Dry
(Months 1-3)",Intertidal,NA,0.889,-0.167542323,NA,NA,NA,NA,NA,NA,NA,NA,USGS,Summer,NA,Bay
M2,SanPablo,A,6,b,2022-07-28,2022-08-25,2022,6.180314381,NA,NA,NA,NA,NA,NA,NA,NA,NA,NA,NA,August,Ramped,South.facing,"Late_Dry
(Months 1-3)",Intertidal,NA,0.889,-0.167542323,NA,NA,NA,NA,NA,NA,NA,NA,USGS,Summer,NA,Bay
M2,SanPablo,A,6,c,2022-07-28,2022-08-25,2022,5.494293359,NA,NA,NA,NA,NA,NA,NA,NA,NA,NA,NA,August,Ramped,South.facing,"Late_Dry
(Months 1-3)",Intertidal,NA,0.889,-0.167542323,NA,NA,NA,NA,NA,NA,NA,NA,USGS,Summer,NA,Bay
M2,SanPablo,A,12,a,2022-07-28,2022-08-25,2022,1.11478416,NA,NA,NA,NA,NA,NA,NA,NA,NA,NA,NA,August,Ramped,South.facing,"Late_Dry
(Months 1-3)",Intertidal,NA,1.069,0.039305726,NA,NA,NA,NA,NA,NA,NA,NA,USGS,Summer,NA,Bay
M2,SanPablo,A,12,b,2022-07-28,2022-08-25,2022,3.325976916,NA,NA,NA,NA,NA,NA,NA,NA,NA,NA,NA,August,Ramped,South.facing,"Late_Dry
(Months 1-3)",Intertidal,NA,1.069,0.039305726,NA,NA,NA,NA,NA,NA,NA,NA,USGS,Summer,NA,Bay
M2,SanPablo,A,12,c,2022-07-28,2022-08-25,2022,3.044218283,NA,NA,NA,NA,NA,NA,NA,NA,NA,NA,NA,August,Ramped,South.facing,"Late_Dry
(Months 1-3)",Intertidal,NA,1.069,0.039305726,NA,NA,NA,NA,NA,NA,NA,NA,USGS,Summer,NA,Bay
M2,SanPablo,A,24,a,2022-07-28,2022-08-25,2022,2.499076578,NA,NA,NA,NA,NA,NA,NA,NA,NA,NA,NA,August,Ramped,South.facing,"Late_Dry
(Months 1-3)",Edge,NA,1.713,0.779362081,NA,NA,NA,NA,NA,NA,NA,NA,USGS,Summer,NA,Bay
M2,SanPablo,A,24,b,2022-07-28,2022-08-25,2022,2.462325452,NA,NA,NA,NA,NA,NA,NA,NA,NA,NA,NA,August,Ramped,South.facing,"Late_Dry
(Months 1-3)",Edge,NA,1.713,0.779362081,NA,NA,NA,NA,NA,NA,NA,NA,USGS,Summer,NA,Bay
M2,SanPablo,A,24,c,2022-07-28,2022-08-25,2022,0.661520271,NA,NA,NA,NA,NA,NA,NA,NA,NA,NA,NA,August,Ramped,South.facing,"Late_Dry
(Months 1-3)",Edge,NA,1.713,0.779362081,NA,NA,NA,NA,NA,NA,NA,NA,USGS,Summer,NA,Bay
M2,SanPablo,A,48,a,2022-07-28,2022-08-25,2022,1.799580144,NA,NA,NA,NA,NA,NA,NA,NA,NA,NA,NA,August,Ramped,South.facing,"Late_Dry
(Months 1-3)",Platform,NA,2.01,1.120661362,NA,NA,NA,NA,NA,NA,NA,NA,USGS,Summer,NA,Bay
M2,SanPablo,A,48,b,2022-07-28,2022-08-25,2022,1.856544389,NA,NA,NA,NA,NA,NA,NA,NA,NA,NA,NA,August,Ramped,South.facing,"Late_Dry
(Months 1-3)",Platform,NA,2.01,1.120661362,NA,NA,NA,NA,NA,NA,NA,NA,USGS,Summer,8.010618364,Bay
M2,SanPablo,A,48,c,2022-07-28,2022-08-25,2022,1.354278999,NA,NA,NA,NA,NA,NA,NA,NA,NA,NA,NA,August,Ramped,South.facing,"Late_Dry
(Months 1-3)",Platform,NA,2.01,1.120661362,NA,NA,NA,NA,NA,NA,NA,NA,USGS,Summer,9.283819629,Bay
M2,SanPablo,A,72,a,2022-07-28,2022-08-25,2022,2.733671267,NA,NA,NA,NA,NA,NA,NA,NA,NA,NA,NA,August,Ramped,South.facing,"Late_Dry
(Months 1-3)",Upland,NA,2.04,1.155136037,NA,NA,NA,NA,NA,NA,NA,NA,USGS,Summer,NA,Bay
M2,SanPablo,A,72,b,2022-07-28,2022-08-25,2022,2.459875377,NA,NA,NA,NA,NA,NA,NA,NA,NA,NA,NA,August,Ramped,South.facing,"Late_Dry
(Months 1-3)",Upland,NA,2.04,1.155136037,NA,NA,NA,NA,NA,NA,NA,NA,USGS,Summer,NA,Bay
M2,SanPablo,A,72,c,2022-07-28,2022-08-25,2022,2.973778624,NA,NA,NA,NA,NA,NA,NA,NA,NA,NA,NA,August,Ramped,South.facing,"Late_Dry
(Months 1-3)",Upland,NA,2.04,1.155136037,NA,NA,NA,NA,NA,NA,NA,NA,USGS,Summer,NA,Bay
M2,SanPablo,A,150,a,2022-07-28,2022-08-25,2022,6.003908975,NA,NA,NA,NA,NA,NA,NA,NA,NA,NA,NA,August,Ramped,South.facing,"Late_Dry
(Months 1-3)",Upland,NA,1.974,1.079291752,NA,NA,NA,NA,NA,NA,NA,NA,USGS,Summer,NA,Bay
M2,SanPablo,A,150,b,2022-07-28,2022-08-25,2022,7.352062786,NA,NA,NA,NA,NA,NA,NA,NA,NA,NA,NA,August,Ramped,South.facing,"Late_Dry
(Months 1-3)",Upland,NA,1.974,1.079291752,NA,NA,NA,NA,NA,NA,NA,NA,USGS,Summer,14.18630994,Bay
M2,SanPablo,A,150,c,2022-07-28,2022-08-25,2022,9.190844131,NA,NA,NA,NA,NA,NA,NA,NA,NA,NA,NA,August,Ramped,South.facing,"Late_Dry
(Months 1-3)",Upland,NA,1.974,1.079291752,NA,NA,NA,NA,NA,NA,NA,NA,USGS,Summer,NA,Bay
M2,SanPablo,B,0.5,a,2022-07-28,2022-08-25,2022,6.547825642,NA,NA,NA,NA,NA,NA,NA,NA,NA,NA,NA,August,Ramped,South.facing,"Late_Dry
(Months 1-3)",Intertidal,NA,0.774,-0.299695244,NA,NA,NA,NA,NA,NA,NA,NA,USGS,Summer,NA,Bay
M2,SanPablo,B,0.5,b,2022-07-28,2022-08-25,2022,5.910806122,NA,NA,NA,NA,NA,NA,NA,NA,NA,NA,NA,August,Ramped,South.facing,"Late_Dry
(Months 1-3)",Intertidal,NA,0.774,-0.299695244,NA,NA,NA,NA,NA,NA,NA,NA,USGS,Summer,NA,Bay
M2,SanPablo,B,0.5,c,2022-07-28,2022-08-25,2022,0.189880818,NA,NA,NA,NA,NA,NA,NA,NA,NA,NA,NA,August,Ramped,South.facing,"Late_Dry
(Months 1-3)",Intertidal,NA,0.774,-0.299695244,NA,NA,NA,NA,NA,NA,NA,NA,USGS,Summer,NA,Bay
M2,SanPablo,B,2,a,2022-07-28,2022-08-25,2022,4.691893772,NA,NA,NA,NA,NA,NA,NA,NA,NA,NA,NA,August,Ramped,South.facing,"Late_Dry
(Months 1-3)",Intertidal,NA,0.805,-0.264071413,NA,NA,NA,NA,NA,NA,NA,NA,USGS,Summer,NA,Bay
M2,SanPablo,B,2,b,2022-07-28,2022-08-25,2022,3.834367495,NA,NA,NA,NA,NA,NA,NA,NA,NA,NA,NA,August,Ramped,South.facing,"Late_Dry
(Months 1-3)",Intertidal,NA,0.805,-0.264071413,NA,NA,NA,NA,NA,NA,NA,NA,USGS,Summer,NA,Bay
M2,SanPablo,B,2,c,2022-07-28,2022-08-25,2022,8.64876502,NA,NA,NA,NA,NA,NA,NA,NA,NA,NA,NA,August,Ramped,South.facing,"Late_Dry
(Months 1-3)",Intertidal,NA,0.805,-0.264071413,NA,NA,NA,NA,NA,NA,NA,NA,USGS,Summer,NA,Bay
M2,SanPablo,B,6,a,2022-07-28,2022-08-25,2022,3.987497187,NA,NA,NA,NA,NA,NA,NA,NA,NA,NA,NA,August,Ramped,South.facing,"Late_Dry
(Months 1-3)",Intertidal,NA,0.837,-0.227298427,NA,NA,NA,NA,NA,NA,NA,NA,USGS,Summer,NA,Bay
M2,SanPablo,B,6,b,2022-07-28,2022-08-25,2022,2.780835212,NA,NA,NA,NA,NA,NA,NA,NA,NA,NA,NA,August,Ramped,South.facing,"Late_Dry
(Months 1-3)",Intertidal,NA,0.837,-0.227298427,NA,NA,NA,NA,NA,NA,NA,NA,USGS,Summer,NA,Bay
M2,SanPablo,B,6,c,2022-07-28,2022-08-25,2022,5.794427556,NA,NA,NA,NA,NA,NA,NA,NA,NA,NA,NA,August,Ramped,South.facing,"Late_Dry
(Months 1-3)",Intertidal,NA,0.837,-0.227298427,NA,NA,NA,NA,NA,NA,NA,NA,USGS,Summer,NA,Bay
M2,SanPablo,B,12,a,2022-07-28,2022-08-25,2022,3.491356984,NA,NA,NA,NA,NA,NA,NA,NA,NA,NA,NA,August,Ramped,South.facing,"Late_Dry
(Months 1-3)",Intertidal,NA,1.042,0.008278519,NA,NA,NA,NA,NA,NA,NA,NA,USGS,Summer,NA,Bay
M2,SanPablo,B,12,b,2022-07-28,2022-08-25,2022,2.382698012,NA,NA,NA,NA,NA,NA,NA,NA,NA,NA,NA,August,Ramped,South.facing,"Late_Dry
(Months 1-3)",Intertidal,NA,1.042,0.008278519,NA,NA,NA,NA,NA,NA,NA,NA,USGS,Summer,NA,Bay
M2,SanPablo,B,12,c,2022-07-28,2022-08-25,2022,0.667645458,NA,NA,NA,NA,NA,NA,NA,NA,NA,NA,NA,August,Ramped,South.facing,"Late_Dry
(Months 1-3)",Intertidal,NA,1.042,0.008278519,NA,NA,NA,NA,NA,NA,NA,NA,USGS,Summer,NA,Bay
M2,SanPablo,B,24,a,2022-07-28,2022-08-25,2022,0.906527778,NA,NA,NA,NA,NA,NA,NA,NA,NA,NA,NA,August,Ramped,South.facing,"Late_Dry
(Months 1-3)",Edge,NA,1.563,0.606988706,NA,NA,NA,NA,NA,NA,NA,NA,USGS,Summer,NA,Bay
M2,SanPablo,B,24,b,2022-07-28,2022-08-25,2022,3.924407754,NA,NA,NA,NA,NA,NA,NA,NA,NA,NA,NA,August,Ramped,South.facing,"Late_Dry
(Months 1-3)",Edge,NA,1.563,0.606988706,NA,NA,NA,NA,NA,NA,NA,NA,USGS,Summer,NA,Bay
M2,SanPablo,B,24,c,2022-07-28,2022-08-25,2022,0.796886919,NA,NA,NA,NA,NA,NA,NA,NA,NA,NA,NA,August,Ramped,South.facing,"Late_Dry
(Months 1-3)",Edge,NA,1.563,0.606988706,NA,NA,NA,NA,NA,NA,NA,NA,USGS,Summer,7.797594359,Bay
M2,SanPablo,B,48,a,2022-07-28,2022-08-25,2022,6.870623034,NA,NA,NA,NA,NA,NA,NA,NA,NA,NA,NA,August,Ramped,South.facing,"Late_Dry
(Months 1-3)",Platform,NA,1.978,1.083888376,NA,NA,NA,NA,NA,NA,NA,NA,USGS,Summer,NA,Bay
M2,SanPablo,B,48,b,2022-07-28,2022-08-25,2022,2.171379037,NA,NA,NA,NA,NA,NA,NA,NA,NA,NA,NA,August,Ramped,South.facing,"Late_Dry
(Months 1-3)",Platform,NA,1.978,1.083888376,NA,NA,NA,NA,NA,NA,NA,NA,USGS,Summer,NA,Bay
M2,SanPablo,B,48,c,2022-07-28,2022-08-25,2022,4.10571331,NA,NA,NA,NA,NA,NA,NA,NA,NA,NA,NA,August,Ramped,South.facing,"Late_Dry
(Months 1-3)",Platform,NA,1.978,1.083888376,NA,NA,NA,NA,NA,NA,NA,NA,USGS,Summer,NA,Bay
M2,SanPablo,B,72,a,2022-07-28,2022-08-25,2022,3.365178118,NA,NA,NA,NA,NA,NA,NA,NA,NA,NA,NA,August,Ramped,South.facing,"Late_Dry
(Months 1-3)",Upland,NA,2.012,1.122959674,NA,NA,NA,NA,NA,NA,NA,NA,USGS,Summer,10.69976771,Bay
M2,SanPablo,B,72,b,2022-07-28,2022-08-25,2022,5.950619842,NA,NA,NA,NA,NA,NA,NA,NA,NA,NA,NA,August,Ramped,South.facing,"Late_Dry
(Months 1-3)",Upland,NA,2.012,1.122959674,NA,NA,NA,NA,NA,NA,NA,NA,USGS,Summer,NA,Bay
M2,SanPablo,B,72,c,2022-07-28,2022-08-25,2022,17.19095177,NA,NA,NA,NA,NA,NA,NA,NA,NA,NA,NA,August,Ramped,South.facing,"Late_Dry
(Months 1-3)",Upland,NA,2.012,1.122959674,NA,NA,NA,NA,NA,NA,NA,NA,USGS,Summer,NA,Bay
M2,SanPablo,B,150,a,2022-07-28,2022-08-25,2022,3.641424083,NA,NA,NA,NA,NA,NA,NA,NA,NA,NA,NA,August,Ramped,South.facing,"Late_Dry
(Months 1-3)",Upland,NA,2.014,1.125257985,NA,NA,NA,NA,NA,NA,NA,NA,USGS,Summer,NA,Bay
M2,SanPablo,B,150,b,2022-07-28,2022-08-25,2022,4.40400995,NA,NA,NA,NA,NA,NA,NA,NA,NA,NA,NA,August,Ramped,South.facing,"Late_Dry
(Months 1-3)",Upland,NA,2.014,1.125257985,NA,NA,NA,NA,NA,NA,NA,NA,USGS,Summer,14.08025568,Bay
M2,SanPablo,B,150,c,2022-07-28,2022-08-25,2022,4.277831084,NA,NA,NA,NA,NA,NA,NA,NA,NA,NA,NA,August,Ramped,South.facing,"Late_Dry
(Months 1-3)",Upland,NA,2.014,1.125257985,NA,NA,NA,NA,NA,NA,NA,NA,USGS,Summer,NA,Bay
M3,CorteMadera,A,0.5,a,2022-08-24,2022-09-21,2022,0.036751126,NA,NA,NA,NA,NA,NA,NA,NA,NA,NA,NA,September,Scarped,East.facing,"Late_Dry
(Months 1-3)",Edge,NA,1.598,0.69919351,NA,NA,NA,NA,NA,NA,NA,NA,USGS,Fall,NA,Bay
M3,CorteMadera,A,0.5,b,2022-08-24,2022-09-21,2022,8.121998879,NA,NA,NA,NA,NA,NA,NA,NA,NA,NA,NA,September,Scarped,East.facing,"Late_Dry
(Months 1-3)",Edge,NA,1.598,0.69919351,NA,NA,NA,NA,NA,NA,NA,NA,USGS,Fall,NA,Bay
M3,CorteMadera,A,0.5,c,2022-08-24,2022-09-21,2022,23.53297111,NA,NA,NA,NA,NA,NA,NA,NA,NA,NA,NA,September,Scarped,East.facing,"Late_Dry
(Months 1-3)",Edge,NA,1.598,0.69919351,NA,NA,NA,NA,NA,NA,NA,NA,USGS,Fall,NA,Bay
M3,CorteMadera,A,2,a,2022-08-24,2022-09-21,2022,9.677796552,NA,NA,NA,NA,NA,NA,NA,NA,NA,NA,NA,September,Scarped,East.facing,"Late_Dry
(Months 1-3)",Edge,NA,1.684,0.801794321,NA,NA,NA,NA,NA,NA,NA,NA,USGS,Fall,NA,Bay
M3,CorteMadera,A,2,b,2022-08-24,2022-09-21,2022,12.25650057,NA,NA,NA,NA,NA,NA,NA,NA,NA,NA,NA,September,Scarped,East.facing,"Late_Dry
(Months 1-3)",Edge,NA,1.684,0.801794321,NA,NA,NA,NA,NA,NA,NA,NA,USGS,Fall,12.36323851,Bay
M3,CorteMadera,A,2,c,2022-08-24,2022-09-21,2022,1.102533784,NA,NA,NA,NA,NA,NA,NA,NA,NA,NA,NA,September,Scarped,East.facing,"Late_Dry
(Months 1-3)",Edge,NA,1.684,0.801794321,NA,NA,NA,NA,NA,NA,NA,NA,USGS,Fall,NA,Bay
M3,CorteMadera,A,6,a,2022-08-24,2022-09-21,2022,2.033562314,NA,NA,NA,NA,NA,NA,NA,NA,NA,NA,NA,September,Scarped,East.facing,"Late_Dry
(Months 1-3)",Edge,NA,1.691,0.81014555,NA,NA,NA,NA,NA,NA,NA,NA,USGS,Fall,6.637339889,Bay
M3,CorteMadera,A,6,b,2022-08-24,2022-09-21,2022,1.929434123,NA,NA,NA,NA,NA,NA,NA,NA,NA,NA,NA,September,Scarped,East.facing,"Late_Dry
(Months 1-3)",Edge,NA,1.691,0.81014555,NA,NA,NA,NA,NA,NA,NA,NA,USGS,Fall,6.392224128,Bay
M3,CorteMadera,A,6,c,2022-08-24,2022-09-21,2022,2.799210775,NA,NA,NA,NA,NA,NA,NA,NA,NA,NA,NA,September,Scarped,East.facing,"Late_Dry
(Months 1-3)",Edge,NA,1.691,0.81014555,NA,NA,NA,NA,NA,NA,NA,NA,USGS,Fall,NA,Bay
M3,CorteMadera,A,12,a,2022-08-24,2022-09-21,2022,3.650611864,NA,NA,NA,NA,NA,NA,NA,NA,NA,NA,NA,September,Scarped,East.facing,"Late_Dry
(Months 1-3)",Platform,NA,1.705,0.826848008,NA,NA,NA,NA,NA,NA,NA,NA,USGS,Fall,9.040092521,Bay
M3,CorteMadera,A,12,b,2022-08-24,2022-09-21,2022,3.681237803,NA,NA,NA,NA,NA,NA,NA,NA,NA,NA,NA,September,Scarped,East.facing,"Late_Dry
(Months 1-3)",Platform,NA,1.705,0.826848008,NA,NA,NA,NA,NA,NA,NA,NA,USGS,Fall,NA,Bay
M3,CorteMadera,A,12,c,2022-08-24,2022-09-21,2022,4.410135138,NA,NA,NA,NA,NA,NA,NA,NA,NA,NA,NA,September,Scarped,East.facing,"Late_Dry
(Months 1-3)",Platform,NA,1.705,0.826848008,NA,NA,NA,NA,NA,NA,NA,NA,USGS,Fall,NA,Bay
M3,CorteMadera,A,24,a,2022-08-24,2022-09-21,2022,4.912400529,NA,NA,NA,NA,NA,NA,NA,NA,NA,NA,NA,September,Scarped,East.facing,"Late_Dry
(Months 1-3)",Platform,NA,1.664,0.777933667,NA,NA,NA,NA,NA,NA,NA,NA,USGS,Fall,NA,Bay
M3,CorteMadera,A,24,b,2022-08-24,2022-09-21,2022,6.266067008,NA,NA,NA,NA,NA,NA,NA,NA,NA,NA,NA,September,Scarped,East.facing,"Late_Dry
(Months 1-3)",Platform,NA,1.664,0.777933667,NA,NA,NA,NA,NA,NA,NA,NA,USGS,Fall,NA,Bay
M3,CorteMadera,A,24,c,2022-08-24,2022-09-21,2022,4.88177459,NA,NA,NA,NA,NA,NA,NA,NA,NA,NA,NA,September,Scarped,East.facing,"Late_Dry
(Months 1-3)",Platform,NA,1.664,0.777933667,NA,NA,NA,NA,NA,NA,NA,NA,USGS,Fall,NA,Bay
M3,CorteMadera,A,48,a,2022-08-24,2022-09-21,2022,1.996811187,NA,NA,NA,NA,NA,NA,NA,NA,NA,NA,NA,September,Scarped,East.facing,"Late_Dry
(Months 1-3)",Upland,NA,1.724,0.849515629,NA,NA,NA,NA,NA,NA,NA,NA,USGS,Fall,6.471898336,Bay
M3,CorteMadera,A,48,b,2022-08-24,2022-09-21,2022,1.629299926,NA,NA,NA,NA,NA,NA,NA,NA,NA,NA,NA,September,Scarped,East.facing,"Late_Dry
(Months 1-3)",Upland,NA,1.724,0.849515629,NA,NA,NA,NA,NA,NA,NA,NA,USGS,Fall,NA,Bay
M3,CorteMadera,A,48,c,2022-08-24,2022-09-21,2022,5.292162165,NA,NA,NA,NA,NA,NA,NA,NA,NA,NA,NA,September,Scarped,East.facing,"Late_Dry
(Months 1-3)",Upland,NA,1.724,0.849515629,NA,NA,NA,NA,NA,NA,NA,NA,USGS,Fall,NA,Bay
M3,CorteMadera,B,0.5,a,2022-08-24,2022-09-21,2022,NA,NA,NA,NA,NA,NA,NA,NA,NA,NA,NA,NA,September,Scarped,East.facing,"Late_Dry
(Months 1-3)",Edge,NA,1.576,0.672946791,NA,NA,NA,NA,NA,NA,NA,NA,USGS,Fall,NA,Bay
M3,CorteMadera,B,0.5,b,2022-08-24,2022-09-21,2022,0.410387575,NA,NA,NA,NA,NA,NA,NA,NA,NA,NA,NA,September,Scarped,East.facing,"Late_Dry
(Months 1-3)",Edge,NA,1.576,0.672946791,NA,NA,NA,NA,NA,NA,NA,NA,USGS,Fall,NA,Bay
M3,CorteMadera,B,0.5,c,2022-08-24,2022-09-21,2022,13.04664978,NA,NA,NA,NA,NA,NA,NA,NA,NA,NA,NA,September,Scarped,East.facing,"Late_Dry
(Months 1-3)",Edge,NA,1.576,0.672946791,NA,NA,NA,NA,NA,NA,NA,NA,USGS,Fall,NA,Bay
M3,CorteMadera,B,2,a,2022-08-24,2022-09-21,2022,0.428763138,NA,NA,NA,NA,NA,NA,NA,NA,NA,NA,NA,September,Scarped,East.facing,"Late_Dry
(Months 1-3)",Edge,NA,1.605,0.707544739,NA,NA,NA,NA,NA,NA,NA,NA,USGS,Fall,NA,Bay
M3,CorteMadera,B,2,b,2022-08-24,2022-09-21,2022,0.153129692,NA,NA,NA,NA,NA,NA,NA,NA,NA,NA,NA,September,Scarped,East.facing,"Late_Dry
(Months 1-3)",Edge,NA,1.605,0.707544739,NA,NA,NA,NA,NA,NA,NA,NA,USGS,Fall,NA,Bay
M3,CorteMadera,B,2,c,2022-08-24,2022-09-21,2022,0.771773649,NA,NA,NA,NA,NA,NA,NA,NA,NA,NA,NA,September,Scarped,East.facing,"Late_Dry
(Months 1-3)",Edge,NA,1.605,0.707544739,NA,NA,NA,NA,NA,NA,NA,NA,USGS,Fall,NA,Bay
M3,CorteMadera,B,6,a,2022-08-24,2022-09-21,2022,2.30919576,NA,NA,NA,NA,NA,NA,NA,NA,NA,NA,NA,September,Scarped,East.facing,"Late_Dry
(Months 1-3)",Edge,NA,1.672,0.787477929,NA,NA,NA,NA,NA,NA,NA,NA,USGS,Fall,NA,Bay
M3,CorteMadera,B,6,b,2022-08-24,2022-09-21,2022,1.849806683,NA,NA,NA,NA,NA,NA,NA,NA,NA,NA,NA,September,Scarped,East.facing,"Late_Dry
(Months 1-3)",Edge,NA,1.672,0.787477929,NA,NA,NA,NA,NA,NA,NA,NA,USGS,Fall,NA,Bay
M3,CorteMadera,B,6,c,2022-08-24,2022-09-21,2022,2.664456646,NA,NA,NA,NA,NA,NA,NA,NA,NA,NA,NA,September,Scarped,East.facing,"Late_Dry
(Months 1-3)",Edge,NA,1.672,0.787477929,NA,NA,NA,NA,NA,NA,NA,NA,USGS,Fall,NA,Bay
M3,CorteMadera,B,12,a,2022-08-24,2022-09-21,2022,3.693488178,NA,NA,NA,NA,NA,NA,NA,NA,NA,NA,NA,September,Scarped,East.facing,"Late_Dry
(Months 1-3)",Platform,NA,1.664,0.777933667,NA,NA,NA,NA,NA,NA,NA,NA,USGS,Fall,NA,Bay
M3,CorteMadera,B,12,b,2022-08-24,2022-09-21,2022,4.428510701,NA,NA,NA,NA,NA,NA,NA,NA,NA,NA,NA,September,Scarped,East.facing,"Late_Dry
(Months 1-3)",Platform,NA,1.664,0.777933667,NA,NA,NA,NA,NA,NA,NA,NA,USGS,Fall,NA,Bay
M3,CorteMadera,B,12,c,2022-08-24,2022-09-21,2022,4.973652405,NA,NA,NA,NA,NA,NA,NA,NA,NA,NA,NA,September,Scarped,East.facing,"Late_Dry
(Months 1-3)",Platform,NA,1.664,0.777933667,NA,NA,NA,NA,NA,NA,NA,NA,USGS,Fall,NA,Bay
M3,CorteMadera,B,24,a,2022-08-24,2022-09-21,2022,7.638109051,NA,NA,NA,NA,NA,NA,NA,NA,NA,NA,NA,September,Scarped,East.facing,"Late_Dry
(Months 1-3)",Platform,NA,1.642,0.751686948,NA,NA,NA,NA,NA,NA,NA,NA,USGS,Fall,NA,Bay
M3,CorteMadera,B,24,b,2022-08-24,2022-09-21,2022,17.33428117,NA,NA,NA,NA,NA,NA,NA,NA,NA,NA,NA,September,Scarped,East.facing,"Late_Dry
(Months 1-3)",Platform,NA,1.642,0.751686948,NA,NA,NA,NA,NA,NA,NA,NA,USGS,Fall,NA,Bay
M3,CorteMadera,B,24,c,2022-08-24,2022-09-21,2022,6.798958338,NA,NA,NA,NA,NA,NA,NA,NA,NA,NA,NA,September,Scarped,East.facing,"Late_Dry
(Months 1-3)",Platform,NA,1.642,0.751686948,NA,NA,NA,NA,NA,NA,NA,NA,USGS,Fall,NA,Bay
M3,CorteMadera,B,48,a,2022-08-24,2022-09-21,2022,1.255663477,NA,NA,NA,NA,NA,NA,NA,NA,NA,NA,NA,September,Scarped,East.facing,"Late_Dry
(Months 1-3)",Upland,NA,1.692,0.811338583,NA,NA,NA,NA,NA,NA,NA,NA,USGS,Fall,NA,Bay
M3,CorteMadera,B,48,b,2022-08-24,2022-09-21,2022,3.02584272,NA,NA,NA,NA,NA,NA,NA,NA,NA,NA,NA,September,Scarped,East.facing,"Late_Dry
(Months 1-3)",Upland,NA,1.692,0.811338583,NA,NA,NA,NA,NA,NA,NA,NA,USGS,Fall,NA,Bay
M3,CorteMadera,B,48,c,2022-08-24,2022-09-21,2022,1.347541292,NA,NA,NA,NA,NA,NA,NA,NA,NA,NA,NA,September,Scarped,East.facing,"Late_Dry
(Months 1-3)",Upland,NA,1.692,0.811338583,NA,NA,NA,NA,NA,NA,NA,NA,USGS,Fall,NA,Bay
M3,SanPablo,A,0.5,a,2022-08-25,2022-09-22,2022,4.845023464,NA,NA,NA,NA,NA,NA,NA,NA,NA,NA,NA,September,Ramped,South.facing,"Late_Dry
(Months 1-3)",Intertidal,NA,0.735,-0.344512321,NA,NA,NA,NA,NA,NA,NA,NA,USGS,Fall,NA,Bay
M3,SanPablo,A,0.5,b,2022-08-25,2022-09-22,2022,4.116126129,NA,NA,NA,NA,NA,NA,NA,NA,NA,NA,NA,September,Ramped,South.facing,"Late_Dry
(Months 1-3)",Intertidal,NA,0.735,-0.344512321,NA,NA,NA,NA,NA,NA,NA,NA,USGS,Fall,NA,Bay
M3,SanPablo,A,0.5,c,2022-08-25,2022-09-22,2022,8.997900719,NA,NA,NA,NA,NA,NA,NA,NA,NA,NA,NA,September,Ramped,South.facing,"Late_Dry
(Months 1-3)",Intertidal,NA,0.735,-0.344512321,NA,NA,NA,NA,NA,NA,NA,NA,USGS,Fall,NA,Bay
M3,SanPablo,A,2,a,2022-08-25,2022-09-22,2022,50.58792514,NA,NA,NA,NA,NA,NA,NA,NA,NA,NA,NA,September,Ramped,South.facing,"Late_Dry
(Months 1-3)",Intertidal,NA,0.751,-0.326125828,NA,NA,NA,NA,NA,NA,NA,NA,USGS,Fall,NA,Bay
M3,SanPablo,A,2,b,2022-08-25,2022-09-22,2022,33.8906635,NA,NA,NA,NA,NA,NA,NA,NA,NA,NA,NA,September,Ramped,South.facing,"Late_Dry
(Months 1-3)",Intertidal,NA,0.751,-0.326125828,NA,NA,NA,NA,NA,NA,NA,NA,USGS,Fall,NA,Bay
M3,SanPablo,A,2,c,2022-08-25,2022-09-22,2022,83.26580148,NA,NA,NA,NA,NA,NA,NA,NA,NA,NA,NA,September,Ramped,South.facing,"Late_Dry
(Months 1-3)",Intertidal,NA,0.751,-0.326125828,NA,NA,NA,NA,NA,NA,NA,NA,USGS,Fall,NA,Bay
M3,SanPablo,A,6,a,2022-08-25,2022-09-22,2022,11.90123968,NA,NA,NA,NA,NA,NA,NA,NA,NA,NA,NA,September,Ramped,South.facing,"Late_Dry
(Months 1-3)",Intertidal,NA,0.889,-0.167542323,NA,NA,NA,NA,NA,NA,NA,NA,USGS,Fall,NA,Bay
M3,SanPablo,A,6,b,2022-08-25,2022-09-22,2022,5.59842155,NA,NA,NA,NA,NA,NA,NA,NA,NA,NA,NA,September,Ramped,South.facing,"Late_Dry
(Months 1-3)",Intertidal,NA,0.889,-0.167542323,NA,NA,NA,NA,NA,NA,NA,NA,USGS,Fall,NA,Bay
M3,SanPablo,A,6,c,2022-08-25,2022-09-22,2022,4.826647901,NA,NA,NA,NA,NA,NA,NA,NA,NA,NA,NA,September,Ramped,South.facing,"Late_Dry
(Months 1-3)",Intertidal,NA,0.889,-0.167542323,NA,NA,NA,NA,NA,NA,NA,NA,USGS,Fall,NA,Bay
M3,SanPablo,A,12,a,2022-08-25,2022-09-22,2022,2.107064566,NA,NA,NA,NA,NA,NA,NA,NA,NA,NA,NA,September,Ramped,South.facing,"Late_Dry
(Months 1-3)",Intertidal,NA,1.069,0.039305726,NA,NA,NA,NA,NA,NA,NA,NA,USGS,Fall,NA,Bay
M3,SanPablo,A,12,b,2022-08-25,2022-09-22,2022,3.981371999,NA,NA,NA,NA,NA,NA,NA,NA,NA,NA,NA,September,Ramped,South.facing,"Late_Dry
(Months 1-3)",Intertidal,NA,1.069,0.039305726,NA,NA,NA,NA,NA,NA,NA,NA,USGS,Fall,NA,Bay
M3,SanPablo,A,12,c,2022-08-25,2022-09-22,2022,2.523577329,NA,NA,NA,NA,NA,NA,NA,NA,NA,NA,NA,September,Ramped,South.facing,"Late_Dry
(Months 1-3)",Intertidal,NA,1.069,0.039305726,NA,NA,NA,NA,NA,NA,NA,NA,USGS,Fall,NA,Bay
M3,SanPablo,A,24,a,2022-08-25,2022-09-22,2022,2.437824701,NA,NA,NA,NA,NA,NA,NA,NA,NA,NA,NA,September,Ramped,South.facing,"Late_Dry
(Months 1-3)",Edge,NA,1.713,0.779362081,NA,NA,NA,NA,NA,NA,NA,NA,USGS,Fall,NA,Bay
M3,SanPablo,A,24,b,2022-08-25,2022-09-22,2022,0.189880818,NA,NA,NA,NA,NA,NA,NA,NA,NA,NA,NA,September,Ramped,South.facing,"Late_Dry
(Months 1-3)",Edge,NA,1.713,0.779362081,NA,NA,NA,NA,NA,NA,NA,NA,USGS,Fall,NA,Bay
M3,SanPablo,A,24,c,2022-08-25,2022-09-22,2022,0.679895834,NA,NA,NA,NA,NA,NA,NA,NA,NA,NA,NA,September,Ramped,South.facing,"Late_Dry
(Months 1-3)",Edge,NA,1.713,0.779362081,NA,NA,NA,NA,NA,NA,NA,NA,USGS,Fall,10.34819395,Bay
M3,SanPablo,A,48,a,2022-08-25,2022-09-22,2022,7.53398086,NA,NA,NA,NA,NA,NA,NA,NA,NA,NA,NA,September,Ramped,South.facing,"Late_Dry
(Months 1-3)",Platform,NA,2.01,1.120661362,NA,NA,NA,NA,NA,NA,NA,NA,USGS,Fall,NA,Bay
M3,SanPablo,A,48,b,2022-08-25,2022-09-22,2022,6.854085027,NA,NA,NA,NA,NA,NA,NA,NA,NA,NA,NA,September,Ramped,South.facing,"Late_Dry
(Months 1-3)",Platform,NA,2.01,1.120661362,NA,NA,NA,NA,NA,NA,NA,NA,USGS,Fall,8.67807154,Bay
M3,SanPablo,A,48,c,2022-08-25,2022-09-22,2022,2.156066067,NA,NA,NA,NA,NA,NA,NA,NA,NA,NA,NA,September,Ramped,South.facing,"Late_Dry
(Months 1-3)",Platform,NA,2.01,1.120661362,NA,NA,NA,NA,NA,NA,NA,NA,USGS,Fall,NA,Bay
M3,SanPablo,A,72,a,2022-08-25,2022-09-22,2022,3.319851729,NA,NA,NA,NA,NA,NA,NA,NA,NA,NA,NA,September,Ramped,South.facing,"Late_Dry
(Months 1-3)",Upland,NA,2.04,1.155136037,NA,NA,NA,NA,NA,NA,NA,NA,USGS,Fall,NA,Bay
M3,SanPablo,A,72,b,2022-08-25,2022-09-22,2022,3.932370498,NA,NA,NA,NA,NA,NA,NA,NA,NA,NA,NA,September,Ramped,South.facing,"Late_Dry
(Months 1-3)",Upland,NA,2.04,1.155136037,NA,NA,NA,NA,NA,NA,NA,NA,USGS,Fall,NA,Bay
M3,SanPablo,A,72,c,2022-08-25,2022-09-22,2022,4.685768584,NA,NA,NA,NA,NA,NA,NA,NA,NA,NA,NA,September,Ramped,South.facing,"Late_Dry
(Months 1-3)",Upland,NA,2.04,1.155136037,NA,NA,NA,NA,NA,NA,NA,NA,USGS,Fall,NA,Bay
M3,SanPablo,A,150,a,2022-08-25,2022-09-22,2022,2.646081083,NA,NA,NA,NA,NA,NA,NA,NA,NA,NA,NA,September,Ramped,South.facing,"Late_Dry
(Months 1-3)",Upland,NA,1.974,1.079291752,NA,NA,NA,NA,NA,NA,NA,NA,USGS,Fall,12.09872282,Bay
M3,SanPablo,A,150,b,2022-08-25,2022-09-22,2022,4.771521212,NA,NA,NA,NA,NA,NA,NA,NA,NA,NA,NA,September,Ramped,South.facing,"Late_Dry
(Months 1-3)",Upland,NA,1.974,1.079291752,NA,NA,NA,NA,NA,NA,NA,NA,USGS,Fall,NA,Bay
M3,SanPablo,A,150,c,2022-08-25,2022-09-22,2022,4.814397525,NA,NA,NA,NA,NA,NA,NA,NA,NA,NA,NA,September,Ramped,South.facing,"Late_Dry
(Months 1-3)",Upland,NA,1.974,1.079291752,NA,NA,NA,NA,NA,NA,NA,NA,USGS,Fall,NA,Bay
M3,SanPablo,B,0.5,a,2022-08-25,2022-09-22,2022,15.61922861,NA,NA,NA,NA,NA,NA,NA,NA,NA,NA,NA,September,Ramped,South.facing,"Late_Dry
(Months 1-3)",Intertidal,NA,0.774,-0.299695244,NA,NA,NA,NA,NA,NA,NA,NA,USGS,Fall,NA,Bay
M3,SanPablo,B,0.5,b,2022-08-25,2022-09-22,2022,8.416007888,NA,NA,NA,NA,NA,NA,NA,NA,NA,NA,NA,September,Ramped,South.facing,"Late_Dry
(Months 1-3)",Intertidal,NA,0.774,-0.299695244,NA,NA,NA,NA,NA,NA,NA,NA,USGS,Fall,NA,Bay
M3,SanPablo,B,0.5,c,2022-08-25,2022-09-22,2022,8.397632325,NA,NA,NA,NA,NA,NA,NA,NA,NA,NA,NA,September,Ramped,South.facing,"Late_Dry
(Months 1-3)",Intertidal,NA,0.774,-0.299695244,NA,NA,NA,NA,NA,NA,NA,NA,USGS,Fall,NA,Bay
M3,SanPablo,B,2,a,2022-08-25,2022-09-22,2022,6.008809125,NA,NA,NA,NA,NA,NA,NA,NA,NA,NA,NA,September,Ramped,South.facing,"Late_Dry
(Months 1-3)",Intertidal,NA,0.805,-0.264071413,NA,NA,NA,NA,NA,NA,NA,NA,USGS,Fall,NA,Bay
M3,SanPablo,B,2,b,2022-08-25,2022-09-22,2022,5.083905784,NA,NA,NA,NA,NA,NA,NA,NA,NA,NA,NA,September,Ramped,South.facing,"Late_Dry
(Months 1-3)",Intertidal,NA,0.805,-0.264071413,NA,NA,NA,NA,NA,NA,NA,NA,USGS,Fall,NA,Bay
M3,SanPablo,B,2,c,2022-08-25,2022-09-22,2022,6.982713968,NA,NA,NA,NA,NA,NA,NA,NA,NA,NA,NA,September,Ramped,South.facing,"Late_Dry
(Months 1-3)",Intertidal,NA,0.805,-0.264071413,NA,NA,NA,NA,NA,NA,NA,NA,USGS,Fall,NA,Bay
M3,SanPablo,B,6,a,2022-08-25,2022-09-22,2022,14.9270824,NA,NA,NA,NA,NA,NA,NA,NA,NA,NA,NA,September,Ramped,South.facing,"Late_Dry
(Months 1-3)",Intertidal,NA,0.837,-0.227298427,NA,NA,NA,NA,NA,NA,NA,NA,USGS,Fall,NA,Bay
M3,SanPablo,B,6,b,2022-08-25,2022-09-22,2022,14.93933278,NA,NA,NA,NA,NA,NA,NA,NA,NA,NA,NA,September,Ramped,South.facing,"Late_Dry
(Months 1-3)",Intertidal,NA,0.837,-0.227298427,NA,NA,NA,NA,NA,NA,NA,NA,USGS,Fall,NA,Bay
M3,SanPablo,B,6,c,2022-08-25,2022-09-22,2022,5.488168172,NA,NA,NA,NA,NA,NA,NA,NA,NA,NA,NA,September,Ramped,South.facing,"Late_Dry
(Months 1-3)",Intertidal,NA,0.837,-0.227298427,NA,NA,NA,NA,NA,NA,NA,NA,USGS,Fall,NA,Bay
M3,SanPablo,B,12,a,2022-08-25,2022-09-22,2022,2.290820197,NA,NA,NA,NA,NA,NA,NA,NA,NA,NA,NA,September,Ramped,South.facing,"Late_Dry
(Months 1-3)",Intertidal,NA,1.042,0.008278519,NA,NA,NA,NA,NA,NA,NA,NA,USGS,Fall,NA,Bay
M3,SanPablo,B,12,b,2022-08-25,2022-09-22,2022,2.039687501,NA,NA,NA,NA,NA,NA,NA,NA,NA,NA,NA,September,Ramped,South.facing,"Late_Dry
(Months 1-3)",Intertidal,NA,1.042,0.008278519,NA,NA,NA,NA,NA,NA,NA,NA,USGS,Fall,NA,Bay
M3,SanPablo,B,12,c,2022-08-25,2022-09-22,2022,0.31850976,NA,NA,NA,NA,NA,NA,NA,NA,NA,NA,NA,September,Ramped,South.facing,"Late_Dry
(Months 1-3)",Intertidal,NA,1.042,0.008278519,NA,NA,NA,NA,NA,NA,NA,NA,USGS,Fall,NA,Bay
M3,SanPablo,B,24,a,2022-08-25,2022-09-22,2022,8.269003383,NA,NA,NA,NA,NA,NA,NA,NA,NA,NA,NA,September,Ramped,South.facing,"Late_Dry
(Months 1-3)",Edge,NA,1.563,0.606988706,NA,NA,NA,NA,NA,NA,NA,NA,USGS,Fall,NA,Bay
M3,SanPablo,B,24,b,2022-08-25,2022-09-22,2022,3.577109612,NA,NA,NA,NA,NA,NA,NA,NA,NA,NA,NA,September,Ramped,South.facing,"Late_Dry
(Months 1-3)",Edge,NA,1.563,0.606988706,NA,NA,NA,NA,NA,NA,NA,NA,USGS,Fall,NA,Bay
M3,SanPablo,B,24,c,2022-08-25,2022-09-22,2022,2.370447637,NA,NA,NA,NA,NA,NA,NA,NA,NA,NA,NA,September,Ramped,South.facing,"Late_Dry
(Months 1-3)",Edge,NA,1.563,0.606988706,NA,NA,NA,NA,NA,NA,NA,NA,USGS,Fall,NA,Bay
M3,SanPablo,B,48,a,2022-08-25,2022-09-22,2022,5.096156159,NA,NA,NA,NA,NA,NA,NA,NA,NA,NA,NA,September,Ramped,South.facing,"Late_Dry
(Months 1-3)",Platform,NA,1.978,1.083888376,NA,NA,NA,NA,NA,NA,NA,NA,USGS,Fall,9.496777246,Bay
M3,SanPablo,B,48,b,2022-08-25,2022-09-22,2022,5.610671925,NA,NA,NA,NA,NA,NA,NA,NA,NA,NA,NA,September,Ramped,South.facing,"Late_Dry
(Months 1-3)",Platform,NA,1.978,1.083888376,NA,NA,NA,NA,NA,NA,NA,NA,USGS,Fall,NA,Bay
M3,SanPablo,B,48,c,2022-08-25,2022-09-22,2022,7.962743999,NA,NA,NA,NA,NA,NA,NA,NA,NA,NA,NA,September,Ramped,South.facing,"Late_Dry
(Months 1-3)",Platform,NA,1.978,1.083888376,NA,NA,NA,NA,NA,NA,NA,NA,USGS,Fall,NA,Bay
M3,SanPablo,B,72,a,2022-08-25,2022-09-22,2022,5.310537728,NA,NA,NA,NA,NA,NA,NA,NA,NA,NA,NA,September,Ramped,South.facing,"Late_Dry
(Months 1-3)",Upland,NA,2.012,1.122959674,NA,NA,NA,NA,NA,NA,NA,NA,USGS,Fall,11.7991374,Bay
M3,SanPablo,B,72,b,2022-08-25,2022-09-22,2022,NA,NA,NA,NA,NA,NA,NA,NA,NA,NA,NA,NA,September,Ramped,South.facing,"Late_Dry
(Months 1-3)",Upland,NA,2.012,1.122959674,NA,NA,NA,NA,NA,NA,NA,NA,USGS,Fall,NA,Bay
M3,SanPablo,B,72,c,2022-08-25,2022-09-22,2022,7.515605297,NA,NA,NA,NA,NA,NA,NA,NA,NA,NA,NA,September,Ramped,South.facing,"Late_Dry
(Months 1-3)",Upland,NA,2.012,1.122959674,NA,NA,NA,NA,NA,NA,NA,NA,USGS,Fall,NA,Bay
M3,SanPablo,B,150,a,2022-08-25,2022-09-22,2022,2.97071603,NA,NA,NA,NA,NA,NA,NA,NA,NA,NA,NA,September,Ramped,South.facing,"Late_Dry
(Months 1-3)",Upland,NA,2.014,1.125257985,NA,NA,NA,NA,NA,NA,NA,NA,USGS,Fall,9.663108277,Bay
M3,SanPablo,B,150,b,2022-08-25,2022-09-22,2022,2.027437126,NA,NA,NA,NA,NA,NA,NA,NA,NA,NA,NA,September,Ramped,South.facing,"Late_Dry
(Months 1-3)",Upland,NA,2.014,1.125257985,NA,NA,NA,NA,NA,NA,NA,NA,USGS,Fall,NA,Bay
M3,SanPablo,B,150,c,2022-08-25,2022-09-22,2022,1.825305932,NA,NA,NA,NA,NA,NA,NA,NA,NA,NA,NA,September,Ramped,South.facing,"Late_Dry
(Months 1-3)",Upland,NA,2.014,1.125257985,NA,NA,NA,NA,NA,NA,NA,NA,USGS,Fall,NA,Bay
M4,CorteMadera,B,48,a,2022-09-21,2022-10-25,2022,2.306031079,NA,NA,NA,NA,NA,NA,NA,NA,NA,NA,NA,October,Scarped,East.facing,"Tran
(Months 4-6)",Upland,NA,1.692,0.811338583,NA,NA,NA,NA,NA,NA,NA,NA,USGS,Fall,NA,Bay
M4,CorteMadera,B,48,b,2022-09-21,2022-10-25,2022,2.286568596,NA,NA,NA,NA,NA,NA,NA,NA,NA,NA,NA,October,Scarped,East.facing,"Tran
(Months 4-6)",Upland,NA,1.692,0.811338583,NA,NA,NA,NA,NA,NA,NA,NA,USGS,Fall,NA,Bay
M4,CorteMadera,B,48,c,2022-09-21,2022-10-25,2022,2.687588237,NA,NA,NA,NA,NA,NA,NA,NA,NA,NA,NA,October,Scarped,East.facing,"Tran
(Months 4-6)",Upland,NA,1.692,0.811338583,NA,NA,NA,NA,NA,NA,NA,NA,USGS,Fall,NA,Bay
M4,CorteMadera,B,24,a,2022-09-21,2022-10-25,2022,24.58628721,NA,NA,NA,NA,NA,NA,NA,NA,NA,NA,NA,October,Scarped,East.facing,"Tran
(Months 4-6)",Platform,NA,1.642,0.751686948,NA,NA,NA,NA,NA,NA,NA,NA,USGS,Fall,NA,Bay
M4,CorteMadera,B,24,b,2022-09-21,2022-10-25,2022,24.16806395,NA,NA,NA,NA,NA,NA,NA,NA,NA,NA,NA,October,Scarped,East.facing,"Tran
(Months 4-6)",Platform,NA,1.642,0.751686948,NA,NA,NA,NA,NA,NA,NA,NA,USGS,Fall,NA,Bay
M4,CorteMadera,B,24,c,2022-09-21,2022-10-25,2022,17.81586504,NA,NA,NA,NA,NA,NA,NA,NA,NA,NA,NA,October,Scarped,East.facing,"Tran
(Months 4-6)",Platform,NA,1.642,0.751686948,NA,NA,NA,NA,NA,NA,NA,NA,USGS,Fall,NA,Bay
M4,CorteMadera,B,12,a,2022-09-21,2022-10-25,2022,3.827089331,NA,NA,NA,NA,NA,NA,NA,NA,NA,NA,NA,October,Scarped,East.facing,"Tran
(Months 4-6)",Platform,NA,1.664,0.777933667,NA,NA,NA,NA,NA,NA,NA,NA,USGS,Fall,NA,Bay
M4,CorteMadera,B,12,b,2022-09-21,2022-10-25,2022,3.668194756,NA,NA,NA,NA,NA,NA,NA,NA,NA,NA,NA,October,Scarped,East.facing,"Tran
(Months 4-6)",Platform,NA,1.664,0.777933667,NA,NA,NA,NA,NA,NA,NA,NA,USGS,Fall,NA,Bay
M4,CorteMadera,B,12,c,2022-09-21,2022-10-25,2022,2.535755643,NA,NA,NA,NA,NA,NA,NA,NA,NA,NA,NA,October,Scarped,East.facing,"Tran
(Months 4-6)",Platform,NA,1.664,0.777933667,NA,NA,NA,NA,NA,NA,NA,NA,USGS,Fall,NA,Bay
M4,CorteMadera,B,6,a,2022-09-21,2022-10-25,2022,1.035589086,NA,NA,NA,NA,NA,NA,NA,NA,NA,NA,NA,October,Scarped,East.facing,"Tran
(Months 4-6)",Edge,NA,1.672,0.787477929,NA,NA,NA,NA,NA,NA,NA,NA,USGS,Fall,NA,Bay
M4,CorteMadera,B,6,b,2022-09-21,2022-10-25,2022,1.36901548,NA,NA,NA,NA,NA,NA,NA,NA,NA,NA,NA,October,Scarped,East.facing,"Tran
(Months 4-6)",Edge,NA,1.672,0.787477929,NA,NA,NA,NA,NA,NA,NA,NA,USGS,Fall,NA,Bay
M4,CorteMadera,B,6,c,2022-09-21,2022-10-25,2022,1.952637775,NA,NA,NA,NA,NA,NA,NA,NA,NA,NA,NA,October,Scarped,East.facing,"Tran
(Months 4-6)",Edge,NA,1.672,0.787477929,NA,NA,NA,NA,NA,NA,NA,NA,USGS,Fall,NA,Bay
M4,CorteMadera,B,2,a,2022-09-21,2022-10-25,2022,NA,NA,NA,NA,NA,NA,NA,NA,NA,NA,NA,NA,October,Scarped,East.facing,"Tran
(Months 4-6)",Edge,NA,1.605,0.707544739,NA,NA,NA,NA,NA,NA,NA,NA,USGS,Fall,NA,Bay
M4,CorteMadera,B,2,b,2022-09-21,2022-10-25,2022,NA,NA,NA,NA,NA,NA,NA,NA,NA,NA,NA,NA,October,Scarped,East.facing,"Tran
(Months 4-6)",Edge,NA,1.605,0.707544739,NA,NA,NA,NA,NA,NA,NA,NA,USGS,Fall,NA,Bay
M4,CorteMadera,B,2,c,2022-09-21,2022-10-25,2022,NA,NA,NA,NA,NA,NA,NA,NA,NA,NA,NA,NA,October,Scarped,East.facing,"Tran
(Months 4-6)",Edge,NA,1.605,0.707544739,NA,NA,NA,NA,NA,NA,NA,NA,USGS,Fall,NA,Bay
M4,CorteMadera,A,48,a,2022-09-21,2022-10-25,2022,1.795256482,NA,NA,NA,NA,NA,NA,NA,NA,NA,NA,NA,October,Scarped,East.facing,"Tran
(Months 4-6)",Upland,NA,1.724,0.849515629,NA,NA,NA,NA,NA,NA,NA,NA,USGS,Fall,NA,Bay
M4,CorteMadera,A,48,b,2022-09-21,2022-10-25,2022,1.964744028,NA,NA,NA,NA,NA,NA,NA,NA,NA,NA,NA,October,Scarped,East.facing,"Tran
(Months 4-6)",Upland,NA,1.724,0.849515629,NA,NA,NA,NA,NA,NA,NA,NA,USGS,Fall,NA,Bay
M4,CorteMadera,A,48,c,2022-09-21,2022-10-25,2022,2.70333872,NA,NA,NA,NA,NA,NA,NA,NA,NA,NA,NA,October,Scarped,East.facing,"Tran
(Months 4-6)",Upland,NA,1.724,0.849515629,NA,NA,NA,NA,NA,NA,NA,NA,USGS,Fall,NA,Bay
M4,CorteMadera,A,24,a,2022-09-21,2022-10-25,2022,7.060016492,NA,NA,NA,NA,NA,NA,NA,NA,NA,NA,NA,October,Scarped,East.facing,"Tran
(Months 4-6)",Platform,NA,1.664,0.777933667,NA,NA,NA,NA,NA,NA,NA,NA,USGS,Fall,NA,Bay
M4,CorteMadera,A,24,b,2022-09-21,2022-10-25,2022,7.637028136,NA,NA,NA,NA,NA,NA,NA,NA,NA,NA,NA,October,Scarped,East.facing,"Tran
(Months 4-6)",Platform,NA,1.664,0.777933667,NA,NA,NA,NA,NA,NA,NA,NA,USGS,Fall,NA,Bay
M4,CorteMadera,A,24,c,2022-09-21,2022-10-25,2022,3.63288485,NA,NA,NA,NA,NA,NA,NA,NA,NA,NA,NA,October,Scarped,East.facing,"Tran
(Months 4-6)",Platform,NA,1.664,0.777933667,NA,NA,NA,NA,NA,NA,NA,NA,USGS,Fall,NA,Bay
M4,CorteMadera,A,12,a,2022-09-21,2022-10-25,2022,2.773340865,NA,NA,NA,NA,NA,NA,NA,NA,NA,NA,NA,October,Scarped,East.facing,"Tran
(Months 4-6)",Platform,NA,1.705,0.826848008,NA,NA,NA,NA,NA,NA,NA,NA,USGS,Fall,NA,Bay
M4,CorteMadera,A,12,b,2022-09-21,2022-10-25,2022,3.81336059,NA,NA,NA,NA,NA,NA,NA,NA,NA,NA,NA,October,Scarped,East.facing,"Tran
(Months 4-6)",Platform,NA,1.705,0.826848008,NA,NA,NA,NA,NA,NA,NA,NA,USGS,Fall,NA,Bay
M4,CorteMadera,A,12,c,2022-09-21,2022-10-25,2022,2.770818729,NA,NA,NA,NA,NA,NA,NA,NA,NA,NA,NA,October,Scarped,East.facing,"Tran
(Months 4-6)",Platform,NA,1.705,0.826848008,NA,NA,NA,NA,NA,NA,NA,NA,USGS,Fall,NA,Bay
M4,CorteMadera,A,6,a,2022-09-21,2022-10-25,2022,1.055261748,NA,NA,NA,NA,NA,NA,NA,NA,NA,NA,NA,October,Scarped,East.facing,"Tran
(Months 4-6)",Edge,NA,1.691,0.81014555,NA,NA,NA,NA,NA,NA,NA,NA,USGS,Fall,NA,Bay
M4,CorteMadera,A,6,b,2022-09-21,2022-10-25,2022,0.28147039,NA,NA,NA,NA,NA,NA,NA,NA,NA,NA,NA,October,Scarped,East.facing,"Tran
(Months 4-6)",Edge,NA,1.691,0.81014555,NA,NA,NA,NA,NA,NA,NA,NA,USGS,Fall,NA,Bay
M4,CorteMadera,A,6,c,2022-09-21,2022-10-25,2022,4.337065252,NA,NA,NA,NA,NA,NA,NA,NA,NA,NA,NA,October,Scarped,East.facing,"Tran
(Months 4-6)",Edge,NA,1.691,0.81014555,NA,NA,NA,NA,NA,NA,NA,NA,USGS,Fall,NA,Bay
M4,CorteMadera,A,2,a,2022-09-21,2022-10-25,2022,NA,NA,NA,NA,NA,NA,NA,NA,NA,NA,NA,NA,October,Scarped,East.facing,"Tran
(Months 4-6)",Edge,NA,1.684,0.801794321,NA,NA,NA,NA,NA,NA,NA,NA,USGS,Fall,NA,Bay
M4,CorteMadera,A,2,b,2022-09-21,2022-10-25,2022,0.91149999,NA,NA,NA,NA,NA,NA,NA,NA,NA,NA,NA,October,Scarped,East.facing,"Tran
(Months 4-6)",Edge,NA,1.684,0.801794321,NA,NA,NA,NA,NA,NA,NA,NA,USGS,Fall,NA,Bay
M4,CorteMadera,A,2,c,2022-09-21,2022-10-25,2022,NA,NA,NA,NA,NA,NA,NA,NA,NA,NA,NA,NA,October,Scarped,East.facing,"Tran
(Months 4-6)",Edge,NA,1.684,0.801794321,NA,NA,NA,NA,NA,NA,NA,NA,USGS,Fall,NA,Bay
M4,CorteMadera,B,0.5,a,2022-09-21,2022-10-25,2022,NA,NA,NA,NA,NA,NA,NA,NA,NA,NA,NA,NA,October,Scarped,East.facing,"Tran
(Months 4-6)",Edge,NA,1.576,0.672946791,NA,NA,NA,NA,NA,NA,NA,NA,USGS,Fall,NA,Bay
M4,CorteMadera,B,0.5,b,2022-09-21,2022-10-25,2022,NA,NA,NA,NA,NA,NA,NA,NA,NA,NA,NA,NA,October,Scarped,East.facing,"Tran
(Months 4-6)",Edge,NA,1.576,0.672946791,NA,NA,NA,NA,NA,NA,NA,NA,USGS,Fall,NA,Bay
M4,CorteMadera,B,0.5,c,2022-09-21,2022-10-25,2022,NA,NA,NA,NA,NA,NA,NA,NA,NA,NA,NA,NA,October,Scarped,East.facing,"Tran
(Months 4-6)",Edge,NA,1.576,0.672946791,NA,NA,NA,NA,NA,NA,NA,NA,USGS,Fall,NA,Bay
M4,CorteMadera,A,0.5,a,2022-09-21,2022-10-25,2022,NA,NA,NA,NA,NA,NA,NA,NA,NA,NA,NA,NA,October,Scarped,East.facing,"Tran
(Months 4-6)",Edge,NA,1.598,0.69919351,NA,NA,NA,NA,NA,NA,NA,NA,USGS,Fall,NA,Bay
M4,CorteMadera,A,0.5,b,2022-09-21,2022-10-25,2022,0.283992526,NA,NA,NA,NA,NA,NA,NA,NA,NA,NA,NA,October,Scarped,East.facing,"Tran
(Months 4-6)",Edge,NA,1.598,0.69919351,NA,NA,NA,NA,NA,NA,NA,NA,USGS,Fall,NA,Bay
M4,CorteMadera,A,0.5,c,2022-09-21,2022-10-25,2022,0.149814885,NA,NA,NA,NA,NA,NA,NA,NA,NA,NA,NA,October,Scarped,East.facing,"Tran
(Months 4-6)",Edge,NA,1.598,0.69919351,NA,NA,NA,NA,NA,NA,NA,NA,USGS,Fall,NA,Bay
M4,SanPablo,B,150,b,2022-09-22,2022-10-26,2022,2.179125598,NA,NA,NA,NA,NA,NA,NA,NA,NA,NA,NA,October,Ramped,South.facing,"Tran
(Months 4-6)",Upland,NA,2.014,1.125257985,NA,NA,NA,NA,NA,NA,NA,NA,USGS,Fall,7.527322404,Bay
M4,SanPablo,B,150,c,2022-09-22,2022-10-26,2022,2.848500521,NA,NA,NA,NA,NA,NA,NA,NA,NA,NA,NA,October,Ramped,South.facing,"Tran
(Months 4-6)",Upland,NA,2.014,1.125257985,NA,NA,NA,NA,NA,NA,NA,NA,USGS,Fall,7.314614831,Bay
M4,SanPablo,B,150,a,2022-09-22,2022-10-26,2022,1.624255654,NA,NA,NA,NA,NA,NA,NA,NA,NA,NA,NA,October,Ramped,South.facing,"Tran
(Months 4-6)",Upland,NA,2.014,1.125257985,NA,NA,NA,NA,NA,NA,NA,NA,USGS,Fall,NA,Bay
M4,SanPablo,B,72,b,2022-09-22,2022-10-26,2022,1.439635291,NA,NA,NA,NA,NA,NA,NA,NA,NA,NA,NA,October,Ramped,South.facing,"Tran
(Months 4-6)",Upland,NA,2.012,1.122959674,NA,NA,NA,NA,NA,NA,NA,NA,USGS,Fall,NA,Bay
M4,SanPablo,B,72,c,2022-09-22,2022-10-26,2022,2.724411424,NA,NA,NA,NA,NA,NA,NA,NA,NA,NA,NA,October,Ramped,South.facing,"Tran
(Months 4-6)",Upland,NA,2.012,1.122959674,NA,NA,NA,NA,NA,NA,NA,NA,USGS,Fall,NA,Bay
M4,SanPablo,B,72,a,2022-09-22,2022-10-26,2022,2.950899247,NA,NA,NA,NA,NA,NA,NA,NA,NA,NA,NA,October,Ramped,South.facing,"Tran
(Months 4-6)",Upland,NA,2.012,1.122959674,NA,NA,NA,NA,NA,NA,NA,NA,USGS,Fall,8.664666167,Bay
M4,SanPablo,B,48,b,2022-09-22,2022-10-26,2022,1.009863298,NA,NA,NA,NA,NA,NA,NA,NA,NA,NA,NA,October,Ramped,South.facing,"Tran
(Months 4-6)",Platform,NA,1.978,1.083888376,NA,NA,NA,NA,NA,NA,NA,NA,USGS,Fall,NA,Bay
M4,SanPablo,B,48,c,2022-09-22,2022-10-26,2022,2.064116191,NA,NA,NA,NA,NA,NA,NA,NA,NA,NA,NA,October,Ramped,South.facing,"Tran
(Months 4-6)",Platform,NA,1.978,1.083888376,NA,NA,NA,NA,NA,NA,NA,NA,USGS,Fall,NA,Bay
M4,SanPablo,B,48,a,2022-09-22,2022-10-26,2022,1.525387918,NA,NA,NA,NA,NA,NA,NA,NA,NA,NA,NA,October,Ramped,South.facing,"Tran
(Months 4-6)",Platform,NA,1.978,1.083888376,NA,NA,NA,NA,NA,NA,NA,NA,USGS,Fall,9.752547307,Bay
M4,SanPablo,A,150,b,2022-09-22,2022-10-26,2022,0.550834526,NA,NA,NA,NA,NA,NA,NA,NA,NA,NA,NA,October,Ramped,South.facing,"Tran
(Months 4-6)",Upland,NA,1.974,1.079291752,NA,NA,NA,NA,NA,NA,NA,NA,USGS,Fall,NA,Bay
M4,SanPablo,A,150,c,2022-09-22,2022-10-26,2022,2.828323432,NA,NA,NA,NA,NA,NA,NA,NA,NA,NA,NA,October,Ramped,South.facing,"Tran
(Months 4-6)",Upland,NA,1.974,1.079291752,NA,NA,NA,NA,NA,NA,NA,NA,USGS,Fall,NA,Bay
M4,SanPablo,A,150,a,2022-09-22,2022-10-26,2022,3.188484468,NA,NA,NA,NA,NA,NA,NA,NA,NA,NA,NA,October,Ramped,South.facing,"Tran
(Months 4-6)",Upland,NA,1.974,1.079291752,NA,NA,NA,NA,NA,NA,NA,NA,USGS,Fall,NA,Bay
M4,SanPablo,A,72,b,2022-09-22,2022-10-26,2022,0.273399554,NA,NA,NA,NA,NA,NA,NA,NA,NA,NA,NA,October,Ramped,South.facing,"Tran
(Months 4-6)",Upland,NA,2.04,1.155136037,NA,NA,NA,NA,NA,NA,NA,NA,USGS,Fall,5.572983945,Bay
M4,SanPablo,A,72,c,2022-09-22,2022-10-26,2022,0.856012995,NA,NA,NA,NA,NA,NA,NA,NA,NA,NA,NA,October,Ramped,South.facing,"Tran
(Months 4-6)",Upland,NA,2.04,1.155136037,NA,NA,NA,NA,NA,NA,NA,NA,USGS,Fall,7.322536182,Bay
M4,SanPablo,A,72,a,2022-09-22,2022-10-26,2022,0.637596008,NA,NA,NA,NA,NA,NA,NA,NA,NA,NA,NA,October,Ramped,South.facing,"Tran
(Months 4-6)",Upland,NA,2.04,1.155136037,NA,NA,NA,NA,NA,NA,NA,NA,USGS,Fall,NA,Bay
M4,SanPablo,A,48,b,2022-09-22,2022-10-26,2022,0.873667948,NA,NA,NA,NA,NA,NA,NA,NA,NA,NA,NA,October,Ramped,South.facing,"Tran
(Months 4-6)",Platform,NA,2.01,1.120661362,NA,NA,NA,NA,NA,NA,NA,NA,USGS,Fall,NA,Bay
M4,SanPablo,A,48,c,2022-09-22,2022-10-26,2022,0.726375199,NA,NA,NA,NA,NA,NA,NA,NA,NA,NA,NA,October,Ramped,South.facing,"Tran
(Months 4-6)",Platform,NA,2.01,1.120661362,NA,NA,NA,NA,NA,NA,NA,NA,USGS,Fall,NA,Bay
M4,SanPablo,A,48,a,2022-09-22,2022-10-26,2022,1.176828708,NA,NA,NA,NA,NA,NA,NA,NA,NA,NA,NA,October,Ramped,South.facing,"Tran
(Months 4-6)",Platform,NA,2.01,1.120661362,NA,NA,NA,NA,NA,NA,NA,NA,USGS,Fall,NA,Bay
M4,SanPablo,B,24,b,2022-09-22,2022-10-26,2022,NA,NA,NA,NA,NA,NA,NA,NA,NA,NA,NA,NA,October,Ramped,South.facing,"Tran
(Months 4-6)",Edge,NA,1.563,0.606988706,NA,NA,NA,NA,NA,NA,NA,NA,USGS,Fall,NA,Bay
M4,SanPablo,B,24,c,2022-09-22,2022-10-26,2022,1.909761461,NA,NA,NA,NA,NA,NA,NA,NA,NA,NA,NA,October,Ramped,South.facing,"Tran
(Months 4-6)",Edge,NA,1.563,0.606988706,NA,NA,NA,NA,NA,NA,NA,NA,USGS,Fall,NA,Bay
M4,SanPablo,B,24,a,2022-09-22,2022-10-26,2022,4.204400892,NA,NA,NA,NA,NA,NA,NA,NA,NA,NA,NA,October,Ramped,South.facing,"Tran
(Months 4-6)",Edge,NA,1.563,0.606988706,NA,NA,NA,NA,NA,NA,NA,NA,USGS,Fall,NA,Bay
M4,SanPablo,B,12,b,2022-09-22,2022-10-26,2022,4.366826458,NA,NA,NA,NA,NA,NA,NA,NA,NA,NA,NA,October,Ramped,South.facing,"Tran
(Months 4-6)",Intertidal,NA,1.042,0.008278519,NA,NA,NA,NA,NA,NA,NA,NA,USGS,Fall,NA,Bay
M4,SanPablo,B,12,c,2022-09-22,2022-10-26,2022,4.618535641,NA,NA,NA,NA,NA,NA,NA,NA,NA,NA,NA,October,Ramped,South.facing,"Tran
(Months 4-6)",Intertidal,NA,1.042,0.008278519,NA,NA,NA,NA,NA,NA,NA,NA,USGS,Fall,NA,Bay
M4,SanPablo,B,12,a,2022-09-22,2022-10-26,2022,0.18512479,NA,NA,NA,NA,NA,NA,NA,NA,NA,NA,NA,October,Ramped,South.facing,"Tran
(Months 4-6)",Intertidal,NA,1.042,0.008278519,NA,NA,NA,NA,NA,NA,NA,NA,USGS,Fall,NA,Bay
M4,SanPablo,B,6,b,2022-09-22,2022-10-26,2022,9.9619332,NA,NA,NA,NA,NA,NA,NA,NA,NA,NA,NA,October,Ramped,South.facing,"Tran
(Months 4-6)",Intertidal,NA,0.837,-0.227298427,NA,NA,NA,NA,NA,NA,NA,NA,USGS,Fall,NA,Bay
M4,SanPablo,B,6,c,2022-09-22,2022-10-26,2022,11.42225001,NA,NA,NA,NA,NA,NA,NA,NA,NA,NA,NA,October,Ramped,South.facing,"Tran
(Months 4-6)",Intertidal,NA,0.837,-0.227298427,NA,NA,NA,NA,NA,NA,NA,NA,USGS,Fall,NA,Bay
M4,SanPablo,B,6,a,2022-09-22,2022-10-26,2022,6.429429367,NA,NA,NA,NA,NA,NA,NA,NA,NA,NA,NA,October,Ramped,South.facing,"Tran
(Months 4-6)",Intertidal,NA,0.837,-0.227298427,NA,NA,NA,NA,NA,NA,NA,NA,USGS,Fall,NA,Bay
M4,SanPablo,B,2,b,2022-09-22,2022-10-26,2022,4.163542287,NA,NA,NA,NA,NA,NA,NA,NA,NA,NA,NA,October,Ramped,South.facing,"Tran
(Months 4-6)",Intertidal,NA,0.805,-0.264071413,NA,NA,NA,NA,NA,NA,NA,NA,USGS,Fall,NA,Bay
M4,SanPablo,B,2,c,2022-09-22,2022-10-26,2022,11.03081448,NA,NA,NA,NA,NA,NA,NA,NA,NA,NA,NA,October,Ramped,South.facing,"Tran
(Months 4-6)",Intertidal,NA,0.805,-0.264071413,NA,NA,NA,NA,NA,NA,NA,NA,USGS,Fall,NA,Bay
M4,SanPablo,B,2,a,2022-09-22,2022-10-26,2022,13.21700206,NA,NA,NA,NA,NA,NA,NA,NA,NA,NA,NA,October,Ramped,South.facing,"Tran
(Months 4-6)",Intertidal,NA,0.805,-0.264071413,NA,NA,NA,NA,NA,NA,NA,NA,USGS,Fall,NA,Bay
M4,SanPablo,B,0.5,b,2022-09-22,2022-10-26,2022,9.472638795,NA,NA,NA,NA,NA,NA,NA,NA,NA,NA,NA,October,Ramped,South.facing,"Tran
(Months 4-6)",Intertidal,NA,0.774,-0.299695244,NA,NA,NA,NA,NA,NA,NA,NA,USGS,Fall,NA,Bay
M4,SanPablo,B,0.5,c,2022-09-22,2022-10-26,2022,13.40767555,NA,NA,NA,NA,NA,NA,NA,NA,NA,NA,NA,October,Ramped,South.facing,"Tran
(Months 4-6)",Intertidal,NA,0.774,-0.299695244,NA,NA,NA,NA,NA,NA,NA,NA,USGS,Fall,NA,Bay
M4,SanPablo,B,0.5,a,2022-09-22,2022-10-26,2022,4.408693917,NA,NA,NA,NA,NA,NA,NA,NA,NA,NA,NA,October,Ramped,South.facing,"Tran
(Months 4-6)",Intertidal,NA,0.774,-0.299695244,NA,NA,NA,NA,NA,NA,NA,NA,USGS,Fall,NA,Bay
M4,SanPablo,A,24,b,2022-09-22,2022-10-26,2022,0.649702261,NA,NA,NA,NA,NA,NA,NA,NA,NA,NA,NA,October,Ramped,South.facing,"Tran
(Months 4-6)",Edge,NA,1.713,0.779362081,NA,NA,NA,NA,NA,NA,NA,NA,USGS,Fall,NA,Bay
M4,SanPablo,A,24,c,2022-09-22,2022-10-26,2022,1.091580508,NA,NA,NA,NA,NA,NA,NA,NA,NA,NA,NA,October,Ramped,South.facing,"Tran
(Months 4-6)",Edge,NA,1.713,0.779362081,NA,NA,NA,NA,NA,NA,NA,NA,USGS,Fall,NA,Bay
M4,SanPablo,A,24,a,2022-09-22,2022-10-26,2022,0.402532923,NA,NA,NA,NA,NA,NA,NA,NA,NA,NA,NA,October,Ramped,South.facing,"Tran
(Months 4-6)",Edge,NA,1.713,0.779362081,NA,NA,NA,NA,NA,NA,NA,NA,USGS,Fall,NA,Bay
M4,SanPablo,A,12,b,2022-09-22,2022-10-26,2022,2.249240981,NA,NA,NA,NA,NA,NA,NA,NA,NA,NA,NA,October,Ramped,South.facing,"Tran
(Months 4-6)",Intertidal,NA,1.069,0.039305726,NA,NA,NA,NA,NA,NA,NA,NA,USGS,Fall,NA,Bay
M4,SanPablo,A,12,c,2022-09-22,2022-10-26,2022,1.945071367,NA,NA,NA,NA,NA,NA,NA,NA,NA,NA,NA,October,Ramped,South.facing,"Tran
(Months 4-6)",Intertidal,NA,1.069,0.039305726,NA,NA,NA,NA,NA,NA,NA,NA,USGS,Fall,NA,Bay
M4,SanPablo,A,12,a,2022-09-22,2022-10-26,2022,3.26263527,NA,NA,NA,NA,NA,NA,NA,NA,NA,NA,NA,October,Ramped,South.facing,"Tran
(Months 4-6)",Intertidal,NA,1.069,0.039305726,NA,NA,NA,NA,NA,NA,NA,NA,USGS,Fall,NA,Bay
M4,SanPablo,A,6,b,2022-09-22,2022-10-26,2022,8.237800957,NA,NA,NA,NA,NA,NA,NA,NA,NA,NA,NA,October,Ramped,South.facing,"Tran
(Months 4-6)",Intertidal,NA,0.889,-0.167542323,NA,NA,NA,NA,NA,NA,NA,NA,USGS,Fall,NA,Bay
M4,SanPablo,A,6,c,2022-09-22,2022-10-26,2022,6.311393397,NA,NA,NA,NA,NA,NA,NA,NA,NA,NA,NA,October,Ramped,South.facing,"Tran
(Months 4-6)",Intertidal,NA,0.889,-0.167542323,NA,NA,NA,NA,NA,NA,NA,NA,USGS,Fall,NA,Bay
M4,SanPablo,A,6,a,2022-09-22,2022-10-26,2022,3.674247882,NA,NA,NA,NA,NA,NA,NA,NA,NA,NA,NA,October,Ramped,South.facing,"Tran
(Months 4-6)",Intertidal,NA,0.889,-0.167542323,NA,NA,NA,NA,NA,NA,NA,NA,USGS,Fall,NA,Bay
M4,SanPablo,A,2,b,2022-09-22,2022-10-26,2022,40.19276102,NA,NA,NA,NA,NA,NA,NA,NA,NA,NA,NA,October,Ramped,South.facing,"Tran
(Months 4-6)",Intertidal,NA,0.751,-0.326125828,NA,NA,NA,NA,NA,NA,NA,NA,USGS,Fall,NA,Bay
M4,SanPablo,A,2,c,2022-09-22,2022-10-26,2022,50.00134835,NA,NA,NA,NA,NA,NA,NA,NA,NA,NA,NA,October,Ramped,South.facing,"Tran
(Months 4-6)",Intertidal,NA,0.751,-0.326125828,NA,NA,NA,NA,NA,NA,NA,NA,USGS,Fall,NA,Bay
M4,SanPablo,A,2,a,2022-09-22,2022-10-26,2022,194.0581964,NA,NA,NA,NA,NA,NA,NA,NA,NA,NA,NA,October,Ramped,South.facing,"Tran
(Months 4-6)",Intertidal,NA,0.751,-0.326125828,NA,NA,NA,NA,NA,NA,NA,NA,USGS,Fall,NA,Bay
M4,SanPablo,A,0.5,b,2022-09-22,2022-10-26,2022,53.20849662,NA,NA,NA,NA,NA,NA,NA,NA,NA,NA,NA,October,Ramped,South.facing,"Tran
(Months 4-6)",Intertidal,NA,0.735,-0.344512321,NA,NA,NA,NA,NA,NA,NA,NA,USGS,Fall,NA,Bay
M4,SanPablo,A,0.5,c,2022-09-22,2022-10-26,2022,44.15100143,NA,NA,NA,NA,NA,NA,NA,NA,NA,NA,NA,October,Ramped,South.facing,"Tran
(Months 4-6)",Intertidal,NA,0.735,-0.344512321,NA,NA,NA,NA,NA,NA,NA,NA,USGS,Fall,NA,Bay
M4,SanPablo,A,0.5,a,2022-09-22,2022-10-26,2022,2.991253424,NA,NA,NA,NA,NA,NA,NA,NA,NA,NA,NA,October,Ramped,South.facing,"Tran
(Months 4-6)",Intertidal,NA,0.735,-0.344512321,NA,NA,NA,NA,NA,NA,NA,NA,USGS,Fall,NA,Bay
M5,CorteMadera,A,0.5,a,2022-10-25,2022-11-30,2022,0.040494296,NA,NA,NA,NA,NA,NA,NA,NA,NA,NA,NA,November,Scarped,East.facing,"Tran
(Months 4-6)",Edge,NA,1.598,0.69919351,NA,NA,NA,NA,NA,NA,NA,NA,USGS,Winter,NA,Bay
M5,CorteMadera,A,0.5,b,2022-10-25,2022-11-30,2022,0.132440169,NA,NA,NA,NA,NA,NA,NA,NA,NA,NA,NA,November,Scarped,East.facing,"Tran
(Months 4-6)",Edge,NA,1.598,0.69919351,NA,NA,NA,NA,NA,NA,NA,NA,USGS,Winter,NA,Bay
M5,CorteMadera,A,0.5,c,2022-10-25,2022-11-30,2022,0.039541489,NA,NA,NA,NA,NA,NA,NA,NA,NA,NA,NA,November,Scarped,East.facing,"Tran
(Months 4-6)",Edge,NA,1.598,0.69919351,NA,NA,NA,NA,NA,NA,NA,NA,USGS,Winter,NA,Bay
M5,CorteMadera,A,2,a,2022-10-25,2022-11-30,2022,1.657725334,NA,NA,NA,NA,NA,NA,NA,NA,NA,NA,NA,November,Scarped,East.facing,"Tran
(Months 4-6)",Edge,NA,1.684,0.801794321,NA,NA,NA,NA,NA,NA,NA,NA,USGS,Winter,NA,Bay
M5,CorteMadera,A,2,b,2022-10-25,2022-11-30,2022,2.906537675,NA,NA,NA,NA,NA,NA,NA,NA,NA,NA,NA,November,Scarped,East.facing,"Tran
(Months 4-6)",Edge,NA,1.684,0.801794321,NA,NA,NA,NA,NA,NA,NA,NA,USGS,Winter,NA,Bay
M5,CorteMadera,A,2,c,2022-10-25,2022-11-30,2022,1.835423835,NA,NA,NA,NA,NA,NA,NA,NA,NA,NA,NA,November,Scarped,East.facing,"Tran
(Months 4-6)",Edge,NA,1.684,0.801794321,NA,NA,NA,NA,NA,NA,NA,NA,USGS,Winter,NA,Bay
M5,CorteMadera,A,6,a,2022-10-25,2022-11-30,2022,1.404913883,NA,NA,NA,NA,NA,NA,NA,NA,NA,NA,NA,November,Scarped,East.facing,"Tran
(Months 4-6)",Edge,NA,1.691,0.81014555,NA,NA,NA,NA,NA,NA,NA,NA,USGS,Winter,NA,Bay
M5,CorteMadera,A,6,b,2022-10-25,2022-11-30,2022,5.775915878,NA,NA,NA,NA,NA,NA,NA,NA,NA,NA,NA,November,Scarped,East.facing,"Tran
(Months 4-6)",Edge,NA,1.691,0.81014555,NA,NA,NA,NA,NA,NA,NA,NA,USGS,Winter,NA,Bay
M5,CorteMadera,A,6,c,2022-10-25,2022-11-30,2022,1.648832469,NA,NA,NA,NA,NA,NA,NA,NA,NA,NA,NA,November,Scarped,East.facing,"Tran
(Months 4-6)",Edge,NA,1.691,0.81014555,NA,NA,NA,NA,NA,NA,NA,NA,USGS,Winter,NA,Bay
M5,CorteMadera,A,12,a,2022-10-25,2022-11-30,2022,1.958971139,NA,NA,NA,NA,NA,NA,NA,NA,NA,NA,NA,November,Scarped,East.facing,"Tran
(Months 4-6)",Platform,NA,1.705,0.826848008,NA,NA,NA,NA,NA,NA,NA,NA,USGS,Winter,NA,Bay
M5,CorteMadera,A,12,b,2022-10-25,2022-11-30,2022,1.655502118,NA,NA,NA,NA,NA,NA,NA,NA,NA,NA,NA,November,Scarped,East.facing,"Tran
(Months 4-6)",Platform,NA,1.705,0.826848008,NA,NA,NA,NA,NA,NA,NA,NA,USGS,Winter,NA,Bay
M5,CorteMadera,A,12,c,2022-10-25,2022-11-30,2022,1.776985007,NA,NA,NA,NA,NA,NA,NA,NA,NA,NA,NA,November,Scarped,East.facing,"Tran
(Months 4-6)",Platform,NA,1.705,0.826848008,NA,NA,NA,NA,NA,NA,NA,NA,USGS,Winter,NA,Bay
M5,CorteMadera,A,24,a,2022-10-25,2022-11-30,2022,3.139022577,NA,NA,NA,NA,NA,NA,NA,NA,NA,NA,NA,November,Scarped,East.facing,"Tran
(Months 4-6)",Platform,NA,1.664,0.777933667,NA,NA,NA,NA,NA,NA,NA,NA,USGS,Winter,NA,Bay
M5,CorteMadera,A,24,b,2022-10-25,2022-11-30,2022,5.547242204,NA,NA,NA,NA,NA,NA,NA,NA,NA,NA,NA,November,Scarped,East.facing,"Tran
(Months 4-6)",Platform,NA,1.664,0.777933667,NA,NA,NA,NA,NA,NA,NA,NA,USGS,Winter,NA,Bay
M5,CorteMadera,A,24,c,2022-10-25,2022-11-30,2022,2.824119872,NA,NA,NA,NA,NA,NA,NA,NA,NA,NA,NA,November,Scarped,East.facing,"Tran
(Months 4-6)",Platform,NA,1.664,0.777933667,NA,NA,NA,NA,NA,NA,NA,NA,USGS,Winter,NA,Bay
M5,CorteMadera,A,48,a,2022-10-25,2022-11-30,2022,2.459671204,NA,NA,NA,NA,NA,NA,NA,NA,NA,NA,NA,November,Scarped,East.facing,"Tran
(Months 4-6)",Upland,NA,1.724,0.849515629,NA,NA,NA,NA,NA,NA,NA,NA,USGS,Winter,NA,Bay
M5,CorteMadera,A,48,b,2022-10-25,2022-11-30,2022,2.195796606,NA,NA,NA,NA,NA,NA,NA,NA,NA,NA,NA,November,Scarped,East.facing,"Tran
(Months 4-6)",Upland,NA,1.724,0.849515629,NA,NA,NA,NA,NA,NA,NA,NA,USGS,Winter,NA,Bay
M5,CorteMadera,A,48,c,2022-10-25,2022-11-30,2022,3.166653979,NA,NA,NA,NA,NA,NA,NA,NA,NA,NA,NA,November,Scarped,East.facing,"Tran
(Months 4-6)",Upland,NA,1.724,0.849515629,NA,NA,NA,NA,NA,NA,NA,NA,USGS,Winter,NA,Bay
M5,CorteMadera,B,0.5,a,2022-10-25,2022-11-30,2022,NA,NA,NA,NA,NA,NA,NA,NA,NA,NA,NA,NA,November,Scarped,East.facing,"Tran
(Months 4-6)",Edge,NA,1.576,0.672946791,NA,NA,NA,NA,NA,NA,NA,NA,USGS,Winter,NA,Bay
M5,CorteMadera,B,0.5,b,2022-10-25,2022-11-30,2022,NA,NA,NA,NA,NA,NA,NA,NA,NA,NA,NA,NA,November,Scarped,East.facing,"Tran
(Months 4-6)",Edge,NA,1.576,0.672946791,NA,NA,NA,NA,NA,NA,NA,NA,USGS,Winter,NA,Bay
M5,CorteMadera,B,0.5,c,2022-10-25,2022-11-30,2022,NA,NA,NA,NA,NA,NA,NA,NA,NA,NA,NA,NA,November,Scarped,East.facing,"Tran
(Months 4-6)",Edge,NA,1.576,0.672946791,NA,NA,NA,NA,NA,NA,NA,NA,USGS,Winter,NA,Bay
M5,CorteMadera,B,2,a,2022-10-25,2022-11-30,2022,1.732203079,NA,NA,NA,NA,NA,NA,NA,NA,NA,NA,NA,November,Scarped,East.facing,"Tran
(Months 4-6)",Edge,NA,1.605,0.707544739,NA,NA,NA,NA,NA,NA,NA,NA,USGS,Winter,NA,Bay
M5,CorteMadera,B,2,b,2022-10-25,2022-11-30,2022,4.128036216,NA,NA,NA,NA,NA,NA,NA,NA,NA,NA,NA,November,Scarped,East.facing,"Tran
(Months 4-6)",Edge,NA,1.605,0.707544739,NA,NA,NA,NA,NA,NA,NA,NA,USGS,Winter,NA,Bay
M5,CorteMadera,B,2,c,2022-10-25,2022-11-30,2022,3.379129934,NA,NA,NA,NA,NA,NA,NA,NA,NA,NA,NA,November,Scarped,East.facing,"Tran
(Months 4-6)",Edge,NA,1.605,0.707544739,NA,NA,NA,NA,NA,NA,NA,NA,USGS,Winter,8.268446422,Bay
M5,CorteMadera,B,6,a,2022-10-25,2022-11-30,2022,1.924333803,NA,NA,NA,NA,NA,NA,NA,NA,NA,NA,NA,November,Scarped,East.facing,"Tran
(Months 4-6)",Edge,NA,1.672,0.787477929,NA,NA,NA,NA,NA,NA,NA,NA,USGS,Winter,7.810938169,Bay
M5,CorteMadera,B,6,b,2022-10-25,2022-11-30,2022,1.191485121,NA,NA,NA,NA,NA,NA,NA,NA,NA,NA,NA,November,Scarped,East.facing,"Tran
(Months 4-6)",Edge,NA,1.672,0.787477929,NA,NA,NA,NA,NA,NA,NA,NA,USGS,Winter,NA,Bay
M5,CorteMadera,B,6,c,2022-10-25,2022-11-30,2022,1.704571677,NA,NA,NA,NA,NA,NA,NA,NA,NA,NA,NA,November,Scarped,East.facing,"Tran
(Months 4-6)",Edge,NA,1.672,0.787477929,NA,NA,NA,NA,NA,NA,NA,NA,USGS,Winter,NA,Bay
M5,CorteMadera,B,12,a,2022-10-25,2022-11-30,2022,2.204243713,NA,NA,NA,NA,NA,NA,NA,NA,NA,NA,NA,November,Scarped,East.facing,"Tran
(Months 4-6)",Platform,NA,1.664,0.777933667,NA,NA,NA,NA,NA,NA,NA,NA,USGS,Winter,NA,Bay
M5,CorteMadera,B,12,b,2022-10-25,2022-11-30,2022,1.957065525,NA,NA,NA,NA,NA,NA,NA,NA,NA,NA,NA,November,Scarped,East.facing,"Tran
(Months 4-6)",Platform,NA,1.664,0.777933667,NA,NA,NA,NA,NA,NA,NA,NA,USGS,Winter,NA,Bay
M5,CorteMadera,B,12,c,2022-10-25,2022-11-30,2022,2.872236624,NA,NA,NA,NA,NA,NA,NA,NA,NA,NA,NA,November,Scarped,East.facing,"Tran
(Months 4-6)",Platform,NA,1.664,0.777933667,NA,NA,NA,NA,NA,NA,NA,NA,USGS,Winter,10.67410234,Bay
M5,CorteMadera,B,24,a,2022-10-25,2022-11-30,2022,4.763082064,NA,NA,NA,NA,NA,NA,NA,NA,NA,NA,NA,November,Scarped,East.facing,"Tran
(Months 4-6)",Platform,NA,1.642,0.751686948,NA,NA,NA,NA,NA,NA,NA,NA,USGS,Winter,NA,Bay
M5,CorteMadera,B,24,b,2022-10-25,2022-11-30,2022,3.341017655,NA,NA,NA,NA,NA,NA,NA,NA,NA,NA,NA,November,Scarped,East.facing,"Tran
(Months 4-6)",Platform,NA,1.642,0.751686948,NA,NA,NA,NA,NA,NA,NA,NA,USGS,Winter,10.87185377,Bay
M5,CorteMadera,B,24,c,2022-10-25,2022-11-30,2022,3.660684395,NA,NA,NA,NA,NA,NA,NA,NA,NA,NA,NA,November,Scarped,East.facing,"Tran
(Months 4-6)",Platform,NA,1.642,0.751686948,NA,NA,NA,NA,NA,NA,NA,NA,USGS,Winter,NA,Bay
M5,CorteMadera,B,48,a,2022-10-25,2022-11-30,2022,3.896504121,NA,NA,NA,NA,NA,NA,NA,NA,NA,NA,NA,November,Scarped,East.facing,"Tran
(Months 4-6)",Upland,NA,1.692,0.811338583,NA,NA,NA,NA,NA,NA,NA,NA,USGS,Winter,11.72834486,Bay
M5,CorteMadera,B,48,b,2022-10-25,2022-11-30,2022,4.382435678,NA,NA,NA,NA,NA,NA,NA,NA,NA,NA,NA,November,Scarped,East.facing,"Tran
(Months 4-6)",Upland,NA,1.692,0.811338583,NA,NA,NA,NA,NA,NA,NA,NA,USGS,Winter,NA,Bay
M5,CorteMadera,B,48,c,2022-10-25,2022-11-30,2022,3.960818592,NA,NA,NA,NA,NA,NA,NA,NA,NA,NA,NA,November,Scarped,East.facing,"Tran
(Months 4-6)",Upland,NA,1.692,0.811338583,NA,NA,NA,NA,NA,NA,NA,NA,USGS,Winter,NA,Bay
M5,SanPablo,A,0.5,b,2022-10-26,2022-11-22,2022,45.50097945,NA,NA,NA,NA,NA,NA,NA,NA,NA,NA,NA,November,Ramped,South.facing,"Tran
(Months 4-6)",Intertidal,NA,0.735,-0.344512321,NA,NA,NA,NA,NA,NA,NA,NA,USGS,Winter,NA,Bay
M5,SanPablo,A,0.5,c,2022-10-26,2022-11-22,2022,29.15335259,NA,NA,NA,NA,NA,NA,NA,NA,NA,NA,NA,November,Ramped,South.facing,"Tran
(Months 4-6)",Intertidal,NA,0.735,-0.344512321,NA,NA,NA,NA,NA,NA,NA,NA,USGS,Winter,NA,Bay
M5,SanPablo,A,0.5,a,2022-10-26,2022-11-22,2022,10.09213147,NA,NA,NA,NA,NA,NA,NA,NA,NA,NA,NA,November,Ramped,South.facing,"Tran
(Months 4-6)",Intertidal,NA,0.735,-0.344512321,NA,NA,NA,NA,NA,NA,NA,NA,USGS,Winter,NA,Bay
M5,SanPablo,A,2,b,2022-10-26,2022-11-22,2022,17.8695772,NA,NA,NA,NA,NA,NA,NA,NA,NA,NA,NA,November,Ramped,South.facing,"Tran
(Months 4-6)",Intertidal,NA,0.751,-0.326125828,NA,NA,NA,NA,NA,NA,NA,NA,USGS,Winter,NA,Bay
M5,SanPablo,A,2,c,2022-10-26,2022-11-22,2022,12.3369447,NA,NA,NA,NA,NA,NA,NA,NA,NA,NA,NA,November,Ramped,South.facing,"Tran
(Months 4-6)",Intertidal,NA,0.751,-0.326125828,NA,NA,NA,NA,NA,NA,NA,NA,USGS,Winter,NA,Bay
M5,SanPablo,A,2,a,2022-10-26,2022-11-22,2022,44.42176675,NA,NA,NA,NA,NA,NA,NA,NA,NA,NA,NA,November,Ramped,South.facing,"Tran
(Months 4-6)",Intertidal,NA,0.751,-0.326125828,NA,NA,NA,NA,NA,NA,NA,NA,USGS,Winter,NA,Bay
M5,SanPablo,A,6,b,2022-10-26,2022-11-22,2022,9.511554421,NA,NA,NA,NA,NA,NA,NA,NA,NA,NA,NA,November,Ramped,South.facing,"Tran
(Months 4-6)",Intertidal,NA,0.889,-0.167542323,NA,NA,NA,NA,NA,NA,NA,NA,USGS,Winter,NA,Bay
M5,SanPablo,A,6,c,2022-10-26,2022-11-22,2022,0.822590021,NA,NA,NA,NA,NA,NA,NA,NA,NA,NA,NA,November,Ramped,South.facing,"Tran
(Months 4-6)",Intertidal,NA,0.889,-0.167542323,NA,NA,NA,NA,NA,NA,NA,NA,USGS,Winter,NA,Bay
M5,SanPablo,A,6,a,2022-10-26,2022-11-22,2022,4.144075133,NA,NA,NA,NA,NA,NA,NA,NA,NA,NA,NA,November,Ramped,South.facing,"Tran
(Months 4-6)",Intertidal,NA,0.889,-0.167542323,NA,NA,NA,NA,NA,NA,NA,NA,USGS,Winter,NA,Bay
M5,SanPablo,A,12,b,2022-10-26,2022-11-22,2022,0.494189217,NA,NA,NA,NA,NA,NA,NA,NA,NA,NA,NA,November,Ramped,South.facing,"Tran
(Months 4-6)",Intertidal,NA,1.069,0.039305726,NA,NA,NA,NA,NA,NA,NA,NA,USGS,Winter,NA,Bay
M5,SanPablo,A,12,c,2022-10-26,2022-11-22,2022,0.27186759,NA,NA,NA,NA,NA,NA,NA,NA,NA,NA,NA,November,Ramped,South.facing,"Tran
(Months 4-6)",Intertidal,NA,1.069,0.039305726,NA,NA,NA,NA,NA,NA,NA,NA,USGS,Winter,NA,Bay
M5,SanPablo,A,12,a,2022-10-26,2022-11-22,2022,NA,NA,NA,NA,NA,NA,NA,NA,NA,NA,NA,NA,November,Ramped,South.facing,"Tran
(Months 4-6)",Intertidal,NA,1.069,0.039305726,NA,NA,NA,NA,NA,NA,NA,NA,USGS,Winter,NA,Bay
M5,SanPablo,A,24,b,2022-10-26,2022-11-22,2022,0.635204649,NA,NA,NA,NA,NA,NA,NA,NA,NA,NA,NA,November,Ramped,South.facing,"Tran
(Months 4-6)",Edge,NA,1.713,0.779362081,NA,NA,NA,NA,NA,NA,NA,NA,USGS,Winter,NA,Bay
M5,SanPablo,A,24,c,2022-10-26,2022-11-22,2022,0.666329677,NA,NA,NA,NA,NA,NA,NA,NA,NA,NA,NA,November,Ramped,South.facing,"Tran
(Months 4-6)",Edge,NA,1.713,0.779362081,NA,NA,NA,NA,NA,NA,NA,NA,USGS,Winter,NA,Bay
M5,SanPablo,A,24,a,2022-10-26,2022-11-22,2022,0.454171324,NA,NA,NA,NA,NA,NA,NA,NA,NA,NA,NA,November,Ramped,South.facing,"Tran
(Months 4-6)",Edge,NA,1.713,0.779362081,NA,NA,NA,NA,NA,NA,NA,NA,USGS,Winter,NA,Bay
M5,SanPablo,A,48,b,2022-10-26,2022-11-22,2022,4.913943168,NA,NA,NA,NA,NA,NA,NA,NA,NA,NA,NA,November,Ramped,South.facing,"Tran
(Months 4-6)",Platform,NA,2.01,1.120661362,NA,NA,NA,NA,NA,NA,NA,NA,USGS,Winter,NA,Bay
M5,SanPablo,A,48,c,2022-10-26,2022-11-22,2022,4.626195462,NA,NA,NA,NA,NA,NA,NA,NA,NA,NA,NA,November,Ramped,South.facing,"Tran
(Months 4-6)",Platform,NA,2.01,1.120661362,NA,NA,NA,NA,NA,NA,NA,NA,USGS,Winter,NA,Bay
M5,SanPablo,A,48,a,2022-10-26,2022-11-22,2022,2.603703858,NA,NA,NA,NA,NA,NA,NA,NA,NA,NA,NA,November,Ramped,South.facing,"Tran
(Months 4-6)",Platform,NA,2.01,1.120661362,NA,NA,NA,NA,NA,NA,NA,NA,USGS,Winter,NA,Bay
M5,SanPablo,A,72,b,2022-10-26,2022-11-22,2022,4.959042699,NA,NA,NA,NA,NA,NA,NA,NA,NA,NA,NA,November,Ramped,South.facing,"Tran
(Months 4-6)",Upland,NA,2.04,1.155136037,NA,NA,NA,NA,NA,NA,NA,NA,USGS,Winter,NA,Bay
M5,SanPablo,A,72,c,2022-10-26,2022-11-22,2022,17.49163043,NA,NA,NA,NA,NA,NA,NA,NA,NA,NA,NA,November,Ramped,South.facing,"Tran
(Months 4-6)",Upland,NA,2.04,1.155136037,NA,NA,NA,NA,NA,NA,NA,NA,USGS,Winter,NA,Bay
M5,SanPablo,A,72,a,2022-10-26,2022-11-22,2022,4.664942946,NA,NA,NA,NA,NA,NA,NA,NA,NA,NA,NA,November,Ramped,South.facing,"Tran
(Months 4-6)",Upland,NA,2.04,1.155136037,NA,NA,NA,NA,NA,NA,NA,NA,USGS,Winter,NA,Bay
M5,SanPablo,A,150,b,2022-10-26,2022-11-22,2022,2.183833585,NA,NA,NA,NA,NA,NA,NA,NA,NA,NA,NA,November,Ramped,South.facing,"Tran
(Months 4-6)",Upland,NA,1.974,1.079291752,NA,NA,NA,NA,NA,NA,NA,NA,USGS,Winter,NA,Bay
M5,SanPablo,A,150,c,2022-10-26,2022-11-22,2022,2.509058365,NA,NA,NA,NA,NA,NA,NA,NA,NA,NA,NA,November,Ramped,South.facing,"Tran
(Months 4-6)",Upland,NA,1.974,1.079291752,NA,NA,NA,NA,NA,NA,NA,NA,USGS,Winter,NA,Bay
M5,SanPablo,A,150,a,2022-10-26,2022-11-22,2022,3.259870261,NA,NA,NA,NA,NA,NA,NA,NA,NA,NA,NA,November,Ramped,South.facing,"Tran
(Months 4-6)",Upland,NA,1.974,1.079291752,NA,NA,NA,NA,NA,NA,NA,NA,USGS,Winter,NA,Bay
M5,SanPablo,B,0.5,b,2022-10-26,2022-11-22,2022,1.527667182,NA,NA,NA,NA,NA,NA,NA,NA,NA,NA,NA,November,Ramped,South.facing,"Tran
(Months 4-6)",Intertidal,NA,0.774,-0.299695244,NA,NA,NA,NA,NA,NA,NA,NA,USGS,Winter,NA,Bay
M5,SanPablo,B,0.5,c,2022-10-26,2022-11-22,2022,32.31730695,NA,NA,NA,NA,NA,NA,NA,NA,NA,NA,NA,November,Ramped,South.facing,"Tran
(Months 4-6)",Intertidal,NA,0.774,-0.299695244,NA,NA,NA,NA,NA,NA,NA,NA,USGS,Winter,NA,Bay
M5,SanPablo,B,0.5,a,2022-10-26,2022-11-22,2022,18.11857742,NA,NA,NA,NA,NA,NA,NA,NA,NA,NA,NA,November,Ramped,South.facing,"Tran
(Months 4-6)",Intertidal,NA,0.774,-0.299695244,NA,NA,NA,NA,NA,NA,NA,NA,USGS,Winter,NA,Bay
M5,SanPablo,B,2,b,2022-10-26,2022-11-22,2022,NA,NA,NA,NA,NA,NA,NA,NA,NA,NA,NA,NA,November,Ramped,South.facing,"Tran
(Months 4-6)",Intertidal,NA,0.805,-0.264071413,NA,NA,NA,NA,NA,NA,NA,NA,USGS,Winter,NA,Bay
M5,SanPablo,B,2,c,2022-10-26,2022-11-22,2022,9.043408595,NA,NA,NA,NA,NA,NA,NA,NA,NA,NA,NA,November,Ramped,South.facing,"Tran
(Months 4-6)",Intertidal,NA,0.805,-0.264071413,NA,NA,NA,NA,NA,NA,NA,NA,USGS,Winter,NA,Bay
M5,SanPablo,B,2,a,2022-10-26,2022-11-22,2022,11.32442849,NA,NA,NA,NA,NA,NA,NA,NA,NA,NA,NA,November,Ramped,South.facing,"Tran
(Months 4-6)",Intertidal,NA,0.805,-0.264071413,NA,NA,NA,NA,NA,NA,NA,NA,USGS,Winter,NA,Bay
M5,SanPablo,B,6,b,2022-10-26,2022-11-22,2022,2.778385137,NA,NA,NA,NA,NA,NA,NA,NA,NA,NA,NA,November,Ramped,South.facing,"Tran
(Months 4-6)",Intertidal,NA,0.837,-0.227298427,NA,NA,NA,NA,NA,NA,NA,NA,USGS,Winter,NA,Bay
M5,SanPablo,B,6,c,2022-10-26,2022-11-22,2022,8.220818574,NA,NA,NA,NA,NA,NA,NA,NA,NA,NA,NA,November,Ramped,South.facing,"Tran
(Months 4-6)",Intertidal,NA,0.837,-0.227298427,NA,NA,NA,NA,NA,NA,NA,NA,USGS,Winter,NA,Bay
M5,SanPablo,B,6,a,2022-10-26,2022-11-22,2022,6.526727773,NA,NA,NA,NA,NA,NA,NA,NA,NA,NA,NA,November,Ramped,South.facing,"Tran
(Months 4-6)",Intertidal,NA,0.837,-0.227298427,NA,NA,NA,NA,NA,NA,NA,NA,USGS,Winter,NA,Bay
M5,SanPablo,B,12,b,2022-10-26,2022-11-22,2022,0.778125696,NA,NA,NA,NA,NA,NA,NA,NA,NA,NA,NA,November,Ramped,South.facing,"Tran
(Months 4-6)",Intertidal,NA,1.042,0.008278519,NA,NA,NA,NA,NA,NA,NA,NA,USGS,Winter,NA,Bay
M5,SanPablo,B,12,c,2022-10-26,2022-11-22,2022,9.513460035,NA,NA,NA,NA,NA,NA,NA,NA,NA,NA,NA,November,Ramped,South.facing,"Tran
(Months 4-6)",Intertidal,NA,1.042,0.008278519,NA,NA,NA,NA,NA,NA,NA,NA,USGS,Winter,NA,Bay
M5,SanPablo,B,12,a,2022-10-26,2022-11-22,2022,0,NA,NA,NA,NA,NA,NA,NA,NA,NA,NA,NA,November,Ramped,South.facing,"Tran
(Months 4-6)",Intertidal,NA,1.042,0.008278519,NA,NA,NA,NA,NA,NA,NA,NA,USGS,Winter,NA,Bay
M5,SanPablo,B,24,b,2022-10-26,2022-11-22,2022,3.05342875,NA,NA,NA,NA,NA,NA,NA,NA,NA,NA,NA,November,Ramped,South.facing,"Tran
(Months 4-6)",Edge,NA,1.563,0.606988706,NA,NA,NA,NA,NA,NA,NA,NA,USGS,Winter,NA,Bay
M5,SanPablo,B,24,c,2022-10-26,2022-11-22,2022,1.572766712,NA,NA,NA,NA,NA,NA,NA,NA,NA,NA,NA,November,Ramped,South.facing,"Tran
(Months 4-6)",Edge,NA,1.563,0.606988706,NA,NA,NA,NA,NA,NA,NA,NA,USGS,Winter,NA,Bay
M5,SanPablo,B,24,a,2022-10-26,2022-11-22,2022,3.883641227,NA,NA,NA,NA,NA,NA,NA,NA,NA,NA,NA,November,Ramped,South.facing,"Tran
(Months 4-6)",Edge,NA,1.563,0.606988706,NA,NA,NA,NA,NA,NA,NA,NA,USGS,Winter,NA,Bay
M5,SanPablo,B,48,b,2022-10-26,2022-11-22,2022,2.677387598,NA,NA,NA,NA,NA,NA,NA,NA,NA,NA,NA,November,Ramped,South.facing,"Tran
(Months 4-6)",Platform,NA,1.978,1.083888376,NA,NA,NA,NA,NA,NA,NA,NA,USGS,Winter,NA,Bay
M5,SanPablo,B,48,c,2022-10-26,2022-11-22,2022,5.107680586,NA,NA,NA,NA,NA,NA,NA,NA,NA,NA,NA,November,Ramped,South.facing,"Tran
(Months 4-6)",Platform,NA,1.978,1.083888376,NA,NA,NA,NA,NA,NA,NA,NA,USGS,Winter,NA,Bay
M5,SanPablo,B,48,a,2022-10-26,2022-11-22,2022,6.712842736,NA,NA,NA,NA,NA,NA,NA,NA,NA,NA,NA,November,Ramped,South.facing,"Tran
(Months 4-6)",Platform,NA,1.978,1.083888376,NA,NA,NA,NA,NA,NA,NA,NA,USGS,Winter,NA,Bay
M5,SanPablo,B,72,b,2022-10-26,2022-11-22,2022,5.007318252,NA,NA,NA,NA,NA,NA,NA,NA,NA,NA,NA,November,Ramped,South.facing,"Tran
(Months 4-6)",Upland,NA,2.012,1.122959674,NA,NA,NA,NA,NA,NA,NA,NA,USGS,Winter,NA,Bay
M5,SanPablo,B,72,c,2022-10-26,2022-11-22,2022,5.17374187,NA,NA,NA,NA,NA,NA,NA,NA,NA,NA,NA,November,Ramped,South.facing,"Tran
(Months 4-6)",Upland,NA,2.012,1.122959674,NA,NA,NA,NA,NA,NA,NA,NA,USGS,Winter,NA,Bay
M5,SanPablo,B,72,a,2022-10-26,2022-11-22,2022,6.629630927,NA,NA,NA,NA,NA,NA,NA,NA,NA,NA,NA,November,Ramped,South.facing,"Tran
(Months 4-6)",Upland,NA,2.012,1.122959674,NA,NA,NA,NA,NA,NA,NA,NA,USGS,Winter,NA,Bay
M5,SanPablo,B,150,b,2022-10-26,2022-11-22,2022,2.749800928,NA,NA,NA,NA,NA,NA,NA,NA,NA,NA,NA,November,Ramped,South.facing,"Tran
(Months 4-6)",Upland,NA,2.014,1.125257985,NA,NA,NA,NA,NA,NA,NA,NA,USGS,Winter,NA,Bay
M5,SanPablo,B,150,c,2022-10-26,2022-11-22,2022,2.313415333,NA,NA,NA,NA,NA,NA,NA,NA,NA,NA,NA,November,Ramped,South.facing,"Tran
(Months 4-6)",Upland,NA,2.014,1.125257985,NA,NA,NA,NA,NA,NA,NA,NA,USGS,Winter,NA,Bay
M5,SanPablo,B,150,a,2022-10-26,2022-11-22,2022,1.617231038,NA,NA,NA,NA,NA,NA,NA,NA,NA,NA,NA,November,Ramped,South.facing,"Tran
(Months 4-6)",Upland,NA,2.014,1.125257985,NA,NA,NA,NA,NA,NA,NA,NA,USGS,Winter,NA,Bay
M6,SanPablo,A,0.5,b,2022-11-22,2022-12-20,2022,102.6789713,NA,NA,NA,NA,NA,NA,NA,NA,NA,NA,NA,December,Ramped,South.facing,"Tran
(Months 4-6)",Intertidal,NA,0.735,-0.344512321,NA,NA,NA,NA,NA,NA,NA,NA,USGS,Winter,NA,Bay
M6,SanPablo,A,0.5,c,2022-11-22,2022-12-20,2022,55.85007389,NA,NA,NA,NA,NA,NA,NA,NA,NA,NA,NA,December,Ramped,South.facing,"Tran
(Months 4-6)",Intertidal,NA,0.735,-0.344512321,NA,NA,NA,NA,NA,NA,NA,NA,USGS,Winter,NA,Bay
M6,SanPablo,A,0.5,a,2022-11-22,2022-12-20,2022,22.27547008,NA,NA,NA,NA,NA,NA,NA,NA,NA,NA,NA,December,Ramped,South.facing,"Tran
(Months 4-6)",Intertidal,NA,0.735,-0.344512321,NA,NA,NA,NA,NA,NA,NA,NA,USGS,Winter,NA,Bay
M6,SanPablo,A,2,b,2022-11-22,2022-12-20,2022,52.83954414,NA,NA,NA,NA,NA,NA,NA,NA,NA,NA,NA,December,Ramped,South.facing,"Tran
(Months 4-6)",Intertidal,NA,0.751,-0.326125828,NA,NA,NA,NA,NA,NA,NA,NA,USGS,Winter,NA,Bay
M6,SanPablo,A,2,c,2022-11-22,2022-12-20,2022,30.36133035,NA,NA,NA,NA,NA,NA,NA,NA,NA,NA,NA,December,Ramped,South.facing,"Tran
(Months 4-6)",Intertidal,NA,0.751,-0.326125828,NA,NA,NA,NA,NA,NA,NA,NA,USGS,Winter,NA,Bay
M6,SanPablo,A,2,a,2022-11-22,2022-12-20,2022,73.98001694,NA,NA,NA,NA,NA,NA,NA,NA,NA,NA,NA,December,Ramped,South.facing,"Tran
(Months 4-6)",Intertidal,NA,0.751,-0.326125828,NA,NA,NA,NA,NA,NA,NA,NA,USGS,Winter,NA,Bay
M6,SanPablo,A,6,b,2022-11-22,2022-12-20,2022,4.275381009,NA,NA,NA,NA,NA,NA,NA,NA,NA,NA,NA,December,Ramped,South.facing,"Tran
(Months 4-6)",Intertidal,NA,0.889,-0.167542323,NA,NA,NA,NA,NA,NA,NA,NA,USGS,Winter,NA,Bay
M6,SanPablo,A,6,c,2022-11-22,2022-12-20,2022,0.102903153,NA,NA,NA,NA,NA,NA,NA,NA,NA,NA,NA,December,Ramped,South.facing,"Tran
(Months 4-6)",Intertidal,NA,0.889,-0.167542323,NA,NA,NA,NA,NA,NA,NA,NA,USGS,Winter,NA,Bay
M6,SanPablo,A,6,a,2022-11-22,2022-12-20,2022,NA,NA,NA,NA,NA,NA,NA,NA,NA,NA,NA,NA,December,Ramped,South.facing,"Tran
(Months 4-6)",Intertidal,NA,0.889,-0.167542323,NA,NA,NA,NA,NA,NA,NA,NA,USGS,Winter,NA,Bay
M6,SanPablo,A,12,b,2022-11-22,2022-12-20,2022,0.278083521,NA,NA,NA,NA,NA,NA,NA,NA,NA,NA,NA,December,Ramped,South.facing,"Tran
(Months 4-6)",Intertidal,NA,1.069,0.039305726,NA,NA,NA,NA,NA,NA,NA,NA,USGS,Winter,NA,Bay
M6,SanPablo,A,12,c,2022-11-22,2022-12-20,2022,0.320959835,NA,NA,NA,NA,NA,NA,NA,NA,NA,NA,NA,December,Ramped,South.facing,"Tran
(Months 4-6)",Intertidal,NA,1.069,0.039305726,NA,NA,NA,NA,NA,NA,NA,NA,USGS,Winter,NA,Bay
M6,SanPablo,A,12,a,2022-11-22,2022-12-20,2022,0.336272804,NA,NA,NA,NA,NA,NA,NA,NA,NA,NA,NA,December,Ramped,South.facing,"Tran
(Months 4-6)",Intertidal,NA,1.069,0.039305726,NA,NA,NA,NA,NA,NA,NA,NA,USGS,Winter,NA,Bay
M6,SanPablo,A,24,b,2022-11-22,2022-12-20,2022,0.954304242,NA,NA,NA,NA,NA,NA,NA,NA,NA,NA,NA,December,Ramped,South.facing,"Tran
(Months 4-6)",Edge,NA,1.713,0.779362081,NA,NA,NA,NA,NA,NA,NA,NA,USGS,Winter,NA,Bay
M6,SanPablo,A,24,c,2022-11-22,2022-12-20,2022,0.624769145,NA,NA,NA,NA,NA,NA,NA,NA,NA,NA,NA,December,Ramped,South.facing,"Tran
(Months 4-6)",Edge,NA,1.713,0.779362081,NA,NA,NA,NA,NA,NA,NA,NA,USGS,Winter,NA,Bay
M6,SanPablo,A,24,a,2022-11-22,2022-12-20,2022,0.820775151,NA,NA,NA,NA,NA,NA,NA,NA,NA,NA,NA,December,Ramped,South.facing,"Tran
(Months 4-6)",Edge,NA,1.713,0.779362081,NA,NA,NA,NA,NA,NA,NA,NA,USGS,Winter,NA,Bay
M6,SanPablo,A,48,b,2022-11-22,2022-12-20,2022,2.75694698,NA,NA,NA,NA,NA,NA,NA,NA,NA,NA,NA,December,Ramped,South.facing,"Tran
(Months 4-6)",Platform,NA,2.01,1.120661362,NA,NA,NA,NA,NA,NA,NA,NA,USGS,Winter,NA,Bay
M6,SanPablo,A,48,c,2022-11-22,2022-12-20,2022,5.251735927,NA,NA,NA,NA,NA,NA,NA,NA,NA,NA,NA,December,Ramped,South.facing,"Tran
(Months 4-6)",Platform,NA,2.01,1.120661362,NA,NA,NA,NA,NA,NA,NA,NA,USGS,Winter,NA,Bay
M6,SanPablo,A,48,a,2022-11-22,2022-12-20,2022,3.773115618,NA,NA,NA,NA,NA,NA,NA,NA,NA,NA,NA,December,Ramped,South.facing,"Tran
(Months 4-6)",Platform,NA,2.01,1.120661362,NA,NA,NA,NA,NA,NA,NA,NA,USGS,Winter,NA,Bay
M6,SanPablo,A,72,b,2022-11-22,2022-12-20,2022,2.066638327,NA,NA,NA,NA,NA,NA,NA,NA,NA,NA,NA,December,Ramped,South.facing,"Tran
(Months 4-6)",Upland,NA,2.04,1.155136037,NA,NA,NA,NA,NA,NA,NA,NA,USGS,Winter,NA,Bay
M6,SanPablo,A,72,c,2022-11-22,2022-12-20,2022,1.228712651,NA,NA,NA,NA,NA,NA,NA,NA,NA,NA,NA,December,Ramped,South.facing,"Tran
(Months 4-6)",Upland,NA,2.04,1.155136037,NA,NA,NA,NA,NA,NA,NA,NA,USGS,Winter,NA,Bay
M6,SanPablo,A,72,a,2022-11-22,2022-12-20,2022,1.272814002,NA,NA,NA,NA,NA,NA,NA,NA,NA,NA,NA,December,Ramped,South.facing,"Tran
(Months 4-6)",Upland,NA,2.04,1.155136037,NA,NA,NA,NA,NA,NA,NA,NA,USGS,Winter,NA,Bay
M6,SanPablo,A,150,b,2022-11-22,2022-12-20,2022,0.954304242,NA,NA,NA,NA,NA,NA,NA,NA,NA,NA,NA,December,Ramped,South.facing,"Tran
(Months 4-6)",Upland,NA,1.974,1.079291752,NA,NA,NA,NA,NA,NA,NA,NA,USGS,Winter,NA,Bay
M6,SanPablo,A,150,c,2022-11-22,2022-12-20,2022,1.326715654,NA,NA,NA,NA,NA,NA,NA,NA,NA,NA,NA,December,Ramped,South.facing,"Tran
(Months 4-6)",Upland,NA,1.974,1.079291752,NA,NA,NA,NA,NA,NA,NA,NA,USGS,Winter,NA,Bay
M6,SanPablo,A,150,a,2022-11-22,2022-12-20,2022,1.550897523,NA,NA,NA,NA,NA,NA,NA,NA,NA,NA,NA,December,Ramped,South.facing,"Tran
(Months 4-6)",Upland,NA,1.974,1.079291752,NA,NA,NA,NA,NA,NA,NA,NA,USGS,Winter,NA,Bay
M6,SanPablo,B,0.5,b,2022-11-22,2022-12-20,2022,38.95313112,NA,NA,NA,NA,NA,NA,NA,NA,NA,NA,NA,December,Ramped,South.facing,"Tran
(Months 4-6)",Intertidal,NA,0.774,-0.299695244,NA,NA,NA,NA,NA,NA,NA,NA,USGS,Winter,NA,Bay
M6,SanPablo,B,0.5,c,2022-11-22,2022-12-20,2022,29.47562821,NA,NA,NA,NA,NA,NA,NA,NA,NA,NA,NA,December,Ramped,South.facing,"Tran
(Months 4-6)",Intertidal,NA,0.774,-0.299695244,NA,NA,NA,NA,NA,NA,NA,NA,USGS,Winter,NA,Bay
M6,SanPablo,B,0.5,a,2022-11-22,2022-12-20,2022,1.210949607,NA,NA,NA,NA,NA,NA,NA,NA,NA,NA,NA,December,Ramped,South.facing,"Tran
(Months 4-6)",Intertidal,NA,0.774,-0.299695244,NA,NA,NA,NA,NA,NA,NA,NA,USGS,Winter,NA,Bay
M6,SanPablo,B,2,b,2022-11-22,2022-12-20,2022,NA,NA,NA,NA,NA,NA,NA,NA,NA,NA,NA,NA,December,Ramped,South.facing,"Tran
(Months 4-6)",Intertidal,NA,0.805,-0.264071413,NA,NA,NA,NA,NA,NA,NA,NA,USGS,Winter,NA,Bay
M6,SanPablo,B,2,c,2022-11-22,2022-12-20,2022,11.83570018,NA,NA,NA,NA,NA,NA,NA,NA,NA,NA,NA,December,Ramped,South.facing,"Tran
(Months 4-6)",Intertidal,NA,0.805,-0.264071413,NA,NA,NA,NA,NA,NA,NA,NA,USGS,Winter,NA,Bay
M6,SanPablo,B,2,a,2022-11-22,2022-12-20,2022,30.52548538,NA,NA,NA,NA,NA,NA,NA,NA,NA,NA,NA,December,Ramped,South.facing,"Tran
(Months 4-6)",Intertidal,NA,0.805,-0.264071413,NA,NA,NA,NA,NA,NA,NA,NA,USGS,Winter,NA,Bay
M6,SanPablo,B,6,b,2022-11-22,2022-12-20,2022,0.365061186,NA,NA,NA,NA,NA,NA,NA,NA,NA,NA,NA,December,Ramped,South.facing,"Tran
(Months 4-6)",Intertidal,NA,0.837,-0.227298427,NA,NA,NA,NA,NA,NA,NA,NA,USGS,Winter,NA,Bay
M6,SanPablo,B,6,c,2022-11-22,2022-12-20,2022,2.016411788,NA,NA,NA,NA,NA,NA,NA,NA,NA,NA,NA,December,Ramped,South.facing,"Tran
(Months 4-6)",Intertidal,NA,0.837,-0.227298427,NA,NA,NA,NA,NA,NA,NA,NA,USGS,Winter,NA,Bay
M6,SanPablo,B,6,a,2022-11-22,2022-12-20,2022,1.038831832,NA,NA,NA,NA,NA,NA,NA,NA,NA,NA,NA,December,Ramped,South.facing,"Tran
(Months 4-6)",Intertidal,NA,0.837,-0.227298427,NA,NA,NA,NA,NA,NA,NA,NA,USGS,Winter,NA,Bay
M6,SanPablo,B,12,b,2022-11-22,2022-12-20,2022,0,NA,NA,NA,NA,NA,NA,NA,NA,NA,NA,NA,December,Ramped,South.facing,"Tran
(Months 4-6)",Intertidal,NA,1.042,0.008278519,NA,NA,NA,NA,NA,NA,NA,NA,USGS,Winter,NA,Bay
M6,SanPablo,B,12,c,2022-11-22,2022-12-20,2022,0,NA,NA,NA,NA,NA,NA,NA,NA,NA,NA,NA,December,Ramped,South.facing,"Tran
(Months 4-6)",Intertidal,NA,1.042,0.008278519,NA,NA,NA,NA,NA,NA,NA,NA,USGS,Winter,NA,Bay
M6,SanPablo,B,12,a,2022-11-22,2022-12-20,2022,0,NA,NA,NA,NA,NA,NA,NA,NA,NA,NA,NA,December,Ramped,South.facing,"Tran
(Months 4-6)",Intertidal,NA,1.042,0.008278519,NA,NA,NA,NA,NA,NA,NA,NA,USGS,Winter,NA,Bay
M6,SanPablo,B,24,b,2022-11-22,2022-12-20,2022,1.827756007,NA,NA,NA,NA,NA,NA,NA,NA,NA,NA,NA,December,Ramped,South.facing,"Tran
(Months 4-6)",Edge,NA,1.563,0.606988706,NA,NA,NA,NA,NA,NA,NA,NA,USGS,Winter,NA,Bay
M6,SanPablo,B,24,c,2022-11-22,2022-12-20,2022,1.370204487,NA,NA,NA,NA,NA,NA,NA,NA,NA,NA,NA,December,Ramped,South.facing,"Tran
(Months 4-6)",Edge,NA,1.563,0.606988706,NA,NA,NA,NA,NA,NA,NA,NA,USGS,Winter,NA,Bay
M6,SanPablo,B,24,a,2022-11-22,2022-12-20,2022,1.644612895,NA,NA,NA,NA,NA,NA,NA,NA,NA,NA,NA,December,Ramped,South.facing,"Tran
(Months 4-6)",Edge,NA,1.563,0.606988706,NA,NA,NA,NA,NA,NA,NA,NA,USGS,Winter,11.44554455,Bay
M6,SanPablo,B,48,b,2022-11-22,2022-12-20,2022,6.101911978,NA,NA,NA,NA,NA,NA,NA,NA,NA,NA,NA,December,Ramped,South.facing,"Tran
(Months 4-6)",Platform,NA,1.978,1.083888376,NA,NA,NA,NA,NA,NA,NA,NA,USGS,Winter,NA,Bay
M6,SanPablo,B,48,c,2022-11-22,2022-12-20,2022,15.9518263,NA,NA,NA,NA,NA,NA,NA,NA,NA,NA,NA,December,Ramped,South.facing,"Tran
(Months 4-6)",Platform,NA,1.978,1.083888376,NA,NA,NA,NA,NA,NA,NA,NA,USGS,Winter,NA,Bay
M6,SanPablo,B,48,a,2022-11-22,2022-12-20,2022,6.70340541,NA,NA,NA,NA,NA,NA,NA,NA,NA,NA,NA,December,Ramped,South.facing,"Tran
(Months 4-6)",Platform,NA,1.978,1.083888376,NA,NA,NA,NA,NA,NA,NA,NA,USGS,Winter,NA,Bay
M6,SanPablo,B,72,b,2022-11-22,2022-12-20,2022,1.422881101,NA,NA,NA,NA,NA,NA,NA,NA,NA,NA,NA,December,Ramped,South.facing,"Tran
(Months 4-6)",Upland,NA,2.012,1.122959674,NA,NA,NA,NA,NA,NA,NA,NA,USGS,Winter,7.263540186,Bay
M6,SanPablo,B,72,c,2022-11-22,2022-12-20,2022,1.389192568,NA,NA,NA,NA,NA,NA,NA,NA,NA,NA,NA,December,Ramped,South.facing,"Tran
(Months 4-6)",Upland,NA,2.012,1.122959674,NA,NA,NA,NA,NA,NA,NA,NA,USGS,Winter,4.774428485,Bay
M6,SanPablo,B,72,a,2022-11-22,2022-12-20,2022,5.119431873,NA,NA,NA,NA,NA,NA,NA,NA,NA,NA,NA,December,Ramped,South.facing,"Tran
(Months 4-6)",Upland,NA,2.012,1.122959674,NA,NA,NA,NA,NA,NA,NA,NA,USGS,Winter,NA,Bay
M6,SanPablo,B,150,b,2022-11-22,2022-12-20,2022,1.099471191,NA,NA,NA,NA,NA,NA,NA,NA,NA,NA,NA,December,Ramped,South.facing,"Tran
(Months 4-6)",Upland,NA,2.014,1.125257985,NA,NA,NA,NA,NA,NA,NA,NA,USGS,Winter,NA,Bay
M6,SanPablo,B,150,c,2022-11-22,2022-12-20,2022,0,NA,NA,NA,NA,NA,NA,NA,NA,NA,NA,NA,December,Ramped,South.facing,"Tran
(Months 4-6)",Upland,NA,2.014,1.125257985,NA,NA,NA,NA,NA,NA,NA,NA,USGS,Winter,NA,Bay
M6,SanPablo,B,150,a,2022-11-22,2022-12-20,2022,0.804849663,NA,NA,NA,NA,NA,NA,NA,NA,NA,NA,NA,December,Ramped,South.facing,"Tran
(Months 4-6)",Upland,NA,2.014,1.125257985,NA,NA,NA,NA,NA,NA,NA,NA,USGS,Winter,NA,Bay
M6,CorteMadera,A,0.5,a,2022-11-30,2022-12-21,2022,0.032671731,NA,NA,NA,NA,NA,NA,NA,NA,NA,NA,NA,December,Scarped,East.facing,"Tran
(Months 4-6)",Edge,NA,1.598,0.69919351,NA,NA,NA,NA,NA,NA,NA,NA,USGS,Winter,NA,Bay
M6,CorteMadera,A,0.5,b,2022-11-30,2022-12-21,2022,0.148656375,NA,NA,NA,NA,NA,NA,NA,NA,NA,NA,NA,December,Scarped,East.facing,"Tran
(Months 4-6)",Edge,NA,1.598,0.69919351,NA,NA,NA,NA,NA,NA,NA,NA,USGS,Winter,NA,Bay
M6,CorteMadera,A,0.5,c,2022-11-30,2022-12-21,2022,NA,NA,NA,NA,NA,NA,NA,NA,NA,NA,NA,NA,December,Scarped,East.facing,"Tran
(Months 4-6)",Edge,NA,1.598,0.69919351,NA,NA,NA,NA,NA,NA,NA,NA,USGS,Winter,NA,Bay
M6,CorteMadera,A,2,a,2022-11-30,2022-12-21,2022,3.825859675,NA,NA,NA,NA,NA,NA,NA,NA,NA,NA,NA,December,Scarped,East.facing,"Tran
(Months 4-6)",Edge,NA,1.684,0.801794321,NA,NA,NA,NA,NA,NA,NA,NA,USGS,Winter,NA,Bay
M6,CorteMadera,A,2,b,2022-11-30,2022-12-21,2022,1.357510414,NA,NA,NA,NA,NA,NA,NA,NA,NA,NA,NA,December,Scarped,East.facing,"Tran
(Months 4-6)",Edge,NA,1.684,0.801794321,NA,NA,NA,NA,NA,NA,NA,NA,USGS,Winter,NA,Bay
M6,CorteMadera,A,2,c,2022-11-30,2022-12-21,2022,2.39320428,NA,NA,NA,NA,NA,NA,NA,NA,NA,NA,NA,December,Scarped,East.facing,"Tran
(Months 4-6)",Edge,NA,1.684,0.801794321,NA,NA,NA,NA,NA,NA,NA,NA,USGS,Winter,5.921625544,Bay
M6,CorteMadera,A,6,a,2022-11-30,2022-12-21,2022,2.273952463,NA,NA,NA,NA,NA,NA,NA,NA,NA,NA,NA,December,Scarped,East.facing,"Tran
(Months 4-6)",Edge,NA,1.691,0.81014555,NA,NA,NA,NA,NA,NA,NA,NA,USGS,Winter,NA,Bay
M6,CorteMadera,A,6,b,2022-11-30,2022-12-21,2022,1.769174222,NA,NA,NA,NA,NA,NA,NA,NA,NA,NA,NA,December,Scarped,East.facing,"Tran
(Months 4-6)",Edge,NA,1.691,0.81014555,NA,NA,NA,NA,NA,NA,NA,NA,USGS,Winter,4.859813084,Bay
M6,CorteMadera,A,6,c,2022-11-30,2022-12-21,2022,2.875929102,NA,NA,NA,NA,NA,NA,NA,NA,NA,NA,NA,December,Scarped,East.facing,"Tran
(Months 4-6)",Edge,NA,1.691,0.81014555,NA,NA,NA,NA,NA,NA,NA,NA,USGS,Winter,NA,Bay
M6,CorteMadera,A,12,a,2022-11-30,2022-12-21,2022,1.662174304,NA,NA,NA,NA,NA,NA,NA,NA,NA,NA,NA,December,Scarped,East.facing,"Tran
(Months 4-6)",Platform,NA,1.705,0.826848008,NA,NA,NA,NA,NA,NA,NA,NA,USGS,Winter,NA,Bay
M6,CorteMadera,A,12,b,2022-11-30,2022-12-21,2022,2.318059299,NA,NA,NA,NA,NA,NA,NA,NA,NA,NA,NA,December,Scarped,East.facing,"Tran
(Months 4-6)",Platform,NA,1.705,0.826848008,NA,NA,NA,NA,NA,NA,NA,NA,USGS,Winter,6.976744186,Bay
M6,CorteMadera,A,12,c,2022-11-30,2022-12-21,2022,2.247815078,NA,NA,NA,NA,NA,NA,NA,NA,NA,NA,NA,December,Scarped,East.facing,"Tran
(Months 4-6)",Platform,NA,1.705,0.826848008,NA,NA,NA,NA,NA,NA,NA,NA,USGS,Winter,NA,Bay
M6,CorteMadera,A,24,a,2022-11-30,2022-12-21,2022,7.586375888,NA,NA,NA,NA,NA,NA,NA,NA,NA,NA,NA,December,Scarped,East.facing,"Tran
(Months 4-6)",Platform,NA,1.664,0.777933667,NA,NA,NA,NA,NA,NA,NA,NA,USGS,Winter,8.494561156,Bay
M6,CorteMadera,A,24,b,2022-11-30,2022-12-21,2022,4.761087969,NA,NA,NA,NA,NA,NA,NA,NA,NA,NA,NA,December,Scarped,East.facing,"Tran
(Months 4-6)",Platform,NA,1.664,0.777933667,NA,NA,NA,NA,NA,NA,NA,NA,USGS,Winter,NA,Bay
M6,CorteMadera,A,24,c,2022-11-30,2022-12-21,2022,3.814424569,NA,NA,NA,NA,NA,NA,NA,NA,NA,NA,NA,December,Scarped,East.facing,"Tran
(Months 4-6)",Platform,NA,1.664,0.777933667,NA,NA,NA,NA,NA,NA,NA,NA,USGS,Winter,NA,Bay
M6,CorteMadera,A,48,a,2022-11-30,2022-12-21,2022,3.37498979,NA,NA,NA,NA,NA,NA,NA,NA,NA,NA,NA,December,Scarped,East.facing,"Tran
(Months 4-6)",Upland,NA,1.724,0.849515629,NA,NA,NA,NA,NA,NA,NA,NA,USGS,Winter,NA,Bay
M6,CorteMadera,A,48,b,2022-11-30,2022-12-21,2022,1.814097852,NA,NA,NA,NA,NA,NA,NA,NA,NA,NA,NA,December,Scarped,East.facing,"Tran
(Months 4-6)",Upland,NA,1.724,0.849515629,NA,NA,NA,NA,NA,NA,NA,NA,USGS,Winter,NA,Bay
M6,CorteMadera,A,48,c,2022-11-30,2022-12-21,2022,2.983745814,NA,NA,NA,NA,NA,NA,NA,NA,NA,NA,NA,December,Scarped,East.facing,"Tran
(Months 4-6)",Upland,NA,1.724,0.849515629,NA,NA,NA,NA,NA,NA,NA,NA,USGS,Winter,7.025547445,Bay
M6,CorteMadera,B,0.5,a,2022-11-30,2022-12-21,2022,0.103732745,NA,NA,NA,NA,NA,NA,NA,NA,NA,NA,NA,December,Scarped,East.facing,"Tran
(Months 4-6)",Edge,NA,1.576,0.672946791,NA,NA,NA,NA,NA,NA,NA,NA,USGS,Winter,NA,Bay
M6,CorteMadera,B,0.5,b,2022-11-30,2022-12-21,2022,0.149473168,NA,NA,NA,NA,NA,NA,NA,NA,NA,NA,NA,December,Scarped,East.facing,"Tran
(Months 4-6)",Edge,NA,1.576,0.672946791,NA,NA,NA,NA,NA,NA,NA,NA,USGS,Winter,NA,Bay
M6,CorteMadera,B,0.5,c,2022-11-30,2022-12-21,2022,0.023687005,NA,NA,NA,NA,NA,NA,NA,NA,NA,NA,NA,December,Scarped,East.facing,"Tran
(Months 4-6)",Edge,NA,1.576,0.672946791,NA,NA,NA,NA,NA,NA,NA,NA,USGS,Winter,NA,Bay
M6,CorteMadera,B,2,a,2022-11-30,2022-12-21,2022,1.599462732,NA,NA,NA,NA,NA,NA,NA,NA,NA,NA,NA,December,Scarped,East.facing,"Tran
(Months 4-6)",Edge,NA,1.605,0.707544739,NA,NA,NA,NA,NA,NA,NA,NA,USGS,Winter,NA,Bay
M6,CorteMadera,B,2,b,2022-11-30,2022-12-21,2022,3.074137602,NA,NA,NA,NA,NA,NA,NA,NA,NA,NA,NA,December,Scarped,East.facing,"Tran
(Months 4-6)",Edge,NA,1.605,0.707544739,NA,NA,NA,NA,NA,NA,NA,NA,USGS,Winter,NA,Bay
M6,CorteMadera,B,2,c,2022-11-30,2022-12-21,2022,6.819407008,NA,NA,NA,NA,NA,NA,NA,NA,NA,NA,NA,December,Scarped,East.facing,"Tran
(Months 4-6)",Edge,NA,1.605,0.707544739,NA,NA,NA,NA,NA,NA,NA,NA,USGS,Winter,NA,Bay
M6,CorteMadera,B,6,a,2022-11-30,2022-12-21,2022,1.70873152,NA,NA,NA,NA,NA,NA,NA,NA,NA,NA,NA,December,Scarped,East.facing,"Tran
(Months 4-6)",Edge,NA,1.672,0.787477929,NA,NA,NA,NA,NA,NA,NA,NA,USGS,Winter,NA,Bay
M6,CorteMadera,B,6,b,2022-11-30,2022-12-21,2022,2.365433309,NA,NA,NA,NA,NA,NA,NA,NA,NA,NA,NA,December,Scarped,East.facing,"Tran
(Months 4-6)",Edge,NA,1.672,0.787477929,NA,NA,NA,NA,NA,NA,NA,NA,USGS,Winter,NA,Bay
M6,CorteMadera,B,6,c,2022-11-30,2022-12-21,2022,1.561708732,NA,NA,NA,NA,NA,NA,NA,NA,NA,NA,NA,December,Scarped,East.facing,"Tran
(Months 4-6)",Edge,NA,1.672,0.787477929,NA,NA,NA,NA,NA,NA,NA,NA,USGS,Winter,NA,Bay
M6,CorteMadera,B,12,a,2022-11-30,2022-12-21,2022,2.012578616,NA,NA,NA,NA,NA,NA,NA,NA,NA,NA,NA,December,Scarped,East.facing,"Tran
(Months 4-6)",Platform,NA,1.664,0.777933667,NA,NA,NA,NA,NA,NA,NA,NA,USGS,Winter,NA,Bay
M6,CorteMadera,B,12,b,2022-11-30,2022-12-21,2022,3.181538753,NA,NA,NA,NA,NA,NA,NA,NA,NA,NA,NA,December,Scarped,East.facing,"Tran
(Months 4-6)",Platform,NA,1.664,0.777933667,NA,NA,NA,NA,NA,NA,NA,NA,USGS,Winter,NA,Bay
M6,CorteMadera,B,12,c,2022-11-30,2022-12-21,2022,1.662174304,NA,NA,NA,NA,NA,NA,NA,NA,NA,NA,NA,December,Scarped,East.facing,"Tran
(Months 4-6)",Platform,NA,1.664,0.777933667,NA,NA,NA,NA,NA,NA,NA,NA,USGS,Winter,6.00865246,Bay
M6,CorteMadera,B,24,a,2022-11-30,2022-12-21,2022,13.77766887,NA,NA,NA,NA,NA,NA,NA,NA,NA,NA,NA,December,Scarped,East.facing,"Tran
(Months 4-6)",Platform,NA,1.642,0.751686948,NA,NA,NA,NA,NA,NA,NA,NA,USGS,Winter,10.08837666,Bay
M6,CorteMadera,B,24,b,2022-11-30,2022-12-21,2022,3.54978355,NA,NA,NA,NA,NA,NA,NA,NA,NA,NA,NA,December,Scarped,East.facing,"Tran
(Months 4-6)",Platform,NA,1.642,0.751686948,NA,NA,NA,NA,NA,NA,NA,NA,USGS,Winter,NA,Bay
M6,CorteMadera,B,24,c,2022-11-30,2022-12-21,2022,18.17038308,NA,NA,NA,NA,NA,NA,NA,NA,NA,NA,NA,December,Scarped,East.facing,"Tran
(Months 4-6)",Platform,NA,1.642,0.751686948,NA,NA,NA,NA,NA,NA,NA,NA,USGS,Winter,NA,Bay
M6,CorteMadera,B,48,a,2022-11-30,2022-12-21,2022,1.40651801,NA,NA,NA,NA,NA,NA,NA,NA,NA,NA,NA,December,Scarped,East.facing,"Tran
(Months 4-6)",Upland,NA,1.692,0.811338583,NA,NA,NA,NA,NA,NA,NA,NA,USGS,Winter,6.763122476,Bay
M6,CorteMadera,B,48,b,2022-11-30,2022-12-21,2022,4.487462223,NA,NA,NA,NA,NA,NA,NA,NA,NA,NA,NA,December,Scarped,East.facing,"Tran
(Months 4-6)",Upland,NA,1.692,0.811338583,NA,NA,NA,NA,NA,NA,NA,NA,USGS,Winter,NA,Bay
M6,CorteMadera,B,48,c,2022-11-30,2022-12-21,2022,1.58621253,NA,NA,NA,NA,NA,NA,NA,NA,NA,NA,NA,December,Scarped,East.facing,"Tran
(Months 4-6)",Upland,NA,1.692,0.811338583,NA,NA,NA,NA,NA,NA,NA,NA,USGS,Winter,NA,Bay
M7,SanPablo,A,0.5,b,2022-12-20,2023-01-17,2023,13.34923405,NA,NA,NA,NA,NA,NA,NA,NA,NA,NA,NA,January,Ramped,South.facing,"Wet
(Months 7-9)",Intertidal,NA,0.735,-0.344512321,NA,NA,NA,NA,NA,NA,NA,NA,USGS,Winter,NA,Bay
M7,SanPablo,A,0.5,c,2022-12-20,2023-01-17,2023,12.25221294,NA,NA,NA,NA,NA,NA,NA,NA,NA,NA,NA,January,Ramped,South.facing,"Wet
(Months 7-9)",Intertidal,NA,0.735,-0.344512321,NA,NA,NA,NA,NA,NA,NA,NA,USGS,Winter,NA,Bay
M7,SanPablo,A,0.5,a,2022-12-20,2023-01-17,2023,8.806794863,NA,NA,NA,NA,NA,NA,NA,NA,NA,NA,NA,January,Ramped,South.facing,"Wet
(Months 7-9)",Intertidal,NA,0.735,-0.344512321,NA,NA,NA,NA,NA,NA,NA,NA,USGS,Winter,NA,Bay
M7,SanPablo,A,2,b,2022-12-20,2023-01-17,2023,11.10986543,NA,NA,NA,NA,NA,NA,NA,NA,NA,NA,NA,January,Ramped,South.facing,"Wet
(Months 7-9)",Intertidal,NA,0.751,-0.326125828,NA,NA,NA,NA,NA,NA,NA,NA,USGS,Winter,NA,Bay
M7,SanPablo,A,2,c,2022-12-20,2023-01-17,2023,8.583838031,NA,NA,NA,NA,NA,NA,NA,NA,NA,NA,NA,January,Ramped,South.facing,"Wet
(Months 7-9)",Intertidal,NA,0.751,-0.326125828,NA,NA,NA,NA,NA,NA,NA,NA,USGS,Winter,NA,Bay
M7,SanPablo,A,2,a,2022-12-20,2023-01-17,2023,9.916678872,NA,NA,NA,NA,NA,NA,NA,NA,NA,NA,NA,January,Ramped,South.facing,"Wet
(Months 7-9)",Intertidal,NA,0.751,-0.326125828,NA,NA,NA,NA,NA,NA,NA,NA,USGS,Winter,NA,Bay
M7,SanPablo,A,6,b,2022-12-20,2023-01-17,2023,2.985416481,NA,NA,NA,NA,NA,NA,NA,NA,NA,NA,NA,January,Ramped,South.facing,"Wet
(Months 7-9)",Intertidal,NA,0.889,-0.167542323,NA,NA,NA,NA,NA,NA,NA,NA,USGS,Winter,NA,Bay
M7,SanPablo,A,6,c,2022-12-20,2023-01-17,2023,3.346802555,NA,NA,NA,NA,NA,NA,NA,NA,NA,NA,NA,January,Ramped,South.facing,"Wet
(Months 7-9)",Intertidal,NA,0.889,-0.167542323,NA,NA,NA,NA,NA,NA,NA,NA,USGS,Winter,NA,Bay
M7,SanPablo,A,6,a,2022-12-20,2023-01-17,2023,0.186818225,NA,NA,NA,NA,NA,NA,NA,NA,NA,NA,NA,January,Ramped,South.facing,"Wet
(Months 7-9)",Intertidal,NA,0.889,-0.167542323,NA,NA,NA,NA,NA,NA,NA,NA,USGS,Winter,NA,Bay
M7,SanPablo,A,9,b,2022-12-20,2023-01-17,2023,0.482052271,NA,NA,NA,NA,NA,NA,NA,NA,NA,NA,NA,January,Ramped,South.facing,"Wet
(Months 7-9)",Intertidal,NA,NA,NA,NA,NA,NA,NA,NA,NA,NA,NA,USGS,Winter,NA,NA
M7,SanPablo,A,9,c,2022-12-20,2023-01-17,2023,0.139654279,NA,NA,NA,NA,NA,NA,NA,NA,NA,NA,NA,January,Ramped,South.facing,"Wet
(Months 7-9)",Intertidal,NA,NA,NA,NA,NA,NA,NA,NA,NA,NA,NA,USGS,Winter,NA,NA
M7,SanPablo,A,9,a,2022-12-20,2023-01-17,2023,0.042263795,NA,NA,NA,NA,NA,NA,NA,NA,NA,NA,NA,January,Ramped,South.facing,"Wet
(Months 7-9)",Intertidal,NA,NA,NA,NA,NA,NA,NA,NA,NA,NA,NA,USGS,Winter,NA,NA
M7,SanPablo,A,12,b,2022-12-20,2023-01-17,2023,1.602961619,NA,NA,NA,NA,NA,NA,NA,NA,NA,NA,NA,January,Ramped,South.facing,"Wet
(Months 7-9)",Intertidal,NA,1.069,0.039305726,NA,NA,NA,NA,NA,NA,NA,NA,USGS,Winter,NA,Bay
M7,SanPablo,A,12,c,2022-12-20,2023-01-17,2023,0,NA,NA,NA,NA,NA,NA,NA,NA,NA,NA,NA,January,Ramped,South.facing,"Wet
(Months 7-9)",Intertidal,NA,1.069,0.039305726,NA,NA,NA,NA,NA,NA,NA,NA,USGS,Winter,NA,Bay
M7,SanPablo,A,12,a,2022-12-20,2023-01-17,2023,0.884477103,NA,NA,NA,NA,NA,NA,NA,NA,NA,NA,NA,January,Ramped,South.facing,"Wet
(Months 7-9)",Intertidal,NA,1.069,0.039305726,NA,NA,NA,NA,NA,NA,NA,NA,USGS,Winter,NA,Bay
M7,SanPablo,A,18,b,2022-12-20,2023-01-17,2023,0,NA,NA,NA,NA,NA,NA,NA,NA,NA,NA,NA,January,Ramped,South.facing,"Wet
(Months 7-9)",Intertidal,NA,NA,NA,NA,NA,NA,NA,NA,NA,NA,NA,USGS,Winter,NA,NA
M7,SanPablo,A,18,c,2022-12-20,2023-01-17,2023,0,NA,NA,NA,NA,NA,NA,NA,NA,NA,NA,NA,January,Ramped,South.facing,"Wet
(Months 7-9)",Intertidal,NA,NA,NA,NA,NA,NA,NA,NA,NA,NA,NA,USGS,Winter,NA,NA
M7,SanPablo,A,18,a,2022-12-20,2023-01-17,2023,0,NA,NA,NA,NA,NA,NA,NA,NA,NA,NA,NA,January,Ramped,South.facing,"Wet
(Months 7-9)",Intertidal,NA,NA,NA,NA,NA,NA,NA,NA,NA,NA,NA,USGS,Winter,NA,NA
M7,SanPablo,A,24,b,2022-12-20,2023-01-17,2023,1.087833334,NA,NA,NA,NA,NA,NA,NA,NA,NA,NA,NA,January,Ramped,South.facing,"Wet
(Months 7-9)",Edge,NA,1.713,0.779362081,NA,NA,NA,NA,NA,NA,NA,NA,USGS,Winter,NA,Bay
M7,SanPablo,A,24,c,2022-12-20,2023-01-17,2023,0,NA,NA,NA,NA,NA,NA,NA,NA,NA,NA,NA,January,Ramped,South.facing,"Wet
(Months 7-9)",Edge,NA,1.713,0.779362081,NA,NA,NA,NA,NA,NA,NA,NA,USGS,Winter,NA,Bay
M7,SanPablo,A,24,a,2022-12-20,2023-01-17,2023,0.252357733,NA,NA,NA,NA,NA,NA,NA,NA,NA,NA,NA,January,Ramped,South.facing,"Wet
(Months 7-9)",Edge,NA,1.713,0.779362081,NA,NA,NA,NA,NA,NA,NA,NA,USGS,Winter,5.396911406,Bay
M7,SanPablo,A,48,b,2022-12-20,2023-01-17,2023,15.28479337,NA,NA,NA,NA,NA,NA,NA,NA,NA,NA,NA,January,Ramped,South.facing,"Wet
(Months 7-9)",Platform,NA,2.01,1.120661362,NA,NA,NA,NA,NA,NA,NA,NA,USGS,Winter,NA,Bay
M7,SanPablo,A,48,c,2022-12-20,2023-01-17,2023,8.99238805,NA,NA,NA,NA,NA,NA,NA,NA,NA,NA,NA,January,Ramped,South.facing,"Wet
(Months 7-9)",Platform,NA,2.01,1.120661362,NA,NA,NA,NA,NA,NA,NA,NA,USGS,Winter,NA,Bay
M7,SanPablo,A,48,a,2022-12-20,2023-01-17,2023,12.02190588,NA,NA,NA,NA,NA,NA,NA,NA,NA,NA,NA,January,Ramped,South.facing,"Wet
(Months 7-9)",Platform,NA,2.01,1.120661362,NA,NA,NA,NA,NA,NA,NA,NA,USGS,Winter,6.976744186,Bay
M7,SanPablo,A,72,b,2022-12-20,2023-01-17,2023,6.12205704,NA,NA,NA,NA,NA,NA,NA,NA,NA,NA,NA,January,Ramped,South.facing,"Wet
(Months 7-9)",Upland,NA,2.04,1.155136037,NA,NA,NA,NA,NA,NA,NA,NA,USGS,Winter,NA,Bay
M7,SanPablo,A,72,c,2022-12-20,2023-01-17,2023,2.425574326,NA,NA,NA,NA,NA,NA,NA,NA,NA,NA,NA,January,Ramped,South.facing,"Wet
(Months 7-9)",Upland,NA,2.04,1.155136037,NA,NA,NA,NA,NA,NA,NA,NA,USGS,Winter,NA,Bay
M7,SanPablo,A,72,a,2022-12-20,2023-01-17,2023,4.019154736,NA,NA,NA,NA,NA,NA,NA,NA,NA,NA,NA,January,Ramped,South.facing,"Wet
(Months 7-9)",Upland,NA,2.04,1.155136037,NA,NA,NA,NA,NA,NA,NA,NA,USGS,Winter,NA,Bay
M7,SanPablo,A,150,b,2022-12-20,2023-01-17,2023,2.975139777,NA,NA,NA,NA,NA,NA,NA,NA,NA,NA,NA,January,Ramped,South.facing,"Wet
(Months 7-9)",Upland,NA,1.974,1.079291752,NA,NA,NA,NA,NA,NA,NA,NA,USGS,Winter,63.74438623,Bay
M7,SanPablo,A,150,c,2022-12-20,2023-01-17,2023,0.904690222,NA,NA,NA,NA,NA,NA,NA,NA,NA,NA,NA,January,Ramped,South.facing,"Wet
(Months 7-9)",Upland,NA,1.974,1.079291752,NA,NA,NA,NA,NA,NA,NA,NA,USGS,Winter,NA,Bay
M7,SanPablo,A,150,a,2022-12-20,2023-01-17,2023,2.899663853,NA,NA,NA,NA,NA,NA,NA,NA,NA,NA,NA,January,Ramped,South.facing,"Wet
(Months 7-9)",Upland,NA,1.974,1.079291752,NA,NA,NA,NA,NA,NA,NA,NA,USGS,Winter,NA,Bay
M7,SanPablo,B,0.5,b,2022-12-20,2023-01-17,2023,5.690911884,NA,NA,NA,NA,NA,NA,NA,NA,NA,NA,NA,January,Ramped,South.facing,"Wet
(Months 7-9)",Intertidal,NA,0.774,-0.299695244,NA,NA,NA,NA,NA,NA,NA,NA,USGS,Winter,NA,Bay
M7,SanPablo,B,0.5,c,2022-12-20,2023-01-17,2023,8.014808094,NA,NA,NA,NA,NA,NA,NA,NA,NA,NA,NA,January,Ramped,South.facing,"Wet
(Months 7-9)",Intertidal,NA,0.774,-0.299695244,NA,NA,NA,NA,NA,NA,NA,NA,USGS,Winter,NA,Bay
M7,SanPablo,B,0.5,a,2022-12-20,2023-01-17,2023,5.889980484,NA,NA,NA,NA,NA,NA,NA,NA,NA,NA,NA,January,Ramped,South.facing,"Wet
(Months 7-9)",Intertidal,NA,0.774,-0.299695244,NA,NA,NA,NA,NA,NA,NA,NA,USGS,Winter,NA,Bay
M7,SanPablo,B,2,b,2022-12-20,2023-01-17,2023,0.865489021,NA,NA,NA,NA,NA,NA,NA,NA,NA,NA,NA,January,Ramped,South.facing,"Wet
(Months 7-9)",Intertidal,NA,0.805,-0.264071413,NA,NA,NA,NA,NA,NA,NA,NA,USGS,Winter,NA,Bay
M7,SanPablo,B,2,c,2022-12-20,2023-01-17,2023,7.461703646,NA,NA,NA,NA,NA,NA,NA,NA,NA,NA,NA,January,Ramped,South.facing,"Wet
(Months 7-9)",Intertidal,NA,0.805,-0.264071413,NA,NA,NA,NA,NA,NA,NA,NA,USGS,Winter,NA,Bay
M7,SanPablo,B,2,a,2022-12-20,2023-01-17,2023,8.687966222,NA,NA,NA,NA,NA,NA,NA,NA,NA,NA,NA,January,Ramped,South.facing,"Wet
(Months 7-9)",Intertidal,NA,0.805,-0.264071413,NA,NA,NA,NA,NA,NA,NA,NA,USGS,Winter,NA,Bay
M7,SanPablo,B,6,b,2022-12-20,2023-01-17,2023,0,NA,NA,NA,NA,NA,NA,NA,NA,NA,NA,NA,January,Ramped,South.facing,"Wet
(Months 7-9)",Intertidal,NA,0.837,-0.227298427,NA,NA,NA,NA,NA,NA,NA,NA,USGS,Winter,NA,Bay
M7,SanPablo,B,6,c,2022-12-20,2023-01-17,2023,0,NA,NA,NA,NA,NA,NA,NA,NA,NA,NA,NA,January,Ramped,South.facing,"Wet
(Months 7-9)",Intertidal,NA,0.837,-0.227298427,NA,NA,NA,NA,NA,NA,NA,NA,USGS,Winter,NA,Bay
M7,SanPablo,B,6,a,2022-12-20,2023-01-17,2023,0,NA,NA,NA,NA,NA,NA,NA,NA,NA,NA,NA,January,Ramped,South.facing,"Wet
(Months 7-9)",Intertidal,NA,0.837,-0.227298427,NA,NA,NA,NA,NA,NA,NA,NA,USGS,Winter,NA,Bay
M7,SanPablo,B,9,b,2022-12-20,2023-01-17,2023,0.83608812,NA,NA,NA,NA,NA,NA,NA,NA,NA,NA,NA,January,Ramped,South.facing,"Wet
(Months 7-9)",Intertidal,NA,NA,NA,NA,NA,NA,NA,NA,NA,NA,NA,USGS,Winter,NA,NA
M7,SanPablo,B,9,c,2022-12-20,2023-01-17,2023,0.143329392,NA,NA,NA,NA,NA,NA,NA,NA,NA,NA,NA,January,Ramped,South.facing,"Wet
(Months 7-9)",Intertidal,NA,NA,NA,NA,NA,NA,NA,NA,NA,NA,NA,USGS,Winter,NA,NA
M7,SanPablo,B,9,a,2022-12-20,2023-01-17,2023,0.045326389,NA,NA,NA,NA,NA,NA,NA,NA,NA,NA,NA,January,Ramped,South.facing,"Wet
(Months 7-9)",Intertidal,NA,NA,NA,NA,NA,NA,NA,NA,NA,NA,NA,USGS,Winter,NA,NA
M7,SanPablo,B,12,b,2022-12-20,2023-01-17,2023,0.019600601,NA,NA,NA,NA,NA,NA,NA,NA,NA,NA,NA,January,Ramped,South.facing,"Wet
(Months 7-9)",Intertidal,NA,1.042,0.008278519,NA,NA,NA,NA,NA,NA,NA,NA,USGS,Winter,NA,Bay
M7,SanPablo,B,12,c,2022-12-20,2023-01-17,2023,0.083915071,NA,NA,NA,NA,NA,NA,NA,NA,NA,NA,NA,January,Ramped,South.facing,"Wet
(Months 7-9)",Intertidal,NA,1.042,0.008278519,NA,NA,NA,NA,NA,NA,NA,NA,USGS,Winter,NA,Bay
M7,SanPablo,B,12,a,2022-12-20,2023-01-17,2023,0.246232545,NA,NA,NA,NA,NA,NA,NA,NA,NA,NA,NA,January,Ramped,South.facing,"Wet
(Months 7-9)",Intertidal,NA,1.042,0.008278519,NA,NA,NA,NA,NA,NA,NA,NA,USGS,Winter,NA,Bay
M7,SanPablo,B,18,b,2022-12-20,2023-01-17,2023,11.96739171,NA,NA,NA,NA,NA,NA,NA,NA,NA,NA,NA,January,Ramped,South.facing,"Wet
(Months 7-9)",Intertidal,NA,NA,NA,NA,NA,NA,NA,NA,NA,NA,NA,USGS,Winter,NA,NA
M7,SanPablo,B,18,c,2022-12-20,2023-01-17,2023,7.982344599,NA,NA,NA,NA,NA,NA,NA,NA,NA,NA,NA,January,Ramped,South.facing,"Wet
(Months 7-9)",Intertidal,NA,NA,NA,NA,NA,NA,NA,NA,NA,NA,NA,USGS,Winter,NA,NA
M7,SanPablo,B,18,a,2022-12-20,2023-01-17,2023,4.981615149,NA,NA,NA,NA,NA,NA,NA,NA,NA,NA,NA,January,Ramped,South.facing,"Wet
(Months 7-9)",Intertidal,NA,NA,NA,NA,NA,NA,NA,NA,NA,NA,NA,USGS,Winter,NA,NA
M7,SanPablo,B,24,b,2022-12-20,2023-01-17,2023,1.781817099,NA,NA,NA,NA,NA,NA,NA,NA,NA,NA,NA,January,Ramped,South.facing,"Wet
(Months 7-9)",Edge,NA,1.563,0.606988706,NA,NA,NA,NA,NA,NA,NA,NA,USGS,Winter,NA,Bay
M7,SanPablo,B,24,c,2022-12-20,2023-01-17,2023,0.409775057,NA,NA,NA,NA,NA,NA,NA,NA,NA,NA,NA,January,Ramped,South.facing,"Wet
(Months 7-9)",Edge,NA,1.563,0.606988706,NA,NA,NA,NA,NA,NA,NA,NA,USGS,Winter,NA,Bay
M7,SanPablo,B,24,a,2022-12-20,2023-01-17,2023,0,NA,NA,NA,NA,NA,NA,NA,NA,NA,NA,NA,January,Ramped,South.facing,"Wet
(Months 7-9)",Edge,NA,1.563,0.606988706,NA,NA,NA,NA,NA,NA,NA,NA,USGS,Winter,NA,Bay
M7,SanPablo,B,48,b,2022-12-20,2023-01-17,2023,22.39001109,NA,NA,NA,NA,NA,NA,NA,NA,NA,NA,NA,January,Ramped,South.facing,"Wet
(Months 7-9)",Platform,NA,1.978,1.083888376,NA,NA,NA,NA,NA,NA,NA,NA,USGS,Winter,NA,Bay
M7,SanPablo,B,48,c,2022-12-20,2023-01-17,2023,19.27106551,NA,NA,NA,NA,NA,NA,NA,NA,NA,NA,NA,January,Ramped,South.facing,"Wet
(Months 7-9)",Platform,NA,1.978,1.083888376,NA,NA,NA,NA,NA,NA,NA,NA,USGS,Winter,NA,Bay
M7,SanPablo,B,48,a,2022-12-20,2023-01-17,2023,23.87659414,NA,NA,NA,NA,NA,NA,NA,NA,NA,NA,NA,January,Ramped,South.facing,"Wet
(Months 7-9)",Platform,NA,1.978,1.083888376,NA,NA,NA,NA,NA,NA,NA,NA,USGS,Winter,NA,Bay
M7,SanPablo,B,72,b,2022-12-20,2023-01-17,2023,1.819793263,NA,NA,NA,NA,NA,NA,NA,NA,NA,NA,NA,January,Ramped,South.facing,"Wet
(Months 7-9)",Upland,NA,2.012,1.122959674,NA,NA,NA,NA,NA,NA,NA,NA,USGS,Winter,NA,Bay
M7,SanPablo,B,72,c,2022-12-20,2023-01-17,2023,1.220749907,NA,NA,NA,NA,NA,NA,NA,NA,NA,NA,NA,January,Ramped,South.facing,"Wet
(Months 7-9)",Upland,NA,2.012,1.122959674,NA,NA,NA,NA,NA,NA,NA,NA,USGS,Winter,NA,Bay
M7,SanPablo,B,72,a,2022-12-20,2023-01-17,2023,1.380004787,NA,NA,NA,NA,NA,NA,NA,NA,NA,NA,NA,January,Ramped,South.facing,"Wet
(Months 7-9)",Upland,NA,2.012,1.122959674,NA,NA,NA,NA,NA,NA,NA,NA,USGS,Winter,NA,Bay
M7,SanPablo,B,150,b,2022-12-20,2023-01-17,2023,2.153003474,NA,NA,NA,NA,NA,NA,NA,NA,NA,NA,NA,January,Ramped,South.facing,"Wet
(Months 7-9)",Upland,NA,2.014,1.125257985,NA,NA,NA,NA,NA,NA,NA,NA,USGS,Winter,NA,Bay
M7,SanPablo,B,150,c,2022-12-20,2023-01-17,2023,0.02307154,NA,NA,NA,NA,NA,NA,NA,NA,NA,NA,NA,January,Ramped,South.facing,"Wet
(Months 7-9)",Upland,NA,2.014,1.125257985,NA,NA,NA,NA,NA,NA,NA,NA,USGS,Winter,NA,Bay
M7,SanPablo,B,150,a,2022-12-20,2023-01-17,2023,4.04568647,NA,NA,NA,NA,NA,NA,NA,NA,NA,NA,NA,January,Ramped,South.facing,"Wet
(Months 7-9)",Upland,NA,2.014,1.125257985,NA,NA,NA,NA,NA,NA,NA,NA,USGS,Winter,NA,Bay
M7,CorteMadera,A,0.5,a,2022-12-21,2023-01-18,2023,0.301396716,NA,NA,NA,NA,NA,NA,NA,NA,NA,NA,NA,January,Scarped,East.facing,"Wet
(Months 7-9)",Edge,NA,1.598,0.69919351,NA,NA,NA,NA,NA,NA,NA,NA,USGS,Winter,NA,Bay
M7,CorteMadera,A,0.5,b,2022-12-21,2023-01-18,2023,0.402474884,NA,NA,NA,NA,NA,NA,NA,NA,NA,NA,NA,January,Scarped,East.facing,"Wet
(Months 7-9)",Edge,NA,1.598,0.69919351,NA,NA,NA,NA,NA,NA,NA,NA,USGS,Winter,NA,Bay
M7,CorteMadera,A,0.5,c,2022-12-21,2023-01-18,2023,0.298946337,NA,NA,NA,NA,NA,NA,NA,NA,NA,NA,NA,January,Scarped,East.facing,"Wet
(Months 7-9)",Edge,NA,1.598,0.69919351,NA,NA,NA,NA,NA,NA,NA,NA,USGS,Winter,NA,Bay
M7,CorteMadera,A,2,a,2022-12-21,2023-01-18,2023,29.86767949,NA,NA,NA,NA,NA,NA,NA,NA,NA,NA,NA,January,Scarped,East.facing,"Wet
(Months 7-9)",Edge,NA,1.684,0.801794321,NA,NA,NA,NA,NA,NA,NA,NA,USGS,Winter,NA,Bay
M7,CorteMadera,A,2,b,2022-12-21,2023-01-18,2023,36.49656947,NA,NA,NA,NA,NA,NA,NA,NA,NA,NA,NA,January,Scarped,East.facing,"Wet
(Months 7-9)",Edge,NA,1.684,0.801794321,NA,NA,NA,NA,NA,NA,NA,NA,USGS,Winter,4.776579353,Bay
M7,CorteMadera,A,2,c,2022-12-21,2023-01-18,2023,24.35371233,NA,NA,NA,NA,NA,NA,NA,NA,NA,NA,NA,January,Scarped,East.facing,"Wet
(Months 7-9)",Edge,NA,1.684,0.801794321,NA,NA,NA,NA,NA,NA,NA,NA,USGS,Winter,NA,Bay
M7,CorteMadera,A,6,a,2022-12-21,2023-01-18,2023,3.023768684,NA,NA,NA,NA,NA,NA,NA,NA,NA,NA,NA,January,Scarped,East.facing,"Wet
(Months 7-9)",Edge,NA,1.691,0.81014555,NA,NA,NA,NA,NA,NA,NA,NA,USGS,Winter,NA,Bay
M7,CorteMadera,A,6,b,2022-12-21,2023-01-18,2023,36.98542024,NA,NA,NA,NA,NA,NA,NA,NA,NA,NA,NA,January,Scarped,East.facing,"Wet
(Months 7-9)",Edge,NA,1.691,0.81014555,NA,NA,NA,NA,NA,NA,NA,NA,USGS,Winter,7.961992136,Bay
M7,CorteMadera,A,6,c,2022-12-21,2023-01-18,2023,4.10071061,NA,NA,NA,NA,NA,NA,NA,NA,NA,NA,NA,January,Scarped,East.facing,"Wet
(Months 7-9)",Edge,NA,1.691,0.81014555,NA,NA,NA,NA,NA,NA,NA,NA,USGS,Winter,NA,Bay
M7,CorteMadera,A,12,a,2022-12-21,2023-01-18,2023,3.572381497,NA,NA,NA,NA,NA,NA,NA,NA,NA,NA,NA,January,Scarped,East.facing,"Wet
(Months 7-9)",Platform,NA,1.705,0.826848008,NA,NA,NA,NA,NA,NA,NA,NA,USGS,Winter,NA,Bay
M7,CorteMadera,A,12,b,2022-12-21,2023-01-18,2023,4.114800294,NA,NA,NA,NA,NA,NA,NA,NA,NA,NA,NA,January,Scarped,East.facing,"Wet
(Months 7-9)",Platform,NA,1.705,0.826848008,NA,NA,NA,NA,NA,NA,NA,NA,USGS,Winter,NA,Bay
M7,CorteMadera,A,12,c,2022-12-21,2023-01-18,2023,2.534917912,NA,NA,NA,NA,NA,NA,NA,NA,NA,NA,NA,January,Scarped,East.facing,"Wet
(Months 7-9)",Platform,NA,1.705,0.826848008,NA,NA,NA,NA,NA,NA,NA,NA,USGS,Winter,5.7785672,Bay
M7,CorteMadera,A,18,a,2022-12-21,2023-01-18,2023,2.650085763,NA,NA,NA,NA,NA,NA,NA,NA,NA,NA,NA,January,Scarped,East.facing,"Wet
(Months 7-9)",Platform,NA,NA,NA,NA,NA,NA,NA,NA,NA,NA,NA,USGS,Winter,NA,NA
M7,CorteMadera,A,18,b,2022-12-21,2023-01-18,2023,3.440945847,NA,NA,NA,NA,NA,NA,NA,NA,NA,NA,NA,January,Scarped,East.facing,"Wet
(Months 7-9)",Platform,NA,NA,NA,NA,NA,NA,NA,NA,NA,NA,NA,USGS,Winter,NA,NA
M7,CorteMadera,A,18,c,2022-12-21,2023-01-18,2023,2.153271257,NA,NA,NA,NA,NA,NA,NA,NA,NA,NA,NA,January,Scarped,East.facing,"Wet
(Months 7-9)",Platform,NA,NA,NA,NA,NA,NA,NA,NA,NA,NA,NA,USGS,Winter,6.153235411,NA
M7,CorteMadera,A,24,a,2022-12-21,2023-01-18,2023,5.568488116,NA,NA,NA,NA,NA,NA,NA,NA,NA,NA,NA,January,Scarped,East.facing,"Wet
(Months 7-9)",Platform,NA,1.664,0.777933667,NA,NA,NA,NA,NA,NA,NA,NA,USGS,Winter,NA,Bay
M7,CorteMadera,A,24,b,2022-12-21,2023-01-18,2023,4.592111777,NA,NA,NA,NA,NA,NA,NA,NA,NA,NA,NA,January,Scarped,East.facing,"Wet
(Months 7-9)",Platform,NA,1.664,0.777933667,NA,NA,NA,NA,NA,NA,NA,NA,USGS,Winter,5.928609295,Bay
M7,CorteMadera,A,24,c,2022-12-21,2023-01-18,2023,1.174344523,NA,NA,NA,NA,NA,NA,NA,NA,NA,NA,NA,January,Scarped,East.facing,"Wet
(Months 7-9)",Platform,NA,1.664,0.777933667,NA,NA,NA,NA,NA,NA,NA,NA,USGS,Winter,NA,Bay
M7,CorteMadera,A,30,a,2022-12-21,2023-01-18,2023,2.681634403,NA,NA,NA,NA,NA,NA,NA,NA,NA,NA,NA,January,Scarped,East.facing,"Wet
(Months 7-9)",Upland,NA,NA,NA,NA,NA,NA,NA,NA,NA,NA,NA,USGS,Winter,NA,NA
M7,CorteMadera,A,30,b,2022-12-21,2023-01-18,2023,10.9342073,NA,NA,NA,NA,NA,NA,NA,NA,NA,NA,NA,January,Scarped,East.facing,"Wet
(Months 7-9)",Upland,NA,NA,NA,NA,NA,NA,NA,NA,NA,NA,NA,USGS,Winter,6.223588167,NA
M7,CorteMadera,A,30,c,2022-12-21,2023-01-18,2023,5.614432737,NA,NA,NA,NA,NA,NA,NA,NA,NA,NA,NA,January,Scarped,East.facing,"Wet
(Months 7-9)",Upland,NA,NA,NA,NA,NA,NA,NA,NA,NA,NA,NA,USGS,Winter,NA,NA
M7,CorteMadera,A,48,a,2022-12-21,2023-01-18,2023,1.899044352,NA,NA,NA,NA,NA,NA,NA,NA,NA,NA,NA,January,Scarped,East.facing,"Wet
(Months 7-9)",Upland,NA,1.724,0.849515629,NA,NA,NA,NA,NA,NA,NA,NA,USGS,Winter,6.920462271,Bay
M7,CorteMadera,A,48,b,2022-12-21,2023-01-18,2023,116.2552071,NA,NA,NA,NA,NA,NA,NA,NA,NA,NA,NA,January,Scarped,East.facing,"Wet
(Months 7-9)",Upland,NA,1.724,0.849515629,NA,NA,NA,NA,NA,NA,NA,NA,USGS,Winter,NA,Bay
M7,CorteMadera,A,48,c,2022-12-21,2023-01-18,2023,4.659805603,NA,NA,NA,NA,NA,NA,NA,NA,NA,NA,NA,January,Scarped,East.facing,"Wet
(Months 7-9)",Upland,NA,1.724,0.849515629,NA,NA,NA,NA,NA,NA,NA,NA,USGS,Winter,NA,Bay
M7,CorteMadera,B,0.5,a,2022-12-21,2023-01-18,2023,NA,NA,NA,NA,NA,NA,NA,NA,NA,NA,NA,NA,January,Scarped,East.facing,"Wet
(Months 7-9)",Edge,NA,1.576,0.672946791,NA,NA,NA,NA,NA,NA,NA,NA,USGS,Winter,NA,Bay
M7,CorteMadera,B,0.5,b,2022-12-21,2023-01-18,2023,NA,NA,NA,NA,NA,NA,NA,NA,NA,NA,NA,NA,January,Scarped,East.facing,"Wet
(Months 7-9)",Edge,NA,1.576,0.672946791,NA,NA,NA,NA,NA,NA,NA,NA,USGS,Winter,NA,Bay
M7,CorteMadera,B,0.5,c,2022-12-21,2023-01-18,2023,NA,NA,NA,NA,NA,NA,NA,NA,NA,NA,NA,NA,January,Scarped,East.facing,"Wet
(Months 7-9)",Edge,NA,1.576,0.672946791,NA,NA,NA,NA,NA,NA,NA,NA,USGS,Winter,NA,Bay
M7,CorteMadera,B,2,a,2022-12-21,2023-01-18,2023,0,NA,NA,NA,NA,NA,NA,NA,NA,NA,NA,NA,January,Scarped,East.facing,"Wet
(Months 7-9)",Edge,NA,1.605,0.707544739,NA,NA,NA,NA,NA,NA,NA,NA,USGS,Winter,NA,Bay
M7,CorteMadera,B,2,b,2022-12-21,2023-01-18,2023,0.472310708,NA,NA,NA,NA,NA,NA,NA,NA,NA,NA,NA,January,Scarped,East.facing,"Wet
(Months 7-9)",Edge,NA,1.605,0.707544739,NA,NA,NA,NA,NA,NA,NA,NA,USGS,Winter,NA,Bay
M7,CorteMadera,B,2,c,2022-12-21,2023-01-18,2023,0.374908111,NA,NA,NA,NA,NA,NA,NA,NA,NA,NA,NA,January,Scarped,East.facing,"Wet
(Months 7-9)",Edge,NA,1.605,0.707544739,NA,NA,NA,NA,NA,NA,NA,NA,USGS,Winter,NA,Bay
M7,CorteMadera,B,6,a,2022-12-21,2023-01-18,2023,98.49669199,NA,NA,NA,NA,NA,NA,NA,NA,NA,NA,NA,January,Scarped,East.facing,"Wet
(Months 7-9)",Edge,NA,1.672,0.787477929,NA,NA,NA,NA,NA,NA,NA,NA,USGS,Winter,NA,Bay
M7,CorteMadera,B,6,b,2022-12-21,2023-01-18,2023,1.715674263,NA,NA,NA,NA,NA,NA,NA,NA,NA,NA,NA,January,Scarped,East.facing,"Wet
(Months 7-9)",Edge,NA,1.672,0.787477929,NA,NA,NA,NA,NA,NA,NA,NA,USGS,Winter,NA,Bay
M7,CorteMadera,B,6,c,2022-12-21,2023-01-18,2023,5.65477649,NA,NA,NA,NA,NA,NA,NA,NA,NA,NA,NA,January,Scarped,East.facing,"Wet
(Months 7-9)",Edge,NA,1.672,0.787477929,NA,NA,NA,NA,NA,NA,NA,NA,USGS,Winter,5.593740087,Bay
M7,CorteMadera,B,12,a,2022-12-21,2023-01-18,2023,59.587111,NA,NA,NA,NA,NA,NA,NA,NA,NA,NA,NA,January,Scarped,East.facing,"Wet
(Months 7-9)",Platform,NA,1.664,0.777933667,NA,NA,NA,NA,NA,NA,NA,NA,USGS,Winter,NA,Bay
M7,CorteMadera,B,12,b,2022-12-21,2023-01-18,2023,2.749938741,NA,NA,NA,NA,NA,NA,NA,NA,NA,NA,NA,January,Scarped,East.facing,"Wet
(Months 7-9)",Platform,NA,1.664,0.777933667,NA,NA,NA,NA,NA,NA,NA,NA,USGS,Winter,5.87164315,Bay
M7,CorteMadera,B,12,c,2022-12-21,2023-01-18,2023,73.66638079,NA,NA,NA,NA,NA,NA,NA,NA,NA,NA,NA,January,Scarped,East.facing,"Wet
(Months 7-9)",Platform,NA,1.664,0.777933667,NA,NA,NA,NA,NA,NA,NA,NA,USGS,Winter,NA,Bay
M7,CorteMadera,B,18,a,2022-12-21,2023-01-18,2023,4.010917087,NA,NA,NA,NA,NA,NA,NA,NA,NA,NA,NA,January,Scarped,East.facing,"Wet
(Months 7-9)",Platform,NA,NA,NA,NA,NA,NA,NA,NA,NA,NA,NA,USGS,Winter,7.061918252,NA
M7,CorteMadera,B,18,b,2022-12-21,2023-01-18,2023,3.754594462,NA,NA,NA,NA,NA,NA,NA,NA,NA,NA,NA,January,Scarped,East.facing,"Wet
(Months 7-9)",Platform,NA,NA,NA,NA,NA,NA,NA,NA,NA,NA,NA,USGS,Winter,NA,NA
M7,CorteMadera,B,18,c,2022-12-21,2023-01-18,2023,28.567753,NA,NA,NA,NA,NA,NA,NA,NA,NA,NA,NA,January,Scarped,East.facing,"Wet
(Months 7-9)",Platform,NA,NA,NA,NA,NA,NA,NA,NA,NA,NA,NA,USGS,Winter,NA,NA
M7,CorteMadera,B,24,a,2022-12-21,2023-01-18,2023,3.855060034,NA,NA,NA,NA,NA,NA,NA,NA,NA,NA,NA,January,Scarped,East.facing,"Wet
(Months 7-9)",Platform,NA,1.642,0.751686948,NA,NA,NA,NA,NA,NA,NA,NA,USGS,Winter,NA,Bay
M7,CorteMadera,B,24,b,2022-12-21,2023-01-18,2023,57.6819407,NA,NA,NA,NA,NA,NA,NA,NA,NA,NA,NA,January,Scarped,East.facing,"Wet
(Months 7-9)",Platform,NA,1.642,0.751686948,NA,NA,NA,NA,NA,NA,NA,NA,USGS,Winter,NA,Bay
M7,CorteMadera,B,24,c,2022-12-21,2023-01-18,2023,6.840148607,NA,NA,NA,NA,NA,NA,NA,NA,NA,NA,NA,January,Scarped,East.facing,"Wet
(Months 7-9)",Platform,NA,1.642,0.751686948,NA,NA,NA,NA,NA,NA,NA,NA,USGS,Winter,8.321784465,Bay
M7,CorteMadera,B,30,a,2022-12-21,2023-01-18,2023,36.47880421,NA,NA,NA,NA,NA,NA,NA,NA,NA,NA,NA,January,Scarped,East.facing,"Wet
(Months 7-9)",Upland,NA,NA,NA,NA,NA,NA,NA,NA,NA,NA,NA,USGS,Winter,NA,NA
M7,CorteMadera,B,30,b,2022-12-21,2023-01-18,2023,17.50245038,NA,NA,NA,NA,NA,NA,NA,NA,NA,NA,NA,January,Scarped,East.facing,"Wet
(Months 7-9)",Upland,NA,NA,NA,NA,NA,NA,NA,NA,NA,NA,NA,USGS,Winter,NA,NA
M7,CorteMadera,B,30,c,2022-12-21,2023-01-18,2023,28.89365352,NA,NA,NA,NA,NA,NA,NA,NA,NA,NA,NA,January,Scarped,East.facing,"Wet
(Months 7-9)",Upland,NA,NA,NA,NA,NA,NA,NA,NA,NA,NA,NA,USGS,Winter,5.28,NA
M7,CorteMadera,B,48,a,2022-12-21,2023-01-18,2023,28.34354325,NA,NA,NA,NA,NA,NA,NA,NA,NA,NA,NA,January,Scarped,East.facing,"Wet
(Months 7-9)",Upland,NA,1.692,0.811338583,NA,NA,NA,NA,NA,NA,NA,NA,USGS,Winter,NA,Bay
M7,CorteMadera,B,48,b,2022-12-21,2023-01-18,2023,88.07461407,NA,NA,NA,NA,NA,NA,NA,NA,NA,NA,NA,January,Scarped,East.facing,"Wet
(Months 7-9)",Upland,NA,1.692,0.811338583,NA,NA,NA,NA,NA,NA,NA,NA,USGS,Winter,7.236388697,Bay
M7,CorteMadera,B,48,c,2022-12-21,2023-01-18,2023,1.557216369,NA,NA,NA,NA,NA,NA,NA,NA,NA,NA,NA,January,Scarped,East.facing,"Wet
(Months 7-9)",Upland,NA,1.692,0.811338583,NA,NA,NA,NA,NA,NA,NA,NA,USGS,Winter,NA,Bay
M8,SanPablo,A,0.5,b,2023-01-17,2023-02-15,2023,254.4824549,NA,NA,NA,NA,NA,NA,NA,NA,NA,NA,NA,February,Ramped,South.facing,"Wet
(Months 7-9)",Intertidal,NA,0.735,-0.344512321,NA,NA,NA,NA,NA,NA,NA,NA,USGS,Winter,NA,Bay
M8,SanPablo,A,0.5,c,2023-01-17,2023-02-15,2023,220.5693605,NA,NA,NA,NA,NA,NA,NA,NA,NA,NA,NA,February,Ramped,South.facing,"Wet
(Months 7-9)",Intertidal,NA,0.735,-0.344512321,NA,NA,NA,NA,NA,NA,NA,NA,USGS,Winter,NA,Bay
M8,SanPablo,A,0.5,a,2023-01-17,2023-02-15,2023,200.3648587,NA,NA,NA,NA,NA,NA,NA,NA,NA,NA,NA,February,Ramped,South.facing,"Wet
(Months 7-9)",Intertidal,NA,0.735,-0.344512321,NA,NA,NA,NA,NA,NA,NA,NA,USGS,Winter,NA,Bay
M8,SanPablo,A,2,b,2023-01-17,2023-02-15,2023,240.8584322,NA,NA,NA,NA,NA,NA,NA,NA,NA,NA,NA,February,Ramped,South.facing,"Wet
(Months 7-9)",Intertidal,NA,0.751,-0.326125828,NA,NA,NA,NA,NA,NA,NA,NA,USGS,Winter,NA,Bay
M8,SanPablo,A,2,c,2023-01-17,2023-02-15,2023,252.7585314,NA,NA,NA,NA,NA,NA,NA,NA,NA,NA,NA,February,Ramped,South.facing,"Wet
(Months 7-9)",Intertidal,NA,0.751,-0.326125828,NA,NA,NA,NA,NA,NA,NA,NA,USGS,Winter,NA,Bay
M8,SanPablo,A,2,a,2023-01-17,2023-02-15,2023,292.7642021,NA,NA,NA,NA,NA,NA,NA,NA,NA,NA,NA,February,Ramped,South.facing,"Wet
(Months 7-9)",Intertidal,NA,0.751,-0.326125828,NA,NA,NA,NA,NA,NA,NA,NA,USGS,Winter,NA,Bay
M8,SanPablo,A,6,b,2023-01-17,2023-02-15,2023,35.25911491,NA,NA,NA,NA,NA,NA,NA,NA,NA,NA,NA,February,Ramped,South.facing,"Wet
(Months 7-9)",Intertidal,NA,0.889,-0.167542323,NA,NA,NA,NA,NA,NA,NA,NA,USGS,Winter,NA,Bay
M8,SanPablo,A,6,c,2023-01-17,2023-02-15,2023,137.5383438,NA,NA,NA,NA,NA,NA,NA,NA,NA,NA,NA,February,Ramped,South.facing,"Wet
(Months 7-9)",Intertidal,NA,0.889,-0.167542323,NA,NA,NA,NA,NA,NA,NA,NA,USGS,Winter,NA,Bay
M8,SanPablo,A,6,a,2023-01-17,2023-02-15,2023,1.96698786,NA,NA,NA,NA,NA,NA,NA,NA,NA,NA,NA,February,Ramped,South.facing,"Wet
(Months 7-9)",Intertidal,NA,0.889,-0.167542323,NA,NA,NA,NA,NA,NA,NA,NA,USGS,Winter,NA,Bay
M8,SanPablo,A,9,b,2023-01-17,2023-02-15,2023,2.683761548,NA,NA,NA,NA,NA,NA,NA,NA,NA,NA,NA,February,Ramped,South.facing,"Wet
(Months 7-9)",Intertidal,NA,NA,NA,NA,NA,NA,NA,NA,NA,NA,NA,USGS,Winter,NA,NA
M8,SanPablo,A,9,c,2023-01-17,2023-02-15,2023,1.300482954,NA,NA,NA,NA,NA,NA,NA,NA,NA,NA,NA,February,Ramped,South.facing,"Wet
(Months 7-9)",Intertidal,NA,NA,NA,NA,NA,NA,NA,NA,NA,NA,NA,USGS,Winter,NA,NA
M8,SanPablo,A,9,a,2023-01-17,2023-02-15,2023,1.242526005,NA,NA,NA,NA,NA,NA,NA,NA,NA,NA,NA,February,Ramped,South.facing,"Wet
(Months 7-9)",Intertidal,NA,NA,NA,NA,NA,NA,NA,NA,NA,NA,NA,USGS,Winter,NA,NA
M8,SanPablo,A,12,b,2023-01-17,2023-02-15,2023,1.622794554,NA,NA,NA,NA,NA,NA,NA,NA,NA,NA,NA,February,Ramped,South.facing,"Wet
(Months 7-9)",Intertidal,NA,1.069,0.039305726,NA,NA,NA,NA,NA,NA,NA,NA,USGS,Winter,NA,Bay
M8,SanPablo,A,12,c,2023-01-17,2023-02-15,2023,1.666557964,NA,NA,NA,NA,NA,NA,NA,NA,NA,NA,NA,February,Ramped,South.facing,"Wet
(Months 7-9)",Intertidal,NA,1.069,0.039305726,NA,NA,NA,NA,NA,NA,NA,NA,USGS,Winter,NA,Bay
M8,SanPablo,A,12,a,2023-01-17,2023-02-15,2023,2.002471706,NA,NA,NA,NA,NA,NA,NA,NA,NA,NA,NA,February,Ramped,South.facing,"Wet
(Months 7-9)",Intertidal,NA,1.069,0.039305726,NA,NA,NA,NA,NA,NA,NA,NA,USGS,Winter,NA,Bay
M8,SanPablo,A,18,b,2023-01-17,2023-02-15,2023,0.39387069,NA,NA,NA,NA,NA,NA,NA,NA,NA,NA,NA,February,Ramped,South.facing,"Wet
(Months 7-9)",Intertidal,NA,NA,NA,NA,NA,NA,NA,NA,NA,NA,NA,USGS,Winter,NA,NA
M8,SanPablo,A,18,c,2023-01-17,2023-02-15,2023,0.120053679,NA,NA,NA,NA,NA,NA,NA,NA,NA,NA,NA,February,Ramped,South.facing,"Wet
(Months 7-9)",Intertidal,NA,NA,NA,NA,NA,NA,NA,NA,NA,NA,NA,USGS,Winter,NA,NA
M8,SanPablo,A,18,a,2023-01-17,2023-02-15,2023,0.241290152,NA,NA,NA,NA,NA,NA,NA,NA,NA,NA,NA,February,Ramped,South.facing,"Wet
(Months 7-9)",Intertidal,NA,NA,NA,NA,NA,NA,NA,NA,NA,NA,NA,USGS,Winter,NA,NA
M8,SanPablo,A,24,b,2023-01-17,2023-02-15,2023,0.794838149,NA,NA,NA,NA,NA,NA,NA,NA,NA,NA,NA,February,Ramped,South.facing,"Wet
(Months 7-9)",Edge,NA,1.713,0.779362081,NA,NA,NA,NA,NA,NA,NA,NA,USGS,Winter,NA,Bay
M8,SanPablo,A,24,c,2023-01-17,2023-02-15,2023,0.925536982,NA,NA,NA,NA,NA,NA,NA,NA,NA,NA,NA,February,Ramped,South.facing,"Wet
(Months 7-9)",Edge,NA,1.713,0.779362081,NA,NA,NA,NA,NA,NA,NA,NA,USGS,Winter,NA,Bay
M8,SanPablo,A,24,a,2023-01-17,2023-02-15,2023,0.745160765,NA,NA,NA,NA,NA,NA,NA,NA,NA,NA,NA,February,Ramped,South.facing,"Wet
(Months 7-9)",Edge,NA,1.713,0.779362081,NA,NA,NA,NA,NA,NA,NA,NA,USGS,Winter,NA,Bay
M8,SanPablo,A,48,b,2023-01-17,2023-02-15,2023,2.108923244,NA,NA,NA,NA,NA,NA,NA,NA,NA,NA,NA,February,Ramped,South.facing,"Wet
(Months 7-9)",Platform,NA,2.01,1.120661362,NA,NA,NA,NA,NA,NA,NA,NA,USGS,Winter,NA,Bay
M8,SanPablo,A,48,c,2023-01-17,2023-02-15,2023,1.322364659,NA,NA,NA,NA,NA,NA,NA,NA,NA,NA,NA,February,Ramped,South.facing,"Wet
(Months 7-9)",Platform,NA,2.01,1.120661362,NA,NA,NA,NA,NA,NA,NA,NA,USGS,Winter,NA,Bay
M8,SanPablo,A,48,a,2023-01-17,2023-02-15,2023,2.127847961,NA,NA,NA,NA,NA,NA,NA,NA,NA,NA,NA,February,Ramped,South.facing,"Wet
(Months 7-9)",Platform,NA,2.01,1.120661362,NA,NA,NA,NA,NA,NA,NA,NA,USGS,Winter,NA,Bay
M8,SanPablo,A,72,b,2023-01-17,2023-02-15,2023,0.441773882,NA,NA,NA,NA,NA,NA,NA,NA,NA,NA,NA,February,Ramped,South.facing,"Wet
(Months 7-9)",Upland,NA,2.04,1.155136037,NA,NA,NA,NA,NA,NA,NA,NA,USGS,Winter,NA,Bay
M8,SanPablo,A,72,c,2023-01-17,2023-02-15,2023,NA,NA,NA,NA,NA,NA,NA,NA,NA,NA,NA,NA,February,Ramped,South.facing,"Wet
(Months 7-9)",Upland,NA,2.04,1.155136037,NA,NA,NA,NA,NA,NA,NA,NA,USGS,Winter,NA,Bay
M8,SanPablo,A,72,a,2023-01-17,2023-02-15,2023,0.615644727,NA,NA,NA,NA,NA,NA,NA,NA,NA,NA,NA,February,Ramped,South.facing,"Wet
(Months 7-9)",Upland,NA,2.04,1.155136037,NA,NA,NA,NA,NA,NA,NA,NA,USGS,Winter,NA,Bay
M8,SanPablo,A,150,b,2023-01-17,2023-02-15,2023,1.496066533,NA,NA,NA,NA,NA,NA,NA,NA,NA,NA,NA,February,Ramped,South.facing,"Wet
(Months 7-9)",Upland,NA,1.974,1.079291752,NA,NA,NA,NA,NA,NA,NA,NA,USGS,Winter,NA,Bay
M8,SanPablo,A,150,c,2023-01-17,2023-02-15,2023,3.570266299,NA,NA,NA,NA,NA,NA,NA,NA,NA,NA,NA,February,Ramped,South.facing,"Wet
(Months 7-9)",Upland,NA,1.974,1.079291752,NA,NA,NA,NA,NA,NA,NA,NA,USGS,Winter,NA,Bay
M8,SanPablo,A,150,a,2023-01-17,2023-02-15,2023,4.197147577,NA,NA,NA,NA,NA,NA,NA,NA,NA,NA,NA,February,Ramped,South.facing,"Wet
(Months 7-9)",Upland,NA,1.974,1.079291752,NA,NA,NA,NA,NA,NA,NA,NA,USGS,Winter,NA,Bay
M8,SanPablo,B,0.5,b,2023-01-17,2023-02-15,2023,109.7757828,NA,NA,NA,NA,NA,NA,NA,NA,NA,NA,NA,February,Ramped,South.facing,"Wet
(Months 7-9)",Intertidal,NA,0.774,-0.299695244,NA,NA,NA,NA,NA,NA,NA,NA,USGS,Winter,NA,Bay
M8,SanPablo,B,0.5,c,2023-01-17,2023-02-15,2023,92.28461232,NA,NA,NA,NA,NA,NA,NA,NA,NA,NA,NA,February,Ramped,South.facing,"Wet
(Months 7-9)",Intertidal,NA,0.774,-0.299695244,NA,NA,NA,NA,NA,NA,NA,NA,USGS,Winter,NA,Bay
M8,SanPablo,B,0.5,a,2023-01-17,2023-02-15,2023,70.92156287,NA,NA,NA,NA,NA,NA,NA,NA,NA,NA,NA,February,Ramped,South.facing,"Wet
(Months 7-9)",Intertidal,NA,0.774,-0.299695244,NA,NA,NA,NA,NA,NA,NA,NA,USGS,Winter,NA,Bay
M8,SanPablo,B,2,b,2023-01-17,2023-02-15,2023,1.812041732,NA,NA,NA,NA,NA,NA,NA,NA,NA,NA,NA,February,Ramped,South.facing,"Wet
(Months 7-9)",Intertidal,NA,0.805,-0.264071413,NA,NA,NA,NA,NA,NA,NA,NA,USGS,Winter,NA,Bay
M8,SanPablo,B,2,c,2023-01-17,2023-02-15,2023,1.286880813,NA,NA,NA,NA,NA,NA,NA,NA,NA,NA,NA,February,Ramped,South.facing,"Wet
(Months 7-9)",Intertidal,NA,0.805,-0.264071413,NA,NA,NA,NA,NA,NA,NA,NA,USGS,Winter,NA,Bay
M8,SanPablo,B,2,a,2023-01-17,2023-02-15,2023,81.89612502,NA,NA,NA,NA,NA,NA,NA,NA,NA,NA,NA,February,Ramped,South.facing,"Wet
(Months 7-9)",Intertidal,NA,0.805,-0.264071413,NA,NA,NA,NA,NA,NA,NA,NA,USGS,Winter,NA,Bay
M8,SanPablo,B,6,b,2023-01-17,2023-02-15,2023,1.963439475,NA,NA,NA,NA,NA,NA,NA,NA,NA,NA,NA,February,Ramped,South.facing,"Wet
(Months 7-9)",Intertidal,NA,0.837,-0.227298427,NA,NA,NA,NA,NA,NA,NA,NA,USGS,Winter,NA,Bay
M8,SanPablo,B,6,c,2023-01-17,2023-02-15,2023,1.154407788,NA,NA,NA,NA,NA,NA,NA,NA,NA,NA,NA,February,Ramped,South.facing,"Wet
(Months 7-9)",Intertidal,NA,0.837,-0.227298427,NA,NA,NA,NA,NA,NA,NA,NA,USGS,Winter,NA,Bay
M8,SanPablo,B,6,a,2023-01-17,2023-02-15,2023,31.77578404,NA,NA,NA,NA,NA,NA,NA,NA,NA,NA,NA,February,Ramped,South.facing,"Wet
(Months 7-9)",Intertidal,NA,0.837,-0.227298427,NA,NA,NA,NA,NA,NA,NA,NA,USGS,Winter,NA,Bay
M8,SanPablo,B,9,b,2023-01-17,2023-02-15,2023,1.89542877,NA,NA,NA,NA,NA,NA,NA,NA,NA,NA,NA,February,Ramped,South.facing,"Wet
(Months 7-9)",Intertidal,NA,NA,NA,NA,NA,NA,NA,NA,NA,NA,NA,USGS,Winter,NA,NA
M8,SanPablo,B,9,c,2023-01-17,2023-02-15,2023,1.610375208,NA,NA,NA,NA,NA,NA,NA,NA,NA,NA,NA,February,Ramped,South.facing,"Wet
(Months 7-9)",Intertidal,NA,NA,NA,NA,NA,NA,NA,NA,NA,NA,NA,USGS,Winter,NA,NA
M8,SanPablo,B,9,a,2023-01-17,2023-02-15,2023,1.165052942,NA,NA,NA,NA,NA,NA,NA,NA,NA,NA,NA,February,Ramped,South.facing,"Wet
(Months 7-9)",Intertidal,NA,NA,NA,NA,NA,NA,NA,NA,NA,NA,NA,USGS,Winter,NA,NA
M8,SanPablo,B,12,b,2023-01-17,2023-02-15,2023,2.042686731,NA,NA,NA,NA,NA,NA,NA,NA,NA,NA,NA,February,Ramped,South.facing,"Wet
(Months 7-9)",Intertidal,NA,1.042,0.008278519,NA,NA,NA,NA,NA,NA,NA,NA,USGS,Winter,NA,Bay
M8,SanPablo,B,12,c,2023-01-17,2023-02-15,2023,1.510429042,NA,NA,NA,NA,NA,NA,NA,NA,NA,NA,NA,February,Ramped,South.facing,"Wet
(Months 7-9)",Intertidal,NA,1.042,0.008278519,NA,NA,NA,NA,NA,NA,NA,NA,USGS,Winter,NA,Bay
M8,SanPablo,B,12,a,2023-01-17,2023-02-15,2023,0.761719893,NA,NA,NA,NA,NA,NA,NA,NA,NA,NA,NA,February,Ramped,South.facing,"Wet
(Months 7-9)",Intertidal,NA,1.042,0.008278519,NA,NA,NA,NA,NA,NA,NA,NA,USGS,Winter,NA,Bay
M8,SanPablo,B,18,b,2023-01-17,2023-02-15,2023,0.580160881,NA,NA,NA,NA,NA,NA,NA,NA,NA,NA,NA,February,Ramped,South.facing,"Wet
(Months 7-9)",Intertidal,NA,NA,NA,NA,NA,NA,NA,NA,NA,NA,NA,USGS,Winter,NA,NA
M8,SanPablo,B,18,c,2023-01-17,2023-02-15,2023,1.372042043,NA,NA,NA,NA,NA,NA,NA,NA,NA,NA,NA,February,Ramped,South.facing,"Wet
(Months 7-9)",Intertidal,NA,NA,NA,NA,NA,NA,NA,NA,NA,NA,NA,USGS,Winter,NA,NA
M8,SanPablo,B,18,a,2023-01-17,2023-02-15,2023,1.96462227,NA,NA,NA,NA,NA,NA,NA,NA,NA,NA,NA,February,Ramped,South.facing,"Wet
(Months 7-9)",Intertidal,NA,NA,NA,NA,NA,NA,NA,NA,NA,NA,NA,USGS,Winter,NA,NA
M8,SanPablo,B,24,b,2023-01-17,2023-02-15,2023,2.100643679,NA,NA,NA,NA,NA,NA,NA,NA,NA,NA,NA,February,Ramped,South.facing,"Wet
(Months 7-9)",Edge,NA,1.563,0.606988706,NA,NA,NA,NA,NA,NA,NA,NA,USGS,Winter,NA,Bay
M8,SanPablo,B,24,c,2023-01-17,2023-02-15,2023,0.780644611,NA,NA,NA,NA,NA,NA,NA,NA,NA,NA,NA,February,Ramped,South.facing,"Wet
(Months 7-9)",Edge,NA,1.563,0.606988706,NA,NA,NA,NA,NA,NA,NA,NA,USGS,Winter,NA,Bay
M8,SanPablo,B,24,a,2023-01-17,2023-02-15,2023,1.639353682,NA,NA,NA,NA,NA,NA,NA,NA,NA,NA,NA,February,Ramped,South.facing,"Wet
(Months 7-9)",Edge,NA,1.563,0.606988706,NA,NA,NA,NA,NA,NA,NA,NA,USGS,Winter,NA,Bay
M8,SanPablo,B,48,b,2023-01-17,2023-02-15,2023,3.138546173,NA,NA,NA,NA,NA,NA,NA,NA,NA,NA,NA,February,Ramped,South.facing,"Wet
(Months 7-9)",Platform,NA,1.978,1.083888376,NA,NA,NA,NA,NA,NA,NA,NA,USGS,Winter,NA,Bay
M8,SanPablo,B,48,c,2023-01-17,2023-02-15,2023,4.902093316,NA,NA,NA,NA,NA,NA,NA,NA,NA,NA,NA,February,Ramped,South.facing,"Wet
(Months 7-9)",Platform,NA,1.978,1.083888376,NA,NA,NA,NA,NA,NA,NA,NA,USGS,Winter,NA,Bay
M8,SanPablo,B,48,a,2023-01-17,2023-02-15,2023,1.995181827,NA,NA,NA,NA,NA,NA,NA,NA,NA,NA,NA,February,Ramped,South.facing,"Wet
(Months 7-9)",Platform,NA,1.978,1.083888376,NA,NA,NA,NA,NA,NA,NA,NA,USGS,Winter,NA,Bay
M8,SanPablo,B,72,b,2023-01-17,2023-02-15,2023,1.617471977,NA,NA,NA,NA,NA,NA,NA,NA,NA,NA,NA,February,Ramped,South.facing,"Wet
(Months 7-9)",Upland,NA,2.012,1.122959674,NA,NA,NA,NA,NA,NA,NA,NA,USGS,Winter,NA,Bay
M8,SanPablo,B,72,c,2023-01-17,2023-02-15,2023,0.543153739,NA,NA,NA,NA,NA,NA,NA,NA,NA,NA,NA,February,Ramped,South.facing,"Wet
(Months 7-9)",Upland,NA,2.012,1.122959674,NA,NA,NA,NA,NA,NA,NA,NA,USGS,Winter,NA,Bay
M8,SanPablo,B,72,a,2023-01-17,2023-02-15,2023,1.718009541,NA,NA,NA,NA,NA,NA,NA,NA,NA,NA,NA,February,Ramped,South.facing,"Wet
(Months 7-9)",Upland,NA,2.012,1.122959674,NA,NA,NA,NA,NA,NA,NA,NA,USGS,Winter,NA,Bay
M8,SanPablo,B,150,b,2023-01-17,2023-02-15,2023,0.648171586,NA,NA,NA,NA,NA,NA,NA,NA,NA,NA,NA,February,Ramped,South.facing,"Wet
(Months 7-9)",Upland,NA,2.014,1.125257985,NA,NA,NA,NA,NA,NA,NA,NA,USGS,Winter,NA,Bay
M8,SanPablo,B,150,c,2023-01-17,2023-02-15,2023,0,NA,NA,NA,NA,NA,NA,NA,NA,NA,NA,NA,February,Ramped,South.facing,"Wet
(Months 7-9)",Upland,NA,2.014,1.125257985,NA,NA,NA,NA,NA,NA,NA,NA,USGS,Winter,NA,Bay
M8,SanPablo,B,150,a,2023-01-17,2023-02-15,2023,0.095214987,NA,NA,NA,NA,NA,NA,NA,NA,NA,NA,NA,February,Ramped,South.facing,"Wet
(Months 7-9)",Upland,NA,2.014,1.125257985,NA,NA,NA,NA,NA,NA,NA,NA,USGS,Winter,NA,Bay
M8,CorteMadera,A,0.5,a,2023-01-18,2023-02-17,2023,NA,NA,NA,NA,NA,NA,NA,NA,NA,NA,NA,NA,February,Scarped,East.facing,"Wet
(Months 7-9)",Edge,NA,1.598,0.69919351,NA,NA,NA,NA,NA,NA,NA,NA,USGS,Winter,NA,Bay
M8,CorteMadera,A,0.5,b,2023-01-18,2023-02-17,2023,NA,NA,NA,NA,NA,NA,NA,NA,NA,NA,NA,NA,February,Scarped,East.facing,"Wet
(Months 7-9)",Edge,NA,1.598,0.69919351,NA,NA,NA,NA,NA,NA,NA,NA,USGS,Winter,NA,Bay
M8,CorteMadera,A,0.5,c,2023-01-18,2023-02-17,2023,NA,NA,NA,NA,NA,NA,NA,NA,NA,NA,NA,NA,February,Scarped,East.facing,"Wet
(Months 7-9)",Edge,NA,1.598,0.69919351,NA,NA,NA,NA,NA,NA,NA,NA,USGS,Winter,NA,Bay
M8,CorteMadera,A,2,a,2023-01-18,2023-02-17,2023,0.045740423,NA,NA,NA,NA,NA,NA,NA,NA,NA,NA,NA,February,Scarped,East.facing,"Wet
(Months 7-9)",Edge,NA,1.684,0.801794321,NA,NA,NA,NA,NA,NA,NA,NA,USGS,Winter,NA,Bay
M8,CorteMadera,A,2,b,2023-01-18,2023-02-17,2023,2.128073185,NA,NA,NA,NA,NA,NA,NA,NA,NA,NA,NA,February,Scarped,East.facing,"Wet
(Months 7-9)",Edge,NA,1.684,0.801794321,NA,NA,NA,NA,NA,NA,NA,NA,USGS,Winter,NA,Bay
M8,CorteMadera,A,2,c,2023-01-18,2023-02-17,2023,NA,NA,NA,NA,NA,NA,NA,NA,NA,NA,NA,NA,February,Scarped,East.facing,"Wet
(Months 7-9)",Edge,NA,1.684,0.801794321,NA,NA,NA,NA,NA,NA,NA,NA,USGS,Winter,3.735632184,Bay
M8,CorteMadera,A,6,a,2023-01-18,2023-02-17,2023,0.961692396,NA,NA,NA,NA,NA,NA,NA,NA,NA,NA,NA,February,Scarped,East.facing,"Wet
(Months 7-9)",Edge,NA,1.691,0.81014555,NA,NA,NA,NA,NA,NA,NA,NA,USGS,Winter,4.931367565,Bay
M8,CorteMadera,A,6,b,2023-01-18,2023-02-17,2023,2.380217267,NA,NA,NA,NA,NA,NA,NA,NA,NA,NA,NA,February,Scarped,East.facing,"Wet
(Months 7-9)",Edge,NA,1.691,0.81014555,NA,NA,NA,NA,NA,NA,NA,NA,USGS,Winter,NA,Bay
M8,CorteMadera,A,6,c,2023-01-18,2023-02-17,2023,2.218982276,NA,NA,NA,NA,NA,NA,NA,NA,NA,NA,NA,February,Scarped,East.facing,"Wet
(Months 7-9)",Edge,NA,1.691,0.81014555,NA,NA,NA,NA,NA,NA,NA,NA,USGS,Winter,NA,Bay
M8,CorteMadera,A,12,a,2023-01-18,2023-02-17,2023,1.699256718,NA,NA,NA,NA,NA,NA,NA,NA,NA,NA,NA,February,Scarped,East.facing,"Wet
(Months 7-9)",Platform,NA,1.705,0.826848008,NA,NA,NA,NA,NA,NA,NA,NA,USGS,Winter,NA,Bay
M8,CorteMadera,A,12,b,2023-01-18,2023-02-17,2023,1.922241281,NA,NA,NA,NA,NA,NA,NA,NA,NA,NA,NA,February,Scarped,East.facing,"Wet
(Months 7-9)",Platform,NA,1.705,0.826848008,NA,NA,NA,NA,NA,NA,NA,NA,USGS,Winter,7.760235483,Bay
M8,CorteMadera,A,12,c,2023-01-18,2023-02-17,2023,1.243567753,NA,NA,NA,NA,NA,NA,NA,NA,NA,NA,NA,February,Scarped,East.facing,"Wet
(Months 7-9)",Platform,NA,1.705,0.826848008,NA,NA,NA,NA,NA,NA,NA,NA,USGS,Winter,NA,Bay
M8,CorteMadera,A,18,a,2023-01-18,2023-02-17,2023,2.144082333,NA,NA,NA,NA,NA,NA,NA,NA,NA,NA,NA,February,Scarped,East.facing,"Wet
(Months 7-9)",Platform,NA,NA,NA,NA,NA,NA,NA,NA,NA,NA,NA,USGS,Winter,NA,NA
M8,CorteMadera,A,18,b,2023-01-18,2023-02-17,2023,1.688393368,NA,NA,NA,NA,NA,NA,NA,NA,NA,NA,NA,February,Scarped,East.facing,"Wet
(Months 7-9)",Platform,NA,NA,NA,NA,NA,NA,NA,NA,NA,NA,NA,USGS,Winter,NA,NA
M8,CorteMadera,A,18,c,2023-01-18,2023-02-17,2023,1.84219554,NA,NA,NA,NA,NA,NA,NA,NA,NA,NA,NA,February,Scarped,East.facing,"Wet
(Months 7-9)",Platform,NA,NA,NA,NA,NA,NA,NA,NA,NA,NA,NA,USGS,Winter,7.059974836,NA
M8,CorteMadera,A,24,a,2023-01-18,2023-02-17,2023,1.388793596,NA,NA,NA,NA,NA,NA,NA,NA,NA,NA,NA,February,Scarped,East.facing,"Wet
(Months 7-9)",Platform,NA,1.664,0.777933667,NA,NA,NA,NA,NA,NA,NA,NA,USGS,Winter,NA,Bay
M8,CorteMadera,A,24,b,2023-01-18,2023-02-17,2023,1.203544883,NA,NA,NA,NA,NA,NA,NA,NA,NA,NA,NA,February,Scarped,East.facing,"Wet
(Months 7-9)",Platform,NA,1.664,0.777933667,NA,NA,NA,NA,NA,NA,NA,NA,USGS,Winter,6.497131338,Bay
M8,CorteMadera,A,24,c,2023-01-18,2023-02-17,2023,1.818181818,NA,NA,NA,NA,NA,NA,NA,NA,NA,NA,NA,February,Scarped,East.facing,"Wet
(Months 7-9)",Platform,NA,1.664,0.777933667,NA,NA,NA,NA,NA,NA,NA,NA,USGS,Winter,NA,Bay
M8,CorteMadera,A,30,a,2023-01-18,2023-02-17,2023,1.468839337,NA,NA,NA,NA,NA,NA,NA,NA,NA,NA,NA,February,Scarped,East.facing,"Wet
(Months 7-9)",Upland,NA,NA,NA,NA,NA,NA,NA,NA,NA,NA,NA,USGS,Winter,NA,NA
M8,CorteMadera,A,30,b,2023-01-18,2023-02-17,2023,1.616923957,NA,NA,NA,NA,NA,NA,NA,NA,NA,NA,NA,February,Scarped,East.facing,"Wet
(Months 7-9)",Upland,NA,NA,NA,NA,NA,NA,NA,NA,NA,NA,NA,USGS,Winter,NA,NA
M8,CorteMadera,A,30,c,2023-01-18,2023-02-17,2023,1.476843911,NA,NA,NA,NA,NA,NA,NA,NA,NA,NA,NA,February,Scarped,East.facing,"Wet
(Months 7-9)",Upland,NA,NA,NA,NA,NA,NA,NA,NA,NA,NA,NA,USGS,Winter,7.923416789,NA
M8,CorteMadera,A,48,a,2023-01-18,2023-02-17,2023,1.555174385,NA,NA,NA,NA,NA,NA,NA,NA,NA,NA,NA,February,Scarped,East.facing,"Wet
(Months 7-9)",Upland,NA,1.724,0.849515629,NA,NA,NA,NA,NA,NA,NA,NA,USGS,Winter,NA,Bay
M8,CorteMadera,A,48,b,2023-01-18,2023-02-17,2023,0.9514008,NA,NA,NA,NA,NA,NA,NA,NA,NA,NA,NA,February,Scarped,East.facing,"Wet
(Months 7-9)",Upland,NA,1.724,0.849515629,NA,NA,NA,NA,NA,NA,NA,NA,USGS,Winter,6.452156334,Bay
M8,CorteMadera,A,48,c,2023-01-18,2023-02-17,2023,1.53516295,NA,NA,NA,NA,NA,NA,NA,NA,NA,NA,NA,February,Scarped,East.facing,"Wet
(Months 7-9)",Upland,NA,1.724,0.849515629,NA,NA,NA,NA,NA,NA,NA,NA,USGS,Winter,NA,Bay
M8,CorteMadera,B,0.5,a,2023-01-18,2023-02-17,2023,NA,NA,NA,NA,NA,NA,NA,NA,NA,NA,NA,NA,February,Scarped,East.facing,"Wet
(Months 7-9)",Edge,NA,1.576,0.672946791,NA,NA,NA,NA,NA,NA,NA,NA,USGS,Winter,NA,Bay
M8,CorteMadera,B,0.5,b,2023-01-18,2023-02-17,2023,0,NA,NA,NA,NA,NA,NA,NA,NA,NA,NA,NA,February,Scarped,East.facing,"Wet
(Months 7-9)",Edge,NA,1.576,0.672946791,NA,NA,NA,NA,NA,NA,NA,NA,USGS,Winter,NA,Bay
M8,CorteMadera,B,0.5,c,2023-01-18,2023-02-17,2023,NA,NA,NA,NA,NA,NA,NA,NA,NA,NA,NA,NA,February,Scarped,East.facing,"Wet
(Months 7-9)",Edge,NA,1.576,0.672946791,NA,NA,NA,NA,NA,NA,NA,NA,USGS,Winter,NA,Bay
M8,CorteMadera,B,2,a,2023-01-18,2023-02-17,2023,NA,NA,NA,NA,NA,NA,NA,NA,NA,NA,NA,NA,February,Scarped,East.facing,"Wet
(Months 7-9)",Edge,NA,1.605,0.707544739,NA,NA,NA,NA,NA,NA,NA,NA,USGS,Winter,NA,Bay
M8,CorteMadera,B,2,b,2023-01-18,2023-02-17,2023,4.417762531,NA,NA,NA,NA,NA,NA,NA,NA,NA,NA,NA,February,Scarped,East.facing,"Wet
(Months 7-9)",Edge,NA,1.605,0.707544739,NA,NA,NA,NA,NA,NA,NA,NA,USGS,Winter,NA,Bay
M8,CorteMadera,B,2,c,2023-01-18,2023-02-17,2023,0.12864494,NA,NA,NA,NA,NA,NA,NA,NA,NA,NA,NA,February,Scarped,East.facing,"Wet
(Months 7-9)",Edge,NA,1.605,0.707544739,NA,NA,NA,NA,NA,NA,NA,NA,USGS,Winter,5.583756345,Bay
M8,CorteMadera,B,6,a,2023-01-18,2023-02-17,2023,1.191538022,NA,NA,NA,NA,NA,NA,NA,NA,NA,NA,NA,February,Scarped,East.facing,"Wet
(Months 7-9)",Edge,NA,1.672,0.787477929,NA,NA,NA,NA,NA,NA,NA,NA,USGS,Winter,5.50747443,Bay
M8,CorteMadera,B,6,b,2023-01-18,2023-02-17,2023,1.335048599,NA,NA,NA,NA,NA,NA,NA,NA,NA,NA,NA,February,Scarped,East.facing,"Wet
(Months 7-9)",Edge,NA,1.672,0.787477929,NA,NA,NA,NA,NA,NA,NA,NA,USGS,Winter,NA,Bay
M8,CorteMadera,B,6,c,2023-01-18,2023-02-17,2023,1.720411664,NA,NA,NA,NA,NA,NA,NA,NA,NA,NA,NA,February,Scarped,East.facing,"Wet
(Months 7-9)",Edge,NA,1.672,0.787477929,NA,NA,NA,NA,NA,NA,NA,NA,USGS,Winter,NA,Bay
M8,CorteMadera,B,12,a,2023-01-18,2023-02-17,2023,1.344768439,NA,NA,NA,NA,NA,NA,NA,NA,NA,NA,NA,February,Scarped,East.facing,"Wet
(Months 7-9)",Platform,NA,1.664,0.777933667,NA,NA,NA,NA,NA,NA,NA,NA,USGS,Winter,NA,Bay
M8,CorteMadera,B,12,b,2023-01-18,2023-02-17,2023,2.076043453,NA,NA,NA,NA,NA,NA,NA,NA,NA,NA,NA,February,Scarped,East.facing,"Wet
(Months 7-9)",Platform,NA,1.664,0.777933667,NA,NA,NA,NA,NA,NA,NA,NA,USGS,Winter,NA,Bay
M8,CorteMadera,B,12,c,2023-01-18,2023-02-17,2023,1.696397942,NA,NA,NA,NA,NA,NA,NA,NA,NA,NA,NA,February,Scarped,East.facing,"Wet
(Months 7-9)",Platform,NA,1.664,0.777933667,NA,NA,NA,NA,NA,NA,NA,NA,USGS,Winter,6.405744052,Bay
M8,CorteMadera,B,18,a,2023-01-18,2023-02-17,2023,2.768439108,NA,NA,NA,NA,NA,NA,NA,NA,NA,NA,NA,February,Scarped,East.facing,"Wet
(Months 7-9)",Platform,NA,NA,NA,NA,NA,NA,NA,NA,NA,NA,NA,USGS,Winter,9.229197412,NA
M8,CorteMadera,B,18,b,2023-01-18,2023-02-17,2023,1.648370497,NA,NA,NA,NA,NA,NA,NA,NA,NA,NA,NA,February,Scarped,East.facing,"Wet
(Months 7-9)",Platform,NA,NA,NA,NA,NA,NA,NA,NA,NA,NA,NA,USGS,Winter,NA,NA
M8,CorteMadera,B,18,c,2023-01-18,2023-02-17,2023,1.945111492,NA,NA,NA,NA,NA,NA,NA,NA,NA,NA,NA,February,Scarped,East.facing,"Wet
(Months 7-9)",Platform,NA,NA,NA,NA,NA,NA,NA,NA,NA,NA,NA,USGS,Winter,NA,NA
M8,CorteMadera,B,24,a,2023-01-18,2023-02-17,2023,6.1189251,NA,NA,NA,NA,NA,NA,NA,NA,NA,NA,NA,February,Scarped,East.facing,"Wet
(Months 7-9)",Platform,NA,1.642,0.751686948,NA,NA,NA,NA,NA,NA,NA,NA,USGS,Winter,NA,Bay
M8,CorteMadera,B,24,b,2023-01-18,2023-02-17,2023,6.219554031,NA,NA,NA,NA,NA,NA,NA,NA,NA,NA,NA,February,Scarped,East.facing,"Wet
(Months 7-9)",Platform,NA,1.642,0.751686948,NA,NA,NA,NA,NA,NA,NA,NA,USGS,Winter,NA,Bay
M8,CorteMadera,B,24,c,2023-01-18,2023-02-17,2023,3.259576901,NA,NA,NA,NA,NA,NA,NA,NA,NA,NA,NA,February,Scarped,East.facing,"Wet
(Months 7-9)",Platform,NA,1.642,0.751686948,NA,NA,NA,NA,NA,NA,NA,NA,USGS,Winter,9.780720799,Bay
M8,CorteMadera,B,30,a,2023-01-18,2023-02-17,2023,1.205831904,NA,NA,NA,NA,NA,NA,NA,NA,NA,NA,NA,February,Scarped,East.facing,"Wet
(Months 7-9)",Upland,NA,NA,NA,NA,NA,NA,NA,NA,NA,NA,NA,USGS,Winter,NA,NA
M8,CorteMadera,B,30,b,2023-01-18,2023-02-17,2023,2.576329331,NA,NA,NA,NA,NA,NA,NA,NA,NA,NA,NA,February,Scarped,East.facing,"Wet
(Months 7-9)",Upland,NA,NA,NA,NA,NA,NA,NA,NA,NA,NA,NA,USGS,Winter,NA,NA
M8,CorteMadera,B,30,c,2023-01-18,2023-02-17,2023,1.096054889,NA,NA,NA,NA,NA,NA,NA,NA,NA,NA,NA,February,Scarped,East.facing,"Wet
(Months 7-9)",Upland,NA,NA,NA,NA,NA,NA,NA,NA,NA,NA,NA,USGS,Winter,6.021505376,NA
M8,CorteMadera,B,48,a,2023-01-18,2023-02-17,2023,1.024013722,NA,NA,NA,NA,NA,NA,NA,NA,NA,NA,NA,February,Scarped,East.facing,"Wet
(Months 7-9)",Upland,NA,1.692,0.811338583,NA,NA,NA,NA,NA,NA,NA,NA,USGS,Winter,6.315968676,Bay
M8,CorteMadera,B,48,b,2023-01-18,2023-02-17,2023,0.954831332,NA,NA,NA,NA,NA,NA,NA,NA,NA,NA,NA,February,Scarped,East.facing,"Wet
(Months 7-9)",Upland,NA,1.692,0.811338583,NA,NA,NA,NA,NA,NA,NA,NA,USGS,Winter,NA,Bay
M8,CorteMadera,B,48,c,2023-01-18,2023-02-17,2023,1.035448828,NA,NA,NA,NA,NA,NA,NA,NA,NA,NA,NA,February,Scarped,East.facing,"Wet
(Months 7-9)",Upland,NA,1.692,0.811338583,NA,NA,NA,NA,NA,NA,NA,NA,USGS,Winter,NA,Bay
M9,SanPablo,A,0.5,b,2023-02-15,2023-03-23,2023,289.5156396,NA,NA,NA,NA,NA,NA,NA,NA,NA,NA,NA,March,Ramped,South.facing,"Wet
(Months 7-9)",Intertidal,NA,0.735,-0.344512321,NA,NA,NA,NA,NA,NA,NA,NA,USGS,Spring,NA,Bay
M9,SanPablo,A,0.5,c,2023-02-15,2023-03-23,2023,334.6825014,NA,NA,NA,NA,NA,NA,NA,NA,NA,NA,NA,March,Ramped,South.facing,"Wet
(Months 7-9)",Intertidal,NA,0.735,-0.344512321,NA,NA,NA,NA,NA,NA,NA,NA,USGS,Spring,NA,Bay
M9,SanPablo,A,0.5,a,2023-02-15,2023-03-23,2023,306.8800703,NA,NA,NA,NA,NA,NA,NA,NA,NA,NA,NA,March,Ramped,South.facing,"Wet
(Months 7-9)",Intertidal,NA,0.735,-0.344512321,NA,NA,NA,NA,NA,NA,NA,NA,USGS,Spring,NA,Bay
M9,SanPablo,A,2,b,2023-02-15,2023-03-23,2023,292.9352638,NA,NA,NA,NA,NA,NA,NA,NA,NA,NA,NA,March,Ramped,South.facing,"Wet
(Months 7-9)",Intertidal,NA,0.751,-0.326125828,NA,NA,NA,NA,NA,NA,NA,NA,USGS,Spring,NA,Bay
M9,SanPablo,A,2,c,2023-02-15,2023-03-23,2023,117.0237526,NA,NA,NA,NA,NA,NA,NA,NA,NA,NA,NA,March,Ramped,South.facing,"Wet
(Months 7-9)",Intertidal,NA,0.751,-0.326125828,NA,NA,NA,NA,NA,NA,NA,NA,USGS,Spring,NA,Bay
M9,SanPablo,A,2,a,2023-02-15,2023-03-23,2023,308.6160846,NA,NA,NA,NA,NA,NA,NA,NA,NA,NA,NA,March,Ramped,South.facing,"Wet
(Months 7-9)",Intertidal,NA,0.751,-0.326125828,NA,NA,NA,NA,NA,NA,NA,NA,USGS,Spring,NA,Bay
M9,SanPablo,A,6,b,2023-02-15,2023-03-23,2023,15.64604332,NA,NA,NA,NA,NA,NA,NA,NA,NA,NA,NA,March,Ramped,South.facing,"Wet
(Months 7-9)",Intertidal,NA,0.889,-0.167542323,NA,NA,NA,NA,NA,NA,NA,NA,USGS,Spring,NA,Bay
M9,SanPablo,A,6,c,2023-02-15,2023-03-23,2023,19.9732162,NA,NA,NA,NA,NA,NA,NA,NA,NA,NA,NA,March,Ramped,South.facing,"Wet
(Months 7-9)",Intertidal,NA,0.889,-0.167542323,NA,NA,NA,NA,NA,NA,NA,NA,USGS,Spring,NA,Bay
M9,SanPablo,A,6,a,2023-02-15,2023-03-23,2023,2.97418697,NA,NA,NA,NA,NA,NA,NA,NA,NA,NA,NA,March,Ramped,South.facing,"Wet
(Months 7-9)",Intertidal,NA,0.889,-0.167542323,NA,NA,NA,NA,NA,NA,NA,NA,USGS,Spring,NA,Bay
M9,SanPablo,A,9,b,2023-02-15,2023-03-23,2023,1.813668075,NA,NA,NA,NA,NA,NA,NA,NA,NA,NA,NA,March,Ramped,South.facing,"Wet
(Months 7-9)",Intertidal,NA,NA,NA,NA,NA,NA,NA,NA,NA,NA,NA,USGS,Spring,NA,NA
M9,SanPablo,A,9,c,2023-02-15,2023-03-23,2023,1.674081854,NA,NA,NA,NA,NA,NA,NA,NA,NA,NA,NA,March,Ramped,South.facing,"Wet
(Months 7-9)",Intertidal,NA,NA,NA,NA,NA,NA,NA,NA,NA,NA,NA,USGS,Spring,NA,NA
M9,SanPablo,A,9,a,2023-02-15,2023-03-23,2023,NA,NA,NA,NA,NA,NA,NA,NA,NA,NA,NA,NA,March,Ramped,South.facing,"Wet
(Months 7-9)",Intertidal,NA,NA,NA,NA,NA,NA,NA,NA,NA,NA,NA,USGS,Spring,NA,NA
M9,SanPablo,A,12,b,2023-02-15,2023-03-23,2023,1.944202631,NA,NA,NA,NA,NA,NA,NA,NA,NA,NA,NA,March,Ramped,South.facing,"Wet
(Months 7-9)",Intertidal,NA,1.069,0.039305726,NA,NA,NA,NA,NA,NA,NA,NA,USGS,Spring,NA,Bay
M9,SanPablo,A,12,c,2023-02-15,2023-03-23,2023,1.978503682,NA,NA,NA,NA,NA,NA,NA,NA,NA,NA,NA,March,Ramped,South.facing,"Wet
(Months 7-9)",Intertidal,NA,1.069,0.039305726,NA,NA,NA,NA,NA,NA,NA,NA,USGS,Spring,NA,Bay
M9,SanPablo,A,12,a,2023-02-15,2023-03-23,2023,NA,NA,NA,NA,NA,NA,NA,NA,NA,NA,NA,NA,March,Ramped,South.facing,"Wet
(Months 7-9)",Intertidal,NA,1.069,0.039305726,NA,NA,NA,NA,NA,NA,NA,NA,USGS,Spring,NA,Bay
M9,SanPablo,A,18,b,2023-02-15,2023-03-23,2023,NA,NA,NA,NA,NA,NA,NA,NA,NA,NA,NA,NA,March,Ramped,South.facing,"Wet
(Months 7-9)",Intertidal,NA,NA,NA,NA,NA,NA,NA,NA,NA,NA,NA,USGS,Spring,NA,NA
M9,SanPablo,A,18,c,2023-02-15,2023-03-23,2023,NA,NA,NA,NA,NA,NA,NA,NA,NA,NA,NA,NA,March,Ramped,South.facing,"Wet
(Months 7-9)",Intertidal,NA,NA,NA,NA,NA,NA,NA,NA,NA,NA,NA,USGS,Spring,NA,NA
M9,SanPablo,A,18,a,2023-02-15,2023-03-23,2023,NA,NA,NA,NA,NA,NA,NA,NA,NA,NA,NA,NA,March,Ramped,South.facing,"Wet
(Months 7-9)",Intertidal,NA,NA,NA,NA,NA,NA,NA,NA,NA,NA,NA,USGS,Spring,NA,NA
M9,SanPablo,A,24,b,2023-02-15,2023-03-23,2023,2.285783931,NA,NA,NA,NA,NA,NA,NA,NA,NA,NA,NA,March,Ramped,South.facing,"Wet
(Months 7-9)",Edge,NA,1.713,0.779362081,NA,NA,NA,NA,NA,NA,NA,NA,USGS,Spring,NA,Bay
M9,SanPablo,A,24,c,2023-02-15,2023-03-23,2023,1.098110038,NA,NA,NA,NA,NA,NA,NA,NA,NA,NA,NA,March,Ramped,South.facing,"Wet
(Months 7-9)",Edge,NA,1.713,0.779362081,NA,NA,NA,NA,NA,NA,NA,NA,USGS,Spring,NA,Bay
M9,SanPablo,A,24,a,2023-02-15,2023-03-23,2023,2.782672768,NA,NA,NA,NA,NA,NA,NA,NA,NA,NA,NA,March,Ramped,South.facing,"Wet
(Months 7-9)",Edge,NA,1.713,0.779362081,NA,NA,NA,NA,NA,NA,NA,NA,USGS,Spring,NA,Bay
M9,SanPablo,A,48,b,2023-02-15,2023-03-23,2023,1.715528957,NA,NA,NA,NA,NA,NA,NA,NA,NA,NA,NA,March,Ramped,South.facing,"Wet
(Months 7-9)",Platform,NA,2.01,1.120661362,NA,NA,NA,NA,NA,NA,NA,NA,USGS,Spring,NA,Bay
M9,SanPablo,A,48,c,2023-02-15,2023-03-23,2023,1.806998427,NA,NA,NA,NA,NA,NA,NA,NA,NA,NA,NA,March,Ramped,South.facing,"Wet
(Months 7-9)",Platform,NA,2.01,1.120661362,NA,NA,NA,NA,NA,NA,NA,NA,USGS,Spring,NA,Bay
M9,SanPablo,A,48,a,2023-02-15,2023-03-23,2023,1.244842312,NA,NA,NA,NA,NA,NA,NA,NA,NA,NA,NA,March,Ramped,South.facing,"Wet
(Months 7-9)",Platform,NA,2.01,1.120661362,NA,NA,NA,NA,NA,NA,NA,NA,USGS,Spring,NA,Bay
M9,SanPablo,A,72,b,2023-02-15,2023-03-23,2023,24.31706319,NA,NA,NA,NA,NA,NA,NA,NA,NA,NA,NA,March,Ramped,South.facing,"Wet
(Months 7-9)",Upland,NA,2.04,1.155136037,NA,NA,NA,NA,NA,NA,NA,NA,USGS,Spring,NA,Bay
M9,SanPablo,A,72,c,2023-02-15,2023-03-23,2023,31.35882203,NA,NA,NA,NA,NA,NA,NA,NA,NA,NA,NA,March,Ramped,South.facing,"Wet
(Months 7-9)",Upland,NA,2.04,1.155136037,NA,NA,NA,NA,NA,NA,NA,NA,USGS,Spring,NA,Bay
M9,SanPablo,A,72,a,2023-02-15,2023-03-23,2023,33.38254515,NA,NA,NA,NA,NA,NA,NA,NA,NA,NA,NA,March,Ramped,South.facing,"Wet
(Months 7-9)",Upland,NA,2.04,1.155136037,NA,NA,NA,NA,NA,NA,NA,NA,USGS,Spring,NA,Bay
M9,SanPablo,A,150,b,2023-02-15,2023-03-23,2023,5.69016325,NA,NA,NA,NA,NA,NA,NA,NA,NA,NA,NA,March,Ramped,South.facing,"Wet
(Months 7-9)",Upland,NA,1.974,1.079291752,NA,NA,NA,NA,NA,NA,NA,NA,USGS,Spring,NA,Bay
M9,SanPablo,A,150,c,2023-02-15,2023-03-23,2023,4.477239972,NA,NA,NA,NA,NA,NA,NA,NA,NA,NA,NA,March,Ramped,South.facing,"Wet
(Months 7-9)",Upland,NA,1.974,1.079291752,NA,NA,NA,NA,NA,NA,NA,NA,USGS,Spring,NA,Bay
M9,SanPablo,A,150,a,2023-02-15,2023-03-23,2023,3.252440292,NA,NA,NA,NA,NA,NA,NA,NA,NA,NA,NA,March,Ramped,South.facing,"Wet
(Months 7-9)",Upland,NA,1.974,1.079291752,NA,NA,NA,NA,NA,NA,NA,NA,USGS,Spring,NA,Bay
M9,SanPablo,B,0.5,b,2023-02-15,2023-03-23,2023,53.01799127,NA,NA,NA,NA,NA,NA,NA,NA,NA,NA,NA,March,Ramped,South.facing,"Wet
(Months 7-9)",Intertidal,NA,0.774,-0.299695244,NA,NA,NA,NA,NA,NA,NA,NA,USGS,Spring,NA,Bay
M9,SanPablo,B,0.5,c,2023-02-15,2023-03-23,2023,37.2423662,NA,NA,NA,NA,NA,NA,NA,NA,NA,NA,NA,March,Ramped,South.facing,"Wet
(Months 7-9)",Intertidal,NA,0.774,-0.299695244,NA,NA,NA,NA,NA,NA,NA,NA,USGS,Spring,NA,Bay
M9,SanPablo,B,0.5,a,2023-02-15,2023-03-23,2023,38.88738744,NA,NA,NA,NA,NA,NA,NA,NA,NA,NA,NA,March,Ramped,South.facing,"Wet
(Months 7-9)",Intertidal,NA,0.774,-0.299695244,NA,NA,NA,NA,NA,NA,NA,NA,USGS,Spring,NA,Bay
M9,SanPablo,B,2,b,2023-02-15,2023-03-23,2023,35.41535883,NA,NA,NA,NA,NA,NA,NA,NA,NA,NA,NA,March,Ramped,South.facing,"Wet
(Months 7-9)",Intertidal,NA,0.805,-0.264071413,NA,NA,NA,NA,NA,NA,NA,NA,USGS,Spring,NA,Bay
M9,SanPablo,B,2,c,2023-02-15,2023-03-23,2023,30.3569066,NA,NA,NA,NA,NA,NA,NA,NA,NA,NA,NA,March,Ramped,South.facing,"Wet
(Months 7-9)",Intertidal,NA,0.805,-0.264071413,NA,NA,NA,NA,NA,NA,NA,NA,USGS,Spring,NA,Bay
M9,SanPablo,B,2,a,2023-02-15,2023-03-23,2023,28.48321169,NA,NA,NA,NA,NA,NA,NA,NA,NA,NA,NA,March,Ramped,South.facing,"Wet
(Months 7-9)",Intertidal,NA,0.805,-0.264071413,NA,NA,NA,NA,NA,NA,NA,NA,USGS,Spring,NA,Bay
M9,SanPablo,B,6,b,2023-02-15,2023-03-23,2023,4.217123668,NA,NA,NA,NA,NA,NA,NA,NA,NA,NA,NA,March,Ramped,South.facing,"Wet
(Months 7-9)",Intertidal,NA,0.837,-0.227298427,NA,NA,NA,NA,NA,NA,NA,NA,USGS,Spring,NA,Bay
M9,SanPablo,B,6,c,2023-02-15,2023-03-23,2023,25.98161698,NA,NA,NA,NA,NA,NA,NA,NA,NA,NA,NA,March,Ramped,South.facing,"Wet
(Months 7-9)",Intertidal,NA,0.837,-0.227298427,NA,NA,NA,NA,NA,NA,NA,NA,USGS,Spring,NA,Bay
M9,SanPablo,B,6,a,2023-02-15,2023-03-23,2023,19.36723096,NA,NA,NA,NA,NA,NA,NA,NA,NA,NA,NA,March,Ramped,South.facing,"Wet
(Months 7-9)",Intertidal,NA,0.837,-0.227298427,NA,NA,NA,NA,NA,NA,NA,NA,USGS,Spring,NA,Bay
M9,SanPablo,B,9,b,2023-02-15,2023-03-23,2023,2.46729366,NA,NA,NA,NA,NA,NA,NA,NA,NA,NA,NA,March,Ramped,South.facing,"Wet
(Months 7-9)",Intertidal,NA,NA,NA,NA,NA,NA,NA,NA,NA,NA,NA,USGS,Spring,NA,NA
M9,SanPablo,B,9,c,2023-02-15,2023-03-23,2023,2.286736738,NA,NA,NA,NA,NA,NA,NA,NA,NA,NA,NA,March,Ramped,South.facing,"Wet
(Months 7-9)",Intertidal,NA,NA,NA,NA,NA,NA,NA,NA,NA,NA,NA,USGS,Spring,NA,NA
M9,SanPablo,B,9,a,2023-02-15,2023-03-23,2023,NA,NA,NA,NA,NA,NA,NA,NA,NA,NA,NA,NA,March,Ramped,South.facing,"Wet
(Months 7-9)",Intertidal,NA,NA,NA,NA,NA,NA,NA,NA,NA,NA,NA,USGS,Spring,NA,NA
M9,SanPablo,B,12,b,2023-02-15,2023-03-23,2023,3.819326756,NA,NA,NA,NA,NA,NA,NA,NA,NA,NA,NA,March,Ramped,South.facing,"Wet
(Months 7-9)",Intertidal,NA,1.042,0.008278519,NA,NA,NA,NA,NA,NA,NA,NA,USGS,Spring,NA,Bay
M9,SanPablo,B,12,c,2023-02-15,2023-03-23,2023,2.017092364,NA,NA,NA,NA,NA,NA,NA,NA,NA,NA,NA,March,Ramped,South.facing,"Wet
(Months 7-9)",Intertidal,NA,1.042,0.008278519,NA,NA,NA,NA,NA,NA,NA,NA,USGS,Spring,NA,Bay
M9,SanPablo,B,12,a,2023-02-15,2023-03-23,2023,1.070955039,NA,NA,NA,NA,NA,NA,NA,NA,NA,NA,NA,March,Ramped,South.facing,"Wet
(Months 7-9)",Intertidal,NA,1.042,0.008278519,NA,NA,NA,NA,NA,NA,NA,NA,USGS,Spring,NA,Bay
M9,SanPablo,B,18,b,2023-02-15,2023-03-23,2023,8.199380417,NA,NA,NA,NA,NA,NA,NA,NA,NA,NA,NA,March,Ramped,South.facing,"Wet
(Months 7-9)",Intertidal,NA,NA,NA,NA,NA,NA,NA,NA,NA,NA,NA,USGS,Spring,NA,NA
M9,SanPablo,B,18,c,2023-02-15,2023-03-23,2023,NA,NA,NA,NA,NA,NA,NA,NA,NA,NA,NA,NA,March,Ramped,South.facing,"Wet
(Months 7-9)",Intertidal,NA,NA,NA,NA,NA,NA,NA,NA,NA,NA,NA,USGS,Spring,NA,NA
M9,SanPablo,B,18,a,2023-02-15,2023-03-23,2023,31.82375294,NA,NA,NA,NA,NA,NA,NA,NA,NA,NA,NA,March,Ramped,South.facing,"Wet
(Months 7-9)",Intertidal,NA,NA,NA,NA,NA,NA,NA,NA,NA,NA,NA,USGS,Spring,NA,NA
M9,SanPablo,B,24,b,2023-02-15,2023-03-23,2023,4.758318029,NA,NA,NA,NA,NA,NA,NA,NA,NA,NA,NA,March,Ramped,South.facing,"Wet
(Months 7-9)",Edge,NA,1.563,0.606988706,NA,NA,NA,NA,NA,NA,NA,NA,USGS,Spring,NA,Bay
M9,SanPablo,B,24,c,2023-02-15,2023-03-23,2023,4.210454019,NA,NA,NA,NA,NA,NA,NA,NA,NA,NA,NA,March,Ramped,South.facing,"Wet
(Months 7-9)",Edge,NA,1.563,0.606988706,NA,NA,NA,NA,NA,NA,NA,NA,USGS,Spring,NA,Bay
M9,SanPablo,B,24,a,2023-02-15,2023-03-23,2023,2.378206208,NA,NA,NA,NA,NA,NA,NA,NA,NA,NA,NA,March,Ramped,South.facing,"Wet
(Months 7-9)",Edge,NA,1.563,0.606988706,NA,NA,NA,NA,NA,NA,NA,NA,USGS,Spring,NA,Bay
M9,SanPablo,B,48,b,2023-02-15,2023-03-23,2023,1.829389391,NA,NA,NA,NA,NA,NA,NA,NA,NA,NA,NA,March,Ramped,South.facing,"Wet
(Months 7-9)",Platform,NA,1.978,1.083888376,NA,NA,NA,NA,NA,NA,NA,NA,USGS,Spring,4.691550026,Bay
M9,SanPablo,B,48,c,2023-02-15,2023-03-23,2023,1.747924394,NA,NA,NA,NA,NA,NA,NA,NA,NA,NA,NA,March,Ramped,South.facing,"Wet
(Months 7-9)",Platform,NA,1.978,1.083888376,NA,NA,NA,NA,NA,NA,NA,NA,USGS,Spring,NA,Bay
M9,SanPablo,B,48,a,2023-02-15,2023-03-23,2023,1.301057923,NA,NA,NA,NA,NA,NA,NA,NA,NA,NA,NA,March,Ramped,South.facing,"Wet
(Months 7-9)",Platform,NA,1.978,1.083888376,NA,NA,NA,NA,NA,NA,NA,NA,USGS,Spring,NA,Bay
M9,SanPablo,B,72,b,2023-02-15,2023-03-23,2023,26.45087441,NA,NA,NA,NA,NA,NA,NA,NA,NA,NA,NA,March,Ramped,South.facing,"Wet
(Months 7-9)",Upland,NA,2.012,1.122959674,NA,NA,NA,NA,NA,NA,NA,NA,USGS,Spring,9.530313478,Bay
M9,SanPablo,B,72,c,2023-02-15,2023-03-23,2023,31.97572565,NA,NA,NA,NA,NA,NA,NA,NA,NA,NA,NA,March,Ramped,South.facing,"Wet
(Months 7-9)",Upland,NA,2.012,1.122959674,NA,NA,NA,NA,NA,NA,NA,NA,USGS,Spring,NA,Bay
M9,SanPablo,B,72,a,2023-02-15,2023-03-23,2023,37.01419454,NA,NA,NA,NA,NA,NA,NA,NA,NA,NA,NA,March,Ramped,South.facing,"Wet
(Months 7-9)",Upland,NA,2.012,1.122959674,NA,NA,NA,NA,NA,NA,NA,NA,USGS,Spring,9.561689603,Bay
M9,SanPablo,B,150,b,2023-02-15,2023-03-23,2023,4.514875847,NA,NA,NA,NA,NA,NA,NA,NA,NA,NA,NA,March,Ramped,South.facing,"Wet
(Months 7-9)",Upland,NA,2.014,1.125257985,NA,NA,NA,NA,NA,NA,NA,NA,USGS,Spring,NA,Bay
M9,SanPablo,B,150,c,2023-02-15,2023-03-23,2023,4.053555196,NA,NA,NA,NA,NA,NA,NA,NA,NA,NA,NA,March,Ramped,South.facing,"Wet
(Months 7-9)",Upland,NA,2.014,1.125257985,NA,NA,NA,NA,NA,NA,NA,NA,USGS,Spring,NA,Bay
M9,SanPablo,B,150,a,2023-02-15,2023-03-23,2023,3.198096609,NA,NA,NA,NA,NA,NA,NA,NA,NA,NA,NA,March,Ramped,South.facing,"Wet
(Months 7-9)",Upland,NA,2.014,1.125257985,NA,NA,NA,NA,NA,NA,NA,NA,USGS,Spring,NA,Bay
M9,CorteMadera,A,0.5,a,2023-02-17,2023-03-23,2023,NA,NA,NA,NA,NA,NA,NA,NA,NA,NA,NA,NA,March,Scarped,East.facing,"Wet
(Months 7-9)",Edge,NA,1.598,0.69919351,NA,NA,NA,NA,NA,NA,NA,NA,USGS,Spring,NA,Bay
M9,CorteMadera,A,0.5,b,2023-02-17,2023-03-23,2023,NA,NA,NA,NA,NA,NA,NA,NA,NA,NA,NA,NA,March,Scarped,East.facing,"Wet
(Months 7-9)",Edge,NA,1.598,0.69919351,NA,NA,NA,NA,NA,NA,NA,NA,USGS,Spring,NA,Bay
M9,CorteMadera,A,0.5,c,2023-02-17,2023-03-23,2023,NA,NA,NA,NA,NA,NA,NA,NA,NA,NA,NA,NA,March,Scarped,East.facing,"Wet
(Months 7-9)",Edge,NA,1.598,0.69919351,NA,NA,NA,NA,NA,NA,NA,NA,USGS,Spring,NA,Bay
M9,CorteMadera,A,2,a,2023-02-17,2023-03-23,2023,NA,NA,NA,NA,NA,NA,NA,NA,NA,NA,NA,NA,March,Scarped,East.facing,"Wet
(Months 7-9)",Edge,NA,1.684,0.801794321,NA,NA,NA,NA,NA,NA,NA,NA,USGS,Spring,NA,Bay
M9,CorteMadera,A,2,b,2023-02-17,2023-03-23,2023,NA,NA,NA,NA,NA,NA,NA,NA,NA,NA,NA,NA,March,Scarped,East.facing,"Wet
(Months 7-9)",Edge,NA,1.684,0.801794321,NA,NA,NA,NA,NA,NA,NA,NA,USGS,Spring,NA,Bay
M9,CorteMadera,A,2,c,2023-02-17,2023-03-23,2023,NA,NA,NA,NA,NA,NA,NA,NA,NA,NA,NA,NA,March,Scarped,East.facing,"Wet
(Months 7-9)",Edge,NA,1.684,0.801794321,NA,NA,NA,NA,NA,NA,NA,NA,USGS,Spring,NA,Bay
M9,CorteMadera,A,6,a,2023-02-17,2023-03-23,2023,1.549288669,NA,NA,NA,NA,NA,NA,NA,NA,NA,NA,NA,March,Scarped,East.facing,"Wet
(Months 7-9)",Edge,NA,1.691,0.81014555,NA,NA,NA,NA,NA,NA,NA,NA,USGS,Spring,6.934993485,Bay
M9,CorteMadera,A,6,b,2023-02-17,2023-03-23,2023,3.629300777,NA,NA,NA,NA,NA,NA,NA,NA,NA,NA,NA,March,Scarped,East.facing,"Wet
(Months 7-9)",Edge,NA,1.691,0.81014555,NA,NA,NA,NA,NA,NA,NA,NA,USGS,Spring,NA,Bay
M9,CorteMadera,A,6,c,2023-02-17,2023-03-23,2023,2.582988599,NA,NA,NA,NA,NA,NA,NA,NA,NA,NA,NA,March,Scarped,East.facing,"Wet
(Months 7-9)",Edge,NA,1.691,0.81014555,NA,NA,NA,NA,NA,NA,NA,NA,USGS,Spring,NA,Bay
M9,CorteMadera,A,12,a,2023-02-17,2023-03-23,2023,4.342649581,NA,NA,NA,NA,NA,NA,NA,NA,NA,NA,NA,March,Scarped,East.facing,"Wet
(Months 7-9)",Platform,NA,1.705,0.826848008,NA,NA,NA,NA,NA,NA,NA,NA,USGS,Spring,NA,Bay
M9,CorteMadera,A,12,b,2023-02-17,2023-03-23,2023,3.750882857,NA,NA,NA,NA,NA,NA,NA,NA,NA,NA,NA,March,Scarped,East.facing,"Wet
(Months 7-9)",Platform,NA,1.705,0.826848008,NA,NA,NA,NA,NA,NA,NA,NA,USGS,Spring,6.502042992,Bay
M9,CorteMadera,A,12,c,2023-02-17,2023-03-23,2023,0.663908788,NA,NA,NA,NA,NA,NA,NA,NA,NA,NA,NA,March,Scarped,East.facing,"Wet
(Months 7-9)",Platform,NA,1.705,0.826848008,NA,NA,NA,NA,NA,NA,NA,NA,USGS,Spring,NA,Bay
M9,CorteMadera,A,18,a,2023-02-17,2023-03-23,2023,4.466249622,NA,NA,NA,NA,NA,NA,NA,NA,NA,NA,NA,March,Scarped,East.facing,"Wet
(Months 7-9)",Platform,NA,NA,NA,NA,NA,NA,NA,NA,NA,NA,NA,USGS,Spring,5.989500477,NA
M9,CorteMadera,A,18,b,2023-02-17,2023-03-23,2023,3.271617395,NA,NA,NA,NA,NA,NA,NA,NA,NA,NA,NA,March,Scarped,East.facing,"Wet
(Months 7-9)",Platform,NA,NA,NA,NA,NA,NA,NA,NA,NA,NA,NA,USGS,Spring,NA,NA
M9,CorteMadera,A,18,c,2023-02-17,2023-03-23,2023,3.640904046,NA,NA,NA,NA,NA,NA,NA,NA,NA,NA,NA,March,Scarped,East.facing,"Wet
(Months 7-9)",Platform,NA,NA,NA,NA,NA,NA,NA,NA,NA,NA,NA,USGS,Spring,NA,NA
M9,CorteMadera,A,24,a,2023-02-17,2023-03-23,2023,2.382706084,NA,NA,NA,NA,NA,NA,NA,NA,NA,NA,NA,March,Scarped,East.facing,"Wet
(Months 7-9)",Platform,NA,1.664,0.777933667,NA,NA,NA,NA,NA,NA,NA,NA,USGS,Spring,NA,Bay
M9,CorteMadera,A,24,b,2023-02-17,2023-03-23,2023,2.763596004,NA,NA,NA,NA,NA,NA,NA,NA,NA,NA,NA,March,Scarped,East.facing,"Wet
(Months 7-9)",Platform,NA,1.664,0.777933667,NA,NA,NA,NA,NA,NA,NA,NA,USGS,Spring,4.411925303,Bay
M9,CorteMadera,A,24,c,2023-02-17,2023-03-23,2023,7.111290485,NA,NA,NA,NA,NA,NA,NA,NA,NA,NA,NA,March,Scarped,East.facing,"Wet
(Months 7-9)",Platform,NA,1.664,0.777933667,NA,NA,NA,NA,NA,NA,NA,NA,USGS,Spring,NA,Bay
M9,CorteMadera,A,30,a,2023-02-17,2023-03-23,2023,21.91504389,NA,NA,NA,NA,NA,NA,NA,NA,NA,NA,NA,March,Scarped,East.facing,"Wet
(Months 7-9)",Upland,NA,NA,NA,NA,NA,NA,NA,NA,NA,NA,NA,USGS,Spring,NA,NA
M9,CorteMadera,A,30,b,2023-02-17,2023-03-23,2023,2.033094541,NA,NA,NA,NA,NA,NA,NA,NA,NA,NA,NA,March,Scarped,East.facing,"Wet
(Months 7-9)",Upland,NA,NA,NA,NA,NA,NA,NA,NA,NA,NA,NA,USGS,Spring,NA,NA
M9,CorteMadera,A,30,c,2023-02-17,2023-03-23,2023,9.761880739,NA,NA,NA,NA,NA,NA,NA,NA,NA,NA,NA,March,Scarped,East.facing,"Wet
(Months 7-9)",Upland,NA,NA,NA,NA,NA,NA,NA,NA,NA,NA,NA,USGS,Spring,7.382246377,NA
M9,CorteMadera,A,48,a,2023-02-17,2023-03-23,2023,4.935593448,NA,NA,NA,NA,NA,NA,NA,NA,NA,NA,NA,March,Scarped,East.facing,"Wet
(Months 7-9)",Upland,NA,1.724,0.849515629,NA,NA,NA,NA,NA,NA,NA,NA,USGS,Spring,NA,Bay
M9,CorteMadera,A,48,b,2023-02-17,2023-03-23,2023,3.314499041,NA,NA,NA,NA,NA,NA,NA,NA,NA,NA,NA,March,Scarped,East.facing,"Wet
(Months 7-9)",Upland,NA,1.724,0.849515629,NA,NA,NA,NA,NA,NA,NA,NA,USGS,Spring,NA,Bay
M9,CorteMadera,A,48,c,2023-02-17,2023-03-23,2023,4.783573807,NA,NA,NA,NA,NA,NA,NA,NA,NA,NA,NA,March,Scarped,East.facing,"Wet
(Months 7-9)",Upland,NA,1.724,0.849515629,NA,NA,NA,NA,NA,NA,NA,NA,USGS,Spring,5.606285836,Bay
M9,CorteMadera,B,0.5,a,2023-02-17,2023-03-23,2023,NA,NA,NA,NA,NA,NA,NA,NA,NA,NA,NA,NA,March,Scarped,East.facing,"Wet
(Months 7-9)",Edge,NA,1.576,0.672946791,NA,NA,NA,NA,NA,NA,NA,NA,USGS,Spring,NA,Bay
M9,CorteMadera,B,0.5,b,2023-02-17,2023-03-23,2023,NA,NA,NA,NA,NA,NA,NA,NA,NA,NA,NA,NA,March,Scarped,East.facing,"Wet
(Months 7-9)",Edge,NA,1.576,0.672946791,NA,NA,NA,NA,NA,NA,NA,NA,USGS,Spring,NA,Bay
M9,CorteMadera,B,0.5,c,2023-02-17,2023-03-23,2023,NA,NA,NA,NA,NA,NA,NA,NA,NA,NA,NA,NA,March,Scarped,East.facing,"Wet
(Months 7-9)",Edge,NA,1.576,0.672946791,NA,NA,NA,NA,NA,NA,NA,NA,USGS,Spring,NA,Bay
M9,CorteMadera,B,2,a,2023-02-17,2023-03-23,2023,NA,NA,NA,NA,NA,NA,NA,NA,NA,NA,NA,NA,March,Scarped,East.facing,"Wet
(Months 7-9)",Edge,NA,1.605,0.707544739,NA,NA,NA,NA,NA,NA,NA,NA,USGS,Spring,NA,Bay
M9,CorteMadera,B,2,b,2023-02-17,2023-03-23,2023,NA,NA,NA,NA,NA,NA,NA,NA,NA,NA,NA,NA,March,Scarped,East.facing,"Wet
(Months 7-9)",Edge,NA,1.605,0.707544739,NA,NA,NA,NA,NA,NA,NA,NA,USGS,Spring,NA,Bay
M9,CorteMadera,B,2,c,2023-02-17,2023-03-23,2023,NA,NA,NA,NA,NA,NA,NA,NA,NA,NA,NA,NA,March,Scarped,East.facing,"Wet
(Months 7-9)",Edge,NA,1.605,0.707544739,NA,NA,NA,NA,NA,NA,NA,NA,USGS,Spring,NA,Bay
M9,CorteMadera,B,6,a,2023-02-17,2023-03-23,2023,23.56977096,NA,NA,NA,NA,NA,NA,NA,NA,NA,NA,NA,March,Scarped,East.facing,"Wet
(Months 7-9)",Edge,NA,1.672,0.787477929,NA,NA,NA,NA,NA,NA,NA,NA,USGS,Spring,NA,Bay
M9,CorteMadera,B,6,b,2023-02-17,2023-03-23,2023,21.10785995,NA,NA,NA,NA,NA,NA,NA,NA,NA,NA,NA,March,Scarped,East.facing,"Wet
(Months 7-9)",Edge,NA,1.672,0.787477929,NA,NA,NA,NA,NA,NA,NA,NA,USGS,Spring,NA,Bay
M9,CorteMadera,B,6,c,2023-02-17,2023-03-23,2023,0.966378547,NA,NA,NA,NA,NA,NA,NA,NA,NA,NA,NA,March,Scarped,East.facing,"Wet
(Months 7-9)",Edge,NA,1.672,0.787477929,NA,NA,NA,NA,NA,NA,NA,NA,USGS,Spring,5.880447108,Bay
M9,CorteMadera,B,12,a,2023-02-17,2023-03-23,2023,3.241708347,NA,NA,NA,NA,NA,NA,NA,NA,NA,NA,NA,March,Scarped,East.facing,"Wet
(Months 7-9)",Platform,NA,1.664,0.777933667,NA,NA,NA,NA,NA,NA,NA,NA,USGS,Spring,NA,Bay
M9,CorteMadera,B,12,b,2023-02-17,2023-03-23,2023,14.86731914,NA,NA,NA,NA,NA,NA,NA,NA,NA,NA,NA,March,Scarped,East.facing,"Wet
(Months 7-9)",Platform,NA,1.664,0.777933667,NA,NA,NA,NA,NA,NA,NA,NA,USGS,Spring,NA,Bay
M9,CorteMadera,B,12,c,2023-02-17,2023-03-23,2023,23.61013016,NA,NA,NA,NA,NA,NA,NA,NA,NA,NA,NA,March,Scarped,East.facing,"Wet
(Months 7-9)",Platform,NA,1.664,0.777933667,NA,NA,NA,NA,NA,NA,NA,NA,USGS,Spring,4.561970125,Bay
M9,CorteMadera,B,18,a,2023-02-17,2023-03-23,2023,115.1700131,NA,NA,NA,NA,NA,NA,NA,NA,NA,NA,NA,March,Scarped,East.facing,"Wet
(Months 7-9)",Platform,NA,NA,NA,NA,NA,NA,NA,NA,NA,NA,NA,USGS,Spring,NA,NA
M9,CorteMadera,B,18,b,2023-02-17,2023-03-23,2023,4.382504288,NA,NA,NA,NA,NA,NA,NA,NA,NA,NA,NA,March,Scarped,East.facing,"Wet
(Months 7-9)",Platform,NA,NA,NA,NA,NA,NA,NA,NA,NA,NA,NA,USGS,Spring,5.975367501,NA
M9,CorteMadera,B,18,c,2023-02-17,2023-03-23,2023,2.703057209,NA,NA,NA,NA,NA,NA,NA,NA,NA,NA,NA,March,Scarped,East.facing,"Wet
(Months 7-9)",Platform,NA,NA,NA,NA,NA,NA,NA,NA,NA,NA,NA,USGS,Spring,NA,NA
M9,CorteMadera,B,24,a,2023-02-17,2023-03-23,2023,6.097265664,NA,NA,NA,NA,NA,NA,NA,NA,NA,NA,NA,March,Scarped,East.facing,"Wet
(Months 7-9)",Platform,NA,1.642,0.751686948,NA,NA,NA,NA,NA,NA,NA,NA,USGS,Spring,NA,Bay
M9,CorteMadera,B,24,b,2023-02-17,2023-03-23,2023,13.869438,NA,NA,NA,NA,NA,NA,NA,NA,NA,NA,NA,March,Scarped,East.facing,"Wet
(Months 7-9)",Platform,NA,1.642,0.751686948,NA,NA,NA,NA,NA,NA,NA,NA,USGS,Spring,6.359865692,Bay
M9,CorteMadera,B,24,c,2023-02-17,2023-03-23,2023,17.81959439,NA,NA,NA,NA,NA,NA,NA,NA,NA,NA,NA,March,Scarped,East.facing,"Wet
(Months 7-9)",Platform,NA,1.642,0.751686948,NA,NA,NA,NA,NA,NA,NA,NA,USGS,Spring,NA,Bay
M9,CorteMadera,B,30,a,2023-02-17,2023-03-23,2023,4.152456866,NA,NA,NA,NA,NA,NA,NA,NA,NA,NA,NA,March,Scarped,East.facing,"Wet
(Months 7-9)",Upland,NA,NA,NA,NA,NA,NA,NA,NA,NA,NA,NA,USGS,Spring,NA,NA
M9,CorteMadera,B,30,b,2023-02-17,2023-03-23,2023,3.739279588,NA,NA,NA,NA,NA,NA,NA,NA,NA,NA,NA,March,Scarped,East.facing,"Wet
(Months 7-9)",Upland,NA,NA,NA,NA,NA,NA,NA,NA,NA,NA,NA,USGS,Spring,5.39031836,NA
M9,CorteMadera,B,30,c,2023-02-17,2023-03-23,2023,5.782085561,NA,NA,NA,NA,NA,NA,NA,NA,NA,NA,NA,March,Scarped,East.facing,"Wet
(Months 7-9)",Upland,NA,NA,NA,NA,NA,NA,NA,NA,NA,NA,NA,USGS,Spring,NA,NA
M9,CorteMadera,B,48,a,2023-02-17,2023-03-23,2023,5.38795278,NA,NA,NA,NA,NA,NA,NA,NA,NA,NA,NA,March,Scarped,East.facing,"Wet
(Months 7-9)",Upland,NA,1.692,0.811338583,NA,NA,NA,NA,NA,NA,NA,NA,USGS,Spring,NA,Bay
M9,CorteMadera,B,48,b,2023-02-17,2023-03-23,2023,5.718754054,NA,NA,NA,NA,NA,NA,NA,NA,NA,NA,NA,March,Scarped,East.facing,"Wet
(Months 7-9)",Upland,NA,1.692,0.811338583,NA,NA,NA,NA,NA,NA,NA,NA,USGS,Spring,7.360091524,Bay
M9,CorteMadera,B,48,c,2023-02-17,2023-03-23,2023,3.07789325,NA,NA,NA,NA,NA,NA,NA,NA,NA,NA,NA,March,Scarped,East.facing,"Wet
(Months 7-9)",Upland,NA,1.692,0.811338583,NA,NA,NA,NA,NA,NA,NA,NA,USGS,Spring,NA,Bay
M10,CorteMadera,A,0.5,a,2023-03-23,2023-04-20,2023,NA,NA,NA,NA,NA,NA,NA,NA,NA,NA,NA,NA,April,Scarped,East.facing,"Growth
(Months 10-12)",Edge,NA,1.598,0.69919351,NA,NA,NA,NA,NA,NA,NA,NA,USGS,Spring,NA,Bay
M10,CorteMadera,A,0.5,b,2023-03-23,2023-04-20,2023,NA,NA,NA,NA,NA,NA,NA,NA,NA,NA,NA,NA,April,Scarped,East.facing,"Growth
(Months 10-12)",Edge,NA,1.598,0.69919351,NA,NA,NA,NA,NA,NA,NA,NA,USGS,Spring,NA,Bay
M10,CorteMadera,A,0.5,c,2023-03-23,2023-04-20,2023,NA,NA,NA,NA,NA,NA,NA,NA,NA,NA,NA,NA,April,Scarped,East.facing,"Growth
(Months 10-12)",Edge,NA,1.598,0.69919351,NA,NA,NA,NA,NA,NA,NA,NA,USGS,Spring,NA,Bay
M10,CorteMadera,A,2,a,2023-03-23,2023-04-20,2023,1.886792453,NA,NA,NA,NA,NA,NA,NA,NA,NA,NA,NA,April,Scarped,East.facing,"Growth
(Months 10-12)",Edge,NA,1.684,0.801794321,NA,NA,NA,NA,NA,NA,NA,NA,USGS,Spring,NA,Bay
M10,CorteMadera,A,2,b,2023-03-23,2023-04-20,2023,NA,NA,NA,NA,NA,NA,NA,NA,NA,NA,NA,NA,April,Scarped,East.facing,"Growth
(Months 10-12)",Edge,NA,1.684,0.801794321,NA,NA,NA,NA,NA,NA,NA,NA,USGS,Spring,NA,Bay
M10,CorteMadera,A,2,c,2023-03-23,2023-04-20,2023,3.519358,NA,NA,NA,NA,NA,NA,NA,NA,NA,NA,NA,April,Scarped,East.facing,"Growth
(Months 10-12)",Edge,NA,1.684,0.801794321,NA,NA,NA,NA,NA,NA,NA,NA,USGS,Spring,5.004721435,Bay
M10,CorteMadera,A,6,a,2023-03-23,2023-04-20,2023,0.799436413,NA,NA,NA,NA,NA,NA,NA,NA,NA,NA,NA,April,Scarped,East.facing,"Growth
(Months 10-12)",Edge,NA,1.691,0.81014555,NA,NA,NA,NA,NA,NA,NA,NA,USGS,Spring,4.850746269,Bay
M10,CorteMadera,A,6,b,2023-03-23,2023-04-20,2023,0.728375398,NA,NA,NA,NA,NA,NA,NA,NA,NA,NA,NA,April,Scarped,East.facing,"Growth
(Months 10-12)",Edge,NA,1.691,0.81014555,NA,NA,NA,NA,NA,NA,NA,NA,USGS,Spring,NA,Bay
M10,CorteMadera,A,6,c,2023-03-23,2023-04-20,2023,0.846606224,NA,NA,NA,NA,NA,NA,NA,NA,NA,NA,NA,April,Scarped,East.facing,"Growth
(Months 10-12)",Edge,NA,1.691,0.81014555,NA,NA,NA,NA,NA,NA,NA,NA,USGS,Spring,NA,Bay
M10,CorteMadera,A,12,a,2023-03-23,2023-04-20,2023,1.100220534,NA,NA,NA,NA,NA,NA,NA,NA,NA,NA,NA,April,Scarped,East.facing,"Growth
(Months 10-12)",Platform,NA,1.705,0.826848008,NA,NA,NA,NA,NA,NA,NA,NA,USGS,Spring,5.201443175,Bay
M10,CorteMadera,A,12,b,2023-03-23,2023-04-20,2023,1.587233521,NA,NA,NA,NA,NA,NA,NA,NA,NA,NA,NA,April,Scarped,East.facing,"Growth
(Months 10-12)",Platform,NA,1.705,0.826848008,NA,NA,NA,NA,NA,NA,NA,NA,USGS,Spring,NA,Bay
M10,CorteMadera,A,12,c,2023-03-23,2023-04-20,2023,0.754716981,NA,NA,NA,NA,NA,NA,NA,NA,NA,NA,NA,April,Scarped,East.facing,"Growth
(Months 10-12)",Platform,NA,1.705,0.826848008,NA,NA,NA,NA,NA,NA,NA,NA,USGS,Spring,NA,Bay
M10,CorteMadera,A,18,a,2023-03-23,2023-04-20,2023,0.750428816,NA,NA,NA,NA,NA,NA,NA,NA,NA,NA,NA,April,Scarped,East.facing,"Growth
(Months 10-12)",Platform,NA,NA,NA,NA,NA,NA,NA,NA,NA,NA,NA,USGS,Spring,NA,NA
M10,CorteMadera,A,18,b,2023-03-23,2023-04-20,2023,0.847831414,NA,NA,NA,NA,NA,NA,NA,NA,NA,NA,NA,April,Scarped,East.facing,"Growth
(Months 10-12)",Platform,NA,NA,NA,NA,NA,NA,NA,NA,NA,NA,NA,USGS,Spring,7.664999193,NA
M10,CorteMadera,A,18,c,2023-03-23,2023-04-20,2023,0.805562362,NA,NA,NA,NA,NA,NA,NA,NA,NA,NA,NA,April,Scarped,East.facing,"Growth
(Months 10-12)",Platform,NA,NA,NA,NA,NA,NA,NA,NA,NA,NA,NA,USGS,Spring,NA,NA
M10,CorteMadera,A,24,a,2023-03-23,2023-04-20,2023,3.328228375,NA,NA,NA,NA,NA,NA,NA,NA,NA,NA,NA,April,Scarped,East.facing,"Growth
(Months 10-12)",Platform,NA,1.664,0.777933667,NA,NA,NA,NA,NA,NA,NA,NA,USGS,Spring,8.387346425,Bay
M10,CorteMadera,A,24,b,2023-03-23,2023-04-20,2023,2.642734624,NA,NA,NA,NA,NA,NA,NA,NA,NA,NA,NA,April,Scarped,East.facing,"Growth
(Months 10-12)",Platform,NA,1.664,0.777933667,NA,NA,NA,NA,NA,NA,NA,NA,USGS,Spring,NA,Bay
M10,CorteMadera,A,24,c,2023-03-23,2023-04-20,2023,1.021195785,NA,NA,NA,NA,NA,NA,NA,NA,NA,NA,NA,April,Scarped,East.facing,"Growth
(Months 10-12)",Platform,NA,1.664,0.777933667,NA,NA,NA,NA,NA,NA,NA,NA,USGS,Spring,NA,Bay
M10,CorteMadera,A,30,a,2023-03-23,2023-04-20,2023,0.79798553,NA,NA,NA,NA,NA,NA,NA,NA,NA,NA,NA,April,Scarped,East.facing,"Growth
(Months 10-12)",Upland,NA,NA,NA,NA,NA,NA,NA,NA,NA,NA,NA,USGS,Spring,NA,NA
M10,CorteMadera,A,30,b,2023-03-23,2023-04-20,2023,1.051825533,NA,NA,NA,NA,NA,NA,NA,NA,NA,NA,NA,April,Scarped,East.facing,"Growth
(Months 10-12)",Upland,NA,NA,NA,NA,NA,NA,NA,NA,NA,NA,NA,USGS,Spring,NA,NA
M10,CorteMadera,A,30,c,2023-03-23,2023-04-20,2023,2.064767407,NA,NA,NA,NA,NA,NA,NA,NA,NA,NA,NA,April,Scarped,East.facing,"Growth
(Months 10-12)",Upland,NA,NA,NA,NA,NA,NA,NA,NA,NA,NA,NA,USGS,Spring,8.506922789,NA
M10,CorteMadera,A,48,a,2023-03-23,2023-04-20,2023,1.079392306,NA,NA,NA,NA,NA,NA,NA,NA,NA,NA,NA,April,Scarped,East.facing,"Growth
(Months 10-12)",Upland,NA,1.724,0.849515629,NA,NA,NA,NA,NA,NA,NA,NA,USGS,Spring,NA,Bay
M10,CorteMadera,A,48,b,2023-03-23,2023-04-20,2023,0.96606224,NA,NA,NA,NA,NA,NA,NA,NA,NA,NA,NA,April,Scarped,East.facing,"Growth
(Months 10-12)",Upland,NA,1.724,0.849515629,NA,NA,NA,NA,NA,NA,NA,NA,USGS,Spring,4.915992533,Bay
M10,CorteMadera,A,48,c,2023-03-23,2023-04-20,2023,16.44511149,NA,NA,NA,NA,NA,NA,NA,NA,NA,NA,NA,April,Scarped,East.facing,"Growth
(Months 10-12)",Upland,NA,1.724,0.849515629,NA,NA,NA,NA,NA,NA,NA,NA,USGS,Spring,NA,Bay
M10,CorteMadera,B,0.5,a,2023-03-23,2023-04-20,2023,NA,NA,NA,NA,NA,NA,NA,NA,NA,NA,NA,NA,April,Scarped,East.facing,"Growth
(Months 10-12)",Edge,NA,1.576,0.672946791,NA,NA,NA,NA,NA,NA,NA,NA,USGS,Spring,NA,Bay
M10,CorteMadera,B,0.5,b,2023-03-23,2023-04-20,2023,NA,NA,NA,NA,NA,NA,NA,NA,NA,NA,NA,NA,April,Scarped,East.facing,"Growth
(Months 10-12)",Edge,NA,1.576,0.672946791,NA,NA,NA,NA,NA,NA,NA,NA,USGS,Spring,NA,Bay
M10,CorteMadera,B,0.5,c,2023-03-23,2023-04-20,2023,NA,NA,NA,NA,NA,NA,NA,NA,NA,NA,NA,NA,April,Scarped,East.facing,"Growth
(Months 10-12)",Edge,NA,1.576,0.672946791,NA,NA,NA,NA,NA,NA,NA,NA,USGS,Spring,NA,Bay
M10,CorteMadera,B,2,a,2023-03-23,2023-04-20,2023,NA,NA,NA,NA,NA,NA,NA,NA,NA,NA,NA,NA,April,Scarped,East.facing,"Growth
(Months 10-12)",Edge,NA,1.605,0.707544739,NA,NA,NA,NA,NA,NA,NA,NA,USGS,Spring,NA,Bay
M10,CorteMadera,B,2,b,2023-03-23,2023-04-20,2023,NA,NA,NA,NA,NA,NA,NA,NA,NA,NA,NA,NA,April,Scarped,East.facing,"Growth
(Months 10-12)",Edge,NA,1.605,0.707544739,NA,NA,NA,NA,NA,NA,NA,NA,USGS,Spring,NA,Bay
M10,CorteMadera,B,2,c,2023-03-23,2023-04-20,2023,NA,NA,NA,NA,NA,NA,NA,NA,NA,NA,NA,NA,April,Scarped,East.facing,"Growth
(Months 10-12)",Edge,NA,1.605,0.707544739,NA,NA,NA,NA,NA,NA,NA,NA,USGS,Spring,NA,Bay
M10,CorteMadera,B,6,a,2023-03-23,2023-04-20,2023,0.63954913,NA,NA,NA,NA,NA,NA,NA,NA,NA,NA,NA,April,Scarped,East.facing,"Growth
(Months 10-12)",Edge,NA,1.672,0.787477929,NA,NA,NA,NA,NA,NA,NA,NA,USGS,Spring,4.840032814,Bay
M10,CorteMadera,B,6,b,2023-03-23,2023-04-20,2023,0.763577951,NA,NA,NA,NA,NA,NA,NA,NA,NA,NA,NA,April,Scarped,East.facing,"Growth
(Months 10-12)",Edge,NA,1.672,0.787477929,NA,NA,NA,NA,NA,NA,NA,NA,USGS,Spring,NA,Bay
M10,CorteMadera,B,6,c,2023-03-23,2023-04-20,2023,0.944008821,NA,NA,NA,NA,NA,NA,NA,NA,NA,NA,NA,April,Scarped,East.facing,"Growth
(Months 10-12)",Edge,NA,1.672,0.787477929,NA,NA,NA,NA,NA,NA,NA,NA,USGS,Spring,NA,Bay
M10,CorteMadera,B,12,a,2023-03-23,2023-04-20,2023,0.668341093,NA,NA,NA,NA,NA,NA,NA,NA,NA,NA,NA,April,Scarped,East.facing,"Growth
(Months 10-12)",Platform,NA,1.664,0.777933667,NA,NA,NA,NA,NA,NA,NA,NA,USGS,Spring,NA,Bay
M10,CorteMadera,B,12,b,2023-03-23,2023-04-20,2023,1.153935439,NA,NA,NA,NA,NA,NA,NA,NA,NA,NA,NA,April,Scarped,East.facing,"Growth
(Months 10-12)",Platform,NA,1.664,0.777933667,NA,NA,NA,NA,NA,NA,NA,NA,USGS,Spring,NA,Bay
M10,CorteMadera,B,12,c,2023-03-23,2023-04-20,2023,0.924405783,NA,NA,NA,NA,NA,NA,NA,NA,NA,NA,NA,April,Scarped,East.facing,"Growth
(Months 10-12)",Platform,NA,1.664,0.777933667,NA,NA,NA,NA,NA,NA,NA,NA,USGS,Spring,4.679186228,Bay
M10,CorteMadera,B,18,a,2023-03-23,2023-04-20,2023,2.530661989,NA,NA,NA,NA,NA,NA,NA,NA,NA,NA,NA,April,Scarped,East.facing,"Growth
(Months 10-12)",Platform,NA,NA,NA,NA,NA,NA,NA,NA,NA,NA,NA,USGS,Spring,12.13428138,NA
M10,CorteMadera,B,18,b,2023-03-23,2023-04-20,2023,0.995466797,NA,NA,NA,NA,NA,NA,NA,NA,NA,NA,NA,April,Scarped,East.facing,"Growth
(Months 10-12)",Platform,NA,NA,NA,NA,NA,NA,NA,NA,NA,NA,NA,USGS,Spring,NA,NA
M10,CorteMadera,B,18,c,2023-03-23,2023-04-20,2023,0.884859375,NA,NA,NA,NA,NA,NA,NA,NA,NA,NA,NA,April,Scarped,East.facing,"Growth
(Months 10-12)",Platform,NA,NA,NA,NA,NA,NA,NA,NA,NA,NA,NA,USGS,Spring,NA,NA
M10,CorteMadera,B,24,a,2023-03-23,2023-04-20,2023,3.980029405,NA,NA,NA,NA,NA,NA,NA,NA,NA,NA,NA,April,Scarped,East.facing,"Growth
(Months 10-12)",Platform,NA,1.642,0.751686948,NA,NA,NA,NA,NA,NA,NA,NA,USGS,Spring,NA,Bay
M10,CorteMadera,B,24,b,2023-03-23,2023-04-20,2023,4.960793923,NA,NA,NA,NA,NA,NA,NA,NA,NA,NA,NA,April,Scarped,East.facing,"Growth
(Months 10-12)",Platform,NA,1.642,0.751686948,NA,NA,NA,NA,NA,NA,NA,NA,USGS,Spring,11.7058115,Bay
M10,CorteMadera,B,24,c,2023-03-23,2023-04-20,2023,9.697990689,NA,NA,NA,NA,NA,NA,NA,NA,NA,NA,NA,April,Scarped,East.facing,"Growth
(Months 10-12)",Platform,NA,1.642,0.751686948,NA,NA,NA,NA,NA,NA,NA,NA,USGS,Spring,NA,Bay
M10,CorteMadera,B,30,a,2023-03-23,2023-04-20,2023,0.614529463,NA,NA,NA,NA,NA,NA,NA,NA,NA,NA,NA,April,Scarped,East.facing,"Growth
(Months 10-12)",Upland,NA,NA,NA,NA,NA,NA,NA,NA,NA,NA,NA,USGS,Spring,4.870466321,NA
M10,CorteMadera,B,30,b,2023-03-23,2023-04-20,2023,0.718097416,NA,NA,NA,NA,NA,NA,NA,NA,NA,NA,NA,April,Scarped,East.facing,"Growth
(Months 10-12)",Upland,NA,NA,NA,NA,NA,NA,NA,NA,NA,NA,NA,USGS,Spring,NA,NA
M10,CorteMadera,B,30,c,2023-03-23,2023-04-20,2023,0.391340069,NA,NA,NA,NA,NA,NA,NA,NA,NA,NA,NA,April,Scarped,East.facing,"Growth
(Months 10-12)",Upland,NA,NA,NA,NA,NA,NA,NA,NA,NA,NA,NA,USGS,Spring,NA,NA
M10,CorteMadera,B,48,a,2023-03-23,2023-04-20,2023,0.282406273,NA,NA,NA,NA,NA,NA,NA,NA,NA,NA,NA,April,Scarped,East.facing,"Growth
(Months 10-12)",Upland,NA,1.692,0.811338583,NA,NA,NA,NA,NA,NA,NA,NA,USGS,Spring,5.963912631,Bay
M10,CorteMadera,B,48,b,2023-03-23,2023-04-20,2023,0.813526097,NA,NA,NA,NA,NA,NA,NA,NA,NA,NA,NA,April,Scarped,East.facing,"Growth
(Months 10-12)",Upland,NA,1.692,0.811338583,NA,NA,NA,NA,NA,NA,NA,NA,USGS,Spring,NA,Bay
M10,CorteMadera,B,48,c,2023-03-23,2023-04-20,2023,0.536020583,NA,NA,NA,NA,NA,NA,NA,NA,NA,NA,NA,April,Scarped,East.facing,"Growth
(Months 10-12)",Upland,NA,1.692,0.811338583,NA,NA,NA,NA,NA,NA,NA,NA,USGS,Spring,NA,Bay
M10,SanPablo,A,0.5,b,2023-03-23,2023-04-21,2023,NA,NA,NA,NA,NA,NA,NA,NA,NA,NA,NA,NA,April,Ramped,South.facing,"Growth
(Months 10-12)",Intertidal,NA,0.735,-0.344512321,NA,NA,NA,NA,NA,NA,NA,NA,USGS,Spring,NA,Bay
M10,SanPablo,A,0.5,c,2023-03-23,2023-04-21,2023,NA,NA,NA,NA,NA,NA,NA,NA,NA,NA,NA,NA,April,Ramped,South.facing,"Growth
(Months 10-12)",Intertidal,NA,0.735,-0.344512321,NA,NA,NA,NA,NA,NA,NA,NA,USGS,Spring,NA,Bay
M10,SanPablo,A,0.5,a,2023-03-23,2023-04-21,2023,231.4144066,NA,NA,NA,NA,NA,NA,NA,NA,NA,NA,NA,April,Ramped,South.facing,"Growth
(Months 10-12)",Intertidal,NA,0.735,-0.344512321,NA,NA,NA,NA,NA,NA,NA,NA,USGS,Spring,NA,Bay
M10,SanPablo,A,2,b,2023-03-23,2023-04-21,2023,269.4631432,NA,NA,NA,NA,NA,NA,NA,NA,NA,NA,NA,April,Ramped,South.facing,"Growth
(Months 10-12)",Intertidal,NA,0.751,-0.326125828,NA,NA,NA,NA,NA,NA,NA,NA,USGS,Spring,NA,Bay
M10,SanPablo,A,2,c,2023-03-23,2023-04-21,2023,259.8322361,NA,NA,NA,NA,NA,NA,NA,NA,NA,NA,NA,April,Ramped,South.facing,"Growth
(Months 10-12)",Intertidal,NA,0.751,-0.326125828,NA,NA,NA,NA,NA,NA,NA,NA,USGS,Spring,NA,Bay
M10,SanPablo,A,2,a,2023-03-23,2023-04-21,2023,NA,NA,NA,NA,NA,NA,NA,NA,NA,NA,NA,NA,April,Ramped,South.facing,"Growth
(Months 10-12)",Intertidal,NA,0.751,-0.326125828,NA,NA,NA,NA,NA,NA,NA,NA,USGS,Spring,NA,Bay
M10,SanPablo,A,6,b,2023-03-23,2023-04-21,2023,7.51074739,NA,NA,NA,NA,NA,NA,NA,NA,NA,NA,NA,April,Ramped,South.facing,"Growth
(Months 10-12)",Intertidal,NA,0.889,-0.167542323,NA,NA,NA,NA,NA,NA,NA,NA,USGS,Spring,NA,Bay
M10,SanPablo,A,6,c,2023-03-23,2023-04-21,2023,11.61267998,NA,NA,NA,NA,NA,NA,NA,NA,NA,NA,NA,April,Ramped,South.facing,"Growth
(Months 10-12)",Intertidal,NA,0.889,-0.167542323,NA,NA,NA,NA,NA,NA,NA,NA,USGS,Spring,NA,Bay
M10,SanPablo,A,6,a,2023-03-23,2023-04-21,2023,4.486932319,NA,NA,NA,NA,NA,NA,NA,NA,NA,NA,NA,April,Ramped,South.facing,"Growth
(Months 10-12)",Intertidal,NA,0.889,-0.167542323,NA,NA,NA,NA,NA,NA,NA,NA,USGS,Spring,NA,Bay
M10,SanPablo,A,9,b,2023-03-23,2023-04-21,2023,5.308383352,NA,NA,NA,NA,NA,NA,NA,NA,NA,NA,NA,April,Ramped,South.facing,"Growth
(Months 10-12)",Intertidal,NA,NA,NA,NA,NA,NA,NA,NA,NA,NA,NA,USGS,Spring,NA,NA
M10,SanPablo,A,9,c,2023-03-23,2023-04-21,2023,3.159836481,NA,NA,NA,NA,NA,NA,NA,NA,NA,NA,NA,April,Ramped,South.facing,"Growth
(Months 10-12)",Intertidal,NA,NA,NA,NA,NA,NA,NA,NA,NA,NA,NA,USGS,Spring,NA,NA
M10,SanPablo,A,9,a,2023-03-23,2023-04-21,2023,NA,NA,NA,NA,NA,NA,NA,NA,NA,NA,NA,NA,April,Ramped,South.facing,"Growth
(Months 10-12)",Intertidal,NA,NA,NA,NA,NA,NA,NA,NA,NA,NA,NA,USGS,Spring,NA,NA
M10,SanPablo,A,12,b,2023-03-23,2023-04-21,2023,5.155211417,NA,NA,NA,NA,NA,NA,NA,NA,NA,NA,NA,April,Ramped,South.facing,"Growth
(Months 10-12)",Intertidal,NA,1.069,0.039305726,NA,NA,NA,NA,NA,NA,NA,NA,USGS,Spring,NA,Bay
M10,SanPablo,A,12,c,2023-03-23,2023-04-21,2023,NA,NA,NA,NA,NA,NA,NA,NA,NA,NA,NA,NA,April,Ramped,South.facing,"Growth
(Months 10-12)",Intertidal,NA,1.069,0.039305726,NA,NA,NA,NA,NA,NA,NA,NA,USGS,Spring,NA,Bay
M10,SanPablo,A,12,a,2023-03-23,2023-04-21,2023,NA,NA,NA,NA,NA,NA,NA,NA,NA,NA,NA,NA,April,Ramped,South.facing,"Growth
(Months 10-12)",Intertidal,NA,1.069,0.039305726,NA,NA,NA,NA,NA,NA,NA,NA,USGS,Spring,NA,Bay
M10,SanPablo,A,18,b,2023-03-23,2023-04-21,2023,NA,NA,NA,NA,NA,NA,NA,NA,NA,NA,NA,NA,April,Ramped,South.facing,"Growth
(Months 10-12)",Intertidal,NA,NA,NA,NA,NA,NA,NA,NA,NA,NA,NA,USGS,Spring,NA,NA
M10,SanPablo,A,18,c,2023-03-23,2023-04-21,2023,NA,NA,NA,NA,NA,NA,NA,NA,NA,NA,NA,NA,April,Ramped,South.facing,"Growth
(Months 10-12)",Intertidal,NA,NA,NA,NA,NA,NA,NA,NA,NA,NA,NA,USGS,Spring,NA,NA
M10,SanPablo,A,18,a,2023-03-23,2023-04-21,2023,NA,NA,NA,NA,NA,NA,NA,NA,NA,NA,NA,NA,April,Ramped,South.facing,"Growth
(Months 10-12)",Intertidal,NA,NA,NA,NA,NA,NA,NA,NA,NA,NA,NA,USGS,Spring,NA,NA
M10,SanPablo,A,24,b,2023-03-23,2023-04-21,2023,0.486189152,NA,NA,NA,NA,NA,NA,NA,NA,NA,NA,NA,April,Ramped,South.facing,"Growth
(Months 10-12)",Edge,NA,1.713,0.779362081,NA,NA,NA,NA,NA,NA,NA,NA,USGS,Spring,NA,Bay
M10,SanPablo,A,24,c,2023-03-23,2023-04-21,2023,NA,NA,NA,NA,NA,NA,NA,NA,NA,NA,NA,NA,April,Ramped,South.facing,"Growth
(Months 10-12)",Edge,NA,1.713,0.779362081,NA,NA,NA,NA,NA,NA,NA,NA,USGS,Spring,NA,Bay
M10,SanPablo,A,24,a,2023-03-23,2023-04-21,2023,NA,NA,NA,NA,NA,NA,NA,NA,NA,NA,NA,NA,April,Ramped,South.facing,"Growth
(Months 10-12)",Edge,NA,1.713,0.779362081,NA,NA,NA,NA,NA,NA,NA,NA,USGS,Spring,NA,Bay
M10,SanPablo,A,48,b,2023-03-23,2023-04-21,2023,0.338279331,NA,NA,NA,NA,NA,NA,NA,NA,NA,NA,NA,April,Ramped,South.facing,"Growth
(Months 10-12)",Platform,NA,2.01,1.120661362,NA,NA,NA,NA,NA,NA,NA,NA,USGS,Spring,1.670356208,Bay
M10,SanPablo,A,48,c,2023-03-23,2023-04-21,2023,0.202849319,NA,NA,NA,NA,NA,NA,NA,NA,NA,NA,NA,April,Ramped,South.facing,"Growth
(Months 10-12)",Platform,NA,2.01,1.120661362,NA,NA,NA,NA,NA,NA,NA,NA,USGS,Spring,3.279532967,Bay
M10,SanPablo,A,48,a,2023-03-23,2023-04-21,2023,0.19811814,NA,NA,NA,NA,NA,NA,NA,NA,NA,NA,NA,April,Ramped,South.facing,"Growth
(Months 10-12)",Platform,NA,2.01,1.120661362,NA,NA,NA,NA,NA,NA,NA,NA,USGS,Spring,NA,Bay
M10,SanPablo,A,72,b,2023-03-23,2023-04-21,2023,0.555913586,NA,NA,NA,NA,NA,NA,NA,NA,NA,NA,NA,April,Ramped,South.facing,"Growth
(Months 10-12)",Upland,NA,2.04,1.155136037,NA,NA,NA,NA,NA,NA,NA,NA,USGS,Spring,NA,Bay
M10,SanPablo,A,72,c,2023-03-23,2023-04-21,2023,0.420483574,NA,NA,NA,NA,NA,NA,NA,NA,NA,NA,NA,April,Ramped,South.facing,"Growth
(Months 10-12)",Upland,NA,2.04,1.155136037,NA,NA,NA,NA,NA,NA,NA,NA,USGS,Spring,NA,Bay
M10,SanPablo,A,72,a,2023-03-23,2023-04-21,2023,2.096503897,NA,NA,NA,NA,NA,NA,NA,NA,NA,NA,NA,April,Ramped,South.facing,"Growth
(Months 10-12)",Upland,NA,2.04,1.155136037,NA,NA,NA,NA,NA,NA,NA,NA,USGS,Spring,15.82826292,Bay
M10,SanPablo,A,150,b,2023-03-23,2023-04-21,2023,0.494408253,NA,NA,NA,NA,NA,NA,NA,NA,NA,NA,NA,April,Ramped,South.facing,"Growth
(Months 10-12)",Upland,NA,1.974,1.079291752,NA,NA,NA,NA,NA,NA,NA,NA,USGS,Spring,NA,Bay
M10,SanPablo,A,150,c,2023-03-23,2023-04-21,2023,3.784943567,NA,NA,NA,NA,NA,NA,NA,NA,NA,NA,NA,April,Ramped,South.facing,"Growth
(Months 10-12)",Upland,NA,1.974,1.079291752,NA,NA,NA,NA,NA,NA,NA,NA,USGS,Spring,NA,Bay
M10,SanPablo,A,150,a,2023-03-23,2023-04-21,2023,3.770750028,NA,NA,NA,NA,NA,NA,NA,NA,NA,NA,NA,April,Ramped,South.facing,"Growth
(Months 10-12)",Upland,NA,1.974,1.079291752,NA,NA,NA,NA,NA,NA,NA,NA,USGS,Spring,NA,Bay
M10,SanPablo,B,0.5,b,2023-03-23,2023-04-21,2023,83.8583817,NA,NA,NA,NA,NA,NA,NA,NA,NA,NA,NA,April,Ramped,South.facing,"Growth
(Months 10-12)",Intertidal,NA,0.774,-0.299695244,NA,NA,NA,NA,NA,NA,NA,NA,USGS,Spring,NA,Bay
M10,SanPablo,B,0.5,c,2023-03-23,2023-04-21,2023,NA,NA,NA,NA,NA,NA,NA,NA,NA,NA,NA,NA,April,Ramped,South.facing,"Growth
(Months 10-12)",Intertidal,NA,0.774,-0.299695244,NA,NA,NA,NA,NA,NA,NA,NA,USGS,Spring,NA,Bay
M10,SanPablo,B,0.5,a,2023-03-23,2023-04-21,2023,85.68165999,NA,NA,NA,NA,NA,NA,NA,NA,NA,NA,NA,April,Ramped,South.facing,"Growth
(Months 10-12)",Intertidal,NA,0.774,-0.299695244,NA,NA,NA,NA,NA,NA,NA,NA,USGS,Spring,NA,Bay
M10,SanPablo,B,2,b,2023-03-23,2023-04-21,2023,NA,NA,NA,NA,NA,NA,NA,NA,NA,NA,NA,NA,April,Ramped,South.facing,"Growth
(Months 10-12)",Intertidal,NA,0.805,-0.264071413,NA,NA,NA,NA,NA,NA,NA,NA,USGS,Spring,NA,Bay
M10,SanPablo,B,2,c,2023-03-23,2023-04-21,2023,NA,NA,NA,NA,NA,NA,NA,NA,NA,NA,NA,NA,April,Ramped,South.facing,"Growth
(Months 10-12)",Intertidal,NA,0.805,-0.264071413,NA,NA,NA,NA,NA,NA,NA,NA,USGS,Spring,NA,Bay
M10,SanPablo,B,2,a,2023-03-23,2023-04-21,2023,94.20665397,NA,NA,NA,NA,NA,NA,NA,NA,NA,NA,NA,April,Ramped,South.facing,"Growth
(Months 10-12)",Intertidal,NA,0.805,-0.264071413,NA,NA,NA,NA,NA,NA,NA,NA,USGS,Spring,NA,Bay
M10,SanPablo,B,6,b,2023-03-23,2023-04-21,2023,NA,NA,NA,NA,NA,NA,NA,NA,NA,NA,NA,NA,April,Ramped,South.facing,"Growth
(Months 10-12)",Intertidal,NA,0.837,-0.227298427,NA,NA,NA,NA,NA,NA,NA,NA,USGS,Spring,NA,Bay
M10,SanPablo,B,6,c,2023-03-23,2023-04-21,2023,49.36985765,NA,NA,NA,NA,NA,NA,NA,NA,NA,NA,NA,April,Ramped,South.facing,"Growth
(Months 10-12)",Intertidal,NA,0.837,-0.227298427,NA,NA,NA,NA,NA,NA,NA,NA,USGS,Spring,NA,Bay
M10,SanPablo,B,6,a,2023-03-23,2023-04-21,2023,30.31739797,NA,NA,NA,NA,NA,NA,NA,NA,NA,NA,NA,April,Ramped,South.facing,"Growth
(Months 10-12)",Intertidal,NA,0.837,-0.227298427,NA,NA,NA,NA,NA,NA,NA,NA,USGS,Spring,NA,Bay
M10,SanPablo,B,9,b,2023-03-23,2023-04-21,2023,3.781395182,NA,NA,NA,NA,NA,NA,NA,NA,NA,NA,NA,April,Ramped,South.facing,"Growth
(Months 10-12)",Intertidal,NA,NA,NA,NA,NA,NA,NA,NA,NA,NA,NA,USGS,Spring,NA,NA
M10,SanPablo,B,9,c,2023-03-23,2023-04-21,2023,5.109673815,NA,NA,NA,NA,NA,NA,NA,NA,NA,NA,NA,April,Ramped,South.facing,"Growth
(Months 10-12)",Intertidal,NA,NA,NA,NA,NA,NA,NA,NA,NA,NA,NA,USGS,Spring,NA,NA
M10,SanPablo,B,9,a,2023-03-23,2023-04-21,2023,4.006717604,NA,NA,NA,NA,NA,NA,NA,NA,NA,NA,NA,April,Ramped,South.facing,"Growth
(Months 10-12)",Intertidal,NA,NA,NA,NA,NA,NA,NA,NA,NA,NA,NA,USGS,Spring,NA,NA
M10,SanPablo,B,12,b,2023-03-23,2023-04-21,2023,5.125641546,NA,NA,NA,NA,NA,NA,NA,NA,NA,NA,NA,April,Ramped,South.facing,"Growth
(Months 10-12)",Intertidal,NA,1.042,0.008278519,NA,NA,NA,NA,NA,NA,NA,NA,USGS,Spring,NA,Bay
M10,SanPablo,B,12,c,2023-03-23,2023-04-21,2023,2.361449947,NA,NA,NA,NA,NA,NA,NA,NA,NA,NA,NA,April,Ramped,South.facing,"Growth
(Months 10-12)",Intertidal,NA,1.042,0.008278519,NA,NA,NA,NA,NA,NA,NA,NA,USGS,Spring,NA,Bay
M10,SanPablo,B,12,a,2023-03-23,2023-04-21,2023,4.23558841,NA,NA,NA,NA,NA,NA,NA,NA,NA,NA,NA,April,Ramped,South.facing,"Growth
(Months 10-12)",Intertidal,NA,1.042,0.008278519,NA,NA,NA,NA,NA,NA,NA,NA,USGS,Spring,NA,Bay
M10,SanPablo,B,18,b,2023-03-23,2023-04-21,2023,7.256446494,NA,NA,NA,NA,NA,NA,NA,NA,NA,NA,NA,April,Ramped,South.facing,"Growth
(Months 10-12)",Intertidal,NA,NA,NA,NA,NA,NA,NA,NA,NA,NA,NA,USGS,Spring,NA,NA
M10,SanPablo,B,18,c,2023-03-23,2023-04-21,2023,3.224298801,NA,NA,NA,NA,NA,NA,NA,NA,NA,NA,NA,April,Ramped,South.facing,"Growth
(Months 10-12)",Intertidal,NA,NA,NA,NA,NA,NA,NA,NA,NA,NA,NA,USGS,Spring,NA,NA
M10,SanPablo,B,18,a,2023-03-23,2023-04-21,2023,NA,NA,NA,NA,NA,NA,NA,NA,NA,NA,NA,NA,April,Ramped,South.facing,"Growth
(Months 10-12)",Intertidal,NA,NA,NA,NA,NA,NA,NA,NA,NA,NA,NA,USGS,Spring,NA,NA
M10,SanPablo,B,24,b,2023-03-23,2023-04-21,2023,6.014511886,NA,NA,NA,NA,NA,NA,NA,NA,NA,NA,NA,April,Ramped,South.facing,"Growth
(Months 10-12)",Edge,NA,1.563,0.606988706,NA,NA,NA,NA,NA,NA,NA,NA,USGS,Spring,NA,Bay
M10,SanPablo,B,24,c,2023-03-23,2023-04-21,2023,2.313546755,NA,NA,NA,NA,NA,NA,NA,NA,NA,NA,NA,April,Ramped,South.facing,"Growth
(Months 10-12)",Edge,NA,1.563,0.606988706,NA,NA,NA,NA,NA,NA,NA,NA,USGS,Spring,3.775563713,Bay
M10,SanPablo,B,24,a,2023-03-23,2023-04-21,2023,NA,NA,NA,NA,NA,NA,NA,NA,NA,NA,NA,NA,April,Ramped,South.facing,"Growth
(Months 10-12)",Edge,NA,1.563,0.606988706,NA,NA,NA,NA,NA,NA,NA,NA,USGS,Spring,NA,Bay
M10,SanPablo,B,48,b,2023-03-23,2023-04-21,2023,0.473117946,NA,NA,NA,NA,NA,NA,NA,NA,NA,NA,NA,April,Ramped,South.facing,"Growth
(Months 10-12)",Platform,NA,1.978,1.083888376,NA,NA,NA,NA,NA,NA,NA,NA,USGS,Spring,NA,Bay
M10,SanPablo,B,48,c,2023-03-23,2023-04-21,2023,0.603816778,NA,NA,NA,NA,NA,NA,NA,NA,NA,NA,NA,April,Ramped,South.facing,"Growth
(Months 10-12)",Platform,NA,1.978,1.083888376,NA,NA,NA,NA,NA,NA,NA,NA,USGS,Spring,12.44722175,Bay
M10,SanPablo,B,48,a,2023-03-23,2023-04-21,2023,0.868171431,NA,NA,NA,NA,NA,NA,NA,NA,NA,NA,NA,April,Ramped,South.facing,"Growth
(Months 10-12)",Platform,NA,1.978,1.083888376,NA,NA,NA,NA,NA,NA,NA,NA,USGS,Spring,NA,Bay
M10,SanPablo,B,72,b,2023-03-23,2023-04-21,2023,3.878975758,NA,NA,NA,NA,NA,NA,NA,NA,NA,NA,NA,April,Ramped,South.facing,"Growth
(Months 10-12)",Upland,NA,2.012,1.122959674,NA,NA,NA,NA,NA,NA,NA,NA,USGS,Spring,NA,Bay
M10,SanPablo,B,72,c,2023-03-23,2023-04-21,2023,2.527041228,NA,NA,NA,NA,NA,NA,NA,NA,NA,NA,NA,April,Ramped,South.facing,"Growth
(Months 10-12)",Upland,NA,2.012,1.122959674,NA,NA,NA,NA,NA,NA,NA,NA,USGS,Spring,3.16275764,Bay
M10,SanPablo,B,72,a,2023-03-23,2023-04-21,2023,5.372254275,NA,NA,NA,NA,NA,NA,NA,NA,NA,NA,NA,April,Ramped,South.facing,"Growth
(Months 10-12)",Upland,NA,2.012,1.122959674,NA,NA,NA,NA,NA,NA,NA,NA,USGS,Spring,NA,Bay
M10,SanPablo,B,150,b,2023-03-23,2023-04-21,2023,0.354838459,NA,NA,NA,NA,NA,NA,NA,NA,NA,NA,NA,April,Ramped,South.facing,"Growth
(Months 10-12)",Upland,NA,2.014,1.125257985,NA,NA,NA,NA,NA,NA,NA,NA,USGS,Spring,NA,Bay
M10,SanPablo,B,150,c,2023-03-23,2023-04-21,2023,0.802526316,NA,NA,NA,NA,NA,NA,NA,NA,NA,NA,NA,April,Ramped,South.facing,"Growth
(Months 10-12)",Upland,NA,2.014,1.125257985,NA,NA,NA,NA,NA,NA,NA,NA,USGS,Spring,NA,Bay
M10,SanPablo,B,150,a,2023-03-23,2023-04-21,2023,0.311666447,NA,NA,NA,NA,NA,NA,NA,NA,NA,NA,NA,April,Ramped,South.facing,"Growth
(Months 10-12)",Upland,NA,2.014,1.125257985,NA,NA,NA,NA,NA,NA,NA,NA,USGS,Spring,NA,Bay
M11,CorteMadera,A,0.5,a,2023-04-20,2023-05-18,2023,NA,NA,NA,NA,NA,NA,NA,NA,NA,NA,NA,NA,May,Scarped,East.facing,"Growth
(Months 10-12)",Edge,NA,1.598,0.69919351,NA,NA,NA,NA,NA,NA,NA,NA,USGS,Spring,NA,Bay
M11,CorteMadera,A,0.5,b,2023-04-20,2023-05-18,2023,NA,NA,NA,NA,NA,NA,NA,NA,NA,NA,NA,NA,May,Scarped,East.facing,"Growth
(Months 10-12)",Edge,NA,1.598,0.69919351,NA,NA,NA,NA,NA,NA,NA,NA,USGS,Spring,NA,Bay
M11,CorteMadera,A,0.5,c,2023-04-20,2023-05-18,2023,NA,NA,NA,NA,NA,NA,NA,NA,NA,NA,NA,NA,May,Scarped,East.facing,"Growth
(Months 10-12)",Edge,NA,1.598,0.69919351,NA,NA,NA,NA,NA,NA,NA,NA,USGS,Spring,NA,Bay
M11,CorteMadera,A,2,a,2023-04-20,2023-05-18,2023,0.553785837,NA,NA,NA,NA,NA,NA,NA,NA,NA,NA,NA,May,Scarped,East.facing,"Growth
(Months 10-12)",Edge,NA,1.684,0.801794321,NA,NA,NA,NA,NA,NA,NA,NA,USGS,Spring,NA,Bay
M11,CorteMadera,A,2,b,2023-04-20,2023-05-18,2023,0.282406273,NA,NA,NA,NA,NA,NA,NA,NA,NA,NA,NA,May,Scarped,East.facing,"Growth
(Months 10-12)",Edge,NA,1.684,0.801794321,NA,NA,NA,NA,NA,NA,NA,NA,USGS,Spring,NA,Bay
M11,CorteMadera,A,2,c,2023-04-20,2023-05-18,2023,NA,NA,NA,NA,NA,NA,NA,NA,NA,NA,NA,NA,May,Scarped,East.facing,"Growth
(Months 10-12)",Edge,NA,1.684,0.801794321,NA,NA,NA,NA,NA,NA,NA,NA,USGS,Spring,5.850487541,Bay
M11,CorteMadera,A,6,a,2023-04-20,2023-05-18,2023,1.393040921,NA,NA,NA,NA,NA,NA,NA,NA,NA,NA,NA,May,Scarped,East.facing,"Growth
(Months 10-12)",Edge,NA,1.691,0.81014555,NA,NA,NA,NA,NA,NA,NA,NA,USGS,Spring,6.953734671,Bay
M11,CorteMadera,A,6,b,2023-04-20,2023-05-18,2023,1.310340603,NA,NA,NA,NA,NA,NA,NA,NA,NA,NA,NA,May,Scarped,East.facing,"Growth
(Months 10-12)",Edge,NA,1.691,0.81014555,NA,NA,NA,NA,NA,NA,NA,NA,USGS,Spring,NA,Bay
M11,CorteMadera,A,6,c,2023-04-20,2023-05-18,2023,2.642122029,NA,NA,NA,NA,NA,NA,NA,NA,NA,NA,NA,May,Scarped,East.facing,"Growth
(Months 10-12)",Edge,NA,1.691,0.81014555,NA,NA,NA,NA,NA,NA,NA,NA,USGS,Spring,NA,Bay
M11,CorteMadera,A,12,a,2023-04-20,2023-05-18,2023,1.793065425,NA,NA,NA,NA,NA,NA,NA,NA,NA,NA,NA,May,Scarped,East.facing,"Growth
(Months 10-12)",Platform,NA,1.705,0.826848008,NA,NA,NA,NA,NA,NA,NA,NA,USGS,Spring,NA,Bay
M11,CorteMadera,A,12,b,2023-04-20,2023-05-18,2023,2.386669934,NA,NA,NA,NA,NA,NA,NA,NA,NA,NA,NA,May,Scarped,East.facing,"Growth
(Months 10-12)",Platform,NA,1.705,0.826848008,NA,NA,NA,NA,NA,NA,NA,NA,USGS,Spring,NA,Bay
M11,CorteMadera,A,12,c,2023-04-20,2023-05-18,2023,1.905782896,NA,NA,NA,NA,NA,NA,NA,NA,NA,NA,NA,May,Scarped,East.facing,"Growth
(Months 10-12)",Platform,NA,1.705,0.826848008,NA,NA,NA,NA,NA,NA,NA,NA,USGS,Spring,8.551992225,Bay
M11,CorteMadera,A,18,a,2023-04-20,2023-05-18,2023,1.513722127,NA,NA,NA,NA,NA,NA,NA,NA,NA,NA,NA,May,Scarped,East.facing,"Growth
(Months 10-12)",Platform,NA,NA,NA,NA,NA,NA,NA,NA,NA,NA,NA,USGS,Spring,9.105581708,NA
M11,CorteMadera,A,18,b,2023-04-20,2023-05-18,2023,1.426733644,NA,NA,NA,NA,NA,NA,NA,NA,NA,NA,NA,May,Scarped,East.facing,"Growth
(Months 10-12)",Platform,NA,NA,NA,NA,NA,NA,NA,NA,NA,NA,NA,USGS,Spring,NA,NA
M11,CorteMadera,A,18,c,2023-04-20,2023-05-18,2023,1.312178388,NA,NA,NA,NA,NA,NA,NA,NA,NA,NA,NA,May,Scarped,East.facing,"Growth
(Months 10-12)",Platform,NA,NA,NA,NA,NA,NA,NA,NA,NA,NA,NA,USGS,Spring,NA,NA
M11,CorteMadera,A,24,a,2023-04-20,2023-05-18,2023,3.303724577,NA,NA,NA,NA,NA,NA,NA,NA,NA,NA,NA,May,Scarped,East.facing,"Growth
(Months 10-12)",Platform,NA,1.664,0.777933667,NA,NA,NA,NA,NA,NA,NA,NA,USGS,Spring,NA,Bay
M11,CorteMadera,A,24,b,2023-04-20,2023-05-18,2023,2.504288165,NA,NA,NA,NA,NA,NA,NA,NA,NA,NA,NA,May,Scarped,East.facing,"Growth
(Months 10-12)",Platform,NA,1.664,0.777933667,NA,NA,NA,NA,NA,NA,NA,NA,USGS,Spring,NA,Bay
M11,CorteMadera,A,24,c,2023-04-20,2023-05-18,2023,2.041778976,NA,NA,NA,NA,NA,NA,NA,NA,NA,NA,NA,May,Scarped,East.facing,"Growth
(Months 10-12)",Platform,NA,1.664,0.777933667,NA,NA,NA,NA,NA,NA,NA,NA,USGS,Spring,7.416879795,Bay
M11,CorteMadera,A,30,a,2023-04-20,2023-05-18,2023,0.839867679,NA,NA,NA,NA,NA,NA,NA,NA,NA,NA,NA,May,Scarped,East.facing,"Growth
(Months 10-12)",Upland,NA,NA,NA,NA,NA,NA,NA,NA,NA,NA,NA,USGS,Spring,7.01754386,NA
M11,CorteMadera,A,30,b,2023-04-20,2023-05-18,2023,2.085273217,NA,NA,NA,NA,NA,NA,NA,NA,NA,NA,NA,May,Scarped,East.facing,"Growth
(Months 10-12)",Upland,NA,NA,NA,NA,NA,NA,NA,NA,NA,NA,NA,USGS,Spring,NA,NA
M11,CorteMadera,A,30,c,2023-04-20,2023-05-18,2023,2.278853222,NA,NA,NA,NA,NA,NA,NA,NA,NA,NA,NA,May,Scarped,East.facing,"Growth
(Months 10-12)",Upland,NA,NA,NA,NA,NA,NA,NA,NA,NA,NA,NA,USGS,Spring,NA,NA
M11,CorteMadera,A,48,a,2023-04-20,2023-05-18,2023,2.397696643,NA,NA,NA,NA,NA,NA,NA,NA,NA,NA,NA,May,Scarped,East.facing,"Growth
(Months 10-12)",Upland,NA,1.724,0.849515629,NA,NA,NA,NA,NA,NA,NA,NA,USGS,Spring,NA,Bay
M11,CorteMadera,A,48,b,2023-04-20,2023-05-18,2023,1.22212693,NA,NA,NA,NA,NA,NA,NA,NA,NA,NA,NA,May,Scarped,East.facing,"Growth
(Months 10-12)",Upland,NA,1.724,0.849515629,NA,NA,NA,NA,NA,NA,NA,NA,USGS,Spring,6.954022989,Bay
M11,CorteMadera,A,48,c,2023-04-20,2023-05-18,2023,1.7354815,NA,NA,NA,NA,NA,NA,NA,NA,NA,NA,NA,May,Scarped,East.facing,"Growth
(Months 10-12)",Upland,NA,1.724,0.849515629,NA,NA,NA,NA,NA,NA,NA,NA,USGS,Spring,NA,Bay
M11,CorteMadera,B,0.5,a,2023-04-20,2023-05-18,2023,NA,NA,NA,NA,NA,NA,NA,NA,NA,NA,NA,NA,May,Scarped,East.facing,"Growth
(Months 10-12)",Edge,NA,1.576,0.672946791,NA,NA,NA,NA,NA,NA,NA,NA,USGS,Spring,NA,Bay
M11,CorteMadera,B,0.5,b,2023-04-20,2023-05-18,2023,NA,NA,NA,NA,NA,NA,NA,NA,NA,NA,NA,NA,May,Scarped,East.facing,"Growth
(Months 10-12)",Edge,NA,1.576,0.672946791,NA,NA,NA,NA,NA,NA,NA,NA,USGS,Spring,NA,Bay
M11,CorteMadera,B,0.5,c,2023-04-20,2023-05-18,2023,NA,NA,NA,NA,NA,NA,NA,NA,NA,NA,NA,NA,May,Scarped,East.facing,"Growth
(Months 10-12)",Edge,NA,1.576,0.672946791,NA,NA,NA,NA,NA,NA,NA,NA,USGS,Spring,NA,Bay
M11,CorteMadera,B,2,a,2023-04-20,2023-05-18,2023,NA,NA,NA,NA,NA,NA,NA,NA,NA,NA,NA,NA,May,Scarped,East.facing,"Growth
(Months 10-12)",Edge,NA,1.605,0.707544739,NA,NA,NA,NA,NA,NA,NA,NA,USGS,Spring,NA,Bay
M11,CorteMadera,B,2,b,2023-04-20,2023-05-18,2023,NA,NA,NA,NA,NA,NA,NA,NA,NA,NA,NA,NA,May,Scarped,East.facing,"Growth
(Months 10-12)",Edge,NA,1.605,0.707544739,NA,NA,NA,NA,NA,NA,NA,NA,USGS,Spring,NA,Bay
M11,CorteMadera,B,2,c,2023-04-20,2023-05-18,2023,NA,NA,NA,NA,NA,NA,NA,NA,NA,NA,NA,NA,May,Scarped,East.facing,"Growth
(Months 10-12)",Edge,NA,1.605,0.707544739,NA,NA,NA,NA,NA,NA,NA,NA,USGS,Spring,NA,Bay
M11,CorteMadera,B,6,a,2023-04-20,2023-05-18,2023,2.041166381,NA,NA,NA,NA,NA,NA,NA,NA,NA,NA,NA,May,Scarped,East.facing,"Growth
(Months 10-12)",Edge,NA,1.672,0.787477929,NA,NA,NA,NA,NA,NA,NA,NA,USGS,Spring,6.733841239,Bay
M11,CorteMadera,B,6,b,2023-04-20,2023-05-18,2023,1.890468023,NA,NA,NA,NA,NA,NA,NA,NA,NA,NA,NA,May,Scarped,East.facing,"Growth
(Months 10-12)",Edge,NA,1.672,0.787477929,NA,NA,NA,NA,NA,NA,NA,NA,USGS,Spring,NA,Bay
M11,CorteMadera,B,6,c,2023-04-20,2023-05-18,2023,2.362778731,NA,NA,NA,NA,NA,NA,NA,NA,NA,NA,NA,May,Scarped,East.facing,"Growth
(Months 10-12)",Edge,NA,1.672,0.787477929,NA,NA,NA,NA,NA,NA,NA,NA,USGS,Spring,NA,Bay
M11,CorteMadera,B,12,a,2023-04-20,2023-05-18,2023,1.204974271,NA,NA,NA,NA,NA,NA,NA,NA,NA,NA,NA,May,Scarped,East.facing,"Growth
(Months 10-12)",Platform,NA,1.664,0.777933667,NA,NA,NA,NA,NA,NA,NA,NA,USGS,Spring,NA,Bay
M11,CorteMadera,B,12,b,2023-04-20,2023-05-18,2023,1.529037001,NA,NA,NA,NA,NA,NA,NA,NA,NA,NA,NA,May,Scarped,East.facing,"Growth
(Months 10-12)",Platform,NA,1.664,0.777933667,NA,NA,NA,NA,NA,NA,NA,NA,USGS,Spring,6.61234304,Bay
M11,CorteMadera,B,12,c,2023-04-20,2023-05-18,2023,1.569468268,NA,NA,NA,NA,NA,NA,NA,NA,NA,NA,NA,May,Scarped,East.facing,"Growth
(Months 10-12)",Platform,NA,1.664,0.777933667,NA,NA,NA,NA,NA,NA,NA,NA,USGS,Spring,NA,Bay
M11,CorteMadera,B,18,a,2023-04-20,2023-05-18,2023,4.984072531,NA,NA,NA,NA,NA,NA,NA,NA,NA,NA,NA,May,Scarped,East.facing,"Growth
(Months 10-12)",Platform,NA,NA,NA,NA,NA,NA,NA,NA,NA,NA,NA,USGS,Spring,NA,NA
M11,CorteMadera,B,18,b,2023-04-20,2023-05-18,2023,2.866331781,NA,NA,NA,NA,NA,NA,NA,NA,NA,NA,NA,May,Scarped,East.facing,"Growth
(Months 10-12)",Platform,NA,NA,NA,NA,NA,NA,NA,NA,NA,NA,NA,USGS,Spring,10.31362468,NA
M11,CorteMadera,B,18,c,2023-04-20,2023-05-18,2023,1.054275913,NA,NA,NA,NA,NA,NA,NA,NA,NA,NA,NA,May,Scarped,East.facing,"Growth
(Months 10-12)",Platform,NA,NA,NA,NA,NA,NA,NA,NA,NA,NA,NA,USGS,Spring,NA,NA
M11,CorteMadera,B,24,a,2023-04-20,2023-05-18,2023,4.479294291,NA,NA,NA,NA,NA,NA,NA,NA,NA,NA,NA,May,Scarped,East.facing,"Growth
(Months 10-12)",Platform,NA,1.642,0.751686948,NA,NA,NA,NA,NA,NA,NA,NA,USGS,Spring,7.165940705,Bay
M11,CorteMadera,B,24,b,2023-04-20,2023-05-18,2023,5.76819407,NA,NA,NA,NA,NA,NA,NA,NA,NA,NA,NA,May,Scarped,East.facing,"Growth
(Months 10-12)",Platform,NA,1.642,0.751686948,NA,NA,NA,NA,NA,NA,NA,NA,USGS,Spring,11.53637718,Bay
M11,CorteMadera,B,24,c,2023-04-20,2023-05-18,2023,5.944008821,NA,NA,NA,NA,NA,NA,NA,NA,NA,NA,NA,May,Scarped,East.facing,"Growth
(Months 10-12)",Platform,NA,1.642,0.751686948,NA,NA,NA,NA,NA,NA,NA,NA,USGS,Spring,NA,Bay
M11,CorteMadera,B,30,a,2023-04-20,2023-05-18,2023,0.953810341,NA,NA,NA,NA,NA,NA,NA,NA,NA,NA,NA,May,Scarped,East.facing,"Growth
(Months 10-12)",Upland,NA,NA,NA,NA,NA,NA,NA,NA,NA,NA,NA,USGS,Spring,NA,NA
M11,CorteMadera,B,30,b,2023-04-20,2023-05-18,2023,0.95993629,NA,NA,NA,NA,NA,NA,NA,NA,NA,NA,NA,May,Scarped,East.facing,"Growth
(Months 10-12)",Upland,NA,NA,NA,NA,NA,NA,NA,NA,NA,NA,NA,USGS,Spring,8.261199696,NA
M11,CorteMadera,B,30,c,2023-04-20,2023-05-18,2023,0.738176917,NA,NA,NA,NA,NA,NA,NA,NA,NA,NA,NA,May,Scarped,East.facing,"Growth
(Months 10-12)",Upland,NA,NA,NA,NA,NA,NA,NA,NA,NA,NA,NA,USGS,Spring,NA,NA
M11,CorteMadera,B,48,a,2023-04-20,2023-05-18,2023,0.655476599,NA,NA,NA,NA,NA,NA,NA,NA,NA,NA,NA,May,Scarped,East.facing,"Growth
(Months 10-12)",Upland,NA,1.692,0.811338583,NA,NA,NA,NA,NA,NA,NA,NA,USGS,Spring,NA,Bay
M11,CorteMadera,B,48,b,2023-04-20,2023-05-18,2023,1.008943886,NA,NA,NA,NA,NA,NA,NA,NA,NA,NA,NA,May,Scarped,East.facing,"Growth
(Months 10-12)",Upland,NA,1.692,0.811338583,NA,NA,NA,NA,NA,NA,NA,NA,USGS,Spring,NA,Bay
M11,CorteMadera,B,48,c,2023-04-20,2023-05-18,2023,0.782283754,NA,NA,NA,NA,NA,NA,NA,NA,NA,NA,NA,May,Scarped,East.facing,"Growth
(Months 10-12)",Upland,NA,1.692,0.811338583,NA,NA,NA,NA,NA,NA,NA,NA,USGS,Spring,4.843799306,Bay
M11,SanPablo,A,0.5,b,2023-04-21,2023-05-19,2023,111.787738,NA,NA,NA,NA,NA,NA,NA,NA,NA,NA,NA,May,Ramped,South.facing,"Growth
(Months 10-12)",Intertidal,NA,0.735,-0.344512321,NA,NA,NA,NA,NA,NA,NA,NA,USGS,Spring,NA,Bay
M11,SanPablo,A,0.5,c,2023-04-21,2023-05-19,2023,97.68143071,NA,NA,NA,NA,NA,NA,NA,NA,NA,NA,NA,May,Ramped,South.facing,"Growth
(Months 10-12)",Intertidal,NA,0.735,-0.344512321,NA,NA,NA,NA,NA,NA,NA,NA,USGS,Spring,NA,Bay
M11,SanPablo,A,0.5,a,2023-04-21,2023-05-19,2023,115.9779789,NA,NA,NA,NA,NA,NA,NA,NA,NA,NA,NA,May,Ramped,South.facing,"Growth
(Months 10-12)",Intertidal,NA,0.735,-0.344512321,NA,NA,NA,NA,NA,NA,NA,NA,USGS,Spring,NA,Bay
M11,SanPablo,A,2,b,2023-04-21,2023-05-19,2023,17.37286985,NA,NA,NA,NA,NA,NA,NA,NA,NA,NA,NA,May,Ramped,South.facing,"Growth
(Months 10-12)",Intertidal,NA,0.751,-0.326125828,NA,NA,NA,NA,NA,NA,NA,NA,USGS,Spring,NA,Bay
M11,SanPablo,A,2,c,2023-04-21,2023-05-19,2023,23.92069549,NA,NA,NA,NA,NA,NA,NA,NA,NA,NA,NA,May,Ramped,South.facing,"Growth
(Months 10-12)",Intertidal,NA,0.751,-0.326125828,NA,NA,NA,NA,NA,NA,NA,NA,USGS,Spring,NA,Bay
M11,SanPablo,A,2,a,2023-04-21,2023-05-19,2023,9.289459653,NA,NA,NA,NA,NA,NA,NA,NA,NA,NA,NA,May,Ramped,South.facing,"Growth
(Months 10-12)",Intertidal,NA,0.751,-0.326125828,NA,NA,NA,NA,NA,NA,NA,NA,USGS,Spring,NA,Bay
M11,SanPablo,A,6,b,2023-04-21,2023-05-19,2023,2.72203341,NA,NA,NA,NA,NA,NA,NA,NA,NA,NA,NA,May,Ramped,South.facing,"Growth
(Months 10-12)",Intertidal,NA,0.889,-0.167542323,NA,NA,NA,NA,NA,NA,NA,NA,USGS,Spring,NA,Bay
M11,SanPablo,A,6,c,2023-04-21,2023-05-19,2023,3.615698294,NA,NA,NA,NA,NA,NA,NA,NA,NA,NA,NA,May,Ramped,South.facing,"Growth
(Months 10-12)",Intertidal,NA,0.889,-0.167542323,NA,NA,NA,NA,NA,NA,NA,NA,USGS,Spring,NA,Bay
M11,SanPablo,A,6,a,2023-04-21,2023-05-19,2023,9.157155599,NA,NA,NA,NA,NA,NA,NA,NA,NA,NA,NA,May,Ramped,South.facing,"Growth
(Months 10-12)",Intertidal,NA,0.889,-0.167542323,NA,NA,NA,NA,NA,NA,NA,NA,USGS,Spring,NA,Bay
M11,SanPablo,A,9,b,2023-04-21,2023-05-19,2023,NA,NA,NA,NA,NA,NA,NA,NA,NA,NA,NA,NA,May,Ramped,South.facing,"Growth
(Months 10-12)",Intertidal,NA,NA,NA,NA,NA,NA,NA,NA,NA,NA,NA,USGS,Spring,NA,NA
M11,SanPablo,A,9,c,2023-04-21,2023-05-19,2023,NA,NA,NA,NA,NA,NA,NA,NA,NA,NA,NA,NA,May,Ramped,South.facing,"Growth
(Months 10-12)",Intertidal,NA,NA,NA,NA,NA,NA,NA,NA,NA,NA,NA,USGS,Spring,NA,NA
M11,SanPablo,A,9,a,2023-04-21,2023-05-19,2023,5.479592909,NA,NA,NA,NA,NA,NA,NA,NA,NA,NA,NA,May,Ramped,South.facing,"Growth
(Months 10-12)",Intertidal,NA,NA,NA,NA,NA,NA,NA,NA,NA,NA,NA,USGS,Spring,NA,NA
M11,SanPablo,A,12,b,2023-04-21,2023-05-19,2023,NA,NA,NA,NA,NA,NA,NA,NA,NA,NA,NA,NA,May,Ramped,South.facing,"Growth
(Months 10-12)",Intertidal,NA,1.069,0.039305726,NA,NA,NA,NA,NA,NA,NA,NA,USGS,Spring,NA,Bay
M11,SanPablo,A,12,c,2023-04-21,2023-05-19,2023,NA,NA,NA,NA,NA,NA,NA,NA,NA,NA,NA,NA,May,Ramped,South.facing,"Growth
(Months 10-12)",Intertidal,NA,1.069,0.039305726,NA,NA,NA,NA,NA,NA,NA,NA,USGS,Spring,NA,Bay
M11,SanPablo,A,12,a,2023-04-21,2023-05-19,2023,3.480944165,NA,NA,NA,NA,NA,NA,NA,NA,NA,NA,NA,May,Ramped,South.facing,"Growth
(Months 10-12)",Intertidal,NA,1.069,0.039305726,NA,NA,NA,NA,NA,NA,NA,NA,USGS,Spring,NA,Bay
M11,SanPablo,A,18,b,2023-04-21,2023-05-19,2023,NA,NA,NA,NA,NA,NA,NA,NA,NA,NA,NA,NA,May,Ramped,South.facing,"Growth
(Months 10-12)",Intertidal,NA,NA,NA,NA,NA,NA,NA,NA,NA,NA,NA,USGS,Spring,NA,NA
M11,SanPablo,A,18,c,2023-04-21,2023-05-19,2023,NA,NA,NA,NA,NA,NA,NA,NA,NA,NA,NA,NA,May,Ramped,South.facing,"Growth
(Months 10-12)",Intertidal,NA,NA,NA,NA,NA,NA,NA,NA,NA,NA,NA,USGS,Spring,NA,NA
M11,SanPablo,A,18,a,2023-04-21,2023-05-19,2023,NA,NA,NA,NA,NA,NA,NA,NA,NA,NA,NA,NA,May,Ramped,South.facing,"Growth
(Months 10-12)",Intertidal,NA,NA,NA,NA,NA,NA,NA,NA,NA,NA,NA,USGS,Spring,NA,NA
M11,SanPablo,A,24,b,2023-04-21,2023-05-19,2023,NA,NA,NA,NA,NA,NA,NA,NA,NA,NA,NA,NA,May,Ramped,South.facing,"Growth
(Months 10-12)",Edge,NA,1.713,0.779362081,NA,NA,NA,NA,NA,NA,NA,NA,USGS,Spring,NA,Bay
M11,SanPablo,A,24,c,2023-04-21,2023-05-19,2023,NA,NA,NA,NA,NA,NA,NA,NA,NA,NA,NA,NA,May,Ramped,South.facing,"Growth
(Months 10-12)",Edge,NA,1.713,0.779362081,NA,NA,NA,NA,NA,NA,NA,NA,USGS,Spring,NA,Bay
M11,SanPablo,A,24,a,2023-04-21,2023-05-19,2023,NA,NA,NA,NA,NA,NA,NA,NA,NA,NA,NA,NA,May,Ramped,South.facing,"Growth
(Months 10-12)",Edge,NA,1.713,0.779362081,NA,NA,NA,NA,NA,NA,NA,NA,USGS,Spring,NA,Bay
M11,SanPablo,A,48,b,2023-04-21,2023-05-19,2023,2.482538571,NA,NA,NA,NA,NA,NA,NA,NA,NA,NA,NA,May,Ramped,South.facing,"Growth
(Months 10-12)",Platform,NA,2.01,1.120661362,NA,NA,NA,NA,NA,NA,NA,NA,USGS,Spring,5.819683047,Bay
M11,SanPablo,A,48,c,2023-04-21,2023-05-19,2023,2.571353793,NA,NA,NA,NA,NA,NA,NA,NA,NA,NA,NA,May,Ramped,South.facing,"Growth
(Months 10-12)",Platform,NA,2.01,1.120661362,NA,NA,NA,NA,NA,NA,NA,NA,USGS,Spring,NA,Bay
M11,SanPablo,A,48,a,2023-04-21,2023-05-19,2023,1.805705331,NA,NA,NA,NA,NA,NA,NA,NA,NA,NA,NA,May,Ramped,South.facing,"Growth
(Months 10-12)",Platform,NA,2.01,1.120661362,NA,NA,NA,NA,NA,NA,NA,NA,USGS,Spring,7.333579427,Bay
M11,SanPablo,A,72,b,2023-04-21,2023-05-19,2023,2.300007978,NA,NA,NA,NA,NA,NA,NA,NA,NA,NA,NA,May,Ramped,South.facing,"Growth
(Months 10-12)",Upland,NA,2.04,1.155136037,NA,NA,NA,NA,NA,NA,NA,NA,USGS,Spring,NA,Bay
M11,SanPablo,A,72,c,2023-04-21,2023-05-19,2023,2.104614491,NA,NA,NA,NA,NA,NA,NA,NA,NA,NA,NA,May,Ramped,South.facing,"Growth
(Months 10-12)",Upland,NA,2.04,1.155136037,NA,NA,NA,NA,NA,NA,NA,NA,USGS,Spring,NA,Bay
M11,SanPablo,A,72,a,2023-04-21,2023-05-19,2023,2.049487802,NA,NA,NA,NA,NA,NA,NA,NA,NA,NA,NA,May,Ramped,South.facing,"Growth
(Months 10-12)",Upland,NA,2.04,1.155136037,NA,NA,NA,NA,NA,NA,NA,NA,USGS,Spring,8.715666718,Bay
M11,SanPablo,A,150,b,2023-04-21,2023-05-19,2023,1.163785661,NA,NA,NA,NA,NA,NA,NA,NA,NA,NA,NA,May,Ramped,South.facing,"Growth
(Months 10-12)",Upland,NA,1.974,1.079291752,NA,NA,NA,NA,NA,NA,NA,NA,USGS,Spring,NA,Bay
M11,SanPablo,A,150,c,2023-04-21,2023-05-19,2023,1.227487613,NA,NA,NA,NA,NA,NA,NA,NA,NA,NA,NA,May,Ramped,South.facing,"Growth
(Months 10-12)",Upland,NA,1.974,1.079291752,NA,NA,NA,NA,NA,NA,NA,NA,USGS,Spring,NA,Bay
M11,SanPablo,A,150,a,2023-04-21,2023-05-19,2023,1.380004787,NA,NA,NA,NA,NA,NA,NA,NA,NA,NA,NA,May,Ramped,South.facing,"Growth
(Months 10-12)",Upland,NA,1.974,1.079291752,NA,NA,NA,NA,NA,NA,NA,NA,USGS,Spring,NA,Bay
M11,SanPablo,B,0.5,b,2023-04-21,2023-05-19,2023,77.62205354,NA,NA,NA,NA,NA,NA,NA,NA,NA,NA,NA,May,Ramped,South.facing,"Growth
(Months 10-12)",Intertidal,NA,0.774,-0.299695244,NA,NA,NA,NA,NA,NA,NA,NA,USGS,Spring,NA,Bay
M11,SanPablo,B,0.5,c,2023-04-21,2023-05-19,2023,129.2782114,NA,NA,NA,NA,NA,NA,NA,NA,NA,NA,NA,May,Ramped,South.facing,"Growth
(Months 10-12)",Intertidal,NA,0.774,-0.299695244,NA,NA,NA,NA,NA,NA,NA,NA,USGS,Spring,NA,Bay
M11,SanPablo,B,0.5,a,2023-04-21,2023-05-19,2023,3.263500002,NA,NA,NA,NA,NA,NA,NA,NA,NA,NA,NA,May,Ramped,South.facing,"Growth
(Months 10-12)",Intertidal,NA,0.774,-0.299695244,NA,NA,NA,NA,NA,NA,NA,NA,USGS,Spring,NA,Bay
M11,SanPablo,B,2,b,2023-04-21,2023-05-19,2023,7.127880917,NA,NA,NA,NA,NA,NA,NA,NA,NA,NA,NA,May,Ramped,South.facing,"Growth
(Months 10-12)",Intertidal,NA,0.805,-0.264071413,NA,NA,NA,NA,NA,NA,NA,NA,USGS,Spring,NA,Bay
M11,SanPablo,B,2,c,2023-04-21,2023-05-19,2023,NA,NA,NA,NA,NA,NA,NA,NA,NA,NA,NA,NA,May,Ramped,South.facing,"Growth
(Months 10-12)",Intertidal,NA,0.805,-0.264071413,NA,NA,NA,NA,NA,NA,NA,NA,USGS,Spring,NA,Bay
M11,SanPablo,B,2,a,2023-04-21,2023-05-19,2023,3.766377911,NA,NA,NA,NA,NA,NA,NA,NA,NA,NA,NA,May,Ramped,South.facing,"Growth
(Months 10-12)",Intertidal,NA,0.805,-0.264071413,NA,NA,NA,NA,NA,NA,NA,NA,USGS,Spring,NA,Bay
M11,SanPablo,B,6,b,2023-04-21,2023-05-19,2023,NA,NA,NA,NA,NA,NA,NA,NA,NA,NA,NA,NA,May,Ramped,South.facing,"Growth
(Months 10-12)",Intertidal,NA,0.837,-0.227298427,NA,NA,NA,NA,NA,NA,NA,NA,USGS,Spring,NA,Bay
M11,SanPablo,B,6,c,2023-04-21,2023-05-19,2023,NA,NA,NA,NA,NA,NA,NA,NA,NA,NA,NA,NA,May,Ramped,South.facing,"Growth
(Months 10-12)",Intertidal,NA,0.837,-0.227298427,NA,NA,NA,NA,NA,NA,NA,NA,USGS,Spring,NA,Bay
M11,SanPablo,B,6,a,2023-04-21,2023-05-19,2023,5.24499822,NA,NA,NA,NA,NA,NA,NA,NA,NA,NA,NA,May,Ramped,South.facing,"Growth
(Months 10-12)",Intertidal,NA,0.837,-0.227298427,NA,NA,NA,NA,NA,NA,NA,NA,USGS,Spring,NA,Bay
M11,SanPablo,B,9,b,2023-04-21,2023-05-19,2023,3.802516519,NA,NA,NA,NA,NA,NA,NA,NA,NA,NA,NA,May,Ramped,South.facing,"Growth
(Months 10-12)",Intertidal,NA,NA,NA,NA,NA,NA,NA,NA,NA,NA,NA,USGS,Spring,NA,NA
M11,SanPablo,B,9,c,2023-04-21,2023-05-19,2023,NA,NA,NA,NA,NA,NA,NA,NA,NA,NA,NA,NA,May,Ramped,South.facing,"Growth
(Months 10-12)",Intertidal,NA,NA,NA,NA,NA,NA,NA,NA,NA,NA,NA,USGS,Spring,NA,NA
M11,SanPablo,B,9,a,2023-04-21,2023-05-19,2023,NA,NA,NA,NA,NA,NA,NA,NA,NA,NA,NA,NA,May,Ramped,South.facing,"Growth
(Months 10-12)",Intertidal,NA,NA,NA,NA,NA,NA,NA,NA,NA,NA,NA,USGS,Spring,NA,NA
M11,SanPablo,B,12,b,2023-04-21,2023-05-19,2023,NA,NA,NA,NA,NA,NA,NA,NA,NA,NA,NA,NA,May,Ramped,South.facing,"Growth
(Months 10-12)",Intertidal,NA,1.042,0.008278519,NA,NA,NA,NA,NA,NA,NA,NA,USGS,Spring,NA,Bay
M11,SanPablo,B,12,c,2023-04-21,2023-05-19,2023,NA,NA,NA,NA,NA,NA,NA,NA,NA,NA,NA,NA,May,Ramped,South.facing,"Growth
(Months 10-12)",Intertidal,NA,1.042,0.008278519,NA,NA,NA,NA,NA,NA,NA,NA,USGS,Spring,NA,Bay
M11,SanPablo,B,12,a,2023-04-21,2023-05-19,2023,4.702306591,NA,NA,NA,NA,NA,NA,NA,NA,NA,NA,NA,May,Ramped,South.facing,"Growth
(Months 10-12)",Intertidal,NA,1.042,0.008278519,NA,NA,NA,NA,NA,NA,NA,NA,USGS,Spring,NA,Bay
M11,SanPablo,B,18,b,2023-04-21,2023-05-19,2023,NA,NA,NA,NA,NA,NA,NA,NA,NA,NA,NA,NA,May,Ramped,South.facing,"Growth
(Months 10-12)",Intertidal,NA,NA,NA,NA,NA,NA,NA,NA,NA,NA,NA,USGS,Spring,NA,NA
M11,SanPablo,B,18,c,2023-04-21,2023-05-19,2023,NA,NA,NA,NA,NA,NA,NA,NA,NA,NA,NA,NA,May,Ramped,South.facing,"Growth
(Months 10-12)",Intertidal,NA,NA,NA,NA,NA,NA,NA,NA,NA,NA,NA,USGS,Spring,NA,NA
M11,SanPablo,B,18,a,2023-04-21,2023-05-19,2023,NA,NA,NA,NA,NA,NA,NA,NA,NA,NA,NA,NA,May,Ramped,South.facing,"Growth
(Months 10-12)",Intertidal,NA,NA,NA,NA,NA,NA,NA,NA,NA,NA,NA,USGS,Spring,NA,NA
M11,SanPablo,B,24,b,2023-04-21,2023-05-19,2023,NA,NA,NA,NA,NA,NA,NA,NA,NA,NA,NA,NA,May,Ramped,South.facing,"Growth
(Months 10-12)",Edge,NA,1.563,0.606988706,NA,NA,NA,NA,NA,NA,NA,NA,USGS,Spring,NA,Bay
M11,SanPablo,B,24,c,2023-04-21,2023-05-19,2023,3.637136451,NA,NA,NA,NA,NA,NA,NA,NA,NA,NA,NA,May,Ramped,South.facing,"Growth
(Months 10-12)",Edge,NA,1.563,0.606988706,NA,NA,NA,NA,NA,NA,NA,NA,USGS,Spring,NA,Bay
M11,SanPablo,B,24,a,2023-04-21,2023-05-19,2023,NA,NA,NA,NA,NA,NA,NA,NA,NA,NA,NA,NA,May,Ramped,South.facing,"Growth
(Months 10-12)",Edge,NA,1.563,0.606988706,NA,NA,NA,NA,NA,NA,NA,NA,USGS,Spring,NA,Bay
M11,SanPablo,B,48,b,2023-04-21,2023-05-19,2023,NA,NA,NA,NA,NA,NA,NA,NA,NA,NA,NA,NA,May,Ramped,South.facing,"Growth
(Months 10-12)",Platform,NA,1.978,1.083888376,NA,NA,NA,NA,NA,NA,NA,NA,USGS,Spring,6.628014231,Bay
M11,SanPablo,B,48,c,2023-04-21,2023-05-19,2023,NA,NA,NA,NA,NA,NA,NA,NA,NA,NA,NA,NA,May,Ramped,South.facing,"Growth
(Months 10-12)",Platform,NA,1.978,1.083888376,NA,NA,NA,NA,NA,NA,NA,NA,USGS,Spring,NA,Bay
M11,SanPablo,B,48,a,2023-04-21,2023-05-19,2023,1.770791762,NA,NA,NA,NA,NA,NA,NA,NA,NA,NA,NA,May,Ramped,South.facing,"Growth
(Months 10-12)",Platform,NA,1.978,1.083888376,NA,NA,NA,NA,NA,NA,NA,NA,USGS,Spring,NA,Bay
M11,SanPablo,B,72,b,2023-04-21,2023-05-19,2023,3.582622281,NA,NA,NA,NA,NA,NA,NA,NA,NA,NA,NA,May,Ramped,South.facing,"Growth
(Months 10-12)",Upland,NA,2.012,1.122959674,NA,NA,NA,NA,NA,NA,NA,NA,USGS,Spring,8.465505498,Bay
M11,SanPablo,B,72,c,2023-04-21,2023-05-19,2023,2.958465655,NA,NA,NA,NA,NA,NA,NA,NA,NA,NA,NA,May,Ramped,South.facing,"Growth
(Months 10-12)",Upland,NA,2.012,1.122959674,NA,NA,NA,NA,NA,NA,NA,NA,USGS,Spring,7.370892019,Bay
M11,SanPablo,B,72,a,2023-04-21,2023-05-19,2023,3.472368902,NA,NA,NA,NA,NA,NA,NA,NA,NA,NA,NA,May,Ramped,South.facing,"Growth
(Months 10-12)",Upland,NA,2.012,1.122959674,NA,NA,NA,NA,NA,NA,NA,NA,USGS,Spring,NA,Bay
M11,SanPablo,B,150,b,2023-04-21,2023-05-19,2023,1.02535642,NA,NA,NA,NA,NA,NA,NA,NA,NA,NA,NA,May,Ramped,South.facing,"Growth
(Months 10-12)",Upland,NA,2.014,1.125257985,NA,NA,NA,NA,NA,NA,NA,NA,USGS,Spring,NA,Bay
M11,SanPablo,B,150,c,2023-04-21,2023-05-19,2023,0.998405594,NA,NA,NA,NA,NA,NA,NA,NA,NA,NA,NA,May,Ramped,South.facing,"Growth
(Months 10-12)",Upland,NA,2.014,1.125257985,NA,NA,NA,NA,NA,NA,NA,NA,USGS,Spring,NA,Bay
M11,SanPablo,B,150,a,2023-04-21,2023-05-19,2023,0.704396585,NA,NA,NA,NA,NA,NA,NA,NA,NA,NA,NA,May,Ramped,South.facing,"Growth
(Months 10-12)",Upland,NA,2.014,1.125257985,NA,NA,NA,NA,NA,NA,NA,NA,USGS,Spring,NA,Bay
M12,CorteMadera,A,0.5,a,2023-05-18,2023-06-20,2023,NA,NA,NA,NA,NA,NA,NA,NA,NA,NA,NA,NA,June,Scarped,East.facing,"Growth
(Months 10-12)",Edge,NA,1.598,0.69919351,NA,NA,NA,NA,NA,NA,NA,NA,USGS,Spring,NA,Bay
M12,CorteMadera,A,0.5,b,2023-05-18,2023-06-20,2023,NA,NA,NA,NA,NA,NA,NA,NA,NA,NA,NA,NA,June,Scarped,East.facing,"Growth
(Months 10-12)",Edge,NA,1.598,0.69919351,NA,NA,NA,NA,NA,NA,NA,NA,USGS,Spring,NA,Bay
M12,CorteMadera,A,0.5,c,2023-05-18,2023-06-20,2023,NA,NA,NA,NA,NA,NA,NA,NA,NA,NA,NA,NA,June,Scarped,East.facing,"Growth
(Months 10-12)",Edge,NA,1.598,0.69919351,NA,NA,NA,NA,NA,NA,NA,NA,USGS,Spring,NA,Bay
M12,CorteMadera,A,2,a,2023-05-18,2023-06-20,2023,2.696086075,NA,NA,NA,NA,NA,NA,NA,NA,NA,NA,NA,June,Scarped,East.facing,"Growth
(Months 10-12)",Edge,NA,1.684,0.801794321,NA,NA,NA,NA,NA,NA,NA,NA,USGS,Spring,NA,Bay
M12,CorteMadera,A,2,b,2023-05-18,2023-06-20,2023,3.532927907,NA,NA,NA,NA,NA,NA,NA,NA,NA,NA,NA,June,Scarped,East.facing,"Growth
(Months 10-12)",Edge,NA,1.684,0.801794321,NA,NA,NA,NA,NA,NA,NA,NA,USGS,Spring,5.204460967,Bay
M12,CorteMadera,A,2,c,2023-05-18,2023-06-20,2023,NA,NA,NA,NA,NA,NA,NA,NA,NA,NA,NA,NA,June,Scarped,East.facing,"Growth
(Months 10-12)",Edge,NA,1.684,0.801794321,NA,NA,NA,NA,NA,NA,NA,NA,USGS,Spring,NA,Bay
M12,CorteMadera,A,6,a,2023-05-18,2023-06-20,2023,3.294350018,NA,NA,NA,NA,NA,NA,NA,NA,NA,NA,NA,June,Scarped,East.facing,"Growth
(Months 10-12)",Edge,NA,1.691,0.81014555,NA,NA,NA,NA,NA,NA,NA,NA,USGS,Spring,5.616729897,Bay
M12,CorteMadera,A,6,b,2023-05-18,2023-06-20,2023,NA,NA,NA,NA,NA,NA,NA,NA,NA,NA,NA,NA,June,Scarped,East.facing,"Growth
(Months 10-12)",Edge,NA,1.691,0.81014555,NA,NA,NA,NA,NA,NA,NA,NA,USGS,Spring,NA,Bay
M12,CorteMadera,A,6,c,2023-05-18,2023-06-20,2023,7.579396019,NA,NA,NA,NA,NA,NA,NA,NA,NA,NA,NA,June,Scarped,East.facing,"Growth
(Months 10-12)",Edge,NA,1.691,0.81014555,NA,NA,NA,NA,NA,NA,NA,NA,USGS,Spring,NA,Bay
M12,CorteMadera,A,12,a,2023-05-18,2023-06-20,2023,12.40033266,NA,NA,NA,NA,NA,NA,NA,NA,NA,NA,NA,June,Scarped,East.facing,"Growth
(Months 10-12)",Platform,NA,1.705,0.826848008,NA,NA,NA,NA,NA,NA,NA,NA,USGS,Spring,10.69843412,Bay
M12,CorteMadera,A,12,b,2023-05-18,2023-06-20,2023,13.09319611,NA,NA,NA,NA,NA,NA,NA,NA,NA,NA,NA,June,Scarped,East.facing,"Growth
(Months 10-12)",Platform,NA,1.705,0.826848008,NA,NA,NA,NA,NA,NA,NA,NA,USGS,Spring,NA,Bay
M12,CorteMadera,A,12,c,2023-05-18,2023-06-20,2023,12.9221893,NA,NA,NA,NA,NA,NA,NA,NA,NA,NA,NA,June,Scarped,East.facing,"Growth
(Months 10-12)",Platform,NA,1.705,0.826848008,NA,NA,NA,NA,NA,NA,NA,NA,USGS,Spring,NA,Bay
M12,CorteMadera,A,18,a,2023-05-18,2023-06-20,2023,13.22418005,NA,NA,NA,NA,NA,NA,NA,NA,NA,NA,NA,June,Scarped,East.facing,"Growth
(Months 10-12)",Platform,NA,NA,NA,NA,NA,NA,NA,NA,NA,NA,NA,USGS,Spring,NA,NA
M12,CorteMadera,A,18,b,2023-05-18,2023-06-20,2023,14.5626072,NA,NA,NA,NA,NA,NA,NA,NA,NA,NA,NA,June,Scarped,East.facing,"Growth
(Months 10-12)",Platform,NA,NA,NA,NA,NA,NA,NA,NA,NA,NA,NA,USGS,Spring,10.03492289,NA
M12,CorteMadera,A,18,c,2023-05-18,2023-06-20,2023,11.08009772,NA,NA,NA,NA,NA,NA,NA,NA,NA,NA,NA,June,Scarped,East.facing,"Growth
(Months 10-12)",Platform,NA,NA,NA,NA,NA,NA,NA,NA,NA,NA,NA,USGS,Spring,NA,NA
M12,CorteMadera,A,24,a,2023-05-18,2023-06-20,2023,13.01418993,NA,NA,NA,NA,NA,NA,NA,NA,NA,NA,NA,June,Scarped,East.facing,"Growth
(Months 10-12)",Platform,NA,1.664,0.777933667,NA,NA,NA,NA,NA,NA,NA,NA,USGS,Spring,10.43716945,Bay
M12,CorteMadera,A,24,b,2023-05-18,2023-06-20,2023,NA,NA,NA,NA,NA,NA,NA,NA,NA,NA,NA,NA,June,Scarped,East.facing,"Growth
(Months 10-12)",Platform,NA,1.664,0.777933667,NA,NA,NA,NA,NA,NA,NA,NA,USGS,Spring,NA,Bay
M12,CorteMadera,A,24,c,2023-05-18,2023-06-20,2023,14.12963252,NA,NA,NA,NA,NA,NA,NA,NA,NA,NA,NA,June,Scarped,East.facing,"Growth
(Months 10-12)",Platform,NA,1.664,0.777933667,NA,NA,NA,NA,NA,NA,NA,NA,USGS,Spring,NA,Bay
M12,CorteMadera,A,30,a,2023-05-18,2023-06-20,2023,NA,NA,NA,NA,NA,NA,NA,NA,NA,NA,NA,NA,June,Scarped,East.facing,"Growth
(Months 10-12)",Upland,NA,NA,NA,NA,NA,NA,NA,NA,NA,NA,NA,USGS,Spring,NA,NA
M12,CorteMadera,A,30,b,2023-05-18,2023-06-20,2023,NA,NA,NA,NA,NA,NA,NA,NA,NA,NA,NA,NA,June,Scarped,East.facing,"Growth
(Months 10-12)",Upland,NA,NA,NA,NA,NA,NA,NA,NA,NA,NA,NA,USGS,Spring,NA,NA
M12,CorteMadera,A,30,c,2023-05-18,2023-06-20,2023,NA,NA,NA,NA,NA,NA,NA,NA,NA,NA,NA,NA,June,Scarped,East.facing,"Growth
(Months 10-12)",Upland,NA,NA,NA,NA,NA,NA,NA,NA,NA,NA,NA,USGS,Spring,NA,NA
M12,CorteMadera,A,48,a,2023-05-18,2023-06-20,2023,6.519569624,NA,NA,NA,NA,NA,NA,NA,NA,NA,NA,NA,June,Scarped,East.facing,"Growth
(Months 10-12)",Upland,NA,1.724,0.849515629,NA,NA,NA,NA,NA,NA,NA,NA,USGS,Spring,NA,Bay
M12,CorteMadera,A,48,b,2023-05-18,2023-06-20,2023,4.50647123,NA,NA,NA,NA,NA,NA,NA,NA,NA,NA,NA,June,Scarped,East.facing,"Growth
(Months 10-12)",Upland,NA,1.724,0.849515629,NA,NA,NA,NA,NA,NA,NA,NA,USGS,Spring,NA,Bay
M12,CorteMadera,A,48,c,2023-05-18,2023-06-20,2023,14.29907999,NA,NA,NA,NA,NA,NA,NA,NA,NA,NA,NA,June,Scarped,East.facing,"Growth
(Months 10-12)",Upland,NA,1.724,0.849515629,NA,NA,NA,NA,NA,NA,NA,NA,USGS,Spring,12.90998998,Bay
M12,CorteMadera,B,0.5,a,2023-05-18,2023-06-20,2023,NA,NA,NA,NA,NA,NA,NA,NA,NA,NA,NA,NA,June,Scarped,East.facing,"Growth
(Months 10-12)",Edge,NA,1.576,0.672946791,NA,NA,NA,NA,NA,NA,NA,NA,USGS,Spring,NA,Bay
M12,CorteMadera,B,0.5,b,2023-05-18,2023-06-20,2023,NA,NA,NA,NA,NA,NA,NA,NA,NA,NA,NA,NA,June,Scarped,East.facing,"Growth
(Months 10-12)",Edge,NA,1.576,0.672946791,NA,NA,NA,NA,NA,NA,NA,NA,USGS,Spring,NA,Bay
M12,CorteMadera,B,0.5,c,2023-05-18,2023-06-20,2023,NA,NA,NA,NA,NA,NA,NA,NA,NA,NA,NA,NA,June,Scarped,East.facing,"Growth
(Months 10-12)",Edge,NA,1.576,0.672946791,NA,NA,NA,NA,NA,NA,NA,NA,USGS,Spring,NA,Bay
M12,CorteMadera,B,2,a,2023-05-18,2023-06-20,2023,NA,NA,NA,NA,NA,NA,NA,NA,NA,NA,NA,NA,June,Scarped,East.facing,"Growth
(Months 10-12)",Edge,NA,1.605,0.707544739,NA,NA,NA,NA,NA,NA,NA,NA,USGS,Spring,NA,Bay
M12,CorteMadera,B,2,b,2023-05-18,2023-06-20,2023,NA,NA,NA,NA,NA,NA,NA,NA,NA,NA,NA,NA,June,Scarped,East.facing,"Growth
(Months 10-12)",Edge,NA,1.605,0.707544739,NA,NA,NA,NA,NA,NA,NA,NA,USGS,Spring,NA,Bay
M12,CorteMadera,B,2,c,2023-05-18,2023-06-20,2023,NA,NA,NA,NA,NA,NA,NA,NA,NA,NA,NA,NA,June,Scarped,East.facing,"Growth
(Months 10-12)",Edge,NA,1.605,0.707544739,NA,NA,NA,NA,NA,NA,NA,NA,USGS,Spring,NA,Bay
M12,CorteMadera,B,6,a,2023-05-18,2023-06-20,2023,0.188159468,NA,NA,NA,NA,NA,NA,NA,NA,NA,NA,NA,June,Scarped,East.facing,"Growth
(Months 10-12)",Edge,NA,1.672,0.787477929,NA,NA,NA,NA,NA,NA,NA,NA,USGS,Spring,NA,Bay
M12,CorteMadera,B,6,b,2023-05-18,2023-06-20,2023,NA,NA,NA,NA,NA,NA,NA,NA,NA,NA,NA,NA,June,Scarped,East.facing,"Growth
(Months 10-12)",Edge,NA,1.672,0.787477929,NA,NA,NA,NA,NA,NA,NA,NA,USGS,Spring,NA,Bay
M12,CorteMadera,B,6,c,2023-05-18,2023-06-20,2023,5.592806279,NA,NA,NA,NA,NA,NA,NA,NA,NA,NA,NA,June,Scarped,East.facing,"Growth
(Months 10-12)",Edge,NA,1.672,0.787477929,NA,NA,NA,NA,NA,NA,NA,NA,USGS,Spring,7.667963341,Bay
M12,CorteMadera,B,12,a,2023-05-18,2023-06-20,2023,6.444721659,NA,NA,NA,NA,NA,NA,NA,NA,NA,NA,NA,June,Scarped,East.facing,"Growth
(Months 10-12)",Platform,NA,1.664,0.777933667,NA,NA,NA,NA,NA,NA,NA,NA,USGS,Spring,8.695652174,Bay
M12,CorteMadera,B,12,b,2023-05-18,2023-06-20,2023,4.65408805,NA,NA,NA,NA,NA,NA,NA,NA,NA,NA,NA,June,Scarped,East.facing,"Growth
(Months 10-12)",Platform,NA,1.664,0.777933667,NA,NA,NA,NA,NA,NA,NA,NA,USGS,Spring,NA,Bay
M12,CorteMadera,B,12,c,2023-05-18,2023-06-20,2023,NA,NA,NA,NA,NA,NA,NA,NA,NA,NA,NA,NA,June,Scarped,East.facing,"Growth
(Months 10-12)",Platform,NA,1.664,0.777933667,NA,NA,NA,NA,NA,NA,NA,NA,USGS,Spring,NA,Bay
M12,CorteMadera,B,18,a,2023-05-18,2023-06-20,2023,10.54784552,NA,NA,NA,NA,NA,NA,NA,NA,NA,NA,NA,June,Scarped,East.facing,"Growth
(Months 10-12)",Platform,NA,NA,NA,NA,NA,NA,NA,NA,NA,NA,NA,USGS,Spring,9.812091831,NA
M12,CorteMadera,B,18,b,2023-05-18,2023-06-20,2023,7.339778575,NA,NA,NA,NA,NA,NA,NA,NA,NA,NA,NA,June,Scarped,East.facing,"Growth
(Months 10-12)",Platform,NA,NA,NA,NA,NA,NA,NA,NA,NA,NA,NA,USGS,Spring,NA,NA
M12,CorteMadera,B,18,c,2023-05-18,2023-06-20,2023,5.150475596,NA,NA,NA,NA,NA,NA,NA,NA,NA,NA,NA,June,Scarped,East.facing,"Growth
(Months 10-12)",Platform,NA,NA,NA,NA,NA,NA,NA,NA,NA,NA,NA,USGS,Spring,NA,NA
M12,CorteMadera,B,24,a,2023-05-18,2023-06-20,2023,10.77083008,NA,NA,NA,NA,NA,NA,NA,NA,NA,NA,NA,June,Scarped,East.facing,"Growth
(Months 10-12)",Platform,NA,1.642,0.751686948,NA,NA,NA,NA,NA,NA,NA,NA,USGS,Spring,NA,Bay
M12,CorteMadera,B,24,b,2023-05-18,2023-06-20,2023,9.600810853,NA,NA,NA,NA,NA,NA,NA,NA,NA,NA,NA,June,Scarped,East.facing,"Growth
(Months 10-12)",Platform,NA,1.642,0.751686948,NA,NA,NA,NA,NA,NA,NA,NA,USGS,Spring,NA,Bay
M12,CorteMadera,B,24,c,2023-05-18,2023-06-20,2023,11.69551432,NA,NA,NA,NA,NA,NA,NA,NA,NA,NA,NA,June,Scarped,East.facing,"Growth
(Months 10-12)",Platform,NA,1.642,0.751686948,NA,NA,NA,NA,NA,NA,NA,NA,USGS,Spring,10.06012174,Bay
M12,CorteMadera,B,30,a,2023-05-18,2023-06-20,2023,4.440459483,NA,NA,NA,NA,NA,NA,NA,NA,NA,NA,NA,June,Scarped,East.facing,"Growth
(Months 10-12)",Upland,NA,NA,NA,NA,NA,NA,NA,NA,NA,NA,NA,USGS,Spring,NA,NA
M12,CorteMadera,B,30,b,2023-05-18,2023-06-20,2023,8.251988149,NA,NA,NA,NA,NA,NA,NA,NA,NA,NA,NA,June,Scarped,East.facing,"Growth
(Months 10-12)",Upland,NA,NA,NA,NA,NA,NA,NA,NA,NA,NA,NA,USGS,Spring,9.748427673,NA
M12,CorteMadera,B,30,c,2023-05-18,2023-06-20,2023,5.39425126,NA,NA,NA,NA,NA,NA,NA,NA,NA,NA,NA,June,Scarped,East.facing,"Growth
(Months 10-12)",Upland,NA,NA,NA,NA,NA,NA,NA,NA,NA,NA,NA,USGS,Spring,NA,NA
M12,CorteMadera,B,48,a,2023-05-18,2023-06-20,2023,4.179011383,NA,NA,NA,NA,NA,NA,NA,NA,NA,NA,NA,June,Scarped,East.facing,"Growth
(Months 10-12)",Upland,NA,1.692,0.811338583,NA,NA,NA,NA,NA,NA,NA,NA,USGS,Spring,7.934885184,Bay
M12,CorteMadera,B,48,b,2023-05-18,2023-06-20,2023,5.302250637,NA,NA,NA,NA,NA,NA,NA,NA,NA,NA,NA,June,Scarped,East.facing,"Growth
(Months 10-12)",Upland,NA,1.692,0.811338583,NA,NA,NA,NA,NA,NA,NA,NA,USGS,Spring,NA,Bay
M12,CorteMadera,B,48,c,2023-05-18,2023-06-20,2023,4.699828473,NA,NA,NA,NA,NA,NA,NA,NA,NA,NA,NA,June,Scarped,East.facing,"Growth
(Months 10-12)",Upland,NA,1.692,0.811338583,NA,NA,NA,NA,NA,NA,NA,NA,USGS,Spring,NA,Bay
M12,SanPablo,A,0.5,b,2023-05-19,2023-06-21,2023,52.63288402,NA,NA,NA,NA,NA,NA,NA,NA,NA,NA,NA,June,Ramped,South.facing,"Growth
(Months 10-12)",Intertidal,NA,0.735,-0.344512321,NA,NA,NA,NA,NA,NA,NA,NA,USGS,Spring,NA,Bay
M12,SanPablo,A,0.5,c,2023-05-19,2023-06-21,2023,50.97915759,NA,NA,NA,NA,NA,NA,NA,NA,NA,NA,NA,June,Ramped,South.facing,"Growth
(Months 10-12)",Intertidal,NA,0.735,-0.344512321,NA,NA,NA,NA,NA,NA,NA,NA,USGS,Spring,NA,Bay
M12,SanPablo,A,0.5,a,2023-05-19,2023-06-21,2023,20.92675943,NA,NA,NA,NA,NA,NA,NA,NA,NA,NA,NA,June,Ramped,South.facing,"Growth
(Months 10-12)",Intertidal,NA,0.735,-0.344512321,NA,NA,NA,NA,NA,NA,NA,NA,USGS,Spring,NA,Bay
M12,SanPablo,A,2,b,2023-05-19,2023-06-21,2023,8.632950899,NA,NA,NA,NA,NA,NA,NA,NA,NA,NA,NA,June,Ramped,South.facing,"Growth
(Months 10-12)",Intertidal,NA,0.751,-0.326125828,NA,NA,NA,NA,NA,NA,NA,NA,USGS,Spring,NA,Bay
M12,SanPablo,A,2,c,2023-05-19,2023-06-21,2023,26.52510674,NA,NA,NA,NA,NA,NA,NA,NA,NA,NA,NA,June,Ramped,South.facing,"Growth
(Months 10-12)",Intertidal,NA,0.751,-0.326125828,NA,NA,NA,NA,NA,NA,NA,NA,USGS,Spring,NA,Bay
M12,SanPablo,A,2,a,2023-05-19,2023-06-21,2023,10.50599617,NA,NA,NA,NA,NA,NA,NA,NA,NA,NA,NA,June,Ramped,South.facing,"Growth
(Months 10-12)",Intertidal,NA,0.751,-0.326125828,NA,NA,NA,NA,NA,NA,NA,NA,USGS,Spring,NA,Bay
M12,SanPablo,A,6,b,2023-05-19,2023-06-21,2023,37.17662252,NA,NA,NA,NA,NA,NA,NA,NA,NA,NA,NA,June,Ramped,South.facing,"Growth
(Months 10-12)",Intertidal,NA,0.889,-0.167542323,NA,NA,NA,NA,NA,NA,NA,NA,USGS,Spring,NA,Bay
M12,SanPablo,A,6,c,2023-05-19,2023-06-21,2023,6.641411086,NA,NA,NA,NA,NA,NA,NA,NA,NA,NA,NA,June,Ramped,South.facing,"Growth
(Months 10-12)",Intertidal,NA,0.889,-0.167542323,NA,NA,NA,NA,NA,NA,NA,NA,USGS,Spring,NA,Bay
M12,SanPablo,A,6,a,2023-05-19,2023-06-21,2023,4.436788985,NA,NA,NA,NA,NA,NA,NA,NA,NA,NA,NA,June,Ramped,South.facing,"Growth
(Months 10-12)",Intertidal,NA,0.889,-0.167542323,NA,NA,NA,NA,NA,NA,NA,NA,USGS,Spring,NA,Bay
M12,SanPablo,A,9,b,2023-05-19,2023-06-21,2023,0.895985031,NA,NA,NA,NA,NA,NA,NA,NA,NA,NA,NA,June,Ramped,South.facing,"Growth
(Months 10-12)",Intertidal,NA,NA,NA,NA,NA,NA,NA,NA,NA,NA,NA,USGS,Spring,NA,NA
M12,SanPablo,A,9,c,2023-05-19,2023-06-21,2023,NA,NA,NA,NA,NA,NA,NA,NA,NA,NA,NA,NA,June,Ramped,South.facing,"Growth
(Months 10-12)",Intertidal,NA,NA,NA,NA,NA,NA,NA,NA,NA,NA,NA,USGS,Spring,NA,NA
M12,SanPablo,A,9,a,2023-05-19,2023-06-21,2023,NA,NA,NA,NA,NA,NA,NA,NA,NA,NA,NA,NA,June,Ramped,South.facing,"Growth
(Months 10-12)",Intertidal,NA,NA,NA,NA,NA,NA,NA,NA,NA,NA,NA,USGS,Spring,NA,NA
M12,SanPablo,A,12,b,2023-05-19,2023-06-21,2023,NA,NA,NA,NA,NA,NA,NA,NA,NA,NA,NA,NA,June,Ramped,South.facing,"Growth
(Months 10-12)",Intertidal,NA,1.069,0.039305726,NA,NA,NA,NA,NA,NA,NA,NA,USGS,Spring,NA,Bay
M12,SanPablo,A,12,c,2023-05-19,2023-06-21,2023,7.233364073,NA,NA,NA,NA,NA,NA,NA,NA,NA,NA,NA,June,Ramped,South.facing,"Growth
(Months 10-12)",Intertidal,NA,1.069,0.039305726,NA,NA,NA,NA,NA,NA,NA,NA,USGS,Spring,NA,Bay
M12,SanPablo,A,12,a,2023-05-19,2023-06-21,2023,5.360318799,NA,NA,NA,NA,NA,NA,NA,NA,NA,NA,NA,June,Ramped,South.facing,"Growth
(Months 10-12)",Intertidal,NA,1.069,0.039305726,NA,NA,NA,NA,NA,NA,NA,NA,USGS,Spring,NA,Bay
M12,SanPablo,A,18,b,2023-05-19,2023-06-21,2023,NA,NA,NA,NA,NA,NA,NA,NA,NA,NA,NA,NA,June,Ramped,South.facing,"Growth
(Months 10-12)",Intertidal,NA,NA,NA,NA,NA,NA,NA,NA,NA,NA,NA,USGS,Spring,NA,NA
M12,SanPablo,A,18,c,2023-05-19,2023-06-21,2023,NA,NA,NA,NA,NA,NA,NA,NA,NA,NA,NA,NA,June,Ramped,South.facing,"Growth
(Months 10-12)",Intertidal,NA,NA,NA,NA,NA,NA,NA,NA,NA,NA,NA,USGS,Spring,NA,NA
M12,SanPablo,A,18,a,2023-05-19,2023-06-21,2023,NA,NA,NA,NA,NA,NA,NA,NA,NA,NA,NA,NA,June,Ramped,South.facing,"Growth
(Months 10-12)",Intertidal,NA,NA,NA,NA,NA,NA,NA,NA,NA,NA,NA,USGS,Spring,NA,NA
M12,SanPablo,A,24,b,2023-05-19,2023-06-21,2023,3.559513618,NA,NA,NA,NA,NA,NA,NA,NA,NA,NA,NA,June,Ramped,South.facing,"Growth
(Months 10-12)",Edge,NA,1.713,0.779362081,NA,NA,NA,NA,NA,NA,NA,NA,USGS,Spring,NA,Bay
M12,SanPablo,A,24,c,2023-05-19,2023-06-21,2023,2.513851273,NA,NA,NA,NA,NA,NA,NA,NA,NA,NA,NA,June,Ramped,South.facing,"Growth
(Months 10-12)",Edge,NA,1.713,0.779362081,NA,NA,NA,NA,NA,NA,NA,NA,USGS,Spring,NA,Bay
M12,SanPablo,A,24,a,2023-05-19,2023-06-21,2023,2.558546582,NA,NA,NA,NA,NA,NA,NA,NA,NA,NA,NA,June,Ramped,South.facing,"Growth
(Months 10-12)",Edge,NA,1.713,0.779362081,NA,NA,NA,NA,NA,NA,NA,NA,USGS,Spring,NA,Bay
M12,SanPablo,A,48,b,2023-05-19,2023-06-21,2023,15.7748455,NA,NA,NA,NA,NA,NA,NA,NA,NA,NA,NA,June,Ramped,South.facing,"Growth
(Months 10-12)",Platform,NA,2.01,1.120661362,NA,NA,NA,NA,NA,NA,NA,NA,USGS,Spring,8.835452879,Bay
M12,SanPablo,A,48,c,2023-05-19,2023-06-21,2023,13.72613727,NA,NA,NA,NA,NA,NA,NA,NA,NA,NA,NA,June,Ramped,South.facing,"Growth
(Months 10-12)",Platform,NA,2.01,1.120661362,NA,NA,NA,NA,NA,NA,NA,NA,USGS,Spring,12.93029685,Bay
M12,SanPablo,A,48,a,2023-05-19,2023-06-21,2023,7.104994988,NA,NA,NA,NA,NA,NA,NA,NA,NA,NA,NA,June,Ramped,South.facing,"Growth
(Months 10-12)",Platform,NA,2.01,1.120661362,NA,NA,NA,NA,NA,NA,NA,NA,USGS,Spring,NA,Bay
M12,SanPablo,A,72,b,2023-05-19,2023-06-21,2023,13.67988282,NA,NA,NA,NA,NA,NA,NA,NA,NA,NA,NA,June,Ramped,South.facing,"Growth
(Months 10-12)",Upland,NA,2.04,1.155136037,NA,NA,NA,NA,NA,NA,NA,NA,USGS,Spring,NA,Bay
M12,SanPablo,A,72,c,2023-05-19,2023-06-21,2023,13.81968559,NA,NA,NA,NA,NA,NA,NA,NA,NA,NA,NA,June,Ramped,South.facing,"Growth
(Months 10-12)",Upland,NA,2.04,1.155136037,NA,NA,NA,NA,NA,NA,NA,NA,USGS,Spring,NA,Bay
M12,SanPablo,A,72,a,2023-05-19,2023-06-21,2023,12.85613788,NA,NA,NA,NA,NA,NA,NA,NA,NA,NA,NA,June,Ramped,South.facing,"Growth
(Months 10-12)",Upland,NA,2.04,1.155136037,NA,NA,NA,NA,NA,NA,NA,NA,USGS,Spring,10.93800365,Bay
M12,SanPablo,A,150,b,2023-05-19,2023-06-21,2023,4.290749661,NA,NA,NA,NA,NA,NA,NA,NA,NA,NA,NA,June,Ramped,South.facing,"Growth
(Months 10-12)",Upland,NA,1.974,1.079291752,NA,NA,NA,NA,NA,NA,NA,NA,USGS,Spring,NA,Bay
M12,SanPablo,A,150,c,2023-05-19,2023-06-21,2023,2.828797288,NA,NA,NA,NA,NA,NA,NA,NA,NA,NA,NA,June,Ramped,South.facing,"Growth
(Months 10-12)",Upland,NA,1.974,1.079291752,NA,NA,NA,NA,NA,NA,NA,NA,USGS,Spring,NA,Bay
M12,SanPablo,A,150,a,2023-05-19,2023-06-21,2023,3.566789599,NA,NA,NA,NA,NA,NA,NA,NA,NA,NA,NA,June,Ramped,South.facing,"Growth
(Months 10-12)",Upland,NA,1.974,1.079291752,NA,NA,NA,NA,NA,NA,NA,NA,USGS,Spring,NA,Bay
M12,SanPablo,B,0.5,b,2023-05-19,2023-06-21,2023,NA,NA,NA,NA,NA,NA,NA,NA,NA,NA,NA,NA,June,Ramped,South.facing,"Growth
(Months 10-12)",Intertidal,NA,0.774,-0.299695244,NA,NA,NA,NA,NA,NA,NA,NA,USGS,Spring,NA,Bay
M12,SanPablo,B,0.5,c,2023-05-19,2023-06-21,2023,8.52537033,NA,NA,NA,NA,NA,NA,NA,NA,NA,NA,NA,June,Ramped,South.facing,"Growth
(Months 10-12)",Intertidal,NA,0.774,-0.299695244,NA,NA,NA,NA,NA,NA,NA,NA,USGS,Spring,NA,Bay
M12,SanPablo,B,0.5,a,2023-05-19,2023-06-21,2023,6.731841129,NA,NA,NA,NA,NA,NA,NA,NA,NA,NA,NA,June,Ramped,South.facing,"Growth
(Months 10-12)",Intertidal,NA,0.774,-0.299695244,NA,NA,NA,NA,NA,NA,NA,NA,USGS,Spring,NA,Bay
M12,SanPablo,B,2,b,2023-05-19,2023-06-21,2023,9.386534597,NA,NA,NA,NA,NA,NA,NA,NA,NA,NA,NA,June,Ramped,South.facing,"Growth
(Months 10-12)",Intertidal,NA,0.805,-0.264071413,NA,NA,NA,NA,NA,NA,NA,NA,USGS,Spring,NA,Bay
M12,SanPablo,B,2,c,2023-05-19,2023-06-21,2023,NA,NA,NA,NA,NA,NA,NA,NA,NA,NA,NA,NA,June,Ramped,South.facing,"Growth
(Months 10-12)",Intertidal,NA,0.805,-0.264071413,NA,NA,NA,NA,NA,NA,NA,NA,USGS,Spring,NA,Bay
M12,SanPablo,B,2,a,2023-05-19,2023-06-21,2023,7.813363664,NA,NA,NA,NA,NA,NA,NA,NA,NA,NA,NA,June,Ramped,South.facing,"Growth
(Months 10-12)",Intertidal,NA,0.805,-0.264071413,NA,NA,NA,NA,NA,NA,NA,NA,USGS,Spring,NA,Bay
M12,SanPablo,B,6,b,2023-05-19,2023-06-21,2023,4.655068401,NA,NA,NA,NA,NA,NA,NA,NA,NA,NA,NA,June,Ramped,South.facing,"Growth
(Months 10-12)",Intertidal,NA,0.837,-0.227298427,NA,NA,NA,NA,NA,NA,NA,NA,USGS,Spring,NA,Bay
M12,SanPablo,B,6,c,2023-05-19,2023-06-21,2023,4.695086294,NA,NA,NA,NA,NA,NA,NA,NA,NA,NA,NA,June,Ramped,South.facing,"Growth
(Months 10-12)",Intertidal,NA,0.837,-0.227298427,NA,NA,NA,NA,NA,NA,NA,NA,USGS,Spring,NA,Bay
M12,SanPablo,B,6,a,2023-05-19,2023-06-21,2023,3.876018771,NA,NA,NA,NA,NA,NA,NA,NA,NA,NA,NA,June,Ramped,South.facing,"Growth
(Months 10-12)",Intertidal,NA,0.837,-0.227298427,NA,NA,NA,NA,NA,NA,NA,NA,USGS,Spring,NA,Bay
M12,SanPablo,B,9,b,2023-05-19,2023-06-21,2023,3.68736299,NA,NA,NA,NA,NA,NA,NA,NA,NA,NA,NA,June,Ramped,South.facing,"Growth
(Months 10-12)",Intertidal,NA,NA,NA,NA,NA,NA,NA,NA,NA,NA,NA,USGS,Spring,NA,NA
M12,SanPablo,B,9,c,2023-05-19,2023-06-21,2023,4.313097316,NA,NA,NA,NA,NA,NA,NA,NA,NA,NA,NA,June,Ramped,South.facing,"Growth
(Months 10-12)",Intertidal,NA,NA,NA,NA,NA,NA,NA,NA,NA,NA,NA,USGS,Spring,NA,NA
M12,SanPablo,B,9,a,2023-05-19,2023-06-21,2023,NA,NA,NA,NA,NA,NA,NA,NA,NA,NA,NA,NA,June,Ramped,South.facing,"Growth
(Months 10-12)",Intertidal,NA,NA,NA,NA,NA,NA,NA,NA,NA,NA,NA,USGS,Spring,NA,NA
M12,SanPablo,B,12,b,2023-05-19,2023-06-21,2023,2.331432047,NA,NA,NA,NA,NA,NA,NA,NA,NA,NA,NA,June,Ramped,South.facing,"Growth
(Months 10-12)",Intertidal,NA,1.042,0.008278519,NA,NA,NA,NA,NA,NA,NA,NA,USGS,Spring,NA,Bay
M12,SanPablo,B,12,c,2023-05-19,2023-06-21,2023,2.616754426,NA,NA,NA,NA,NA,NA,NA,NA,NA,NA,NA,June,Ramped,South.facing,"Growth
(Months 10-12)",Intertidal,NA,1.042,0.008278519,NA,NA,NA,NA,NA,NA,NA,NA,USGS,Spring,NA,Bay
M12,SanPablo,B,12,a,2023-05-19,2023-06-21,2023,2.261270806,NA,NA,NA,NA,NA,NA,NA,NA,NA,NA,NA,June,Ramped,South.facing,"Growth
(Months 10-12)",Intertidal,NA,1.042,0.008278519,NA,NA,NA,NA,NA,NA,NA,NA,USGS,Spring,NA,Bay
M12,SanPablo,B,18,b,2023-05-19,2023-06-21,2023,NA,NA,NA,NA,NA,NA,NA,NA,NA,NA,NA,NA,June,Ramped,South.facing,"Growth
(Months 10-12)",Intertidal,NA,NA,NA,NA,NA,NA,NA,NA,NA,NA,NA,USGS,Spring,NA,NA
M12,SanPablo,B,18,c,2023-05-19,2023-06-21,2023,7.506213343,NA,NA,NA,NA,NA,NA,NA,NA,NA,NA,NA,June,Ramped,South.facing,"Growth
(Months 10-12)",Intertidal,NA,NA,NA,NA,NA,NA,NA,NA,NA,NA,NA,USGS,Spring,NA,NA
M12,SanPablo,B,18,a,2023-05-19,2023-06-21,2023,3.104245122,NA,NA,NA,NA,NA,NA,NA,NA,NA,NA,NA,June,Ramped,South.facing,"Growth
(Months 10-12)",Intertidal,NA,NA,NA,NA,NA,NA,NA,NA,NA,NA,NA,USGS,Spring,NA,NA
M12,SanPablo,B,24,b,2023-05-19,2023-06-21,2023,2.647417487,NA,NA,NA,NA,NA,NA,NA,NA,NA,NA,NA,June,Ramped,South.facing,"Growth
(Months 10-12)",Edge,NA,1.563,0.606988706,NA,NA,NA,NA,NA,NA,NA,NA,USGS,Spring,NA,Bay
M12,SanPablo,B,24,c,2023-05-19,2023-06-21,2023,4.179011389,NA,NA,NA,NA,NA,NA,NA,NA,NA,NA,NA,June,Ramped,South.facing,"Growth
(Months 10-12)",Edge,NA,1.563,0.606988706,NA,NA,NA,NA,NA,NA,NA,NA,USGS,Spring,6.541195051,Bay
M12,SanPablo,B,24,a,2023-05-19,2023-06-21,2023,37.25665831,NA,NA,NA,NA,NA,NA,NA,NA,NA,NA,NA,June,Ramped,South.facing,"Growth
(Months 10-12)",Edge,NA,1.563,0.606988706,NA,NA,NA,NA,NA,NA,NA,NA,USGS,Spring,NA,Bay
M12,SanPablo,B,48,b,2023-05-19,2023-06-21,2023,1.649185782,NA,NA,NA,NA,NA,NA,NA,NA,NA,NA,NA,June,Ramped,South.facing,"Growth
(Months 10-12)",Platform,NA,1.978,1.083888376,NA,NA,NA,NA,NA,NA,NA,NA,USGS,Spring,NA,Bay
M12,SanPablo,B,48,c,2023-05-19,2023-06-21,2023,NA,NA,NA,NA,NA,NA,NA,NA,NA,NA,NA,NA,June,Ramped,South.facing,"Growth
(Months 10-12)",Platform,NA,1.978,1.083888376,NA,NA,NA,NA,NA,NA,NA,NA,USGS,Spring,12.81419292,Bay
M12,SanPablo,B,48,a,2023-05-19,2023-06-21,2023,2.183833585,NA,NA,NA,NA,NA,NA,NA,NA,NA,NA,NA,June,Ramped,South.facing,"Growth
(Months 10-12)",Platform,NA,1.978,1.083888376,NA,NA,NA,NA,NA,NA,NA,NA,USGS,Spring,NA,Bay
M12,SanPablo,B,72,b,2023-05-19,2023-06-21,2023,17.82979029,NA,NA,NA,NA,NA,NA,NA,NA,NA,NA,NA,June,Ramped,South.facing,"Growth
(Months 10-12)",Upland,NA,2.012,1.122959674,NA,NA,NA,NA,NA,NA,NA,NA,USGS,Spring,NA,Bay
M12,SanPablo,B,72,c,2023-05-19,2023-06-21,2023,14.94590344,NA,NA,NA,NA,NA,NA,NA,NA,NA,NA,NA,June,Ramped,South.facing,"Growth
(Months 10-12)",Upland,NA,2.012,1.122959674,NA,NA,NA,NA,NA,NA,NA,NA,USGS,Spring,NA,Bay
M12,SanPablo,B,72,a,2023-05-19,2023-06-21,2023,15.67869862,NA,NA,NA,NA,NA,NA,NA,NA,NA,NA,NA,June,Ramped,South.facing,"Growth
(Months 10-12)",Upland,NA,2.012,1.122959674,NA,NA,NA,NA,NA,NA,NA,NA,USGS,Spring,13.27806122,Bay
M12,SanPablo,B,150,b,2023-05-19,2023-06-21,2023,4.507469939,NA,NA,NA,NA,NA,NA,NA,NA,NA,NA,NA,June,Ramped,South.facing,"Growth
(Months 10-12)",Upland,NA,2.014,1.125257985,NA,NA,NA,NA,NA,NA,NA,NA,USGS,Spring,NA,Bay
M12,SanPablo,B,150,c,2023-05-19,2023-06-21,2023,5.583795344,NA,NA,NA,NA,NA,NA,NA,NA,NA,NA,NA,June,Ramped,South.facing,"Growth
(Months 10-12)",Upland,NA,2.014,1.125257985,NA,NA,NA,NA,NA,NA,NA,NA,USGS,Spring,NA,Bay
M12,SanPablo,B,150,a,2023-05-19,2023-06-21,2023,4.314136742,NA,NA,NA,NA,NA,NA,NA,NA,NA,NA,NA,June,Ramped,South.facing,"Growth
(Months 10-12)",Upland,NA,2.014,1.125257985,NA,NA,NA,NA,NA,NA,NA,NA,USGS,Spring,NA,Bay
