Study.Phase,Site,Tran,Dist,Replicate,Date.placed.in.field,Date.removed.from.field,Year,Flux,Filter_Num,RB_Num,Flood_Obsv,BigBio_Obsv,SmallBio_Obsv,Drop_Obsv,OpenBag_Obsv,Position_Obsv,DryTime_Obsv,NegValue_Num,Master_Flag,marsh_edge_type,marsh_orientation,Phen_Period,Marsh_Area,Point_ID,Elevation_m,z_star,Month,Species,Cover,AvgHt,MaxHt,Study.Dataset,Season,LOI,Marsh_Loc
M7,Buck'sLanding,T1,0.5,a,2026-01-22,2026-02-21,2026,0.819536615,0,0,0,0,0,0,0,0,0,0,OK,Ramped,East.facing,"Wet
(Months 7-9)",Edge,B1-0.5a,1.6544577089154178,0.743807502,February,SAPA,50,48,53.5,Thesis,NA,NA,NA
M7,Buck'sLanding,T1,0.5,b,2026-01-22,2026-02-21,2026,0.454174502,0,0,0,0,0,0,0,0,0,0,OK,Ramped,East.facing,"Wet
(Months 7-9)",Edge,B1-0.5b,1.6599441198882396,0.750176929,February,SAPA,50,48,53.5,Thesis,NA,NA,NA
M7,Buck'sLanding,T1,0.5,c,2026-01-22,2026-02-21,2026,0.377884922,0,0,0,0,0,0,0,0,0,0,OK,Ramped,East.facing,"Wet
(Months 7-9)",Edge,B1-0.5c,1.6611633223266449,0.751592357,February,SAPA,50,48,53.5,Thesis,NA,NA,NA
M7,Buck'sLanding,T1,2,a,2026-01-22,2026-02-21,2026,0.38076674,0,0,0,0,0,0,0,0,0,0,OK,Ramped,East.facing,"Wet
(Months 7-9)",Edge,B1-2a,1.7718059436118871,0.880042463,February,SAPA,55,34,39,Thesis,NA,NA,NA
M7,Buck'sLanding,T1,2,b,2026-01-22,2026-02-21,2026,0.501436315,0,0,0,0,0,0,0,0,0,0,OK,Ramped,East.facing,"Wet
(Months 7-9)",Edge,B1-2b,1.7794259588519177,0.888888889,February,SAPA,55,34,39,Thesis,NA,NA,NA
M7,Buck'sLanding,T1,2,c,2026-01-22,2026-02-21,2026,0.667952993,0,0,0,0,0,0,1,0,0,0,Review,Ramped,East.facing,"Wet
(Months 7-9)",Edge,B1-2c,1.7669291338582676,0.87438075,February,SAPA,55,34,39,Thesis,NA,NA,NA
M7,Buck'sLanding,T1,6,a,2026-01-22,2026-02-21,2026,1.787879827,0,0,0,0,0,0,0,0,0,0,OK,Ramped,East.facing,"Wet
(Months 7-9)",Edge,B1-6a,1.8138684277368553,0.928874735,February,SAPA,80,31,33,Thesis,NA,NA,NA
M7,Buck'sLanding,T1,6,b,2026-01-22,2026-02-21,2026,1.640907114,0,0,0,0,0,0,0,0,0,0,OK,Ramped,East.facing,"Wet
(Months 7-9)",Edge,B1-6b,1.806248412496825,0.920028309,February,SAPA,80,31,33,Thesis,NA,NA,NA
M7,Buck'sLanding,T1,6,c,2026-01-22,2026-02-21,2026,1.60171439,0,0,0,0,0,0,0,0,0,0,OK,Ramped,East.facing,"Wet
(Months 7-9)",Edge,B1-6c,1.8053340106680211,0.918966737,February,SAPA,80,31,33,Thesis,NA,NA,NA
M7,Buck'sLanding,T1,12,a,2026-01-22,2026-02-21,2026,1.143819724,0,0,0,0,0,0,0,0,0,0,OK,Ramped,East.facing,"Wet
(Months 7-9)",Platform,B1-12a,1.8483108966217932,0.96886058,February,SAPA,90,34,41.5,Thesis,NA,NA,NA
M7,Buck'sLanding,T1,12,b,2026-01-22,2026-02-21,2026,0.670939605,0,0,0,0,0,0,0,0,0,0,OK,Ramped,East.facing,"Wet
(Months 7-9)",Platform,B1-12b,1.8461772923545847,0.966383581,February,SAPA,90,34,41.5,Thesis,NA,NA,NA
M7,Buck'sLanding,T1,12,c,2026-01-22,2026-02-21,2026,0.923858423,0,0,0,0,0,0,0,0,0,0,OK,Ramped,East.facing,"Wet
(Months 7-9)",Platform,B1-12c,1.8428244856489713,0.962491154,February,SAPA,90,34,41.5,Thesis,NA,NA,NA
M7,Buck'sLanding,T1,18,a,2026-01-22,2026-02-21,2026,0.923858423,0,0,0,0,0,0,0,0,0,0,OK,Ramped,East.facing,"Wet
(Months 7-9)",Platform,B1-18a,1.8736093472186943,0.998230715,February,TRIG,50,15,18.5,Thesis,NA,NA,NA
M7,Buck'sLanding,T1,18,a,2026-01-22,2026-02-21,2026,0.923858423,0,0,0,0,0,0,0,0,0,0,OK,Ramped,East.facing,"Wet
(Months 7-9)",Platform,B1-18a,1.8736093472186943,0.998230715,February,SAPA,20,25,36,Thesis,NA,NA,NA
M7,Buck'sLanding,T1,18,b,2026-01-22,2026-02-21,2026,0.679847042,0,0,0,0,0,0,0,0,0,0,OK,Ramped,East.facing,"Wet
(Months 7-9)",Platform,B1-18b,1.8745237490474984,0.999292286,February,TRIG,50,15,18.5,Thesis,NA,NA,NA
M7,Buck'sLanding,T1,18,b,2026-01-22,2026-02-21,2026,0.679847042,0,0,0,0,0,0,0,0,0,0,OK,Ramped,East.facing,"Wet
(Months 7-9)",Platform,B1-18b,1.8745237490474984,0.999292286,February,SAPA,20,25,36,Thesis,NA,NA,NA
M7,Buck'sLanding,T1,18,c,2026-01-22,2026-02-21,2026,0.732924888,0,0,0,0,1,0,0,0,0,0,Review,Ramped,East.facing,"Wet
(Months 7-9)",Platform,B1-18c,1.8806197612395223,1.006369427,February,TRIG,50,15,18.5,Thesis,NA,NA,NA
M7,Buck'sLanding,T1,18,c,2026-01-22,2026-02-21,2026,0.732924888,0,0,0,0,1,0,0,0,0,0,Review,Ramped,East.facing,"Wet
(Months 7-9)",Platform,B1-18c,1.8806197612395223,1.006369427,February,SAPA,20,25,36,Thesis,NA,NA,NA
M7,Buck'sLanding,T1,24,a,2026-01-22,2026-02-21,2026,0.181292544,0,0,0,0,0,0,0,0,0,0,OK,Ramped,East.facing,"Wet
(Months 7-9)",Platform,B1-24a,1.8641605283210565,0.987261146,February,TRIG,55,13,18.5,Thesis,NA,NA,NA
M7,Buck'sLanding,T1,24,a,2026-01-22,2026-02-21,2026,0.181292544,0,0,0,0,0,0,0,0,0,0,OK,Ramped,East.facing,"Wet
(Months 7-9)",Platform,B1-24a,1.8641605283210565,0.987261146,February,SAPA,30,29,36,Thesis,NA,NA,NA
M7,Buck'sLanding,T1,24,b,2026-01-22,2026-02-21,2026,1.152989145,1,0,0,0,0,0,0,0,0,0,Review,Ramped,East.facing,"Wet
(Months 7-9)",Platform,B1-24b,1.869037338074676,0.992922859,February,TRIG,55,13,18.5,Thesis,NA,NA,NA
M7,Buck'sLanding,T1,24,b,2026-01-22,2026-02-21,2026,1.152989145,1,0,0,0,0,0,0,0,0,0,Review,Ramped,East.facing,"Wet
(Months 7-9)",Platform,B1-24b,1.869037338074676,0.992922859,February,SAPA,30,29,36,Thesis,NA,NA,NA
M7,Buck'sLanding,T1,24,c,2026-01-22,2026-02-21,2026,0.414981778,0,0,0,0,0,0,0,0,0,0,OK,Ramped,East.facing,"Wet
(Months 7-9)",Platform,B1-24c,1.8714757429514857,0.995753715,February,TRIG,55,13,18.5,Thesis,NA,NA,NA
M7,Buck'sLanding,T1,24,c,2026-01-22,2026-02-21,2026,0.414981778,0,0,0,0,0,0,0,0,0,0,OK,Ramped,East.facing,"Wet
(Months 7-9)",Platform,B1-24c,1.8714757429514857,0.995753715,February,SAPA,30,29,36,Thesis,NA,NA,NA
M7,Buck'sLanding,T1,48,a,2026-01-22,2026-02-21,2026,1.124799726,0,0,0,0,0,0,0,0,0,0,OK,Ramped,East.facing,"Wet
(Months 7-9)",Upland,B1-48a,1.856845313690627,0.978768577,February,SAPA,70,36,38,Thesis,NA,NA,NA
M7,Buck'sLanding,T1,48,b,2026-01-22,2026-02-21,2026,0.942826024,0,0,0,0,0,0,0,0,0,0,OK,Ramped,East.facing,"Wet
(Months 7-9)",Upland,B1-48b,1.850749301498603,0.971691437,February,SAPA,70,36,38,Thesis,NA,NA,NA
M7,Buck'sLanding,T1,48,c,2026-01-22,2026-02-21,2026,1.0151858520000001,0,0,0,0,0,0,0,0,0,0,OK,Ramped,East.facing,"Wet
(Months 7-9)",Upland,B1-48c,1.8516637033274064,0.972753008,February,SAPA,70,36,38,Thesis,NA,NA,NA
M7,Buck'sLanding,T2,0.5,a,2026-01-22,2026-02-21,2026,2.023979308,0,0,0,0,0,0,0,0,0,0,OK,Ramped,East.facing,"Wet
(Months 7-9)",Edge,B2-0.5a,1.6338836677673354,0.7199221515,February,JACA,60,26,32,Thesis,NA,NA,NA
M7,Buck'sLanding,T2,0.5,a,2026-01-22,2026-02-21,2026,2.023979308,0,0,0,0,0,0,0,0,0,0,OK,Ramped,East.facing,"Wet
(Months 7-9)",Edge,B2-0.5a,1.6338836677673354,0.7199221515,February,SPFO,10,66,75,Thesis,NA,NA,NA
M7,Buck'sLanding,T2,0.5,a,2026-01-22,2026-02-21,2026,2.023979308,0,0,0,0,0,0,0,0,0,0,OK,Ramped,East.facing,"Wet
(Months 7-9)",Edge,B2-0.5a,1.6338836677673354,0.7199221515,February,SAPA,40,40,59,Thesis,NA,NA,NA
M7,Buck'sLanding,T2,0.5,b,2026-01-22,2026-02-21,2026,1.66359488,0,0,0,0,0,0,0,0,0,0,OK,Ramped,East.facing,"Wet
(Months 7-9)",Edge,B2-0.5b,1.6431800863601729,0.730714791,February,JACA,60,26,32,Thesis,NA,NA,NA
M7,Buck'sLanding,T2,0.5,b,2026-01-22,2026-02-21,2026,1.66359488,0,0,0,0,0,0,0,0,0,0,OK,Ramped,East.facing,"Wet
(Months 7-9)",Edge,B2-0.5b,1.6431800863601729,0.730714791,February,SPFO,10,66,75,Thesis,NA,NA,NA
M7,Buck'sLanding,T2,0.5,b,2026-01-22,2026-02-21,2026,1.66359488,0,0,0,0,0,0,0,0,0,0,OK,Ramped,East.facing,"Wet
(Months 7-9)",Edge,B2-0.5b,1.6431800863601729,0.730714791,February,SAPA,40,40,59,Thesis,NA,NA,NA
M7,Buck'sLanding,T2,0.5,c,2026-01-22,2026-02-21,2026,4.838572259,0,0,0,0,0,0,0,0,0,0,OK,Ramped,East.facing,"Wet
(Months 7-9)",Edge,B2-0.5c,1.6407416814833629,0.727883935,February,JACA,60,26,32,Thesis,NA,NA,NA
M7,Buck'sLanding,T2,0.5,c,2026-01-22,2026-02-21,2026,4.838572259,0,0,0,0,0,0,0,0,0,0,OK,Ramped,East.facing,"Wet
(Months 7-9)",Edge,B2-0.5c,1.6407416814833629,0.727883935,February,SPFO,10,66,75,Thesis,NA,NA,NA
M7,Buck'sLanding,T2,0.5,c,2026-01-22,2026-02-21,2026,4.838572259,0,0,0,0,0,0,0,0,0,0,OK,Ramped,East.facing,"Wet
(Months 7-9)",Edge,B2-0.5c,1.6407416814833629,0.727883935,February,SAPA,40,40,59,Thesis,NA,NA,NA
M7,Buck'sLanding,T2,2,a,2026-01-22,2026-02-21,2026,0.777724057,0,0,0,0,0,0,0,0,0,0,OK,Ramped,East.facing,"Wet
(Months 7-9)",Edge,B2-2a,1.773329946659893,0.881811748,February,SAPA,80,35,40,Thesis,NA,NA,NA
M7,Buck'sLanding,T2,2,b,2026-01-22,2026-02-21,2026,0.143252548,0,0,0,0,0,0,0,0,0,0,OK,Ramped,East.facing,"Wet
(Months 7-9)",Edge,B2-2b,1.7654051308102614,0.872611465,February,SAPA,80,35,40,Thesis,NA,NA,NA
M7,Buck'sLanding,T2,2,c,2026-01-22,2026-02-21,2026,0.268061462,0,0,0,0,0,0,0,0,0,0,OK,Ramped,East.facing,"Wet
(Months 7-9)",Edge,B2-2c,1.7696723393446787,0.877565464,February,SAPA,80,35,40,Thesis,NA,NA,NA
M7,Buck'sLanding,T2,6,a,2026-01-22,2026-02-21,2026,2.366810845,0,0,0,0,0,0,0,0,0,0,OK,Ramped,East.facing,"Wet
(Months 7-9)",Edge,B2-6a,1.843738887477775,0.963552725,February,SAPA,80,37,42,Thesis,NA,NA,NA
M7,Buck'sLanding,T2,6,b,2026-01-22,2026-02-21,2026,1.36860152,0,0,0,0,0,0,0,0,0,0,OK,Ramped,East.facing,"Wet
(Months 7-9)",Edge,B2-6b,1.8394716789433576,0.958598726,February,SAPA,80,37,42,Thesis,NA,NA,NA
M7,Buck'sLanding,T2,6,c,2026-01-22,2026-02-21,2026,2.079729386,0,0,0,0,0,0,0,0,0,0,OK,Ramped,East.facing,"Wet
(Months 7-9)",Edge,B2-6c,1.8376428752857503,0.956475584,February,SAPA,80,37,42,Thesis,NA,NA,NA
M7,Buck'sLanding,T2,12,a,2026-01-22,2026-02-21,2026,1.238395748,0,0,0,0,0,0,0,0,0,0,OK,Ramped,East.facing,"Wet
(Months 7-9)",Platform,B2-12a,1.84008128016256,0.95930644,February,SAPA,75,32,35,Thesis,NA,NA,NA
M7,Buck'sLanding,T2,12,b,2026-01-22,2026-02-21,2026,1.004444531,0,0,0,0,0,0,0,0,0,0,OK,Ramped,East.facing,"Wet
(Months 7-9)",Platform,B2-12b,1.835814071628143,0.954352442,February,SAPA,75,32,35,Thesis,NA,NA,NA
M7,Buck'sLanding,T2,12,c,2026-01-22,2026-02-21,2026,1.713319338,0,0,0,0,0,0,0,0,0,0,OK,Ramped,East.facing,"Wet
(Months 7-9)",Platform,B2-12c,1.822098044196088,0.938428875,February,SAPA,75,32,35,Thesis,NA,NA,NA
M7,Buck'sLanding,T2,24,a,2026-01-22,2026-02-21,2026,0.950895115,0,0,0,0,0,0,0,0,0,0,OK,Ramped,East.facing,"Wet
(Months 7-9)",Platform,B2-24a,1.8266700533401063,0.94373673,February,SAPA,65,42,55,Thesis,NA,NA,NA
M7,Buck'sLanding,T2,24,b,2026-01-22,2026-02-21,2026,0.712594972,0,0,0,0,0,0,0,0,0,0,OK,Ramped,East.facing,"Wet
(Months 7-9)",Platform,B2-24b,1.8294132588265175,0.946921444,February,SAPA,65,42,55,Thesis,NA,NA,NA
M7,Buck'sLanding,T2,24,c,2026-01-22,2026-02-21,2026,1.0334199,0,0,0,0,0,0,0,0,0,0,OK,Ramped,East.facing,"Wet
(Months 7-9)",Platform,B2-24c,1.8446532893065783,0.964614296,February,SAPA,65,42,55,Thesis,NA,NA,NA
M7,Buck'sLanding,T2,48,a,2026-01-22,2026-02-21,2026,0.790823229,0,0,0,0,0,0,0,0,0,0,OK,Ramped,East.facing,"Wet
(Months 7-9)",Upland,B2-48a,1.8416052832105665,0.961075725,February,SAPA,70,38,42,Thesis,NA,NA,NA
M7,Buck'sLanding,T2,48,b,2026-01-22,2026-02-21,2026,0.907825036,0,0,0,0,0,0,0,0,0,0,OK,Ramped,East.facing,"Wet
(Months 7-9)",Upland,B2-48b,1.8525781051562105,0.973814579,February,SAPA,70,38,42,Thesis,NA,NA,NA
M7,Buck'sLanding,T2,48,c,2026-01-22,2026-02-21,2026,0.93454734800000006,0,0,0,0,0,0,0,0,0,0,OK,Ramped,East.facing,"Wet
(Months 7-9)",Upland,B2-48c,1.849530099060198,0.970276008,February,SAPA,70,38,42,Thesis,NA,NA,NA
M7,GiantMarsh,T1,0.5,a,2026-01-23,2026-02-20,2026,0.17891598,0,0,0,0,0,0,0,0,0,0,OK,Scarped,West.facing,"Wet
(Months 7-9)",Edge,G1-0.5a,2.067462535,1.195887069,February,DISP,60,15,20.5,Thesis,NA,NA,NA
M7,GiantMarsh,T1,0.5,a,2026-01-23,2026-02-20,2026,0.17891598,0,0,0,0,0,0,0,0,0,0,OK,Scarped,West.facing,"Wet
(Months 7-9)",Edge,G1-0.5a,2.067462535,1.195887069,February,SAPA,40,26,29,Thesis,NA,NA,NA
M7,GiantMarsh,T1,0.5,b,2026-01-23,2026-02-20,2026,0.161175958,0,0,0,0,0,0,0,0,0,0,OK,Scarped,West.facing,"Wet
(Months 7-9)",Edge,G1-0.5b,2.066243332486665,1.194492855,February,DISP,60,15,20.5,Thesis,NA,NA,NA
M7,GiantMarsh,T1,0.5,b,2026-01-23,2026-02-20,2026,0.161175958,0,0,0,0,0,0,0,0,0,0,OK,Scarped,West.facing,"Wet
(Months 7-9)",Edge,G1-0.5b,2.066243332486665,1.194492855,February,SAPA,40,26,29,Thesis,NA,NA,NA
M7,GiantMarsh,T1,0.5,c,2026-01-23,2026-02-20,2026,0.228037876,0,0,0,0,0,0,0,0,0,0,OK,Scarped,West.facing,"Wet
(Months 7-9)",Edge,G1-0.5c,2.0574041148082296,1.184384803,February,DISP,60,15,20.5,Thesis,NA,NA,NA
M7,GiantMarsh,T1,0.5,c,2026-01-23,2026-02-20,2026,0.228037876,0,0,0,0,0,0,0,0,0,0,OK,Scarped,West.facing,"Wet
(Months 7-9)",Edge,G1-0.5c,2.0574041148082296,1.184384803,February,SAPA,40,26,29,Thesis,NA,NA,NA
M7,GiantMarsh,T1,2,a,2026-01-23,2026-02-20,2026,4.919824554,0,0,0,0,0,0,0,0,0,0,OK,Scarped,West.facing,"Wet
(Months 7-9)",Edge,G1-2a,2.0183896367792733,1.139769955,February,SAPA,50,29,31,Thesis,NA,NA,NA
M7,GiantMarsh,T1,2,b,2026-01-23,2026-02-20,2026,11.16268422,0,0,0,0,0,0,0,0,0,0,OK,Scarped,West.facing,"Wet
(Months 7-9)",Edge,G1-2b,2.019304038608077,1.140815615,February,SAPA,50,29,31,Thesis,NA,NA,NA
M7,GiantMarsh,T1,2,c,2026-01-23,2026-02-20,2026,6.171787301,0,0,0,0,0,0,0,0,0,0,OK,Scarped,West.facing,"Wet
(Months 7-9)",Edge,G1-2c,2.0189992379984756,1.140467062,February,SAPA,50,29,31,Thesis,NA,NA,NA
M7,GiantMarsh,T1,6,a,2026-01-23,2026-02-20,2026,12.71768696,0,0,0,1,0,0,1,0,0,0,Review,Scarped,West.facing,"Wet
(Months 7-9)",Edge,G1-6a,1.9723647447294896,1.087138376,February,SAPA,80,39,42.5,Thesis,NA,NA,NA
M7,GiantMarsh,T1,6,b,2026-01-23,2026-02-20,2026,14.02489079,0,0,0,1,0,0,0,0,0,0,Review,Scarped,West.facing,"Wet
(Months 7-9)",Edge,G1-6b,1.9793751587503172,1.095155106,February,SAPA,80,39,42.5,Thesis,NA,NA,NA
M7,GiantMarsh,T1,6,c,2026-01-23,2026-02-20,2026,17.87767548,0,0,0,1,0,0,0,0,0,0,Review,Scarped,West.facing,"Wet
(Months 7-9)",Edge,G1-6c,1.9763271526543051,1.091669571,February,SAPA,80,39,42.5,Thesis,NA,NA,NA
M7,GiantMarsh,T1,12,a,2026-01-23,2026-02-20,2026,8.038138656,0,0,0,1,0,0,0,0,0,0,Review,Scarped,West.facing,"Wet
(Months 7-9)",Platform,G1-12a,1.9418846837693675,1.052283025,February,SAPA,60,51,71,Thesis,NA,NA,NA
M7,GiantMarsh,T1,12,b,2026-01-23,2026-02-20,2026,5.83837594,0,0,0,1,0,0,0,0,0,0,Review,Scarped,West.facing,"Wet
(Months 7-9)",Platform,G1-12b,1.9495046990093976,1.060996863,February,SAPA,60,51,71,Thesis,NA,NA,NA
M7,GiantMarsh,T1,12,c,2026-01-23,2026-02-20,2026,6.735875086,0,0,0,1,0,0,0,0,0,0,Review,Scarped,West.facing,"Wet
(Months 7-9)",Platform,G1-12c,1.9577343154686309,1.070407808,February,SAPA,60,51,71,Thesis,NA,NA,NA
M7,GiantMarsh,T1,24,a,2026-01-23,2026-02-20,2026,4.820794811,0,0,0,1,0,0,0,0,0,0,Review,Scarped,West.facing,"Wet
(Months 7-9)",Platform,G1-24a,1.94005588011176,1.050191704,February,SAPA,85,38,44,Thesis,NA,NA,NA
M7,GiantMarsh,T1,24,b,2026-01-23,2026-02-20,2026,3.453297364,0,0,0,1,0,0,0,0,0,0,Review,Scarped,West.facing,"Wet
(Months 7-9)",Platform,G1-24b,1.9467614935229869,1.057859881,February,SAPA,85,38,44,Thesis,NA,NA,NA
M7,GiantMarsh,T1,24,c,2026-01-23,2026-02-20,2026,4.112316721,0,0,0,1,0,0,0,0,0,0,Review,Scarped,West.facing,"Wet
(Months 7-9)",Platform,G1-24c,1.952247904495809,1.064133845,February,SAPA,85,38,44,Thesis,NA,NA,NA
M7,GiantMarsh,T1,48,a,2026-01-23,2026-02-20,2026,1.152708448,0,0,0,0,0,0,0,0,0,0,OK,Scarped,West.facing,"Wet
(Months 7-9)",Upland,G1-48a,1.8736093472186943,0.974207041,February,SAPA,45,36,45,Thesis,NA,NA,NA
M7,GiantMarsh,T1,48,b,2026-01-23,2026-02-20,2026,1.410275601,0,0,0,0,0,0,0,0,0,0,OK,Scarped,West.facing,"Wet
(Months 7-9)",Upland,G1-48b,1.8595885191770385,0.95817358,February,SAPA,45,36,45,Thesis,NA,NA,NA
M7,GiantMarsh,T1,48,c,2026-01-23,2026-02-20,2026,2.367170137,0,0,0,0,0,0,0,0,0,0,OK,Scarped,West.facing,"Wet
(Months 7-9)",Upland,G1-48c,1.886106172212344,0.988497734,February,SAPA,45,36,45,Thesis,NA,NA,NA
M7,GiantMarsh,T2,0.5,a,2026-01-23,2026-02-20,2026,-0.052770951,0,0,0,0,0,0,0,0,0,1,Review,Scarped,West.facing,"Wet
(Months 7-9)",Edge,G2-0.5a,2.0357632715265432,1.159637504,February,SAPA,10,28,28,Thesis,NA,NA,NA
M7,GiantMarsh,T2,0.5,b,2026-01-23,2026-02-20,2026,0.288949028,0,0,0,0,0,0,0,0,0,0,OK,Scarped,West.facing,"Wet
(Months 7-9)",Edge,G2-0.5b,2.041249682499365,1.165911467,February,SAPA,10,28,28,Thesis,NA,NA,NA
M7,GiantMarsh,T2,0.5,c,2026-01-23,2026-02-20,2026,-5.836130368,0,0,0,0,0,0,0,0,0,1,Review,Scarped,West.facing,"Wet
(Months 7-9)",Edge,G2-0.5c,2.0519177038354077,1.17811084,February,SAPA,10,28,28,Thesis,NA,NA,NA
M7,GiantMarsh,T2,2,a,2026-01-23,2026-02-20,2026,10.97310177,0,0,0,0,0,0,0,0,0,0,OK,Scarped,West.facing,"Wet
(Months 7-9)",Edge,G2-2a,2.0616713233426465,1.189264552,February,SAPA,50,23.5,29,Thesis,NA,NA,NA
M7,GiantMarsh,T2,2,b,2026-01-23,2026-02-20,2026,36.153547090000004,0,0,0,0,0,0,0,0,0,0,OK,Scarped,West.facing,"Wet
(Months 7-9)",Edge,G2-2b,2.054051308102616,1.180550715,February,SAPA,50,23.5,29,Thesis,NA,NA,NA
M7,GiantMarsh,T2,2,c,2026-01-23,2026-02-20,2026,2.897293639,0,0,0,0,0,0,0,0,0,0,OK,Scarped,West.facing,"Wet
(Months 7-9)",Edge,G2-2c,2.0564897129794257,1.183339143,February,SAPA,50,23.5,29,Thesis,NA,NA,NA
M7,GiantMarsh,T2,6,a,2026-01-23,2026-02-20,2026,58.14084461,0,0,0,1,0,0,1,0,0,0,Review,Scarped,West.facing,"Wet
(Months 7-9)",Edge,G2-6a,1.9406654813309625,1.050888811,February,SAPA,90,33,37.5,Thesis,NA,NA,NA
M7,GiantMarsh,T2,6,b,2026-01-23,2026-02-20,2026,40.76106867,0,0,0,1,0,0,0,0,0,0,Review,Scarped,West.facing,"Wet
(Months 7-9)",Edge,G2-6b,1.9434086868173737,1.054025793,February,SAPA,90,33,37.5,Thesis,NA,NA,NA
M7,GiantMarsh,T2,6,c,2026-01-23,2026-02-20,2026,44.55159486,0,0,0,1,0,0,0,0,0,0,Review,Scarped,West.facing,"Wet
(Months 7-9)",Edge,G2-6c,1.9473710947421896,1.058556988,February,SAPA,90,33,37.5,Thesis,NA,NA,NA
M7,GiantMarsh,T2,12,a,2026-01-23,2026-02-20,2026,10.75219359,0,0,0,1,0,0,0,0,0,0,Review,Scarped,West.facing,"Wet
(Months 7-9)",Platform,G2-12a,1.9333502667005331,1.042523527,February,SAPA,90,39,45.5,Thesis,NA,NA,NA
M7,GiantMarsh,T2,12,b,2026-01-23,2026-02-20,2026,10.25227303,0,0,0,1,0,0,0,0,0,0,Review,Scarped,West.facing,"Wet
(Months 7-9)",Platform,G2-12b,1.9354838709677415,1.044963402,February,SAPA,90,39,45.5,Thesis,NA,NA,NA
M7,GiantMarsh,T2,12,c,2026-01-23,2026-02-20,2026,10.88732091,0,0,0,1,0,0,0,0,0,0,Review,Scarped,West.facing,"Wet
(Months 7-9)",Platform,G2-12c,1.9318262636525272,1.04078076,February,SAPA,90,39,45.5,Thesis,NA,NA,NA
M7,GiantMarsh,T2,24,a,2026-01-23,2026-02-20,2026,5.4203065,0,0,0,1,0,0,0,0,0,0,Review,Scarped,West.facing,"Wet
(Months 7-9)",Platform,G2-24a,1.9357886715773431,1.045311955,February,SAPA,70,41,46,Thesis,NA,NA,NA
M7,GiantMarsh,T2,24,b,2026-01-23,2026-02-20,2026,4.787391922,0,0,0,1,0,0,0,0,0,0,Review,Scarped,West.facing,"Wet
(Months 7-9)",Platform,G2-24b,1.9406654813309625,1.050888811,February,SAPA,70,41,46,Thesis,NA,NA,NA
M7,GiantMarsh,T2,24,c,2026-01-23,2026-02-20,2026,4.532294898,0,0,0,1,0,0,0,0,0,0,Review,Scarped,West.facing,"Wet
(Months 7-9)",Platform,G2-24c,1.9354838709677415,1.044963402,February,SAPA,70,41,46,Thesis,NA,NA,NA
M7,GiantMarsh,T2,48,a,2026-01-23,2026-02-20,2026,5.033675074,0,0,0,0,0,0,0,0,0,0,OK,Scarped,West.facing,"Wet
(Months 7-9)",Upland,G2-48a,1.8733045466090932,0.973858487,February,SAPA,90,37,43,Thesis,NA,NA,NA
M7,GiantMarsh,T2,48,b,2026-01-23,2026-02-20,2026,2.740159711,0,0,0,0,0,0,0,0,0,0,OK,Scarped,West.facing,"Wet
(Months 7-9)",Upland,G2-48b,1.897078994157988,1.001045661,February,SAPA,90,37,43,Thesis,NA,NA,NA
M7,GiantMarsh,T2,48,c,2026-01-23,2026-02-20,2026,3.950803927,0,0,0,0,0,0,0,0,0,0,OK,Scarped,West.facing,"Wet
(Months 7-9)",Upland,G2-48c,1.8836677673355344,0.985709306,February,SAPA,90,37,43,Thesis,NA,NA,NA
M7,CorteMadera,T1,0.5,a,2026-01-10,2026-02-07,2026,0.165442546,0,0,0,0,0,0,0,0,0,0,OK,Scarped,East.facing,"Wet
(Months 7-9)",Edge,C1-0.5a,1.6593345186690371,0.772363636,February,JACA,70,14,15,Thesis,NA,NA,NA
M7,CorteMadera,T1,0.5,a,2026-01-10,2026-02-07,2026,0.165442546,0,0,0,0,0,0,0,0,0,0,OK,Scarped,East.facing,"Wet
(Months 7-9)",Edge,C1-0.5a,1.6593345186690371,0.772363636,February,SAPA,15,22,25,Thesis,NA,NA,NA
M7,CorteMadera,T1,0.5,b,2026-01-10,2026-02-07,2026,0.059114693,0,0,0,0,0,0,0,0,0,0,OK,Scarped,East.facing,"Wet
(Months 7-9)",Edge,C1-0.5b,1.6684785369570738,0.783272727,February,JACA,70,14,15,Thesis,NA,NA,NA
M7,CorteMadera,T1,0.5,b,2026-01-10,2026-02-07,2026,0.059114693,0,0,0,0,0,0,0,0,0,0,OK,Scarped,East.facing,"Wet
(Months 7-9)",Edge,C1-0.5b,1.6684785369570738,0.783272727,February,SAPA,15,22,25,Thesis,NA,NA,NA
M7,CorteMadera,T1,0.5,c,2026-01-10,2026-02-07,2026,0.317411658,0,0,0,0,0,0,0,0,0,0,OK,Scarped,East.facing,"Wet
(Months 7-9)",Edge,C1-0.5c,1.6614681229362456,0.774909091,February,JACA,70,14,15,Thesis,NA,NA,NA
M7,CorteMadera,T1,0.5,c,2026-01-10,2026-02-07,2026,0.317411658,0,0,0,0,0,0,0,0,0,0,OK,Scarped,East.facing,"Wet
(Months 7-9)",Edge,C1-0.5c,1.6614681229362456,0.774909091,February,SAPA,15,22,25,Thesis,NA,NA,NA
M7,CorteMadera,T1,2,a,2026-01-10,2026-02-07,2026,1.005398899,0,0,0,0,0,0,0,0,0,0,OK,Scarped,East.facing,"Wet
(Months 7-9)",Edge,C1-2a,1.6462280924561847,0.756727273,February,SAPA,10,35,35,Thesis,NA,NA,NA
M7,CorteMadera,T1,2,a,2026-01-10,2026-02-07,2026,1.005398899,0,0,0,0,0,0,0,0,0,0,OK,Scarped,East.facing,"Wet
(Months 7-9)",Edge,C1-2a,1.6462280924561847,0.756727273,February,JACA,70,15,17.5,Thesis,NA,NA,NA
M7,CorteMadera,T1,2,b,2026-01-10,2026-02-07,2026,0.009655961,0,0,0,0,0,0,0,0,0,0,OK,Scarped,East.facing,"Wet
(Months 7-9)",Edge,C1-2b,1.6480568961137922,0.758909091,February,SAPA,10,35,35,Thesis,NA,NA,NA
M7,CorteMadera,T1,2,b,2026-01-10,2026-02-07,2026,0.009655961,0,0,0,0,0,0,0,0,0,0,OK,Scarped,East.facing,"Wet
(Months 7-9)",Edge,C1-2b,1.6480568961137922,0.758909091,February,JACA,70,15,17.5,Thesis,NA,NA,NA
M7,CorteMadera,T1,2,c,2026-01-10,2026-02-07,2026,2.168549259,0,0,0,0,0,0,0,0,0,0,OK,Scarped,East.facing,"Wet
(Months 7-9)",Edge,C1-2c,1.6462280924561847,0.756727273,February,SAPA,10,35,35,Thesis,NA,NA,NA
M7,CorteMadera,T1,2,c,2026-01-10,2026-02-07,2026,2.168549259,0,0,0,0,0,0,0,0,0,0,OK,Scarped,East.facing,"Wet
(Months 7-9)",Edge,C1-2c,1.6462280924561847,0.756727273,February,JACA,70,15,17.5,Thesis,NA,NA,NA
M7,CorteMadera,T1,6,a,2026-01-10,2026-02-07,2026,3.204993196,0,0,0,0,0,0,0,0,0,0,OK,Scarped,East.facing,"Wet
(Months 7-9)",Edge,C1-6a,1.664516129032258,0.778545455,February,DISP,90,25,31,Thesis,NA,NA,NA
M7,CorteMadera,T1,6,a,2026-01-10,2026-02-07,2026,3.204993196,0,0,0,0,0,0,0,0,0,0,OK,Scarped,East.facing,"Wet
(Months 7-9)",Edge,C1-6a,1.664516129032258,0.778545455,February,SAPA,15,31,30.5,Thesis,NA,NA,NA
M7,CorteMadera,T1,6,b,2026-01-10,2026-02-07,2026,6.58020078,0,0,0,0,0,0,0,0,0,0,OK,Scarped,East.facing,"Wet
(Months 7-9)",Edge,C1-6b,1.6620777241554483,0.775636364,February,DISP,90,25,31,Thesis,NA,NA,NA
M7,CorteMadera,T1,6,b,2026-01-10,2026-02-07,2026,6.58020078,0,0,0,0,0,0,0,0,0,0,OK,Scarped,East.facing,"Wet
(Months 7-9)",Edge,C1-6b,1.6620777241554483,0.775636364,February,SAPA,15,31,30.5,Thesis,NA,NA,NA
M7,CorteMadera,T1,6,c,2026-01-10,2026-02-07,2026,2.230920032,0,0,0,0,0,0,0,0,0,0,OK,Scarped,East.facing,"Wet
(Months 7-9)",Edge,C1-6c,1.6529337058674116,0.764727273,February,DISP,90,25,31,Thesis,NA,NA,NA
M7,CorteMadera,T1,6,c,2026-01-10,2026-02-07,2026,2.230920032,0,0,0,0,0,0,0,0,0,0,OK,Scarped,East.facing,"Wet
(Months 7-9)",Edge,C1-6c,1.6529337058674116,0.764727273,February,SAPA,15,31,30.5,Thesis,NA,NA,NA
M7,CorteMadera,T1,12,a,2026-01-10,2026-02-07,2026,4.203711518,0,0,0,0,0,0,0,0,0,0,OK,Scarped,East.facing,"Wet
(Months 7-9)",Platform,C1-12a,1.6413512827025651,0.750909091,February,SAPA,50,53,62,Thesis,NA,NA,NA
M7,CorteMadera,T1,12,a,2026-01-10,2026-02-07,2026,4.203711518,0,0,0,0,0,0,0,0,0,0,OK,Scarped,East.facing,"Wet
(Months 7-9)",Platform,C1-12a,1.6413512827025651,0.750909091,February,SPFO,15,71,98,Thesis,NA,NA,NA
M7,CorteMadera,T1,12,b,2026-01-10,2026-02-07,2026,6.303770819,0,0,0,0,0,0,0,0,0,0,OK,Scarped,East.facing,"Wet
(Months 7-9)",Platform,C1-12b,1.6447040894081788,0.754909091,February,SAPA,50,53,62,Thesis,NA,NA,NA
M7,CorteMadera,T1,12,b,2026-01-10,2026-02-07,2026,6.303770819,0,0,0,0,0,0,0,0,0,0,OK,Scarped,East.facing,"Wet
(Months 7-9)",Platform,C1-12b,1.6447040894081788,0.754909091,February,SPFO,15,71,98,Thesis,NA,NA,NA
M7,CorteMadera,T1,12,c,2026-01-10,2026-02-07,2026,5.357655031,0,0,0,0,0,0,0,0,0,0,OK,Scarped,East.facing,"Wet
(Months 7-9)",Platform,C1-12c,1.659029718059436,0.772,February,SAPA,50,53,62,Thesis,NA,NA,NA
M7,CorteMadera,T1,12,c,2026-01-10,2026-02-07,2026,5.357655031,0,0,0,0,0,0,0,0,0,0,OK,Scarped,East.facing,"Wet
(Months 7-9)",Platform,C1-12c,1.659029718059436,0.772,February,SPFO,15,71,98,Thesis,NA,NA,NA
M7,CorteMadera,T1,24,a,2026-01-10,2026-02-07,2026,6.405551387,0,0,0,0,0,0,0,0,0,0,OK,Scarped,East.facing,"Wet
(Months 7-9)",Platform,C1-24a,1.7199898399796798,0.844727273,February,SAPA,70,46,56,Thesis,NA,NA,NA
M7,CorteMadera,T1,24,a,2026-01-10,2026-02-07,2026,6.405551387,0,0,0,0,0,0,0,0,0,0,OK,Scarped,East.facing,"Wet
(Months 7-9)",Platform,C1-24a,1.7199898399796798,0.844727273,February,SPFO,30,68,74,Thesis,NA,NA,NA
M7,CorteMadera,T1,24,b,2026-01-10,2026-02-07,2026,5.224492588,0,0,0,0,0,0,0,0,0,0,OK,Scarped,East.facing,"Wet
(Months 7-9)",Platform,C1-24b,1.7184658369316737,0.842909091,February,SAPA,70,46,56,Thesis,NA,NA,NA
M7,CorteMadera,T1,24,b,2026-01-10,2026-02-07,2026,5.224492588,0,0,0,0,0,0,0,0,0,0,OK,Scarped,East.facing,"Wet
(Months 7-9)",Platform,C1-24b,1.7184658369316737,0.842909091,February,SPFO,30,68,74,Thesis,NA,NA,NA
M7,CorteMadera,T1,24,c,2026-01-10,2026-02-07,2026,6.034863525,0,0,0,0,0,0,0,0,0,0,OK,Scarped,East.facing,"Wet
(Months 7-9)",Platform,C1-24c,1.7141986283972566,0.837818182,February,SAPA,70,46,56,Thesis,NA,NA,NA
M7,CorteMadera,T1,24,c,2026-01-10,2026-02-07,2026,6.034863525,0,0,0,0,0,0,0,0,0,0,OK,Scarped,East.facing,"Wet
(Months 7-9)",Platform,C1-24c,1.7141986283972566,0.837818182,February,SPFO,30,68,74,Thesis,NA,NA,NA
M7,CorteMadera,T1,48,a,2026-01-10,2026-02-07,2026,1.855797164,0,0,0,0,0,0,0,0,0,0,OK,Scarped,East.facing,"Wet
(Months 7-9)",Upland,C1-48a,1.732486665,0.859636364,February,DISP,75,34,39,Thesis,NA,NA,NA
M7,CorteMadera,T1,48,a,2026-01-10,2026-02-07,2026,1.855797164,0,0,0,0,0,0,0,0,0,0,OK,Scarped,East.facing,"Wet
(Months 7-9)",Upland,C1-48a,1.732486665,0.859636364,February,SAPA,15,NA,NA,Thesis,NA,NA,NA
M7,CorteMadera,T1,48,b,2026-01-10,2026-02-07,2026,2.044481384,0,0,0,0,0,0,0,0,0,0,OK,Scarped,East.facing,"Wet
(Months 7-9)",Upland,C1-48b,1.7108458216916431,0.833818182,February,DISP,75,34,39,Thesis,NA,NA,NA
M7,CorteMadera,T1,48,b,2026-01-10,2026-02-07,2026,2.044481384,0,0,0,0,0,0,0,0,0,0,OK,Scarped,East.facing,"Wet
(Months 7-9)",Upland,C1-48b,1.7108458216916431,0.833818182,February,SAPA,15,NA,NA,Thesis,NA,NA,NA
M7,CorteMadera,T1,48,c,2026-01-10,2026-02-07,2026,1.762437492,0,0,0,0,0,0,0,0,0,0,OK,Scarped,East.facing,"Wet
(Months 7-9)",Upland,C1-48c,1.7065786131572265,0.828727273,February,DISP,75,34,39,Thesis,NA,NA,NA
M7,CorteMadera,T1,48,c,2026-01-10,2026-02-07,2026,1.762437492,0,0,0,0,0,0,0,0,0,0,OK,Scarped,East.facing,"Wet
(Months 7-9)",Upland,C1-48c,1.7065786131572265,0.828727273,February,SAPA,15,NA,NA,Thesis,NA,NA,NA
M7,CorteMadera,T2,0.5,a,2026-01-10,2026-02-07,2026,0.006006906,0,0,0,0,0,0,0,0,0,0,OK,Scarped,East.facing,"Wet
(Months 7-9)",Edge,C2-0.5a,1.621234442468885,0.726909091,February,SAPA,55,35,39,Thesis,NA,NA,NA
M7,CorteMadera,T2,0.5,a,2026-01-10,2026-02-07,2026,0.006006906,0,0,0,0,0,0,0,0,0,0,OK,Scarped,East.facing,"Wet
(Months 7-9)",Edge,C2-0.5a,1.621234442468885,0.726909091,February,JACA,50,NA,NA,Thesis,NA,NA,NA
M7,CorteMadera,T2,0.5,b,2026-01-10,2026-02-07,2026,-0.002245572,0,0,0,0,0,0,0,0,0,1,Review,Scarped,East.facing,"Wet
(Months 7-9)",Edge,C2-0.5b,1.6392176784353567,0.748363636,February,SAPA,55,35,39,Thesis,NA,NA,NA
M7,CorteMadera,T2,0.5,b,2026-01-10,2026-02-07,2026,-0.002245572,0,0,0,0,0,0,0,0,0,1,Review,Scarped,East.facing,"Wet
(Months 7-9)",Edge,C2-0.5b,1.6392176784353567,0.748363636,February,JACA,50,NA,NA,Thesis,NA,NA,NA
M7,CorteMadera,T2,0.5,c,2026-01-10,2026-02-07,2026,-0.073598635,0,0,0,0,0,0,0,0,0,1,Review,Scarped,East.facing,"Wet
(Months 7-9)",Edge,C2-0.5c,1.6495808991617982,0.760727273,February,SAPA,55,35,39,Thesis,NA,NA,NA
M7,CorteMadera,T2,0.5,c,2026-01-10,2026-02-07,2026,-0.073598635,0,0,0,0,0,0,0,0,0,1,Review,Scarped,East.facing,"Wet
(Months 7-9)",Edge,C2-0.5c,1.6495808991617982,0.760727273,February,JACA,50,NA,NA,Thesis,NA,NA,NA
M7,CorteMadera,T2,2,a,2026-01-10,2026-02-07,2026,0.155505888,0,0,0,0,0,0,0,0,0,0,OK,Scarped,East.facing,"Wet
(Months 7-9)",Edge,C2-2a,1.656286512573025,0.768727273,February,SAPA,30,32,31.5,Thesis,NA,NA,NA
M7,CorteMadera,T2,2,a,2026-01-10,2026-02-07,2026,0.155505888,0,0,0,0,0,0,0,0,0,0,OK,Scarped,East.facing,"Wet
(Months 7-9)",Edge,C2-2a,1.656286512573025,0.768727273,February,JACA,60,13,15,Thesis,NA,NA,NA
M7,CorteMadera,T2,2,b,2026-01-10,2026-02-07,2026,0.205301456,0,0,0,0,0,0,0,0,0,0,OK,Scarped,East.facing,"Wet
(Months 7-9)",Edge,C2-2b,1.6544577089154178,0.766545455,February,SAPA,30,32,31.5,Thesis,NA,NA,NA
M7,CorteMadera,T2,2,b,2026-01-10,2026-02-07,2026,0.205301456,0,0,0,0,0,0,0,0,0,0,OK,Scarped,East.facing,"Wet
(Months 7-9)",Edge,C2-2b,1.6544577089154178,0.766545455,February,JACA,60,13,15,Thesis,NA,NA,NA
M7,CorteMadera,T2,2,c,2026-01-10,2026-02-07,2026,0.31235912,0,0,0,0,0,0,0,0,0,0,OK,Scarped,East.facing,"Wet
(Months 7-9)",Edge,C2-2c,1.6556769113538228,0.768,February,SAPA,30,32,31.5,Thesis,NA,NA,NA
M7,CorteMadera,T2,2,c,2026-01-10,2026-02-07,2026,0.31235912,0,0,0,0,0,0,0,0,0,0,OK,Scarped,East.facing,"Wet
(Months 7-9)",Edge,C2-2c,1.6556769113538228,0.768,February,JACA,60,13,15,Thesis,NA,NA,NA
M7,CorteMadera,T2,6,a,2026-01-10,2026-02-07,2026,6.030260101,0,0,0,0,0,0,0,0,0,0,OK,Scarped,East.facing,"Wet
(Months 7-9)",Edge,C2-6a,1.6623825247650494,0.776,February,SAPA,45,48,57,Thesis,NA,NA,NA
M7,CorteMadera,T2,6,a,2026-01-10,2026-02-07,2026,6.030260101,0,0,0,0,0,0,0,0,0,0,OK,Scarped,East.facing,"Wet
(Months 7-9)",Edge,C2-6a,1.6623825247650494,0.776,February,SPFO,20,70,81,Thesis,NA,NA,NA
M7,CorteMadera,T2,6,b,2026-01-10,2026-02-07,2026,5.349065716,0,0,0,0,0,0,0,0,0,0,OK,Scarped,East.facing,"Wet
(Months 7-9)",Edge,C2-6b,1.6727457454914911,0.788363636,February,SAPA,45,48,57,Thesis,NA,NA,NA
M7,CorteMadera,T2,6,b,2026-01-10,2026-02-07,2026,5.349065716,0,0,0,0,0,0,0,0,0,0,OK,Scarped,East.facing,"Wet
(Months 7-9)",Edge,C2-6b,1.6727457454914911,0.788363636,February,SPFO,20,70,81,Thesis,NA,NA,NA
M7,CorteMadera,T2,6,c,2026-01-10,2026-02-07,2026,1.492800387,0,0,0,0,0,0,0,0,0,0,OK,Scarped,East.facing,"Wet
(Months 7-9)",Edge,C2-6c,1.6675641351282702,0.782181818,February,SAPA,45,48,57,Thesis,NA,NA,NA
M7,CorteMadera,T2,6,c,2026-01-10,2026-02-07,2026,1.492800387,0,0,0,0,0,0,0,0,0,0,OK,Scarped,East.facing,"Wet
(Months 7-9)",Edge,C2-6c,1.6675641351282702,0.782181818,February,SPFO,20,70,81,Thesis,NA,NA,NA
M7,CorteMadera,T2,12,a,2026-01-10,2026-02-07,2026,4.307681519,0,0,0,0,0,0,0,0,0,0,OK,Scarped,East.facing,"Wet
(Months 7-9)",Platform,C2-12a,1.664820929641859,0.778909091,February,SAPA,50,45,57,Thesis,NA,NA,NA
M7,CorteMadera,T2,12,b,2026-01-10,2026-02-07,2026,4.452745496,0,0,0,0,0,0,0,0,0,0,OK,Scarped,East.facing,"Wet
(Months 7-9)",Platform,C2-12b,1.6651257302514604,0.779272727,February,SAPA,50,45,57,Thesis,NA,NA,NA
M7,CorteMadera,T2,12,c,2026-01-10,2026-02-07,2026,3.541604498,0,0,0,0,0,0,0,0,0,0,OK,Scarped,East.facing,"Wet
(Months 7-9)",Platform,C2-12c,1.6657353314706629,0.78,February,SAPA,50,45,57,Thesis,NA,NA,NA
M7,CorteMadera,T2,24,a,2026-01-10,2026-02-07,2026,3.673644155,0,0,0,0,0,0,0,0,0,0,OK,Scarped,East.facing,"Wet
(Months 7-9)",Platform,C2-24a,1.6794513589027176,0.796363636,February,SPFO,15,60,65,Thesis,NA,NA,NA
M7,CorteMadera,T2,24,a,2026-01-10,2026-02-07,2026,3.673644155,0,0,0,0,0,0,0,0,0,0,OK,Scarped,East.facing,"Wet
(Months 7-9)",Platform,C2-24a,1.6794513589027176,0.796363636,February,SAPA,45,42,52,Thesis,NA,NA,NA
M7,CorteMadera,T2,24,b,2026-01-10,2026-02-07,2026,3.32748917,0,0,0,0,0,0,0,0,0,0,OK,Scarped,East.facing,"Wet
(Months 7-9)",Platform,C2-24b,1.6843281686563372,0.802181818,February,SPFO,15,60,65,Thesis,NA,NA,NA
M7,CorteMadera,T2,24,b,2026-01-10,2026-02-07,2026,3.32748917,0,0,0,0,0,0,0,0,0,0,OK,Scarped,East.facing,"Wet
(Months 7-9)",Platform,C2-24b,1.6843281686563372,0.802181818,February,SAPA,45,42,52,Thesis,NA,NA,NA
M7,CorteMadera,T2,24,c,2026-01-10,2026-02-07,2026,4.002283674,0,0,0,0,0,0,0,0,0,0,OK,Scarped,East.facing,"Wet
(Months 7-9)",Platform,C2-24c,1.6751841503683007,0.791272727,February,SPFO,15,60,65,Thesis,NA,NA,NA
M7,CorteMadera,T2,24,c,2026-01-10,2026-02-07,2026,4.002283674,0,0,0,0,0,0,0,0,0,0,OK,Scarped,East.facing,"Wet
(Months 7-9)",Platform,C2-24c,1.6751841503683007,0.791272727,February,SAPA,45,42,52,Thesis,NA,NA,NA
M7,CorteMadera,T2,48,a,2026-01-10,2026-02-07,2026,2.235691873,0,0,0,0,0,0,0,0,0,0,OK,Scarped,East.facing,"Wet
(Months 7-9)",Upland,C2-48a,1.6794513589027176,0.796363636,February,DISP,95,34,44,Thesis,NA,NA,NA
M7,CorteMadera,T2,48,a,2026-01-10,2026-02-07,2026,2.235691873,0,0,0,0,0,0,0,0,0,0,OK,Scarped,East.facing,"Wet
(Months 7-9)",Upland,C2-48a,1.6794513589027176,0.796363636,February,SPFO,5,58,57.5,Thesis,NA,NA,NA
M7,CorteMadera,T2,48,b,2026-01-10,2026-02-07,2026,2.001815509,0,0,0,0,0,0,0,0,0,0,OK,Scarped,East.facing,"Wet
(Months 7-9)",Upland,C2-48b,1.6821945643891287,0.799636364,February,DISP,95,34,44,Thesis,NA,NA,NA
M7,CorteMadera,T2,48,b,2026-01-10,2026-02-07,2026,2.001815509,0,0,0,0,0,0,0,0,0,0,OK,Scarped,East.facing,"Wet
(Months 7-9)",Upland,C2-48b,1.6821945643891287,0.799636364,February,SPFO,5,58,57.5,Thesis,NA,NA,NA
M7,CorteMadera,T2,48,c,2026-01-10,2026-02-07,2026,1.9309677,0,0,0,0,0,0,0,0,0,0,OK,Scarped,East.facing,"Wet
(Months 7-9)",Upland,C2-48c,1.673050546101092,0.788727273,February,DISP,95,34,44,Thesis,NA,NA,NA
M7,CorteMadera,T2,48,c,2026-01-10,2026-02-07,2026,1.9309677,0,0,0,0,0,0,0,0,0,0,OK,Scarped,East.facing,"Wet
(Months 7-9)",Upland,C2-48c,1.673050546101092,0.788727273,February,SPFO,5,58,57.5,Thesis,NA,NA,NA
M7,SanPablo,T1,0.5,a,2026-01-11,2026-02-06,2026,1.540523119,0,0,0,0,0,0,0,0,0,0,OK,Ramped,South.facing,"Wet
(Months 7-9)",Edge,S1-0.5a,1.706273812547625,0.771628722,February,SAPA,65,57,66,Thesis,NA,NA,NA
M7,SanPablo,T1,0.5,a,2026-01-11,2026-02-06,2026,1.540523119,0,0,0,0,0,0,0,0,0,0,OK,Ramped,South.facing,"Wet
(Months 7-9)",Edge,S1-0.5a,1.706273812547625,0.771628722,February,SPFO,20,NA,NA,Thesis,NA,NA,NA
M7,SanPablo,T1,0.5,b,2026-01-11,2026-02-06,2026,0.769143092,0,0,0,0,0,0,0,0,0,0,OK,Ramped,South.facing,"Wet
(Months 7-9)",Edge,S1-0.5b,1.722733045466091,0.790542907,February,SAPA,65,57,66,Thesis,NA,NA,NA
M7,SanPablo,T1,0.5,b,2026-01-11,2026-02-06,2026,0.769143092,0,0,0,0,0,0,0,0,0,0,OK,Ramped,South.facing,"Wet
(Months 7-9)",Edge,S1-0.5b,1.722733045466091,0.790542907,February,SPFO,20,NA,NA,Thesis,NA,NA,NA
M7,SanPablo,T1,0.5,c,2026-01-11,2026-02-06,2026,0.854267559,0,0,0,0,0,0,0,0,0,0,OK,Ramped,South.facing,"Wet
(Months 7-9)",Edge,S1-0.5c,1.723037846075692,0.79089317,February,SAPA,65,57,66,Thesis,NA,NA,NA
M7,SanPablo,T1,0.5,c,2026-01-11,2026-02-06,2026,0.854267559,0,0,0,0,0,0,0,0,0,0,OK,Ramped,South.facing,"Wet
(Months 7-9)",Edge,S1-0.5c,1.723037846075692,0.79089317,February,SPFO,20,NA,NA,Thesis,NA,NA,NA
M7,SanPablo,T1,2,a,2026-01-11,2026-02-06,2026,2.50204267,0,0,0,0,0,0,0,0,0,0,OK,Ramped,South.facing,"Wet
(Months 7-9)",Edge,S1-2a,1.6913385826771654,0.754465849,February,SAPA,70,53,62.5,Thesis,NA,NA,NA
M7,SanPablo,T1,2,b,2026-01-11,2026-02-06,2026,1.82056327,0,0,0,0,0,0,0,0,0,0,OK,Ramped,South.facing,"Wet
(Months 7-9)",Edge,S1-2b,1.7202946405892812,0.787740806,February,SAPA,70,53,62.5,Thesis,NA,NA,NA
M7,SanPablo,T1,2,c,2026-01-11,2026-02-06,2026,1.073849991,0,0,0,0,0,0,0,0,0,0,OK,Ramped,South.facing,"Wet
(Months 7-9)",Edge,S1-2c,1.7550419100838202,0.827670753,February,SAPA,70,53,62.5,Thesis,NA,NA,NA
M7,SanPablo,T1,6,a,2026-01-11,2026-02-06,2026,1.963183027,0,0,0,0,0,0,0,0,0,0,OK,Ramped,South.facing,"Wet
(Months 7-9)",Edge,S1-6a,1.8266700533401063,0.909982487,February,SAPA,50,60,63,Thesis,NA,NA,NA
M7,SanPablo,T1,6,b,2026-01-11,2026-02-06,2026,1.573835321,0,0,0,0,0,0,0,0,0,0,OK,Ramped,South.facing,"Wet
(Months 7-9)",Edge,S1-6b,1.8254508509017016,0.908581436,February,SAPA,50,60,63,Thesis,NA,NA,NA
M7,SanPablo,T1,6,c,2026-01-11,2026-02-06,2026,1.672200029,0,0,0,0,0,0,0,0,0,0,OK,Ramped,South.facing,"Wet
(Months 7-9)",Edge,S1-6c,1.83002286004572,0.913835377,February,SAPA,50,60,63,Thesis,NA,NA,NA
M7,SanPablo,T1,12,a,2026-01-11,2026-02-06,2026,3.939142785,1,0,0,0,0,0,0,0,0,0,Review,Ramped,South.facing,"Wet
(Months 7-9)",Platform,S1-12a,1.877266954533909,0.968126095,February,SAPA,65,50,51,Thesis,NA,NA,NA
M7,SanPablo,T1,12,b,2026-01-11,2026-02-06,2026,2.784642197,1,0,0,0,0,0,0,0,0,0,Review,Ramped,South.facing,"Wet
(Months 7-9)",Platform,S1-12b,1.889763779527559,0.982486865,February,SAPA,65,50,51,Thesis,NA,NA,NA
M7,SanPablo,T1,12,c,2026-01-11,2026-02-06,2026,1.603399146,0,0,0,0,0,0,1,0,0,0,Review,Ramped,South.facing,"Wet
(Months 7-9)",Platform,S1-12c,1.8851917703835408,0.977232925,February,SAPA,65,50,51,Thesis,NA,NA,NA
M7,SanPablo,T1,24,a,2026-01-11,2026-02-06,2026,1.724798244,0,0,0,0,0,0,0,0,0,0,OK,Ramped,South.facing,"Wet
(Months 7-9)",Platform,S1-24a,1.9751079502159004,1.08056042,February,SAPA,85,57,60,Thesis,NA,NA,NA
M7,SanPablo,T1,24,b,2026-01-11,2026-02-06,2026,1.682175552,0,0,0,0,0,0,0,0,0,0,OK,Ramped,South.facing,"Wet
(Months 7-9)",Platform,S1-24b,1.984861569723139,1.091768827,February,SAPA,85,57,60,Thesis,NA,NA,NA
M7,SanPablo,T1,24,c,2026-01-11,2026-02-06,2026,1.79722659,0,0,0,0,0,0,0,0,0,0,OK,Ramped,South.facing,"Wet
(Months 7-9)",Platform,S1-24c,1.9751079502159004,1.08056042,February,SAPA,85,57,60,Thesis,NA,NA,NA
M7,SanPablo,T1,48,a,2026-01-11,2026-02-06,2026,1.288414434,0,0,0,0,0,0,0,0,0,0,OK,Ramped,South.facing,"Wet
(Months 7-9)",Upland,S1-48a,2.013208026416053,1.124343257,February,SAPA,90,56,61.5,Thesis,NA,NA,NA
M7,SanPablo,T1,48,b,2026-01-11,2026-02-06,2026,1.279043487,0,0,0,0,0,0,0,0,0,0,OK,Ramped,South.facing,"Wet
(Months 7-9)",Upland,S1-48b,2.0159512319024637,1.127495622,February,SAPA,90,56,61.5,Thesis,NA,NA,NA
M7,SanPablo,T1,48,c,2026-01-11,2026-02-06,2026,1.398387023,0,0,0,0,0,0,0,0,0,0,OK,Ramped,South.facing,"Wet
(Months 7-9)",Upland,S1-48c,2.0144272288544576,1.125744308,February,SAPA,90,56,61.5,Thesis,NA,NA,NA
M7,SanPablo,T2,0.5,a,2026-01-11,2026-02-06,2026,0.993924888,0,0,0,1,0,0,0,0,0,0,Review,Ramped,South.facing,"Wet
(Months 7-9)",Edge,S2-0.5a,1.727305054610109,0.795796848,February,SPFO,20,67,67.5,Thesis,NA,NA,NA
M7,SanPablo,T2,0.5,a,2026-01-11,2026-02-06,2026,0.993924888,0,0,0,1,0,0,0,0,0,0,Review,Ramped,South.facing,"Wet
(Months 7-9)",Edge,S2-0.5a,1.727305054610109,0.795796848,February,SAPA,30,52,57,Thesis,NA,NA,NA
M7,SanPablo,T2,0.5,b,2026-01-11,2026-02-06,2026,1.223180556,0,0,0,0,0,0,0,0,0,0,OK,Ramped,South.facing,"Wet
(Months 7-9)",Edge,S2-0.5b,1.7297434594869188,0.798598949,February,SPFO,20,67,67.5,Thesis,NA,NA,NA
M7,SanPablo,T2,0.5,b,2026-01-11,2026-02-06,2026,1.223180556,0,0,0,0,0,0,0,0,0,0,OK,Ramped,South.facing,"Wet
(Months 7-9)",Edge,S2-0.5b,1.7297434594869188,0.798598949,February,SAPA,30,52,57,Thesis,NA,NA,NA
M7,SanPablo,T2,0.5,c,2026-01-11,2026-02-06,2026,0.995738619,0,0,0,0,0,0,0,0,0,0,OK,Ramped,South.facing,"Wet
(Months 7-9)",Edge,S2-0.5c,1.721818643637287,0.789492119,February,SPFO,20,67,67.5,Thesis,NA,NA,NA
M7,SanPablo,T2,0.5,c,2026-01-11,2026-02-06,2026,0.995738619,0,0,0,0,0,0,0,0,0,0,OK,Ramped,South.facing,"Wet
(Months 7-9)",Edge,S2-0.5c,1.721818643637287,0.789492119,February,SAPA,30,52,57,Thesis,NA,NA,NA
M7,SanPablo,T2,2,a,2026-01-11,2026-02-06,2026,2.789760951,0,0,0,0,0,0,0,0,0,0,OK,Ramped,South.facing,"Wet
(Months 7-9)",Edge,S2-2a,1.7401066802133602,0.810507881,February,SPFO,20,70,79,Thesis,NA,NA,NA
M7,SanPablo,T2,2,a,2026-01-11,2026-02-06,2026,2.789760951,0,0,0,0,0,0,0,0,0,0,OK,Ramped,South.facing,"Wet
(Months 7-9)",Edge,S2-2a,1.7401066802133602,0.810507881,February,SAPA,35,55,65.5,Thesis,NA,NA,NA
M7,SanPablo,T2,2,b,2026-01-11,2026-02-06,2026,1.447418233,0,0,0,0,0,0,0,0,0,0,OK,Ramped,South.facing,"Wet
(Months 7-9)",Edge,S2-2b,1.751993903987808,0.824168126,February,SPFO,20,70,79,Thesis,NA,NA,NA
M7,SanPablo,T2,2,b,2026-01-11,2026-02-06,2026,1.447418233,0,0,0,0,0,0,0,0,0,0,OK,Ramped,South.facing,"Wet
(Months 7-9)",Edge,S2-2b,1.751993903987808,0.824168126,February,SAPA,35,55,65.5,Thesis,NA,NA,NA
M7,SanPablo,T2,2,c,2026-01-11,2026-02-06,2026,1.485990257,0,0,0,0,0,0,0,0,0,0,OK,Ramped,South.facing,"Wet
(Months 7-9)",Edge,S2-2c,1.750469900939802,0.822416813,February,SPFO,20,70,79,Thesis,NA,NA,NA
M7,SanPablo,T2,2,c,2026-01-11,2026-02-06,2026,1.485990257,0,0,0,0,0,0,0,0,0,0,OK,Ramped,South.facing,"Wet
(Months 7-9)",Edge,S2-2c,1.750469900939802,0.822416813,February,SAPA,35,55,65.5,Thesis,NA,NA,NA
M7,SanPablo,T2,6,a,2026-01-11,2026-02-06,2026,2.291831183,0,0,0,0,0,0,0,0,0,0,OK,Ramped,South.facing,"Wet
(Months 7-9)",Edge,S2-6a,1.8239268478536956,0.906830123,February,SAPA,65,52,62,Thesis,NA,NA,NA
M7,SanPablo,T2,6,b,2026-01-11,2026-02-06,2026,1.707567794,0,0,0,0,0,0,0,0,0,0,OK,Ramped,South.facing,"Wet
(Months 7-9)",Edge,S2-6b,1.8135636271272544,0.894921191,February,SAPA,65,52,62,Thesis,NA,NA,NA
M7,SanPablo,T2,6,c,2026-01-11,2026-02-06,2026,2.369761182,0,0,0,0,0,0,0,0,0,0,OK,Ramped,South.facing,"Wet
(Months 7-9)",Edge,S2-6c,1.8083820167640337,0.888966725,February,SAPA,65,52,62,Thesis,NA,NA,NA
M7,SanPablo,T2,12,a,2026-01-11,2026-02-06,2026,1.151961363,0,0,0,0,0,0,0,0,0,0,OK,Ramped,South.facing,"Wet
(Months 7-9)",Platform,S2-12a,1.899517399034798,0.993695271,February,SAPA,75,54,57,Thesis,NA,NA,NA
M7,SanPablo,T2,12,b,2026-01-11,2026-02-06,2026,1.127294614,0,0,0,0,0,0,0,0,0,0,OK,Ramped,South.facing,"Wet
(Months 7-9)",Platform,S2-12b,1.8912877825755652,0.984238179,February,SAPA,75,54,57,Thesis,NA,NA,NA
M7,SanPablo,T2,12,c,2026-01-11,2026-02-06,2026,1.204075917,0,0,0,0,0,0,0,0,0,0,OK,Ramped,South.facing,"Wet
(Months 7-9)",Platform,S2-12c,1.8836677673355344,0.975481611,February,SAPA,75,54,57,Thesis,NA,NA,NA
M7,SanPablo,T2,24,a,2026-01-11,2026-02-06,2026,2.164084025,0,0,0,0,0,0,0,0,0,0,OK,Ramped,South.facing,"Wet
(Months 7-9)",Platform,S2-24a,2.0001016002032004,1.109281961,February,SAPA,70,57,62.5,Thesis,NA,NA,NA
M7,SanPablo,T2,24,b,2026-01-11,2026-02-06,2026,2.540251948,0,0,0,0,0,0,0,0,0,0,OK,Ramped,South.facing,"Wet
(Months 7-9)",Platform,S2-24b,1.9979679959359915,1.106830123,February,SAPA,70,57,62.5,Thesis,NA,NA,NA
M7,SanPablo,T2,24,c,2026-01-11,2026-02-06,2026,2.130953195,0,0,0,0,0,0,0,0,0,0,OK,Ramped,South.facing,"Wet
(Months 7-9)",Platform,S2-24c,1.9915671831343664,1.099474606,February,SAPA,70,57,62.5,Thesis,NA,NA,NA
M7,SanPablo,T2,48,a,2026-01-11,2026-02-06,2026,1.700010579,0,0,0,0,0,0,0,0,0,0,OK,Ramped,South.facing,"Wet
(Months 7-9)",Upland,S2-48a,2.0138176276352553,1.125043783,February,SAPA,75,47.25,50,Thesis,NA,NA,NA
M7,SanPablo,T2,48,b,2026-01-11,2026-02-06,2026,2.042201265,0,0,0,0,0,0,1,0,0,0,Review,Ramped,South.facing,"Wet
(Months 7-9)",Upland,S2-48b,2.022961645923292,1.135551664,February,SAPA,75,47.25,50,Thesis,NA,NA,NA
M7,SanPablo,T2,48,c,2026-01-11,2026-02-06,2026,1.889605984,0,1,0,0,0,0,0,0,0,0,Review,Ramped,South.facing,"Wet
(Months 7-9)",Upland,S2-48c,2.0205232410464817,1.132749562,February,SAPA,75,47.25,50,Thesis,NA,NA,NA
M7,CorteMadera,T1,18,a,2026-01-10,2026-02-07,2026,4.591914845,0,0,0,0,0,0,0,0,0,0,OK,Scarped,East.facing,"Wet
(Months 7-9)",Platform,C1-18a,1.679756159512319,0.796727273,February,SAPA,65,46,48,Thesis,NA,NA,NA
M7,CorteMadera,T1,18,a,2026-01-10,2026-02-07,2026,4.591914845,0,0,0,0,0,0,0,0,0,0,OK,Scarped,East.facing,"Wet
(Months 7-9)",Platform,C1-18a,1.679756159512319,0.796727273,February,SPFO,30,73,81,Thesis,NA,NA,NA
M7,CorteMadera,T1,18,b,2026-01-10,2026-02-07,2026,3.60650154,0,0,0,0,0,0,0,0,0,0,OK,Scarped,East.facing,"Wet
(Months 7-9)",Platform,C1-18b,1.6696977393954786,0.784727273,February,SAPA,65,46,48,Thesis,NA,NA,NA
M7,CorteMadera,T1,18,b,2026-01-10,2026-02-07,2026,3.60650154,0,0,0,0,0,0,0,0,0,0,OK,Scarped,East.facing,"Wet
(Months 7-9)",Platform,C1-18b,1.6696977393954786,0.784727273,February,SPFO,30,73,81,Thesis,NA,NA,NA
M7,CorteMadera,T1,18,c,2026-01-10,2026-02-07,2026,3.305201864,0,0,0,0,0,0,0,0,0,0,OK,Scarped,East.facing,"Wet
(Months 7-9)",Platform,C1-18c,1.671526543053086,0.786909091,February,SAPA,65,46,48,Thesis,NA,NA,NA
M7,CorteMadera,T1,18,c,2026-01-10,2026-02-07,2026,3.305201864,0,0,0,0,0,0,0,0,0,0,OK,Scarped,East.facing,"Wet
(Months 7-9)",Platform,C1-18c,1.671526543053086,0.786909091,February,SPFO,30,73,81,Thesis,NA,NA,NA
M7,CorteMadera,T2,18,a,2026-01-10,2026-02-07,2026,3.092209323,0,0,0,0,0,0,0,0,0,0,OK,Scarped,East.facing,"Wet
(Months 7-9)",Platform,C2-18a,1.6623825247650494,0.776,February,SAPA,45,48,55,Thesis,NA,NA,NA
M7,CorteMadera,T2,18,a,2026-01-10,2026-02-07,2026,3.092209323,0,0,0,0,0,0,0,0,0,0,OK,Scarped,East.facing,"Wet
(Months 7-9)",Platform,C2-18a,1.6623825247650494,0.776,February,SPFO,40,66,70,Thesis,NA,NA,NA
M7,CorteMadera,T2,18,b,2026-01-10,2026-02-07,2026,2.632372236,0,0,0,0,0,0,0,0,0,0,OK,Scarped,East.facing,"Wet
(Months 7-9)",Platform,C2-18b,1.6672593345186688,0.781818182,February,SAPA,45,48,55,Thesis,NA,NA,NA
M7,CorteMadera,T2,18,b,2026-01-10,2026-02-07,2026,2.632372236,0,0,0,0,0,0,0,0,0,0,OK,Scarped,East.facing,"Wet
(Months 7-9)",Platform,C2-18b,1.6672593345186688,0.781818182,February,SPFO,40,66,70,Thesis,NA,NA,NA
M7,CorteMadera,T2,18,c,2026-01-10,2026-02-07,2026,NA,0,0,0,0,0,0,0,0,0,NA,#VALUE!,Scarped,East.facing,"Wet
(Months 7-9)",Platform,C2-18c,1.6773177546355091,0.793818182,February,SAPA,45,48,55,Thesis,NA,NA,NA
M7,CorteMadera,T2,18,c,2026-01-10,2026-02-07,2026,NA,0,0,0,0,0,0,0,0,0,NA,#VALUE!,Scarped,East.facing,"Wet
(Months 7-9)",Platform,C2-18c,1.6773177546355091,0.793818182,February,SPFO,40,66,70,Thesis,NA,NA,NA
M7,SanPablo,T1,18,a,2026-01-11,2026-02-06,2026,1.275476482,0,0,0,0,0,0,0,0,0,0,OK,Ramped,South.facing,"Wet
(Months 7-9)",Platform,S1-18a,1.9778511557023113,1.083712785,February,SAPA,80,63,66.5,Thesis,NA,NA,NA
M7,SanPablo,T1,18,b,2026-01-11,2026-02-06,2026,0.632750479,0,0,0,0,0,0,0,0,0,0,OK,Ramped,South.facing,"Wet
(Months 7-9)",Platform,S1-18b,1.9882143764287528,1.095621716,February,SAPA,80,63,66.5,Thesis,NA,NA,NA
M7,SanPablo,T1,18,c,2026-01-11,2026-02-06,2026,0.605121302,0,0,0,0,0,0,0,0,0,0,OK,Ramped,South.facing,"Wet
(Months 7-9)",Platform,S1-18c,1.9918719837439671,1.099824869,February,SAPA,80,63,66.5,Thesis,NA,NA,NA
M7,SanPablo,T2,18,a,2026-01-11,2026-02-06,2026,1.379463757,0,0,0,0,0,0,0,0,0,0,OK,Ramped,South.facing,"Wet
(Months 7-9)",Platform,S2-18a,1.9677927355854712,1.072154116,February,SAPA,90,65,68.5,Thesis,NA,NA,NA
M7,SanPablo,T2,18,b,2026-01-11,2026-02-06,2026,1.116835429,0,0,0,0,0,0,0,0,0,0,OK,Ramped,South.facing,"Wet
(Months 7-9)",Platform,S2-18b,1.9677927355854712,1.072154116,February,SAPA,90,65,68.5,Thesis,NA,NA,NA
M7,SanPablo,T2,18,c,2026-01-11,2026-02-06,2026,0.900638629,0,0,0,0,0,0,0,0,0,0,OK,Ramped,South.facing,"Wet
(Months 7-9)",Platform,S2-18c,1.9613919227838457,1.064798599,February,SAPA,90,65,68.5,Thesis,NA,NA,NA
M7,Buck'sLanding,T2,18,a,2026-01-22,2026-02-21,2026,0.868055949,0,0,0,0,0,0,0,0,0,0,OK,Ramped,East.facing,"Wet
(Months 7-9)",Platform,B2-18a,1.8312420624841248,0.949044586,February,TRIG,40,16,24,Thesis,NA,NA,NA
M7,Buck'sLanding,T2,18,a,2026-01-22,2026-02-21,2026,0.868055949,0,0,0,0,0,0,0,0,0,0,OK,Ramped,East.facing,"Wet
(Months 7-9)",Platform,B2-18a,1.8312420624841248,0.949044586,February,SAPA,20,25,29,Thesis,NA,NA,NA
M7,Buck'sLanding,T2,18,b,2026-01-22,2026-02-21,2026,0.739107697,0,0,0,0,0,0,0,0,0,0,OK,Ramped,East.facing,"Wet
(Months 7-9)",Platform,B2-18b,1.8269748539497075,0.944090587,February,TRIG,40,16,24,Thesis,NA,NA,NA
M7,Buck'sLanding,T2,18,b,2026-01-22,2026-02-21,2026,0.739107697,0,0,0,0,0,0,0,0,0,0,OK,Ramped,East.facing,"Wet
(Months 7-9)",Platform,B2-18b,1.8269748539497075,0.944090587,February,SAPA,20,25,29,Thesis,NA,NA,NA
M7,Buck'sLanding,T2,18,c,2026-01-22,2026-02-21,2026,0.738636127,0,0,0,0,0,0,0,0,0,0,OK,Ramped,East.facing,"Wet
(Months 7-9)",Platform,B2-18c,1.8403860807721617,0.959660297,February,TRIG,40,16,24,Thesis,NA,NA,NA
M7,Buck'sLanding,T2,18,c,2026-01-22,2026-02-21,2026,0.738636127,0,0,0,0,0,0,0,0,0,0,OK,Ramped,East.facing,"Wet
(Months 7-9)",Platform,B2-18c,1.8403860807721617,0.959660297,February,SAPA,20,25,29,Thesis,NA,NA,NA
M7,GiantMarsh,T1,18,a,2026-01-23,2026-02-20,2026,4.100976581,0,0,0,0,0,0,0,0,0,0,OK,Scarped,West.facing,"Wet
(Months 7-9)",Platform,G1-18a,1.958039116078232,1.070756361,February,SAPA,80,80,38,Thesis,NA,NA,NA
M7,GiantMarsh,T1,18,b,2026-01-23,2026-02-20,2026,3.307279019,0,0,0,0,0,0,0,0,0,0,OK,Scarped,West.facing,"Wet
(Months 7-9)",Platform,G1-18b,1.94005588011176,1.050191704,February,SAPA,80,80,38,Thesis,NA,NA,NA
M7,GiantMarsh,T1,18,c,2026-01-23,2026-02-20,2026,6.158257728,0,0,0,0,0,0,0,0,0,0,OK,Scarped,West.facing,"Wet
(Months 7-9)",Platform,G1-18c,1.9348742697485393,1.044266295,February,SAPA,80,80,38,Thesis,NA,NA,NA
M7,GiantMarsh,T2,18,a,2026-01-23,2026-02-20,2026,6.336668454,0,0,0,0,0,0,0,0,0,0,OK,Scarped,West.facing,"Wet
(Months 7-9)",Platform,G2-18a,1.9610871221742443,1.074241896,February,SAPA,75,37,43,Thesis,NA,NA,NA
M7,GiantMarsh,T2,18,b,2026-01-23,2026-02-20,2026,7.561572055,0,0,0,0,0,0,0,0,0,0,OK,Scarped,West.facing,"Wet
(Months 7-9)",Platform,G2-18b,1.9516383032766065,1.063436738,February,SAPA,75,37,43,Thesis,NA,NA,NA
M7,GiantMarsh,T2,18,c,2026-01-23,2026-02-20,2026,7.365589724,0,0,0,0,0,0,0,0,0,0,OK,Scarped,West.facing,"Wet
(Months 7-9)",Platform,G2-18c,1.9586487172974345,1.071453468,February,SAPA,75,37,43,Thesis,NA,NA,NA
M11,Buck'sLanding,T1,0.5,a,2026-05-15,2026-06-11,2026,1.122977485,0,0,0,0,0,0,0,0,0,0,OK,Ramped,East.facing,"Growth
(Months 10-12)",Edge,B1-0.5a,1.6544577089154178,0.743807502,June,SPFO,30,89.5,95.5,Thesis,NA,NA,NA
M11,Buck'sLanding,T1,0.5,a,2026-05-15,2026-06-11,2026,1.122977485,0,0,0,0,0,0,0,0,0,0,OK,Ramped,East.facing,"Growth
(Months 10-12)",Edge,B1-0.5a,1.6544577089154178,0.743807502,June,SAPA,45,52.75,60,Thesis,NA,NA,NA
M11,Buck'sLanding,T1,0.5,b,2026-05-15,2026-06-11,2026,0.493809686,0,0,0,0,0,0,0,0,0,0,OK,Ramped,East.facing,"Growth
(Months 10-12)",Edge,B1-0.5b,1.6599441198882396,0.750176929,June,SPFO,30,89.5,95.5,Thesis,NA,NA,NA
M11,Buck'sLanding,T1,0.5,b,2026-05-15,2026-06-11,2026,0.493809686,0,0,0,0,0,0,0,0,0,0,OK,Ramped,East.facing,"Growth
(Months 10-12)",Edge,B1-0.5b,1.6599441198882396,0.750176929,June,SAPA,45,52.75,60,Thesis,NA,NA,NA
M11,Buck'sLanding,T1,0.5,c,2026-05-15,2026-06-11,2026,0.59237368,0,0,0,0,0,0,0,0,0,0,OK,Ramped,East.facing,"Growth
(Months 10-12)",Edge,B1-0.5c,1.6611633223266449,0.751592357,June,SPFO,30,89.5,95.5,Thesis,NA,NA,NA
M11,Buck'sLanding,T1,0.5,c,2026-05-15,2026-06-11,2026,0.59237368,0,0,0,0,0,0,0,0,0,0,OK,Ramped,East.facing,"Growth
(Months 10-12)",Edge,B1-0.5c,1.6611633223266449,0.751592357,June,SAPA,45,52.75,60,Thesis,NA,NA,NA
M11,Buck'sLanding,T1,2,a,2026-05-15,2026-06-11,2026,-0.054783649,0,0,0,0,0,0,0,0,0,1,Review,Ramped,East.facing,"Growth
(Months 10-12)",Edge,B1-2a,1.7718059436118871,0.880042463,June,SAPA,55,39,42,Thesis,NA,NA,NA
M11,Buck'sLanding,T1,2,b,2026-05-15,2026-06-11,2026,-0.181001452,0,0,0,0,0,0,0,0,0,1,Review,Ramped,East.facing,"Growth
(Months 10-12)",Edge,B1-2b,1.7794259588519177,0.888888889,June,SAPA,55,39,42,Thesis,NA,NA,NA
M11,Buck'sLanding,T1,2,c,2026-05-15,2026-06-11,2026,0.557733647,0,0,0,0,0,0,0,0,0,0,OK,Ramped,East.facing,"Growth
(Months 10-12)",Edge,B1-2c,1.7669291338582676,0.87438075,June,SAPA,55,39,42,Thesis,NA,NA,NA
M11,Buck'sLanding,T1,6,a,2026-05-15,2026-06-11,2026,1.843664835,0,0,0,0,0,0,0,0,0,0,OK,Ramped,East.facing,"Growth
(Months 10-12)",Edge,B1-6a,1.8138684277368553,0.928874735,June,SAPA,90,39,44,Thesis,NA,NA,NA
M11,Buck'sLanding,T1,6,b,2026-05-15,2026-06-11,2026,1.610208476,0,0,0,0,0,0,0,0,0,0,OK,Ramped,East.facing,"Growth
(Months 10-12)",Edge,B1-6b,1.806248412496825,0.920028309,June,SAPA,90,39,44,Thesis,NA,NA,NA
M11,Buck'sLanding,T1,6,c,2026-05-15,2026-06-11,2026,1.807627557,0,0,0,0,0,0,0,0,0,0,OK,Ramped,East.facing,"Growth
(Months 10-12)",Edge,B1-6c,1.8053340106680211,0.918966737,June,SAPA,90,39,44,Thesis,NA,NA,NA
M11,Buck'sLanding,T1,12,a,2026-05-15,2026-06-11,2026,0.70589984,0,0,0,0,0,0,0,0,0,0,OK,Ramped,East.facing,"Growth
(Months 10-12)",Platform,B1-12a,1.8483108966217932,0.96886058,June,SAPA,90,37,39,Thesis,NA,NA,NA
M11,Buck'sLanding,T1,12,b,2026-05-15,2026-06-11,2026,0.930390544,0,0,0,0,0,0,0,0,0,0,OK,Ramped,East.facing,"Growth
(Months 10-12)",Platform,B1-12b,1.8461772923545847,0.966383581,June,SAPA,90,37,39,Thesis,NA,NA,NA
M11,Buck'sLanding,T1,12,c,2026-05-15,2026-06-11,2026,0.906520941,0,0,0,0,0,0,0,0,0,0,OK,Ramped,East.facing,"Growth
(Months 10-12)",Platform,B1-12c,1.8428244856489713,0.962491154,June,SAPA,90,37,39,Thesis,NA,NA,NA
M11,Buck'sLanding,T1,18,a,2026-05-15,2026-06-11,2026,0.987910465,0,0,0,0,0,0,0,0,0,0,OK,Ramped,East.facing,"Growth
(Months 10-12)",Platform,B1-18a,1.8736093472186943,0.998230715,June,TRIG,65,20.75,18.5,Thesis,NA,NA,NA
M11,Buck'sLanding,T1,18,a,2026-05-15,2026-06-11,2026,0.987910465,0,0,0,0,0,0,0,0,0,0,OK,Ramped,East.facing,"Growth
(Months 10-12)",Platform,B1-18a,1.8736093472186943,0.998230715,June,SAPA,15,30.75,35,Thesis,NA,NA,NA
M11,Buck'sLanding,T1,18,b,2026-05-15,2026-06-11,2026,0.808888443,0,0,0,0,0,0,0,0,0,0,OK,Ramped,East.facing,"Growth
(Months 10-12)",Platform,B1-18b,1.8745237490474984,0.999292286,June,TRIG,65,20.75,18.5,Thesis,NA,NA,NA
M11,Buck'sLanding,T1,18,b,2026-05-15,2026-06-11,2026,0.808888443,0,0,0,0,0,0,0,0,0,0,OK,Ramped,East.facing,"Growth
(Months 10-12)",Platform,B1-18b,1.8745237490474984,0.999292286,June,SAPA,15,30.75,35,Thesis,NA,NA,NA
M11,Buck'sLanding,T1,18,c,2026-05-15,2026-06-11,2026,0.757772562,0,0,0,0,0,0,0,0,0,0,OK,Ramped,East.facing,"Growth
(Months 10-12)",Platform,B1-18c,1.8806197612395223,1.006369427,June,TRIG,65,20.75,18.5,Thesis,NA,NA,NA
M11,Buck'sLanding,T1,18,c,2026-05-15,2026-06-11,2026,0.757772562,0,0,0,0,0,0,0,0,0,0,OK,Ramped,East.facing,"Growth
(Months 10-12)",Platform,B1-18c,1.8806197612395223,1.006369427,June,SAPA,15,30.75,35,Thesis,NA,NA,NA
M11,Buck'sLanding,T1,24,a,2026-05-15,2026-06-11,2026,0.718940794,0,0,0,0,0,0,0,0,0,0,OK,Ramped,East.facing,"Growth
(Months 10-12)",Platform,B1-24a,1.8641605283210565,0.987261146,June,SAPA,35,30.25,38.5,Thesis,NA,NA,NA
M11,Buck'sLanding,T1,24,a,2026-05-15,2026-06-11,2026,0.718940794,0,0,0,0,0,0,0,0,0,0,OK,Ramped,East.facing,"Growth
(Months 10-12)",Platform,B1-24a,1.8641605283210565,0.987261146,June,TRIG,40,15.75,18.5,Thesis,NA,NA,NA
M11,Buck'sLanding,T1,24,b,2026-05-15,2026-06-11,2026,0.90215455,0,0,0,0,0,0,0,0,0,0,OK,Ramped,East.facing,"Growth
(Months 10-12)",Platform,B1-24b,1.869037338074676,0.992922859,June,SAPA,35,30.25,38.5,Thesis,NA,NA,NA
M11,Buck'sLanding,T1,24,b,2026-05-15,2026-06-11,2026,0.90215455,0,0,0,0,0,0,0,0,0,0,OK,Ramped,East.facing,"Growth
(Months 10-12)",Platform,B1-24b,1.869037338074676,0.992922859,June,TRIG,40,15.75,18.5,Thesis,NA,NA,NA
M11,Buck'sLanding,T1,24,c,2026-05-15,2026-06-11,2026,1.201281426,0,0,0,0,0,0,0,0,0,0,OK,Ramped,East.facing,"Growth
(Months 10-12)",Platform,B1-24c,1.8714757429514857,0.995753715,June,SAPA,35,30.25,38.5,Thesis,NA,NA,NA
M11,Buck'sLanding,T1,24,c,2026-05-15,2026-06-11,2026,1.201281426,0,0,0,0,0,0,0,0,0,0,OK,Ramped,East.facing,"Growth
(Months 10-12)",Platform,B1-24c,1.8714757429514857,0.995753715,June,TRIG,40,15.75,18.5,Thesis,NA,NA,NA
M11,Buck'sLanding,T1,48,a,2026-05-15,2026-06-11,2026,0.84259698,0,0,0,0,0,0,0,0,0,0,OK,Ramped,East.facing,"Growth
(Months 10-12)",Upland,B1-48a,1.856845313690627,0.978768577,June,SAPA,75,35,40.5,Thesis,NA,NA,NA
M11,Buck'sLanding,T1,48,b,2026-05-15,2026-06-11,2026,1.029303849,0,0,0,0,0,0,0,0,0,0,OK,Ramped,East.facing,"Growth
(Months 10-12)",Upland,B1-48b,1.850749301498603,0.971691437,June,SAPA,75,35,40.5,Thesis,NA,NA,NA
M11,Buck'sLanding,T1,48,c,2026-05-15,2026-06-11,2026,1.370348077,0,0,0,0,0,0,0,0,0,0,OK,Ramped,East.facing,"Growth
(Months 10-12)",Upland,B1-48c,1.8516637033274064,0.972753008,June,SAPA,75,35,40.5,Thesis,NA,NA,NA
M11,Buck'sLanding,T2,0.5,a,2026-05-15,2026-06-11,2026,0.696992403,0,0,0,0,0,0,0,0,0,0,OK,Ramped,East.facing,"Growth
(Months 10-12)",Edge,B2-0.5a,1.6338836677673354,0.7199221515,June,SPFO,10,64.75,71.5,Thesis,NA,NA,NA
M11,Buck'sLanding,T2,0.5,a,2026-05-15,2026-06-11,2026,0.696992403,0,0,0,0,0,0,0,0,0,0,OK,Ramped,East.facing,"Growth
(Months 10-12)",Edge,B2-0.5a,1.6338836677673354,0.7199221515,June,SAPA,50,40.125,46,Thesis,NA,NA,NA
M11,Buck'sLanding,T2,0.5,b,2026-05-15,2026-06-11,2026,1.040947558,0,0,0,0,0,0,0,0,0,0,OK,Ramped,East.facing,"Growth
(Months 10-12)",Edge,B2-0.5b,1.6431800863601729,0.730714791,June,SPFO,10,64.75,71.5,Thesis,NA,NA,NA
M11,Buck'sLanding,T2,0.5,b,2026-05-15,2026-06-11,2026,1.040947558,0,0,0,0,0,0,0,0,0,0,OK,Ramped,East.facing,"Growth
(Months 10-12)",Edge,B2-0.5b,1.6431800863601729,0.730714791,June,SAPA,50,40.125,46,Thesis,NA,NA,NA
M11,Buck'sLanding,T2,0.5,c,2026-05-15,2026-06-11,2026,0.738735098,0,0,0,0,0,0,0,0,0,0,OK,Ramped,East.facing,"Growth
(Months 10-12)",Edge,B2-0.5c,1.6407416814833629,0.727883935,June,SPFO,10,64.75,71.5,Thesis,NA,NA,NA
M11,Buck'sLanding,T2,0.5,c,2026-05-15,2026-06-11,2026,0.738735098,0,0,0,0,0,0,0,0,0,0,OK,Ramped,East.facing,"Growth
(Months 10-12)",Edge,B2-0.5c,1.6407416814833629,0.727883935,June,SAPA,50,40.125,46,Thesis,NA,NA,NA
M11,Buck'sLanding,T2,2,a,2026-05-15,2026-06-11,2026,0.164933134,0,0,0,0,0,0,0,0,0,0,OK,Ramped,East.facing,"Growth
(Months 10-12)",Edge,B2-2a,1.773329946659893,0.881811748,June,SAPA,55,33.875,35,Thesis,NA,NA,NA
M11,Buck'sLanding,T2,2,b,2026-05-15,2026-06-11,2026,-0.15270724,0,0,0,0,0,0,0,0,0,1,Review,Ramped,East.facing,"Growth
(Months 10-12)",Edge,B2-2b,1.7654051308102614,0.872611465,June,SAPA,55,33.875,35,Thesis,NA,NA,NA
M11,Buck'sLanding,T2,2,c,2026-05-15,2026-06-11,2026,0.164874915,0,0,0,0,0,0,0,0,0,0,OK,Ramped,East.facing,"Growth
(Months 10-12)",Edge,B2-2c,1.7696723393446787,0.877565464,June,SAPA,55,33.875,35,Thesis,NA,NA,NA
M11,Buck'sLanding,T2,6,a,2026-05-15,2026-06-11,2026,2.288512726,0,0,0,0,0,0,0,0,0,0,OK,Ramped,East.facing,"Growth
(Months 10-12)",Edge,B2-6a,1.843738887477775,0.963552725,June,SAPA,85,36.5,44,Thesis,NA,NA,NA
M11,Buck'sLanding,T2,6,b,2026-05-15,2026-06-11,2026,1.886222591,0,0,0,0,0,0,0,0,0,0,OK,Ramped,East.facing,"Growth
(Months 10-12)",Edge,B2-6b,1.8394716789433576,0.958598726,June,SAPA,85,36.5,44,Thesis,NA,NA,NA
M11,Buck'sLanding,T2,6,c,2026-05-15,2026-06-11,2026,2.1936165,0,0,0,0,0,0,0,0,0,0,OK,Ramped,East.facing,"Growth
(Months 10-12)",Edge,B2-6c,1.8376428752857503,0.956475584,June,SAPA,85,36.5,44,Thesis,NA,NA,NA
M11,Buck'sLanding,T2,12,a,2026-05-15,2026-06-11,2026,1.239472791,0,0,0,0,0,0,0,0,0,0,OK,Ramped,East.facing,"Growth
(Months 10-12)",Platform,B2-12a,1.84008128016256,0.95930644,June,SAPA,75,35.25,39,Thesis,NA,NA,NA
M11,Buck'sLanding,T2,12,b,2026-05-15,2026-06-11,2026,1.069591081,0,0,0,0,0,0,0,0,0,0,OK,Ramped,East.facing,"Growth
(Months 10-12)",Platform,B2-12b,1.835814071628143,0.954352442,June,SAPA,75,35.25,39,Thesis,NA,NA,NA
M11,Buck'sLanding,T2,12,c,2026-05-15,2026-06-11,2026,1.304852215,0,0,0,0,0,0,0,0,0,0,OK,Ramped,East.facing,"Growth
(Months 10-12)",Platform,B2-12c,1.822098044196088,0.938428875,June,SAPA,75,35.25,39,Thesis,NA,NA,NA
M11,Buck'sLanding,T2,18,a,2026-05-15,2026-06-11,2026,0.941510285,0,0,0,0,0,0,0,0,0,0,OK,Ramped,East.facing,"Growth
(Months 10-12)",Platform,B2-18a,1.8312420624841248,0.949044586,June,TRIG,70,21.5,27,Thesis,NA,NA,NA
M11,Buck'sLanding,T2,18,a,2026-05-15,2026-06-11,2026,0.941510285,0,0,0,0,0,0,0,0,0,0,OK,Ramped,East.facing,"Growth
(Months 10-12)",Platform,B2-18a,1.8312420624841248,0.949044586,June,SAPA,15,30,45,Thesis,NA,NA,NA
M11,Buck'sLanding,T2,18,b,2026-05-15,2026-06-11,2026,0.976732504,0,0,0,0,0,0,0,0,0,0,OK,Ramped,East.facing,"Growth
(Months 10-12)",Platform,B2-18b,1.8269748539497075,0.944090587,June,TRIG,70,21.5,27,Thesis,NA,NA,NA
M11,Buck'sLanding,T2,18,b,2026-05-15,2026-06-11,2026,0.976732504,0,0,0,0,0,0,0,0,0,0,OK,Ramped,East.facing,"Growth
(Months 10-12)",Platform,B2-18b,1.8269748539497075,0.944090587,June,SAPA,15,30,45,Thesis,NA,NA,NA
M11,Buck'sLanding,T2,18,c,2026-05-15,2026-06-11,2026,1.146206684,0,0,0,0,0,0,0,0,0,0,OK,Ramped,East.facing,"Growth
(Months 10-12)",Platform,B2-18c,1.8403860807721617,0.959660297,June,TRIG,70,21.5,27,Thesis,NA,NA,NA
M11,Buck'sLanding,T2,18,c,2026-05-15,2026-06-11,2026,1.146206684,0,0,0,0,0,0,0,0,0,0,OK,Ramped,East.facing,"Growth
(Months 10-12)",Platform,B2-18c,1.8403860807721617,0.959660297,June,SAPA,15,30,45,Thesis,NA,NA,NA
M11,Buck'sLanding,T2,24,a,2026-05-15,2026-06-11,2026,0.680167244,0,0,0,0,0,0,0,0,0,0,OK,Ramped,East.facing,"Growth
(Months 10-12)",Platform,B2-24a,1.8266700533401063,0.94373673,June,SAPA,80,42.125,55.5,Thesis,NA,NA,NA
M11,Buck'sLanding,T2,24,b,2026-05-15,2026-06-11,2026,0.976732504,0,0,0,0,0,0,0,0,0,0,OK,Ramped,East.facing,"Growth
(Months 10-12)",Platform,B2-24b,1.8294132588265175,0.946921444,June,SAPA,80,42.125,55.5,Thesis,NA,NA,NA
M11,Buck'sLanding,T2,24,c,2026-05-15,2026-06-11,2026,1.034543518,0,0,0,0,0,0,0,0,0,0,OK,Ramped,East.facing,"Growth
(Months 10-12)",Platform,B2-24c,1.8446532893065783,0.964614296,June,SAPA,80,42.125,55.5,Thesis,NA,NA,NA
M11,Buck'sLanding,T2,48,a,2026-05-15,2026-06-11,2026,1.35823862,0,0,0,0,0,0,0,0,0,0,OK,Ramped,East.facing,"Growth
(Months 10-12)",Upland,B2-48a,1.8416052832105665,0.961075725,June,SAPA,55,40.5,46,Thesis,NA,NA,NA
M11,Buck'sLanding,T2,48,b,2026-05-15,2026-06-11,2026,0.897380629,0,0,0,0,0,0,0,0,0,0,OK,Ramped,East.facing,"Growth
(Months 10-12)",Upland,B2-48b,1.8525781051562105,0.973814579,June,SAPA,55,40.5,46,Thesis,NA,NA,NA
M11,Buck'sLanding,T2,48,c,2026-05-15,2026-06-11,2026,1.075296498,0,0,0,0,0,0,0,0,0,0,OK,Ramped,East.facing,"Growth
(Months 10-12)",Upland,B2-48c,1.849530099060198,0.970276008,June,SAPA,55,40.5,46,Thesis,NA,NA,NA
M11,GiantMarsh,T1,0.5,a,2026-05-14,2026-06-09,2026,1.254437196,0,0,0,0,0,0,0,0,0,0,OK,Scarped,West.facing,"Growth
(Months 10-12)",Edge,G1-0.5a,2.067462535,1.195887069,June,DISP,30,NA,20.5,Thesis,NA,NA,NA
M11,GiantMarsh,T1,0.5,a,2026-05-14,2026-06-09,2026,1.254437196,0,0,0,0,0,0,0,0,0,0,OK,Scarped,West.facing,"Growth
(Months 10-12)",Edge,G1-0.5a,2.067462535,1.195887069,June,SAPA,15,24.833,33,Thesis,NA,NA,NA
M11,GiantMarsh,T1,0.5,a,2026-05-14,2026-06-09,2026,1.254437196,0,0,0,0,0,0,0,0,0,0,OK,Scarped,West.facing,"Growth
(Months 10-12)",Edge,G1-0.5a,2.067462535,1.195887069,June,Seaweed,65,7.25,9,Thesis,NA,NA,NA
M11,GiantMarsh,T1,0.5,b,2026-05-14,2026-06-09,2026,1.51797239,0,0,0,0,0,0,0,0,0,0,OK,Scarped,West.facing,"Growth
(Months 10-12)",Edge,G1-0.5b,2.066243332486665,1.194492855,June,DISP,30,NA,20.5,Thesis,NA,NA,NA
M11,GiantMarsh,T1,0.5,b,2026-05-14,2026-06-09,2026,1.51797239,0,0,0,0,0,0,0,0,0,0,OK,Scarped,West.facing,"Growth
(Months 10-12)",Edge,G1-0.5b,2.066243332486665,1.194492855,June,SAPA,15,24.833,33,Thesis,NA,NA,NA
M11,GiantMarsh,T1,0.5,b,2026-05-14,2026-06-09,2026,1.51797239,0,0,0,0,0,0,0,0,0,0,OK,Scarped,West.facing,"Growth
(Months 10-12)",Edge,G1-0.5b,2.066243332486665,1.194492855,June,Seaweed,65,7.25,9,Thesis,NA,NA,NA
M11,GiantMarsh,T1,0.5,c,2026-05-14,2026-06-09,2026,0.761948623,0,0,0,0,0,0,0,0,0,0,OK,Scarped,West.facing,"Growth
(Months 10-12)",Edge,G1-0.5c,2.0574041148082296,1.184384803,June,DISP,30,NA,20.5,Thesis,NA,NA,NA
M11,GiantMarsh,T1,0.5,c,2026-05-14,2026-06-09,2026,0.761948623,0,0,0,0,0,0,0,0,0,0,OK,Scarped,West.facing,"Growth
(Months 10-12)",Edge,G1-0.5c,2.0574041148082296,1.184384803,June,SAPA,15,24.833,33,Thesis,NA,NA,NA
M11,GiantMarsh,T1,0.5,c,2026-05-14,2026-06-09,2026,0.761948623,0,0,0,0,0,0,0,0,0,0,OK,Scarped,West.facing,"Growth
(Months 10-12)",Edge,G1-0.5c,2.0574041148082296,1.184384803,June,Seaweed,65,7.25,9,Thesis,NA,NA,NA
M11,GiantMarsh,T1,2,a,2026-05-14,2026-06-09,2026,0.712252379,0,0,0,0,0,0,0,0,0,0,OK,Scarped,West.facing,"Growth
(Months 10-12)",Edge,G1-2a,2.0183896367792733,1.139769955,June,DISP,40,NA,NA,Thesis,NA,NA,NA
M11,GiantMarsh,T1,2,a,2026-05-14,2026-06-09,2026,0.712252379,0,0,0,0,0,0,0,0,0,0,OK,Scarped,West.facing,"Growth
(Months 10-12)",Edge,G1-2a,2.0183896367792733,1.139769955,June,SAPA,50,33.625,35.5,Thesis,NA,NA,NA
M11,GiantMarsh,T1,2,b,2026-05-14,2026-06-09,2026,9.748323405,0,0,0,0,0,0,0,0,0,0,OK,Scarped,West.facing,"Growth
(Months 10-12)",Edge,G1-2b,2.019304038608077,1.140815615,June,DISP,40,NA,NA,Thesis,NA,NA,NA
M11,GiantMarsh,T1,2,b,2026-05-14,2026-06-09,2026,9.748323405,0,0,0,0,0,0,0,0,0,0,OK,Scarped,West.facing,"Growth
(Months 10-12)",Edge,G1-2b,2.019304038608077,1.140815615,June,SAPA,50,33.625,35.5,Thesis,NA,NA,NA
M11,GiantMarsh,T1,2,c,2026-05-14,2026-06-09,2026,0.928993299,0,0,0,0,0,0,0,0,0,0,OK,Scarped,West.facing,"Growth
(Months 10-12)",Edge,G1-2c,2.0189992379984756,1.140467062,June,DISP,40,NA,NA,Thesis,NA,NA,NA
M11,GiantMarsh,T1,2,c,2026-05-14,2026-06-09,2026,0.928993299,0,0,0,0,0,0,0,0,0,0,OK,Scarped,West.facing,"Growth
(Months 10-12)",Edge,G1-2c,2.0189992379984756,1.140467062,June,SAPA,50,33.625,35.5,Thesis,NA,NA,NA
M11,GiantMarsh,T1,6,a,2026-05-14,2026-06-09,2026,4.544546223,0,0,0,0,0,0,0,0,0,0,OK,Scarped,West.facing,"Growth
(Months 10-12)",Edge,G1-6a,1.9723647447294896,1.087138376,June,SAPA,85,39.625,43,Thesis,NA,NA,NA
M11,GiantMarsh,T1,6,b,2026-05-14,2026-06-09,2026,3.903875783,0,0,0,0,0,0,0,0,0,0,OK,Scarped,West.facing,"Growth
(Months 10-12)",Edge,G1-6b,1.9793751587503172,1.095155106,June,SAPA,85,39.625,43,Thesis,NA,NA,NA
M11,GiantMarsh,T1,6,c,2026-05-14,2026-06-09,2026,7.136610435,0,0,0,0,0,0,0,0,0,0,OK,Scarped,West.facing,"Growth
(Months 10-12)",Edge,G1-6c,1.9763271526543051,1.091669571,June,SAPA,85,39.625,43,Thesis,NA,NA,NA
M11,GiantMarsh,T1,12,a,2026-05-14,2026-06-09,2026,4.208824513,0,0,0,0,0,0,0,0,0,0,OK,Scarped,West.facing,"Growth
(Months 10-12)",Platform,G1-12a,1.9418846837693675,1.052283025,June,SAPA,80,46.25,58,Thesis,NA,NA,NA
M11,GiantMarsh,T1,12,b,2026-05-14,2026-06-09,2026,3.039390869,0,0,0,0,0,0,0,0,0,0,OK,Scarped,West.facing,"Growth
(Months 10-12)",Platform,G1-12b,1.9495046990093976,1.060996863,June,SAPA,80,46.25,58,Thesis,NA,NA,NA
M11,GiantMarsh,T1,12,c,2026-05-14,2026-06-09,2026,2.782989686,0,0,0,0,0,0,0,0,0,0,OK,Scarped,West.facing,"Growth
(Months 10-12)",Platform,G1-12c,1.9577343154686309,1.070407808,June,SAPA,80,46.25,58,Thesis,NA,NA,NA
M11,GiantMarsh,T1,18,a,2026-05-14,2026-06-09,2026,1.826729957,0,0,0,0,0,0,0,0,0,0,OK,Scarped,West.facing,"Growth
(Months 10-12)",Platform,G1-18a,1.958039116078232,1.070756361,June,SAPA,90,37.25,44,Thesis,NA,NA,NA
M11,GiantMarsh,T1,18,b,2026-05-14,2026-06-09,2026,3.481759994,0,0,0,0,0,0,0,0,0,0,OK,Scarped,West.facing,"Growth
(Months 10-12)",Platform,G1-18b,1.94005588011176,1.050191704,June,SAPA,90,37.25,44,Thesis,NA,NA,NA
M11,GiantMarsh,T1,18,c,2026-05-14,2026-06-09,2026,4.96218814,0,0,0,0,0,0,0,0,0,0,OK,Scarped,West.facing,"Growth
(Months 10-12)",Platform,G1-18c,1.9348742697485393,1.044266295,June,SAPA,90,37.25,44,Thesis,NA,NA,NA
M11,GiantMarsh,T1,24,a,2026-05-14,2026-06-09,2026,1.927392058,0,0,0,0,0,0,0,0,0,0,OK,Scarped,West.facing,"Growth
(Months 10-12)",Platform,G1-24a,1.94005588011176,1.050191704,June,SAPA,50,35.25,41.5,Thesis,NA,NA,NA
M11,GiantMarsh,T1,24,a,2026-05-14,2026-06-09,2026,1.927392058,0,0,0,0,0,0,0,0,0,0,OK,Scarped,West.facing,"Growth
(Months 10-12)",Platform,G1-24a,1.94005588011176,1.050191704,June,JACA,55,19.875,23,Thesis,NA,NA,NA
M11,GiantMarsh,T1,24,b,2026-05-14,2026-06-09,2026,2.957107915,0,0,0,0,0,0,0,0,0,0,OK,Scarped,West.facing,"Growth
(Months 10-12)",Platform,G1-24b,1.9467614935229869,1.057859881,June,SAPA,50,35.25,41.5,Thesis,NA,NA,NA
M11,GiantMarsh,T1,24,b,2026-05-14,2026-06-09,2026,2.957107915,0,0,0,0,0,0,0,0,0,0,OK,Scarped,West.facing,"Growth
(Months 10-12)",Platform,G1-24b,1.9467614935229869,1.057859881,June,JACA,55,19.875,23,Thesis,NA,NA,NA
M11,GiantMarsh,T1,24,c,2026-05-14,2026-06-09,2026,3.447238637,0,0,0,0,0,0,0,0,0,0,OK,Scarped,West.facing,"Growth
(Months 10-12)",Platform,G1-24c,1.952247904495809,1.064133845,June,SAPA,50,35.25,41.5,Thesis,NA,NA,NA
M11,GiantMarsh,T1,24,c,2026-05-14,2026-06-09,2026,3.447238637,0,0,0,0,0,0,0,0,0,0,OK,Scarped,West.facing,"Growth
(Months 10-12)",Platform,G1-24c,1.952247904495809,1.064133845,June,JACA,55,19.875,23,Thesis,NA,NA,NA
M11,GiantMarsh,T1,48,a,2026-05-14,2026-06-09,2026,1.371543796,0,0,0,0,0,0,0,0,0,0,OK,Scarped,West.facing,"Growth
(Months 10-12)",Upland,G1-48a,1.8736093472186943,0.974207041,June,JACA,75,19.25,26,Thesis,NA,NA,NA
M11,GiantMarsh,T1,48,b,2026-05-14,2026-06-09,2026,1.216832495,0,0,0,0,0,0,0,0,0,0,OK,Scarped,West.facing,"Growth
(Months 10-12)",Upland,G1-48b,1.8595885191770385,0.95817358,June,JACA,75,19.25,26,Thesis,NA,NA,NA
M11,GiantMarsh,T1,48,c,2026-05-14,2026-06-09,2026,1.101841915,0,0,0,0,0,0,0,0,0,0,OK,Scarped,West.facing,"Growth
(Months 10-12)",Upland,G1-48c,1.886106172212344,0.988497734,June,JACA,75,19.25,26,Thesis,NA,NA,NA
M11,GiantMarsh,T2,0.5,a,2026-05-14,2026-06-09,2026,NA,1,0,0,0,0,0,0,0,0,NA,#VALUE!,Scarped,West.facing,"Growth
(Months 10-12)",Edge,G2-0.5a,2.0357632715265432,1.159637504,June,NA,NA,NA,NA,Thesis,NA,NA,NA
M11,GiantMarsh,T2,0.5,b,2026-05-14,2026-06-09,2026,NA,1,0,0,0,0,0,0,0,0,NA,#VALUE!,Scarped,West.facing,"Growth
(Months 10-12)",Edge,G2-0.5b,2.041249682499365,1.165911467,June,NA,NA,NA,NA,Thesis,NA,NA,NA
M11,GiantMarsh,T2,0.5,c,2026-05-14,2026-06-09,2026,NA,1,0,0,0,0,0,0,0,0,NA,#VALUE!,Scarped,West.facing,"Growth
(Months 10-12)",Edge,G2-0.5c,2.0519177038354077,1.17811084,June,NA,NA,NA,NA,Thesis,NA,NA,NA
M11,GiantMarsh,T2,2,a,2026-05-14,2026-06-09,2026,94.03508855,0,0,0,0,0,0,0,0,0,0,OK,Scarped,West.facing,"Growth
(Months 10-12)",Edge,G2-2a,2.0616713233426465,1.189264552,June,SAPA,20,20.25,26.5,Thesis,NA,NA,NA
M11,GiantMarsh,T2,2,a,2026-05-14,2026-06-09,2026,94.03508855,0,0,0,0,0,0,0,0,0,0,OK,Scarped,West.facing,"Growth
(Months 10-12)",Edge,G2-2a,2.0616713233426465,1.189264552,June,Seaweed,80,12.125,13.5,Thesis,NA,NA,NA
M11,GiantMarsh,T2,2,b,2026-05-14,2026-06-09,2026,140.7842006,0,0,0,0,0,0,0,0,0,0,OK,Scarped,West.facing,"Growth
(Months 10-12)",Edge,G2-2b,2.054051308102616,1.180550715,June,SAPA,20,20.25,26.5,Thesis,NA,NA,NA
M11,GiantMarsh,T2,2,b,2026-05-14,2026-06-09,2026,140.7842006,0,0,0,0,0,0,0,0,0,0,OK,Scarped,West.facing,"Growth
(Months 10-12)",Edge,G2-2b,2.054051308102616,1.180550715,June,Seaweed,80,12.125,13.5,Thesis,NA,NA,NA
M11,GiantMarsh,T2,2,c,2026-05-14,2026-06-09,2026,108.3871463,0,0,0,0,0,0,0,0,0,0,OK,Scarped,West.facing,"Growth
(Months 10-12)",Edge,G2-2c,2.0564897129794257,1.183339143,June,SAPA,20,20.25,26.5,Thesis,NA,NA,NA
M11,GiantMarsh,T2,2,c,2026-05-14,2026-06-09,2026,108.3871463,0,0,0,0,0,0,0,0,0,0,OK,Scarped,West.facing,"Growth
(Months 10-12)",Edge,G2-2c,2.0564897129794257,1.183339143,June,Seaweed,80,12.125,13.5,Thesis,NA,NA,NA
M11,GiantMarsh,T2,6,a,2026-05-14,2026-06-09,2026,7.609933911,0,0,0,0,0,0,0,0,0,0,OK,Scarped,West.facing,"Growth
(Months 10-12)",Edge,G2-6a,1.9406654813309625,1.050888811,June,SAPA,85,33.375,39,Thesis,NA,NA,NA
M11,GiantMarsh,T2,6,b,2026-05-14,2026-06-09,2026,5.35885123,0,0,0,0,0,0,0,0,0,0,OK,Scarped,West.facing,"Growth
(Months 10-12)",Edge,G2-6b,1.9434086868173737,1.054025793,June,SAPA,85,33.375,39,Thesis,NA,NA,NA
M11,GiantMarsh,T2,6,c,2026-05-14,2026-06-09,2026,6.575562809,0,0,0,0,0,0,0,0,0,0,OK,Scarped,West.facing,"Growth
(Months 10-12)",Edge,G2-6c,1.9473710947421896,1.058556988,June,SAPA,85,33.375,39,Thesis,NA,NA,NA
M11,GiantMarsh,T2,12,a,2026-05-14,2026-06-09,2026,1.51108021,0,0,0,0,0,0,0,0,0,0,OK,Scarped,West.facing,"Growth
(Months 10-12)",Platform,G2-12a,1.9333502667005331,1.042523527,June,SAPA,95,36.375,43,Thesis,NA,NA,NA
M11,GiantMarsh,T2,12,b,2026-05-14,2026-06-09,2026,2.960312174,0,0,0,0,0,0,0,0,0,0,OK,Scarped,West.facing,"Growth
(Months 10-12)",Platform,G2-12b,1.9354838709677415,1.044963402,June,SAPA,95,36.375,43,Thesis,NA,NA,NA
M11,GiantMarsh,T2,12,c,2026-05-14,2026-06-09,2026,2.941630739,0,0,0,0,0,0,0,0,0,0,OK,Scarped,West.facing,"Growth
(Months 10-12)",Platform,G2-12c,1.9318262636525272,1.04078076,June,SAPA,95,36.375,43,Thesis,NA,NA,NA
M11,GiantMarsh,T2,18,a,2026-05-14,2026-06-09,2026,3.511747022,0,0,0,0,0,0,0,0,0,0,OK,Scarped,West.facing,"Growth
(Months 10-12)",Platform,G2-18a,1.9610871221742443,1.074241896,June,SAPA,90,43,47,Thesis,NA,NA,NA
M11,GiantMarsh,T2,18,b,2026-05-14,2026-06-09,2026,2.704757399,0,0,0,0,0,0,0,0,0,0,OK,Scarped,West.facing,"Growth
(Months 10-12)",Platform,G2-18b,1.9516383032766065,1.063436738,June,SAPA,90,43,47,Thesis,NA,NA,NA
M11,GiantMarsh,T2,18,c,2026-05-14,2026-06-09,2026,2.759592549,0,0,0,0,0,0,0,0,0,0,OK,Scarped,West.facing,"Growth
(Months 10-12)",Platform,G2-18c,1.9586487172974345,1.071453468,June,SAPA,90,43,47,Thesis,NA,NA,NA
M11,GiantMarsh,T2,24,a,2026-05-14,2026-06-09,2026,2.837583006,0,0,0,0,0,0,0,0,0,0,OK,Scarped,West.facing,"Growth
(Months 10-12)",Platform,G2-24a,1.9357886715773431,1.045311955,June,SAPA,95,42.25,45,Thesis,NA,NA,NA
M11,GiantMarsh,T2,24,b,2026-05-14,2026-06-09,2026,1.915119141,0,0,0,0,0,0,0,0,0,0,OK,Scarped,West.facing,"Growth
(Months 10-12)",Platform,G2-24b,1.9406654813309625,1.050888811,June,SAPA,95,42.25,45,Thesis,NA,NA,NA
M11,GiantMarsh,T2,24,c,2026-05-14,2026-06-09,2026,2.229076072,0,0,0,0,0,0,0,0,0,0,OK,Scarped,West.facing,"Growth
(Months 10-12)",Platform,G2-24c,1.9354838709677415,1.044963402,June,SAPA,95,42.25,45,Thesis,NA,NA,NA
M11,GiantMarsh,T2,48,a,2026-05-14,2026-06-09,2026,5.326506351,0,0,0,0,0,0,0,0,0,0,OK,Scarped,West.facing,"Growth
(Months 10-12)",Upland,G2-48a,1.8733045466090932,0.973858487,June,SAPA,95,38.125,47,Thesis,NA,NA,NA
M11,GiantMarsh,T2,48,b,2026-05-14,2026-06-09,2026,2.863096163,0,0,0,0,0,0,0,0,0,0,OK,Scarped,West.facing,"Growth
(Months 10-12)",Upland,G2-48b,1.897078994157988,1.001045661,June,SAPA,95,38.125,47,Thesis,NA,NA,NA
M11,GiantMarsh,T2,48,c,2026-05-14,2026-06-09,2026,4.503314059,0,0,0,0,0,0,0,0,0,0,OK,Scarped,West.facing,"Growth
(Months 10-12)",Upland,G2-48c,1.8836677673355344,0.985709306,June,SAPA,95,38.125,47,Thesis,NA,NA,NA
M11,CorteMadera,T1,0.5,a,2026-05-02,2026-06-10,2026,0.446057045,0,0,0,0,0,0,0,0,0,0,OK,Scarped,East.facing,"Growth
(Months 10-12)",Edge,C1-0.5a,1.6593345186690371,0.772363636,June,JACA,80,14.5,16.5,Thesis,NA,NA,NA
M11,CorteMadera,T1,0.5,a,2026-05-02,2026-06-10,2026,0.446057045,0,0,0,0,0,0,0,0,0,0,OK,Scarped,East.facing,"Growth
(Months 10-12)",Edge,C1-0.5a,1.6593345186690371,0.772363636,June,SAPA,5,28,28,Thesis,NA,NA,NA
M11,CorteMadera,T1,0.5,b,2026-05-02,2026-06-10,2026,0.19809979,0,0,0,0,0,0,0,0,0,0,OK,Scarped,East.facing,"Growth
(Months 10-12)",Edge,C1-0.5b,1.6684785369570738,0.783272727,June,JACA,80,14.5,16.5,Thesis,NA,NA,NA
M11,CorteMadera,T1,0.5,b,2026-05-02,2026-06-10,2026,0.19809979,0,0,0,0,0,0,0,0,0,0,OK,Scarped,East.facing,"Growth
(Months 10-12)",Edge,C1-0.5b,1.6684785369570738,0.783272727,June,SAPA,5,28,28,Thesis,NA,NA,NA
M11,CorteMadera,T1,0.5,c,2026-05-02,2026-06-10,2026,0.837661839,0,0,0,0,0,0,0,0,0,0,OK,Scarped,East.facing,"Growth
(Months 10-12)",Edge,C1-0.5c,1.6614681229362456,0.774909091,June,JACA,80,14.5,16.5,Thesis,NA,NA,NA
M11,CorteMadera,T1,0.5,c,2026-05-02,2026-06-10,2026,0.837661839,0,0,0,0,0,0,0,0,0,0,OK,Scarped,East.facing,"Growth
(Months 10-12)",Edge,C1-0.5c,1.6614681229362456,0.774909091,June,SAPA,5,28,28,Thesis,NA,NA,NA
M11,CorteMadera,T1,2,a,2026-05-02,2026-06-10,2026,2.201225216,0,0,0,0,0,0,0,0,0,0,OK,Scarped,East.facing,"Growth
(Months 10-12)",Edge,C1-2a,1.6462280924561847,0.756727273,June,SAPA,10,33,35,Thesis,NA,NA,NA
M11,CorteMadera,T1,2,a,2026-05-02,2026-06-10,2026,2.201225216,0,0,0,0,0,0,0,0,0,0,OK,Scarped,East.facing,"Growth
(Months 10-12)",Edge,C1-2a,1.6462280924561847,0.756727273,June,JACA,75,15.375,18,Thesis,NA,NA,NA
M11,CorteMadera,T1,2,b,2026-05-02,2026-06-10,2026,2.013765984,0,0,0,0,0,0,0,0,0,0,OK,Scarped,East.facing,"Growth
(Months 10-12)",Edge,C1-2b,1.6480568961137922,0.758909091,June,SAPA,10,33,35,Thesis,NA,NA,NA
M11,CorteMadera,T1,2,b,2026-05-02,2026-06-10,2026,2.013765984,0,0,0,0,0,0,0,0,0,0,OK,Scarped,East.facing,"Growth
(Months 10-12)",Edge,C1-2b,1.6480568961137922,0.758909091,June,JACA,75,15.375,18,Thesis,NA,NA,NA
M11,CorteMadera,T1,2,c,2026-05-02,2026-06-10,2026,1.164576874,0,0,0,0,0,0,0,0,0,0,OK,Scarped,East.facing,"Growth
(Months 10-12)",Edge,C1-2c,1.6462280924561847,0.756727273,June,SAPA,10,33,35,Thesis,NA,NA,NA
M11,CorteMadera,T1,2,c,2026-05-02,2026-06-10,2026,1.164576874,0,0,0,0,0,0,0,0,0,0,OK,Scarped,East.facing,"Growth
(Months 10-12)",Edge,C1-2c,1.6462280924561847,0.756727273,June,JACA,75,15.375,18,Thesis,NA,NA,NA
M11,CorteMadera,T1,6,a,2026-05-02,2026-06-10,2026,4.672212771,0,0,0,0,0,0,0,0,0,0,OK,Scarped,East.facing,"Growth
(Months 10-12)",Edge,C1-6a,1.664516129032258,0.778545455,June,DISP,95,35.625,37.5,Thesis,NA,NA,NA
M11,CorteMadera,T1,6,b,2026-05-02,2026-06-10,2026,5.988619128,0,0,0,0,0,0,0,0,0,0,OK,Scarped,East.facing,"Growth
(Months 10-12)",Edge,C1-6b,1.6620777241554483,0.775636364,June,DISP,95,35.625,37.5,Thesis,NA,NA,NA
M11,CorteMadera,T1,6,c,2026-05-02,2026-06-10,2026,4.749840481,0,0,0,0,0,0,0,0,0,0,OK,Scarped,East.facing,"Growth
(Months 10-12)",Edge,C1-6c,1.6529337058674116,0.764727273,June,DISP,95,35.625,37.5,Thesis,NA,NA,NA
M11,CorteMadera,T1,12,a,2026-05-02,2026-06-10,2026,5.790559643,0,0,0,0,0,0,0,0,0,0,OK,Scarped,East.facing,"Growth
(Months 10-12)",Platform,C1-12a,1.6413512827025651,0.750909091,June,SAPA,60,54.125,95,Thesis,NA,NA,NA
M11,CorteMadera,T1,12,a,2026-05-02,2026-06-10,2026,5.790559643,0,0,0,0,0,0,0,0,0,0,OK,Scarped,East.facing,"Growth
(Months 10-12)",Platform,C1-12a,1.6413512827025651,0.750909091,June,SPFO,20,77.25,56.5,Thesis,NA,NA,NA
M11,CorteMadera,T1,12,b,2026-05-02,2026-06-10,2026,3.413603993,0,0,0,0,0,0,0,0,0,0,OK,Scarped,East.facing,"Growth
(Months 10-12)",Platform,C1-12b,1.6447040894081788,0.754909091,June,SAPA,60,54.125,95,Thesis,NA,NA,NA
M11,CorteMadera,T1,12,b,2026-05-02,2026-06-10,2026,3.413603993,0,0,0,0,0,0,0,0,0,0,OK,Scarped,East.facing,"Growth
(Months 10-12)",Platform,C1-12b,1.6447040894081788,0.754909091,June,SPFO,20,77.25,56.5,Thesis,NA,NA,NA
M11,CorteMadera,T1,12,c,2026-05-02,2026-06-10,2026,3.927333377,0,1,0,0,0,0,0,0,0,0,Review,Scarped,East.facing,"Growth
(Months 10-12)",Platform,C1-12c,1.659029718059436,0.772,June,SAPA,60,54.125,95,Thesis,NA,NA,NA
M11,CorteMadera,T1,12,c,2026-05-02,2026-06-10,2026,3.927333377,0,1,0,0,0,0,0,0,0,0,Review,Scarped,East.facing,"Growth
(Months 10-12)",Platform,C1-12c,1.659029718059436,0.772,June,SPFO,20,77.25,56.5,Thesis,NA,NA,NA
M11,CorteMadera,T1,18,a,2026-05-02,2026-06-10,2026,3.31449364,0,0,0,0,0,0,0,0,0,0,OK,Scarped,East.facing,"Growth
(Months 10-12)",Platform,C1-18a,1.679756159512319,0.796727273,June,SAPA,35,44.375,51,Thesis,NA,NA,NA
M11,CorteMadera,T1,18,a,2026-05-02,2026-06-10,2026,3.31449364,0,0,0,0,0,0,0,0,0,0,OK,Scarped,East.facing,"Growth
(Months 10-12)",Platform,C1-18a,1.679756159512319,0.796727273,June,SPFO,45,68.25,71,Thesis,NA,NA,NA
M11,CorteMadera,T1,18,b,2026-05-02,2026-06-10,2026,4.035230252,0,0,0,0,0,0,0,0,0,0,OK,Scarped,East.facing,"Growth
(Months 10-12)",Platform,C1-18b,1.6696977393954786,0.784727273,June,SAPA,35,44.375,51,Thesis,NA,NA,NA
M11,CorteMadera,T1,18,b,2026-05-02,2026-06-10,2026,4.035230252,0,0,0,0,0,0,0,0,0,0,OK,Scarped,East.facing,"Growth
(Months 10-12)",Platform,C1-18b,1.6696977393954786,0.784727273,June,SPFO,45,68.25,71,Thesis,NA,NA,NA
M11,CorteMadera,T1,18,c,2026-05-02,2026-06-10,2026,1.981965225,0,0,0,0,0,0,0,0,0,0,OK,Scarped,East.facing,"Growth
(Months 10-12)",Platform,C1-18c,1.671526543053086,0.786909091,June,SAPA,35,44.375,51,Thesis,NA,NA,NA
M11,CorteMadera,T1,18,c,2026-05-02,2026-06-10,2026,1.981965225,0,0,0,0,0,0,0,0,0,0,OK,Scarped,East.facing,"Growth
(Months 10-12)",Platform,C1-18c,1.671526543053086,0.786909091,June,SPFO,45,68.25,71,Thesis,NA,NA,NA
M11,CorteMadera,T1,24,a,2026-05-02,2026-06-10,2026,1.750291248,0,0,0,0,0,0,0,0,0,0,OK,Scarped,East.facing,"Growth
(Months 10-12)",Platform,C1-24a,1.7199898399796798,0.844727273,June,SAPA,15,45.75,55,Thesis,NA,NA,NA
M11,CorteMadera,T1,24,a,2026-05-02,2026-06-10,2026,1.750291248,0,0,0,0,0,0,0,0,0,0,OK,Scarped,East.facing,"Growth
(Months 10-12)",Platform,C1-24a,1.7199898399796798,0.844727273,June,JACA,80,25,30,Thesis,NA,NA,NA
M11,CorteMadera,T1,24,a,2026-05-02,2026-06-10,2026,1.750291248,0,0,0,0,0,0,0,0,0,0,OK,Scarped,East.facing,"Growth
(Months 10-12)",Platform,C1-24a,1.7199898399796798,0.844727273,June,SPFO,20,64.25,7.15,Thesis,NA,NA,NA
M11,CorteMadera,T1,24,b,2026-05-02,2026-06-10,2026,3.981946849,0,0,0,0,0,0,0,0,0,0,OK,Scarped,East.facing,"Growth
(Months 10-12)",Platform,C1-24b,1.7184658369316737,0.842909091,June,SAPA,15,45.75,55,Thesis,NA,NA,NA
M11,CorteMadera,T1,24,b,2026-05-02,2026-06-10,2026,3.981946849,0,0,0,0,0,0,0,0,0,0,OK,Scarped,East.facing,"Growth
(Months 10-12)",Platform,C1-24b,1.7184658369316737,0.842909091,June,JACA,80,25,30,Thesis,NA,NA,NA
M11,CorteMadera,T1,24,b,2026-05-02,2026-06-10,2026,3.981946849,0,0,0,0,0,0,0,0,0,0,OK,Scarped,East.facing,"Growth
(Months 10-12)",Platform,C1-24b,1.7184658369316737,0.842909091,June,SPFO,20,64.25,7.15,Thesis,NA,NA,NA
M11,CorteMadera,T1,24,c,2026-05-02,2026-06-10,2026,2.591217804,0,0,0,0,0,0,0,0,0,0,OK,Scarped,East.facing,"Growth
(Months 10-12)",Platform,C1-24c,1.7141986283972566,0.837818182,June,SAPA,15,45.75,55,Thesis,NA,NA,NA
M11,CorteMadera,T1,24,c,2026-05-02,2026-06-10,2026,2.591217804,0,0,0,0,0,0,0,0,0,0,OK,Scarped,East.facing,"Growth
(Months 10-12)",Platform,C1-24c,1.7141986283972566,0.837818182,June,JACA,80,25,30,Thesis,NA,NA,NA
M11,CorteMadera,T1,24,c,2026-05-02,2026-06-10,2026,2.591217804,0,0,0,0,0,0,0,0,0,0,OK,Scarped,East.facing,"Growth
(Months 10-12)",Platform,C1-24c,1.7141986283972566,0.837818182,June,SPFO,20,64.25,7.15,Thesis,NA,NA,NA
M11,CorteMadera,T1,48,a,2026-05-02,2026-06-10,2026,0.69675505,0,0,0,0,0,0,0,0,0,0,OK,Scarped,East.facing,"Growth
(Months 10-12)",Upland,C1-48a,1.732486665,0.859636364,June,DISP,90,30.125,33.5,Thesis,NA,NA,NA
M11,CorteMadera,T1,48,a,2026-05-02,2026-06-10,2026,0.69675505,0,0,0,0,0,0,0,0,0,0,OK,Scarped,East.facing,"Growth
(Months 10-12)",Upland,C1-48a,1.732486665,0.859636364,June,SAPA,5,27.25,30.5,Thesis,NA,NA,NA
M11,CorteMadera,T1,48,b,2026-05-02,2026-06-10,2026,1.359129811,0,0,0,0,0,0,0,0,0,0,OK,Scarped,East.facing,"Growth
(Months 10-12)",Upland,C1-48b,1.7108458216916431,0.833818182,June,DISP,90,30.125,33.5,Thesis,NA,NA,NA
M11,CorteMadera,T1,48,b,2026-05-02,2026-06-10,2026,1.359129811,0,0,0,0,0,0,0,0,0,0,OK,Scarped,East.facing,"Growth
(Months 10-12)",Upland,C1-48b,1.7108458216916431,0.833818182,June,SAPA,5,27.25,30.5,Thesis,NA,NA,NA
M11,CorteMadera,T1,48,c,2026-05-02,2026-06-10,2026,1.138660665,0,0,0,0,0,0,0,0,0,0,OK,Scarped,East.facing,"Growth
(Months 10-12)",Upland,C1-48c,1.7065786131572265,0.828727273,June,DISP,90,30.125,33.5,Thesis,NA,NA,NA
M11,CorteMadera,T1,48,c,2026-05-02,2026-06-10,2026,1.138660665,0,0,0,0,0,0,0,0,0,0,OK,Scarped,East.facing,"Growth
(Months 10-12)",Upland,C1-48c,1.7065786131572265,0.828727273,June,SAPA,5,27.25,30.5,Thesis,NA,NA,NA
M11,CorteMadera,T2,0.5,a,2026-05-02,2026-06-10,2026,NA,1,0,0,0,0,0,0,0,0,NA,#VALUE!,Scarped,East.facing,"Growth
(Months 10-12)",Edge,C2-0.5a,1.621234442468885,0.726909091,June,SAPA,20,34.875,42.5,Thesis,NA,NA,NA
M11,CorteMadera,T2,0.5,a,2026-05-02,2026-06-10,2026,NA,1,0,0,0,0,0,0,0,0,NA,#VALUE!,Scarped,East.facing,"Growth
(Months 10-12)",Edge,C2-0.5a,1.621234442468885,0.726909091,June,JACA,75,16.25,19,Thesis,NA,NA,NA
M11,CorteMadera,T2,0.5,b,2026-05-02,2026-06-10,2026,-1.073245414,0,0,0,0,0,0,0,0,0,1,Review,Scarped,East.facing,"Growth
(Months 10-12)",Edge,C2-0.5b,1.6392176784353567,0.748363636,June,SAPA,20,34.875,42.5,Thesis,NA,NA,NA
M11,CorteMadera,T2,0.5,b,2026-05-02,2026-06-10,2026,-1.073245414,0,0,0,0,0,0,0,0,0,1,Review,Scarped,East.facing,"Growth
(Months 10-12)",Edge,C2-0.5b,1.6392176784353567,0.748363636,June,JACA,75,16.25,19,Thesis,NA,NA,NA
M11,CorteMadera,T2,0.5,c,2026-05-02,2026-06-10,2026,-0.072105905,0,0,0,0,0,0,0,0,0,1,Review,Scarped,East.facing,"Growth
(Months 10-12)",Edge,C2-0.5c,1.6495808991617982,0.760727273,June,SAPA,20,34.875,42.5,Thesis,NA,NA,NA
M11,CorteMadera,T2,0.5,c,2026-05-02,2026-06-10,2026,-0.072105905,0,0,0,0,0,0,0,0,0,1,Review,Scarped,East.facing,"Growth
(Months 10-12)",Edge,C2-0.5c,1.6495808991617982,0.760727273,June,JACA,75,16.25,19,Thesis,NA,NA,NA
M11,CorteMadera,T2,2,a,2026-05-02,2026-06-10,2026,0.027528414,0,0,0,0,0,0,0,0,0,0,OK,Scarped,East.facing,"Growth
(Months 10-12)",Edge,C2-2a,1.656286512573025,0.768727273,June,SAPA,20,24.83,32.5,Thesis,NA,NA,NA
M11,CorteMadera,T2,2,a,2026-05-02,2026-06-10,2026,0.027528414,0,0,0,0,0,0,0,0,0,0,OK,Scarped,East.facing,"Growth
(Months 10-12)",Edge,C2-2a,1.656286512573025,0.768727273,June,JACA,75,16.375,19,Thesis,NA,NA,NA
M11,CorteMadera,T2,2,b,2026-05-02,2026-06-10,2026,0.114869665,0,0,0,0,0,0,0,0,0,0,OK,Scarped,East.facing,"Growth
(Months 10-12)",Edge,C2-2b,1.6544577089154178,0.766545455,June,SAPA,20,24.83,32.5,Thesis,NA,NA,NA
M11,CorteMadera,T2,2,b,2026-05-02,2026-06-10,2026,0.114869665,0,0,0,0,0,0,0,0,0,0,OK,Scarped,East.facing,"Growth
(Months 10-12)",Edge,C2-2b,1.6544577089154178,0.766545455,June,JACA,75,16.375,19,Thesis,NA,NA,NA
M11,CorteMadera,T2,2,c,2026-05-02,2026-06-10,2026,0.187257706,0,0,0,0,0,0,0,0,0,0,OK,Scarped,East.facing,"Growth
(Months 10-12)",Edge,C2-2c,1.6556769113538228,0.768,June,SAPA,20,24.83,32.5,Thesis,NA,NA,NA
M11,CorteMadera,T2,2,c,2026-05-02,2026-06-10,2026,0.187257706,0,0,0,0,0,0,0,0,0,0,OK,Scarped,East.facing,"Growth
(Months 10-12)",Edge,C2-2c,1.6556769113538228,0.768,June,JACA,75,16.375,19,Thesis,NA,NA,NA
M11,CorteMadera,T2,6,a,2026-05-02,2026-06-10,2026,2.249470475,0,0,0,0,0,0,0,0,0,0,OK,Scarped,East.facing,"Growth
(Months 10-12)",Edge,C2-6a,1.6623825247650494,0.776,June,SAPA,40,43,53,Thesis,NA,NA,NA
M11,CorteMadera,T2,6,a,2026-05-02,2026-06-10,2026,2.249470475,0,0,0,0,0,0,0,0,0,0,OK,Scarped,East.facing,"Growth
(Months 10-12)",Edge,C2-6a,1.6623825247650494,0.776,June,JACA,50,21.875,25,Thesis,NA,NA,NA
M11,CorteMadera,T2,6,a,2026-05-02,2026-06-10,2026,2.249470475,0,0,0,0,0,0,0,0,0,0,OK,Scarped,East.facing,"Growth
(Months 10-12)",Edge,C2-6a,1.6623825247650494,0.776,June,SPFO,10,53.167,60,Thesis,NA,NA,NA
M11,CorteMadera,T2,6,b,2026-05-02,2026-06-10,2026,1.904135989,0,0,0,0,0,0,0,0,0,0,OK,Scarped,East.facing,"Growth
(Months 10-12)",Edge,C2-6b,1.6727457454914911,0.788363636,June,SAPA,40,43,53,Thesis,NA,NA,NA
M11,CorteMadera,T2,6,b,2026-05-02,2026-06-10,2026,1.904135989,0,0,0,0,0,0,0,0,0,0,OK,Scarped,East.facing,"Growth
(Months 10-12)",Edge,C2-6b,1.6727457454914911,0.788363636,June,JACA,50,21.875,25,Thesis,NA,NA,NA
M11,CorteMadera,T2,6,b,2026-05-02,2026-06-10,2026,1.904135989,0,0,0,0,0,0,0,0,0,0,OK,Scarped,East.facing,"Growth
(Months 10-12)",Edge,C2-6b,1.6727457454914911,0.788363636,June,SPFO,10,53.167,60,Thesis,NA,NA,NA
M11,CorteMadera,T2,6,c,2026-05-02,2026-06-10,2026,2.129522362,0,0,0,0,0,0,0,0,0,0,OK,Scarped,East.facing,"Growth
(Months 10-12)",Edge,C2-6c,1.6675641351282702,0.782181818,June,SAPA,40,43,53,Thesis,NA,NA,NA
M11,CorteMadera,T2,6,c,2026-05-02,2026-06-10,2026,2.129522362,0,0,0,0,0,0,0,0,0,0,OK,Scarped,East.facing,"Growth
(Months 10-12)",Edge,C2-6c,1.6675641351282702,0.782181818,June,JACA,50,21.875,25,Thesis,NA,NA,NA
M11,CorteMadera,T2,6,c,2026-05-02,2026-06-10,2026,2.129522362,0,0,0,0,0,0,0,0,0,0,OK,Scarped,East.facing,"Growth
(Months 10-12)",Edge,C2-6c,1.6675641351282702,0.782181818,June,SPFO,10,53.167,60,Thesis,NA,NA,NA
M11,CorteMadera,T2,12,a,2026-05-02,2026-06-10,2026,1.877494288,0,0,0,0,0,0,0,0,0,0,OK,Scarped,East.facing,"Growth
(Months 10-12)",Platform,C2-12a,1.664820929641859,0.778909091,June,SAPA,35,48,64,Thesis,NA,NA,NA
M11,CorteMadera,T2,12,a,2026-05-02,2026-06-10,2026,1.877494288,0,0,0,0,0,0,0,0,0,0,OK,Scarped,East.facing,"Growth
(Months 10-12)",Platform,C2-12a,1.664820929641859,0.778909091,June,JACA,55,20.75,23,Thesis,NA,NA,NA
M11,CorteMadera,T2,12,a,2026-05-02,2026-06-10,2026,1.877494288,0,0,0,0,0,0,0,0,0,0,OK,Scarped,East.facing,"Growth
(Months 10-12)",Platform,C2-12a,1.664820929641859,0.778909091,June,SPFO,15,48.75,53,Thesis,NA,NA,NA
M11,CorteMadera,T2,12,b,2026-05-02,2026-06-10,2026,2.383888136,0,0,0,0,0,0,0,0,0,0,OK,Scarped,East.facing,"Growth
(Months 10-12)",Platform,C2-12b,1.6651257302514604,0.779272727,June,SAPA,35,48,64,Thesis,NA,NA,NA
M11,CorteMadera,T2,12,b,2026-05-02,2026-06-10,2026,2.383888136,0,0,0,0,0,0,0,0,0,0,OK,Scarped,East.facing,"Growth
(Months 10-12)",Platform,C2-12b,1.6651257302514604,0.779272727,June,JACA,55,20.75,23,Thesis,NA,NA,NA
M11,CorteMadera,T2,12,b,2026-05-02,2026-06-10,2026,2.383888136,0,0,0,0,0,0,0,0,0,0,OK,Scarped,East.facing,"Growth
(Months 10-12)",Platform,C2-12b,1.6651257302514604,0.779272727,June,SPFO,15,48.75,53,Thesis,NA,NA,NA
M11,CorteMadera,T2,12,c,2026-05-02,2026-06-10,2026,1.78547764,0,0,0,0,0,0,0,0,0,0,OK,Scarped,East.facing,"Growth
(Months 10-12)",Platform,C2-12c,1.6657353314706629,0.78,June,SAPA,35,48,64,Thesis,NA,NA,NA
M11,CorteMadera,T2,12,c,2026-05-02,2026-06-10,2026,1.78547764,0,0,0,0,0,0,0,0,0,0,OK,Scarped,East.facing,"Growth
(Months 10-12)",Platform,C2-12c,1.6657353314706629,0.78,June,JACA,55,20.75,23,Thesis,NA,NA,NA
M11,CorteMadera,T2,12,c,2026-05-02,2026-06-10,2026,1.78547764,0,0,0,0,0,0,0,0,0,0,OK,Scarped,East.facing,"Growth
(Months 10-12)",Platform,C2-12c,1.6657353314706629,0.78,June,SPFO,15,48.75,53,Thesis,NA,NA,NA
M11,CorteMadera,T2,18,a,2026-05-02,2026-06-10,2026,1.468477671,0,0,0,0,0,0,0,0,0,0,OK,Scarped,East.facing,"Growth
(Months 10-12)",Platform,C2-18a,1.6623825247650494,0.776,June,SAPA,25,48.75,51,Thesis,NA,NA,NA
M11,CorteMadera,T2,18,a,2026-05-02,2026-06-10,2026,1.468477671,0,0,0,0,0,0,0,0,0,0,OK,Scarped,East.facing,"Growth
(Months 10-12)",Platform,C2-18a,1.6623825247650494,0.776,June,SPFO,35,55.25,62,Thesis,NA,NA,NA
M11,CorteMadera,T2,18,a,2026-05-02,2026-06-10,2026,1.468477671,0,0,0,0,0,0,0,0,0,0,OK,Scarped,East.facing,"Growth
(Months 10-12)",Platform,C2-18a,1.6623825247650494,0.776,June,JACA,45,25.5,28,Thesis,NA,NA,NA
M11,CorteMadera,T2,18,b,2026-05-02,2026-06-10,2026,1.275456329,0,0,0,0,0,0,0,0,0,0,OK,Scarped,East.facing,"Growth
(Months 10-12)",Platform,C2-18b,1.6672593345186688,0.781818182,June,SAPA,25,48.75,51,Thesis,NA,NA,NA
M11,CorteMadera,T2,18,b,2026-05-02,2026-06-10,2026,1.275456329,0,0,0,0,0,0,0,0,0,0,OK,Scarped,East.facing,"Growth
(Months 10-12)",Platform,C2-18b,1.6672593345186688,0.781818182,June,SPFO,35,55.25,62,Thesis,NA,NA,NA
M11,CorteMadera,T2,18,b,2026-05-02,2026-06-10,2026,1.275456329,0,0,0,0,0,0,0,0,0,0,OK,Scarped,East.facing,"Growth
(Months 10-12)",Platform,C2-18b,1.6672593345186688,0.781818182,June,JACA,45,25.5,28,Thesis,NA,NA,NA
M11,CorteMadera,T2,18,c,2026-05-02,2026-06-10,2026,1.406689883,0,0,0,0,0,0,0,0,0,0,OK,Scarped,East.facing,"Growth
(Months 10-12)",Platform,C2-18c,1.6773177546355091,0.793818182,June,SAPA,25,48.75,51,Thesis,NA,NA,NA
M11,CorteMadera,T2,18,c,2026-05-02,2026-06-10,2026,1.406689883,0,0,0,0,0,0,0,0,0,0,OK,Scarped,East.facing,"Growth
(Months 10-12)",Platform,C2-18c,1.6773177546355091,0.793818182,June,SPFO,35,55.25,62,Thesis,NA,NA,NA
M11,CorteMadera,T2,18,c,2026-05-02,2026-06-10,2026,1.406689883,0,0,0,0,0,0,0,0,0,0,OK,Scarped,East.facing,"Growth
(Months 10-12)",Platform,C2-18c,1.6773177546355091,0.793818182,June,JACA,45,25.5,28,Thesis,NA,NA,NA
M11,CorteMadera,T2,24,a,2026-05-02,2026-06-10,2026,3.632017576,0,0,0,0,0,0,0,0,0,0,OK,Scarped,East.facing,"Growth
(Months 10-12)",Platform,C2-24a,1.6794513589027176,0.796363636,June,SPFO,20,53.75,57,Thesis,NA,NA,NA
M11,CorteMadera,T2,24,a,2026-05-02,2026-06-10,2026,3.632017576,0,0,0,0,0,0,0,0,0,0,OK,Scarped,East.facing,"Growth
(Months 10-12)",Platform,C2-24a,1.6794513589027176,0.796363636,June,SAPA,25,33.75,38,Thesis,NA,NA,NA
M11,CorteMadera,T2,24,a,2026-05-02,2026-06-10,2026,3.632017576,0,0,0,0,0,0,0,0,0,0,OK,Scarped,East.facing,"Growth
(Months 10-12)",Platform,C2-24a,1.6794513589027176,0.796363636,June,JACA,65,23.375,24.5,Thesis,NA,NA,NA
M11,CorteMadera,T2,24,b,2026-05-02,2026-06-10,2026,1.108593027,0,0,0,0,0,0,0,0,0,0,OK,Scarped,East.facing,"Growth
(Months 10-12)",Platform,C2-24b,1.6843281686563372,0.802181818,June,SPFO,20,53.75,57,Thesis,NA,NA,NA
M11,CorteMadera,T2,24,b,2026-05-02,2026-06-10,2026,1.108593027,0,0,0,0,0,0,0,0,0,0,OK,Scarped,East.facing,"Growth
(Months 10-12)",Platform,C2-24b,1.6843281686563372,0.802181818,June,SAPA,25,33.75,38,Thesis,NA,NA,NA
M11,CorteMadera,T2,24,b,2026-05-02,2026-06-10,2026,1.108593027,0,0,0,0,0,0,0,0,0,0,OK,Scarped,East.facing,"Growth
(Months 10-12)",Platform,C2-24b,1.6843281686563372,0.802181818,June,JACA,65,23.375,24.5,Thesis,NA,NA,NA
M11,CorteMadera,T2,24,c,2026-05-02,2026-06-10,2026,3.8601447,0,0,0,0,0,0,0,0,0,0,OK,Scarped,East.facing,"Growth
(Months 10-12)",Platform,C2-24c,1.6751841503683007,0.791272727,June,SPFO,20,53.75,57,Thesis,NA,NA,NA
M11,CorteMadera,T2,24,c,2026-05-02,2026-06-10,2026,3.8601447,0,0,0,0,0,0,0,0,0,0,OK,Scarped,East.facing,"Growth
(Months 10-12)",Platform,C2-24c,1.6751841503683007,0.791272727,June,SAPA,25,33.75,38,Thesis,NA,NA,NA
M11,CorteMadera,T2,24,c,2026-05-02,2026-06-10,2026,3.8601447,0,0,0,0,0,0,0,0,0,0,OK,Scarped,East.facing,"Growth
(Months 10-12)",Platform,C2-24c,1.6751841503683007,0.791272727,June,JACA,65,23.375,24.5,Thesis,NA,NA,NA
M11,CorteMadera,T2,48,a,2026-05-02,2026-06-10,2026,4.838269971,0,0,0,0,0,0,0,0,0,0,OK,Scarped,East.facing,"Growth
(Months 10-12)",Upland,C2-48a,1.6794513589027176,0.796363636,June,DISP,90,31,33,Thesis,NA,NA,NA
M11,CorteMadera,T2,48,a,2026-05-02,2026-06-10,2026,4.838269971,0,0,0,0,0,0,0,0,0,0,OK,Scarped,East.facing,"Growth
(Months 10-12)",Upland,C2-48a,1.6794513589027176,0.796363636,June,SPFO,5,56,56,Thesis,NA,NA,NA
M11,CorteMadera,T2,48,b,2026-05-02,2026-06-10,2026,2.703870686,0,0,0,0,0,0,0,0,0,0,OK,Scarped,East.facing,"Growth
(Months 10-12)",Upland,C2-48b,1.6821945643891287,0.799636364,June,DISP,90,31,33,Thesis,NA,NA,NA
M11,CorteMadera,T2,48,b,2026-05-02,2026-06-10,2026,2.703870686,0,0,0,0,0,0,0,0,0,0,OK,Scarped,East.facing,"Growth
(Months 10-12)",Upland,C2-48b,1.6821945643891287,0.799636364,June,SPFO,5,56,56,Thesis,NA,NA,NA
M11,CorteMadera,T2,48,c,2026-05-02,2026-06-10,2026,3.602272379,0,0,0,0,0,0,0,0,0,0,OK,Scarped,East.facing,"Growth
(Months 10-12)",Upland,C2-48c,1.673050546101092,0.788727273,June,DISP,90,31,33,Thesis,NA,NA,NA
M11,CorteMadera,T2,48,c,2026-05-02,2026-06-10,2026,3.602272379,0,0,0,0,0,0,0,0,0,0,OK,Scarped,East.facing,"Growth
(Months 10-12)",Upland,C2-48c,1.673050546101092,0.788727273,June,SPFO,5,56,56,Thesis,NA,NA,NA
M11,SanPablo,T1,0.5,a,2026-04-30,2026-06-12,2026,0.176418434,0,0,0,0,0,0,0,0,0,0,OK,Ramped,South.facing,"Growth
(Months 10-12)",Edge,S1-0.5a,1.706273812547625,0.771628722,June,SAPA,35,57,66,Thesis,NA,NA,NA
M11,SanPablo,T1,0.5,a,2026-04-30,2026-06-12,2026,0.176418434,0,0,0,0,0,0,0,0,0,0,OK,Ramped,South.facing,"Growth
(Months 10-12)",Edge,S1-0.5a,1.706273812547625,0.771628722,June,SPFO,35,67.125,76,Thesis,NA,NA,NA
M11,SanPablo,T1,0.5,b,2026-04-30,2026-06-12,2026,-0.30249949,0,0,0,0,0,0,0,0,0,1,Review,Ramped,South.facing,"Growth
(Months 10-12)",Edge,S1-0.5b,1.722733045466091,0.790542907,June,SAPA,35,57,66,Thesis,NA,NA,NA
M11,SanPablo,T1,0.5,b,2026-04-30,2026-06-12,2026,-0.30249949,0,0,0,0,0,0,0,0,0,1,Review,Ramped,South.facing,"Growth
(Months 10-12)",Edge,S1-0.5b,1.722733045466091,0.790542907,June,SPFO,35,67.125,76,Thesis,NA,NA,NA
M11,SanPablo,T1,0.5,c,2026-04-30,2026-06-12,2026,-1.024038456,0,0,0,0,0,0,0,0,0,1,Review,Ramped,South.facing,"Growth
(Months 10-12)",Edge,S1-0.5c,1.723037846075692,0.79089317,June,SAPA,35,57,66,Thesis,NA,NA,NA
M11,SanPablo,T1,0.5,c,2026-04-30,2026-06-12,2026,-1.024038456,0,0,0,0,0,0,0,0,0,1,Review,Ramped,South.facing,"Growth
(Months 10-12)",Edge,S1-0.5c,1.723037846075692,0.79089317,June,SPFO,35,67.125,76,Thesis,NA,NA,NA
M11,SanPablo,T1,2,a,2026-04-30,2026-06-12,2026,0.799878108,0,0,0,0,0,0,0,0,0,0,OK,Ramped,South.facing,"Growth
(Months 10-12)",Edge,S1-2a,1.6913385826771654,0.754465849,June,SAPA,75,51.625,69.5,Thesis,NA,NA,NA
M11,SanPablo,T1,2,b,2026-04-30,2026-06-12,2026,0.209135901,0,0,0,0,0,0,0,0,0,0,OK,Ramped,South.facing,"Growth
(Months 10-12)",Edge,S1-2b,1.7202946405892812,0.787740806,June,SAPA,75,51.625,69.5,Thesis,NA,NA,NA
M11,SanPablo,T1,2,c,2026-04-30,2026-06-12,2026,-0.01253865,0,0,0,0,0,0,0,0,0,1,Review,Ramped,South.facing,"Growth
(Months 10-12)",Edge,S1-2c,1.7550419100838202,0.827670753,June,SAPA,75,51.625,69.5,Thesis,NA,NA,NA
M11,SanPablo,T1,6,a,2026-04-30,2026-06-12,2026,NA,1,1,0,0,0,0,0,0,0,NA,#VALUE!,Ramped,South.facing,"Growth
(Months 10-12)",Edge,S1-6a,1.8266700533401063,0.909982487,June,SAPA,60,61.125,65,Thesis,NA,NA,NA
M11,SanPablo,T1,6,b,2026-04-30,2026-06-12,2026,NA,1,1,0,0,0,0,0,0,0,NA,#VALUE!,Ramped,South.facing,"Growth
(Months 10-12)",Edge,S1-6b,1.8254508509017016,0.908581436,June,SAPA,60,61.125,65,Thesis,NA,NA,NA
M11,SanPablo,T1,6,c,2026-04-30,2026-06-12,2026,NA,1,1,0,0,0,0,0,0,0,NA,#VALUE!,Ramped,South.facing,"Growth
(Months 10-12)",Edge,S1-6c,1.83002286004572,0.913835377,June,SAPA,60,61.125,65,Thesis,NA,NA,NA
M11,SanPablo,T1,12,a,2026-04-30,2026-06-12,2026,2.735618955,0,0,0,0,0,0,0,0,0,0,OK,Ramped,South.facing,"Growth
(Months 10-12)",Platform,S1-12a,1.877266954533909,0.968126095,June,SAPA,65,46,55,Thesis,NA,NA,NA
M11,SanPablo,T1,12,b,2026-04-30,2026-06-12,2026,1.57720127,0,0,0,0,0,0,0,0,0,0,OK,Ramped,South.facing,"Growth
(Months 10-12)",Platform,S1-12b,1.889763779527559,0.982486865,June,SAPA,65,46,55,Thesis,NA,NA,NA
M11,SanPablo,T1,12,c,2026-04-30,2026-06-12,2026,3.144349686,0,0,0,0,0,0,0,0,0,0,OK,Ramped,South.facing,"Growth
(Months 10-12)",Platform,S1-12c,1.8851917703835408,0.977232925,June,SAPA,65,46,55,Thesis,NA,NA,NA
M11,SanPablo,T1,18,a,2026-04-30,2026-06-12,2026,1.535929738,0,0,0,0,0,0,0,0,0,0,OK,Ramped,South.facing,"Growth
(Months 10-12)",Platform,S1-18a,1.9778511557023113,1.083712785,June,SAPA,80,58.75,69,Thesis,NA,NA,NA
M11,SanPablo,T1,18,b,2026-04-30,2026-06-12,2026,NA,1,1,0,0,0,0,0,0,0,NA,#VALUE!,Ramped,South.facing,"Growth
(Months 10-12)",Platform,S1-18b,1.9882143764287528,1.095621716,June,SAPA,80,58.75,69,Thesis,NA,NA,NA
M11,SanPablo,T1,18,c,2026-04-30,2026-06-12,2026,1.346058759,0,0,0,0,0,0,0,0,0,0,OK,Ramped,South.facing,"Growth
(Months 10-12)",Platform,S1-18c,1.9918719837439671,1.099824869,June,SAPA,80,58.75,69,Thesis,NA,NA,NA
M11,SanPablo,T1,24,a,2026-04-30,2026-06-12,2026,5.289189878,0,0,0,0,0,0,0,0,0,0,OK,Ramped,South.facing,"Growth
(Months 10-12)",Platform,S1-24a,1.9751079502159004,1.08056042,June,SAPA,95,55.5,58.5,Thesis,NA,NA,NA
M11,SanPablo,T1,24,b,2026-04-30,2026-06-12,2026,5.362484317,0,0,0,0,0,0,0,0,0,0,OK,Ramped,South.facing,"Growth
(Months 10-12)",Platform,S1-24b,1.984861569723139,1.091768827,June,SAPA,95,55.5,58.5,Thesis,NA,NA,NA
M11,SanPablo,T1,24,c,2026-04-30,2026-06-12,2026,5.641917079,0,0,0,0,0,0,0,0,0,0,OK,Ramped,South.facing,"Growth
(Months 10-12)",Platform,S1-24c,1.9751079502159004,1.08056042,June,SAPA,95,55.5,58.5,Thesis,NA,NA,NA
M11,SanPablo,T1,48,a,2026-04-30,2026-06-12,2026,0.903879444,0,0,0,0,0,0,0,0,0,0,OK,Ramped,South.facing,"Growth
(Months 10-12)",Upland,S1-48a,2.013208026416053,1.124343257,June,SAPA,95,49.125,60,Thesis,NA,NA,NA
M11,SanPablo,T1,48,b,2026-04-30,2026-06-12,2026,1.01698318,0,0,0,0,0,0,0,0,0,0,OK,Ramped,South.facing,"Growth
(Months 10-12)",Upland,S1-48b,2.0159512319024637,1.127495622,June,SAPA,95,49.125,60,Thesis,NA,NA,NA
M11,SanPablo,T1,48,c,2026-04-30,2026-06-12,2026,0.961454875,0,0,0,0,0,0,0,0,0,0,OK,Ramped,South.facing,"Growth
(Months 10-12)",Upland,S1-48c,2.0144272288544576,1.125744308,June,SAPA,95,49.125,60,Thesis,NA,NA,NA
M11,SanPablo,T2,0.5,a,2026-04-30,2026-06-12,2026,-0.248104416,0,0,0,0,0,0,0,0,0,1,Review,Ramped,South.facing,"Growth
(Months 10-12)",Edge,S2-0.5a,1.727305054610109,0.795796848,June,SPFO,40,77.75,85,Thesis,NA,NA,NA
M11,SanPablo,T2,0.5,a,2026-04-30,2026-06-12,2026,-0.248104416,0,0,0,0,0,0,0,0,0,1,Review,Ramped,South.facing,"Growth
(Months 10-12)",Edge,S2-0.5a,1.727305054610109,0.795796848,June,SAPA,30,53.75,56,Thesis,NA,NA,NA
M11,SanPablo,T2,0.5,b,2026-04-30,2026-06-12,2026,-0.612419814,0,0,0,0,0,0,0,0,0,1,Review,Ramped,South.facing,"Growth
(Months 10-12)",Edge,S2-0.5b,1.7297434594869188,0.798598949,June,SPFO,40,77.75,85,Thesis,NA,NA,NA
M11,SanPablo,T2,0.5,b,2026-04-30,2026-06-12,2026,-0.612419814,0,0,0,0,0,0,0,0,0,1,Review,Ramped,South.facing,"Growth
(Months 10-12)",Edge,S2-0.5b,1.7297434594869188,0.798598949,June,SAPA,30,53.75,56,Thesis,NA,NA,NA
M11,SanPablo,T2,0.5,c,2026-04-30,2026-06-12,2026,-0.496062608,0,0,0,0,0,0,0,0,0,1,Review,Ramped,South.facing,"Growth
(Months 10-12)",Edge,S2-0.5c,1.721818643637287,0.789492119,June,SPFO,40,77.75,85,Thesis,NA,NA,NA
M11,SanPablo,T2,0.5,c,2026-04-30,2026-06-12,2026,-0.496062608,0,0,0,0,0,0,0,0,0,1,Review,Ramped,South.facing,"Growth
(Months 10-12)",Edge,S2-0.5c,1.721818643637287,0.789492119,June,SAPA,30,53.75,56,Thesis,NA,NA,NA
M11,SanPablo,T2,2,a,2026-04-30,2026-06-12,2026,0.111897395,0,0,0,0,0,0,0,0,0,0,OK,Ramped,South.facing,"Growth
(Months 10-12)",Edge,S2-2a,1.7401066802133602,0.810507881,June,SPFO,35,87.25,93,Thesis,NA,NA,NA
M11,SanPablo,T2,2,a,2026-04-30,2026-06-12,2026,0.111897395,0,0,0,0,0,0,0,0,0,0,OK,Ramped,South.facing,"Growth
(Months 10-12)",Edge,S2-2a,1.7401066802133602,0.810507881,June,SAPA,30,54.5,68,Thesis,NA,NA,NA
M11,SanPablo,T2,2,b,2026-04-30,2026-06-12,2026,0.043099323,0,0,0,0,0,0,0,0,0,0,OK,Ramped,South.facing,"Growth
(Months 10-12)",Edge,S2-2b,1.751993903987808,0.824168126,June,SPFO,35,87.25,93,Thesis,NA,NA,NA
M11,SanPablo,T2,2,b,2026-04-30,2026-06-12,2026,0.043099323,0,0,0,0,0,0,0,0,0,0,OK,Ramped,South.facing,"Growth
(Months 10-12)",Edge,S2-2b,1.751993903987808,0.824168126,June,SAPA,30,54.5,68,Thesis,NA,NA,NA
M11,SanPablo,T2,2,c,2026-04-30,2026-06-12,2026,-0.342199121,0,0,0,0,0,0,0,0,0,1,Review,Ramped,South.facing,"Growth
(Months 10-12)",Edge,S2-2c,1.750469900939802,0.822416813,June,SPFO,35,87.25,93,Thesis,NA,NA,NA
M11,SanPablo,T2,2,c,2026-04-30,2026-06-12,2026,-0.342199121,0,0,0,0,0,0,0,0,0,1,Review,Ramped,South.facing,"Growth
(Months 10-12)",Edge,S2-2c,1.750469900939802,0.822416813,June,SAPA,30,54.5,68,Thesis,NA,NA,NA
M11,SanPablo,T2,6,a,2026-04-30,2026-06-12,2026,NA,1,1,0,0,0,0,0,0,0,NA,#VALUE!,Ramped,South.facing,"Growth
(Months 10-12)",Edge,S2-6a,1.8239268478536956,0.906830123,June,SAPA,80,50,55,Thesis,NA,NA,NA
M11,SanPablo,T2,6,b,2026-04-30,2026-06-12,2026,NA,1,1,0,0,0,0,0,0,0,NA,#VALUE!,Ramped,South.facing,"Growth
(Months 10-12)",Edge,S2-6b,1.8135636271272544,0.894921191,June,SAPA,80,50,55,Thesis,NA,NA,NA
M11,SanPablo,T2,6,c,2026-04-30,2026-06-12,2026,NA,1,1,0,0,0,0,0,0,0,NA,#VALUE!,Ramped,South.facing,"Growth
(Months 10-12)",Edge,S2-6c,1.8083820167640337,0.888966725,June,SAPA,80,50,55,Thesis,NA,NA,NA
M11,SanPablo,T2,12,a,2026-04-30,2026-06-12,2026,1.506977521,0,0,0,0,0,0,0,0,0,0,OK,Ramped,South.facing,"Growth
(Months 10-12)",Platform,S2-12a,1.899517399034798,0.993695271,June,SAPA,90,52.125,56,Thesis,NA,NA,NA
M11,SanPablo,T2,12,b,2026-04-30,2026-06-12,2026,NA,1,1,0,0,0,0,0,0,0,NA,#VALUE!,Ramped,South.facing,"Growth
(Months 10-12)",Platform,S2-12b,1.8912877825755652,0.984238179,June,SAPA,90,52.125,56,Thesis,NA,NA,NA
M11,SanPablo,T2,12,c,2026-04-30,2026-06-12,2026,1.583013647,0,0,0,0,0,0,0,0,0,0,OK,Ramped,South.facing,"Growth
(Months 10-12)",Platform,S2-12c,1.8836677673355344,0.975481611,June,SAPA,90,52.125,56,Thesis,NA,NA,NA
M11,SanPablo,T2,18,a,2026-04-30,2026-06-12,2026,0.780832521,0,0,0,0,0,0,0,0,0,0,OK,Ramped,South.facing,"Growth
(Months 10-12)",Platform,S2-18a,1.9677927355854712,1.072154116,June,SAPA,85,61.75,65,Thesis,NA,NA,NA
M11,SanPablo,T2,18,b,2026-04-30,2026-06-12,2026,1.631230786,0,0,0,0,0,0,0,0,0,0,OK,Ramped,South.facing,"Growth
(Months 10-12)",Platform,S2-18b,1.9677927355854712,1.072154116,June,SAPA,85,61.75,65,Thesis,NA,NA,NA
M11,SanPablo,T2,18,c,2026-04-30,2026-06-12,2026,1.080955882,0,0,0,0,0,0,0,0,0,0,OK,Ramped,South.facing,"Growth
(Months 10-12)",Platform,S2-18c,1.9613919227838457,1.064798599,June,SAPA,85,61.75,65,Thesis,NA,NA,NA
M11,SanPablo,T2,24,a,2026-04-30,2026-06-12,2026,5.635995034,0,0,0,0,0,0,0,0,0,0,OK,Ramped,South.facing,"Growth
(Months 10-12)",Platform,S2-24a,2.0001016002032004,1.109281961,June,SAPA,95,56,59.5,Thesis,NA,NA,NA
M11,SanPablo,T2,24,b,2026-04-30,2026-06-12,2026,7.386288157,0,0,0,0,0,0,0,0,0,0,OK,Ramped,South.facing,"Growth
(Months 10-12)",Platform,S2-24b,1.9979679959359915,1.106830123,June,SAPA,95,56,59.5,Thesis,NA,NA,NA
M11,SanPablo,T2,24,c,2026-04-30,2026-06-12,2026,7.134674382,0,0,0,0,0,0,0,0,0,0,OK,Ramped,South.facing,"Growth
(Months 10-12)",Platform,S2-24c,1.9915671831343664,1.099474606,June,SAPA,95,56,59.5,Thesis,NA,NA,NA
M11,SanPablo,T2,48,a,2026-04-30,2026-06-12,2026,1.408313337,0,0,0,0,0,0,0,0,0,0,OK,Ramped,South.facing,"Growth
(Months 10-12)",Upland,S2-48a,2.0138176276352553,1.125043783,June,SAPA,95,50.25,58,Thesis,NA,NA,NA
M11,SanPablo,T2,48,b,2026-04-30,2026-06-12,2026,1.439166457,0,0,0,0,0,0,0,0,0,0,OK,Ramped,South.facing,"Growth
(Months 10-12)",Upland,S2-48b,2.022961645923292,1.135551664,June,SAPA,95,50.25,58,Thesis,NA,NA,NA
M11,SanPablo,T2,48,c,2026-04-30,2026-06-12,2026,1.664204144,0,0,0,0,0,0,0,0,0,0,OK,Ramped,South.facing,"Growth
(Months 10-12)",Upland,S2-48c,2.0205232410464817,1.132749562,June,SAPA,95,50.25,58,Thesis,NA,NA,NA
M2,CorteMadera,A,0.5,a,2022-07-27,2022-08-24,2022,0.131691535,NA,NA,NA,NA,NA,NA,NA,NA,NA,NA,NA,Scarped,East.facing,"Late_Dry
(Months 1-3)",NA,NA,1.598,0.69919351,August,SAPA,60,44,54,USGS,Summer,NA,Bay
M2,CorteMadera,A,0.5,a,2022-07-27,2022-08-24,2022,0.131691535,NA,NA,NA,NA,NA,NA,NA,NA,NA,NA,NA,Scarped,East.facing,"Late_Dry
(Months 1-3)",NA,NA,1.598,0.69919351,August,SPFO,10,59,79,USGS,Summer,NA,Bay
M2,CorteMadera,A,0.5,b,2022-07-27,2022-08-24,2022,0.689696134,NA,NA,NA,NA,NA,NA,NA,NA,NA,NA,NA,Scarped,East.facing,"Late_Dry
(Months 1-3)",NA,NA,1.598,0.69919351,August,SAPA,60,44,54,USGS,Summer,NA,Bay
M2,CorteMadera,A,0.5,b,2022-07-27,2022-08-24,2022,0.689696134,NA,NA,NA,NA,NA,NA,NA,NA,NA,NA,NA,Scarped,East.facing,"Late_Dry
(Months 1-3)",NA,NA,1.598,0.69919351,August,SPFO,10,59,79,USGS,Summer,NA,Bay
M2,CorteMadera,A,0.5,c,2022-07-27,2022-08-24,2022,0.62721922,NA,NA,NA,NA,NA,NA,NA,NA,NA,NA,NA,Scarped,East.facing,"Late_Dry
(Months 1-3)",NA,NA,1.598,0.69919351,August,SAPA,60,44,54,USGS,Summer,NA,Bay
M2,CorteMadera,A,0.5,c,2022-07-27,2022-08-24,2022,0.62721922,NA,NA,NA,NA,NA,NA,NA,NA,NA,NA,NA,Scarped,East.facing,"Late_Dry
(Months 1-3)",NA,NA,1.598,0.69919351,August,SPFO,10,59,79,USGS,Summer,NA,Bay
M2,CorteMadera,A,2,a,2022-07-27,2022-08-24,2022,5.975733112,NA,NA,NA,NA,NA,NA,NA,NA,NA,NA,NA,Scarped,East.facing,"Late_Dry
(Months 1-3)",NA,NA,1.684,0.801794321,August,SAPA,30,26,37,USGS,Summer,NA,Bay
M2,CorteMadera,A,2,a,2022-07-27,2022-08-24,2022,5.975733112,NA,NA,NA,NA,NA,NA,NA,NA,NA,NA,NA,Scarped,East.facing,"Late_Dry
(Months 1-3)",NA,NA,1.684,0.801794321,August,SPFO,15,54,64,USGS,Summer,NA,Bay
M2,CorteMadera,A,2,a,2022-07-27,2022-08-24,2022,5.975733112,NA,NA,NA,NA,NA,NA,NA,NA,NA,NA,NA,Scarped,East.facing,"Late_Dry
(Months 1-3)",NA,NA,1.684,0.801794321,August,JACA,1,9,10,USGS,Summer,NA,Bay
M2,CorteMadera,A,2,b,2022-07-27,2022-08-24,2022,3.093219784,NA,NA,NA,NA,NA,NA,NA,NA,NA,NA,NA,Scarped,East.facing,"Late_Dry
(Months 1-3)",NA,NA,1.684,0.801794321,August,SAPA,30,26,37,USGS,Summer,NA,Bay
M2,CorteMadera,A,2,b,2022-07-27,2022-08-24,2022,3.093219784,NA,NA,NA,NA,NA,NA,NA,NA,NA,NA,NA,Scarped,East.facing,"Late_Dry
(Months 1-3)",NA,NA,1.684,0.801794321,August,SPFO,15,54,64,USGS,Summer,NA,Bay
M2,CorteMadera,A,2,b,2022-07-27,2022-08-24,2022,3.093219784,NA,NA,NA,NA,NA,NA,NA,NA,NA,NA,NA,Scarped,East.facing,"Late_Dry
(Months 1-3)",NA,NA,1.684,0.801794321,August,JACA,1,9,10,USGS,Summer,NA,Bay
M2,CorteMadera,A,2,c,2022-07-27,2022-08-24,2022,2.260194258,NA,NA,NA,NA,NA,NA,NA,NA,NA,NA,NA,Scarped,East.facing,"Late_Dry
(Months 1-3)",NA,NA,1.684,0.801794321,August,SAPA,30,26,37,USGS,Summer,NA,Bay
M2,CorteMadera,A,2,c,2022-07-27,2022-08-24,2022,2.260194258,NA,NA,NA,NA,NA,NA,NA,NA,NA,NA,NA,Scarped,East.facing,"Late_Dry
(Months 1-3)",NA,NA,1.684,0.801794321,August,SPFO,15,54,64,USGS,Summer,NA,Bay
M2,CorteMadera,A,2,c,2022-07-27,2022-08-24,2022,2.260194258,NA,NA,NA,NA,NA,NA,NA,NA,NA,NA,NA,Scarped,East.facing,"Late_Dry
(Months 1-3)",NA,NA,1.684,0.801794321,August,JACA,1,9,10,USGS,Summer,NA,Bay
M2,CorteMadera,A,6,a,2022-07-27,2022-08-24,2022,2.583604168,NA,NA,NA,NA,NA,NA,NA,NA,NA,NA,NA,Scarped,East.facing,"Late_Dry
(Months 1-3)",NA,NA,1.691,0.81014555,August,SAPA,5,31,39,USGS,Summer,NA,Bay
M2,CorteMadera,A,6,a,2022-07-27,2022-08-24,2022,2.583604168,NA,NA,NA,NA,NA,NA,NA,NA,NA,NA,NA,Scarped,East.facing,"Late_Dry
(Months 1-3)",NA,NA,1.691,0.81014555,August,SPFO,5,31,45,USGS,Summer,NA,Bay
M2,CorteMadera,A,6,a,2022-07-27,2022-08-24,2022,2.583604168,NA,NA,NA,NA,NA,NA,NA,NA,NA,NA,NA,Scarped,East.facing,"Late_Dry
(Months 1-3)",NA,NA,1.691,0.81014555,August,JACA,60,19,26,USGS,Summer,NA,Bay
M2,CorteMadera,A,6,a,2022-07-27,2022-08-24,2022,2.583604168,NA,NA,NA,NA,NA,NA,NA,NA,NA,NA,NA,Scarped,East.facing,"Late_Dry
(Months 1-3)",NA,NA,1.691,0.81014555,August,DISP,30,24,32,USGS,Summer,NA,Bay
M2,CorteMadera,A,6,b,2022-07-27,2022-08-24,2022,2.81146115,NA,NA,NA,NA,NA,NA,NA,NA,NA,NA,NA,Scarped,East.facing,"Late_Dry
(Months 1-3)",NA,NA,1.691,0.81014555,August,SAPA,5,31,39,USGS,Summer,NA,Bay
M2,CorteMadera,A,6,b,2022-07-27,2022-08-24,2022,2.81146115,NA,NA,NA,NA,NA,NA,NA,NA,NA,NA,NA,Scarped,East.facing,"Late_Dry
(Months 1-3)",NA,NA,1.691,0.81014555,August,SPFO,5,31,45,USGS,Summer,NA,Bay
M2,CorteMadera,A,6,b,2022-07-27,2022-08-24,2022,2.81146115,NA,NA,NA,NA,NA,NA,NA,NA,NA,NA,NA,Scarped,East.facing,"Late_Dry
(Months 1-3)",NA,NA,1.691,0.81014555,August,JACA,60,19,26,USGS,Summer,NA,Bay
M2,CorteMadera,A,6,b,2022-07-27,2022-08-24,2022,2.81146115,NA,NA,NA,NA,NA,NA,NA,NA,NA,NA,NA,Scarped,East.facing,"Late_Dry
(Months 1-3)",NA,NA,1.691,0.81014555,August,DISP,30,24,32,USGS,Summer,NA,Bay
M2,CorteMadera,A,6,c,2022-07-27,2022-08-24,2022,1.886557809,NA,NA,NA,NA,NA,NA,NA,NA,NA,NA,NA,Scarped,East.facing,"Late_Dry
(Months 1-3)",NA,NA,1.691,0.81014555,August,SAPA,5,31,39,USGS,Summer,NA,Bay
M2,CorteMadera,A,6,c,2022-07-27,2022-08-24,2022,1.886557809,NA,NA,NA,NA,NA,NA,NA,NA,NA,NA,NA,Scarped,East.facing,"Late_Dry
(Months 1-3)",NA,NA,1.691,0.81014555,August,SPFO,5,31,45,USGS,Summer,NA,Bay
M2,CorteMadera,A,6,c,2022-07-27,2022-08-24,2022,1.886557809,NA,NA,NA,NA,NA,NA,NA,NA,NA,NA,NA,Scarped,East.facing,"Late_Dry
(Months 1-3)",NA,NA,1.691,0.81014555,August,JACA,60,19,26,USGS,Summer,NA,Bay
M2,CorteMadera,A,6,c,2022-07-27,2022-08-24,2022,1.886557809,NA,NA,NA,NA,NA,NA,NA,NA,NA,NA,NA,Scarped,East.facing,"Late_Dry
(Months 1-3)",NA,NA,1.691,0.81014555,August,DISP,30,24,32,USGS,Summer,NA,Bay
M2,CorteMadera,A,12,a,2022-07-27,2022-08-24,2022,6.913499347,NA,NA,NA,NA,NA,NA,NA,NA,NA,NA,NA,Scarped,East.facing,"Late_Dry
(Months 1-3)",NA,NA,1.705,0.826848008,August,SAPA,10,28,41,USGS,Summer,8.859859018,Bay
M2,CorteMadera,A,12,a,2022-07-27,2022-08-24,2022,6.913499347,NA,NA,NA,NA,NA,NA,NA,NA,NA,NA,NA,Scarped,East.facing,"Late_Dry
(Months 1-3)",NA,NA,1.705,0.826848008,August,SPFO,5,35,47,USGS,Summer,8.859859018,Bay
M2,CorteMadera,A,12,a,2022-07-27,2022-08-24,2022,6.913499347,NA,NA,NA,NA,NA,NA,NA,NA,NA,NA,NA,Scarped,East.facing,"Late_Dry
(Months 1-3)",NA,NA,1.705,0.826848008,August,JACA,65,17,25,USGS,Summer,8.859859018,Bay
M2,CorteMadera,A,12,a,2022-07-27,2022-08-24,2022,6.913499347,NA,NA,NA,NA,NA,NA,NA,NA,NA,NA,NA,Scarped,East.facing,"Late_Dry
(Months 1-3)",NA,NA,1.705,0.826848008,August,DISP,3,19,24,USGS,Summer,8.859859018,Bay
M2,CorteMadera,A,12,b,2022-07-27,2022-08-24,2022,7.601357925,NA,NA,NA,NA,NA,NA,NA,NA,NA,NA,NA,Scarped,East.facing,"Late_Dry
(Months 1-3)",NA,NA,1.705,0.826848008,August,SAPA,10,28,41,USGS,Summer,NA,Bay
M2,CorteMadera,A,12,b,2022-07-27,2022-08-24,2022,7.601357925,NA,NA,NA,NA,NA,NA,NA,NA,NA,NA,NA,Scarped,East.facing,"Late_Dry
(Months 1-3)",NA,NA,1.705,0.826848008,August,SPFO,5,35,47,USGS,Summer,NA,Bay
M2,CorteMadera,A,12,b,2022-07-27,2022-08-24,2022,7.601357925,NA,NA,NA,NA,NA,NA,NA,NA,NA,NA,NA,Scarped,East.facing,"Late_Dry
(Months 1-3)",NA,NA,1.705,0.826848008,August,JACA,65,17,25,USGS,Summer,NA,Bay
M2,CorteMadera,A,12,b,2022-07-27,2022-08-24,2022,7.601357925,NA,NA,NA,NA,NA,NA,NA,NA,NA,NA,NA,Scarped,East.facing,"Late_Dry
(Months 1-3)",NA,NA,1.705,0.826848008,August,DISP,3,19,24,USGS,Summer,NA,Bay
M2,CorteMadera,A,12,c,2022-07-27,2022-08-24,2022,10.09492183,NA,NA,NA,NA,NA,NA,NA,NA,NA,NA,NA,Scarped,East.facing,"Late_Dry
(Months 1-3)",NA,NA,1.705,0.826848008,August,SAPA,10,28,41,USGS,Summer,NA,Bay
M2,CorteMadera,A,12,c,2022-07-27,2022-08-24,2022,10.09492183,NA,NA,NA,NA,NA,NA,NA,NA,NA,NA,NA,Scarped,East.facing,"Late_Dry
(Months 1-3)",NA,NA,1.705,0.826848008,August,SPFO,5,35,47,USGS,Summer,NA,Bay
M2,CorteMadera,A,12,c,2022-07-27,2022-08-24,2022,10.09492183,NA,NA,NA,NA,NA,NA,NA,NA,NA,NA,NA,Scarped,East.facing,"Late_Dry
(Months 1-3)",NA,NA,1.705,0.826848008,August,JACA,65,17,25,USGS,Summer,NA,Bay
M2,CorteMadera,A,12,c,2022-07-27,2022-08-24,2022,10.09492183,NA,NA,NA,NA,NA,NA,NA,NA,NA,NA,NA,Scarped,East.facing,"Late_Dry
(Months 1-3)",NA,NA,1.705,0.826848008,August,DISP,3,19,24,USGS,Summer,NA,Bay
M2,CorteMadera,A,24,a,2022-07-27,2022-08-24,2022,11.35181035,NA,NA,NA,NA,NA,NA,NA,NA,NA,NA,NA,Scarped,East.facing,"Late_Dry
(Months 1-3)",NA,NA,1.664,0.777933667,August,SAPA,50,30,45,USGS,Summer,11.41299927,Bay
M2,CorteMadera,A,24,a,2022-07-27,2022-08-24,2022,11.35181035,NA,NA,NA,NA,NA,NA,NA,NA,NA,NA,NA,Scarped,East.facing,"Late_Dry
(Months 1-3)",NA,NA,1.664,0.777933667,August,SPFO,20,61,80,USGS,Summer,11.41299927,Bay
M2,CorteMadera,A,24,b,2022-07-27,2022-08-24,2022,26.38914613,NA,NA,NA,NA,NA,NA,NA,NA,NA,NA,NA,Scarped,East.facing,"Late_Dry
(Months 1-3)",NA,NA,1.664,0.777933667,August,SAPA,50,30,45,USGS,Summer,NA,Bay
M2,CorteMadera,A,24,b,2022-07-27,2022-08-24,2022,26.38914613,NA,NA,NA,NA,NA,NA,NA,NA,NA,NA,NA,Scarped,East.facing,"Late_Dry
(Months 1-3)",NA,NA,1.664,0.777933667,August,SPFO,20,61,80,USGS,Summer,NA,Bay
M2,CorteMadera,A,24,c,2022-07-27,2022-08-24,2022,15.79134639,NA,NA,NA,NA,NA,NA,NA,NA,NA,NA,NA,Scarped,East.facing,"Late_Dry
(Months 1-3)",NA,NA,1.664,0.777933667,August,SAPA,50,30,45,USGS,Summer,10.29628073,Bay
M2,CorteMadera,A,24,c,2022-07-27,2022-08-24,2022,15.79134639,NA,NA,NA,NA,NA,NA,NA,NA,NA,NA,NA,Scarped,East.facing,"Late_Dry
(Months 1-3)",NA,NA,1.664,0.777933667,August,SPFO,20,61,80,USGS,Summer,10.29628073,Bay
M2,CorteMadera,A,48,a,2022-07-27,2022-08-24,2022,7.269372752,NA,NA,NA,NA,NA,NA,NA,NA,NA,NA,NA,Scarped,East.facing,"Late_Dry
(Months 1-3)",NA,NA,1.724,0.849515629,August,JACA,10,11,18,USGS,Summer,7.971841705,Bay
M2,CorteMadera,A,48,a,2022-07-27,2022-08-24,2022,7.269372752,NA,NA,NA,NA,NA,NA,NA,NA,NA,NA,NA,Scarped,East.facing,"Late_Dry
(Months 1-3)",NA,NA,1.724,0.849515629,August,DISP,95,18,26,USGS,Summer,7.971841705,Bay
M2,CorteMadera,A,48,b,2022-07-27,2022-08-24,2022,5.47408024,NA,NA,NA,NA,NA,NA,NA,NA,NA,NA,NA,Scarped,East.facing,"Late_Dry
(Months 1-3)",NA,NA,1.724,0.849515629,August,JACA,10,11,18,USGS,Summer,NA,Bay
M2,CorteMadera,A,48,b,2022-07-27,2022-08-24,2022,5.47408024,NA,NA,NA,NA,NA,NA,NA,NA,NA,NA,NA,Scarped,East.facing,"Late_Dry
(Months 1-3)",NA,NA,1.724,0.849515629,August,DISP,95,18,26,USGS,Summer,NA,Bay
M2,CorteMadera,A,48,c,2022-07-27,2022-08-24,2022,6.2005275,NA,NA,NA,NA,NA,NA,NA,NA,NA,NA,NA,Scarped,East.facing,"Late_Dry
(Months 1-3)",NA,NA,1.724,0.849515629,August,JACA,10,11,18,USGS,Summer,NA,Bay
M2,CorteMadera,A,48,c,2022-07-27,2022-08-24,2022,6.2005275,NA,NA,NA,NA,NA,NA,NA,NA,NA,NA,NA,Scarped,East.facing,"Late_Dry
(Months 1-3)",NA,NA,1.724,0.849515629,August,DISP,95,18,26,USGS,Summer,NA,Bay
M2,CorteMadera,B,0.5,a,2022-07-27,2022-08-24,2022,NA,NA,NA,NA,NA,NA,NA,NA,NA,NA,NA,NA,Scarped,East.facing,"Late_Dry
(Months 1-3)",NA,NA,1.576,0.672946791,August,SAPA,55,26,50,USGS,Summer,NA,Bay
M2,CorteMadera,B,0.5,a,2022-07-27,2022-08-24,2022,NA,NA,NA,NA,NA,NA,NA,NA,NA,NA,NA,NA,Scarped,East.facing,"Late_Dry
(Months 1-3)",NA,NA,1.576,0.672946791,August,SPFO,10,47,59,USGS,Summer,NA,Bay
M2,CorteMadera,B,0.5,b,2022-07-27,2022-08-24,2022,0.331372654,NA,NA,NA,NA,NA,NA,NA,NA,NA,NA,NA,Scarped,East.facing,"Late_Dry
(Months 1-3)",NA,NA,1.576,0.672946791,August,SAPA,55,26,50,USGS,Summer,NA,Bay
M2,CorteMadera,B,0.5,b,2022-07-27,2022-08-24,2022,0.331372654,NA,NA,NA,NA,NA,NA,NA,NA,NA,NA,NA,Scarped,East.facing,"Late_Dry
(Months 1-3)",NA,NA,1.576,0.672946791,August,SPFO,10,47,59,USGS,Summer,NA,Bay
M2,CorteMadera,B,0.5,c,2022-07-27,2022-08-24,2022,0.129853979,NA,NA,NA,NA,NA,NA,NA,NA,NA,NA,NA,Scarped,East.facing,"Late_Dry
(Months 1-3)",NA,NA,1.576,0.672946791,August,SAPA,55,26,50,USGS,Summer,NA,Bay
M2,CorteMadera,B,0.5,c,2022-07-27,2022-08-24,2022,0.129853979,NA,NA,NA,NA,NA,NA,NA,NA,NA,NA,NA,Scarped,East.facing,"Late_Dry
(Months 1-3)",NA,NA,1.576,0.672946791,August,SPFO,10,47,59,USGS,Summer,NA,Bay
M2,CorteMadera,B,6,a,2022-07-27,2022-08-24,2022,2.764297205,NA,NA,NA,NA,NA,NA,NA,NA,NA,NA,NA,Scarped,East.facing,"Late_Dry
(Months 1-3)",NA,NA,1.672,0.787477929,August,SAPA,30,22,38,USGS,Summer,6.99011267,Bay
M2,CorteMadera,B,6,a,2022-07-27,2022-08-24,2022,2.764297205,NA,NA,NA,NA,NA,NA,NA,NA,NA,NA,NA,Scarped,East.facing,"Late_Dry
(Months 1-3)",NA,NA,1.672,0.787477929,August,SPFO,5,44,54,USGS,Summer,6.99011267,Bay
M2,CorteMadera,B,6,a,2022-07-27,2022-08-24,2022,2.764297205,NA,NA,NA,NA,NA,NA,NA,NA,NA,NA,NA,Scarped,East.facing,"Late_Dry
(Months 1-3)",NA,NA,1.672,0.787477929,August,JACA,85,17,25,USGS,Summer,6.99011267,Bay
M2,CorteMadera,B,6,a,2022-07-27,2022-08-24,2022,2.764297205,NA,NA,NA,NA,NA,NA,NA,NA,NA,NA,NA,Scarped,East.facing,"Late_Dry
(Months 1-3)",NA,NA,1.672,0.787477929,August,DISP,1,21,30,USGS,Summer,6.99011267,Bay
M2,CorteMadera,B,6,b,2022-07-27,2022-08-24,2022,4.794796925,NA,NA,NA,NA,NA,NA,NA,NA,NA,NA,NA,Scarped,East.facing,"Late_Dry
(Months 1-3)",NA,NA,1.672,0.787477929,August,SAPA,30,22,38,USGS,Summer,NA,Bay
M2,CorteMadera,B,6,b,2022-07-27,2022-08-24,2022,4.794796925,NA,NA,NA,NA,NA,NA,NA,NA,NA,NA,NA,Scarped,East.facing,"Late_Dry
(Months 1-3)",NA,NA,1.672,0.787477929,August,SPFO,5,44,54,USGS,Summer,NA,Bay
M2,CorteMadera,B,6,b,2022-07-27,2022-08-24,2022,4.794796925,NA,NA,NA,NA,NA,NA,NA,NA,NA,NA,NA,Scarped,East.facing,"Late_Dry
(Months 1-3)",NA,NA,1.672,0.787477929,August,JACA,85,17,25,USGS,Summer,NA,Bay
M2,CorteMadera,B,6,b,2022-07-27,2022-08-24,2022,4.794796925,NA,NA,NA,NA,NA,NA,NA,NA,NA,NA,NA,Scarped,East.facing,"Late_Dry
(Months 1-3)",NA,NA,1.672,0.787477929,August,DISP,1,21,30,USGS,Summer,NA,Bay
M2,CorteMadera,B,6,c,2022-07-27,2022-08-24,2022,3.024005163,NA,NA,NA,NA,NA,NA,NA,NA,NA,NA,NA,Scarped,East.facing,"Late_Dry
(Months 1-3)",NA,NA,1.672,0.787477929,August,SAPA,30,22,38,USGS,Summer,NA,Bay
M2,CorteMadera,B,6,c,2022-07-27,2022-08-24,2022,3.024005163,NA,NA,NA,NA,NA,NA,NA,NA,NA,NA,NA,Scarped,East.facing,"Late_Dry
(Months 1-3)",NA,NA,1.672,0.787477929,August,SPFO,5,44,54,USGS,Summer,NA,Bay
M2,CorteMadera,B,6,c,2022-07-27,2022-08-24,2022,3.024005163,NA,NA,NA,NA,NA,NA,NA,NA,NA,NA,NA,Scarped,East.facing,"Late_Dry
(Months 1-3)",NA,NA,1.672,0.787477929,August,JACA,85,17,25,USGS,Summer,NA,Bay
M2,CorteMadera,B,6,c,2022-07-27,2022-08-24,2022,3.024005163,NA,NA,NA,NA,NA,NA,NA,NA,NA,NA,NA,Scarped,East.facing,"Late_Dry
(Months 1-3)",NA,NA,1.672,0.787477929,August,DISP,1,21,30,USGS,Summer,NA,Bay
M2,CorteMadera,B,12,a,2022-07-27,2022-08-24,2022,9.144292705,NA,NA,NA,NA,NA,NA,NA,NA,NA,NA,NA,Scarped,East.facing,"Late_Dry
(Months 1-3)",NA,NA,1.664,0.777933667,August,SAPA,45,28,35,USGS,Summer,NA,Bay
M2,CorteMadera,B,12,a,2022-07-27,2022-08-24,2022,9.144292705,NA,NA,NA,NA,NA,NA,NA,NA,NA,NA,NA,Scarped,East.facing,"Late_Dry
(Months 1-3)",NA,NA,1.664,0.777933667,August,SPFO,15,35,49,USGS,Summer,NA,Bay
M2,CorteMadera,B,12,a,2022-07-27,2022-08-24,2022,9.144292705,NA,NA,NA,NA,NA,NA,NA,NA,NA,NA,NA,Scarped,East.facing,"Late_Dry
(Months 1-3)",NA,NA,1.664,0.777933667,August,JACA,85,18,27,USGS,Summer,NA,Bay
M2,CorteMadera,B,12,b,2022-07-27,2022-08-24,2022,6.677815737,NA,NA,NA,NA,NA,NA,NA,NA,NA,NA,NA,Scarped,East.facing,"Late_Dry
(Months 1-3)",NA,NA,1.664,0.777933667,August,SAPA,45,28,35,USGS,Summer,NA,Bay
M2,CorteMadera,B,12,b,2022-07-27,2022-08-24,2022,6.677815737,NA,NA,NA,NA,NA,NA,NA,NA,NA,NA,NA,Scarped,East.facing,"Late_Dry
(Months 1-3)",NA,NA,1.664,0.777933667,August,SPFO,15,35,49,USGS,Summer,NA,Bay
M2,CorteMadera,B,12,b,2022-07-27,2022-08-24,2022,6.677815737,NA,NA,NA,NA,NA,NA,NA,NA,NA,NA,NA,Scarped,East.facing,"Late_Dry
(Months 1-3)",NA,NA,1.664,0.777933667,August,JACA,85,18,27,USGS,Summer,NA,Bay
M2,CorteMadera,B,12,c,2022-07-27,2022-08-24,2022,9.625732457,NA,NA,NA,NA,NA,NA,NA,NA,NA,NA,NA,Scarped,East.facing,"Late_Dry
(Months 1-3)",NA,NA,1.664,0.777933667,August,SAPA,45,28,35,USGS,Summer,8.495257626,Bay
M2,CorteMadera,B,12,c,2022-07-27,2022-08-24,2022,9.625732457,NA,NA,NA,NA,NA,NA,NA,NA,NA,NA,NA,Scarped,East.facing,"Late_Dry
(Months 1-3)",NA,NA,1.664,0.777933667,August,SPFO,15,35,49,USGS,Summer,8.495257626,Bay
M2,CorteMadera,B,12,c,2022-07-27,2022-08-24,2022,9.625732457,NA,NA,NA,NA,NA,NA,NA,NA,NA,NA,NA,Scarped,East.facing,"Late_Dry
(Months 1-3)",NA,NA,1.664,0.777933667,August,JACA,85,18,27,USGS,Summer,8.495257626,Bay
M2,CorteMadera,B,24,a,2022-07-27,2022-08-24,2022,19.5448614,NA,NA,NA,NA,NA,NA,NA,NA,NA,NA,NA,Scarped,East.facing,"Late_Dry
(Months 1-3)",NA,NA,1.642,0.751686948,August,SAPA,15,27,37,USGS,Summer,10.84667357,Bay
M2,CorteMadera,B,24,a,2022-07-27,2022-08-24,2022,19.5448614,NA,NA,NA,NA,NA,NA,NA,NA,NA,NA,NA,Scarped,East.facing,"Late_Dry
(Months 1-3)",NA,NA,1.642,0.751686948,August,SPFO,20,44,60,USGS,Summer,10.84667357,Bay
M2,CorteMadera,B,24,b,2022-07-27,2022-08-24,2022,26.95388844,NA,NA,NA,NA,NA,NA,NA,NA,NA,NA,NA,Scarped,East.facing,"Late_Dry
(Months 1-3)",NA,NA,1.642,0.751686948,August,SAPA,15,27,37,USGS,Summer,NA,Bay
M2,CorteMadera,B,24,b,2022-07-27,2022-08-24,2022,26.95388844,NA,NA,NA,NA,NA,NA,NA,NA,NA,NA,NA,Scarped,East.facing,"Late_Dry
(Months 1-3)",NA,NA,1.642,0.751686948,August,SPFO,20,44,60,USGS,Summer,NA,Bay
M2,CorteMadera,B,24,c,2022-07-27,2022-08-24,2022,26.96613881,NA,NA,NA,NA,NA,NA,NA,NA,NA,NA,NA,Scarped,East.facing,"Late_Dry
(Months 1-3)",NA,NA,1.642,0.751686948,August,SAPA,15,27,37,USGS,Summer,12.81291173,Bay
M2,CorteMadera,B,24,c,2022-07-27,2022-08-24,2022,26.96613881,NA,NA,NA,NA,NA,NA,NA,NA,NA,NA,NA,Scarped,East.facing,"Late_Dry
(Months 1-3)",NA,NA,1.642,0.751686948,August,SPFO,20,44,60,USGS,Summer,12.81291173,Bay
M2,CorteMadera,B,48,a,2022-07-27,2022-08-24,2022,6.396533506,NA,NA,NA,NA,NA,NA,NA,NA,NA,NA,NA,Scarped,East.facing,"Late_Dry
(Months 1-3)",NA,NA,1.692,0.811338583,August,SAPA,50,21,37,USGS,Summer,11.60978973,Bay
M2,CorteMadera,B,48,a,2022-07-27,2022-08-24,2022,6.396533506,NA,NA,NA,NA,NA,NA,NA,NA,NA,NA,NA,Scarped,East.facing,"Late_Dry
(Months 1-3)",NA,NA,1.692,0.811338583,August,SPFO,5,26,34,USGS,Summer,11.60978973,Bay
M2,CorteMadera,B,48,b,2022-07-27,2022-08-24,2022,7.124818323,NA,NA,NA,NA,NA,NA,NA,NA,NA,NA,NA,Scarped,East.facing,"Late_Dry
(Months 1-3)",NA,NA,1.692,0.811338583,August,SAPA,50,21,37,USGS,Summer,NA,Bay
M2,CorteMadera,B,48,b,2022-07-27,2022-08-24,2022,7.124818323,NA,NA,NA,NA,NA,NA,NA,NA,NA,NA,NA,Scarped,East.facing,"Late_Dry
(Months 1-3)",NA,NA,1.692,0.811338583,August,SPFO,5,26,34,USGS,Summer,NA,Bay
M2,CorteMadera,B,48,c,2022-07-27,2022-08-24,2022,7.372275905,NA,NA,NA,NA,NA,NA,NA,NA,NA,NA,NA,Scarped,East.facing,"Late_Dry
(Months 1-3)",NA,NA,1.692,0.811338583,August,SAPA,50,21,37,USGS,Summer,NA,Bay
M2,CorteMadera,B,48,c,2022-07-27,2022-08-24,2022,7.372275905,NA,NA,NA,NA,NA,NA,NA,NA,NA,NA,NA,Scarped,East.facing,"Late_Dry
(Months 1-3)",NA,NA,1.692,0.811338583,August,SPFO,5,26,34,USGS,Summer,NA,Bay
M2,CorteMadera,C,0.5,a,2022-07-27,2022-08-24,2022,1.760991461,NA,NA,NA,NA,NA,NA,NA,NA,NA,NA,NA,Scarped,East.facing,"Late_Dry
(Months 1-3)",NA,NA,1.792,0.930641852,August,SAPA,10,21,33,USGS,Summer,NA,Channel
M2,CorteMadera,C,0.5,a,2022-07-27,2022-08-24,2022,1.760991461,NA,NA,NA,NA,NA,NA,NA,NA,NA,NA,NA,Scarped,East.facing,"Late_Dry
(Months 1-3)",NA,NA,1.792,0.930641852,August,JACA,10,13,19,USGS,Summer,NA,Channel
M2,CorteMadera,C,0.5,a,2022-07-27,2022-08-24,2022,1.760991461,NA,NA,NA,NA,NA,NA,NA,NA,NA,NA,NA,Scarped,East.facing,"Late_Dry
(Months 1-3)",NA,NA,1.792,0.930641852,August,DISP,75,21,27,USGS,Summer,NA,Channel
M2,CorteMadera,C,0.5,b,2022-07-27,2022-08-24,2022,2.287757603,NA,NA,NA,NA,NA,NA,NA,NA,NA,NA,NA,Scarped,East.facing,"Late_Dry
(Months 1-3)",NA,NA,1.792,0.930641852,August,SAPA,10,21,33,USGS,Summer,6.713189114,Channel
M2,CorteMadera,C,0.5,b,2022-07-27,2022-08-24,2022,2.287757603,NA,NA,NA,NA,NA,NA,NA,NA,NA,NA,NA,Scarped,East.facing,"Late_Dry
(Months 1-3)",NA,NA,1.792,0.930641852,August,JACA,10,13,19,USGS,Summer,6.713189114,Channel
M2,CorteMadera,C,0.5,b,2022-07-27,2022-08-24,2022,2.287757603,NA,NA,NA,NA,NA,NA,NA,NA,NA,NA,NA,Scarped,East.facing,"Late_Dry
(Months 1-3)",NA,NA,1.792,0.930641852,August,DISP,75,21,27,USGS,Summer,6.713189114,Channel
M2,CorteMadera,C,0.5,c,2022-07-27,2022-08-24,2022,5.377914793,NA,NA,NA,NA,NA,NA,NA,NA,NA,NA,NA,Scarped,East.facing,"Late_Dry
(Months 1-3)",NA,NA,1.792,0.930641852,August,SAPA,10,21,33,USGS,Summer,NA,Channel
M2,CorteMadera,C,0.5,c,2022-07-27,2022-08-24,2022,5.377914793,NA,NA,NA,NA,NA,NA,NA,NA,NA,NA,NA,Scarped,East.facing,"Late_Dry
(Months 1-3)",NA,NA,1.792,0.930641852,August,JACA,10,13,19,USGS,Summer,NA,Channel
M2,CorteMadera,C,0.5,c,2022-07-27,2022-08-24,2022,5.377914793,NA,NA,NA,NA,NA,NA,NA,NA,NA,NA,NA,Scarped,East.facing,"Late_Dry
(Months 1-3)",NA,NA,1.792,0.930641852,August,DISP,75,21,27,USGS,Summer,NA,Channel
M2,CorteMadera,C,2,a,2022-07-27,2022-08-24,2022,3.802516519,NA,NA,NA,NA,NA,NA,NA,NA,NA,NA,NA,Scarped,East.facing,"Late_Dry
(Months 1-3)",NA,NA,1.766,0.899623002,August,SAPA,40,25,45,USGS,Summer,NA,Channel
M2,CorteMadera,C,2,b,2022-07-27,2022-08-24,2022,4.232504695,NA,NA,NA,NA,NA,NA,NA,NA,NA,NA,NA,Scarped,East.facing,"Late_Dry
(Months 1-3)",NA,NA,1.766,0.899623002,August,SAPA,40,25,45,USGS,Summer,6.858323938,Channel
M2,CorteMadera,C,2,c,2022-07-27,2022-08-24,2022,4.154714811,NA,NA,NA,NA,NA,NA,NA,NA,NA,NA,NA,Scarped,East.facing,"Late_Dry
(Months 1-3)",NA,NA,1.766,0.899623002,August,SAPA,40,25,45,USGS,Summer,NA,Channel
M2,CorteMadera,C,6,a,2022-07-27,2022-08-24,2022,8.687353703,NA,NA,NA,NA,NA,NA,NA,NA,NA,NA,NA,Scarped,East.facing,"Late_Dry
(Months 1-3)",NA,NA,1.796,0.935413982,August,SAPA,90,36,47,USGS,Summer,NA,Channel
M2,CorteMadera,C,6,a,2022-07-27,2022-08-24,2022,8.687353703,NA,NA,NA,NA,NA,NA,NA,NA,NA,NA,NA,Scarped,East.facing,"Late_Dry
(Months 1-3)",NA,NA,1.796,0.935413982,August,SPFO,5,58,65,USGS,Summer,NA,Channel
M2,CorteMadera,C,6,b,2022-07-27,2022-08-24,2022,10.14208578,NA,NA,NA,NA,NA,NA,NA,NA,NA,NA,NA,Scarped,East.facing,"Late_Dry
(Months 1-3)",NA,NA,1.796,0.935413982,August,SAPA,90,36,47,USGS,Summer,NA,Channel
M2,CorteMadera,C,6,b,2022-07-27,2022-08-24,2022,10.14208578,NA,NA,NA,NA,NA,NA,NA,NA,NA,NA,NA,Scarped,East.facing,"Late_Dry
(Months 1-3)",NA,NA,1.796,0.935413982,August,SPFO,5,58,65,USGS,Summer,NA,Channel
M2,CorteMadera,C,6,c,2022-07-27,2022-08-24,2022,17.17808888,NA,NA,NA,NA,NA,NA,NA,NA,NA,NA,NA,Scarped,East.facing,"Late_Dry
(Months 1-3)",NA,NA,1.796,0.935413982,August,SAPA,90,36,47,USGS,Summer,9.169108611,Channel
M2,CorteMadera,C,6,c,2022-07-27,2022-08-24,2022,17.17808888,NA,NA,NA,NA,NA,NA,NA,NA,NA,NA,NA,Scarped,East.facing,"Late_Dry
(Months 1-3)",NA,NA,1.796,0.935413982,August,SPFO,5,58,65,USGS,Summer,9.169108611,Channel
M2,CorteMadera,C,12,a,2022-07-27,2022-08-24,2022,22.54252826,NA,NA,NA,NA,NA,NA,NA,NA,NA,NA,NA,Scarped,East.facing,"Late_Dry
(Months 1-3)",NA,NA,1.737,0.865025054,August,SAPA,90,27,38,USGS,Summer,8.461039285,Channel
M2,CorteMadera,C,12,a,2022-07-27,2022-08-24,2022,22.54252826,NA,NA,NA,NA,NA,NA,NA,NA,NA,NA,NA,Scarped,East.facing,"Late_Dry
(Months 1-3)",NA,NA,1.737,0.865025054,August,SPFO,10,48,52,USGS,Summer,8.461039285,Channel
M2,CorteMadera,C,12,b,2022-07-27,2022-08-24,2022,22.58969221,NA,NA,NA,NA,NA,NA,NA,NA,NA,NA,NA,Scarped,East.facing,"Late_Dry
(Months 1-3)",NA,NA,1.737,0.865025054,August,SAPA,90,27,38,USGS,Summer,NA,Channel
M2,CorteMadera,C,12,b,2022-07-27,2022-08-24,2022,22.58969221,NA,NA,NA,NA,NA,NA,NA,NA,NA,NA,NA,Scarped,East.facing,"Late_Dry
(Months 1-3)",NA,NA,1.737,0.865025054,August,SPFO,10,48,52,USGS,Summer,NA,Channel
M2,CorteMadera,C,12,c,2022-07-27,2022-08-24,2022,21.75605416,NA,NA,NA,NA,NA,NA,NA,NA,NA,NA,NA,Scarped,East.facing,"Late_Dry
(Months 1-3)",NA,NA,1.737,0.865025054,August,SAPA,90,27,38,USGS,Summer,NA,Channel
M2,CorteMadera,C,12,c,2022-07-27,2022-08-24,2022,21.75605416,NA,NA,NA,NA,NA,NA,NA,NA,NA,NA,NA,Scarped,East.facing,"Late_Dry
(Months 1-3)",NA,NA,1.737,0.865025054,August,SPFO,10,48,52,USGS,Summer,NA,Channel
M2,CorteMadera,C,24,a,2022-07-27,2022-08-24,2022,9.39052525,NA,NA,NA,NA,NA,NA,NA,NA,NA,NA,NA,Scarped,East.facing,"Late_Dry
(Months 1-3)",NA,NA,1.713,0.836392269,August,SAPA,40,33,42,USGS,Summer,NA,Channel
M2,CorteMadera,C,24,a,2022-07-27,2022-08-24,2022,9.39052525,NA,NA,NA,NA,NA,NA,NA,NA,NA,NA,NA,Scarped,East.facing,"Late_Dry
(Months 1-3)",NA,NA,1.713,0.836392269,August,SPFO,20,53,61,USGS,Summer,NA,Channel
M2,CorteMadera,C,24,b,2022-07-27,2022-08-24,2022,9.14674278,NA,NA,NA,NA,NA,NA,NA,NA,NA,NA,NA,Scarped,East.facing,"Late_Dry
(Months 1-3)",NA,NA,1.713,0.836392269,August,SAPA,40,33,42,USGS,Summer,7.82269276,Channel
M2,CorteMadera,C,24,b,2022-07-27,2022-08-24,2022,9.14674278,NA,NA,NA,NA,NA,NA,NA,NA,NA,NA,NA,Scarped,East.facing,"Late_Dry
(Months 1-3)",NA,NA,1.713,0.836392269,August,SPFO,20,53,61,USGS,Summer,7.82269276,Channel
M2,CorteMadera,C,24,c,2022-07-27,2022-08-24,2022,11.83202506,NA,NA,NA,NA,NA,NA,NA,NA,NA,NA,NA,Scarped,East.facing,"Late_Dry
(Months 1-3)",NA,NA,1.713,0.836392269,August,SAPA,40,33,42,USGS,Summer,NA,Channel
M2,CorteMadera,C,24,c,2022-07-27,2022-08-24,2022,11.83202506,NA,NA,NA,NA,NA,NA,NA,NA,NA,NA,NA,Scarped,East.facing,"Late_Dry
(Months 1-3)",NA,NA,1.713,0.836392269,August,SPFO,20,53,61,USGS,Summer,NA,Channel
M2,CorteMadera,C,48,a,2022-07-27,2022-08-24,2022,14.23003604,NA,NA,NA,NA,NA,NA,NA,NA,NA,NA,NA,Scarped,East.facing,"Late_Dry
(Months 1-3)",NA,NA,1.73,0.856673825,August,SAPA,20,23,31,USGS,Summer,8.968844672,Channel
M2,CorteMadera,C,48,a,2022-07-27,2022-08-24,2022,14.23003604,NA,NA,NA,NA,NA,NA,NA,NA,NA,NA,NA,Scarped,East.facing,"Late_Dry
(Months 1-3)",NA,NA,1.73,0.856673825,August,SPFO,45,37,49,USGS,Summer,8.968844672,Channel
M2,CorteMadera,C,48,b,2022-07-27,2022-08-24,2022,10.66701436,NA,NA,NA,NA,NA,NA,NA,NA,NA,NA,NA,Scarped,East.facing,"Late_Dry
(Months 1-3)",NA,NA,1.73,0.856673825,August,SAPA,20,23,31,USGS,Summer,NA,Channel
M2,CorteMadera,C,48,b,2022-07-27,2022-08-24,2022,10.66701436,NA,NA,NA,NA,NA,NA,NA,NA,NA,NA,NA,Scarped,East.facing,"Late_Dry
(Months 1-3)",NA,NA,1.73,0.856673825,August,SPFO,45,37,49,USGS,Summer,NA,Channel
M2,CorteMadera,C,48,c,2022-07-27,2022-08-24,2022,8.96727478,NA,NA,NA,NA,NA,NA,NA,NA,NA,NA,NA,Scarped,East.facing,"Late_Dry
(Months 1-3)",NA,NA,1.73,0.856673825,August,SAPA,20,23,31,USGS,Summer,NA,Channel
M2,CorteMadera,C,48,c,2022-07-27,2022-08-24,2022,8.96727478,NA,NA,NA,NA,NA,NA,NA,NA,NA,NA,NA,Scarped,East.facing,"Late_Dry
(Months 1-3)",NA,NA,1.73,0.856673825,August,SPFO,45,37,49,USGS,Summer,NA,Channel
M2,CorteMadera,D,0.5,a,2022-07-27,2022-08-24,2022,4.169415262,NA,NA,NA,NA,NA,NA,NA,NA,NA,NA,NA,Scarped,East.facing,"Late_Dry
(Months 1-3)",NA,NA,1.842,0.990293486,August,SAPA,35,30,44,USGS,Summer,NA,Channel
M2,CorteMadera,D,0.5,a,2022-07-27,2022-08-24,2022,4.169415262,NA,NA,NA,NA,NA,NA,NA,NA,NA,NA,NA,Scarped,East.facing,"Late_Dry
(Months 1-3)",NA,NA,1.842,0.990293486,August,DISP,62,24,31,USGS,Summer,NA,Channel
M2,CorteMadera,D,0.5,b,2022-07-27,2022-08-24,2022,3.56302168,NA,NA,NA,NA,NA,NA,NA,NA,NA,NA,NA,Scarped,East.facing,"Late_Dry
(Months 1-3)",NA,NA,1.842,0.990293486,August,SAPA,35,30,44,USGS,Summer,NA,Channel
M2,CorteMadera,D,0.5,b,2022-07-27,2022-08-24,2022,3.56302168,NA,NA,NA,NA,NA,NA,NA,NA,NA,NA,NA,Scarped,East.facing,"Late_Dry
(Months 1-3)",NA,NA,1.842,0.990293486,August,DISP,62,24,31,USGS,Summer,NA,Channel
M2,CorteMadera,D,0.5,c,2022-07-27,2022-08-24,2022,4.837673239,NA,NA,NA,NA,NA,NA,NA,NA,NA,NA,NA,Scarped,East.facing,"Late_Dry
(Months 1-3)",NA,NA,1.842,0.990293486,August,SAPA,35,30,44,USGS,Summer,NA,Channel
M2,CorteMadera,D,0.5,c,2022-07-27,2022-08-24,2022,4.837673239,NA,NA,NA,NA,NA,NA,NA,NA,NA,NA,NA,Scarped,East.facing,"Late_Dry
(Months 1-3)",NA,NA,1.842,0.990293486,August,DISP,62,24,31,USGS,Summer,NA,Channel
M2,CorteMadera,D,2,a,2022-07-27,2022-08-24,2022,13.36087191,NA,NA,NA,NA,NA,NA,NA,NA,NA,NA,NA,Scarped,East.facing,"Late_Dry
(Months 1-3)",NA,NA,1.829,0.974784061,August,SAPA,15,19,22,USGS,Summer,NA,Channel
M2,CorteMadera,D,2,a,2022-07-27,2022-08-24,2022,13.36087191,NA,NA,NA,NA,NA,NA,NA,NA,NA,NA,NA,Scarped,East.facing,"Late_Dry
(Months 1-3)",NA,NA,1.829,0.974784061,August,DISP,70,12,18,USGS,Summer,NA,Channel
M2,CorteMadera,D,2,b,2022-07-27,2022-08-24,2022,6.038210026,NA,NA,NA,NA,NA,NA,NA,NA,NA,NA,NA,Scarped,East.facing,"Late_Dry
(Months 1-3)",NA,NA,1.829,0.974784061,August,SAPA,15,19,22,USGS,Summer,NA,Channel
M2,CorteMadera,D,2,b,2022-07-27,2022-08-24,2022,6.038210026,NA,NA,NA,NA,NA,NA,NA,NA,NA,NA,NA,Scarped,East.facing,"Late_Dry
(Months 1-3)",NA,NA,1.829,0.974784061,August,DISP,70,12,18,USGS,Summer,NA,Channel
M2,CorteMadera,D,2,c,2022-07-27,2022-08-24,2022,6.526387485,NA,NA,NA,NA,NA,NA,NA,NA,NA,NA,NA,Scarped,East.facing,"Late_Dry
(Months 1-3)",NA,NA,1.829,0.974784061,August,SAPA,15,19,22,USGS,Summer,8.344695937,Channel
M2,CorteMadera,D,2,c,2022-07-27,2022-08-24,2022,6.526387485,NA,NA,NA,NA,NA,NA,NA,NA,NA,NA,NA,Scarped,East.facing,"Late_Dry
(Months 1-3)",NA,NA,1.829,0.974784061,August,DISP,70,12,18,USGS,Summer,8.344695937,Channel
M2,CorteMadera,D,6,a,2022-07-27,2022-08-24,2022,15.92058785,NA,NA,NA,NA,NA,NA,NA,NA,NA,NA,NA,Scarped,East.facing,"Late_Dry
(Months 1-3)",NA,NA,1.858,1.009382009,August,SAPA,50,23,36,USGS,Summer,NA,Channel
M2,CorteMadera,D,6,a,2022-07-27,2022-08-24,2022,15.92058785,NA,NA,NA,NA,NA,NA,NA,NA,NA,NA,NA,Scarped,East.facing,"Late_Dry
(Months 1-3)",NA,NA,1.858,1.009382009,August,DISP,50,21,31,USGS,Summer,NA,Channel
M2,CorteMadera,D,6,b,2022-07-27,2022-08-24,2022,11.31812182,NA,NA,NA,NA,NA,NA,NA,NA,NA,NA,NA,Scarped,East.facing,"Late_Dry
(Months 1-3)",NA,NA,1.858,1.009382009,August,SAPA,50,23,36,USGS,Summer,7.968910528,Channel
M2,CorteMadera,D,6,b,2022-07-27,2022-08-24,2022,11.31812182,NA,NA,NA,NA,NA,NA,NA,NA,NA,NA,NA,Scarped,East.facing,"Late_Dry
(Months 1-3)",NA,NA,1.858,1.009382009,August,DISP,50,21,31,USGS,Summer,7.968910528,Channel
M2,CorteMadera,D,6,c,2022-07-27,2022-08-24,2022,5.735625754,NA,NA,NA,NA,NA,NA,NA,NA,NA,NA,NA,Scarped,East.facing,"Late_Dry
(Months 1-3)",NA,NA,1.858,1.009382009,August,SAPA,50,23,36,USGS,Summer,NA,Channel
M2,CorteMadera,D,6,c,2022-07-27,2022-08-24,2022,5.735625754,NA,NA,NA,NA,NA,NA,NA,NA,NA,NA,NA,Scarped,East.facing,"Late_Dry
(Months 1-3)",NA,NA,1.858,1.009382009,August,DISP,50,21,31,USGS,Summer,NA,Channel
M2,CorteMadera,D,12,a,2022-07-27,2022-08-24,2022,10.12922289,NA,NA,NA,NA,NA,NA,NA,NA,NA,NA,NA,Scarped,East.facing,"Late_Dry
(Months 1-3)",NA,NA,1.791,0.929448819,August,SAPA,40,23,36,USGS,Summer,8.51626813,Channel
M2,CorteMadera,D,12,a,2022-07-27,2022-08-24,2022,10.12922289,NA,NA,NA,NA,NA,NA,NA,NA,NA,NA,NA,Scarped,East.facing,"Late_Dry
(Months 1-3)",NA,NA,1.791,0.929448819,August,DISP,55,23,29,USGS,Summer,8.51626813,Channel
M2,CorteMadera,D,12,b,2022-07-27,2022-08-24,2022,8.267778346,NA,NA,NA,NA,NA,NA,NA,NA,NA,NA,NA,Scarped,East.facing,"Late_Dry
(Months 1-3)",NA,NA,1.791,0.929448819,August,SAPA,40,23,36,USGS,Summer,NA,Channel
M2,CorteMadera,D,12,b,2022-07-27,2022-08-24,2022,8.267778346,NA,NA,NA,NA,NA,NA,NA,NA,NA,NA,NA,Scarped,East.facing,"Late_Dry
(Months 1-3)",NA,NA,1.791,0.929448819,August,DISP,55,23,29,USGS,Summer,NA,Channel
M2,CorteMadera,D,12,c,2022-07-27,2022-08-24,2022,9.429726451,NA,NA,NA,NA,NA,NA,NA,NA,NA,NA,NA,Scarped,East.facing,"Late_Dry
(Months 1-3)",NA,NA,1.791,0.929448819,August,SAPA,40,23,36,USGS,Summer,NA,Channel
M2,CorteMadera,D,12,c,2022-07-27,2022-08-24,2022,9.429726451,NA,NA,NA,NA,NA,NA,NA,NA,NA,NA,NA,Scarped,East.facing,"Late_Dry
(Months 1-3)",NA,NA,1.791,0.929448819,August,DISP,55,23,29,USGS,Summer,NA,Channel
M2,CorteMadera,D,24,a,2022-07-27,2022-08-24,2022,10.03795759,NA,NA,NA,NA,NA,NA,NA,NA,NA,NA,NA,Scarped,East.facing,"Late_Dry
(Months 1-3)",NA,NA,1.765,0.898429969,August,SAPA,65,19,31,USGS,Summer,NA,Channel
M2,CorteMadera,D,24,a,2022-07-27,2022-08-24,2022,10.03795759,NA,NA,NA,NA,NA,NA,NA,NA,NA,NA,NA,Scarped,East.facing,"Late_Dry
(Months 1-3)",NA,NA,1.765,0.898429969,August,SPFO,10,38,46,USGS,Summer,NA,Channel
M2,CorteMadera,D,24,b,2022-07-27,2022-08-24,2022,10.62781316,NA,NA,NA,NA,NA,NA,NA,NA,NA,NA,NA,Scarped,East.facing,"Late_Dry
(Months 1-3)",NA,NA,1.765,0.898429969,August,SAPA,65,19,31,USGS,Summer,8.085629224,Channel
M2,CorteMadera,D,24,b,2022-07-27,2022-08-24,2022,10.62781316,NA,NA,NA,NA,NA,NA,NA,NA,NA,NA,NA,Scarped,East.facing,"Late_Dry
(Months 1-3)",NA,NA,1.765,0.898429969,August,SPFO,10,38,46,USGS,Summer,8.085629224,Channel
M2,CorteMadera,D,24,c,2022-07-27,2022-08-24,2022,10.13106044,NA,NA,NA,NA,NA,NA,NA,NA,NA,NA,NA,Scarped,East.facing,"Late_Dry
(Months 1-3)",NA,NA,1.765,0.898429969,August,SAPA,65,19,31,USGS,Summer,NA,Channel
M2,CorteMadera,D,24,c,2022-07-27,2022-08-24,2022,10.13106044,NA,NA,NA,NA,NA,NA,NA,NA,NA,NA,NA,Scarped,East.facing,"Late_Dry
(Months 1-3)",NA,NA,1.765,0.898429969,August,SPFO,10,38,46,USGS,Summer,NA,Channel
M2,CorteMadera,D,48,a,2022-07-27,2022-08-24,2022,7.007827238,NA,NA,NA,NA,NA,NA,NA,NA,NA,NA,NA,Scarped,East.facing,"Late_Dry
(Months 1-3)",NA,NA,1.728,0.854287759,August,SAPA,55,21,29,USGS,Summer,9.364548495,Channel
M2,CorteMadera,D,48,a,2022-07-27,2022-08-24,2022,7.007827238,NA,NA,NA,NA,NA,NA,NA,NA,NA,NA,NA,Scarped,East.facing,"Late_Dry
(Months 1-3)",NA,NA,1.728,0.854287759,August,SPFO,20,44,56,USGS,Summer,9.364548495,Channel
M2,CorteMadera,D,48,b,2022-07-27,2022-08-24,2022,7.487429434,NA,NA,NA,NA,NA,NA,NA,NA,NA,NA,NA,Scarped,East.facing,"Late_Dry
(Months 1-3)",NA,NA,1.728,0.854287759,August,SAPA,55,21,29,USGS,Summer,NA,Channel
M2,CorteMadera,D,48,b,2022-07-27,2022-08-24,2022,7.487429434,NA,NA,NA,NA,NA,NA,NA,NA,NA,NA,NA,Scarped,East.facing,"Late_Dry
(Months 1-3)",NA,NA,1.728,0.854287759,August,SPFO,20,44,56,USGS,Summer,NA,Channel
M2,CorteMadera,D,48,c,2022-07-27,2022-08-24,2022,6.997414419,NA,NA,NA,NA,NA,NA,NA,NA,NA,NA,NA,Scarped,East.facing,"Late_Dry
(Months 1-3)",NA,NA,1.728,0.854287759,August,SAPA,55,21,29,USGS,Summer,NA,Channel
M2,CorteMadera,D,48,c,2022-07-27,2022-08-24,2022,6.997414419,NA,NA,NA,NA,NA,NA,NA,NA,NA,NA,NA,Scarped,East.facing,"Late_Dry
(Months 1-3)",NA,NA,1.728,0.854287759,August,SPFO,20,44,56,USGS,Summer,NA,Channel
M2,SanPablo,A,0.5,a,2022-07-28,2022-08-25,2022,7.160344411,NA,NA,NA,NA,NA,NA,NA,NA,NA,NA,NA,Ramped,South.facing,"Late_Dry
(Months 1-3)",NA,NA,0.735,-0.344512321,August,SPFO,1,75,100,USGS,Summer,NA,Bay
M2,SanPablo,A,0.5,b,2022-07-28,2022-08-25,2022,NA,NA,NA,NA,NA,NA,NA,NA,NA,NA,NA,NA,Ramped,South.facing,"Late_Dry
(Months 1-3)",NA,NA,0.735,-0.344512321,August,SPFO,1,75,100,USGS,Summer,NA,Bay
M2,SanPablo,A,0.5,c,2022-07-28,2022-08-25,2022,6.149688442,NA,NA,NA,NA,NA,NA,NA,NA,NA,NA,NA,Ramped,South.facing,"Late_Dry
(Months 1-3)",NA,NA,0.735,-0.344512321,August,SPFO,1,75,100,USGS,Summer,NA,Bay
M2,SanPablo,A,2,a,2022-07-28,2022-08-25,2022,16.51350602,NA,NA,NA,NA,NA,NA,NA,NA,NA,NA,NA,Ramped,South.facing,"Late_Dry
(Months 1-3)",NA,NA,0.751,-0.326125828,August,SPFO,5,81,100,USGS,Summer,NA,Bay
M2,SanPablo,A,2,b,2022-07-28,2022-08-25,2022,17.95905031,NA,NA,NA,NA,NA,NA,NA,NA,NA,NA,NA,Ramped,South.facing,"Late_Dry
(Months 1-3)",NA,NA,0.751,-0.326125828,August,SPFO,5,81,100,USGS,Summer,NA,Bay
M2,SanPablo,A,2,c,2022-07-28,2022-08-25,2022,16.45837933,NA,NA,NA,NA,NA,NA,NA,NA,NA,NA,NA,Ramped,South.facing,"Late_Dry
(Months 1-3)",NA,NA,0.751,-0.326125828,August,SPFO,5,81,100,USGS,Summer,NA,Bay
M2,SanPablo,A,6,a,2022-07-28,2022-08-25,2022,8.060747002,NA,NA,NA,NA,NA,NA,NA,NA,NA,NA,NA,Ramped,South.facing,"Late_Dry
(Months 1-3)",NA,NA,0.889,-0.167542323,August,SPFO,10,80,99,USGS,Summer,NA,Bay
M2,SanPablo,A,6,b,2022-07-28,2022-08-25,2022,6.180314381,NA,NA,NA,NA,NA,NA,NA,NA,NA,NA,NA,Ramped,South.facing,"Late_Dry
(Months 1-3)",NA,NA,0.889,-0.167542323,August,SPFO,10,80,99,USGS,Summer,NA,Bay
M2,SanPablo,A,6,c,2022-07-28,2022-08-25,2022,5.494293359,NA,NA,NA,NA,NA,NA,NA,NA,NA,NA,NA,Ramped,South.facing,"Late_Dry
(Months 1-3)",NA,NA,0.889,-0.167542323,August,SPFO,10,80,99,USGS,Summer,NA,Bay
M2,SanPablo,A,12,a,2022-07-28,2022-08-25,2022,1.11478416,NA,NA,NA,NA,NA,NA,NA,NA,NA,NA,NA,Ramped,South.facing,"Late_Dry
(Months 1-3)",NA,NA,1.069,0.039305726,August,SPFO,20,65,87,USGS,Summer,NA,Bay
M2,SanPablo,A,12,b,2022-07-28,2022-08-25,2022,3.325976916,NA,NA,NA,NA,NA,NA,NA,NA,NA,NA,NA,Ramped,South.facing,"Late_Dry
(Months 1-3)",NA,NA,1.069,0.039305726,August,SPFO,20,65,87,USGS,Summer,NA,Bay
M2,SanPablo,A,12,c,2022-07-28,2022-08-25,2022,3.044218283,NA,NA,NA,NA,NA,NA,NA,NA,NA,NA,NA,Ramped,South.facing,"Late_Dry
(Months 1-3)",NA,NA,1.069,0.039305726,August,SPFO,20,65,87,USGS,Summer,NA,Bay
M2,SanPablo,A,24,a,2022-07-28,2022-08-25,2022,2.499076578,NA,NA,NA,NA,NA,NA,NA,NA,NA,NA,NA,Ramped,South.facing,"Late_Dry
(Months 1-3)",NA,NA,1.713,0.779362081,August,SAPA,45,45,60,USGS,Summer,NA,Bay
M2,SanPablo,A,24,b,2022-07-28,2022-08-25,2022,2.462325452,NA,NA,NA,NA,NA,NA,NA,NA,NA,NA,NA,Ramped,South.facing,"Late_Dry
(Months 1-3)",NA,NA,1.713,0.779362081,August,SAPA,45,45,60,USGS,Summer,NA,Bay
M2,SanPablo,A,24,c,2022-07-28,2022-08-25,2022,0.661520271,NA,NA,NA,NA,NA,NA,NA,NA,NA,NA,NA,Ramped,South.facing,"Late_Dry
(Months 1-3)",NA,NA,1.713,0.779362081,August,SAPA,45,45,60,USGS,Summer,NA,Bay
M2,SanPablo,A,48,a,2022-07-28,2022-08-25,2022,1.799580144,NA,NA,NA,NA,NA,NA,NA,NA,NA,NA,NA,Ramped,South.facing,"Late_Dry
(Months 1-3)",NA,NA,2.01,1.120661362,August,SAPA,90,50,95,USGS,Summer,NA,Bay
M2,SanPablo,A,48,b,2022-07-28,2022-08-25,2022,1.856544389,NA,NA,NA,NA,NA,NA,NA,NA,NA,NA,NA,Ramped,South.facing,"Late_Dry
(Months 1-3)",NA,NA,2.01,1.120661362,August,SAPA,90,50,95,USGS,Summer,8.010618364,Bay
M2,SanPablo,A,48,c,2022-07-28,2022-08-25,2022,1.354278999,NA,NA,NA,NA,NA,NA,NA,NA,NA,NA,NA,Ramped,South.facing,"Late_Dry
(Months 1-3)",NA,NA,2.01,1.120661362,August,SAPA,90,50,95,USGS,Summer,9.283819629,Bay
M2,SanPablo,A,72,a,2022-07-28,2022-08-25,2022,2.733671267,NA,NA,NA,NA,NA,NA,NA,NA,NA,NA,NA,Ramped,South.facing,"Late_Dry
(Months 1-3)",NA,NA,2.04,1.155136037,August,SAPA,85,40,58,USGS,Summer,NA,Bay
M2,SanPablo,A,72,b,2022-07-28,2022-08-25,2022,2.459875377,NA,NA,NA,NA,NA,NA,NA,NA,NA,NA,NA,Ramped,South.facing,"Late_Dry
(Months 1-3)",NA,NA,2.04,1.155136037,August,SAPA,85,40,58,USGS,Summer,NA,Bay
M2,SanPablo,A,72,c,2022-07-28,2022-08-25,2022,2.973778624,NA,NA,NA,NA,NA,NA,NA,NA,NA,NA,NA,Ramped,South.facing,"Late_Dry
(Months 1-3)",NA,NA,2.04,1.155136037,August,SAPA,85,40,58,USGS,Summer,NA,Bay
M2,SanPablo,A,150,a,2022-07-28,2022-08-25,2022,6.003908975,NA,NA,NA,NA,NA,NA,NA,NA,NA,NA,NA,Ramped,South.facing,"Late_Dry
(Months 1-3)",NA,NA,1.974,1.079291752,August,SAPA,80,40,60,USGS,Summer,NA,Bay
M2,SanPablo,A,150,b,2022-07-28,2022-08-25,2022,7.352062786,NA,NA,NA,NA,NA,NA,NA,NA,NA,NA,NA,Ramped,South.facing,"Late_Dry
(Months 1-3)",NA,NA,1.974,1.079291752,August,SAPA,80,40,60,USGS,Summer,14.18630994,Bay
M2,SanPablo,A,150,c,2022-07-28,2022-08-25,2022,9.190844131,NA,NA,NA,NA,NA,NA,NA,NA,NA,NA,NA,Ramped,South.facing,"Late_Dry
(Months 1-3)",NA,NA,1.974,1.079291752,August,SAPA,80,40,60,USGS,Summer,NA,Bay
M2,SanPablo,B,0.5,a,2022-07-28,2022-08-25,2022,6.547825642,NA,NA,NA,NA,NA,NA,NA,NA,NA,NA,NA,Ramped,South.facing,"Late_Dry
(Months 1-3)",NA,NA,0.774,-0.299695244,August,SPFO,1,60,110,USGS,Summer,NA,Bay
M2,SanPablo,B,0.5,b,2022-07-28,2022-08-25,2022,5.910806122,NA,NA,NA,NA,NA,NA,NA,NA,NA,NA,NA,Ramped,South.facing,"Late_Dry
(Months 1-3)",NA,NA,0.774,-0.299695244,August,SPFO,1,60,110,USGS,Summer,NA,Bay
M2,SanPablo,B,0.5,c,2022-07-28,2022-08-25,2022,0.189880818,NA,NA,NA,NA,NA,NA,NA,NA,NA,NA,NA,Ramped,South.facing,"Late_Dry
(Months 1-3)",NA,NA,0.774,-0.299695244,August,SPFO,1,60,110,USGS,Summer,NA,Bay
M2,SanPablo,B,2,a,2022-07-28,2022-08-25,2022,4.691893772,NA,NA,NA,NA,NA,NA,NA,NA,NA,NA,NA,Ramped,South.facing,"Late_Dry
(Months 1-3)",NA,NA,0.805,-0.264071413,August,SPFO,5,60,95,USGS,Summer,NA,Bay
M2,SanPablo,B,2,b,2022-07-28,2022-08-25,2022,3.834367495,NA,NA,NA,NA,NA,NA,NA,NA,NA,NA,NA,Ramped,South.facing,"Late_Dry
(Months 1-3)",NA,NA,0.805,-0.264071413,August,SPFO,5,60,95,USGS,Summer,NA,Bay
M2,SanPablo,B,2,c,2022-07-28,2022-08-25,2022,8.64876502,NA,NA,NA,NA,NA,NA,NA,NA,NA,NA,NA,Ramped,South.facing,"Late_Dry
(Months 1-3)",NA,NA,0.805,-0.264071413,August,SPFO,5,60,95,USGS,Summer,NA,Bay
M2,SanPablo,B,6,a,2022-07-28,2022-08-25,2022,3.987497187,NA,NA,NA,NA,NA,NA,NA,NA,NA,NA,NA,Ramped,South.facing,"Late_Dry
(Months 1-3)",NA,NA,0.837,-0.227298427,August,SPFO,10,60,100,USGS,Summer,NA,Bay
M2,SanPablo,B,6,b,2022-07-28,2022-08-25,2022,2.780835212,NA,NA,NA,NA,NA,NA,NA,NA,NA,NA,NA,Ramped,South.facing,"Late_Dry
(Months 1-3)",NA,NA,0.837,-0.227298427,August,SPFO,10,60,100,USGS,Summer,NA,Bay
M2,SanPablo,B,6,c,2022-07-28,2022-08-25,2022,5.794427556,NA,NA,NA,NA,NA,NA,NA,NA,NA,NA,NA,Ramped,South.facing,"Late_Dry
(Months 1-3)",NA,NA,0.837,-0.227298427,August,SPFO,10,60,100,USGS,Summer,NA,Bay
M2,SanPablo,B,12,a,2022-07-28,2022-08-25,2022,3.491356984,NA,NA,NA,NA,NA,NA,NA,NA,NA,NA,NA,Ramped,South.facing,"Late_Dry
(Months 1-3)",NA,NA,1.042,0.008278519,August,SPFO,20,65,90,USGS,Summer,NA,Bay
M2,SanPablo,B,12,b,2022-07-28,2022-08-25,2022,2.382698012,NA,NA,NA,NA,NA,NA,NA,NA,NA,NA,NA,Ramped,South.facing,"Late_Dry
(Months 1-3)",NA,NA,1.042,0.008278519,August,SPFO,20,65,90,USGS,Summer,NA,Bay
M2,SanPablo,B,12,c,2022-07-28,2022-08-25,2022,0.667645458,NA,NA,NA,NA,NA,NA,NA,NA,NA,NA,NA,Ramped,South.facing,"Late_Dry
(Months 1-3)",NA,NA,1.042,0.008278519,August,SPFO,20,65,90,USGS,Summer,NA,Bay
M2,SanPablo,B,24,a,2022-07-28,2022-08-25,2022,0.906527778,NA,NA,NA,NA,NA,NA,NA,NA,NA,NA,NA,Ramped,South.facing,"Late_Dry
(Months 1-3)",NA,NA,1.563,0.606988706,August,SPFO,10,35,40,USGS,Summer,NA,Bay
M2,SanPablo,B,24,a,2022-07-28,2022-08-25,2022,0.906527778,NA,NA,NA,NA,NA,NA,NA,NA,NA,NA,NA,Ramped,South.facing,"Late_Dry
(Months 1-3)",NA,NA,1.563,0.606988706,August,SAPA,10,28,45,USGS,Summer,NA,Bay
M2,SanPablo,B,24,b,2022-07-28,2022-08-25,2022,3.924407754,NA,NA,NA,NA,NA,NA,NA,NA,NA,NA,NA,Ramped,South.facing,"Late_Dry
(Months 1-3)",NA,NA,1.563,0.606988706,August,SPFO,10,35,40,USGS,Summer,NA,Bay
M2,SanPablo,B,24,b,2022-07-28,2022-08-25,2022,3.924407754,NA,NA,NA,NA,NA,NA,NA,NA,NA,NA,NA,Ramped,South.facing,"Late_Dry
(Months 1-3)",NA,NA,1.563,0.606988706,August,SAPA,10,28,45,USGS,Summer,NA,Bay
M2,SanPablo,B,24,c,2022-07-28,2022-08-25,2022,0.796886919,NA,NA,NA,NA,NA,NA,NA,NA,NA,NA,NA,Ramped,South.facing,"Late_Dry
(Months 1-3)",NA,NA,1.563,0.606988706,August,SPFO,10,35,40,USGS,Summer,7.797594359,Bay
M2,SanPablo,B,24,c,2022-07-28,2022-08-25,2022,0.796886919,NA,NA,NA,NA,NA,NA,NA,NA,NA,NA,NA,Ramped,South.facing,"Late_Dry
(Months 1-3)",NA,NA,1.563,0.606988706,August,SAPA,10,28,45,USGS,Summer,7.797594359,Bay
M2,SanPablo,B,48,a,2022-07-28,2022-08-25,2022,6.870623034,NA,NA,NA,NA,NA,NA,NA,NA,NA,NA,NA,Ramped,South.facing,"Late_Dry
(Months 1-3)",NA,NA,1.978,1.083888376,August,SAPA,85,45,58,USGS,Summer,NA,Bay
M2,SanPablo,B,48,b,2022-07-28,2022-08-25,2022,2.171379037,NA,NA,NA,NA,NA,NA,NA,NA,NA,NA,NA,Ramped,South.facing,"Late_Dry
(Months 1-3)",NA,NA,1.978,1.083888376,August,SAPA,85,45,58,USGS,Summer,NA,Bay
M2,SanPablo,B,48,c,2022-07-28,2022-08-25,2022,4.10571331,NA,NA,NA,NA,NA,NA,NA,NA,NA,NA,NA,Ramped,South.facing,"Late_Dry
(Months 1-3)",NA,NA,1.978,1.083888376,August,SAPA,85,45,58,USGS,Summer,NA,Bay
M2,SanPablo,B,72,a,2022-07-28,2022-08-25,2022,3.365178118,NA,NA,NA,NA,NA,NA,NA,NA,NA,NA,NA,Ramped,South.facing,"Late_Dry
(Months 1-3)",NA,NA,2.012,1.122959674,August,SAPA,80,30,55,USGS,Summer,10.69976771,Bay
M2,SanPablo,B,72,b,2022-07-28,2022-08-25,2022,5.950619842,NA,NA,NA,NA,NA,NA,NA,NA,NA,NA,NA,Ramped,South.facing,"Late_Dry
(Months 1-3)",NA,NA,2.012,1.122959674,August,SAPA,80,30,55,USGS,Summer,NA,Bay
M2,SanPablo,B,72,c,2022-07-28,2022-08-25,2022,17.19095177,NA,NA,NA,NA,NA,NA,NA,NA,NA,NA,NA,Ramped,South.facing,"Late_Dry
(Months 1-3)",NA,NA,2.012,1.122959674,August,SAPA,80,30,55,USGS,Summer,NA,Bay
M2,SanPablo,B,150,a,2022-07-28,2022-08-25,2022,3.641424083,NA,NA,NA,NA,NA,NA,NA,NA,NA,NA,NA,Ramped,South.facing,"Late_Dry
(Months 1-3)",NA,NA,2.014,1.125257985,August,SAPA,85,35,54,USGS,Summer,NA,Bay
M2,SanPablo,B,150,b,2022-07-28,2022-08-25,2022,4.40400995,NA,NA,NA,NA,NA,NA,NA,NA,NA,NA,NA,Ramped,South.facing,"Late_Dry
(Months 1-3)",NA,NA,2.014,1.125257985,August,SAPA,85,35,54,USGS,Summer,14.08025568,Bay
M2,SanPablo,B,150,c,2022-07-28,2022-08-25,2022,4.277831084,NA,NA,NA,NA,NA,NA,NA,NA,NA,NA,NA,Ramped,South.facing,"Late_Dry
(Months 1-3)",NA,NA,2.014,1.125257985,August,SAPA,85,35,54,USGS,Summer,NA,Bay
M2,SanPablo,C,0.5,a,2022-07-28,2022-08-25,2022,13.8239361,NA,NA,NA,NA,NA,NA,NA,NA,NA,NA,NA,Ramped,South.facing,"Late_Dry
(Months 1-3)",NA,NA,0.772,-0.301993556,August,SPFO,2,65,98,USGS,Summer,NA,Bay
M2,SanPablo,C,0.5,b,2022-07-28,2022-08-25,2022,7.462316164,NA,NA,NA,NA,NA,NA,NA,NA,NA,NA,NA,Ramped,South.facing,"Late_Dry
(Months 1-3)",NA,NA,0.772,-0.301993556,August,SPFO,2,65,98,USGS,Summer,NA,Bay
M2,SanPablo,C,0.5,c,2022-07-28,2022-08-25,2022,4.068349665,NA,NA,NA,NA,NA,NA,NA,NA,NA,NA,NA,Ramped,South.facing,"Late_Dry
(Months 1-3)",NA,NA,0.772,-0.301993556,August,SPFO,2,65,98,USGS,Summer,NA,Bay
M2,SanPablo,C,2,a,2022-07-28,2022-08-25,2022,3.08525704,NA,NA,NA,NA,NA,NA,NA,NA,NA,NA,NA,Ramped,South.facing,"Late_Dry
(Months 1-3)",NA,NA,0.834,-0.230745894,August,SPFO,5,80,106,USGS,Summer,NA,Bay
M2,SanPablo,C,2,b,2022-07-28,2022-08-25,2022,5.690911884,NA,NA,NA,NA,NA,NA,NA,NA,NA,NA,NA,Ramped,South.facing,"Late_Dry
(Months 1-3)",NA,NA,0.834,-0.230745894,August,SPFO,5,80,106,USGS,Summer,NA,Bay
M2,SanPablo,C,2,c,2022-07-28,2022-08-25,2022,10.83606954,NA,NA,NA,NA,NA,NA,NA,NA,NA,NA,NA,Ramped,South.facing,"Late_Dry
(Months 1-3)",NA,NA,0.834,-0.230745894,August,SPFO,5,80,106,USGS,Summer,NA,Bay
M2,SanPablo,C,6,a,2022-07-28,2022-08-25,2022,2.312870872,NA,NA,NA,NA,NA,NA,NA,NA,NA,NA,NA,Ramped,South.facing,"Late_Dry
(Months 1-3)",NA,NA,1.014,-0.023897845,August,SPFO,20,70,101,USGS,Summer,NA,Bay
M2,SanPablo,C,6,b,2022-07-28,2022-08-25,2022,0.687858578,NA,NA,NA,NA,NA,NA,NA,NA,NA,NA,NA,Ramped,South.facing,"Late_Dry
(Months 1-3)",NA,NA,1.014,-0.023897845,August,SPFO,20,70,101,USGS,Summer,NA,Bay
M2,SanPablo,C,6,c,2022-07-28,2022-08-25,2022,1.784879693,NA,NA,NA,NA,NA,NA,NA,NA,NA,NA,NA,Ramped,South.facing,"Late_Dry
(Months 1-3)",NA,NA,1.014,-0.023897845,August,SPFO,20,70,101,USGS,Summer,NA,Bay
M2,SanPablo,C,12,a,2022-07-28,2022-08-25,2022,2.551140673,NA,NA,NA,NA,NA,NA,NA,NA,NA,NA,NA,Ramped,South.facing,"Late_Dry
(Months 1-3)",NA,NA,1.267,0.26683858,August,SPFO,35,70,90,USGS,Summer,NA,Bay
M2,SanPablo,C,12,b,2022-07-28,2022-08-25,2022,214.6915037,NA,NA,NA,NA,NA,NA,NA,NA,NA,NA,NA,Ramped,South.facing,"Late_Dry
(Months 1-3)",NA,NA,1.267,0.26683858,August,SPFO,35,70,90,USGS,Summer,NA,Bay
M2,SanPablo,C,12,c,2022-07-28,2022-08-25,2022,106.1397024,NA,NA,NA,NA,NA,NA,NA,NA,NA,NA,NA,Ramped,South.facing,"Late_Dry
(Months 1-3)",NA,NA,1.267,0.26683858,August,SPFO,35,70,90,USGS,Summer,NA,Bay
M2,SanPablo,C,24,a,2022-07-28,2022-08-25,2022,NA,NA,NA,NA,NA,NA,NA,NA,NA,NA,NA,NA,Ramped,South.facing,"Late_Dry
(Months 1-3)",NA,NA,1.602,0.651805783,August,SPFO,2,53,74,USGS,Summer,NA,Bay
M2,SanPablo,C,24,a,2022-07-28,2022-08-25,2022,NA,NA,NA,NA,NA,NA,NA,NA,NA,NA,NA,NA,Ramped,South.facing,"Late_Dry
(Months 1-3)",NA,NA,1.602,0.651805783,August,SAPA,70,30,43,USGS,Summer,NA,Bay
M2,SanPablo,C,24,b,2022-07-28,2022-08-25,2022,NA,NA,NA,NA,NA,NA,NA,NA,NA,NA,NA,NA,Ramped,South.facing,"Late_Dry
(Months 1-3)",NA,NA,1.602,0.651805783,August,SPFO,2,53,74,USGS,Summer,NA,Bay
M2,SanPablo,C,24,b,2022-07-28,2022-08-25,2022,NA,NA,NA,NA,NA,NA,NA,NA,NA,NA,NA,NA,Ramped,South.facing,"Late_Dry
(Months 1-3)",NA,NA,1.602,0.651805783,August,SAPA,70,30,43,USGS,Summer,NA,Bay
M2,SanPablo,C,24,c,2022-07-28,2022-08-25,2022,NA,NA,NA,NA,NA,NA,NA,NA,NA,NA,NA,NA,Ramped,South.facing,"Late_Dry
(Months 1-3)",NA,NA,1.602,0.651805783,August,SPFO,2,53,74,USGS,Summer,7.271305708,Bay
M2,SanPablo,C,24,c,2022-07-28,2022-08-25,2022,NA,NA,NA,NA,NA,NA,NA,NA,NA,NA,NA,NA,Ramped,South.facing,"Late_Dry
(Months 1-3)",NA,NA,1.602,0.651805783,August,SAPA,70,30,43,USGS,Summer,7.271305708,Bay
M2,SanPablo,C,48,a,2022-07-28,2022-08-25,2022,2.642534921,NA,NA,NA,NA,NA,NA,NA,NA,NA,NA,NA,Ramped,South.facing,"Late_Dry
(Months 1-3)",NA,NA,1.926,1.024132272,August,SAPA,60,25,36,USGS,Summer,NA,Bay
M2,SanPablo,C,48,b,2022-07-28,2022-08-25,2022,2.394335869,NA,NA,NA,NA,NA,NA,NA,NA,NA,NA,NA,Ramped,South.facing,"Late_Dry
(Months 1-3)",NA,NA,1.926,1.024132272,August,SAPA,60,25,36,USGS,Summer,NA,Bay
M2,SanPablo,C,48,c,2022-07-28,2022-08-25,2022,2.787572918,NA,NA,NA,NA,NA,NA,NA,NA,NA,NA,NA,Ramped,South.facing,"Late_Dry
(Months 1-3)",NA,NA,1.926,1.024132272,August,SAPA,60,25,36,USGS,Summer,NA,Bay
M2,SanPablo,C,72,a,2022-07-28,2022-08-25,2022,3.986884668,NA,NA,NA,NA,NA,NA,NA,NA,NA,NA,NA,Ramped,South.facing,"Late_Dry
(Months 1-3)",NA,NA,2.018,1.129854609,August,SAPA,85,45,64,USGS,Summer,NA,Bay
M2,SanPablo,C,72,b,2022-07-28,2022-08-25,2022,2.484376128,NA,NA,NA,NA,NA,NA,NA,NA,NA,NA,NA,Ramped,South.facing,"Late_Dry
(Months 1-3)",NA,NA,2.018,1.129854609,August,SAPA,85,45,64,USGS,Summer,6.764265869,Bay
M2,SanPablo,C,72,c,2022-07-28,2022-08-25,2022,3.643874158,NA,NA,NA,NA,NA,NA,NA,NA,NA,NA,NA,Ramped,South.facing,"Late_Dry
(Months 1-3)",NA,NA,2.018,1.129854609,August,SAPA,85,45,64,USGS,Summer,14.3728223,Bay
M2,SanPablo,C,150,a,2022-07-28,2022-08-25,2022,12.42739331,NA,NA,NA,NA,NA,NA,NA,NA,NA,NA,NA,Ramped,South.facing,"Late_Dry
(Months 1-3)",NA,NA,1.988,1.0953799340000001,August,SAPA,80,34,62,USGS,Summer,NA,Bay
M2,SanPablo,C,150,b,2022-07-28,2022-08-25,2022,8.981975231,NA,NA,NA,NA,NA,NA,NA,NA,NA,NA,NA,Ramped,South.facing,"Late_Dry
(Months 1-3)",NA,NA,1.988,1.0953799340000001,August,SAPA,80,34,62,USGS,Summer,NA,Bay
M2,SanPablo,C,150,c,2022-07-28,2022-08-25,2022,6.901248972,NA,NA,NA,NA,NA,NA,NA,NA,NA,NA,NA,Ramped,South.facing,"Late_Dry
(Months 1-3)",NA,NA,1.988,1.0953799340000001,August,SAPA,80,34,62,USGS,Summer,NA,Bay
M2,SanPablo,D,0.5,a,2022-07-28,2022-08-25,2022,5.168433374,NA,NA,NA,NA,NA,NA,NA,NA,NA,NA,NA,Ramped,South.facing,"Late_Dry
(Months 1-3)",NA,NA,0.788,-0.283607062,August,SPFO,2,89,108,USGS,Summer,6.23916924,Bay
M2,SanPablo,D,0.5,b,2022-07-28,2022-08-25,2022,136.1831355,NA,NA,NA,NA,NA,NA,NA,NA,NA,NA,NA,Ramped,South.facing,"Late_Dry
(Months 1-3)",NA,NA,0.788,-0.283607062,August,SPFO,2,89,108,USGS,Summer,NA,Bay
M2,SanPablo,D,0.5,c,2022-07-28,2022-08-25,2022,8.130574142,NA,NA,NA,NA,NA,NA,NA,NA,NA,NA,NA,Ramped,South.facing,"Late_Dry
(Months 1-3)",NA,NA,0.788,-0.283607062,August,SPFO,2,89,108,USGS,Summer,NA,Bay
M2,SanPablo,D,2,a,2022-07-28,2022-08-25,2022,6.3897958,NA,NA,NA,NA,NA,NA,NA,NA,NA,NA,NA,Ramped,South.facing,"Late_Dry
(Months 1-3)",NA,NA,0.824,-0.242237452,August,SPFO,5,72,97,USGS,Summer,NA,Bay
M2,SanPablo,D,2,b,2022-07-28,2022-08-25,2022,2.634443226,NA,NA,NA,NA,NA,NA,NA,NA,NA,NA,NA,Ramped,South.facing,"Late_Dry
(Months 1-3)",NA,NA,0.824,-0.242237452,August,SPFO,5,72,97,USGS,Summer,NA,Bay
M2,SanPablo,D,2,c,2022-07-28,2022-08-25,2022,4.047524027,NA,NA,NA,NA,NA,NA,NA,NA,NA,NA,NA,Ramped,South.facing,"Late_Dry
(Months 1-3)",NA,NA,0.824,-0.242237452,August,SPFO,5,72,97,USGS,Summer,NA,Bay
M2,SanPablo,D,6,a,2022-07-28,2022-08-25,2022,1.165010699,NA,NA,NA,NA,NA,NA,NA,NA,NA,NA,NA,Ramped,South.facing,"Late_Dry
(Months 1-3)",NA,NA,0.961,-0.084803104,August,SPFO,10,90,111,USGS,Summer,NA,Bay
M2,SanPablo,D,6,b,2022-07-28,2022-08-25,2022,1.855931871,NA,NA,NA,NA,NA,NA,NA,NA,NA,NA,NA,Ramped,South.facing,"Late_Dry
(Months 1-3)",NA,NA,0.961,-0.084803104,August,SPFO,10,90,111,USGS,Summer,NA,Bay
M2,SanPablo,D,6,c,2022-07-28,2022-08-25,2022,0.948179055,NA,NA,NA,NA,NA,NA,NA,NA,NA,NA,NA,Ramped,South.facing,"Late_Dry
(Months 1-3)",NA,NA,0.961,-0.084803104,August,SPFO,10,90,111,USGS,Summer,NA,Bay
M2,SanPablo,D,12,a,2022-07-28,2022-08-25,2022,170.6759049,NA,NA,NA,NA,NA,NA,NA,NA,NA,NA,NA,Ramped,South.facing,"Late_Dry
(Months 1-3)",NA,NA,1.373,0.388649098,August,SPFO,35,50,79,USGS,Summer,6.269674711,Bay
M2,SanPablo,D,12,b,2022-07-28,2022-08-25,2022,1.420431026,NA,NA,NA,NA,NA,NA,NA,NA,NA,NA,NA,Ramped,South.facing,"Late_Dry
(Months 1-3)",NA,NA,1.373,0.388649098,August,SPFO,35,50,79,USGS,Summer,NA,Bay
M2,SanPablo,D,12,c,2022-07-28,2022-08-25,2022,NA,NA,NA,NA,NA,NA,NA,NA,NA,NA,NA,NA,Ramped,South.facing,"Late_Dry
(Months 1-3)",NA,NA,1.373,0.388649098,August,SPFO,35,50,79,USGS,Summer,NA,Bay
M2,SanPablo,D,24,a,2022-07-28,2022-08-25,2022,128.2228416,NA,NA,NA,NA,NA,NA,NA,NA,NA,NA,NA,Ramped,South.facing,"Late_Dry
(Months 1-3)",NA,NA,1.634,0.68857877,August,SAPA,35,37,50,USGS,Summer,NA,Bay
M2,SanPablo,D,24,b,2022-07-28,2022-08-25,2022,74.01309295,NA,NA,NA,NA,NA,NA,NA,NA,NA,NA,NA,Ramped,South.facing,"Late_Dry
(Months 1-3)",NA,NA,1.634,0.68857877,August,SAPA,35,37,50,USGS,Summer,NA,Bay
M2,SanPablo,D,24,c,2022-07-28,2022-08-25,2022,47.73848783,NA,NA,NA,NA,NA,NA,NA,NA,NA,NA,NA,Ramped,South.facing,"Late_Dry
(Months 1-3)",NA,NA,1.634,0.68857877,August,SAPA,35,37,50,USGS,Summer,NA,Bay
M2,SanPablo,D,48,a,2022-07-28,2022-08-25,2022,2.878225696,NA,NA,NA,NA,NA,NA,NA,NA,NA,NA,NA,Ramped,South.facing,"Late_Dry
(Months 1-3)",NA,NA,1.987,1.094230778,August,SAPA,90,45,65,USGS,Summer,12.25124378,Bay
M2,SanPablo,D,48,b,2022-07-28,2022-08-25,2022,3.127520835,NA,NA,NA,NA,NA,NA,NA,NA,NA,NA,NA,Ramped,South.facing,"Late_Dry
(Months 1-3)",NA,NA,1.987,1.094230778,August,SAPA,90,45,65,USGS,Summer,NA,Bay
M2,SanPablo,D,48,c,2022-07-28,2022-08-25,2022,3.48829439,NA,NA,NA,NA,NA,NA,NA,NA,NA,NA,NA,Ramped,South.facing,"Late_Dry
(Months 1-3)",NA,NA,1.987,1.094230778,August,SAPA,90,45,65,USGS,Summer,NA,Bay
M2,SanPablo,D,72,a,2022-07-28,2022-08-25,2022,4.753145649,NA,NA,NA,NA,NA,NA,NA,NA,NA,NA,NA,Ramped,South.facing,"Late_Dry
(Months 1-3)",NA,NA,2.033,1.147091946,August,SAPA,80,40,56,USGS,Summer,9.160613398,Bay
M2,SanPablo,D,72,b,2022-07-28,2022-08-25,2022,5.384039981,NA,NA,NA,NA,NA,NA,NA,NA,NA,NA,NA,Ramped,South.facing,"Late_Dry
(Months 1-3)",NA,NA,2.033,1.147091946,August,SAPA,80,40,56,USGS,Summer,13.22237917,Bay
M2,SanPablo,D,72,c,2022-07-28,2022-08-25,2022,5.293999722,NA,NA,NA,NA,NA,NA,NA,NA,NA,NA,NA,Ramped,South.facing,"Late_Dry
(Months 1-3)",NA,NA,2.033,1.147091946,August,SAPA,80,40,56,USGS,Summer,NA,Bay
M2,SanPablo,D,150,a,2022-07-28,2022-08-25,2022,7.254672302,NA,NA,NA,NA,NA,NA,NA,NA,NA,NA,NA,Ramped,South.facing,"Late_Dry
(Months 1-3)",NA,NA,1.987,1.094230778,August,SAPA,80,35,55,USGS,Summer,NA,Bay
M2,SanPablo,D,150,b,2022-07-28,2022-08-25,2022,2.8408620510000002,NA,NA,NA,NA,NA,NA,NA,NA,NA,NA,NA,Ramped,South.facing,"Late_Dry
(Months 1-3)",NA,NA,1.987,1.094230778,August,SAPA,80,35,55,USGS,Summer,NA,Bay
M2,SanPablo,D,150,c,2022-07-28,2022-08-25,2022,5.659673427,NA,NA,NA,NA,NA,NA,NA,NA,NA,NA,NA,Ramped,South.facing,"Late_Dry
(Months 1-3)",NA,NA,1.987,1.094230778,August,SAPA,80,35,55,USGS,Summer,NA,Bay
NA,CorteMadera,A,2,a,2023-06-20,2023-07-18,2023,NA,NA,NA,NA,NA,NA,NA,NA,NA,NA,NA,NA,Scarped,East.facing,NA,NA,NA,1.684,0.801794321,July,SAPA,40,35,56,USGS,Summer,NA,Bay
NA,CorteMadera,A,2,a,2023-06-20,2023-07-18,2023,NA,NA,NA,NA,NA,NA,NA,NA,NA,NA,NA,NA,Scarped,East.facing,NA,NA,NA,1.684,0.801794321,July,SPFO,15,36,60,USGS,Summer,NA,Bay
NA,CorteMadera,A,2,a,2023-06-20,2023-07-18,2023,NA,NA,NA,NA,NA,NA,NA,NA,NA,NA,NA,NA,Scarped,East.facing,NA,NA,NA,1.684,0.801794321,July,JACA,95,12,20,USGS,Summer,NA,Bay
NA,CorteMadera,A,2,b,2023-06-20,2023-07-18,2023,NA,NA,NA,NA,NA,NA,NA,NA,NA,NA,NA,NA,Scarped,East.facing,NA,NA,NA,1.684,0.801794321,July,SAPA,40,35,56,USGS,Summer,NA,Bay
NA,CorteMadera,A,2,b,2023-06-20,2023-07-18,2023,NA,NA,NA,NA,NA,NA,NA,NA,NA,NA,NA,NA,Scarped,East.facing,NA,NA,NA,1.684,0.801794321,July,SPFO,15,36,60,USGS,Summer,NA,Bay
NA,CorteMadera,A,2,b,2023-06-20,2023-07-18,2023,NA,NA,NA,NA,NA,NA,NA,NA,NA,NA,NA,NA,Scarped,East.facing,NA,NA,NA,1.684,0.801794321,July,JACA,95,12,20,USGS,Summer,NA,Bay
NA,CorteMadera,A,2,c,2023-06-20,2023-07-18,2023,NA,NA,NA,NA,NA,NA,NA,NA,NA,NA,NA,NA,Scarped,East.facing,NA,NA,NA,1.684,0.801794321,July,SAPA,40,35,56,USGS,Summer,NA,Bay
NA,CorteMadera,A,2,c,2023-06-20,2023-07-18,2023,NA,NA,NA,NA,NA,NA,NA,NA,NA,NA,NA,NA,Scarped,East.facing,NA,NA,NA,1.684,0.801794321,July,SPFO,15,36,60,USGS,Summer,NA,Bay
NA,CorteMadera,A,2,c,2023-06-20,2023-07-18,2023,NA,NA,NA,NA,NA,NA,NA,NA,NA,NA,NA,NA,Scarped,East.facing,NA,NA,NA,1.684,0.801794321,July,JACA,95,12,20,USGS,Summer,NA,Bay
NA,CorteMadera,A,6,a,2023-06-20,2023-07-18,2023,2.997427101,NA,NA,NA,NA,NA,NA,NA,NA,NA,NA,NA,Scarped,East.facing,NA,NA,NA,1.691,0.81014555,July,SPFO,5,32,52,USGS,Summer,NA,Bay
NA,CorteMadera,A,6,a,2023-06-20,2023-07-18,2023,2.997427101,NA,NA,NA,NA,NA,NA,NA,NA,NA,NA,NA,Scarped,East.facing,NA,NA,NA,1.691,0.81014555,July,JACA,90,12,28,USGS,Summer,NA,Bay
NA,CorteMadera,A,6,a,2023-06-20,2023-07-18,2023,2.997427101,NA,NA,NA,NA,NA,NA,NA,NA,NA,NA,NA,Scarped,East.facing,NA,NA,NA,1.691,0.81014555,July,DISP,45,21,36,USGS,Summer,NA,Bay
NA,CorteMadera,A,6,b,2023-06-20,2023-07-18,2023,1.501470228,NA,NA,NA,NA,NA,NA,NA,NA,NA,NA,NA,Scarped,East.facing,NA,NA,NA,1.691,0.81014555,July,SPFO,5,32,52,USGS,Summer,5.263868268,Bay
NA,CorteMadera,A,6,b,2023-06-20,2023-07-18,2023,1.501470228,NA,NA,NA,NA,NA,NA,NA,NA,NA,NA,NA,Scarped,East.facing,NA,NA,NA,1.691,0.81014555,July,JACA,90,12,28,USGS,Summer,5.263868268,Bay
NA,CorteMadera,A,6,b,2023-06-20,2023-07-18,2023,1.501470228,NA,NA,NA,NA,NA,NA,NA,NA,NA,NA,NA,Scarped,East.facing,NA,NA,NA,1.691,0.81014555,July,DISP,45,21,36,USGS,Summer,5.263868268,Bay
NA,CorteMadera,A,6,c,2023-06-20,2023-07-18,2023,4.149105611,NA,NA,NA,NA,NA,NA,NA,NA,NA,NA,NA,Scarped,East.facing,NA,NA,NA,1.691,0.81014555,July,SPFO,5,32,52,USGS,Summer,NA,Bay
NA,CorteMadera,A,6,c,2023-06-20,2023-07-18,2023,4.149105611,NA,NA,NA,NA,NA,NA,NA,NA,NA,NA,NA,Scarped,East.facing,NA,NA,NA,1.691,0.81014555,July,JACA,90,12,28,USGS,Summer,NA,Bay
NA,CorteMadera,A,6,c,2023-06-20,2023-07-18,2023,4.149105611,NA,NA,NA,NA,NA,NA,NA,NA,NA,NA,NA,Scarped,East.facing,NA,NA,NA,1.691,0.81014555,July,DISP,45,21,36,USGS,Summer,NA,Bay
NA,CorteMadera,A,12,a,2023-06-20,2023-07-18,2023,11.53393776,NA,NA,NA,NA,NA,NA,NA,NA,NA,NA,NA,Scarped,East.facing,NA,NA,NA,1.705,0.826848008,July,SAPA,20,31,50,USGS,Summer,NA,Bay
NA,CorteMadera,A,12,a,2023-06-20,2023-07-18,2023,11.53393776,NA,NA,NA,NA,NA,NA,NA,NA,NA,NA,NA,Scarped,East.facing,NA,NA,NA,1.705,0.826848008,July,SPFO,95,14,25,USGS,Summer,NA,Bay
NA,CorteMadera,A,12,a,2023-06-20,2023-07-18,2023,11.53393776,NA,NA,NA,NA,NA,NA,NA,NA,NA,NA,NA,Scarped,East.facing,NA,NA,NA,1.705,0.826848008,July,JACA,95,14,25,USGS,Summer,NA,Bay
NA,CorteMadera,A,12,a,2023-06-20,2023-07-18,2023,11.53393776,NA,NA,NA,NA,NA,NA,NA,NA,NA,NA,NA,Scarped,East.facing,NA,NA,NA,1.705,0.826848008,July,DISP,30,16,31,USGS,Summer,NA,Bay
NA,CorteMadera,A,12,b,2023-06-20,2023-07-18,2023,11.90149473,NA,NA,NA,NA,NA,NA,NA,NA,NA,NA,NA,Scarped,East.facing,NA,NA,NA,1.705,0.826848008,July,SAPA,20,31,50,USGS,Summer,10.53554676,Bay
NA,CorteMadera,A,12,b,2023-06-20,2023-07-18,2023,11.90149473,NA,NA,NA,NA,NA,NA,NA,NA,NA,NA,NA,Scarped,East.facing,NA,NA,NA,1.705,0.826848008,July,SPFO,95,14,25,USGS,Summer,10.53554676,Bay
NA,CorteMadera,A,12,b,2023-06-20,2023-07-18,2023,11.90149473,NA,NA,NA,NA,NA,NA,NA,NA,NA,NA,NA,Scarped,East.facing,NA,NA,NA,1.705,0.826848008,July,JACA,95,14,25,USGS,Summer,10.53554676,Bay
NA,CorteMadera,A,12,b,2023-06-20,2023-07-18,2023,11.90149473,NA,NA,NA,NA,NA,NA,NA,NA,NA,NA,NA,Scarped,East.facing,NA,NA,NA,1.705,0.826848008,July,DISP,30,16,31,USGS,Summer,10.53554676,Bay
NA,CorteMadera,A,12,c,2023-06-20,2023-07-18,2023,NA,NA,NA,NA,NA,NA,NA,NA,NA,NA,NA,NA,Scarped,East.facing,NA,NA,NA,1.705,0.826848008,July,SAPA,20,31,50,USGS,Summer,NA,Bay
NA,CorteMadera,A,12,c,2023-06-20,2023-07-18,2023,NA,NA,NA,NA,NA,NA,NA,NA,NA,NA,NA,NA,Scarped,East.facing,NA,NA,NA,1.705,0.826848008,July,SPFO,95,14,25,USGS,Summer,NA,Bay
NA,CorteMadera,A,12,c,2023-06-20,2023-07-18,2023,NA,NA,NA,NA,NA,NA,NA,NA,NA,NA,NA,NA,Scarped,East.facing,NA,NA,NA,1.705,0.826848008,July,JACA,95,14,25,USGS,Summer,NA,Bay
NA,CorteMadera,A,12,c,2023-06-20,2023-07-18,2023,NA,NA,NA,NA,NA,NA,NA,NA,NA,NA,NA,NA,Scarped,East.facing,NA,NA,NA,1.705,0.826848008,July,DISP,30,16,31,USGS,Summer,NA,Bay
NA,CorteMadera,A,18,a,2023-06-20,2023-07-18,2023,8.908355795,NA,NA,NA,NA,NA,NA,NA,NA,NA,NA,NA,Scarped,East.facing,NA,NA,NA,NA,NA,July,SAPA,15,34,51,USGS,Summer,NA,NA
NA,CorteMadera,A,18,a,2023-06-20,2023-07-18,2023,8.908355795,NA,NA,NA,NA,NA,NA,NA,NA,NA,NA,NA,Scarped,East.facing,NA,NA,NA,NA,NA,July,SPFO,15,35,58,USGS,Summer,NA,NA
NA,CorteMadera,A,18,a,2023-06-20,2023-07-18,2023,8.908355795,NA,NA,NA,NA,NA,NA,NA,NA,NA,NA,NA,Scarped,East.facing,NA,NA,NA,NA,NA,July,JACA,100,21,30,USGS,Summer,NA,NA
NA,CorteMadera,A,18,b,2023-06-20,2023-07-18,2023,11.63011517,NA,NA,NA,NA,NA,NA,NA,NA,NA,NA,NA,Scarped,East.facing,NA,NA,NA,NA,NA,July,SAPA,15,34,51,USGS,Summer,NA,NA
NA,CorteMadera,A,18,b,2023-06-20,2023-07-18,2023,11.63011517,NA,NA,NA,NA,NA,NA,NA,NA,NA,NA,NA,Scarped,East.facing,NA,NA,NA,NA,NA,July,SPFO,15,35,58,USGS,Summer,NA,NA
NA,CorteMadera,A,18,b,2023-06-20,2023-07-18,2023,11.63011517,NA,NA,NA,NA,NA,NA,NA,NA,NA,NA,NA,Scarped,East.facing,NA,NA,NA,NA,NA,July,JACA,100,21,30,USGS,Summer,NA,NA
NA,CorteMadera,A,18,c,2023-06-20,2023-07-18,2023,8.557338888,NA,NA,NA,NA,NA,NA,NA,NA,NA,NA,NA,Scarped,East.facing,NA,NA,NA,NA,NA,July,SAPA,15,34,51,USGS,Summer,11.0829639,NA
NA,CorteMadera,A,18,c,2023-06-20,2023-07-18,2023,8.557338888,NA,NA,NA,NA,NA,NA,NA,NA,NA,NA,NA,Scarped,East.facing,NA,NA,NA,NA,NA,July,SPFO,15,35,58,USGS,Summer,11.0829639,NA
NA,CorteMadera,A,18,c,2023-06-20,2023-07-18,2023,8.557338888,NA,NA,NA,NA,NA,NA,NA,NA,NA,NA,NA,Scarped,East.facing,NA,NA,NA,NA,NA,July,JACA,100,21,30,USGS,Summer,11.0829639,NA
NA,CorteMadera,A,24,a,2023-06-20,2023-07-18,2023,15.09188924,NA,NA,NA,NA,NA,NA,NA,NA,NA,NA,NA,Scarped,East.facing,NA,NA,NA,1.664,0.777933667,July,SAPA,10,40,56,USGS,Summer,NA,Bay
NA,CorteMadera,A,24,a,2023-06-20,2023-07-18,2023,15.09188924,NA,NA,NA,NA,NA,NA,NA,NA,NA,NA,NA,Scarped,East.facing,NA,NA,NA,1.664,0.777933667,July,SPFO,15,38,56,USGS,Summer,NA,Bay
NA,CorteMadera,A,24,a,2023-06-20,2023-07-18,2023,15.09188924,NA,NA,NA,NA,NA,NA,NA,NA,NA,NA,NA,Scarped,East.facing,NA,NA,NA,1.664,0.777933667,July,JACA,100,20,26,USGS,Summer,NA,Bay
NA,CorteMadera,A,24,b,2023-06-20,2023-07-18,2023,14.48725802,NA,NA,NA,NA,NA,NA,NA,NA,NA,NA,NA,Scarped,East.facing,NA,NA,NA,1.664,0.777933667,July,SAPA,10,40,56,USGS,Summer,NA,Bay
NA,CorteMadera,A,24,b,2023-06-20,2023-07-18,2023,14.48725802,NA,NA,NA,NA,NA,NA,NA,NA,NA,NA,NA,Scarped,East.facing,NA,NA,NA,1.664,0.777933667,July,SPFO,15,38,56,USGS,Summer,NA,Bay
NA,CorteMadera,A,24,b,2023-06-20,2023-07-18,2023,14.48725802,NA,NA,NA,NA,NA,NA,NA,NA,NA,NA,NA,Scarped,East.facing,NA,NA,NA,1.664,0.777933667,July,JACA,100,20,26,USGS,Summer,NA,Bay
NA,CorteMadera,A,24,c,2023-06-20,2023-07-18,2023,14.56750796,NA,NA,NA,NA,NA,NA,NA,NA,NA,NA,NA,Scarped,East.facing,NA,NA,NA,1.664,0.777933667,July,SAPA,10,40,56,USGS,Summer,10.51354069,Bay
NA,CorteMadera,A,24,c,2023-06-20,2023-07-18,2023,14.56750796,NA,NA,NA,NA,NA,NA,NA,NA,NA,NA,NA,Scarped,East.facing,NA,NA,NA,1.664,0.777933667,July,SPFO,15,38,56,USGS,Summer,10.51354069,Bay
NA,CorteMadera,A,24,c,2023-06-20,2023-07-18,2023,14.56750796,NA,NA,NA,NA,NA,NA,NA,NA,NA,NA,NA,Scarped,East.facing,NA,NA,NA,1.664,0.777933667,July,JACA,100,20,26,USGS,Summer,10.51354069,Bay
NA,CorteMadera,A,48,a,2023-06-20,2023-07-18,2023,7.514702279,NA,NA,NA,NA,NA,NA,NA,NA,NA,NA,NA,Scarped,East.facing,NA,NA,NA,1.724,0.849515629,July,SPFO,5,34,38,USGS,Summer,10.17456934,Bay
NA,CorteMadera,A,48,a,2023-06-20,2023-07-18,2023,7.514702279,NA,NA,NA,NA,NA,NA,NA,NA,NA,NA,NA,Scarped,East.facing,NA,NA,NA,1.724,0.849515629,July,JACA,80,17,24,USGS,Summer,10.17456934,Bay
NA,CorteMadera,A,48,a,2023-06-20,2023-07-18,2023,7.514702279,NA,NA,NA,NA,NA,NA,NA,NA,NA,NA,NA,Scarped,East.facing,NA,NA,NA,1.724,0.849515629,July,DISP,90,25,44,USGS,Summer,10.17456934,Bay
NA,CorteMadera,A,48,b,2023-06-20,2023-07-18,2023,6.489218329,NA,NA,NA,NA,NA,NA,NA,NA,NA,NA,NA,Scarped,East.facing,NA,NA,NA,1.724,0.849515629,July,SPFO,5,34,38,USGS,Summer,NA,Bay
NA,CorteMadera,A,48,b,2023-06-20,2023-07-18,2023,6.489218329,NA,NA,NA,NA,NA,NA,NA,NA,NA,NA,NA,Scarped,East.facing,NA,NA,NA,1.724,0.849515629,July,JACA,80,17,24,USGS,Summer,NA,Bay
NA,CorteMadera,A,48,b,2023-06-20,2023-07-18,2023,6.489218329,NA,NA,NA,NA,NA,NA,NA,NA,NA,NA,NA,Scarped,East.facing,NA,NA,NA,1.724,0.849515629,July,DISP,90,25,44,USGS,Summer,NA,Bay
NA,CorteMadera,A,48,c,2023-06-20,2023-07-18,2023,14.53565303,NA,NA,NA,NA,NA,NA,NA,NA,NA,NA,NA,Scarped,East.facing,NA,NA,NA,1.724,0.849515629,July,SPFO,5,34,38,USGS,Summer,NA,Bay
NA,CorteMadera,A,48,c,2023-06-20,2023-07-18,2023,14.53565303,NA,NA,NA,NA,NA,NA,NA,NA,NA,NA,NA,Scarped,East.facing,NA,NA,NA,1.724,0.849515629,July,JACA,80,17,24,USGS,Summer,NA,Bay
NA,CorteMadera,A,48,c,2023-06-20,2023-07-18,2023,14.53565303,NA,NA,NA,NA,NA,NA,NA,NA,NA,NA,NA,Scarped,East.facing,NA,NA,NA,1.724,0.849515629,July,DISP,90,25,44,USGS,Summer,NA,Bay
NA,CorteMadera,B,2,a,2023-06-20,2023-07-18,2023,NA,NA,NA,NA,NA,NA,NA,NA,NA,NA,NA,NA,Scarped,East.facing,NA,NA,NA,1.605,0.707544739,July,SAPA,10,31,44,USGS,Summer,NA,Bay
NA,CorteMadera,B,2,a,2023-06-20,2023-07-18,2023,NA,NA,NA,NA,NA,NA,NA,NA,NA,NA,NA,NA,Scarped,East.facing,NA,NA,NA,1.605,0.707544739,July,SPFO,5,23,50,USGS,Summer,NA,Bay
NA,CorteMadera,B,2,a,2023-06-20,2023-07-18,2023,NA,NA,NA,NA,NA,NA,NA,NA,NA,NA,NA,NA,Scarped,East.facing,NA,NA,NA,1.605,0.707544739,July,JACA,80,15,25,USGS,Summer,NA,Bay
NA,CorteMadera,B,2,a,2023-06-20,2023-07-18,2023,NA,NA,NA,NA,NA,NA,NA,NA,NA,NA,NA,NA,Scarped,East.facing,NA,NA,NA,1.605,0.707544739,July,DISP,20,15,23,USGS,Summer,NA,Bay
NA,CorteMadera,B,2,b,2023-06-20,2023-07-18,2023,NA,NA,NA,NA,NA,NA,NA,NA,NA,NA,NA,NA,Scarped,East.facing,NA,NA,NA,1.605,0.707544739,July,SAPA,10,31,44,USGS,Summer,NA,Bay
NA,CorteMadera,B,2,b,2023-06-20,2023-07-18,2023,NA,NA,NA,NA,NA,NA,NA,NA,NA,NA,NA,NA,Scarped,East.facing,NA,NA,NA,1.605,0.707544739,July,SPFO,5,23,50,USGS,Summer,NA,Bay
NA,CorteMadera,B,2,b,2023-06-20,2023-07-18,2023,NA,NA,NA,NA,NA,NA,NA,NA,NA,NA,NA,NA,Scarped,East.facing,NA,NA,NA,1.605,0.707544739,July,JACA,80,15,25,USGS,Summer,NA,Bay
NA,CorteMadera,B,2,b,2023-06-20,2023-07-18,2023,NA,NA,NA,NA,NA,NA,NA,NA,NA,NA,NA,NA,Scarped,East.facing,NA,NA,NA,1.605,0.707544739,July,DISP,20,15,23,USGS,Summer,NA,Bay
NA,CorteMadera,B,2,c,2023-06-20,2023-07-18,2023,NA,NA,NA,NA,NA,NA,NA,NA,NA,NA,NA,NA,Scarped,East.facing,NA,NA,NA,1.605,0.707544739,July,SAPA,10,31,44,USGS,Summer,NA,Bay
NA,CorteMadera,B,2,c,2023-06-20,2023-07-18,2023,NA,NA,NA,NA,NA,NA,NA,NA,NA,NA,NA,NA,Scarped,East.facing,NA,NA,NA,1.605,0.707544739,July,SPFO,5,23,50,USGS,Summer,NA,Bay
NA,CorteMadera,B,2,c,2023-06-20,2023-07-18,2023,NA,NA,NA,NA,NA,NA,NA,NA,NA,NA,NA,NA,Scarped,East.facing,NA,NA,NA,1.605,0.707544739,July,JACA,80,15,25,USGS,Summer,NA,Bay
NA,CorteMadera,B,2,c,2023-06-20,2023-07-18,2023,NA,NA,NA,NA,NA,NA,NA,NA,NA,NA,NA,NA,Scarped,East.facing,NA,NA,NA,1.605,0.707544739,July,DISP,20,15,23,USGS,Summer,NA,Bay
NA,CorteMadera,B,6,a,2023-06-20,2023-07-18,2023,8.035407988,NA,NA,NA,NA,NA,NA,NA,NA,NA,NA,NA,Scarped,East.facing,NA,NA,NA,1.672,0.787477929,July,SAPA,10,18,38,USGS,Summer,NA,Bay
NA,CorteMadera,B,6,a,2023-06-20,2023-07-18,2023,8.035407988,NA,NA,NA,NA,NA,NA,NA,NA,NA,NA,NA,Scarped,East.facing,NA,NA,NA,1.672,0.787477929,July,SPFO,5,32,45,USGS,Summer,NA,Bay
NA,CorteMadera,B,6,a,2023-06-20,2023-07-18,2023,8.035407988,NA,NA,NA,NA,NA,NA,NA,NA,NA,NA,NA,Scarped,East.facing,NA,NA,NA,1.672,0.787477929,July,JACA,85,15,23,USGS,Summer,NA,Bay
NA,CorteMadera,B,6,a,2023-06-20,2023-07-18,2023,8.035407988,NA,NA,NA,NA,NA,NA,NA,NA,NA,NA,NA,Scarped,East.facing,NA,NA,NA,1.672,0.787477929,July,DISP,10,25,42,USGS,Summer,NA,Bay
NA,CorteMadera,B,6,b,2023-06-20,2023-07-18,2023,3.684758638,NA,NA,NA,NA,NA,NA,NA,NA,NA,NA,NA,Scarped,East.facing,NA,NA,NA,1.672,0.787477929,July,SAPA,10,18,38,USGS,Summer,7.685433423,Bay
NA,CorteMadera,B,6,b,2023-06-20,2023-07-18,2023,3.684758638,NA,NA,NA,NA,NA,NA,NA,NA,NA,NA,NA,Scarped,East.facing,NA,NA,NA,1.672,0.787477929,July,SPFO,5,32,45,USGS,Summer,7.685433423,Bay
NA,CorteMadera,B,6,b,2023-06-20,2023-07-18,2023,3.684758638,NA,NA,NA,NA,NA,NA,NA,NA,NA,NA,NA,Scarped,East.facing,NA,NA,NA,1.672,0.787477929,July,JACA,85,15,23,USGS,Summer,7.685433423,Bay
NA,CorteMadera,B,6,b,2023-06-20,2023-07-18,2023,3.684758638,NA,NA,NA,NA,NA,NA,NA,NA,NA,NA,NA,Scarped,East.facing,NA,NA,NA,1.672,0.787477929,July,DISP,10,25,42,USGS,Summer,7.685433423,Bay
NA,CorteMadera,B,6,c,2023-06-20,2023-07-18,2023,7.529404558,NA,NA,NA,NA,NA,NA,NA,NA,NA,NA,NA,Scarped,East.facing,NA,NA,NA,1.672,0.787477929,July,SAPA,10,18,38,USGS,Summer,NA,Bay
NA,CorteMadera,B,6,c,2023-06-20,2023-07-18,2023,7.529404558,NA,NA,NA,NA,NA,NA,NA,NA,NA,NA,NA,Scarped,East.facing,NA,NA,NA,1.672,0.787477929,July,SPFO,5,32,45,USGS,Summer,NA,Bay
NA,CorteMadera,B,6,c,2023-06-20,2023-07-18,2023,7.529404558,NA,NA,NA,NA,NA,NA,NA,NA,NA,NA,NA,Scarped,East.facing,NA,NA,NA,1.672,0.787477929,July,JACA,85,15,23,USGS,Summer,NA,Bay
NA,CorteMadera,B,6,c,2023-06-20,2023-07-18,2023,7.529404558,NA,NA,NA,NA,NA,NA,NA,NA,NA,NA,NA,Scarped,East.facing,NA,NA,NA,1.672,0.787477929,July,DISP,10,25,42,USGS,Summer,NA,Bay
NA,CorteMadera,B,12,a,2023-06-20,2023-07-18,2023,4.713305562,NA,NA,NA,NA,NA,NA,NA,NA,NA,NA,NA,Scarped,East.facing,NA,NA,NA,1.664,0.777933667,July,SAPA,35,30,50,USGS,Summer,NA,Bay
NA,CorteMadera,B,12,a,2023-06-20,2023-07-18,2023,4.713305562,NA,NA,NA,NA,NA,NA,NA,NA,NA,NA,NA,Scarped,East.facing,NA,NA,NA,1.664,0.777933667,July,SPFO,NA,35,63,USGS,Summer,NA,Bay
NA,CorteMadera,B,12,a,2023-06-20,2023-07-18,2023,4.713305562,NA,NA,NA,NA,NA,NA,NA,NA,NA,NA,NA,Scarped,East.facing,NA,NA,NA,1.664,0.777933667,July,JACA,80,9,15,USGS,Summer,NA,Bay
NA,CorteMadera,B,12,b,2023-06-20,2023-07-18,2023,5.916442049,NA,NA,NA,NA,NA,NA,NA,NA,NA,NA,NA,Scarped,East.facing,NA,NA,NA,1.664,0.777933667,July,SAPA,35,30,50,USGS,Summer,9.336710247,Bay
NA,CorteMadera,B,12,b,2023-06-20,2023-07-18,2023,5.916442049,NA,NA,NA,NA,NA,NA,NA,NA,NA,NA,NA,Scarped,East.facing,NA,NA,NA,1.664,0.777933667,July,SPFO,NA,35,63,USGS,Summer,9.336710247,Bay
NA,CorteMadera,B,12,b,2023-06-20,2023-07-18,2023,5.916442049,NA,NA,NA,NA,NA,NA,NA,NA,NA,NA,NA,Scarped,East.facing,NA,NA,NA,1.664,0.777933667,July,JACA,80,9,15,USGS,Summer,9.336710247,Bay
NA,CorteMadera,B,12,c,2023-06-20,2023-07-18,2023,5.852732173,NA,NA,NA,NA,NA,NA,NA,NA,NA,NA,NA,Scarped,East.facing,NA,NA,NA,1.664,0.777933667,July,SAPA,35,30,50,USGS,Summer,NA,Bay
NA,CorteMadera,B,12,c,2023-06-20,2023-07-18,2023,5.852732173,NA,NA,NA,NA,NA,NA,NA,NA,NA,NA,NA,Scarped,East.facing,NA,NA,NA,1.664,0.777933667,July,SPFO,NA,35,63,USGS,Summer,NA,Bay
NA,CorteMadera,B,12,c,2023-06-20,2023-07-18,2023,5.852732173,NA,NA,NA,NA,NA,NA,NA,NA,NA,NA,NA,Scarped,East.facing,NA,NA,NA,1.664,0.777933667,July,JACA,80,9,15,USGS,Summer,NA,Bay
NA,CorteMadera,B,18,a,2023-06-20,2023-07-18,2023,19.93077677,NA,NA,NA,NA,NA,NA,NA,NA,NA,NA,NA,Scarped,East.facing,NA,NA,NA,NA,NA,July,SAPA,30,25,45,USGS,Summer,12.58584293,NA
NA,CorteMadera,B,18,a,2023-06-20,2023-07-18,2023,19.93077677,NA,NA,NA,NA,NA,NA,NA,NA,NA,NA,NA,Scarped,East.facing,NA,NA,NA,NA,NA,July,SPFO,40,12,47,USGS,Summer,12.58584293,NA
NA,CorteMadera,B,18,b,2023-06-20,2023-07-18,2023,14.37760353,NA,NA,NA,NA,NA,NA,NA,NA,NA,NA,NA,Scarped,East.facing,NA,NA,NA,NA,NA,July,SAPA,30,25,45,USGS,Summer,NA,NA
NA,CorteMadera,B,18,b,2023-06-20,2023-07-18,2023,14.37760353,NA,NA,NA,NA,NA,NA,NA,NA,NA,NA,NA,Scarped,East.facing,NA,NA,NA,NA,NA,July,SPFO,40,12,47,USGS,Summer,NA,NA
NA,CorteMadera,B,18,c,2023-06-20,2023-07-18,2023,4.783753982,NA,NA,NA,NA,NA,NA,NA,NA,NA,NA,NA,Scarped,East.facing,NA,NA,NA,NA,NA,July,SAPA,30,25,45,USGS,Summer,NA,NA
NA,CorteMadera,B,18,c,2023-06-20,2023-07-18,2023,4.783753982,NA,NA,NA,NA,NA,NA,NA,NA,NA,NA,NA,Scarped,East.facing,NA,NA,NA,NA,NA,July,SPFO,40,12,47,USGS,Summer,NA,NA
NA,CorteMadera,B,24,a,2023-06-20,2023-07-18,2023,15.39083558,NA,NA,NA,NA,NA,NA,NA,NA,NA,NA,NA,Scarped,East.facing,NA,NA,NA,1.642,0.751686948,July,SAPA,15,24,37,USGS,Summer,11.67054908,Bay
NA,CorteMadera,B,24,a,2023-06-20,2023-07-18,2023,15.39083558,NA,NA,NA,NA,NA,NA,NA,NA,NA,NA,NA,Scarped,East.facing,NA,NA,NA,1.642,0.751686948,July,SPFO,65,38,71,USGS,Summer,11.67054908,Bay
NA,CorteMadera,B,24,b,2023-06-20,2023-07-18,2023,17.03565303,NA,NA,NA,NA,NA,NA,NA,NA,NA,NA,NA,Scarped,East.facing,NA,NA,NA,1.642,0.751686948,July,SAPA,15,24,37,USGS,Summer,NA,Bay
NA,CorteMadera,B,24,b,2023-06-20,2023-07-18,2023,17.03565303,NA,NA,NA,NA,NA,NA,NA,NA,NA,NA,NA,Scarped,East.facing,NA,NA,NA,1.642,0.751686948,July,SPFO,65,38,71,USGS,Summer,NA,Bay
NA,CorteMadera,B,24,c,2023-06-20,2023-07-18,2023,14.98958589,NA,NA,NA,NA,NA,NA,NA,NA,NA,NA,NA,Scarped,East.facing,NA,NA,NA,1.642,0.751686948,July,SAPA,15,24,37,USGS,Summer,NA,Bay
NA,CorteMadera,B,24,c,2023-06-20,2023-07-18,2023,14.98958589,NA,NA,NA,NA,NA,NA,NA,NA,NA,NA,NA,Scarped,East.facing,NA,NA,NA,1.642,0.751686948,July,SPFO,65,38,71,USGS,Summer,NA,Bay
NA,CorteMadera,B,30,a,2023-06-20,2023-07-18,2023,6.580494977,NA,NA,NA,NA,NA,NA,NA,NA,NA,NA,NA,Scarped,East.facing,NA,NA,NA,NA,NA,July,SAPA,60,25,51,USGS,Summer,NA,NA
NA,CorteMadera,B,30,a,2023-06-20,2023-07-18,2023,6.580494977,NA,NA,NA,NA,NA,NA,NA,NA,NA,NA,NA,Scarped,East.facing,NA,NA,NA,NA,NA,July,SPFO,15,46,61,USGS,Summer,NA,NA
NA,CorteMadera,B,30,a,2023-06-20,2023-07-18,2023,6.580494977,NA,NA,NA,NA,NA,NA,NA,NA,NA,NA,NA,Scarped,East.facing,NA,NA,NA,NA,NA,July,DISP,40,24,38,USGS,Summer,NA,NA
NA,CorteMadera,B,30,b,2023-06-20,2023-07-18,2023,7.202278853,NA,NA,NA,NA,NA,NA,NA,NA,NA,NA,NA,Scarped,East.facing,NA,NA,NA,NA,NA,July,SAPA,60,25,51,USGS,Summer,10.23311417,NA
NA,CorteMadera,B,30,b,2023-06-20,2023-07-18,2023,7.202278853,NA,NA,NA,NA,NA,NA,NA,NA,NA,NA,NA,Scarped,East.facing,NA,NA,NA,NA,NA,July,SPFO,15,46,61,USGS,Summer,10.23311417,NA
NA,CorteMadera,B,30,b,2023-06-20,2023-07-18,2023,7.202278853,NA,NA,NA,NA,NA,NA,NA,NA,NA,NA,NA,Scarped,East.facing,NA,NA,NA,NA,NA,July,DISP,40,24,38,USGS,Summer,10.23311417,NA
NA,CorteMadera,B,30,c,2023-06-20,2023-07-18,2023,6.063464837,NA,NA,NA,NA,NA,NA,NA,NA,NA,NA,NA,Scarped,East.facing,NA,NA,NA,NA,NA,July,SAPA,60,25,51,USGS,Summer,NA,NA
NA,CorteMadera,B,30,c,2023-06-20,2023-07-18,2023,6.063464837,NA,NA,NA,NA,NA,NA,NA,NA,NA,NA,NA,Scarped,East.facing,NA,NA,NA,NA,NA,July,SPFO,15,46,61,USGS,Summer,NA,NA
NA,CorteMadera,B,30,c,2023-06-20,2023-07-18,2023,6.063464837,NA,NA,NA,NA,NA,NA,NA,NA,NA,NA,NA,Scarped,East.facing,NA,NA,NA,NA,NA,July,DISP,40,24,38,USGS,Summer,NA,NA
NA,CorteMadera,B,48,a,2023-06-20,2023-07-18,2023,6.304827248,NA,NA,NA,NA,NA,NA,NA,NA,NA,NA,NA,Scarped,East.facing,NA,NA,NA,1.692,0.811338583,July,SAPA,80,23,31,USGS,Summer,11.87912016,Bay
NA,CorteMadera,B,48,a,2023-06-20,2023-07-18,2023,6.304827248,NA,NA,NA,NA,NA,NA,NA,NA,NA,NA,NA,Scarped,East.facing,NA,NA,NA,1.692,0.811338583,July,SPFO,10,30,42,USGS,Summer,11.87912016,Bay
NA,CorteMadera,B,48,b,2023-06-20,2023-07-18,2023,6.960916442,NA,NA,NA,NA,NA,NA,NA,NA,NA,NA,NA,Scarped,East.facing,NA,NA,NA,1.692,0.811338583,July,SAPA,80,23,31,USGS,Summer,NA,Bay
NA,CorteMadera,B,48,b,2023-06-20,2023-07-18,2023,6.960916442,NA,NA,NA,NA,NA,NA,NA,NA,NA,NA,NA,Scarped,East.facing,NA,NA,NA,1.692,0.811338583,July,SPFO,10,30,42,USGS,Summer,NA,Bay
NA,CorteMadera,B,48,c,2023-06-20,2023-07-18,2023,6.962754227,NA,NA,NA,NA,NA,NA,NA,NA,NA,NA,NA,Scarped,East.facing,NA,NA,NA,1.692,0.811338583,July,SAPA,80,23,31,USGS,Summer,NA,Bay
NA,CorteMadera,B,48,c,2023-06-20,2023-07-18,2023,6.962754227,NA,NA,NA,NA,NA,NA,NA,NA,NA,NA,NA,Scarped,East.facing,NA,NA,NA,1.692,0.811338583,July,SPFO,10,30,42,USGS,Summer,NA,Bay
NA,CorteMadera,C,0.5,a,2023-06-20,2023-07-18,2023,8.067875521,NA,NA,NA,NA,NA,NA,NA,NA,NA,NA,NA,Scarped,East.facing,NA,NA,NA,1.792,0.930641852,July,SAPA,10,14,32,USGS,Summer,NA,Channel
NA,CorteMadera,C,0.5,a,2023-06-20,2023-07-18,2023,8.067875521,NA,NA,NA,NA,NA,NA,NA,NA,NA,NA,NA,Scarped,East.facing,NA,NA,NA,1.792,0.930641852,July,JACA,40,14,25,USGS,Summer,NA,Channel
NA,CorteMadera,C,0.5,a,2023-06-20,2023-07-18,2023,8.067875521,NA,NA,NA,NA,NA,NA,NA,NA,NA,NA,NA,Scarped,East.facing,NA,NA,NA,1.792,0.930641852,July,GRST,10,41,52,USGS,Summer,NA,Channel
NA,CorteMadera,C,0.5,a,2023-06-20,2023-07-18,2023,8.067875521,NA,NA,NA,NA,NA,NA,NA,NA,NA,NA,NA,Scarped,East.facing,NA,NA,NA,1.792,0.930641852,July,LICA,10,45,54,USGS,Summer,NA,Channel
NA,CorteMadera,C,0.5,b,2023-06-20,2023-07-18,2023,2.17961284,NA,NA,NA,NA,NA,NA,NA,NA,NA,NA,NA,Scarped,East.facing,NA,NA,NA,1.792,0.930641852,July,SAPA,10,14,32,USGS,Summer,NA,Channel
NA,CorteMadera,C,0.5,b,2023-06-20,2023-07-18,2023,2.17961284,NA,NA,NA,NA,NA,NA,NA,NA,NA,NA,NA,Scarped,East.facing,NA,NA,NA,1.792,0.930641852,July,JACA,40,14,25,USGS,Summer,NA,Channel
NA,CorteMadera,C,0.5,b,2023-06-20,2023-07-18,2023,2.17961284,NA,NA,NA,NA,NA,NA,NA,NA,NA,NA,NA,Scarped,East.facing,NA,NA,NA,1.792,0.930641852,July,GRST,10,41,52,USGS,Summer,NA,Channel
NA,CorteMadera,C,0.5,b,2023-06-20,2023-07-18,2023,2.17961284,NA,NA,NA,NA,NA,NA,NA,NA,NA,NA,NA,Scarped,East.facing,NA,NA,NA,1.792,0.930641852,July,LICA,10,45,54,USGS,Summer,NA,Channel
NA,CorteMadera,C,0.5,c,2023-06-20,2023-07-18,2023,3.682920853,NA,NA,NA,NA,NA,NA,NA,NA,NA,NA,NA,Scarped,East.facing,NA,NA,NA,1.792,0.930641852,July,SAPA,10,14,32,USGS,Summer,6.499165585,Channel
NA,CorteMadera,C,0.5,c,2023-06-20,2023-07-18,2023,3.682920853,NA,NA,NA,NA,NA,NA,NA,NA,NA,NA,NA,Scarped,East.facing,NA,NA,NA,1.792,0.930641852,July,JACA,40,14,25,USGS,Summer,6.499165585,Channel
NA,CorteMadera,C,0.5,c,2023-06-20,2023-07-18,2023,3.682920853,NA,NA,NA,NA,NA,NA,NA,NA,NA,NA,NA,Scarped,East.facing,NA,NA,NA,1.792,0.930641852,July,GRST,10,41,52,USGS,Summer,6.499165585,Channel
NA,CorteMadera,C,0.5,c,2023-06-20,2023-07-18,2023,3.682920853,NA,NA,NA,NA,NA,NA,NA,NA,NA,NA,NA,Scarped,East.facing,NA,NA,NA,1.792,0.930641852,July,LICA,10,45,54,USGS,Summer,6.499165585,Channel
NA,CorteMadera,C,2,a,2023-06-20,2023-07-18,2023,4.368414604,NA,NA,NA,NA,NA,NA,NA,NA,NA,NA,NA,Scarped,East.facing,NA,NA,NA,1.766,0.899623002,July,SAPA,40,22,41,USGS,Summer,NA,Channel
NA,CorteMadera,C,2,a,2023-06-20,2023-07-18,2023,4.368414604,NA,NA,NA,NA,NA,NA,NA,NA,NA,NA,NA,Scarped,East.facing,NA,NA,NA,1.766,0.899623002,July,DISP,85,25,34,USGS,Summer,NA,Channel
NA,CorteMadera,C,2,b,2023-06-20,2023-07-18,2023,11.18414604,NA,NA,NA,NA,NA,NA,NA,NA,NA,NA,NA,Scarped,East.facing,NA,NA,NA,1.766,0.899623002,July,SAPA,40,22,41,USGS,Summer,6.959453618,Channel
NA,CorteMadera,C,2,b,2023-06-20,2023-07-18,2023,11.18414604,NA,NA,NA,NA,NA,NA,NA,NA,NA,NA,NA,Scarped,East.facing,NA,NA,NA,1.766,0.899623002,July,DISP,85,25,34,USGS,Summer,6.959453618,Channel
NA,CorteMadera,C,2,c,2023-06-20,2023-07-18,2023,8.595319775,NA,NA,NA,NA,NA,NA,NA,NA,NA,NA,NA,Scarped,East.facing,NA,NA,NA,1.766,0.899623002,July,SAPA,40,22,41,USGS,Summer,NA,Channel
NA,CorteMadera,C,2,c,2023-06-20,2023-07-18,2023,8.595319775,NA,NA,NA,NA,NA,NA,NA,NA,NA,NA,NA,Scarped,East.facing,NA,NA,NA,1.766,0.899623002,July,DISP,85,25,34,USGS,Summer,NA,Channel
NA,CorteMadera,C,6,a,2023-06-20,2023-07-18,2023,39.18524871,NA,NA,NA,NA,NA,NA,NA,NA,NA,NA,NA,Scarped,East.facing,NA,NA,NA,1.796,0.935413982,July,SAPA,95,34,50,USGS,Summer,NA,Channel
NA,CorteMadera,C,6,b,2023-06-20,2023-07-18,2023,25.00980152,NA,NA,NA,NA,NA,NA,NA,NA,NA,NA,NA,Scarped,East.facing,NA,NA,NA,1.796,0.935413982,July,SAPA,95,34,50,USGS,Summer,NA,Channel
NA,CorteMadera,C,6,c,2023-06-20,2023-07-18,2023,32.54410684,NA,NA,NA,NA,NA,NA,NA,NA,NA,NA,NA,Scarped,East.facing,NA,NA,NA,1.796,0.935413982,July,SAPA,95,34,50,USGS,Summer,8.236870964,Channel
NA,CorteMadera,C,12,a,2023-06-20,2023-07-18,2023,30.11761823,NA,NA,NA,NA,NA,NA,NA,NA,NA,NA,NA,Scarped,East.facing,NA,NA,NA,1.737,0.865025054,July,SAPA,60,37,48,USGS,Summer,NA,Channel
NA,CorteMadera,C,12,a,2023-06-20,2023-07-18,2023,30.11761823,NA,NA,NA,NA,NA,NA,NA,NA,NA,NA,NA,Scarped,East.facing,NA,NA,NA,1.737,0.865025054,July,SPFO,5,63,78,USGS,Summer,NA,Channel
NA,CorteMadera,C,12,b,2023-06-20,2023-07-18,2023,31.2858368,NA,NA,NA,NA,NA,NA,NA,NA,NA,NA,NA,Scarped,East.facing,NA,NA,NA,1.737,0.865025054,July,SAPA,60,37,48,USGS,Summer,NA,Channel
NA,CorteMadera,C,12,b,2023-06-20,2023-07-18,2023,31.2858368,NA,NA,NA,NA,NA,NA,NA,NA,NA,NA,NA,Scarped,East.facing,NA,NA,NA,1.737,0.865025054,July,SPFO,5,63,78,USGS,Summer,NA,Channel
NA,CorteMadera,C,12,c,2023-06-20,2023-07-18,2023,31.11247243,NA,NA,NA,NA,NA,NA,NA,NA,NA,NA,NA,Scarped,East.facing,NA,NA,NA,1.737,0.865025054,July,SAPA,60,37,48,USGS,Summer,NA,Channel
NA,CorteMadera,C,12,c,2023-06-20,2023-07-18,2023,31.11247243,NA,NA,NA,NA,NA,NA,NA,NA,NA,NA,NA,Scarped,East.facing,NA,NA,NA,1.737,0.865025054,July,SPFO,5,63,78,USGS,Summer,NA,Channel
NA,CorteMadera,C,24,a,2023-06-20,2023-07-18,2023,10.72469983,NA,NA,NA,NA,NA,NA,NA,NA,NA,NA,NA,Scarped,East.facing,NA,NA,NA,1.713,0.836392269,July,SAPA,20,30,37,USGS,Summer,NA,Channel
NA,CorteMadera,C,24,a,2023-06-20,2023-07-18,2023,10.72469983,NA,NA,NA,NA,NA,NA,NA,NA,NA,NA,NA,Scarped,East.facing,NA,NA,NA,1.713,0.836392269,July,SPFO,20,57,67,USGS,Summer,NA,Channel
NA,CorteMadera,C,24,b,2023-06-20,2023-07-18,2023,4.856040186,NA,NA,NA,NA,NA,NA,NA,NA,NA,NA,NA,Scarped,East.facing,NA,NA,NA,1.713,0.836392269,July,SAPA,20,30,37,USGS,Summer,NA,Channel
NA,CorteMadera,C,24,b,2023-06-20,2023-07-18,2023,4.856040186,NA,NA,NA,NA,NA,NA,NA,NA,NA,NA,NA,Scarped,East.facing,NA,NA,NA,1.713,0.836392269,July,SPFO,20,57,67,USGS,Summer,NA,Channel
NA,CorteMadera,C,24,c,2023-06-20,2023-07-18,2023,5.556236217,NA,NA,NA,NA,NA,NA,NA,NA,NA,NA,NA,Scarped,East.facing,NA,NA,NA,1.713,0.836392269,July,SAPA,20,30,37,USGS,Summer,NA,Channel
NA,CorteMadera,C,24,c,2023-06-20,2023-07-18,2023,5.556236217,NA,NA,NA,NA,NA,NA,NA,NA,NA,NA,NA,Scarped,East.facing,NA,NA,NA,1.713,0.836392269,July,SPFO,20,57,67,USGS,Summer,NA,Channel
NA,CorteMadera,C,48,a,2023-06-20,2023-07-18,2023,10.98137711,NA,NA,NA,NA,NA,NA,NA,NA,NA,NA,NA,Scarped,East.facing,NA,NA,NA,1.73,0.856673825,July,SAPA,25,39,45,USGS,Summer,NA,Channel
NA,CorteMadera,C,48,a,2023-06-20,2023-07-18,2023,10.98137711,NA,NA,NA,NA,NA,NA,NA,NA,NA,NA,NA,Scarped,East.facing,NA,NA,NA,1.73,0.856673825,July,SPFO,25,44,51,USGS,Summer,NA,Channel
NA,CorteMadera,C,48,b,2023-06-20,2023-07-18,2023,11.17985788,NA,NA,NA,NA,NA,NA,NA,NA,NA,NA,NA,Scarped,East.facing,NA,NA,NA,1.73,0.856673825,July,SAPA,25,39,45,USGS,Summer,NA,Channel
NA,CorteMadera,C,48,b,2023-06-20,2023-07-18,2023,11.17985788,NA,NA,NA,NA,NA,NA,NA,NA,NA,NA,NA,Scarped,East.facing,NA,NA,NA,1.73,0.856673825,July,SPFO,25,44,51,USGS,Summer,NA,Channel
NA,CorteMadera,C,48,c,2023-06-20,2023-07-18,2023,9.247733399,NA,NA,NA,NA,NA,NA,NA,NA,NA,NA,NA,Scarped,East.facing,NA,NA,NA,1.73,0.856673825,July,SAPA,25,39,45,USGS,Summer,NA,Channel
NA,CorteMadera,C,48,c,2023-06-20,2023-07-18,2023,9.247733399,NA,NA,NA,NA,NA,NA,NA,NA,NA,NA,NA,Scarped,East.facing,NA,NA,NA,1.73,0.856673825,July,SPFO,25,44,51,USGS,Summer,NA,Channel
NA,CorteMadera,D,0.5,a,2023-06-20,2023-07-18,2023,36.77101201,NA,NA,NA,NA,NA,NA,NA,NA,NA,NA,NA,Scarped,East.facing,NA,NA,NA,1.842,0.990293486,July,SAPA,15,35,46,USGS,Summer,NA,Channel
NA,CorteMadera,D,0.5,a,2023-06-20,2023-07-18,2023,36.77101201,NA,NA,NA,NA,NA,NA,NA,NA,NA,NA,NA,Scarped,East.facing,NA,NA,NA,1.842,0.990293486,July,SPFO,1,43,43,USGS,Summer,NA,Channel
NA,CorteMadera,D,0.5,a,2023-06-20,2023-07-18,2023,36.77101201,NA,NA,NA,NA,NA,NA,NA,NA,NA,NA,NA,Scarped,East.facing,NA,NA,NA,1.842,0.990293486,July,DISP,60,31,37,USGS,Summer,NA,Channel
NA,CorteMadera,D,0.5,a,2023-06-20,2023-07-18,2023,36.77101201,NA,NA,NA,NA,NA,NA,NA,NA,NA,NA,NA,Scarped,East.facing,NA,NA,NA,1.842,0.990293486,July,GRST,5,48,57,USGS,Summer,NA,Channel
NA,CorteMadera,D,0.5,b,2023-06-20,2023-07-18,2023,23.835457,NA,NA,NA,NA,NA,NA,NA,NA,NA,NA,NA,Scarped,East.facing,NA,NA,NA,1.842,0.990293486,July,SAPA,15,35,46,USGS,Summer,NA,Channel
NA,CorteMadera,D,0.5,b,2023-06-20,2023-07-18,2023,23.835457,NA,NA,NA,NA,NA,NA,NA,NA,NA,NA,NA,Scarped,East.facing,NA,NA,NA,1.842,0.990293486,July,SPFO,1,43,43,USGS,Summer,NA,Channel
NA,CorteMadera,D,0.5,b,2023-06-20,2023-07-18,2023,23.835457,NA,NA,NA,NA,NA,NA,NA,NA,NA,NA,NA,Scarped,East.facing,NA,NA,NA,1.842,0.990293486,July,DISP,60,31,37,USGS,Summer,NA,Channel
NA,CorteMadera,D,0.5,b,2023-06-20,2023-07-18,2023,23.835457,NA,NA,NA,NA,NA,NA,NA,NA,NA,NA,NA,Scarped,East.facing,NA,NA,NA,1.842,0.990293486,July,GRST,5,48,57,USGS,Summer,NA,Channel
NA,CorteMadera,D,0.5,c,2023-06-20,2023-07-18,2023,13.7258025,NA,NA,NA,NA,NA,NA,NA,NA,NA,NA,NA,Scarped,East.facing,NA,NA,NA,1.842,0.990293486,July,SAPA,15,35,46,USGS,Summer,NA,Channel
NA,CorteMadera,D,0.5,c,2023-06-20,2023-07-18,2023,13.7258025,NA,NA,NA,NA,NA,NA,NA,NA,NA,NA,NA,Scarped,East.facing,NA,NA,NA,1.842,0.990293486,July,SPFO,1,43,43,USGS,Summer,NA,Channel
NA,CorteMadera,D,0.5,c,2023-06-20,2023-07-18,2023,13.7258025,NA,NA,NA,NA,NA,NA,NA,NA,NA,NA,NA,Scarped,East.facing,NA,NA,NA,1.842,0.990293486,July,DISP,60,31,37,USGS,Summer,NA,Channel
NA,CorteMadera,D,0.5,c,2023-06-20,2023-07-18,2023,13.7258025,NA,NA,NA,NA,NA,NA,NA,NA,NA,NA,NA,Scarped,East.facing,NA,NA,NA,1.842,0.990293486,July,GRST,5,48,57,USGS,Summer,NA,Channel
NA,CorteMadera,D,2,a,2023-06-20,2023-07-18,2023,10.74369027,NA,NA,NA,NA,NA,NA,NA,NA,NA,NA,NA,Scarped,East.facing,NA,NA,NA,1.829,0.974784061,July,SAPA,5,30,43,USGS,Summer,NA,Channel
NA,CorteMadera,D,2,a,2023-06-20,2023-07-18,2023,10.74369027,NA,NA,NA,NA,NA,NA,NA,NA,NA,NA,NA,Scarped,East.facing,NA,NA,NA,1.829,0.974784061,July,DISP,50,25,56,USGS,Summer,NA,Channel
NA,CorteMadera,D,2,a,2023-06-20,2023-07-18,2023,10.74369027,NA,NA,NA,NA,NA,NA,NA,NA,NA,NA,NA,Scarped,East.facing,NA,NA,NA,1.829,0.974784061,July,GRST,35,58,74,USGS,Summer,NA,Channel
NA,CorteMadera,D,2,b,2023-06-20,2023-07-18,2023,4.927101201,NA,NA,NA,NA,NA,NA,NA,NA,NA,NA,NA,Scarped,East.facing,NA,NA,NA,1.829,0.974784061,July,SAPA,5,30,43,USGS,Summer,NA,Channel
NA,CorteMadera,D,2,b,2023-06-20,2023-07-18,2023,4.927101201,NA,NA,NA,NA,NA,NA,NA,NA,NA,NA,NA,Scarped,East.facing,NA,NA,NA,1.829,0.974784061,July,DISP,50,25,56,USGS,Summer,NA,Channel
NA,CorteMadera,D,2,b,2023-06-20,2023-07-18,2023,4.927101201,NA,NA,NA,NA,NA,NA,NA,NA,NA,NA,NA,Scarped,East.facing,NA,NA,NA,1.829,0.974784061,July,GRST,35,58,74,USGS,Summer,NA,Channel
NA,CorteMadera,D,2,c,2023-06-20,2023-07-18,2023,5.696520461,NA,NA,NA,NA,NA,NA,NA,NA,NA,NA,NA,Scarped,East.facing,NA,NA,NA,1.829,0.974784061,July,SAPA,5,30,43,USGS,Summer,NA,Channel
NA,CorteMadera,D,2,c,2023-06-20,2023-07-18,2023,5.696520461,NA,NA,NA,NA,NA,NA,NA,NA,NA,NA,NA,Scarped,East.facing,NA,NA,NA,1.829,0.974784061,July,DISP,50,25,56,USGS,Summer,NA,Channel
NA,CorteMadera,D,2,c,2023-06-20,2023-07-18,2023,5.696520461,NA,NA,NA,NA,NA,NA,NA,NA,NA,NA,NA,Scarped,East.facing,NA,NA,NA,1.829,0.974784061,July,GRST,35,58,74,USGS,Summer,NA,Channel
NA,CorteMadera,D,6,a,2023-06-20,2023-07-18,2023,17.05280568,NA,NA,NA,NA,NA,NA,NA,NA,NA,NA,NA,Scarped,East.facing,NA,NA,NA,1.858,1.009382009,July,SAPA,25,35,46,USGS,Summer,NA,Channel
NA,CorteMadera,D,6,a,2023-06-20,2023-07-18,2023,17.05280568,NA,NA,NA,NA,NA,NA,NA,NA,NA,NA,NA,Scarped,East.facing,NA,NA,NA,1.858,1.009382009,July,DISP,25,23,26,USGS,Summer,NA,Channel
NA,CorteMadera,D,6,b,2023-06-20,2023-07-18,2023,12.2335212,NA,NA,NA,NA,NA,NA,NA,NA,NA,NA,NA,Scarped,East.facing,NA,NA,NA,1.858,1.009382009,July,SAPA,25,35,46,USGS,Summer,NA,Channel
NA,CorteMadera,D,6,b,2023-06-20,2023-07-18,2023,12.2335212,NA,NA,NA,NA,NA,NA,NA,NA,NA,NA,NA,Scarped,East.facing,NA,NA,NA,1.858,1.009382009,July,DISP,25,23,26,USGS,Summer,NA,Channel
NA,CorteMadera,D,6,c,2023-06-20,2023-07-18,2023,7.445479049,NA,NA,NA,NA,NA,NA,NA,NA,NA,NA,NA,Scarped,East.facing,NA,NA,NA,1.858,1.009382009,July,SAPA,25,35,46,USGS,Summer,NA,Channel
NA,CorteMadera,D,6,c,2023-06-20,2023-07-18,2023,7.445479049,NA,NA,NA,NA,NA,NA,NA,NA,NA,NA,NA,Scarped,East.facing,NA,NA,NA,1.858,1.009382009,July,DISP,25,23,26,USGS,Summer,NA,Channel
NA,CorteMadera,D,12,a,2023-06-20,2023-07-18,2023,8.994119088,NA,NA,NA,NA,NA,NA,NA,NA,NA,NA,NA,Scarped,East.facing,NA,NA,NA,1.791,0.929448819,July,SAPA,35,35,52,USGS,Summer,NA,Channel
NA,CorteMadera,D,12,a,2023-06-20,2023-07-18,2023,8.994119088,NA,NA,NA,NA,NA,NA,NA,NA,NA,NA,NA,Scarped,East.facing,NA,NA,NA,1.791,0.929448819,July,DISP,30,23,31,USGS,Summer,NA,Channel
NA,CorteMadera,D,12,b,2023-06-20,2023-07-18,2023,9.992648861,NA,NA,NA,NA,NA,NA,NA,NA,NA,NA,NA,Scarped,East.facing,NA,NA,NA,1.791,0.929448819,July,SAPA,35,35,52,USGS,Summer,NA,Channel
NA,CorteMadera,D,12,b,2023-06-20,2023-07-18,2023,9.992648861,NA,NA,NA,NA,NA,NA,NA,NA,NA,NA,NA,Scarped,East.facing,NA,NA,NA,1.791,0.929448819,July,DISP,30,23,31,USGS,Summer,NA,Channel
NA,CorteMadera,D,12,c,2023-06-20,2023-07-18,2023,9.963856898,NA,NA,NA,NA,NA,NA,NA,NA,NA,NA,NA,Scarped,East.facing,NA,NA,NA,1.791,0.929448819,July,SAPA,35,35,52,USGS,Summer,NA,Channel
NA,CorteMadera,D,12,c,2023-06-20,2023-07-18,2023,9.963856898,NA,NA,NA,NA,NA,NA,NA,NA,NA,NA,NA,Scarped,East.facing,NA,NA,NA,1.791,0.929448819,July,DISP,30,23,31,USGS,Summer,NA,Channel
NA,CorteMadera,D,24,a,2023-06-20,2023-07-18,2023,7.95025729,NA,NA,NA,NA,NA,NA,NA,NA,NA,NA,NA,Scarped,East.facing,NA,NA,NA,1.765,0.898429969,July,SAPA,45,25,37,USGS,Summer,NA,Channel
NA,CorteMadera,D,24,a,2023-06-20,2023-07-18,2023,7.95025729,NA,NA,NA,NA,NA,NA,NA,NA,NA,NA,NA,Scarped,East.facing,NA,NA,NA,1.765,0.898429969,July,SPFO,15,46,59,USGS,Summer,NA,Channel
NA,CorteMadera,D,24,b,2023-06-20,2023-07-18,2023,8.999019848,NA,NA,NA,NA,NA,NA,NA,NA,NA,NA,NA,Scarped,East.facing,NA,NA,NA,1.765,0.898429969,July,SAPA,45,25,37,USGS,Summer,NA,Channel
NA,CorteMadera,D,24,b,2023-06-20,2023-07-18,2023,8.999019848,NA,NA,NA,NA,NA,NA,NA,NA,NA,NA,NA,Scarped,East.facing,NA,NA,NA,1.765,0.898429969,July,SPFO,15,46,59,USGS,Summer,NA,Channel
NA,CorteMadera,D,24,c,2023-06-20,2023-07-18,2023,9.223842196,NA,NA,NA,NA,NA,NA,NA,NA,NA,NA,NA,Scarped,East.facing,NA,NA,NA,1.765,0.898429969,July,SAPA,45,25,37,USGS,Summer,NA,Channel
NA,CorteMadera,D,24,c,2023-06-20,2023-07-18,2023,9.223842196,NA,NA,NA,NA,NA,NA,NA,NA,NA,NA,NA,Scarped,East.facing,NA,NA,NA,1.765,0.898429969,July,SPFO,15,46,59,USGS,Summer,NA,Channel
NA,CorteMadera,D,48,a,2023-06-20,2023-07-18,2023,6.319529527,NA,NA,NA,NA,NA,NA,NA,NA,NA,NA,NA,Scarped,East.facing,NA,NA,NA,1.728,0.854287759,July,SAPA,25,33,45,USGS,Summer,NA,Channel
NA,CorteMadera,D,48,a,2023-06-20,2023-07-18,2023,6.319529527,NA,NA,NA,NA,NA,NA,NA,NA,NA,NA,NA,Scarped,East.facing,NA,NA,NA,1.728,0.854287759,July,SPFO,15,48,62,USGS,Summer,NA,Channel
NA,CorteMadera,D,48,b,2023-06-20,2023-07-18,2023,5.574614065,NA,NA,NA,NA,NA,NA,NA,NA,NA,NA,NA,Scarped,East.facing,NA,NA,NA,1.728,0.854287759,July,SAPA,25,33,45,USGS,Summer,NA,Channel
NA,CorteMadera,D,48,b,2023-06-20,2023-07-18,2023,5.574614065,NA,NA,NA,NA,NA,NA,NA,NA,NA,NA,NA,Scarped,East.facing,NA,NA,NA,1.728,0.854287759,July,SPFO,15,48,62,USGS,Summer,NA,Channel
NA,CorteMadera,D,48,c,2023-06-20,2023-07-18,2023,1.314016173,NA,NA,NA,NA,NA,NA,NA,NA,NA,NA,NA,Scarped,East.facing,NA,NA,NA,1.728,0.854287759,July,SAPA,25,33,45,USGS,Summer,NA,Channel
NA,CorteMadera,D,48,c,2023-06-20,2023-07-18,2023,1.314016173,NA,NA,NA,NA,NA,NA,NA,NA,NA,NA,NA,Scarped,East.facing,NA,NA,NA,1.728,0.854287759,July,SPFO,15,48,62,USGS,Summer,NA,Channel
NA,SanPablo,A,6,c,2023-06-21,2023-07-19,2023,113.6773584,NA,NA,NA,NA,NA,NA,NA,NA,NA,NA,NA,Ramped,South.facing,NA,NA,NA,0.889,-0.167542323,July,SPFO,1,46,91,USGS,Summer,NA,Bay
NA,SanPablo,A,6,a,2023-06-21,2023-07-19,2023,NA,NA,NA,NA,NA,NA,NA,NA,NA,NA,NA,NA,Ramped,South.facing,NA,NA,NA,0.889,-0.167542323,July,SPFO,1,46,91,USGS,Summer,NA,Bay
NA,SanPablo,A,6,b,2023-06-21,2023-07-19,2023,2.777772618,NA,NA,NA,NA,NA,NA,NA,NA,NA,NA,NA,Ramped,South.facing,NA,NA,NA,0.889,-0.167542323,July,SPFO,1,46,91,USGS,Summer,NA,Bay
NA,SanPablo,A,9,c,2023-06-21,2023-07-19,2023,9.96261778,NA,NA,NA,NA,NA,NA,NA,NA,NA,NA,NA,Ramped,South.facing,NA,NA,NA,NA,NA,July,SPFO,10,72,91,USGS,Summer,NA,NA
NA,SanPablo,A,9,a,2023-06-21,2023-07-19,2023,2.054387952,NA,NA,NA,NA,NA,NA,NA,NA,NA,NA,NA,Ramped,South.facing,NA,NA,NA,NA,NA,July,SPFO,10,72,91,USGS,Summer,NA,NA
NA,SanPablo,A,9,b,2023-06-21,2023-07-19,2023,1.533134479,NA,NA,NA,NA,NA,NA,NA,NA,NA,NA,NA,Ramped,South.facing,NA,NA,NA,NA,NA,July,SPFO,10,72,91,USGS,Summer,NA,NA
NA,SanPablo,A,12,c,2023-06-21,2023-07-19,2023,0.933478604,NA,NA,NA,NA,NA,NA,NA,NA,NA,NA,NA,Ramped,South.facing,NA,NA,NA,1.069,0.039305726,July,SPFO,10,89,107,USGS,Summer,NA,Bay
NA,SanPablo,A,12,a,2023-06-21,2023-07-19,2023,0.886314659,NA,NA,NA,NA,NA,NA,NA,NA,NA,NA,NA,Ramped,South.facing,NA,NA,NA,1.069,0.039305726,July,SPFO,10,89,107,USGS,Summer,NA,Bay
NA,SanPablo,A,12,b,2023-06-21,2023-07-19,2023,0.918778154,NA,NA,NA,NA,NA,NA,NA,NA,NA,NA,NA,Ramped,South.facing,NA,NA,NA,1.069,0.039305726,July,SPFO,10,89,107,USGS,Summer,NA,Bay
NA,SanPablo,A,18,c,2023-06-21,2023-07-19,2023,NA,NA,NA,NA,NA,NA,NA,NA,NA,NA,NA,NA,Ramped,South.facing,NA,NA,NA,NA,NA,July,SPFO,10,50,67,USGS,Summer,NA,NA
NA,SanPablo,A,18,a,2023-06-21,2023-07-19,2023,NA,NA,NA,NA,NA,NA,NA,NA,NA,NA,NA,NA,Ramped,South.facing,NA,NA,NA,NA,NA,July,SPFO,10,50,67,USGS,Summer,NA,NA
NA,SanPablo,A,18,b,2023-06-21,2023-07-19,2023,NA,NA,NA,NA,NA,NA,NA,NA,NA,NA,NA,NA,Ramped,South.facing,NA,NA,NA,NA,NA,July,SPFO,10,50,67,USGS,Summer,NA,NA
NA,SanPablo,A,24,c,2023-06-21,2023-07-19,2023,1.422881101,NA,NA,NA,NA,NA,NA,NA,NA,NA,NA,NA,Ramped,South.facing,NA,NA,NA,1.713,0.779362081,July,SAPA,40,46,58,USGS,Summer,NA,Bay
NA,SanPablo,A,24,c,2023-06-21,2023-07-19,2023,1.422881101,NA,NA,NA,NA,NA,NA,NA,NA,NA,NA,NA,Ramped,South.facing,NA,NA,NA,1.713,0.779362081,July,SPFO,5,80,88,USGS,Summer,NA,Bay
NA,SanPablo,A,24,a,2023-06-21,2023-07-19,2023,27.41266499,NA,NA,NA,NA,NA,NA,NA,NA,NA,NA,NA,Ramped,South.facing,NA,NA,NA,1.713,0.779362081,July,SAPA,40,46,58,USGS,Summer,NA,Bay
NA,SanPablo,A,24,a,2023-06-21,2023-07-19,2023,27.41266499,NA,NA,NA,NA,NA,NA,NA,NA,NA,NA,NA,Ramped,South.facing,NA,NA,NA,1.713,0.779362081,July,SPFO,5,80,88,USGS,Summer,NA,Bay
NA,SanPablo,A,24,b,2023-06-21,2023-07-19,2023,9.464027502,NA,NA,NA,NA,NA,NA,NA,NA,NA,NA,NA,Ramped,South.facing,NA,NA,NA,1.713,0.779362081,July,SAPA,40,46,58,USGS,Summer,NA,Bay
NA,SanPablo,A,24,b,2023-06-21,2023-07-19,2023,9.464027502,NA,NA,NA,NA,NA,NA,NA,NA,NA,NA,NA,Ramped,South.facing,NA,NA,NA,1.713,0.779362081,July,SPFO,5,80,88,USGS,Summer,NA,Bay
NA,SanPablo,A,48,c,2023-06-21,2023-07-19,2023,31.40751241,NA,NA,NA,NA,NA,NA,NA,NA,NA,NA,NA,Ramped,South.facing,NA,NA,NA,2.01,1.120661362,July,SAPA,50,34,67,USGS,Summer,NA,Bay
NA,SanPablo,A,48,a,2023-06-21,2023-07-19,2023,28.23160259,NA,NA,NA,NA,NA,NA,NA,NA,NA,NA,NA,Ramped,South.facing,NA,NA,NA,2.01,1.120661362,July,SAPA,50,34,67,USGS,Summer,NA,Bay
NA,SanPablo,A,48,b,2023-06-21,2023-07-19,2023,23.50357021,NA,NA,NA,NA,NA,NA,NA,NA,NA,NA,NA,Ramped,South.facing,NA,NA,NA,2.01,1.120661362,July,SAPA,50,34,67,USGS,Summer,NA,Bay
NA,SanPablo,A,72,c,2023-06-21,2023-07-19,2023,20.47956505,NA,NA,NA,NA,NA,NA,NA,NA,NA,NA,NA,Ramped,South.facing,NA,NA,NA,2.04,1.155136037,July,SAPA,80,51,62,USGS,Summer,NA,Bay
NA,SanPablo,A,72,a,2023-06-21,2023-07-19,2023,19.96076165,NA,NA,NA,NA,NA,NA,NA,NA,NA,NA,NA,Ramped,South.facing,NA,NA,NA,2.04,1.155136037,July,SAPA,80,51,62,USGS,Summer,NA,Bay
NA,SanPablo,A,72,b,2023-06-21,2023-07-19,2023,18.09686703,NA,NA,NA,NA,NA,NA,NA,NA,NA,NA,NA,Ramped,South.facing,NA,NA,NA,2.04,1.155136037,July,SAPA,80,51,62,USGS,Summer,NA,Bay
NA,SanPablo,A,150,c,2023-06-21,2023-07-19,2023,2.078276184,NA,NA,NA,NA,NA,NA,NA,NA,NA,NA,NA,Ramped,South.facing,NA,NA,NA,1.974,1.079291752,July,SAPA,85,38,51,USGS,Summer,NA,Bay
NA,SanPablo,A,150,a,2023-06-21,2023-07-19,2023,1.874307434,NA,NA,NA,NA,NA,NA,NA,NA,NA,NA,NA,Ramped,South.facing,NA,NA,NA,1.974,1.079291752,July,SAPA,85,38,51,USGS,Summer,NA,Bay
NA,SanPablo,A,150,b,2023-06-21,2023-07-19,2023,1.369591968,NA,NA,NA,NA,NA,NA,NA,NA,NA,NA,NA,Ramped,South.facing,NA,NA,NA,1.974,1.079291752,July,SAPA,85,38,51,USGS,Summer,NA,Bay
NA,SanPablo,B,0.5,c,2023-06-21,2023-07-19,2023,2.268157002,NA,NA,NA,NA,NA,NA,NA,NA,NA,NA,NA,Ramped,South.facing,NA,NA,NA,0.774,-0.299695244,July,SPFO,1,62,108,USGS,Summer,NA,Bay
NA,SanPablo,B,0.5,a,2023-06-21,2023-07-19,2023,4.760495874,NA,NA,NA,NA,NA,NA,NA,NA,NA,NA,NA,Ramped,South.facing,NA,NA,NA,0.774,-0.299695244,July,SPFO,1,62,108,USGS,Summer,NA,Bay
NA,SanPablo,B,0.5,b,2023-06-21,2023-07-19,2023,6.70830556,NA,NA,NA,NA,NA,NA,NA,NA,NA,NA,NA,Ramped,South.facing,NA,NA,NA,0.774,-0.299695244,July,SPFO,1,62,108,USGS,Summer,NA,Bay
NA,SanPablo,B,2,c,2023-06-21,2023-07-19,2023,17.58357631,NA,NA,NA,NA,NA,NA,NA,NA,NA,NA,NA,Ramped,South.facing,NA,NA,NA,0.805,-0.264071413,July,SPFO,1,48,68,USGS,Summer,NA,Bay
NA,SanPablo,B,2,a,2023-06-21,2023-07-19,2023,18.86864068,NA,NA,NA,NA,NA,NA,NA,NA,NA,NA,NA,Ramped,South.facing,NA,NA,NA,0.805,-0.264071413,July,SPFO,1,48,68,USGS,Summer,NA,Bay
NA,SanPablo,B,2,b,2023-06-21,2023-07-19,2023,18.15873143,NA,NA,NA,NA,NA,NA,NA,NA,NA,NA,NA,Ramped,South.facing,NA,NA,NA,0.805,-0.264071413,July,SPFO,1,48,68,USGS,Summer,NA,Bay
NA,SanPablo,B,6,c,2023-06-21,2023-07-19,2023,3.264112521,NA,NA,NA,NA,NA,NA,NA,NA,NA,NA,NA,Ramped,South.facing,NA,NA,NA,0.837,-0.227298427,July,SPFO,2,54,88,USGS,Summer,NA,Bay
NA,SanPablo,B,6,a,2023-06-21,2023-07-19,2023,NA,NA,NA,NA,NA,NA,NA,NA,NA,NA,NA,NA,Ramped,South.facing,NA,NA,NA,0.837,-0.227298427,July,SPFO,2,54,88,USGS,Summer,NA,Bay
NA,SanPablo,B,6,b,2023-06-21,2023-07-19,2023,0.493690128,NA,NA,NA,NA,NA,NA,NA,NA,NA,NA,NA,Ramped,South.facing,NA,NA,NA,0.837,-0.227298427,July,SPFO,2,54,88,USGS,Summer,NA,Bay
NA,SanPablo,B,9,c,2023-06-21,2023-07-19,2023,0.580667793,NA,NA,NA,NA,NA,NA,NA,NA,NA,NA,NA,Ramped,South.facing,NA,NA,NA,NA,NA,July,SPFO,5,76,92,USGS,Summer,NA,NA
NA,SanPablo,B,9,a,2023-06-21,2023-07-19,2023,2.004773931,NA,NA,NA,NA,NA,NA,NA,NA,NA,NA,NA,Ramped,South.facing,NA,NA,NA,NA,NA,July,SPFO,5,76,92,USGS,Summer,NA,NA
NA,SanPablo,B,9,b,2023-06-21,2023-07-19,2023,1.496995872,NA,NA,NA,NA,NA,NA,NA,NA,NA,NA,NA,Ramped,South.facing,NA,NA,NA,NA,NA,July,SPFO,5,76,92,USGS,Summer,NA,NA
NA,SanPablo,B,12,c,2023-06-21,2023-07-19,2023,0.435500845,NA,NA,NA,NA,NA,NA,NA,NA,NA,NA,NA,Ramped,South.facing,NA,NA,NA,1.042,0.008278519,July,SPFO,10,69,79,USGS,Summer,NA,Bay
NA,SanPablo,B,12,a,2023-06-21,2023-07-19,2023,0.5972058,NA,NA,NA,NA,NA,NA,NA,NA,NA,NA,NA,Ramped,South.facing,NA,NA,NA,1.042,0.008278519,July,SPFO,10,69,79,USGS,Summer,NA,Bay
NA,SanPablo,B,12,b,2023-06-21,2023-07-19,2023,0.518803397,NA,NA,NA,NA,NA,NA,NA,NA,NA,NA,NA,Ramped,South.facing,NA,NA,NA,1.042,0.008278519,July,SPFO,10,69,79,USGS,Summer,NA,Bay
NA,SanPablo,B,18,c,2023-06-21,2023-07-19,2023,NA,NA,NA,NA,NA,NA,NA,NA,NA,NA,NA,NA,Ramped,South.facing,NA,NA,NA,NA,NA,July,SPFO,10,60,85,USGS,Summer,NA,NA
NA,SanPablo,B,18,a,2023-06-21,2023-07-19,2023,NA,NA,NA,NA,NA,NA,NA,NA,NA,NA,NA,NA,Ramped,South.facing,NA,NA,NA,NA,NA,July,SPFO,10,60,85,USGS,Summer,NA,NA
NA,SanPablo,B,18,b,2023-06-21,2023-07-19,2023,NA,NA,NA,NA,NA,NA,NA,NA,NA,NA,NA,NA,Ramped,South.facing,NA,NA,NA,NA,NA,July,SPFO,10,60,85,USGS,Summer,NA,NA
NA,SanPablo,B,24,c,2023-06-21,2023-07-19,2023,NA,NA,NA,NA,NA,NA,NA,NA,NA,NA,NA,NA,Ramped,South.facing,NA,NA,NA,1.563,0.606988706,July,SPFO,60,70,81,USGS,Summer,NA,Bay
NA,SanPablo,B,24,c,2023-06-21,2023-07-19,2023,NA,NA,NA,NA,NA,NA,NA,NA,NA,NA,NA,NA,Ramped,South.facing,NA,NA,NA,1.563,0.606988706,July,SAPA,10,40,52,USGS,Summer,NA,Bay
NA,SanPablo,B,24,a,2023-06-21,2023-07-19,2023,NA,NA,NA,NA,NA,NA,NA,NA,NA,NA,NA,NA,Ramped,South.facing,NA,NA,NA,1.563,0.606988706,July,SPFO,60,70,81,USGS,Summer,13.00255662,Bay
NA,SanPablo,B,24,a,2023-06-21,2023-07-19,2023,NA,NA,NA,NA,NA,NA,NA,NA,NA,NA,NA,NA,Ramped,South.facing,NA,NA,NA,1.563,0.606988706,July,SAPA,10,40,52,USGS,Summer,13.00255662,Bay
NA,SanPablo,B,24,b,2023-06-21,2023-07-19,2023,NA,NA,NA,NA,NA,NA,NA,NA,NA,NA,NA,NA,Ramped,South.facing,NA,NA,NA,1.563,0.606988706,July,SPFO,60,70,81,USGS,Summer,NA,Bay
NA,SanPablo,B,24,b,2023-06-21,2023-07-19,2023,NA,NA,NA,NA,NA,NA,NA,NA,NA,NA,NA,NA,Ramped,South.facing,NA,NA,NA,1.563,0.606988706,July,SAPA,10,40,52,USGS,Summer,NA,Bay
NA,SanPablo,B,48,c,2023-06-21,2023-07-19,2023,6.574163949,NA,NA,NA,NA,NA,NA,NA,NA,NA,NA,NA,Ramped,South.facing,NA,NA,NA,1.978,1.083888376,July,SAPA,60,41,57,USGS,Summer,NA,Bay
NA,SanPablo,B,48,a,2023-06-21,2023-07-19,2023,4.682093471,NA,NA,NA,NA,NA,NA,NA,NA,NA,NA,NA,Ramped,South.facing,NA,NA,NA,1.978,1.083888376,July,SAPA,60,41,57,USGS,Summer,NA,Bay
NA,SanPablo,B,48,b,2023-06-21,2023-07-19,2023,5.803002819,NA,NA,NA,NA,NA,NA,NA,NA,NA,NA,NA,Ramped,South.facing,NA,NA,NA,1.978,1.083888376,July,SAPA,60,41,57,USGS,Summer,7.075622208,Bay
NA,SanPablo,B,72,c,2023-06-21,2023-07-19,2023,24.22082969,NA,NA,NA,NA,NA,NA,NA,NA,NA,NA,NA,Ramped,South.facing,NA,NA,NA,2.012,1.122959674,July,SAPA,90,36,45,USGS,Summer,NA,Bay
NA,SanPablo,B,72,a,2023-06-21,2023-07-19,2023,24.31148247,NA,NA,NA,NA,NA,NA,NA,NA,NA,NA,NA,Ramped,South.facing,NA,NA,NA,2.012,1.122959674,July,SAPA,90,36,45,USGS,Summer,17.40708381,Bay
NA,SanPablo,B,72,b,2023-06-21,2023-07-19,2023,25.40421595,NA,NA,NA,NA,NA,NA,NA,NA,NA,NA,NA,Ramped,South.facing,NA,NA,NA,2.012,1.122959674,July,SAPA,90,36,45,USGS,Summer,NA,Bay
NA,SanPablo,B,150,c,2023-06-21,2023-07-19,2023,6.119062504,NA,NA,NA,NA,NA,NA,NA,NA,NA,NA,NA,Ramped,South.facing,NA,NA,NA,2.014,1.125257985,July,SAPA,90,40,49,USGS,Summer,NA,Bay
NA,SanPablo,B,150,a,2023-06-21,2023-07-19,2023,4.45362397,NA,NA,NA,NA,NA,NA,NA,NA,NA,NA,NA,Ramped,South.facing,NA,NA,NA,2.014,1.125257985,July,SAPA,90,40,49,USGS,Summer,NA,Bay
NA,SanPablo,B,150,b,2023-06-21,2023-07-19,2023,6.126412729,NA,NA,NA,NA,NA,NA,NA,NA,NA,NA,NA,Ramped,South.facing,NA,NA,NA,2.014,1.125257985,July,SAPA,90,40,49,USGS,Summer,NA,Bay
