Date Time, Speed, Direction, Direction, Gust, X, R 
1/1/25 0:00,2.92,162,SSE,3.5,0,0
1/1/25 1:00,1.17,154,SSE,2.14,0,0
1/1/25 2:00,1.75,151,SSE,2.92,0,0
1/1/25 3:00,2.53,172,S,3.11,0,0
1/1/25 4:00,4.47,164,SSE,5.44,0,0
1/1/25 5:00,2.14,34,NE,2.92,0,0
1/1/25 6:00,2.92,125,SE,3.5,0,0
1/1/25 7:00,0.97,158,SSE,1.75,0,0
1/1/25 8:00,2.72,356,N,3.5,0,0
1/1/25 9:00,1.56,302,WNW,2.14,0,0
1/1/25 10:00,2.14,308,NW,3.11,0,0
1/1/25 11:00,0.97,172,S,1.75,0,0
1/1/25 12:00,0.97,326,NW,1.56,0,0
1/1/25 13:00,3.11,71,ENE,3.5,0,0
1/1/25 14:00,1.94,41,NE,2.92,0,0
1/1/25 15:00,4.28,80,E,5.44,0,0
1/1/25 16:00,3.69,54,NE,4.47,0,0
1/1/25 17:00,1.17,1,N,1.75,0,0
1/1/25 18:00,0.19,12,NNE,1.17,0,0
1/1/25 19:00,3.11,21,NNE,3.69,0,0
1/1/25 20:00,1.56,172,S,2.33,0,0
1/1/25 21:00,2.33,149,SSE,2.92,0,0
1/1/25 22:00,3.89,153,SSE,4.67,0,0
1/1/25 23:00,3.11,136,SE,4.28,0,0
1/2/25 0:00,4.67,119,ESE,6.03,0,0
1/2/25 1:00,1.36,142,SE,3.3,0,0
1/2/25 2:00,4.28,111,ESE,7.58,0,0
1/2/25 3:00,2.72,121,ESE,6.22,0,0
1/2/25 4:00,6.03,104,ESE,10.89,0,0
1/2/25 5:00,13.41,85,E,15.94,0,0
1/2/25 6:00,12.64,92,E,15.36,0,0
1/2/25 7:00,11.08,90,E,15.16,0,0
1/2/25 8:00,6.61,85,E,11.27,0,0
1/2/25 9:00,8.36,119,ESE,11.27,0,0
1/2/25 10:00,7.78,96,E,11.27,0,0
1/2/25 11:00,8.94,97,E,10.11,0,0
1/2/25 12:00,10.11,96,E,12.64,0,0
1/2/25 13:00,9.72,98,E,12.83,0,0
1/2/25 14:00,11.08,95,E,13.61,0,0
1/2/25 15:00,7.97,106,ESE,11.66,0,0
1/2/25 16:00,8.16,95,E,10.5,0,0
1/2/25 17:00,5.83,93,E,7.19,0,0
1/2/25 18:00,4.67,93,E,6.22,0,0
1/2/25 19:00,10.3,90,E,12.25,0,0
1/2/25 20:00,11.66,88,E,13.41,0,0
1/2/25 21:00,12.83,92,E,15.94,0,0
1/2/25 22:00,11.86,85,E,17.11,0,0
1/2/25 23:00,13.61,99,E,17.88,0,0
1/3/25 0:00,4.47,160,SSE,6.61,0,0
1/3/25 1:00,3.89,113,ESE,6.61,0,0
1/3/25 2:00,2.92,112,ESE,4.08,0,0
1/3/25 3:00,2.33,342,NNW,3.3,0,0
1/3/25 4:00,1.75,266,W,2.53,0,0
1/3/25 5:00,2.72,243,WSW,3.5,0,0
1/3/25 6:00,10.11,212,SSW,12.83,0,0
1/3/25 7:00,4.28,233,SW,5.44,0,0
1/3/25 8:00,8.75,238,WSW,11.27,0,0
1/3/25 9:00,7.39,207,SSW,10.3,0,0
1/3/25 10:00,8.55,204,SSW,10.89,0,0
1/3/25 11:00,10.69,220,SW,13.8,0,0
1/3/25 12:00,13.02,233,SW,16.33,0,0
1/3/25 13:00,10.89,237,WSW,14.19,0,0
1/3/25 14:00,9.91,281,W,14,0,0
1/3/25 15:00,7.97,278,W,11.27,0,0
1/3/25 16:00,11.66,277,W,14.38,0,0
1/3/25 17:00,5.83,243,WSW,8.75,0,0
1/3/25 18:00,6.03,267,W,9.52,0,0
1/3/25 19:00,4.28,227,SW,6.22,0,0
1/3/25 20:00,4.28,223,SW,6.03,0,0
1/3/25 21:00,2.53,222,SW,3.11,0,0
1/3/25 22:00,0.97,75,ENE,1.36,0,0
1/3/25 23:00,0.97,108,ESE,1.36,0,0
1/4/25 0:00,2.33,149,SSE,3.3,0,0
1/4/25 1:00,2.14,253,WSW,2.72,0,0
1/4/25 2:00,1.75,192,SSW,3.5,0,0
1/4/25 3:00,1.75,95,E,2.92,0,0
1/4/25 4:00,3.69,263,W,4.86,0,0
1/4/25 5:00,4.67,212,SSW,5.44,0,0
1/4/25 6:00,2.72,205,SSW,3.3,0,0
1/4/25 7:00,1.56,167,SSE,2.53,0,0
1/4/25 8:00,1.94,274,W,2.72,0,0
1/4/25 9:00,5.05,235,SW,6.22,0,0
1/4/25 10:00,3.5,271,W,4.86,0,0
1/4/25 11:00,4.08,267,W,5.44,0,0
1/4/25 12:00,1.56,254,WSW,2.53,0,0
1/4/25 13:00,3.11,246,WSW,4.67,0,0
1/4/25 14:00,2.33,231,SW,3.11,0,0
1/4/25 15:00,2.72,241,WSW,3.69,0,0
1/4/25 16:00,3.5,234,SW,4.67,0,0
1/4/25 17:00,4.08,261,W,5.44,0,0
1/4/25 18:00,2.53,235,SW,3.5,0,0
1/4/25 19:00,4.47,206,SSW,5.44,0,0
1/4/25 20:00,2.53,217,SW,3.89,0,0
1/4/25 21:00,2.14,251,WSW,3.5,0,0
1/4/25 22:00,2.92,215,SW,4.28,0,0
1/4/25 23:00,3.3,223,SW,4.47,0,0
1/5/25 0:00,4.28,213,SSW,5.25,0,0
1/5/25 1:00,1.94,226,SW,2.92,0,0
1/5/25 2:00,2.14,223,SW,2.92,0,0
1/5/25 3:00,3.11,227,SW,3.69,0,0
1/5/25 4:00,0.78,284,WNW,1.17,0,0
1/5/25 5:00,2.72,221,SW,3.11,0,0
1/5/25 6:00,1.17,168,SSE,2.33,0,0
1/5/25 7:00,0.78,159,SSE,1.94,0,0
1/5/25 8:00,2.92,163,SSE,4.08,0,0
1/5/25 9:00,1.56,336,NNW,2.72,0,0
1/5/25 10:00,0.19,103,ESE,1.56,0,0
1/5/25 11:00,0.78,265,W,2.53,0,0
1/5/25 12:00,1.36,226,SW,1.94,0,0
1/5/25 13:00,3.11,295,WNW,5.44,0,0
1/5/25 14:00,0,168,SSE,0,0,0
1/5/25 15:00,2.92,50,NE,3.5,0,0
1/5/25 16:00,2.14,56,NE,2.92,0,0
1/5/25 17:00,5.05,101,E,5.64,0,0
1/5/25 18:00,3.11,170,S,3.69,0,0
1/5/25 19:00,3.89,141,SE,4.47,0,0
1/5/25 20:00,2.92,88,E,5.05,0,0
1/5/25 21:00,1.36,58,ENE,1.75,0,0
1/5/25 22:00,2.53,119,ESE,3.11,0,0
1/5/25 23:00,1.17,217,SW,1.94,0,0
1/6/25 0:00,0.58,207,SSW,0.97,0,0
1/6/25 1:00,1.17,193,SSW,1.56,0,0
1/6/25 2:00,3.5,224,SW,5.05,0,0
1/6/25 3:00,2.92,188,S,3.5,0,0
1/6/25 4:00,2.72,230,SW,3.89,0,0
1/6/25 5:00,3.3,303,WNW,4.47,0,0
1/6/25 6:00,5.83,244,WSW,7.58,0,0
1/6/25 7:00,6.22,244,WSW,9.14,0,0
1/6/25 8:00,4.86,321,NW,6.22,0,0
1/6/25 9:00,1.75,82,E,2.33,0,0
1/6/25 10:00,4.67,82,E,5.64,0,0
1/6/25 11:00,10.11,79,E,11.08,0,0
1/6/25 12:00,8.94,83,E,10.5,0,0
1/6/25 13:00,11.47,84,E,13.22,0,0
1/6/25 14:00,7.58,87,E,9.14,0,0
1/6/25 15:00,3.3,91,E,5.05,0,0
1/6/25 16:00,2.33,311,NW,2.92,0,0
1/6/25 17:00,3.3,285,WNW,5.05,0,0
1/6/25 18:00,2.33,257,WSW,3.11,0,0
1/6/25 19:00,5.64,309,NW,7.39,0,0
1/6/25 20:00,3.11,269,W,5.64,0,0
1/6/25 21:00,3.3,286,WNW,5.25,0,0
1/6/25 22:00,4.28,220,SW,5.25,0,0
1/6/25 23:00,6.22,198,SSW,8.75,0,0
1/7/25 0:00,4.86,173,S,6.41,0,0
1/7/25 1:00,1.56,196,SSW,3.11,0,0
1/7/25 2:00,9.72,15,NNE,12.25,0,0
1/7/25 3:00,8.75,10,N,11.47,0,0
1/7/25 4:00,14.38,13,NNE,16.91,0,0
1/7/25 5:00,12.83,5,N,15.75,0,0
1/7/25 6:00,14.58,16,NNE,17.11,0,0
1/7/25 7:00,10.3,357,N,13.22,0,0
1/7/25 8:00,10.3,9,N,12.44,0,0
1/7/25 9:00,12.64,358,N,15.36,0,0
1/7/25 10:00,12.83,9,N,16.13,0,0
1/7/25 11:00,10.69,16,NNE,13.8,0,0
1/7/25 12:00,20.8,28,NNE,23.91,0,0
1/7/25 13:00,17.69,15,NNE,21.58,0,0
1/7/25 14:00,12.83,16,NNE,16.13,0,0
1/7/25 15:00,2.33,3,N,6.03,0,0
1/7/25 16:00,4.28,351,N,7.19,0,0
1/7/25 17:00,14.58,10,N,19.44,0,0
1/7/25 18:00,14.58,23,NNE,17.11,0,0
1/7/25 19:00,14.19,24,NNE,16.72,0,0
1/7/25 20:00,15.55,5,N,17.88,0,0
1/7/25 21:00,12.25,347,NNW,14.58,0,0
1/7/25 22:00,12.64,342,NNW,15.16,0,0
1/7/25 23:00,7,350,N,11.08,0,0
1/8/25 0:00,4.86,200,SSW,6.8,0,0
1/8/25 1:00,1.17,170,S,6.61,0,0
1/8/25 2:00,15.94,69,ENE,19.44,0,0
1/8/25 3:00,17.69,41,NE,19.05,0,0
1/8/25 4:00,1.17,276,W,3.5,0,0
1/8/25 5:00,5.44,152,SSE,7.58,0,0
1/8/25 6:00,3.69,101,E,5.25,0,0
1/8/25 7:00,4.67,219,SW,5.83,0,0
1/8/25 8:00,2.14,116,ESE,4.28,0,0
1/8/25 9:00,10.5,98,E,12.44,0,0
1/8/25 10:00,6.22,113,ESE,10.3,0,0
1/8/25 11:00,11.08,92,E,12.44,0,0
1/8/25 12:00,7.78,112,ESE,10.89,0,0
1/8/25 13:00,9.72,84,E,10.89,0,0
1/8/25 14:00,6.22,85,E,7.19,0,0
1/8/25 15:00,3.89,97,E,6.22,0,0
1/8/25 16:00,4.28,290,WNW,5.44,0,0
1/8/25 17:00,0.39,263,W,0.78,0,0
1/8/25 18:00,4.08,147,SSE,5.05,0,0
1/8/25 19:00,4.08,147,SSE,4.67,0,0
1/8/25 20:00,1.75,222,SW,2.33,0,0
1/8/25 21:00,1.56,349,N,2.33,0,0
1/8/25 22:00,3.11,137,SE,4.08,0,0
1/8/25 23:00,6.8,70,ENE,7.97,0,0
1/9/25 0:00,0.78,182,S,1.56,0,0
1/9/25 1:00,4.86,109,ESE,6.03,0,0
1/9/25 2:00,3.3,104,ESE,5.05,0,0
1/9/25 3:00,11.66,76,ENE,13.41,0,0
1/9/25 4:00,7.97,110,ESE,10.69,0,0
1/9/25 5:00,11.66,114,ESE,16.13,0,0
1/9/25 6:00,12.05,109,ESE,15.36,0,0
1/9/25 7:00,5.83,74,ENE,9.52,0,0
1/9/25 8:00,1.75,301,WNW,3.5,0,0
1/9/25 9:00,4.08,241,WSW,5.64,0,0
1/9/25 10:00,2.53,272,W,3.5,0,0
1/9/25 11:00,0.78,227,SW,1.36,0,0
1/9/25 12:00,1.36,232,SW,3.11,0,0
1/9/25 13:00,0.58,258,WSW,1.17,0,0
1/9/25 14:00,,,,,1,1
1/9/25 15:00,1.75,257,WSW,2.14,0,0
1/9/25 16:00,1.56,279,W,2.92,0,0
1/9/25 17:00,1.75,273,W,2.33,0,0
1/9/25 18:00,2.92,116,ESE,5.83,0,0
1/9/25 19:00,3.89,157,SSE,5.25,0,0
1/9/25 20:00,0.78,292,WNW,1.94,0,0
1/9/25 21:00,1.94,128,SE,4.86,0,0
1/9/25 22:00,6.03,124,SE,7.39,0,0
1/9/25 23:00,11.08,93,E,13.61,0,0
1/10/25 0:00,9.33,120,ESE,11.47,0,0
1/10/25 1:00,13.8,97,E,17.11,0,0
1/10/25 2:00,12.25,88,E,15.16,0,0
1/10/25 3:00,11.66,85,E,13.41,0,0
1/10/25 4:00,12.64,96,E,14.77,0,0
1/10/25 5:00,12.83,81,E,14.58,0,0
1/10/25 6:00,8.36,94,E,11.08,0,0
1/10/25 7:00,10.11,86,E,11.66,0,0
1/10/25 8:00,7.19,107,ESE,10.3,0,0
1/10/25 9:00,7.78,82,E,10.3,0,0
1/10/25 10:00,9.72,81,E,10.69,0,0
1/10/25 11:00,7.58,81,E,8.16,0,0
1/10/25 12:00,2.53,232,SW,2.92,0,0
1/10/25 13:00,1.94,74,ENE,3.11,0,0
1/10/25 14:00,,,,,1,1
1/10/25 15:00,9.52,218,SW,11.27,0,0
1/10/25 16:00,12.25,213,SSW,14.19,0,0
1/10/25 17:00,10.3,217,SW,13.41,0,0
1/10/25 18:00,9.52,205,SSW,13.41,0,0
1/10/25 19:00,7,229,SW,8.55,0,0
1/10/25 20:00,4.08,232,SW,4.86,0,0
1/10/25 21:00,1.94,298,WNW,2.53,0,0
1/10/25 22:00,2.92,221,SW,4.08,0,0
1/10/25 23:00,1.94,252,WSW,2.92,0,0
1/11/25 0:00,3.11,131,SE,5.44,0,0
1/11/25 1:00,3.89,144,SE,4.86,0,0
1/11/25 2:00,1.56,156,SSE,2.53,0,0
1/11/25 3:00,0.58,301,WNW,1.36,0,0
1/11/25 4:00,2.72,188,S,3.3,0,0
1/11/25 5:00,5.44,260,W,9.33,0,0
1/11/25 6:00,10.5,13,NNE,14.97,0,0
1/11/25 7:00,4.67,17,NNE,7.78,0,0
1/11/25 8:00,10.5,353,N,14.19,0,0
1/11/25 9:00,8.75,331,NNW,9.91,0,0
1/11/25 10:00,12.25,351,N,16.33,0,0
1/11/25 11:00,15.94,2,N,20.99,0,0
1/11/25 12:00,18.86,360,N,24.3,0,0
1/11/25 13:00,12.05,357,N,16.52,0,0
1/11/25 14:00,11.86,4,N,19.24,0,0
1/11/25 15:00,20.6,5,N,26.05,0,0
1/11/25 16:00,15.75,19,NNE,20.6,0,0
1/11/25 17:00,12.44,8,N,16.72,0,0
1/11/25 18:00,5.44,339,NNW,8.55,0,0
1/11/25 19:00,9.52,352,N,13.22,0,0
1/11/25 20:00,5.25,237,WSW,8.55,0,0
1/11/25 21:00,3.5,201,SSW,5.05,0,0
1/11/25 22:00,14.77,336,NNW,17.69,0,0
1/11/25 23:00,13.22,14,NNE,15.16,0,0
1/12/25 0:00,11.08,352,N,11.86,0,0
1/12/25 1:00,12.83,10,N,14.38,0,0
1/12/25 2:00,1.94,239,WSW,3.3,0,0
1/12/25 3:00,1.75,174,S,2.92,0,0
1/12/25 4:00,13.61,23,NNE,17.88,0,0
1/12/25 5:00,8.94,339,NNW,11.08,0,0
1/12/25 6:00,6.61,19,NNE,10.69,0,0
1/12/25 7:00,5.83,338,NNW,7,0,0
1/12/25 8:00,0.19,119,ESE,1.75,0,0
1/12/25 9:00,4.86,227,SW,6.22,0,0
1/12/25 10:00,6.41,292,WNW,8.94,0,0
1/12/25 11:00,4.86,258,WSW,7.39,0,0
1/12/25 12:00,12.44,4,N,18.08,0,0
1/12/25 13:00,11.27,357,N,14.77,0,0
1/12/25 14:00,10.69,22,NNE,13.02,0,0
1/12/25 15:00,6.22,113,ESE,8.16,0,0
1/12/25 16:00,5.25,146,SE,6.41,0,0
1/12/25 17:00,2.53,62,ENE,4.47,0,0
1/12/25 18:00,1.36,111,ESE,5.05,0,0
1/12/25 19:00,2.72,119,ESE,3.5,0,0
1/12/25 20:00,3.3,133,SE,3.69,0,0
1/12/25 21:00,3.69,112,ESE,4.47,0,0
1/12/25 22:00,3.3,59,ENE,3.5,0,0
1/12/25 23:00,,,,,1,1
1/13/25 0:00,3.89,133,SE,4.28,0,0
1/13/25 1:00,2.53,101,E,5.05,0,0
1/13/25 2:00,9.52,89,E,10.69,0,0
1/13/25 3:00,17.49,77,ENE,20.02,0,0
1/13/25 4:00,19.83,61,ENE,23.13,0,0
1/13/25 5:00,9.33,87,E,13.61,0,0
1/13/25 6:00,4.08,93,E,7,0,0
1/13/25 7:00,2.72,161,SSE,4.28,0,0
1/13/25 8:00,5.05,157,SSE,6.8,0,0
1/13/25 9:00,2.53,71,ENE,5.44,0,0
1/13/25 10:00,16.52,40,NE,22.16,0,0
1/13/25 11:00,13.02,41,NE,19.44,0,0
1/13/25 12:00,11.08,67,ENE,13.22,0,0
1/13/25 13:00,16.91,71,ENE,19.44,0,0
1/13/25 14:00,9.72,80,E,12.25,0,0
1/13/25 15:00,10.3,110,ESE,12.64,0,0
1/13/25 16:00,7.58,99,E,9.52,0,0
1/13/25 17:00,6.8,139,SE,8.36,0,0
1/13/25 18:00,5.25,134,SE,5.83,0,0
1/13/25 19:00,5.25,222,SW,6.61,0,0
1/13/25 20:00,3.69,212,SSW,5.05,0,0
1/13/25 21:00,1.36,207,SSW,2.72,0,0
1/13/25 22:00,4.08,214,SW,5.25,0,0
1/13/25 23:00,5.25,213,SSW,6.61,0,0
1/14/25 0:00,0.19,252,WSW,0.97,0,0
1/14/25 1:00,1.36,223,SW,2.72,0,0
1/14/25 2:00,0.78,175,S,2.72,0,0
1/14/25 3:00,1.75,191,S,3.5,0,0
1/14/25 4:00,1.94,161,SSE,2.53,0,0
1/14/25 5:00,3.5,154,SSE,4.28,0,0
1/14/25 6:00,0.39,320,NW,0.97,0,0
1/14/25 7:00,0.19,66,ENE,1.56,0,0
1/14/25 8:00,2.14,21,NNE,3.11,0,0
1/14/25 9:00,1.56,140,SE,2.53,0,0
1/14/25 10:00,2.33,250,WSW,3.3,0,0
1/14/25 11:00,1.75,322,NW,3.11,0,0
1/14/25 12:00,8.55,100,E,11.66,0,0
1/14/25 13:00,6.8,77,ENE,9.14,0,0
1/14/25 14:00,6.22,82,E,8.16,0,0
1/14/25 15:00,6.8,94,E,7.97,0,0
1/14/25 16:00,6.22,102,ESE,6.61,0,0
1/14/25 17:00,3.5,127,SE,5.83,0,0
1/14/25 18:00,3.11,124,SE,4.08,0,0
1/14/25 19:00,1.56,198,SSW,3.3,0,0
1/14/25 20:00,0.78,168,SSE,1.56,0,0
1/14/25 21:00,0.39,159,SSE,1.36,0,0
1/14/25 22:00,0.19,213,SSW,1.56,0,0
1/14/25 23:00,4.67,93,E,6.8,0,0
1/15/25 0:00,0.19,89,E,2.14,0,0
1/15/25 1:00,7.19,71,ENE,8.94,0,0
1/15/25 2:00,1.94,118,ESE,5.05,0,0
1/15/25 3:00,4.86,109,ESE,5.64,0,0
1/15/25 4:00,5.44,93,E,8.16,0,0
1/15/25 5:00,5.44,105,ESE,7.39,0,0
1/15/25 6:00,10.3,90,E,12.44,0,0
1/15/25 7:00,12.64,87,E,14.97,0,0
1/15/25 8:00,13.22,89,E,15.16,0,0
1/15/25 9:00,8.94,100,E,13.02,0,0
1/15/25 10:00,7.39,92,E,8.94,0,0
1/15/25 11:00,10.11,65,ENE,11.27,0,0
1/15/25 12:00,9.91,72,ENE,11.08,0,0
1/15/25 13:00,6.61,80,E,8.75,0,0
1/15/25 14:00,6.8,92,E,8.55,0,0
1/15/25 15:00,9.14,97,E,11.86,0,0
1/15/25 16:00,9.91,103,ESE,11.47,0,0
1/15/25 17:00,10.69,102,ESE,12.64,0,0
1/15/25 18:00,9.14,90,E,10.3,0,0
1/15/25 19:00,5.64,78,ENE,8.55,0,0
1/15/25 20:00,1.17,78,ENE,2.72,0,0
1/15/25 21:00,6.61,74,ENE,7.97,0,0
1/15/25 22:00,1.94,298,WNW,2.53,0,0
1/15/25 23:00,6.03,90,E,7.19,0,0
1/16/25 0:00,5.25,77,ENE,6.22,0,0
1/16/25 1:00,4.47,99,E,6.03,0,0
1/16/25 2:00,0.39,43,NE,2.33,0,0
1/16/25 3:00,8.16,86,E,10.69,0,0
1/16/25 4:00,7.97,69,ENE,9.52,0,0
1/16/25 5:00,9.91,77,ENE,12.05,0,0
1/16/25 6:00,9.14,76,ENE,10.69,0,0
1/16/25 7:00,8.94,93,E,10.11,0,0
1/16/25 8:00,8.16,95,E,9.72,0,0
1/16/25 9:00,11.47,78,ENE,12.83,0,0
1/16/25 10:00,10.5,92,E,12.83,0,0
1/16/25 11:00,11.86,89,E,14.77,0,0
1/16/25 12:00,9.33,90,E,10.89,0,0
1/16/25 13:00,7.97,98,E,8.94,0,0
1/16/25 14:00,5.83,80,E,7,0,0
1/16/25 15:00,6.41,80,E,7.19,0,0
1/16/25 16:00,5.44,84,E,5.83,0,0
1/16/25 17:00,3.3,241,WSW,4.08,0,0
1/16/25 18:00,2.72,153,SSE,3.69,0,0
1/16/25 19:00,0.97,4,N,2.92,0,0
1/16/25 20:00,2.14,251,WSW,2.92,0,0
1/16/25 21:00,1.94,203,SSW,2.53,0,0
1/16/25 22:00,5.44,257,WSW,8.75,0,0
1/16/25 23:00,3.69,208,SSW,4.86,0,0
1/17/25 0:00,2.33,242,WSW,2.72,0,0
1/17/25 1:00,1.56,212,SSW,3.3,0,0
1/17/25 2:00,2.72,219,SW,3.11,0,0
1/17/25 3:00,3.69,223,SW,4.67,0,0
1/17/25 4:00,4.47,232,SW,5.64,0,0
1/17/25 5:00,3.3,219,SW,4.08,0,0
1/17/25 6:00,7.39,310,NW,8.94,0,0
1/17/25 7:00,2.14,356,N,7.58,0,0
1/17/25 8:00,4.67,298,WNW,6.03,0,0
1/17/25 9:00,2.33,255,WSW,3.69,0,0
1/17/25 10:00,5.25,250,WSW,7.78,0,0
1/17/25 11:00,6.61,241,WSW,9.72,0,0
1/17/25 12:00,8.94,230,SW,10.69,0,0
1/17/25 13:00,7,240,WSW,8.94,0,0
1/17/25 14:00,7.58,235,SW,9.14,0,0
1/17/25 15:00,9.52,230,SW,11.66,0,0
1/17/25 16:00,8.94,237,WSW,10.5,0,0
1/17/25 17:00,8.75,251,WSW,12.44,0,0
1/17/25 18:00,7.58,282,WNW,10.89,0,0
1/17/25 19:00,6.41,297,WNW,9.14,0,0
1/17/25 20:00,5.83,302,WNW,8.55,0,0
1/17/25 21:00,5.64,295,WNW,7.78,0,0
1/17/25 22:00,5.25,308,NW,7.39,0,0
1/17/25 23:00,3.5,327,NNW,6.41,0,0
1/18/25 0:00,3.3,334,NNW,4.86,0,0
1/18/25 1:00,7,345,NNW,7.58,0,0
1/18/25 2:00,5.25,337,NNW,6.41,0,0
1/18/25 3:00,5.64,338,NNW,7,0,0
1/18/25 4:00,7,348,NNW,7.58,0,0
1/18/25 5:00,6.41,343,NNW,7.39,0,0
1/18/25 6:00,6.41,348,NNW,7.39,0,0
1/18/25 7:00,7,352,N,7.97,0,0
1/18/25 8:00,4.47,350,N,5.64,0,0
1/18/25 9:00,4.08,346,NNW,5.64,0,0
1/18/25 10:00,4.08,349,N,5.25,0,0
1/18/25 11:00,5.25,335,NNW,6.8,0,0
1/18/25 12:00,2.33,317,NW,4.08,0,0
1/18/25 13:00,2.14,289,WNW,4.08,0,0
1/18/25 14:00,2.14,232,SW,2.72,0,0
1/18/25 15:00,1.75,254,WSW,2.92,0,0
1/18/25 16:00,0.39,251,WSW,0.97,0,0
1/18/25 17:00,0.97,202,SSW,0.97,0,0
1/18/25 18:00,3.11,167,SSE,4.47,0,0
1/18/25 19:00,2.14,175,S,2.72,0,0
1/18/25 20:00,1.17,225,SW,2.14,0,0
1/18/25 21:00,3.5,214,SW,5.05,0,0
1/18/25 22:00,4.67,216,SW,5.44,0,0
1/18/25 23:00,4.08,215,SW,4.86,0,0
1/19/25 0:00,1.75,247,WSW,2.33,0,0
1/19/25 1:00,3.5,227,SW,4.28,0,0
1/19/25 2:00,4.67,229,SW,5.25,0,0
1/19/25 3:00,4.08,225,SW,6.03,0,0
1/19/25 4:00,3.89,231,SW,5.44,0,0
1/19/25 5:00,2.33,324,NW,3.11,0,0
1/19/25 6:00,3.11,334,NNW,4.08,0,0
1/19/25 7:00,0.78,269,W,2.14,0,0
1/19/25 8:00,2.53,277,W,3.3,0,0
1/19/25 9:00,2.33,286,WNW,5.25,0,0
1/19/25 10:00,4.86,348,NNW,7.19,0,0
1/19/25 11:00,4.47,341,NNW,5.44,0,0
1/19/25 12:00,2.72,321,NW,4.08,0,0
1/19/25 13:00,4.67,297,WNW,6.61,0,0
1/19/25 14:00,7,311,NW,8.55,0,0
1/19/25 15:00,2.72,284,WNW,4.08,0,0
1/19/25 16:00,2.53,284,WNW,3.3,0,0
1/19/25 17:00,1.75,308,NW,2.33,0,0
1/19/25 18:00,2.33,316,NW,3.89,0,0
1/19/25 19:00,12.25,315,NW,14.97,0,0
1/19/25 20:00,2.72,330,NNW,5.44,0,0
1/19/25 21:00,2.33,318,NW,4.08,0,0
1/19/25 22:00,2.72,12,NNE,3.69,0,0
1/19/25 23:00,2.53,276,W,3.89,0,0
1/20/25 0:00,4.08,330,NNW,6.41,0,0
1/20/25 1:00,4.47,316,NW,7.39,0,0
1/20/25 2:00,3.89,294,WNW,5.25,0,0
1/20/25 3:00,2.53,288,WNW,6.8,0,0
1/20/25 4:00,2.53,354,N,4.67,0,0
1/20/25 5:00,1.94,294,WNW,2.72,0,0
1/20/25 6:00,2.33,105,ESE,3.69,0,0
1/20/25 7:00,6.03,96,E,9.14,0,0
1/20/25 8:00,7.78,82,E,9.52,0,0
1/20/25 9:00,5.44,195,SSW,7.39,0,0
1/20/25 10:00,6.61,240,WSW,8.75,0,0
1/20/25 11:00,4.86,242,WSW,7,0,0
1/20/25 12:00,1.56,118,ESE,5.83,0,0
1/20/25 13:00,14.58,55,NE,17.69,0,0
1/20/25 14:00,7.19,350,N,12.05,0,0
1/20/25 15:00,1.75,76,ENE,3.3,0,0
1/20/25 16:00,8.16,123,ESE,9.33,0,0
1/20/25 17:00,10.11,125,SE,13.02,0,0
1/20/25 18:00,11.47,114,ESE,13.22,0,0
1/20/25 19:00,7.39,125,SE,8.36,0,0
1/20/25 20:00,1.94,223,SW,3.5,0,0
1/20/25 21:00,1.56,46,NE,2.14,0,0
1/20/25 22:00,2.72,106,ESE,3.11,0,0
1/20/25 23:00,3.89,143,SE,4.67,0,0
1/21/25 0:00,2.14,138,SE,3.11,0,0
1/21/25 1:00,3.3,114,ESE,4.47,0,0
1/21/25 2:00,0.39,172,S,0.97,0,0
1/21/25 3:00,1.36,182,S,2.33,0,0
1/21/25 4:00,1.17,134,SE,2.14,0,0
1/21/25 5:00,1.36,139,SE,2.72,0,0
1/21/25 6:00,6.61,78,ENE,7.78,0,0
1/21/25 7:00,1.56,173,S,2.53,0,0
1/21/25 8:00,3.5,157,SSE,3.89,0,0
1/21/25 9:00,4.28,104,ESE,6.8,0,0
1/21/25 10:00,4.67,85,E,6.8,0,0
1/21/25 11:00,8.36,101,E,11.47,0,0
1/21/25 12:00,12.83,93,E,16.13,0,0
1/21/25 13:00,8.94,102,ESE,11.66,0,0
1/21/25 14:00,7.19,82,E,8.55,0,0
1/21/25 15:00,8.16,88,E,9.72,0,0
1/21/25 16:00,7.39,97,E,8.94,0,0
1/21/25 17:00,8.75,102,ESE,11.08,0,0
1/21/25 18:00,7.39,74,ENE,8.94,0,0
1/21/25 19:00,7.58,79,E,8.94,0,0
1/21/25 20:00,3.3,77,ENE,5.64,0,0
1/21/25 21:00,2.14,114,ESE,3.11,0,0
1/21/25 22:00,2.14,97,E,2.72,0,0
1/21/25 23:00,1.94,148,SSE,3.89,0,0
1/22/25 0:00,1.56,107,ESE,2.92,0,0
1/22/25 1:00,1.17,229,SW,1.94,0,0
1/22/25 2:00,1.94,172,S,2.33,0,0
1/22/25 3:00,1.36,175,S,2.14,0,0
1/22/25 4:00,2.53,154,SSE,3.3,0,0
1/22/25 5:00,1.36,217,SW,2.14,0,0
1/22/25 6:00,2.72,225,SW,3.3,0,0
1/22/25 7:00,1.94,320,NW,3.11,0,0
1/22/25 8:00,3.11,168,SSE,3.69,0,0
1/22/25 9:00,2.33,246,WSW,3.3,0,0
1/22/25 10:00,1.94,297,WNW,2.92,0,0
1/22/25 11:00,0.97,304,NW,2.72,0,0
1/22/25 12:00,4.86,102,ESE,7.78,0,0
1/22/25 13:00,0.97,249,WSW,3.11,0,0
1/22/25 14:00,11.08,97,E,14.38,0,0
1/22/25 15:00,4.86,105,ESE,6.8,0,0
1/22/25 16:00,7.19,97,E,11.27,0,0
1/22/25 17:00,3.69,104,ESE,5.64,0,0
1/22/25 18:00,2.53,128,SE,3.5,0,0
1/22/25 19:00,0,71,ENE,0.97,0,0
1/22/25 20:00,3.89,75,ENE,4.67,0,0
1/22/25 21:00,2.92,313,NW,3.69,0,0
1/22/25 22:00,4.67,86,E,6.41,0,0
1/22/25 23:00,5.83,86,E,7.58,0,0
1/23/25 0:00,9.14,71,ENE,11.47,0,0
1/23/25 1:00,8.75,89,E,12.05,0,0
1/23/25 2:00,12.64,93,E,14.77,0,0
1/23/25 3:00,15.75,97,E,18.27,0,0
1/23/25 4:00,18.27,102,ESE,22.16,0,0
1/23/25 5:00,11.47,89,E,15.36,0,0
1/23/25 6:00,12.83,92,E,16.13,0,0
1/23/25 7:00,13.61,78,ENE,15.55,0,0
1/23/25 8:00,12.25,93,E,14.58,0,0
1/23/25 9:00,16.72,85,E,18.86,0,0
1/23/25 10:00,11.47,97,E,15.36,0,0
1/23/25 11:00,17.69,104,ESE,22.94,0,0
1/23/25 12:00,13.02,94,E,17.69,0,0
1/23/25 13:00,14,101,E,17.3,0,0
1/23/25 14:00,11.66,94,E,14.58,0,0
1/23/25 15:00,9.33,91,E,11.08,0,0
1/23/25 16:00,10.11,89,E,12.64,0,0
1/23/25 17:00,9.33,80,E,10.3,0,0
1/23/25 18:00,6.22,84,E,7.39,0,0
1/23/25 19:00,7.58,88,E,8.94,0,0
1/23/25 20:00,5.64,86,E,6.61,0,0
1/23/25 21:00,5.25,67,ENE,6.61,0,0
1/23/25 22:00,4.47,145,SE,5.64,0,0
1/23/25 23:00,0.78,65,ENE,1.17,0,0
1/24/25 0:00,0.19,177,S,0.97,0,0
1/24/25 1:00,2.14,121,ESE,2.33,0,0
1/24/25 2:00,1.94,143,SE,2.53,0,0
1/24/25 3:00,0.58,76,ENE,0.97,0,0
1/24/25 4:00,4.67,101,E,8.55,0,0
1/24/25 5:00,0.78,224,SW,2.53,0,0
1/24/25 6:00,8.75,78,ENE,9.91,0,0
1/24/25 7:00,3.69,103,ESE,6.22,0,0
1/24/25 8:00,7.58,89,E,9.33,0,0
1/24/25 9:00,9.72,91,E,11.27,0,0
1/24/25 10:00,11.86,80,E,13.22,0,0
1/24/25 11:00,11.86,85,E,13.61,0,0
1/24/25 12:00,8.75,87,E,10.11,0,0
1/24/25 13:00,7.39,91,E,9.14,0,0
1/24/25 14:00,7.39,96,E,8.94,0,0
1/24/25 15:00,5.83,84,E,7.39,0,0
1/24/25 16:00,4.86,98,E,6.22,0,0
1/24/25 17:00,2.33,60,ENE,3.11,0,0
1/24/25 18:00,1.56,178,S,2.72,0,0
1/24/25 19:00,2.92,212,SSW,3.69,0,0
1/24/25 20:00,2.14,225,SW,2.72,0,0
1/24/25 21:00,4.28,207,SSW,5.05,0,0
1/24/25 22:00,2.14,267,W,3.5,0,0
1/24/25 23:00,6.61,238,WSW,8.55,0,0
1/25/25 0:00,7.78,222,SW,10.5,0,0
1/25/25 1:00,3.3,223,SW,4.47,0,0
1/25/25 2:00,3.11,311,NW,6.22,0,0
1/25/25 3:00,5.25,68,ENE,6.22,0,0
1/25/25 4:00,5.25,134,SE,5.64,0,0
1/25/25 5:00,0.58,263,W,1.17,0,0
1/25/25 6:00,1.56,2,N,4.67,0,0
1/25/25 7:00,2.33,267,W,3.11,0,0
1/25/25 8:00,3.69,212,SSW,4.47,0,0
1/25/25 9:00,4.28,272,W,5.64,0,0
1/25/25 10:00,5.05,286,WNW,6.22,0,0
1/25/25 11:00,2.33,258,WSW,4.08,0,0
1/25/25 12:00,1.94,331,NNW,3.11,0,0
1/25/25 13:00,1.56,47,NE,1.94,0,0
1/25/25 14:00,0.19,219,SW,1.17,0,0
1/25/25 15:00,3.69,67,ENE,3.89,0,0
1/25/25 16:00,2.72,106,ESE,4.28,0,0
1/25/25 17:00,2.72,214,SW,3.69,0,0
1/25/25 18:00,2.14,87,E,3.3,0,0
1/25/25 19:00,6.41,60,ENE,7,0,0
1/25/25 20:00,4.86,99,E,5.83,0,0
1/25/25 21:00,4.47,101,E,5.64,0,0
1/25/25 22:00,2.14,60,ENE,3.11,0,0
1/25/25 23:00,3.3,83,E,4.67,0,0
1/26/25 0:00,7,94,E,8.94,0,0
1/26/25 1:00,12.44,74,ENE,15.16,0,0
1/26/25 2:00,11.86,89,E,16.72,0,0
1/26/25 3:00,11.27,100,E,15.16,0,0
1/26/25 4:00,12.05,55,NE,17.11,0,0
1/26/25 5:00,14.19,65,ENE,16.72,0,0
1/26/25 6:00,7.78,77,ENE,9.72,0,0
1/26/25 7:00,6.8,68,ENE,9.14,0,0
1/26/25 8:00,6.61,61,ENE,8.16,0,0
1/26/25 9:00,11.27,31,NNE,12.83,0,0
1/26/25 10:00,10.11,55,NE,11.86,0,0
1/26/25 11:00,10.69,65,ENE,13.02,0,0
1/26/25 12:00,14.19,62,ENE,17.3,0,0
1/26/25 13:00,5.83,76,ENE,8.75,0,0
1/26/25 14:00,8.36,338,NNW,11.47,0,0
1/26/25 15:00,8.55,7,N,13.22,0,0
1/26/25 16:00,7.78,15,NNE,10.11,0,0
1/26/25 17:00,9.91,0,N,12.25,0,0
1/26/25 18:00,2.33,40,NE,4.28,0,0
1/26/25 19:00,2.14,165,SSE,3.5,0,0
1/26/25 20:00,4.28,215,SW,4.86,0,0
1/26/25 21:00,4.28,197,SSW,5.44,0,0
1/26/25 22:00,2.92,199,SSW,5.25,0,0
1/26/25 23:00,2.14,186,S,3.11,0,0
1/27/25 0:00,0.58,306,NW,0.97,0,0
1/27/25 1:00,3.5,126,SE,4.08,0,0
1/27/25 2:00,3.89,139,SE,4.08,0,0
1/27/25 3:00,2.92,188,S,3.89,0,0
1/27/25 4:00,3.5,167,SSE,4.67,0,0
1/27/25 5:00,2.72,134,SE,3.5,0,0
1/27/25 6:00,2.33,179,S,3.3,0,0
1/27/25 7:00,2.14,191,S,3.5,0,0
1/27/25 8:00,0.39,235,SW,1.17,0,0
1/27/25 9:00,3.11,248,WSW,4.47,0,0
1/27/25 10:00,2.33,249,WSW,3.3,0,0
1/27/25 11:00,1.36,272,W,2.53,0,0
1/27/25 12:00,4.08,237,WSW,5.05,0,0
1/27/25 13:00,3.69,231,SW,4.67,0,0
1/27/25 14:00,6.03,219,SW,7,0,0
1/27/25 15:00,4.67,220,SW,5.44,0,0
1/27/25 16:00,4.67,245,WSW,7.97,0,0
1/27/25 17:00,8.16,212,SSW,9.52,0,0
1/27/25 18:00,7,214,SW,8.36,0,0
1/27/25 19:00,3.5,219,SW,5.05,0,0
1/27/25 20:00,3.3,239,WSW,3.69,0,0
1/27/25 21:00,3.11,244,WSW,3.5,0,0
1/27/25 22:00,1.94,263,W,2.72,0,0
1/27/25 23:00,2.33,216,SW,2.72,0,0
1/28/25 0:00,2.72,241,WSW,3.3,0,0
1/28/25 1:00,2.72,234,SW,3.3,0,0
1/28/25 2:00,3.3,225,SW,4.28,0,0
1/28/25 3:00,1.94,165,SSE,2.72,0,0
1/28/25 4:00,2.92,299,WNW,3.89,0,0
1/28/25 5:00,1.36,171,S,2.92,0,0
1/28/25 6:00,1.36,242,WSW,2.53,0,0
1/28/25 7:00,1.36,265,W,3.3,0,0
1/28/25 8:00,1.56,203,SSW,3.11,0,0
1/28/25 9:00,0.97,279,W,3.11,0,0
1/28/25 10:00,2.33,234,SW,3.69,0,0
1/28/25 11:00,1.17,303,WNW,2.14,0,0
1/28/25 12:00,3.11,286,WNW,4.47,0,0
1/28/25 13:00,1.36,268,W,2.53,0,0
1/28/25 14:00,2.33,319,NW,2.72,0,0
1/28/25 15:00,2.33,290,WNW,3.11,0,0
1/28/25 16:00,5.25,252,WSW,7.19,0,0
1/28/25 17:00,8.36,236,SW,9.91,0,0
1/28/25 18:00,8.75,298,WNW,11.27,0,0
1/28/25 19:00,13.61,309,NW,15.55,0,0
1/28/25 20:00,10.89,301,WNW,13.41,0,0
1/28/25 21:00,10.5,305,NW,12.05,0,0
1/28/25 22:00,7,266,W,10.11,0,0
1/28/25 23:00,6.22,220,SW,7.39,0,0
1/29/25 0:00,4.47,218,SW,5.64,0,0
1/29/25 1:00,4.67,214,SW,5.83,0,0
1/29/25 2:00,1.75,252,WSW,2.53,0,0
1/29/25 3:00,0.97,160,SSE,2.33,0,0
1/29/25 4:00,1.36,152,SSE,1.75,0,0
1/29/25 5:00,3.89,332,NNW,4.86,0,0
1/29/25 6:00,1.56,345,NNW,2.53,0,0
1/29/25 7:00,1.75,54,NE,2.72,0,0
1/29/25 8:00,1.56,49,NE,2.53,0,0
1/29/25 9:00,0.78,8,N,2.14,0,0
1/29/25 10:00,3.3,337,NNW,4.08,0,0
1/29/25 11:00,5.25,321,NW,6.22,0,0
1/29/25 12:00,2.53,305,NW,5.25,0,0
1/29/25 13:00,4.67,309,NW,5.83,0,0
1/29/25 14:00,6.8,313,NW,7.39,0,0
1/29/25 15:00,6.22,318,NW,6.8,0,0
1/29/25 16:00,4.28,301,WNW,6.03,0,0
1/29/25 17:00,3.89,284,WNW,6.61,0,0
1/29/25 18:00,5.05,243,WSW,7.19,0,0
1/29/25 19:00,7.78,321,NW,9.52,0,0
1/29/25 20:00,10.5,318,NW,12.25,0,0
1/29/25 21:00,7.19,325,NW,8.16,0,0
1/29/25 22:00,8.75,320,NW,9.91,0,0
1/29/25 23:00,5.05,313,NW,7.78,0,0
1/30/25 0:00,0.97,335,NNW,2.14,0,0
1/30/25 1:00,1.17,331,NNW,3.11,0,0
1/30/25 2:00,2.14,337,NNW,5.83,0,0
1/30/25 3:00,0.78,79,E,3.89,0,0
1/30/25 4:00,3.5,4,N,5.05,0,0
1/30/25 5:00,4.67,9,N,5.05,0,0
1/30/25 6:00,1.56,358,N,2.53,0,0
1/30/25 7:00,6.22,359,N,8.16,0,0
1/30/25 8:00,3.69,63,ENE,4.47,0,0
1/30/25 9:00,3.5,342,NNW,5.64,0,0
1/30/25 10:00,5.05,351,N,8.16,0,0
1/30/25 11:00,2.72,324,NW,5.25,0,0
1/30/25 12:00,4.28,323,NW,6.61,0,0
1/30/25 13:00,3.11,316,NW,4.86,0,0
1/30/25 14:00,2.72,310,NW,4.08,0,0
1/30/25 15:00,2.92,304,NW,4.28,0,0
1/30/25 16:00,2.72,288,WNW,5.83,0,0
1/30/25 17:00,3.89,312,NW,6.03,0,0
1/30/25 18:00,5.05,258,WSW,9.52,0,0
1/30/25 19:00,6.22,219,SW,7.39,0,0
1/30/25 20:00,5.64,220,SW,8.16,0,0
1/30/25 21:00,6.61,306,NW,8.94,0,0
1/30/25 22:00,4.08,326,NW,5.05,0,0
1/30/25 23:00,,,,,1,1
1/31/25 0:00,2.33,132,SE,3.3,0,0
1/31/25 1:00,2.33,76,ENE,3.11,0,0
1/31/25 2:00,4.28,210,SSW,7.39,0,0
1/31/25 3:00,4.47,212,SSW,7.97,0,0
1/31/25 4:00,3.3,182,S,5.05,0,0
1/31/25 5:00,2.53,178,S,3.89,0,0
1/31/25 6:00,1.56,218,SW,2.92,0,0
1/31/25 7:00,1.17,77,ENE,2.14,0,0
1/31/25 8:00,7.97,74,ENE,8.94,0,0
1/31/25 9:00,,,,,1,1
1/31/25 10:00,7.58,122,ESE,9.14,0,0
1/31/25 11:00,7,90,E,8.94,0,0
1/31/25 12:00,7.58,98,E,9.33,0,0
1/31/25 13:00,9.72,85,E,11.27,0,0
1/31/25 14:00,7,82,E,9.14,0,0
1/31/25 15:00,7.78,90,E,10.11,0,0
1/31/25 16:00,7.19,97,E,8.16,0,0
1/31/25 17:00,8.75,101,E,9.72,0,0
1/31/25 18:00,8.75,105,ESE,9.91,0,0
1/31/25 19:00,8.94,126,SE,10.69,0,0
1/31/25 20:00,6.03,104,ESE,8.75,0,0
1/31/25 21:00,7.58,87,E,8.36,0,0
1/31/25 22:00,2.53,86,E,4.08,0,0
1/31/25 23:00,6.22,91,E,7.19,0,0
2/1/25 0:00,5.44,67,ENE,6.61,0,0
2/1/25 1:00,3.5,103,ESE,5.25,0,0
2/1/25 2:00,5.05,81,E,6.8,0,0
2/1/25 3:00,4.47,65,ENE,4.86,0,0
2/1/25 4:00,6.03,83,E,7.97,0,0
2/1/25 5:00,8.36,90,E,9.91,0,0
2/1/25 6:00,9.33,84,E,10.11,0,0
2/1/25 7:00,7.97,89,E,10.3,0,0
2/1/25 8:00,8.36,85,E,9.72,0,0
2/1/25 9:00,9.14,87,E,10.89,0,0
2/1/25 10:00,11.47,89,E,12.64,0,0
2/1/25 11:00,6.8,85,E,8.16,0,0
2/1/25 12:00,9.14,79,E,10.3,0,0
2/1/25 13:00,6.22,90,E,7.97,0,0
2/1/25 14:00,14,219,SW,20.41,0,0
2/1/25 15:00,17.49,226,SW,23.71,0,0
2/1/25 16:00,15.55,223,SW,21.19,0,0
2/1/25 17:00,14.38,223,SW,21.38,0,0
2/1/25 18:00,13.41,214,SW,16.33,0,0
2/1/25 19:00,10.89,213,SSW,16.91,0,0
2/1/25 20:00,12.05,215,SW,16.52,0,0
2/1/25 21:00,11.08,213,SSW,14.19,0,0
2/1/25 22:00,8.75,216,SW,15.94,0,0
2/1/25 23:00,16.52,218,SW,21.97,0,0
2/2/25 0:00,14.38,221,SW,18.66,0,0
2/2/25 1:00,16.52,219,SW,22.55,0,0
2/2/25 2:00,16.91,221,SW,24.1,0,0
2/2/25 3:00,15.16,217,SW,21.77,0,0
2/2/25 4:00,15.75,211,SSW,23.33,0,0
2/2/25 5:00,18.47,215,SW,24.88,0,0
2/2/25 6:00,17.69,212,SSW,25.27,0,0
2/2/25 7:00,15.16,213,SSW,21.58,0,0
2/2/25 8:00,16.52,208,SSW,23.13,0,0
2/2/25 9:00,15.36,209,SSW,20.6,0,0
2/2/25 10:00,14.77,211,SSW,19.63,0,0
2/2/25 11:00,14,212,SSW,17.49,0,0
2/2/25 12:00,13.41,214,SW,18.66,0,0
2/2/25 13:00,11.86,212,SSW,16.91,0,0
2/2/25 14:00,10.89,205,SSW,14.97,0,0
2/2/25 15:00,14.38,211,SSW,17.11,0,0
2/2/25 16:00,11.47,211,SSW,16.13,0,0
2/2/25 17:00,14.77,211,SSW,18.08,0,0
2/2/25 18:00,14.77,208,SSW,19.63,0,0
2/2/25 19:00,12.83,206,SSW,15.75,0,0
2/2/25 20:00,10.5,199,SSW,14.38,0,0
2/2/25 21:00,8.16,196,SSW,12.83,0,0
2/2/25 22:00,11.47,205,SSW,14.77,0,0
2/2/25 23:00,10.11,208,SSW,12.05,0,0
2/3/25 0:00,7.97,214,SW,10.11,0,0
2/3/25 1:00,5.83,257,WSW,8.16,0,0
2/3/25 2:00,7.39,242,WSW,9.91,0,0
2/3/25 3:00,10.3,221,SW,12.83,0,0
2/3/25 4:00,7.97,214,SW,10.5,0,0
2/3/25 5:00,7.78,211,SSW,12.83,0,0
2/3/25 6:00,9.91,202,SSW,13.22,0,0
2/3/25 7:00,9.33,198,SSW,14,0,0
2/3/25 8:00,9.52,184,S,15.55,0,0
2/3/25 9:00,7.58,192,SSW,10.3,0,0
2/3/25 10:00,10.89,198,SSW,14,0,0
2/3/25 11:00,15.55,196,SSW,18.86,0,0
2/3/25 12:00,11.86,211,SSW,19.83,0,0
2/3/25 13:00,12.64,202,SSW,16.91,0,0
2/3/25 14:00,16.52,203,SSW,24.88,0,0
2/3/25 15:00,16.13,214,SW,19.83,0,0
2/3/25 16:00,13.61,205,SSW,18.86,0,0
2/3/25 17:00,13.41,209,SSW,20.41,0,0
2/3/25 18:00,13.02,179,S,20.8,0,0
2/3/25 19:00,11.47,215,SW,16.13,0,0
2/3/25 20:00,9.72,210,SSW,13.61,0,0
2/3/25 21:00,12.25,204,SSW,17.69,0,0
2/3/25 22:00,15.75,197,SSW,20.41,0,0
2/3/25 23:00,13.61,202,SSW,17.69,0,0
2/4/25 0:00,13.8,200,SSW,16.72,0,0
2/4/25 1:00,13.22,183,S,21.19,0,0
2/4/25 2:00,10.11,156,SSE,13.22,0,0
2/4/25 3:00,10.69,174,S,16.13,0,0
2/4/25 4:00,9.52,166,SSE,16.13,0,0
2/4/25 5:00,14,182,S,20.22,0,0
2/4/25 6:00,14.58,166,SSE,22.55,0,0
2/4/25 7:00,16.52,165,SSE,22.16,0,0
2/4/25 8:00,18.66,168,SSE,26.63,0,0
2/4/25 9:00,13.8,153,SSE,19.63,0,0
2/4/25 10:00,17.11,160,SSE,24.3,0,0
2/4/25 11:00,16.72,164,SSE,23.13,0,0
2/4/25 12:00,18.86,164,SSE,24.88,0,0
2/4/25 13:00,17.3,161,SSE,28.77,0,0
2/4/25 14:00,17.11,166,SSE,25.27,0,0
2/4/25 15:00,16.91,181,S,26.05,0,0
2/4/25 16:00,16.33,179,S,22.16,0,0
2/4/25 17:00,8.94,277,W,12.44,0,0
2/4/25 18:00,10.89,255,WSW,14.58,0,0
2/4/25 19:00,13.41,266,W,16.72,0,0
2/4/25 20:00,14.38,279,W,22.94,0,0
2/4/25 21:00,14,279,W,19.83,0,0
2/4/25 22:00,12.25,275,W,17.11,0,0
2/4/25 23:00,9.72,287,WNW,16.52,0,0
2/5/25 0:00,17.3,303,WNW,23.71,0,0
2/5/25 1:00,11.08,303,WNW,14,0,0
2/5/25 2:00,5.25,337,NNW,8.75,0,0
2/5/25 3:00,4.28,290,WNW,6.61,0,0
2/5/25 4:00,4.28,153,SSE,5.05,0,0
2/5/25 5:00,3.89,137,SE,4.86,0,0
2/5/25 6:00,1.75,131,SE,3.89,0,0
2/5/25 7:00,2.14,159,SSE,4.67,0,0
2/5/25 8:00,3.11,329,NNW,3.69,0,0
2/5/25 9:00,4.28,357,N,4.86,0,0
2/5/25 10:00,1.94,346,NNW,2.33,0,0
2/5/25 11:00,2.92,50,NE,3.69,0,0
2/5/25 12:00,0.97,8,N,1.36,0,0
2/5/25 13:00,2.72,263,W,5.05,0,0
2/5/25 14:00,5.44,302,WNW,6.03,0,0
2/5/25 15:00,4.86,305,NW,5.44,0,0
2/5/25 16:00,2.33,291,WNW,4.28,0,0
2/5/25 17:00,2.14,246,WSW,3.11,0,0
2/5/25 18:00,5.44,135,SE,6.61,0,0
2/5/25 19:00,1.36,135,SE,1.75,0,0
2/5/25 20:00,2.72,142,SE,3.3,0,0
2/5/25 21:00,5.64,77,ENE,6.8,0,0
2/5/25 22:00,2.72,138,SE,3.69,0,0
2/5/25 23:00,4.08,98,E,4.67,0,0
2/6/25 0:00,4.67,104,ESE,6.61,0,0
2/6/25 1:00,5.25,89,E,6.8,0,0
2/6/25 2:00,14,89,E,17.49,0,0
2/6/25 3:00,16.33,91,E,19.83,0,0
2/6/25 4:00,17.11,87,E,20.22,0,0
2/6/25 5:00,14,97,E,18.27,0,0
2/6/25 6:00,11.08,98,E,15.55,0,0
2/6/25 7:00,10.11,112,ESE,12.25,0,0
2/6/25 8:00,15.36,101,E,21.38,0,0
2/6/25 9:00,21.58,98,E,27.41,0,0
2/6/25 10:00,18.08,96,E,21.77,0,0
2/6/25 11:00,19.83,90,E,23.52,0,0
2/6/25 12:00,17.69,98,E,21.58,0,0
2/6/25 13:00,15.75,104,ESE,20.6,0,0
2/6/25 14:00,15.55,103,ESE,18.66,0,0
2/6/25 15:00,14.58,110,ESE,17.11,0,0
2/6/25 16:00,14,204,SSW,20.41,0,0
2/6/25 17:00,18.47,212,SSW,25.27,0,0
2/6/25 18:00,18.86,212,SSW,25.08,0,0
2/6/25 19:00,17.69,212,SSW,25.66,0,0
2/6/25 20:00,25.08,222,SW,34.41,0,0
2/6/25 21:00,19.83,215,SW,24.69,0,0
2/6/25 22:00,14.77,281,W,18.27,0,0
2/6/25 23:00,11.86,272,W,15.75,0,0
2/7/25 0:00,12.64,245,WSW,18.08,0,0
2/7/25 1:00,8.55,252,WSW,13.41,0,0
2/7/25 2:00,7.97,230,SW,11.66,0,0
2/7/25 3:00,7.19,270,W,11.27,0,0
2/7/25 4:00,8.36,269,W,10.89,0,0
2/7/25 5:00,4.47,263,W,8.16,0,0
2/7/25 6:00,4.08,268,W,5.05,0,0
2/7/25 7:00,4.08,284,WNW,6.22,0,0
2/7/25 8:00,3.89,214,SW,7.19,0,0
2/7/25 9:00,3.3,268,W,4.67,0,0
2/7/25 10:00,2.14,322,NW,3.3,0,0
2/7/25 11:00,4.28,238,WSW,5.44,0,0
2/7/25 12:00,4.67,259,W,6.8,0,0
2/7/25 13:00,4.67,248,WSW,6.8,0,0
2/7/25 14:00,4.08,253,WSW,5.83,0,0
2/7/25 15:00,3.69,247,WSW,5.64,0,0
2/7/25 16:00,5.25,256,WSW,6.61,0,0
2/7/25 17:00,5.44,288,WNW,8.94,0,0
2/7/25 18:00,8.55,294,WNW,11.66,0,0
2/7/25 19:00,5.64,277,W,8.16,0,0
2/7/25 20:00,4.67,267,W,6.03,0,0
2/7/25 21:00,5.05,271,W,6.03,0,0
2/7/25 22:00,3.89,270,W,6.8,0,0
2/7/25 23:00,4.86,290,WNW,10.11,0,0
2/8/25 0:00,7.78,318,NW,9.91,0,0
2/8/25 1:00,9.33,318,NW,11.66,0,0
2/8/25 2:00,1.36,15,NNE,3.3,0,0
2/8/25 3:00,0.78,128,SE,1.56,0,0
2/8/25 4:00,2.14,252,WSW,4.28,0,0
2/8/25 5:00,3.11,158,SSE,4.08,0,0
2/8/25 6:00,3.69,213,SSW,4.28,0,0
2/8/25 7:00,2.92,170,S,4.28,0,0
2/8/25 8:00,1.56,338,NNW,2.72,0,0
2/8/25 9:00,2.72,273,W,4.86,0,0
2/8/25 10:00,3.5,236,SW,4.86,0,0
2/8/25 11:00,3.69,250,WSW,4.86,0,0
2/8/25 12:00,3.5,244,WSW,4.28,0,0
2/8/25 13:00,3.5,222,SW,4.28,0,0
2/8/25 14:00,2.92,247,WSW,3.89,0,0
2/8/25 15:00,4.28,251,WSW,5.83,0,0
2/8/25 16:00,3.69,251,WSW,5.25,0,0
2/8/25 17:00,6.41,308,NW,8.75,0,0
2/8/25 18:00,8.36,316,NW,11.08,0,0
2/8/25 19:00,3.11,337,NNW,5.25,0,0
2/8/25 20:00,2.72,9,N,3.5,0,0
2/8/25 21:00,1.94,272,W,3.11,0,0
2/8/25 22:00,2.53,197,SSW,3.3,0,0
2/8/25 23:00,3.5,183,S,5.05,0,0
2/9/25 0:00,3.11,198,SSW,4.08,0,0
2/9/25 1:00,5.64,209,SSW,7.78,0,0
2/9/25 2:00,6.41,216,SW,7.78,0,0
2/9/25 3:00,3.3,260,W,5.83,0,0
2/9/25 4:00,5.05,198,SSW,6.22,0,0
2/9/25 5:00,2.33,197,SSW,4.47,0,0
2/9/25 6:00,4.08,174,S,5.83,0,0
2/9/25 7:00,4.28,160,SSE,5.44,0,0
2/9/25 8:00,1.94,183,S,4.08,0,0
2/9/25 9:00,3.89,232,SW,4.47,0,0
2/9/25 10:00,3.69,229,SW,4.28,0,0
2/9/25 11:00,2.92,245,WSW,3.69,0,0
2/9/25 12:00,4.28,284,WNW,5.44,0,0
2/9/25 13:00,4.67,55,NE,6.03,0,0
2/9/25 14:00,5.44,71,ENE,6.41,0,0
2/9/25 15:00,2.53,86,E,3.69,0,0
2/9/25 16:00,3.11,298,WNW,4.67,0,0
2/9/25 17:00,1.36,272,W,2.53,0,0
2/9/25 18:00,0,215,SW,1.56,0,0
2/9/25 19:00,0.58,295,WNW,2.53,0,0
2/9/25 20:00,7.39,298,WNW,9.14,0,0
2/9/25 21:00,3.89,219,SW,5.64,0,0
2/9/25 22:00,3.3,171,S,4.28,0,0
2/9/25 23:00,2.53,173,S,3.5,0,0
2/10/25 0:00,2.72,161,SSE,3.69,0,0
2/10/25 1:00,1.75,224,SW,2.14,0,0
2/10/25 2:00,3.69,124,SE,4.67,0,0
2/10/25 3:00,0.58,90,E,0.97,0,0
2/10/25 4:00,0.78,230,SW,2.53,0,0
2/10/25 5:00,3.5,149,SSE,4.47,0,0
2/10/25 6:00,2.53,245,WSW,4.28,0,0
2/10/25 7:00,3.5,141,SE,4.86,0,0
2/10/25 8:00,2.33,149,SSE,3.3,0,0
2/10/25 9:00,1.56,343,NNW,2.33,0,0
2/10/25 10:00,1.17,306,NW,1.94,0,0
2/10/25 11:00,2.14,301,WNW,3.11,0,0
2/10/25 12:00,5.25,299,WNW,6.03,0,0
2/10/25 13:00,5.05,290,WNW,7.39,0,0
2/10/25 14:00,3.89,275,W,6.41,0,0
2/10/25 15:00,4.28,309,NW,4.86,0,0
2/10/25 16:00,5.25,322,NW,5.83,0,0
2/10/25 17:00,4.86,271,W,6.8,0,0
2/10/25 18:00,4.86,269,W,7.58,0,0
2/10/25 19:00,6.61,306,NW,7.97,0,0
2/10/25 20:00,2.72,241,WSW,5.05,0,0
2/10/25 21:00,3.11,254,WSW,5.64,0,0
2/10/25 22:00,4.28,204,SSW,5.64,0,0
2/10/25 23:00,2.92,185,S,3.3,0,0
2/11/25 0:00,3.11,218,SW,4.47,0,0
2/11/25 1:00,4.67,215,SW,5.44,0,0
2/11/25 2:00,2.92,219,SW,3.69,0,0
2/11/25 3:00,4.47,202,SSW,5.64,0,0
2/11/25 4:00,1.94,188,S,3.11,0,0
2/11/25 5:00,2.33,230,SW,3.5,0,0
2/11/25 6:00,3.69,334,NNW,5.05,0,0
2/11/25 7:00,2.14,312,NW,3.5,0,0
2/11/25 8:00,3.69,330,NNW,4.67,0,0
2/11/25 9:00,2.33,256,WSW,3.3,0,0
2/11/25 10:00,4.47,323,NW,5.83,0,0
2/11/25 11:00,3.69,296,WNW,5.83,0,0
2/11/25 12:00,6.22,319,NW,7.39,0,0
2/11/25 13:00,5.64,309,NW,6.22,0,0
2/11/25 14:00,5.25,328,NNW,6.22,0,0
2/11/25 15:00,4.08,298,WNW,5.05,0,0
2/11/25 16:00,6.61,293,WNW,10.11,0,0
2/11/25 17:00,3.5,286,WNW,5.64,0,0
2/11/25 18:00,5.25,273,W,7.78,0,0
2/11/25 19:00,6.8,298,WNW,8.94,0,0
2/11/25 20:00,6.41,301,WNW,8.55,0,0
2/11/25 21:00,3.69,288,WNW,8.55,0,0
2/11/25 22:00,6.03,243,WSW,8.94,0,0
2/11/25 23:00,4.28,262,W,6.03,0,0
2/12/25 0:00,2.92,254,WSW,4.08,0,0
2/12/25 1:00,1.56,290,WNW,2.14,0,0
2/12/25 2:00,3.89,50,NE,4.28,0,0
2/12/25 3:00,3.89,94,E,4.47,0,0
2/12/25 4:00,5.64,94,E,7.19,0,0
2/12/25 5:00,10.69,88,E,12.44,0,0
2/12/25 6:00,7.78,126,SE,10.5,0,0
2/12/25 7:00,11.66,100,E,14.38,0,0
2/12/25 8:00,11.47,108,ESE,12.83,0,0
2/12/25 9:00,9.33,111,ESE,12.83,0,0
2/12/25 10:00,13.61,95,E,15.75,0,0
2/12/25 11:00,13.22,103,ESE,16.13,0,0
2/12/25 12:00,13.02,90,E,18.47,0,0
2/12/25 13:00,13.22,91,E,15.55,0,0
2/12/25 14:00,12.83,99,E,17.11,0,0
2/12/25 15:00,13.22,92,E,15.36,0,0
2/12/25 16:00,12.64,86,E,14.38,0,0
2/12/25 17:00,10.89,92,E,14.58,0,0
2/12/25 18:00,10.3,91,E,12.25,0,0
2/12/25 19:00,10.69,98,E,12.64,0,0
2/12/25 20:00,6.41,97,E,8.16,0,0
2/12/25 21:00,12.64,94,E,14,0,0
2/12/25 22:00,13.41,94,E,15.75,0,0
2/12/25 23:00,15.94,96,E,19.24,0,0
2/13/25 0:00,15.55,95,E,17.3,0,0
2/13/25 1:00,11.27,84,E,15.16,0,0
2/13/25 2:00,11.08,159,SSE,17.11,0,0
2/13/25 3:00,14,207,SSW,20.41,0,0
2/13/25 4:00,14.97,230,SW,21.77,0,0
2/13/25 5:00,14.19,199,SSW,20.22,0,0
2/13/25 6:00,16.91,215,SW,22.35,0,0
2/13/25 7:00,18.86,214,SW,25.27,0,0
2/13/25 8:00,17.88,223,SW,23.13,0,0
2/13/25 9:00,20.8,217,SW,27.02,0,0
2/13/25 10:00,20.02,213,SSW,25.46,0,0
2/13/25 11:00,19.05,213,SSW,24.88,0,0
2/13/25 12:00,17.69,206,SSW,26.82,0,0
2/13/25 13:00,27.02,219,SW,35.77,0,0
2/13/25 14:00,25.46,224,SW,32.66,0,0
2/13/25 15:00,21.38,223,SW,28.38,0,0
2/13/25 16:00,21.19,221,SW,28.77,0,0
2/13/25 17:00,21.19,240,WSW,25.46,0,0
2/13/25 18:00,16.33,237,WSW,21.19,0,0
2/13/25 19:00,13.8,241,WSW,22.16,0,0
2/13/25 20:00,15.75,232,SW,20.22,0,0
2/13/25 21:00,14.77,239,WSW,23.13,0,0
2/13/25 22:00,18.08,236,SW,23.91,0,0
2/13/25 23:00,12.44,254,WSW,16.33,0,0
2/14/25 0:00,12.64,256,WSW,16.91,0,0
2/14/25 1:00,13.02,251,WSW,18.86,0,0
2/14/25 2:00,18.27,286,WNW,23.71,0,0
2/14/25 3:00,14.97,280,W,19.83,0,0
2/14/25 4:00,15.55,279,W,21.38,0,0
2/14/25 5:00,10.11,271,W,14.19,0,0
2/14/25 6:00,12.25,277,W,17.69,0,0
2/14/25 7:00,13.41,274,W,15.55,0,0
2/14/25 8:00,9.72,288,WNW,13.22,0,0
2/14/25 9:00,7.39,278,W,11.66,0,0
2/14/25 10:00,6.8,284,WNW,9.52,0,0
2/14/25 11:00,9.14,273,W,12.44,0,0
2/14/25 12:00,7.19,280,W,9.72,0,0
2/14/25 13:00,8.16,272,W,11.08,0,0
2/14/25 14:00,9.33,270,W,11.86,0,0
2/14/25 15:00,9.33,277,W,13.02,0,0
2/14/25 16:00,10.5,273,W,13.41,0,0
2/14/25 17:00,10.3,272,W,12.25,0,0
2/14/25 18:00,8.75,269,W,10.3,0,0
2/14/25 19:00,5.44,258,WSW,7.39,0,0
2/14/25 20:00,5.25,266,W,7.78,0,0
2/14/25 21:00,3.3,237,WSW,6.22,0,0
2/14/25 22:00,4.47,257,WSW,6.41,0,0
2/14/25 23:00,3.3,231,SW,5.64,0,0
2/15/25 0:00,1.56,234,SW,3.3,0,0
2/15/25 1:00,3.3,234,SW,4.08,0,0
2/15/25 2:00,0.78,238,WSW,2.53,0,0
2/15/25 3:00,3.3,240,WSW,4.28,0,0
2/15/25 4:00,3.69,158,SSE,4.86,0,0
2/15/25 5:00,2.53,221,SW,4.28,0,0
2/15/25 6:00,1.75,191,S,2.92,0,0
2/15/25 7:00,2.33,233,SW,3.3,0,0
2/15/25 8:00,5.25,218,SW,6.22,0,0
2/15/25 9:00,4.08,216,SW,5.05,0,0
2/15/25 10:00,1.36,287,WNW,2.92,0,0
2/15/25 11:00,1.36,313,NW,2.14,0,0
2/15/25 12:00,3.5,255,WSW,4.28,0,0
2/15/25 13:00,3.11,256,WSW,3.69,0,0
2/15/25 14:00,3.3,310,NW,3.5,0,0
2/15/25 15:00,5.05,297,WNW,5.44,0,0
2/15/25 16:00,2.92,261,W,3.5,0,0
2/15/25 17:00,1.75,321,NW,1.75,0,0
2/15/25 18:00,1.56,185,S,1.94,0,0
2/15/25 19:00,1.17,123,ESE,1.75,0,0
2/15/25 20:00,0.19,225,SW,3.3,0,0
2/15/25 21:00,3.89,208,SSW,5.05,0,0
2/15/25 22:00,5.83,206,SSW,7.19,0,0
2/15/25 23:00,5.83,156,SSE,6.41,0,0
2/16/25 0:00,2.92,210,SSW,5.64,0,0
2/16/25 1:00,1.56,222,SW,3.11,0,0
2/16/25 2:00,0.39,254,WSW,1.75,0,0
2/16/25 3:00,6.61,161,SSE,8.16,0,0
2/16/25 4:00,1.17,128,SE,2.14,0,0
2/16/25 5:00,1.36,333,NNW,2.53,0,0
2/16/25 6:00,5.64,333,NNW,6.61,0,0
2/16/25 7:00,3.11,139,SE,3.69,0,0
2/16/25 8:00,12.44,99,E,14.58,0,0
2/16/25 9:00,8.94,72,ENE,9.52,0,0
2/16/25 10:00,5.05,83,E,5.83,0,0
2/16/25 11:00,3.5,342,NNW,3.69,0,0
2/16/25 12:00,4.08,282,WNW,5.64,0,0
2/16/25 13:00,4.08,293,WNW,5.64,0,0
2/16/25 14:00,1.94,293,WNW,2.53,0,0
2/16/25 15:00,3.89,284,WNW,4.47,0,0
2/16/25 16:00,5.44,290,WNW,6.22,0,0
2/16/25 17:00,5.83,243,WSW,9.14,0,0
2/16/25 18:00,7.19,238,WSW,9.52,0,0
2/16/25 19:00,4.28,245,WSW,5.83,0,0
2/16/25 20:00,3.89,247,WSW,6.41,0,0
2/16/25 21:00,4.86,288,WNW,6.22,0,0
2/16/25 22:00,7.19,294,WNW,8.94,0,0
2/16/25 23:00,6.61,296,WNW,9.14,0,0
2/17/25 0:00,9.91,286,WNW,12.05,0,0
2/17/25 1:00,8.36,281,W,10.69,0,0
2/17/25 2:00,2.33,264,W,4.86,0,0
2/17/25 3:00,4.08,264,W,6.41,0,0
2/17/25 4:00,8.55,295,WNW,11.86,0,0
2/17/25 5:00,4.28,282,WNW,8.75,0,0
2/17/25 6:00,6.41,275,W,10.89,0,0
2/17/25 7:00,7.19,298,WNW,9.33,0,0
2/17/25 8:00,3.5,289,WNW,5.44,0,0
2/17/25 9:00,5.25,275,W,6.8,0,0
2/17/25 10:00,3.5,270,W,5.64,0,0
2/17/25 11:00,2.92,255,WSW,4.08,0,0
2/17/25 12:00,5.05,236,SW,6.41,0,0
2/17/25 13:00,6.03,294,WNW,9.14,0,0
2/17/25 14:00,3.89,246,WSW,5.25,0,0
2/17/25 15:00,7.97,226,SW,9.72,0,0
2/17/25 16:00,8.16,272,W,9.91,0,0
2/17/25 17:00,7.19,271,W,12.05,0,0
2/17/25 18:00,4.47,250,WSW,6.8,0,0
2/17/25 19:00,5.64,226,SW,7.58,0,0
2/17/25 20:00,4.67,280,W,6.61,0,0
2/17/25 21:00,0.97,266,W,3.3,0,0
2/17/25 22:00,4.08,254,WSW,6.61,0,0
2/17/25 23:00,2.14,250,WSW,3.5,0,0
2/18/25 0:00,4.67,257,WSW,6.8,0,0
2/18/25 1:00,2.33,225,SW,3.3,0,0
2/18/25 2:00,4.08,222,SW,4.47,0,0
2/18/25 3:00,4.47,224,SW,5.25,0,0
2/18/25 4:00,2.53,180,S,3.69,0,0
2/18/25 5:00,2.72,153,SSE,3.3,0,0
2/18/25 6:00,3.11,162,SSE,3.89,0,0
2/18/25 7:00,2.14,151,SSE,2.72,0,0
2/18/25 8:00,1.17,107,ESE,2.92,0,0
2/18/25 9:00,3.89,255,WSW,5.05,0,0
2/18/25 10:00,2.33,324,NW,2.92,0,0
2/18/25 11:00,2.72,270,W,4.47,0,0
2/18/25 12:00,2.92,264,W,4.67,0,0
2/18/25 13:00,1.94,242,WSW,3.5,0,0
2/18/25 14:00,2.53,261,W,2.72,0,0
2/18/25 15:00,3.69,251,WSW,4.28,0,0
2/18/25 16:00,3.5,245,WSW,4.67,0,0
2/18/25 17:00,3.3,246,WSW,3.89,0,0
2/18/25 18:00,5.64,245,WSW,6.61,0,0
2/18/25 19:00,6.41,262,W,9.33,0,0
2/18/25 20:00,3.89,287,WNW,6.8,0,0
2/18/25 21:00,3.69,297,WNW,5.25,0,0
2/18/25 22:00,3.69,220,SW,4.67,0,0
2/18/25 23:00,2.72,243,WSW,3.89,0,0
2/19/25 0:00,2.14,250,WSW,3.69,0,0
2/19/25 1:00,3.5,89,E,4.47,0,0
2/19/25 2:00,1.75,23,NNE,2.53,0,0
2/19/25 3:00,5.83,118,ESE,7.19,0,0
2/19/25 4:00,1.94,167,SSE,2.33,0,0
2/19/25 5:00,1.36,172,S,1.56,0,0
2/19/25 6:00,3.11,241,WSW,4.47,0,0
2/19/25 7:00,2.72,262,W,3.69,0,0
2/19/25 8:00,2.72,267,W,4.28,0,0
2/19/25 9:00,4.28,226,SW,6.41,0,0
2/19/25 10:00,6.41,244,WSW,9.72,0,0
2/19/25 11:00,7.78,231,SW,10.5,0,0
2/19/25 12:00,9.14,241,WSW,12.05,0,0
2/19/25 13:00,10.89,226,SW,15.16,0,0
2/19/25 14:00,7.19,233,SW,8.75,0,0
2/19/25 15:00,6.22,240,WSW,7.58,0,0
2/19/25 16:00,3.3,251,WSW,4.67,0,0
2/19/25 17:00,4.47,244,WSW,6.41,0,0
2/19/25 18:00,6.61,245,WSW,9.52,0,0
2/19/25 19:00,5.25,249,WSW,6.8,0,0
2/19/25 20:00,3.89,216,SW,4.86,0,0
2/19/25 21:00,3.3,233,SW,4.67,0,0
2/19/25 22:00,1.36,248,WSW,4.28,0,0
2/19/25 23:00,3.5,172,S,4.86,0,0
2/20/25 0:00,3.3,247,WSW,4.08,0,0
2/20/25 1:00,4.08,211,SSW,4.86,0,0
2/20/25 2:00,3.3,167,SSE,3.89,0,0
2/20/25 3:00,4.86,206,SSW,7,0,0
2/20/25 4:00,3.89,184,S,4.86,0,0
2/20/25 5:00,4.08,204,SSW,5.05,0,0
2/20/25 6:00,1.56,182,S,2.14,0,0
2/20/25 7:00,4.08,233,SW,5.05,0,0
2/20/25 8:00,4.08,227,SW,6.61,0,0
2/20/25 9:00,3.69,247,WSW,4.86,0,0
2/20/25 10:00,4.08,255,WSW,6.41,0,0
2/20/25 11:00,4.67,208,SSW,6.22,0,0
2/20/25 12:00,4.67,239,WSW,5.25,0,0
2/20/25 13:00,5.25,224,SW,6.03,0,0
2/20/25 14:00,4.67,225,SW,5.05,0,0
2/20/25 15:00,5.64,219,SW,6.41,0,0
2/20/25 16:00,3.69,243,WSW,4.28,0,0
2/20/25 17:00,2.92,287,WNW,3.89,0,0
2/20/25 18:00,6.03,270,W,7.39,0,0
2/20/25 19:00,3.11,243,WSW,4.08,0,0
2/20/25 20:00,4.67,210,SSW,5.64,0,0
2/20/25 21:00,2.33,167,SSE,3.69,0,0
2/20/25 22:00,1.94,128,SE,2.33,0,0
2/20/25 23:00,3.11,139,SE,4.47,0,0
2/21/25 0:00,0,283,WNW,1.56,0,0
2/21/25 1:00,0.39,221,SW,0.97,0,0
2/21/25 2:00,1.36,111,ESE,1.94,0,0
2/21/25 3:00,2.33,135,SE,3.3,0,0
2/21/25 4:00,2.92,112,ESE,3.69,0,0
2/21/25 5:00,3.3,127,SE,6.22,0,0
2/21/25 6:00,4.86,127,SE,11.86,0,0
2/21/25 7:00,1.56,88,E,3.11,0,0
2/21/25 8:00,3.69,65,ENE,4.28,0,0
2/21/25 9:00,5.83,78,ENE,6.61,0,0
2/21/25 10:00,10.89,86,E,12.05,0,0
2/21/25 11:00,10.5,86,E,11.86,0,0
2/21/25 12:00,7.58,117,ESE,9.72,0,0
2/21/25 13:00,6.41,106,ESE,11.86,0,0
2/21/25 14:00,8.36,116,ESE,11.66,0,0
2/21/25 15:00,7.58,134,SE,9.14,0,0
2/21/25 16:00,2.53,93,E,3.3,0,0
2/21/25 17:00,0,163,SSE,0,0,0
2/21/25 18:00,4.08,147,SSE,4.67,0,0
2/21/25 19:00,4.08,150,SSE,5.25,0,0
2/21/25 20:00,0,54,NE,0.78,0,0
2/21/25 21:00,2.92,241,WSW,6.22,0,0
2/21/25 22:00,6.61,209,SSW,7.78,0,0
2/21/25 23:00,4.47,228,SW,5.64,0,0
2/22/25 0:00,0.97,258,WSW,2.33,0,0
2/22/25 1:00,6.22,203,SSW,7.19,0,0
2/22/25 2:00,1.36,253,WSW,2.33,0,0
2/22/25 3:00,3.11,166,SSE,3.89,0,0
2/22/25 4:00,2.33,182,S,3.69,0,0
2/22/25 5:00,2.72,175,S,3.69,0,0
2/22/25 6:00,4.28,232,SW,5.25,0,0
2/22/25 7:00,3.5,195,SSW,4.28,0,0
2/22/25 8:00,3.3,144,SE,4.08,0,0
2/22/25 9:00,5.64,86,E,7.19,0,0
2/22/25 10:00,1.94,328,NNW,2.72,0,0
2/22/25 11:00,1.36,309,NW,2.72,0,0
2/22/25 12:00,4.47,295,WNW,5.64,0,0
2/22/25 13:00,3.11,244,WSW,4.86,0,0
2/22/25 14:00,1.75,257,WSW,2.53,0,0
2/22/25 15:00,5.44,260,W,6.41,0,0
2/22/25 16:00,6.8,272,W,8.75,0,0
2/22/25 17:00,5.44,232,SW,6.61,0,0
2/22/25 18:00,4.28,294,WNW,7.58,0,0
2/22/25 19:00,5.25,274,W,6.61,0,0
2/22/25 20:00,3.5,250,WSW,5.64,0,0
2/22/25 21:00,5.44,281,W,7.58,0,0
2/22/25 22:00,6.61,254,WSW,8.55,0,0
2/22/25 23:00,7,298,WNW,9.33,0,0
2/23/25 0:00,3.3,261,W,4.86,0,0
2/23/25 1:00,3.3,232,SW,4.08,0,0
2/23/25 2:00,2.53,326,NW,3.11,0,0
2/23/25 3:00,1.75,266,W,2.92,0,0
2/23/25 4:00,2.92,281,W,5.05,0,0
2/23/25 5:00,1.36,180,S,1.94,0,0
2/23/25 6:00,5.05,291,WNW,6.41,0,0
2/23/25 7:00,3.69,232,SW,6.03,0,0
2/23/25 8:00,3.5,292,WNW,5.44,0,0
2/23/25 9:00,4.28,289,WNW,6.8,0,0
2/23/25 10:00,4.47,273,W,7.19,0,0
2/23/25 11:00,4.67,226,SW,5.64,0,0
2/23/25 12:00,5.25,220,SW,6.22,0,0
2/23/25 13:00,4.47,224,SW,5.44,0,0
2/23/25 14:00,4.28,217,SW,5.44,0,0
2/23/25 15:00,3.89,242,WSW,4.86,0,0
2/23/25 16:00,2.72,217,SW,3.89,0,0
2/23/25 17:00,4.08,230,SW,5.05,0,0
2/23/25 18:00,5.44,212,SSW,6.41,0,0
2/23/25 19:00,6.61,261,W,8.36,0,0
2/23/25 20:00,4.67,262,W,7.58,0,0
2/23/25 21:00,2.72,258,WSW,5.44,0,0
2/23/25 22:00,3.89,290,WNW,6.8,0,0
2/23/25 23:00,6.41,297,WNW,8.16,0,0
2/24/25 0:00,2.33,229,SW,2.53,0,0
2/24/25 1:00,3.5,290,WNW,5.25,0,0
2/24/25 2:00,2.92,296,WNW,5.44,0,0
2/24/25 3:00,4.67,289,WNW,7,0,0
2/24/25 4:00,6.41,274,W,8.75,0,0
2/24/25 5:00,10.5,229,SW,11.66,0,0
2/24/25 6:00,5.83,208,SSW,7.39,0,0
2/24/25 7:00,3.3,205,SSW,5.44,0,0
2/24/25 8:00,5.83,213,SSW,8.94,0,0
2/24/25 9:00,6.61,278,W,8.36,0,0
2/24/25 10:00,6.22,256,WSW,8.75,0,0
2/24/25 11:00,6.22,252,WSW,8.16,0,0
2/24/25 12:00,5.44,255,WSW,7,0,0
2/24/25 13:00,6.22,256,WSW,8.16,0,0
2/24/25 14:00,6.41,245,WSW,10.5,0,0
2/24/25 15:00,8.94,231,SW,11.08,0,0
2/24/25 16:00,11.66,241,WSW,14.38,0,0
2/24/25 17:00,8.94,231,SW,11.66,0,0
2/24/25 18:00,9.33,222,SW,10.89,0,0
2/24/25 19:00,9.33,235,SW,10.69,0,0
2/24/25 20:00,8.75,235,SW,9.91,0,0
2/24/25 21:00,6.8,242,WSW,9.52,0,0
2/24/25 22:00,4.86,220,SW,5.83,0,0
2/24/25 23:00,4.28,209,SSW,5.44,0,0
2/25/25 0:00,2.92,244,WSW,4.08,0,0
2/25/25 1:00,4.47,277,W,5.44,0,0
2/25/25 2:00,3.5,223,SW,5.64,0,0
2/25/25 3:00,2.14,218,SW,3.69,0,0
2/25/25 4:00,3.5,287,WNW,5.83,0,0
2/25/25 5:00,1.94,225,SW,3.69,0,0
2/25/25 6:00,5.05,314,NW,7,0,0
2/25/25 7:00,1.36,350,N,3.3,0,0
2/25/25 8:00,2.72,333,NNW,5.05,0,0
2/25/25 9:00,3.11,325,NW,5.44,0,0
2/25/25 10:00,3.3,245,WSW,4.86,0,0
2/25/25 11:00,1.94,255,WSW,2.92,0,0
2/25/25 12:00,2.72,247,WSW,3.89,0,0
2/25/25 13:00,2.92,223,SW,3.5,0,0
2/25/25 14:00,3.69,227,SW,5.83,0,0
2/25/25 15:00,2.33,237,WSW,3.3,0,0
2/25/25 16:00,3.3,252,WSW,3.89,0,0
2/25/25 17:00,4.28,297,WNW,5.83,0,0
2/25/25 18:00,2.92,282,WNW,4.47,0,0
2/25/25 19:00,3.89,219,SW,5.25,0,0
2/25/25 20:00,4.08,259,W,7.78,0,0
2/25/25 21:00,6.61,215,SW,7.78,0,0
2/25/25 22:00,4.08,231,SW,6.22,0,0
2/25/25 23:00,4.28,167,SSE,5.05,0,0
2/26/25 0:00,2.33,145,SE,3.3,0,0
2/26/25 1:00,4.08,160,SSE,5.64,0,0
2/26/25 2:00,3.11,231,SW,3.69,0,0
2/26/25 3:00,4.08,168,SSE,5.25,0,0
2/26/25 4:00,3.5,160,SSE,4.08,0,0
2/26/25 5:00,1.56,181,S,2.14,0,0
2/26/25 6:00,1.56,198,SSW,2.92,0,0
2/26/25 7:00,4.08,155,SSE,5.05,0,0
2/26/25 8:00,2.53,135,SE,3.69,0,0
2/26/25 9:00,2.53,313,NW,3.3,0,0
2/26/25 10:00,3.5,342,NNW,4.28,0,0
2/26/25 11:00,5.64,302,WNW,6.41,0,0
2/26/25 12:00,8.75,96,E,11.47,0,0
2/26/25 13:00,10.3,96,E,11.47,0,0
2/26/25 14:00,6.03,99,E,7.39,0,0
2/26/25 15:00,9.91,97,E,11.47,0,0
2/26/25 16:00,9.72,98,E,13.61,0,0
2/26/25 17:00,8.36,95,E,12.25,0,0
2/26/25 18:00,2.53,110,ESE,3.11,0,0
2/26/25 19:00,8.16,94,E,8.75,0,0
2/26/25 20:00,4.28,82,E,5.83,0,0
2/26/25 21:00,0.78,178,S,1.36,0,0
2/26/25 22:00,2.72,135,SE,3.89,0,0
2/26/25 23:00,3.3,61,ENE,3.89,0,0
2/27/25 0:00,0.58,294,WNW,1.56,0,0
2/27/25 1:00,1.75,359,N,2.33,0,0
2/27/25 2:00,5.83,96,E,7.39,0,0
2/27/25 3:00,8.75,89,E,10.69,0,0
2/27/25 4:00,10.3,79,E,13.61,0,0
2/27/25 5:00,5.25,75,ENE,6.03,0,0
2/27/25 6:00,4.67,49,NE,5.44,0,0
2/27/25 7:00,5.25,92,E,6.41,0,0
2/27/25 8:00,12.25,102,ESE,14,0,0
2/27/25 9:00,10.89,91,E,16.52,0,0
2/27/25 10:00,13.61,92,E,15.36,0,0
2/27/25 11:00,10.3,94,E,15.94,0,0
2/27/25 12:00,14.77,98,E,19.24,0,0
2/27/25 13:00,16.52,96,E,21.38,0,0
2/27/25 14:00,18.47,92,E,22.35,0,0
2/27/25 15:00,19.05,92,E,23.13,0,0
2/27/25 16:00,2.33,298,WNW,4.86,0,0
2/27/25 17:00,9.72,88,E,10.69,0,0
2/27/25 18:00,16.72,77,ENE,18.08,0,0
2/27/25 19:00,11.66,82,E,12.64,0,0
2/27/25 20:00,6.41,95,E,7.39,0,0
2/27/25 21:00,5.25,89,E,6.61,0,0
2/27/25 22:00,3.69,90,E,4.67,0,0
2/27/25 23:00,2.72,42,NE,5.05,0,0
2/28/25 0:00,1.56,41,NE,2.53,0,0
2/28/25 1:00,0.97,249,WSW,2.72,0,0
2/28/25 2:00,5.44,220,SW,7.97,0,0
2/28/25 3:00,2.53,180,S,4.28,0,0
2/28/25 4:00,3.11,215,SW,3.5,0,0
2/28/25 5:00,2.33,171,S,3.3,0,0
2/28/25 6:00,1.56,248,WSW,3.3,0,0
2/28/25 7:00,0.39,1,N,1.56,0,0
2/28/25 8:00,3.5,232,SW,5.05,0,0
2/28/25 9:00,3.89,221,SW,4.86,0,0
2/28/25 10:00,3.69,318,NW,4.47,0,0
2/28/25 11:00,1.56,303,WNW,2.33,0,0
2/28/25 12:00,1.94,256,WSW,2.72,0,0
2/28/25 13:00,2.14,256,WSW,2.92,0,0
2/28/25 14:00,3.3,256,WSW,4.28,0,0
2/28/25 15:00,1.36,263,W,1.94,0,0
2/28/25 16:00,4.86,323,NW,5.64,0,0
2/28/25 17:00,2.92,317,NW,4.86,0,0
2/28/25 18:00,7.58,269,W,9.91,0,0
2/28/25 19:00,3.69,238,WSW,4.28,0,0
2/28/25 20:00,3.3,234,SW,6.03,0,0
2/28/25 21:00,0.78,130,SE,1.56,0,0
2/28/25 22:00,4.28,266,W,6.8,0,0
2/28/25 23:00,10.89,283,WNW,13.8,0,0
3/1/25 0:00,8.16,289,WNW,10.69,0,0
3/1/25 1:00,7,252,WSW,8.75,0,0
3/1/25 2:00,6.61,264,W,9.91,0,0
3/1/25 3:00,4.47,259,W,6.41,0,0
3/1/25 4:00,11.66,247,WSW,15.16,0,0
3/1/25 5:00,11.27,240,WSW,14.38,0,0
3/1/25 6:00,8.36,243,WSW,10.89,0,0
3/1/25 7:00,7,271,W,10.5,0,0
3/1/25 8:00,8.94,267,W,10.89,0,0
3/1/25 9:00,7.58,283,WNW,12.05,0,0
3/1/25 10:00,7.19,290,WNW,12.25,0,0
3/1/25 11:00,9.52,245,WSW,12.83,0,0
3/1/25 12:00,13.8,231,SW,18.08,0,0
3/1/25 13:00,11.66,253,WSW,18.86,0,0
3/1/25 14:00,14,278,W,18.27,0,0
3/1/25 15:00,11.47,273,W,14.97,0,0
3/1/25 16:00,11.08,256,WSW,16.91,0,0
3/1/25 17:00,8.55,243,WSW,12.25,0,0
3/1/25 18:00,10.89,233,SW,13.41,0,0
3/1/25 19:00,18.08,233,SW,23.91,0,0
3/1/25 20:00,12.83,235,SW,15.55,0,0
3/1/25 21:00,11.47,239,WSW,14.77,0,0
3/1/25 22:00,10.89,263,W,14.77,0,0
3/1/25 23:00,10.11,264,W,14.58,0,0
3/2/25 0:00,11.66,261,W,15.55,0,0
3/2/25 1:00,11.08,255,WSW,14.19,0,0
3/2/25 2:00,8.55,263,W,12.25,0,0
3/2/25 3:00,7.97,278,W,11.27,0,0
3/2/25 4:00,11.47,276,W,15.36,0,0
3/2/25 5:00,9.33,245,WSW,14.97,0,0
3/2/25 6:00,9.14,244,WSW,12.83,0,0
3/2/25 7:00,9.52,267,W,14,0,0
3/2/25 8:00,11.86,272,W,16.91,0,0
3/2/25 9:00,11.27,273,W,14.58,0,0
3/2/25 10:00,10.11,291,WNW,14.97,0,0
3/2/25 11:00,9.72,308,NW,14.38,0,0
3/2/25 12:00,10.69,276,W,15.16,0,0
3/2/25 13:00,11.08,288,WNW,16.33,0,0
3/2/25 14:00,15.94,277,W,20.8,0,0
3/2/25 15:00,14.58,282,WNW,24.1,0,0
3/2/25 16:00,15.55,283,WNW,20.99,0,0
3/2/25 17:00,13.61,289,WNW,23.91,0,0
3/2/25 18:00,12.05,284,WNW,17.88,0,0
3/2/25 19:00,16.72,298,WNW,23.52,0,0
3/2/25 20:00,14.97,302,WNW,18.66,0,0
3/2/25 21:00,12.25,295,WNW,16.91,0,0
3/2/25 22:00,11.86,297,WNW,16.52,0,0
3/2/25 23:00,12.05,299,WNW,16.72,0,0
3/3/25 0:00,11.66,301,WNW,14.77,0,0
3/3/25 1:00,13.8,311,NW,16.13,0,0
3/3/25 2:00,12.05,308,NW,14.38,0,0
3/3/25 3:00,14,310,NW,17.69,0,0
3/3/25 4:00,12.05,319,NW,14,0,0
3/3/25 5:00,10.3,319,NW,13.41,0,0
3/3/25 6:00,4.86,328,NNW,5.83,0,0
3/3/25 7:00,5.25,316,NW,6.8,0,0
3/3/25 8:00,5.83,333,NNW,7.39,0,0
3/3/25 9:00,4.67,305,NW,7.19,0,0
3/3/25 10:00,3.5,247,WSW,5.25,0,0
3/3/25 11:00,4.86,244,WSW,7.19,0,0
3/3/25 12:00,3.3,258,WSW,5.05,0,0
3/3/25 13:00,5.44,236,SW,6.61,0,0
3/3/25 14:00,7,250,WSW,9.52,0,0
3/3/25 15:00,10.69,278,W,14.19,0,0
3/3/25 16:00,12.64,268,W,15.94,0,0
3/3/25 17:00,9.14,271,W,14.38,0,0
3/3/25 18:00,8.94,258,WSW,11.47,0,0
3/3/25 19:00,7.97,278,W,12.05,0,0
3/3/25 20:00,6.8,257,WSW,9.14,0,0
3/3/25 21:00,6.22,259,W,10.11,0,0
3/3/25 22:00,5.44,212,SSW,7.39,0,0
3/3/25 23:00,7.19,256,WSW,9.72,0,0
3/4/25 0:00,5.64,254,WSW,7.58,0,0
3/4/25 1:00,6.8,213,SSW,8.16,0,0
3/4/25 2:00,6.22,251,WSW,8.55,0,0
3/4/25 3:00,5.05,210,SSW,7.19,0,0
3/4/25 4:00,8.16,233,SW,10.11,0,0
3/4/25 5:00,5.64,264,W,8.55,0,0
3/4/25 6:00,6.03,275,W,8.94,0,0
3/4/25 7:00,4.47,210,SSW,5.64,0,0
3/4/25 8:00,2.33,225,SW,3.5,0,0
3/4/25 9:00,4.08,256,WSW,5.25,0,0
3/4/25 10:00,3.3,296,WNW,5.44,0,0
3/4/25 11:00,2.92,312,NW,4.28,0,0
3/4/25 12:00,1.56,320,NW,3.11,0,0
3/4/25 13:00,3.11,49,NE,4.08,0,0
3/4/25 14:00,5.83,304,NW,8.75,0,0
3/4/25 15:00,3.89,302,WNW,6.41,0,0
3/4/25 16:00,1.94,305,NW,5.25,0,0
3/4/25 17:00,4.28,297,WNW,6.8,0,0
3/4/25 18:00,3.5,260,W,3.89,0,0
3/4/25 19:00,1.75,202,SSW,2.72,0,0
3/4/25 20:00,2.72,137,SE,3.5,0,0
3/4/25 21:00,0.97,181,S,2.14,0,0
3/4/25 22:00,4.47,210,SSW,5.05,0,0
3/4/25 23:00,2.14,292,WNW,4.86,0,0
3/5/25 0:00,1.75,17,NNE,3.11,0,0
3/5/25 1:00,1.94,201,SSW,3.5,0,0
3/5/25 2:00,2.14,241,WSW,3.11,0,0
3/5/25 3:00,0.39,127,SE,1.36,0,0
3/5/25 4:00,4.28,11,N,5.44,0,0
3/5/25 5:00,0.78,334,NNW,4.47,0,0
3/5/25 6:00,1.36,274,W,2.14,0,0
3/5/25 7:00,3.5,256,WSW,4.67,0,0
3/5/25 8:00,3.5,295,WNW,5.83,0,0
3/5/25 9:00,3.69,264,W,5.64,0,0
3/5/25 10:00,5.25,287,WNW,7.58,0,0
3/5/25 11:00,5.64,267,W,7.39,0,0
3/5/25 12:00,4.86,266,W,8.36,0,0
3/5/25 13:00,4.28,279,W,7,0,0
3/5/25 14:00,8.94,265,W,12.44,0,0
3/5/25 15:00,13.22,273,W,17.11,0,0
3/5/25 16:00,14.19,268,W,18.86,0,0
3/5/25 17:00,13.61,270,W,19.24,0,0
3/5/25 18:00,15.16,279,W,20.99,0,0
3/5/25 19:00,14.58,282,WNW,20.41,0,0
3/5/25 20:00,17.3,277,W,22.16,0,0
3/5/25 21:00,12.83,277,W,17.88,0,0
3/5/25 22:00,15.16,275,W,21.97,0,0
3/5/25 23:00,16.52,279,W,21.97,0,0
3/6/25 0:00,14,295,WNW,17.3,0,0
3/6/25 1:00,11.86,288,WNW,16.13,0,0
3/6/25 2:00,8.36,297,WNW,11.08,0,0
3/6/25 3:00,7,278,W,10.5,0,0
3/6/25 4:00,12.44,288,WNW,15.94,0,0
3/6/25 5:00,10.3,281,W,13.8,0,0
3/6/25 6:00,7,300,WNW,10.11,0,0
3/6/25 7:00,7.39,288,WNW,10.5,0,0
3/6/25 8:00,6.22,292,WNW,8.16,0,0
3/6/25 9:00,5.44,311,NW,8.16,0,0
3/6/25 10:00,4.67,292,WNW,7.97,0,0
3/6/25 11:00,4.86,307,NW,8.36,0,0
3/6/25 12:00,2.72,282,WNW,5.05,0,0
3/6/25 13:00,4.67,230,SW,5.83,0,0
3/6/25 14:00,5.05,256,WSW,6.22,0,0
3/6/25 15:00,4.67,273,W,7.19,0,0
3/6/25 16:00,4.67,295,WNW,6.61,0,0
3/6/25 17:00,6.22,269,W,9.33,0,0
3/6/25 18:00,5.25,270,W,6.22,0,0
3/6/25 19:00,10.3,290,WNW,12.44,0,0
3/6/25 20:00,7.19,288,WNW,9.33,0,0
3/6/25 21:00,2.72,216,SW,3.5,0,0
3/6/25 22:00,3.3,229,SW,5.44,0,0
3/6/25 23:00,3.69,229,SW,4.67,0,0
3/7/25 0:00,4.86,224,SW,5.64,0,0
3/7/25 1:00,3.5,224,SW,5.05,0,0
3/7/25 2:00,1.56,272,W,2.92,0,0
3/7/25 3:00,3.89,282,WNW,5.25,0,0
3/7/25 4:00,2.72,161,SSE,3.3,0,0
3/7/25 5:00,3.89,150,SSE,5.05,0,0
3/7/25 6:00,1.94,236,SW,2.53,0,0
3/7/25 7:00,3.89,160,SSE,4.86,0,0
3/7/25 8:00,3.3,230,SW,4.47,0,0
3/7/25 9:00,3.69,242,WSW,5.05,0,0
3/7/25 10:00,4.67,250,WSW,5.83,0,0
3/7/25 11:00,6.03,251,WSW,7.58,0,0
3/7/25 12:00,4.67,227,SW,6.41,0,0
3/7/25 13:00,5.25,292,WNW,6.41,0,0
3/7/25 14:00,5.05,218,SW,5.64,0,0
3/7/25 15:00,1.75,31,NNE,6.8,0,0
3/7/25 16:00,6.41,326,NW,12.25,0,0
3/7/25 17:00,5.25,308,NW,9.33,0,0
3/7/25 18:00,5.25,286,WNW,7.58,0,0
3/7/25 19:00,4.67,227,SW,6.03,0,0
3/7/25 20:00,5.64,244,WSW,7.97,0,0
3/7/25 21:00,5.44,204,SSW,7.19,0,0
3/7/25 22:00,3.3,218,SW,5.25,0,0
3/7/25 23:00,3.89,223,SW,5.44,0,0
3/8/25 0:00,5.05,215,SW,6.61,0,0
3/8/25 1:00,4.08,218,SW,4.86,0,0
3/8/25 2:00,1.17,230,SW,3.11,0,0
3/8/25 3:00,2.33,95,E,3.69,0,0
3/8/25 4:00,1.56,164,SSE,2.53,0,0
3/8/25 5:00,1.36,150,SSE,2.72,0,0
3/8/25 6:00,3.11,143,SE,3.5,0,0
3/8/25 7:00,1.36,231,SW,1.94,0,0
3/8/25 8:00,0.58,216,SW,1.36,0,0
3/8/25 9:00,2.92,300,WNW,4.28,0,0
3/8/25 10:00,2.14,347,NNW,3.3,0,0
3/8/25 11:00,1.75,314,NW,3.5,0,0
3/8/25 12:00,9.33,77,ENE,10.3,0,0
3/8/25 13:00,8.36,72,ENE,8.94,0,0
3/8/25 14:00,1.94,299,WNW,4.67,0,0
3/8/25 15:00,6.41,272,W,7.39,0,0
3/8/25 16:00,4.08,262,W,5.83,0,0
3/8/25 17:00,7.97,237,WSW,9.33,0,0
3/8/25 18:00,6.03,221,SW,7.97,0,0
3/8/25 19:00,4.08,212,SSW,5.83,0,0
3/8/25 20:00,3.5,234,SW,3.89,0,0
3/8/25 21:00,3.11,258,WSW,3.89,0,0
3/8/25 22:00,2.72,259,W,3.69,0,0
3/8/25 23:00,1.17,158,SSE,1.94,0,0
3/9/25 0:00,2.53,145,SE,3.5,0,0
3/9/25 1:00,2.33,131,SE,2.92,0,0
3/9/25 2:00,,,,,1,1
3/9/25 3:00,1.56,166,SSE,1.94,0,0
3/9/25 4:00,2.72,201,SSW,3.5,0,0
3/9/25 5:00,0.97,171,S,1.94,0,0
3/9/25 6:00,2.33,166,SSE,3.5,0,0
3/9/25 7:00,3.11,143,SE,4.67,0,0
3/9/25 8:00,1.56,132,SE,2.53,0,0
3/9/25 9:00,0.97,78,ENE,2.33,0,0
3/9/25 10:00,3.69,297,WNW,5.05,0,0
3/9/25 11:00,2.14,280,W,3.11,0,0
3/9/25 12:00,5.25,276,W,6.8,0,0
3/9/25 13:00,10.11,264,W,15.16,0,0
3/9/25 14:00,12.05,269,W,15.75,0,0
3/9/25 15:00,13.61,256,WSW,18.08,0,0
3/9/25 16:00,9.72,261,W,12.83,0,0
3/9/25 17:00,7.78,253,WSW,11.27,0,0
3/9/25 18:00,7.78,274,W,9.91,0,0
3/9/25 19:00,6.41,277,W,8.55,0,0
3/9/25 20:00,4.67,250,WSW,6.61,0,0
3/9/25 21:00,4.86,220,SW,5.25,0,0
3/9/25 22:00,3.11,214,SW,4.67,0,0
3/9/25 23:00,3.89,210,SSW,5.25,0,0
3/10/25 0:00,2.72,214,SW,3.5,0,0
3/10/25 1:00,1.94,230,SW,3.3,0,0
3/10/25 2:00,2.72,211,SSW,3.3,0,0
3/10/25 3:00,3.3,213,SSW,5.25,0,0
3/10/25 4:00,3.5,212,SSW,4.28,0,0
3/10/25 5:00,1.94,191,S,3.11,0,0
3/10/25 6:00,4.47,209,SSW,5.64,0,0
3/10/25 7:00,3.3,173,S,5.05,0,0
3/10/25 8:00,5.05,198,SSW,6.03,0,0
3/10/25 9:00,3.3,226,SW,3.89,0,0
3/10/25 10:00,3.3,256,WSW,4.67,0,0
3/10/25 11:00,1.94,270,W,3.5,0,0
3/10/25 12:00,2.92,300,WNW,3.89,0,0
3/10/25 13:00,4.47,287,WNW,5.05,0,0
3/10/25 14:00,4.86,283,WNW,6.03,0,0
3/10/25 15:00,3.3,302,WNW,4.28,0,0
3/10/25 16:00,4.28,297,WNW,5.64,0,0
3/10/25 17:00,1.94,274,W,4.08,0,0
3/10/25 18:00,7.58,232,SW,9.91,0,0
3/10/25 19:00,13.41,222,SW,17.49,0,0
3/10/25 20:00,8.75,223,SW,11.27,0,0
3/10/25 21:00,4.28,231,SW,5.64,0,0
3/10/25 22:00,4.67,278,W,5.83,0,0
3/10/25 23:00,3.11,265,W,3.89,0,0
3/11/25 0:00,2.33,182,S,3.3,0,0
3/11/25 1:00,2.14,216,SW,2.72,0,0
3/11/25 2:00,6.03,218,SW,7.39,0,0
3/11/25 3:00,6.03,213,SSW,7.78,0,0
3/11/25 4:00,2.53,254,WSW,3.5,0,0
3/11/25 5:00,1.94,302,WNW,3.5,0,0
3/11/25 6:00,0.39,140,SE,1.75,0,0
3/11/25 7:00,3.3,221,SW,3.89,0,0
3/11/25 8:00,4.47,204,SSW,5.25,0,0
3/11/25 9:00,4.08,233,SW,5.64,0,0
3/11/25 10:00,8.55,307,NW,10.3,0,0
3/11/25 11:00,6.61,255,WSW,8.55,0,0
3/11/25 12:00,9.33,230,SW,12.05,0,0
3/11/25 13:00,12.25,236,SW,15.75,0,0
3/11/25 14:00,10.89,244,WSW,14.58,0,0
3/11/25 15:00,8.55,265,W,13.22,0,0
3/11/25 16:00,16.33,229,SW,19.44,0,0
3/11/25 17:00,11.86,240,WSW,15.94,0,0
3/11/25 18:00,10.11,242,WSW,14.19,0,0
3/11/25 19:00,11.08,217,SW,14,0,0
3/11/25 20:00,11.08,220,SW,13.41,0,0
3/11/25 21:00,7.97,240,WSW,9.91,0,0
3/11/25 22:00,8.75,253,WSW,11.47,0,0
3/11/25 23:00,9.91,230,SW,12.05,0,0
3/12/25 0:00,6.22,202,SSW,7.39,0,0
3/12/25 1:00,4.47,228,SW,5.83,0,0
3/12/25 2:00,9.33,243,WSW,13.61,0,0
3/12/25 3:00,8.55,226,SW,10.11,0,0
3/12/25 4:00,4.08,223,SW,5.25,0,0
3/12/25 5:00,6.61,141,SE,10.11,0,0
3/12/25 6:00,9.14,149,SSE,12.25,0,0
3/12/25 7:00,10.69,154,SSE,14.97,0,0
3/12/25 8:00,13.02,155,SSE,17.3,0,0
3/12/25 9:00,9.52,157,SSE,14.58,0,0
3/12/25 10:00,11.27,152,SSE,14,0,0
3/12/25 11:00,11.08,158,SSE,15.75,0,0
3/12/25 12:00,12.83,183,S,18.86,0,0
3/12/25 13:00,22.35,197,SSW,30.71,0,0
3/12/25 14:00,13.41,204,SSW,21.19,0,0
3/12/25 15:00,21.97,248,WSW,29.55,0,0
3/12/25 16:00,14.58,216,SW,17.88,0,0
3/12/25 17:00,11.86,207,SSW,15.94,0,0
3/12/25 18:00,13.8,243,WSW,20.22,0,0
3/12/25 19:00,16.33,239,WSW,20.8,0,0
3/12/25 20:00,13.41,239,WSW,18.08,0,0
3/12/25 21:00,14,259,W,19.24,0,0
3/12/25 22:00,3.3,192,SSW,7.97,0,0
3/12/25 23:00,4.08,212,SSW,4.86,0,0
3/13/25 0:00,8.36,211,SSW,10.69,0,0
3/13/25 1:00,7.19,206,SSW,8.16,0,0
3/13/25 2:00,6.41,224,SW,7.78,0,0
3/13/25 3:00,8.36,214,SW,10.3,0,0
3/13/25 4:00,3.3,353,N,6.41,0,0
3/13/25 5:00,4.08,150,SSE,5.05,0,0
3/13/25 6:00,1.56,189,S,3.3,0,0
3/13/25 7:00,5.05,211,SSW,6.41,0,0
3/13/25 8:00,9.33,300,WNW,12.05,0,0
3/13/25 9:00,6.22,260,W,10.89,0,0
3/13/25 10:00,7.97,277,W,10.69,0,0
3/13/25 11:00,8.75,273,W,11.47,0,0
3/13/25 12:00,8.94,271,W,12.05,0,0
3/13/25 13:00,13.8,298,WNW,18.27,0,0
3/13/25 14:00,11.66,293,WNW,15.75,0,0
3/13/25 15:00,15.55,275,W,20.6,0,0
3/13/25 16:00,11.47,284,WNW,19.44,0,0
3/13/25 17:00,14.38,270,W,21.77,0,0
3/13/25 18:00,,,,,1,1
3/13/25 19:00,12.05,285,WNW,18.27,0,0
3/13/25 20:00,9.14,262,W,14.58,0,0
3/13/25 21:00,6.41,210,SSW,8.36,0,0
3/13/25 22:00,9.72,235,SW,12.25,0,0
3/13/25 23:00,12.05,227,SW,15.94,0,0
3/14/25 0:00,9.52,221,SW,13.22,0,0
3/14/25 1:00,9.91,206,SSW,12.83,0,0
3/14/25 2:00,10.69,182,S,13.22,0,0
3/14/25 3:00,10.89,181,S,16.52,0,0
3/14/25 4:00,10.5,146,SE,13.61,0,0
3/14/25 5:00,8.75,136,SE,15.36,0,0
3/14/25 6:00,12.05,144,SE,15.75,0,0
3/14/25 7:00,10.3,123,ESE,14.77,0,0
3/14/25 8:00,7.39,104,ESE,8.36,0,0
3/14/25 9:00,6.22,94,E,7.97,0,0
3/14/25 10:00,3.89,265,W,5.64,0,0
3/14/25 11:00,4.67,186,S,9.72,0,0
3/14/25 12:00,12.05,238,WSW,16.72,0,0
3/14/25 13:00,12.64,275,W,17.49,0,0
3/14/25 14:00,13.41,350,N,17.3,0,0
3/14/25 15:00,8.16,223,SW,9.72,0,0
3/14/25 16:00,13.61,287,WNW,18.47,0,0
3/14/25 17:00,18.66,303,WNW,21.77,0,0
3/14/25 18:00,14.77,305,NW,19.05,0,0
3/14/25 19:00,13.8,288,WNW,18.27,0,0
3/14/25 20:00,14.38,289,WNW,17.49,0,0
3/14/25 21:00,17.3,295,WNW,21.38,0,0
3/14/25 22:00,14.97,284,WNW,20.6,0,0
3/14/25 23:00,13.8,269,W,17.11,0,0
3/15/25 0:00,15.94,280,W,21.38,0,0
3/15/25 1:00,13.8,277,W,18.86,0,0
3/15/25 2:00,13.41,269,W,16.91,0,0
3/15/25 3:00,10.3,270,W,13.41,0,0
3/15/25 4:00,11.08,266,W,16.72,0,0
3/15/25 5:00,8.16,263,W,12.83,0,0
3/15/25 6:00,9.33,264,W,15.36,0,0
3/15/25 7:00,11.86,255,WSW,14.97,0,0
3/15/25 8:00,8.94,250,WSW,12.83,0,0
3/15/25 9:00,9.72,258,WSW,11.66,0,0
3/15/25 10:00,8.94,272,W,11.47,0,0
3/15/25 11:00,9.72,278,W,12.44,0,0
3/15/25 12:00,9.14,251,WSW,12.05,0,0
3/15/25 13:00,8.94,248,WSW,14.38,0,0
3/15/25 14:00,11.27,256,WSW,14.58,0,0
3/15/25 15:00,12.05,258,WSW,15.36,0,0
3/15/25 16:00,8.75,248,WSW,12.64,0,0
3/15/25 17:00,7.78,244,WSW,11.08,0,0
3/15/25 18:00,11.08,236,SW,13.02,0,0
3/15/25 19:00,8.94,221,SW,11.08,0,0
3/15/25 20:00,7.19,211,SSW,8.75,0,0
3/15/25 21:00,5.44,207,SSW,6.41,0,0
3/15/25 22:00,5.25,207,SSW,6.61,0,0
3/15/25 23:00,7,176,S,10.5,0,0
3/16/25 0:00,5.83,164,SSE,8.16,0,0
3/16/25 1:00,4.08,142,SE,5.64,0,0
3/16/25 2:00,10.69,156,SSE,12.64,0,0
3/16/25 3:00,10.69,154,SSE,13.22,0,0
3/16/25 4:00,9.52,156,SSE,12.83,0,0
3/16/25 5:00,9.14,151,SSE,11.66,0,0
3/16/25 6:00,9.72,160,SSE,12.05,0,0
3/16/25 7:00,8.94,171,S,13.41,0,0
3/16/25 8:00,10.89,175,S,15.36,0,0
3/16/25 9:00,7,182,S,12.05,0,0
3/16/25 10:00,9.52,187,S,12.64,0,0
3/16/25 11:00,12.25,197,SSW,19.05,0,0
3/16/25 12:00,14.97,198,SSW,20.22,0,0
3/16/25 13:00,13.22,203,SSW,19.44,0,0
3/16/25 14:00,19.63,200,SSW,28.57,0,0
3/16/25 15:00,20.41,197,SSW,26.82,0,0
3/16/25 16:00,17.11,213,SSW,22.16,0,0
3/16/25 17:00,19.83,210,SSW,24.69,0,0
3/16/25 18:00,15.94,207,SSW,23.71,0,0
3/16/25 19:00,14.19,202,SSW,21.58,0,0
3/16/25 20:00,18.86,197,SSW,23.71,0,0
3/16/25 21:00,19.83,203,SSW,26.24,0,0
3/16/25 22:00,15.16,242,WSW,20.22,0,0
3/16/25 23:00,13.61,292,WNW,18.66,0,0
3/17/25 0:00,8.16,281,W,11.86,0,0
3/17/25 1:00,7.58,213,SSW,9.33,0,0
3/17/25 2:00,8.16,204,SSW,9.91,0,0
3/17/25 3:00,9.52,204,SSW,11.66,0,0
3/17/25 4:00,7.97,216,SW,9.72,0,0
3/17/25 5:00,9.14,214,SW,11.08,0,0
3/17/25 6:00,10.3,218,SW,12.64,0,0
3/17/25 7:00,9.72,215,SW,13.02,0,0
3/17/25 8:00,10.69,220,SW,13.61,0,0
3/17/25 9:00,9.52,226,SW,13.02,0,0
3/17/25 10:00,13.8,233,SW,16.91,0,0
3/17/25 11:00,16.91,258,WSW,25.46,0,0
3/17/25 12:00,12.64,248,WSW,21.38,0,0
3/17/25 13:00,13.02,245,WSW,18.27,0,0
3/17/25 14:00,15.36,248,WSW,20.22,0,0
3/17/25 15:00,13.41,245,WSW,19.44,0,0
3/17/25 16:00,18.27,241,WSW,22.94,0,0
3/17/25 17:00,20.41,216,SW,24.49,0,0
3/17/25 18:00,14.38,307,NW,17.69,0,0
3/17/25 19:00,22.74,314,NW,26.82,0,0
3/17/25 20:00,21.97,317,NW,24.88,0,0
3/17/25 21:00,18.86,322,NW,24.3,0,0
3/17/25 22:00,12.83,330,NNW,14.77,0,0
3/17/25 23:00,5.05,353,N,6.41,0,0
3/18/25 0:00,11.47,307,NW,14,0,0
3/18/25 1:00,12.44,317,NW,14.97,0,0
3/18/25 2:00,11.27,323,NW,13.8,0,0
3/18/25 3:00,13.8,308,NW,15.75,0,0
3/18/25 4:00,12.64,312,NW,14.19,0,0
3/18/25 5:00,9.14,311,NW,10.5,0,0
3/18/25 6:00,4.86,348,NNW,6.61,0,0
3/18/25 7:00,4.28,331,NNW,5.25,0,0
3/18/25 8:00,4.67,351,N,5.44,0,0
3/18/25 9:00,0.58,322,NW,2.72,0,0
3/18/25 10:00,2.92,300,WNW,4.08,0,0
3/18/25 11:00,3.89,289,WNW,5.44,0,0
3/18/25 12:00,4.28,307,NW,5.44,0,0
3/18/25 13:00,4.86,303,WNW,6.03,0,0
3/18/25 14:00,4.67,287,WNW,6.03,0,0
3/18/25 15:00,4.67,255,WSW,7.19,0,0
3/18/25 16:00,4.08,261,W,5.44,0,0
3/18/25 17:00,3.89,259,W,5.25,0,0
3/18/25 18:00,4.47,259,W,5.83,0,0
3/18/25 19:00,12.05,306,NW,14,0,0
3/18/25 20:00,9.72,308,NW,11.08,0,0
3/18/25 21:00,8.36,298,WNW,10.5,0,0
3/18/25 22:00,4.67,287,WNW,6.03,0,0
3/18/25 23:00,3.89,275,W,5.44,0,0
3/19/25 0:00,3.69,218,SW,4.67,0,0
3/19/25 1:00,3.69,209,SSW,4.08,0,0
3/19/25 2:00,3.3,169,S,4.08,0,0
3/19/25 3:00,2.53,167,SSE,3.5,0,0
3/19/25 4:00,2.53,327,NNW,3.5,0,0
3/19/25 5:00,2.53,158,SSE,3.3,0,0
3/19/25 6:00,1.75,157,SSE,2.33,0,0
3/19/25 7:00,1.17,153,SSE,3.11,0,0
3/19/25 8:00,3.11,143,SE,4.28,0,0
3/19/25 9:00,1.17,44,NE,1.94,0,0
3/19/25 10:00,4.47,305,NW,5.44,0,0
3/19/25 11:00,2.14,310,NW,3.11,0,0
3/19/25 12:00,5.44,306,NW,6.61,0,0
3/19/25 13:00,3.69,307,NW,4.47,0,0
3/19/25 14:00,10.3,238,WSW,13.02,0,0
3/19/25 15:00,10.11,241,WSW,16.33,0,0
3/19/25 16:00,10.69,212,SSW,13.8,0,0
3/19/25 17:00,10.89,232,SW,12.64,0,0
3/19/25 18:00,10.11,224,SW,13.61,0,0
3/19/25 19:00,10.69,221,SW,16.33,0,0
3/19/25 20:00,16.72,238,WSW,20.99,0,0
3/19/25 21:00,13.02,218,SW,16.13,0,0
3/19/25 22:00,8.75,226,SW,11.86,0,0
3/19/25 23:00,6.41,288,WNW,9.72,0,0
3/20/25 0:00,8.94,317,NW,13.22,0,0
3/20/25 1:00,8.94,294,WNW,11.47,0,0
3/20/25 2:00,5.64,271,W,8.36,0,0
3/20/25 3:00,5.64,217,SW,6.8,0,0
3/20/25 4:00,7.58,290,WNW,10.3,0,0
3/20/25 5:00,8.94,318,NW,11.27,0,0
3/20/25 6:00,4.47,360,N,5.44,0,0
3/20/25 7:00,3.11,334,NNW,5.05,0,0
3/20/25 8:00,4.47,349,N,5.83,0,0
3/20/25 9:00,2.33,290,WNW,3.89,0,0
3/20/25 10:00,3.89,247,WSW,4.86,0,0
3/20/25 11:00,2.92,252,WSW,4.08,0,0
3/20/25 12:00,4.08,247,WSW,5.44,0,0
3/20/25 13:00,3.69,243,WSW,4.67,0,0
3/20/25 14:00,5.44,224,SW,6.8,0,0
3/20/25 15:00,4.86,223,SW,6.61,0,0
3/20/25 16:00,3.69,247,WSW,6.22,0,0
3/20/25 17:00,5.05,250,WSW,7,0,0
3/20/25 18:00,7.78,276,W,12.25,0,0
3/20/25 19:00,9.91,272,W,15.75,0,0
3/20/25 20:00,4.28,302,WNW,5.64,0,0
3/20/25 21:00,7.78,250,WSW,11.08,0,0
3/20/25 22:00,8.55,274,W,11.27,0,0
3/20/25 23:00,8.36,279,W,10.11,0,0
3/21/25 0:00,7.97,291,WNW,10.89,0,0
3/21/25 1:00,10.5,305,NW,13.02,0,0
3/21/25 2:00,8.75,316,NW,12.25,0,0
3/21/25 3:00,0.39,282,WNW,1.75,0,0
3/21/25 4:00,0.97,320,NW,1.94,0,0
3/21/25 5:00,6.61,286,WNW,8.16,0,0
3/21/25 6:00,5.44,291,WNW,7,0,0
3/21/25 7:00,7.58,296,WNW,9.91,0,0
3/21/25 8:00,5.44,287,WNW,7.97,0,0
3/21/25 9:00,4.28,303,WNW,6.41,0,0
3/21/25 10:00,2.92,252,WSW,4.08,0,0
3/21/25 11:00,4.28,256,WSW,5.44,0,0
3/21/25 12:00,1.94,251,WSW,3.69,0,0
3/21/25 13:00,4.86,293,WNW,7.58,0,0
3/21/25 14:00,4.86,214,SW,6.22,0,0
3/21/25 15:00,5.25,235,SW,6.22,0,0
3/21/25 16:00,4.67,242,WSW,5.83,0,0
3/21/25 17:00,6.41,257,WSW,9.91,0,0
3/21/25 18:00,6.41,271,W,8.55,0,0
3/21/25 19:00,8.55,277,W,10.3,0,0
3/21/25 20:00,7.19,249,WSW,10.11,0,0
3/21/25 21:00,5.83,253,WSW,8.55,0,0
3/21/25 22:00,6.8,277,W,9.14,0,0
3/21/25 23:00,7.58,260,W,10.3,0,0
3/22/25 0:00,8.75,286,WNW,11.27,0,0
3/22/25 1:00,7.19,290,WNW,9.72,0,0
3/22/25 2:00,8.75,292,WNW,11.47,0,0
3/22/25 3:00,10.89,300,WNW,12.44,0,0
3/22/25 4:00,9.72,301,WNW,13.02,0,0
3/22/25 5:00,6.03,296,WNW,7.58,0,0
3/22/25 6:00,4.67,272,W,7,0,0
3/22/25 7:00,5.44,290,WNW,7.58,0,0
3/22/25 8:00,5.05,267,W,7,0,0
3/22/25 9:00,5.25,279,W,7.39,0,0
3/22/25 10:00,5.25,274,W,8.16,0,0
3/22/25 11:00,5.44,253,WSW,6.8,0,0
3/22/25 12:00,3.69,248,WSW,5.44,0,0
3/22/25 13:00,10.5,302,WNW,12.83,0,0
3/22/25 14:00,8.94,293,WNW,10.89,0,0
3/22/25 15:00,5.05,269,W,9.52,0,0
3/22/25 16:00,5.44,235,SW,6.41,0,0
3/22/25 17:00,6.61,240,WSW,8.16,0,0
3/22/25 18:00,5.83,241,WSW,8.36,0,0
3/22/25 19:00,6.61,276,W,11.86,0,0
3/22/25 20:00,5.64,284,WNW,10.11,0,0
3/22/25 21:00,6.03,272,W,9.33,0,0
3/22/25 22:00,6.03,268,W,8.36,0,0
3/22/25 23:00,6.03,267,W,8.36,0,0
3/23/25 0:00,5.05,242,WSW,7.78,0,0
3/23/25 1:00,4.08,222,SW,5.64,0,0
3/23/25 2:00,3.69,214,SW,4.28,0,0
3/23/25 3:00,5.44,256,WSW,7.39,0,0
3/23/25 4:00,5.44,256,WSW,7.58,0,0
3/23/25 5:00,4.47,223,SW,5.83,0,0
3/23/25 6:00,3.11,299,WNW,4.47,0,0
3/23/25 7:00,2.14,244,WSW,4.28,0,0
3/23/25 8:00,3.3,224,SW,4.47,0,0
3/23/25 9:00,4.67,299,WNW,5.64,0,0
3/23/25 10:00,3.89,262,W,5.25,0,0
3/23/25 11:00,2.53,257,WSW,3.11,0,0
3/23/25 12:00,4.67,303,WNW,5.64,0,0
3/23/25 13:00,3.3,327,NNW,3.3,0,0
3/23/25 14:00,4.28,276,W,7,0,0
3/23/25 15:00,5.83,258,WSW,7.19,0,0
3/23/25 16:00,7,255,WSW,8.75,0,0
3/23/25 17:00,7.78,252,WSW,9.91,0,0
3/23/25 18:00,8.55,260,W,10.3,0,0
3/23/25 19:00,6.8,269,W,9.14,0,0
3/23/25 20:00,6.03,262,W,7,0,0
3/23/25 21:00,3.3,299,WNW,4.08,0,0
3/23/25 22:00,1.56,51,NE,2.72,0,0
3/23/25 23:00,2.14,47,NE,3.11,0,0
3/24/25 0:00,0.78,195,SSW,1.56,0,0
3/24/25 1:00,4.08,272,W,6.22,0,0
3/24/25 2:00,4.86,248,WSW,7.39,0,0
3/24/25 3:00,2.72,229,SW,3.3,0,0
3/24/25 4:00,0.78,134,SE,1.56,0,0
3/24/25 5:00,3.89,151,SSE,4.86,0,0
3/24/25 6:00,2.53,138,SE,3.11,0,0
3/24/25 7:00,0.19,159,SSE,1.56,0,0
3/24/25 8:00,4.08,78,ENE,4.86,0,0
3/24/25 9:00,2.72,129,SE,4.86,0,0
3/24/25 10:00,7,86,E,9.91,0,0
3/24/25 11:00,9.72,88,E,10.89,0,0
3/24/25 12:00,10.69,97,E,12.25,0,0
3/24/25 13:00,10.89,92,E,12.25,0,0
3/24/25 14:00,11.86,96,E,14,0,0
3/24/25 15:00,10.89,95,E,12.64,0,0
3/24/25 16:00,11.86,96,E,13.61,0,0
3/24/25 17:00,9.72,91,E,11.08,0,0
3/24/25 18:00,9.33,105,ESE,10.3,0,0
3/24/25 19:00,10.5,106,ESE,15.16,0,0
3/24/25 20:00,1.36,10,N,7.58,0,0
3/24/25 21:00,0.19,286,WNW,1.94,0,0
3/24/25 22:00,4.67,164,SSE,5.25,0,0
3/24/25 23:00,2.53,167,SSE,3.69,0,0
3/25/25 0:00,0,262,W,0.58,0,0
3/25/25 1:00,0.78,135,SE,1.36,0,0
3/25/25 2:00,3.11,83,E,3.89,0,0
3/25/25 3:00,0.78,223,SW,1.75,0,0
3/25/25 4:00,0,150,SSE,0,0,0
3/25/25 5:00,7.39,86,E,8.36,0,0
3/25/25 6:00,6.22,95,E,7,0,0
3/25/25 7:00,7.78,81,E,8.75,0,0
3/25/25 8:00,8.94,78,ENE,9.52,0,0
3/25/25 9:00,8.16,85,E,10.5,0,0
3/25/25 10:00,9.33,80,E,10.3,0,0
3/25/25 11:00,7.39,70,ENE,8.75,0,0
3/25/25 12:00,10.11,85,E,12.44,0,0
3/25/25 13:00,10.69,79,E,11.66,0,0
3/25/25 14:00,9.72,91,E,11.86,0,0
3/25/25 15:00,8.55,86,E,10.5,0,0
3/25/25 16:00,6.22,89,E,7.58,0,0
3/25/25 17:00,3.69,82,E,4.47,0,0
3/25/25 18:00,4.08,275,W,6.61,0,0
3/25/25 19:00,0.19,304,NW,1.75,0,0
3/25/25 20:00,1.56,69,ENE,2.53,0,0
3/25/25 21:00,2.53,263,W,3.5,0,0
3/25/25 22:00,11.27,237,WSW,13.8,0,0
3/25/25 23:00,11.27,257,WSW,14,0,0
3/26/25 0:00,9.33,249,WSW,12.44,0,0
3/26/25 1:00,7.39,257,WSW,9.72,0,0
3/26/25 2:00,8.36,251,WSW,10.89,0,0
3/26/25 3:00,13.61,230,SW,17.11,0,0
3/26/25 4:00,14.97,225,SW,19.24,0,0
3/26/25 5:00,14.97,250,WSW,19.05,0,0
3/26/25 6:00,13.61,258,WSW,21.19,0,0
3/26/25 7:00,17.49,256,WSW,23.33,0,0
3/26/25 8:00,12.64,249,WSW,18.08,0,0
3/26/25 9:00,14.97,236,SW,20.22,0,0
3/26/25 10:00,13.41,251,WSW,18.86,0,0
3/26/25 11:00,18.27,243,WSW,25.27,0,0
3/26/25 12:00,20.02,231,SW,22.74,0,0
3/26/25 13:00,14.58,221,SW,19.63,0,0
3/26/25 14:00,10.89,245,WSW,16.13,0,0
3/26/25 15:00,13.61,247,WSW,20.99,0,0
3/26/25 16:00,19.63,231,SW,24.69,0,0
3/26/25 17:00,14.58,238,WSW,18.27,0,0
3/26/25 18:00,13.02,227,SW,21.97,0,0
3/26/25 19:00,14.97,208,SSW,17.88,0,0
3/26/25 20:00,10.11,218,SW,14.38,0,0
3/26/25 21:00,9.52,209,SSW,13.22,0,0
3/26/25 22:00,10.89,232,SW,14,0,0
3/26/25 23:00,9.72,224,SW,11.27,0,0
3/27/25 0:00,6.8,211,SSW,8.94,0,0
3/27/25 1:00,7.39,209,SSW,10.69,0,0
3/27/25 2:00,11.08,217,SW,13.41,0,0
3/27/25 3:00,7.78,236,SW,11.66,0,0
3/27/25 4:00,8.36,225,SW,10.5,0,0
3/27/25 5:00,6.03,231,SW,8.94,0,0
3/27/25 6:00,4.47,223,SW,6.22,0,0
3/27/25 7:00,3.89,217,SW,5.25,0,0
3/27/25 8:00,7.78,208,SSW,11.86,0,0
3/27/25 9:00,10.3,214,SW,14.77,0,0
3/27/25 10:00,11.47,221,SW,16.13,0,0
3/27/25 11:00,13.02,215,SW,16.52,0,0
3/27/25 12:00,16.52,214,SW,21.58,0,0
3/27/25 13:00,18.27,263,W,24.88,0,0
3/27/25 14:00,10.89,219,SW,13.41,0,0
3/27/25 15:00,12.05,233,SW,15.75,0,0
3/27/25 16:00,14,241,WSW,21.38,0,0
3/27/25 17:00,15.55,237,WSW,22.55,0,0
3/27/25 18:00,11.66,248,WSW,17.3,0,0
3/27/25 19:00,8.55,234,SW,12.83,0,0
3/27/25 20:00,9.14,232,SW,11.08,0,0
3/27/25 21:00,8.94,213,SSW,11.27,0,0
3/27/25 22:00,10.89,213,SSW,12.83,0,0
3/27/25 23:00,9.72,227,SW,12.44,0,0
3/28/25 0:00,7.39,213,SSW,9.14,0,0
3/28/25 1:00,10.11,220,SW,13.22,0,0
3/28/25 2:00,12.25,234,SW,14.97,0,0
3/28/25 3:00,9.14,241,WSW,12.25,0,0
3/28/25 4:00,9.52,228,SW,12.05,0,0
3/28/25 5:00,5.64,217,SW,8.55,0,0
3/28/25 6:00,9.52,301,WNW,12.44,0,0
3/28/25 7:00,5.64,275,W,7.58,0,0
3/28/25 8:00,9.91,255,WSW,12.83,0,0
3/28/25 9:00,6.03,272,W,8.94,0,0
3/28/25 10:00,8.36,259,W,12.25,0,0
3/28/25 11:00,7.97,269,W,12.25,0,0
3/28/25 12:00,7.39,260,W,10.3,0,0
3/28/25 13:00,11.86,291,WNW,15.75,0,0
3/28/25 14:00,11.47,291,WNW,15.55,0,0
3/28/25 15:00,10.5,288,WNW,15.94,0,0
3/28/25 16:00,9.33,280,W,14.77,0,0
3/28/25 17:00,8.94,281,W,13.22,0,0
3/28/25 18:00,12.83,297,WNW,16.33,0,0
3/28/25 19:00,12.83,294,WNW,16.33,0,0
3/28/25 20:00,10.3,281,W,16.33,0,0
3/28/25 21:00,9.33,288,WNW,14,0,0
3/28/25 22:00,8.55,275,W,12.44,0,0
3/28/25 23:00,6.22,294,WNW,8.75,0,0
3/29/25 0:00,7.97,279,W,10.11,0,0
3/29/25 1:00,5.83,287,WNW,9.14,0,0
3/29/25 2:00,8.36,276,W,11.27,0,0
3/29/25 3:00,7.78,291,WNW,9.91,0,0
3/29/25 4:00,7.58,303,WNW,9.72,0,0
3/29/25 5:00,7,309,NW,10.5,0,0
3/29/25 6:00,6.22,356,N,7.39,0,0
3/29/25 7:00,4.47,312,NW,6.8,0,0
3/29/25 8:00,3.11,333,NNW,4.67,0,0
3/29/25 9:00,2.53,332,NNW,4.86,0,0
3/29/25 10:00,2.92,272,W,3.89,0,0
3/29/25 11:00,4.47,276,W,6.22,0,0
3/29/25 12:00,4.28,306,NW,5.83,0,0
3/29/25 13:00,3.69,278,W,6.22,0,0
3/29/25 14:00,5.44,271,W,7.19,0,0
3/29/25 15:00,6.22,262,W,8.55,0,0
3/29/25 16:00,5.05,264,W,6.8,0,0
3/29/25 17:00,8.55,223,SW,10.69,0,0
3/29/25 18:00,10.3,232,SW,12.83,0,0
3/29/25 19:00,6.41,228,SW,9.52,0,0
3/29/25 20:00,6.8,216,SW,8.55,0,0
3/29/25 21:00,4.08,235,SW,7,0,0
3/29/25 22:00,4.47,205,SSW,6.22,0,0
3/29/25 23:00,6.03,211,SSW,7.78,0,0
3/30/25 0:00,5.44,219,SW,7.39,0,0
3/30/25 1:00,5.44,225,SW,6.8,0,0
3/30/25 2:00,6.03,138,SE,8.55,0,0
3/30/25 3:00,6.41,145,SE,9.14,0,0
3/30/25 4:00,4.86,135,SE,7.78,0,0
3/30/25 5:00,9.33,119,ESE,13.02,0,0
3/30/25 6:00,14.38,114,ESE,19.05,0,0
3/30/25 7:00,11.86,102,ESE,15.75,0,0
3/30/25 8:00,5.64,85,E,7,0,0
3/30/25 9:00,6.22,87,E,8.16,0,0
3/30/25 10:00,7.19,143,SE,10.89,0,0
3/30/25 11:00,11.27,164,SSE,16.91,0,0
3/30/25 12:00,7.78,191,S,15.36,0,0
3/30/25 13:00,18.08,210,SSW,24.49,0,0
3/30/25 14:00,15.75,228,SW,22.35,0,0
3/30/25 15:00,15.36,230,SW,19.24,0,0
3/30/25 16:00,11.86,246,WSW,16.52,0,0
3/30/25 17:00,17.11,240,WSW,21.77,0,0
3/30/25 18:00,16.13,239,WSW,22.94,0,0
3/30/25 19:00,15.16,235,SW,18.08,0,0
3/30/25 20:00,12.25,236,SW,17.3,0,0
3/30/25 21:00,13.02,227,SW,17.69,0,0
3/30/25 22:00,13.61,235,SW,17.3,0,0
3/30/25 23:00,13.22,232,SW,16.33,0,0
3/31/25 0:00,14.77,226,SW,17.88,0,0
3/31/25 1:00,17.69,230,SW,22.55,0,0
3/31/25 2:00,16.33,226,SW,19.24,0,0
3/31/25 3:00,17.49,228,SW,23.13,0,0
3/31/25 4:00,9.52,219,SW,13.22,0,0
3/31/25 5:00,13.61,232,SW,16.13,0,0
3/31/25 6:00,10.11,222,SW,14.19,0,0
3/31/25 7:00,10.3,219,SW,13.8,0,0
3/31/25 8:00,12.05,229,SW,17.11,0,0
3/31/25 9:00,11.27,240,WSW,15.94,0,0
3/31/25 10:00,8.36,269,W,14.58,0,0
3/31/25 11:00,12.64,250,WSW,17.69,0,0
3/31/25 12:00,11.08,247,WSW,16.52,0,0
3/31/25 13:00,15.36,240,WSW,20.8,0,0
3/31/25 14:00,14.77,243,WSW,20.8,0,0
3/31/25 15:00,15.55,279,W,20.22,0,0
3/31/25 16:00,16.33,252,WSW,21.38,0,0
3/31/25 17:00,11.47,251,WSW,16.91,0,0
3/31/25 18:00,14.77,263,W,19.24,0,0
3/31/25 19:00,12.83,263,W,19.05,0,0
3/31/25 20:00,11.47,262,W,16.52,0,0
3/31/25 21:00,14.38,254,WSW,19.05,0,0
3/31/25 22:00,14.77,277,W,19.05,0,0
3/31/25 23:00,10.89,246,WSW,15.94,0,0
4/1/25 0:00,12.44,235,SW,15.16,0,0
4/1/25 1:00,11.27,247,WSW,18.27,0,0
4/1/25 2:00,11.86,248,WSW,16.91,0,0
4/1/25 3:00,13.22,234,SW,15.36,0,0
4/1/25 4:00,11.08,217,SW,13.41,0,0
4/1/25 5:00,11.27,247,WSW,19.44,0,0
4/1/25 6:00,14,235,SW,17.11,0,0
4/1/25 7:00,9.91,249,WSW,16.91,0,0
4/1/25 8:00,9.91,263,W,15.75,0,0
4/1/25 9:00,10.3,251,WSW,17.69,0,0
4/1/25 10:00,14.38,238,WSW,19.83,0,0
4/1/25 11:00,7.97,245,WSW,13.02,0,0
4/1/25 12:00,9.72,274,W,15.16,0,0
4/1/25 13:00,13.02,276,W,19.24,0,0
4/1/25 14:00,14.19,285,WNW,21.77,0,0
4/1/25 15:00,15.75,276,W,21.77,0,0
4/1/25 16:00,17.11,277,W,22.35,0,0
4/1/25 17:00,16.33,293,WNW,21.58,0,0
4/1/25 18:00,16.91,280,W,25.85,0,0
4/1/25 19:00,14.97,280,W,19.63,0,0
4/1/25 20:00,14.58,290,WNW,20.99,0,0
4/1/25 21:00,12.44,286,WNW,17.69,0,0
4/1/25 22:00,17.69,308,NW,21.58,0,0
4/1/25 23:00,11.86,315,NW,16.72,0,0
4/2/25 0:00,13.02,309,NW,16.13,0,0
4/2/25 1:00,10.11,321,NW,14.77,0,0
4/2/25 2:00,8.94,335,NNW,10.89,0,0
4/2/25 3:00,9.52,320,NW,12.44,0,0
4/2/25 4:00,4.28,347,NNW,6.03,0,0
4/2/25 5:00,3.5,345,NNW,4.67,0,0
4/2/25 6:00,2.53,356,N,4.08,0,0
4/2/25 7:00,3.11,341,NNW,4.08,0,0
4/2/25 8:00,2.33,328,NNW,3.89,0,0
4/2/25 9:00,10.5,301,WNW,12.83,0,0
4/2/25 10:00,6.22,305,NW,8.16,0,0
4/2/25 11:00,4.67,302,WNW,6.41,0,0
4/2/25 12:00,5.64,294,WNW,9.14,0,0
4/2/25 13:00,5.44,245,WSW,9.52,0,0
4/2/25 14:00,5.44,242,WSW,7,0,0
4/2/25 15:00,4.67,231,SW,6.41,0,0
4/2/25 16:00,8.36,250,WSW,12.44,0,0
4/2/25 17:00,10.69,277,W,14.97,0,0
4/2/25 18:00,9.33,270,W,12.05,0,0
4/2/25 19:00,11.66,276,W,17.3,0,0
4/2/25 20:00,9.52,289,WNW,15.94,0,0
4/2/25 21:00,10.5,269,W,13.8,0,0
4/2/25 22:00,6.61,219,SW,8.55,0,0
4/2/25 23:00,7.97,205,SSW,10.11,0,0
4/3/25 0:00,8.94,202,SSW,10.3,0,0
4/3/25 1:00,5.05,238,WSW,7.97,0,0
4/3/25 2:00,7,282,WNW,9.72,0,0
4/3/25 3:00,6.22,273,W,8.16,0,0
4/3/25 4:00,5.25,212,SSW,6.8,0,0
4/3/25 5:00,4.86,215,SW,6.03,0,0
4/3/25 6:00,3.5,231,SW,4.47,0,0
4/3/25 7:00,9.33,309,NW,11.27,0,0
4/3/25 8:00,9.52,317,NW,11.27,0,0
4/3/25 9:00,3.5,344,NNW,4.67,0,0
4/3/25 10:00,2.92,269,W,5.44,0,0
4/3/25 11:00,5.44,317,NW,6.41,0,0
4/3/25 12:00,4.47,297,WNW,6.8,0,0
4/3/25 13:00,3.3,280,W,6.22,0,0
4/3/25 14:00,6.22,275,W,8.16,0,0
4/3/25 15:00,4.86,252,WSW,7,0,0
4/3/25 16:00,9.72,255,WSW,12.05,0,0
4/3/25 17:00,7.78,279,W,9.91,0,0
4/3/25 18:00,8.94,300,WNW,10.5,0,0
4/3/25 19:00,8.94,297,WNW,12.05,0,0
4/3/25 20:00,11.27,303,WNW,13.41,0,0
4/3/25 21:00,8.36,297,WNW,11.08,0,0
4/3/25 22:00,7.39,275,W,9.14,0,0
4/3/25 23:00,6.22,271,W,7.78,0,0
4/4/25 0:00,4.86,225,SW,6.03,0,0
4/4/25 1:00,4.47,211,SSW,6.22,0,0
4/4/25 2:00,4.86,218,SW,5.83,0,0
4/4/25 3:00,4.28,214,SW,5.25,0,0
4/4/25 4:00,4.08,211,SSW,4.47,0,0
4/4/25 5:00,1.56,211,SSW,2.92,0,0
4/4/25 6:00,2.33,184,S,3.3,0,0
4/4/25 7:00,1.56,206,SSW,2.92,0,0
4/4/25 8:00,3.3,246,WSW,4.28,0,0
4/4/25 9:00,5.64,217,SW,6.61,0,0
4/4/25 10:00,3.5,247,WSW,5.44,0,0
4/4/25 11:00,2.53,254,WSW,4.08,0,0
4/4/25 12:00,2.14,257,WSW,4.86,0,0
4/4/25 13:00,4.67,251,WSW,5.64,0,0
4/4/25 14:00,5.64,253,WSW,7.58,0,0
4/4/25 15:00,4.67,232,SW,5.83,0,0
4/4/25 16:00,2.92,226,SW,3.89,0,0
4/4/25 17:00,1.36,265,W,2.53,0,0
4/4/25 18:00,11.27,306,NW,15.75,0,0
4/4/25 19:00,14.97,312,NW,17.69,0,0
4/4/25 20:00,5.25,236,SW,6.8,0,0
4/4/25 21:00,4.86,268,W,6.8,0,0
4/4/25 22:00,3.89,247,WSW,4.67,0,0
4/4/25 23:00,6.41,207,SSW,7.19,0,0
4/5/25 0:00,5.25,219,SW,7.58,0,0
4/5/25 1:00,3.89,226,SW,4.67,0,0
4/5/25 2:00,7.19,279,W,10.69,0,0
4/5/25 3:00,2.14,263,W,3.3,0,0
4/5/25 4:00,1.56,231,SW,2.72,0,0
4/5/25 5:00,2.33,240,WSW,2.53,0,0
4/5/25 6:00,2.72,217,SW,3.5,0,0
4/5/25 7:00,1.94,329,NNW,2.53,0,0
4/5/25 8:00,0.58,74,ENE,1.17,0,0
4/5/25 9:00,0.58,19,NNE,1.36,0,0
4/5/25 10:00,4.67,309,NW,6.03,0,0
4/5/25 11:00,4.86,316,NW,5.64,0,0
4/5/25 12:00,4.28,308,NW,5.64,0,0
4/5/25 13:00,3.89,310,NW,5.05,0,0
4/5/25 14:00,2.53,258,WSW,3.89,0,0
4/5/25 15:00,2.53,269,W,6.22,0,0
4/5/25 16:00,8.16,264,W,11.47,0,0
4/5/25 17:00,7,236,SW,8.16,0,0
4/5/25 18:00,11.08,240,WSW,12.44,0,0
4/5/25 19:00,6.03,259,W,8.36,0,0
4/5/25 20:00,4.08,288,WNW,7,0,0
4/5/25 21:00,8.94,299,WNW,11.66,0,0
4/5/25 22:00,9.52,303,WNW,11.08,0,0
4/5/25 23:00,3.5,269,W,5.05,0,0
4/6/25 0:00,3.89,228,SW,4.86,0,0
4/6/25 1:00,5.64,283,WNW,8.94,0,0
4/6/25 2:00,3.89,243,WSW,5.64,0,0
4/6/25 3:00,4.86,264,W,6.61,0,0
4/6/25 4:00,3.5,254,WSW,5.83,0,0
4/6/25 5:00,9.52,246,WSW,12.25,0,0
4/6/25 6:00,6.41,242,WSW,11.86,0,0
4/6/25 7:00,7.58,261,W,10.11,0,0
4/6/25 8:00,5.25,334,NNW,6.8,0,0
4/6/25 9:00,7.19,310,NW,8.55,0,0
4/6/25 10:00,1.56,283,WNW,3.5,0,0
4/6/25 11:00,4.47,319,NW,5.05,0,0
4/6/25 12:00,2.72,307,NW,3.69,0,0
4/6/25 13:00,5.25,298,WNW,7.78,0,0
4/6/25 14:00,1.94,264,W,2.53,0,0
4/6/25 15:00,4.67,263,W,5.83,0,0
4/6/25 16:00,7.58,253,WSW,10.3,0,0
4/6/25 17:00,9.14,240,WSW,10.89,0,0
4/6/25 18:00,8.36,233,SW,10.69,0,0
4/6/25 19:00,7.78,216,SW,9.14,0,0
4/6/25 20:00,7,236,SW,7.97,0,0
4/6/25 21:00,7.78,220,SW,10.5,0,0
4/6/25 22:00,8.94,222,SW,10.5,0,0
4/6/25 23:00,8.36,209,SSW,10.3,0,0
4/7/25 0:00,8.75,210,SSW,10.69,0,0
4/7/25 1:00,11.66,231,SW,14.97,0,0
4/7/25 2:00,12.05,229,SW,14.58,0,0
4/7/25 3:00,7.78,212,SSW,11.27,0,0
4/7/25 4:00,6.22,224,SW,8.36,0,0
4/7/25 5:00,4.86,215,SW,6.61,0,0
4/7/25 6:00,7.78,224,SW,10.89,0,0
4/7/25 7:00,7.78,224,SW,9.72,0,0
4/7/25 8:00,7.39,217,SW,9.33,0,0
4/7/25 9:00,9.14,236,SW,10.89,0,0
4/7/25 10:00,8.36,229,SW,10.3,0,0
4/7/25 11:00,6.41,248,WSW,9.52,0,0
4/7/25 12:00,5.05,254,WSW,7,0,0
4/7/25 13:00,4.28,237,WSW,4.86,0,0
4/7/25 14:00,3.89,231,SW,5.05,0,0
4/7/25 15:00,5.83,240,WSW,6.8,0,0
4/7/25 16:00,6.61,240,WSW,8.94,0,0
4/7/25 17:00,7.58,233,SW,9.33,0,0
4/7/25 18:00,6.41,222,SW,9.14,0,0
4/7/25 19:00,7.78,251,WSW,11.08,0,0
4/7/25 20:00,10.5,288,WNW,14.38,0,0
4/7/25 21:00,5.83,268,W,7.97,0,0
4/7/25 22:00,3.89,260,W,5.64,0,0
4/7/25 23:00,6.22,262,W,8.55,0,0
4/8/25 0:00,10.69,308,NW,12.05,0,0
4/8/25 1:00,10.3,308,NW,12.44,0,0
4/8/25 2:00,8.94,314,NW,10.69,0,0
4/8/25 3:00,5.05,285,WNW,6.61,0,0
4/8/25 4:00,5.25,234,SW,7,0,0
4/8/25 5:00,4.86,241,WSW,7,0,0
4/8/25 6:00,6.8,280,W,8.36,0,0
4/8/25 7:00,4.86,236,SW,6.61,0,0
4/8/25 8:00,5.05,233,SW,7,0,0
4/8/25 9:00,7.19,302,WNW,9.14,0,0
4/8/25 10:00,4.47,253,WSW,5.64,0,0
4/8/25 11:00,4.08,243,WSW,5.44,0,0
4/8/25 12:00,2.92,235,SW,3.89,0,0
4/8/25 13:00,4.67,227,SW,5.64,0,0
4/8/25 14:00,4.86,225,SW,6.03,0,0
4/8/25 15:00,6.03,253,WSW,7.78,0,0
4/8/25 16:00,6.41,255,WSW,8.94,0,0
4/8/25 17:00,5.83,264,W,8.16,0,0
4/8/25 18:00,4.86,269,W,7.19,0,0
4/8/25 19:00,7,262,W,8.75,0,0
4/8/25 20:00,10.69,300,WNW,13.22,0,0
4/8/25 21:00,9.91,302,WNW,11.86,0,0
4/8/25 22:00,7,295,WNW,9.33,0,0
4/8/25 23:00,6.22,273,W,7.97,0,0
4/9/25 0:00,3.69,291,WNW,6.22,0,0
4/9/25 1:00,4.67,217,SW,5.64,0,0
4/9/25 2:00,4.67,275,W,5.83,0,0
4/9/25 3:00,3.5,220,SW,3.89,0,0
4/9/25 4:00,1.94,237,WSW,2.72,0,0
4/9/25 5:00,2.92,160,SSE,3.89,0,0
4/9/25 6:00,2.53,149,SSE,3.5,0,0
4/9/25 7:00,2.53,309,NW,3.3,0,0
4/9/25 8:00,0.78,291,WNW,1.56,0,0
4/9/25 9:00,2.53,312,NW,3.89,0,0
4/9/25 10:00,3.89,298,WNW,5.25,0,0
4/9/25 11:00,3.69,266,W,5.64,0,0
4/9/25 12:00,2.72,293,WNW,3.69,0,0
4/9/25 13:00,3.3,231,SW,3.89,0,0
4/9/25 14:00,4.47,235,SW,5.05,0,0
4/9/25 15:00,3.5,240,WSW,4.08,0,0
4/9/25 16:00,4.47,226,SW,4.86,0,0
4/9/25 17:00,4.47,246,WSW,5.05,0,0
4/9/25 18:00,4.67,254,WSW,5.83,0,0
4/9/25 19:00,3.5,237,WSW,4.86,0,0
4/9/25 20:00,3.11,278,W,4.67,0,0
4/9/25 21:00,4.47,259,W,5.83,0,0
4/9/25 22:00,4.47,232,SW,5.05,0,0
4/9/25 23:00,5.64,238,WSW,6.22,0,0
4/10/25 0:00,2.92,212,SSW,3.69,0,0
4/10/25 1:00,3.3,249,WSW,4.08,0,0
4/10/25 2:00,1.94,249,WSW,2.92,0,0
4/10/25 3:00,4.86,272,W,6.41,0,0
4/10/25 4:00,5.25,240,WSW,7,0,0
4/10/25 5:00,7,266,W,9.33,0,0
4/10/25 6:00,7.19,244,WSW,10.5,0,0
4/10/25 7:00,7,243,WSW,9.33,0,0
4/10/25 8:00,7.78,282,WNW,10.89,0,0
4/10/25 9:00,7,286,WNW,9.72,0,0
4/10/25 10:00,8.55,247,WSW,12.25,0,0
4/10/25 11:00,4.86,217,SW,7.78,0,0
4/10/25 12:00,4.28,228,SW,5.44,0,0
4/10/25 13:00,4.67,294,WNW,5.83,0,0
4/10/25 14:00,4.47,257,WSW,6.8,0,0
4/10/25 15:00,7.97,257,WSW,9.72,0,0
4/10/25 16:00,6.22,264,W,8.55,0,0
4/10/25 17:00,6.22,286,WNW,9.33,0,0
4/10/25 18:00,8.36,259,W,10.89,0,0
4/10/25 19:00,8.16,262,W,11.47,0,0
4/10/25 20:00,6.22,266,W,8.36,0,0
4/10/25 21:00,6.22,256,WSW,8.94,0,0
4/10/25 22:00,4.08,247,WSW,5.64,0,0
4/10/25 23:00,5.44,237,WSW,6.61,0,0
4/11/25 0:00,5.44,233,SW,7.39,0,0
4/11/25 1:00,4.47,226,SW,6.61,0,0
4/11/25 2:00,8.75,237,WSW,12.25,0,0
4/11/25 3:00,8.94,233,SW,12.44,0,0
4/11/25 4:00,6.41,243,WSW,8.75,0,0
4/11/25 5:00,6.61,145,SE,7.78,0,0
4/11/25 6:00,10.5,235,SW,14.19,0,0
4/11/25 7:00,5.05,247,WSW,7,0,0
4/11/25 8:00,9.52,239,WSW,11.27,0,0
4/11/25 9:00,7.19,242,WSW,10.5,0,0
4/11/25 10:00,5.05,263,W,8.75,0,0
4/11/25 11:00,6.22,251,WSW,9.52,0,0
4/11/25 12:00,6.22,246,WSW,8.94,0,0
4/11/25 13:00,9.72,240,WSW,11.08,0,0
4/11/25 14:00,10.11,227,SW,12.64,0,0
4/11/25 15:00,7.78,252,WSW,10.3,0,0
4/11/25 16:00,7,249,WSW,12.25,0,0
4/11/25 17:00,8.75,292,WNW,11.86,0,0
4/11/25 18:00,8.75,267,W,10.69,0,0
4/11/25 19:00,8.94,253,WSW,13.41,0,0
4/11/25 20:00,8.94,236,SW,10.5,0,0
4/11/25 21:00,11.86,256,WSW,14.77,0,0
4/11/25 22:00,10.3,232,SW,12.44,0,0
4/11/25 23:00,13.8,237,WSW,15.75,0,0
4/12/25 0:00,12.44,246,WSW,18.47,0,0
4/12/25 1:00,11.08,242,WSW,15.36,0,0
4/12/25 2:00,13.41,237,WSW,16.13,0,0
4/12/25 3:00,12.25,228,SW,15.94,0,0
4/12/25 4:00,9.91,259,W,13.61,0,0
4/12/25 5:00,8.75,269,W,12.64,0,0
4/12/25 6:00,6.03,259,W,8.94,0,0
4/12/25 7:00,6.03,269,W,10.3,0,0
4/12/25 8:00,6.41,244,WSW,9.72,0,0
4/12/25 9:00,5.44,256,WSW,8.55,0,0
4/12/25 10:00,6.22,296,WNW,7.97,0,0
4/12/25 11:00,5.64,291,WNW,8.16,0,0
4/12/25 12:00,6.22,312,NW,8.36,0,0
4/12/25 13:00,7.39,293,WNW,9.52,0,0
4/12/25 14:00,6.22,244,WSW,9.14,0,0
4/12/25 15:00,7.19,239,WSW,8.75,0,0
4/12/25 16:00,7.78,238,WSW,10.69,0,0
4/12/25 17:00,7.78,240,WSW,10.5,0,0
4/12/25 18:00,9.52,236,SW,12.25,0,0
4/12/25 19:00,10.3,227,SW,13.22,0,0
4/12/25 20:00,7.78,234,SW,9.33,0,0
4/12/25 21:00,7.97,227,SW,12.05,0,0
4/12/25 22:00,4.47,232,SW,5.83,0,0
4/12/25 23:00,4.28,233,SW,4.86,0,0
4/13/25 0:00,7,218,SW,7.97,0,0
4/13/25 1:00,4.86,245,WSW,6.22,0,0
4/13/25 2:00,8.55,245,WSW,11.08,0,0
4/13/25 3:00,4.67,224,SW,6.03,0,0
4/13/25 4:00,2.92,239,WSW,3.89,0,0
4/13/25 5:00,2.33,228,SW,3.3,0,0
4/13/25 6:00,2.33,243,WSW,3.3,0,0
4/13/25 7:00,1.94,197,SSW,2.72,0,0
4/13/25 8:00,2.14,263,W,3.5,0,0
4/13/25 9:00,3.3,263,W,5.25,0,0
4/13/25 10:00,4.28,307,NW,6.03,0,0
4/13/25 11:00,2.33,312,NW,3.89,0,0
4/13/25 12:00,4.28,300,WNW,5.64,0,0
4/13/25 13:00,3.11,286,WNW,4.86,0,0
4/13/25 14:00,4.08,300,WNW,5.44,0,0
4/13/25 15:00,6.22,307,NW,6.8,0,0
4/13/25 16:00,7.19,305,NW,7.97,0,0
4/13/25 17:00,3.11,248,WSW,4.08,0,0
4/13/25 18:00,9.52,316,NW,10.69,0,0
4/13/25 19:00,7.58,297,WNW,11.66,0,0
4/13/25 20:00,3.89,348,NNW,4.47,0,0
4/13/25 21:00,4.08,300,WNW,5.05,0,0
4/13/25 22:00,1.94,150,SSE,2.53,0,0
4/13/25 23:00,0,229,SW,0.97,0,0
4/14/25 0:00,2.14,271,W,4.08,0,0
4/14/25 1:00,1.75,115,ESE,2.53,0,0
4/14/25 2:00,2.92,265,W,4.28,0,0
4/14/25 3:00,4.86,277,W,5.83,0,0
4/14/25 4:00,2.33,270,W,3.5,0,0
4/14/25 5:00,2.14,194,SSW,3.11,0,0
4/14/25 6:00,2.92,221,SW,4.28,0,0
4/14/25 7:00,2.72,218,SW,4.08,0,0
4/14/25 8:00,3.5,263,W,4.28,0,0
4/14/25 9:00,0.97,311,NW,2.53,0,0
4/14/25 10:00,2.72,311,NW,3.69,0,0
4/14/25 11:00,2.33,308,NW,2.92,0,0
4/14/25 12:00,3.69,303,WNW,4.67,0,0
4/14/25 13:00,5.64,255,WSW,6.61,0,0
4/14/25 14:00,10.5,257,WSW,12.64,0,0
4/14/25 15:00,11.08,242,WSW,14.19,0,0
4/14/25 16:00,15.16,235,SW,17.3,0,0
4/14/25 17:00,12.25,242,WSW,14.97,0,0
4/14/25 18:00,9.14,244,WSW,12.44,0,0
4/14/25 19:00,9.33,238,WSW,10.89,0,0
4/14/25 20:00,12.25,234,SW,14.58,0,0
4/14/25 21:00,14,235,SW,16.52,0,0
4/14/25 22:00,16.91,232,SW,21.77,0,0
4/14/25 23:00,12.05,236,SW,16.52,0,0
4/15/25 0:00,11.66,258,WSW,15.16,0,0
4/15/25 1:00,10.11,255,WSW,14.38,0,0
4/15/25 2:00,11.66,267,W,16.33,0,0
4/15/25 3:00,10.5,277,W,14,0,0
4/15/25 4:00,7.39,299,WNW,11.86,0,0
4/15/25 5:00,9.91,277,W,14.77,0,0
4/15/25 6:00,9.52,258,WSW,13.8,0,0
4/15/25 7:00,12.83,261,W,18.27,0,0
4/15/25 8:00,9.52,257,WSW,15.16,0,0
4/15/25 9:00,12.25,255,WSW,17.49,0,0
4/15/25 10:00,10.89,262,W,16.72,0,0
4/15/25 11:00,12.83,253,WSW,18.47,0,0
4/15/25 12:00,13.02,241,WSW,19.05,0,0
4/15/25 13:00,15.36,235,SW,19.05,0,0
4/15/25 14:00,15.36,235,SW,18.86,0,0
4/15/25 15:00,17.69,235,SW,20.6,0,0
4/15/25 16:00,13.61,247,WSW,19.44,0,0
4/15/25 17:00,12.64,242,WSW,16.72,0,0
4/15/25 18:00,12.64,244,WSW,17.49,0,0
4/15/25 19:00,11.86,253,WSW,16.52,0,0
4/15/25 20:00,11.08,271,W,14.77,0,0
4/15/25 21:00,8.16,282,WNW,12.25,0,0
4/15/25 22:00,10.5,271,W,13.8,0,0
4/15/25 23:00,8.94,305,NW,13.41,0,0
4/16/25 0:00,13.61,307,NW,15.75,0,0
4/16/25 1:00,12.25,301,WNW,14.58,0,0
4/16/25 2:00,8.75,289,WNW,14,0,0
4/16/25 3:00,8.16,287,WNW,13.8,0,0
4/16/25 4:00,10.69,296,WNW,14.38,0,0
4/16/25 5:00,11.27,296,WNW,14.19,0,0
4/16/25 6:00,9.33,293,WNW,16.52,0,0
4/16/25 7:00,8.16,289,WNW,11.47,0,0
4/16/25 8:00,9.14,286,WNW,13.61,0,0
4/16/25 9:00,7,273,W,11.08,0,0
4/16/25 10:00,7.39,285,WNW,10.89,0,0
4/16/25 11:00,9.72,296,WNW,12.44,0,0
4/16/25 12:00,8.55,248,WSW,14.97,0,0
4/16/25 13:00,11.27,251,WSW,15.75,0,0
4/16/25 14:00,11.86,244,WSW,17.49,0,0
4/16/25 15:00,16.33,237,WSW,20.99,0,0
4/16/25 16:00,16.72,240,WSW,20.22,0,0
4/16/25 17:00,13.22,244,WSW,20.8,0,0
4/16/25 18:00,14.19,243,WSW,19.63,0,0
4/16/25 19:00,12.83,247,WSW,19.83,0,0
4/16/25 20:00,16.33,235,SW,23.71,0,0
4/16/25 21:00,16.72,256,WSW,23.52,0,0
4/16/25 22:00,12.05,269,W,16.91,0,0
4/16/25 23:00,15.55,256,WSW,19.24,0,0
4/17/25 0:00,15.75,253,WSW,19.63,0,0
4/17/25 1:00,13.41,255,WSW,17.11,0,0
4/17/25 2:00,10.5,242,WSW,14.97,0,0
4/17/25 3:00,8.55,233,SW,10.89,0,0
4/17/25 4:00,8.75,241,WSW,13.02,0,0
4/17/25 5:00,7.19,259,W,9.52,0,0
4/17/25 6:00,6.03,354,N,7.97,0,0
4/17/25 7:00,5.05,28,NNE,6.22,0,0
4/17/25 8:00,1.94,323,NW,2.72,0,0
4/17/25 9:00,1.17,85,E,1.94,0,0
4/17/25 10:00,2.92,248,WSW,4.67,0,0
4/17/25 11:00,2.92,315,NW,5.44,0,0
4/17/25 12:00,2.72,278,W,3.89,0,0
4/17/25 13:00,2.92,297,WNW,4.28,0,0
4/17/25 14:00,3.69,254,WSW,5.05,0,0
4/17/25 15:00,7.39,242,WSW,9.91,0,0
4/17/25 16:00,10.11,240,WSW,13.41,0,0
4/17/25 17:00,11.47,235,SW,13.61,0,0
4/17/25 18:00,13.02,238,WSW,16.13,0,0
4/17/25 19:00,10.69,241,WSW,14,0,0
4/17/25 20:00,11.08,233,SW,14.38,0,0
4/17/25 21:00,10.69,221,SW,13.61,0,0
4/17/25 22:00,9.52,219,SW,12.05,0,0
4/17/25 23:00,10.3,235,SW,13.41,0,0
4/18/25 0:00,10.3,238,WSW,12.64,0,0
4/18/25 1:00,10.3,237,WSW,12.83,0,0
4/18/25 2:00,10.3,238,WSW,12.44,0,0
4/18/25 3:00,8.36,269,W,11.47,0,0
4/18/25 4:00,9.33,240,WSW,12.44,0,0
4/18/25 5:00,8.16,251,WSW,12.25,0,0
4/18/25 6:00,7.78,312,NW,10.11,0,0
4/18/25 7:00,6.22,316,NW,11.27,0,0
4/18/25 8:00,8.16,331,NNW,10.5,0,0
4/18/25 9:00,7,223,SW,8.94,0,0
4/18/25 10:00,6.61,232,SW,8.75,0,0
4/18/25 11:00,7,251,WSW,8.94,0,0
4/18/25 12:00,6.8,261,W,9.72,0,0
4/18/25 13:00,8.16,272,W,12.83,0,0
4/18/25 14:00,7.97,251,WSW,11.86,0,0
4/18/25 15:00,6.61,227,SW,8.94,0,0
4/18/25 16:00,8.55,247,WSW,12.05,0,0
4/18/25 17:00,9.52,235,SW,12.25,0,0
4/18/25 18:00,7.39,238,WSW,9.52,0,0
4/18/25 19:00,6.41,262,W,9.33,0,0
4/18/25 20:00,11.08,304,NW,12.83,0,0
4/18/25 21:00,9.52,271,W,12.44,0,0
4/18/25 22:00,6.22,225,SW,7.78,0,0
4/18/25 23:00,6.8,220,SW,8.36,0,0
4/19/25 0:00,5.83,219,SW,7.19,0,0
4/19/25 1:00,8.36,229,SW,10.3,0,0
4/19/25 2:00,10.3,239,WSW,12.64,0,0
4/19/25 3:00,8.94,227,SW,12.25,0,0
4/19/25 4:00,8.36,227,SW,11.08,0,0
4/19/25 5:00,12.25,235,SW,15.36,0,0
4/19/25 6:00,11.27,229,SW,15.94,0,0
4/19/25 7:00,10.3,223,SW,14.58,0,0
4/19/25 8:00,10.69,214,SW,14.58,0,0
4/19/25 9:00,10.3,231,SW,14.58,0,0
4/19/25 10:00,10.3,241,WSW,14.97,0,0
4/19/25 11:00,10.11,251,WSW,14,0,0
4/19/25 12:00,13.41,238,WSW,15.75,0,0
4/19/25 13:00,9.91,243,WSW,14.38,0,0
4/19/25 14:00,10.11,241,WSW,14.38,0,0
4/19/25 15:00,13.41,232,SW,17.3,0,0
4/19/25 16:00,15.36,225,SW,17.69,0,0
4/19/25 17:00,15.36,228,SW,18.47,0,0
4/19/25 18:00,13.41,228,SW,16.52,0,0
4/19/25 19:00,13.02,235,SW,15.55,0,0
4/19/25 20:00,11.66,233,SW,14.38,0,0
4/19/25 21:00,10.5,230,SW,12.64,0,0
4/19/25 22:00,8.36,292,WNW,13.41,0,0
4/19/25 23:00,7,259,W,11.27,0,0
4/20/25 0:00,7.97,246,WSW,11.66,0,0
4/20/25 1:00,9.14,251,WSW,14.19,0,0
4/20/25 2:00,8.36,278,W,12.05,0,0
4/20/25 3:00,6.22,282,WNW,10.11,0,0
4/20/25 4:00,5.64,271,W,8.36,0,0
4/20/25 5:00,8.36,253,WSW,10.3,0,0
4/20/25 6:00,7,275,W,10.69,0,0
4/20/25 7:00,4.28,248,WSW,7.78,0,0
4/20/25 8:00,4.28,264,W,5.83,0,0
4/20/25 9:00,3.5,263,W,7.58,0,0
4/20/25 10:00,3.89,286,WNW,7.97,0,0
4/20/25 11:00,6.03,306,NW,8.75,0,0
4/20/25 12:00,5.83,306,NW,8.75,0,0
4/20/25 13:00,4.08,283,WNW,6.22,0,0
4/20/25 14:00,4.47,290,WNW,7.19,0,0
4/20/25 15:00,4.86,276,W,8.16,0,0
4/20/25 16:00,7.78,242,WSW,10.5,0,0
4/20/25 17:00,9.52,241,WSW,11.66,0,0
4/20/25 18:00,8.75,248,WSW,11.08,0,0
4/20/25 19:00,8.16,246,WSW,10.69,0,0
4/20/25 20:00,10.5,231,SW,13.02,0,0
4/20/25 21:00,6.22,223,SW,7.78,0,0
4/20/25 22:00,9.72,233,SW,11.66,0,0
4/20/25 23:00,7,248,WSW,9.72,0,0
4/21/25 0:00,12.25,234,SW,15.36,0,0
4/21/25 1:00,11.47,231,SW,13.61,0,0
4/21/25 2:00,10.11,244,WSW,14,0,0
4/21/25 3:00,9.91,244,WSW,12.83,0,0
4/21/25 4:00,11.08,237,WSW,15.36,0,0
4/21/25 5:00,11.08,237,WSW,16.52,0,0
4/21/25 6:00,8.36,233,SW,12.64,0,0
4/21/25 7:00,8.55,224,SW,10.3,0,0
4/21/25 8:00,7,218,SW,8.75,0,0
4/21/25 9:00,5.44,237,WSW,7.78,0,0
4/21/25 10:00,5.44,313,NW,6.8,0,0
4/21/25 11:00,6.03,321,NW,7,0,0
4/21/25 12:00,4.28,300,WNW,5.64,0,0
4/21/25 13:00,3.11,298,WNW,4.28,0,0
4/21/25 14:00,2.53,283,WNW,4.28,0,0
4/21/25 15:00,2.53,258,WSW,3.69,0,0
4/21/25 16:00,4.47,237,WSW,4.86,0,0
4/21/25 17:00,2.53,265,W,4.28,0,0
4/21/25 18:00,7.39,265,W,9.14,0,0
4/21/25 19:00,6.03,255,WSW,7.78,0,0
4/21/25 20:00,2.72,288,WNW,4.08,0,0
4/21/25 21:00,3.69,234,SW,4.67,0,0
4/21/25 22:00,3.5,257,WSW,4.67,0,0
4/21/25 23:00,5.25,227,SW,6.22,0,0
4/22/25 0:00,6.8,228,SW,8.55,0,0
4/22/25 1:00,11.08,235,SW,12.83,0,0
4/22/25 2:00,10.69,240,WSW,13.41,0,0
4/22/25 3:00,9.72,241,WSW,13.61,0,0
4/22/25 4:00,9.91,243,WSW,12.83,0,0
4/22/25 5:00,12.64,237,WSW,15.75,0,0
4/22/25 6:00,12.83,238,WSW,16.52,0,0
4/22/25 7:00,13.8,232,SW,17.11,0,0
4/22/25 8:00,12.64,227,SW,15.55,0,0
4/22/25 9:00,10.89,240,WSW,13.61,0,0
4/22/25 10:00,11.86,240,WSW,16.13,0,0
4/22/25 11:00,10.69,246,WSW,15.16,0,0
4/22/25 12:00,12.44,230,SW,15.75,0,0
4/22/25 13:00,12.83,234,SW,15.36,0,0
4/22/25 14:00,13.61,230,SW,16.13,0,0
4/22/25 15:00,16.13,213,SSW,19.05,0,0
4/22/25 16:00,15.36,220,SW,20.41,0,0
4/22/25 17:00,18.08,208,SSW,21.77,0,0
4/22/25 18:00,14.58,217,SW,18.86,0,0
4/22/25 19:00,13.8,218,SW,17.69,0,0
4/22/25 20:00,12.05,212,SSW,15.55,0,0
4/22/25 21:00,12.64,226,SW,15.94,0,0
4/22/25 22:00,15.16,218,SW,20.22,0,0
4/22/25 23:00,13.8,227,SW,20.22,0,0
4/23/25 0:00,15.36,222,SW,21.58,0,0
4/23/25 1:00,10.89,219,SW,13.02,0,0
4/23/25 2:00,13.41,212,SSW,16.52,0,0
4/23/25 3:00,12.44,214,SW,14.97,0,0
4/23/25 4:00,10.5,218,SW,14.58,0,0
4/23/25 5:00,12.44,241,WSW,16.33,0,0
4/23/25 6:00,10.11,245,WSW,15.75,0,0
4/23/25 7:00,9.14,256,WSW,12.25,0,0
4/23/25 8:00,9.52,246,WSW,13.41,0,0
4/23/25 9:00,8.16,227,SW,10.5,0,0
4/23/25 10:00,6.61,262,W,10.69,0,0
4/23/25 11:00,13.61,226,SW,18.47,0,0
4/23/25 12:00,15.16,215,SW,17.88,0,0
4/23/25 13:00,14,220,SW,20.8,0,0
4/23/25 14:00,14,225,SW,18.08,0,0
4/23/25 15:00,17.69,212,SSW,20.99,0,0
4/23/25 16:00,15.36,218,SW,21.19,0,0
4/23/25 17:00,17.11,213,SSW,20.22,0,0
4/23/25 18:00,16.33,212,SSW,20.02,0,0
4/23/25 19:00,14.58,215,SW,19.44,0,0
4/23/25 20:00,10.89,278,W,13.41,0,0
4/23/25 21:00,10.89,274,W,14.38,0,0
4/23/25 22:00,9.52,262,W,14,0,0
4/23/25 23:00,8.75,252,WSW,13.61,0,0
4/24/25 0:00,9.91,208,SSW,12.44,0,0
4/24/25 1:00,14.38,220,SW,18.08,0,0
4/24/25 2:00,12.05,219,SW,15.55,0,0
4/24/25 3:00,8.94,264,W,14.19,0,0
4/24/25 4:00,9.72,266,W,12.83,0,0
4/24/25 5:00,8.16,285,WNW,12.64,0,0
4/24/25 6:00,8.55,252,WSW,12.83,0,0
4/24/25 7:00,10.3,232,SW,14.58,0,0
4/24/25 8:00,6.61,269,W,11.86,0,0
4/24/25 9:00,8.94,258,WSW,13.02,0,0
4/24/25 10:00,8.75,259,W,12.44,0,0
4/24/25 11:00,8.36,264,W,11.08,0,0
4/24/25 12:00,7.58,234,SW,10.89,0,0
4/24/25 13:00,8.16,272,W,13.02,0,0
4/24/25 14:00,9.14,290,WNW,14,0,0
4/24/25 15:00,6.8,291,WNW,10.69,0,0
4/24/25 16:00,7.78,281,W,11.66,0,0
4/24/25 17:00,8.75,274,W,12.25,0,0
4/24/25 18:00,11.08,290,WNW,17.3,0,0
4/24/25 19:00,11.66,288,WNW,16.52,0,0
4/24/25 20:00,13.8,277,W,19.83,0,0
4/24/25 21:00,10.5,263,W,16.52,0,0
4/24/25 22:00,11.47,256,WSW,16.52,0,0
4/24/25 23:00,13.22,255,WSW,18.47,0,0
4/25/25 0:00,12.64,261,W,16.72,0,0
4/25/25 1:00,11.27,253,WSW,15.36,0,0
4/25/25 2:00,11.27,255,WSW,15.36,0,0
4/25/25 3:00,11.66,255,WSW,14.77,0,0
4/25/25 4:00,11.47,251,WSW,15.94,0,0
4/25/25 5:00,12.64,247,WSW,17.49,0,0
4/25/25 6:00,12.83,247,WSW,18.08,0,0
4/25/25 7:00,13.02,258,WSW,17.69,0,0
4/25/25 8:00,11.86,264,W,17.69,0,0
4/25/25 9:00,10.69,255,WSW,16.13,0,0
4/25/25 10:00,8.94,238,WSW,12.83,0,0
4/25/25 11:00,7,251,WSW,9.91,0,0
4/25/25 12:00,10.69,235,SW,14.38,0,0
4/25/25 13:00,7.19,244,WSW,10.3,0,0
4/25/25 14:00,8.94,232,SW,12.64,0,0
4/25/25 15:00,11.66,227,SW,15.55,0,0
4/25/25 16:00,8.55,235,SW,11.47,0,0
4/25/25 17:00,8.75,244,WSW,11.66,0,0
4/25/25 18:00,12.64,236,SW,17.69,0,0
4/25/25 19:00,8.75,246,WSW,13.02,0,0
4/25/25 20:00,7.39,233,SW,10.5,0,0
4/25/25 21:00,8.75,302,WNW,11.47,0,0
4/25/25 22:00,8.55,310,NW,12.83,0,0
4/25/25 23:00,5.44,304,NW,9.72,0,0
4/26/25 0:00,5.44,297,WNW,7.78,0,0
4/26/25 1:00,7.58,293,WNW,9.52,0,0
4/26/25 2:00,6.61,287,WNW,7.58,0,0
4/26/25 3:00,4.67,307,NW,7.58,0,0
4/26/25 4:00,5.44,296,WNW,7.97,0,0
4/26/25 5:00,5.64,346,NNW,7.39,0,0
4/26/25 6:00,3.5,310,NW,6.8,0,0
4/26/25 7:00,6.61,297,WNW,8.16,0,0
4/26/25 8:00,6.03,277,W,7.58,0,0
4/26/25 9:00,2.33,294,WNW,4.47,0,0
4/26/25 10:00,3.69,267,W,6.8,0,0
4/26/25 11:00,3.89,258,WSW,5.83,0,0
4/26/25 12:00,5.44,285,WNW,7.58,0,0
4/26/25 13:00,7.78,252,WSW,10.5,0,0
4/26/25 14:00,11.66,234,SW,16.52,0,0
4/26/25 15:00,8.36,266,W,12.64,0,0
4/26/25 16:00,6.22,263,W,8.55,0,0
4/26/25 17:00,8.94,296,WNW,12.25,0,0
4/26/25 18:00,11.86,308,NW,15.16,0,0
4/26/25 19:00,9.14,306,NW,11.08,0,0
4/26/25 20:00,5.83,284,WNW,7.19,0,0
4/26/25 21:00,5.83,266,W,10.11,0,0
4/26/25 22:00,5.83,206,SSW,7.97,0,0
4/26/25 23:00,5.83,206,SSW,7.58,0,0
4/27/25 0:00,5.83,211,SSW,8.16,0,0
4/27/25 1:00,3.11,262,W,4.86,0,0
4/27/25 2:00,5.44,215,SW,7,0,0
4/27/25 3:00,5.44,227,SW,7,0,0
4/27/25 4:00,4.67,261,W,6.8,0,0
4/27/25 5:00,3.89,288,WNW,7.19,0,0
4/27/25 6:00,5.25,208,SSW,6.41,0,0
4/27/25 7:00,6.22,216,SW,8.36,0,0
4/27/25 8:00,6.03,210,SSW,7.58,0,0
4/27/25 9:00,4.08,217,SW,5.44,0,0
4/27/25 10:00,3.69,255,WSW,5.25,0,0
4/27/25 11:00,3.3,274,W,4.67,0,0
4/27/25 12:00,2.92,276,W,4.47,0,0
4/27/25 13:00,5.64,257,WSW,7.19,0,0
4/27/25 14:00,3.5,263,W,5.44,0,0
4/27/25 15:00,4.28,279,W,5.83,0,0
4/27/25 16:00,5.05,267,W,8.16,0,0
4/27/25 17:00,6.03,284,WNW,7.19,0,0
4/27/25 18:00,7.39,258,WSW,9.52,0,0
4/27/25 19:00,9.91,232,SW,11.66,0,0
4/27/25 20:00,9.91,220,SW,11.27,0,0
4/27/25 21:00,7.19,229,SW,10.11,0,0
4/27/25 22:00,5.44,307,NW,7.39,0,0
4/27/25 23:00,4.47,215,SW,6.22,0,0
4/28/25 0:00,4.28,216,SW,5.25,0,0
4/28/25 1:00,5.25,209,SSW,6.22,0,0
4/28/25 2:00,5.05,212,SSW,7.19,0,0
4/28/25 3:00,3.3,250,WSW,4.86,0,0
4/28/25 4:00,3.5,229,SW,4.28,0,0
4/28/25 5:00,6.61,262,W,9.33,0,0
4/28/25 6:00,7.58,216,SW,9.14,0,0
4/28/25 7:00,4.28,209,SSW,5.05,0,0
4/28/25 8:00,3.69,220,SW,4.67,0,0
4/28/25 9:00,3.11,248,WSW,4.28,0,0
4/28/25 10:00,5.05,268,W,7.97,0,0
4/28/25 11:00,7,254,WSW,9.33,0,0
4/28/25 12:00,6.61,268,W,8.55,0,0
4/28/25 13:00,5.44,262,W,8.75,0,0
4/28/25 14:00,9.52,235,SW,11.08,0,0
4/28/25 15:00,12.64,237,WSW,14.38,0,0
4/28/25 16:00,9.72,238,WSW,12.05,0,0
4/28/25 17:00,12.25,237,WSW,14.38,0,0
4/28/25 18:00,10.5,228,SW,12.83,0,0
4/28/25 19:00,10.5,222,SW,12.83,0,0
4/28/25 20:00,7.97,223,SW,10.11,0,0
4/28/25 21:00,8.16,220,SW,9.72,0,0
4/28/25 22:00,4.47,216,SW,6.03,0,0
4/28/25 23:00,6.22,249,WSW,8.36,0,0
4/29/25 0:00,9.52,239,WSW,12.44,0,0
4/29/25 1:00,8.55,241,WSW,10.69,0,0
4/29/25 2:00,7.78,241,WSW,12.25,0,0
4/29/25 3:00,9.91,236,SW,12.83,0,0
4/29/25 4:00,7.39,243,WSW,9.52,0,0
4/29/25 5:00,8.55,250,WSW,11.27,0,0
4/29/25 6:00,5.83,254,WSW,8.94,0,0
4/29/25 7:00,4.86,235,SW,7.39,0,0
4/29/25 8:00,3.3,250,WSW,4.08,0,0
4/29/25 9:00,3.5,307,NW,6.03,0,0
4/29/25 10:00,4.28,307,NW,6.41,0,0
4/29/25 11:00,4.28,317,NW,6.03,0,0
4/29/25 12:00,4.08,318,NW,5.83,0,0
4/29/25 13:00,3.5,302,WNW,5.64,0,0
4/29/25 14:00,4.28,294,WNW,5.83,0,0
4/29/25 15:00,7.39,264,W,9.91,0,0
4/29/25 16:00,11.47,256,WSW,13.61,0,0
4/29/25 17:00,14.38,231,SW,16.52,0,0
4/29/25 18:00,7.39,247,WSW,9.91,0,0
4/29/25 19:00,9.14,230,SW,11.66,0,0
4/29/25 20:00,11.08,234,SW,12.83,0,0
4/29/25 21:00,13.02,235,SW,14.97,0,0
4/29/25 22:00,9.72,236,SW,12.44,0,0
4/29/25 23:00,10.5,235,SW,13.02,0,0
4/30/25 0:00,8.55,237,WSW,10.11,0,0
4/30/25 1:00,10.3,235,SW,12.64,0,0
4/30/25 2:00,9.33,239,WSW,11.27,0,0
4/30/25 3:00,7.19,246,WSW,9.91,0,0
4/30/25 4:00,7.97,240,WSW,10.11,0,0
4/30/25 5:00,5.64,244,WSW,7.39,0,0
4/30/25 6:00,6.03,237,WSW,7.39,0,0
4/30/25 7:00,2.14,249,WSW,4.08,0,0
4/30/25 8:00,2.92,269,W,4.08,0,0
4/30/25 9:00,1.94,355,N,2.92,0,0
4/30/25 10:00,4.28,274,W,6.8,0,0
4/30/25 11:00,5.83,263,W,8.55,0,0
4/30/25 12:00,4.47,269,W,7.58,0,0
4/30/25 13:00,6.61,266,W,9.33,0,0
4/30/25 14:00,8.75,255,WSW,10.89,0,0
4/30/25 15:00,10.89,239,WSW,12.83,0,0
4/30/25 16:00,10.69,253,WSW,12.83,0,0
4/30/25 17:00,8.36,246,WSW,12.25,0,0
4/30/25 18:00,11.66,229,SW,14,0,0
4/30/25 19:00,11.86,232,SW,14.19,0,0
4/30/25 20:00,13.02,235,SW,14.77,0,0
4/30/25 21:00,15.94,225,SW,19.05,0,0
4/30/25 22:00,17.11,232,SW,20.6,0,0
4/30/25 23:00,14.97,228,SW,20.02,0,0
5/1/25 0:00,18.86,236,SW,23.52,0,0
5/1/25 1:00,16.13,238,WSW,19.63,0,0
5/1/25 2:00,11.08,247,WSW,16.72,0,0
5/1/25 3:00,11.47,240,WSW,14.97,0,0
5/1/25 4:00,10.3,257,WSW,16.13,0,0
5/1/25 5:00,10.89,240,WSW,14.58,0,0
5/1/25 6:00,11.27,244,WSW,14.77,0,0
5/1/25 7:00,8.94,250,WSW,14.58,0,0
5/1/25 8:00,9.14,267,W,12.44,0,0
5/1/25 9:00,7.78,271,W,12.64,0,0
5/1/25 10:00,8.36,247,WSW,10.89,0,0
5/1/25 11:00,7.78,255,WSW,12.83,0,0
5/1/25 12:00,9.72,249,WSW,14.77,0,0
5/1/25 13:00,13.02,238,WSW,16.52,0,0
5/1/25 14:00,15.16,232,SW,18.47,0,0
5/1/25 15:00,16.13,227,SW,19.05,0,0
5/1/25 16:00,17.88,229,SW,20.99,0,0
5/1/25 17:00,16.72,218,SW,19.24,0,0
5/1/25 18:00,16.33,223,SW,19.63,0,0
5/1/25 19:00,13.8,226,SW,19.05,0,0
5/1/25 20:00,14.97,221,SW,19.63,0,0
5/1/25 21:00,14.77,220,SW,18.47,0,0
5/1/25 22:00,15.55,222,SW,19.05,0,0
5/1/25 23:00,14.97,227,SW,19.24,0,0
5/2/25 0:00,14,237,WSW,16.52,0,0
5/2/25 1:00,12.05,237,WSW,16.72,0,0
5/2/25 2:00,9.52,260,W,13.8,0,0
5/2/25 3:00,11.08,256,WSW,14.97,0,0
5/2/25 4:00,8.55,264,W,10.89,0,0
5/2/25 5:00,11.27,234,SW,14.58,0,0
5/2/25 6:00,14.38,235,SW,18.08,0,0
5/2/25 7:00,11.08,236,SW,13.8,0,0
5/2/25 8:00,9.14,240,WSW,13.22,0,0
5/2/25 9:00,8.55,250,WSW,13.22,0,0
5/2/25 10:00,9.72,275,W,13.41,0,0
5/2/25 11:00,8.36,275,W,12.83,0,0
5/2/25 12:00,7.58,270,W,10.5,0,0
5/2/25 13:00,8.94,240,WSW,11.66,0,0
5/2/25 14:00,9.14,250,WSW,12.64,0,0
5/2/25 15:00,12.64,238,WSW,15.16,0,0
5/2/25 16:00,12.25,241,WSW,14.97,0,0
5/2/25 17:00,11.08,276,W,15.75,0,0
5/2/25 18:00,13.61,276,W,18.08,0,0
5/2/25 19:00,12.44,268,W,17.69,0,0
5/2/25 20:00,12.05,267,W,16.72,0,0
5/2/25 21:00,11.27,247,WSW,17.11,0,0
5/2/25 22:00,11.08,254,WSW,16.13,0,0
5/2/25 23:00,15.36,239,WSW,19.83,0,0
5/3/25 0:00,10.5,235,SW,12.44,0,0
5/3/25 1:00,10.3,249,WSW,14.38,0,0
5/3/25 2:00,10.11,261,W,14.97,0,0
5/3/25 3:00,11.08,253,WSW,13.8,0,0
5/3/25 4:00,11.27,253,WSW,13.22,0,0
5/3/25 5:00,12.44,256,WSW,15.16,0,0
5/3/25 6:00,12.25,254,WSW,15.16,0,0
5/3/25 7:00,12.25,274,W,16.72,0,0
5/3/25 8:00,10.11,265,W,14.97,0,0
5/3/25 9:00,10.5,258,WSW,15.75,0,0
5/3/25 10:00,10.89,237,WSW,13.41,0,0
5/3/25 11:00,7.58,241,WSW,10.3,0,0
5/3/25 12:00,8.94,251,WSW,11.27,0,0
5/3/25 13:00,8.94,233,SW,11.47,0,0
5/3/25 14:00,8.36,235,SW,11.08,0,0
5/3/25 15:00,12.05,254,WSW,14.77,0,0
5/3/25 16:00,9.33,265,W,14.58,0,0
5/3/25 17:00,12.83,267,W,15.94,0,0
5/3/25 18:00,11.08,254,WSW,13.8,0,0
5/3/25 19:00,8.16,248,WSW,12.64,0,0
5/3/25 20:00,10.69,255,WSW,13.8,0,0
5/3/25 21:00,10.5,247,WSW,14.58,0,0
5/3/25 22:00,11.86,251,WSW,16.33,0,0
5/3/25 23:00,10.89,252,WSW,16.33,0,0
5/4/25 0:00,9.91,256,WSW,13.02,0,0
5/4/25 1:00,8.55,259,W,12.44,0,0
5/4/25 2:00,9.52,264,W,13.61,0,0
5/4/25 3:00,11.47,286,WNW,14.38,0,0
5/4/25 4:00,11.27,297,WNW,15.55,0,0
5/4/25 5:00,11.66,293,WNW,14.97,0,0
5/4/25 6:00,11.86,295,WNW,16.33,0,0
5/4/25 7:00,10.69,297,WNW,14.77,0,0
5/4/25 8:00,10.11,287,WNW,12.25,0,0
5/4/25 9:00,7,263,W,9.52,0,0
5/4/25 10:00,5.83,247,WSW,9.33,0,0
5/4/25 11:00,4.28,244,WSW,7,0,0
5/4/25 12:00,5.64,262,W,8.75,0,0
5/4/25 13:00,6.22,242,WSW,9.14,0,0
5/4/25 14:00,5.64,243,WSW,8.36,0,0
5/4/25 15:00,6.03,243,WSW,7.97,0,0
5/4/25 16:00,8.94,236,SW,11.08,0,0
5/4/25 17:00,8.55,235,SW,10.89,0,0
5/4/25 18:00,6.8,244,WSW,10.69,0,0
5/4/25 19:00,6.61,238,WSW,7.78,0,0
5/4/25 20:00,5.05,244,WSW,6.8,0,0
5/4/25 21:00,6.22,229,SW,7,0,0
5/4/25 22:00,4.86,230,SW,7.58,0,0
5/4/25 23:00,4.67,245,WSW,5.83,0,0
5/5/25 0:00,5.64,201,SSW,6.61,0,0
5/5/25 1:00,5.64,181,S,6.41,0,0
5/5/25 2:00,4.08,228,SW,5.05,0,0
5/5/25 3:00,16.91,20,NNE,21.38,0,0
5/5/25 4:00,13.41,21,NNE,16.13,0,0
5/5/25 5:00,10.11,350,N,12.05,0,0
5/5/25 6:00,19.24,7,N,25.27,0,0
5/5/25 7:00,9.52,10,N,12.25,0,0
5/5/25 8:00,12.25,21,NNE,19.05,0,0
5/5/25 9:00,25.66,6,N,32.07,0,0
5/5/25 10:00,23.52,11,N,31.49,0,0
5/5/25 11:00,9.52,15,NNE,17.49,0,0
5/5/25 12:00,12.25,9,N,17.49,0,0
5/5/25 13:00,13.22,14,NNE,16.33,0,0
5/5/25 14:00,9.52,20,NNE,15.16,0,0
5/5/25 15:00,9.33,15,NNE,12.05,0,0
5/5/25 16:00,6.61,355,N,9.14,0,0
5/5/25 17:00,7.58,1,N,12.64,0,0
5/5/25 18:00,10.11,339,NNW,12.44,0,0
5/5/25 19:00,7.97,339,NNW,12.25,0,0
5/5/25 20:00,3.89,255,WSW,5.25,0,0
5/5/25 21:00,5.44,229,SW,7.58,0,0
5/5/25 22:00,2.92,242,WSW,4.28,0,0
5/5/25 23:00,6.41,213,SSW,7.19,0,0
5/6/25 0:00,2.72,254,WSW,4.08,0,0
5/6/25 1:00,3.5,231,SW,4.67,0,0
5/6/25 2:00,5.25,235,SW,6.61,0,0
5/6/25 3:00,8.55,225,SW,10.3,0,0
5/6/25 4:00,8.94,232,SW,11.08,0,0
5/6/25 5:00,9.72,223,SW,12.64,0,0
5/6/25 6:00,12.83,228,SW,16.33,0,0
5/6/25 7:00,11.47,230,SW,14.97,0,0
5/6/25 8:00,7.97,243,WSW,11.66,0,0
5/6/25 9:00,8.16,255,WSW,11.27,0,0
5/6/25 10:00,9.52,244,WSW,13.8,0,0
5/6/25 11:00,11.86,240,WSW,14.97,0,0
5/6/25 12:00,12.83,238,WSW,15.75,0,0
5/6/25 13:00,13.8,238,WSW,15.75,0,0
5/6/25 14:00,15.16,240,WSW,18.47,0,0
5/6/25 15:00,15.94,228,SW,18.47,0,0
5/6/25 16:00,15.55,237,WSW,18.86,0,0
5/6/25 17:00,15.55,234,SW,18.86,0,0
5/6/25 18:00,16.52,236,SW,21.58,0,0
5/6/25 19:00,15.55,231,SW,20.02,0,0
5/6/25 20:00,15.75,231,SW,19.05,0,0
5/6/25 21:00,13.41,240,WSW,17.88,0,0
5/6/25 22:00,14.58,239,WSW,17.69,0,0
5/6/25 23:00,13.02,245,WSW,16.91,0,0
5/7/25 0:00,12.64,271,W,17.3,0,0
5/7/25 1:00,12.05,259,W,18.66,0,0
5/7/25 2:00,12.44,259,W,17.88,0,0
5/7/25 3:00,14.97,264,W,18.66,0,0
5/7/25 4:00,10.3,243,WSW,15.16,0,0
5/7/25 5:00,14.58,258,WSW,19.24,0,0
5/7/25 6:00,10.89,250,WSW,14.97,0,0
5/7/25 7:00,15.36,257,WSW,19.05,0,0
5/7/25 8:00,13.02,252,WSW,19.24,0,0
5/7/25 9:00,14.19,261,W,20.41,0,0
5/7/25 10:00,12.83,254,WSW,15.75,0,0
5/7/25 11:00,12.83,273,W,16.91,0,0
5/7/25 12:00,9.33,276,W,14.38,0,0
5/7/25 13:00,11.86,275,W,17.3,0,0
5/7/25 14:00,12.25,256,WSW,17.88,0,0
5/7/25 15:00,12.83,238,WSW,16.33,0,0
5/7/25 16:00,13.8,230,SW,16.33,0,0
5/7/25 17:00,14.38,231,SW,18.27,0,0
5/7/25 18:00,13.61,235,SW,15.94,0,0
5/7/25 19:00,13.8,234,SW,15.94,0,0
5/7/25 20:00,12.44,239,WSW,16.33,0,0
5/7/25 21:00,11.27,220,SW,14,0,0
5/7/25 22:00,11.86,224,SW,16.13,0,0
5/7/25 23:00,13.41,229,SW,16.33,0,0
5/8/25 0:00,10.5,239,WSW,14.19,0,0
5/8/25 1:00,10.69,240,WSW,14.19,0,0
5/8/25 2:00,7,254,WSW,9.14,0,0
5/8/25 3:00,7.97,247,WSW,11.27,0,0
5/8/25 4:00,6.8,238,WSW,10.69,0,0
5/8/25 5:00,7.19,232,SW,9.91,0,0
5/8/25 6:00,6.03,251,WSW,8.94,0,0
5/8/25 7:00,4.86,241,WSW,7.19,0,0
5/8/25 8:00,5.44,269,W,7.58,0,0
5/8/25 9:00,6.41,284,WNW,9.14,0,0
5/8/25 10:00,7.58,295,WNW,9.91,0,0
5/8/25 11:00,6.61,294,WNW,8.36,0,0
5/8/25 12:00,4.47,302,WNW,6.41,0,0
5/8/25 13:00,3.11,304,NW,4.86,0,0
5/8/25 14:00,2.14,315,NW,3.11,0,0
5/8/25 15:00,1.36,263,W,2.92,0,0
5/8/25 16:00,5.05,249,WSW,6.22,0,0
5/8/25 17:00,5.25,288,WNW,7,0,0
5/8/25 18:00,6.41,259,W,8.75,0,0
5/8/25 19:00,6.61,264,W,11.27,0,0
5/8/25 20:00,4.08,261,W,6.41,0,0
5/8/25 21:00,7,239,WSW,7.97,0,0
5/8/25 22:00,6.61,229,SW,7.97,0,0
5/8/25 23:00,5.64,267,W,7.58,0,0
5/9/25 0:00,4.86,260,W,7.19,0,0
5/9/25 1:00,2.14,109,ESE,2.72,0,0
5/9/25 2:00,0,186,S,0.39,0,0
5/9/25 3:00,1.17,171,S,2.53,0,0
5/9/25 4:00,3.11,286,WNW,5.05,0,0
5/9/25 5:00,5.44,249,WSW,7.39,0,0
5/9/25 6:00,2.14,228,SW,3.3,0,0
5/9/25 7:00,0,229,SW,1.17,0,0
5/9/25 8:00,3.89,221,SW,4.86,0,0
5/9/25 9:00,3.3,235,SW,3.89,0,0
5/9/25 10:00,3.89,301,WNW,4.67,0,0
5/9/25 11:00,4.08,300,WNW,5.05,0,0
5/9/25 12:00,3.5,246,WSW,4.47,0,0
5/9/25 13:00,3.69,260,W,4.67,0,0
5/9/25 14:00,2.53,262,W,3.5,0,0
5/9/25 15:00,4.86,258,WSW,5.64,0,0
5/9/25 16:00,3.69,242,WSW,4.08,0,0
5/9/25 17:00,4.28,270,W,6.8,0,0
5/9/25 18:00,4.67,252,WSW,6.61,0,0
5/9/25 19:00,3.11,246,WSW,6.03,0,0
5/9/25 20:00,4.47,248,WSW,6.61,0,0
5/9/25 21:00,6.03,239,WSW,7.39,0,0
5/9/25 22:00,6.41,291,WNW,8.36,0,0
5/9/25 23:00,3.3,298,WNW,4.08,0,0
5/10/25 0:00,3.3,262,W,5.44,0,0
5/10/25 1:00,1.75,165,SSE,2.53,0,0
5/10/25 2:00,2.53,302,WNW,3.5,0,0
5/10/25 3:00,2.72,310,NW,3.5,0,0
5/10/25 4:00,6.8,247,WSW,9.91,0,0
5/10/25 5:00,6.41,245,WSW,9.14,0,0
5/10/25 6:00,5.83,234,SW,8.16,0,0
5/10/25 7:00,7.19,232,SW,9.33,0,0
5/10/25 8:00,7.19,250,WSW,9.72,0,0
5/10/25 9:00,5.44,290,WNW,7,0,0
5/10/25 10:00,6.8,290,WNW,8.75,0,0
5/10/25 11:00,4.47,288,WNW,5.25,0,0
5/10/25 12:00,7.19,256,WSW,8.55,0,0
5/10/25 13:00,6.22,228,SW,7.78,0,0
5/10/25 14:00,4.67,246,WSW,6.22,0,0
5/10/25 15:00,10.69,242,WSW,13.02,0,0
5/10/25 16:00,11.86,227,SW,14.58,0,0
5/10/25 17:00,11.47,230,SW,14.58,0,0
5/10/25 18:00,10.89,228,SW,13.61,0,0
5/10/25 19:00,13.61,225,SW,16.33,0,0
5/10/25 20:00,14.19,224,SW,17.11,0,0
5/10/25 21:00,12.64,234,SW,15.36,0,0
5/10/25 22:00,11.27,219,SW,13.22,0,0
5/10/25 23:00,7.39,227,SW,9.72,0,0
5/11/25 0:00,9.72,240,WSW,12.44,0,0
5/11/25 1:00,13.61,238,WSW,16.33,0,0
5/11/25 2:00,9.72,238,WSW,13.02,0,0
5/11/25 3:00,8.75,239,WSW,11.47,0,0
5/11/25 4:00,9.91,226,SW,11.47,0,0
5/11/25 5:00,7.39,215,SW,9.91,0,0
5/11/25 6:00,7.78,231,SW,10.11,0,0
5/11/25 7:00,7.58,223,SW,9.52,0,0
5/11/25 8:00,8.55,232,SW,11.47,0,0
5/11/25 9:00,7,242,WSW,9.91,0,0
5/11/25 10:00,8.75,248,WSW,15.55,0,0
5/11/25 11:00,9.52,264,W,14,0,0
5/11/25 12:00,10.3,282,WNW,16.13,0,0
5/11/25 13:00,8.94,280,W,12.64,0,0
5/11/25 14:00,13.22,295,WNW,16.72,0,0
5/11/25 15:00,14,293,WNW,19.83,0,0
5/11/25 16:00,15.75,299,WNW,20.22,0,0
5/11/25 17:00,12.83,295,WNW,19.63,0,0
5/11/25 18:00,13.22,301,WNW,18.86,0,0
5/11/25 19:00,8.75,291,WNW,14.97,0,0
5/11/25 20:00,12.44,294,WNW,16.52,0,0
5/11/25 21:00,8.36,276,W,14.97,0,0
5/11/25 22:00,9.72,264,W,12.64,0,0
5/11/25 23:00,7.97,250,WSW,11.27,0,0
5/12/25 0:00,11.08,236,SW,14,0,0
5/12/25 1:00,12.83,220,SW,15.55,0,0
5/12/25 2:00,13.61,226,SW,16.13,0,0
5/12/25 3:00,12.83,220,SW,16.33,0,0
5/12/25 4:00,10.69,218,SW,14.58,0,0
5/12/25 5:00,12.25,209,SSW,14.97,0,0
5/12/25 6:00,12.05,211,SSW,15.94,0,0
5/12/25 7:00,6.8,283,WNW,10.89,0,0
5/12/25 8:00,8.55,202,SSW,11.08,0,0
5/12/25 9:00,8.36,231,SW,12.05,0,0
5/12/25 10:00,10.69,236,SW,14.38,0,0
5/12/25 11:00,13.8,241,WSW,16.52,0,0
5/12/25 12:00,14.38,252,WSW,18.08,0,0
5/12/25 13:00,11.27,245,WSW,18.66,0,0
5/12/25 14:00,12.64,248,WSW,17.3,0,0
5/12/25 15:00,12.25,245,WSW,17.11,0,0
5/12/25 16:00,13.22,245,WSW,20.8,0,0
5/12/25 17:00,13.61,250,WSW,20.99,0,0
5/12/25 18:00,13.41,253,WSW,20.02,0,0
5/12/25 19:00,12.25,240,WSW,15.55,0,0
5/12/25 20:00,10.5,260,W,13.8,0,0
5/12/25 21:00,7.97,285,WNW,12.44,0,0
5/12/25 22:00,12.05,275,W,16.72,0,0
5/12/25 23:00,12.64,297,WNW,15.75,0,0
5/13/25 0:00,9.72,281,W,12.83,0,0
5/13/25 1:00,7,286,WNW,11.66,0,0
5/13/25 2:00,7.78,279,W,11.08,0,0
5/13/25 3:00,8.16,283,WNW,10.69,0,0
5/13/25 4:00,6.03,291,WNW,9.52,0,0
5/13/25 5:00,7,303,WNW,9.52,0,0
5/13/25 6:00,6.03,292,WNW,8.94,0,0
5/13/25 7:00,9.14,306,NW,11.27,0,0
5/13/25 8:00,6.61,310,NW,8.55,0,0
5/13/25 9:00,3.5,270,W,7.19,0,0
5/13/25 10:00,3.69,245,WSW,4.86,0,0
5/13/25 11:00,4.67,257,WSW,6.03,0,0
5/13/25 12:00,4.86,277,W,8.36,0,0
5/13/25 13:00,6.03,266,W,8.16,0,0
5/13/25 14:00,5.25,246,WSW,7.39,0,0
5/13/25 15:00,10.5,243,WSW,14.97,0,0
5/13/25 16:00,12.83,231,SW,15.16,0,0
5/13/25 17:00,9.52,288,WNW,13.61,0,0
5/13/25 18:00,12.44,297,WNW,15.94,0,0
5/13/25 19:00,9.33,266,W,12.05,0,0
5/13/25 20:00,7.58,253,WSW,10.89,0,0
5/13/25 21:00,6.41,276,W,8.94,0,0
5/13/25 22:00,6.22,247,WSW,8.55,0,0
5/13/25 23:00,7.19,261,W,9.14,0,0
5/14/25 0:00,8.94,236,SW,11.66,0,0
5/14/25 1:00,5.44,226,SW,6.8,0,0
5/14/25 2:00,6.22,225,SW,7.78,0,0
5/14/25 3:00,10.11,224,SW,12.05,0,0
5/14/25 4:00,8.36,238,WSW,12.44,0,0
5/14/25 5:00,5.25,238,WSW,7,0,0
5/14/25 6:00,4.86,227,SW,6.41,0,0
5/14/25 7:00,2.53,247,WSW,3.5,0,0
5/14/25 8:00,4.28,244,WSW,5.64,0,0
5/14/25 9:00,3.11,266,W,5.05,0,0
5/14/25 10:00,7.19,265,W,10.5,0,0
5/14/25 11:00,7.58,272,W,10.5,0,0
5/14/25 12:00,7,279,W,9.14,0,0
5/14/25 13:00,6.03,272,W,8.36,0,0
5/14/25 14:00,8.94,239,WSW,11.47,0,0
5/14/25 15:00,13.8,238,WSW,16.13,0,0
5/14/25 16:00,14.58,233,SW,17.69,0,0
5/14/25 17:00,13.02,225,SW,15.75,0,0
5/14/25 18:00,11.66,218,SW,16.52,0,0
5/14/25 19:00,8.75,226,SW,11.47,0,0
5/14/25 20:00,5.83,217,SW,7.39,0,0
5/14/25 21:00,7.58,239,WSW,9.72,0,0
5/14/25 22:00,4.86,227,SW,6.41,0,0
5/14/25 23:00,4.47,241,WSW,5.64,0,0
5/15/25 0:00,4.86,244,WSW,6.8,0,0
5/15/25 1:00,6.03,243,WSW,8.16,0,0
5/15/25 2:00,5.25,246,WSW,8.16,0,0
5/15/25 3:00,5.83,230,SW,8.16,0,0
5/15/25 4:00,7.39,217,SW,9.52,0,0
5/15/25 5:00,4.86,227,SW,6.03,0,0
5/15/25 6:00,3.69,222,SW,5.83,0,0
5/15/25 7:00,3.89,246,WSW,6.03,0,0
5/15/25 8:00,3.89,252,WSW,4.67,0,0
5/15/25 9:00,2.53,269,W,4.08,0,0
5/15/25 10:00,3.69,288,WNW,5.44,0,0
5/15/25 11:00,5.05,265,W,7.97,0,0
5/15/25 12:00,5.83,291,WNW,9.33,0,0
5/15/25 13:00,6.61,257,WSW,9.14,0,0
5/15/25 14:00,,,,,1,1
5/15/25 15:00,7.39,247,WSW,9.52,0,0
5/15/25 16:00,11.27,241,WSW,12.64,0,0
5/15/25 17:00,8.36,240,WSW,12.44,0,0
5/15/25 18:00,8.16,255,WSW,11.66,0,0
5/15/25 19:00,7.78,261,W,10.89,0,0
5/15/25 20:00,8.55,256,WSW,11.08,0,0
5/15/25 21:00,6.41,266,W,10.11,0,0
5/15/25 22:00,7.97,265,W,12.64,0,0
5/15/25 23:00,6.61,236,SW,8.36,0,0
5/16/25 0:00,4.86,221,SW,5.83,0,0
5/16/25 1:00,8.94,223,SW,10.5,0,0
5/16/25 2:00,12.64,221,SW,16.33,0,0
5/16/25 3:00,13.02,232,SW,15.36,0,0
5/16/25 4:00,7.78,233,SW,10.69,0,0
5/16/25 5:00,5.64,236,SW,7.78,0,0
5/16/25 6:00,6.8,231,SW,8.16,0,0
5/16/25 7:00,7.39,237,WSW,8.55,0,0
5/16/25 8:00,5.83,241,WSW,8.94,0,0
5/16/25 9:00,3.3,265,W,8.36,0,0
5/16/25 10:00,6.22,256,WSW,7.97,0,0
5/16/25 11:00,4.67,302,WNW,5.64,0,0
5/16/25 12:00,8.55,277,W,11.27,0,0
5/16/25 13:00,5.44,250,WSW,8.36,0,0
5/16/25 14:00,6.22,238,WSW,7.19,0,0
5/16/25 15:00,6.61,245,WSW,8.75,0,0
5/16/25 16:00,11.86,234,SW,14,0,0
5/16/25 17:00,10.5,254,WSW,13.8,0,0
5/16/25 18:00,6.03,271,W,9.33,0,0
5/16/25 19:00,11.08,225,SW,14.58,0,0
5/16/25 20:00,8.36,219,SW,13.22,0,0
5/16/25 21:00,7.97,219,SW,12.25,0,0
5/16/25 22:00,12.83,223,SW,16.13,0,0
5/16/25 23:00,12.64,222,SW,15.94,0,0
5/17/25 0:00,10.11,230,SW,11.66,0,0
5/17/25 1:00,9.14,219,SW,11.86,0,0
5/17/25 2:00,12.64,225,SW,14.58,0,0
5/17/25 3:00,10.3,225,SW,13.41,0,0
5/17/25 4:00,15.36,214,SW,20.22,0,0
5/17/25 5:00,18.08,231,SW,22.55,0,0
5/17/25 6:00,16.91,224,SW,20.6,0,0
5/17/25 7:00,14.77,249,WSW,20.99,0,0
5/17/25 8:00,10.89,263,W,16.33,0,0
5/17/25 9:00,12.64,237,WSW,15.75,0,0
5/17/25 10:00,14.19,247,WSW,20.99,0,0
5/17/25 11:00,15.94,254,WSW,20.6,0,0
5/17/25 12:00,14.77,268,W,19.83,0,0
5/17/25 13:00,15.55,270,W,20.22,0,0
5/17/25 14:00,15.55,285,WNW,20.02,0,0
5/17/25 15:00,15.36,277,W,20.99,0,0
5/17/25 16:00,18.27,267,W,23.91,0,0
5/17/25 17:00,14.97,259,W,21.19,0,0
5/17/25 18:00,12.64,240,WSW,17.69,0,0
5/17/25 19:00,10.11,239,WSW,14.19,0,0
5/17/25 20:00,9.91,263,W,14,0,0
5/17/25 21:00,11.86,229,SW,14.19,0,0
5/17/25 22:00,9.72,242,WSW,14.38,0,0
5/17/25 23:00,11.47,257,WSW,16.72,0,0
5/18/25 0:00,11.86,235,SW,14.97,0,0
5/18/25 1:00,8.75,232,SW,11.86,0,0
5/18/25 2:00,10.3,227,SW,14.38,0,0
5/18/25 3:00,8.16,244,WSW,12.05,0,0
5/18/25 4:00,6.61,247,WSW,9.72,0,0
5/18/25 5:00,7.19,234,SW,10.11,0,0
5/18/25 6:00,6.03,224,SW,7.97,0,0
5/18/25 7:00,7,260,W,10.89,0,0
5/18/25 8:00,5.83,282,WNW,8.94,0,0
5/18/25 9:00,7.39,294,WNW,11.27,0,0
5/18/25 10:00,6.22,252,WSW,8.36,0,0
5/18/25 11:00,5.05,236,SW,6.61,0,0
5/18/25 12:00,5.64,238,WSW,7.39,0,0
5/18/25 13:00,6.61,252,WSW,8.75,0,0
5/18/25 14:00,6.8,246,WSW,10.89,0,0
5/18/25 15:00,8.36,277,W,13.02,0,0
5/18/25 16:00,6.8,264,W,11.27,0,0
5/18/25 17:00,11.86,281,W,17.88,0,0
5/18/25 18:00,6.41,249,WSW,9.72,0,0
5/18/25 19:00,8.94,231,SW,11.66,0,0
5/18/25 20:00,8.94,223,SW,10.89,0,0
5/18/25 21:00,7.58,260,W,10.3,0,0
5/18/25 22:00,10.11,285,WNW,15.36,0,0
5/18/25 23:00,12.44,298,WNW,17.69,0,0
5/19/25 0:00,10.89,287,WNW,17.49,0,0
5/19/25 1:00,13.22,297,WNW,16.33,0,0
5/19/25 2:00,13.02,296,WNW,16.33,0,0
5/19/25 3:00,10.3,306,NW,13.41,0,0
5/19/25 4:00,8.16,291,WNW,12.05,0,0
5/19/25 5:00,7.39,293,WNW,12.05,0,0
5/19/25 6:00,10.5,291,WNW,13.8,0,0
5/19/25 7:00,6.41,285,WNW,10.3,0,0
5/19/25 8:00,5.83,289,WNW,10.3,0,0
5/19/25 9:00,5.05,283,WNW,9.14,0,0
5/19/25 10:00,6.03,229,SW,8.75,0,0
5/19/25 11:00,3.3,241,WSW,4.67,0,0
5/19/25 12:00,7.39,225,SW,8.75,0,0
5/19/25 13:00,5.83,253,WSW,7.97,0,0
5/19/25 14:00,9.52,267,W,12.83,0,0
5/19/25 15:00,10.3,271,W,14.19,0,0
5/19/25 16:00,11.47,276,W,14.97,0,0
5/19/25 17:00,13.22,279,W,18.66,0,0
5/19/25 18:00,9.52,240,WSW,14.97,0,0
5/19/25 19:00,11.08,249,WSW,17.11,0,0
5/19/25 20:00,12.05,256,WSW,15.36,0,0
5/19/25 21:00,11.27,253,WSW,14.97,0,0
5/19/25 22:00,11.47,238,WSW,14.97,0,0
5/19/25 23:00,9.91,243,WSW,13.02,0,0
5/20/25 0:00,10.5,236,SW,14.58,0,0
5/20/25 1:00,7.78,245,WSW,12.05,0,0
5/20/25 2:00,7.97,252,WSW,11.27,0,0
5/20/25 3:00,6.03,250,WSW,8.94,0,0
5/20/25 4:00,7.58,239,WSW,9.91,0,0
5/20/25 5:00,7.58,243,WSW,9.72,0,0
5/20/25 6:00,6.8,253,WSW,10.3,0,0
5/20/25 7:00,4.47,256,WSW,6.41,0,0
5/20/25 8:00,6.61,271,W,7.97,0,0
5/20/25 9:00,5.25,273,W,8.16,0,0
5/20/25 10:00,3.11,271,W,5.64,0,0
5/20/25 11:00,6.03,235,SW,7.39,0,0
5/20/25 12:00,6.22,236,SW,7,0,0
5/20/25 13:00,4.47,245,WSW,7.39,0,0
5/20/25 14:00,5.25,244,WSW,7.39,0,0
5/20/25 15:00,6.61,247,WSW,8.94,0,0
5/20/25 16:00,6.03,247,WSW,10.11,0,0
5/20/25 17:00,6.61,261,W,9.14,0,0
5/20/25 18:00,8.16,274,W,11.27,0,0
5/20/25 19:00,7.97,257,WSW,11.47,0,0
5/20/25 20:00,6.61,271,W,9.33,0,0
5/20/25 21:00,7.97,265,W,10.89,0,0
5/20/25 22:00,8.36,256,WSW,11.27,0,0
5/20/25 23:00,4.67,247,WSW,7,0,0
5/21/25 0:00,4.47,244,WSW,6.61,0,0
5/21/25 1:00,4.86,218,SW,6.03,0,0
5/21/25 2:00,4.47,228,SW,6.41,0,0
5/21/25 3:00,5.05,228,SW,6.22,0,0
5/21/25 4:00,4.08,247,WSW,6.61,0,0
5/21/25 5:00,4.67,242,WSW,7.39,0,0
5/21/25 6:00,4.28,243,WSW,5.83,0,0
5/21/25 7:00,3.11,264,W,5.44,0,0
5/21/25 8:00,4.08,264,W,5.44,0,0
5/21/25 9:00,5.05,295,WNW,6.03,0,0
5/21/25 10:00,3.69,275,W,5.64,0,0
5/21/25 11:00,3.69,306,NW,5.05,0,0
5/21/25 12:00,2.53,317,NW,3.3,0,0
5/21/25 13:00,2.33,298,WNW,4.47,0,0
5/21/25 14:00,9.14,269,W,11.08,0,0
5/21/25 15:00,8.16,254,WSW,10.3,0,0
5/21/25 16:00,8.36,253,WSW,10.5,0,0
5/21/25 17:00,7.97,239,WSW,9.72,0,0
5/21/25 18:00,7.58,244,WSW,10.5,0,0
5/21/25 19:00,10.69,231,SW,12.64,0,0
5/21/25 20:00,11.66,226,SW,15.36,0,0
5/21/25 21:00,10.3,219,SW,12.25,0,0
5/21/25 22:00,7.19,245,WSW,11.27,0,0
5/21/25 23:00,5.83,247,WSW,8.75,0,0
5/22/25 0:00,9.91,229,SW,12.44,0,0
5/22/25 1:00,9.33,223,SW,11.47,0,0
5/22/25 2:00,9.91,224,SW,13.02,0,0
5/22/25 3:00,11.08,238,WSW,14.19,0,0
5/22/25 4:00,9.91,241,WSW,12.64,0,0
5/22/25 5:00,6.03,238,WSW,8.16,0,0
5/22/25 6:00,5.83,235,SW,10.5,0,0
5/22/25 7:00,7.39,241,WSW,10.3,0,0
5/22/25 8:00,7.97,251,WSW,11.27,0,0
5/22/25 9:00,7.19,254,WSW,10.5,0,0
5/22/25 10:00,6.41,263,W,11.47,0,0
5/22/25 11:00,9.14,251,WSW,12.64,0,0
5/22/25 12:00,7.19,247,WSW,12.83,0,0
5/22/25 13:00,6.41,246,WSW,11.27,0,0
5/22/25 14:00,13.61,278,W,17.49,0,0
5/22/25 15:00,12.44,278,W,17.49,0,0
5/22/25 16:00,14.58,276,W,19.83,0,0
5/22/25 17:00,15.55,283,WNW,21.97,0,0
5/22/25 18:00,17.49,273,W,24.69,0,0
5/22/25 19:00,15.75,255,WSW,20.22,0,0
5/22/25 20:00,15.94,260,W,21.77,0,0
5/22/25 21:00,12.64,274,W,15.36,0,0
5/22/25 22:00,13.8,258,WSW,17.49,0,0
5/22/25 23:00,9.52,272,W,14.77,0,0
5/23/25 0:00,11.47,260,W,16.52,0,0
5/23/25 1:00,12.05,248,WSW,17.88,0,0
5/23/25 2:00,11.27,248,WSW,15.94,0,0
5/23/25 3:00,8.75,277,W,11.66,0,0
5/23/25 4:00,9.14,242,WSW,12.44,0,0
5/23/25 5:00,8.75,225,SW,12.05,0,0
5/23/25 6:00,9.33,228,SW,13.22,0,0
5/23/25 7:00,13.8,222,SW,17.49,0,0
5/23/25 8:00,12.83,227,SW,16.52,0,0
5/23/25 9:00,11.08,230,SW,13.41,0,0
5/23/25 10:00,8.16,236,SW,11.47,0,0
5/23/25 11:00,8.94,233,SW,11.66,0,0
5/23/25 12:00,6.22,252,WSW,9.33,0,0
5/23/25 13:00,7.97,237,WSW,9.72,0,0
5/23/25 14:00,7.58,250,WSW,10.69,0,0
5/23/25 15:00,9.52,240,WSW,12.44,0,0
5/23/25 16:00,12.44,230,SW,15.36,0,0
5/23/25 17:00,13.41,224,SW,16.13,0,0
5/23/25 18:00,11.66,222,SW,14.77,0,0
5/23/25 19:00,12.05,212,SSW,15.75,0,0
5/23/25 20:00,12.25,218,SW,14.77,0,0
5/23/25 21:00,10.5,215,SW,13.8,0,0
5/23/25 22:00,8.55,231,SW,10.5,0,0
5/23/25 23:00,7.78,232,SW,9.14,0,0
5/24/25 0:00,10.3,228,SW,12.25,0,0
5/24/25 1:00,7.19,222,SW,9.14,0,0
5/24/25 2:00,8.36,233,SW,11.27,0,0
5/24/25 3:00,8.75,240,WSW,11.66,0,0
5/24/25 4:00,8.75,227,SW,11.86,0,0
5/24/25 5:00,4.67,218,SW,7,0,0
5/24/25 6:00,4.67,228,SW,6.8,0,0
5/24/25 7:00,4.28,231,SW,6.22,0,0
5/24/25 8:00,6.61,236,SW,9.91,0,0
5/24/25 9:00,9.33,230,SW,10.5,0,0
5/24/25 10:00,9.91,241,WSW,12.83,0,0
5/24/25 11:00,11.86,237,WSW,13.02,0,0
5/24/25 12:00,9.14,248,WSW,14.19,0,0
5/24/25 13:00,14,237,WSW,16.33,0,0
5/24/25 14:00,14.58,220,SW,17.11,0,0
5/24/25 15:00,13.02,216,SW,17.3,0,0
5/24/25 16:00,13.8,224,SW,16.91,0,0
5/24/25 17:00,12.64,213,SSW,16.72,0,0
5/24/25 18:00,16.91,218,SW,19.44,0,0
5/24/25 19:00,13.61,215,SW,16.72,0,0
5/24/25 20:00,12.64,214,SW,15.36,0,0
5/24/25 21:00,12.83,217,SW,16.91,0,0
5/24/25 22:00,14.38,217,SW,18.08,0,0
5/24/25 23:00,11.47,226,SW,14.38,0,0
5/25/25 0:00,15.16,227,SW,18.08,0,0
5/25/25 1:00,12.44,230,SW,15.55,0,0
5/25/25 2:00,14.58,237,WSW,18.66,0,0
5/25/25 3:00,10.69,245,WSW,14.19,0,0
5/25/25 4:00,9.33,245,WSW,13.61,0,0
5/25/25 5:00,9.52,248,WSW,14,0,0
5/25/25 6:00,11.27,224,SW,14.97,0,0
5/25/25 7:00,11.47,228,SW,14.58,0,0
5/25/25 8:00,9.91,250,WSW,14.19,0,0
5/25/25 9:00,10.11,244,WSW,14.19,0,0
5/25/25 10:00,8.55,271,W,12.05,0,0
5/25/25 11:00,9.91,268,W,15.16,0,0
5/25/25 12:00,9.14,274,W,12.83,0,0
5/25/25 13:00,10.89,261,W,14.77,0,0
5/25/25 14:00,13.41,262,W,17.88,0,0
5/25/25 15:00,13.41,276,W,18.27,0,0
5/25/25 16:00,13.8,276,W,17.88,0,0
5/25/25 17:00,13.61,280,W,16.72,0,0
5/25/25 18:00,14.19,281,W,16.72,0,0
5/25/25 19:00,14.19,277,W,18.08,0,0
5/25/25 20:00,13.41,281,W,18.27,0,0
5/25/25 21:00,12.25,274,W,16.72,0,0
5/25/25 22:00,11.86,272,W,16.91,0,0
5/25/25 23:00,10.69,257,WSW,16.52,0,0
5/26/25 0:00,12.25,250,WSW,20.41,0,0
5/26/25 1:00,14.77,256,WSW,19.44,0,0
5/26/25 2:00,12.44,249,WSW,16.91,0,0
5/26/25 3:00,11.66,248,WSW,17.11,0,0
5/26/25 4:00,13.61,257,WSW,16.91,0,0
5/26/25 5:00,10.3,267,W,16.33,0,0
5/26/25 6:00,10.11,260,W,14.19,0,0
5/26/25 7:00,8.94,280,W,13.61,0,0
5/26/25 8:00,6.22,271,W,10.11,0,0
5/26/25 9:00,8.55,235,SW,10.89,0,0
5/26/25 10:00,7.39,244,WSW,10.5,0,0
5/26/25 11:00,8.55,240,WSW,12.83,0,0
5/26/25 12:00,10.69,232,SW,13.22,0,0
5/26/25 13:00,7.19,271,W,12.25,0,0
5/26/25 14:00,7.58,261,W,11.47,0,0
5/26/25 15:00,8.55,274,W,11.27,0,0
5/26/25 16:00,7.58,260,W,12.25,0,0
5/26/25 17:00,9.91,267,W,12.83,0,0
5/26/25 18:00,9.52,274,W,14.58,0,0
5/26/25 19:00,8.94,256,WSW,12.05,0,0
5/26/25 20:00,6.8,266,W,10.69,0,0
5/26/25 21:00,8.94,229,SW,11.66,0,0
5/26/25 22:00,5.83,262,W,8.75,0,0
5/26/25 23:00,5.64,239,WSW,7.19,0,0
5/27/25 0:00,3.89,228,SW,4.86,0,0
5/27/25 1:00,3.5,228,SW,5.44,0,0
5/27/25 2:00,1.36,148,SSE,2.33,0,0
5/27/25 3:00,5.25,209,SSW,9.14,0,0
5/27/25 4:00,7.58,225,SW,9.91,0,0
5/27/25 5:00,3.69,231,SW,4.86,0,0
5/27/25 6:00,6.8,228,SW,8.55,0,0
5/27/25 7:00,7.97,225,SW,10.11,0,0
5/27/25 8:00,7.39,224,SW,12.05,0,0
5/27/25 9:00,8.36,249,WSW,11.27,0,0
5/27/25 10:00,9.72,250,WSW,12.83,0,0
5/27/25 11:00,9.72,252,WSW,12.64,0,0
5/27/25 12:00,10.89,251,WSW,15.16,0,0
5/27/25 13:00,11.86,242,WSW,14.77,0,0
5/27/25 14:00,10.3,231,SW,12.44,0,0
5/27/25 15:00,10.69,241,WSW,13.41,0,0
5/27/25 16:00,11.86,237,WSW,14,0,0
5/27/25 17:00,11.08,227,SW,14,0,0
5/27/25 18:00,12.25,226,SW,15.75,0,0
5/27/25 19:00,8.75,228,SW,11.66,0,0
5/27/25 20:00,5.05,241,WSW,8.94,0,0
5/27/25 21:00,10.11,227,SW,11.66,0,0
5/27/25 22:00,11.66,226,SW,14.58,0,0
5/27/25 23:00,16.33,221,SW,21.58,0,0
5/28/25 0:00,17.49,225,SW,21.38,0,0
5/28/25 1:00,15.36,226,SW,20.41,0,0
5/28/25 2:00,14.38,235,SW,16.91,0,0
5/28/25 3:00,14.58,238,WSW,18.47,0,0
5/28/25 4:00,15.94,231,SW,18.66,0,0
5/28/25 5:00,11.08,224,SW,14.58,0,0
5/28/25 6:00,9.72,274,W,13.8,0,0
5/28/25 7:00,9.14,254,WSW,14.97,0,0
5/28/25 8:00,8.16,240,WSW,12.83,0,0
5/28/25 9:00,7.58,275,W,10.3,0,0
5/28/25 10:00,10.11,252,WSW,14.19,0,0
5/28/25 11:00,10.3,231,SW,13.02,0,0
5/28/25 12:00,7.97,245,WSW,12.44,0,0
5/28/25 13:00,11.86,278,W,15.94,0,0
5/28/25 14:00,10.5,264,W,14.77,0,0
5/28/25 15:00,12.44,233,SW,15.16,0,0
5/28/25 16:00,12.64,224,SW,16.72,0,0
5/28/25 17:00,12.64,229,SW,16.72,0,0
5/28/25 18:00,10.3,259,W,15.36,0,0
5/28/25 19:00,15.94,268,W,19.63,0,0
5/28/25 20:00,13.02,257,WSW,19.05,0,0
5/28/25 21:00,12.25,234,SW,16.52,0,0
5/28/25 22:00,9.14,224,SW,12.83,0,0
5/28/25 23:00,8.36,229,SW,10.69,0,0
5/29/25 0:00,12.05,227,SW,14.19,0,0
5/29/25 1:00,13.22,222,SW,17.11,0,0
5/29/25 2:00,10.69,222,SW,13.61,0,0
5/29/25 3:00,10.89,239,WSW,14,0,0
5/29/25 4:00,10.89,222,SW,13.02,0,0
5/29/25 5:00,11.86,233,SW,15.16,0,0
5/29/25 6:00,10.69,234,SW,13.8,0,0
5/29/25 7:00,9.72,237,WSW,13.22,0,0
5/29/25 8:00,9.72,233,SW,11.66,0,0
5/29/25 9:00,5.83,248,WSW,8.55,0,0
5/29/25 10:00,6.41,243,WSW,10.69,0,0
5/29/25 11:00,3.5,260,W,6.41,0,0
5/29/25 12:00,5.64,236,SW,7,0,0
5/29/25 13:00,7,240,WSW,8.75,0,0
5/29/25 14:00,9.52,241,WSW,11.47,0,0
5/29/25 15:00,9.91,235,SW,11.66,0,0
5/29/25 16:00,10.89,237,WSW,13.22,0,0
5/29/25 17:00,11.27,236,SW,13.22,0,0
5/29/25 18:00,10.3,237,WSW,12.25,0,0
5/29/25 19:00,9.33,231,SW,11.27,0,0
5/29/25 20:00,9.33,227,SW,10.89,0,0
5/29/25 21:00,7.39,240,WSW,9.72,0,0
5/29/25 22:00,7,268,W,9.72,0,0
5/29/25 23:00,7.19,251,WSW,9.52,0,0
5/30/25 0:00,6.8,254,WSW,9.14,0,0
5/30/25 1:00,6.03,284,WNW,7.58,0,0
5/30/25 2:00,5.25,271,W,7.19,0,0
5/30/25 3:00,6.41,275,W,8.16,0,0
5/30/25 4:00,8.55,269,W,11.27,0,0
5/30/25 5:00,7.58,276,W,10.5,0,0
5/30/25 6:00,5.64,271,W,7.97,0,0
5/30/25 7:00,2.92,319,NW,4.28,0,0
5/30/25 8:00,3.5,292,WNW,4.86,0,0
5/30/25 9:00,2.33,324,NW,3.5,0,0
5/30/25 10:00,1.94,308,NW,3.11,0,0
5/30/25 11:00,4.28,294,WNW,5.64,0,0
5/30/25 12:00,3.69,252,WSW,4.86,0,0
5/30/25 13:00,4.28,286,WNW,4.86,0,0
5/30/25 14:00,3.89,255,WSW,4.86,0,0
5/30/25 15:00,6.8,246,WSW,9.33,0,0
5/30/25 16:00,12.25,252,WSW,14.97,0,0
5/30/25 17:00,9.33,270,W,11.47,0,0
5/30/25 18:00,6.61,245,WSW,10.3,0,0
5/30/25 19:00,6.22,256,WSW,7.39,0,0
5/30/25 20:00,6.41,247,WSW,8.94,0,0
5/30/25 21:00,6.41,253,WSW,7.58,0,0
5/30/25 22:00,5.25,258,WSW,7,0,0
5/30/25 23:00,5.25,345,NNW,6.03,0,0
5/31/25 0:00,6.41,257,WSW,7.97,0,0
5/31/25 1:00,5.44,30,NNE,6.03,0,0
5/31/25 2:00,4.28,267,W,6.41,0,0
5/31/25 3:00,7.58,266,W,10.89,0,0
5/31/25 4:00,9.14,258,WSW,12.83,0,0
5/31/25 5:00,7.39,278,W,9.91,0,0
5/31/25 6:00,8.16,264,W,11.66,0,0
5/31/25 7:00,9.33,261,W,13.02,0,0
5/31/25 8:00,6.22,280,W,9.14,0,0
5/31/25 9:00,5.25,273,W,8.36,0,0
5/31/25 10:00,4.08,313,NW,5.83,0,0
5/31/25 11:00,4.67,295,WNW,7,0,0
5/31/25 12:00,11.27,257,WSW,13.41,0,0
5/31/25 13:00,11.86,248,WSW,15.75,0,0
5/31/25 14:00,10.89,251,WSW,15.55,0,0
5/31/25 15:00,11.47,246,WSW,14.97,0,0
5/31/25 16:00,13.8,238,WSW,15.55,0,0
5/31/25 17:00,12.25,232,SW,14.58,0,0
5/31/25 18:00,10.11,229,SW,11.66,0,0
5/31/25 19:00,10.3,222,SW,12.05,0,0
5/31/25 20:00,10.89,234,SW,12.83,0,0
5/31/25 21:00,10.5,252,WSW,13.02,0,0
5/31/25 22:00,8.36,241,WSW,11.27,0,0
5/31/25 23:00,10.5,240,WSW,13.61,0,0
6/1/25 0:00,7,244,WSW,9.91,0,0
6/1/25 1:00,12.64,232,SW,15.75,0,0
6/1/25 2:00,14.38,232,SW,16.91,0,0
6/1/25 3:00,13.8,227,SW,16.33,0,0
6/1/25 4:00,11.86,232,SW,14.97,0,0
6/1/25 5:00,10.3,229,SW,11.86,0,0
6/1/25 6:00,11.08,225,SW,13.02,0,0
6/1/25 7:00,10.5,228,SW,13.61,0,0
6/1/25 8:00,12.64,229,SW,16.13,0,0
6/1/25 9:00,14.58,231,SW,17.88,0,0
6/1/25 10:00,11.08,218,SW,15.36,0,0
6/1/25 11:00,15.75,227,SW,20.22,0,0
6/1/25 12:00,18.47,228,SW,21.97,0,0
6/1/25 13:00,17.3,226,SW,21.19,0,0
6/1/25 14:00,19.05,225,SW,23.91,0,0
6/1/25 15:00,19.05,217,SW,23.91,0,0
6/1/25 16:00,17.69,216,SW,22.74,0,0
6/1/25 17:00,16.33,212,SSW,21.38,0,0
6/1/25 18:00,19.24,217,SW,24.69,0,0
6/1/25 19:00,16.52,210,SSW,23.13,0,0
6/1/25 20:00,17.3,218,SW,20.22,0,0
6/1/25 21:00,17.3,221,SW,23.52,0,0
6/1/25 22:00,16.13,227,SW,21.19,0,0
6/1/25 23:00,13.8,224,SW,17.88,0,0
6/2/25 0:00,14.58,233,SW,18.47,0,0
6/2/25 1:00,12.83,229,SW,15.94,0,0
6/2/25 2:00,11.47,236,SW,13.8,0,0
6/2/25 3:00,13.61,233,SW,17.49,0,0
6/2/25 4:00,8.75,245,WSW,11.47,0,0
6/2/25 5:00,7,256,WSW,11.47,0,0
6/2/25 6:00,7.39,253,WSW,11.27,0,0
6/2/25 7:00,6.8,234,SW,8.36,0,0
6/2/25 8:00,9.14,229,SW,11.08,0,0
6/2/25 9:00,9.91,249,WSW,13.02,0,0
6/2/25 10:00,8.55,273,W,13.02,0,0
6/2/25 11:00,7.97,279,W,13.02,0,0
6/2/25 12:00,7.58,291,WNW,11.27,0,0
6/2/25 13:00,9.91,254,WSW,12.64,0,0
6/2/25 14:00,15.16,235,SW,18.66,0,0
6/2/25 15:00,16.13,233,SW,18.86,0,0
6/2/25 16:00,16.33,232,SW,19.63,0,0
6/2/25 17:00,17.69,234,SW,20.41,0,0
6/2/25 18:00,16.33,229,SW,19.24,0,0
6/2/25 19:00,14.58,228,SW,17.69,0,0
6/2/25 20:00,13.61,234,SW,17.49,0,0
6/2/25 21:00,12.05,296,WNW,14.97,0,0
6/2/25 22:00,12.05,296,WNW,15.75,0,0
6/2/25 23:00,12.64,299,WNW,15.36,0,0
6/3/25 0:00,8.16,287,WNW,11.86,0,0
6/3/25 1:00,12.05,235,SW,14.97,0,0
6/3/25 2:00,8.16,290,WNW,13.61,0,0
6/3/25 3:00,9.33,244,WSW,13.61,0,0
6/3/25 4:00,12.64,239,WSW,16.52,0,0
6/3/25 5:00,13.22,234,SW,17.88,0,0
6/3/25 6:00,15.36,234,SW,17.69,0,0
6/3/25 7:00,9.72,255,WSW,13.61,0,0
6/3/25 8:00,10.11,248,WSW,14.58,0,0
6/3/25 9:00,11.47,223,SW,14.38,0,0
6/3/25 10:00,9.14,245,WSW,12.64,0,0
6/3/25 11:00,10.5,260,W,14.38,0,0
6/3/25 12:00,9.72,258,WSW,14.58,0,0
6/3/25 13:00,9.33,244,WSW,14,0,0
6/3/25 14:00,10.69,241,WSW,14.97,0,0
6/3/25 15:00,13.02,236,SW,15.16,0,0
6/3/25 16:00,10.11,242,WSW,13.8,0,0
6/3/25 17:00,13.41,234,SW,15.75,0,0
6/3/25 18:00,12.44,230,SW,14.97,0,0
6/3/25 19:00,13.02,223,SW,15.75,0,0
6/3/25 20:00,12.05,227,SW,15.94,0,0
6/3/25 21:00,8.36,231,SW,10.69,0,0
6/3/25 22:00,10.89,239,WSW,14.97,0,0
6/3/25 23:00,14,239,WSW,17.69,0,0
6/4/25 0:00,14,235,SW,17.11,0,0
6/4/25 1:00,10.5,242,WSW,16.13,0,0
6/4/25 2:00,15.16,227,SW,19.83,0,0
6/4/25 3:00,12.64,231,SW,15.16,0,0
6/4/25 4:00,10.5,234,SW,14.38,0,0
6/4/25 5:00,11.66,236,SW,14.77,0,0
6/4/25 6:00,10.5,243,WSW,15.16,0,0
6/4/25 7:00,10.89,239,WSW,14.19,0,0
6/4/25 8:00,7,243,WSW,10.89,0,0
6/4/25 9:00,7.78,267,W,12.64,0,0
6/4/25 10:00,8.55,302,WNW,10.3,0,0
6/4/25 11:00,7.39,295,WNW,9.91,0,0
6/4/25 12:00,6.03,275,W,8.36,0,0
6/4/25 13:00,8.75,239,WSW,12.44,0,0
6/4/25 14:00,12.44,238,WSW,14.38,0,0
6/4/25 15:00,11.47,242,WSW,15.16,0,0
6/4/25 16:00,14,237,WSW,16.52,0,0
6/4/25 17:00,13.61,226,SW,17.49,0,0
6/4/25 18:00,17.11,226,SW,20.02,0,0
6/4/25 19:00,17.49,223,SW,21.97,0,0
6/4/25 20:00,17.3,219,SW,22.16,0,0
6/4/25 21:00,14.19,218,SW,17.88,0,0
6/4/25 22:00,13.02,231,SW,17.69,0,0
6/4/25 23:00,13.22,240,WSW,16.91,0,0
6/5/25 0:00,12.44,263,W,15.94,0,0
6/5/25 1:00,12.83,262,W,17.88,0,0
6/5/25 2:00,9.14,252,WSW,16.13,0,0
6/5/25 3:00,14.77,256,WSW,19.24,0,0
6/5/25 4:00,12.25,260,W,18.08,0,0
6/5/25 5:00,11.27,256,WSW,16.91,0,0
6/5/25 6:00,11.27,251,WSW,16.52,0,0
6/5/25 7:00,11.27,254,WSW,15.36,0,0
6/5/25 8:00,12.05,255,WSW,16.72,0,0
6/5/25 9:00,10.69,266,W,14.19,0,0
6/5/25 10:00,13.41,244,WSW,20.22,0,0
6/5/25 11:00,10.89,247,WSW,16.91,0,0
6/5/25 12:00,11.66,245,WSW,16.52,0,0
6/5/25 13:00,17.11,235,SW,21.19,0,0
6/5/25 14:00,16.72,224,SW,20.99,0,0
6/5/25 15:00,17.3,236,SW,22.35,0,0
6/5/25 16:00,20.41,234,SW,24.1,0,0
6/5/25 17:00,18.66,229,SW,22.74,0,0
6/5/25 18:00,20.22,231,SW,24.1,0,0
6/5/25 19:00,17.11,221,SW,20.8,0,0
6/5/25 20:00,17.49,226,SW,21.38,0,0
6/5/25 21:00,14.38,233,SW,18.47,0,0
6/5/25 22:00,11.47,241,WSW,16.72,0,0
6/5/25 23:00,12.25,241,WSW,15.55,0,0
6/6/25 0:00,10.5,248,WSW,13.61,0,0
6/6/25 1:00,8.94,249,WSW,14,0,0
6/6/25 2:00,10.69,252,WSW,14.38,0,0
6/6/25 3:00,9.14,266,W,14,0,0
6/6/25 4:00,10.11,266,W,13.22,0,0
6/6/25 5:00,7.39,267,W,12.44,0,0
6/6/25 6:00,7.97,275,W,12.05,0,0
6/6/25 7:00,10.3,273,W,13.61,0,0
6/6/25 8:00,7,268,W,9.72,0,0
6/6/25 9:00,8.16,278,W,12.64,0,0
6/6/25 10:00,7.97,247,WSW,11.47,0,0
6/6/25 11:00,6.22,289,WNW,10.3,0,0
6/6/25 12:00,8.36,251,WSW,10.11,0,0
6/6/25 13:00,10.69,231,SW,13.02,0,0
6/6/25 14:00,12.83,236,SW,14.38,0,0
6/6/25 15:00,12.83,234,SW,14.77,0,0
6/6/25 16:00,13.41,235,SW,16.52,0,0
6/6/25 17:00,12.83,230,SW,15.55,0,0
6/6/25 18:00,12.44,233,SW,15.36,0,0
6/6/25 19:00,12.64,237,WSW,14.77,0,0
6/6/25 20:00,11.47,231,SW,13.22,0,0
6/6/25 21:00,9.72,241,WSW,14.58,0,0
6/6/25 22:00,10.69,251,WSW,13.22,0,0
6/6/25 23:00,9.91,253,WSW,12.83,0,0
6/7/25 0:00,8.75,272,W,12.25,0,0
6/7/25 1:00,7.39,242,WSW,12.44,0,0
6/7/25 2:00,7.97,289,WNW,12.44,0,0
6/7/25 3:00,8.75,281,W,12.44,0,0
6/7/25 4:00,11.27,235,SW,13.8,0,0
6/7/25 5:00,10.69,236,SW,14.19,0,0
6/7/25 6:00,7.97,248,WSW,12.44,0,0
6/7/25 7:00,7,288,WNW,11.66,0,0
6/7/25 8:00,5.44,279,W,9.72,0,0
6/7/25 9:00,9.91,243,WSW,13.02,0,0
6/7/25 10:00,11.27,237,WSW,14.38,0,0
6/7/25 11:00,9.14,248,WSW,12.83,0,0
6/7/25 12:00,11.27,239,WSW,14.77,0,0
6/7/25 13:00,11.27,233,SW,13.41,0,0
6/7/25 14:00,10.89,239,WSW,13.41,0,0
6/7/25 15:00,12.25,231,SW,15.16,0,0
6/7/25 16:00,11.08,229,SW,16.52,0,0
6/7/25 17:00,13.22,234,SW,15.75,0,0
6/7/25 18:00,12.64,238,WSW,16.72,0,0
6/7/25 19:00,13.41,230,SW,16.13,0,0
6/7/25 20:00,17.88,226,SW,21.97,0,0
6/7/25 21:00,11.66,244,WSW,18.08,0,0
6/7/25 22:00,13.02,245,WSW,16.13,0,0
6/7/25 23:00,12.05,240,WSW,15.16,0,0
6/8/25 0:00,11.27,245,WSW,16.91,0,0
6/8/25 1:00,8.94,274,W,13.22,0,0
6/8/25 2:00,11.86,276,W,15.16,0,0
6/8/25 3:00,12.05,244,WSW,16.52,0,0
6/8/25 4:00,10.3,248,WSW,15.16,0,0
6/8/25 5:00,11.86,251,WSW,14.97,0,0
6/8/25 6:00,12.44,253,WSW,15.75,0,0
6/8/25 7:00,10.89,251,WSW,14,0,0
6/8/25 8:00,11.86,234,SW,15.16,0,0
6/8/25 9:00,13.22,227,SW,16.33,0,0
6/8/25 10:00,13.8,231,SW,16.52,0,0
6/8/25 11:00,16.13,232,SW,18.47,0,0
6/8/25 12:00,15.94,224,SW,19.05,0,0
6/8/25 13:00,15.94,224,SW,19.83,0,0
6/8/25 14:00,14.38,223,SW,17.3,0,0
6/8/25 15:00,14.19,226,SW,16.72,0,0
6/8/25 16:00,14.58,224,SW,18.66,0,0
6/8/25 17:00,15.94,228,SW,19.44,0,0
6/8/25 18:00,15.36,221,SW,19.24,0,0
6/8/25 19:00,14.77,218,SW,18.27,0,0
6/8/25 20:00,15.16,225,SW,18.66,0,0
6/8/25 21:00,13.02,224,SW,15.94,0,0
6/8/25 22:00,9.52,243,WSW,13.22,0,0
6/8/25 23:00,13.41,236,SW,16.13,0,0
6/9/25 0:00,11.27,246,WSW,15.36,0,0
6/9/25 1:00,16.13,234,SW,20.41,0,0
6/9/25 2:00,13.8,239,WSW,18.08,0,0
6/9/25 3:00,15.36,233,SW,17.88,0,0
6/9/25 4:00,13.02,230,SW,16.72,0,0
6/9/25 5:00,13.02,222,SW,15.75,0,0
6/9/25 6:00,12.25,227,SW,15.36,0,0
6/9/25 7:00,10.3,245,WSW,14.58,0,0
6/9/25 8:00,11.66,237,WSW,14.58,0,0
6/9/25 9:00,11.66,241,WSW,16.72,0,0
6/9/25 10:00,13.61,231,SW,18.08,0,0
6/9/25 11:00,11.47,231,SW,17.3,0,0
6/9/25 12:00,11.27,230,SW,15.36,0,0
6/9/25 13:00,11.86,237,WSW,16.13,0,0
6/9/25 14:00,11.86,235,SW,13.61,0,0
6/9/25 15:00,13.61,231,SW,16.13,0,0
6/9/25 16:00,15.36,229,SW,20.41,0,0
6/9/25 17:00,14,228,SW,17.11,0,0
6/9/25 18:00,15.75,227,SW,18.47,0,0
6/9/25 19:00,14.19,220,SW,18.08,0,0
6/9/25 20:00,12.64,229,SW,16.52,0,0
6/9/25 21:00,12.64,239,WSW,14.97,0,0
6/9/25 22:00,12.83,228,SW,17.88,0,0
6/9/25 23:00,16.13,229,SW,20.22,0,0
6/10/25 0:00,16.13,227,SW,22.94,0,0
6/10/25 1:00,17.49,219,SW,21.97,0,0
6/10/25 2:00,13.02,232,SW,15.75,0,0
6/10/25 3:00,11.08,236,SW,16.72,0,0
6/10/25 4:00,9.14,246,WSW,12.64,0,0
6/10/25 5:00,8.75,240,WSW,13.22,0,0
6/10/25 6:00,11.27,239,WSW,15.94,0,0
6/10/25 7:00,10.3,218,SW,15.36,0,0
6/10/25 8:00,12.44,222,SW,15.75,0,0
6/10/25 9:00,13.02,225,SW,16.13,0,0
6/10/25 10:00,14.19,222,SW,18.08,0,0
6/10/25 11:00,11.66,230,SW,14.58,0,0
6/10/25 12:00,13.22,235,SW,16.52,0,0
6/10/25 13:00,11.86,227,SW,16.33,0,0
6/10/25 14:00,11.66,226,SW,15.75,0,0
6/10/25 15:00,13.8,234,SW,16.33,0,0
6/10/25 16:00,14.97,225,SW,18.86,0,0
6/10/25 17:00,14.19,228,SW,17.69,0,0
6/10/25 18:00,14.97,229,SW,18.08,0,0
6/10/25 19:00,13.61,221,SW,18.27,0,0
6/10/25 20:00,13.22,234,SW,17.3,0,0
6/10/25 21:00,14.97,223,SW,18.66,0,0
6/10/25 22:00,20.41,228,SW,25.66,0,0
6/10/25 23:00,18.27,226,SW,21.77,0,0
6/11/25 0:00,15.36,228,SW,19.44,0,0
6/11/25 1:00,13.8,242,WSW,18.86,0,0
6/11/25 2:00,14.19,232,SW,18.08,0,0
6/11/25 3:00,12.83,232,SW,15.94,0,0
6/11/25 4:00,11.66,252,WSW,15.36,0,0
6/11/25 5:00,11.86,257,WSW,15.55,0,0
6/11/25 6:00,12.44,233,SW,15.94,0,0
6/11/25 7:00,15.36,232,SW,18.27,0,0
6/11/25 8:00,8.16,263,W,13.61,0,0
6/11/25 9:00,7.58,278,W,11.86,0,0
6/11/25 10:00,10.11,273,W,13.8,0,0
6/11/25 11:00,11.27,284,WNW,14.77,0,0
6/11/25 12:00,11.86,240,WSW,16.13,0,0
6/11/25 13:00,13.8,227,SW,17.69,0,0
6/11/25 14:00,14.38,227,SW,16.91,0,0
6/11/25 15:00,16.13,220,SW,20.99,0,0
6/11/25 16:00,12.83,229,SW,17.49,0,0
6/11/25 17:00,14.58,228,SW,19.44,0,0
6/11/25 18:00,14,232,SW,17.11,0,0
6/11/25 19:00,11.86,242,WSW,16.72,0,0
6/11/25 20:00,12.64,225,SW,16.33,0,0
6/11/25 21:00,15.94,214,SW,19.44,0,0
6/11/25 22:00,13.02,218,SW,18.27,0,0
6/11/25 23:00,13.41,232,SW,16.72,0,0
6/12/25 0:00,12.05,224,SW,16.72,0,0
6/12/25 1:00,12.83,230,SW,15.75,0,0
6/12/25 2:00,14,233,SW,16.91,0,0
6/12/25 3:00,12.64,227,SW,15.36,0,0
6/12/25 4:00,10.89,232,SW,14.19,0,0
6/12/25 5:00,10.89,234,SW,14.58,0,0
6/12/25 6:00,10.3,222,SW,12.64,0,0
6/12/25 7:00,8.75,231,SW,12.44,0,0
6/12/25 8:00,9.72,239,WSW,13.61,0,0
6/12/25 9:00,8.75,237,WSW,12.05,0,0
6/12/25 10:00,10.69,239,WSW,13.61,0,0
6/12/25 11:00,12.64,239,WSW,15.75,0,0
6/12/25 12:00,11.08,237,WSW,14,0,0
6/12/25 13:00,12.25,222,SW,16.13,0,0
6/12/25 14:00,14.38,222,SW,16.72,0,0
6/12/25 15:00,12.44,219,SW,15.94,0,0
6/12/25 16:00,14.38,223,SW,16.52,0,0
6/12/25 17:00,13.41,218,SW,16.13,0,0
6/12/25 18:00,12.25,222,SW,14.77,0,0
6/12/25 19:00,10.11,227,SW,13.61,0,0
6/12/25 20:00,12.25,225,SW,15.16,0,0
6/12/25 21:00,9.91,222,SW,14.38,0,0
6/12/25 22:00,12.05,241,WSW,15.55,0,0
6/12/25 23:00,14,234,SW,16.91,0,0
6/13/25 0:00,12.83,230,SW,15.75,0,0
6/13/25 1:00,10.3,241,WSW,13.41,0,0
6/13/25 2:00,13.02,229,SW,15.36,0,0
6/13/25 3:00,12.25,228,SW,16.13,0,0
6/13/25 4:00,15.55,234,SW,19.05,0,0
6/13/25 5:00,12.83,220,SW,17.11,0,0
6/13/25 6:00,15.36,233,SW,20.22,0,0
6/13/25 7:00,15.94,229,SW,20.6,0,0
6/13/25 8:00,13.41,233,SW,18.08,0,0
6/13/25 9:00,15.75,235,SW,19.05,0,0
6/13/25 10:00,11.47,243,WSW,18.66,0,0
6/13/25 11:00,13.22,231,SW,17.11,0,0
6/13/25 12:00,12.83,231,SW,15.75,0,0
6/13/25 13:00,12.83,235,SW,15.94,0,0
6/13/25 14:00,14.38,232,SW,16.72,0,0
6/13/25 15:00,12.83,233,SW,15.36,0,0
6/13/25 16:00,14.19,229,SW,17.11,0,0
6/13/25 17:00,12.25,223,SW,16.91,0,0
6/13/25 18:00,15.75,223,SW,20.22,0,0
6/13/25 19:00,14.38,212,SSW,16.13,0,0
6/13/25 20:00,11.08,210,SSW,16.13,0,0
6/13/25 21:00,11.86,212,SSW,16.33,0,0
6/13/25 22:00,7.78,227,SW,11.47,0,0
6/13/25 23:00,7.97,238,WSW,9.33,0,0
6/14/25 0:00,5.83,229,SW,7.19,0,0
6/14/25 1:00,8.75,226,SW,10.69,0,0
6/14/25 2:00,11.47,227,SW,13.61,0,0
6/14/25 3:00,11.86,224,SW,13.02,0,0
6/14/25 4:00,11.86,222,SW,15.16,0,0
6/14/25 5:00,13.61,229,SW,15.94,0,0
6/14/25 6:00,12.83,220,SW,15.75,0,0
6/14/25 7:00,10.11,219,SW,13.02,0,0
6/14/25 8:00,8.36,225,SW,11.27,0,0
6/14/25 9:00,9.14,240,WSW,12.25,0,0
6/14/25 10:00,11.86,232,SW,14.97,0,0
6/14/25 11:00,9.91,241,WSW,12.44,0,0
6/14/25 12:00,13.8,239,WSW,15.94,0,0
6/14/25 13:00,11.27,240,WSW,13.02,0,0
6/14/25 14:00,11.08,230,SW,15.36,0,0
6/14/25 15:00,12.25,233,SW,14.77,0,0
6/14/25 16:00,12.44,231,SW,15.16,0,0
6/14/25 17:00,14,217,SW,16.91,0,0
6/14/25 18:00,11.86,231,SW,13.61,0,0
6/14/25 19:00,10.5,232,SW,13.22,0,0
6/14/25 20:00,9.52,229,SW,11.66,0,0
6/14/25 21:00,7.58,225,SW,9.72,0,0
6/14/25 22:00,8.16,239,WSW,10.89,0,0
6/14/25 23:00,9.52,235,SW,12.44,0,0
6/15/25 0:00,8.55,244,WSW,11.47,0,0
6/15/25 1:00,7.39,239,WSW,8.94,0,0
6/15/25 2:00,7.39,234,SW,9.33,0,0
6/15/25 3:00,7.58,244,WSW,9.33,0,0
6/15/25 4:00,7.97,238,WSW,9.14,0,0
6/15/25 5:00,8.75,237,WSW,11.66,0,0
6/15/25 6:00,7,251,WSW,9.14,0,0
6/15/25 7:00,7,233,SW,10.3,0,0
6/15/25 8:00,8.55,238,WSW,11.47,0,0
6/15/25 9:00,6.22,261,W,9.14,0,0
6/15/25 10:00,8.75,268,W,11.66,0,0
6/15/25 11:00,8.16,264,W,11.86,0,0
6/15/25 12:00,8.55,266,W,12.05,0,0
6/15/25 13:00,8.36,253,WSW,10.69,0,0
6/15/25 14:00,8.55,241,WSW,12.44,0,0
6/15/25 15:00,9.33,252,WSW,12.64,0,0
6/15/25 16:00,13.61,235,SW,15.55,0,0
6/15/25 17:00,13.22,234,SW,16.52,0,0
6/15/25 18:00,12.05,240,WSW,13.41,0,0
6/15/25 19:00,8.75,224,SW,11.27,0,0
6/15/25 20:00,6.61,224,SW,9.14,0,0
6/15/25 21:00,9.72,231,SW,13.8,0,0
6/15/25 22:00,9.52,263,W,14.38,0,0
6/15/25 23:00,11.08,253,WSW,14.19,0,0
6/16/25 0:00,9.52,250,WSW,13.41,0,0
6/16/25 1:00,10.3,243,WSW,14.19,0,0
6/16/25 2:00,11.66,236,SW,16.33,0,0
6/16/25 3:00,9.91,239,WSW,13.8,0,0
6/16/25 4:00,10.89,229,SW,13.22,0,0
6/16/25 5:00,11.66,226,SW,14.58,0,0
6/16/25 6:00,16.33,231,SW,20.41,0,0
6/16/25 7:00,15.55,240,WSW,20.99,0,0
6/16/25 8:00,10.69,244,WSW,17.69,0,0
6/16/25 9:00,14.58,238,WSW,16.91,0,0
6/16/25 10:00,11.66,241,WSW,16.13,0,0
6/16/25 11:00,10.69,230,SW,13.61,0,0
6/16/25 12:00,9.33,236,SW,11.86,0,0
6/16/25 13:00,10.89,226,SW,13.8,0,0
6/16/25 14:00,9.91,231,SW,14.19,0,0
6/16/25 15:00,12.44,229,SW,15.55,0,0
6/16/25 16:00,12.05,221,SW,15.55,0,0
6/16/25 17:00,15.94,229,SW,19.05,0,0
6/16/25 18:00,10.89,225,SW,14.77,0,0
6/16/25 19:00,10.5,234,SW,13.8,0,0
6/16/25 20:00,13.41,217,SW,17.11,0,0
6/16/25 21:00,10.69,226,SW,14,0,0
6/16/25 22:00,9.14,238,WSW,13.8,0,0
6/16/25 23:00,7.39,225,SW,10.3,0,0
6/17/25 0:00,8.16,242,WSW,12.05,0,0
6/17/25 1:00,8.75,220,SW,10.69,0,0
6/17/25 2:00,8.75,229,SW,10.11,0,0
6/17/25 3:00,11.86,240,WSW,14.58,0,0
6/17/25 4:00,10.11,238,WSW,14.19,0,0
6/17/25 5:00,9.91,237,WSW,12.05,0,0
6/17/25 6:00,7.97,233,SW,10.89,0,0
6/17/25 7:00,7.39,248,WSW,10.5,0,0
6/17/25 8:00,7.19,266,W,9.14,0,0
6/17/25 9:00,6.8,256,WSW,10.89,0,0
6/17/25 10:00,7.39,248,WSW,10.69,0,0
6/17/25 11:00,4.86,243,WSW,7,0,0
6/17/25 12:00,5.05,246,WSW,7.19,0,0
6/17/25 13:00,9.14,241,WSW,11.27,0,0
6/17/25 14:00,10.69,235,SW,13.22,0,0
6/17/25 15:00,11.08,237,WSW,12.64,0,0
6/17/25 16:00,11.27,234,SW,13.61,0,0
6/17/25 17:00,10.3,229,SW,12.44,0,0
6/17/25 18:00,9.91,237,WSW,12.05,0,0
6/17/25 19:00,10.69,226,SW,14.77,0,0
6/17/25 20:00,6.41,245,WSW,11.27,0,0
6/17/25 21:00,9.91,233,SW,11.66,0,0
6/17/25 22:00,7.19,249,WSW,10.11,0,0
6/17/25 23:00,7.39,239,WSW,8.94,0,0
6/18/25 0:00,5.44,254,WSW,7.39,0,0
6/18/25 1:00,5.64,251,WSW,8.16,0,0
6/18/25 2:00,6.22,256,WSW,8.16,0,0
6/18/25 3:00,9.52,254,WSW,12.05,0,0
6/18/25 4:00,7.97,243,WSW,11.66,0,0
6/18/25 5:00,6.41,243,WSW,9.33,0,0
6/18/25 6:00,5.64,255,WSW,9.52,0,0
6/18/25 7:00,5.64,271,W,8.36,0,0
6/18/25 8:00,5.05,278,W,7,0,0
6/18/25 9:00,6.03,273,W,7.97,0,0
6/18/25 10:00,5.44,298,WNW,7.19,0,0
6/18/25 11:00,5.44,253,WSW,7.39,0,0
6/18/25 12:00,6.22,258,WSW,8.36,0,0
6/18/25 13:00,8.75,254,WSW,10.69,0,0
6/18/25 14:00,9.91,255,WSW,12.25,0,0
6/18/25 15:00,10.5,238,WSW,12.05,0,0
6/18/25 16:00,11.08,234,SW,13.02,0,0
6/18/25 17:00,10.89,230,SW,13.02,0,0
6/18/25 18:00,12.83,236,SW,14.77,0,0
6/18/25 19:00,12.05,231,SW,14,0,0
6/18/25 20:00,9.52,227,SW,12.64,0,0
6/18/25 21:00,8.94,239,WSW,10.69,0,0
6/18/25 22:00,11.47,239,WSW,13.02,0,0
6/18/25 23:00,11.08,239,WSW,13.41,0,0
6/19/25 0:00,6.61,243,WSW,9.33,0,0
6/19/25 1:00,8.55,239,WSW,10.89,0,0
6/19/25 2:00,11.08,239,WSW,13.8,0,0
6/19/25 3:00,12.05,236,SW,14.97,0,0
6/19/25 4:00,15.94,237,WSW,18.86,0,0
6/19/25 5:00,15.55,220,SW,17.3,0,0
6/19/25 6:00,11.47,218,SW,14.38,0,0
6/19/25 7:00,11.86,224,SW,16.91,0,0
6/19/25 8:00,12.44,219,SW,14.77,0,0
6/19/25 9:00,12.64,223,SW,14.97,0,0
6/19/25 10:00,12.05,231,SW,15.55,0,0
6/19/25 11:00,12.05,238,WSW,15.75,0,0
6/19/25 12:00,14.97,221,SW,17.69,0,0
6/19/25 13:00,15.16,228,SW,18.08,0,0
6/19/25 14:00,13.8,229,SW,18.27,0,0
6/19/25 15:00,12.64,267,W,20.41,0,0
6/19/25 16:00,17.11,270,W,20.8,0,0
6/19/25 17:00,13.02,273,W,19.05,0,0
6/19/25 18:00,15.75,264,W,20.8,0,0
6/19/25 19:00,12.64,253,WSW,18.66,0,0
6/19/25 20:00,12.83,247,WSW,17.3,0,0
6/19/25 21:00,15.75,236,SW,18.47,0,0
6/19/25 22:00,14,222,SW,18.66,0,0
6/19/25 23:00,14.19,226,SW,20.41,0,0
6/20/25 0:00,15.94,220,SW,19.83,0,0
6/20/25 1:00,18.27,237,WSW,22.16,0,0
6/20/25 2:00,12.83,221,SW,16.13,0,0
6/20/25 3:00,14.77,230,SW,20.02,0,0
6/20/25 4:00,10.11,239,WSW,17.3,0,0
6/20/25 5:00,12.83,258,WSW,17.11,0,0
6/20/25 6:00,11.47,258,WSW,16.52,0,0
6/20/25 7:00,10.5,265,W,15.16,0,0
6/20/25 8:00,9.91,259,W,14.19,0,0
6/20/25 9:00,10.69,248,WSW,14.19,0,0
6/20/25 10:00,10.11,240,WSW,13.61,0,0
6/20/25 11:00,11.08,236,SW,13.8,0,0
6/20/25 12:00,10.3,263,W,16.13,0,0
6/20/25 13:00,15.36,253,WSW,21.19,0,0
6/20/25 14:00,14.19,252,WSW,20.8,0,0
6/20/25 15:00,16.72,267,W,21.77,0,0
6/20/25 16:00,14.38,257,WSW,20.99,0,0
6/20/25 17:00,13.02,267,W,18.66,0,0
6/20/25 18:00,21.58,276,W,25.27,0,0
6/20/25 19:00,12.25,269,W,18.47,0,0
6/20/25 20:00,18.66,267,W,23.71,0,0
6/20/25 21:00,19.24,276,W,25.27,0,0
6/20/25 22:00,19.44,277,W,27.6,0,0
6/20/25 23:00,12.83,276,W,19.05,0,0
6/21/25 0:00,15.36,296,WNW,19.63,0,0
6/21/25 1:00,13.8,315,NW,19.83,0,0
6/21/25 2:00,9.91,304,NW,15.16,0,0
6/21/25 3:00,9.91,313,NW,14.77,0,0
6/21/25 4:00,6.22,310,NW,9.91,0,0
6/21/25 5:00,7.19,304,NW,10.5,0,0
6/21/25 6:00,7.39,310,NW,11.08,0,0
6/21/25 7:00,8.94,302,WNW,14,0,0
6/21/25 8:00,7,323,NW,9.72,0,0
6/21/25 9:00,6.22,310,NW,8.55,0,0
6/21/25 10:00,9.52,301,WNW,12.64,0,0
6/21/25 11:00,,,,,1,1
6/21/25 12:00,7,261,W,9.33,0,0
6/21/25 13:00,5.83,251,WSW,7.58,0,0
6/21/25 14:00,9.52,253,WSW,13.61,0,0
6/21/25 15:00,10.3,267,W,14,0,0
6/21/25 16:00,10.3,275,W,13.8,0,0
6/21/25 17:00,10.11,260,W,15.75,0,0
6/21/25 18:00,10.69,259,W,14.19,0,0
6/21/25 19:00,9.52,250,WSW,14,0,0
6/21/25 20:00,7.39,241,WSW,10.11,0,0
6/21/25 21:00,9.14,233,SW,11.47,0,0
6/21/25 22:00,9.33,254,WSW,11.86,0,0
6/21/25 23:00,10.11,251,WSW,13.8,0,0
6/22/25 0:00,6.22,266,W,10.5,0,0
6/22/25 1:00,10.89,282,WNW,13.02,0,0
6/22/25 2:00,8.94,301,WNW,11.08,0,0
6/22/25 3:00,10.11,308,NW,12.44,0,0
6/22/25 4:00,6.8,286,WNW,9.14,0,0
6/22/25 5:00,8.36,285,WNW,10.3,0,0
6/22/25 6:00,10.3,305,NW,11.27,0,0
6/22/25 7:00,6.03,291,WNW,9.33,0,0
6/22/25 8:00,7,282,WNW,9.52,0,0
6/22/25 9:00,4.67,251,WSW,6.61,0,0
6/22/25 10:00,5.05,237,WSW,6.8,0,0
6/22/25 11:00,4.47,257,WSW,5.83,0,0
6/22/25 12:00,4.47,273,W,6.61,0,0
6/22/25 13:00,6.22,283,WNW,7.97,0,0
6/22/25 14:00,7,263,W,9.91,0,0
6/22/25 15:00,8.16,253,WSW,11.27,0,0
6/22/25 16:00,12.44,236,SW,14.19,0,0
6/22/25 17:00,12.05,234,SW,14.19,0,0
6/22/25 18:00,13.02,232,SW,15.36,0,0
6/22/25 19:00,9.52,236,SW,11.27,0,0
6/22/25 20:00,6.8,244,WSW,9.91,0,0
6/22/25 21:00,5.64,246,WSW,8.16,0,0
6/22/25 22:00,8.75,234,SW,10.3,0,0
6/22/25 23:00,5.64,262,W,7.78,0,0
6/23/25 0:00,6.61,264,W,8.36,0,0
6/23/25 1:00,5.64,256,WSW,7.78,0,0
6/23/25 2:00,6.61,255,WSW,8.75,0,0
6/23/25 3:00,5.05,257,WSW,7.58,0,0
6/23/25 4:00,5.05,250,WSW,7.39,0,0
6/23/25 5:00,3.69,262,W,7,0,0
6/23/25 6:00,3.5,223,SW,4.08,0,0
6/23/25 7:00,3.5,262,W,5.25,0,0
6/23/25 8:00,3.89,258,WSW,5.44,0,0
6/23/25 9:00,7,258,WSW,9.72,0,0
6/23/25 10:00,10.69,255,WSW,12.64,0,0
6/23/25 11:00,10.11,257,WSW,13.02,0,0
6/23/25 12:00,6.22,262,W,8.94,0,0
6/23/25 13:00,7.58,248,WSW,10.89,0,0
6/23/25 14:00,8.94,251,WSW,11.86,0,0
6/23/25 15:00,13.8,239,WSW,15.36,0,0
6/23/25 16:00,12.05,229,SW,14.38,0,0
6/23/25 17:00,10.89,227,SW,13.61,0,0
6/23/25 18:00,9.14,232,SW,10.89,0,0
6/23/25 19:00,7.58,223,SW,9.72,0,0
6/23/25 20:00,7.78,234,SW,11.08,0,0
6/23/25 21:00,7.97,243,WSW,12.44,0,0
6/23/25 22:00,12.25,241,WSW,15.55,0,0
6/23/25 23:00,14.19,241,WSW,18.47,0,0
6/24/25 0:00,17.11,241,WSW,22.55,0,0
6/24/25 1:00,17.49,233,SW,23.52,0,0
6/24/25 2:00,15.55,241,WSW,19.63,0,0
6/24/25 3:00,15.75,242,WSW,22.55,0,0
6/24/25 4:00,14.77,233,SW,18.47,0,0
6/24/25 5:00,15.16,234,SW,19.44,0,0
6/24/25 6:00,15.16,236,SW,20.22,0,0
6/24/25 7:00,16.52,237,WSW,20.41,0,0
6/24/25 8:00,14.97,233,SW,20.41,0,0
6/24/25 9:00,12.64,242,WSW,18.27,0,0
6/24/25 10:00,13.41,239,WSW,18.47,0,0
6/24/25 11:00,13.8,228,SW,16.91,0,0
6/24/25 12:00,13.02,228,SW,16.13,0,0
6/24/25 13:00,14.58,223,SW,17.49,0,0
6/24/25 14:00,12.83,229,SW,16.72,0,0
6/24/25 15:00,15.55,223,SW,18.66,0,0
6/24/25 16:00,14.38,230,SW,17.3,0,0
6/24/25 17:00,13.02,235,SW,16.91,0,0
6/24/25 18:00,11.47,250,WSW,14.38,0,0
6/24/25 19:00,9.91,278,W,12.44,0,0
6/24/25 20:00,10.5,237,WSW,14,0,0
6/24/25 21:00,12.05,221,SW,14.58,0,0
6/24/25 22:00,13.02,222,SW,16.13,0,0
6/24/25 23:00,14.19,225,SW,18.47,0,0
6/25/25 0:00,18.08,221,SW,22.16,0,0
6/25/25 1:00,13.41,221,SW,15.75,0,0
6/25/25 2:00,11.86,232,SW,15.16,0,0
6/25/25 3:00,12.05,227,SW,16.13,0,0
6/25/25 4:00,10.89,233,SW,15.16,0,0
6/25/25 5:00,12.83,226,SW,15.94,0,0
6/25/25 6:00,12.83,241,WSW,16.52,0,0
6/25/25 7:00,11.27,240,WSW,15.75,0,0
6/25/25 8:00,9.33,239,WSW,13.8,0,0
6/25/25 9:00,10.69,249,WSW,14.58,0,0
6/25/25 10:00,12.25,253,WSW,15.94,0,0
6/25/25 11:00,9.72,250,WSW,14,0,0
6/25/25 12:00,10.89,248,WSW,14.97,0,0
6/25/25 13:00,11.27,254,WSW,13.02,0,0
6/25/25 14:00,11.47,253,WSW,13.61,0,0
6/25/25 15:00,11.66,240,WSW,12.83,0,0
6/25/25 16:00,13.22,240,WSW,14.77,0,0
6/25/25 17:00,11.47,223,SW,14.58,0,0
6/25/25 18:00,11.66,224,SW,14.19,0,0
6/25/25 19:00,11.66,230,SW,14.19,0,0
6/25/25 20:00,9.91,242,WSW,11.86,0,0
6/25/25 21:00,11.86,230,SW,15.16,0,0
6/25/25 22:00,8.55,242,WSW,11.86,0,0
6/25/25 23:00,8.55,242,WSW,10.89,0,0
6/26/25 0:00,9.52,240,WSW,12.83,0,0
6/26/25 1:00,12.83,236,SW,15.55,0,0
6/26/25 2:00,11.86,231,SW,14.58,0,0
6/26/25 3:00,8.55,230,SW,10.11,0,0
6/26/25 4:00,8.16,231,SW,9.33,0,0
6/26/25 5:00,6.61,238,WSW,8.94,0,0
6/26/25 6:00,8.75,230,SW,10.3,0,0
6/26/25 7:00,8.16,228,SW,11.08,0,0
6/26/25 8:00,6.61,239,WSW,8.75,0,0
6/26/25 9:00,6.41,249,WSW,9.52,0,0
6/26/25 10:00,7.97,244,WSW,10.89,0,0
6/26/25 11:00,6.22,243,WSW,9.52,0,0
6/26/25 12:00,6.8,249,WSW,9.52,0,0
6/26/25 13:00,7.58,244,WSW,10.3,0,0
6/26/25 14:00,10.5,242,WSW,13.41,0,0
6/26/25 15:00,11.27,231,SW,14.19,0,0
6/26/25 16:00,12.64,234,SW,14.58,0,0
6/26/25 17:00,10.5,233,SW,13.41,0,0
6/26/25 18:00,12.44,235,SW,14.58,0,0
6/26/25 19:00,10.89,233,SW,13.41,0,0
6/26/25 20:00,8.36,245,WSW,12.83,0,0
6/26/25 21:00,7.97,248,WSW,11.27,0,0
6/26/25 22:00,8.94,242,WSW,11.86,0,0
6/26/25 23:00,8.16,241,WSW,10.11,0,0
6/27/25 0:00,6.41,242,WSW,9.52,0,0
6/27/25 1:00,4.86,266,W,7.19,0,0
6/27/25 2:00,6.41,266,W,7.78,0,0
6/27/25 3:00,6.41,258,WSW,8.16,0,0
6/27/25 4:00,5.83,271,W,7.58,0,0
6/27/25 5:00,4.08,243,WSW,6.8,0,0
6/27/25 6:00,4.08,265,W,5.83,0,0
6/27/25 7:00,5.64,276,W,7,0,0
6/27/25 8:00,5.83,298,WNW,7.78,0,0
6/27/25 9:00,4.67,317,NW,5.64,0,0
6/27/25 10:00,3.11,321,NW,3.89,0,0
6/27/25 11:00,3.69,267,W,5.64,0,0
6/27/25 12:00,2.72,277,W,5.44,0,0
6/27/25 13:00,7,250,WSW,9.72,0,0
6/27/25 14:00,7.78,260,W,10.69,0,0
6/27/25 15:00,8.94,251,WSW,11.86,0,0
6/27/25 16:00,8.94,245,WSW,12.44,0,0
6/27/25 17:00,14,240,WSW,16.13,0,0
6/27/25 18:00,10.89,242,WSW,14.58,0,0
6/27/25 19:00,10.3,249,WSW,12.64,0,0
6/27/25 20:00,10.89,239,WSW,12.64,0,0
6/27/25 21:00,10.3,239,WSW,11.66,0,0
6/27/25 22:00,8.55,247,WSW,12.05,0,0
6/27/25 23:00,9.33,247,WSW,11.86,0,0
6/28/25 0:00,11.08,239,WSW,13.22,0,0
6/28/25 1:00,9.14,259,W,11.47,0,0
6/28/25 2:00,10.3,246,WSW,14.38,0,0
6/28/25 3:00,10.3,242,WSW,13.8,0,0
6/28/25 4:00,9.91,251,WSW,12.83,0,0
6/28/25 5:00,9.72,251,WSW,13.8,0,0
6/28/25 6:00,10.11,246,WSW,13.22,0,0
6/28/25 7:00,7.78,266,W,10.5,0,0
6/28/25 8:00,7.58,261,W,9.52,0,0
6/28/25 9:00,3.69,273,W,5.83,0,0
6/28/25 10:00,3.89,294,WNW,5.64,0,0
6/28/25 11:00,3.89,298,WNW,5.25,0,0
6/28/25 12:00,6.8,266,W,8.94,0,0
6/28/25 13:00,5.25,273,W,7.39,0,0
6/28/25 14:00,9.14,244,WSW,14.38,0,0
6/28/25 15:00,14.58,231,SW,17.11,0,0
6/28/25 16:00,14.97,234,SW,17.69,0,0
6/28/25 17:00,13.8,232,SW,16.13,0,0
6/28/25 18:00,13.61,239,WSW,15.75,0,0
6/28/25 19:00,10.11,233,SW,13.8,0,0
6/28/25 20:00,9.52,251,WSW,13.02,0,0
6/28/25 21:00,6.61,246,WSW,9.52,0,0
6/28/25 22:00,12.64,224,SW,14.77,0,0
6/28/25 23:00,9.14,224,SW,11.86,0,0
6/29/25 0:00,10.5,252,WSW,13.22,0,0
6/29/25 1:00,12.44,251,WSW,17.69,0,0
6/29/25 2:00,11.66,253,WSW,15.16,0,0
6/29/25 3:00,11.86,243,WSW,15.16,0,0
6/29/25 4:00,13.61,242,WSW,16.72,0,0
6/29/25 5:00,11.66,240,WSW,14.58,0,0
6/29/25 6:00,8.94,240,WSW,12.64,0,0
6/29/25 7:00,10.11,231,SW,12.05,0,0
6/29/25 8:00,6.61,246,WSW,10.11,0,0
6/29/25 9:00,8.36,234,SW,10.3,0,0
6/29/25 10:00,10.3,235,SW,12.05,0,0
6/29/25 11:00,8.16,246,WSW,11.86,0,0
6/29/25 12:00,6.8,251,WSW,10.5,0,0
6/29/25 13:00,13.41,238,WSW,16.33,0,0
6/29/25 14:00,13.02,232,SW,15.55,0,0
6/29/25 15:00,16.72,223,SW,20.41,0,0
6/29/25 16:00,14.77,225,SW,18.08,0,0
6/29/25 17:00,14,222,SW,18.08,0,0
6/29/25 18:00,15.36,224,SW,18.27,0,0
6/29/25 19:00,12.44,222,SW,16.52,0,0
6/29/25 20:00,11.86,220,SW,15.16,0,0
6/29/25 21:00,10.3,236,SW,11.86,0,0
6/29/25 22:00,8.16,249,WSW,11.27,0,0
6/29/25 23:00,9.52,246,WSW,12.83,0,0
6/30/25 0:00,15.75,227,SW,18.86,0,0
6/30/25 1:00,13.41,237,WSW,17.49,0,0
6/30/25 2:00,15.55,236,SW,18.86,0,0
6/30/25 3:00,13.02,227,SW,17.49,0,0
6/30/25 4:00,13.61,234,SW,16.52,0,0
6/30/25 5:00,12.05,232,SW,14.97,0,0
6/30/25 6:00,9.91,232,SW,12.25,0,0
6/30/25 7:00,11.47,221,SW,14,0,0
6/30/25 8:00,8.16,241,WSW,11.47,0,0
6/30/25 9:00,8.94,240,WSW,12.83,0,0
6/30/25 10:00,8.94,241,WSW,12.25,0,0
6/30/25 11:00,9.72,254,WSW,12.25,0,0
6/30/25 12:00,8.16,263,W,11.86,0,0
6/30/25 13:00,8.75,267,W,12.83,0,0
6/30/25 14:00,9.33,247,WSW,13.02,0,0
6/30/25 15:00,9.91,256,WSW,11.86,0,0
6/30/25 16:00,11.27,242,WSW,14.19,0,0
6/30/25 17:00,14.58,239,WSW,16.72,0,0
6/30/25 18:00,16.13,230,SW,19.44,0,0
6/30/25 19:00,14.38,226,SW,17.49,0,0
6/30/25 20:00,12.64,229,SW,16.72,0,0
6/30/25 21:00,14.19,235,SW,16.72,0,0
6/30/25 22:00,10.69,226,SW,15.16,0,0
6/30/25 23:00,13.41,222,SW,17.11,0,0
7/1/25 0:00,17.11,223,SW,21.38,0,0
7/1/25 1:00,14.77,236,SW,18.47,0,0
7/1/25 2:00,15.16,231,SW,17.88,0,0
7/1/25 3:00,15.36,226,SW,17.69,0,0
7/1/25 4:00,14.38,234,SW,19.05,0,0
7/1/25 5:00,9.72,239,WSW,12.64,0,0
7/1/25 6:00,11.66,238,WSW,15.75,0,0
7/1/25 7:00,14.97,232,SW,20.41,0,0
7/1/25 8:00,11.08,231,SW,13.8,0,0
7/1/25 9:00,7.19,281,W,9.33,0,0
7/1/25 10:00,6.03,281,W,8.16,0,0
7/1/25 11:00,7.58,289,WNW,10.89,0,0
7/1/25 12:00,7.78,248,WSW,11.86,0,0
7/1/25 13:00,10.3,257,WSW,13.61,0,0
7/1/25 14:00,9.52,244,WSW,14.19,0,0
7/1/25 15:00,10.89,251,WSW,13.41,0,0
7/1/25 16:00,11.27,250,WSW,14.58,0,0
7/1/25 17:00,14.77,240,WSW,17.69,0,0
7/1/25 18:00,13.22,231,SW,15.36,0,0
7/1/25 19:00,7.39,256,WSW,9.14,0,0
7/1/25 20:00,12.05,234,SW,14.38,0,0
7/1/25 21:00,8.94,246,WSW,11.66,0,0
7/1/25 22:00,13.22,251,WSW,18.08,0,0
7/1/25 23:00,10.69,235,SW,12.64,0,0
7/2/25 0:00,13.02,240,WSW,17.88,0,0
7/2/25 1:00,15.55,227,SW,18.86,0,0
7/2/25 2:00,11.86,231,SW,16.33,0,0
7/2/25 3:00,9.14,240,WSW,12.05,0,0
7/2/25 4:00,10.69,242,WSW,14.38,0,0
7/2/25 5:00,14.97,238,WSW,19.05,0,0
7/2/25 6:00,9.33,244,WSW,13.22,0,0
7/2/25 7:00,9.14,246,WSW,13.02,0,0
7/2/25 8:00,11.47,248,WSW,15.36,0,0
7/2/25 9:00,10.11,252,WSW,15.16,0,0
7/2/25 10:00,9.72,271,W,12.25,0,0
7/2/25 11:00,12.25,247,WSW,16.91,0,0
7/2/25 12:00,11.66,247,WSW,17.69,0,0
7/2/25 13:00,14.38,241,WSW,17.49,0,0
7/2/25 14:00,14.77,232,SW,17.49,0,0
7/2/25 15:00,14.77,233,SW,17.88,0,0
7/2/25 16:00,15.36,238,WSW,18.66,0,0
7/2/25 17:00,14.58,237,WSW,16.72,0,0
7/2/25 18:00,15.36,223,SW,18.66,0,0
7/2/25 19:00,14.58,230,SW,17.11,0,0
7/2/25 20:00,14.19,224,SW,17.3,0,0
7/2/25 21:00,11.08,230,SW,15.16,0,0
7/2/25 22:00,10.5,241,WSW,13.41,0,0
7/2/25 23:00,12.64,232,SW,16.13,0,0
7/3/25 0:00,14.77,224,SW,17.69,0,0
7/3/25 1:00,12.64,220,SW,16.91,0,0
7/3/25 2:00,9.91,224,SW,13.41,0,0
7/3/25 3:00,7.97,214,SW,11.47,0,0
7/3/25 4:00,9.72,221,SW,12.44,0,0
7/3/25 5:00,7.97,234,SW,11.08,0,0
7/3/25 6:00,10.5,229,SW,12.44,0,0
7/3/25 7:00,13.02,232,SW,16.72,0,0
7/3/25 8:00,15.16,225,SW,21.38,0,0
7/3/25 9:00,12.44,217,SW,16.13,0,0
7/3/25 10:00,12.44,229,SW,14.97,0,0
7/3/25 11:00,13.41,224,SW,19.05,0,0
7/3/25 12:00,14,227,SW,18.47,0,0
7/3/25 13:00,16.33,213,SSW,20.02,0,0
7/3/25 14:00,14.97,216,SW,21.58,0,0
7/3/25 15:00,14.58,211,SSW,17.88,0,0
7/3/25 16:00,14,232,SW,15.94,0,0
7/3/25 17:00,13.22,232,SW,15.75,0,0
7/3/25 18:00,13.41,215,SW,15.55,0,0
7/3/25 19:00,15.75,214,SW,18.47,0,0
7/3/25 20:00,12.64,217,SW,18.66,0,0
7/3/25 21:00,13.22,210,SSW,16.91,0,0
7/3/25 22:00,11.08,227,SW,12.83,0,0
7/3/25 23:00,10.5,226,SW,12.05,0,0
7/4/25 0:00,10.89,220,SW,12.83,0,0
7/4/25 1:00,9.14,232,SW,11.66,0,0
7/4/25 2:00,10.69,232,SW,14,0,0
7/4/25 3:00,10.5,236,SW,12.64,0,0
7/4/25 4:00,10.11,236,SW,14.58,0,0
7/4/25 5:00,7.19,214,SW,10.69,0,0
7/4/25 6:00,8.94,220,SW,11.66,0,0
7/4/25 7:00,8.75,224,SW,11.08,0,0
7/4/25 8:00,11.47,233,SW,15.36,0,0
7/4/25 9:00,6.61,256,WSW,13.02,0,0
7/4/25 10:00,10.3,234,SW,13.61,0,0
7/4/25 11:00,10.69,231,SW,14,0,0
7/4/25 12:00,11.66,222,SW,14.38,0,0
7/4/25 13:00,12.64,233,SW,14.77,0,0
7/4/25 14:00,12.05,220,SW,14.58,0,0
7/4/25 15:00,13.61,215,SW,16.13,0,0
7/4/25 16:00,10.69,222,SW,14.58,0,0
7/4/25 17:00,9.52,245,WSW,14.77,0,0
7/4/25 18:00,11.27,282,WNW,14.38,0,0
7/4/25 19:00,13.02,287,WNW,17.49,0,0
7/4/25 20:00,13.61,268,W,17.69,0,0
7/4/25 21:00,10.11,250,WSW,13.22,0,0
7/4/25 22:00,9.52,255,WSW,13.22,0,0
7/4/25 23:00,11.86,229,SW,15.16,0,0
7/5/25 0:00,11.27,237,WSW,13.61,0,0
7/5/25 1:00,7.39,227,SW,9.52,0,0
7/5/25 2:00,11.27,240,WSW,13.61,0,0
7/5/25 3:00,8.75,240,WSW,12.83,0,0
7/5/25 4:00,8.55,229,SW,10.5,0,0
7/5/25 5:00,6.61,227,SW,9.91,0,0
7/5/25 6:00,2.72,214,SW,3.89,0,0
7/5/25 7:00,4.47,235,SW,5.83,0,0
7/5/25 8:00,6.03,230,SW,7.78,0,0
7/5/25 9:00,6.03,256,WSW,7.97,0,0
7/5/25 10:00,7.39,251,WSW,10.5,0,0
7/5/25 11:00,8.36,247,WSW,12.05,0,0
7/5/25 12:00,7.19,248,WSW,9.33,0,0
7/5/25 13:00,7.78,256,WSW,9.91,0,0
7/5/25 14:00,10.3,241,WSW,14,0,0
7/5/25 15:00,13.22,235,SW,15.36,0,0
7/5/25 16:00,12.44,229,SW,15.36,0,0
7/5/25 17:00,12.44,232,SW,15.16,0,0
7/5/25 18:00,11.47,224,SW,14.38,0,0
7/5/25 19:00,10.5,222,SW,12.25,0,0
7/5/25 20:00,12.25,219,SW,14.19,0,0
7/5/25 21:00,9.91,230,SW,12.05,0,0
7/5/25 22:00,8.94,239,WSW,10.5,0,0
7/5/25 23:00,8.16,244,WSW,11.08,0,0
7/6/25 0:00,6.8,245,WSW,10.11,0,0
7/6/25 1:00,6.8,241,WSW,8.94,0,0
7/6/25 2:00,6.61,239,WSW,9.14,0,0
7/6/25 3:00,6.8,231,SW,8.55,0,0
7/6/25 4:00,7.39,238,WSW,9.91,0,0
7/6/25 5:00,7.19,226,SW,11.08,0,0
7/6/25 6:00,8.36,237,WSW,11.86,0,0
7/6/25 7:00,5.83,241,WSW,9.14,0,0
7/6/25 8:00,7,251,WSW,10.69,0,0
7/6/25 9:00,8.94,256,WSW,10.89,0,0
7/6/25 10:00,11.08,256,WSW,14.38,0,0
7/6/25 11:00,12.83,254,WSW,14.77,0,0
7/6/25 12:00,11.66,256,WSW,14.38,0,0
7/6/25 13:00,9.52,251,WSW,13.02,0,0
7/6/25 14:00,8.94,249,WSW,12.44,0,0
7/6/25 15:00,9.52,245,WSW,12.44,0,0
7/6/25 16:00,12.25,238,WSW,14.77,0,0
7/6/25 17:00,13.22,236,SW,15.16,0,0
7/6/25 18:00,10.11,251,WSW,12.64,0,0
7/6/25 19:00,8.94,251,WSW,11.47,0,0
7/6/25 20:00,8.36,251,WSW,10.69,0,0
7/6/25 21:00,7.39,250,WSW,10.69,0,0
7/6/25 22:00,8.75,241,WSW,11.27,0,0
7/6/25 23:00,8.94,244,WSW,12.25,0,0
7/7/25 0:00,10.89,242,WSW,14.19,0,0
7/7/25 1:00,14.38,226,SW,18.27,0,0
7/7/25 2:00,13.8,236,SW,17.69,0,0
7/7/25 3:00,10.11,241,WSW,17.11,0,0
7/7/25 4:00,13.22,222,SW,18.66,0,0
7/7/25 5:00,11.66,251,WSW,16.72,0,0
7/7/25 6:00,9.91,234,SW,15.94,0,0
7/7/25 7:00,12.05,258,WSW,18.08,0,0
7/7/25 8:00,8.16,260,W,12.25,0,0
7/7/25 9:00,9.33,260,W,12.83,0,0
7/7/25 10:00,11.66,226,SW,15.94,0,0
7/7/25 11:00,13.61,236,SW,16.52,0,0
7/7/25 12:00,10.3,249,WSW,13.41,0,0
7/7/25 13:00,12.44,226,SW,15.75,0,0
7/7/25 14:00,15.94,232,SW,18.86,0,0
7/7/25 15:00,17.88,226,SW,20.41,0,0
7/7/25 16:00,16.72,225,SW,21.38,0,0
7/7/25 17:00,17.49,230,SW,20.6,0,0
7/7/25 18:00,18.47,230,SW,22.16,0,0
7/7/25 19:00,20.6,232,SW,24.69,0,0
7/7/25 20:00,15.75,221,SW,19.05,0,0
7/7/25 21:00,17.69,226,SW,20.22,0,0
7/7/25 22:00,14.97,238,WSW,19.05,0,0
7/7/25 23:00,14.58,243,WSW,18.27,0,0
7/8/25 0:00,11.86,242,WSW,16.33,0,0
7/8/25 1:00,12.64,255,WSW,17.69,0,0
7/8/25 2:00,12.64,244,WSW,17.49,0,0
7/8/25 3:00,10.89,256,WSW,14.58,0,0
7/8/25 4:00,9.91,261,W,13.61,0,0
7/8/25 5:00,11.08,266,W,15.94,0,0
7/8/25 6:00,10.11,265,W,14.19,0,0
7/8/25 7:00,9.33,287,WNW,14.19,0,0
7/8/25 8:00,9.72,271,W,14.97,0,0
7/8/25 9:00,7.97,262,W,12.44,0,0
7/8/25 10:00,8.55,271,W,15.36,0,0
7/8/25 11:00,8.16,258,WSW,12.83,0,0
7/8/25 12:00,8.36,240,WSW,10.5,0,0
7/8/25 13:00,9.72,243,WSW,12.64,0,0
7/8/25 14:00,9.91,241,WSW,14.19,0,0
7/8/25 15:00,13.41,230,SW,16.13,0,0
7/8/25 16:00,14.77,227,SW,18.27,0,0
7/8/25 17:00,15.75,222,SW,19.83,0,0
7/8/25 18:00,14.77,216,SW,18.66,0,0
7/8/25 19:00,12.05,224,SW,16.33,0,0
7/8/25 20:00,12.64,222,SW,15.36,0,0
7/8/25 21:00,11.86,231,SW,15.75,0,0
7/8/25 22:00,11.08,225,SW,14.38,0,0
7/8/25 23:00,9.91,239,WSW,13.41,0,0
7/9/25 0:00,8.16,270,W,12.44,0,0
7/9/25 1:00,9.52,270,W,12.64,0,0
7/9/25 2:00,8.36,262,W,11.66,0,0
7/9/25 3:00,6.8,244,WSW,11.47,0,0
7/9/25 4:00,11.66,234,SW,13.8,0,0
7/9/25 5:00,11.08,227,SW,14.38,0,0
7/9/25 6:00,7.39,273,W,10.89,0,0
7/9/25 7:00,7.97,281,W,12.05,0,0
7/9/25 8:00,6.8,292,WNW,12.25,0,0
7/9/25 9:00,9.52,303,WNW,11.66,0,0
7/9/25 10:00,7.39,292,WNW,10.89,0,0
7/9/25 11:00,5.05,284,WNW,7.97,0,0
7/9/25 12:00,6.61,249,WSW,8.16,0,0
7/9/25 13:00,6.61,241,WSW,8.55,0,0
7/9/25 14:00,7,244,WSW,9.72,0,0
7/9/25 15:00,8.16,243,WSW,11.08,0,0
7/9/25 16:00,6.41,247,WSW,11.86,0,0
7/9/25 17:00,7,241,WSW,10.5,0,0
7/9/25 18:00,7.39,244,WSW,9.91,0,0
7/9/25 19:00,7.78,238,WSW,10.69,0,0
7/9/25 20:00,7,245,WSW,9.33,0,0
7/9/25 21:00,7.39,250,WSW,10.69,0,0
7/9/25 22:00,7.19,251,WSW,11.86,0,0
7/9/25 23:00,7.19,256,WSW,9.72,0,0
7/10/25 0:00,7.78,262,W,11.08,0,0
7/10/25 1:00,8.36,272,W,10.5,0,0
7/10/25 2:00,9.33,258,WSW,11.86,0,0
7/10/25 3:00,5.83,269,W,8.16,0,0
7/10/25 4:00,5.83,266,W,7.97,0,0
7/10/25 5:00,5.25,260,W,7.78,0,0
7/10/25 6:00,4.28,256,WSW,5.83,0,0
7/10/25 7:00,2.92,263,W,4.28,0,0
7/10/25 8:00,4.67,248,WSW,6.61,0,0
7/10/25 9:00,4.67,276,W,7,0,0
7/10/25 10:00,5.25,285,WNW,7.19,0,0
7/10/25 11:00,5.64,284,WNW,7.78,0,0
7/10/25 12:00,4.47,275,W,7.19,0,0
7/10/25 13:00,4.67,286,WNW,6.8,0,0
7/10/25 14:00,8.36,266,W,10.11,0,0
7/10/25 15:00,6.03,302,WNW,7.78,0,0
7/10/25 16:00,10.5,242,WSW,14.38,0,0
7/10/25 17:00,8.94,245,WSW,11.66,0,0
7/10/25 18:00,8.16,245,WSW,10.5,0,0
7/10/25 19:00,8.36,259,W,10.3,0,0
7/10/25 20:00,7.97,255,WSW,9.72,0,0
7/10/25 21:00,4.67,263,W,6.8,0,0
7/10/25 22:00,6.03,254,WSW,7.78,0,0
7/10/25 23:00,10.69,254,WSW,13.22,0,0
7/11/25 0:00,10.3,256,WSW,12.25,0,0
7/11/25 1:00,9.72,255,WSW,11.66,0,0
7/11/25 2:00,9.14,249,WSW,12.83,0,0
7/11/25 3:00,11.08,251,WSW,15.36,0,0
7/11/25 4:00,12.44,254,WSW,14.77,0,0
7/11/25 5:00,11.47,254,WSW,15.16,0,0
7/11/25 6:00,8.94,247,WSW,13.22,0,0
7/11/25 7:00,7.78,254,WSW,10.3,0,0
7/11/25 8:00,7.39,249,WSW,10.5,0,0
7/11/25 9:00,8.94,256,WSW,11.66,0,0
7/11/25 10:00,5.44,259,W,8.55,0,0
7/11/25 11:00,5.05,263,W,8.36,0,0
7/11/25 12:00,7.19,260,W,10.5,0,0
7/11/25 13:00,8.16,257,WSW,11.27,0,0
7/11/25 14:00,11.86,257,WSW,14.77,0,0
7/11/25 15:00,13.61,254,WSW,15.94,0,0
7/11/25 16:00,13.41,236,SW,16.33,0,0
7/11/25 17:00,15.55,235,SW,18.66,0,0
7/11/25 18:00,15.94,233,SW,19.63,0,0
7/11/25 19:00,13.61,237,WSW,16.33,0,0
7/11/25 20:00,14.38,237,WSW,17.3,0,0
7/11/25 21:00,12.83,242,WSW,15.55,0,0
7/11/25 22:00,12.64,243,WSW,16.91,0,0
7/11/25 23:00,14.77,234,SW,16.72,0,0
7/12/25 0:00,13.61,230,SW,17.69,0,0
7/12/25 1:00,16.52,236,SW,19.05,0,0
7/12/25 2:00,15.55,234,SW,18.47,0,0
7/12/25 3:00,14.19,230,SW,18.66,0,0
7/12/25 4:00,13.41,239,WSW,18.66,0,0
7/12/25 5:00,12.83,235,SW,16.91,0,0
7/12/25 6:00,12.25,238,WSW,16.52,0,0
7/12/25 7:00,11.27,231,SW,14.19,0,0
7/12/25 8:00,13.02,222,SW,17.3,0,0
7/12/25 9:00,12.05,239,WSW,16.52,0,0
7/12/25 10:00,13.41,233,SW,16.52,0,0
7/12/25 11:00,14.77,234,SW,19.24,0,0
7/12/25 12:00,14.77,233,SW,18.08,0,0
7/12/25 13:00,13.8,236,SW,15.75,0,0
7/12/25 14:00,15.36,231,SW,17.88,0,0
7/12/25 15:00,17.11,227,SW,20.6,0,0
7/12/25 16:00,17.3,225,SW,20.22,0,0
7/12/25 17:00,18.47,224,SW,21.97,0,0
7/12/25 18:00,15.55,227,SW,19.24,0,0
7/12/25 19:00,13.22,220,SW,18.47,0,0
7/12/25 20:00,15.94,218,SW,19.05,0,0
7/12/25 21:00,12.05,224,SW,15.75,0,0
7/12/25 22:00,12.25,226,SW,15.55,0,0
7/12/25 23:00,12.05,234,SW,16.13,0,0
7/13/25 0:00,10.89,235,SW,15.16,0,0
7/13/25 1:00,11.27,250,WSW,15.94,0,0
7/13/25 2:00,12.05,256,WSW,14.97,0,0
7/13/25 3:00,10.5,237,WSW,13.8,0,0
7/13/25 4:00,11.86,232,SW,13.8,0,0
7/13/25 5:00,8.16,253,WSW,11.66,0,0
7/13/25 6:00,10.69,233,SW,13.41,0,0
7/13/25 7:00,12.44,229,SW,14.58,0,0
7/13/25 8:00,10.69,233,SW,14.38,0,0
7/13/25 9:00,8.16,258,WSW,10.89,0,0
7/13/25 10:00,8.36,258,WSW,11.47,0,0
7/13/25 11:00,9.52,239,WSW,12.83,0,0
7/13/25 12:00,8.94,244,WSW,13.02,0,0
7/13/25 13:00,12.64,233,SW,15.36,0,0
7/13/25 14:00,13.22,237,WSW,15.94,0,0
7/13/25 15:00,13.61,234,SW,16.52,0,0
7/13/25 16:00,14.38,231,SW,17.88,0,0
7/13/25 17:00,14.58,229,SW,17.3,0,0
7/13/25 18:00,13.8,226,SW,16.72,0,0
7/13/25 19:00,12.44,235,SW,14.38,0,0
7/13/25 20:00,11.66,232,SW,14.97,0,0
7/13/25 21:00,10.89,226,SW,13.8,0,0
7/13/25 22:00,9.72,226,SW,12.25,0,0
7/13/25 23:00,11.08,224,SW,13.61,0,0
7/14/25 0:00,10.89,235,SW,14.77,0,0
7/14/25 1:00,13.22,237,WSW,17.11,0,0
7/14/25 2:00,12.83,238,WSW,15.36,0,0
7/14/25 3:00,9.52,241,WSW,13.41,0,0
7/14/25 4:00,10.11,232,SW,12.05,0,0
7/14/25 5:00,9.14,224,SW,10.89,0,0
7/14/25 6:00,9.52,231,SW,11.86,0,0
7/14/25 7:00,8.16,267,W,10.69,0,0
7/14/25 8:00,7.39,252,WSW,10.11,0,0
7/14/25 9:00,5.83,260,W,8.36,0,0
7/14/25 10:00,6.8,291,WNW,8.75,0,0
7/14/25 11:00,6.22,297,WNW,8.94,0,0
7/14/25 12:00,6.41,279,W,9.72,0,0
7/14/25 13:00,8.36,249,WSW,12.05,0,0
7/14/25 14:00,16.13,237,WSW,18.66,0,0
7/14/25 15:00,13.61,228,SW,16.33,0,0
7/14/25 16:00,15.75,228,SW,18.47,0,0
7/14/25 17:00,14.58,229,SW,16.52,0,0
7/14/25 18:00,14.58,232,SW,17.69,0,0
7/14/25 19:00,14.97,225,SW,18.08,0,0
7/14/25 20:00,14.19,220,SW,16.13,0,0
7/14/25 21:00,10.11,229,SW,13.61,0,0
7/14/25 22:00,9.14,227,SW,11.47,0,0
7/14/25 23:00,14.97,235,SW,18.47,0,0
7/15/25 0:00,17.49,231,SW,21.97,0,0
7/15/25 1:00,14.19,231,SW,20.41,0,0
7/15/25 2:00,11.08,249,WSW,16.72,0,0
7/15/25 3:00,11.86,255,WSW,15.94,0,0
7/15/25 4:00,11.86,241,WSW,15.55,0,0
7/15/25 5:00,10.5,248,WSW,13.8,0,0
7/15/25 6:00,11.47,240,WSW,17.11,0,0
7/15/25 7:00,12.25,234,SW,15.94,0,0
7/15/25 8:00,13.02,232,SW,16.72,0,0
7/15/25 9:00,9.91,239,WSW,15.16,0,0
7/15/25 10:00,11.27,240,WSW,14.77,0,0
7/15/25 11:00,10.89,243,WSW,15.16,0,0
7/15/25 12:00,15.16,231,SW,19.05,0,0
7/15/25 13:00,,,,,1,1
7/15/25 14:00,15.36,241,WSW,21.19,0,0
7/15/25 15:00,19.44,234,SW,23.52,0,0
7/15/25 16:00,14.58,244,WSW,20.22,0,0
7/15/25 17:00,15.55,249,WSW,22.16,0,0
7/15/25 18:00,14.38,247,WSW,21.19,0,0
7/15/25 19:00,16.72,238,WSW,20.8,0,0
7/15/25 20:00,14.77,241,WSW,20.6,0,0
7/15/25 21:00,13.41,248,WSW,19.24,0,0
7/15/25 22:00,12.64,239,WSW,16.52,0,0
7/15/25 23:00,14.77,258,WSW,20.22,0,0
7/16/25 0:00,15.36,259,W,19.83,0,0
7/16/25 1:00,10.5,272,W,18.27,0,0
7/16/25 2:00,10.89,247,WSW,14.58,0,0
7/16/25 3:00,11.47,262,W,16.52,0,0
7/16/25 4:00,13.8,261,W,18.47,0,0
7/16/25 5:00,10.89,264,W,16.52,0,0
7/16/25 6:00,11.27,254,WSW,15.16,0,0
7/16/25 7:00,12.64,262,W,17.3,0,0
7/16/25 8:00,8.75,257,WSW,14.58,0,0
7/16/25 9:00,13.22,233,SW,18.08,0,0
7/16/25 10:00,14.77,237,WSW,17.69,0,0
7/16/25 11:00,15.75,230,SW,19.05,0,0
7/16/25 12:00,12.05,234,SW,20.02,0,0
7/16/25 13:00,12.64,232,SW,17.69,0,0
7/16/25 14:00,13.8,237,WSW,16.72,0,0
7/16/25 15:00,13.8,231,SW,16.33,0,0
7/16/25 16:00,13.61,237,WSW,16.72,0,0
7/16/25 17:00,15.94,222,SW,19.24,0,0
7/16/25 18:00,17.3,231,SW,21.77,0,0
7/16/25 19:00,15.16,226,SW,19.44,0,0
7/16/25 20:00,14.58,223,SW,20.41,0,0
7/16/25 21:00,14.38,236,SW,18.47,0,0
7/16/25 22:00,12.25,233,SW,16.72,0,0
7/16/25 23:00,8.16,244,WSW,12.05,0,0
7/17/25 0:00,11.08,240,WSW,14.58,0,0
7/17/25 1:00,10.11,237,WSW,14.97,0,0
7/17/25 2:00,9.14,239,WSW,13.02,0,0
7/17/25 3:00,9.33,234,SW,12.64,0,0
7/17/25 4:00,7.78,258,WSW,11.27,0,0
7/17/25 5:00,8.94,228,SW,11.86,0,0
7/17/25 6:00,7.39,252,WSW,11.08,0,0
7/17/25 7:00,6.03,256,WSW,12.25,0,0
7/17/25 8:00,7.39,261,W,13.22,0,0
7/17/25 9:00,8.55,257,WSW,11.27,0,0
7/17/25 10:00,8.16,273,W,11.47,0,0
7/17/25 11:00,7,267,W,11.08,0,0
7/17/25 12:00,7.39,251,WSW,10.69,0,0
7/17/25 13:00,5.44,261,W,9.14,0,0
7/17/25 14:00,9.52,250,WSW,12.44,0,0
7/17/25 15:00,14.38,229,SW,17.11,0,0
7/17/25 16:00,14.19,225,SW,17.3,0,0
7/17/25 17:00,17.11,213,SSW,20.41,0,0
7/17/25 18:00,15.36,220,SW,19.05,0,0
7/17/25 19:00,15.75,231,SW,18.47,0,0
7/17/25 20:00,13.41,214,SW,15.94,0,0
7/17/25 21:00,12.25,240,WSW,15.16,0,0
7/17/25 22:00,11.47,233,SW,13.8,0,0
7/17/25 23:00,11.27,229,SW,13.8,0,0
7/18/25 0:00,8.16,260,W,12.05,0,0
7/18/25 1:00,7.58,252,WSW,13.22,0,0
7/18/25 2:00,10.89,240,WSW,13.8,0,0
7/18/25 3:00,7.97,259,W,12.05,0,0
7/18/25 4:00,6.61,274,W,9.14,0,0
7/18/25 5:00,7.58,287,WNW,9.91,0,0
7/18/25 6:00,10.3,304,NW,12.83,0,0
7/18/25 7:00,9.91,334,NNW,11.66,0,0
7/18/25 8:00,10.89,313,NW,12.25,0,0
7/18/25 9:00,9.33,312,NW,11.86,0,0
7/18/25 10:00,6.8,272,W,9.52,0,0
7/18/25 11:00,6.8,261,W,9.52,0,0
7/18/25 12:00,8.94,241,WSW,12.05,0,0
7/18/25 13:00,9.14,239,WSW,13.02,0,0
7/18/25 14:00,13.8,231,SW,16.13,0,0
7/18/25 15:00,12.83,228,SW,14.97,0,0
7/18/25 16:00,11.86,232,SW,14.38,0,0
7/18/25 17:00,12.44,228,SW,15.36,0,0
7/18/25 18:00,10.11,228,SW,12.83,0,0
7/18/25 19:00,8.36,247,WSW,12.44,0,0
7/18/25 20:00,8.94,266,W,10.89,0,0
7/18/25 21:00,12.44,297,WNW,16.91,0,0
7/18/25 22:00,9.72,294,WNW,13.02,0,0
7/18/25 23:00,10.89,299,WNW,13.8,0,0
7/19/25 0:00,8.75,276,W,11.47,0,0
7/19/25 1:00,12.64,218,SW,15.94,0,0
7/19/25 2:00,14.58,216,SW,18.08,0,0
7/19/25 3:00,9.33,239,WSW,14,0,0
7/19/25 4:00,8.16,278,W,11.66,0,0
7/19/25 5:00,9.52,238,WSW,12.64,0,0
7/19/25 6:00,7.39,255,WSW,10.3,0,0
7/19/25 7:00,8.75,237,WSW,12.44,0,0
7/19/25 8:00,7.78,275,W,10.11,0,0
7/19/25 9:00,7.58,261,W,10.3,0,0
7/19/25 10:00,7.78,240,WSW,12.05,0,0
7/19/25 11:00,6.61,248,WSW,9.52,0,0
7/19/25 12:00,7.58,271,W,10.69,0,0
7/19/25 13:00,10.3,231,SW,14.38,0,0
7/19/25 14:00,11.08,233,SW,13.61,0,0
7/19/25 15:00,11.47,233,SW,14,0,0
7/19/25 16:00,12.44,235,SW,14.58,0,0
7/19/25 17:00,15.55,232,SW,17.69,0,0
7/19/25 18:00,14,234,SW,16.52,0,0
7/19/25 19:00,11.86,227,SW,14,0,0
7/19/25 20:00,11.47,232,SW,14.77,0,0
7/19/25 21:00,13.22,226,SW,16.52,0,0
7/19/25 22:00,17.88,226,SW,21.19,0,0
7/19/25 23:00,17.49,233,SW,23.13,0,0
7/20/25 0:00,18.08,231,SW,22.16,0,0
7/20/25 1:00,15.94,230,SW,19.44,0,0
7/20/25 2:00,13.41,236,SW,19.83,0,0
7/20/25 3:00,13.8,230,SW,17.11,0,0
7/20/25 4:00,12.25,236,SW,14.97,0,0
7/20/25 5:00,10.11,244,WSW,15.55,0,0
7/20/25 6:00,14.58,236,SW,17.69,0,0
7/20/25 7:00,15.16,236,SW,19.83,0,0
7/20/25 8:00,15.16,227,SW,19.05,0,0
7/20/25 9:00,12.25,240,WSW,18.27,0,0
7/20/25 10:00,12.25,240,WSW,15.55,0,0
7/20/25 11:00,13.22,240,WSW,17.88,0,0
7/20/25 12:00,14.58,237,WSW,17.49,0,0
7/20/25 13:00,14,232,SW,19.83,0,0
7/20/25 14:00,17.11,222,SW,21.19,0,0
7/20/25 15:00,16.72,219,SW,20.02,0,0
7/20/25 16:00,14.58,216,SW,20.22,0,0
7/20/25 17:00,19.05,215,SW,24.3,0,0
7/20/25 18:00,19.24,217,SW,23.52,0,0
7/20/25 19:00,16.52,211,SSW,21.58,0,0
7/20/25 20:00,15.55,219,SW,19.05,0,0
7/20/25 21:00,16.52,228,SW,20.8,0,0
7/20/25 22:00,15.75,230,SW,19.63,0,0
7/20/25 23:00,15.36,227,SW,20.02,0,0
7/21/25 0:00,16.33,230,SW,19.63,0,0
7/21/25 1:00,15.16,228,SW,20.22,0,0
7/21/25 2:00,17.69,233,SW,22.16,0,0
7/21/25 3:00,19.05,227,SW,23.91,0,0
7/21/25 4:00,16.13,224,SW,20.99,0,0
7/21/25 5:00,15.75,222,SW,21.77,0,0
7/21/25 6:00,13.8,225,SW,18.47,0,0
7/21/25 7:00,14.58,231,SW,17.11,0,0
7/21/25 8:00,9.14,267,W,13.02,0,0
7/21/25 9:00,9.14,245,WSW,14.77,0,0
7/21/25 10:00,9.52,258,WSW,16.13,0,0
7/21/25 11:00,14.77,217,SW,17.3,0,0
7/21/25 12:00,17.3,213,SSW,20.6,0,0
7/21/25 13:00,17.69,219,SW,20.41,0,0
7/21/25 14:00,15.36,217,SW,18.86,0,0
7/21/25 15:00,13.02,219,SW,16.91,0,0
7/21/25 16:00,13.8,234,SW,16.33,0,0
7/21/25 17:00,11.27,243,WSW,15.55,0,0
7/21/25 18:00,12.83,243,WSW,16.52,0,0
7/21/25 19:00,12.44,231,SW,16.13,0,0
7/21/25 20:00,13.22,231,SW,16.72,0,0
7/21/25 21:00,12.25,236,SW,14.58,0,0
7/21/25 22:00,9.52,217,SW,11.66,0,0
7/21/25 23:00,7,209,SSW,13.41,0,0
7/22/25 0:00,11.27,224,SW,14.38,0,0
7/22/25 1:00,12.25,228,SW,15.94,0,0
7/22/25 2:00,10.3,273,W,14.19,0,0
7/22/25 3:00,8.94,255,WSW,12.05,0,0
7/22/25 4:00,8.75,255,WSW,13.02,0,0
7/22/25 5:00,10.3,270,W,13.02,0,0
7/22/25 6:00,11.08,299,WNW,16.33,0,0
7/22/25 7:00,7.78,291,WNW,13.41,0,0
7/22/25 8:00,8.16,297,WNW,12.64,0,0
7/22/25 9:00,7.39,292,WNW,9.91,0,0
7/22/25 10:00,9.52,302,WNW,11.66,0,0
7/22/25 11:00,7.58,299,WNW,9.33,0,0
7/22/25 12:00,6.41,269,W,10.11,0,0
7/22/25 13:00,7.19,245,WSW,10.89,0,0
7/22/25 14:00,11.08,223,SW,14,0,0
7/22/25 15:00,14.58,230,SW,17.3,0,0
7/22/25 16:00,17.3,226,SW,20.41,0,0
7/22/25 17:00,16.13,218,SW,19.44,0,0
7/22/25 18:00,14.38,220,SW,18.66,0,0
7/22/25 19:00,14.38,230,SW,16.33,0,0
7/22/25 20:00,10.5,275,W,14.58,0,0
7/22/25 21:00,8.16,288,WNW,12.64,0,0
7/22/25 22:00,9.14,278,W,12.83,0,0
7/22/25 23:00,8.75,274,W,11.47,0,0
7/23/25 0:00,7.19,283,WNW,11.27,0,0
7/23/25 1:00,6.41,279,W,10.5,0,0
7/23/25 2:00,9.33,220,SW,11.47,0,0
7/23/25 3:00,10.5,238,WSW,13.41,0,0
7/23/25 4:00,7.19,248,WSW,11.27,0,0
7/23/25 5:00,8.36,210,SSW,10.89,0,0
7/23/25 6:00,10.5,218,SW,13.41,0,0
7/23/25 7:00,8.36,227,SW,12.05,0,0
7/23/25 8:00,8.36,223,SW,13.02,0,0
7/23/25 9:00,7.39,248,WSW,10.3,0,0
7/23/25 10:00,6.03,254,WSW,10.5,0,0
7/23/25 11:00,6.03,266,W,10.11,0,0
7/23/25 12:00,6.8,245,WSW,10.5,0,0
7/23/25 13:00,7.97,245,WSW,11.47,0,0
7/23/25 14:00,11.47,232,SW,13.8,0,0
7/23/25 15:00,11.47,223,SW,15.36,0,0
7/23/25 16:00,13.61,224,SW,17.11,0,0
7/23/25 17:00,13.02,217,SW,17.11,0,0
7/23/25 18:00,14.19,224,SW,17.88,0,0
7/23/25 19:00,14,220,SW,17.69,0,0
7/23/25 20:00,15.36,227,SW,19.63,0,0
7/23/25 21:00,12.64,230,SW,16.91,0,0
7/23/25 22:00,12.44,234,SW,15.55,0,0
7/23/25 23:00,11.86,240,WSW,15.94,0,0
7/24/25 0:00,11.08,232,SW,13.22,0,0
7/24/25 1:00,9.72,219,SW,13.41,0,0
7/24/25 2:00,7.97,271,W,12.25,0,0
7/24/25 3:00,10.89,255,WSW,13.8,0,0
7/24/25 4:00,8.94,238,WSW,14,0,0
7/24/25 5:00,10.3,242,WSW,13.22,0,0
7/24/25 6:00,7.39,296,WNW,10.69,0,0
7/24/25 7:00,9.52,312,NW,12.25,0,0
7/24/25 8:00,9.33,314,NW,11.27,0,0
7/24/25 9:00,7.19,291,WNW,9.52,0,0
7/24/25 10:00,9.33,236,SW,11.47,0,0
7/24/25 11:00,10.3,230,SW,13.41,0,0
7/24/25 12:00,9.33,227,SW,14,0,0
7/24/25 13:00,12.25,233,SW,14.77,0,0
7/24/25 14:00,13.8,226,SW,16.13,0,0
7/24/25 15:00,13.41,228,SW,16.72,0,0
7/24/25 16:00,14,233,SW,16.13,0,0
7/24/25 17:00,14.19,226,SW,17.3,0,0
7/24/25 18:00,12.05,222,SW,15.94,0,0
7/24/25 19:00,13.02,219,SW,15.75,0,0
7/24/25 20:00,11.86,228,SW,14.58,0,0
7/24/25 21:00,9.72,223,SW,13.22,0,0
7/24/25 22:00,12.25,237,WSW,14.97,0,0
7/24/25 23:00,14.97,227,SW,17.88,0,0
7/25/25 0:00,11.66,243,WSW,15.94,0,0
7/25/25 1:00,14.38,230,SW,18.08,0,0
7/25/25 2:00,13.02,239,WSW,16.13,0,0
7/25/25 3:00,12.05,231,SW,15.16,0,0
7/25/25 4:00,9.52,248,WSW,16.91,0,0
7/25/25 5:00,11.47,238,WSW,15.75,0,0
7/25/25 6:00,9.91,260,W,12.83,0,0
7/25/25 7:00,8.55,248,WSW,12.44,0,0
7/25/25 8:00,7.39,261,W,11.86,0,0
7/25/25 9:00,9.72,251,WSW,12.83,0,0
7/25/25 10:00,9.91,280,W,13.22,0,0
7/25/25 11:00,6.8,261,W,10.89,0,0
7/25/25 12:00,7,275,W,10.11,0,0
7/25/25 13:00,8.55,241,WSW,11.27,0,0
7/25/25 14:00,12.44,226,SW,15.75,0,0
7/25/25 15:00,12.44,226,SW,14.97,0,0
7/25/25 16:00,14.77,229,SW,18.47,0,0
7/25/25 17:00,14.77,231,SW,18.27,0,0
7/25/25 18:00,12.05,248,WSW,17.88,0,0
7/25/25 19:00,11.08,274,W,15.75,0,0
7/25/25 20:00,12.25,273,W,15.75,0,0
7/25/25 21:00,10.89,279,W,13.61,0,0
7/25/25 22:00,11.86,258,WSW,15.55,0,0
7/25/25 23:00,11.08,255,WSW,15.36,0,0
7/26/25 0:00,10.69,267,W,16.33,0,0
7/26/25 1:00,9.91,248,WSW,13.8,0,0
7/26/25 2:00,10.3,246,WSW,14.19,0,0
7/26/25 3:00,8.36,282,WNW,12.05,0,0
7/26/25 4:00,9.72,259,W,14.38,0,0
7/26/25 5:00,9.72,266,W,14.19,0,0
7/26/25 6:00,10.3,276,W,13.41,0,0
7/26/25 7:00,8.75,286,WNW,13.22,0,0
7/26/25 8:00,10.89,246,WSW,14.97,0,0
7/26/25 9:00,11.27,227,SW,14.97,0,0
7/26/25 10:00,11.66,234,SW,14.19,0,0
7/26/25 11:00,5.83,255,WSW,9.52,0,0
7/26/25 12:00,7.78,248,WSW,11.08,0,0
7/26/25 13:00,7.19,244,WSW,11.27,0,0
7/26/25 14:00,6.61,271,W,9.72,0,0
7/26/25 15:00,11.66,235,SW,14.58,0,0
7/26/25 16:00,13.41,221,SW,17.11,0,0
7/26/25 17:00,13.8,226,SW,19.24,0,0
7/26/25 18:00,13.8,231,SW,16.72,0,0
7/26/25 19:00,11.47,253,WSW,15.16,0,0
7/26/25 20:00,11.27,275,W,15.36,0,0
7/26/25 21:00,9.91,271,W,14.19,0,0
7/26/25 22:00,9.91,258,WSW,14,0,0
7/26/25 23:00,10.11,275,W,14,0,0
7/27/25 0:00,9.52,266,W,13.22,0,0
7/27/25 1:00,8.94,276,W,14.38,0,0
7/27/25 2:00,10.89,237,WSW,13.61,0,0
7/27/25 3:00,10.89,276,W,14.38,0,0
7/27/25 4:00,9.33,273,W,12.44,0,0
7/27/25 5:00,7.97,245,WSW,11.66,0,0
7/27/25 6:00,7.97,235,SW,11.47,0,0
7/27/25 7:00,9.33,232,SW,12.64,0,0
7/27/25 8:00,7.58,270,W,11.08,0,0
7/27/25 9:00,9.52,226,SW,12.05,0,0
7/27/25 10:00,7.78,232,SW,10.3,0,0
7/27/25 11:00,7.19,241,WSW,10.5,0,0
7/27/25 12:00,5.64,244,WSW,9.52,0,0
7/27/25 13:00,9.14,232,SW,13.61,0,0
7/27/25 14:00,11.86,222,SW,16.52,0,0
7/27/25 15:00,11.86,221,SW,15.94,0,0
7/27/25 16:00,13.22,219,SW,15.55,0,0
7/27/25 17:00,13.41,225,SW,15.75,0,0
7/27/25 18:00,13.61,226,SW,16.72,0,0
7/27/25 19:00,15.36,225,SW,17.3,0,0
7/27/25 20:00,10.69,227,SW,14.77,0,0
7/27/25 21:00,12.25,226,SW,14.77,0,0
7/27/25 22:00,11.47,222,SW,15.16,0,0
7/27/25 23:00,14.58,223,SW,18.27,0,0
7/28/25 0:00,11.27,235,SW,14.77,0,0
7/28/25 1:00,12.05,227,SW,14.38,0,0
7/28/25 2:00,10.89,230,SW,13.61,0,0
7/28/25 3:00,11.27,233,SW,13.22,0,0
7/28/25 4:00,11.27,237,WSW,13.22,0,0
7/28/25 5:00,8.16,238,WSW,11.27,0,0
7/28/25 6:00,12.64,236,SW,15.16,0,0
7/28/25 7:00,11.66,237,WSW,14.58,0,0
7/28/25 8:00,8.55,252,WSW,11.27,0,0
7/28/25 9:00,10.69,253,WSW,14.19,0,0
7/28/25 10:00,9.14,259,W,14.19,0,0
7/28/25 11:00,8.16,247,WSW,11.86,0,0
7/28/25 12:00,8.16,247,WSW,11.86,0,0
7/28/25 13:00,9.52,242,WSW,13.41,0,0
7/28/25 14:00,11.08,240,WSW,13.22,0,0
7/28/25 15:00,11.66,234,SW,13.8,0,0
7/28/25 16:00,13.8,228,SW,15.94,0,0
7/28/25 17:00,11.47,225,SW,14,0,0
7/28/25 18:00,10.11,231,SW,13.41,0,0
7/28/25 19:00,14,225,SW,17.49,0,0
7/28/25 20:00,12.64,222,SW,15.55,0,0
7/28/25 21:00,11.47,221,SW,14.19,0,0
7/28/25 22:00,11.86,235,SW,13.8,0,0
7/28/25 23:00,7.58,229,SW,11.27,0,0
7/29/25 0:00,9.33,236,SW,11.47,0,0
7/29/25 1:00,11.47,234,SW,13.41,0,0
7/29/25 2:00,10.69,238,WSW,12.83,0,0
7/29/25 3:00,10.3,240,WSW,13.41,0,0
7/29/25 4:00,11.66,235,SW,13.61,0,0
7/29/25 5:00,11.86,235,SW,14.77,0,0
7/29/25 6:00,10.3,238,WSW,12.25,0,0
7/29/25 7:00,8.75,238,WSW,11.86,0,0
7/29/25 8:00,7.19,249,WSW,10.5,0,0
7/29/25 9:00,8.75,247,WSW,13.02,0,0
7/29/25 10:00,8.94,245,WSW,12.83,0,0
7/29/25 11:00,10.3,248,WSW,15.16,0,0
7/29/25 12:00,9.33,248,WSW,16.33,0,0
7/29/25 13:00,8.16,245,WSW,13.22,0,0
7/29/25 14:00,14.58,235,SW,16.52,0,0
7/29/25 15:00,12.64,225,SW,14.97,0,0
7/29/25 16:00,11.86,227,SW,15.55,0,0
7/29/25 17:00,11.47,235,SW,13.02,0,0
7/29/25 18:00,10.5,231,SW,13.41,0,0
7/29/25 19:00,11.47,236,SW,14.58,0,0
7/29/25 20:00,10.5,229,SW,13.22,0,0
7/29/25 21:00,11.66,238,WSW,14.38,0,0
7/29/25 22:00,10.11,241,WSW,13.41,0,0
7/29/25 23:00,14,240,WSW,17.3,0,0
7/30/25 0:00,12.44,236,SW,15.16,0,0
7/30/25 1:00,9.14,230,SW,13.41,0,0
7/30/25 2:00,12.44,235,SW,15.55,0,0
7/30/25 3:00,12.25,237,WSW,15.55,0,0
7/30/25 4:00,12.25,225,SW,16.52,0,0
7/30/25 5:00,8.36,222,SW,11.86,0,0
7/30/25 6:00,11.86,228,SW,14,0,0
7/30/25 7:00,10.11,230,SW,12.64,0,0
7/30/25 8:00,10.11,238,WSW,13.22,0,0
7/30/25 9:00,14.97,227,SW,18.47,0,0
7/30/25 10:00,13.61,234,SW,16.33,0,0
7/30/25 11:00,11.27,234,SW,16.52,0,0
7/30/25 12:00,9.33,245,WSW,14.58,0,0
7/30/25 13:00,15.16,235,SW,17.69,0,0
7/30/25 14:00,13.02,228,SW,18.08,0,0
7/30/25 15:00,15.36,222,SW,18.66,0,0
7/30/25 16:00,15.55,226,SW,19.05,0,0
7/30/25 17:00,17.3,211,SSW,20.22,0,0
7/30/25 18:00,19.05,217,SW,21.77,0,0
7/30/25 19:00,17.3,219,SW,20.99,0,0
7/30/25 20:00,15.16,210,SSW,18.47,0,0
7/30/25 21:00,14.38,209,SSW,18.27,0,0
7/30/25 22:00,9.33,225,SW,12.44,0,0
7/30/25 23:00,4.67,222,SW,6.8,0,0
7/31/25 0:00,10.11,216,SW,12.05,0,0
7/31/25 1:00,9.72,218,SW,12.64,0,0
7/31/25 2:00,8.55,223,SW,11.27,0,0
7/31/25 3:00,10.11,231,SW,12.64,0,0
7/31/25 4:00,11.47,227,SW,14.97,0,0
7/31/25 5:00,10.89,232,SW,13.61,0,0
7/31/25 6:00,7.58,224,SW,10.89,0,0
7/31/25 7:00,8.55,250,WSW,10.89,0,0
7/31/25 8:00,8.36,242,WSW,13.41,0,0
7/31/25 9:00,8.36,246,WSW,12.05,0,0
7/31/25 10:00,7.78,286,WNW,12.44,0,0
7/31/25 11:00,9.52,299,WNW,11.86,0,0
7/31/25 12:00,8.36,292,WNW,11.47,0,0
7/31/25 13:00,9.14,269,W,12.64,0,0
7/31/25 14:00,10.3,243,WSW,14.38,0,0
7/31/25 15:00,7.97,247,WSW,11.86,0,0
7/31/25 16:00,14.58,237,WSW,16.91,0,0
7/31/25 17:00,14.38,236,SW,16.33,0,0
7/31/25 18:00,14.38,228,SW,17.88,0,0
7/31/25 19:00,9.72,226,SW,13.8,0,0
7/31/25 20:00,12.05,230,SW,14,0,0
7/31/25 21:00,9.33,238,WSW,11.47,0,0
7/31/25 22:00,9.91,238,WSW,12.05,0,0
7/31/25 23:00,8.94,234,SW,12.44,0,0
8/1/25 0:00,9.33,228,SW,11.86,0,0
8/1/25 1:00,6.8,233,SW,11.08,0,0
8/1/25 2:00,9.52,231,SW,12.25,0,0
8/1/25 3:00,9.33,234,SW,13.41,0,0
8/1/25 4:00,6.41,233,SW,8.94,0,0
8/1/25 5:00,11.66,237,WSW,14.77,0,0
8/1/25 6:00,7,229,SW,8.75,0,0
8/1/25 7:00,7.58,235,SW,9.52,0,0
8/1/25 8:00,6.41,226,SW,8.55,0,0
8/1/25 9:00,8.36,248,WSW,12.05,0,0
8/1/25 10:00,10.89,252,WSW,14.19,0,0
8/1/25 11:00,10.5,244,WSW,14.58,0,0
8/1/25 12:00,9.33,247,WSW,13.22,0,0
8/1/25 13:00,11.27,242,WSW,14.97,0,0
8/1/25 14:00,,,,,1,1
8/1/25 15:00,13.8,237,WSW,16.91,0,0
8/1/25 16:00,15.16,235,SW,17.3,0,0
8/1/25 17:00,16.33,232,SW,18.66,0,0
8/1/25 18:00,15.75,221,SW,18.86,0,0
8/1/25 19:00,13.22,226,SW,15.36,0,0
8/1/25 20:00,12.25,226,SW,14.97,0,0
8/1/25 21:00,11.08,226,SW,14,0,0
8/1/25 22:00,9.91,227,SW,13.02,0,0
8/1/25 23:00,10.89,234,SW,12.25,0,0
8/2/25 0:00,8.55,230,SW,10.5,0,0
8/2/25 1:00,9.91,227,SW,12.83,0,0
8/2/25 2:00,9.91,230,SW,12.25,0,0
8/2/25 3:00,11.27,228,SW,14.38,0,0
8/2/25 4:00,8.75,238,WSW,11.47,0,0
8/2/25 5:00,10.5,239,WSW,13.41,0,0
8/2/25 6:00,7.97,240,WSW,12.05,0,0
8/2/25 7:00,9.14,236,SW,11.47,0,0
8/2/25 8:00,8.16,239,WSW,11.08,0,0
8/2/25 9:00,10.89,234,SW,13.61,0,0
8/2/25 10:00,6.8,248,WSW,10.5,0,0
8/2/25 11:00,8.94,246,WSW,13.22,0,0
8/2/25 12:00,8.36,246,WSW,12.05,0,0
8/2/25 13:00,7.39,246,WSW,10.11,0,0
8/2/25 14:00,15.55,230,SW,19.44,0,0
8/2/25 15:00,11.86,235,SW,14.77,0,0
8/2/25 16:00,10.11,243,WSW,12.25,0,0
8/2/25 17:00,11.27,233,SW,13.61,0,0
8/2/25 18:00,10.3,232,SW,13.02,0,0
8/2/25 19:00,12.05,235,SW,14,0,0
8/2/25 20:00,13.22,230,SW,15.75,0,0
8/2/25 21:00,10.5,240,WSW,12.83,0,0
8/2/25 22:00,14.58,229,SW,17.11,0,0
8/2/25 23:00,9.52,238,WSW,12.25,0,0
8/3/25 0:00,8.94,231,SW,12.05,0,0
8/3/25 1:00,8.75,243,WSW,12.25,0,0
8/3/25 2:00,7.97,238,WSW,10.11,0,0
8/3/25 3:00,8.94,232,SW,10.89,0,0
8/3/25 4:00,11.86,233,SW,14,0,0
8/3/25 5:00,7.97,234,SW,10.5,0,0
8/3/25 6:00,7.58,241,WSW,10.69,0,0
8/3/25 7:00,,,,,1,1
8/3/25 8:00,10.11,230,SW,12.83,0,0
8/3/25 9:00,7,243,WSW,10.69,0,0
8/3/25 10:00,13.22,238,WSW,14.77,0,0
8/3/25 11:00,9.72,243,WSW,14.19,0,0
8/3/25 12:00,11.27,232,SW,13.02,0,0
8/3/25 13:00,12.25,225,SW,15.36,0,0
8/3/25 14:00,12.83,230,SW,15.36,0,0
8/3/25 15:00,12.64,237,WSW,14.77,0,0
8/3/25 16:00,9.33,236,SW,11.47,0,0
8/3/25 17:00,13.02,232,SW,18.08,0,0
8/3/25 18:00,11.08,219,SW,14,0,0
8/3/25 19:00,14.58,225,SW,19.44,0,0
8/3/25 20:00,12.64,237,WSW,15.75,0,0
8/3/25 21:00,7.97,251,WSW,12.64,0,0
8/3/25 22:00,12.44,241,WSW,16.91,0,0
8/3/25 23:00,12.25,243,WSW,15.55,0,0
8/4/25 0:00,12.64,235,SW,16.91,0,0
8/4/25 1:00,7.97,222,SW,15.75,0,0
8/4/25 2:00,11.86,226,SW,16.52,0,0
8/4/25 3:00,8.94,235,SW,11.47,0,0
8/4/25 4:00,11.27,222,SW,13.22,0,0
8/4/25 5:00,11.08,220,SW,14.38,0,0
8/4/25 6:00,11.08,222,SW,13.02,0,0
8/4/25 7:00,10.3,232,SW,12.44,0,0
8/4/25 8:00,10.3,238,WSW,13.02,0,0
8/4/25 9:00,,,,,1,1
8/4/25 10:00,7.78,242,WSW,13.41,0,0
8/4/25 11:00,10.11,238,WSW,12.64,0,0
8/4/25 12:00,8.94,236,SW,11.86,0,0
8/4/25 13:00,11.47,235,SW,13.8,0,0
8/4/25 14:00,11.47,233,SW,15.16,0,0
8/4/25 15:00,11.86,228,SW,14.77,0,0
8/4/25 16:00,8.75,242,WSW,12.25,0,0
8/4/25 17:00,8.36,250,WSW,11.66,0,0
8/4/25 18:00,11.47,238,WSW,14.58,0,0
8/4/25 19:00,13.61,233,SW,16.52,0,0
8/4/25 20:00,11.86,226,SW,15.75,0,0
8/4/25 21:00,13.02,220,SW,14.77,0,0
8/4/25 22:00,13.02,224,SW,16.13,0,0
8/4/25 23:00,10.5,228,SW,13.22,0,0
8/5/25 0:00,9.91,214,SW,12.44,0,0
8/5/25 1:00,9.91,229,SW,12.05,0,0
8/5/25 2:00,9.33,224,SW,12.64,0,0
8/5/25 3:00,11.66,227,SW,14.58,0,0
8/5/25 4:00,10.69,227,SW,13.22,0,0
8/5/25 5:00,12.25,220,SW,15.94,0,0
8/5/25 6:00,11.27,222,SW,14.38,0,0
8/5/25 7:00,10.89,222,SW,13.61,0,0
8/5/25 8:00,10.89,223,SW,13.8,0,0
8/5/25 9:00,10.5,220,SW,14.38,0,0
8/5/25 10:00,9.91,234,SW,12.64,0,0
8/5/25 11:00,12.83,237,WSW,14.97,0,0
8/5/25 12:00,7.97,256,WSW,10.5,0,0
8/5/25 13:00,8.55,244,WSW,11.66,0,0
8/5/25 14:00,11.08,240,WSW,13.22,0,0
8/5/25 15:00,10.5,235,SW,12.83,0,0
8/5/25 16:00,11.47,237,WSW,13.02,0,0
8/5/25 17:00,11.86,239,WSW,14.38,0,0
8/5/25 18:00,12.64,234,SW,14.77,0,0
8/5/25 19:00,8.36,225,SW,10.89,0,0
8/5/25 20:00,9.52,224,SW,11.86,0,0
8/5/25 21:00,12.05,239,WSW,14,0,0
8/5/25 22:00,8.36,246,WSW,11.86,0,0
8/5/25 23:00,6.8,244,WSW,9.14,0,0
8/6/25 0:00,6.8,240,WSW,8.16,0,0
8/6/25 1:00,8.16,252,WSW,12.05,0,0
8/6/25 2:00,6.41,243,WSW,9.14,0,0
8/6/25 3:00,7.58,253,WSW,11.08,0,0
8/6/25 4:00,6.22,266,W,9.72,0,0
8/6/25 5:00,5.25,272,W,7.78,0,0
8/6/25 6:00,5.25,250,WSW,9.14,0,0
8/6/25 7:00,1.94,147,SSE,3.3,0,0
8/6/25 8:00,3.11,253,WSW,4.67,0,0
8/6/25 9:00,6.8,319,NW,8.36,0,0
8/6/25 10:00,5.64,305,NW,7,0,0
8/6/25 11:00,4.86,305,NW,6.03,0,0
8/6/25 12:00,4.28,305,NW,5.05,0,0
8/6/25 13:00,4.47,297,WNW,5.64,0,0
8/6/25 14:00,5.83,241,WSW,7.19,0,0
8/6/25 15:00,6.41,250,WSW,10.5,0,0
8/6/25 16:00,6.41,246,WSW,8.36,0,0
8/6/25 17:00,10.89,242,WSW,13.02,0,0
8/6/25 18:00,7.78,248,WSW,11.27,0,0
8/6/25 19:00,10.11,238,WSW,12.05,0,0
8/6/25 20:00,8.55,219,SW,10.5,0,0
8/6/25 21:00,8.36,227,SW,10.69,0,0
8/6/25 22:00,7.19,227,SW,8.94,0,0
8/6/25 23:00,7.78,243,WSW,10.3,0,0
8/7/25 0:00,9.91,236,SW,11.27,0,0
8/7/25 1:00,9.14,253,WSW,11.27,0,0
8/7/25 2:00,8.75,244,WSW,11.08,0,0
8/7/25 3:00,5.05,247,WSW,7.78,0,0
8/7/25 4:00,7.39,227,SW,11.27,0,0
8/7/25 5:00,3.89,245,WSW,7.78,0,0
8/7/25 6:00,7.97,233,SW,9.72,0,0
8/7/25 7:00,7,230,SW,8.55,0,0
8/7/25 8:00,6.41,249,WSW,8.75,0,0
8/7/25 9:00,7.19,250,WSW,9.72,0,0
8/7/25 10:00,7.78,254,WSW,9.33,0,0
8/7/25 11:00,7.39,256,WSW,9.14,0,0
8/7/25 12:00,8.36,257,WSW,10.3,0,0
8/7/25 13:00,7.97,251,WSW,10.11,0,0
8/7/25 14:00,8.36,246,WSW,11.27,0,0
8/7/25 15:00,9.14,261,W,13.02,0,0
8/7/25 16:00,8.16,248,WSW,12.05,0,0
8/7/25 17:00,12.05,236,SW,14,0,0
8/7/25 18:00,14.38,238,WSW,15.94,0,0
8/7/25 19:00,9.52,233,SW,11.08,0,0
8/7/25 20:00,8.75,236,SW,11.86,0,0
8/7/25 21:00,7.78,247,WSW,10.69,0,0
8/7/25 22:00,11.47,238,WSW,13.61,0,0
8/7/25 23:00,9.72,241,WSW,14,0,0
8/8/25 0:00,9.52,238,WSW,12.83,0,0
8/8/25 1:00,8.16,246,WSW,13.22,0,0
8/8/25 2:00,7.58,247,WSW,10.69,0,0
8/8/25 3:00,8.36,250,WSW,12.64,0,0
8/8/25 4:00,7.58,251,WSW,11.86,0,0
8/8/25 5:00,8.55,252,WSW,11.86,0,0
8/8/25 6:00,7.78,244,WSW,10.11,0,0
8/8/25 7:00,5.05,251,WSW,8.75,0,0
8/8/25 8:00,6.03,230,SW,9.14,0,0
8/8/25 9:00,3.3,252,WSW,5.44,0,0
8/8/25 10:00,3.69,303,WNW,5.25,0,0
8/8/25 11:00,4.47,312,NW,6.03,0,0
8/8/25 12:00,5.25,324,NW,6.22,0,0
8/8/25 13:00,4.28,279,W,7.19,0,0
8/8/25 14:00,6.61,252,WSW,8.75,0,0
8/8/25 15:00,7.97,253,WSW,9.52,0,0
8/8/25 16:00,9.72,254,WSW,11.47,0,0
8/8/25 17:00,9.52,271,W,11.66,0,0
8/8/25 18:00,9.33,281,W,12.44,0,0
8/8/25 19:00,9.14,237,WSW,10.5,0,0
8/8/25 20:00,7.19,238,WSW,9.14,0,0
8/8/25 21:00,6.8,230,SW,8.16,0,0
8/8/25 22:00,6.41,251,WSW,8.75,0,0
8/8/25 23:00,4.67,265,W,6.03,0,0
8/9/25 0:00,7.78,259,W,10.5,0,0
8/9/25 1:00,11.47,257,WSW,13.41,0,0
8/9/25 2:00,12.05,267,W,16.33,0,0
8/9/25 3:00,13.61,270,W,17.11,0,0
8/9/25 4:00,10.69,232,SW,14.58,0,0
8/9/25 5:00,9.14,242,WSW,13.22,0,0
8/9/25 6:00,10.3,233,SW,13.61,0,0
8/9/25 7:00,7.58,233,SW,10.3,0,0
8/9/25 8:00,8.75,242,WSW,12.44,0,0
8/9/25 9:00,9.33,235,SW,11.47,0,0
8/9/25 10:00,6.8,259,W,9.52,0,0
8/9/25 11:00,8.36,259,W,11.86,0,0
8/9/25 12:00,7.78,257,WSW,10.69,0,0
8/9/25 13:00,7.39,263,W,10.69,0,0
8/9/25 14:00,8.16,250,WSW,10.5,0,0
8/9/25 15:00,9.72,243,WSW,12.44,0,0
8/9/25 16:00,9.52,246,WSW,15.94,0,0
8/9/25 17:00,9.72,250,WSW,13.02,0,0
8/9/25 18:00,8.16,254,WSW,10.5,0,0
8/9/25 19:00,9.33,245,WSW,12.64,0,0
8/9/25 20:00,12.05,233,SW,13.61,0,0
8/9/25 21:00,7,245,WSW,12.05,0,0
8/9/25 22:00,9.72,258,WSW,12.64,0,0
8/9/25 23:00,10.89,260,W,14.58,0,0
8/10/25 0:00,10.89,246,WSW,14.97,0,0
8/10/25 1:00,11.47,237,WSW,14.77,0,0
8/10/25 2:00,11.27,235,SW,14,0,0
8/10/25 3:00,10.69,232,SW,13.41,0,0
8/10/25 4:00,10.3,233,SW,14.19,0,0
8/10/25 5:00,9.52,234,SW,12.05,0,0
8/10/25 6:00,8.94,227,SW,11.86,0,0
8/10/25 7:00,7.39,238,WSW,10.5,0,0
8/10/25 8:00,5.83,283,WNW,12.05,0,0
8/10/25 9:00,6.03,242,WSW,9.14,0,0
8/10/25 10:00,9.14,241,WSW,11.08,0,0
8/10/25 11:00,9.33,255,WSW,11.47,0,0
8/10/25 12:00,7.19,247,WSW,10.5,0,0
8/10/25 13:00,9.52,248,WSW,12.83,0,0
8/10/25 14:00,8.36,243,WSW,11.27,0,0
8/10/25 15:00,12.64,242,WSW,16.13,0,0
8/10/25 16:00,10.3,244,WSW,13.22,0,0
8/10/25 17:00,13.41,239,WSW,15.55,0,0
8/10/25 18:00,11.47,236,SW,14,0,0
8/10/25 19:00,8.55,242,WSW,12.25,0,0
8/10/25 20:00,8.36,253,WSW,11.86,0,0
8/10/25 21:00,10.3,253,WSW,14,0,0
8/10/25 22:00,14.38,237,WSW,17.3,0,0
8/10/25 23:00,15.36,237,WSW,17.69,0,0
8/11/25 0:00,12.44,240,WSW,16.33,0,0
8/11/25 1:00,12.44,235,SW,14.97,0,0
8/11/25 2:00,10.69,238,WSW,13.22,0,0
8/11/25 3:00,12.05,229,SW,14.19,0,0
8/11/25 4:00,13.02,232,SW,15.55,0,0
8/11/25 5:00,12.05,237,WSW,14.97,0,0
8/11/25 6:00,11.66,237,WSW,14,0,0
8/11/25 7:00,9.14,243,WSW,12.64,0,0
8/11/25 8:00,9.91,238,WSW,12.25,0,0
8/11/25 9:00,9.72,254,WSW,12.83,0,0
8/11/25 10:00,7,276,W,9.91,0,0
8/11/25 11:00,7.78,244,WSW,11.47,0,0
8/11/25 12:00,10.3,239,WSW,12.44,0,0
8/11/25 13:00,12.83,237,WSW,14.58,0,0
8/11/25 14:00,11.08,239,WSW,13.02,0,0
8/11/25 15:00,10.69,241,WSW,13.02,0,0
8/11/25 16:00,12.25,236,SW,14.77,0,0
8/11/25 17:00,11.47,235,SW,14,0,0
8/11/25 18:00,12.64,227,SW,14.97,0,0
8/11/25 19:00,10.69,227,SW,14.19,0,0
8/11/25 20:00,13.41,232,SW,16.72,0,0
8/11/25 21:00,13.61,230,SW,18.66,0,0
8/11/25 22:00,12.05,231,SW,15.75,0,0
8/11/25 23:00,12.64,231,SW,15.94,0,0
8/12/25 0:00,13.8,223,SW,17.3,0,0
8/12/25 1:00,15.75,236,SW,19.63,0,0
8/12/25 2:00,13.61,228,SW,16.33,0,0
8/12/25 3:00,13.22,234,SW,17.88,0,0
8/12/25 4:00,10.69,238,WSW,14.38,0,0
8/12/25 5:00,10.69,290,WNW,14.58,0,0
8/12/25 6:00,8.94,283,WNW,13.41,0,0
8/12/25 7:00,10.69,250,WSW,14.97,0,0
8/12/25 8:00,9.33,258,WSW,13.02,0,0
8/12/25 9:00,7,260,W,9.52,0,0
8/12/25 10:00,10.3,243,WSW,13.41,0,0
8/12/25 11:00,11.66,241,WSW,16.72,0,0
8/12/25 12:00,11.27,238,WSW,14.97,0,0
8/12/25 13:00,13.02,233,SW,15.36,0,0
8/12/25 14:00,11.86,231,SW,14.97,0,0
8/12/25 15:00,14.97,228,SW,18.08,0,0
8/12/25 16:00,15.75,231,SW,18.27,0,0
8/12/25 17:00,14.38,233,SW,16.72,0,0
8/12/25 18:00,13.8,238,WSW,16.72,0,0
8/12/25 19:00,12.25,218,SW,15.94,0,0
8/12/25 20:00,12.64,223,SW,16.72,0,0
8/12/25 21:00,11.08,217,SW,14.58,0,0
8/12/25 22:00,14.77,220,SW,18.47,0,0
8/12/25 23:00,16.33,231,SW,19.63,0,0
8/13/25 0:00,15.36,234,SW,18.27,0,0
8/13/25 1:00,10.5,274,W,14.38,0,0
8/13/25 2:00,13.02,233,SW,15.55,0,0
8/13/25 3:00,14,230,SW,16.52,0,0
8/13/25 4:00,11.47,233,SW,15.94,0,0
8/13/25 5:00,11.27,258,WSW,14.77,0,0
8/13/25 6:00,11.47,281,W,14.19,0,0
8/13/25 7:00,8.55,265,W,12.05,0,0
8/13/25 8:00,8.75,266,W,12.44,0,0
8/13/25 9:00,9.91,295,WNW,14,0,0
8/13/25 10:00,7,253,WSW,11.47,0,0
8/13/25 11:00,7.58,261,W,11.66,0,0
8/13/25 12:00,8.36,238,WSW,10.89,0,0
8/13/25 13:00,8.94,232,SW,11.47,0,0
8/13/25 14:00,11.27,229,SW,13.8,0,0
8/13/25 15:00,12.83,227,SW,16.33,0,0
8/13/25 16:00,13.8,229,SW,16.33,0,0
8/13/25 17:00,14.19,232,SW,18.66,0,0
8/13/25 18:00,12.44,232,SW,15.16,0,0
8/13/25 19:00,12.83,220,SW,16.52,0,0
8/13/25 20:00,13.22,216,SW,15.94,0,0
8/13/25 21:00,14.19,222,SW,17.88,0,0
8/13/25 22:00,12.64,222,SW,16.91,0,0
8/13/25 23:00,12.64,234,SW,15.94,0,0
8/14/25 0:00,8.36,266,W,13.41,0,0
8/14/25 1:00,12.64,232,SW,15.55,0,0
8/14/25 2:00,14.58,222,SW,17.69,0,0
8/14/25 3:00,14,224,SW,18.27,0,0
8/14/25 4:00,12.64,230,SW,15.94,0,0
8/14/25 5:00,13.22,224,SW,18.47,0,0
8/14/25 6:00,8.36,252,WSW,13.61,0,0
8/14/25 7:00,9.72,249,WSW,14.19,0,0
8/14/25 8:00,10.5,226,SW,13.22,0,0
8/14/25 9:00,8.16,247,WSW,11.66,0,0
8/14/25 10:00,7.19,288,WNW,8.94,0,0
8/14/25 11:00,7.58,287,WNW,10.89,0,0
8/14/25 12:00,7,268,W,10.69,0,0
8/14/25 13:00,9.72,249,WSW,13.41,0,0
8/14/25 14:00,9.52,243,WSW,14,0,0
8/14/25 15:00,12.83,235,SW,15.75,0,0
8/14/25 16:00,11.86,226,SW,14.97,0,0
8/14/25 17:00,14,216,SW,16.52,0,0
8/14/25 18:00,13.41,220,SW,15.55,0,0
8/14/25 19:00,15.55,219,SW,19.63,0,0
8/14/25 20:00,11.27,224,SW,14.19,0,0
8/14/25 21:00,9.52,228,SW,11.66,0,0
8/14/25 22:00,6.61,233,SW,8.36,0,0
8/14/25 23:00,6.41,239,WSW,8.16,0,0
8/15/25 0:00,8.36,236,SW,11.27,0,0
8/15/25 1:00,5.25,241,WSW,6.8,0,0
8/15/25 2:00,9.72,238,WSW,11.66,0,0
8/15/25 3:00,6.61,242,WSW,8.75,0,0
8/15/25 4:00,5.64,243,WSW,8.75,0,0
8/15/25 5:00,6.22,235,SW,7.78,0,0
8/15/25 6:00,3.89,243,WSW,4.67,0,0
8/15/25 7:00,4.47,241,WSW,5.64,0,0
8/15/25 8:00,6.8,239,WSW,11.47,0,0
8/15/25 9:00,6.03,245,WSW,8.36,0,0
8/15/25 10:00,6.03,247,WSW,8.55,0,0
8/15/25 11:00,7.78,244,WSW,11.27,0,0
8/15/25 12:00,6.22,249,WSW,8.55,0,0
8/15/25 13:00,10.11,243,WSW,13.02,0,0
8/15/25 14:00,10.89,235,SW,13.41,0,0
8/15/25 15:00,12.05,229,SW,14.19,0,0
8/15/25 16:00,13.41,222,SW,16.33,0,0
8/15/25 17:00,12.83,224,SW,16.72,0,0
8/15/25 18:00,13.22,217,SW,18.66,0,0
8/15/25 19:00,15.75,234,SW,18.86,0,0
8/15/25 20:00,10.5,249,WSW,15.36,0,0
8/15/25 21:00,12.44,227,SW,15.16,0,0
8/15/25 22:00,12.64,230,SW,15.94,0,0
8/15/25 23:00,11.66,227,SW,14.58,0,0
8/16/25 0:00,14.38,222,SW,18.08,0,0
8/16/25 1:00,11.86,219,SW,14.77,0,0
8/16/25 2:00,12.83,223,SW,16.52,0,0
8/16/25 3:00,13.22,219,SW,17.3,0,0
8/16/25 4:00,13.22,226,SW,16.52,0,0
8/16/25 5:00,12.44,234,SW,15.55,0,0
8/16/25 6:00,13.22,232,SW,15.36,0,0
8/16/25 7:00,10.5,221,SW,13.8,0,0
8/16/25 8:00,10.69,222,SW,13.22,0,0
8/16/25 9:00,9.14,228,SW,10.89,0,0
8/16/25 10:00,8.94,219,SW,12.83,0,0
8/16/25 11:00,9.52,231,SW,13.02,0,0
8/16/25 12:00,10.89,224,SW,14,0,0
8/16/25 13:00,12.05,225,SW,15.55,0,0
8/16/25 14:00,11.27,226,SW,15.16,0,0
8/16/25 15:00,11.66,217,SW,16.91,0,0
8/16/25 16:00,13.41,218,SW,16.72,0,0
8/16/25 17:00,14.38,218,SW,18.27,0,0
8/16/25 18:00,15.94,232,SW,20.6,0,0
8/16/25 19:00,12.64,218,SW,16.72,0,0
8/16/25 20:00,9.52,215,SW,13.41,0,0
8/16/25 21:00,10.5,205,SSW,14.97,0,0
8/16/25 22:00,11.27,212,SSW,14.38,0,0
8/16/25 23:00,12.25,235,SW,14.97,0,0
8/17/25 0:00,12.44,227,SW,16.13,0,0
8/17/25 1:00,13.02,231,SW,16.13,0,0
8/17/25 2:00,14.38,234,SW,17.3,0,0
8/17/25 3:00,12.44,230,SW,16.72,0,0
8/17/25 4:00,11.47,224,SW,14.38,0,0
8/17/25 5:00,12.83,232,SW,15.36,0,0
8/17/25 6:00,10.69,224,SW,12.83,0,0
8/17/25 7:00,9.72,224,SW,12.83,0,0
8/17/25 8:00,10.5,227,SW,14,0,0
8/17/25 9:00,10.69,236,SW,12.83,0,0
8/17/25 10:00,8.16,232,SW,13.22,0,0
8/17/25 11:00,9.72,223,SW,12.25,0,0
8/17/25 12:00,9.52,215,SW,12.25,0,0
8/17/25 13:00,9.72,231,SW,13.02,0,0
8/17/25 14:00,6.41,248,WSW,12.44,0,0
8/17/25 15:00,8.36,252,WSW,12.05,0,0
8/17/25 16:00,11.47,233,SW,14.58,0,0
8/17/25 17:00,9.72,266,W,14,0,0
8/17/25 18:00,10.11,284,WNW,16.13,0,0
8/17/25 19:00,13.41,276,W,20.02,0,0
8/17/25 20:00,11.27,282,WNW,18.27,0,0
8/17/25 21:00,11.86,271,W,16.91,0,0
8/17/25 22:00,9.33,254,WSW,13.61,0,0
8/17/25 23:00,12.05,261,W,16.33,0,0
8/18/25 0:00,11.27,259,W,15.16,0,0
8/18/25 1:00,8.55,247,WSW,12.05,0,0
8/18/25 2:00,9.91,255,WSW,14.19,0,0
8/18/25 3:00,10.11,252,WSW,14.97,0,0
8/18/25 4:00,7.58,247,WSW,12.44,0,0
8/18/25 5:00,8.94,272,W,11.86,0,0
8/18/25 6:00,7.58,238,WSW,10.69,0,0
8/18/25 7:00,8.75,224,SW,11.27,0,0
8/18/25 8:00,9.14,232,SW,12.25,0,0
8/18/25 9:00,9.91,233,SW,12.44,0,0
8/18/25 10:00,6.41,248,WSW,10.5,0,0
8/18/25 11:00,5.25,255,WSW,7.58,0,0
8/18/25 12:00,6.8,228,SW,8.36,0,0
8/18/25 13:00,7.39,238,WSW,8.36,0,0
8/18/25 14:00,7.19,239,WSW,9.52,0,0
8/18/25 15:00,8.36,241,WSW,12.83,0,0
8/18/25 16:00,8.36,252,WSW,10.3,0,0
8/18/25 17:00,8.36,262,W,11.27,0,0
8/18/25 18:00,10.69,295,WNW,13.8,0,0
8/18/25 19:00,14.77,288,WNW,17.69,0,0
8/18/25 20:00,12.25,291,WNW,16.52,0,0
8/18/25 21:00,10.11,283,WNW,13.41,0,0
8/18/25 22:00,8.36,269,W,12.25,0,0
8/18/25 23:00,5.64,279,W,8.16,0,0
8/19/25 0:00,6.61,232,SW,7.58,0,0
8/19/25 1:00,6.61,226,SW,7.78,0,0
8/19/25 2:00,3.89,236,SW,5.25,0,0
8/19/25 3:00,3.69,224,SW,4.67,0,0
8/19/25 4:00,5.83,224,SW,7.39,0,0
8/19/25 5:00,3.5,227,SW,4.28,0,0
8/19/25 6:00,4.67,232,SW,6.8,0,0
8/19/25 7:00,5.05,244,WSW,7.58,0,0
8/19/25 8:00,5.83,238,WSW,8.16,0,0
8/19/25 9:00,4.28,250,WSW,6.8,0,0
8/19/25 10:00,5.44,264,W,7.39,0,0
8/19/25 11:00,6.41,273,W,7.97,0,0
8/19/25 12:00,8.94,249,WSW,11.47,0,0
8/19/25 13:00,8.16,241,WSW,11.27,0,0
8/19/25 14:00,7.78,245,WSW,10.69,0,0
8/19/25 15:00,10.69,240,WSW,12.64,0,0
8/19/25 16:00,13.22,230,SW,15.75,0,0
8/19/25 17:00,13.41,230,SW,16.72,0,0
8/19/25 18:00,10.11,229,SW,12.05,0,0
8/19/25 19:00,6.41,244,WSW,9.14,0,0
8/19/25 20:00,7,231,SW,10.5,0,0
8/19/25 21:00,8.75,222,SW,11.47,0,0
8/19/25 22:00,7.78,229,SW,10.11,0,0
8/19/25 23:00,6.22,241,WSW,7.97,0,0
8/20/25 0:00,7.19,242,WSW,9.72,0,0
8/20/25 1:00,8.16,238,WSW,9.14,0,0
8/20/25 2:00,6.03,233,SW,7.39,0,0
8/20/25 3:00,4.47,258,WSW,6.61,0,0
8/20/25 4:00,2.72,255,WSW,4.47,0,0
8/20/25 5:00,3.11,253,WSW,4.08,0,0
8/20/25 6:00,4.86,283,WNW,6.8,0,0
8/20/25 7:00,5.25,279,W,7,0,0
8/20/25 8:00,4.08,258,WSW,5.44,0,0
8/20/25 9:00,4.47,299,WNW,6.41,0,0
8/20/25 10:00,4.67,317,NW,5.64,0,0
8/20/25 11:00,5.25,301,WNW,6.22,0,0
8/20/25 12:00,4.08,294,WNW,5.44,0,0
8/20/25 13:00,1.94,306,NW,2.92,0,0
8/20/25 14:00,3.69,256,WSW,4.28,0,0
8/20/25 15:00,5.25,238,WSW,8.16,0,0
8/20/25 16:00,9.33,251,WSW,10.89,0,0
8/20/25 17:00,5.64,248,WSW,10.3,0,0
8/20/25 18:00,8.16,235,SW,10.69,0,0
8/20/25 19:00,7.78,232,SW,10.5,0,0
8/20/25 20:00,7.97,227,SW,11.08,0,0
8/20/25 21:00,6.22,244,WSW,8.55,0,0
8/20/25 22:00,7.39,251,WSW,10.5,0,0
8/20/25 23:00,6.61,256,WSW,9.33,0,0
8/21/25 0:00,5.25,270,W,8.55,0,0
8/21/25 1:00,1.94,343,NNW,3.11,0,0
8/21/25 2:00,0.19,28,NNE,1.75,0,0
8/21/25 3:00,3.11,129,SE,3.89,0,0
8/21/25 4:00,3.89,283,WNW,6.61,0,0
8/21/25 5:00,4.08,282,WNW,7.19,0,0
8/21/25 6:00,3.5,291,WNW,4.86,0,0
8/21/25 7:00,3.89,272,W,5.64,0,0
8/21/25 8:00,4.28,269,W,5.64,0,0
8/21/25 9:00,3.3,291,WNW,4.47,0,0
8/21/25 10:00,3.11,287,WNW,4.47,0,0
8/21/25 11:00,2.72,299,WNW,3.89,0,0
8/21/25 12:00,0.97,274,W,2.14,0,0
8/21/25 13:00,1.56,261,W,2.92,0,0
8/21/25 14:00,3.69,249,WSW,5.44,0,0
8/21/25 15:00,10.11,253,WSW,12.25,0,0
8/21/25 16:00,8.94,249,WSW,11.08,0,0
8/21/25 17:00,6.61,245,WSW,10.5,0,0
8/21/25 18:00,8.16,232,SW,9.91,0,0
8/21/25 19:00,9.33,230,SW,11.27,0,0
8/21/25 20:00,9.14,231,SW,12.64,0,0
8/21/25 21:00,8.94,241,WSW,12.05,0,0
8/21/25 22:00,8.16,253,WSW,10.11,0,0
8/21/25 23:00,6.8,267,W,10.3,0,0
8/22/25 0:00,5.64,273,W,8.16,0,0
8/22/25 1:00,8.16,272,W,10.5,0,0
8/22/25 2:00,9.33,267,W,12.64,0,0
8/22/25 3:00,9.72,257,WSW,13.41,0,0
8/22/25 4:00,11.08,254,WSW,14.58,0,0
8/22/25 5:00,12.25,254,WSW,15.55,0,0
8/22/25 6:00,9.91,254,WSW,13.61,0,0
8/22/25 7:00,7.58,260,W,13.02,0,0
8/22/25 8:00,9.52,252,WSW,13.61,0,0
8/22/25 9:00,7.58,257,WSW,11.27,0,0
8/22/25 10:00,9.14,252,WSW,14.19,0,0
8/22/25 11:00,10.5,256,WSW,13.41,0,0
8/22/25 12:00,10.3,256,WSW,13.02,0,0
8/22/25 13:00,7,254,WSW,8.55,0,0
8/22/25 14:00,6.8,257,WSW,8.36,0,0
8/22/25 15:00,5.64,261,W,9.14,0,0
8/22/25 16:00,7,259,W,9.14,0,0
8/22/25 17:00,8.94,257,WSW,11.08,0,0
8/22/25 18:00,7.97,260,W,12.25,0,0
8/22/25 19:00,6.8,265,W,9.72,0,0
8/22/25 20:00,7.58,256,WSW,10.3,0,0
8/22/25 21:00,7.39,256,WSW,9.14,0,0
8/22/25 22:00,7.78,239,WSW,8.94,0,0
8/22/25 23:00,6.61,257,WSW,8.94,0,0
8/23/25 0:00,10.11,264,W,13.41,0,0
8/23/25 1:00,10.69,266,W,13.41,0,0
8/23/25 2:00,14.19,257,WSW,17.49,0,0
8/23/25 3:00,11.27,256,WSW,15.55,0,0
8/23/25 4:00,11.47,243,WSW,15.16,0,0
8/23/25 5:00,11.66,254,WSW,15.36,0,0
8/23/25 6:00,7.58,247,WSW,11.86,0,0
8/23/25 7:00,8.55,240,WSW,11.08,0,0
8/23/25 8:00,6.41,257,WSW,9.91,0,0
8/23/25 9:00,8.55,264,W,12.64,0,0
8/23/25 10:00,9.91,252,WSW,13.61,0,0
8/23/25 11:00,11.47,256,WSW,14.77,0,0
8/23/25 12:00,9.52,246,WSW,12.83,0,0
8/23/25 13:00,9.33,244,WSW,12.44,0,0
8/23/25 14:00,10.69,242,WSW,13.22,0,0
8/23/25 15:00,14,240,WSW,15.94,0,0
8/23/25 16:00,10.89,237,WSW,14.19,0,0
8/23/25 17:00,11.66,252,WSW,15.94,0,0
8/23/25 18:00,7.78,266,W,12.44,0,0
8/23/25 19:00,9.33,257,WSW,11.27,0,0
8/23/25 20:00,7.39,242,WSW,11.08,0,0
8/23/25 21:00,11.47,292,WNW,16.13,0,0
8/23/25 22:00,11.08,296,WNW,14.97,0,0
8/23/25 23:00,9.91,282,WNW,13.02,0,0
8/24/25 0:00,9.72,233,SW,11.86,0,0
8/24/25 1:00,11.47,235,SW,14.19,0,0
8/24/25 2:00,13.61,225,SW,17.11,0,0
8/24/25 3:00,13.41,226,SW,16.91,0,0
8/24/25 4:00,7.97,227,SW,10.5,0,0
8/24/25 5:00,7.78,263,W,11.47,0,0
8/24/25 6:00,7,273,W,10.3,0,0
8/24/25 7:00,9.33,223,SW,12.44,0,0
8/24/25 8:00,7.97,241,WSW,11.66,0,0
8/24/25 9:00,6.41,246,WSW,9.14,0,0
8/24/25 10:00,7.58,249,WSW,9.52,0,0
8/24/25 11:00,8.75,234,SW,12.44,0,0
8/24/25 12:00,9.14,241,WSW,11.86,0,0
8/24/25 13:00,9.91,235,SW,12.05,0,0
8/24/25 14:00,12.64,235,SW,14.19,0,0
8/24/25 15:00,13.02,233,SW,15.75,0,0
8/24/25 16:00,11.66,233,SW,14.38,0,0
8/24/25 17:00,11.27,240,WSW,14.58,0,0
8/24/25 18:00,11.66,238,WSW,14.58,0,0
8/24/25 19:00,10.89,237,WSW,14,0,0
8/24/25 20:00,11.47,232,SW,13.61,0,0
8/24/25 21:00,10.11,237,WSW,12.64,0,0
8/24/25 22:00,8.16,240,WSW,11.86,0,0
8/24/25 23:00,7.97,220,SW,9.52,0,0
8/25/25 0:00,8.16,279,W,10.89,0,0
8/25/25 1:00,10.11,240,WSW,13.41,0,0
8/25/25 2:00,7.39,286,WNW,10.3,0,0
8/25/25 3:00,9.91,287,WNW,12.83,0,0
8/25/25 4:00,7,280,W,11.47,0,0
8/25/25 5:00,11.47,223,SW,13.8,0,0
8/25/25 6:00,12.83,227,SW,16.91,0,0
8/25/25 7:00,10.3,249,WSW,15.16,0,0
8/25/25 8:00,9.91,243,WSW,14.19,0,0
8/25/25 9:00,10.3,252,WSW,15.55,0,0
8/25/25 10:00,9.72,260,W,14,0,0
8/25/25 11:00,10.89,258,WSW,15.36,0,0
8/25/25 12:00,9.52,247,WSW,12.83,0,0
8/25/25 13:00,9.33,250,WSW,11.08,0,0
8/25/25 14:00,13.61,238,WSW,15.94,0,0
8/25/25 15:00,11.66,240,WSW,14.77,0,0
8/25/25 16:00,13.41,240,WSW,16.33,0,0
8/25/25 17:00,15.36,240,WSW,19.44,0,0
8/25/25 18:00,14.38,238,WSW,16.72,0,0
8/25/25 19:00,13.8,226,SW,17.11,0,0
8/25/25 20:00,11.08,220,SW,13.41,0,0
8/25/25 21:00,12.44,216,SW,15.55,0,0
8/25/25 22:00,13.02,227,SW,16.52,0,0
8/25/25 23:00,11.47,240,WSW,14.19,0,0
8/26/25 0:00,7.78,243,WSW,11.86,0,0
8/26/25 1:00,11.08,234,SW,13.22,0,0
8/26/25 2:00,9.14,242,WSW,14.38,0,0
8/26/25 3:00,10.69,256,WSW,14.77,0,0
8/26/25 4:00,10.11,250,WSW,14.77,0,0
8/26/25 5:00,11.08,252,WSW,14.77,0,0
8/26/25 6:00,9.91,245,WSW,14.19,0,0
8/26/25 7:00,14.38,235,SW,18.47,0,0
8/26/25 8:00,11.27,257,WSW,14.97,0,0
8/26/25 9:00,10.3,309,NW,12.83,0,0
8/26/25 10:00,6.41,281,W,9.33,0,0
8/26/25 11:00,6.61,275,W,10.11,0,0
8/26/25 12:00,9.91,239,WSW,12.83,0,0
8/26/25 13:00,12.25,238,WSW,13.8,0,0
8/26/25 14:00,12.64,233,SW,14.97,0,0
8/26/25 15:00,13.61,230,SW,16.91,0,0
8/26/25 16:00,15.36,227,SW,17.88,0,0
8/26/25 17:00,16.52,221,SW,19.83,0,0
8/26/25 18:00,16.13,219,SW,18.86,0,0
8/26/25 19:00,12.05,211,SSW,14.97,0,0
8/26/25 20:00,11.08,222,SW,14.77,0,0
8/26/25 21:00,8.36,227,SW,11.66,0,0
8/26/25 22:00,10.3,229,SW,12.25,0,0
8/26/25 23:00,7,221,SW,8.16,0,0
8/27/25 0:00,9.14,204,SSW,10.5,0,0
8/27/25 1:00,8.55,222,SW,11.66,0,0
8/27/25 2:00,8.16,230,SW,11.66,0,0
8/27/25 3:00,13.22,235,SW,17.49,0,0
8/27/25 4:00,9.72,235,SW,13.41,0,0
8/27/25 5:00,7.39,283,WNW,10.3,0,0
8/27/25 6:00,10.5,241,WSW,15.55,0,0
8/27/25 7:00,9.52,296,WNW,13.61,0,0
8/27/25 8:00,6.41,312,NW,9.52,0,0
8/27/25 9:00,7.78,306,NW,11.47,0,0
8/27/25 10:00,7.19,294,WNW,9.72,0,0
8/27/25 11:00,7.97,293,WNW,10.69,0,0
8/27/25 12:00,7.58,284,WNW,9.91,0,0
8/27/25 13:00,6.61,247,WSW,9.91,0,0
8/27/25 14:00,7,246,WSW,11.08,0,0
8/27/25 15:00,13.02,233,SW,15.75,0,0
8/27/25 16:00,13.22,220,SW,17.49,0,0
8/27/25 17:00,16.72,232,SW,19.44,0,0
8/27/25 18:00,16.72,234,SW,19.05,0,0
8/27/25 19:00,14.97,220,SW,17.88,0,0
8/27/25 20:00,8.94,213,SSW,13.8,0,0
8/27/25 21:00,7.39,222,SW,10.69,0,0
8/27/25 22:00,9.52,219,SW,11.86,0,0
8/27/25 23:00,9.52,223,SW,10.89,0,0
8/28/25 0:00,9.72,240,WSW,13.02,0,0
8/28/25 1:00,8.36,285,WNW,10.3,0,0
8/28/25 2:00,8.94,233,SW,11.08,0,0
8/28/25 3:00,6.22,264,W,9.33,0,0
8/28/25 4:00,6.03,267,W,7.97,0,0
8/28/25 5:00,4.47,261,W,7,0,0
8/28/25 6:00,6.03,281,W,8.55,0,0
8/28/25 7:00,7.78,239,WSW,10.69,0,0
8/28/25 8:00,8.75,311,NW,10.89,0,0
8/28/25 9:00,7.19,290,WNW,10.69,0,0
8/28/25 10:00,7.78,289,WNW,10.3,0,0
8/28/25 11:00,5.05,285,WNW,6.8,0,0
8/28/25 12:00,5.05,244,WSW,6.41,0,0
8/28/25 13:00,4.67,258,WSW,7.58,0,0
8/28/25 14:00,6.61,251,WSW,8.75,0,0
8/28/25 15:00,8.94,239,WSW,10.69,0,0
8/28/25 16:00,9.91,242,WSW,11.86,0,0
8/28/25 17:00,8.75,247,WSW,11.47,0,0
8/28/25 18:00,8.75,266,W,11.47,0,0
8/28/25 19:00,9.14,242,WSW,14,0,0
8/28/25 20:00,9.52,224,SW,12.44,0,0
8/28/25 21:00,14.58,303,WNW,18.08,0,0
8/28/25 22:00,12.05,300,WNW,15.75,0,0
8/28/25 23:00,8.16,286,WNW,11.66,0,0
8/29/25 0:00,7,256,WSW,10.89,0,0
8/29/25 1:00,7.97,237,WSW,9.72,0,0
8/29/25 2:00,7.39,234,SW,9.52,0,0
8/29/25 3:00,7.58,273,W,10.5,0,0
8/29/25 4:00,9.33,243,WSW,13.02,0,0
8/29/25 5:00,7.39,262,W,10.89,0,0
8/29/25 6:00,7.58,281,W,12.25,0,0
8/29/25 7:00,7.39,293,WNW,11.08,0,0
8/29/25 8:00,8.36,250,WSW,11.08,0,0
8/29/25 9:00,6.8,277,W,9.33,0,0
8/29/25 10:00,7.58,285,WNW,11.08,0,0
8/29/25 11:00,8.16,299,WNW,9.91,0,0
8/29/25 12:00,7.39,252,WSW,9.72,0,0
8/29/25 13:00,8.16,234,SW,10.69,0,0
8/29/25 14:00,10.5,235,SW,12.64,0,0
8/29/25 15:00,8.94,243,WSW,11.27,0,0
8/29/25 16:00,10.69,240,WSW,13.61,0,0
8/29/25 17:00,10.11,239,WSW,11.86,0,0
8/29/25 18:00,10.3,234,SW,12.05,0,0
8/29/25 19:00,6.61,247,WSW,10.11,0,0
8/29/25 20:00,8.16,290,WNW,11.08,0,0
8/29/25 21:00,6.22,283,WNW,11.27,0,0
8/29/25 22:00,8.75,277,W,11.66,0,0
8/29/25 23:00,9.91,251,WSW,13.02,0,0
8/30/25 0:00,6.03,283,WNW,8.75,0,0
8/30/25 1:00,5.83,256,WSW,9.14,0,0
8/30/25 2:00,6.61,254,WSW,8.55,0,0
8/30/25 3:00,6.41,260,W,10.11,0,0
8/30/25 4:00,5.64,265,W,9.14,0,0
8/30/25 5:00,6.03,275,W,8.55,0,0
8/30/25 6:00,3.3,283,WNW,5.44,0,0
8/30/25 7:00,3.69,278,W,5.83,0,0
8/30/25 8:00,3.3,242,WSW,5.25,0,0
8/30/25 9:00,4.47,310,NW,6.41,0,0
8/30/25 10:00,4.67,312,NW,5.44,0,0
8/30/25 11:00,3.11,259,W,4.28,0,0
8/30/25 12:00,2.33,285,WNW,5.05,0,0
8/30/25 13:00,2.92,241,WSW,3.3,0,0
8/30/25 14:00,3.69,233,SW,3.89,0,0
8/30/25 15:00,3.89,241,WSW,4.28,0,0
8/30/25 16:00,4.86,247,WSW,6.03,0,0
8/30/25 17:00,6.22,251,WSW,9.14,0,0
8/30/25 18:00,7.78,238,WSW,9.72,0,0
8/30/25 19:00,4.47,242,WSW,5.83,0,0
8/30/25 20:00,4.28,268,W,5.83,0,0
8/30/25 21:00,4.28,280,W,6.41,0,0
8/30/25 22:00,6.8,251,WSW,8.94,0,0
8/30/25 23:00,5.44,274,W,7.39,0,0
8/31/25 0:00,2.72,291,WNW,4.08,0,0
8/31/25 1:00,2.14,271,W,3.11,0,0
8/31/25 2:00,1.94,229,SW,2.92,0,0
8/31/25 3:00,2.33,287,WNW,3.5,0,0
8/31/25 4:00,0.97,238,WSW,2.14,0,0
8/31/25 5:00,5.64,260,W,8.16,0,0
8/31/25 6:00,5.64,269,W,7.58,0,0
8/31/25 7:00,4.28,222,SW,5.25,0,0
8/31/25 8:00,4.86,231,SW,5.83,0,0
8/31/25 9:00,5.25,268,W,6.8,0,0
8/31/25 10:00,3.11,270,W,4.86,0,0
8/31/25 11:00,3.3,253,WSW,5.05,0,0
8/31/25 12:00,2.72,297,WNW,3.3,0,0
8/31/25 13:00,3.11,263,W,4.08,0,0
8/31/25 14:00,4.86,263,W,6.8,0,0
8/31/25 15:00,7,263,W,8.75,0,0
8/31/25 16:00,7.58,252,WSW,10.11,0,0
8/31/25 17:00,7,254,WSW,8.75,0,0
8/31/25 18:00,7.97,241,WSW,9.72,0,0
8/31/25 19:00,6.8,257,WSW,9.33,0,0
8/31/25 20:00,8.94,242,WSW,11.66,0,0
8/31/25 21:00,6.8,260,W,9.14,0,0
8/31/25 22:00,7,263,W,8.94,0,0
8/31/25 23:00,4.47,246,WSW,7.39,0,0
9/1/25 0:00,3.89,285,WNW,6.41,0,0
9/1/25 1:00,0,246,WSW,1.36,0,0
9/1/25 2:00,2.14,328,NNW,3.69,0,0
9/1/25 3:00,7,293,WNW,10.11,0,0
9/1/25 4:00,6.8,269,W,9.91,0,0
9/1/25 5:00,8.94,265,W,12.64,0,0
9/1/25 6:00,7.39,257,WSW,11.47,0,0
9/1/25 7:00,7.19,255,WSW,10.5,0,0
9/1/25 8:00,6.61,257,WSW,9.33,0,0
9/1/25 9:00,5.44,298,WNW,7.39,0,0
9/1/25 10:00,4.08,315,NW,5.25,0,0
9/1/25 11:00,3.5,304,NW,4.28,0,0
9/1/25 12:00,3.69,243,WSW,4.67,0,0
9/1/25 13:00,2.92,248,WSW,4.28,0,0
9/1/25 14:00,1.75,290,WNW,2.33,0,0
9/1/25 15:00,3.3,252,WSW,4.28,0,0
9/1/25 16:00,6.8,249,WSW,10.69,0,0
9/1/25 17:00,6.61,244,WSW,7.58,0,0
9/1/25 18:00,5.44,246,WSW,6.8,0,0
9/1/25 19:00,6.8,229,SW,8.55,0,0
9/1/25 20:00,3.89,245,WSW,6.61,0,0
9/1/25 21:00,4.86,247,WSW,6.8,0,0
9/1/25 22:00,3.5,245,WSW,7.58,0,0
9/1/25 23:00,4.47,269,W,7.78,0,0
9/2/25 0:00,4.47,253,WSW,6.41,0,0
9/2/25 1:00,3.11,255,WSW,4.47,0,0
9/2/25 2:00,2.53,231,SW,4.28,0,0
9/2/25 3:00,7,256,WSW,8.94,0,0
9/2/25 4:00,5.25,254,WSW,6.22,0,0
9/2/25 5:00,5.25,250,WSW,7.39,0,0
9/2/25 6:00,3.5,290,WNW,7.19,0,0
9/2/25 7:00,7.39,241,WSW,8.94,0,0
9/2/25 8:00,3.3,232,SW,4.86,0,0
9/2/25 9:00,9.33,239,WSW,11.47,0,0
9/2/25 10:00,8.36,295,WNW,10.5,0,0
9/2/25 11:00,10.11,247,WSW,15.75,0,0
9/2/25 12:00,15.16,229,SW,19.05,0,0
9/2/25 13:00,14.19,216,SW,18.66,0,0
9/2/25 14:00,17.11,235,SW,20.6,0,0
9/2/25 15:00,19.05,216,SW,24.3,0,0
9/2/25 16:00,16.13,215,SW,19.83,0,0
9/2/25 17:00,16.13,226,SW,19.05,0,0
9/2/25 18:00,16.91,237,WSW,20.6,0,0
9/2/25 19:00,13.02,220,SW,19.05,0,0
9/2/25 20:00,11.08,232,SW,18.86,0,0
9/2/25 21:00,12.44,236,SW,17.3,0,0
9/2/25 22:00,13.22,245,WSW,18.27,0,0
9/2/25 23:00,12.05,258,WSW,15.55,0,0
9/3/25 0:00,11.66,312,NW,13.02,0,0
9/3/25 1:00,12.05,308,NW,14.38,0,0
9/3/25 2:00,7.58,295,WNW,10.69,0,0
9/3/25 3:00,10.3,308,NW,11.86,0,0
9/3/25 4:00,9.52,304,NW,12.44,0,0
9/3/25 5:00,8.94,316,NW,11.66,0,0
9/3/25 6:00,5.83,293,WNW,9.91,0,0
9/3/25 7:00,8.36,301,WNW,11.08,0,0
9/3/25 8:00,6.8,300,WNW,10.11,0,0
9/3/25 9:00,5.25,291,WNW,8.16,0,0
9/3/25 10:00,5.64,262,W,7.58,0,0
9/3/25 11:00,6.03,245,WSW,8.55,0,0
9/3/25 12:00,6.41,243,WSW,8.36,0,0
9/3/25 13:00,4.86,249,WSW,6.22,0,0
9/3/25 14:00,5.64,249,WSW,8.16,0,0
9/3/25 15:00,10.89,252,WSW,14.19,0,0
9/3/25 16:00,9.52,243,WSW,13.41,0,0
9/3/25 17:00,10.3,246,WSW,14,0,0
9/3/25 18:00,8.16,251,WSW,10.5,0,0
9/3/25 19:00,11.86,231,SW,13.41,0,0
9/3/25 20:00,7.39,235,SW,9.14,0,0
9/3/25 21:00,9.72,238,WSW,11.86,0,0
9/3/25 22:00,7.19,247,WSW,9.91,0,0
9/3/25 23:00,14.38,232,SW,17.11,0,0
9/4/25 0:00,11.66,232,SW,15.55,0,0
9/4/25 1:00,9.91,238,WSW,12.83,0,0
9/4/25 2:00,9.52,253,WSW,13.61,0,0
9/4/25 3:00,7.19,247,WSW,10.89,0,0
9/4/25 4:00,6.41,253,WSW,10.5,0,0
9/4/25 5:00,10.89,232,SW,12.83,0,0
9/4/25 6:00,10.69,222,SW,14.58,0,0
9/4/25 7:00,9.91,223,SW,14.38,0,0
9/4/25 8:00,10.11,237,WSW,13.02,0,0
9/4/25 9:00,9.33,237,WSW,12.44,0,0
9/4/25 10:00,12.25,232,SW,14.77,0,0
9/4/25 11:00,9.14,283,WNW,12.44,0,0
9/4/25 12:00,6.8,242,WSW,9.33,0,0
9/4/25 13:00,10.11,229,SW,12.44,0,0
9/4/25 14:00,11.86,230,SW,14.38,0,0
9/4/25 15:00,11.27,235,SW,13.8,0,0
9/4/25 16:00,10.89,235,SW,13.61,0,0
9/4/25 17:00,11.08,282,WNW,14.19,0,0
9/4/25 18:00,14.58,297,WNW,18.47,0,0
9/4/25 19:00,14.97,296,WNW,19.63,0,0
9/4/25 20:00,14,294,WNW,16.91,0,0
9/4/25 21:00,15.16,286,WNW,18.47,0,0
9/4/25 22:00,14.19,290,WNW,18.08,0,0
9/4/25 23:00,12.05,267,W,16.91,0,0
9/5/25 0:00,9.52,267,W,12.64,0,0
9/5/25 1:00,8.75,285,WNW,12.83,0,0
9/5/25 2:00,10.69,298,WNW,14.38,0,0
9/5/25 3:00,7.97,259,W,12.05,0,0
9/5/25 4:00,7,261,W,10.69,0,0
9/5/25 5:00,8.16,303,WNW,11.08,0,0
9/5/25 6:00,6.03,246,WSW,9.33,0,0
9/5/25 7:00,8.75,246,WSW,12.25,0,0
9/5/25 8:00,7.19,218,SW,9.33,0,0
9/5/25 9:00,9.33,222,SW,11.66,0,0
9/5/25 10:00,8.75,313,NW,10.69,0,0
9/5/25 11:00,4.86,302,WNW,7,0,0
9/5/25 12:00,5.25,301,WNW,6.61,0,0
9/5/25 13:00,6.22,257,WSW,8.75,0,0
9/5/25 14:00,7.78,253,WSW,9.72,0,0
9/5/25 15:00,8.75,238,WSW,11.08,0,0
9/5/25 16:00,9.52,237,WSW,11.86,0,0
9/5/25 17:00,7.78,248,WSW,11.08,0,0
9/5/25 18:00,10.5,290,WNW,14.97,0,0
9/5/25 19:00,8.75,287,WNW,12.25,0,0
9/5/25 20:00,10.11,283,WNW,15.94,0,0
9/5/25 21:00,10.11,265,W,14.38,0,0
9/5/25 22:00,10.5,218,SW,12.83,0,0
9/5/25 23:00,10.89,226,SW,15.75,0,0
9/6/25 0:00,8.75,257,WSW,12.44,0,0
9/6/25 1:00,9.33,220,SW,11.66,0,0
9/6/25 2:00,10.89,229,SW,13.8,0,0
9/6/25 3:00,12.25,214,SW,14.97,0,0
9/6/25 4:00,11.47,223,SW,14.58,0,0
9/6/25 5:00,9.72,236,SW,13.61,0,0
9/6/25 6:00,11.47,301,WNW,15.75,0,0
9/6/25 7:00,10.5,270,W,13.22,0,0
9/6/25 8:00,7.39,278,W,13.02,0,0
9/6/25 9:00,8.36,260,W,11.66,0,0
9/6/25 10:00,9.72,253,WSW,13.02,0,0
9/6/25 11:00,8.16,262,W,12.05,0,0
9/6/25 12:00,7.58,269,W,9.33,0,0
9/6/25 13:00,8.16,239,WSW,10.11,0,0
9/6/25 14:00,7.39,237,WSW,10.5,0,0
9/6/25 15:00,11.27,233,SW,13.41,0,0
9/6/25 16:00,12.25,231,SW,15.94,0,0
9/6/25 17:00,8.55,246,WSW,12.05,0,0
9/6/25 18:00,9.72,243,WSW,14.38,0,0
9/6/25 19:00,9.14,261,W,13.8,0,0
9/6/25 20:00,9.91,288,WNW,17.3,0,0
9/6/25 21:00,13.41,297,WNW,17.49,0,0
9/6/25 22:00,11.47,282,WNW,14.38,0,0
9/6/25 23:00,10.11,266,W,13.61,0,0
9/7/25 0:00,10.3,264,W,13.22,0,0
9/7/25 1:00,8.16,254,WSW,11.86,0,0
9/7/25 2:00,8.75,246,WSW,11.66,0,0
9/7/25 3:00,8.55,266,W,11.86,0,0
9/7/25 4:00,9.14,224,SW,11.27,0,0
9/7/25 5:00,8.36,228,SW,12.25,0,0
9/7/25 6:00,7.97,228,SW,10.11,0,0
9/7/25 7:00,7.19,244,WSW,11.66,0,0
9/7/25 8:00,8.16,229,SW,10.5,0,0
9/7/25 9:00,5.44,262,W,7,0,0
9/7/25 10:00,5.83,286,WNW,8.55,0,0
9/7/25 11:00,6.03,303,WNW,7.39,0,0
9/7/25 12:00,5.83,256,WSW,7.58,0,0
9/7/25 13:00,5.83,239,WSW,7.97,0,0
9/7/25 14:00,6.61,240,WSW,8.36,0,0
9/7/25 15:00,6.22,243,WSW,9.33,0,0
9/7/25 16:00,7.97,239,WSW,9.91,0,0
9/7/25 17:00,6.03,246,WSW,8.16,0,0
9/7/25 18:00,4.67,246,WSW,7,0,0
9/7/25 19:00,5.25,248,WSW,7.78,0,0
9/7/25 20:00,8.36,301,WNW,11.27,0,0
9/7/25 21:00,6.41,295,WNW,9.72,0,0
9/7/25 22:00,8.36,279,W,11.27,0,0
9/7/25 23:00,6.61,236,SW,7.78,0,0
9/8/25 0:00,8.55,242,WSW,11.27,0,0
9/8/25 1:00,9.52,232,SW,11.66,0,0
9/8/25 2:00,8.75,228,SW,10.11,0,0
9/8/25 3:00,8.94,225,SW,10.3,0,0
9/8/25 4:00,3.3,226,SW,4.86,0,0
9/8/25 5:00,7.97,233,SW,11.08,0,0
9/8/25 6:00,8.75,241,WSW,13.61,0,0
9/8/25 7:00,9.52,227,SW,12.44,0,0
9/8/25 8:00,4.08,281,W,11.47,0,0
9/8/25 9:00,7.97,231,SW,10.89,0,0
9/8/25 10:00,9.14,227,SW,12.44,0,0
9/8/25 11:00,6.61,226,SW,8.36,0,0
9/8/25 12:00,8.94,234,SW,12.44,0,0
9/8/25 13:00,11.86,222,SW,14.58,0,0
9/8/25 14:00,15.16,234,SW,17.88,0,0
9/8/25 15:00,16.13,233,SW,18.86,0,0
9/8/25 16:00,13.41,236,SW,15.94,0,0
9/8/25 17:00,12.25,233,SW,16.52,0,0
9/8/25 18:00,8.75,240,WSW,11.86,0,0
9/8/25 19:00,6.22,271,W,8.75,0,0
9/8/25 20:00,8.75,232,SW,11.66,0,0
9/8/25 21:00,8.94,236,SW,12.25,0,0
9/8/25 22:00,8.36,258,WSW,12.44,0,0
9/8/25 23:00,10.3,230,SW,14.58,0,0
9/9/25 0:00,12.25,235,SW,15.55,0,0
9/9/25 1:00,12.05,239,WSW,14.77,0,0
9/9/25 2:00,9.14,229,SW,11.86,0,0
9/9/25 3:00,7.97,216,SW,12.05,0,0
9/9/25 4:00,7.19,216,SW,9.14,0,0
9/9/25 5:00,6.22,209,SSW,8.36,0,0
9/9/25 6:00,4.86,210,SSW,6.41,0,0
9/9/25 7:00,5.83,204,SSW,6.8,0,0
9/9/25 8:00,6.22,215,SW,8.36,0,0
9/9/25 9:00,10.3,226,SW,12.44,0,0
9/9/25 10:00,7.58,229,SW,8.55,0,0
9/9/25 11:00,9.52,233,SW,12.64,0,0
9/9/25 12:00,9.72,251,WSW,14,0,0
9/9/25 13:00,12.44,235,SW,15.16,0,0
9/9/25 14:00,11.86,242,WSW,16.72,0,0
9/9/25 15:00,13.8,235,SW,16.72,0,0
9/9/25 16:00,14,238,WSW,16.13,0,0
9/9/25 17:00,12.64,230,SW,16.72,0,0
9/9/25 18:00,14.58,236,SW,17.3,0,0
9/9/25 19:00,11.27,230,SW,15.75,0,0
9/9/25 20:00,10.89,221,SW,13.8,0,0
9/9/25 21:00,12.25,232,SW,15.36,0,0
9/9/25 22:00,10.5,226,SW,15.16,0,0
9/9/25 23:00,7.97,222,SW,9.52,0,0
9/10/25 0:00,9.14,221,SW,11.08,0,0
9/10/25 1:00,6.61,209,SSW,8.36,0,0
9/10/25 2:00,7.97,214,SW,9.33,0,0
9/10/25 3:00,8.36,230,SW,9.91,0,0
9/10/25 4:00,6.03,299,WNW,10.69,0,0
9/10/25 5:00,7.19,304,NW,9.91,0,0
9/10/25 6:00,6.41,281,W,10.11,0,0
9/10/25 7:00,6.61,239,WSW,10.11,0,0
9/10/25 8:00,6.61,262,W,10.69,0,0
9/10/25 9:00,5.83,292,WNW,9.33,0,0
9/10/25 10:00,4.08,308,NW,6.61,0,0
9/10/25 11:00,4.47,305,NW,6.8,0,0
9/10/25 12:00,5.05,288,WNW,7.58,0,0
9/10/25 13:00,6.41,261,W,9.72,0,0
9/10/25 14:00,9.91,238,WSW,13.22,0,0
9/10/25 15:00,10.11,230,SW,13.02,0,0
9/10/25 16:00,11.08,233,SW,15.36,0,0
9/10/25 17:00,15.75,213,SSW,19.05,0,0
9/10/25 18:00,11.47,221,SW,16.33,0,0
9/10/25 19:00,10.3,221,SW,12.44,0,0
9/10/25 20:00,9.14,280,W,13.02,0,0
9/10/25 21:00,9.72,264,W,12.64,0,0
9/10/25 22:00,7.78,271,W,10.89,0,0
9/10/25 23:00,8.55,258,WSW,10.3,0,0
9/11/25 0:00,8.16,239,WSW,12.05,0,0
9/11/25 1:00,7,276,W,9.91,0,0
9/11/25 2:00,6.61,215,SW,7.97,0,0
9/11/25 3:00,6.61,217,SW,7.97,0,0
9/11/25 4:00,6.61,211,SSW,8.36,0,0
9/11/25 5:00,5.25,211,SSW,6.41,0,0
9/11/25 6:00,8.36,290,WNW,10.11,0,0
9/11/25 7:00,5.64,299,WNW,7.97,0,0
9/11/25 8:00,5.44,295,WNW,7,0,0
9/11/25 9:00,3.5,261,W,5.25,0,0
9/11/25 10:00,3.89,282,WNW,5.44,0,0
9/11/25 11:00,4.67,302,WNW,6.61,0,0
9/11/25 12:00,5.83,279,W,8.16,0,0
9/11/25 13:00,9.72,231,SW,12.05,0,0
9/11/25 14:00,9.52,236,SW,12.05,0,0
9/11/25 15:00,11.66,232,SW,14.38,0,0
9/11/25 16:00,14.19,224,SW,17.69,0,0
9/11/25 17:00,13.41,222,SW,15.55,0,0
9/11/25 18:00,10.89,227,SW,13.02,0,0
9/11/25 19:00,8.36,227,SW,10.69,0,0
9/11/25 20:00,6.8,220,SW,8.16,0,0
9/11/25 21:00,6.22,228,SW,7.58,0,0
9/11/25 22:00,7,233,SW,8.75,0,0
9/11/25 23:00,3.89,238,WSW,4.67,0,0
9/12/25 0:00,6.41,234,SW,8.55,0,0
9/12/25 1:00,6.8,252,WSW,9.33,0,0
9/12/25 2:00,7.97,245,WSW,9.91,0,0
9/12/25 3:00,9.72,234,SW,12.05,0,0
9/12/25 4:00,3.69,211,SSW,5.25,0,0
9/12/25 5:00,6.22,229,SW,8.16,0,0
9/12/25 6:00,5.44,235,SW,6.8,0,0
9/12/25 7:00,7.19,228,SW,9.14,0,0
9/12/25 8:00,7.58,237,WSW,9.52,0,0
9/12/25 9:00,8.16,248,WSW,10.89,0,0
9/12/25 10:00,9.52,256,WSW,12.64,0,0
9/12/25 11:00,7.78,247,WSW,11.47,0,0
9/12/25 12:00,10.5,242,WSW,13.22,0,0
9/12/25 13:00,9.91,245,WSW,13.8,0,0
9/12/25 14:00,12.44,237,WSW,14.58,0,0
9/12/25 15:00,12.25,239,WSW,14.77,0,0
9/12/25 16:00,11.86,227,SW,13.8,0,0
9/12/25 17:00,14.77,236,SW,17.88,0,0
9/12/25 18:00,12.44,210,SSW,17.88,0,0
9/12/25 19:00,10.5,211,SSW,13.22,0,0
9/12/25 20:00,9.14,222,SW,11.47,0,0
9/12/25 21:00,8.94,224,SW,11.86,0,0
9/12/25 22:00,7,229,SW,8.75,0,0
9/12/25 23:00,7.97,237,WSW,10.11,0,0
9/13/25 0:00,3.11,217,SW,4.28,0,0
9/13/25 1:00,4.67,231,SW,6.41,0,0
9/13/25 2:00,6.8,236,SW,9.14,0,0
9/13/25 3:00,9.72,233,SW,11.66,0,0
9/13/25 4:00,7.19,238,WSW,8.75,0,0
9/13/25 5:00,6.41,237,WSW,8.75,0,0
9/13/25 6:00,7.97,235,SW,10.5,0,0
9/13/25 7:00,13.61,225,SW,16.33,0,0
9/13/25 8:00,8.55,227,SW,12.05,0,0
9/13/25 9:00,8.94,242,WSW,12.44,0,0
9/13/25 10:00,10.89,244,WSW,14.58,0,0
9/13/25 11:00,8.94,237,WSW,14.77,0,0
9/13/25 12:00,13.02,239,WSW,16.91,0,0
9/13/25 13:00,14.77,224,SW,18.47,0,0
9/13/25 14:00,10.5,230,SW,12.83,0,0
9/13/25 15:00,10.89,229,SW,14.19,0,0
9/13/25 16:00,10.5,230,SW,12.83,0,0
9/13/25 17:00,8.75,224,SW,10.69,0,0
9/13/25 18:00,11.08,215,SW,13.61,0,0
9/13/25 19:00,11.66,234,SW,14.58,0,0
9/13/25 20:00,7.58,267,W,10.69,0,0
9/13/25 21:00,7.78,246,WSW,11.66,0,0
9/13/25 22:00,10.89,222,SW,13.22,0,0
9/13/25 23:00,11.47,220,SW,13.22,0,0
9/14/25 0:00,10.3,234,SW,13.02,0,0
9/14/25 1:00,12.25,218,SW,15.94,0,0
9/14/25 2:00,13.22,232,SW,15.75,0,0
9/14/25 3:00,10.89,269,W,14.77,0,0
9/14/25 4:00,8.16,242,WSW,12.64,0,0
9/14/25 5:00,7.97,211,SSW,10.5,0,0
9/14/25 6:00,8.16,229,SW,9.91,0,0
9/14/25 7:00,8.94,225,SW,11.08,0,0
9/14/25 8:00,7.58,227,SW,9.52,0,0
9/14/25 9:00,7,234,SW,9.14,0,0
9/14/25 10:00,5.64,245,WSW,9.33,0,0
9/14/25 11:00,6.22,259,W,7.97,0,0
9/14/25 12:00,7.19,233,SW,8.75,0,0
9/14/25 13:00,7,240,WSW,8.55,0,0
9/14/25 14:00,7.97,239,WSW,9.72,0,0
9/14/25 15:00,10.69,234,SW,13.41,0,0
9/14/25 16:00,7.58,248,WSW,11.08,0,0
9/14/25 17:00,7,239,WSW,9.72,0,0
9/14/25 18:00,8.16,242,WSW,10.69,0,0
9/14/25 19:00,7.39,249,WSW,11.47,0,0
9/14/25 20:00,8.94,228,SW,10.89,0,0
9/14/25 21:00,8.94,232,SW,10.89,0,0
9/14/25 22:00,5.64,246,WSW,8.55,0,0
9/14/25 23:00,5.25,242,WSW,7.39,0,0
9/15/25 0:00,7,237,WSW,8.36,0,0
9/15/25 1:00,4.67,243,WSW,6.03,0,0
9/15/25 2:00,8.75,231,SW,10.69,0,0
9/15/25 3:00,5.83,233,SW,8.36,0,0
9/15/25 4:00,3.5,251,WSW,4.86,0,0
9/15/25 5:00,2.72,207,SSW,3.5,0,0
9/15/25 6:00,2.92,216,SW,3.89,0,0
9/15/25 7:00,2.53,308,NW,4.67,0,0
9/15/25 8:00,4.28,213,SSW,4.86,0,0
9/15/25 9:00,1.17,317,NW,2.72,0,0
9/15/25 10:00,2.33,301,WNW,3.69,0,0
9/15/25 11:00,5.05,306,NW,6.03,0,0
9/15/25 12:00,3.69,250,WSW,5.05,0,0
9/15/25 13:00,3.3,285,WNW,5.05,0,0
9/15/25 14:00,4.67,255,WSW,5.64,0,0
9/15/25 15:00,3.5,265,W,4.08,0,0
9/15/25 16:00,4.86,267,W,6.03,0,0
9/15/25 17:00,5.83,264,W,7.78,0,0
9/15/25 18:00,5.44,246,WSW,6.8,0,0
9/15/25 19:00,8.16,283,WNW,9.91,0,0
9/15/25 20:00,3.3,229,SW,3.89,0,0
9/15/25 21:00,4.67,233,SW,5.64,0,0
9/15/25 22:00,1.56,257,WSW,1.94,0,0
9/15/25 23:00,0.58,107,ESE,2.14,0,0
9/16/25 0:00,,,,,1,1
9/16/25 1:00,1.36,167,SSE,1.75,0,0
9/16/25 2:00,0,89,E,1.17,0,0
9/16/25 3:00,3.89,10,N,5.05,0,0
9/16/25 4:00,3.3,10,N,3.89,0,0
9/16/25 5:00,0.97,128,SE,2.33,0,0
9/16/25 6:00,1.75,103,ESE,2.72,0,0
9/16/25 7:00,1.94,159,SSE,2.92,0,0
9/16/25 8:00,1.17,112,ESE,1.56,0,0
9/16/25 9:00,1.75,307,NW,2.53,0,0
9/16/25 10:00,4.28,310,NW,5.25,0,0
9/16/25 11:00,3.3,308,NW,4.67,0,0
9/16/25 12:00,3.89,297,WNW,4.86,0,0
9/16/25 13:00,7.39,259,W,9.33,0,0
9/16/25 14:00,5.83,260,W,8.16,0,0
9/16/25 15:00,7.58,257,WSW,9.33,0,0
9/16/25 16:00,7,253,WSW,9.33,0,0
9/16/25 17:00,6.41,261,W,8.16,0,0
9/16/25 18:00,8.36,250,WSW,10.69,0,0
9/16/25 19:00,7,244,WSW,9.14,0,0
9/16/25 20:00,4.86,261,W,6.61,0,0
9/16/25 21:00,5.44,247,WSW,7,0,0
9/16/25 22:00,4.47,250,WSW,6.61,0,0
9/16/25 23:00,2.53,311,NW,3.5,0,0
9/17/25 0:00,2.92,249,WSW,4.67,0,0
9/17/25 1:00,4.47,257,WSW,5.83,0,0
9/17/25 2:00,3.11,294,WNW,5.05,0,0
9/17/25 3:00,4.86,265,W,7.19,0,0
9/17/25 4:00,5.25,257,WSW,6.61,0,0
9/17/25 5:00,4.67,267,W,7,0,0
9/17/25 6:00,5.44,271,W,6.8,0,0
9/17/25 7:00,6.03,251,WSW,8.16,0,0
9/17/25 8:00,4.28,272,W,5.83,0,0
9/17/25 9:00,3.11,281,W,5.44,0,0
9/17/25 10:00,4.08,293,WNW,6.22,0,0
9/17/25 11:00,3.69,281,W,6.22,0,0
9/17/25 12:00,1.75,264,W,3.3,0,0
9/17/25 13:00,4.08,259,W,5.44,0,0
9/17/25 14:00,3.11,248,WSW,3.89,0,0
9/17/25 15:00,5.44,240,WSW,6.03,0,0
9/17/25 16:00,7.78,255,WSW,9.14,0,0
9/17/25 17:00,6.8,252,WSW,9.14,0,0
9/17/25 18:00,7.19,260,W,9.52,0,0
9/17/25 19:00,3.89,234,SW,6.03,0,0
9/17/25 20:00,3.89,249,WSW,5.83,0,0
9/17/25 21:00,4.28,221,SW,5.05,0,0
9/17/25 22:00,5.83,235,SW,6.41,0,0
9/17/25 23:00,5.64,233,SW,7,0,0
9/18/25 0:00,4.08,281,W,7,0,0
9/18/25 1:00,4.86,272,W,5.83,0,0
9/18/25 2:00,3.69,272,W,6.22,0,0
9/18/25 3:00,3.89,77,ENE,4.08,0,0
9/18/25 4:00,6.41,251,WSW,8.75,0,0
9/18/25 5:00,5.83,255,WSW,7.39,0,0
9/18/25 6:00,10.5,255,WSW,14.19,0,0
9/18/25 7:00,10.11,237,WSW,12.83,0,0
9/18/25 8:00,12.25,230,SW,15.36,0,0
9/18/25 9:00,10.69,239,WSW,13.61,0,0
9/18/25 10:00,14.58,235,SW,17.3,0,0
9/18/25 11:00,19.05,225,SW,22.55,0,0
9/18/25 12:00,18.66,222,SW,21.77,0,0
9/18/25 13:00,,,,,1,1
9/18/25 14:00,16.91,215,SW,22.74,0,0
9/18/25 15:00,16.33,222,SW,19.44,0,0
9/18/25 16:00,11.08,237,WSW,13.8,0,0
9/18/25 17:00,9.91,235,SW,12.83,0,0
9/18/25 18:00,8.55,205,SSW,11.08,0,0
9/18/25 19:00,9.72,240,WSW,12.44,0,0
9/18/25 20:00,12.44,246,WSW,17.11,0,0
9/18/25 21:00,10.11,248,WSW,15.16,0,0
9/18/25 22:00,13.41,236,SW,15.36,0,0
9/18/25 23:00,11.86,225,SW,14,0,0
9/19/25 0:00,14.58,224,SW,17.3,0,0
9/19/25 1:00,14.38,216,SW,18.47,0,0
9/19/25 2:00,7.58,235,SW,11.08,0,0
9/19/25 3:00,12.05,234,SW,14.77,0,0
9/19/25 4:00,8.94,233,SW,12.64,0,0
9/19/25 5:00,5.64,246,WSW,9.72,0,0
9/19/25 6:00,4.47,330,NNW,5.83,0,0
9/19/25 7:00,5.64,345,NNW,7,0,0
9/19/25 8:00,4.47,325,NW,5.44,0,0
9/19/25 9:00,4.08,329,NNW,5.83,0,0
9/19/25 10:00,4.47,296,WNW,6.8,0,0
9/19/25 11:00,6.41,315,NW,8.36,0,0
9/19/25 12:00,6.22,332,NNW,7.97,0,0
9/19/25 13:00,4.08,295,WNW,6.41,0,0
9/19/25 14:00,7.97,316,NW,9.72,0,0
9/19/25 15:00,8.75,239,WSW,10.69,0,0
9/19/25 16:00,10.5,218,SW,13.41,0,0
9/19/25 17:00,10.89,232,SW,13.22,0,0
9/19/25 18:00,8.94,236,SW,11.27,0,0
9/19/25 19:00,8.94,230,SW,11.08,0,0
9/19/25 20:00,7,231,SW,8.55,0,0
9/19/25 21:00,6.8,236,SW,7.78,0,0
9/19/25 22:00,10.3,229,SW,13.41,0,0
9/19/25 23:00,7.39,246,WSW,11.66,0,0
9/20/25 0:00,6.03,311,NW,8.94,0,0
9/20/25 1:00,7.39,313,NW,11.47,0,0
9/20/25 2:00,7.78,302,WNW,9.14,0,0
9/20/25 3:00,7.39,298,WNW,8.94,0,0
9/20/25 4:00,6.61,304,NW,8.94,0,0
9/20/25 5:00,2.72,288,WNW,5.25,0,0
9/20/25 6:00,3.3,261,W,5.25,0,0
9/20/25 7:00,5.25,307,NW,7.58,0,0
9/20/25 8:00,7.19,325,NW,9.91,0,0
9/20/25 9:00,5.05,276,W,7.58,0,0
9/20/25 10:00,5.05,266,W,7.78,0,0
9/20/25 11:00,3.69,266,W,5.64,0,0
9/20/25 12:00,5.64,308,NW,7,0,0
9/20/25 13:00,6.22,303,WNW,7.78,0,0
9/20/25 14:00,5.83,251,WSW,7.97,0,0
9/20/25 15:00,8.55,242,WSW,11.08,0,0
9/20/25 16:00,8.55,258,WSW,11.08,0,0
9/20/25 17:00,9.33,250,WSW,11.86,0,0
9/20/25 18:00,4.67,246,WSW,7.58,0,0
9/20/25 19:00,10.89,309,NW,14.38,0,0
9/20/25 20:00,10.5,294,WNW,14.19,0,0
9/20/25 21:00,7.39,276,W,10.69,0,0
9/20/25 22:00,8.36,272,W,10.5,0,0
9/20/25 23:00,6.8,256,WSW,8.75,0,0
9/21/25 0:00,5.83,280,W,9.33,0,0
9/21/25 1:00,6.61,263,W,10.11,0,0
9/21/25 2:00,4.08,251,WSW,6.03,0,0
9/21/25 3:00,6.41,223,SW,7.58,0,0
9/21/25 4:00,6.03,243,WSW,8.55,0,0
9/21/25 5:00,7.39,230,SW,9.14,0,0
9/21/25 6:00,8.16,253,WSW,10.89,0,0
9/21/25 7:00,7.58,250,WSW,11.27,0,0
9/21/25 8:00,9.91,256,WSW,13.61,0,0
9/21/25 9:00,9.91,240,WSW,13.41,0,0
9/21/25 10:00,7.97,266,W,10.89,0,0
9/21/25 11:00,5.64,257,WSW,7.58,0,0
9/21/25 12:00,7.39,263,W,11.86,0,0
9/21/25 13:00,9.72,254,WSW,12.64,0,0
9/21/25 14:00,7,257,WSW,8.55,0,0
9/21/25 15:00,6.8,261,W,9.91,0,0
9/21/25 16:00,6.61,254,WSW,8.16,0,0
9/21/25 17:00,7.19,257,WSW,8.94,0,0
9/21/25 18:00,9.14,240,WSW,10.89,0,0
9/21/25 19:00,8.55,231,SW,10.11,0,0
9/21/25 20:00,8.55,226,SW,10.3,0,0
9/21/25 21:00,8.36,234,SW,10.5,0,0
9/21/25 22:00,6.61,227,SW,9.14,0,0
9/21/25 23:00,7.39,248,WSW,10.3,0,0
9/22/25 0:00,5.25,266,W,7.19,0,0
9/22/25 1:00,5.44,251,WSW,7.78,0,0
9/22/25 2:00,2.33,280,W,3.5,0,0
9/22/25 3:00,3.89,256,WSW,4.86,0,0
9/22/25 4:00,5.25,281,W,7.78,0,0
9/22/25 5:00,4.47,277,W,6.61,0,0
9/22/25 6:00,2.72,260,W,4.28,0,0
9/22/25 7:00,2.92,282,WNW,4.47,0,0
9/22/25 8:00,6.61,271,W,8.75,0,0
9/22/25 9:00,3.89,283,WNW,7,0,0
9/22/25 10:00,3.89,303,WNW,5.05,0,0
9/22/25 11:00,5.25,309,NW,6.61,0,0
9/22/25 12:00,3.11,315,NW,3.89,0,0
9/22/25 13:00,2.53,260,W,4.28,0,0
9/22/25 14:00,4.28,296,WNW,5.25,0,0
9/22/25 15:00,4.47,278,W,7,0,0
9/22/25 16:00,5.44,247,WSW,7.19,0,0
9/22/25 17:00,6.41,244,WSW,8.75,0,0
9/22/25 18:00,8.16,242,WSW,9.52,0,0
9/22/25 19:00,8.94,276,W,10.89,0,0
9/22/25 20:00,4.86,253,WSW,6.41,0,0
9/22/25 21:00,6.22,245,WSW,8.94,0,0
9/22/25 22:00,7.39,219,SW,8.16,0,0
9/22/25 23:00,4.47,206,SSW,6.41,0,0
9/23/25 0:00,2.53,232,SW,3.89,0,0
9/23/25 1:00,3.3,305,NW,3.69,0,0
9/23/25 2:00,2.53,160,SSE,2.92,0,0
9/23/25 3:00,0.39,119,ESE,1.36,0,0
9/23/25 4:00,2.92,318,NW,3.69,0,0
9/23/25 5:00,1.75,224,SW,2.92,0,0
9/23/25 6:00,2.53,177,S,3.3,0,0
9/23/25 7:00,2.53,162,SSE,3.3,0,0
9/23/25 8:00,1.17,183,S,1.94,0,0
9/23/25 9:00,2.72,243,WSW,3.5,0,0
9/23/25 10:00,3.3,318,NW,4.08,0,0
9/23/25 11:00,1.56,285,WNW,3.3,0,0
9/23/25 12:00,5.25,252,WSW,7,0,0
9/23/25 13:00,4.28,306,NW,5.05,0,0
9/23/25 14:00,4.08,243,WSW,7.39,0,0
9/23/25 15:00,4.47,285,WNW,7.19,0,0
9/23/25 16:00,3.3,280,W,7.58,0,0
9/23/25 17:00,5.25,260,W,6.8,0,0
9/23/25 18:00,2.72,327,NNW,3.89,0,0
9/23/25 19:00,2.14,319,NW,5.05,0,0
9/23/25 20:00,4.28,238,WSW,8.55,0,0
9/23/25 21:00,4.08,228,SW,6.22,0,0
9/23/25 22:00,7.78,222,SW,8.94,0,0
9/23/25 23:00,13.61,236,SW,16.13,0,0
9/24/25 0:00,16.72,217,SW,20.22,0,0
9/24/25 1:00,14.58,217,SW,19.63,0,0
9/24/25 2:00,21.58,212,SSW,27.02,0,0
9/24/25 3:00,17.49,223,SW,21.58,0,0
9/24/25 4:00,10.5,239,WSW,14.38,0,0
9/24/25 5:00,13.41,237,WSW,16.13,0,0
9/24/25 6:00,12.05,222,SW,15.94,0,0
9/24/25 7:00,9.33,268,W,12.83,0,0
9/24/25 8:00,7.19,269,W,9.91,0,0
9/24/25 9:00,13.61,305,NW,15.55,0,0
9/24/25 10:00,6.22,275,W,8.94,0,0
9/24/25 11:00,8.55,245,WSW,12.05,0,0
9/24/25 12:00,6.22,247,WSW,10.3,0,0
9/24/25 13:00,7.58,296,WNW,9.52,0,0
9/24/25 14:00,4.47,324,NW,5.44,0,0
9/24/25 15:00,2.72,246,WSW,4.08,0,0
9/24/25 16:00,7.58,276,W,10.89,0,0
9/24/25 17:00,6.61,199,SSW,7.58,0,0
9/24/25 18:00,4.86,282,WNW,9.52,0,0
9/24/25 19:00,6.61,230,SW,10.5,0,0
9/24/25 20:00,7.39,196,SSW,9.14,0,0
9/24/25 21:00,5.25,228,SW,5.83,0,0
9/24/25 22:00,1.75,339,NNW,2.53,0,0
9/24/25 23:00,7.97,342,NNW,9.14,0,0
9/25/25 0:00,7.19,228,SW,10.5,0,0
9/25/25 1:00,4.67,276,W,7,0,0
9/25/25 2:00,0.19,248,WSW,3.69,0,0
9/25/25 3:00,4.47,330,NNW,6.8,0,0
9/25/25 4:00,7.58,229,SW,10.3,0,0
9/25/25 5:00,7.39,227,SW,10.3,0,0
9/25/25 6:00,8.94,226,SW,11.47,0,0
9/25/25 7:00,5.05,255,WSW,7,0,0
9/25/25 8:00,3.69,222,SW,5.64,0,0
9/25/25 9:00,5.05,256,WSW,7.39,0,0
9/25/25 10:00,8.16,244,WSW,11.86,0,0
9/25/25 11:00,11.08,233,SW,14.58,0,0
9/25/25 12:00,10.11,230,SW,12.44,0,0
9/25/25 13:00,6.8,253,WSW,9.91,0,0
9/25/25 14:00,10.89,239,WSW,12.44,0,0
9/25/25 15:00,14.58,232,SW,17.88,0,0
9/25/25 16:00,17.69,218,SW,21.97,0,0
9/25/25 17:00,14.38,221,SW,17.69,0,0
9/25/25 18:00,14,233,SW,16.72,0,0
9/25/25 19:00,9.91,293,WNW,13.41,0,0
9/25/25 20:00,7.19,271,W,10.3,0,0
9/25/25 21:00,7.97,238,WSW,11.27,0,0
9/25/25 22:00,11.66,240,WSW,14.97,0,0
9/25/25 23:00,13.8,241,WSW,20.22,0,0
9/26/25 0:00,13.02,244,WSW,20.02,0,0
9/26/25 1:00,10.69,255,WSW,16.52,0,0
9/26/25 2:00,8.55,246,WSW,11.66,0,0
9/26/25 3:00,8.16,249,WSW,11.08,0,0
9/26/25 4:00,8.94,324,NW,11.08,0,0
9/26/25 5:00,9.14,323,NW,10.69,0,0
9/26/25 6:00,7.58,315,NW,9.91,0,0
9/26/25 7:00,7.39,341,NNW,9.14,0,0
9/26/25 8:00,6.03,349,N,6.8,0,0
9/26/25 9:00,6.22,318,NW,7.39,0,0
9/26/25 10:00,4.47,328,NNW,5.83,0,0
9/26/25 11:00,6.41,316,NW,7.78,0,0
9/26/25 12:00,3.5,316,NW,5.44,0,0
9/26/25 13:00,6.8,246,WSW,9.72,0,0
9/26/25 14:00,6.8,248,WSW,10.11,0,0
9/26/25 15:00,11.08,255,WSW,13.61,0,0
9/26/25 16:00,13.41,237,WSW,15.36,0,0
9/26/25 17:00,8.55,230,SW,11.27,0,0
9/26/25 18:00,9.91,236,SW,12.05,0,0
9/26/25 19:00,6.41,244,WSW,8.75,0,0
9/26/25 20:00,9.72,242,WSW,11.86,0,0
9/26/25 21:00,8.55,239,WSW,10.5,0,0
9/26/25 22:00,9.52,237,WSW,11.47,0,0
9/26/25 23:00,10.11,240,WSW,14.58,0,0
9/27/25 0:00,14.97,236,SW,17.69,0,0
9/27/25 1:00,13.8,236,SW,17.69,0,0
9/27/25 2:00,13.22,232,SW,15.75,0,0
9/27/25 3:00,14,230,SW,17.3,0,0
9/27/25 4:00,13.22,232,SW,15.75,0,0
9/27/25 5:00,10.89,230,SW,14,0,0
9/27/25 6:00,10.89,237,WSW,14,0,0
9/27/25 7:00,10.69,237,WSW,12.64,0,0
9/27/25 8:00,11.86,234,SW,14,0,0
9/27/25 9:00,13.22,230,SW,16.52,0,0
9/27/25 10:00,11.08,243,WSW,15.75,0,0
9/27/25 11:00,18.66,237,WSW,23.13,0,0
9/27/25 12:00,17.11,238,WSW,20.6,0,0
9/27/25 13:00,16.52,257,WSW,21.97,0,0
9/27/25 14:00,15.55,259,W,21.38,0,0
9/27/25 15:00,19.63,234,SW,22.94,0,0
9/27/25 16:00,18.86,235,SW,24.1,0,0
9/27/25 17:00,19.24,236,SW,22.74,0,0
9/27/25 18:00,16.91,228,SW,20.8,0,0
9/27/25 19:00,11.66,241,WSW,17.69,0,0
9/27/25 20:00,11.08,250,WSW,16.52,0,0
9/27/25 21:00,9.52,249,WSW,14.97,0,0
9/27/25 22:00,7.97,250,WSW,13.02,0,0
9/27/25 23:00,9.14,244,WSW,13.22,0,0
9/28/25 0:00,12.05,254,WSW,16.33,0,0
9/28/25 1:00,9.33,322,NW,11.08,0,0
9/28/25 2:00,8.75,307,NW,11.66,0,0
9/28/25 3:00,9.72,261,W,13.61,0,0
9/28/25 4:00,10.5,264,W,15.16,0,0
9/28/25 5:00,13.02,258,WSW,17.3,0,0
9/28/25 6:00,9.14,249,WSW,11.86,0,0
9/28/25 7:00,7.58,223,SW,9.72,0,0
9/28/25 8:00,4.86,242,WSW,7.97,0,0
9/28/25 9:00,4.67,261,W,6.41,0,0
9/28/25 10:00,6.61,259,W,10.3,0,0
9/28/25 11:00,4.28,263,W,8.16,0,0
9/28/25 12:00,4.67,262,W,6.8,0,0
9/28/25 13:00,3.11,263,W,4.08,0,0
9/28/25 14:00,5.44,252,WSW,7.19,0,0
9/28/25 15:00,5.25,269,W,7.78,0,0
9/28/25 16:00,3.89,253,WSW,5.83,0,0
9/28/25 17:00,6.22,258,WSW,8.55,0,0
9/28/25 18:00,6.41,266,W,9.14,0,0
9/28/25 19:00,7.39,276,W,11.66,0,0
9/28/25 20:00,7.19,267,W,10.69,0,0
9/28/25 21:00,3.89,261,W,5.44,0,0
9/28/25 22:00,7.78,236,SW,9.52,0,0
9/28/25 23:00,5.64,232,SW,7.78,0,0
9/29/25 0:00,4.47,256,WSW,6.41,0,0
9/29/25 1:00,5.44,244,WSW,9.14,0,0
9/29/25 2:00,8.16,243,WSW,12.83,0,0
9/29/25 3:00,7.97,235,SW,9.91,0,0
9/29/25 4:00,7.39,237,WSW,9.91,0,0
9/29/25 5:00,5.25,199,SSW,7.19,0,0
9/29/25 6:00,5.05,200,SSW,8.36,0,0
9/29/25 7:00,3.89,225,SW,4.67,0,0
9/29/25 8:00,2.33,212,SSW,3.89,0,0
9/29/25 9:00,3.5,105,ESE,4.86,0,0
9/29/25 10:00,5.25,86,E,7.39,0,0
9/29/25 11:00,2.92,302,WNW,4.47,0,0
9/29/25 12:00,11.86,265,W,17.88,0,0
9/29/25 13:00,14.97,229,SW,18.08,0,0
9/29/25 14:00,10.5,242,WSW,16.13,0,0
9/29/25 15:00,10.89,247,WSW,15.94,0,0
9/29/25 16:00,12.44,256,WSW,17.11,0,0
9/29/25 17:00,8.94,253,WSW,13.41,0,0
9/29/25 18:00,9.91,246,WSW,12.83,0,0
9/29/25 19:00,11.08,208,SSW,13.41,0,0
9/29/25 20:00,8.94,231,SW,12.83,0,0
9/29/25 21:00,8.55,224,SW,13.41,0,0
9/29/25 22:00,4.28,237,WSW,5.05,0,0
9/29/25 23:00,7.97,238,WSW,9.52,0,0
9/30/25 0:00,7.97,232,SW,11.27,0,0
9/30/25 1:00,5.44,245,WSW,9.52,0,0
9/30/25 2:00,6.03,219,SW,7.39,0,0
9/30/25 3:00,3.69,211,SSW,5.44,0,0
9/30/25 4:00,3.89,223,SW,5.64,0,0
9/30/25 5:00,4.08,221,SW,5.25,0,0
9/30/25 6:00,2.72,220,SW,3.69,0,0
9/30/25 7:00,5.44,227,SW,6.8,0,0
9/30/25 8:00,5.83,211,SSW,7.78,0,0
9/30/25 9:00,6.8,235,SW,10.5,0,0
9/30/25 10:00,9.33,228,SW,11.86,0,0
9/30/25 11:00,10.69,238,WSW,14.77,0,0
9/30/25 12:00,10.69,254,WSW,14.77,0,0
9/30/25 13:00,9.14,244,WSW,12.64,0,0
9/30/25 14:00,13.61,240,WSW,17.69,0,0
9/30/25 15:00,12.44,254,WSW,16.72,0,0
9/30/25 16:00,9.72,254,WSW,14.58,0,0
9/30/25 17:00,8.75,251,WSW,11.66,0,0
9/30/25 18:00,11.66,226,SW,14.58,0,0
9/30/25 19:00,8.36,223,SW,11.47,0,0
9/30/25 20:00,9.91,222,SW,13.8,0,0
9/30/25 21:00,9.33,218,SW,11.86,0,0
9/30/25 22:00,8.36,224,SW,9.91,0,0
9/30/25 23:00,8.16,237,WSW,11.86,0,0
10/1/25 0:00,4.67,268,W,7.78,0,0
10/1/25 1:00,4.08,267,W,6.03,0,0
10/1/25 2:00,3.11,226,SW,4.47,0,0
10/1/25 3:00,5.25,207,SSW,6.61,0,0
10/1/25 4:00,3.3,180,S,6.03,0,0
10/1/25 5:00,2.33,154,SSE,4.08,0,0
10/1/25 6:00,4.08,131,SE,5.64,0,0
10/1/25 7:00,7.78,108,ESE,9.52,0,0
10/1/25 8:00,5.64,131,SE,7.19,0,0
10/1/25 9:00,6.61,139,SE,8.36,0,0
10/1/25 10:00,3.5,211,SSW,6.41,0,0
10/1/25 11:00,2.14,271,W,3.3,0,0
10/1/25 12:00,4.86,252,WSW,6.61,0,0
10/1/25 13:00,4.86,350,N,5.44,0,0
10/1/25 14:00,4.28,273,W,9.14,0,0
10/1/25 15:00,7,287,WNW,11.86,0,0
10/1/25 16:00,8.36,298,WNW,10.69,0,0
10/1/25 17:00,8.55,265,W,13.8,0,0
10/1/25 18:00,11.27,261,W,16.91,0,0
10/1/25 19:00,6.03,232,SW,7.78,0,0
10/1/25 20:00,7,265,W,9.72,0,0
10/1/25 21:00,5.83,259,W,9.14,0,0
10/1/25 22:00,5.83,278,W,9.91,0,0
10/1/25 23:00,4.67,243,WSW,7.19,0,0
10/2/25 0:00,1.56,328,NNW,2.72,0,0
10/2/25 1:00,1.94,21,NNE,2.92,0,0
10/2/25 2:00,1.75,335,NNW,2.33,0,0
10/2/25 3:00,0.19,296,WNW,0.97,0,0
10/2/25 4:00,5.05,336,NNW,5.83,0,0
10/2/25 5:00,4.47,354,N,5.25,0,0
10/2/25 6:00,2.72,17,NNE,3.69,0,0
10/2/25 7:00,7.39,305,NW,8.94,0,0
10/2/25 8:00,7,307,NW,9.72,0,0
10/2/25 9:00,10.3,306,NW,13.02,0,0
10/2/25 10:00,7.39,305,NW,9.14,0,0
10/2/25 11:00,7,297,WNW,9.14,0,0
10/2/25 12:00,4.47,262,W,6.8,0,0
10/2/25 13:00,8.36,242,WSW,11.86,0,0
10/2/25 14:00,9.14,230,SW,11.66,0,0
10/2/25 15:00,7.78,246,WSW,11.47,0,0
10/2/25 16:00,12.05,239,WSW,14.97,0,0
10/2/25 17:00,7.39,242,WSW,10.3,0,0
10/2/25 18:00,9.14,259,W,12.44,0,0
10/2/25 19:00,10.69,261,W,15.94,0,0
10/2/25 20:00,10.5,231,SW,13.22,0,0
10/2/25 21:00,7.97,266,W,11.66,0,0
10/2/25 22:00,11.27,282,WNW,15.94,0,0
10/2/25 23:00,14.19,299,WNW,16.13,0,0
10/3/25 0:00,11.08,294,WNW,13.61,0,0
10/3/25 1:00,7,249,WSW,10.69,0,0
10/3/25 2:00,8.94,251,WSW,13.02,0,0
10/3/25 3:00,7.58,278,W,11.47,0,0
10/3/25 4:00,11.86,291,WNW,13.61,0,0
10/3/25 5:00,12.25,276,W,14.77,0,0
10/3/25 6:00,7.39,282,WNW,12.05,0,0
10/3/25 7:00,6.41,310,NW,8.36,0,0
10/3/25 8:00,7.19,298,WNW,9.91,0,0
10/3/25 9:00,7,297,WNW,10.3,0,0
10/3/25 10:00,4.86,292,WNW,7.19,0,0
10/3/25 11:00,2.53,244,WSW,3.89,0,0
10/3/25 12:00,4.47,252,WSW,5.83,0,0
10/3/25 13:00,4.28,268,W,7,0,0
10/3/25 14:00,6.22,255,WSW,7.39,0,0
10/3/25 15:00,5.44,260,W,7.78,0,0
10/3/25 16:00,6.41,242,WSW,10.11,0,0
10/3/25 17:00,8.36,232,SW,11.08,0,0
10/3/25 18:00,8.75,233,SW,11.86,0,0
10/3/25 19:00,7.78,276,W,9.91,0,0
10/3/25 20:00,7.19,271,W,9.72,0,0
10/3/25 21:00,4.86,218,SW,6.22,0,0
10/3/25 22:00,5.83,211,SSW,6.8,0,0
10/3/25 23:00,5.64,217,SW,6.8,0,0
10/4/25 0:00,5.83,219,SW,7.39,0,0
10/4/25 1:00,5.25,231,SW,6.8,0,0
10/4/25 2:00,5.05,214,SW,7.58,0,0
10/4/25 3:00,4.67,235,SW,6.8,0,0
10/4/25 4:00,4.28,220,SW,5.64,0,0
10/4/25 5:00,4.28,220,SW,6.03,0,0
10/4/25 6:00,4.47,219,SW,6.22,0,0
10/4/25 7:00,3.5,242,WSW,4.08,0,0
10/4/25 8:00,1.56,283,WNW,3.3,0,0
10/4/25 9:00,2.92,259,W,3.69,0,0
10/4/25 10:00,3.3,256,WSW,4.67,0,0
10/4/25 11:00,5.44,311,NW,7.39,0,0
10/4/25 12:00,6.41,298,WNW,7.58,0,0
10/4/25 13:00,4.86,280,W,7.39,0,0
10/4/25 14:00,5.25,248,WSW,7,0,0
10/4/25 15:00,5.64,245,WSW,7.58,0,0
10/4/25 16:00,12.05,233,SW,14,0,0
10/4/25 17:00,10.89,214,SW,14,0,0
10/4/25 18:00,9.33,221,SW,11.86,0,0
10/4/25 19:00,8.75,215,SW,10.5,0,0
10/4/25 20:00,7,225,SW,8.94,0,0
10/4/25 21:00,5.83,225,SW,7.97,0,0
10/4/25 22:00,5.44,226,SW,6.22,0,0
10/4/25 23:00,6.61,232,SW,8.16,0,0
10/5/25 0:00,7.39,232,SW,9.33,0,0
10/5/25 1:00,3.5,252,WSW,4.86,0,0
10/5/25 2:00,2.92,246,WSW,4.47,0,0
10/5/25 3:00,3.89,213,SSW,4.67,0,0
10/5/25 4:00,4.08,230,SW,5.44,0,0
10/5/25 5:00,3.69,226,SW,4.47,0,0
10/5/25 6:00,2.92,221,SW,4.47,0,0
10/5/25 7:00,5.25,204,SSW,6.22,0,0
10/5/25 8:00,4.67,217,SW,6.03,0,0
10/5/25 9:00,,,,,1,1
10/5/25 10:00,1.94,298,WNW,4.08,0,0
10/5/25 11:00,3.5,251,WSW,4.86,0,0
10/5/25 12:00,4.47,268,W,6.22,0,0
10/5/25 13:00,4.47,256,WSW,5.83,0,0
10/5/25 14:00,3.5,292,WNW,5.25,0,0
10/5/25 15:00,3.5,243,WSW,4.67,0,0
10/5/25 16:00,3.5,255,WSW,4.28,0,0
10/5/25 17:00,3.89,256,WSW,4.47,0,0
10/5/25 18:00,4.47,254,WSW,6.03,0,0
10/5/25 19:00,5.25,258,WSW,7,0,0
10/5/25 20:00,3.3,257,WSW,4.67,0,0
10/5/25 21:00,4.08,246,WSW,6.22,0,0
10/5/25 22:00,4.67,265,W,5.83,0,0
10/5/25 23:00,4.86,274,W,7,0,0
10/6/25 0:00,3.69,212,SSW,4.28,0,0
10/6/25 1:00,2.33,234,SW,2.92,0,0
10/6/25 2:00,1.17,196,SSW,1.75,0,0
10/6/25 3:00,2.92,213,SSW,4.08,0,0
10/6/25 4:00,4.28,207,SSW,5.25,0,0
10/6/25 5:00,1.94,165,SSE,2.72,0,0
10/6/25 6:00,1.94,211,SSW,3.3,0,0
10/6/25 7:00,1.36,229,SW,2.33,0,0
10/6/25 8:00,1.17,175,S,2.14,0,0
10/6/25 9:00,1.36,298,WNW,2.14,0,0
10/6/25 10:00,2.72,304,NW,3.5,0,0
10/6/25 11:00,3.69,289,WNW,4.47,0,0
10/6/25 12:00,4.86,279,W,7,0,0
10/6/25 13:00,4.86,309,NW,5.64,0,0
10/6/25 14:00,6.61,288,WNW,8.55,0,0
10/6/25 15:00,6.8,292,WNW,9.14,0,0
10/6/25 16:00,7.39,291,WNW,8.36,0,0
10/6/25 17:00,5.05,297,WNW,6.03,0,0
10/6/25 18:00,2.53,266,W,3.69,0,0
10/6/25 19:00,1.75,112,ESE,2.14,0,0
10/6/25 20:00,2.53,327,NNW,4.28,0,0
10/6/25 21:00,2.14,191,S,4.67,0,0
10/6/25 22:00,4.47,197,SSW,6.03,0,0
10/6/25 23:00,3.5,196,SSW,4.28,0,0
10/7/25 0:00,2.72,236,SW,3.11,0,0
10/7/25 1:00,4.47,226,SW,5.05,0,0
10/7/25 2:00,4.08,223,SW,4.67,0,0
10/7/25 3:00,2.53,245,WSW,3.11,0,0
10/7/25 4:00,1.94,191,S,2.33,0,0
10/7/25 5:00,2.14,177,S,2.53,0,0
10/7/25 6:00,2.14,150,SSE,2.53,0,0
10/7/25 7:00,1.94,137,SE,2.72,0,0
10/7/25 8:00,0.19,160,SSE,1.75,0,0
10/7/25 9:00,1.56,333,NNW,2.33,0,0
10/7/25 10:00,3.3,250,WSW,3.89,0,0
10/7/25 11:00,3.5,254,WSW,4.67,0,0
10/7/25 12:00,4.86,249,WSW,6.22,0,0
10/7/25 13:00,5.83,271,W,7.39,0,0
10/7/25 14:00,5.64,294,WNW,7.39,0,0
10/7/25 15:00,4.28,278,W,7.97,0,0
10/7/25 16:00,5.25,248,WSW,8.55,0,0
10/7/25 17:00,5.83,240,WSW,6.8,0,0
10/7/25 18:00,6.03,248,WSW,7.97,0,0
10/7/25 19:00,6.61,250,WSW,9.14,0,0
10/7/25 20:00,5.44,245,WSW,7.58,0,0
10/7/25 21:00,5.44,271,W,7.19,0,0
10/7/25 22:00,9.91,254,WSW,12.25,0,0
10/7/25 23:00,8.94,244,WSW,14,0,0
10/8/25 0:00,8.16,249,WSW,11.66,0,0
10/8/25 1:00,8.36,254,WSW,11.66,0,0
10/8/25 2:00,5.44,285,WNW,8.75,0,0
10/8/25 3:00,7.19,294,WNW,11.08,0,0
10/8/25 4:00,7.97,300,WNW,11.27,0,0
10/8/25 5:00,8.75,297,WNW,11.27,0,0
10/8/25 6:00,8.36,304,NW,11.47,0,0
10/8/25 7:00,8.75,304,NW,10.69,0,0
10/8/25 8:00,9.91,315,NW,12.64,0,0
10/8/25 9:00,10.11,337,NNW,12.25,0,0
10/8/25 10:00,8.16,298,WNW,12.05,0,0
10/8/25 11:00,11.08,253,WSW,15.94,0,0
10/8/25 12:00,10.89,249,WSW,15.55,0,0
10/8/25 13:00,13.22,251,WSW,17.69,0,0
10/8/25 14:00,12.25,257,WSW,18.66,0,0
10/8/25 15:00,14.58,242,WSW,18.27,0,0
10/8/25 16:00,12.64,245,WSW,18.47,0,0
10/8/25 17:00,12.64,259,W,17.49,0,0
10/8/25 18:00,11.86,252,WSW,16.52,0,0
10/8/25 19:00,11.08,247,WSW,18.08,0,0
10/8/25 20:00,9.52,252,WSW,13.61,0,0
10/8/25 21:00,9.52,253,WSW,12.83,0,0
10/8/25 22:00,8.94,244,WSW,10.89,0,0
10/8/25 23:00,4.47,237,WSW,7.19,0,0
10/9/25 0:00,4.47,214,SW,5.44,0,0
10/9/25 1:00,2.92,212,SSW,4.47,0,0
10/9/25 2:00,2.92,216,SW,3.3,0,0
10/9/25 3:00,3.3,206,SSW,4.47,0,0
10/9/25 4:00,3.3,185,S,4.28,0,0
10/9/25 5:00,3.5,151,SSE,5.44,0,0
10/9/25 6:00,7.78,191,S,11.47,0,0
10/9/25 7:00,2.53,153,SSE,4.86,0,0
10/9/25 8:00,1.94,182,S,4.28,0,0
10/9/25 9:00,5.83,79,E,7.78,0,0
10/9/25 10:00,3.3,66,ENE,4.67,0,0
10/9/25 11:00,3.3,301,WNW,5.64,0,0
10/9/25 12:00,9.14,269,W,11.86,0,0
10/9/25 13:00,8.94,276,W,11.66,0,0
10/9/25 14:00,10.5,270,W,13.61,0,0
10/9/25 15:00,9.14,275,W,12.64,0,0
10/9/25 16:00,9.91,268,W,12.44,0,0
10/9/25 17:00,8.75,253,WSW,11.08,0,0
10/9/25 18:00,10.11,238,WSW,12.64,0,0
10/9/25 19:00,7.58,241,WSW,9.91,0,0
10/9/25 20:00,2.33,285,WNW,5.44,0,0
10/9/25 21:00,2.92,320,NW,4.28,0,0
10/9/25 22:00,4.86,279,W,6.61,0,0
10/9/25 23:00,6.41,309,NW,8.36,0,0
10/10/25 0:00,7,287,WNW,11.27,0,0
10/10/25 1:00,4.67,293,WNW,6.41,0,0
10/10/25 2:00,8.55,298,WNW,10.11,0,0
10/10/25 3:00,3.5,303,WNW,5.64,0,0
10/10/25 4:00,4.67,208,SSW,5.44,0,0
10/10/25 5:00,4.47,214,SW,5.25,0,0
10/10/25 6:00,4.28,356,N,5.44,0,0
10/10/25 7:00,2.33,218,SW,4.08,0,0
10/10/25 8:00,0.97,144,SE,2.53,0,0
10/10/25 9:00,2.33,344,NNW,3.69,0,0
10/10/25 10:00,2.14,285,WNW,4.28,0,0
10/10/25 11:00,5.05,317,NW,6.22,0,0
10/10/25 12:00,8.36,308,NW,9.14,0,0
10/10/25 13:00,7.58,250,WSW,12.64,0,0
10/10/25 14:00,9.14,244,WSW,13.8,0,0
10/10/25 15:00,12.64,232,SW,15.16,0,0
10/10/25 16:00,11.86,236,SW,15.36,0,0
10/10/25 17:00,9.14,247,WSW,12.44,0,0
10/10/25 18:00,12.25,242,WSW,15.36,0,0
10/10/25 19:00,10.69,243,WSW,16.72,0,0
10/10/25 20:00,9.52,261,W,13.61,0,0
10/10/25 21:00,8.75,241,WSW,11.86,0,0
10/10/25 22:00,7.97,257,WSW,10.3,0,0
10/10/25 23:00,8.94,297,WNW,12.44,0,0
10/11/25 0:00,10.3,297,WNW,13.22,0,0
10/11/25 1:00,12.83,307,NW,14.19,0,0
10/11/25 2:00,9.14,308,NW,13.61,0,0
10/11/25 3:00,7.19,328,NNW,8.94,0,0
10/11/25 4:00,6.41,335,NNW,7.78,0,0
10/11/25 5:00,4.67,272,W,7,0,0
10/11/25 6:00,4.28,346,NNW,5.05,0,0
10/11/25 7:00,6.22,292,WNW,8.94,0,0
10/11/25 8:00,4.67,349,N,5.83,0,0
10/11/25 9:00,4.86,319,NW,5.83,0,0
10/11/25 10:00,5.64,319,NW,6.61,0,0
10/11/25 11:00,4.47,271,W,6.8,0,0
10/11/25 12:00,5.83,232,SW,7.19,0,0
10/11/25 13:00,4.47,229,SW,6.41,0,0
10/11/25 14:00,7.19,255,WSW,11.47,0,0
10/11/25 15:00,11.27,302,WNW,13.61,0,0
10/11/25 16:00,7.19,289,WNW,12.25,0,0
10/11/25 17:00,8.75,271,W,12.05,0,0
10/11/25 18:00,9.33,277,W,14.58,0,0
10/11/25 19:00,9.14,275,W,13.8,0,0
10/11/25 20:00,6.41,298,WNW,8.94,0,0
10/11/25 21:00,11.27,318,NW,12.44,0,0
10/11/25 22:00,3.11,40,NE,3.89,0,0
10/11/25 23:00,2.33,337,NNW,4.67,0,0
10/12/25 0:00,4.67,350,N,6.61,0,0
10/12/25 1:00,3.5,317,NW,4.47,0,0
10/12/25 2:00,4.67,336,NNW,6.41,0,0
10/12/25 3:00,1.36,140,SE,3.3,0,0
10/12/25 4:00,3.69,157,SSE,5.05,0,0
10/12/25 5:00,4.67,202,SSW,5.44,0,0
10/12/25 6:00,5.05,198,SSW,6.22,0,0
10/12/25 7:00,4.08,207,SSW,5.05,0,0
10/12/25 8:00,6.41,195,SSW,7.58,0,0
10/12/25 9:00,5.25,242,WSW,7.78,0,0
10/12/25 10:00,4.28,245,WSW,6.03,0,0
10/12/25 11:00,5.05,228,SW,5.83,0,0
10/12/25 12:00,4.28,239,WSW,5.44,0,0
10/12/25 13:00,4.47,249,WSW,5.64,0,0
10/12/25 14:00,4.86,247,WSW,7,0,0
10/12/25 15:00,8.55,253,WSW,11.27,0,0
10/12/25 16:00,11.27,233,SW,13.61,0,0
10/12/25 17:00,13.02,222,SW,15.36,0,0
10/12/25 18:00,7.19,274,W,11.47,0,0
10/12/25 19:00,7.97,245,WSW,12.25,0,0
10/12/25 20:00,8.75,221,SW,10.5,0,0
10/12/25 21:00,8.16,242,WSW,13.02,0,0
10/12/25 22:00,9.91,276,W,14.77,0,0
10/12/25 23:00,12.05,297,WNW,18.08,0,0
10/13/25 0:00,9.14,285,WNW,15.55,0,0
10/13/25 1:00,6.8,287,WNW,12.05,0,0
10/13/25 2:00,5.64,299,WNW,10.11,0,0
10/13/25 3:00,6.61,278,W,10.5,0,0
10/13/25 4:00,5.83,290,WNW,10.69,0,0
10/13/25 5:00,6.41,250,WSW,10.3,0,0
10/13/25 6:00,6.22,278,W,10.3,0,0
10/13/25 7:00,4.86,292,WNW,7.19,0,0
10/13/25 8:00,10.3,278,W,14.38,0,0
10/13/25 9:00,10.69,266,W,15.16,0,0
10/13/25 10:00,9.33,257,WSW,14,0,0
10/13/25 11:00,7.19,246,WSW,10.11,0,0
10/13/25 12:00,12.44,219,SW,16.52,0,0
10/13/25 13:00,16.72,215,SW,21.97,0,0
10/13/25 14:00,10.3,197,SSW,13.61,0,0
10/13/25 15:00,13.02,199,SSW,15.55,0,0
10/13/25 16:00,10.69,266,W,15.36,0,0
10/13/25 17:00,6.61,146,SE,7.58,0,0
10/13/25 18:00,6.61,130,SE,8.36,0,0
10/13/25 19:00,7.78,132,SE,9.14,0,0
10/13/25 20:00,8.36,136,SE,10.5,0,0
10/13/25 21:00,10.11,107,ESE,12.83,0,0
10/13/25 22:00,5.25,124,SE,6.61,0,0
10/13/25 23:00,12.44,88,E,15.94,0,0
10/14/25 0:00,10.69,83,E,14,0,0
10/14/25 1:00,7.58,64,ENE,11.08,0,0
10/14/25 2:00,5.05,113,ESE,6.8,0,0
10/14/25 3:00,11.66,82,E,13.61,0,0
10/14/25 4:00,6.61,78,ENE,8.55,0,0
10/14/25 5:00,6.03,81,E,7.78,0,0
10/14/25 6:00,7.39,62,ENE,8.94,0,0
10/14/25 7:00,2.53,66,ENE,4.47,0,0
10/14/25 8:00,6.61,47,NE,7.78,0,0
10/14/25 9:00,5.64,67,ENE,7.58,0,0
10/14/25 10:00,5.44,94,E,7.39,0,0
10/14/25 11:00,7.97,96,E,10.3,0,0
10/14/25 12:00,4.47,96,E,8.36,0,0
10/14/25 13:00,7.97,86,E,9.91,0,0
10/14/25 14:00,6.03,76,ENE,7.58,0,0
10/14/25 15:00,2.92,40,NE,5.83,0,0
10/14/25 16:00,4.86,41,NE,6.03,0,0
10/14/25 17:00,5.64,52,NE,7.58,0,0
10/14/25 18:00,4.67,65,ENE,6.03,0,0
10/14/25 19:00,1.36,106,ESE,1.94,0,0
10/14/25 20:00,4.67,36,NE,5.83,0,0
10/14/25 21:00,1.56,124,SE,3.3,0,0
10/14/25 22:00,0.39,96,E,3.3,0,0
10/14/25 23:00,1.75,133,SE,3.89,0,0
10/15/25 0:00,3.89,142,SE,4.67,0,0
10/15/25 1:00,0.97,184,S,2.53,0,0
10/15/25 2:00,2.53,125,SE,3.5,0,0
10/15/25 3:00,4.67,216,SW,6.41,0,0
10/15/25 4:00,2.14,142,SE,3.69,0,0
10/15/25 5:00,4.28,110,ESE,5.83,0,0
10/15/25 6:00,4.47,124,SE,6.61,0,0
10/15/25 7:00,5.05,136,SE,6.61,0,0
10/15/25 8:00,3.69,161,SSE,4.86,0,0
10/15/25 9:00,3.11,347,NNW,4.47,0,0
10/15/25 10:00,3.3,326,NW,4.67,0,0
10/15/25 11:00,1.75,339,NNW,3.11,0,0
10/15/25 12:00,1.36,321,NW,2.72,0,0
10/15/25 13:00,1.94,321,NW,3.5,0,0
10/15/25 14:00,2.53,354,N,3.5,0,0
10/15/25 15:00,5.83,68,ENE,6.8,0,0
10/15/25 16:00,4.08,107,ESE,5.05,0,0
10/15/25 17:00,4.08,96,E,4.86,0,0
10/15/25 18:00,3.89,150,SSE,6.22,0,0
10/15/25 19:00,2.72,163,SSE,3.3,0,0
10/15/25 20:00,4.47,161,SSE,4.86,0,0
10/15/25 21:00,2.53,152,SSE,3.11,0,0
10/15/25 22:00,4.67,334,NNW,6.41,0,0
10/15/25 23:00,6.41,344,NNW,7.78,0,0
10/16/25 0:00,6.22,323,NW,7.97,0,0
10/16/25 1:00,2.33,353,N,2.72,0,0
10/16/25 2:00,2.53,152,SSE,3.3,0,0
10/16/25 3:00,1.75,191,S,2.92,0,0
10/16/25 4:00,4.28,156,SSE,5.05,0,0
10/16/25 5:00,2.72,172,S,3.5,0,0
10/16/25 6:00,3.69,163,SSE,4.28,0,0
10/16/25 7:00,2.72,146,SE,3.5,0,0
10/16/25 8:00,2.14,314,NW,3.11,0,0
10/16/25 9:00,3.3,345,NNW,4.08,0,0
10/16/25 10:00,4.67,333,NNW,5.83,0,0
10/16/25 11:00,1.75,309,NW,2.92,0,0
10/16/25 12:00,3.3,289,WNW,4.47,0,0
10/16/25 13:00,4.28,302,WNW,5.83,0,0
10/16/25 14:00,3.11,288,WNW,4.47,0,0
10/16/25 15:00,4.08,286,WNW,5.44,0,0
10/16/25 16:00,3.5,289,WNW,4.28,0,0
10/16/25 17:00,1.75,231,SW,3.3,0,0
10/16/25 18:00,7,237,WSW,8.75,0,0
10/16/25 19:00,7.39,227,SW,9.72,0,0
10/16/25 20:00,7.58,294,WNW,9.72,0,0
10/16/25 21:00,3.89,262,W,5.44,0,0
10/16/25 22:00,2.14,181,S,2.72,0,0
10/16/25 23:00,1.56,163,SSE,2.53,0,0
10/17/25 0:00,3.3,223,SW,3.89,0,0
10/17/25 1:00,2.92,240,WSW,3.89,0,0
10/17/25 2:00,2.92,235,SW,3.89,0,0
10/17/25 3:00,3.89,224,SW,5.44,0,0
10/17/25 4:00,4.67,328,NNW,5.64,0,0
10/17/25 5:00,1.56,320,NW,3.3,0,0
10/17/25 6:00,2.53,157,SSE,3.69,0,0
10/17/25 7:00,0.78,198,SSW,2.72,0,0
10/17/25 8:00,1.94,149,SSE,3.89,0,0
10/17/25 9:00,0.39,145,SE,2.72,0,0
10/17/25 10:00,4.47,334,NNW,5.25,0,0
10/17/25 11:00,2.72,253,WSW,3.89,0,0
10/17/25 12:00,7.19,90,E,7.78,0,0
10/17/25 13:00,8.16,96,E,10.3,0,0
10/17/25 14:00,7.97,85,E,9.72,0,0
10/17/25 15:00,6.8,104,ESE,9.14,0,0
10/17/25 16:00,7.58,96,E,10.11,0,0
10/17/25 17:00,6.8,78,ENE,7.58,0,0
10/17/25 18:00,5.83,100,E,7,0,0
10/17/25 19:00,1.94,204,SSW,2.33,0,0
10/17/25 20:00,3.3,129,SE,4.08,0,0
10/17/25 21:00,4.47,296,WNW,5.64,0,0
10/17/25 22:00,1.36,173,S,1.75,0,0
10/17/25 23:00,2.72,205,SSW,3.89,0,0
10/18/25 0:00,4.08,209,SSW,4.67,0,0
10/18/25 1:00,3.5,188,S,5.05,0,0
10/18/25 2:00,2.14,169,S,3.11,0,0
10/18/25 3:00,2.92,139,SE,3.5,0,0
10/18/25 4:00,2.53,111,ESE,4.86,0,0
10/18/25 5:00,4.08,106,ESE,5.83,0,0
10/18/25 6:00,7,89,E,9.33,0,0
10/18/25 7:00,9.14,98,E,12.25,0,0
10/18/25 8:00,6.8,87,E,8.36,0,0
10/18/25 9:00,6.41,104,ESE,7.78,0,0
10/18/25 10:00,8.16,109,ESE,10.89,0,0
10/18/25 11:00,8.16,98,E,10.5,0,0
10/18/25 12:00,7.97,93,E,10.3,0,0
10/18/25 13:00,10.5,91,E,13.02,0,0
10/18/25 14:00,10.5,93,E,12.64,0,0
10/18/25 15:00,10.11,98,E,12.64,0,0
10/18/25 16:00,9.91,95,E,11.27,0,0
10/18/25 17:00,7.78,98,E,8.94,0,0
10/18/25 18:00,7.19,104,ESE,8.36,0,0
10/18/25 19:00,3.89,149,SSE,5.64,0,0
10/18/25 20:00,4.08,87,E,6.03,0,0
10/18/25 21:00,2.33,188,S,4.08,0,0
10/18/25 22:00,2.53,360,N,2.92,0,0
10/18/25 23:00,2.72,190,S,3.3,0,0
10/19/25 0:00,3.11,222,SW,3.89,0,0
10/19/25 1:00,3.5,212,SSW,4.47,0,0
10/19/25 2:00,2.33,278,W,3.3,0,0
10/19/25 3:00,0.97,166,SSE,1.75,0,0
10/19/25 4:00,3.11,227,SW,4.08,0,0
10/19/25 5:00,2.33,267,W,3.69,0,0
10/19/25 6:00,3.3,171,S,4.28,0,0
10/19/25 7:00,3.3,2,N,6.03,0,0
10/19/25 8:00,7.39,213,SSW,8.94,0,0
10/19/25 9:00,5.64,262,W,8.36,0,0
10/19/25 10:00,5.44,259,W,6.61,0,0
10/19/25 11:00,7.19,289,WNW,9.33,0,0
10/19/25 12:00,4.67,275,W,9.52,0,0
10/19/25 13:00,7.39,237,WSW,8.75,0,0
10/19/25 14:00,4.28,233,SW,5.05,0,0
10/19/25 15:00,5.44,235,SW,6.22,0,0
10/19/25 16:00,4.86,248,WSW,8.16,0,0
10/19/25 17:00,8.36,252,WSW,10.89,0,0
10/19/25 18:00,5.25,246,WSW,8.75,0,0
10/19/25 19:00,7.19,207,SSW,10.5,0,0
10/19/25 20:00,5.64,243,WSW,8.55,0,0
10/19/25 21:00,4.86,249,WSW,7.39,0,0
10/19/25 22:00,2.33,250,WSW,4.28,0,0
10/19/25 23:00,2.14,272,W,3.69,0,0
10/20/25 0:00,2.33,152,SSE,4.08,0,0
10/20/25 1:00,2.72,103,ESE,4.67,0,0
10/20/25 2:00,4.67,58,ENE,5.44,0,0
10/20/25 3:00,2.92,121,ESE,3.5,0,0
10/20/25 4:00,2.92,98,E,3.89,0,0
10/20/25 5:00,2.14,133,SE,2.53,0,0
10/20/25 6:00,2.14,125,SE,2.53,0,0
10/20/25 7:00,0.58,204,SSW,1.56,0,0
10/20/25 8:00,2.33,321,NW,3.3,0,0
10/20/25 9:00,1.94,123,ESE,4.47,0,0
10/20/25 10:00,7.78,90,E,9.14,0,0
10/20/25 11:00,8.94,98,E,11.08,0,0
10/20/25 12:00,9.14,116,ESE,11.66,0,0
10/20/25 13:00,9.72,109,ESE,12.64,0,0
10/20/25 14:00,9.72,101,E,13.61,0,0
10/20/25 15:00,8.55,103,ESE,13.02,0,0
10/20/25 16:00,9.91,94,E,11.66,0,0
10/20/25 17:00,7.19,97,E,9.72,0,0
10/20/25 18:00,6.22,93,E,7.39,0,0
10/20/25 19:00,5.44,86,E,6.8,0,0
10/20/25 20:00,0.58,179,S,1.94,0,0
10/20/25 21:00,0,269,W,0.58,0,0
10/20/25 22:00,2.14,208,SSW,3.5,0,0
10/20/25 23:00,1.36,126,SE,2.33,0,0
10/21/25 0:00,0.58,293,WNW,0.97,0,0
10/21/25 1:00,1.36,90,E,1.94,0,0
10/21/25 2:00,3.89,56,NE,4.47,0,0
10/21/25 3:00,0.58,269,W,1.17,0,0
10/21/25 4:00,0.58,149,SSE,1.36,0,0
10/21/25 5:00,2.53,157,SSE,2.92,0,0
10/21/25 6:00,0.58,249,WSW,1.36,0,0
10/21/25 7:00,2.53,118,ESE,5.25,0,0
10/21/25 8:00,8.94,96,E,10.5,0,0
10/21/25 9:00,9.72,98,E,11.66,0,0
10/21/25 10:00,8.55,78,ENE,10.11,0,0
10/21/25 11:00,9.14,103,ESE,10.69,0,0
10/21/25 12:00,8.55,90,E,9.91,0,0
10/21/25 13:00,10.11,95,E,11.86,0,0
10/21/25 14:00,9.52,93,E,10.3,0,0
10/21/25 15:00,7.58,81,E,9.14,0,0
10/21/25 16:00,9.52,239,WSW,11.66,0,0
10/21/25 17:00,8.16,246,WSW,10.69,0,0
10/21/25 18:00,7,245,WSW,9.33,0,0
10/21/25 19:00,12.44,233,SW,15.36,0,0
10/21/25 20:00,13.02,234,SW,16.33,0,0
10/21/25 21:00,10.89,246,WSW,15.36,0,0
10/21/25 22:00,11.86,254,WSW,17.49,0,0
10/21/25 23:00,12.64,251,WSW,16.33,0,0
10/22/25 0:00,9.33,260,W,12.25,0,0
10/22/25 1:00,8.36,277,W,12.05,0,0
10/22/25 2:00,9.91,296,WNW,12.64,0,0
10/22/25 3:00,9.52,234,SW,12.25,0,0
10/22/25 4:00,11.86,258,WSW,15.16,0,0
10/22/25 5:00,10.89,311,NW,15.16,0,0
10/22/25 6:00,9.52,277,W,12.83,0,0
10/22/25 7:00,10.69,278,W,14.97,0,0
10/22/25 8:00,9.14,282,WNW,14.19,0,0
10/22/25 9:00,8.55,291,WNW,12.44,0,0
10/22/25 10:00,9.33,277,W,14,0,0
10/22/25 11:00,7.39,287,WNW,10.3,0,0
10/22/25 12:00,7.97,239,WSW,10.5,0,0
10/22/25 13:00,10.5,238,WSW,12.44,0,0
10/22/25 14:00,11.47,215,SW,15.36,0,0
10/22/25 15:00,11.66,231,SW,15.75,0,0
10/22/25 16:00,7.58,248,WSW,12.05,0,0
10/22/25 17:00,9.52,279,W,14.97,0,0
10/22/25 18:00,8.55,270,W,11.47,0,0
10/22/25 19:00,8.16,279,W,11.86,0,0
10/22/25 20:00,6.03,228,SW,7.97,0,0
10/22/25 21:00,7.58,283,WNW,11.27,0,0
10/22/25 22:00,13.8,312,NW,15.36,0,0
10/22/25 23:00,6.8,284,WNW,11.47,0,0
10/23/25 0:00,6.03,282,WNW,10.89,0,0
10/23/25 1:00,6.8,278,W,9.14,0,0
10/23/25 2:00,6.8,284,WNW,9.33,0,0
10/23/25 3:00,6.41,260,W,8.55,0,0
10/23/25 4:00,5.25,207,SSW,6.41,0,0
10/23/25 5:00,6.22,211,SSW,7.97,0,0
10/23/25 6:00,2.53,340,NNW,3.3,0,0
10/23/25 7:00,4.67,343,NNW,6.03,0,0
10/23/25 8:00,3.5,330,NNW,4.67,0,0
10/23/25 9:00,4.08,324,NW,5.25,0,0
10/23/25 10:00,5.83,337,NNW,7,0,0
10/23/25 11:00,4.08,318,NW,5.83,0,0
10/23/25 12:00,5.25,312,NW,6.8,0,0
10/23/25 13:00,4.86,304,NW,6.41,0,0
10/23/25 14:00,5.64,302,WNW,6.8,0,0
10/23/25 15:00,5.83,280,W,8.36,0,0
10/23/25 16:00,6.8,247,WSW,10.3,0,0
10/23/25 17:00,6.8,250,WSW,8.55,0,0
10/23/25 18:00,7.78,239,WSW,9.52,0,0
10/23/25 19:00,8.36,231,SW,10.69,0,0
10/23/25 20:00,6.03,245,WSW,9.33,0,0
10/23/25 21:00,7.58,230,SW,8.75,0,0
10/23/25 22:00,4.28,219,SW,6.22,0,0
10/23/25 23:00,6.8,252,WSW,8.94,0,0
10/24/25 0:00,5.25,233,SW,6.8,0,0
10/24/25 1:00,2.14,251,WSW,2.92,0,0
10/24/25 2:00,5.25,237,WSW,7.58,0,0
10/24/25 3:00,4.67,207,SSW,5.44,0,0
10/24/25 4:00,5.44,206,SSW,6.61,0,0
10/24/25 5:00,4.28,220,SW,5.44,0,0
10/24/25 6:00,2.33,265,W,6.41,0,0
10/24/25 7:00,5.44,322,NW,8.16,0,0
10/24/25 8:00,6.41,326,NW,7.78,0,0
10/24/25 9:00,4.08,293,WNW,5.25,0,0
10/24/25 10:00,7.58,335,NNW,9.14,0,0
10/24/25 11:00,4.28,320,NW,6.61,0,0
10/24/25 12:00,5.83,312,NW,7.58,0,0
10/24/25 13:00,5.83,307,NW,7.78,0,0
10/24/25 14:00,5.25,301,WNW,6.22,0,0
10/24/25 15:00,5.64,237,WSW,7.58,0,0
10/24/25 16:00,12.25,225,SW,14.77,0,0
10/24/25 17:00,11.08,255,WSW,14.77,0,0
10/24/25 18:00,7.19,290,WNW,11.47,0,0
10/24/25 19:00,7.39,293,WNW,12.44,0,0
10/24/25 20:00,10.5,297,WNW,13.41,0,0
10/24/25 21:00,5.05,288,WNW,8.75,0,0
10/24/25 22:00,7.58,307,NW,9.91,0,0
10/24/25 23:00,12.25,322,NW,14.19,0,0
10/25/25 0:00,5.44,307,NW,7.19,0,0
10/25/25 1:00,4.67,276,W,6.8,0,0
10/25/25 2:00,7.58,230,SW,8.94,0,0
10/25/25 3:00,8.94,226,SW,11.27,0,0
10/25/25 4:00,5.44,220,SW,7.58,0,0
10/25/25 5:00,8.36,207,SSW,10.89,0,0
10/25/25 6:00,6.8,205,SSW,10.3,0,0
10/25/25 7:00,3.69,225,SW,5.44,0,0
10/25/25 8:00,10.5,202,SSW,13.61,0,0
10/25/25 9:00,10.89,202,SSW,14.97,0,0
10/25/25 10:00,,,,,1,1
10/25/25 11:00,12.44,220,SW,15.75,0,0
10/25/25 12:00,15.16,225,SW,18.66,0,0
10/25/25 13:00,12.64,235,SW,15.16,0,0
10/25/25 14:00,11.86,227,SW,13.8,0,0
10/25/25 15:00,9.14,212,SSW,11.27,0,0
10/25/25 16:00,9.33,214,SW,12.25,0,0
10/25/25 17:00,11.27,208,SSW,14.19,0,0
10/25/25 18:00,7.78,291,WNW,13.41,0,0
10/25/25 19:00,4.28,288,WNW,7,0,0
10/25/25 20:00,7.19,221,SW,9.33,0,0
10/25/25 21:00,8.36,163,SSE,9.72,0,0
10/25/25 22:00,5.83,195,SSW,7.19,0,0
10/25/25 23:00,4.86,240,WSW,7,0,0
10/26/25 0:00,6.03,245,WSW,8.36,0,0
10/26/25 1:00,10.69,307,NW,12.64,0,0
10/26/25 2:00,6.03,316,NW,7.19,0,0
10/26/25 3:00,2.72,346,NNW,3.89,0,0
10/26/25 4:00,0.58,16,NNE,1.94,0,0
10/26/25 5:00,1.75,159,SSE,2.72,0,0
10/26/25 6:00,2.92,146,SE,3.69,0,0
10/26/25 7:00,2.92,126,SE,5.44,0,0
10/26/25 8:00,4.28,215,SW,4.86,0,0
10/26/25 9:00,4.86,219,SW,6.03,0,0
10/26/25 10:00,8.16,215,SW,10.89,0,0
10/26/25 11:00,13.41,210,SSW,17.3,0,0
10/26/25 12:00,15.55,212,SSW,21.38,0,0
10/26/25 13:00,18.66,218,SW,25.46,0,0
10/26/25 14:00,14,207,SSW,20.41,0,0
10/26/25 15:00,14.77,206,SSW,19.63,0,0
10/26/25 16:00,17.49,230,SW,24.1,0,0
10/26/25 17:00,15.94,235,SW,21.97,0,0
10/26/25 18:00,12.64,270,W,20.8,0,0
10/26/25 19:00,10.11,270,W,17.3,0,0
10/26/25 20:00,11.66,231,SW,14.38,0,0
10/26/25 21:00,9.33,244,WSW,13.02,0,0
10/26/25 22:00,9.72,231,SW,11.66,0,0
10/26/25 23:00,8.16,255,WSW,10.89,0,0
10/27/25 0:00,8.16,239,WSW,10.3,0,0
10/27/25 1:00,5.44,277,W,7.78,0,0
10/27/25 2:00,3.11,314,NW,4.67,0,0
10/27/25 3:00,2.92,321,NW,4.47,0,0
10/27/25 4:00,7.78,312,NW,9.52,0,0
10/27/25 5:00,7,309,NW,8.55,0,0
10/27/25 6:00,4.08,358,N,6.03,0,0
10/27/25 7:00,3.5,321,NW,4.28,0,0
10/27/25 8:00,5.64,336,NNW,8.55,0,0
10/27/25 9:00,3.11,334,NNW,4.08,0,0
10/27/25 10:00,4.86,316,NW,5.64,0,0
10/27/25 11:00,3.3,285,WNW,4.67,0,0
10/27/25 12:00,3.5,290,WNW,4.67,0,0
10/27/25 13:00,4.08,251,WSW,5.05,0,0
10/27/25 14:00,4.67,243,WSW,6.22,0,0
10/27/25 15:00,3.11,233,SW,3.89,0,0
10/27/25 16:00,3.5,258,WSW,4.28,0,0
10/27/25 17:00,4.28,294,WNW,5.83,0,0
10/27/25 18:00,0.58,267,W,1.17,0,0
10/27/25 19:00,5.05,294,WNW,6.61,0,0
10/27/25 20:00,8.75,304,NW,10.69,0,0
10/27/25 21:00,4.47,280,W,6.41,0,0
10/27/25 22:00,4.28,205,SSW,8.16,0,0
10/27/25 23:00,3.69,159,SSE,5.44,0,0
10/28/25 0:00,3.11,198,SSW,4.28,0,0
10/28/25 1:00,0.78,190,S,1.75,0,0
10/28/25 2:00,1.36,155,SSE,2.14,0,0
10/28/25 3:00,4.28,324,NW,4.86,0,0
10/28/25 4:00,3.69,148,SSE,5.05,0,0
10/28/25 5:00,1.56,213,SSW,2.53,0,0
10/28/25 6:00,2.53,173,S,3.3,0,0
10/28/25 7:00,2.53,338,NNW,2.92,0,0
10/28/25 8:00,2.92,154,SSE,3.69,0,0
10/28/25 9:00,0.19,22,NNE,1.17,0,0
10/28/25 10:00,2.14,20,NNE,3.5,0,0
10/28/25 11:00,11.08,79,E,12.05,0,0
10/28/25 12:00,11.86,82,E,12.64,0,0
10/28/25 13:00,12.05,79,E,12.64,0,0
10/28/25 14:00,8.16,85,E,10.11,0,0
10/28/25 15:00,4.08,135,SE,5.83,0,0
10/28/25 16:00,8.75,126,SE,11.47,0,0
10/28/25 17:00,4.28,127,SE,6.8,0,0
10/28/25 18:00,1.17,172,S,2.14,0,0
10/28/25 19:00,1.36,299,WNW,2.14,0,0
10/28/25 20:00,1.36,140,SE,2.53,0,0
10/28/25 21:00,3.11,177,S,3.69,0,0
10/28/25 22:00,2.53,174,S,3.3,0,0
10/28/25 23:00,1.94,135,SE,2.72,0,0
10/29/25 0:00,0.97,69,ENE,1.36,0,0
10/29/25 1:00,1.17,59,ENE,1.94,0,0
10/29/25 2:00,1.36,129,SE,2.14,0,0
10/29/25 3:00,2.14,162,SSE,4.08,0,0
10/29/25 4:00,3.3,111,ESE,4.08,0,0
10/29/25 5:00,4.86,67,ENE,6.8,0,0
10/29/25 6:00,7,78,ENE,8.75,0,0
10/29/25 7:00,6.41,72,ENE,8.75,0,0
10/29/25 8:00,6.03,72,ENE,7.19,0,0
10/29/25 9:00,3.89,32,NNE,5.05,0,0
10/29/25 10:00,5.05,40,NE,6.22,0,0
10/29/25 11:00,6.41,335,NNW,7.58,0,0
10/29/25 12:00,3.89,308,NW,4.28,0,0
10/29/25 13:00,1.36,249,WSW,1.75,0,0
10/29/25 14:00,2.53,261,W,3.11,0,0
10/29/25 15:00,0.19,111,ESE,0.78,0,0
10/29/25 16:00,0,65,ENE,0,0,0
10/29/25 17:00,1.17,91,E,1.36,0,0
10/29/25 18:00,4.08,248,WSW,7.58,0,0
10/29/25 19:00,3.11,100,E,4.08,0,0
10/29/25 20:00,0.19,328,NNW,1.36,0,0
10/29/25 21:00,1.17,294,WNW,2.14,0,0
10/29/25 22:00,0.97,102,ESE,2.33,0,0
10/29/25 23:00,5.25,313,NW,6.22,0,0
10/30/25 0:00,3.5,226,SW,4.47,0,0
10/30/25 1:00,5.25,299,WNW,7,0,0
10/30/25 2:00,3.5,222,SW,4.86,0,0
10/30/25 3:00,3.3,249,WSW,5.44,0,0
10/30/25 4:00,3.69,279,W,5.83,0,0
10/30/25 5:00,4.86,285,WNW,7.19,0,0
10/30/25 6:00,5.44,277,W,7.78,0,0
10/30/25 7:00,4.86,284,WNW,7.58,0,0
10/30/25 8:00,4.86,250,WSW,7.58,0,0
10/30/25 9:00,4.86,299,WNW,7.78,0,0
10/30/25 10:00,4.47,259,W,6.03,0,0
10/30/25 11:00,5.25,255,WSW,7.19,0,0
10/30/25 12:00,4.47,297,WNW,6.8,0,0
10/30/25 13:00,4.86,293,WNW,8.36,0,0
10/30/25 14:00,6.8,260,W,9.14,0,0
10/30/25 15:00,8.55,237,WSW,10.69,0,0
10/30/25 16:00,5.25,250,WSW,7.19,0,0
10/30/25 17:00,8.94,238,WSW,10.89,0,0
10/30/25 18:00,12.25,288,WNW,15.16,0,0
10/30/25 19:00,10.11,288,WNW,11.66,0,0
10/30/25 20:00,6.8,243,WSW,8.94,0,0
10/30/25 21:00,8.36,260,W,11.66,0,0
10/30/25 22:00,3.89,270,W,5.44,0,0
10/30/25 23:00,3.89,247,WSW,5.64,0,0
10/31/25 0:00,6.8,246,WSW,9.52,0,0
10/31/25 1:00,10.69,230,SW,13.8,0,0
10/31/25 2:00,6.8,220,SW,8.55,0,0
10/31/25 3:00,5.64,218,SW,6.8,0,0
10/31/25 4:00,6.8,215,SW,7.97,0,0
10/31/25 5:00,7.58,214,SW,8.75,0,0
10/31/25 6:00,7,204,SSW,8.16,0,0
10/31/25 7:00,3.89,327,NNW,5.25,0,0
10/31/25 8:00,5.05,294,WNW,7.58,0,0
10/31/25 9:00,5.44,315,NW,7.97,0,0
10/31/25 10:00,3.3,262,W,4.86,0,0
10/31/25 11:00,6.61,309,NW,8.16,0,0
10/31/25 12:00,3.89,265,W,5.44,0,0
10/31/25 13:00,2.53,239,WSW,3.89,0,0
10/31/25 14:00,0.78,11,N,1.17,0,0
10/31/25 15:00,3.11,236,SW,3.89,0,0
10/31/25 16:00,3.5,262,W,5.05,0,0
10/31/25 17:00,4.86,245,WSW,7.78,0,0
10/31/25 18:00,5.05,250,WSW,6.61,0,0
10/31/25 19:00,4.67,248,WSW,5.83,0,0
10/31/25 20:00,4.86,248,WSW,7.39,0,0
10/31/25 21:00,5.25,247,WSW,7.39,0,0
10/31/25 22:00,5.05,256,WSW,6.8,0,0
10/31/25 23:00,3.69,235,SW,4.86,0,0
11/1/25 0:00,3.5,223,SW,4.28,0,0
11/1/25 1:00,1.75,175,S,2.33,0,0
11/1/25 2:00,1.17,254,WSW,3.3,0,0
11/1/25 3:00,1.75,179,S,2.53,0,0
11/1/25 4:00,2.14,245,WSW,3.11,0,0
11/1/25 5:00,2.33,250,WSW,4.28,0,0
11/1/25 6:00,2.72,251,WSW,4.47,0,0
11/1/25 7:00,4.28,345,NNW,5.05,0,0
11/1/25 8:00,4.47,227,SW,5.64,0,0
11/1/25 9:00,4.67,207,SSW,6.41,0,0
11/1/25 10:00,5.44,268,W,8.16,0,0
11/1/25 11:00,5.44,252,WSW,8.16,0,0
11/1/25 12:00,2.14,246,WSW,3.11,0,0
11/1/25 13:00,2.72,260,W,3.69,0,0
11/1/25 14:00,3.5,250,WSW,4.47,0,0
11/1/25 15:00,3.11,252,WSW,4.28,0,0
11/1/25 16:00,3.69,299,WNW,4.67,0,0
11/1/25 17:00,0.97,252,WSW,1.94,0,0
11/1/25 18:00,6.22,259,W,8.75,0,0
11/1/25 19:00,4.47,237,WSW,5.25,0,0
11/1/25 20:00,2.53,247,WSW,3.5,0,0
11/1/25 21:00,2.53,237,WSW,3.5,0,0
11/1/25 22:00,2.92,243,WSW,4.28,0,0
11/1/25 23:00,3.3,225,SW,4.08,0,0
11/2/25 0:00,1.75,240,WSW,2.33,0,0
11/2/25 1:00,1.17,58,ENE,2.72,0,0
11/2/25 2:00,1.75,236,SW,3.11,0,0
11/2/25 3:00,1.36,170,S,2.14,0,0
11/2/25 4:00,2.14,132,SE,2.53,0,0
11/2/25 5:00,2.14,148,SSE,3.3,0,0
11/2/25 6:00,0.97,255,WSW,1.56,0,0
11/2/25 7:00,0.78,302,WNW,1.56,0,0
11/2/25 8:00,1.75,305,NW,2.53,0,0
11/2/25 9:00,1.75,300,WNW,2.33,0,0
11/2/25 10:00,2.53,295,WNW,3.69,0,0
11/2/25 11:00,3.3,284,WNW,4.67,0,0
11/2/25 12:00,4.28,257,WSW,5.25,0,0
11/2/25 13:00,3.5,261,W,4.28,0,0
11/2/25 14:00,2.14,285,WNW,3.69,0,0
11/2/25 15:00,3.5,257,WSW,4.86,0,0
11/2/25 16:00,3.89,254,WSW,4.47,0,0
11/2/25 17:00,2.53,221,SW,3.89,0,0
11/2/25 18:00,0.58,122,ESE,1.17,0,0
11/2/25 19:00,,,,,1,1
11/2/25 20:00,1.36,109,ESE,2.14,0,0
11/2/25 21:00,3.11,234,SW,4.28,0,0
11/2/25 22:00,1.36,327,NNW,1.75,0,0
11/2/25 23:00,2.33,321,NW,2.72,0,0
11/3/25 0:00,0.58,141,SE,1.94,0,0
11/3/25 1:00,2.53,270,W,3.89,0,0
11/3/25 2:00,1.56,227,SW,2.33,0,0
11/3/25 3:00,1.36,210,SSW,2.33,0,0
11/3/25 4:00,4.47,261,W,5.83,0,0
11/3/25 5:00,9.14,237,WSW,11.27,0,0
11/3/25 6:00,3.5,247,WSW,6.61,0,0
11/3/25 7:00,2.14,178,S,3.89,0,0
11/3/25 8:00,13.61,233,SW,16.33,0,0
11/3/25 9:00,11.86,252,WSW,16.33,0,0
11/3/25 10:00,9.33,288,WNW,12.25,0,0
11/3/25 11:00,10.11,233,SW,12.25,0,0
11/3/25 12:00,7.78,254,WSW,10.11,0,0
11/3/25 13:00,10.11,238,WSW,12.83,0,0
11/3/25 14:00,11.27,237,WSW,12.83,0,0
11/3/25 15:00,9.14,220,SW,11.47,0,0
11/3/25 16:00,9.72,231,SW,11.47,0,0
11/3/25 17:00,10.3,224,SW,13.8,0,0
11/3/25 18:00,9.33,222,SW,12.44,0,0
11/3/25 19:00,7.78,285,WNW,10.5,0,0
11/3/25 20:00,8.75,240,WSW,12.05,0,0
11/3/25 21:00,6.41,247,WSW,10.5,0,0
11/3/25 22:00,9.72,237,WSW,11.86,0,0
11/3/25 23:00,3.89,207,SSW,4.67,0,0
11/4/25 0:00,1.36,146,SE,3.11,0,0
11/4/25 1:00,1.94,119,ESE,3.3,0,0
11/4/25 2:00,1.56,88,E,2.53,0,0
11/4/25 3:00,3.3,151,SSE,5.25,0,0
11/4/25 4:00,2.14,312,NW,5.05,0,0
11/4/25 5:00,4.47,161,SSE,5.44,0,0
11/4/25 6:00,1.75,83,E,2.72,0,0
11/4/25 7:00,2.33,128,SE,3.89,0,0
11/4/25 8:00,1.75,248,WSW,2.33,0,0
11/4/25 9:00,1.36,298,WNW,2.33,0,0
11/4/25 10:00,2.33,310,NW,3.11,0,0
11/4/25 11:00,7.58,276,W,9.52,0,0
11/4/25 12:00,7.39,250,WSW,12.05,0,0
11/4/25 13:00,9.14,252,WSW,16.13,0,0
11/4/25 14:00,13.22,254,WSW,16.72,0,0
11/4/25 15:00,10.3,252,WSW,14.97,0,0
11/4/25 16:00,8.55,260,W,13.02,0,0
11/4/25 17:00,7.39,267,W,10.3,0,0
11/4/25 18:00,10.11,243,WSW,14.97,0,0
11/4/25 19:00,5.25,234,SW,9.14,0,0
11/4/25 20:00,3.3,202,SSW,6.03,0,0
11/4/25 21:00,5.05,220,SW,7.58,0,0
11/4/25 22:00,8.55,203,SSW,11.27,0,0
11/4/25 23:00,4.86,232,SW,5.83,0,0
11/5/25 0:00,5.25,234,SW,7.97,0,0
11/5/25 1:00,7,201,SSW,14,0,0
11/5/25 2:00,6.8,221,SW,8.94,0,0
11/5/25 3:00,7,152,SSE,9.91,0,0
11/5/25 4:00,15.94,184,S,23.52,0,0
11/5/25 5:00,10.11,188,S,13.22,0,0
11/5/25 6:00,13.22,206,SSW,18.86,0,0
11/5/25 7:00,13.8,202,SSW,20.99,0,0
11/5/25 8:00,17.69,204,SSW,27.6,0,0
11/5/25 9:00,20.8,201,SSW,29.16,0,0
11/5/25 10:00,17.69,197,SSW,23.13,0,0
11/5/25 11:00,22.55,201,SSW,27.99,0,0
11/5/25 12:00,20.02,220,SW,25.85,0,0
11/5/25 13:00,12.64,213,SSW,20.8,0,0
11/5/25 14:00,6.22,252,WSW,10.89,0,0
11/5/25 15:00,7.78,223,SW,9.91,0,0
11/5/25 16:00,6.61,192,SSW,9.91,0,0
11/5/25 17:00,7.39,203,SSW,12.64,0,0
11/5/25 18:00,5.83,208,SSW,7.97,0,0
11/5/25 19:00,4.47,196,SSW,7.58,0,0
11/5/25 20:00,4.08,210,SSW,5.25,0,0
11/5/25 21:00,3.69,176,S,5.44,0,0
11/5/25 22:00,1.56,135,SE,2.92,0,0
11/5/25 23:00,3.3,18,NNE,4.08,0,0
11/6/25 0:00,2.33,330,NNW,3.3,0,0
11/6/25 1:00,7.19,264,W,9.72,0,0
11/6/25 2:00,7.19,232,SW,9.72,0,0
11/6/25 3:00,6.22,262,W,10.11,0,0
11/6/25 4:00,6.22,253,WSW,9.14,0,0
11/6/25 5:00,5.44,226,SW,6.8,0,0
11/6/25 6:00,7,217,SW,8.36,0,0
11/6/25 7:00,4.86,226,SW,6.22,0,0
11/6/25 8:00,5.44,223,SW,6.41,0,0
11/6/25 9:00,4.47,258,WSW,6.41,0,0
11/6/25 10:00,4.67,331,NNW,5.83,0,0
11/6/25 11:00,5.05,314,NW,6.22,0,0
11/6/25 12:00,3.3,264,W,4.86,0,0
11/6/25 13:00,4.08,230,SW,4.86,0,0
11/6/25 14:00,5.25,237,WSW,6.41,0,0
11/6/25 15:00,4.47,231,SW,5.44,0,0
11/6/25 16:00,7.39,238,WSW,8.55,0,0
11/6/25 17:00,8.75,223,SW,10.5,0,0
11/6/25 18:00,5.44,226,SW,7.58,0,0
11/6/25 19:00,4.28,210,SSW,5.25,0,0
11/6/25 20:00,3.5,256,WSW,5.05,0,0
11/6/25 21:00,4.08,262,W,6.8,0,0
11/6/25 22:00,4.86,312,NW,5.83,0,0
11/6/25 23:00,3.69,246,WSW,5.05,0,0
11/7/25 0:00,3.89,267,W,5.25,0,0
11/7/25 1:00,4.08,255,WSW,6.61,0,0
11/7/25 2:00,2.14,186,S,3.69,0,0
11/7/25 3:00,1.36,137,SE,2.53,0,0
11/7/25 4:00,2.53,159,SSE,3.11,0,0
11/7/25 5:00,0.58,341,NNW,1.56,0,0
11/7/25 6:00,2.92,262,W,4.08,0,0
11/7/25 7:00,3.3,273,W,4.86,0,0
11/7/25 8:00,1.56,232,SW,2.33,0,0
11/7/25 9:00,3.89,271,W,5.64,0,0
11/7/25 10:00,5.83,293,WNW,7.97,0,0
11/7/25 11:00,3.69,294,WNW,6.41,0,0
11/7/25 12:00,2.72,312,NW,3.89,0,0
11/7/25 13:00,2.33,233,SW,3.11,0,0
11/7/25 14:00,2.53,204,SSW,3.69,0,0
11/7/25 15:00,4.08,231,SW,5.25,0,0
11/7/25 16:00,3.11,235,SW,4.67,0,0
11/7/25 17:00,1.94,354,N,3.89,0,0
11/7/25 18:00,4.67,326,NW,6.03,0,0
11/7/25 19:00,0.97,286,WNW,1.94,0,0
11/7/25 20:00,5.05,212,SSW,6.03,0,0
11/7/25 21:00,3.3,190,S,4.67,0,0
11/7/25 22:00,3.5,208,SSW,4.28,0,0
11/7/25 23:00,1.56,174,S,2.33,0,0
11/8/25 0:00,4.08,222,SW,4.67,0,0
11/8/25 1:00,5.05,199,SSW,5.64,0,0
11/8/25 2:00,3.3,216,SW,4.67,0,0
11/8/25 3:00,3.69,155,SSE,4.47,0,0
11/8/25 4:00,0,313,NW,1.36,0,0
11/8/25 5:00,2.14,336,NNW,4.47,0,0
11/8/25 6:00,1.56,325,NW,2.72,0,0
11/8/25 7:00,3.69,349,N,5.05,0,0
11/8/25 8:00,3.89,315,NW,5.05,0,0
11/8/25 9:00,1.75,306,NW,3.3,0,0
11/8/25 10:00,1.56,243,WSW,3.11,0,0
11/8/25 11:00,0.19,43,NE,0.78,0,0
11/8/25 12:00,2.72,255,WSW,3.69,0,0
11/8/25 13:00,4.28,296,WNW,5.44,0,0
11/8/25 14:00,3.3,293,WNW,4.47,0,0
11/8/25 15:00,3.11,42,NE,4.47,0,0
11/8/25 16:00,7.39,96,E,9.52,0,0
11/8/25 17:00,2.72,88,E,4.28,0,0
11/8/25 18:00,2.14,79,E,3.11,0,0
11/8/25 19:00,6.41,77,ENE,7,0,0
11/8/25 20:00,6.8,82,E,7.78,0,0
11/8/25 21:00,7.39,62,ENE,8.16,0,0
11/8/25 22:00,6.03,95,E,6.8,0,0
11/8/25 23:00,7.19,87,E,8.75,0,0
11/9/25 0:00,11.08,80,E,11.86,0,0
11/9/25 1:00,8.36,74,ENE,10.3,0,0
11/9/25 2:00,4.67,88,E,7.58,0,0
11/9/25 3:00,8.55,86,E,11.47,0,0
11/9/25 4:00,9.72,86,E,12.44,0,0
11/9/25 5:00,7.39,72,ENE,9.72,0,0
11/9/25 6:00,11.86,81,E,15.75,0,0
11/9/25 7:00,11.47,87,E,14.38,0,0
11/9/25 8:00,11.08,89,E,15.75,0,0
11/9/25 9:00,14,89,E,16.91,0,0
11/9/25 10:00,11.27,85,E,16.33,0,0
11/9/25 11:00,10.69,85,E,15.36,0,0
11/9/25 12:00,12.83,86,E,15.36,0,0
11/9/25 13:00,10.3,90,E,14.58,0,0
11/9/25 14:00,11.86,95,E,14.77,0,0
11/9/25 15:00,11.08,90,E,14.77,0,0
11/9/25 16:00,11.47,99,E,14.97,0,0
11/9/25 17:00,8.94,91,E,10.3,0,0
11/9/25 18:00,11.27,85,E,13.22,0,0
11/9/25 19:00,7.78,80,E,8.94,0,0
11/9/25 20:00,9.33,73,ENE,10.3,0,0
11/9/25 21:00,8.16,88,E,9.91,0,0
11/9/25 22:00,8.36,80,E,9.14,0,0
11/9/25 23:00,6.22,85,E,7.19,0,0
11/10/25 0:00,0.19,102,ESE,0.78,0,0
11/10/25 1:00,2.72,90,E,3.5,0,0
11/10/25 2:00,0.58,6,N,0.97,0,0
11/10/25 3:00,5.05,105,ESE,5.83,0,0
11/10/25 4:00,6.61,77,ENE,7.97,0,0
11/10/25 5:00,4.67,104,ESE,5.64,0,0
11/10/25 6:00,6.03,71,ENE,7.39,0,0
11/10/25 7:00,8.55,96,E,9.91,0,0
11/10/25 8:00,8.36,88,E,9.52,0,0
11/10/25 9:00,6.41,86,E,9.52,0,0
11/10/25 10:00,11.47,93,E,13.22,0,0
11/10/25 11:00,11.66,89,E,13.41,0,0
11/10/25 12:00,11.27,92,E,12.83,0,0
11/10/25 13:00,11.47,95,E,14.38,0,0
11/10/25 14:00,9.14,92,E,11.27,0,0
11/10/25 15:00,6.61,94,E,8.75,0,0
11/10/25 16:00,5.44,84,E,6.8,0,0
11/10/25 17:00,4.86,87,E,7,0,0
11/10/25 18:00,3.3,79,E,4.67,0,0
11/10/25 19:00,3.5,77,ENE,4.08,0,0
11/10/25 20:00,3.89,91,E,4.08,0,0
11/10/25 21:00,1.56,115,ESE,1.75,0,0
11/10/25 22:00,1.36,224,SW,2.33,0,0
11/10/25 23:00,0.97,171,S,1.56,0,0
11/11/25 0:00,0,173,S,0.58,0,0
11/11/25 1:00,1.56,49,NE,2.33,0,0
11/11/25 2:00,2.14,207,SSW,2.33,0,0
11/11/25 3:00,0,98,E,0,0,0
11/11/25 4:00,1.94,158,SSE,2.33,0,0
11/11/25 5:00,3.69,70,ENE,5.83,0,0
11/11/25 6:00,3.3,73,ENE,5.25,0,0
11/11/25 7:00,4.86,77,ENE,5.83,0,0
11/11/25 8:00,9.72,87,E,11.47,0,0
11/11/25 9:00,7.19,93,E,10.69,0,0
11/11/25 10:00,7.97,97,E,11.66,0,0
11/11/25 11:00,10.11,109,ESE,12.83,0,0
11/11/25 12:00,9.14,97,E,10.89,0,0
11/11/25 13:00,8.75,86,E,10.11,0,0
11/11/25 14:00,7,107,ESE,9.72,0,0
11/11/25 15:00,7,102,ESE,8.16,0,0
11/11/25 16:00,2.72,103,ESE,6.41,0,0
11/11/25 17:00,8.75,230,SW,11.47,0,0
11/11/25 18:00,13.02,229,SW,15.16,0,0
11/11/25 19:00,12.44,216,SW,16.72,0,0
11/11/25 20:00,12.25,216,SW,14.77,0,0
11/11/25 21:00,10.3,215,SW,12.83,0,0
11/11/25 22:00,8.94,230,SW,11.86,0,0
11/11/25 23:00,10.5,237,WSW,14,0,0
11/12/25 0:00,8.16,243,WSW,12.64,0,0
11/12/25 1:00,7.58,243,WSW,10.89,0,0
11/12/25 2:00,8.36,316,NW,10.11,0,0
11/12/25 3:00,5.64,338,NNW,10.11,0,0
11/12/25 4:00,4.47,321,NW,6.8,0,0
11/12/25 5:00,3.5,297,WNW,4.67,0,0
11/12/25 6:00,1.75,283,WNW,2.53,0,0
11/12/25 7:00,2.72,148,SSE,3.5,0,0
11/12/25 8:00,4.47,72,ENE,5.05,0,0
11/12/25 9:00,4.86,75,ENE,5.44,0,0
11/12/25 10:00,2.33,57,ENE,4.47,0,0
11/12/25 11:00,2.92,259,W,4.67,0,0
11/12/25 12:00,5.83,79,E,7.97,0,0
11/12/25 13:00,7.78,195,SSW,10.89,0,0
11/12/25 14:00,4.67,302,WNW,5.83,0,0
11/12/25 15:00,2.14,351,N,3.3,0,0
11/12/25 16:00,1.94,271,W,2.72,0,0
11/12/25 17:00,0.97,356,N,1.56,0,0
11/12/25 18:00,5.64,144,SE,7.39,0,0
11/12/25 19:00,5.25,149,SSE,7.78,0,0
11/12/25 20:00,7.97,195,SSW,10.89,0,0
11/12/25 21:00,9.33,144,SE,11.86,0,0
11/12/25 22:00,9.91,158,SSE,12.44,0,0
11/12/25 23:00,10.11,150,SSE,13.41,0,0
11/13/25 0:00,12.44,124,SE,15.16,0,0
11/13/25 1:00,10.5,98,E,11.47,0,0
11/13/25 2:00,10.89,100,E,13.22,0,0
11/13/25 3:00,11.27,131,SE,14.38,0,0
11/13/25 4:00,9.91,151,SSE,13.41,0,0
11/13/25 5:00,12.44,151,SSE,17.11,0,0
11/13/25 6:00,10.3,147,SSE,15.16,0,0
11/13/25 7:00,11.27,157,SSE,15.75,0,0
11/13/25 8:00,13.02,158,SSE,20.6,0,0
11/13/25 9:00,9.14,229,SW,11.86,0,0
11/13/25 10:00,9.14,213,SSW,13.22,0,0
11/13/25 11:00,8.75,232,SW,11.27,0,0
11/13/25 12:00,5.44,220,SW,8.16,0,0
11/13/25 13:00,7.39,231,SW,8.75,0,0
11/13/25 14:00,7.97,236,SW,10.69,0,0
11/13/25 15:00,3.69,219,SW,6.41,0,0
11/13/25 16:00,2.53,261,W,5.05,0,0
11/13/25 17:00,2.14,241,WSW,3.69,0,0
11/13/25 18:00,1.56,238,WSW,2.14,0,0
11/13/25 19:00,2.33,226,SW,3.5,0,0
11/13/25 20:00,3.3,212,SSW,4.67,0,0
11/13/25 21:00,6.22,212,SSW,9.14,0,0
11/13/25 22:00,8.16,217,SW,11.47,0,0
11/13/25 23:00,8.36,223,SW,13.41,0,0
11/14/25 0:00,7.19,217,SW,9.14,0,0
11/14/25 1:00,4.67,219,SW,7.97,0,0
11/14/25 2:00,9.14,202,SSW,10.89,0,0
11/14/25 3:00,2.92,115,ESE,4.67,0,0
11/14/25 4:00,1.75,131,SE,2.33,0,0
11/14/25 5:00,1.75,102,ESE,2.53,0,0
11/14/25 6:00,1.56,163,SSE,2.33,0,0
11/14/25 7:00,5.83,126,SE,6.8,0,0
11/14/25 8:00,4.28,340,NNW,6.8,0,0
11/14/25 9:00,0.78,144,SE,1.56,0,0
11/14/25 10:00,1.56,173,S,3.3,0,0
11/14/25 11:00,4.28,329,NNW,5.64,0,0
11/14/25 12:00,0.58,162,SSE,2.33,0,0
11/14/25 13:00,7.58,314,NW,8.55,0,0
11/14/25 14:00,4.86,298,WNW,6.8,0,0
11/14/25 15:00,1.75,294,WNW,2.33,0,0
11/14/25 16:00,0.19,219,SW,1.17,0,0
11/14/25 17:00,3.69,86,E,4.67,0,0
11/14/25 18:00,,,,,1,1
11/14/25 19:00,8.75,80,E,10.89,0,0
11/14/25 20:00,4.08,119,ESE,5.83,0,0
11/14/25 21:00,4.67,18,NNE,5.25,0,0
11/14/25 22:00,6.03,37,NE,7.19,0,0
11/14/25 23:00,2.14,12,NNE,4.08,0,0
11/15/25 0:00,2.72,103,ESE,3.89,0,0
11/15/25 1:00,1.17,180,S,2.53,0,0
11/15/25 2:00,1.75,155,SSE,3.3,0,0
11/15/25 3:00,1.36,295,WNW,2.72,0,0
11/15/25 4:00,2.33,205,SSW,3.11,0,0
11/15/25 5:00,1.17,181,S,2.14,0,0
11/15/25 6:00,1.56,260,W,2.53,0,0
11/15/25 7:00,3.3,233,SW,4.47,0,0
11/15/25 8:00,3.11,275,W,4.86,0,0
11/15/25 9:00,4.08,274,W,7,0,0
11/15/25 10:00,5.44,268,W,6.8,0,0
11/15/25 11:00,6.61,217,SW,7.97,0,0
11/15/25 12:00,8.36,214,SW,10.5,0,0
11/15/25 13:00,3.89,265,W,5.64,0,0
11/15/25 14:00,2.92,234,SW,3.69,0,0
11/15/25 15:00,8.94,224,SW,11.47,0,0
11/15/25 16:00,9.52,213,SSW,14.38,0,0
11/15/25 17:00,10.11,231,SW,12.44,0,0
11/15/25 18:00,14.38,224,SW,17.88,0,0
11/15/25 19:00,12.25,219,SW,17.49,0,0
11/15/25 20:00,13.61,223,SW,18.08,0,0
11/15/25 21:00,16.13,233,SW,20.22,0,0
11/15/25 22:00,16.72,223,SW,20.41,0,0
11/15/25 23:00,12.25,221,SW,15.55,0,0
11/16/25 0:00,11.08,219,SW,14.97,0,0
11/16/25 1:00,11.08,228,SW,14,0,0
11/16/25 2:00,11.86,230,SW,13.8,0,0
11/16/25 3:00,11.66,231,SW,14.19,0,0
11/16/25 4:00,10.69,218,SW,13.22,0,0
11/16/25 5:00,9.91,214,SW,12.25,0,0
11/16/25 6:00,10.3,223,SW,13.02,0,0
11/16/25 7:00,11.86,216,SW,14.97,0,0
11/16/25 8:00,13.61,224,SW,15.94,0,0
11/16/25 9:00,10.11,219,SW,13.02,0,0
11/16/25 10:00,14.58,224,SW,17.88,0,0
11/16/25 11:00,12.64,217,SW,17.11,0,0
11/16/25 12:00,13.22,227,SW,18.86,0,0
11/16/25 13:00,9.52,210,SSW,14.77,0,0
11/16/25 14:00,11.08,214,SW,14.19,0,0
11/16/25 15:00,8.75,203,SSW,12.25,0,0
11/16/25 16:00,6.22,215,SW,8.94,0,0
11/16/25 17:00,7,210,SSW,9.14,0,0
11/16/25 18:00,7.39,208,SSW,13.02,0,0
11/16/25 19:00,9.14,144,SE,11.27,0,0
11/16/25 20:00,9.33,126,SE,11.08,0,0
11/16/25 21:00,9.14,152,SSE,11.66,0,0
11/16/25 22:00,11.86,181,S,17.49,0,0
11/16/25 23:00,14.77,161,SSE,20.99,0,0
11/17/25 0:00,8.75,162,SSE,12.64,0,0
11/17/25 1:00,7.78,182,S,11.27,0,0
11/17/25 2:00,10.5,176,S,14.77,0,0
11/17/25 3:00,8.36,212,SSW,10.5,0,0
11/17/25 4:00,7.58,207,SSW,9.52,0,0
11/17/25 5:00,8.36,201,SSW,12.25,0,0
11/17/25 6:00,10.69,222,SW,13.61,0,0
11/17/25 7:00,11.27,218,SW,13.8,0,0
11/17/25 8:00,8.16,232,SW,10.89,0,0
11/17/25 9:00,9.33,256,WSW,14.58,0,0
11/17/25 10:00,10.89,239,WSW,13.8,0,0
11/17/25 11:00,12.05,236,SW,17.11,0,0
11/17/25 12:00,14.77,252,WSW,20.99,0,0
11/17/25 13:00,13.41,273,W,18.47,0,0
11/17/25 14:00,11.08,274,W,16.13,0,0
11/17/25 15:00,11.27,281,W,18.27,0,0
11/17/25 16:00,8.94,268,W,12.64,0,0
11/17/25 17:00,7.58,279,W,11.08,0,0
11/17/25 18:00,13.02,298,WNW,17.3,0,0
11/17/25 19:00,,,,,1,1
11/17/25 20:00,6.22,274,W,8.36,0,0
11/17/25 21:00,3.11,270,W,5.05,0,0
11/17/25 22:00,2.92,315,NW,4.86,0,0
11/17/25 23:00,2.33,6,N,3.3,0,0
11/18/25 0:00,4.86,115,ESE,6.8,0,0
11/18/25 1:00,6.61,79,E,8.36,0,0
11/18/25 2:00,15.16,70,ENE,17.49,0,0
11/18/25 3:00,11.08,60,ENE,12.64,0,0
11/18/25 4:00,10.5,40,NE,12.83,0,0
11/18/25 5:00,8.75,58,ENE,10.3,0,0
11/18/25 6:00,5.64,72,ENE,6.61,0,0
11/18/25 7:00,4.86,108,ESE,6.8,0,0
11/18/25 8:00,5.83,118,ESE,7.39,0,0
11/18/25 9:00,5.44,88,E,7.78,0,0
11/18/25 10:00,8.55,127,SE,10.5,0,0
11/18/25 11:00,5.83,71,ENE,7.58,0,0
11/18/25 12:00,9.33,315,NW,11.47,0,0
11/18/25 13:00,3.69,285,WNW,6.41,0,0
11/18/25 14:00,2.92,239,WSW,3.69,0,0
11/18/25 15:00,6.03,230,SW,7.58,0,0
11/18/25 16:00,4.86,234,SW,7.58,0,0
11/18/25 17:00,7.58,207,SSW,10.11,0,0
11/18/25 18:00,7.39,269,W,10.5,0,0
11/18/25 19:00,7.19,269,W,10.5,0,0
11/18/25 20:00,4.67,220,SW,6.61,0,0
11/18/25 21:00,4.67,293,WNW,7.97,0,0
11/18/25 22:00,3.69,223,SW,4.67,0,0
11/18/25 23:00,5.64,214,SW,6.61,0,0
11/19/25 0:00,3.89,206,SSW,5.44,0,0
11/19/25 1:00,3.3,207,SSW,4.28,0,0
11/19/25 2:00,3.69,145,SE,5.25,0,0
11/19/25 3:00,6.41,203,SSW,7,0,0
11/19/25 4:00,5.64,205,SSW,7,0,0
11/19/25 5:00,1.75,113,ESE,4.47,0,0
11/19/25 6:00,5.44,149,SSE,6.22,0,0
11/19/25 7:00,6.03,156,SSE,7.39,0,0
11/19/25 8:00,0.39,14,NNE,2.33,0,0
11/19/25 9:00,3.69,358,N,4.47,0,0
11/19/25 10:00,4.67,33,NNE,5.64,0,0
11/19/25 11:00,0.97,12,NNE,1.94,0,0
11/19/25 12:00,2.33,355,N,3.3,0,0
11/19/25 13:00,1.94,25,NNE,2.92,0,0
11/19/25 14:00,3.11,307,NW,4.08,0,0
11/19/25 15:00,8.55,240,WSW,11.27,0,0
11/19/25 16:00,6.8,216,SW,9.33,0,0
11/19/25 17:00,7.19,208,SSW,8.94,0,0
11/19/25 18:00,8.36,224,SW,11.08,0,0
11/19/25 19:00,6.61,126,SE,7.39,0,0
11/19/25 20:00,4.67,236,SW,7.39,0,0
11/19/25 21:00,5.44,206,SSW,7.19,0,0
11/19/25 22:00,7.78,220,SW,10.69,0,0
11/19/25 23:00,7.97,238,WSW,9.91,0,0
11/20/25 0:00,7.39,244,WSW,9.91,0,0
11/20/25 1:00,5.64,204,SSW,7,0,0
11/20/25 2:00,4.47,196,SSW,7.58,0,0
11/20/25 3:00,11.66,277,W,14.97,0,0
11/20/25 4:00,3.11,270,W,5.44,0,0
11/20/25 5:00,3.69,323,NW,4.86,0,0
11/20/25 6:00,,,,,1,1
11/20/25 7:00,5.44,348,NNW,8.94,0,0
11/20/25 8:00,6.03,314,NW,8.16,0,0
11/20/25 9:00,7,303,WNW,9.91,0,0
11/20/25 10:00,7.58,296,WNW,9.14,0,0
11/20/25 11:00,7.58,298,WNW,9.52,0,0
11/20/25 12:00,5.64,298,WNW,7.39,0,0
11/20/25 13:00,3.69,298,WNW,5.44,0,0
11/20/25 14:00,1.75,296,WNW,4.47,0,0
11/20/25 15:00,3.89,241,WSW,4.86,0,0
11/20/25 16:00,3.69,219,SW,4.28,0,0
11/20/25 17:00,4.28,33,NNE,6.22,0,0
11/20/25 18:00,4.08,154,SSE,5.05,0,0
11/20/25 19:00,1.56,207,SSW,2.92,0,0
11/20/25 20:00,5.64,210,SSW,7,0,0
11/20/25 21:00,2.72,221,SW,3.5,0,0
11/20/25 22:00,4.67,204,SSW,5.44,0,0
11/20/25 23:00,4.28,164,SSE,5.05,0,0
11/21/25 0:00,3.69,199,SSW,4.08,0,0
11/21/25 1:00,1.36,332,NNW,3.5,0,0
11/21/25 2:00,1.75,324,NW,2.33,0,0
11/21/25 3:00,5.05,321,NW,6.03,0,0
11/21/25 4:00,3.3,155,SSE,4.67,0,0
11/21/25 5:00,3.5,219,SW,4.47,0,0
11/21/25 6:00,5.83,194,SSW,8.16,0,0
11/21/25 7:00,2.72,112,ESE,4.28,0,0
11/21/25 8:00,1.36,173,S,3.11,0,0
11/21/25 9:00,0.19,47,NE,2.14,0,0
11/21/25 10:00,3.11,62,ENE,3.89,0,0
11/21/25 11:00,7.97,72,ENE,8.94,0,0
11/21/25 12:00,4.47,249,WSW,6.22,0,0
11/21/25 13:00,2.72,56,NE,4.47,0,0
11/21/25 14:00,1.75,8,N,3.69,0,0
11/21/25 15:00,0.97,334,NNW,1.94,0,0
11/21/25 16:00,0.39,75,ENE,0.97,0,0
11/21/25 17:00,2.92,127,SE,4.08,0,0
11/21/25 18:00,5.44,141,SE,6.22,0,0
11/21/25 19:00,2.33,137,SE,3.11,0,0
11/21/25 20:00,3.11,134,SE,4.28,0,0
11/21/25 21:00,2.53,40,NE,4.86,0,0
11/21/25 22:00,2.53,145,SE,4.28,0,0
11/21/25 23:00,0.97,250,WSW,1.56,0,0
11/22/25 0:00,1.56,296,WNW,2.33,0,0
11/22/25 1:00,2.72,206,SSW,3.69,0,0
11/22/25 2:00,2.14,153,SSE,3.5,0,0
11/22/25 3:00,1.56,122,ESE,3.69,0,0
11/22/25 4:00,8.55,101,E,10.3,0,0
11/22/25 5:00,1.94,93,E,3.69,0,0
11/22/25 6:00,3.3,76,ENE,5.64,0,0
11/22/25 7:00,7.39,72,ENE,8.55,0,0
11/22/25 8:00,7.78,80,E,8.94,0,0
11/22/25 9:00,6.61,71,ENE,8.16,0,0
11/22/25 10:00,3.89,67,ENE,4.86,0,0
11/22/25 11:00,2.92,46,NE,4.08,0,0
11/22/25 12:00,4.28,80,E,4.86,0,0
11/22/25 13:00,2.53,250,WSW,3.69,0,0
11/22/25 14:00,1.36,234,SW,1.94,0,0
11/22/25 15:00,3.11,245,WSW,3.69,0,0
11/22/25 16:00,3.69,230,SW,4.86,0,0
11/22/25 17:00,4.08,231,SW,5.64,0,0
11/22/25 18:00,3.5,292,WNW,4.67,0,0
11/22/25 19:00,2.53,232,SW,4.08,0,0
11/22/25 20:00,3.11,239,WSW,3.89,0,0
11/22/25 21:00,5.25,290,WNW,8.94,0,0
11/22/25 22:00,5.25,231,SW,7.78,0,0
11/22/25 23:00,5.05,219,SW,5.83,0,0
11/23/25 0:00,5.44,226,SW,7,0,0
11/23/25 1:00,4.28,228,SW,5.83,0,0
11/23/25 2:00,5.44,338,NNW,6.03,0,0
11/23/25 3:00,6.61,345,NNW,8.16,0,0
11/23/25 4:00,1.36,249,WSW,4.28,0,0
11/23/25 5:00,1.94,251,WSW,3.5,0,0
11/23/25 6:00,1.36,351,N,3.69,0,0
11/23/25 7:00,,,,,1,1
11/23/25 8:00,4.08,133,SE,4.67,0,0
11/23/25 9:00,5.25,144,SE,6.8,0,0
11/23/25 10:00,7.78,99,E,8.94,0,0
11/23/25 11:00,4.08,115,ESE,6.41,0,0
11/23/25 12:00,3.11,82,E,6.03,0,0
11/23/25 13:00,5.05,90,E,6.8,0,0
11/23/25 14:00,2.53,63,ENE,5.25,0,0
11/23/25 15:00,3.5,72,ENE,4.67,0,0
11/23/25 16:00,4.28,106,ESE,5.05,0,0
11/23/25 17:00,2.72,100,E,3.5,0,0
11/23/25 18:00,1.56,157,SSE,2.92,0,0
11/23/25 19:00,7,315,NW,8.16,0,0
11/23/25 20:00,5.83,280,W,9.14,0,0
11/23/25 21:00,6.41,295,WNW,8.55,0,0
11/23/25 22:00,4.47,215,SW,6.03,0,0
11/23/25 23:00,2.92,357,N,4.08,0,0
11/24/25 0:00,6.41,352,N,8.75,0,0
11/24/25 1:00,4.86,26,NNE,6.03,0,0
11/24/25 2:00,4.08,360,N,5.05,0,0
11/24/25 3:00,5.25,350,N,6.03,0,0
11/24/25 4:00,4.08,140,SE,5.64,0,0
11/24/25 5:00,1.94,119,ESE,3.89,0,0
11/24/25 6:00,3.89,126,SE,6.22,0,0
11/24/25 7:00,5.05,115,ESE,6.03,0,0
11/24/25 8:00,5.64,134,SE,7.39,0,0
11/24/25 9:00,7.97,63,ENE,9.72,0,0
11/24/25 10:00,7,61,ENE,8.55,0,0
11/24/25 11:00,5.05,49,NE,7.19,0,0
11/24/25 12:00,4.86,97,E,7.58,0,0
11/24/25 13:00,5.83,87,E,7,0,0
11/24/25 14:00,5.83,86,E,6.41,0,0
11/24/25 15:00,7.19,83,E,7.78,0,0
11/24/25 16:00,7.19,88,E,8.36,0,0
11/24/25 17:00,7.58,83,E,9.52,0,0
11/24/25 18:00,1.36,95,E,2.92,0,0
11/24/25 19:00,1.94,136,SE,2.72,0,0
11/24/25 20:00,4.67,145,SE,5.44,0,0
11/24/25 21:00,4.28,94,E,5.83,0,0
11/24/25 22:00,4.28,139,SE,5.64,0,0
11/24/25 23:00,5.44,108,ESE,6.61,0,0
11/25/25 0:00,7.58,107,ESE,9.72,0,0
11/25/25 1:00,11.08,109,ESE,13.02,0,0
11/25/25 2:00,7.19,110,ESE,9.91,0,0
11/25/25 3:00,11.27,99,E,15.16,0,0
11/25/25 4:00,12.05,90,E,15.16,0,0
11/25/25 5:00,8.94,91,E,11.47,0,0
11/25/25 6:00,11.08,69,ENE,14.38,0,0
11/25/25 7:00,11.08,71,ENE,14.77,0,0
11/25/25 8:00,10.89,101,E,14,0,0
11/25/25 9:00,10.89,97,E,12.44,0,0
11/25/25 10:00,9.72,80,E,12.64,0,0
11/25/25 11:00,10.3,90,E,13.02,0,0
11/25/25 12:00,12.25,76,ENE,14.97,0,0
11/25/25 13:00,10.5,95,E,13.61,0,0
11/25/25 14:00,10.3,90,E,12.83,0,0
11/25/25 15:00,9.33,88,E,12.25,0,0
11/25/25 16:00,11.47,78,ENE,14.38,0,0
11/25/25 17:00,8.55,80,E,12.25,0,0
11/25/25 18:00,7.19,82,E,8.94,0,0
11/25/25 19:00,4.08,100,E,6.41,0,0
11/25/25 20:00,2.72,82,E,3.5,0,0
11/25/25 21:00,3.69,96,E,4.67,0,0
11/25/25 22:00,6.03,65,ENE,7.78,0,0
11/25/25 23:00,11.66,99,E,16.72,0,0
11/26/25 0:00,11.08,77,ENE,14.38,0,0
11/26/25 1:00,5.44,97,E,9.72,0,0
11/26/25 2:00,10.11,68,ENE,13.8,0,0
11/26/25 3:00,13.8,77,ENE,16.13,0,0
11/26/25 4:00,13.41,67,ENE,18.47,0,0
11/26/25 5:00,11.66,70,ENE,14.38,0,0
11/26/25 6:00,14.38,67,ENE,18.08,0,0
11/26/25 7:00,14.38,78,ENE,17.69,0,0
11/26/25 8:00,15.75,92,E,19.44,0,0
11/26/25 9:00,16.33,92,E,20.02,0,0
11/26/25 10:00,16.13,92,E,20.6,0,0
11/26/25 11:00,15.16,90,E,17.49,0,0
11/26/25 12:00,14.77,92,E,17.69,0,0
11/26/25 13:00,14.58,91,E,17.3,0,0
11/26/25 14:00,13.61,90,E,17.49,0,0
11/26/25 15:00,12.83,94,E,16.52,0,0
11/26/25 16:00,12.44,79,E,16.91,0,0
11/26/25 17:00,13.02,80,E,15.16,0,0
11/26/25 18:00,8.55,91,E,14.77,0,0
11/26/25 19:00,10.5,89,E,15.55,0,0
11/26/25 20:00,15.36,95,E,18.86,0,0
11/26/25 21:00,12.05,102,ESE,16.91,0,0
11/26/25 22:00,10.89,98,E,16.13,0,0
11/26/25 23:00,11.86,97,E,14.97,0,0
11/27/25 0:00,12.83,72,ENE,14.77,0,0
11/27/25 1:00,13.02,102,ESE,15.94,0,0
11/27/25 2:00,15.75,86,E,18.27,0,0
11/27/25 3:00,14.77,67,ENE,18.66,0,0
11/27/25 4:00,15.36,74,ENE,19.44,0,0
11/27/25 5:00,16.13,76,ENE,19.05,0,0
11/27/25 6:00,13.22,100,E,18.47,0,0
11/27/25 7:00,13.61,80,E,19.83,0,0
11/27/25 8:00,13.61,100,E,17.11,0,0
11/27/25 9:00,14,70,ENE,18.27,0,0
11/27/25 10:00,15.55,74,ENE,18.86,0,0
11/27/25 11:00,15.36,71,ENE,20.22,0,0
11/27/25 12:00,13.41,99,E,17.88,0,0
11/27/25 13:00,11.86,99,E,15.94,0,0
11/27/25 14:00,12.25,100,E,15.55,0,0
11/27/25 15:00,13.61,100,E,17.49,0,0
11/27/25 16:00,11.08,102,ESE,13.61,0,0
11/27/25 17:00,12.05,97,E,15.16,0,0
11/27/25 18:00,15.16,87,E,19.44,0,0
11/27/25 19:00,15.16,85,E,18.08,0,0
11/27/25 20:00,14,68,ENE,15.75,0,0
11/27/25 21:00,11.86,86,E,16.13,0,0
11/27/25 22:00,12.64,69,ENE,15.36,0,0
11/27/25 23:00,13.02,81,E,16.72,0,0
11/28/25 0:00,10.3,91,E,11.66,0,0
11/28/25 1:00,8.16,106,ESE,11.86,0,0
11/28/25 2:00,9.52,64,ENE,11.27,0,0
11/28/25 3:00,7.78,60,ENE,11.08,0,0
11/28/25 4:00,8.55,72,ENE,11.47,0,0
11/28/25 5:00,8.94,94,E,12.83,0,0
11/28/25 6:00,8.94,77,ENE,11.86,0,0
11/28/25 7:00,11.08,76,ENE,13.8,0,0
11/28/25 8:00,10.5,67,ENE,12.83,0,0
11/28/25 9:00,11.08,75,ENE,13.8,0,0
11/28/25 10:00,14.58,74,ENE,16.33,0,0
11/28/25 11:00,10.11,78,ENE,12.64,0,0
11/28/25 12:00,9.33,76,ENE,11.86,0,0
11/28/25 13:00,9.33,75,ENE,10.89,0,0
11/28/25 14:00,6.41,75,ENE,8.75,0,0
11/28/25 15:00,10.89,81,E,14.38,0,0
11/28/25 16:00,11.66,95,E,15.16,0,0
11/28/25 17:00,10.69,91,E,14.58,0,0
11/28/25 18:00,11.66,87,E,15.36,0,0
11/28/25 19:00,11.08,106,ESE,12.25,0,0
11/28/25 20:00,8.55,95,E,12.44,0,0
11/28/25 21:00,8.55,91,E,11.08,0,0
11/28/25 22:00,8.55,63,ENE,10.5,0,0
11/28/25 23:00,10.89,55,NE,12.83,0,0
11/29/25 0:00,11.27,91,E,13.22,0,0
11/29/25 1:00,10.3,68,ENE,13.8,0,0
11/29/25 2:00,12.05,65,ENE,13.8,0,0
11/29/25 3:00,14,87,E,16.52,0,0
11/29/25 4:00,11.66,66,ENE,13.61,0,0
11/29/25 5:00,10.5,64,ENE,13.41,0,0
11/29/25 6:00,12.64,60,ENE,16.52,0,0
11/29/25 7:00,10.5,67,ENE,14,0,0
11/29/25 8:00,10.5,67,ENE,13.8,0,0
11/29/25 9:00,10.11,50,NE,13.61,0,0
11/29/25 10:00,13.41,70,ENE,17.49,0,0
11/29/25 11:00,13.41,75,ENE,14.97,0,0
11/29/25 12:00,11.66,86,E,14.19,0,0
11/29/25 13:00,12.44,98,E,16.33,0,0
11/29/25 14:00,14,81,E,19.05,0,0
11/29/25 15:00,14.19,75,ENE,16.33,0,0
11/29/25 16:00,12.64,73,ENE,15.16,0,0
11/29/25 17:00,13.02,73,ENE,14.58,0,0
11/29/25 18:00,11.86,76,ENE,14.58,0,0
11/29/25 19:00,10.69,74,ENE,13.02,0,0
11/29/25 20:00,11.08,77,ENE,14.58,0,0
11/29/25 21:00,11.27,80,E,15.36,0,0
11/29/25 22:00,8.36,68,ENE,11.08,0,0
11/29/25 23:00,8.36,64,ENE,10.69,0,0
11/30/25 0:00,11.08,60,ENE,12.25,0,0
11/30/25 1:00,8.94,63,ENE,11.47,0,0
11/30/25 2:00,10.5,63,ENE,12.83,0,0
11/30/25 3:00,4.67,114,ESE,7.19,0,0
11/30/25 4:00,8.75,58,ENE,10.69,0,0
11/30/25 5:00,6.22,49,NE,8.16,0,0
11/30/25 6:00,7,74,ENE,10.5,0,0
11/30/25 7:00,8.75,65,ENE,11.66,0,0
11/30/25 8:00,8.75,65,ENE,13.41,0,0
11/30/25 9:00,7,76,ENE,9.72,0,0
11/30/25 10:00,8.94,78,ENE,11.08,0,0
11/30/25 11:00,11.47,66,ENE,16.33,0,0
11/30/25 12:00,7.97,84,E,9.91,0,0
11/30/25 13:00,12.05,69,ENE,13.8,0,0
11/30/25 14:00,8.55,66,ENE,10.89,0,0
11/30/25 15:00,7.19,86,E,10.11,0,0
11/30/25 16:00,8.75,67,ENE,12.44,0,0
11/30/25 17:00,8.36,68,ENE,9.91,0,0
11/30/25 18:00,6.03,57,ENE,7.19,0,0
11/30/25 19:00,7.39,68,ENE,9.91,0,0
11/30/25 20:00,2.33,140,SE,4.67,0,0
11/30/25 21:00,2.92,144,SE,4.28,0,0
11/30/25 22:00,7.58,39,NE,9.91,0,0
11/30/25 23:00,6.22,69,ENE,8.36,0,0
12/1/25 0:00,11.66,69,ENE,14.97,0,0
12/1/25 1:00,13.61,76,ENE,16.13,0,0
12/1/25 2:00,15.55,78,ENE,19.24,0,0
12/1/25 3:00,14.19,75,ENE,16.91,0,0
12/1/25 4:00,11.08,74,ENE,14.19,0,0
12/1/25 5:00,9.91,82,E,13.41,0,0
12/1/25 6:00,10.69,77,ENE,12.64,0,0
12/1/25 7:00,13.02,77,ENE,16.13,0,0
12/1/25 8:00,15.75,77,ENE,20.8,0,0
12/1/25 9:00,14.38,83,E,19.05,0,0
12/1/25 10:00,16.72,72,ENE,21.19,0,0
12/1/25 11:00,15.36,74,ENE,18.66,0,0
12/1/25 12:00,14.97,85,E,18.47,0,0
12/1/25 13:00,13.22,93,E,15.55,0,0
12/1/25 14:00,14.19,99,E,19.24,0,0
12/1/25 15:00,12.25,100,E,17.3,0,0
12/1/25 16:00,13.02,92,E,16.13,0,0
12/1/25 17:00,8.94,104,ESE,13.02,0,0
12/1/25 18:00,10.3,101,E,13.41,0,0
12/1/25 19:00,7.19,99,E,12.64,0,0
12/1/25 20:00,12.05,103,ESE,14.97,0,0
12/1/25 21:00,7.78,81,E,9.52,0,0
12/1/25 22:00,3.3,140,SE,5.64,0,0
12/1/25 23:00,7.39,122,ESE,9.14,0,0
12/2/25 0:00,6.8,111,ESE,7.58,0,0
12/2/25 1:00,5.64,111,ESE,7.39,0,0
12/2/25 2:00,4.47,90,E,6.61,0,0
12/2/25 3:00,4.67,64,ENE,6.22,0,0
12/2/25 4:00,1.94,121,ESE,3.5,0,0
12/2/25 5:00,4.86,102,ESE,10.69,0,0
12/2/25 6:00,4.67,127,SE,5.83,0,0
12/2/25 7:00,5.44,112,ESE,7.19,0,0
12/2/25 8:00,4.08,109,ESE,6.22,0,0
12/2/25 9:00,6.03,95,E,7.39,0,0
12/2/25 10:00,10.5,72,ENE,12.05,0,0
12/2/25 11:00,9.52,82,E,10.89,0,0
12/2/25 12:00,7.78,79,E,8.36,0,0
12/2/25 13:00,9.91,78,ENE,10.5,0,0
12/2/25 14:00,9.91,82,E,12.25,0,0
12/2/25 15:00,8.94,92,E,10.3,0,0
12/2/25 16:00,5.05,97,E,6.61,0,0
12/2/25 17:00,9.33,101,E,11.27,0,0
12/2/25 18:00,11.66,105,ESE,14,0,0
12/2/25 19:00,10.3,103,ESE,13.22,0,0
12/2/25 20:00,12.83,98,E,14.38,0,0
12/2/25 21:00,13.22,104,ESE,15.16,0,0
12/2/25 22:00,13.02,96,E,16.33,0,0
12/2/25 23:00,12.44,89,E,15.94,0,0
12/3/25 0:00,10.69,95,E,14,0,0
12/3/25 1:00,15.36,104,ESE,18.66,0,0
12/3/25 2:00,9.14,123,ESE,11.47,0,0
12/3/25 3:00,2.92,156,SSE,6.03,0,0
12/3/25 4:00,2.53,229,SW,3.5,0,0
12/3/25 5:00,3.5,97,E,5.25,0,0
12/3/25 6:00,4.86,175,S,7,0,0
12/3/25 7:00,1.94,152,SSE,3.11,0,0
12/3/25 8:00,3.69,116,ESE,5.05,0,0
12/3/25 9:00,2.92,168,SSE,3.89,0,0
12/3/25 10:00,0,115,ESE,1.17,0,0
12/3/25 11:00,3.11,242,WSW,4.28,0,0
12/3/25 12:00,2.14,243,WSW,4.28,0,0
12/3/25 13:00,4.47,232,SW,5.44,0,0
12/3/25 14:00,5.25,258,WSW,5.83,0,0
12/3/25 15:00,4.47,262,W,5.64,0,0
12/3/25 16:00,1.94,274,W,2.33,0,0
12/3/25 17:00,5.44,145,SE,6.8,0,0
12/3/25 18:00,1.94,131,SE,3.3,0,0
12/3/25 19:00,6.8,96,E,8.55,0,0
12/3/25 20:00,3.69,75,ENE,6.8,0,0
12/3/25 21:00,0,227,SW,1.36,0,0
12/3/25 22:00,4.28,111,ESE,6.22,0,0
12/3/25 23:00,8.16,93,E,10.69,0,0
12/4/25 0:00,3.3,144,SE,5.05,0,0
12/4/25 1:00,6.22,90,E,9.72,0,0
12/4/25 2:00,7.58,103,ESE,10.11,0,0
12/4/25 3:00,8.55,100,E,14.38,0,0
12/4/25 4:00,13.41,98,E,16.91,0,0
12/4/25 5:00,16.13,92,E,21.58,0,0
12/4/25 6:00,12.44,90,E,15.94,0,0
12/4/25 7:00,17.49,81,E,21.38,0,0
12/4/25 8:00,15.36,82,E,19.24,0,0
12/4/25 9:00,15.16,97,E,20.8,0,0
12/4/25 10:00,14.38,102,ESE,18.86,0,0
12/4/25 11:00,15.75,90,E,18.27,0,0
12/4/25 12:00,14,98,E,16.91,0,0
12/4/25 13:00,17.49,101,E,19.63,0,0
12/4/25 14:00,15.36,92,E,18.08,0,0
12/4/25 15:00,11.47,93,E,16.13,0,0
12/4/25 16:00,12.64,87,E,15.16,0,0
12/4/25 17:00,5.64,119,ESE,11.86,0,0
12/4/25 18:00,1.56,166,SSE,4.86,0,0
12/4/25 19:00,4.67,110,ESE,6.22,0,0
12/4/25 20:00,4.47,91,E,6.8,0,0
12/4/25 21:00,5.05,91,E,7.39,0,0
12/4/25 22:00,5.44,79,E,6.8,0,0
12/4/25 23:00,6.8,96,E,8.94,0,0
12/5/25 0:00,4.28,96,E,6.8,0,0
12/5/25 1:00,6.61,104,ESE,10.3,0,0
12/5/25 2:00,9.52,105,ESE,14.19,0,0
12/5/25 3:00,9.72,119,ESE,15.94,0,0
12/5/25 4:00,4.67,90,E,7.39,0,0
12/5/25 5:00,8.75,98,E,12.05,0,0
12/5/25 6:00,9.52,99,E,12.83,0,0
12/5/25 7:00,11.86,103,ESE,15.75,0,0
12/5/25 8:00,12.44,96,E,16.13,0,0
12/5/25 9:00,9.33,110,ESE,13.61,0,0
12/5/25 10:00,11.66,89,E,14.97,0,0
12/5/25 11:00,9.91,94,E,14.97,0,0
12/5/25 12:00,9.91,84,E,12.83,0,0
12/5/25 13:00,10.89,83,E,13.61,0,0
12/5/25 14:00,11.86,89,E,15.55,0,0
12/5/25 15:00,15.75,99,E,19.44,0,0
12/5/25 16:00,12.25,99,E,14.58,0,0
12/5/25 17:00,12.05,99,E,14.77,0,0
12/5/25 18:00,7.97,98,E,10.69,0,0
12/5/25 19:00,14,97,E,16.33,0,0
12/5/25 20:00,14.97,96,E,18.47,0,0
12/5/25 21:00,16.13,97,E,19.83,0,0
12/5/25 22:00,14.19,94,E,17.88,0,0
12/5/25 23:00,13.41,78,ENE,16.52,0,0
12/6/25 0:00,12.83,70,ENE,14.97,0,0
12/6/25 1:00,11.66,91,E,15.55,0,0
12/6/25 2:00,14.58,80,E,17.11,0,0
12/6/25 3:00,11.66,98,E,17.3,0,0
12/6/25 4:00,11.27,89,E,15.16,0,0
12/6/25 5:00,13.41,83,E,15.36,0,0
12/6/25 6:00,11.86,99,E,15.75,0,0
12/6/25 7:00,8.75,105,ESE,18.27,0,0
12/6/25 8:00,10.3,97,E,13.02,0,0
12/6/25 9:00,10.89,86,E,13.41,0,0
12/6/25 10:00,10.5,80,E,12.64,0,0
12/6/25 11:00,7.78,115,ESE,11.08,0,0
12/6/25 12:00,6.03,98,E,7.58,0,0
12/6/25 13:00,6.41,75,ENE,7.58,0,0
12/6/25 14:00,9.33,71,ENE,12.25,0,0
12/6/25 15:00,12.83,87,E,15.16,0,0
12/6/25 16:00,12.44,94,E,15.94,0,0
12/6/25 17:00,9.33,102,ESE,11.47,0,0
12/6/25 18:00,8.75,76,ENE,9.72,0,0
12/6/25 19:00,9.14,57,ENE,10.3,0,0
12/6/25 20:00,11.08,62,ENE,13.22,0,0
12/6/25 21:00,12.05,89,E,15.75,0,0
12/6/25 22:00,13.61,93,E,15.94,0,0
12/6/25 23:00,13.8,83,E,16.91,0,0
12/7/25 0:00,14.77,86,E,17.88,0,0
12/7/25 1:00,13.02,92,E,16.72,0,0
12/7/25 2:00,13.22,71,ENE,14.97,0,0
12/7/25 3:00,11.66,86,E,15.94,0,0
12/7/25 4:00,12.05,96,E,17.49,0,0
12/7/25 5:00,11.47,71,ENE,14.58,0,0
12/7/25 6:00,11.66,67,ENE,13.61,0,0
12/7/25 7:00,11.08,78,ENE,13.41,0,0
12/7/25 8:00,13.22,76,ENE,15.75,0,0
12/7/25 9:00,13.22,72,ENE,16.72,0,0
12/7/25 10:00,13.8,106,ESE,17.69,0,0
12/7/25 11:00,10.5,100,E,14.19,0,0
12/7/25 12:00,9.33,94,E,13.22,0,0
12/7/25 13:00,9.91,95,E,12.83,0,0
12/7/25 14:00,11.08,80,E,13.41,0,0
12/7/25 15:00,9.52,82,E,12.44,0,0
12/7/25 16:00,9.91,91,E,11.86,0,0
12/7/25 17:00,12.64,72,ENE,14.77,0,0
12/7/25 18:00,12.05,83,E,14.19,0,0
12/7/25 19:00,11.66,90,E,15.36,0,0
12/7/25 20:00,13.22,100,E,15.55,0,0
12/7/25 21:00,13.8,87,E,18.27,0,0
12/7/25 22:00,13.02,99,E,16.52,0,0
12/7/25 23:00,13.41,73,ENE,16.13,0,0
12/8/25 0:00,12.25,66,ENE,15.36,0,0
12/8/25 1:00,11.66,69,ENE,15.16,0,0
12/8/25 2:00,12.64,73,ENE,15.36,0,0
12/8/25 3:00,11.27,75,ENE,15.36,0,0
12/8/25 4:00,13.02,73,ENE,15.75,0,0
12/8/25 5:00,12.83,78,ENE,15.36,0,0
12/8/25 6:00,13.02,74,ENE,17.11,0,0
12/8/25 7:00,13.41,77,ENE,15.16,0,0
12/8/25 8:00,10.89,73,ENE,14.19,0,0
12/8/25 9:00,9.52,73,ENE,12.64,0,0
12/8/25 10:00,10.3,80,E,12.44,0,0
12/8/25 11:00,8.16,74,ENE,10.11,0,0
12/8/25 12:00,10.11,82,E,12.05,0,0
12/8/25 13:00,12.64,80,E,15.75,0,0
12/8/25 14:00,12.44,104,ESE,16.33,0,0
12/8/25 15:00,10.69,109,ESE,15.36,0,0
12/8/25 16:00,11.08,82,E,12.83,0,0
12/8/25 17:00,10.89,66,ENE,12.44,0,0
12/8/25 18:00,9.52,78,ENE,11.27,0,0
12/8/25 19:00,11.66,102,ESE,14.77,0,0
12/8/25 20:00,13.61,87,E,17.69,0,0
12/8/25 21:00,12.64,96,E,17.88,0,0
12/8/25 22:00,7.97,104,ESE,13.22,0,0
12/8/25 23:00,10.89,102,ESE,14.19,0,0
12/9/25 0:00,12.05,94,E,14.58,0,0
12/9/25 1:00,11.27,94,E,14.58,0,0
12/9/25 2:00,14.77,72,ENE,18.86,0,0
12/9/25 3:00,14.19,93,E,17.49,0,0
12/9/25 4:00,12.05,103,ESE,17.3,0,0
12/9/25 5:00,11.47,84,E,13.8,0,0
12/9/25 6:00,11.86,93,E,14.58,0,0
12/9/25 7:00,10.3,70,ENE,13.8,0,0
12/9/25 8:00,9.33,72,ENE,14,0,0
12/9/25 9:00,10.3,69,ENE,14.77,0,0
12/9/25 10:00,11.66,75,ENE,16.52,0,0
12/9/25 11:00,10.5,93,E,12.25,0,0
12/9/25 12:00,12.44,77,ENE,14.38,0,0
12/9/25 13:00,11.86,74,ENE,15.16,0,0
12/9/25 14:00,12.64,87,E,17.3,0,0
12/9/25 15:00,13.22,99,E,17.11,0,0
12/9/25 16:00,12.44,94,E,15.55,0,0
12/9/25 17:00,13.8,83,E,16.52,0,0
12/9/25 18:00,14.58,88,E,18.08,0,0
12/9/25 19:00,12.44,106,ESE,17.49,0,0
12/9/25 20:00,12.83,102,ESE,16.72,0,0
12/9/25 21:00,10.5,93,E,14.19,0,0
12/9/25 22:00,12.05,98,E,14.97,0,0
12/9/25 23:00,10.5,107,ESE,14.19,0,0
12/10/25 0:00,14,92,E,16.91,0,0
12/10/25 1:00,17.3,80,E,19.83,0,0
12/10/25 2:00,10.69,98,E,16.33,0,0
12/10/25 3:00,12.83,88,E,16.13,0,0
12/10/25 4:00,12.25,93,E,14.97,0,0
12/10/25 5:00,11.86,98,E,15.94,0,0
12/10/25 6:00,12.05,102,ESE,17.11,0,0
12/10/25 7:00,11.08,96,E,15.75,0,0
12/10/25 8:00,14,93,E,17.88,0,0
12/10/25 9:00,12.64,98,E,16.52,0,0
12/10/25 10:00,14.58,86,E,18.86,0,0
12/10/25 11:00,12.44,89,E,16.91,0,0
12/10/25 12:00,12.64,99,E,15.55,0,0
12/10/25 13:00,14.97,94,E,17.3,0,0
12/10/25 14:00,14.77,103,ESE,17.3,0,0
12/10/25 15:00,13.8,93,E,17.3,0,0
12/10/25 16:00,13.02,97,E,15.55,0,0
12/10/25 17:00,14.19,86,E,17.88,0,0
12/10/25 18:00,15.75,78,ENE,18.27,0,0
12/10/25 19:00,11.47,98,E,15.75,0,0
12/10/25 20:00,14.19,89,E,17.88,0,0
12/10/25 21:00,12.05,97,E,19.83,0,0
12/10/25 22:00,17.88,86,E,20.6,0,0
12/10/25 23:00,15.75,89,E,19.83,0,0
12/11/25 0:00,14.77,91,E,18.66,0,0
12/11/25 1:00,17.11,90,E,20.8,0,0
12/11/25 2:00,15.36,92,E,20.22,0,0
12/11/25 3:00,13.22,72,ENE,17.69,0,0
12/11/25 4:00,11.86,75,ENE,15.94,0,0
12/11/25 5:00,12.64,74,ENE,14.77,0,0
12/11/25 6:00,12.25,75,ENE,16.72,0,0
12/11/25 7:00,11.66,71,ENE,15.94,0,0
12/11/25 8:00,13.61,72,ENE,15.94,0,0
12/11/25 9:00,13.61,82,E,16.52,0,0
12/11/25 10:00,14.97,72,ENE,17.88,0,0
12/11/25 11:00,13.8,101,E,18.08,0,0
12/11/25 12:00,13.41,95,E,17.49,0,0
12/11/25 13:00,14.19,98,E,18.47,0,0
12/11/25 14:00,15.16,102,ESE,20.6,0,0
12/11/25 15:00,15.36,102,ESE,21.19,0,0
12/11/25 16:00,16.91,94,E,20.02,0,0
12/11/25 17:00,15.55,97,E,19.44,0,0
12/11/25 18:00,16.13,102,ESE,19.63,0,0
12/11/25 19:00,16.52,103,ESE,20.99,0,0
12/11/25 20:00,18.08,99,E,21.77,0,0
12/11/25 21:00,17.11,98,E,21.77,0,0
12/11/25 22:00,14,104,ESE,16.91,0,0
12/11/25 23:00,14.77,97,E,17.3,0,0
12/12/25 0:00,14.77,86,E,18.86,0,0
12/12/25 1:00,13.41,94,E,16.91,0,0
12/12/25 2:00,14.38,90,E,17.3,0,0
12/12/25 3:00,14.97,93,E,18.86,0,0
12/12/25 4:00,17.88,87,E,21.19,0,0
12/12/25 5:00,18.08,80,E,20.99,0,0
12/12/25 6:00,15.55,76,ENE,20.02,0,0
12/12/25 7:00,17.3,81,E,21.19,0,0
12/12/25 8:00,19.63,80,E,22.74,0,0
12/12/25 9:00,15.36,93,E,20.02,0,0
12/12/25 10:00,18.66,88,E,25.66,0,0
12/12/25 11:00,16.33,96,E,20.02,0,0
12/12/25 12:00,20.02,87,E,24.49,0,0
12/12/25 13:00,20.8,91,E,24.49,0,0
12/12/25 14:00,16.33,95,E,20.99,0,0
12/12/25 15:00,13.8,101,E,20.02,0,0
12/12/25 16:00,14.97,100,E,18.47,0,0
12/12/25 17:00,15.36,106,ESE,20.22,0,0
12/12/25 18:00,16.91,108,ESE,20.22,0,0
12/12/25 19:00,11.47,114,ESE,18.47,0,0
12/12/25 20:00,13.61,115,ESE,19.05,0,0
12/12/25 21:00,12.64,98,E,19.05,0,0
12/12/25 22:00,14.38,96,E,17.49,0,0
12/12/25 23:00,14.77,107,ESE,19.24,0,0
12/13/25 0:00,18.47,97,E,22.16,0,0
12/13/25 1:00,14.38,109,ESE,18.66,0,0
12/13/25 2:00,15.55,99,E,19.63,0,0
12/13/25 3:00,16.72,99,E,21.19,0,0
12/13/25 4:00,15.36,98,E,19.44,0,0
12/13/25 5:00,13.61,76,ENE,17.88,0,0
12/13/25 6:00,12.83,101,E,19.05,0,0
12/13/25 7:00,11.47,124,SE,17.3,0,0
12/13/25 8:00,12.83,113,ESE,20.02,0,0
12/13/25 9:00,12.44,106,ESE,18.27,0,0
12/13/25 10:00,12.83,106,ESE,16.33,0,0
12/13/25 11:00,13.61,103,ESE,16.91,0,0
12/13/25 12:00,9.52,109,ESE,14.38,0,0
12/13/25 13:00,10.3,105,ESE,14.77,0,0
12/13/25 14:00,10.69,103,ESE,13.8,0,0
12/13/25 15:00,11.66,110,ESE,15.55,0,0
12/13/25 16:00,5.25,114,ESE,9.14,0,0
12/13/25 17:00,8.94,103,ESE,11.08,0,0
12/13/25 18:00,9.91,127,SE,14.97,0,0
12/13/25 19:00,,,,,1,1
12/13/25 20:00,10.69,89,E,12.44,0,0
12/13/25 21:00,7.97,96,E,9.72,0,0
12/13/25 22:00,10.69,104,ESE,12.64,0,0
12/13/25 23:00,11.66,95,E,14,0,0
12/14/25 0:00,9.91,87,E,11.86,0,0
12/14/25 1:00,9.33,64,ENE,11.27,0,0
12/14/25 2:00,7.78,87,E,9.14,0,0
12/14/25 3:00,6.22,105,ESE,8.36,0,0
12/14/25 4:00,9.33,96,E,10.89,0,0
12/14/25 5:00,5.05,110,ESE,14.19,0,0
12/14/25 6:00,9.91,71,ENE,11.86,0,0
12/14/25 7:00,7.58,59,ENE,8.94,0,0
12/14/25 8:00,9.33,66,ENE,11.66,0,0
12/14/25 9:00,7.58,46,NE,10.11,0,0
12/14/25 10:00,10.89,101,E,13.02,0,0
12/14/25 11:00,10.3,87,E,13.61,0,0
12/14/25 12:00,12.83,74,ENE,14.77,0,0
12/14/25 13:00,14,90,E,16.52,0,0
12/14/25 14:00,11.27,99,E,15.55,0,0
12/14/25 15:00,9.33,96,E,13.41,0,0
12/14/25 16:00,6.8,100,E,9.52,0,0
12/14/25 17:00,6.41,105,ESE,8.16,0,0
12/14/25 18:00,5.83,121,ESE,8.16,0,0
12/14/25 19:00,7.39,97,E,9.33,0,0
12/14/25 20:00,7.58,93,E,9.33,0,0
12/14/25 21:00,9.14,114,ESE,14.97,0,0
12/14/25 22:00,10.5,98,E,13.8,0,0
12/14/25 23:00,12.25,104,ESE,15.94,0,0
12/15/25 0:00,7.97,108,ESE,9.91,0,0
12/15/25 1:00,7.19,94,E,9.14,0,0
12/15/25 2:00,9.33,99,E,11.27,0,0
12/15/25 3:00,12.05,96,E,15.75,0,0
12/15/25 4:00,13.22,91,E,16.33,0,0
12/15/25 5:00,11.66,65,ENE,13.41,0,0
12/15/25 6:00,9.33,77,ENE,10.5,0,0
12/15/25 7:00,11.66,97,E,13.8,0,0
12/15/25 8:00,12.64,105,ESE,15.75,0,0
12/15/25 9:00,9.72,105,ESE,12.64,0,0
12/15/25 10:00,9.52,110,ESE,12.83,0,0
12/15/25 11:00,11.08,92,E,14.97,0,0
12/15/25 12:00,7.58,102,ESE,9.33,0,0
12/15/25 13:00,9.33,94,E,11.47,0,0
12/15/25 14:00,10.69,97,E,12.44,0,0
12/15/25 15:00,14,100,E,18.08,0,0
12/15/25 16:00,15.55,95,E,18.66,0,0
12/15/25 17:00,10.5,88,E,12.64,0,0
12/15/25 18:00,10.3,97,E,12.05,0,0
12/15/25 19:00,6.8,93,E,9.52,0,0
12/15/25 20:00,10.69,97,E,12.64,0,0
12/15/25 21:00,12.44,97,E,15.16,0,0
12/15/25 22:00,9.52,99,E,12.83,0,0
12/15/25 23:00,4.67,121,ESE,12.05,0,0
12/16/25 0:00,7.39,90,E,9.33,0,0
12/16/25 1:00,9.14,90,E,13.02,0,0
12/16/25 2:00,10.89,96,E,12.83,0,0
12/16/25 3:00,5.64,113,ESE,8.94,0,0
12/16/25 4:00,12.05,94,E,13.61,0,0
12/16/25 5:00,11.27,97,E,13.41,0,0
12/16/25 6:00,17.3,95,E,20.8,0,0
12/16/25 7:00,15.55,91,E,20.02,0,0
12/16/25 8:00,17.49,96,E,24.3,0,0
12/16/25 9:00,5.64,97,E,7.19,0,0
12/16/25 10:00,8.94,72,ENE,11.66,0,0
12/16/25 11:00,7.78,347,NNW,8.94,0,0
12/16/25 12:00,0.19,8,N,1.17,0,0
12/16/25 13:00,12.05,80,E,13.22,0,0
12/16/25 14:00,13.22,100,E,15.55,0,0
12/16/25 15:00,14.77,100,E,18.08,0,0
12/16/25 16:00,15.36,96,E,19.05,0,0
12/16/25 17:00,11.86,99,E,14.97,0,0
12/16/25 18:00,9.52,107,ESE,13.41,0,0
12/16/25 19:00,9.14,120,ESE,13.8,0,0
12/16/25 20:00,9.14,108,ESE,11.47,0,0
12/16/25 21:00,8.36,89,E,10.3,0,0
12/16/25 22:00,6.61,93,E,7.97,0,0
12/16/25 23:00,1.17,345,NNW,4.08,0,0
12/17/25 0:00,7.19,80,E,7.97,0,0
12/17/25 1:00,1.56,92,E,2.53,0,0
12/17/25 2:00,0.39,117,ESE,1.75,0,0
12/17/25 3:00,1.75,111,ESE,2.72,0,0
12/17/25 4:00,4.86,212,SSW,8.36,0,0
12/17/25 5:00,10.89,224,SW,13.02,0,0
12/17/25 6:00,11.08,214,SW,15.16,0,0
12/17/25 7:00,12.44,210,SSW,15.55,0,0
12/17/25 8:00,12.05,210,SSW,15.36,0,0
12/17/25 9:00,8.94,213,SSW,12.25,0,0
12/17/25 10:00,9.52,211,SSW,12.05,0,0
12/17/25 11:00,11.86,218,SW,13.8,0,0
12/17/25 12:00,10.3,235,SW,13.02,0,0
12/17/25 13:00,10.3,231,SW,11.86,0,0
12/17/25 14:00,11.08,209,SSW,14,0,0
12/17/25 15:00,7.97,224,SW,9.33,0,0
12/17/25 16:00,8.94,236,SW,10.89,0,0
12/17/25 17:00,6.61,264,W,9.14,0,0
12/17/25 18:00,0.78,77,ENE,1.94,0,0
12/17/25 19:00,1.94,170,S,2.53,0,0
12/17/25 20:00,7.78,92,E,8.75,0,0
12/17/25 21:00,2.33,86,E,4.28,0,0
12/17/25 22:00,4.47,98,E,5.44,0,0
12/17/25 23:00,7,76,ENE,8.75,0,0
12/18/25 0:00,4.67,300,WNW,5.25,0,0
12/18/25 1:00,4.47,324,NW,5.44,0,0
12/18/25 2:00,1.17,95,E,1.75,0,0
12/18/25 3:00,3.3,336,NNW,4.08,0,0
12/18/25 4:00,2.72,63,ENE,3.69,0,0
12/18/25 5:00,2.53,47,NE,3.3,0,0
12/18/25 6:00,1.56,199,SSW,1.94,0,0
12/18/25 7:00,1.36,332,NNW,2.14,0,0
12/18/25 8:00,2.92,221,SW,3.69,0,0
12/18/25 9:00,2.72,253,WSW,3.89,0,0
12/18/25 10:00,2.53,254,WSW,2.92,0,0
12/18/25 11:00,3.3,298,WNW,3.89,0,0
12/18/25 12:00,2.72,255,WSW,3.69,0,0
12/18/25 13:00,2.53,306,NW,3.11,0,0
12/18/25 14:00,4.08,297,WNW,5.05,0,0
12/18/25 15:00,3.89,258,WSW,4.47,0,0
12/18/25 16:00,1.75,268,W,2.14,0,0
12/18/25 17:00,0.97,233,SW,2.14,0,0
12/18/25 18:00,3.69,239,WSW,4.08,0,0
12/18/25 19:00,2.72,257,WSW,3.5,0,0
12/18/25 20:00,5.44,268,W,7.19,0,0
12/18/25 21:00,1.36,230,SW,1.94,0,0
12/18/25 22:00,0.78,349,N,0.97,0,0
12/18/25 23:00,7,84,E,7.58,0,0
12/19/25 0:00,3.89,236,SW,6.61,0,0
12/19/25 1:00,2.33,148,SSE,2.92,0,0
12/19/25 2:00,2.53,356,N,3.89,0,0
12/19/25 3:00,2.14,25,NNE,2.72,0,0
12/19/25 4:00,5.44,94,E,6.22,0,0
12/19/25 5:00,9.14,89,E,10.3,0,0
12/19/25 6:00,9.33,79,E,10.3,0,0
12/19/25 7:00,4.86,68,ENE,7.78,0,0
12/19/25 8:00,7.97,76,ENE,9.33,0,0
12/19/25 9:00,6.41,80,E,7.78,0,0
12/19/25 10:00,6.8,75,ENE,8.75,0,0
12/19/25 11:00,1.36,75,ENE,2.92,0,0
12/19/25 12:00,8.94,244,WSW,15.75,0,0
12/19/25 13:00,14.77,225,SW,18.47,0,0
12/19/25 14:00,16.13,224,SW,21.38,0,0
12/19/25 15:00,15.36,217,SW,21.19,0,0
12/19/25 16:00,11.27,224,SW,14.19,0,0
12/19/25 17:00,9.33,214,SW,12.25,0,0
12/19/25 18:00,9.14,209,SSW,12.64,0,0
12/19/25 19:00,8.94,218,SW,11.86,0,0
12/19/25 20:00,8.16,216,SW,10.5,0,0
12/19/25 21:00,8.75,209,SSW,10.5,0,0
12/19/25 22:00,7.39,215,SW,8.75,0,0
12/19/25 23:00,6.8,220,SW,8.16,0,0
12/20/25 0:00,6.03,229,SW,7.19,0,0
12/20/25 1:00,7,225,SW,8.55,0,0
12/20/25 2:00,5.83,220,SW,7.97,0,0
12/20/25 3:00,6.03,214,SW,7.78,0,0
12/20/25 4:00,3.89,242,WSW,5.83,0,0
12/20/25 5:00,3.11,88,E,4.67,0,0
12/20/25 6:00,9.52,84,E,10.5,0,0
12/20/25 7:00,6.8,86,E,8.94,0,0
12/20/25 8:00,7,88,E,8.75,0,0
12/20/25 9:00,10.89,77,ENE,11.47,0,0
12/20/25 10:00,10.3,78,ENE,11.66,0,0
12/20/25 11:00,11.27,85,E,12.44,0,0
12/20/25 12:00,6.8,93,E,8.16,0,0
12/20/25 13:00,8.55,84,E,10.11,0,0
12/20/25 14:00,10.5,82,E,11.47,0,0
12/20/25 15:00,7,73,ENE,8.36,0,0
12/20/25 16:00,5.05,77,ENE,5.64,0,0
12/20/25 17:00,4.08,72,ENE,4.86,0,0
12/20/25 18:00,6.8,79,E,7.19,0,0
12/20/25 19:00,9.33,85,E,10.11,0,0
12/20/25 20:00,7.97,92,E,9.14,0,0
12/20/25 21:00,9.91,89,E,11.08,0,0
12/20/25 22:00,3.5,213,SSW,6.8,0,0
12/20/25 23:00,7.58,207,SSW,11.86,0,0
12/21/25 0:00,9.52,210,SSW,12.05,0,0
12/21/25 1:00,10.89,211,SSW,14.97,0,0
12/21/25 2:00,14,222,SW,19.05,0,0
12/21/25 3:00,13.61,224,SW,16.91,0,0
12/21/25 4:00,9.91,233,SW,13.22,0,0
12/21/25 5:00,8.55,220,SW,11.47,0,0
12/21/25 6:00,12.25,218,SW,17.11,0,0
12/21/25 7:00,14,219,SW,19.24,0,0
12/21/25 8:00,7.58,216,SW,12.05,0,0
12/21/25 9:00,7.78,205,SSW,10.69,0,0
12/21/25 10:00,12.83,208,SSW,18.08,0,0
12/21/25 11:00,10.69,217,SW,18.27,0,0
12/21/25 12:00,9.52,210,SSW,13.61,0,0
12/21/25 13:00,12.25,200,SSW,16.91,0,0
12/21/25 14:00,9.72,209,SSW,14.58,0,0
12/21/25 15:00,10.89,206,SSW,15.55,0,0
12/21/25 16:00,10.3,221,SW,14.58,0,0
12/21/25 17:00,14.97,208,SSW,19.44,0,0
12/21/25 18:00,14.58,206,SSW,20.22,0,0
12/21/25 19:00,17.3,198,SSW,21.58,0,0
12/21/25 20:00,14.19,199,SSW,21.58,0,0
12/21/25 21:00,14.58,201,SSW,19.44,0,0
12/21/25 22:00,16.13,201,SSW,19.63,0,0
12/21/25 23:00,11.66,192,SSW,16.52,0,0
12/22/25 0:00,12.64,205,SSW,16.52,0,0
12/22/25 1:00,12.64,205,SSW,18.86,0,0
12/22/25 2:00,10.89,204,SSW,16.33,0,0
12/22/25 3:00,9.14,192,SSW,14.77,0,0
12/22/25 4:00,10.3,196,SSW,13.41,0,0
12/22/25 5:00,5.25,179,S,10.11,0,0
12/22/25 6:00,6.41,193,SSW,9.72,0,0
12/22/25 7:00,5.25,143,SE,6.41,0,0
12/22/25 8:00,3.69,248,WSW,5.05,0,0
12/22/25 9:00,1.75,66,ENE,3.11,0,0
12/22/25 10:00,4.47,52,NE,6.61,0,0
12/22/25 11:00,3.89,329,NNW,5.83,0,0
12/22/25 12:00,3.11,146,SE,4.86,0,0
12/22/25 13:00,11.47,241,WSW,15.16,0,0
12/22/25 14:00,8.36,213,SSW,10.69,0,0
12/22/25 15:00,3.89,211,SSW,4.86,0,0
12/22/25 16:00,4.08,275,W,6.22,0,0
12/22/25 17:00,0.97,352,N,1.75,0,0
12/22/25 18:00,2.33,83,E,3.11,0,0
12/22/25 19:00,4.28,75,ENE,4.67,0,0
12/22/25 20:00,0.39,109,ESE,0.58,0,0
12/22/25 21:00,3.11,245,WSW,5.05,0,0
12/22/25 22:00,1.56,84,E,2.14,0,0
12/22/25 23:00,4.08,69,ENE,4.86,0,0
12/23/25 0:00,5.05,81,E,5.64,0,0
12/23/25 1:00,5.25,65,ENE,5.25,0,0
12/23/25 2:00,1.17,188,S,2.33,0,0
12/23/25 3:00,5.83,90,E,6.41,0,0
12/23/25 4:00,2.92,247,WSW,3.69,0,0
12/23/25 5:00,3.3,90,E,4.47,0,0
12/23/25 6:00,7.39,85,E,8.75,0,0
12/23/25 7:00,2.92,85,E,4.86,0,0
12/23/25 8:00,5.64,79,E,6.03,0,0
12/23/25 9:00,1.36,72,ENE,2.53,0,0
12/23/25 10:00,1.75,63,ENE,2.53,0,0
12/23/25 11:00,5.64,141,SE,8.36,0,0
12/23/25 12:00,11.27,154,SSE,14,0,0
12/23/25 13:00,10.11,134,SE,12.83,0,0
12/23/25 14:00,9.14,152,SSE,13.41,0,0
12/23/25 15:00,9.52,147,SSE,12.25,0,0
12/23/25 16:00,10.5,96,E,14.19,0,0
12/23/25 17:00,8.94,106,ESE,10.89,0,0
12/23/25 18:00,1.75,240,WSW,4.47,0,0
12/23/25 19:00,4.47,44,NE,5.05,0,0
12/23/25 20:00,9.91,104,ESE,11.47,0,0
12/23/25 21:00,8.36,106,ESE,10.5,0,0
12/23/25 22:00,10.5,127,SE,13.8,0,0
12/23/25 23:00,9.91,150,SSE,18.86,0,0
12/24/25 0:00,16.72,164,SSE,21.97,0,0
12/24/25 1:00,10.69,169,S,19.05,0,0
12/24/25 2:00,16.91,173,S,24.3,0,0
12/24/25 3:00,7.97,166,SSE,15.75,0,0
12/24/25 4:00,15.94,214,SW,20.02,0,0
12/24/25 5:00,22.55,226,SW,27.99,0,0
12/24/25 6:00,15.36,235,SW,18.27,0,0
12/24/25 7:00,6.8,245,WSW,10.11,0,0
12/24/25 8:00,6.61,285,WNW,9.14,0,0
12/24/25 9:00,2.92,313,NW,3.89,0,0
12/24/25 10:00,1.94,3,N,2.92,0,0
12/24/25 11:00,0.39,55,NE,3.11,0,0
12/24/25 12:00,3.69,357,N,4.28,0,0
12/24/25 13:00,5.25,308,NW,7,0,0
12/24/25 14:00,2.14,343,NNW,4.28,0,0
12/24/25 15:00,4.47,127,SE,5.83,0,0
12/24/25 16:00,11.27,99,E,13.02,0,0
12/24/25 17:00,5.64,140,SE,7.78,0,0
12/24/25 18:00,10.3,100,E,12.05,0,0
12/24/25 19:00,10.3,201,SSW,17.11,0,0
12/24/25 20:00,11.66,193,SSW,17.88,0,0
12/24/25 21:00,11.66,200,SSW,20.02,0,0
12/24/25 22:00,5.83,180,S,12.25,0,0
12/24/25 23:00,7.39,149,SSE,12.05,0,0
12/25/25 0:00,13.02,145,SE,19.05,0,0
12/25/25 1:00,13.41,152,SSE,21.19,0,0
12/25/25 2:00,19.44,161,SSE,27.21,0,0
12/25/25 3:00,17.3,201,SSW,21.97,0,0
12/25/25 4:00,16.13,210,SSW,20.6,0,0
12/25/25 5:00,14,207,SSW,20.22,0,0
12/25/25 6:00,15.36,215,SW,20.6,0,0
12/25/25 7:00,11.86,217,SW,17.11,0,0
12/25/25 8:00,12.25,208,SSW,17.11,0,0
12/25/25 9:00,14,219,SW,20.02,0,0
12/25/25 10:00,12.25,210,SSW,16.91,0,0
12/25/25 11:00,11.08,192,SSW,15.94,0,0
12/25/25 12:00,8.94,259,W,19.83,0,0
12/25/25 13:00,16.52,214,SW,23.91,0,0
12/25/25 14:00,17.49,204,SSW,26.24,0,0
12/25/25 15:00,11.66,199,SSW,19.44,0,0
12/25/25 16:00,3.89,234,SW,5.44,0,0
12/25/25 17:00,11.66,200,SSW,20.99,0,0
12/25/25 18:00,12.25,171,S,18.47,0,0
12/25/25 19:00,14.38,213,SSW,22.55,0,0
12/25/25 20:00,10.3,206,SSW,13.61,0,0
12/25/25 21:00,14.19,204,SSW,18.66,0,0
12/25/25 22:00,17.11,207,SSW,22.74,0,0
12/25/25 23:00,12.64,209,SSW,20.6,0,0
12/26/25 0:00,12.05,220,SW,17.3,0,0
12/26/25 1:00,14.77,223,SW,19.44,0,0
12/26/25 2:00,17.3,219,SW,21.58,0,0
12/26/25 3:00,17.11,218,SW,22.35,0,0
12/26/25 4:00,13.41,217,SW,17.88,0,0
12/26/25 5:00,8.75,203,SSW,11.86,0,0
12/26/25 6:00,11.47,203,SSW,15.75,0,0
12/26/25 7:00,8.94,202,SSW,14,0,0
12/26/25 8:00,8.75,192,SSW,15.94,0,0
12/26/25 9:00,10.3,197,SSW,17.88,0,0
12/26/25 10:00,15.16,187,S,19.63,0,0
12/26/25 11:00,16.91,197,SSW,26.82,0,0
12/26/25 12:00,20.6,206,SSW,27.99,0,0
12/26/25 13:00,16.52,202,SSW,20.99,0,0
12/26/25 14:00,18.66,206,SSW,24.88,0,0
12/26/25 15:00,13.8,211,SSW,20.8,0,0
12/26/25 16:00,7.58,303,WNW,15.94,0,0
12/26/25 17:00,7.97,239,WSW,10.11,0,0
12/26/25 18:00,7.78,268,W,11.08,0,0
12/26/25 19:00,5.25,233,SW,8.16,0,0
12/26/25 20:00,5.44,250,WSW,7.19,0,0
12/26/25 21:00,8.16,257,WSW,12.05,0,0
12/26/25 22:00,5.64,270,W,8.16,0,0
12/26/25 23:00,3.3,235,SW,6.03,0,0
12/27/25 0:00,6.8,206,SSW,8.55,0,0
12/27/25 1:00,5.44,288,WNW,7.19,0,0
12/27/25 2:00,5.64,277,W,9.33,0,0
12/27/25 3:00,4.67,293,WNW,6.03,0,0
12/27/25 4:00,3.69,5,N,4.86,0,0
12/27/25 5:00,1.94,298,WNW,4.08,0,0
12/27/25 6:00,2.72,334,NNW,3.5,0,0
12/27/25 7:00,2.33,338,NNW,2.92,0,0
12/27/25 8:00,2.14,192,SSW,2.92,0,0
12/27/25 9:00,2.14,20,NNE,3.3,0,0
12/27/25 10:00,1.56,65,ENE,2.33,0,0
12/27/25 11:00,7.78,84,E,8.75,0,0
12/27/25 12:00,6.41,94,E,7.39,0,0
12/27/25 13:00,6.22,88,E,7.58,0,0
12/27/25 14:00,6.03,87,E,7,0,0
12/27/25 15:00,3.89,81,E,6.22,0,0
12/27/25 16:00,2.14,84,E,2.92,0,0
12/27/25 17:00,3.5,156,SSE,5.64,0,0
12/27/25 18:00,1.94,137,SE,2.53,0,0
12/27/25 19:00,2.33,145,SE,3.3,0,0
12/27/25 20:00,1.56,149,SSE,2.14,0,0
12/27/25 21:00,0.39,206,SSW,2.53,0,0
12/27/25 22:00,3.89,152,SSE,4.67,0,0
12/27/25 23:00,2.53,154,SSE,3.69,0,0
12/28/25 0:00,0.58,187,S,1.17,0,0
12/28/25 1:00,2.14,350,N,3.3,0,0
12/28/25 2:00,0.78,327,NNW,1.56,0,0
12/28/25 3:00,2.33,150,SSE,3.3,0,0
12/28/25 4:00,2.72,148,SSE,3.69,0,0
12/28/25 5:00,0.58,217,SW,1.36,0,0
12/28/25 6:00,1.36,258,WSW,2.53,0,0
12/28/25 7:00,4.08,206,SSW,5.44,0,0
12/28/25 8:00,2.53,203,SSW,3.69,0,0
12/28/25 9:00,0.19,243,WSW,1.75,0,0
12/28/25 10:00,0.78,12,NNE,2.53,0,0
12/28/25 11:00,2.33,305,NW,3.5,0,0
12/28/25 12:00,2.14,253,WSW,3.11,0,0
12/28/25 13:00,2.53,311,NW,3.11,0,0
12/28/25 14:00,1.56,36,NE,1.94,0,0
12/28/25 15:00,5.64,83,E,6.61,0,0
12/28/25 16:00,5.83,100,E,6.8,0,0
12/28/25 17:00,4.67,111,ESE,6.03,0,0
12/28/25 18:00,5.64,104,ESE,8.36,0,0
12/28/25 19:00,12.25,101,E,14,0,0
12/28/25 20:00,10.5,104,ESE,13.02,0,0
12/28/25 21:00,10.89,105,ESE,13.41,0,0
12/28/25 22:00,7.97,116,ESE,11.27,0,0
12/28/25 23:00,8.36,105,ESE,11.08,0,0
12/29/25 0:00,10.5,94,E,12.05,0,0
12/29/25 1:00,12.25,92,E,14.19,0,0
12/29/25 2:00,11.66,99,E,15.75,0,0
12/29/25 3:00,16.72,105,ESE,19.44,0,0
12/29/25 4:00,12.25,93,E,15.75,0,0
12/29/25 5:00,10.69,112,ESE,14.58,0,0
12/29/25 6:00,10.69,113,ESE,14,0,0
12/29/25 7:00,10.89,107,ESE,14.19,0,0
12/29/25 8:00,13.22,109,ESE,15.94,0,0
12/29/25 9:00,13.22,113,ESE,16.52,0,0
12/29/25 10:00,14.19,105,ESE,17.88,0,0
12/29/25 11:00,12.64,108,ESE,16.72,0,0
12/29/25 12:00,11.86,97,E,16.72,0,0
12/29/25 13:00,11.86,100,E,15.36,0,0
12/29/25 14:00,11.27,97,E,16.33,0,0
12/29/25 15:00,11.86,92,E,14.58,0,0
12/29/25 16:00,10.3,95,E,13.41,0,0
12/29/25 17:00,9.14,100,E,11.47,0,0
12/29/25 18:00,5.05,97,E,7.19,0,0
12/29/25 19:00,6.22,88,E,8.55,0,0
12/29/25 20:00,7.58,89,E,9.72,0,0
12/29/25 21:00,8.75,109,ESE,10.11,0,0
12/29/25 22:00,9.72,84,E,11.66,0,0
12/29/25 23:00,10.69,75,ENE,13.22,0,0
12/30/25 0:00,8.75,97,E,11.27,0,0
12/30/25 1:00,10.69,87,E,13.41,0,0
12/30/25 2:00,11.86,90,E,13.41,0,0
12/30/25 3:00,11.08,96,E,13.41,0,0
12/30/25 4:00,16.13,89,E,19.24,0,0
12/30/25 5:00,15.16,97,E,19.63,0,0
12/30/25 6:00,14.97,94,E,19.05,0,0
12/30/25 7:00,14.58,77,ENE,18.08,0,0
12/30/25 8:00,16.72,100,E,20.8,0,0
12/30/25 9:00,18.66,94,E,22.55,0,0
12/30/25 10:00,21.58,81,E,25.27,0,0
12/30/25 11:00,19.83,81,E,23.71,0,0
12/30/25 12:00,18.08,88,E,24.49,0,0
12/30/25 13:00,19.24,88,E,25.46,0,0
12/30/25 14:00,22.16,86,E,27.8,0,0
12/30/25 15:00,19.63,92,E,23.52,0,0
12/30/25 16:00,19.24,87,E,24.3,0,0
12/30/25 17:00,18.08,96,E,21.77,0,0
12/30/25 18:00,16.13,99,E,20.02,0,0
12/30/25 19:00,15.94,94,E,21.58,0,0
12/30/25 20:00,14.97,101,E,20.02,0,0
12/30/25 21:00,15.16,91,E,18.08,0,0
12/30/25 22:00,,,,,1,1
12/30/25 23:00,10.69,98,E,18.27,0,0
12/31/25 0:00,11.27,94,E,14.97,0,0
12/31/25 1:00,14.19,79,E,18.27,0,0
12/31/25 2:00,17.88,79,E,20.02,0,0
12/31/25 3:00,10.89,97,E,14.19,0,0
12/31/25 4:00,13.41,91,E,15.94,0,0
12/31/25 5:00,13.41,95,E,16.13,0,0
12/31/25 6:00,10.89,92,E,12.83,0,0
12/31/25 7:00,11.27,93,E,13.22,0,0
12/31/25 8:00,14.19,75,ENE,17.11,0,0
12/31/25 9:00,8.75,87,E,11.47,0,0
12/31/25 10:00,13.02,94,E,15.75,0,0
12/31/25 11:00,17.49,95,E,19.63,0,0
12/31/25 12:00,13.61,95,E,15.94,0,0
12/31/25 13:00,12.83,92,E,16.91,0,0
12/31/25 14:00,14.97,94,E,19.63,0,0
12/31/25 15:00,14.97,87,E,20.41,0,0
12/31/25 16:00,15.55,81,E,17.88,0,0
12/31/25 17:00,12.05,86,E,14.58,0,0
12/31/25 18:00,13.41,88,E,16.72,0,0
12/31/25 19:00,16.13,85,E,21.77,0,0
12/31/25 20:00,17.11,89,E,21.58,0,0
12/31/25 21:00,18.66,84,E,23.13,0,0
12/31/25 22:00,16.33,86,E,20.8,0,0
12/31/25 23:00,16.13,85,E,20.41,0,0
1/1/26 0:00,14.38,89,E,19.05,0,0
1/1/26 1:00,17.49,93,E,21.38,0,0
1/1/26 2:00,14.77,94,E,19.44,0,0
1/1/26 3:00,13.02,90,E,17.11,0,0
1/1/26 4:00,13.41,89,E,18.27,0,0
1/1/26 5:00,15.36,77,ENE,19.05,0,0
1/1/26 6:00,12.05,82,E,14,0,0
1/1/26 7:00,12.64,83,E,15.94,0,0
1/1/26 8:00,8.55,102,ESE,11.08,0,0
1/1/26 9:00,13.02,84,E,14.58,0,0
1/1/26 10:00,9.52,94,E,11.47,0,0
1/1/26 11:00,6.03,104,ESE,7.58,0,0
1/1/26 12:00,7.58,98,E,8.94,0,0
1/1/26 13:00,8.55,82,E,10.69,0,0
1/1/26 14:00,2.92,67,ENE,3.69,0,0
1/1/26 15:00,8.16,92,E,9.14,0,0
1/1/26 16:00,10.89,87,E,13.22,0,0
1/1/26 17:00,11.27,159,SSE,17.69,0,0
1/1/26 18:00,4.67,143,SE,6.03,0,0
1/1/26 19:00,6.41,100,E,8.16,0,0
1/1/26 20:00,10.89,147,SSE,15.16,0,0
1/1/26 21:00,10.5,161,SSE,14.38,0,0
1/1/26 22:00,8.94,157,SSE,12.44,0,0
1/1/26 23:00,6.8,156,SSE,9.91,0,0
1/2/26 0:00,3.69,118,ESE,5.64,0,0
1/2/26 1:00,2.14,142,SE,4.67,0,0
1/2/26 2:00,4.67,120,ESE,6.22,0,0
1/2/26 3:00,5.25,140,SE,7,0,0
1/2/26 4:00,6.61,150,SSE,9.33,0,0
1/2/26 5:00,5.25,136,SE,6.03,0,0
1/2/26 6:00,6.61,142,SE,8.94,0,0
1/2/26 7:00,5.83,137,SE,7.19,0,0
1/2/26 8:00,6.61,125,SE,8.55,0,0
1/2/26 9:00,8.55,139,SE,11.27,0,0
1/2/26 10:00,10.69,157,SSE,13.61,0,0
1/2/26 11:00,10.69,162,SSE,14.38,0,0
1/2/26 12:00,11.47,155,SSE,16.52,0,0
1/2/26 13:00,9.33,124,SE,15.75,0,0
1/2/26 14:00,11.27,97,E,14,0,0
1/2/26 15:00,12.05,88,E,14.97,0,0
1/2/26 16:00,11.47,96,E,14.97,0,0
1/2/26 17:00,7,88,E,8.16,0,0
1/2/26 18:00,5.64,70,ENE,6.03,0,0
1/2/26 19:00,1.75,49,NE,2.72,0,0
1/2/26 20:00,8.16,76,ENE,9.33,0,0
1/2/26 21:00,5.44,204,SSW,8.94,0,0
1/2/26 22:00,24.49,197,SSW,30.32,0,0
1/2/26 23:00,17.69,201,SSW,24.1,0,0
1/3/26 0:00,15.75,203,SSW,22.35,0,0
1/3/26 1:00,13.41,206,SSW,22.74,0,0
1/3/26 2:00,13.8,210,SSW,22.74,0,0
1/3/26 3:00,9.14,187,S,13.02,0,0
1/3/26 4:00,10.89,166,SSE,15.75,0,0
1/3/26 5:00,8.36,153,SSE,12.83,0,0
1/3/26 6:00,8.55,179,S,14.19,0,0
1/3/26 7:00,1.56,76,ENE,9.14,0,0
1/3/26 8:00,13.22,188,S,18.47,0,0
1/3/26 9:00,7.78,193,SSW,11.47,0,0
1/3/26 10:00,7.78,231,SW,11.66,0,0
1/3/26 11:00,14.38,196,SSW,19.05,0,0
1/3/26 12:00,19.63,222,SW,27.21,0,0
1/3/26 13:00,19.24,220,SW,24.49,0,0
1/3/26 14:00,13.61,220,SW,21.19,0,0
1/3/26 15:00,12.05,214,SW,15.75,0,0
1/3/26 16:00,11.66,219,SW,15.75,0,0
1/3/26 17:00,13.41,209,SSW,17.49,0,0
1/3/26 18:00,12.44,213,SSW,18.47,0,0
1/3/26 19:00,12.25,201,SSW,16.91,0,0
1/3/26 20:00,9.52,201,SSW,11.86,0,0
1/3/26 21:00,8.55,200,SSW,11.66,0,0
1/3/26 22:00,9.33,198,SSW,12.25,0,0
1/3/26 23:00,9.14,197,SSW,13.22,0,0
1/4/26 0:00,8.36,180,S,16.13,0,0
1/4/26 1:00,11.27,190,S,15.36,0,0
1/4/26 2:00,14.19,194,SSW,18.66,0,0
1/4/26 3:00,13.8,209,SSW,18.08,0,0
1/4/26 4:00,6.8,219,SW,8.55,0,0
1/4/26 5:00,9.52,210,SSW,12.25,0,0
1/4/26 6:00,7.97,208,SSW,10.11,0,0
1/4/26 7:00,9.52,329,NNW,13.8,0,0
1/4/26 8:00,2.92,195,SSW,3.3,0,0
1/4/26 9:00,2.33,113,ESE,4.28,0,0
1/4/26 10:00,6.41,209,SSW,7.39,0,0
1/4/26 11:00,5.05,83,E,6.22,0,0
1/4/26 12:00,0.78,98,E,1.36,0,0
1/4/26 13:00,1.75,37,NE,3.69,0,0
1/4/26 14:00,4.47,208,SSW,6.03,0,0
1/4/26 15:00,7.39,207,SSW,9.91,0,0
1/4/26 16:00,8.94,215,SW,11.86,0,0
1/4/26 17:00,7.97,230,SW,10.69,0,0
1/4/26 18:00,5.05,236,SW,7,0,0
1/4/26 19:00,6.03,203,SSW,7.78,0,0
1/4/26 20:00,6.61,191,S,8.55,0,0
1/4/26 21:00,7.58,189,S,10.69,0,0
1/4/26 22:00,5.64,172,S,8.75,0,0
1/4/26 23:00,8.36,150,SSE,10.3,0,0
1/5/26 0:00,9.14,176,S,12.83,0,0
1/5/26 1:00,9.72,139,SE,11.08,0,0
1/5/26 2:00,5.25,156,SSE,8.94,0,0
1/5/26 3:00,6.61,152,SSE,11.47,0,0
1/5/26 4:00,11.86,157,SSE,17.3,0,0
1/5/26 5:00,10.89,153,SSE,14.77,0,0
1/5/26 6:00,9.91,153,SSE,14.19,0,0
1/5/26 7:00,11.08,153,SSE,15.16,0,0
1/5/26 8:00,11.66,152,SSE,14.97,0,0
1/5/26 9:00,13.02,169,S,18.47,0,0
1/5/26 10:00,13.8,174,S,22.55,0,0
1/5/26 11:00,13.8,176,S,18.86,0,0
1/5/26 12:00,9.52,158,SSE,14.97,0,0
1/5/26 13:00,11.08,171,S,16.52,0,0
1/5/26 14:00,8.94,161,SSE,13.8,0,0
1/5/26 15:00,6.22,141,SE,7.97,0,0
1/5/26 16:00,9.72,136,SE,12.05,0,0
1/5/26 17:00,9.72,109,ESE,14,0,0
1/5/26 18:00,13.41,154,SSE,19.83,0,0
1/5/26 19:00,7.97,133,SE,9.52,0,0
1/5/26 20:00,4.28,143,SE,6.22,0,0
1/5/26 21:00,7.58,99,E,8.36,0,0
1/5/26 22:00,7.97,103,ESE,8.94,0,0
1/5/26 23:00,6.41,76,ENE,7.78,0,0
1/6/26 0:00,4.08,101,E,5.05,0,0
1/6/26 1:00,3.69,116,ESE,4.47,0,0
1/6/26 2:00,3.5,38,NE,4.86,0,0
1/6/26 3:00,4.67,68,ENE,5.64,0,0
1/6/26 4:00,4.28,73,ENE,4.86,0,0
1/6/26 5:00,12.05,97,E,14.19,0,0
1/6/26 6:00,11.27,99,E,13.61,0,0
1/6/26 7:00,10.11,90,E,14.58,0,0
1/6/26 8:00,8.75,93,E,10.69,0,0
1/6/26 9:00,6.61,92,E,8.36,0,0
1/6/26 10:00,4.47,92,E,7,0,0
1/6/26 11:00,1.94,103,ESE,2.92,0,0
1/6/26 12:00,2.53,68,ENE,3.69,0,0
1/6/26 13:00,8.16,87,E,9.14,0,0
1/6/26 14:00,4.86,83,E,6.61,0,0
1/6/26 15:00,5.25,95,E,6.03,0,0
1/6/26 16:00,4.67,102,ESE,6.41,0,0
1/6/26 17:00,3.3,102,ESE,3.69,0,0
1/6/26 18:00,3.3,153,SSE,3.89,0,0
1/6/26 19:00,0.19,128,SE,0.97,0,0
1/6/26 20:00,2.33,323,NW,3.69,0,0
1/6/26 21:00,4.86,154,SSE,5.44,0,0
1/6/26 22:00,2.14,174,S,4.86,0,0
1/6/26 23:00,2.92,224,SW,3.5,0,0
1/7/26 0:00,4.86,200,SSW,5.44,0,0
1/7/26 1:00,2.92,202,SSW,5.64,0,0
1/7/26 2:00,3.89,213,SSW,4.67,0,0
1/7/26 3:00,5.05,198,SSW,6.03,0,0
1/7/26 4:00,3.3,271,W,4.47,0,0
1/7/26 5:00,7.39,229,SW,8.94,0,0
1/7/26 6:00,3.69,241,WSW,4.67,0,0
1/7/26 7:00,4.47,216,SW,5.44,0,0
1/7/26 8:00,3.3,247,WSW,5.83,0,0
1/7/26 9:00,6.61,273,W,8.55,0,0
1/7/26 10:00,2.92,311,NW,3.5,0,0
1/7/26 11:00,4.28,221,SW,5.05,0,0
1/7/26 12:00,5.25,228,SW,6.61,0,0
1/7/26 13:00,4.67,227,SW,5.64,0,0
1/7/26 14:00,7.58,242,WSW,9.91,0,0
1/7/26 15:00,6.8,285,WNW,9.91,0,0
1/7/26 16:00,10.69,272,W,14.97,0,0
1/7/26 17:00,14.19,258,WSW,17.11,0,0
1/7/26 18:00,11.08,291,WNW,14.77,0,0
1/7/26 19:00,6.61,284,WNW,12.64,0,0
1/7/26 20:00,11.08,275,W,15.94,0,0
1/7/26 21:00,7.97,256,WSW,12.25,0,0
1/7/26 22:00,10.89,234,SW,14.97,0,0
1/7/26 23:00,8.16,295,WNW,12.44,0,0
1/8/26 0:00,9.72,293,WNW,13.8,0,0
1/8/26 1:00,13.61,303,WNW,17.11,0,0
1/8/26 2:00,18.27,303,WNW,23.91,0,0
1/8/26 3:00,13.8,308,NW,18.47,0,0
1/8/26 4:00,15.16,311,NW,17.69,0,0
1/8/26 5:00,11.66,320,NW,15.36,0,0
1/8/26 6:00,11.27,326,NW,15.16,0,0
1/8/26 7:00,15.16,327,NNW,18.08,0,0
1/8/26 8:00,4.86,334,NNW,9.91,0,0
1/8/26 9:00,4.47,317,NW,6.61,0,0
1/8/26 10:00,3.89,348,NNW,5.25,0,0
1/8/26 11:00,0.97,273,W,2.14,0,0
1/8/26 12:00,2.92,268,W,5.25,0,0
1/8/26 13:00,11.66,12,NNE,16.72,0,0
1/8/26 14:00,12.83,27,NNE,17.88,0,0
1/8/26 15:00,16.13,29,NNE,18.86,0,0
1/8/26 16:00,14.77,35,NE,19.63,0,0
1/8/26 17:00,12.44,20,NNE,15.75,0,0
1/8/26 18:00,6.22,10,N,10.5,0,0
1/8/26 19:00,14.38,12,NNE,17.69,0,0
1/8/26 20:00,14.97,21,NNE,19.63,0,0
1/8/26 21:00,14.19,16,NNE,17.69,0,0
1/8/26 22:00,2.53,357,N,5.25,0,0
1/8/26 23:00,2.72,42,NE,4.08,0,0
1/9/26 0:00,2.92,45,NE,4.67,0,0
1/9/26 1:00,3.3,51,NE,5.83,0,0
1/9/26 2:00,1.56,85,E,2.14,0,0
1/9/26 3:00,1.56,142,SE,3.89,0,0
1/9/26 4:00,1.56,126,SE,5.64,0,0
1/9/26 5:00,3.11,141,SE,4.08,0,0
1/9/26 6:00,3.69,133,SE,5.83,0,0
1/9/26 7:00,1.36,146,SE,4.28,0,0
1/9/26 8:00,10.69,112,ESE,13.8,0,0
1/9/26 9:00,12.44,109,ESE,16.13,0,0
1/9/26 10:00,12.25,112,ESE,16.72,0,0
1/9/26 11:00,8.94,97,E,12.25,0,0
1/9/26 12:00,12.05,95,E,13.8,0,0
1/9/26 13:00,12.05,98,E,17.3,0,0
1/9/26 14:00,12.25,104,ESE,14.97,0,0
1/9/26 15:00,10.89,103,ESE,15.55,0,0
1/9/26 16:00,9.14,107,ESE,13.22,0,0
1/9/26 17:00,9.14,97,E,11.66,0,0
1/9/26 18:00,1.94,160,SSE,3.11,0,0
1/9/26 19:00,2.72,54,NE,3.69,0,0
1/9/26 20:00,6.03,95,E,8.94,0,0
1/9/26 21:00,2.72,94,E,5.25,0,0
1/9/26 22:00,3.3,100,E,4.08,0,0
1/9/26 23:00,5.25,65,ENE,5.44,0,0
1/10/26 0:00,0.58,162,SSE,1.94,0,0
1/10/26 1:00,6.22,89,E,7.78,0,0
1/10/26 2:00,7.97,89,E,11.08,0,0
1/10/26 3:00,4.67,97,E,5.44,0,0
1/10/26 4:00,8.36,76,ENE,9.14,0,0
1/10/26 5:00,5.64,92,E,7.97,0,0
1/10/26 6:00,6.03,100,E,7.78,0,0
1/10/26 7:00,9.91,100,E,11.27,0,0
1/10/26 8:00,11.27,85,E,13.61,0,0
1/10/26 9:00,10.11,98,E,13.41,0,0
1/10/26 10:00,12.05,93,E,13.8,0,0
1/10/26 11:00,11.66,92,E,13.41,0,0
1/10/26 12:00,9.33,94,E,12.64,0,0
1/10/26 13:00,11.08,94,E,14,0,0
1/10/26 14:00,10.89,97,E,13.22,0,0
1/10/26 15:00,11.47,91,E,13.41,0,0
1/10/26 16:00,10.11,96,E,11.66,0,0
1/10/26 17:00,10.5,100,E,12.25,0,0
1/10/26 18:00,8.94,95,E,10.69,0,0
1/10/26 19:00,8.55,109,ESE,10.89,0,0
1/10/26 20:00,7.39,93,E,9.52,0,0
1/10/26 21:00,8.55,93,E,10.11,0,0
1/10/26 22:00,8.55,68,ENE,9.91,0,0
1/10/26 23:00,9.14,80,E,9.91,0,0
1/11/26 0:00,9.33,71,ENE,10.5,0,0
1/11/26 1:00,9.91,75,ENE,11.27,0,0
1/11/26 2:00,7,78,ENE,7.97,0,0
1/11/26 3:00,6.61,90,E,7.58,0,0
1/11/26 4:00,8.94,79,E,9.72,0,0
1/11/26 5:00,6.03,94,E,6.8,0,0
1/11/26 6:00,4.86,65,ENE,6.22,0,0
1/11/26 7:00,3.89,70,ENE,4.86,0,0
1/11/26 8:00,3.89,89,E,6.03,0,0
1/11/26 9:00,8.36,75,ENE,9.52,0,0
1/11/26 10:00,7.39,67,ENE,8.16,0,0
1/11/26 11:00,10.3,76,ENE,11.08,0,0
1/11/26 12:00,6.03,88,E,7,0,0
1/11/26 13:00,7,90,E,8.55,0,0
1/11/26 14:00,7.97,119,ESE,9.91,0,0
1/11/26 15:00,7.19,92,E,9.72,0,0
1/11/26 16:00,2.92,84,E,4.47,0,0
1/11/26 17:00,3.89,101,E,5.05,0,0
1/11/26 18:00,3.69,148,SSE,4.47,0,0
1/11/26 19:00,1.94,130,SE,2.53,0,0
1/11/26 20:00,1.56,173,S,2.72,0,0
1/11/26 21:00,2.72,165,SSE,3.69,0,0
1/11/26 22:00,1.94,119,ESE,2.14,0,0
1/11/26 23:00,2.53,75,ENE,3.3,0,0
1/12/26 0:00,0.78,188,S,2.14,0,0
1/12/26 1:00,2.72,140,SE,3.11,0,0
1/12/26 2:00,1.17,99,E,1.94,0,0
1/12/26 3:00,5.25,83,E,7.19,0,0
1/12/26 4:00,9.91,81,E,12.05,0,0
1/12/26 5:00,7.58,90,E,8.94,0,0
1/12/26 6:00,9.33,85,E,12.05,0,0
1/12/26 7:00,9.91,80,E,13.22,0,0
1/12/26 8:00,8.75,61,ENE,10.89,0,0
1/12/26 9:00,8.55,72,ENE,10.11,0,0
1/12/26 10:00,9.91,93,E,11.66,0,0
1/12/26 11:00,10.11,109,ESE,13.41,0,0
1/12/26 12:00,14,95,E,16.33,0,0
1/12/26 13:00,12.64,104,ESE,15.36,0,0
1/12/26 14:00,14.38,111,ESE,17.69,0,0
1/12/26 15:00,14.38,107,ESE,17.88,0,0
1/12/26 16:00,11.27,100,E,13.8,0,0
1/12/26 17:00,6.22,88,E,8.36,0,0
1/12/26 18:00,4.86,6,N,5.83,0,0
1/12/26 19:00,2.92,119,ESE,4.67,0,0
1/12/26 20:00,3.3,121,ESE,3.5,0,0
1/12/26 21:00,0.78,124,SE,2.53,0,0
1/12/26 22:00,2.92,97,E,3.89,0,0
1/12/26 23:00,1.56,70,ENE,2.33,0,0
1/13/26 0:00,0.19,260,W,1.56,0,0
1/13/26 1:00,2.33,353,N,3.3,0,0
1/13/26 2:00,2.92,154,SSE,3.3,0,0
1/13/26 3:00,1.75,97,E,4.47,0,0
1/13/26 4:00,9.52,93,E,12.25,0,0
1/13/26 5:00,11.47,94,E,13.22,0,0
1/13/26 6:00,7.19,83,E,8.94,0,0
1/13/26 7:00,11.86,87,E,13.22,0,0
1/13/26 8:00,12.05,83,E,14.19,0,0
1/13/26 9:00,10.3,89,E,13.41,0,0
1/13/26 10:00,9.72,77,ENE,10.89,0,0
1/13/26 11:00,11.27,92,E,14.19,0,0
1/13/26 12:00,10.89,79,E,12.05,0,0
1/13/26 13:00,10.5,96,E,12.44,0,0
1/13/26 14:00,10.5,98,E,14.19,0,0
1/13/26 15:00,10.5,88,E,12.64,0,0
1/13/26 16:00,11.08,89,E,13.22,0,0
1/13/26 17:00,7,84,E,8.94,0,0
1/13/26 18:00,7.39,79,E,8.94,0,0
1/13/26 19:00,4.47,79,E,5.83,0,0
1/13/26 20:00,1.94,14,NNE,3.5,0,0
1/13/26 21:00,2.72,335,NNW,3.89,0,0
1/13/26 22:00,1.56,122,ESE,2.92,0,0
1/13/26 23:00,5.25,67,ENE,6.41,0,0
1/14/26 0:00,3.69,143,SE,3.89,0,0
1/14/26 1:00,2.92,175,S,4.28,0,0
1/14/26 2:00,4.67,92,E,5.44,0,0
1/14/26 3:00,6.22,91,E,7.58,0,0
1/14/26 4:00,8.36,91,E,9.91,0,0
1/14/26 5:00,4.08,132,SE,10.5,0,0
1/14/26 6:00,,,,,1,1
1/14/26 7:00,5.64,93,E,7.58,0,0
1/14/26 8:00,11.27,69,ENE,12.83,0,0
1/14/26 9:00,7.58,89,E,11.66,0,0
1/14/26 10:00,11.08,83,E,14.19,0,0
1/14/26 11:00,11.47,88,E,13.8,0,0
1/14/26 12:00,11.08,94,E,13.61,0,0
1/14/26 13:00,13.02,95,E,14.97,0,0
1/14/26 14:00,7,95,E,8.55,0,0
1/14/26 15:00,7.19,90,E,11.08,0,0
1/14/26 16:00,7.97,84,E,9.14,0,0
1/14/26 17:00,8.16,82,E,8.94,0,0
1/14/26 18:00,6.03,69,ENE,6.61,0,0
1/14/26 19:00,4.08,20,NNE,6.03,0,0
1/14/26 20:00,3.11,59,ENE,3.5,0,0
1/14/26 21:00,4.86,75,ENE,6.03,0,0
1/14/26 22:00,6.61,86,E,7.58,0,0
1/14/26 23:00,9.14,90,E,11.66,0,0
1/15/26 0:00,8.75,73,ENE,12.83,0,0
1/15/26 1:00,18.66,105,ESE,22.16,0,0
1/15/26 2:00,15.75,88,E,19.44,0,0
1/15/26 3:00,11.86,97,E,14.19,0,0
1/15/26 4:00,7.97,101,E,12.44,0,0
1/15/26 5:00,8.36,104,ESE,10.3,0,0
1/15/26 6:00,12.83,98,E,15.16,0,0
1/15/26 7:00,18.08,86,E,20.6,0,0
1/15/26 8:00,16.72,93,E,19.83,0,0
1/15/26 9:00,19.24,97,E,22.55,0,0
1/15/26 10:00,21.19,90,E,24.88,0,0
1/15/26 11:00,17.11,93,E,22.16,0,0
1/15/26 12:00,16.13,92,E,20.8,0,0
1/15/26 13:00,17.3,100,E,20.8,0,0
1/15/26 14:00,15.36,96,E,19.44,0,0
1/15/26 15:00,12.83,97,E,15.75,0,0
1/15/26 16:00,10.11,93,E,14.38,0,0
1/15/26 17:00,6.61,87,E,9.72,0,0
1/15/26 18:00,8.16,92,E,10.3,0,0
1/15/26 19:00,3.3,103,ESE,6.41,0,0
1/15/26 20:00,5.64,93,E,7.58,0,0
1/15/26 21:00,3.89,221,SW,4.28,0,0
1/15/26 22:00,2.14,232,SW,2.92,0,0
1/15/26 23:00,0.78,115,ESE,1.17,0,0
1/16/26 0:00,1.36,148,SSE,2.33,0,0
1/16/26 1:00,0.58,187,S,1.17,0,0
1/16/26 2:00,0.58,237,WSW,0.97,0,0
1/16/26 3:00,8.36,88,E,9.91,0,0
1/16/26 4:00,1.94,332,NNW,3.89,0,0
1/16/26 5:00,9.14,84,E,12.64,0,0
1/16/26 6:00,12.64,77,ENE,14.77,0,0
1/16/26 7:00,15.75,80,E,17.49,0,0
1/16/26 8:00,16.33,88,E,17.88,0,0
1/16/26 9:00,15.55,85,E,19.05,0,0
1/16/26 10:00,14.77,85,E,16.91,0,0
1/16/26 11:00,13.02,77,ENE,14.58,0,0
1/16/26 12:00,15.94,80,E,18.08,0,0
1/16/26 13:00,16.52,98,E,20.8,0,0
1/16/26 14:00,17.49,98,E,21.58,0,0
1/16/26 15:00,13.8,76,ENE,16.13,0,0
1/16/26 16:00,7.19,76,ENE,9.14,0,0
1/16/26 17:00,5.44,101,E,6.41,0,0
1/16/26 18:00,7,70,ENE,7.58,0,0
1/16/26 19:00,4.67,91,E,5.83,0,0
1/16/26 20:00,1.36,165,SSE,2.72,0,0
1/16/26 21:00,2.14,222,SW,2.53,0,0
1/16/26 22:00,1.36,277,W,1.94,0,0
1/16/26 23:00,2.14,151,SSE,2.72,0,0
1/17/26 0:00,2.33,112,ESE,2.72,0,0
1/17/26 1:00,6.41,76,ENE,11.47,0,0
1/17/26 2:00,5.83,97,E,8.36,0,0
1/17/26 3:00,7.39,85,E,10.89,0,0
1/17/26 4:00,15.16,97,E,18.47,0,0
1/17/26 5:00,12.44,90,E,15.16,0,0
1/17/26 6:00,13.8,80,E,15.55,0,0
1/17/26 7:00,14.38,88,E,16.33,0,0
1/17/26 8:00,13.41,90,E,14.97,0,0
1/17/26 9:00,15.55,87,E,18.08,0,0
1/17/26 10:00,15.75,96,E,18.86,0,0
1/17/26 11:00,17.88,95,E,20.02,0,0
1/17/26 12:00,17.69,88,E,21.38,0,0
1/17/26 13:00,13.02,89,E,15.16,0,0
1/17/26 14:00,11.86,93,E,14.58,0,0
1/17/26 15:00,13.02,84,E,15.36,0,0
1/17/26 16:00,11.08,92,E,13.02,0,0
1/17/26 17:00,8.36,88,E,9.91,0,0
1/17/26 18:00,8.16,96,E,10.3,0,0
1/17/26 19:00,10.5,75,ENE,11.08,0,0
1/17/26 20:00,9.91,70,ENE,10.89,0,0
1/17/26 21:00,4.67,80,E,7,0,0
1/17/26 22:00,12.83,79,E,14.38,0,0
1/17/26 23:00,9.72,94,E,11.27,0,0
1/18/26 0:00,7.58,68,ENE,9.14,0,0
1/18/26 1:00,8.16,96,E,9.33,0,0
1/18/26 2:00,10.5,97,E,11.66,0,0
1/18/26 3:00,7.39,66,ENE,10.69,0,0
1/18/26 4:00,9.33,94,E,11.08,0,0
1/18/26 5:00,8.55,92,E,9.91,0,0
1/18/26 6:00,13.41,85,E,14.58,0,0
1/18/26 7:00,14,81,E,15.94,0,0
1/18/26 8:00,14.77,83,E,15.75,0,0
1/18/26 9:00,13.22,87,E,15.36,0,0
1/18/26 10:00,13.22,86,E,15.94,0,0
1/18/26 11:00,10.3,91,E,13.22,0,0
1/18/26 12:00,12.05,92,E,15.36,0,0
1/18/26 13:00,14,93,E,16.72,0,0
1/18/26 14:00,12.44,89,E,14.38,0,0
1/18/26 15:00,8.55,92,E,11.08,0,0
1/18/26 16:00,9.91,86,E,10.89,0,0
1/18/26 17:00,6.22,103,ESE,7.58,0,0
1/18/26 18:00,5.44,90,E,6.22,0,0
1/18/26 19:00,6.22,71,ENE,6.61,0,0
1/18/26 20:00,6.22,54,NE,6.8,0,0
1/18/26 21:00,4.86,71,ENE,5.44,0,0
1/18/26 22:00,4.86,94,E,6.8,0,0
1/18/26 23:00,3.3,126,SE,5.44,0,0
1/19/26 0:00,2.53,278,W,3.11,0,0
1/19/26 1:00,0.78,184,S,1.36,0,0
1/19/26 2:00,1.94,203,SSW,2.33,0,0
1/19/26 3:00,2.72,94,E,3.11,0,0
1/19/26 4:00,8.36,72,ENE,9.14,0,0
1/19/26 5:00,9.91,86,E,11.66,0,0
1/19/26 6:00,11.66,86,E,14,0,0
1/19/26 7:00,10.89,88,E,13.61,0,0
1/19/26 8:00,12.25,81,E,14.58,0,0
1/19/26 9:00,11.66,85,E,14.19,0,0
1/19/26 10:00,15.75,82,E,18.47,0,0
1/19/26 11:00,18.47,75,ENE,20.41,0,0
1/19/26 12:00,16.91,85,E,19.44,0,0
1/19/26 13:00,16.72,82,E,19.05,0,0
1/19/26 14:00,15.55,85,E,18.08,0,0
1/19/26 15:00,12.64,88,E,15.36,0,0
1/19/26 16:00,10.5,108,ESE,14.38,0,0
1/19/26 17:00,11.47,94,E,12.44,0,0
1/19/26 18:00,8.75,85,E,10.3,0,0
1/19/26 19:00,,,,,1,1
1/19/26 20:00,6.03,100,E,7.58,0,0
1/19/26 21:00,12.25,93,E,13.61,0,0
1/19/26 22:00,8.16,91,E,10.3,0,0
1/19/26 23:00,13.22,91,E,16.13,0,0
1/20/26 0:00,8.75,91,E,11.66,0,0
1/20/26 1:00,11.08,105,ESE,15.36,0,0
1/20/26 2:00,5.25,97,E,10.5,0,0
1/20/26 3:00,17.88,95,E,23.52,0,0
1/20/26 4:00,16.33,99,E,20.41,0,0
1/20/26 5:00,13.8,97,E,18.27,0,0
1/20/26 6:00,16.13,85,E,19.24,0,0
1/20/26 7:00,12.05,101,E,17.49,0,0
1/20/26 8:00,,,,,1,1
1/20/26 9:00,14,92,E,16.72,0,0
1/20/26 10:00,15.16,85,E,18.47,0,0
1/20/26 11:00,13.41,94,E,18.27,0,0
1/20/26 12:00,14.77,93,E,18.08,0,0
1/20/26 13:00,9.33,103,ESE,13.02,0,0
1/20/26 14:00,11.27,92,E,13.8,0,0
1/20/26 15:00,10.5,106,ESE,13.8,0,0
1/20/26 16:00,11.86,86,E,14.19,0,0
1/20/26 17:00,11.86,95,E,15.16,0,0
1/20/26 18:00,8.55,98,E,12.05,0,0
1/20/26 19:00,6.22,110,ESE,9.72,0,0
1/20/26 20:00,9.33,84,E,12.25,0,0
1/20/26 21:00,10.11,86,E,12.64,0,0
1/20/26 22:00,10.5,73,ENE,11.47,0,0
1/20/26 23:00,14,85,E,15.55,0,0
1/21/26 0:00,11.47,86,E,13.22,0,0
1/21/26 1:00,6.22,90,E,10.5,0,0
1/21/26 2:00,9.72,79,E,11.08,0,0
1/21/26 3:00,13.41,102,ESE,15.55,0,0
1/21/26 4:00,4.28,93,E,7,0,0
1/21/26 5:00,7.97,83,E,11.86,0,0
1/21/26 6:00,10.3,100,E,12.44,0,0
1/21/26 7:00,3.89,119,ESE,9.72,0,0
1/21/26 8:00,11.66,100,E,15.36,0,0
1/21/26 9:00,13.22,105,ESE,15.94,0,0
1/21/26 10:00,7.19,122,ESE,9.72,0,0
1/21/26 11:00,14.19,122,ESE,18.08,0,0
1/21/26 12:00,10.69,96,E,13.22,0,0
1/21/26 13:00,12.64,96,E,14.58,0,0
1/21/26 14:00,9.91,87,E,12.83,0,0
1/21/26 15:00,12.25,91,E,16.91,0,0
1/21/26 16:00,8.36,54,NE,11.08,0,0
1/21/26 17:00,9.72,78,ENE,13.61,0,0
1/21/26 18:00,9.91,80,E,11.66,0,0
1/21/26 19:00,3.89,116,ESE,7.78,0,0
1/21/26 20:00,9.33,71,ENE,12.05,0,0
1/21/26 21:00,10.69,71,ENE,11.66,0,0
1/21/26 22:00,9.33,71,ENE,11.66,0,0
1/21/26 23:00,8.75,76,ENE,10.11,0,0
1/22/26 0:00,5.83,57,ENE,7.78,0,0
1/22/26 1:00,3.5,252,WSW,4.28,0,0
1/22/26 2:00,8.55,73,ENE,9.33,0,0
1/22/26 3:00,2.72,293,WNW,3.69,0,0
1/22/26 4:00,2.72,251,WSW,4.28,0,0
1/22/26 5:00,4.28,199,SSW,4.86,0,0
1/22/26 6:00,2.72,247,WSW,3.3,0,0
1/22/26 7:00,3.69,226,SW,4.67,0,0
1/22/26 8:00,3.5,217,SW,4.08,0,0
1/22/26 9:00,1.36,266,W,2.33,0,0
1/22/26 10:00,0,336,NNW,0.78,0,0
1/22/26 11:00,2.14,322,NW,3.3,0,0
1/22/26 12:00,0.19,168,SSE,1.56,0,0
1/22/26 13:00,0.39,352,N,1.17,0,0
1/22/26 14:00,2.33,319,NW,3.5,0,0
1/22/26 15:00,0.39,147,SSE,0.97,0,0
1/22/26 16:00,0.78,114,ESE,2.14,0,0
1/22/26 17:00,1.75,196,SSW,1.94,0,0
1/22/26 18:00,0.78,170,S,2.14,0,0
1/22/26 19:00,6.22,300,WNW,8.75,0,0
1/22/26 20:00,4.08,229,SW,5.25,0,0
1/22/26 21:00,3.11,296,WNW,4.47,0,0
1/22/26 22:00,3.11,248,WSW,5.44,0,0
1/22/26 23:00,6.61,301,WNW,9.33,0,0
1/23/26 0:00,5.05,279,W,7.78,0,0
1/23/26 1:00,4.47,306,NW,6.61,0,0
1/23/26 2:00,2.14,330,NNW,3.11,0,0
1/23/26 3:00,1.17,335,NNW,3.89,0,0
1/23/26 4:00,2.72,45,NE,4.08,0,0
1/23/26 5:00,2.92,116,ESE,4.47,0,0
1/23/26 6:00,7.39,93,E,7.97,0,0
1/23/26 7:00,6.8,94,E,7.78,0,0
1/23/26 8:00,5.64,95,E,7.39,0,0
1/23/26 9:00,9.52,79,E,10.3,0,0
1/23/26 10:00,8.36,76,ENE,9.33,0,0
1/23/26 11:00,8.55,77,ENE,9.14,0,0
1/23/26 12:00,,,,,1,1
1/23/26 13:00,7.58,65,ENE,7.97,0,0
1/23/26 14:00,4.47,65,ENE,6.22,0,0
1/23/26 15:00,8.16,319,NW,9.14,0,0
1/23/26 16:00,3.11,342,NNW,4.28,0,0
1/23/26 17:00,3.3,329,NNW,3.89,0,0
1/23/26 18:00,1.94,4,N,3.11,0,0
1/23/26 19:00,1.36,250,WSW,2.14,0,0
1/23/26 20:00,5.05,306,NW,7.39,0,0
1/23/26 21:00,3.3,307,NW,5.05,0,0
1/23/26 22:00,2.92,298,WNW,4.08,0,0
1/23/26 23:00,6.22,339,NNW,7,0,0
1/24/26 0:00,4.08,8,N,4.86,0,0
1/24/26 1:00,4.08,95,E,5.25,0,0
1/24/26 2:00,5.44,101,E,6.61,0,0
1/24/26 3:00,4.67,118,ESE,7.58,0,0
1/24/26 4:00,3.3,46,NE,4.47,0,0
1/24/26 5:00,2.53,144,SE,3.11,0,0
1/24/26 6:00,4.08,141,SE,5.05,0,0
1/24/26 7:00,3.5,107,ESE,4.08,0,0
1/24/26 8:00,2.33,243,WSW,2.92,0,0
1/24/26 9:00,2.72,85,E,3.11,0,0
1/24/26 10:00,1.36,250,WSW,2.72,0,0
1/24/26 11:00,0.19,239,WSW,2.14,0,0
1/24/26 12:00,3.3,63,ENE,4.67,0,0
1/24/26 13:00,2.33,301,WNW,4.08,0,0
1/24/26 14:00,2.14,279,W,4.67,0,0
1/24/26 15:00,4.47,241,WSW,6.8,0,0
1/24/26 16:00,2.33,232,SW,3.11,0,0
1/24/26 17:00,4.47,235,SW,5.05,0,0
1/24/26 18:00,5.44,138,SE,6.61,0,0
1/24/26 19:00,2.72,96,E,4.28,0,0
1/24/26 20:00,3.5,216,SW,4.67,0,0
1/24/26 21:00,2.72,137,SE,3.5,0,0
1/24/26 22:00,2.14,242,WSW,3.3,0,0
1/24/26 23:00,10.3,92,E,14.38,0,0
1/25/26 0:00,14.19,89,E,16.13,0,0
1/25/26 1:00,12.25,88,E,16.13,0,0
1/25/26 2:00,12.64,100,E,17.49,0,0
1/25/26 3:00,13.61,85,E,16.33,0,0
1/25/26 4:00,11.27,79,E,13.22,0,0
1/25/26 5:00,12.25,79,E,14.58,0,0
1/25/26 6:00,12.25,73,ENE,14.58,0,0
1/25/26 7:00,12.05,74,ENE,13.41,0,0
1/25/26 8:00,11.47,78,ENE,14.38,0,0
1/25/26 9:00,9.72,102,ESE,14.38,0,0
1/25/26 10:00,10.89,98,E,14.19,0,0
1/25/26 11:00,9.14,113,ESE,10.89,0,0
1/25/26 12:00,16.52,98,E,21.19,0,0
1/25/26 13:00,16.33,95,E,19.44,0,0
1/25/26 14:00,14.19,96,E,18.47,0,0
1/25/26 15:00,14.77,93,E,18.08,0,0
1/25/26 16:00,12.44,94,E,15.94,0,0
1/25/26 17:00,12.25,96,E,16.52,0,0
1/25/26 18:00,13.8,96,E,16.91,0,0
1/25/26 19:00,17.11,98,E,19.63,0,0
1/25/26 20:00,15.55,90,E,18.27,0,0
1/25/26 21:00,12.25,91,E,14.97,0,0
1/25/26 22:00,13.02,90,E,16.52,0,0
1/25/26 23:00,12.83,87,E,16.33,0,0
1/26/26 0:00,12.83,93,E,14.97,0,0
1/26/26 1:00,14.58,88,E,19.05,0,0
1/26/26 2:00,14.77,85,E,17.3,0,0
1/26/26 3:00,16.13,86,E,20.22,0,0
1/26/26 4:00,16.33,93,E,19.83,0,0
1/26/26 5:00,14.97,95,E,19.05,0,0
1/26/26 6:00,15.94,90,E,18.47,0,0
1/26/26 7:00,9.91,103,ESE,15.75,0,0
1/26/26 8:00,10.11,109,ESE,13.41,0,0
1/26/26 9:00,10.89,96,E,13.41,0,0
1/26/26 10:00,13.61,102,ESE,16.52,0,0
1/26/26 11:00,12.05,97,E,14.38,0,0
1/26/26 12:00,14.38,100,E,17.3,0,0
1/26/26 13:00,11.86,98,E,15.55,0,0
1/26/26 14:00,11.86,95,E,13.8,0,0
1/26/26 15:00,12.83,94,E,15.55,0,0
1/26/26 16:00,12.64,96,E,13.8,0,0
1/26/26 17:00,10.11,103,ESE,12.05,0,0
1/26/26 18:00,11.66,106,ESE,14.38,0,0
1/26/26 19:00,9.52,97,E,11.86,0,0
1/26/26 20:00,10.5,90,E,13.8,0,0
1/26/26 21:00,16.33,97,E,19.83,0,0
1/26/26 22:00,14,94,E,17.49,0,0
1/26/26 23:00,10.69,69,ENE,13.61,0,0
1/27/26 0:00,6.8,68,ENE,8.75,0,0
1/27/26 1:00,9.72,62,ENE,12.25,0,0
1/27/26 2:00,5.83,85,E,8.55,0,0
1/27/26 3:00,16.91,96,E,20.99,0,0
1/27/26 4:00,22.35,100,E,25.85,0,0
1/27/26 5:00,11.86,93,E,14,0,0
1/27/26 6:00,14.77,93,E,19.44,0,0
1/27/26 7:00,14.97,94,E,18.27,0,0
1/27/26 8:00,8.75,116,ESE,13.41,0,0
1/27/26 9:00,10.69,93,E,11.86,0,0
1/27/26 10:00,15.94,98,E,19.44,0,0
1/27/26 11:00,12.44,98,E,16.33,0,0
1/27/26 12:00,11.86,90,E,13.61,0,0
1/27/26 13:00,7.58,91,E,9.14,0,0
1/27/26 14:00,8.75,91,E,9.72,0,0
1/27/26 15:00,6.61,86,E,7.97,0,0
1/27/26 16:00,9.33,89,E,10.89,0,0
1/27/26 17:00,9.52,91,E,10.5,0,0
1/27/26 18:00,10.5,82,E,11.86,0,0
1/27/26 19:00,1.94,91,E,2.92,0,0
1/27/26 20:00,6.03,80,E,7,0,0
1/27/26 21:00,6.22,64,ENE,7,0,0
1/27/26 22:00,7.39,75,ENE,9.33,0,0
1/27/26 23:00,5.25,93,E,6.8,0,0
1/28/26 0:00,7.39,93,E,8.36,0,0
1/28/26 1:00,7.58,92,E,8.94,0,0
1/28/26 2:00,7,125,SE,9.52,0,0
1/28/26 3:00,8.94,115,ESE,10.3,0,0
1/28/26 4:00,8.36,89,E,9.72,0,0
1/28/26 5:00,1.56,137,SE,3.69,0,0
1/28/26 6:00,2.72,41,NE,5.05,0,0
1/28/26 7:00,3.3,80,E,4.28,0,0
1/28/26 8:00,4.67,103,ESE,6.22,0,0
1/28/26 9:00,6.03,81,E,7.19,0,0
1/28/26 10:00,8.16,94,E,10.11,0,0
1/28/26 11:00,11.08,108,ESE,14.19,0,0
1/28/26 12:00,8.55,100,E,10.89,0,0
1/28/26 13:00,6.22,93,E,9.91,0,0
1/28/26 14:00,3.11,11,N,4.47,0,0
1/28/26 15:00,2.33,341,NNW,2.92,0,0
1/28/26 16:00,0.97,238,WSW,1.75,0,0
1/28/26 17:00,2.53,313,NW,2.92,0,0
1/28/26 18:00,4.28,150,SSE,4.86,0,0
1/28/26 19:00,5.64,328,NNW,8.75,0,0
1/28/26 20:00,1.56,179,S,2.53,0,0
1/28/26 21:00,2.92,220,SW,3.5,0,0
1/28/26 22:00,0.39,85,E,1.75,0,0
1/28/26 23:00,1.36,195,SSW,2.14,0,0
1/29/26 0:00,3.69,139,SE,4.67,0,0
1/29/26 1:00,1.75,325,NW,3.11,0,0
1/29/26 2:00,4.86,141,SE,6.22,0,0
1/29/26 3:00,,,,,1,1
1/29/26 4:00,3.69,138,SE,4.47,0,0
1/29/26 5:00,1.94,133,SE,2.53,0,0
1/29/26 6:00,0.97,105,ESE,1.75,0,0
1/29/26 7:00,0.78,68,ENE,1.94,0,0
1/29/26 8:00,3.5,22,NNE,4.86,0,0
1/29/26 9:00,1.56,67,ENE,3.11,0,0
1/29/26 10:00,7.78,90,E,9.72,0,0
1/29/26 11:00,10.5,105,ESE,13.02,0,0
1/29/26 12:00,6.22,94,E,9.52,0,0
1/29/26 13:00,7.39,104,ESE,8.94,0,0
1/29/26 14:00,6.22,96,E,8.16,0,0
1/29/26 15:00,9.33,104,ESE,11.66,0,0
1/29/26 16:00,6.61,107,ESE,7.58,0,0
1/29/26 17:00,5.83,93,E,8.16,0,0
1/29/26 18:00,6.8,87,E,9.14,0,0
1/29/26 19:00,3.69,90,E,5.64,0,0
1/29/26 20:00,3.69,87,E,5.83,0,0
1/29/26 21:00,1.36,100,E,2.72,0,0
1/29/26 22:00,4.28,85,E,4.86,0,0
1/29/26 23:00,4.08,81,E,5.05,0,0
1/30/26 0:00,5.05,84,E,6.22,0,0
1/30/26 1:00,4.86,69,ENE,6.22,0,0
1/30/26 2:00,4.47,28,NNE,6.61,0,0
1/30/26 3:00,4.47,77,ENE,4.86,0,0
1/30/26 4:00,7.58,76,ENE,8.55,0,0
1/30/26 5:00,6.8,105,ESE,8.75,0,0
1/30/26 6:00,6.22,73,ENE,7.78,0,0
1/30/26 7:00,6.03,88,E,9.91,0,0
1/30/26 8:00,10.3,107,ESE,11.86,0,0
1/30/26 9:00,7.19,104,ESE,9.91,0,0
1/30/26 10:00,7.97,78,ENE,10.89,0,0
1/30/26 11:00,8.36,82,E,8.94,0,0
1/30/26 12:00,9.14,80,E,9.91,0,0
1/30/26 13:00,10.69,101,E,13.22,0,0
1/30/26 14:00,13.22,89,E,16.33,0,0
1/30/26 15:00,13.8,86,E,19.24,0,0
1/30/26 16:00,16.72,87,E,20.6,0,0
1/30/26 17:00,15.16,88,E,17.49,0,0
1/30/26 18:00,13.02,96,E,15.75,0,0
1/30/26 19:00,15.36,99,E,18.27,0,0
1/30/26 20:00,12.64,87,E,15.55,0,0
1/30/26 21:00,11.66,88,E,13.61,0,0
1/30/26 22:00,10.89,86,E,12.64,0,0
1/30/26 23:00,10.69,77,ENE,11.86,0,0
1/31/26 0:00,10.5,79,E,12.25,0,0
1/31/26 1:00,9.33,87,E,10.89,0,0
1/31/26 2:00,8.94,87,E,10.69,0,0
1/31/26 3:00,11.08,85,E,12.44,0,0
1/31/26 4:00,11.86,80,E,13.41,0,0
1/31/26 5:00,11.66,83,E,12.64,0,0
1/31/26 6:00,11.47,84,E,12.83,0,0
1/31/26 7:00,10.5,85,E,12.64,0,0
1/31/26 8:00,11.86,83,E,13.02,0,0
1/31/26 9:00,7.58,118,ESE,12.25,0,0
1/31/26 10:00,8.75,94,E,12.64,0,0
1/31/26 11:00,13.22,90,E,15.36,0,0
1/31/26 12:00,8.94,92,E,11.27,0,0
1/31/26 13:00,12.44,89,E,15.36,0,0
1/31/26 14:00,13.02,90,E,14.38,0,0
1/31/26 15:00,10.69,90,E,15.55,0,0
1/31/26 16:00,13.22,101,E,15.55,0,0
1/31/26 17:00,15.36,99,E,19.63,0,0
1/31/26 18:00,13.41,93,E,17.11,0,0
1/31/26 19:00,11.86,92,E,14.77,0,0
1/31/26 20:00,13.8,106,ESE,16.91,0,0
1/31/26 21:00,4.86,79,E,9.52,0,0
1/31/26 22:00,5.25,132,SE,5.83,0,0
1/31/26 23:00,4.28,109,ESE,5.25,0,0
2/1/26 0:00,4.08,270,W,6.41,0,0
2/1/26 1:00,3.89,158,SSE,4.86,0,0
2/1/26 2:00,2.14,65,ENE,3.69,0,0
2/1/26 3:00,6.61,73,ENE,7.19,0,0
2/1/26 4:00,0.97,161,SSE,3.3,0,0
2/1/26 5:00,1.17,219,SW,1.56,0,0
2/1/26 6:00,3.5,153,SSE,6.22,0,0
2/1/26 7:00,1.94,119,ESE,3.11,0,0
2/1/26 8:00,6.03,80,E,6.61,0,0
2/1/26 9:00,0.97,347,NNW,1.75,0,0
2/1/26 10:00,4.47,304,NW,6.8,0,0
2/1/26 11:00,1.36,251,WSW,1.56,0,0
2/1/26 12:00,2.72,253,WSW,3.69,0,0
2/1/26 13:00,3.5,293,WNW,4.08,0,0
2/1/26 14:00,1.56,263,W,2.92,0,0
2/1/26 15:00,1.56,222,SW,2.14,0,0
2/1/26 16:00,0.58,158,SSE,1.17,0,0
2/1/26 17:00,1.17,246,WSW,2.33,0,0
2/1/26 18:00,1.36,100,E,1.75,0,0
2/1/26 19:00,1.75,195,SSW,2.72,0,0
2/1/26 20:00,6.22,143,SE,7.19,0,0
2/1/26 21:00,5.64,143,SE,6.41,0,0
2/1/26 22:00,1.56,248,WSW,1.94,0,0
2/1/26 23:00,1.75,112,ESE,2.33,0,0
2/2/26 0:00,1.94,207,SSW,3.69,0,0
2/2/26 1:00,2.72,256,WSW,3.5,0,0
2/2/26 2:00,2.53,168,SSE,3.5,0,0
2/2/26 3:00,0.78,64,ENE,2.33,0,0
2/2/26 4:00,1.75,235,SW,1.94,0,0
2/2/26 5:00,2.92,229,SW,3.3,0,0
2/2/26 6:00,3.11,149,SSE,4.08,0,0
2/2/26 7:00,1.36,176,S,2.33,0,0
2/2/26 8:00,4.28,321,NW,5.05,0,0
2/2/26 9:00,1.36,78,ENE,1.75,0,0
2/2/26 10:00,0.19,328,NNW,0.97,0,0
2/2/26 11:00,2.14,294,WNW,2.92,0,0
2/2/26 12:00,2.92,258,WSW,3.5,0,0
2/2/26 13:00,2.72,253,WSW,3.5,0,0
2/2/26 14:00,1.56,248,WSW,2.72,0,0
2/2/26 15:00,0,184,S,0,0,0
2/2/26 16:00,3.3,246,WSW,3.69,0,0
2/2/26 17:00,1.17,255,WSW,1.94,0,0
2/2/26 18:00,1.75,123,ESE,2.14,0,0
2/2/26 19:00,2.33,119,ESE,2.72,0,0
2/2/26 20:00,3.11,253,WSW,4.28,0,0
2/2/26 21:00,0.78,214,SW,1.36,0,0
2/2/26 22:00,2.53,180,S,4.86,0,0
2/2/26 23:00,3.89,202,SSW,4.86,0,0
2/3/26 0:00,1.75,199,SSW,3.5,0,0
2/3/26 1:00,1.75,217,SW,2.14,0,0
2/3/26 2:00,0.19,127,SE,1.36,0,0
2/3/26 3:00,0,346,NNW,0.97,0,0
2/3/26 4:00,2.14,134,SE,2.72,0,0
2/3/26 5:00,3.5,78,ENE,4.67,0,0
2/3/26 6:00,7,93,E,8.16,0,0
2/3/26 7:00,10.69,91,E,14.19,0,0
2/3/26 8:00,13.61,97,E,16.33,0,0
2/3/26 9:00,17.3,96,E,22.16,0,0
2/3/26 10:00,15.55,93,E,19.05,0,0
2/3/26 11:00,15.94,87,E,18.47,0,0
2/3/26 12:00,16.33,83,E,18.08,0,0
2/3/26 13:00,12.64,83,E,15.36,0,0
2/3/26 14:00,11.08,89,E,13.02,0,0
2/3/26 15:00,9.33,90,E,11.86,0,0
2/3/26 16:00,8.36,99,E,11.47,0,0
2/3/26 17:00,7.58,97,E,11.27,0,0
2/3/26 18:00,10.11,110,ESE,12.05,0,0
2/3/26 19:00,10.11,86,E,12.05,0,0
2/3/26 20:00,8.94,97,E,11.47,0,0
2/3/26 21:00,6.61,77,ENE,7.39,0,0
2/3/26 22:00,8.16,76,ENE,8.94,0,0
2/3/26 23:00,2.33,113,ESE,3.11,0,0
2/4/26 0:00,3.89,89,E,5.83,0,0
2/4/26 1:00,4.28,105,ESE,6.8,0,0
2/4/26 2:00,7.58,90,E,8.94,0,0
2/4/26 3:00,7.97,73,ENE,8.75,0,0
2/4/26 4:00,10.3,89,E,12.83,0,0
2/4/26 5:00,8.36,88,E,10.69,0,0
2/4/26 6:00,9.14,75,ENE,10.3,0,0
2/4/26 7:00,9.91,81,E,12.05,0,0
2/4/26 8:00,,,,,1,1
2/4/26 9:00,13.02,93,E,15.36,0,0
2/4/26 10:00,11.86,107,ESE,14.38,0,0
2/4/26 11:00,16.33,95,E,18.66,0,0
2/4/26 12:00,16.72,85,E,18.47,0,0
2/4/26 13:00,16.13,78,ENE,18.27,0,0
2/4/26 14:00,14,86,E,16.72,0,0
2/4/26 15:00,14.38,89,E,16.72,0,0
2/4/26 16:00,12.64,94,E,16.52,0,0
2/4/26 17:00,12.44,89,E,15.55,0,0
2/4/26 18:00,13.8,94,E,17.3,0,0
2/4/26 19:00,12.83,85,E,15.36,0,0
2/4/26 20:00,12.44,87,E,14,0,0
2/4/26 21:00,10.69,75,ENE,11.86,0,0
2/4/26 22:00,11.27,61,ENE,12.05,0,0
2/4/26 23:00,11.86,74,ENE,12.83,0,0
2/5/26 0:00,7.39,57,ENE,9.91,0,0
2/5/26 1:00,8.55,56,NE,9.72,0,0
2/5/26 2:00,9.33,65,ENE,13.61,0,0
2/5/26 3:00,13.61,94,E,17.88,0,0
2/5/26 4:00,16.52,97,E,21.58,0,0
2/5/26 5:00,11.66,85,E,14.38,0,0
2/5/26 6:00,11.27,84,E,16.52,0,0
2/5/26 7:00,10.3,87,E,13.8,0,0
2/5/26 8:00,16.33,92,E,20.41,0,0
2/5/26 9:00,18.47,88,E,21.97,0,0
2/5/26 10:00,15.55,91,E,17.69,0,0
2/5/26 11:00,14.58,95,E,19.24,0,0
2/5/26 12:00,12.05,91,E,14.58,0,0
2/5/26 13:00,12.83,94,E,16.13,0,0
2/5/26 14:00,10.89,95,E,13.22,0,0
2/5/26 15:00,7.19,93,E,9.52,0,0
2/5/26 16:00,9.33,100,E,11.66,0,0
2/5/26 17:00,8.55,83,E,11.08,0,0
2/5/26 18:00,5.25,66,ENE,7,0,0
2/5/26 19:00,9.72,83,E,11.47,0,0
2/5/26 20:00,7,97,E,7.78,0,0
2/5/26 21:00,8.36,78,ENE,9.33,0,0
2/5/26 22:00,7.39,77,ENE,9.72,0,0
2/5/26 23:00,9.52,84,E,10.3,0,0
2/6/26 0:00,2.14,133,SE,3.3,0,0
2/6/26 1:00,3.3,216,SW,4.67,0,0
2/6/26 2:00,3.5,217,SW,6.41,0,0
2/6/26 3:00,3.5,236,SW,5.44,0,0
2/6/26 4:00,2.72,233,SW,4.08,0,0
2/6/26 5:00,2.14,98,E,2.53,0,0
2/6/26 6:00,2.14,79,E,3.89,0,0
2/6/26 7:00,5.83,70,ENE,7,0,0
2/6/26 8:00,3.3,263,W,4.28,0,0
2/6/26 9:00,2.33,236,SW,2.92,0,0
2/6/26 10:00,2.14,302,WNW,2.92,0,0
2/6/26 11:00,1.56,222,SW,1.75,0,0
2/6/26 12:00,5.44,302,WNW,5.83,0,0
2/6/26 13:00,4.86,259,W,5.83,0,0
2/6/26 14:00,2.92,291,WNW,3.69,0,0
2/6/26 15:00,4.67,264,W,6.22,0,0
2/6/26 16:00,4.08,256,WSW,6.03,0,0
2/6/26 17:00,9.52,240,WSW,10.89,0,0
2/6/26 18:00,2.92,222,SW,4.28,0,0
2/6/26 19:00,6.8,228,SW,8.75,0,0
2/6/26 20:00,6.41,269,W,7.97,0,0
2/6/26 21:00,3.69,231,SW,5.25,0,0
2/6/26 22:00,3.69,243,WSW,5.05,0,0
2/6/26 23:00,6.03,249,WSW,9.33,0,0
2/7/26 0:00,6.8,296,WNW,9.91,0,0
2/7/26 1:00,5.64,278,W,8.36,0,0
2/7/26 2:00,6.41,296,WNW,8.36,0,0
2/7/26 3:00,6.41,288,WNW,9.52,0,0
2/7/26 4:00,6.41,274,W,7.58,0,0
2/7/26 5:00,5.05,310,NW,6.8,0,0
2/7/26 6:00,1.56,258,WSW,3.5,0,0
2/7/26 7:00,2.72,226,SW,5.05,0,0
2/7/26 8:00,2.92,234,SW,4.08,0,0
2/7/26 9:00,6.41,314,NW,7.39,0,0
2/7/26 10:00,5.05,304,NW,6.8,0,0
2/7/26 11:00,2.33,247,WSW,4.47,0,0
2/7/26 12:00,3.5,326,NW,5.25,0,0
2/7/26 13:00,5.05,300,WNW,6.22,0,0
2/7/26 14:00,3.11,300,WNW,3.89,0,0
2/7/26 15:00,3.69,224,SW,5.83,0,0
2/7/26 16:00,3.11,246,WSW,4.47,0,0
2/7/26 17:00,2.92,230,SW,3.89,0,0
2/7/26 18:00,2.53,218,SW,3.11,0,0
2/7/26 19:00,1.75,155,SSE,2.72,0,0
2/7/26 20:00,2.72,263,W,3.69,0,0
2/7/26 21:00,5.25,240,WSW,6.22,0,0
2/7/26 22:00,1.75,170,S,3.69,0,0
2/7/26 23:00,4.67,281,W,8.55,0,0
2/8/26 0:00,3.89,211,SSW,6.03,0,0
2/8/26 1:00,3.5,217,SW,4.28,0,0
2/8/26 2:00,3.11,277,W,4.86,0,0
2/8/26 3:00,4.08,275,W,5.25,0,0
2/8/26 4:00,4.08,216,SW,5.25,0,0
2/8/26 5:00,2.33,291,WNW,3.11,0,0
2/8/26 6:00,6.8,295,WNW,8.16,0,0
2/8/26 7:00,4.47,218,SW,6.03,0,0
2/8/26 8:00,4.08,205,SSW,5.44,0,0
2/8/26 9:00,4.86,287,WNW,5.83,0,0
2/8/26 10:00,3.5,306,NW,6.61,0,0
2/8/26 11:00,2.92,294,WNW,5.05,0,0
2/8/26 12:00,2.53,318,NW,3.89,0,0
2/8/26 13:00,2.53,321,NW,4.28,0,0
2/8/26 14:00,4.67,311,NW,6.03,0,0
2/8/26 15:00,6.41,277,W,9.72,0,0
2/8/26 16:00,8.94,298,WNW,10.5,0,0
2/8/26 17:00,8.36,273,W,10.89,0,0
2/8/26 18:00,6.22,272,W,8.55,0,0
2/8/26 19:00,,,,,1,1
2/8/26 20:00,4.47,208,SSW,6.61,0,0
2/8/26 21:00,3.69,240,WSW,5.44,0,0
2/8/26 22:00,5.05,266,W,7.39,0,0
2/8/26 23:00,5.44,269,W,7.58,0,0
2/9/26 0:00,10.5,301,WNW,13.22,0,0
2/9/26 1:00,8.55,304,NW,10.89,0,0
2/9/26 2:00,7.19,303,WNW,10.3,0,0
2/9/26 3:00,5.44,303,WNW,7,0,0
2/9/26 4:00,5.83,307,NW,7.19,0,0
2/9/26 5:00,3.3,160,SSE,4.47,0,0
2/9/26 6:00,2.53,167,SSE,3.69,0,0
2/9/26 7:00,2.14,164,SSE,2.72,0,0
2/9/26 8:00,1.94,153,SSE,3.3,0,0
2/9/26 9:00,0.58,259,W,1.36,0,0
2/9/26 10:00,0.97,118,ESE,1.36,0,0
2/9/26 11:00,4.08,73,ENE,4.86,0,0
2/9/26 12:00,3.69,47,NE,5.64,0,0
2/9/26 13:00,2.53,210,SSW,3.5,0,0
2/9/26 14:00,1.36,187,S,3.3,0,0
2/9/26 15:00,7,300,WNW,11.27,0,0
2/9/26 16:00,4.08,204,SSW,5.44,0,0
2/9/26 17:00,6.8,198,SSW,8.55,0,0
2/9/26 18:00,7.39,228,SW,9.14,0,0
2/9/26 19:00,1.75,139,SE,2.14,0,0
2/9/26 20:00,2.72,164,SSE,3.89,0,0
2/9/26 21:00,1.75,261,W,4.28,0,0
2/9/26 22:00,6.03,154,SSE,6.8,0,0
2/9/26 23:00,11.08,107,ESE,13.8,0,0
2/10/26 0:00,8.55,108,ESE,11.86,0,0
2/10/26 1:00,11.86,111,ESE,14.19,0,0
2/10/26 2:00,10.5,88,E,15.16,0,0
2/10/26 3:00,14,78,ENE,15.75,0,0
2/10/26 4:00,9.14,99,E,11.27,0,0
2/10/26 5:00,12.83,92,E,15.55,0,0
2/10/26 6:00,17.3,95,E,20.41,0,0
2/10/26 7:00,14.77,90,E,18.08,0,0
2/10/26 8:00,12.83,89,E,14.77,0,0
2/10/26 9:00,12.25,95,E,14.77,0,0
2/10/26 10:00,11.27,88,E,14.77,0,0
2/10/26 11:00,14.38,85,E,16.72,0,0
2/10/26 12:00,9.14,94,E,13.8,0,0
2/10/26 13:00,7.39,94,E,9.14,0,0
2/10/26 14:00,11.27,104,ESE,13.41,0,0
2/10/26 15:00,10.69,102,ESE,12.44,0,0
2/10/26 16:00,12.25,101,E,14.77,0,0
2/10/26 17:00,16.13,89,E,18.66,0,0
2/10/26 18:00,17.69,93,E,25.46,0,0
2/10/26 19:00,12.44,92,E,16.33,0,0
2/10/26 20:00,13.61,85,E,16.33,0,0
2/10/26 21:00,15.55,88,E,20.6,0,0
2/10/26 22:00,18.47,81,E,22.94,0,0
2/10/26 23:00,16.91,80,E,21.77,0,0
2/11/26 0:00,22.55,72,ENE,29.35,0,0
2/11/26 1:00,17.69,99,E,21.19,0,0
2/11/26 2:00,12.44,98,E,15.16,0,0
2/11/26 3:00,8.75,110,ESE,10.89,0,0
2/11/26 4:00,7.97,143,SE,11.27,0,0
2/11/26 5:00,8.75,130,SE,11.27,0,0
2/11/26 6:00,7,91,E,9.14,0,0
2/11/26 7:00,5.64,142,SE,7.39,0,0
2/11/26 8:00,6.8,132,SE,8.94,0,0
2/11/26 9:00,8.36,132,SE,10.69,0,0
2/11/26 10:00,9.91,168,SSE,14.38,0,0
2/11/26 11:00,12.83,132,SE,15.36,0,0
2/11/26 12:00,13.02,143,SE,20.6,0,0
2/11/26 13:00,8.55,171,S,13.61,0,0
2/11/26 14:00,5.44,168,SSE,9.52,0,0
2/11/26 15:00,8.55,168,SSE,13.61,0,0
2/11/26 16:00,8.55,172,S,11.47,0,0
2/11/26 17:00,6.03,138,SE,8.16,0,0
2/11/26 18:00,5.64,141,SE,7.19,0,0
2/11/26 19:00,,,,,1,1
2/11/26 20:00,5.25,120,ESE,7.19,0,0
2/11/26 21:00,9.91,110,ESE,11.08,0,0
2/11/26 22:00,8.55,127,SE,9.91,0,0
2/11/26 23:00,6.8,109,ESE,8.36,0,0
2/12/26 0:00,9.33,102,ESE,11.47,0,0
2/12/26 1:00,8.94,81,E,9.72,0,0
2/12/26 2:00,11.27,92,E,12.83,0,0
2/12/26 3:00,10.11,98,E,11.66,0,0
2/12/26 4:00,9.14,94,E,11.86,0,0
2/12/26 5:00,5.05,91,E,6.22,0,0
2/12/26 6:00,6.22,101,E,7.39,0,0
2/12/26 7:00,4.28,117,ESE,5.64,0,0
2/12/26 8:00,3.89,82,E,5.05,0,0
2/12/26 9:00,5.44,91,E,7.78,0,0
2/12/26 10:00,5.83,92,E,7.97,0,0
2/12/26 11:00,4.86,91,E,6.03,0,0
2/12/26 12:00,2.72,310,NW,3.89,0,0
2/12/26 13:00,5.05,296,WNW,6.03,0,0
2/12/26 14:00,4.67,255,WSW,5.25,0,0
2/12/26 15:00,4.28,265,W,6.8,0,0
2/12/26 16:00,4.67,232,SW,5.83,0,0
2/12/26 17:00,2.72,251,WSW,3.89,0,0
2/12/26 18:00,5.44,295,WNW,8.75,0,0
2/12/26 19:00,3.89,233,SW,4.67,0,0
2/12/26 20:00,3.89,233,SW,4.67,0,0
2/12/26 21:00,3.69,217,SW,5.64,0,0
2/12/26 22:00,5.05,204,SSW,5.64,0,0
2/12/26 23:00,4.67,213,SSW,5.83,0,0
2/13/26 0:00,3.5,244,WSW,4.47,0,0
2/13/26 1:00,4.67,227,SW,6.41,0,0
2/13/26 2:00,3.5,212,SSW,5.05,0,0
2/13/26 3:00,4.67,210,SSW,5.44,0,0
2/13/26 4:00,2.92,216,SW,4.47,0,0
2/13/26 5:00,4.67,217,SW,5.64,0,0
2/13/26 6:00,4.28,219,SW,6.22,0,0
2/13/26 7:00,4.67,208,SSW,5.83,0,0
2/13/26 8:00,4.28,211,SSW,5.05,0,0
2/13/26 9:00,7,295,WNW,8.75,0,0
2/13/26 10:00,3.69,285,WNW,4.86,0,0
2/13/26 11:00,3.11,256,WSW,4.86,0,0
2/13/26 12:00,2.92,260,W,4.28,0,0
2/13/26 13:00,4.28,301,WNW,5.25,0,0
2/13/26 14:00,5.83,241,WSW,9.14,0,0
2/13/26 15:00,5.64,281,W,8.36,0,0
2/13/26 16:00,9.14,227,SW,11.47,0,0
2/13/26 17:00,7.78,294,WNW,10.89,0,0
2/13/26 18:00,6.22,265,W,8.75,0,0
2/13/26 19:00,8.36,291,WNW,11.08,0,0
2/13/26 20:00,5.64,254,WSW,8.16,0,0
2/13/26 21:00,8.94,279,W,13.02,0,0
2/13/26 22:00,4.67,248,WSW,6.61,0,0
2/13/26 23:00,5.44,204,SSW,6.8,0,0
2/14/26 0:00,3.5,255,WSW,4.86,0,0
2/14/26 1:00,3.69,213,SSW,5.44,0,0
2/14/26 2:00,2.53,142,SE,3.5,0,0
2/14/26 3:00,3.5,140,SE,4.67,0,0
2/14/26 4:00,2.72,138,SE,3.89,0,0
2/14/26 5:00,6.41,197,SSW,7.58,0,0
2/14/26 6:00,4.86,183,S,6.22,0,0
2/14/26 7:00,2.53,166,SSE,3.5,0,0
2/14/26 8:00,1.75,92,E,2.33,0,0
2/14/26 9:00,1.56,61,ENE,2.92,0,0
2/14/26 10:00,3.3,107,ESE,4.08,0,0
2/14/26 11:00,1.36,10,N,3.5,0,0
2/14/26 12:00,7.58,299,WNW,10.69,0,0
2/14/26 13:00,4.47,261,W,6.03,0,0
2/14/26 14:00,5.44,242,WSW,9.14,0,0
2/14/26 15:00,7.58,237,WSW,10.69,0,0
2/14/26 16:00,8.36,256,WSW,10.5,0,0
2/14/26 17:00,10.3,228,SW,14,0,0
2/14/26 18:00,7.78,222,SW,10.5,0,0
2/14/26 19:00,3.69,214,SW,5.44,0,0
2/14/26 20:00,5.25,215,SW,6.8,0,0
2/14/26 21:00,5.25,68,ENE,8.75,0,0
2/14/26 22:00,7.97,238,WSW,10.89,0,0
2/14/26 23:00,1.36,185,S,6.8,0,0
2/15/26 0:00,4.08,201,SSW,6.61,0,0
2/15/26 1:00,6.8,159,SSE,9.52,0,0
2/15/26 2:00,6.03,144,SE,9.52,0,0
2/15/26 3:00,5.05,181,S,9.14,0,0
2/15/26 4:00,10.3,157,SSE,15.16,0,0
2/15/26 5:00,4.86,142,SE,10.69,0,0
2/15/26 6:00,4.47,123,ESE,6.41,0,0
2/15/26 7:00,11.08,102,ESE,13.02,0,0
2/15/26 8:00,7,95,E,9.14,0,0
2/15/26 9:00,6.03,123,ESE,8.55,0,0
2/15/26 10:00,8.16,74,ENE,8.75,0,0
2/15/26 11:00,8.75,76,ENE,11.08,0,0
2/15/26 12:00,8.55,96,E,10.5,0,0
2/15/26 13:00,7.19,138,SE,9.91,0,0
2/15/26 14:00,12.05,180,S,15.94,0,0
2/15/26 15:00,13.22,181,S,18.66,0,0
2/15/26 16:00,8.75,201,SSW,11.08,0,0
2/15/26 17:00,6.8,207,SSW,9.72,0,0
2/15/26 18:00,7.58,205,SSW,11.08,0,0
2/15/26 19:00,5.05,123,ESE,8.55,0,0
2/15/26 20:00,6.22,203,SSW,8.16,0,0
2/15/26 21:00,7.58,137,SE,10.5,0,0
2/15/26 22:00,10.69,155,SSE,14.58,0,0
2/15/26 23:00,3.69,108,ESE,4.86,0,0
2/16/26 0:00,7.19,133,SE,11.08,0,0
2/16/26 1:00,4.28,120,ESE,5.83,0,0
2/16/26 2:00,5.44,195,SSW,7.19,0,0
2/16/26 3:00,4.28,223,SW,5.83,0,0
2/16/26 4:00,1.75,148,SSE,3.5,0,0
2/16/26 5:00,2.14,131,SE,5.83,0,0
2/16/26 6:00,7,138,SE,8.16,0,0
2/16/26 7:00,3.3,93,E,4.08,0,0
2/16/26 8:00,9.33,104,ESE,11.08,0,0
2/16/26 9:00,3.11,36,NE,4.47,0,0
2/16/26 10:00,0.39,194,SSW,2.92,0,0
2/16/26 11:00,5.05,84,E,6.22,0,0
2/16/26 12:00,6.41,99,E,8.36,0,0
2/16/26 13:00,3.69,225,SW,4.47,0,0
2/16/26 14:00,3.5,149,SSE,4.47,0,0
2/16/26 15:00,5.44,208,SSW,7.39,0,0
2/16/26 16:00,11.86,217,SW,13.61,0,0
2/16/26 17:00,11.86,209,SSW,13.8,0,0
2/16/26 18:00,8.36,214,SW,10.5,0,0
2/16/26 19:00,12.25,271,W,17.49,0,0
2/16/26 20:00,9.14,245,WSW,12.64,0,0
2/16/26 21:00,17.3,301,WNW,25.46,0,0
2/16/26 22:00,12.25,280,W,16.52,0,0
2/16/26 23:00,11.27,283,WNW,18.66,0,0
2/17/26 0:00,6.61,256,WSW,9.33,0,0
2/17/26 1:00,9.91,245,WSW,15.16,0,0
2/17/26 2:00,8.94,211,SSW,10.89,0,0
2/17/26 3:00,9.52,209,SSW,12.25,0,0
2/17/26 4:00,17.49,237,WSW,20.99,0,0
2/17/26 5:00,13.02,209,SSW,19.05,0,0
2/17/26 6:00,16.72,211,SSW,25.66,0,0
2/17/26 7:00,13.22,226,SW,19.44,0,0
2/17/26 8:00,8.16,187,S,10.89,0,0
2/17/26 9:00,11.47,257,WSW,16.91,0,0
2/17/26 10:00,11.47,241,WSW,15.55,0,0
2/17/26 11:00,6.41,280,W,9.91,0,0
2/17/26 12:00,16.52,209,SSW,21.77,0,0
2/17/26 13:00,16.52,222,SW,21.77,0,0
2/17/26 14:00,15.16,225,SW,19.05,0,0
2/17/26 15:00,16.52,237,WSW,21.58,0,0
2/17/26 16:00,14.97,233,SW,21.19,0,0
2/17/26 17:00,16.72,260,W,23.13,0,0
2/17/26 18:00,14.97,239,WSW,18.66,0,0
2/17/26 19:00,8.75,288,WNW,12.25,0,0
2/17/26 20:00,15.16,318,NW,20.41,0,0
2/17/26 21:00,12.25,265,W,17.69,0,0
2/17/26 22:00,9.14,215,SW,11.08,0,0
2/17/26 23:00,15.16,300,WNW,20.99,0,0
2/18/26 0:00,11.86,271,W,14.77,0,0
2/18/26 1:00,10.69,264,W,14.19,0,0
2/18/26 2:00,9.14,286,WNW,14.38,0,0
2/18/26 3:00,8.94,273,W,12.83,0,0
2/18/26 4:00,7,275,W,11.47,0,0
2/18/26 5:00,7.97,302,WNW,11.27,0,0
2/18/26 6:00,4.08,337,NNW,9.72,0,0
2/18/26 7:00,4.08,337,NNW,5.25,0,0
2/18/26 8:00,2.72,155,SSE,3.3,0,0
2/18/26 9:00,6.41,235,SW,7.97,0,0
2/18/26 10:00,7,218,SW,9.33,0,0
2/18/26 11:00,10.89,230,SW,15.75,0,0
2/18/26 12:00,7,234,SW,10.89,0,0
2/18/26 13:00,9.14,225,SW,14.97,0,0
2/18/26 14:00,9.52,226,SW,12.83,0,0
2/18/26 15:00,11.86,215,SW,17.3,0,0
2/18/26 16:00,7.19,223,SW,9.52,0,0
2/18/26 17:00,8.36,287,WNW,12.05,0,0
2/18/26 18:00,1.36,280,W,2.53,0,0
2/18/26 19:00,7.58,209,SSW,9.91,0,0
2/18/26 20:00,13.8,225,SW,19.44,0,0
2/18/26 21:00,4.47,210,SSW,8.36,0,0
2/18/26 22:00,2.92,244,WSW,5.44,0,0
2/18/26 23:00,9.72,148,SSE,11.86,0,0
2/19/26 0:00,7.19,153,SSE,9.52,0,0
2/19/26 1:00,6.61,134,SE,8.16,0,0
2/19/26 2:00,6.41,123,ESE,8.94,0,0
2/19/26 3:00,11.47,123,ESE,15.94,0,0
2/19/26 4:00,13.8,104,ESE,18.47,0,0
2/19/26 5:00,15.94,66,ENE,18.27,0,0
2/19/26 6:00,12.25,66,ENE,14.77,0,0
2/19/26 7:00,8.16,329,NNW,9.33,0,0
2/19/26 8:00,10.3,285,WNW,13.61,0,0
2/19/26 9:00,24.69,304,NW,31.49,0,0
2/19/26 10:00,17.11,300,WNW,21.77,0,0
2/19/26 11:00,14.38,279,W,20.8,0,0
2/19/26 12:00,19.24,297,WNW,25.46,0,0
2/19/26 13:00,19.24,296,WNW,24.49,0,0
2/19/26 14:00,17.49,291,WNW,22.74,0,0
2/19/26 15:00,18.66,304,NW,21.77,0,0
2/19/26 16:00,18.86,317,NW,23.71,0,0
2/19/26 17:00,12.83,298,WNW,18.08,0,0
2/19/26 18:00,13.61,299,WNW,18.27,0,0
2/19/26 19:00,13.61,311,NW,16.52,0,0
2/19/26 20:00,8.55,302,WNW,10.5,0,0
2/19/26 21:00,13.02,318,NW,18.08,0,0
2/19/26 22:00,11.66,307,NW,13.8,0,0
2/19/26 23:00,9.14,303,WNW,11.27,0,0
2/20/26 0:00,10.5,311,NW,12.05,0,0
2/20/26 1:00,9.72,328,NNW,11.08,0,0
2/20/26 2:00,7,331,NNW,8.16,0,0
2/20/26 3:00,7.39,319,NW,8.55,0,0
2/20/26 4:00,3.69,133,SE,4.47,0,0
2/20/26 5:00,3.5,167,SSE,4.47,0,0
2/20/26 6:00,1.56,40,NE,2.53,0,0
2/20/26 7:00,2.92,144,SE,4.86,0,0
2/20/26 8:00,1.75,106,ESE,2.92,0,0
2/20/26 9:00,5.83,81,E,7.39,0,0
2/20/26 10:00,8.16,84,E,9.33,0,0
2/20/26 11:00,8.16,87,E,9.33,0,0
2/20/26 12:00,9.52,77,ENE,10.5,0,0
2/20/26 13:00,7.19,80,E,9.14,0,0
2/20/26 14:00,8.16,91,E,9.91,0,0
2/20/26 15:00,7.97,74,ENE,10.11,0,0
2/20/26 16:00,8.36,79,E,10.11,0,0
2/20/26 17:00,6.22,95,E,8.16,0,0
2/20/26 18:00,7.58,73,ENE,8.75,0,0
2/20/26 19:00,9.52,99,E,10.69,0,0
2/20/26 20:00,11.47,104,ESE,13.41,0,0
2/20/26 21:00,5.64,122,ESE,7.97,0,0
2/20/26 22:00,5.83,130,SE,7.19,0,0
2/20/26 23:00,8.55,116,ESE,10.3,0,0
2/21/26 0:00,7.19,98,E,7.97,0,0
2/21/26 1:00,4.67,124,SE,6.61,0,0
2/21/26 2:00,4.67,114,ESE,5.83,0,0
2/21/26 3:00,8.75,113,ESE,11.08,0,0
2/21/26 4:00,2.14,121,ESE,4.67,0,0
2/21/26 5:00,10.3,101,E,12.05,0,0
2/21/26 6:00,11.08,107,ESE,13.22,0,0
2/21/26 7:00,9.52,96,E,10.69,0,0
2/21/26 8:00,15.16,103,ESE,17.88,0,0
2/21/26 9:00,12.05,99,E,13.61,0,0
2/21/26 10:00,12.83,87,E,14.19,0,0
2/21/26 11:00,12.44,89,E,14.97,0,0
2/21/26 12:00,10.89,86,E,13.61,0,0
2/21/26 13:00,8.75,71,ENE,9.33,0,0
2/21/26 14:00,5.64,73,ENE,6.41,0,0
2/21/26 15:00,7.97,76,ENE,9.33,0,0
2/21/26 16:00,5.64,269,W,11.27,0,0
2/21/26 17:00,11.27,226,SW,15.16,0,0
2/21/26 18:00,9.52,208,SSW,12.05,0,0
2/21/26 19:00,8.75,213,SSW,12.44,0,0
2/21/26 20:00,3.5,156,SSE,4.47,0,0
2/21/26 21:00,5.05,121,ESE,7.19,0,0
2/21/26 22:00,6.41,127,SE,7.97,0,0
2/21/26 23:00,9.52,146,SE,11.47,0,0
2/22/26 0:00,8.94,167,SSE,12.83,0,0
2/22/26 1:00,6.03,150,SSE,9.52,0,0
2/22/26 2:00,6.61,85,E,7.39,0,0
2/22/26 3:00,8.16,96,E,9.91,0,0
2/22/26 4:00,6.61,92,E,7.19,0,0
2/22/26 5:00,9.52,99,E,11.08,0,0
2/22/26 6:00,9.72,98,E,11.08,0,0
2/22/26 7:00,9.33,92,E,12.25,0,0
2/22/26 8:00,11.86,80,E,14,0,0
2/22/26 9:00,12.05,82,E,13.8,0,0
2/22/26 10:00,9.72,87,E,11.47,0,0
2/22/26 11:00,8.36,92,E,9.52,0,0
2/22/26 12:00,10.69,84,E,11.47,0,0
2/22/26 13:00,9.14,86,E,10.3,0,0
2/22/26 14:00,5.05,79,E,7,0,0
2/22/26 15:00,4.28,318,NW,5.64,0,0
2/22/26 16:00,9.33,265,W,12.64,0,0
2/22/26 17:00,8.55,261,W,13.02,0,0
2/22/26 18:00,3.5,292,WNW,6.8,0,0
2/22/26 19:00,5.64,227,SW,11.27,0,0
2/22/26 20:00,1.94,109,ESE,2.53,0,0
2/22/26 21:00,2.33,141,SE,3.3,0,0
2/22/26 22:00,2.72,122,ESE,4.08,0,0
2/22/26 23:00,2.33,254,WSW,2.72,0,0
2/23/26 0:00,3.5,129,SE,4.08,0,0
2/23/26 1:00,1.56,123,ESE,3.69,0,0
2/23/26 2:00,1.17,252,WSW,1.94,0,0
2/23/26 3:00,0.19,176,S,1.94,0,0
2/23/26 4:00,2.53,160,SSE,3.5,0,0
2/23/26 5:00,2.92,163,SSE,4.08,0,0
2/23/26 6:00,0.19,220,SW,0.58,0,0
2/23/26 7:00,1.56,142,SE,1.94,0,0
2/23/26 8:00,5.83,81,E,7,0,0
2/23/26 9:00,7.58,76,ENE,8.94,0,0
2/23/26 10:00,5.83,89,E,6.61,0,0
2/23/26 11:00,10.89,83,E,11.66,0,0
2/23/26 12:00,9.14,78,ENE,10.5,0,0
2/23/26 13:00,10.3,87,E,12.44,0,0
2/23/26 14:00,8.16,94,E,9.33,0,0
2/23/26 15:00,4.08,95,E,4.67,0,0
2/23/26 16:00,4.86,91,E,5.44,0,0
2/23/26 17:00,2.92,123,ESE,4.47,0,0
2/23/26 18:00,1.94,54,NE,3.5,0,0
2/23/26 19:00,4.08,282,WNW,5.44,0,0
2/23/26 20:00,2.53,134,SE,3.3,0,0
2/23/26 21:00,3.3,266,W,5.64,0,0
2/23/26 22:00,3.69,244,WSW,5.44,0,0
2/23/26 23:00,10.3,236,SW,13.41,0,0
2/24/26 0:00,4.28,227,SW,5.64,0,0
2/24/26 1:00,1.94,338,NNW,2.92,0,0
2/24/26 2:00,1.94,19,NNE,2.33,0,0
2/24/26 3:00,1.75,165,SSE,2.72,0,0
2/24/26 4:00,5.25,86,E,6.41,0,0
2/24/26 5:00,8.55,79,E,8.94,0,0
2/24/26 6:00,4.86,74,ENE,5.83,0,0
2/24/26 7:00,1.17,14,NNE,1.75,0,0
2/24/26 8:00,3.69,65,ENE,4.08,0,0
2/24/26 9:00,2.92,266,W,3.69,0,0
2/24/26 10:00,2.92,63,ENE,3.3,0,0
2/24/26 11:00,13.8,210,SSW,20.22,0,0
2/24/26 12:00,14.19,218,SW,18.86,0,0
2/24/26 13:00,10.5,227,SW,14,0,0
2/24/26 14:00,13.8,233,SW,15.75,0,0
2/24/26 15:00,15.36,239,WSW,22.16,0,0
2/24/26 16:00,11.08,223,SW,15.94,0,0
2/24/26 17:00,10.11,219,SW,15.94,0,0
2/24/26 18:00,11.47,218,SW,14.77,0,0
2/24/26 19:00,4.67,267,W,7.39,0,0
2/24/26 20:00,4.47,209,SSW,5.25,0,0
2/24/26 21:00,10.89,221,SW,14.19,0,0
2/24/26 22:00,9.14,204,SSW,13.8,0,0
2/24/26 23:00,9.72,204,SSW,12.05,0,0
2/25/26 0:00,4.67,227,SW,7,0,0
2/25/26 1:00,5.83,234,SW,6.41,0,0
2/25/26 2:00,6.8,223,SW,9.72,0,0
2/25/26 3:00,8.75,218,SW,10.69,0,0
2/25/26 4:00,2.92,236,SW,3.89,0,0
2/25/26 5:00,3.11,244,WSW,5.44,0,0
2/25/26 6:00,6.41,213,SSW,9.72,0,0
2/25/26 7:00,3.89,280,W,5.64,0,0
2/25/26 8:00,,,,,1,1
2/25/26 9:00,4.67,245,WSW,6.8,0,0
2/25/26 10:00,3.69,293,WNW,5.83,0,0
2/25/26 11:00,2.33,277,W,4.08,0,0
2/25/26 12:00,4.47,256,WSW,5.83,0,0
2/25/26 13:00,5.83,298,WNW,7.19,0,0
2/25/26 14:00,4.67,296,WNW,5.64,0,0
2/25/26 15:00,3.11,241,WSW,4.28,0,0
2/25/26 16:00,4.86,231,SW,5.44,0,0
2/25/26 17:00,0.39,264,W,0.97,0,0
2/25/26 18:00,4.08,255,WSW,4.47,0,0
2/25/26 19:00,2.92,240,WSW,3.3,0,0
2/25/26 20:00,3.11,271,W,3.69,0,0
2/25/26 21:00,4.08,283,WNW,6.61,0,0
2/25/26 22:00,2.72,230,SW,4.08,0,0
2/25/26 23:00,3.3,235,SW,3.69,0,0
2/26/26 0:00,2.14,237,WSW,2.53,0,0
2/26/26 1:00,2.33,225,SW,3.11,0,0
2/26/26 2:00,2.14,250,WSW,2.53,0,0
2/26/26 3:00,0.39,129,SE,1.36,0,0
2/26/26 4:00,1.75,256,WSW,2.53,0,0
2/26/26 5:00,0,220,SW,0.97,0,0
2/26/26 6:00,0.78,189,S,0.97,0,0
2/26/26 7:00,2.53,77,ENE,2.92,0,0
2/26/26 8:00,1.94,227,SW,2.53,0,0
2/26/26 9:00,1.56,84,E,1.94,0,0
2/26/26 10:00,1.94,317,NW,3.5,0,0
2/26/26 11:00,5.44,90,E,6.22,0,0
2/26/26 12:00,0.58,309,NW,3.69,0,0
2/26/26 13:00,6.8,96,E,8.36,0,0
2/26/26 14:00,4.28,288,WNW,6.03,0,0
2/26/26 15:00,3.5,271,W,4.47,0,0
2/26/26 16:00,2.53,304,NW,3.69,0,0
2/26/26 17:00,2.14,278,W,3.3,0,0
2/26/26 18:00,5.25,160,SSE,5.64,0,0
2/26/26 19:00,6.22,269,W,8.36,0,0
2/26/26 20:00,2.92,244,WSW,6.03,0,0
2/26/26 21:00,4.47,214,SW,5.44,0,0
2/26/26 22:00,3.89,203,SSW,5.64,0,0
2/26/26 23:00,4.86,217,SW,5.83,0,0
2/27/26 0:00,5.83,109,ESE,6.61,0,0
2/27/26 1:00,0,30,NNE,0.97,0,0
2/27/26 2:00,4.28,79,E,4.67,0,0
2/27/26 3:00,2.72,246,WSW,3.11,0,0
2/27/26 4:00,1.75,193,SSW,2.53,0,0
2/27/26 5:00,1.75,228,SW,2.33,0,0
2/27/26 6:00,1.17,346,NNW,3.3,0,0
2/27/26 7:00,2.53,175,S,2.92,0,0
2/27/26 8:00,5.64,86,E,6.61,0,0
2/27/26 9:00,7.39,82,E,9.14,0,0
2/27/26 10:00,10.3,86,E,11.66,0,0
2/27/26 11:00,9.33,93,E,10.69,0,0
2/27/26 12:00,6.8,97,E,8.55,0,0
2/27/26 13:00,5.64,105,ESE,7.19,0,0
2/27/26 14:00,2.53,33,NNE,4.28,0,0
2/27/26 15:00,4.28,297,WNW,5.05,0,0
2/27/26 16:00,2.33,339,NNW,3.3,0,0
2/27/26 17:00,2.53,103,ESE,3.3,0,0
2/27/26 18:00,2.53,83,E,2.72,0,0
2/27/26 19:00,5.05,142,SE,5.64,0,0
2/27/26 20:00,0.78,110,ESE,1.75,0,0
2/27/26 21:00,4.47,86,E,7,0,0
2/27/26 22:00,7.97,81,E,8.55,0,0
2/27/26 23:00,5.83,60,ENE,7,0,0
2/28/26 0:00,1.75,273,W,3.5,0,0
2/28/26 1:00,3.11,141,SE,3.69,0,0
2/28/26 2:00,1.94,243,WSW,2.14,0,0
2/28/26 3:00,3.69,303,WNW,4.67,0,0
2/28/26 4:00,0.97,148,SSE,1.36,0,0
2/28/26 5:00,4.47,101,E,6.8,0,0
2/28/26 6:00,7.39,85,E,10.3,0,0
2/28/26 7:00,7.39,80,E,8.36,0,0
2/28/26 8:00,8.16,76,ENE,9.72,0,0
2/28/26 9:00,4.08,91,E,7.19,0,0
2/28/26 10:00,6.61,88,E,8.36,0,0
2/28/26 11:00,4.08,45,NE,7,0,0
2/28/26 12:00,5.64,277,W,9.72,0,0
2/28/26 13:00,2.33,288,WNW,4.47,0,0
2/28/26 14:00,2.33,281,W,3.89,0,0
2/28/26 15:00,3.3,271,W,4.67,0,0
2/28/26 16:00,5.44,236,SW,6.03,0,0
2/28/26 17:00,8.36,226,SW,9.52,0,0
2/28/26 18:00,9.33,235,SW,10.11,0,0
2/28/26 19:00,7.97,214,SW,10.11,0,0
2/28/26 20:00,8.75,231,SW,12.05,0,0
2/28/26 21:00,5.44,273,W,7,0,0
2/28/26 22:00,4.28,302,WNW,5.25,0,0
2/28/26 23:00,3.3,302,WNW,3.89,0,0
3/1/26 0:00,6.03,247,WSW,10.11,0,0
3/1/26 1:00,4.47,265,W,6.22,0,0
3/1/26 2:00,7.97,216,SW,10.11,0,0
3/1/26 3:00,5.44,216,SW,7.78,0,0
3/1/26 4:00,8.75,214,SW,11.86,0,0
3/1/26 5:00,8.55,226,SW,10.3,0,0
3/1/26 6:00,5.83,268,W,8.16,0,0
3/1/26 7:00,6.22,281,W,8.75,0,0
3/1/26 8:00,6.03,263,W,7.58,0,0
3/1/26 9:00,6.41,242,WSW,8.55,0,0
3/1/26 10:00,1.56,294,WNW,2.92,0,0
3/1/26 11:00,6.41,269,W,8.36,0,0
3/1/26 12:00,7.19,283,WNW,8.94,0,0
3/1/26 13:00,7,260,W,10.3,0,0
3/1/26 14:00,6.03,247,WSW,10.3,0,0
3/1/26 15:00,5.25,271,W,8.16,0,0
3/1/26 16:00,5.44,266,W,7,0,0
3/1/26 17:00,10.3,317,NW,12.25,0,0
3/1/26 18:00,6.03,296,WNW,7.58,0,0
3/1/26 19:00,6.61,240,WSW,7.39,0,0
3/1/26 20:00,9.52,230,SW,11.08,0,0
3/1/26 21:00,10.3,285,WNW,12.64,0,0
3/1/26 22:00,6.41,267,W,7.78,0,0
3/1/26 23:00,4.08,241,WSW,5.64,0,0
3/2/26 0:00,4.08,250,WSW,7,0,0
3/2/26 1:00,3.11,278,W,4.28,0,0
3/2/26 2:00,3.5,258,WSW,4.86,0,0
3/2/26 3:00,2.53,254,WSW,4.28,0,0
3/2/26 4:00,1.56,285,WNW,3.3,0,0
3/2/26 5:00,4.28,240,WSW,5.25,0,0
3/2/26 6:00,6.22,223,SW,7.58,0,0
3/2/26 7:00,3.69,326,NW,4.47,0,0
3/2/26 8:00,1.75,162,SSE,2.33,0,0
3/2/26 9:00,4.86,239,WSW,6.41,0,0
3/2/26 10:00,4.86,287,WNW,5.44,0,0
3/2/26 11:00,7.19,311,NW,7.78,0,0
3/2/26 12:00,7.39,261,W,10.11,0,0
3/2/26 13:00,6.41,242,WSW,9.91,0,0
3/2/26 14:00,5.64,268,W,7.58,0,0
3/2/26 15:00,5.83,256,WSW,7,0,0
3/2/26 16:00,4.86,306,NW,6.41,0,0
3/2/26 17:00,3.5,279,W,4.08,0,0
3/2/26 18:00,3.69,227,SW,4.08,0,0
3/2/26 19:00,8.36,237,WSW,10.5,0,0
3/2/26 20:00,12.64,319,NW,16.72,0,0
3/2/26 21:00,10.89,322,NW,12.64,0,0
3/2/26 22:00,4.28,245,WSW,6.03,0,0
3/2/26 23:00,2.72,224,SW,3.3,0,0
3/3/26 0:00,2.14,169,S,2.72,0,0
3/3/26 1:00,5.25,214,SW,6.61,0,0
3/3/26 2:00,4.08,217,SW,5.83,0,0
3/3/26 3:00,5.05,225,SW,6.22,0,0
3/3/26 4:00,2.92,234,SW,3.5,0,0
3/3/26 5:00,4.86,220,SW,5.83,0,0
3/3/26 6:00,5.05,273,W,7.39,0,0
3/3/26 7:00,4.86,302,WNW,6.61,0,0
3/3/26 8:00,3.5,299,WNW,5.25,0,0
3/3/26 9:00,4.86,327,NNW,5.44,0,0
3/3/26 10:00,5.44,312,NW,7,0,0
3/3/26 11:00,8.75,317,NW,9.72,0,0
3/3/26 12:00,4.67,314,NW,6.22,0,0
3/3/26 13:00,3.89,293,WNW,5.05,0,0
3/3/26 14:00,6.22,305,NW,6.8,0,0
3/3/26 15:00,4.08,276,W,6.22,0,0
3/3/26 16:00,6.8,249,WSW,9.14,0,0
3/3/26 17:00,7.97,256,WSW,9.72,0,0
3/3/26 18:00,11.08,294,WNW,14,0,0
3/3/26 19:00,9.33,295,WNW,12.05,0,0
3/3/26 20:00,8.36,292,WNW,12.64,0,0
3/3/26 21:00,6.41,278,W,8.94,0,0
3/3/26 22:00,6.03,259,W,8.55,0,0
3/3/26 23:00,5.83,219,SW,7.19,0,0
3/4/26 0:00,3.5,265,W,5.25,0,0
3/4/26 1:00,9.33,255,WSW,14.77,0,0
3/4/26 2:00,12.83,296,WNW,15.36,0,0
3/4/26 3:00,4.28,270,W,6.22,0,0
3/4/26 4:00,10.5,278,W,18.86,0,0
3/4/26 5:00,5.05,320,NW,9.33,0,0
3/4/26 6:00,6.8,292,WNW,9.52,0,0
3/4/26 7:00,12.64,270,W,15.16,0,0
3/4/26 8:00,,,,,1,1
3/4/26 9:00,8.94,254,WSW,10.89,0,0
3/4/26 10:00,7.58,279,W,11.47,0,0
3/4/26 11:00,5.25,273,W,8.55,0,0
3/4/26 12:00,4.86,272,W,7.58,0,0
3/4/26 13:00,7,250,WSW,9.72,0,0
3/4/26 14:00,11.27,255,WSW,14.97,0,0
3/4/26 15:00,13.41,260,W,17.88,0,0
3/4/26 16:00,8.36,249,WSW,15.36,0,0
3/4/26 17:00,10.3,270,W,15.55,0,0
3/4/26 18:00,13.02,283,WNW,15.94,0,0
3/4/26 19:00,17.11,303,WNW,20.41,0,0
3/4/26 20:00,10.11,309,NW,16.33,0,0
3/4/26 21:00,15.55,306,NW,21.19,0,0
3/4/26 22:00,10.89,316,NW,16.72,0,0
3/4/26 23:00,12.44,306,NW,14.77,0,0
3/5/26 0:00,14.19,312,NW,15.75,0,0
3/5/26 1:00,10.89,316,NW,13.02,0,0
3/5/26 2:00,10.11,311,NW,11.27,0,0
3/5/26 3:00,6.22,323,NW,7.39,0,0
3/5/26 4:00,3.3,308,NW,6.03,0,0
3/5/26 5:00,5.05,319,NW,7.78,0,0
3/5/26 6:00,5.64,317,NW,7.19,0,0
3/5/26 7:00,2.53,282,WNW,4.08,0,0
3/5/26 8:00,4.08,303,WNW,5.05,0,0
3/5/26 9:00,10.3,319,NW,12.44,0,0
3/5/26 10:00,9.72,308,NW,10.89,0,0
3/5/26 11:00,7.78,294,WNW,11.47,0,0
3/5/26 12:00,11.47,359,N,17.3,0,0
3/5/26 13:00,10.3,299,WNW,12.64,0,0
3/5/26 14:00,8.16,276,W,13.22,0,0
3/5/26 15:00,13.8,308,NW,16.33,0,0
3/5/26 16:00,13.8,306,NW,16.33,0,0
3/5/26 17:00,7.19,286,WNW,12.25,0,0
3/5/26 18:00,8.36,324,NW,11.27,0,0
3/5/26 19:00,10.69,320,NW,12.83,0,0
3/5/26 20:00,8.16,360,N,10.3,0,0
3/5/26 21:00,3.11,1,N,4.86,0,0
3/5/26 22:00,2.92,251,WSW,5.64,0,0
3/5/26 23:00,2.72,303,WNW,3.5,0,0
3/6/26 0:00,2.14,161,SSE,4.47,0,0
3/6/26 1:00,6.61,351,N,8.55,0,0
3/6/26 2:00,9.91,356,N,12.25,0,0
3/6/26 3:00,15.75,349,N,21.97,0,0
3/6/26 4:00,20.6,357,N,24.69,0,0
3/6/26 5:00,7.78,341,NNW,12.44,0,0
3/6/26 6:00,5.83,326,NW,7.78,0,0
3/6/26 7:00,5.05,342,NNW,7.58,0,0
3/6/26 8:00,2.72,308,NW,5.25,0,0
3/6/26 9:00,1.36,32,NNE,3.11,0,0
3/6/26 10:00,8.75,345,NNW,11.86,0,0
3/6/26 11:00,10.89,350,N,14.58,0,0
3/6/26 12:00,11.27,27,NNE,18.27,0,0
3/6/26 13:00,12.25,8,N,15.94,0,0
3/6/26 14:00,14.38,24,NNE,18.47,0,0
3/6/26 15:00,8.36,44,NE,11.47,0,0
3/6/26 16:00,7.39,31,NNE,8.94,0,0
3/6/26 17:00,15.16,30,NNE,18.47,0,0
3/6/26 18:00,6.8,351,N,7.97,0,0
3/6/26 19:00,13.8,23,NNE,16.91,0,0
3/6/26 20:00,10.69,21,NNE,14,0,0
3/6/26 21:00,17.3,16,NNE,20.22,0,0
3/6/26 22:00,12.25,23,NNE,17.11,0,0
3/6/26 23:00,3.5,58,ENE,8.36,0,0
3/7/26 0:00,4.67,226,SW,6.8,0,0
3/7/26 1:00,1.36,244,WSW,3.5,0,0
3/7/26 2:00,2.33,192,SSW,4.28,0,0
3/7/26 3:00,2.92,131,SE,4.86,0,0
3/7/26 4:00,1.94,136,SE,3.89,0,0
3/7/26 5:00,2.92,120,ESE,4.08,0,0
3/7/26 6:00,2.14,104,ESE,3.11,0,0
3/7/26 7:00,2.92,136,SE,4.67,0,0
3/7/26 8:00,0.78,186,S,2.14,0,0
3/7/26 9:00,2.72,86,E,3.3,0,0
3/7/26 10:00,7.78,31,NNE,8.75,0,0
3/7/26 11:00,2.92,72,ENE,7.19,0,0
3/7/26 12:00,7.19,48,NE,8.94,0,0
3/7/26 13:00,5.05,21,NNE,9.14,0,0
3/7/26 14:00,10.69,65,ENE,14.97,0,0
3/7/26 15:00,6.03,91,E,8.55,0,0
3/7/26 16:00,1.75,98,E,3.11,0,0
3/7/26 17:00,7.19,14,NNE,11.08,0,0
3/7/26 18:00,7.97,24,NNE,9.14,0,0
3/7/26 19:00,2.53,231,SW,3.11,0,0
3/7/26 20:00,3.11,154,SSE,4.08,0,0
3/7/26 21:00,1.17,179,S,3.89,0,0
3/7/26 22:00,3.69,114,ESE,6.41,0,0
3/7/26 23:00,3.89,89,E,6.41,0,0
3/8/26 0:00,1.36,289,WNW,2.33,0,0
3/8/26 1:00,1.56,114,ESE,2.72,0,0
3/8/26 2:00,,,,,1,1
3/8/26 3:00,4.08,87,E,4.86,0,0
3/8/26 4:00,9.72,84,E,10.69,0,0
3/8/26 5:00,9.14,78,ENE,10.69,0,0
3/8/26 6:00,10.3,94,E,13.61,0,0
3/8/26 7:00,11.66,87,E,13.8,0,0
3/8/26 8:00,5.44,139,SE,8.94,0,0
3/8/26 9:00,5.64,126,SE,9.52,0,0
3/8/26 10:00,8.16,85,E,9.52,0,0
3/8/26 11:00,8.16,86,E,9.33,0,0
3/8/26 12:00,4.08,78,ENE,5.44,0,0
3/8/26 13:00,4.86,259,W,5.44,0,0
3/8/26 14:00,1.17,2,N,2.33,0,0
3/8/26 15:00,3.11,312,NW,4.08,0,0
3/8/26 16:00,7.97,83,E,8.55,0,0
3/8/26 17:00,5.44,81,E,6.22,0,0
3/8/26 18:00,6.22,248,WSW,7.58,0,0
3/8/26 19:00,6.61,262,W,7.97,0,0
3/8/26 20:00,4.28,256,WSW,5.83,0,0
3/8/26 21:00,7.39,273,W,9.52,0,0
3/8/26 22:00,4.08,224,SW,5.64,0,0
3/8/26 23:00,2.72,134,SE,2.92,0,0
3/9/26 0:00,3.5,245,WSW,4.67,0,0
3/9/26 1:00,1.56,228,SW,2.33,0,0
3/9/26 2:00,7.78,258,WSW,11.08,0,0
3/9/26 3:00,0.78,289,WNW,2.72,0,0
3/9/26 4:00,8.75,234,SW,11.08,0,0
3/9/26 5:00,4.47,268,W,7.97,0,0
3/9/26 6:00,3.3,216,SW,4.86,0,0
3/9/26 7:00,2.72,169,S,3.3,0,0
3/9/26 8:00,3.5,165,SSE,4.28,0,0
3/9/26 9:00,2.33,238,WSW,3.11,0,0
3/9/26 10:00,3.5,299,WNW,4.47,0,0
3/9/26 11:00,2.14,217,SW,2.92,0,0
3/9/26 12:00,3.5,303,WNW,4.67,0,0
3/9/26 13:00,3.11,258,WSW,5.44,0,0
3/9/26 14:00,4.08,225,SW,5.05,0,0
3/9/26 15:00,4.67,234,SW,5.64,0,0
3/9/26 16:00,4.08,241,WSW,5.05,0,0
3/9/26 17:00,8.55,238,WSW,10.5,0,0
3/9/26 18:00,8.36,244,WSW,12.25,0,0
3/9/26 19:00,8.75,277,W,10.89,0,0
3/9/26 20:00,10.3,291,WNW,12.83,0,0
3/9/26 21:00,6.22,274,W,8.94,0,0
3/9/26 22:00,6.03,273,W,8.94,0,0
3/9/26 23:00,11.47,254,WSW,15.75,0,0
3/10/26 0:00,13.41,234,SW,16.13,0,0
3/10/26 1:00,12.44,232,SW,15.75,0,0
3/10/26 2:00,6.61,220,SW,10.3,0,0
3/10/26 3:00,5.44,225,SW,7.58,0,0
3/10/26 4:00,6.8,218,SW,8.16,0,0
3/10/26 5:00,4.67,228,SW,6.22,0,0
3/10/26 6:00,9.33,250,WSW,12.83,0,0
3/10/26 7:00,8.16,225,SW,10.89,0,0
3/10/26 8:00,6.22,253,WSW,9.14,0,0
3/10/26 9:00,7.97,258,WSW,13.22,0,0
3/10/26 10:00,7,295,WNW,10.5,0,0
3/10/26 11:00,7.39,277,W,10.69,0,0
3/10/26 12:00,2.33,289,WNW,4.47,0,0
3/10/26 13:00,4.28,262,W,6.8,0,0
3/10/26 14:00,4.47,256,WSW,5.83,0,0
3/10/26 15:00,2.92,227,SW,3.5,0,0
3/10/26 16:00,6.22,261,W,7.58,0,0
3/10/26 17:00,7,282,WNW,8.36,0,0
3/10/26 18:00,8.55,280,W,10.89,0,0
3/10/26 19:00,7.19,274,W,10.3,0,0
3/10/26 20:00,6.8,275,W,8.75,0,0
3/10/26 21:00,7.19,250,WSW,9.52,0,0
3/10/26 22:00,6.22,270,W,9.14,0,0
3/10/26 23:00,8.16,290,WNW,12.05,0,0
3/11/26 0:00,5.44,220,SW,7.19,0,0
3/11/26 1:00,4.86,267,W,6.8,0,0
3/11/26 2:00,4.67,214,SW,6.03,0,0
3/11/26 3:00,5.05,219,SW,6.03,0,0
3/11/26 4:00,4.86,217,SW,5.83,0,0
3/11/26 5:00,2.92,172,S,4.28,0,0
3/11/26 6:00,0,243,WSW,0,0,0
3/11/26 7:00,0.78,197,SSW,1.17,0,0
3/11/26 8:00,2.92,216,SW,3.89,0,0
3/11/26 9:00,2.53,234,SW,3.3,0,0
3/11/26 10:00,2.14,311,NW,2.72,0,0
3/11/26 11:00,2.53,314,NW,3.11,0,0
3/11/26 12:00,3.69,306,NW,4.28,0,0
3/11/26 13:00,2.72,257,WSW,3.69,0,0
3/11/26 14:00,2.53,251,WSW,3.3,0,0
3/11/26 15:00,3.3,264,W,4.08,0,0
3/11/26 16:00,2.53,293,WNW,3.5,0,0
3/11/26 17:00,3.69,309,NW,4.08,0,0
3/11/26 18:00,1.17,245,WSW,1.75,0,0
3/11/26 19:00,8.36,295,WNW,10.69,0,0
3/11/26 20:00,3.69,260,W,4.86,0,0
3/11/26 21:00,5.44,232,SW,7.58,0,0
3/11/26 22:00,4.47,238,WSW,5.05,0,0
3/11/26 23:00,0.39,232,SW,2.92,0,0
3/12/26 0:00,2.14,237,WSW,4.08,0,0
3/12/26 1:00,6.03,216,SW,6.8,0,0
3/12/26 2:00,5.25,213,SSW,6.61,0,0
3/12/26 3:00,4.08,223,SW,5.83,0,0
3/12/26 4:00,1.75,199,SSW,2.53,0,0
3/12/26 5:00,3.69,217,SW,5.05,0,0
3/12/26 6:00,4.28,217,SW,5.05,0,0
3/12/26 7:00,2.92,215,SW,4.86,0,0
3/12/26 8:00,1.75,196,SSW,2.53,0,0
3/12/26 9:00,0.58,229,SW,1.56,0,0
3/12/26 10:00,4.08,271,W,5.44,0,0
3/12/26 11:00,1.56,266,W,3.11,0,0
3/12/26 12:00,3.5,250,WSW,4.47,0,0
3/12/26 13:00,4.08,250,WSW,5.25,0,0
3/12/26 14:00,2.92,266,W,3.89,0,0
3/12/26 15:00,2.14,286,WNW,3.5,0,0
3/12/26 16:00,4.67,239,WSW,5.05,0,0
3/12/26 17:00,4.86,243,WSW,6.22,0,0
3/12/26 18:00,4.47,282,WNW,5.83,0,0
3/12/26 19:00,7.19,265,W,8.75,0,0
3/12/26 20:00,8.55,242,WSW,10.5,0,0
3/12/26 21:00,7,274,W,8.16,0,0
3/12/26 22:00,2.53,207,SSW,5.25,0,0
3/12/26 23:00,4.28,230,SW,6.8,0,0
3/13/26 0:00,3.5,249,WSW,5.25,0,0
3/13/26 1:00,3.89,264,W,5.05,0,0
3/13/26 2:00,4.86,277,W,6.22,0,0
3/13/26 3:00,5.83,228,SW,7.97,0,0
3/13/26 4:00,4.86,261,W,7.19,0,0
3/13/26 5:00,5.64,255,WSW,8.94,0,0
3/13/26 6:00,4.47,217,SW,6.22,0,0
3/13/26 7:00,4.08,217,SW,6.03,0,0
3/13/26 8:00,4.28,212,SSW,5.05,0,0
3/13/26 9:00,2.53,271,W,4.28,0,0
3/13/26 10:00,2.53,262,W,4.28,0,0
3/13/26 11:00,2.14,280,W,3.69,0,0
3/13/26 12:00,2.92,257,WSW,4.28,0,0
3/13/26 13:00,0.97,240,WSW,1.56,0,0
3/13/26 14:00,2.92,278,W,4.08,0,0
3/13/26 15:00,3.11,262,W,3.69,0,0
3/13/26 16:00,4.67,232,SW,5.44,0,0
3/13/26 17:00,5.83,232,SW,6.22,0,0
3/13/26 18:00,6.8,259,W,9.14,0,0
3/13/26 19:00,7.39,249,WSW,10.3,0,0
3/13/26 20:00,7.19,249,WSW,11.27,0,0
3/13/26 21:00,7.39,268,W,8.55,0,0
3/13/26 22:00,5.05,243,WSW,9.14,0,0
3/13/26 23:00,4.86,250,WSW,10.5,0,0
3/14/26 0:00,10.3,262,W,15.36,0,0
3/14/26 1:00,7.78,248,WSW,11.47,0,0
3/14/26 2:00,8.36,240,WSW,9.91,0,0
3/14/26 3:00,3.11,243,WSW,5.25,0,0
3/14/26 4:00,8.16,234,SW,11.66,0,0
3/14/26 5:00,6.61,265,W,9.91,0,0
3/14/26 6:00,6.41,247,WSW,10.69,0,0
3/14/26 7:00,6.8,246,WSW,9.14,0,0
3/14/26 8:00,7.97,250,WSW,11.27,0,0
3/14/26 9:00,4.47,251,WSW,7.39,0,0
3/14/26 10:00,5.44,272,W,8.36,0,0
3/14/26 11:00,6.8,260,W,9.52,0,0
3/14/26 12:00,5.25,236,SW,7.19,0,0
3/14/26 13:00,3.69,231,SW,4.86,0,0
3/14/26 14:00,3.69,260,W,5.64,0,0
3/14/26 15:00,3.3,241,WSW,3.89,0,0
3/14/26 16:00,4.47,229,SW,4.86,0,0
3/14/26 17:00,5.83,241,WSW,7.19,0,0
3/14/26 18:00,5.05,244,WSW,6.03,0,0
3/14/26 19:00,6.61,278,W,10.5,0,0
3/14/26 20:00,9.33,257,WSW,11.08,0,0
3/14/26 21:00,5.83,236,SW,7.39,0,0
3/14/26 22:00,2.72,225,SW,4.28,0,0
3/14/26 23:00,3.69,239,WSW,5.44,0,0
3/15/26 0:00,2.92,252,WSW,4.28,0,0
3/15/26 1:00,4.08,255,WSW,5.83,0,0
3/15/26 2:00,4.08,232,SW,5.44,0,0
3/15/26 3:00,3.89,221,SW,5.25,0,0
3/15/26 4:00,3.89,212,SSW,4.67,0,0
3/15/26 5:00,4.86,223,SW,6.22,0,0
3/15/26 6:00,2.53,172,S,3.69,0,0
3/15/26 7:00,4.28,212,SSW,5.25,0,0
3/15/26 8:00,2.33,223,SW,4.28,0,0
3/15/26 9:00,2.92,254,WSW,3.89,0,0
3/15/26 10:00,4.47,236,SW,5.25,0,0
3/15/26 11:00,3.11,311,NW,3.5,0,0
3/15/26 12:00,3.11,296,WNW,3.89,0,0
3/15/26 13:00,1.94,288,WNW,3.11,0,0
3/15/26 14:00,1.36,309,NW,2.14,0,0
3/15/26 15:00,2.92,240,WSW,3.5,0,0
3/15/26 16:00,3.5,224,SW,3.69,0,0
3/15/26 17:00,1.94,224,SW,2.53,0,0
3/15/26 18:00,3.5,254,WSW,4.47,0,0
3/15/26 19:00,1.75,284,WNW,2.53,0,0
3/15/26 20:00,2.92,175,S,3.3,0,0
3/15/26 21:00,0,72,ENE,0.58,0,0
3/15/26 22:00,1.75,93,E,2.53,0,0
3/15/26 23:00,2.72,136,SE,3.5,0,0
3/16/26 0:00,2.53,302,WNW,3.11,0,0
3/16/26 1:00,2.33,233,SW,2.72,0,0
3/16/26 2:00,0.78,230,SW,1.56,0,0
3/16/26 3:00,2.72,220,SW,3.3,0,0
3/16/26 4:00,1.56,205,SSW,2.14,0,0
3/16/26 5:00,1.94,211,SSW,3.11,0,0
3/16/26 6:00,0,249,WSW,0.19,0,0
3/16/26 7:00,1.36,126,SE,1.75,0,0
3/16/26 8:00,3.5,149,SSE,4.08,0,0
3/16/26 9:00,0,192,SSW,0.39,0,0
3/16/26 10:00,8.55,69,ENE,10.11,0,0
3/16/26 11:00,4.67,236,SW,6.03,0,0
3/16/26 12:00,1.94,180,S,5.44,0,0
3/16/26 13:00,4.08,256,WSW,5.44,0,0
3/16/26 14:00,2.53,271,W,3.5,0,0
3/16/26 15:00,1.36,133,SE,4.47,0,0
3/16/26 16:00,4.47,70,ENE,5.25,0,0
3/16/26 17:00,7,85,E,7.78,0,0
3/16/26 18:00,3.69,74,ENE,5.25,0,0
3/16/26 19:00,3.5,247,WSW,4.08,0,0
3/16/26 20:00,2.53,139,SE,3.11,0,0
3/16/26 21:00,2.72,121,ESE,3.11,0,0
3/16/26 22:00,4.67,141,SE,6.22,0,0
3/16/26 23:00,3.89,280,W,4.28,0,0
3/17/26 0:00,0.97,200,SSW,2.14,0,0
3/17/26 1:00,0.78,93,E,1.56,0,0
3/17/26 2:00,1.17,115,ESE,2.33,0,0
3/17/26 3:00,1.75,158,SSE,2.33,0,0
3/17/26 4:00,0,139,SE,0.97,0,0
3/17/26 5:00,1.17,119,ESE,2.53,0,0
3/17/26 6:00,6.22,79,E,7.39,0,0
3/17/26 7:00,2.72,349,N,4.28,0,0
3/17/26 8:00,0.97,143,SE,1.56,0,0
3/17/26 9:00,3.3,95,E,7,0,0
3/17/26 10:00,8.75,80,E,10.3,0,0
3/17/26 11:00,10.11,78,ENE,11.27,0,0
3/17/26 12:00,7.97,92,E,9.14,0,0
3/17/26 13:00,3.89,99,E,6.41,0,0
3/17/26 14:00,6.03,109,ESE,7.58,0,0
3/17/26 15:00,6.41,92,E,7.78,0,0
3/17/26 16:00,7.19,113,ESE,8.94,0,0
3/17/26 17:00,3.5,288,WNW,5.05,0,0
3/17/26 18:00,2.53,297,WNW,3.89,0,0
3/17/26 19:00,2.92,256,WSW,3.5,0,0
3/17/26 20:00,6.22,147,SSE,8.16,0,0
3/17/26 21:00,2.33,148,SSE,3.5,0,0
3/17/26 22:00,2.53,149,SSE,2.92,0,0
3/17/26 23:00,1.75,249,WSW,2.33,0,0
3/18/26 0:00,3.3,237,WSW,3.69,0,0
3/18/26 1:00,3.11,252,WSW,4.86,0,0
3/18/26 2:00,4.67,225,SW,5.44,0,0
3/18/26 3:00,4.28,232,SW,4.67,0,0
3/18/26 4:00,2.14,231,SW,2.92,0,0
3/18/26 5:00,2.33,221,SW,2.72,0,0
3/18/26 6:00,2.53,186,S,3.3,0,0
3/18/26 7:00,2.14,101,E,3.5,0,0
3/18/26 8:00,2.72,64,ENE,5.05,0,0
3/18/26 9:00,2.33,93,E,4.08,0,0
3/18/26 10:00,10.5,74,ENE,11.47,0,0
3/18/26 11:00,7,90,E,8.16,0,0
3/18/26 12:00,5.83,86,E,7,0,0
3/18/26 13:00,8.36,99,E,9.72,0,0
3/18/26 14:00,8.36,97,E,9.33,0,0
3/18/26 15:00,5.44,89,E,7.39,0,0
3/18/26 16:00,3.3,321,NW,4.47,0,0
3/18/26 17:00,3.89,254,WSW,4.47,0,0
3/18/26 18:00,2.92,259,W,3.3,0,0
3/18/26 19:00,1.17,264,W,2.53,0,0
3/18/26 20:00,3.3,214,SW,4.28,0,0
3/18/26 21:00,3.11,240,WSW,4.86,0,0
3/18/26 22:00,5.44,220,SW,6.61,0,0
3/18/26 23:00,3.89,250,WSW,4.86,0,0
3/19/26 0:00,1.17,195,SSW,2.72,0,0
3/19/26 1:00,1.75,322,NW,3.11,0,0
3/19/26 2:00,8.36,295,WNW,9.72,0,0
3/19/26 3:00,3.89,291,WNW,6.41,0,0
3/19/26 4:00,2.53,217,SW,3.5,0,0
3/19/26 5:00,2.14,279,W,4.08,0,0
3/19/26 6:00,1.56,214,SW,2.14,0,0
3/19/26 7:00,2.14,172,S,3.5,0,0
3/19/26 8:00,1.36,186,S,2.33,0,0
3/19/26 9:00,1.17,234,SW,1.94,0,0
3/19/26 10:00,1.94,296,WNW,2.53,0,0
3/19/26 11:00,2.53,259,W,3.3,0,0
3/19/26 12:00,4.08,246,WSW,4.67,0,0
3/19/26 13:00,4.67,249,WSW,5.44,0,0
3/19/26 14:00,4.28,258,WSW,5.44,0,0
3/19/26 15:00,6.8,301,WNW,7.97,0,0
3/19/26 16:00,3.5,299,WNW,4.28,0,0
3/19/26 17:00,2.33,272,W,5.05,0,0
3/19/26 18:00,3.3,256,WSW,3.89,0,0
3/19/26 19:00,0.97,165,SSE,2.14,0,0
3/19/26 20:00,6.22,141,SE,7,0,0
3/19/26 21:00,2.53,171,S,4.08,0,0
3/19/26 22:00,4.47,133,SE,5.64,0,0
3/19/26 23:00,1.94,151,SSE,3.89,0,0
3/20/26 0:00,2.72,140,SE,3.11,0,0
3/20/26 1:00,1.36,195,SSW,1.56,0,0
3/20/26 2:00,1.36,248,WSW,1.94,0,0
3/20/26 3:00,2.72,216,SW,3.11,0,0
3/20/26 4:00,0.39,105,ESE,0.78,0,0
3/20/26 5:00,2.72,219,SW,2.92,0,0
3/20/26 6:00,0.97,235,SW,1.56,0,0
3/20/26 7:00,0.78,195,SSW,1.17,0,0
3/20/26 8:00,0.97,223,SW,1.75,0,0
3/20/26 9:00,0,32,NNE,0.78,0,0
3/20/26 10:00,0,267,W,1.56,0,0
3/20/26 11:00,1.36,267,W,2.14,0,0
3/20/26 12:00,4.08,253,WSW,4.67,0,0
3/20/26 13:00,5.25,259,W,5.83,0,0
3/20/26 14:00,3.3,263,W,4.08,0,0
3/20/26 15:00,0.97,266,W,2.33,0,0
3/20/26 16:00,1.75,282,WNW,2.92,0,0
3/20/26 17:00,2.53,231,SW,3.3,0,0
3/20/26 18:00,3.5,253,WSW,3.89,0,0
3/20/26 19:00,3.69,253,WSW,4.08,0,0
3/20/26 20:00,0,320,NW,1.75,0,0
3/20/26 21:00,2.72,350,N,3.11,0,0
3/20/26 22:00,2.14,217,SW,2.33,0,0
3/20/26 23:00,3.11,328,NNW,3.69,0,0
3/21/26 0:00,2.72,261,W,5.05,0,0
3/21/26 1:00,6.03,287,WNW,7.58,0,0
3/21/26 2:00,5.44,249,WSW,7.78,0,0
3/21/26 3:00,3.89,245,WSW,5.44,0,0
3/21/26 4:00,3.69,243,WSW,4.86,0,0
3/21/26 5:00,7.97,251,WSW,10.69,0,0
3/21/26 6:00,8.55,267,W,11.66,0,0
3/21/26 7:00,7,238,WSW,10.11,0,0
3/21/26 8:00,1.36,37,NE,3.11,0,0
3/21/26 9:00,1.56,2,N,2.72,0,0
3/21/26 10:00,2.14,332,NNW,3.11,0,0
3/21/26 11:00,3.69,301,WNW,5.25,0,0
3/21/26 12:00,2.92,251,WSW,3.69,0,0
3/21/26 13:00,4.08,221,SW,4.47,0,0
3/21/26 14:00,3.3,229,SW,4.47,0,0
3/21/26 15:00,7.58,249,WSW,9.72,0,0
3/21/26 16:00,10.69,239,WSW,12.44,0,0
3/21/26 17:00,9.33,254,WSW,11.27,0,0
3/21/26 18:00,9.33,262,W,12.25,0,0
3/21/26 19:00,10.3,271,W,13.61,0,0
3/21/26 20:00,7.19,275,W,10.5,0,0
3/21/26 21:00,9.72,277,W,12.25,0,0
3/21/26 22:00,8.55,256,WSW,12.05,0,0
3/21/26 23:00,9.14,239,WSW,12.05,0,0
3/22/26 0:00,5.64,245,WSW,7.39,0,0
3/22/26 1:00,8.75,239,WSW,13.22,0,0
3/22/26 2:00,4.47,263,W,6.41,0,0
3/22/26 3:00,4.28,221,SW,5.64,0,0
3/22/26 4:00,4.86,238,WSW,6.61,0,0
3/22/26 5:00,4.08,241,WSW,5.05,0,0
3/22/26 6:00,1.75,220,SW,2.14,0,0
3/22/26 7:00,2.72,241,WSW,4.47,0,0
3/22/26 8:00,3.89,237,WSW,4.86,0,0
3/22/26 9:00,4.67,240,WSW,5.83,0,0
3/22/26 10:00,4.28,277,W,6.41,0,0
3/22/26 11:00,3.89,310,NW,4.67,0,0
3/22/26 12:00,6.03,305,NW,7,0,0
3/22/26 13:00,7.19,304,NW,10.11,0,0
3/22/26 14:00,7.19,279,W,9.33,0,0
3/22/26 15:00,7.39,275,W,10.89,0,0
3/22/26 16:00,11.27,257,WSW,14.77,0,0
3/22/26 17:00,5.83,248,WSW,9.14,0,0
3/22/26 18:00,6.22,249,WSW,8.94,0,0
3/22/26 19:00,7.58,243,WSW,10.3,0,0
3/22/26 20:00,5.64,252,WSW,9.14,0,0
3/22/26 21:00,7.39,244,WSW,12.05,0,0
3/22/26 22:00,8.75,257,WSW,11.08,0,0
3/22/26 23:00,8.36,261,W,10.69,0,0
3/23/26 0:00,8.16,259,W,10.69,0,0
3/23/26 1:00,7.97,255,WSW,10.89,0,0
3/23/26 2:00,5.64,246,WSW,9.33,0,0
3/23/26 3:00,4.67,294,WNW,5.83,0,0
3/23/26 4:00,5.25,270,W,7.39,0,0
3/23/26 5:00,2.33,265,W,3.5,0,0
3/23/26 6:00,2.92,259,W,4.28,0,0
3/23/26 7:00,2.92,163,SSE,3.89,0,0
3/23/26 8:00,2.72,260,W,3.89,0,0
3/23/26 9:00,0.97,293,WNW,2.33,0,0
3/23/26 10:00,2.33,313,NW,4.47,0,0
3/23/26 11:00,3.11,322,NW,5.44,0,0
3/23/26 12:00,3.3,314,NW,6.03,0,0
3/23/26 13:00,2.72,304,NW,4.47,0,0
3/23/26 14:00,3.69,295,WNW,6.22,0,0
3/23/26 15:00,5.64,275,W,6.61,0,0
3/23/26 16:00,6.41,259,W,8.36,0,0
3/23/26 17:00,6.22,270,W,9.14,0,0
3/23/26 18:00,1.94,224,SW,4.67,0,0
3/23/26 19:00,9.33,284,WNW,11.27,0,0
3/23/26 20:00,6.8,292,WNW,8.94,0,0
3/23/26 21:00,5.25,260,W,6.41,0,0
3/23/26 22:00,4.08,233,SW,5.05,0,0
3/23/26 23:00,7.19,227,SW,10.11,0,0
3/24/26 0:00,5.83,247,WSW,8.75,0,0
3/24/26 1:00,5.83,201,SSW,7.19,0,0
3/24/26 2:00,8.36,237,WSW,10.11,0,0
3/24/26 3:00,5.64,235,SW,7.19,0,0
3/24/26 4:00,4.86,236,SW,6.03,0,0
3/24/26 5:00,2.53,221,SW,2.92,0,0
3/24/26 6:00,3.69,231,SW,6.8,0,0
3/24/26 7:00,4.28,216,SW,5.83,0,0
3/24/26 8:00,3.3,230,SW,4.28,0,0
3/24/26 9:00,4.28,234,SW,5.83,0,0
3/24/26 10:00,2.92,304,NW,4.08,0,0
3/24/26 11:00,3.89,249,WSW,5.05,0,0
3/24/26 12:00,4.28,253,WSW,5.44,0,0
3/24/26 13:00,3.3,240,WSW,4.67,0,0
3/24/26 14:00,6.41,222,SW,7.39,0,0
3/24/26 15:00,4.08,246,WSW,5.64,0,0
3/24/26 16:00,7.19,281,W,8.55,0,0
3/24/26 17:00,3.69,251,WSW,7.58,0,0
3/24/26 18:00,3.69,256,WSW,6.41,0,0
3/24/26 19:00,4.47,262,W,5.83,0,0
3/24/26 20:00,8.55,308,NW,12.44,0,0
3/24/26 21:00,6.61,277,W,9.72,0,0
3/24/26 22:00,8.94,266,W,11.27,0,0
3/24/26 23:00,5.64,271,W,8.55,0,0
3/25/26 0:00,4.86,244,WSW,7.58,0,0
3/25/26 1:00,6.61,223,SW,8.75,0,0
3/25/26 2:00,5.05,265,W,6.41,0,0
3/25/26 3:00,5.44,258,WSW,6.22,0,0
3/25/26 4:00,6.03,230,SW,7.39,0,0
3/25/26 5:00,4.67,269,W,6.41,0,0
3/25/26 6:00,,,,,1,1
3/25/26 7:00,4.47,263,W,10.3,0,0
3/25/26 8:00,7,270,W,9.14,0,0
3/25/26 9:00,8.16,263,W,10.3,0,0
3/25/26 10:00,6.41,276,W,8.75,0,0
3/25/26 11:00,5.25,249,WSW,7.39,0,0
3/25/26 12:00,5.44,213,SSW,7.19,0,0
3/25/26 13:00,7.97,242,WSW,10.11,0,0
3/25/26 14:00,8.94,240,WSW,10.3,0,0
3/25/26 15:00,9.52,258,WSW,12.05,0,0
3/25/26 16:00,14.97,281,W,19.05,0,0
3/25/26 17:00,13.41,283,WNW,18.86,0,0
3/25/26 18:00,7,233,SW,10.11,0,0
3/25/26 19:00,8.36,251,WSW,11.86,0,0
3/25/26 20:00,8.55,257,WSW,12.05,0,0
3/25/26 21:00,10.69,267,W,14.19,0,0
3/25/26 22:00,13.22,257,WSW,15.94,0,0
3/25/26 23:00,13.41,256,WSW,17.88,0,0
3/26/26 0:00,8.36,261,W,11.86,0,0
3/26/26 1:00,9.33,264,W,13.41,0,0
3/26/26 2:00,8.16,252,WSW,11.47,0,0
3/26/26 3:00,10.5,235,SW,13.02,0,0
3/26/26 4:00,8.36,245,WSW,12.25,0,0
3/26/26 5:00,8.16,239,WSW,10.69,0,0
3/26/26 6:00,5.83,227,SW,7,0,0
3/26/26 7:00,3.3,223,SW,3.89,0,0
3/26/26 8:00,4.67,227,SW,5.25,0,0
3/26/26 9:00,2.92,266,W,4.67,0,0
3/26/26 10:00,2.72,312,NW,5.64,0,0
3/26/26 11:00,1.75,267,W,3.3,0,0
3/26/26 12:00,4.47,302,WNW,5.25,0,0
3/26/26 13:00,3.5,302,WNW,4.47,0,0
3/26/26 14:00,4.08,260,W,6.41,0,0
3/26/26 15:00,2.92,280,W,5.44,0,0
3/26/26 16:00,3.11,254,WSW,4.28,0,0
3/26/26 17:00,2.72,249,WSW,3.5,0,0
3/26/26 18:00,8.16,315,NW,8.94,0,0
3/26/26 19:00,5.83,329,NNW,6.22,0,0
3/26/26 20:00,0.58,247,WSW,1.56,0,0
3/26/26 21:00,4.08,251,WSW,5.64,0,0
3/26/26 22:00,5.05,208,SSW,6.22,0,0
3/26/26 23:00,5.25,217,SW,6.03,0,0
3/27/26 0:00,1.94,238,WSW,3.69,0,0
3/27/26 1:00,2.33,175,S,3.11,0,0
3/27/26 2:00,2.14,184,S,2.72,0,0
3/27/26 3:00,2.14,186,S,2.53,0,0
3/27/26 4:00,1.36,199,SSW,1.94,0,0
3/27/26 5:00,1.94,174,S,2.92,0,0
3/27/26 6:00,2.92,167,SSE,3.5,0,0
3/27/26 7:00,4.08,155,SSE,4.47,0,0
3/27/26 8:00,0.58,132,SE,1.56,0,0
3/27/26 9:00,1.36,318,NW,2.14,0,0
3/27/26 10:00,1.94,263,W,2.92,0,0
3/27/26 11:00,2.33,352,N,3.5,0,0
3/27/26 12:00,1.75,82,E,3.89,0,0
3/27/26 13:00,2.92,344,NNW,4.86,0,0
3/27/26 14:00,3.89,233,SW,4.86,0,0
3/27/26 15:00,1.56,251,WSW,5.05,0,0
3/27/26 16:00,2.14,284,WNW,3.11,0,0
3/27/26 17:00,5.44,284,WNW,6.41,0,0
3/27/26 18:00,1.75,239,WSW,3.5,0,0
3/27/26 19:00,4.28,314,NW,6.22,0,0
3/27/26 20:00,2.33,261,W,5.25,0,0
3/27/26 21:00,5.25,222,SW,6.61,0,0
3/27/26 22:00,4.86,216,SW,6.22,0,0
3/27/26 23:00,3.11,255,WSW,3.5,0,0
3/28/26 0:00,1.75,174,S,2.14,0,0
3/28/26 1:00,2.53,140,SE,2.92,0,0
3/28/26 2:00,2.14,236,SW,2.72,0,0
3/28/26 3:00,3.3,267,W,4.67,0,0
3/28/26 4:00,10.69,239,WSW,14,0,0
3/28/26 5:00,6.41,260,W,8.16,0,0
3/28/26 6:00,1.94,242,WSW,3.3,0,0
3/28/26 7:00,0.58,45,NE,2.72,0,0
3/28/26 8:00,3.69,298,WNW,4.86,0,0
3/28/26 9:00,7.58,249,WSW,11.66,0,0
3/28/26 10:00,5.44,293,WNW,7,0,0
3/28/26 11:00,3.3,306,NW,4.08,0,0
3/28/26 12:00,5.64,296,WNW,7,0,0
3/28/26 13:00,1.36,281,W,3.69,0,0
3/28/26 14:00,5.64,316,NW,6.41,0,0
3/28/26 15:00,3.11,296,WNW,5.05,0,0
3/28/26 16:00,3.11,250,WSW,3.89,0,0
3/28/26 17:00,2.53,256,WSW,3.3,0,0
3/28/26 18:00,4.86,263,W,5.64,0,0
3/28/26 19:00,3.89,246,WSW,5.05,0,0
3/28/26 20:00,3.69,245,WSW,5.83,0,0
3/28/26 21:00,4.67,228,SW,5.44,0,0
3/28/26 22:00,3.5,177,S,4.28,0,0
3/28/26 23:00,1.36,139,SE,1.75,0,0
3/29/26 0:00,3.5,263,W,5.25,0,0
3/29/26 1:00,4.28,210,SSW,6.22,0,0
3/29/26 2:00,2.53,237,WSW,3.5,0,0
3/29/26 3:00,1.36,232,SW,2.33,0,0
3/29/26 4:00,1.56,179,S,1.94,0,0
3/29/26 5:00,2.14,197,SSW,2.92,0,0
3/29/26 6:00,1.94,176,S,2.53,0,0
3/29/26 7:00,4.08,215,SW,5.25,0,0
3/29/26 8:00,4.08,218,SW,4.67,0,0
3/29/26 9:00,2.72,267,W,3.5,0,0
3/29/26 10:00,3.5,301,WNW,4.08,0,0
3/29/26 11:00,2.53,283,WNW,4.67,0,0
3/29/26 12:00,3.69,234,SW,4.28,0,0
3/29/26 13:00,3.11,266,W,4.08,0,0
3/29/26 14:00,3.3,267,W,4.28,0,0
3/29/26 15:00,3.11,248,WSW,3.5,0,0
3/29/26 16:00,5.05,231,SW,5.83,0,0
3/29/26 17:00,4.28,253,WSW,5.64,0,0
3/29/26 18:00,4.08,230,SW,5.05,0,0
3/29/26 19:00,4.47,245,WSW,5.25,0,0
3/29/26 20:00,5.44,216,SW,6.22,0,0
3/29/26 21:00,4.47,207,SSW,5.83,0,0
3/29/26 22:00,2.72,215,SW,4.47,0,0
3/29/26 23:00,6.22,213,SSW,7.19,0,0
3/30/26 0:00,2.33,178,S,4.08,0,0
3/30/26 1:00,4.28,234,SW,4.86,0,0
3/30/26 2:00,5.05,241,WSW,6.03,0,0
3/30/26 3:00,5.05,229,SW,5.83,0,0
3/30/26 4:00,,,,,1,1
3/30/26 5:00,1.36,162,SSE,2.53,0,0
3/30/26 6:00,1.56,183,S,2.14,0,0
3/30/26 7:00,1.75,189,S,2.72,0,0
3/30/26 8:00,3.69,209,SSW,4.47,0,0
3/30/26 9:00,5.05,226,SW,6.41,0,0
3/30/26 10:00,0.97,263,W,2.92,0,0
3/30/26 11:00,5.05,300,WNW,6.03,0,0
3/30/26 12:00,3.89,298,WNW,4.67,0,0
3/30/26 13:00,1.36,301,WNW,2.33,0,0
3/30/26 14:00,5.05,295,WNW,6.61,0,0
3/30/26 15:00,9.52,240,WSW,12.25,0,0
3/30/26 16:00,13.61,223,SW,17.69,0,0
3/30/26 17:00,11.27,213,SSW,14.97,0,0
3/30/26 18:00,13.02,227,SW,16.52,0,0
3/30/26 19:00,9.91,236,SW,13.02,0,0
3/30/26 20:00,7.39,245,WSW,10.3,0,0
3/30/26 21:00,8.75,244,WSW,12.05,0,0
3/30/26 22:00,7.97,225,SW,10.11,0,0
3/30/26 23:00,5.25,246,WSW,6.8,0,0
3/31/26 0:00,9.91,277,W,14.19,0,0
3/31/26 1:00,13.41,234,SW,18.08,0,0
3/31/26 2:00,10.89,230,SW,13.8,0,0
3/31/26 3:00,10.11,269,W,16.91,0,0
3/31/26 4:00,11.47,225,SW,15.75,0,0
3/31/26 5:00,6.8,245,WSW,11.86,0,0
3/31/26 6:00,6.8,251,WSW,9.33,0,0
3/31/26 7:00,7.19,208,SSW,8.55,0,0
3/31/26 8:00,6.03,240,WSW,9.91,0,0
3/31/26 9:00,6.61,275,W,9.52,0,0
3/31/26 10:00,0.58,264,W,2.33,0,0
3/31/26 11:00,2.53,307,NW,3.3,0,0
3/31/26 12:00,3.89,7,N,5.05,0,0
3/31/26 13:00,7.78,291,WNW,9.52,0,0
3/31/26 14:00,10.89,249,WSW,15.55,0,0
3/31/26 15:00,14.19,238,WSW,19.44,0,0
3/31/26 16:00,14.77,234,SW,18.27,0,0
3/31/26 17:00,20.22,233,SW,23.71,0,0
3/31/26 18:00,13.8,238,WSW,17.11,0,0
3/31/26 19:00,9.52,236,SW,11.86,0,0
3/31/26 20:00,8.55,231,SW,11.47,0,0
3/31/26 21:00,5.25,241,WSW,7.78,0,0
3/31/26 22:00,6.61,231,SW,8.16,0,0
3/31/26 23:00,3.89,231,SW,5.05,0,0
4/1/26 0:00,1.94,241,WSW,3.5,0,0
4/1/26 1:00,4.08,234,SW,4.86,0,0
4/1/26 2:00,3.89,214,SW,4.28,0,0
4/1/26 3:00,10.11,231,SW,13.61,0,0
4/1/26 4:00,10.69,234,SW,13.61,0,0
4/1/26 5:00,,,,,1,1
4/1/26 6:00,6.22,213,SSW,9.33,0,0
4/1/26 7:00,,,,,1,1
4/1/26 8:00,10.69,221,SW,13.02,0,0
4/1/26 9:00,11.86,230,SW,15.55,0,0
4/1/26 10:00,13.8,229,SW,17.49,0,0
4/1/26 11:00,13.22,222,SW,18.27,0,0
4/1/26 12:00,16.52,232,SW,20.41,0,0
4/1/26 13:00,15.55,241,WSW,20.22,0,0
4/1/26 14:00,11.86,231,SW,14.58,0,0
4/1/26 15:00,6.41,249,WSW,9.52,0,0
4/1/26 16:00,14.58,221,SW,19.05,0,0
4/1/26 17:00,13.61,229,SW,18.47,0,0
4/1/26 18:00,11.08,240,WSW,16.52,0,0
4/1/26 19:00,14.38,223,SW,17.69,0,0
4/1/26 20:00,12.64,213,SSW,14.77,0,0
4/1/26 21:00,15.75,212,SSW,21.58,0,0
4/1/26 22:00,14.38,223,SW,19.63,0,0
4/1/26 23:00,12.44,221,SW,16.72,0,0
4/2/26 0:00,14.97,291,WNW,19.44,0,0
4/2/26 1:00,14,290,WNW,18.86,0,0
4/2/26 2:00,10.69,271,W,15.16,0,0
4/2/26 3:00,9.33,286,WNW,14.38,0,0
4/2/26 4:00,8.36,317,NW,10.5,0,0
4/2/26 5:00,8.16,310,NW,10.11,0,0
4/2/26 6:00,3.5,290,WNW,7.58,0,0
4/2/26 7:00,9.33,304,NW,13.8,0,0
4/2/26 8:00,10.5,315,NW,12.44,0,0
4/2/26 9:00,5.83,315,NW,7.78,0,0
4/2/26 10:00,5.05,311,NW,7.58,0,0
4/2/26 11:00,5.25,295,WNW,7.97,0,0
4/2/26 12:00,5.44,278,W,8.55,0,0
4/2/26 13:00,7.19,246,WSW,9.33,0,0
4/2/26 14:00,5.83,277,W,9.33,0,0
4/2/26 15:00,9.14,298,WNW,11.27,0,0
4/2/26 16:00,7.97,278,W,9.91,0,0
4/2/26 17:00,10.3,302,WNW,12.05,0,0
4/2/26 18:00,11.08,308,NW,14.97,0,0
4/2/26 19:00,9.33,311,NW,13.22,0,0
4/2/26 20:00,9.33,306,NW,12.25,0,0
4/2/26 21:00,1.94,330,NNW,6.8,0,0
4/2/26 22:00,3.5,157,SSE,4.67,0,0
4/2/26 23:00,2.92,211,SSW,5.05,0,0
4/3/26 0:00,6.41,205,SSW,7.58,0,0
4/3/26 1:00,3.11,318,NW,4.67,0,0
4/3/26 2:00,4.28,159,SSE,5.83,0,0
4/3/26 3:00,3.89,215,SW,7.58,0,0
4/3/26 4:00,5.25,155,SSE,6.03,0,0
4/3/26 5:00,2.33,225,SW,3.11,0,0
4/3/26 6:00,3.69,207,SSW,4.86,0,0
4/3/26 7:00,3.5,168,SSE,5.25,0,0
4/3/26 8:00,4.47,174,S,7,0,0
4/3/26 9:00,2.53,273,W,3.5,0,0
4/3/26 10:00,2.92,307,NW,4.67,0,0
4/3/26 11:00,4.47,252,WSW,5.64,0,0
4/3/26 12:00,2.14,256,WSW,4.28,0,0
4/3/26 13:00,5.05,284,WNW,7.78,0,0
4/3/26 14:00,5.05,253,WSW,6.61,0,0
4/3/26 15:00,0.19,66,ENE,1.17,0,0
4/3/26 16:00,3.11,109,ESE,5.05,0,0
4/3/26 17:00,1.36,87,E,3.3,0,0
4/3/26 18:00,5.25,139,SE,8.75,0,0
4/3/26 19:00,5.44,87,E,6.22,0,0
4/3/26 20:00,2.72,308,NW,4.28,0,0
4/3/26 21:00,0.97,19,NNE,2.33,0,0
4/3/26 22:00,4.47,247,WSW,6.8,0,0
4/3/26 23:00,3.89,204,SSW,5.05,0,0
4/4/26 0:00,3.11,160,SSE,4.47,0,0
4/4/26 1:00,3.11,168,SSE,3.69,0,0
4/4/26 2:00,1.36,215,SW,2.33,0,0
4/4/26 3:00,2.92,153,SSE,3.5,0,0
4/4/26 4:00,2.14,160,SSE,2.72,0,0
4/4/26 5:00,3.3,161,SSE,4.08,0,0
4/4/26 6:00,1.56,141,SE,2.33,0,0
4/4/26 7:00,4.08,87,E,7.78,0,0
4/4/26 8:00,7.19,87,E,9.52,0,0
4/4/26 9:00,10.89,93,E,14.97,0,0
4/4/26 10:00,13.61,91,E,15.75,0,0
4/4/26 11:00,13.22,91,E,14.97,0,0
4/4/26 12:00,11.66,92,E,13.61,0,0
4/4/26 13:00,11.86,101,E,14.97,0,0
4/4/26 14:00,8.55,96,E,12.64,0,0
4/4/26 15:00,8.75,94,E,11.47,0,0
4/4/26 16:00,5.44,96,E,8.36,0,0
4/4/26 17:00,4.08,73,ENE,4.67,0,0
4/4/26 18:00,3.69,316,NW,5.05,0,0
4/4/26 19:00,3.11,263,W,5.25,0,0
4/4/26 20:00,2.53,186,S,3.3,0,0
4/4/26 21:00,3.11,225,SW,4.67,0,0
4/4/26 22:00,1.75,189,S,2.33,0,0
4/4/26 23:00,4.08,218,SW,4.67,0,0
4/5/26 0:00,2.72,182,S,3.69,0,0
4/5/26 1:00,3.5,167,SSE,4.47,0,0
4/5/26 2:00,3.5,151,SSE,4.86,0,0
4/5/26 3:00,1.56,187,S,2.53,0,0
4/5/26 4:00,0.97,226,SW,1.56,0,0
4/5/26 5:00,2.14,237,WSW,3.3,0,0
4/5/26 6:00,2.14,142,SE,2.92,0,0
4/5/26 7:00,2.53,130,SE,3.5,0,0
4/5/26 8:00,2.92,126,SE,3.5,0,0
4/5/26 9:00,6.22,66,ENE,6.8,0,0
4/5/26 10:00,6.41,105,ESE,8.94,0,0
4/5/26 11:00,8.94,86,E,10.69,0,0
4/5/26 12:00,7.97,96,E,9.72,0,0
4/5/26 13:00,6.61,79,E,8.36,0,0
4/5/26 14:00,5.64,87,E,7,0,0
4/5/26 15:00,5.83,89,E,7.39,0,0
4/5/26 16:00,6.8,298,WNW,8.75,0,0
4/5/26 17:00,6.03,290,WNW,6.8,0,0
4/5/26 18:00,6.61,243,WSW,7.97,0,0
4/5/26 19:00,6.41,338,NNW,8.94,0,0
4/5/26 20:00,5.25,262,W,7,0,0
4/5/26 21:00,4.67,259,W,6.61,0,0
4/5/26 22:00,4.67,268,W,6.03,0,0
4/5/26 23:00,7.58,297,WNW,9.33,0,0
4/6/26 0:00,1.75,234,SW,2.33,0,0
4/6/26 1:00,4.28,277,W,5.64,0,0
4/6/26 2:00,6.8,262,W,8.94,0,0
4/6/26 3:00,8.16,263,W,11.08,0,0
4/6/26 4:00,11.47,282,WNW,13.41,0,0
4/6/26 5:00,8.16,250,WSW,14.38,0,0
4/6/26 6:00,7.58,279,W,10.69,0,0
4/6/26 7:00,9.52,292,WNW,12.05,0,0
4/6/26 8:00,4.86,274,W,10.3,0,0
4/6/26 9:00,7.97,241,WSW,10.3,0,0
4/6/26 10:00,9.91,248,WSW,14,0,0
4/6/26 11:00,12.05,239,WSW,15.75,0,0
4/6/26 12:00,10.5,236,SW,14.77,0,0
4/6/26 13:00,10.11,236,SW,12.44,0,0
4/6/26 14:00,10.3,233,SW,12.44,0,0
4/6/26 15:00,10.3,236,SW,11.66,0,0
4/6/26 16:00,9.91,231,SW,12.64,0,0
4/6/26 17:00,12.25,235,SW,14.77,0,0
4/6/26 18:00,9.72,246,WSW,13.8,0,0
4/6/26 19:00,12.25,291,WNW,16.13,0,0
4/6/26 20:00,11.66,289,WNW,16.52,0,0
4/6/26 21:00,13.22,292,WNW,18.86,0,0
4/6/26 22:00,12.83,276,W,17.69,0,0
4/6/26 23:00,8.75,276,W,12.05,0,0
4/7/26 0:00,5.25,261,W,9.91,0,0
4/7/26 1:00,9.33,254,WSW,12.64,0,0
4/7/26 2:00,7.78,259,W,11.27,0,0
4/7/26 3:00,9.72,256,WSW,13.61,0,0
4/7/26 4:00,11.86,277,W,14.38,0,0
4/7/26 5:00,11.47,278,W,15.55,0,0
4/7/26 6:00,8.36,281,W,11.66,0,0
4/7/26 7:00,9.52,289,WNW,12.83,0,0
4/7/26 8:00,7,261,W,11.47,0,0
4/7/26 9:00,6.03,274,W,9.72,0,0
4/7/26 10:00,6.03,293,WNW,10.11,0,0
4/7/26 11:00,7.97,304,NW,10.89,0,0
4/7/26 12:00,6.41,297,WNW,9.33,0,0
4/7/26 13:00,3.5,266,W,6.61,0,0
4/7/26 14:00,7.97,238,WSW,9.14,0,0
4/7/26 15:00,9.33,238,WSW,12.05,0,0
4/7/26 16:00,8.75,242,WSW,11.66,0,0
4/7/26 17:00,9.14,241,WSW,14,0,0
4/7/26 18:00,7.78,245,WSW,11.08,0,0
4/7/26 19:00,7.58,221,SW,10.5,0,0
4/7/26 20:00,8.75,234,SW,10.5,0,0
4/7/26 21:00,10.3,278,W,14,0,0
4/7/26 22:00,7.39,280,W,10.5,0,0
4/7/26 23:00,10.5,275,W,12.44,0,0
4/8/26 0:00,9.52,240,WSW,13.02,0,0
4/8/26 1:00,8.75,241,WSW,13.22,0,0
4/8/26 2:00,6.22,246,WSW,8.16,0,0
4/8/26 3:00,6.41,224,SW,8.75,0,0
4/8/26 4:00,7.58,226,SW,9.52,0,0
4/8/26 5:00,6.41,251,WSW,9.91,0,0
4/8/26 6:00,8.55,239,WSW,13.41,0,0
4/8/26 7:00,4.28,222,SW,6.22,0,0
4/8/26 8:00,5.25,229,SW,7.58,0,0
4/8/26 9:00,5.83,260,W,8.36,0,0
4/8/26 10:00,3.5,266,W,6.61,0,0
4/8/26 11:00,5.25,279,W,8.75,0,0
4/8/26 12:00,6.03,275,W,8.36,0,0
4/8/26 13:00,2.33,246,WSW,2.72,0,0
4/8/26 14:00,4.08,242,WSW,5.25,0,0
4/8/26 15:00,4.67,249,WSW,5.83,0,0
4/8/26 16:00,8.36,261,W,11.66,0,0
4/8/26 17:00,6.61,246,WSW,11.08,0,0
4/8/26 18:00,5.44,250,WSW,8.55,0,0
4/8/26 19:00,7.39,255,WSW,9.72,0,0
4/8/26 20:00,7,310,NW,11.47,0,0
4/8/26 21:00,11.08,301,WNW,13.02,0,0
4/8/26 22:00,6.8,285,WNW,8.94,0,0
4/8/26 23:00,6.41,242,WSW,9.33,0,0
4/9/26 0:00,7.19,231,SW,9.52,0,0
4/9/26 1:00,7.39,222,SW,9.91,0,0
4/9/26 2:00,5.05,259,W,7.97,0,0
4/9/26 3:00,6.03,267,W,8.36,0,0
4/9/26 4:00,4.28,232,SW,5.25,0,0
4/9/26 5:00,3.5,234,SW,4.67,0,0
4/9/26 6:00,7.97,235,SW,9.91,0,0
4/9/26 7:00,8.94,228,SW,13.22,0,0
4/9/26 8:00,11.66,232,SW,14.58,0,0
4/9/26 9:00,9.14,295,WNW,13.41,0,0
4/9/26 10:00,6.03,279,W,7.97,0,0
4/9/26 11:00,4.08,306,NW,6.61,0,0
4/9/26 12:00,6.41,308,NW,7.78,0,0
4/9/26 13:00,5.64,288,WNW,7,0,0
4/9/26 14:00,10.5,241,WSW,13.8,0,0
4/9/26 15:00,7.58,245,WSW,11.27,0,0
4/9/26 16:00,12.44,220,SW,14.77,0,0
4/9/26 17:00,12.25,228,SW,15.75,0,0
4/9/26 18:00,15.94,218,SW,19.83,0,0
4/9/26 19:00,15.55,213,SSW,17.3,0,0
4/9/26 20:00,15.36,237,WSW,17.49,0,0
4/9/26 21:00,5.83,279,W,10.5,0,0
4/9/26 22:00,6.41,287,WNW,11.47,0,0
4/9/26 23:00,6.03,246,WSW,8.55,0,0
4/10/26 0:00,7.39,259,W,11.66,0,0
4/10/26 1:00,6.61,244,WSW,8.94,0,0
4/10/26 2:00,3.69,218,SW,6.22,0,0
4/10/26 3:00,2.14,143,SE,2.92,0,0
4/10/26 4:00,6.8,92,E,8.36,0,0
4/10/26 5:00,3.69,128,SE,5.44,0,0
4/10/26 6:00,5.83,219,SW,8.55,0,0
4/10/26 7:00,3.11,209,SSW,4.28,0,0
4/10/26 8:00,3.89,255,WSW,5.25,0,0
4/10/26 9:00,,,,,1,1
4/10/26 10:00,3.3,36,NE,4.28,0,0
4/10/26 11:00,5.44,81,E,7.19,0,0
4/10/26 12:00,11.86,214,SW,14.58,0,0
4/10/26 13:00,10.69,200,SSW,13.8,0,0
4/10/26 14:00,10.89,213,SSW,13.22,0,0
4/10/26 15:00,11.47,236,SW,15.36,0,0
4/10/26 16:00,8.94,247,WSW,14.77,0,0
4/10/26 17:00,11.47,246,WSW,16.33,0,0
4/10/26 18:00,9.91,239,WSW,12.25,0,0
4/10/26 19:00,9.52,245,WSW,14.97,0,0
4/10/26 20:00,8.75,232,SW,12.25,0,0
4/10/26 21:00,12.25,235,SW,15.36,0,0
4/10/26 22:00,10.11,229,SW,12.44,0,0
4/10/26 23:00,6.03,217,SW,9.91,0,0
4/11/26 0:00,7.58,277,W,9.33,0,0
4/11/26 1:00,4.86,215,SW,7,0,0
4/11/26 2:00,7.39,217,SW,9.33,0,0
4/11/26 3:00,5.44,214,SW,7.19,0,0
4/11/26 4:00,7.78,225,SW,10.69,0,0
4/11/26 5:00,6.61,199,SSW,8.16,0,0
4/11/26 6:00,6.22,200,SSW,7.58,0,0
4/11/26 7:00,7.58,204,SSW,9.91,0,0
4/11/26 8:00,7.39,188,S,10.11,0,0
4/11/26 9:00,5.44,167,SSE,9.72,0,0
4/11/26 10:00,11.66,209,SSW,15.94,0,0
4/11/26 11:00,7.19,194,SSW,11.27,0,0
4/11/26 12:00,12.44,204,SSW,16.33,0,0
4/11/26 13:00,14.19,194,SSW,19.05,0,0
4/11/26 14:00,14.19,199,SSW,18.86,0,0
4/11/26 15:00,18.47,184,S,25.46,0,0
4/11/26 16:00,14,201,SSW,23.52,0,0
4/11/26 17:00,11.08,201,SSW,19.63,0,0
4/11/26 18:00,11.86,265,W,16.91,0,0
4/11/26 19:00,11.08,179,S,14.38,0,0
4/11/26 20:00,8.55,198,SSW,10.3,0,0
4/11/26 21:00,8.94,173,S,14.19,0,0
4/11/26 22:00,12.05,198,SSW,15.36,0,0
4/11/26 23:00,11.86,219,SW,14.38,0,0
4/12/26 0:00,10.3,202,SSW,13.02,0,0
4/12/26 1:00,16.33,221,SW,20.8,0,0
4/12/26 2:00,12.64,240,WSW,18.27,0,0
4/12/26 3:00,10.69,242,WSW,14.58,0,0
4/12/26 4:00,9.14,234,SW,11.47,0,0
4/12/26 5:00,10.69,222,SW,14.19,0,0
4/12/26 6:00,10.11,200,SSW,17.11,0,0
4/12/26 7:00,11.47,229,SW,14.77,0,0
4/12/26 8:00,10.3,202,SSW,13.02,0,0
4/12/26 9:00,11.66,209,SSW,17.11,0,0
4/12/26 10:00,11.47,210,SSW,19.05,0,0
4/12/26 11:00,11.86,201,SSW,16.33,0,0
4/12/26 12:00,21.58,229,SW,26.63,0,0
4/12/26 13:00,15.75,214,SW,20.99,0,0
4/12/26 14:00,11.47,211,SSW,14,0,0
4/12/26 15:00,10.69,236,SW,16.33,0,0
4/12/26 16:00,15.75,231,SW,19.44,0,0
4/12/26 17:00,16.91,216,SW,23.52,0,0
4/12/26 18:00,15.36,238,WSW,19.83,0,0
4/12/26 19:00,10.89,269,W,15.55,0,0
4/12/26 20:00,9.52,260,W,14.97,0,0
4/12/26 21:00,7.78,262,W,13.02,0,0
4/12/26 22:00,9.91,234,SW,12.05,0,0
4/12/26 23:00,8.36,220,SW,10.69,0,0
4/13/26 0:00,5.44,206,SSW,6.61,0,0
4/13/26 1:00,5.83,208,SSW,7.97,0,0
4/13/26 2:00,4.86,353,N,5.83,0,0
4/13/26 3:00,1.36,55,NE,2.14,0,0
4/13/26 4:00,2.72,3,N,3.89,0,0
4/13/26 5:00,6.22,354,N,6.8,0,0
4/13/26 6:00,3.5,122,ESE,4.86,0,0
4/13/26 7:00,4.28,157,SSE,4.67,0,0
4/13/26 8:00,4.47,88,E,6.8,0,0
4/13/26 9:00,2.14,332,NNW,4.86,0,0
4/13/26 10:00,4.08,310,NW,6.22,0,0
4/13/26 11:00,3.3,294,WNW,5.25,0,0
4/13/26 12:00,5.64,256,WSW,7.97,0,0
4/13/26 13:00,5.05,255,WSW,6.22,0,0
4/13/26 14:00,5.44,249,WSW,7.97,0,0
4/13/26 15:00,5.64,265,W,8.16,0,0
4/13/26 16:00,4.67,250,WSW,6.03,0,0
4/13/26 17:00,7.78,261,W,11.47,0,0
4/13/26 18:00,10.69,290,WNW,14.19,0,0
4/13/26 19:00,13.22,295,WNW,17.3,0,0
4/13/26 20:00,10.5,292,WNW,15.16,0,0
4/13/26 21:00,10.3,291,WNW,14.19,0,0
4/13/26 22:00,6.41,234,SW,9.14,0,0
4/13/26 23:00,7.19,280,W,9.52,0,0
4/14/26 0:00,6.41,208,SSW,8.55,0,0
4/14/26 1:00,8.55,254,WSW,10.69,0,0
4/14/26 2:00,7.39,257,WSW,10.89,0,0
4/14/26 3:00,7.39,220,SW,9.91,0,0
4/14/26 4:00,6.22,210,SSW,8.55,0,0
4/14/26 5:00,6.8,206,SSW,8.55,0,0
4/14/26 6:00,5.83,209,SSW,7.19,0,0
4/14/26 7:00,6.03,232,SW,8.55,0,0
4/14/26 8:00,5.64,284,WNW,8.55,0,0
4/14/26 9:00,6.22,237,WSW,7.39,0,0
4/14/26 10:00,6.8,263,W,10.3,0,0
4/14/26 11:00,6.22,262,W,7.78,0,0
4/14/26 12:00,7.39,271,W,9.72,0,0
4/14/26 13:00,6.8,247,WSW,10.69,0,0
4/14/26 14:00,5.05,261,W,8.55,0,0
4/14/26 15:00,6.61,287,WNW,10.5,0,0
4/14/26 16:00,11.86,298,WNW,14.77,0,0
4/14/26 17:00,10.69,295,WNW,15.55,0,0
4/14/26 18:00,9.52,294,WNW,13.22,0,0
4/14/26 19:00,8.36,287,WNW,13.61,0,0
4/14/26 20:00,12.64,300,WNW,15.36,0,0
4/14/26 21:00,13.41,297,WNW,18.66,0,0
4/14/26 22:00,11.27,277,W,15.36,0,0
4/14/26 23:00,6.61,237,WSW,8.36,0,0
4/15/26 0:00,5.83,258,WSW,9.14,0,0
4/15/26 1:00,7.78,210,SSW,10.3,0,0
4/15/26 2:00,5.44,217,SW,6.8,0,0
4/15/26 3:00,6.41,216,SW,7.58,0,0
4/15/26 4:00,6.41,272,W,10.89,0,0
4/15/26 5:00,6.41,289,WNW,8.55,0,0
4/15/26 6:00,5.64,220,SW,6.8,0,0
4/15/26 7:00,5.44,230,SW,7.19,0,0
4/15/26 8:00,6.8,304,NW,8.75,0,0
4/15/26 9:00,6.8,305,NW,9.52,0,0
4/15/26 10:00,4.86,265,W,7.97,0,0
4/15/26 11:00,5.44,268,W,8.16,0,0
4/15/26 12:00,3.89,248,WSW,6.03,0,0
4/15/26 13:00,4.86,255,WSW,7.97,0,0
4/15/26 14:00,8.16,255,WSW,11.27,0,0
4/15/26 15:00,9.14,267,W,13.8,0,0
4/15/26 16:00,13.02,289,WNW,17.3,0,0
4/15/26 17:00,11.66,278,W,15.94,0,0
4/15/26 18:00,13.61,287,WNW,17.49,0,0
4/15/26 19:00,11.66,273,W,14.97,0,0
4/15/26 20:00,6.61,246,WSW,10.3,0,0
4/15/26 21:00,11.27,278,W,14.77,0,0
4/15/26 22:00,11.08,290,WNW,14.97,0,0
4/15/26 23:00,6.41,280,W,9.72,0,0
4/16/26 0:00,8.75,274,W,12.25,0,0
4/16/26 1:00,9.33,301,WNW,12.83,0,0
4/16/26 2:00,7.78,284,WNW,13.02,0,0
4/16/26 3:00,7.39,280,W,10.3,0,0
4/16/26 4:00,6.41,281,W,8.36,0,0
4/16/26 5:00,5.64,307,NW,7.58,0,0
4/16/26 6:00,2.72,342,NNW,4.67,0,0
4/16/26 7:00,3.5,150,SSE,4.28,0,0
4/16/26 8:00,1.94,339,NNW,4.28,0,0
4/16/26 9:00,4.08,336,NNW,7.19,0,0
4/16/26 10:00,7.97,1,N,9.91,0,0
4/16/26 11:00,7.97,29,NNE,13.22,0,0
4/16/26 12:00,9.91,41,NE,14.77,0,0
4/16/26 13:00,6.8,321,NW,9.72,0,0
4/16/26 14:00,12.05,345,NNW,17.3,0,0
4/16/26 15:00,5.44,304,NW,14.19,0,0
4/16/26 16:00,14,355,N,18.27,0,0
4/16/26 17:00,10.5,33,NNE,14.38,0,0
4/16/26 18:00,16.52,0,N,19.63,0,0
4/16/26 19:00,11.86,350,N,13.8,0,0
4/16/26 20:00,7.97,346,NNW,12.25,0,0
4/16/26 21:00,9.91,358,N,11.66,0,0
4/16/26 22:00,9.33,349,N,11.66,0,0
4/16/26 23:00,2.53,167,SSE,3.69,0,0
4/17/26 0:00,10.3,29,NNE,13.22,0,0
4/17/26 1:00,6.8,337,NNW,7.78,0,0
4/17/26 2:00,5.25,348,NNW,6.22,0,0
4/17/26 3:00,1.56,58,ENE,2.72,0,0
4/17/26 4:00,6.03,352,N,9.14,0,0
4/17/26 5:00,8.36,356,N,10.5,0,0
4/17/26 6:00,7.97,348,NNW,9.91,0,0
4/17/26 7:00,5.83,20,NNE,7,0,0
4/17/26 8:00,6.61,81,E,8.75,0,0
4/17/26 9:00,2.72,82,E,3.69,0,0
4/17/26 10:00,0.78,145,SE,1.36,0,0
4/17/26 11:00,4.67,325,NW,6.61,0,0
4/17/26 12:00,6.61,234,SW,7.58,0,0
4/17/26 13:00,7.78,253,WSW,10.3,0,0
4/17/26 14:00,5.05,245,WSW,8.16,0,0
4/17/26 15:00,5.05,234,SW,6.22,0,0
4/17/26 16:00,4.86,227,SW,6.03,0,0
4/17/26 17:00,8.36,263,W,11.27,0,0
4/17/26 18:00,8.94,255,WSW,10.89,0,0
4/17/26 19:00,6.61,281,W,10.69,0,0
4/17/26 20:00,10.89,310,NW,12.83,0,0
4/17/26 21:00,3.89,323,NW,6.41,0,0
4/17/26 22:00,6.8,304,NW,8.94,0,0
4/17/26 23:00,5.25,265,W,7.19,0,0
4/18/26 0:00,5.83,271,W,6.8,0,0
4/18/26 1:00,4.86,219,SW,6.03,0,0
4/18/26 2:00,4.28,227,SW,5.83,0,0
4/18/26 3:00,2.33,292,WNW,4.67,0,0
4/18/26 4:00,2.53,188,S,3.89,0,0
4/18/26 5:00,2.14,220,SW,3.3,0,0
4/18/26 6:00,,,,,1,1
4/18/26 7:00,2.72,156,SSE,3.5,0,0
4/18/26 8:00,1.94,337,NNW,3.11,0,0
4/18/26 9:00,1.36,314,NW,2.14,0,0
4/18/26 10:00,2.33,307,NW,3.11,0,0
4/18/26 11:00,4.86,315,NW,5.64,0,0
4/18/26 12:00,5.05,309,NW,6.22,0,0
4/18/26 13:00,1.94,309,NW,6.22,0,0
4/18/26 14:00,7.19,304,NW,7.58,0,0
4/18/26 15:00,5.44,297,WNW,6.8,0,0
4/18/26 16:00,6.41,319,NW,7,0,0
4/18/26 17:00,7.39,318,NW,8.16,0,0
4/18/26 18:00,6.41,256,WSW,8.16,0,0
4/18/26 19:00,6.41,235,SW,7.19,0,0
4/18/26 20:00,4.47,217,SW,7.78,0,0
4/18/26 21:00,7.97,229,SW,8.94,0,0
4/18/26 22:00,6.03,228,SW,7.19,0,0
4/18/26 23:00,6.22,225,SW,8.36,0,0
4/19/26 0:00,5.83,254,WSW,7.97,0,0
4/19/26 1:00,5.05,252,WSW,7.78,0,0
4/19/26 2:00,3.69,242,WSW,4.28,0,0
4/19/26 3:00,3.5,227,SW,4.28,0,0
4/19/26 4:00,6.03,212,SSW,7,0,0
4/19/26 5:00,6.41,224,SW,7.78,0,0
4/19/26 6:00,4.86,224,SW,6.8,0,0
4/19/26 7:00,5.44,213,SSW,6.41,0,0
4/19/26 8:00,8.16,260,W,12.64,0,0
4/19/26 9:00,5.83,272,W,7.97,0,0
4/19/26 10:00,7,305,NW,8.55,0,0
4/19/26 11:00,7.78,274,W,9.52,0,0
4/19/26 12:00,9.91,271,W,13.8,0,0
4/19/26 13:00,5.44,265,W,8.16,0,0
4/19/26 14:00,6.8,295,WNW,9.33,0,0
4/19/26 15:00,6.8,271,W,8.94,0,0
4/19/26 16:00,9.14,247,WSW,14.38,0,0
4/19/26 17:00,15.75,239,WSW,19.05,0,0
4/19/26 18:00,16.52,240,WSW,19.44,0,0
4/19/26 19:00,13.41,236,SW,16.52,0,0
4/19/26 20:00,10.3,235,SW,13.61,0,0
4/19/26 21:00,8.36,246,WSW,12.25,0,0
4/19/26 22:00,9.72,222,SW,11.86,0,0
4/19/26 23:00,12.64,243,WSW,20.02,0,0
4/20/26 0:00,10.11,257,WSW,15.16,0,0
4/20/26 1:00,7.58,247,WSW,12.44,0,0
4/20/26 2:00,3.5,174,S,5.64,0,0
4/20/26 3:00,3.89,152,SSE,5.25,0,0
4/20/26 4:00,3.5,157,SSE,4.47,0,0
4/20/26 5:00,2.92,234,SW,4.08,0,0
4/20/26 6:00,4.28,226,SW,5.44,0,0
4/20/26 7:00,2.33,143,SE,4.86,0,0
4/20/26 8:00,7.19,149,SSE,10.69,0,0
4/20/26 9:00,9.14,136,SE,12.25,0,0
4/20/26 10:00,8.55,108,ESE,11.86,0,0
4/20/26 11:00,7.78,113,ESE,13.02,0,0
4/20/26 12:00,11.08,95,E,13.41,0,0
4/20/26 13:00,10.11,231,SW,12.05,0,0
4/20/26 14:00,5.64,262,W,7.97,0,0
4/20/26 15:00,4.86,230,SW,11.27,0,0
4/20/26 16:00,13.02,221,SW,17.11,0,0
4/20/26 17:00,12.25,213,SSW,16.33,0,0
4/20/26 18:00,13.02,257,WSW,16.52,0,0
4/20/26 19:00,7.78,276,W,9.91,0,0
4/20/26 20:00,3.89,318,NW,6.03,0,0
4/20/26 21:00,4.28,291,WNW,6.61,0,0
4/20/26 22:00,6.41,231,SW,8.55,0,0
4/20/26 23:00,5.05,232,SW,7.97,0,0
4/21/26 0:00,5.44,204,SSW,6.03,0,0
4/21/26 1:00,5.83,223,SW,7.58,0,0
4/21/26 2:00,4.86,232,SW,6.03,0,0
4/21/26 3:00,4.28,221,SW,6.03,0,0
4/21/26 4:00,4.86,221,SW,7,0,0
4/21/26 5:00,4.28,208,SSW,6.61,0,0
4/21/26 6:00,2.92,105,ESE,3.89,0,0
4/21/26 7:00,2.92,154,SSE,4.08,0,0
4/21/26 8:00,7,166,SSE,9.52,0,0
4/21/26 9:00,7.39,223,SW,10.3,0,0
4/21/26 10:00,8.55,242,WSW,16.91,0,0
4/21/26 11:00,1.75,309,NW,2.72,0,0
4/21/26 12:00,10.5,231,SW,17.49,0,0
4/21/26 13:00,12.83,219,SW,15.94,0,0
4/21/26 14:00,15.36,241,WSW,19.63,0,0
4/21/26 15:00,14,250,WSW,18.66,0,0
4/21/26 16:00,14.58,236,SW,20.22,0,0
4/21/26 17:00,16.52,237,WSW,20.41,0,0
4/21/26 18:00,12.83,244,WSW,17.11,0,0
4/21/26 19:00,12.64,255,WSW,18.08,0,0
4/21/26 20:00,11.08,244,WSW,14.58,0,0
4/21/26 21:00,12.64,234,SW,15.16,0,0
4/21/26 22:00,6.8,261,W,10.5,0,0
4/21/26 23:00,6.61,212,SSW,8.55,0,0
4/22/26 0:00,5.64,213,SSW,6.61,0,0
4/22/26 1:00,6.61,203,SSW,8.75,0,0
4/22/26 2:00,7.58,184,S,10.3,0,0
4/22/26 3:00,7.78,204,SSW,9.33,0,0
4/22/26 4:00,7.78,184,S,10.5,0,0
4/22/26 5:00,6.8,140,SE,9.72,0,0
4/22/26 6:00,12.05,151,SSE,14,0,0
4/22/26 7:00,2.72,205,SSW,5.44,0,0
4/22/26 8:00,6.03,141,SE,8.55,0,0
4/22/26 9:00,6.22,176,S,8.94,0,0
4/22/26 10:00,6.03,228,SW,9.33,0,0
4/22/26 11:00,4.47,66,ENE,5.64,0,0
4/22/26 12:00,6.41,80,E,7.97,0,0
4/22/26 13:00,7.97,89,E,9.72,0,0
4/22/26 14:00,4.08,69,ENE,6.03,0,0
4/22/26 15:00,2.53,86,E,4.47,0,0
4/22/26 16:00,4.08,307,NW,5.44,0,0
4/22/26 17:00,3.3,285,WNW,6.61,0,0
4/22/26 18:00,5.05,273,W,6.61,0,0
4/22/26 19:00,2.72,312,NW,4.47,0,0
4/22/26 20:00,4.47,320,NW,8.55,0,0
4/22/26 21:00,6.41,347,NNW,9.33,0,0
4/22/26 22:00,3.11,353,N,5.05,0,0
4/22/26 23:00,2.33,133,SE,3.3,0,0
4/23/26 0:00,3.3,168,SSE,5.05,0,0
4/23/26 1:00,2.72,157,SSE,3.69,0,0
4/23/26 2:00,1.94,157,SSE,2.72,0,0
4/23/26 3:00,3.11,344,NNW,4.47,0,0
4/23/26 4:00,2.53,204,SSW,3.69,0,0
4/23/26 5:00,3.69,204,SSW,5.05,0,0
4/23/26 6:00,1.17,108,ESE,3.5,0,0
4/23/26 7:00,2.92,152,SSE,3.5,0,0
4/23/26 8:00,2.14,333,NNW,2.92,0,0
4/23/26 9:00,3.3,259,W,4.28,0,0
4/23/26 10:00,3.11,305,NW,4.47,0,0
4/23/26 11:00,3.89,317,NW,4.67,0,0
4/23/26 12:00,2.14,291,WNW,4.67,0,0
4/23/26 13:00,3.3,297,WNW,5.05,0,0
4/23/26 14:00,4.28,256,WSW,5.64,0,0
4/23/26 15:00,6.61,269,W,8.55,0,0
4/23/26 16:00,7.97,257,WSW,10.3,0,0
4/23/26 17:00,7.19,243,WSW,11.27,0,0
4/23/26 18:00,8.75,298,WNW,11.66,0,0
4/23/26 19:00,10.89,298,WNW,14.19,0,0
4/23/26 20:00,8.94,276,W,12.25,0,0
4/23/26 21:00,7.97,272,W,11.27,0,0
4/23/26 22:00,7.97,275,W,10.5,0,0
4/23/26 23:00,5.64,269,W,7.39,0,0
4/24/26 0:00,7.97,237,WSW,11.27,0,0
4/24/26 1:00,10.3,239,WSW,13.02,0,0
4/24/26 2:00,8.94,237,WSW,11.86,0,0
4/24/26 3:00,6.61,225,SW,8.94,0,0
4/24/26 4:00,10.11,242,WSW,14.38,0,0
4/24/26 5:00,7.78,218,SW,9.91,0,0
4/24/26 6:00,7.39,231,SW,9.14,0,0
4/24/26 7:00,8.55,231,SW,10.89,0,0
4/24/26 8:00,6.22,270,W,9.14,0,0
4/24/26 9:00,4.28,254,WSW,7,0,0
4/24/26 10:00,6.03,303,WNW,8.36,0,0
4/24/26 11:00,8.16,244,WSW,12.25,0,0
4/24/26 12:00,9.33,242,WSW,12.64,0,0
4/24/26 13:00,10.3,228,SW,13.22,0,0
4/24/26 14:00,5.83,264,W,12.05,0,0
4/24/26 15:00,9.33,227,SW,11.86,0,0
4/24/26 16:00,9.91,227,SW,13.22,0,0
4/24/26 17:00,10.89,227,SW,15.36,0,0
4/24/26 18:00,8.55,272,W,12.83,0,0
4/24/26 19:00,15.36,292,WNW,19.24,0,0
4/24/26 20:00,11.86,294,WNW,15.75,0,0
4/24/26 21:00,12.05,291,WNW,15.16,0,0
4/24/26 22:00,10.5,274,W,13.02,0,0
4/24/26 23:00,10.3,276,W,13.61,0,0
4/25/26 0:00,9.72,271,W,13.02,0,0
4/25/26 1:00,8.75,267,W,13.02,0,0
4/25/26 2:00,8.36,266,W,11.27,0,0
4/25/26 3:00,9.14,263,W,12.83,0,0
4/25/26 4:00,8.16,266,W,14.19,0,0
4/25/26 5:00,8.36,267,W,12.05,0,0
4/25/26 6:00,8.36,270,W,13.02,0,0
4/25/26 7:00,10.89,275,W,14,0,0
4/25/26 8:00,8.75,276,W,13.41,0,0
4/25/26 9:00,10.11,271,W,12.83,0,0
4/25/26 10:00,8.75,263,W,12.64,0,0
4/25/26 11:00,8.75,274,W,14.38,0,0
4/25/26 12:00,8.75,266,W,12.05,0,0
4/25/26 13:00,6.03,265,W,9.52,0,0
4/25/26 14:00,12.05,233,SW,15.94,0,0
4/25/26 15:00,9.91,225,SW,13.02,0,0
4/25/26 16:00,11.47,242,WSW,16.52,0,0
4/25/26 17:00,14.38,237,WSW,18.27,0,0
4/25/26 18:00,10.89,252,WSW,15.94,0,0
4/25/26 19:00,8.36,245,WSW,12.64,0,0
4/25/26 20:00,11.27,236,SW,13.22,0,0
4/25/26 21:00,12.25,231,SW,16.33,0,0
4/25/26 22:00,12.44,226,SW,15.75,0,0
4/25/26 23:00,10.3,219,SW,13.02,0,0
4/26/26 0:00,8.36,218,SW,10.5,0,0
4/26/26 1:00,9.14,218,SW,12.25,0,0
4/26/26 2:00,8.55,221,SW,11.47,0,0
4/26/26 3:00,6.61,261,W,10.5,0,0
4/26/26 4:00,6.61,271,W,9.33,0,0
4/26/26 5:00,6.61,269,W,9.72,0,0
4/26/26 6:00,3.69,266,W,4.86,0,0
4/26/26 7:00,10.5,292,WNW,13.61,0,0
4/26/26 8:00,9.33,279,W,12.83,0,0
4/26/26 9:00,5.83,293,WNW,8.16,0,0
4/26/26 10:00,4.67,263,W,7.97,0,0
4/26/26 11:00,8.94,262,W,13.22,0,0
4/26/26 12:00,10.5,276,W,15.94,0,0
4/26/26 13:00,10.11,275,W,14.19,0,0
4/26/26 14:00,7.97,253,WSW,12.25,0,0
4/26/26 15:00,8.16,247,WSW,12.64,0,0
4/26/26 16:00,10.89,277,W,15.36,0,0
4/26/26 17:00,10.11,276,W,13.41,0,0
4/26/26 18:00,9.72,269,W,14.97,0,0
4/26/26 19:00,9.52,277,W,14,0,0
4/26/26 20:00,11.27,274,W,15.94,0,0
4/26/26 21:00,9.52,277,W,14.19,0,0
4/26/26 22:00,10.3,270,W,14.19,0,0
4/26/26 23:00,7.97,281,W,11.66,0,0
4/27/26 0:00,7.78,263,W,11.27,0,0
4/27/26 1:00,7,277,W,10.69,0,0
4/27/26 2:00,7.39,265,W,10.5,0,0
4/27/26 3:00,6.22,277,W,8.36,0,0
4/27/26 4:00,5.25,278,W,8.16,0,0
4/27/26 5:00,5.44,296,WNW,7.78,0,0
4/27/26 6:00,7.39,301,WNW,9.14,0,0
4/27/26 7:00,7.58,298,WNW,10.3,0,0
4/27/26 8:00,4.67,284,WNW,7.19,0,0
4/27/26 9:00,5.83,301,WNW,8.75,0,0
4/27/26 10:00,3.3,276,W,7.19,0,0
4/27/26 11:00,3.89,261,W,6.03,0,0
4/27/26 12:00,2.92,236,SW,4.28,0,0
4/27/26 13:00,5.83,303,WNW,7.39,0,0
4/27/26 14:00,5.25,259,W,8.16,0,0
4/27/26 15:00,6.41,247,WSW,11.08,0,0
4/27/26 16:00,8.94,245,WSW,12.25,0,0
4/27/26 17:00,8.16,232,SW,12.25,0,0
4/27/26 18:00,11.27,222,SW,13.02,0,0
4/27/26 19:00,9.72,236,SW,11.86,0,0
4/27/26 20:00,12.05,296,WNW,14.97,0,0
4/27/26 21:00,8.36,289,WNW,12.05,0,0
4/27/26 22:00,7.19,279,W,12.25,0,0
4/27/26 23:00,6.41,258,WSW,8.55,0,0
4/28/26 0:00,5.83,262,W,7.78,0,0
4/28/26 1:00,7.19,208,SSW,8.36,0,0
4/28/26 2:00,3.69,215,SW,4.67,0,0
4/28/26 3:00,4.28,226,SW,5.05,0,0
4/28/26 4:00,2.72,219,SW,3.5,0,0
4/28/26 5:00,4.67,229,SW,6.41,0,0
4/28/26 6:00,2.92,322,NW,4.28,0,0
4/28/26 7:00,2.72,325,NW,4.28,0,0
4/28/26 8:00,2.14,293,WNW,3.5,0,0
4/28/26 9:00,4.47,309,NW,6.03,0,0
4/28/26 10:00,4.08,313,NW,6.41,0,0
4/28/26 11:00,5.44,309,NW,6.61,0,0
4/28/26 12:00,6.61,307,NW,7.58,0,0
4/28/26 13:00,6.03,304,NW,7,0,0
4/28/26 14:00,7.19,294,WNW,9.91,0,0
4/28/26 15:00,7.19,277,W,10.69,0,0
4/28/26 16:00,6.8,267,W,9.52,0,0
4/28/26 17:00,4.47,250,WSW,8.16,0,0
4/28/26 18:00,6.41,254,WSW,9.14,0,0
4/28/26 19:00,6.03,291,WNW,9.52,0,0
4/28/26 20:00,13.61,312,NW,15.36,0,0
4/28/26 21:00,8.55,294,WNW,11.47,0,0
4/28/26 22:00,4.47,264,W,8.16,0,0
4/28/26 23:00,5.64,218,SW,6.61,0,0
4/29/26 0:00,6.03,246,WSW,7.97,0,0
4/29/26 1:00,5.25,289,WNW,9.52,0,0
4/29/26 2:00,6.61,276,W,8.75,0,0
4/29/26 3:00,5.83,298,WNW,7.58,0,0
4/29/26 4:00,6.8,276,W,8.75,0,0
4/29/26 5:00,6.22,278,W,9.33,0,0
4/29/26 6:00,3.89,232,SW,5.44,0,0
4/29/26 7:00,5.25,335,NNW,6.41,0,0
4/29/26 8:00,4.47,278,W,6.61,0,0
4/29/26 9:00,4.08,305,NW,5.25,0,0
4/29/26 10:00,4.86,307,NW,6.03,0,0
4/29/26 11:00,3.5,309,NW,4.28,0,0
4/29/26 12:00,6.41,265,W,8.75,0,0
4/29/26 13:00,7,274,W,10.89,0,0
4/29/26 14:00,9.91,239,WSW,11.27,0,0
4/29/26 15:00,11.47,235,SW,14,0,0
4/29/26 16:00,14.58,237,WSW,17.11,0,0
4/29/26 17:00,8.55,249,WSW,11.66,0,0
4/29/26 18:00,8.55,294,WNW,12.83,0,0
4/29/26 19:00,8.75,295,WNW,13.41,0,0
4/29/26 20:00,11.66,305,NW,14.38,0,0
4/29/26 21:00,9.72,300,WNW,13.61,0,0
4/29/26 22:00,7,288,WNW,9.33,0,0
4/29/26 23:00,7.19,292,WNW,9.72,0,0
4/30/26 0:00,7,278,W,9.14,0,0
4/30/26 1:00,9.72,256,WSW,13.22,0,0
4/30/26 2:00,7,287,WNW,10.89,0,0
4/30/26 3:00,8.36,296,WNW,10.5,0,0
4/30/26 4:00,6.8,271,W,9.33,0,0
4/30/26 5:00,7.39,248,WSW,11.27,0,0
4/30/26 6:00,7,248,WSW,12.83,0,0
4/30/26 7:00,3.69,237,WSW,5.25,0,0
4/30/26 8:00,4.86,239,WSW,7.58,0,0
4/30/26 9:00,8.94,254,WSW,14,0,0
4/30/26 10:00,8.94,260,W,11.66,0,0
4/30/26 11:00,9.14,262,W,13.02,0,0
4/30/26 12:00,8.16,250,WSW,11.08,0,0
4/30/26 13:00,8.75,247,WSW,12.05,0,0
4/30/26 14:00,10.89,233,SW,12.83,0,0
4/30/26 15:00,9.33,244,WSW,11.86,0,0
4/30/26 16:00,11.08,238,WSW,12.44,0,0
4/30/26 17:00,12.83,233,SW,15.75,0,0
4/30/26 18:00,12.44,220,SW,14.19,0,0
4/30/26 19:00,10.5,222,SW,14,0,0
4/30/26 20:00,9.91,224,SW,12.44,0,0
4/30/26 21:00,12.64,228,SW,15.36,0,0
4/30/26 22:00,11.86,226,SW,14,0,0
4/30/26 23:00,10.3,250,WSW,13.8,0,0
5/1/26 0:00,11.27,240,WSW,13.61,0,0
5/1/26 1:00,11.27,238,WSW,15.55,0,0
5/1/26 2:00,11.86,243,WSW,15.16,0,0
5/1/26 3:00,12.44,236,SW,15.16,0,0
5/1/26 4:00,13.22,241,WSW,17.3,0,0
5/1/26 5:00,9.91,241,WSW,15.55,0,0
5/1/26 6:00,9.14,240,WSW,12.83,0,0
5/1/26 7:00,6.22,239,WSW,9.72,0,0
5/1/26 8:00,9.72,231,SW,12.44,0,0
5/1/26 9:00,7.97,247,WSW,11.86,0,0
5/1/26 10:00,10.3,243,WSW,15.36,0,0
5/1/26 11:00,11.27,250,WSW,14.58,0,0
5/1/26 12:00,10.89,250,WSW,14.38,0,0
5/1/26 13:00,9.72,246,WSW,13.02,0,0
5/1/26 14:00,10.3,243,WSW,14.97,0,0
5/1/26 15:00,11.86,241,WSW,14.58,0,0
5/1/26 16:00,12.44,239,WSW,14.58,0,0
5/1/26 17:00,13.02,235,SW,15.16,0,0
5/1/26 18:00,13.02,230,SW,15.75,0,0
5/1/26 19:00,12.44,221,SW,15.94,0,0
5/1/26 20:00,11.08,221,SW,14.58,0,0
5/1/26 21:00,10.5,220,SW,12.25,0,0
5/1/26 22:00,11.47,221,SW,16.52,0,0
5/1/26 23:00,13.02,222,SW,16.72,0,0
5/2/26 0:00,12.05,221,SW,16.13,0,0
5/2/26 1:00,15.75,218,SW,20.6,0,0
5/2/26 2:00,16.33,225,SW,21.58,0,0
5/2/26 3:00,13.41,227,SW,17.11,0,0
5/2/26 4:00,13.61,227,SW,19.83,0,0
5/2/26 5:00,15.55,239,WSW,20.6,0,0
5/2/26 6:00,14.77,225,SW,19.83,0,0
5/2/26 7:00,12.83,224,SW,17.11,0,0
5/2/26 8:00,12.64,225,SW,17.11,0,0
5/2/26 9:00,15.55,233,SW,20.6,0,0
5/2/26 10:00,12.83,229,SW,16.52,0,0
5/2/26 11:00,16.52,234,SW,20.22,0,0
5/2/26 12:00,14.58,229,SW,20.41,0,0
5/2/26 13:00,16.52,211,SSW,20.22,0,0
5/2/26 14:00,14.97,205,SSW,19.63,0,0
5/2/26 15:00,14.19,224,SW,16.72,0,0
5/2/26 16:00,13.8,214,SW,17.3,0,0
5/2/26 17:00,13.02,218,SW,15.55,0,0
5/2/26 18:00,9.91,243,WSW,13.41,0,0
5/2/26 19:00,10.89,282,WNW,15.55,0,0
5/2/26 20:00,12.44,292,WNW,14.77,0,0
5/2/26 21:00,10.3,290,WNW,14.19,0,0
5/2/26 22:00,10.11,288,WNW,14,0,0
5/2/26 23:00,6.03,263,W,9.14,0,0
5/3/26 0:00,8.36,275,W,10.11,0,0
5/3/26 1:00,7.39,280,W,10.89,0,0
5/3/26 2:00,9.91,275,W,12.44,0,0
5/3/26 3:00,8.94,281,W,12.44,0,0
5/3/26 4:00,10.5,274,W,14.19,0,0
5/3/26 5:00,6.8,268,W,9.91,0,0
5/3/26 6:00,8.55,287,WNW,12.25,0,0
5/3/26 7:00,9.33,256,WSW,13.02,0,0
5/3/26 8:00,8.94,243,WSW,10.89,0,0
5/3/26 9:00,8.75,242,WSW,12.05,0,0
5/3/26 10:00,9.14,270,W,12.44,0,0
5/3/26 11:00,8.94,269,W,12.05,0,0
5/3/26 12:00,6.8,246,WSW,13.02,0,0
5/3/26 13:00,10.5,262,W,16.13,0,0
5/3/26 14:00,10.89,232,SW,14.38,0,0
5/3/26 15:00,9.91,246,WSW,13.22,0,0
5/3/26 16:00,14.19,234,SW,16.72,0,0
5/3/26 17:00,14.77,237,WSW,18.27,0,0
5/3/26 18:00,13.22,239,WSW,16.72,0,0
5/3/26 19:00,13.22,237,WSW,16.33,0,0
5/3/26 20:00,14,238,WSW,17.49,0,0
5/3/26 21:00,11.27,229,SW,14.19,0,0
5/3/26 22:00,10.5,231,SW,13.61,0,0
5/3/26 23:00,8.55,285,WNW,10.5,0,0
5/4/26 0:00,7.39,299,WNW,9.14,0,0
5/4/26 1:00,7.19,284,WNW,9.72,0,0
5/4/26 2:00,7.58,268,W,10.5,0,0
5/4/26 3:00,4.28,255,WSW,6.22,0,0
5/4/26 4:00,4.86,216,SW,6.22,0,0
5/4/26 5:00,5.64,207,SSW,6.8,0,0
5/4/26 6:00,6.22,214,SW,7.58,0,0
5/4/26 7:00,5.83,237,WSW,8.16,0,0
5/4/26 8:00,6.22,277,W,8.94,0,0
5/4/26 9:00,8.55,301,WNW,10.5,0,0
5/4/26 10:00,5.83,297,WNW,7.39,0,0
5/4/26 11:00,3.69,251,WSW,5.64,0,0
5/4/26 12:00,5.25,228,SW,6.41,0,0
5/4/26 13:00,4.28,242,WSW,6.22,0,0
5/4/26 14:00,7.19,273,W,10.3,0,0
5/4/26 15:00,5.64,258,WSW,7.97,0,0
5/4/26 16:00,11.27,294,WNW,13.22,0,0
5/4/26 17:00,14.38,313,NW,16.52,0,0
5/4/26 18:00,13.02,307,NW,14.77,0,0
5/4/26 19:00,14.19,322,NW,16.13,0,0
5/4/26 20:00,16.91,305,NW,19.24,0,0
5/4/26 21:00,9.91,311,NW,12.44,0,0
5/4/26 22:00,9.14,267,W,12.64,0,0
5/4/26 23:00,9.52,281,W,11.27,0,0
5/5/26 0:00,8.75,282,WNW,11.47,0,0
5/5/26 1:00,8.36,278,W,11.27,0,0
5/5/26 2:00,7.78,258,WSW,10.11,0,0
5/5/26 3:00,7.58,214,SW,9.33,0,0
5/5/26 4:00,9.72,237,WSW,12.25,0,0
5/5/26 5:00,8.94,241,WSW,13.02,0,0
5/5/26 6:00,9.33,251,WSW,12.44,0,0
5/5/26 7:00,8.94,260,W,12.83,0,0
5/5/26 8:00,8.75,280,W,12.05,0,0
5/5/26 9:00,6.03,299,WNW,8.16,0,0
5/5/26 10:00,5.05,299,WNW,7.19,0,0
5/5/26 11:00,6.61,299,WNW,8.75,0,0
5/5/26 12:00,5.05,275,W,7.97,0,0
5/5/26 13:00,5.83,230,SW,7.19,0,0
5/5/26 14:00,6.22,249,WSW,10.11,0,0
5/5/26 15:00,7.58,223,SW,10.69,0,0
5/5/26 16:00,7.97,230,SW,10.69,0,0
5/5/26 17:00,11.08,204,SSW,14.38,0,0
5/5/26 18:00,10.89,236,SW,13.8,0,0
5/5/26 19:00,6.41,254,WSW,9.72,0,0
5/5/26 20:00,7.39,285,WNW,12.05,0,0
5/5/26 21:00,9.52,299,WNW,11.47,0,0
5/5/26 22:00,8.16,287,WNW,11.08,0,0
5/5/26 23:00,7,291,WNW,9.72,0,0
5/6/26 0:00,7.97,258,WSW,11.27,0,0
5/6/26 1:00,4.86,267,W,6.8,0,0
5/6/26 2:00,6.03,299,WNW,9.33,0,0
5/6/26 3:00,7.58,292,WNW,9.33,0,0
5/6/26 4:00,7,282,WNW,8.75,0,0
5/6/26 5:00,6.03,297,WNW,8.36,0,0
5/6/26 6:00,5.05,301,WNW,7.58,0,0
5/6/26 7:00,7,296,WNW,9.72,0,0
5/6/26 8:00,4.28,278,W,5.83,0,0
5/6/26 9:00,3.5,264,W,5.05,0,0
5/6/26 10:00,3.69,266,W,5.64,0,0
5/6/26 11:00,5.25,304,NW,6.03,0,0
5/6/26 12:00,4.08,256,WSW,5.83,0,0
5/6/26 13:00,4.67,259,W,6.03,0,0
5/6/26 14:00,3.69,262,W,4.86,0,0
5/6/26 15:00,4.86,262,W,6.61,0,0
5/6/26 16:00,5.83,267,W,7.58,0,0
5/6/26 17:00,7.78,271,W,10.11,0,0
5/6/26 18:00,11.08,299,WNW,14.38,0,0
5/6/26 19:00,16.33,301,WNW,20.6,0,0
5/6/26 20:00,7.78,290,WNW,14.38,0,0
5/6/26 21:00,7.39,278,W,11.47,0,0
5/6/26 22:00,6.41,267,W,9.91,0,0
5/6/26 23:00,8.55,278,W,11.47,0,0
5/7/26 0:00,8.75,252,WSW,11.27,0,0
5/7/26 1:00,14.19,238,WSW,17.69,0,0
5/7/26 2:00,12.05,222,SW,15.36,0,0
5/7/26 3:00,11.27,232,SW,14.58,0,0
5/7/26 4:00,7.97,236,SW,10.69,0,0
5/7/26 5:00,8.16,231,SW,10.3,0,0
5/7/26 6:00,8.16,208,SSW,12.05,0,0
5/7/26 7:00,8.36,210,SSW,9.91,0,0
5/7/26 8:00,6.61,216,SW,8.94,0,0
5/7/26 9:00,5.64,234,SW,9.33,0,0
5/7/26 10:00,5.83,249,WSW,7.97,0,0
5/7/26 11:00,4.47,259,W,7,0,0
5/7/26 12:00,7.39,306,NW,9.14,0,0
5/7/26 13:00,6.61,290,WNW,10.3,0,0
5/7/26 14:00,6.61,254,WSW,8.16,0,0
5/7/26 15:00,5.64,244,WSW,8.94,0,0
5/7/26 16:00,8.75,256,WSW,11.27,0,0
5/7/26 17:00,8.55,241,WSW,11.86,0,0
5/7/26 18:00,10.5,294,WNW,13.8,0,0
5/7/26 19:00,10.3,294,WNW,14.77,0,0
5/7/26 20:00,9.14,276,W,13.8,0,0
5/7/26 21:00,9.72,275,W,14.19,0,0
5/7/26 22:00,9.33,288,WNW,13.41,0,0
5/7/26 23:00,8.75,276,W,12.83,0,0
5/8/26 0:00,9.33,282,WNW,13.02,0,0
5/8/26 1:00,7.58,284,WNW,12.64,0,0
5/8/26 2:00,7,278,W,11.86,0,0
5/8/26 3:00,10.69,229,SW,14.38,0,0
5/8/26 4:00,10.3,240,WSW,14.58,0,0
5/8/26 5:00,6.8,292,WNW,9.52,0,0
5/8/26 6:00,8.94,233,SW,11.27,0,0
5/8/26 7:00,8.75,280,W,11.27,0,0
5/8/26 8:00,6.8,265,W,8.94,0,0
5/8/26 9:00,7.19,264,W,11.27,0,0
5/8/26 10:00,8.75,274,W,12.05,0,0
5/8/26 11:00,8.36,278,W,12.05,0,0
5/8/26 12:00,7.78,256,WSW,9.91,0,0
5/8/26 13:00,6.22,241,WSW,10.3,0,0
5/8/26 14:00,8.16,232,SW,11.08,0,0
5/8/26 15:00,7.58,251,WSW,10.11,0,0
5/8/26 16:00,9.52,239,WSW,12.25,0,0
5/8/26 17:00,8.75,229,SW,11.08,0,0
5/8/26 18:00,11.27,235,SW,13.02,0,0
5/8/26 19:00,11.27,236,SW,13.61,0,0
5/8/26 20:00,11.86,230,SW,14.58,0,0
5/8/26 21:00,9.33,242,WSW,13.02,0,0
5/8/26 22:00,10.11,241,WSW,12.64,0,0
5/8/26 23:00,6.8,249,WSW,9.91,0,0
5/9/26 0:00,7.78,254,WSW,9.91,0,0
5/9/26 1:00,6.22,247,WSW,9.91,0,0
5/9/26 2:00,5.44,242,WSW,7.58,0,0
5/9/26 3:00,4.08,234,SW,5.25,0,0
5/9/26 4:00,5.83,237,WSW,7.97,0,0
5/9/26 5:00,4.86,250,WSW,7.19,0,0
5/9/26 6:00,4.28,246,WSW,6.8,0,0
5/9/26 7:00,4.86,222,SW,5.83,0,0
5/9/26 8:00,6.03,244,WSW,7.58,0,0
5/9/26 9:00,7,247,WSW,11.08,0,0
5/9/26 10:00,7,254,WSW,8.55,0,0
5/9/26 11:00,7.97,253,WSW,11.08,0,0
5/9/26 12:00,7.19,270,W,10.3,0,0
5/9/26 13:00,8.16,251,WSW,10.69,0,0
5/9/26 14:00,11.86,237,WSW,14,0,0
5/9/26 15:00,10.5,232,SW,13.02,0,0
5/9/26 16:00,10.89,225,SW,13.61,0,0
5/9/26 17:00,8.16,246,WSW,11.47,0,0
5/9/26 18:00,10.3,242,WSW,13.02,0,0
5/9/26 19:00,13.41,219,SW,17.11,0,0
5/9/26 20:00,11.86,236,SW,14.38,0,0
5/9/26 21:00,9.33,243,WSW,13.8,0,0
5/9/26 22:00,8.55,245,WSW,13.02,0,0
5/9/26 23:00,11.27,246,WSW,15.36,0,0
5/10/26 0:00,10.5,242,WSW,15.16,0,0
5/10/26 1:00,11.27,248,WSW,16.91,0,0
5/10/26 2:00,15.16,240,WSW,19.24,0,0
5/10/26 3:00,13.8,233,SW,19.24,0,0
5/10/26 4:00,11.86,238,WSW,15.75,0,0
5/10/26 5:00,12.64,229,SW,16.72,0,0
5/10/26 6:00,12.44,235,SW,16.33,0,0
5/10/26 7:00,12.44,237,WSW,15.94,0,0
5/10/26 8:00,7.97,245,WSW,11.86,0,0
5/10/26 9:00,9.52,243,WSW,13.02,0,0
5/10/26 10:00,9.72,249,WSW,14,0,0
5/10/26 11:00,13.41,256,WSW,16.33,0,0
5/10/26 12:00,8.94,251,WSW,12.44,0,0
5/10/26 13:00,10.5,252,WSW,13.02,0,0
5/10/26 14:00,10.11,260,W,14.19,0,0
5/10/26 15:00,8.75,248,WSW,11.86,0,0
5/10/26 16:00,8.55,244,WSW,13.02,0,0
5/10/26 17:00,12.44,236,SW,14.97,0,0
5/10/26 18:00,10.89,233,SW,12.83,0,0
5/10/26 19:00,10.11,215,SW,11.86,0,0
5/10/26 20:00,8.94,236,SW,11.08,0,0
5/10/26 21:00,11.47,237,WSW,13.22,0,0
5/10/26 22:00,7.97,242,WSW,10.69,0,0
5/10/26 23:00,,,,,1,1
5/11/26 0:00,7.19,245,WSW,10.89,0,0
5/11/26 1:00,7.58,251,WSW,10.69,0,0
5/11/26 2:00,6.8,259,W,9.52,0,0
5/11/26 3:00,8.36,251,WSW,12.44,0,0
5/11/26 4:00,7.39,262,W,11.66,0,0
5/11/26 5:00,5.64,247,WSW,10.11,0,0
5/11/26 6:00,6.61,249,WSW,10.5,0,0
5/11/26 7:00,9.33,252,WSW,12.05,0,0
5/11/26 8:00,7.78,239,WSW,10.5,0,0
5/11/26 9:00,5.83,261,W,8.16,0,0
5/11/26 10:00,5.05,313,NW,8.36,0,0
5/11/26 11:00,5.05,299,WNW,6.8,0,0
5/11/26 12:00,4.28,247,WSW,5.64,0,0
5/11/26 13:00,3.5,299,WNW,4.86,0,0
5/11/26 14:00,5.83,304,NW,6.61,0,0
5/11/26 15:00,5.44,272,W,7.97,0,0
5/11/26 16:00,6.03,265,W,8.36,0,0
5/11/26 17:00,9.14,259,W,11.86,0,0
5/11/26 18:00,9.52,264,W,12.64,0,0
5/11/26 19:00,9.91,255,WSW,12.44,0,0
5/11/26 20:00,8.94,246,WSW,12.64,0,0
5/11/26 21:00,12.25,230,SW,14.38,0,0
5/11/26 22:00,10.5,234,SW,13.02,0,0
5/11/26 23:00,10.11,230,SW,12.05,0,0
5/12/26 0:00,7.39,254,WSW,9.72,0,0
5/12/26 1:00,10.69,257,WSW,14.77,0,0
5/12/26 2:00,9.33,232,SW,11.66,0,0
5/12/26 3:00,6.8,276,W,11.66,0,0
5/12/26 4:00,7.58,275,W,10.89,0,0
5/12/26 5:00,9.14,226,SW,11.47,0,0
5/12/26 6:00,8.55,234,SW,12.44,0,0
5/12/26 7:00,10.5,238,WSW,13.61,0,0
5/12/26 8:00,11.08,248,WSW,15.16,0,0
5/12/26 9:00,11.47,253,WSW,15.16,0,0
5/12/26 10:00,12.05,232,SW,15.36,0,0
5/12/26 11:00,10.69,236,SW,14.58,0,0
5/12/26 12:00,9.72,265,W,13.41,0,0
5/12/26 13:00,9.52,244,WSW,13.02,0,0
5/12/26 14:00,12.83,236,SW,14.97,0,0
5/12/26 15:00,13.61,230,SW,16.72,0,0
5/12/26 16:00,13.22,233,SW,15.94,0,0
5/12/26 17:00,10.69,228,SW,13.61,0,0
5/12/26 18:00,9.72,262,W,14,0,0
5/12/26 19:00,13.61,224,SW,16.52,0,0
5/12/26 20:00,14.19,227,SW,16.33,0,0
5/12/26 21:00,15.55,232,SW,19.63,0,0
5/12/26 22:00,9.14,222,SW,13.8,0,0
5/12/26 23:00,9.33,205,SSW,11.08,0,0
5/13/26 0:00,14,228,SW,17.11,0,0
5/13/26 1:00,13.41,220,SW,16.91,0,0
5/13/26 2:00,14,218,SW,17.49,0,0
5/13/26 3:00,9.91,220,SW,12.25,0,0
5/13/26 4:00,10.3,252,WSW,14.97,0,0
5/13/26 5:00,8.36,242,WSW,12.64,0,0
5/13/26 6:00,12.25,232,SW,14.77,0,0
5/13/26 7:00,7.97,252,WSW,12.44,0,0
5/13/26 8:00,9.33,250,WSW,13.8,0,0
5/13/26 9:00,10.5,241,WSW,14.19,0,0
5/13/26 10:00,10.69,251,WSW,14.58,0,0
5/13/26 11:00,7.39,251,WSW,9.72,0,0
5/13/26 12:00,9.33,236,SW,10.69,0,0
5/13/26 13:00,9.91,258,WSW,13.41,0,0
5/13/26 14:00,11.86,255,WSW,14.38,0,0
5/13/26 15:00,11.86,256,WSW,15.16,0,0
5/13/26 16:00,10.3,237,WSW,12.83,0,0
5/13/26 17:00,10.89,284,WNW,14.38,0,0
5/13/26 18:00,7.97,274,W,10.5,0,0
5/13/26 19:00,9.91,267,W,13.22,0,0
5/13/26 20:00,11.47,269,W,14.77,0,0
5/13/26 21:00,8.16,256,WSW,11.47,0,0
5/13/26 22:00,8.55,279,W,11.08,0,0
5/13/26 23:00,9.33,255,WSW,12.64,0,0
5/14/26 0:00,6.22,213,SSW,7.19,0,0
5/14/26 1:00,6.22,220,SW,7.58,0,0
5/14/26 2:00,4.86,225,SW,6.8,0,0
5/14/26 3:00,5.64,217,SW,6.8,0,0
5/14/26 4:00,5.05,223,SW,6.41,0,0
5/14/26 5:00,3.69,238,WSW,5.25,0,0
5/14/26 6:00,5.44,228,SW,7.78,0,0
5/14/26 7:00,4.08,215,SW,5.83,0,0
5/14/26 8:00,4.67,259,W,6.61,0,0
5/14/26 9:00,3.5,283,WNW,6.41,0,0
5/14/26 10:00,5.44,289,WNW,8.16,0,0
5/14/26 11:00,7.78,271,W,10.89,0,0
5/14/26 12:00,9.72,255,WSW,12.83,0,0
5/14/26 13:00,5.44,245,WSW,7.58,0,0
5/14/26 14:00,11.08,255,WSW,13.8,0,0
5/14/26 15:00,8.94,245,WSW,12.44,0,0
5/14/26 16:00,12.25,212,SSW,14.77,0,0
5/14/26 17:00,9.33,223,SW,12.05,0,0
5/14/26 18:00,10.69,229,SW,12.64,0,0
5/14/26 19:00,12.64,237,WSW,14.97,0,0
5/14/26 20:00,9.91,223,SW,12.05,0,0
5/14/26 21:00,8.75,244,WSW,13.02,0,0
5/14/26 22:00,11.27,236,SW,14.19,0,0
5/14/26 23:00,5.64,228,SW,7.19,0,0
5/15/26 0:00,8.75,226,SW,11.66,0,0
5/15/26 1:00,10.11,235,SW,11.86,0,0
5/15/26 2:00,8.94,222,SW,10.5,0,0
5/15/26 3:00,8.36,223,SW,10.69,0,0
5/15/26 4:00,6.61,222,SW,8.16,0,0
5/15/26 5:00,6.61,234,SW,9.72,0,0
5/15/26 6:00,6.03,244,WSW,10.5,0,0
5/15/26 7:00,6.61,238,WSW,9.72,0,0
5/15/26 8:00,6.03,272,W,8.55,0,0
5/15/26 9:00,5.64,261,W,8.16,0,0
5/15/26 10:00,6.61,264,W,8.75,0,0
5/15/26 11:00,5.05,247,WSW,7.97,0,0
5/15/26 12:00,7.39,230,SW,8.75,0,0
5/15/26 13:00,7.19,259,W,8.94,0,0
5/15/26 14:00,8.94,238,WSW,10.69,0,0
5/15/26 15:00,6.8,251,WSW,9.72,0,0
5/15/26 16:00,11.47,269,W,16.33,0,0
5/15/26 17:00,7.78,285,WNW,13.61,0,0
5/15/26 18:00,8.36,263,W,11.66,0,0
5/15/26 19:00,8.94,253,WSW,11.27,0,0
5/15/26 20:00,6.41,247,WSW,10.3,0,0
5/15/26 21:00,14.38,256,WSW,16.72,0,0
5/15/26 22:00,13.8,230,SW,15.94,0,0
5/15/26 23:00,11.27,248,WSW,17.3,0,0
5/16/26 0:00,14.19,260,W,19.24,0,0
5/16/26 1:00,14.38,267,W,19.05,0,0
5/16/26 2:00,14.58,282,WNW,20.02,0,0
5/16/26 3:00,12.44,274,W,16.72,0,0
5/16/26 4:00,8.55,288,WNW,15.36,0,0
5/16/26 5:00,13.22,296,WNW,15.75,0,0
5/16/26 6:00,9.72,305,NW,13.8,0,0
5/16/26 7:00,9.91,302,WNW,13.22,0,0
5/16/26 8:00,9.52,294,WNW,13.8,0,0
5/16/26 9:00,11.08,301,WNW,15.36,0,0
5/16/26 10:00,11.27,300,WNW,14.97,0,0
5/16/26 11:00,8.55,282,WNW,13.61,0,0
5/16/26 12:00,9.33,243,WSW,13.02,0,0
5/16/26 13:00,7.58,244,WSW,12.64,0,0
5/16/26 14:00,11.08,253,WSW,13.8,0,0
5/16/26 15:00,12.83,266,W,16.33,0,0
5/16/26 16:00,15.16,270,W,21.77,0,0
5/16/26 17:00,10.11,260,W,15.36,0,0
5/16/26 18:00,8.75,255,WSW,14.19,0,0
5/16/26 19:00,9.14,241,WSW,12.64,0,0
5/16/26 20:00,10.11,260,W,14,0,0
5/16/26 21:00,10.69,263,W,14.77,0,0
5/16/26 22:00,12.25,267,W,15.75,0,0
5/16/26 23:00,9.52,262,W,15.16,0,0
5/17/26 0:00,11.08,247,WSW,14.97,0,0
5/17/26 1:00,9.72,282,WNW,13.22,0,0
5/17/26 2:00,11.08,287,WNW,14.97,0,0
5/17/26 3:00,13.41,295,WNW,17.11,0,0
5/17/26 4:00,8.55,268,W,13.61,0,0
5/17/26 5:00,9.14,277,W,12.44,0,0
5/17/26 6:00,7.58,274,W,13.22,0,0
5/17/26 7:00,10.5,296,WNW,13.61,0,0
5/17/26 8:00,10.89,297,WNW,13.8,0,0
5/17/26 9:00,7.97,280,W,12.64,0,0
5/17/26 10:00,9.52,288,WNW,13.41,0,0
5/17/26 11:00,5.44,254,WSW,8.55,0,0
5/17/26 12:00,6.22,252,WSW,7.97,0,0
5/17/26 13:00,6.22,253,WSW,7.39,0,0
5/17/26 14:00,6.03,259,W,7.58,0,0
5/17/26 15:00,18.27,2,N,25.46,0,0
5/17/26 16:00,23.52,26,NNE,29.94,0,0
5/17/26 17:00,18.27,5,N,22.94,0,0
5/17/26 18:00,18.66,6,N,25.66,0,0
5/17/26 19:00,22.55,22,NNE,29.35,0,0
5/17/26 20:00,18.86,24,NNE,24.1,0,0
5/17/26 21:00,15.36,26,NNE,21.97,0,0
5/17/26 22:00,14.77,8,N,19.05,0,0
5/17/26 23:00,9.33,3,N,10.69,0,0
5/18/26 0:00,10.69,3,N,12.25,0,0
5/18/26 1:00,12.64,360,N,14.77,0,0
5/18/26 2:00,12.44,6,N,15.36,0,0
5/18/26 3:00,18.27,15,NNE,22.35,0,0
5/18/26 4:00,15.16,12,NNE,20.22,0,0
5/18/26 5:00,16.72,21,NNE,21.19,0,0
5/18/26 6:00,12.44,7,N,15.94,0,0
5/18/26 7:00,5.44,6,N,9.52,0,0
5/18/26 8:00,10.89,32,NNE,14.19,0,0
5/18/26 9:00,13.8,41,NE,19.05,0,0
5/18/26 10:00,12.83,32,NNE,21.77,0,0
5/18/26 11:00,14,58,ENE,17.3,0,0
5/18/26 12:00,13.8,45,NE,16.91,0,0
5/18/26 13:00,3.69,50,NE,7.19,0,0
5/18/26 14:00,8.94,316,NW,13.41,0,0
5/18/26 15:00,5.64,304,NW,7.78,0,0
5/18/26 16:00,9.72,307,NW,13.22,0,0
5/18/26 17:00,8.16,298,WNW,10.69,0,0
5/18/26 18:00,9.52,321,NW,13.41,0,0
5/18/26 19:00,10.11,275,W,12.44,0,0
5/18/26 20:00,9.72,288,WNW,10.5,0,0
5/18/26 21:00,3.11,272,W,5.25,0,0
5/18/26 22:00,5.05,263,W,7.19,0,0
5/18/26 23:00,5.64,214,SW,7.39,0,0
5/19/26 0:00,4.67,224,SW,6.22,0,0
5/19/26 1:00,5.44,222,SW,7.19,0,0
5/19/26 2:00,5.05,222,SW,5.83,0,0
5/19/26 3:00,4.47,218,SW,5.25,0,0
5/19/26 4:00,4.08,212,SSW,4.86,0,0
5/19/26 5:00,5.05,213,SSW,6.03,0,0
5/19/26 6:00,3.3,215,SW,4.08,0,0
5/19/26 7:00,3.69,214,SW,5.05,0,0
5/19/26 8:00,4.67,234,SW,6.41,0,0
5/19/26 9:00,5.44,253,WSW,6.61,0,0
5/19/26 10:00,3.69,262,W,5.25,0,0
5/19/26 11:00,4.47,264,W,5.83,0,0
5/19/26 12:00,4.47,271,W,6.41,0,0
5/19/26 13:00,5.05,257,WSW,6.41,0,0
5/19/26 14:00,6.03,258,WSW,7,0,0
5/19/26 15:00,8.55,256,WSW,9.91,0,0
5/19/26 16:00,10.69,257,WSW,13.22,0,0
5/19/26 17:00,7.97,249,WSW,11.08,0,0
5/19/26 18:00,10.69,268,W,15.94,0,0
5/19/26 19:00,3.89,252,WSW,7.78,0,0
5/19/26 20:00,3.89,257,WSW,6.03,0,0
5/19/26 21:00,3.3,257,WSW,5.44,0,0
5/19/26 22:00,3.3,276,W,4.28,0,0
5/19/26 23:00,2.92,262,W,4.28,0,0
5/20/26 0:00,2.92,305,NW,3.89,0,0
5/20/26 1:00,1.75,102,ESE,2.33,0,0
5/20/26 2:00,4.86,15,NNE,5.83,0,0
5/20/26 3:00,1.17,323,NW,2.14,0,0
5/20/26 4:00,5.44,264,W,8.16,0,0
5/20/26 5:00,1.94,244,WSW,3.69,0,0
5/20/26 6:00,2.92,264,W,4.47,0,0
5/20/26 7:00,3.11,334,NNW,4.08,0,0
5/20/26 8:00,1.94,332,NNW,4.47,0,0
5/20/26 9:00,1.75,272,W,4.08,0,0
5/20/26 10:00,3.69,314,NW,4.67,0,0
5/20/26 11:00,3.69,312,NW,4.47,0,0
5/20/26 12:00,3.11,316,NW,4.47,0,0
5/20/26 13:00,6.03,268,W,8.94,0,0
5/20/26 14:00,7.78,266,W,9.91,0,0
5/20/26 15:00,8.94,249,WSW,11.47,0,0
5/20/26 16:00,8.16,248,WSW,11.08,0,0
5/20/26 17:00,8.75,245,WSW,11.27,0,0
5/20/26 18:00,8.36,249,WSW,11.27,0,0
5/20/26 19:00,7.58,256,WSW,9.72,0,0
5/20/26 20:00,5.83,258,WSW,8.16,0,0
5/20/26 21:00,6.22,261,W,8.16,0,0
5/20/26 22:00,6.22,233,SW,7.97,0,0
5/20/26 23:00,4.86,238,WSW,5.64,0,0
5/21/26 0:00,4.28,249,WSW,6.03,0,0
5/21/26 1:00,4.28,262,W,5.83,0,0
5/21/26 2:00,6.03,261,W,8.16,0,0
5/21/26 3:00,7.19,244,WSW,10.69,0,0
5/21/26 4:00,7,259,W,10.11,0,0
5/21/26 5:00,8.16,249,WSW,11.86,0,0
5/21/26 6:00,10.3,250,WSW,14,0,0
5/21/26 7:00,7.78,247,WSW,10.11,0,0
5/21/26 8:00,7,259,W,10.5,0,0
5/21/26 9:00,7.78,261,W,9.72,0,0
5/21/26 10:00,4.86,264,W,7.58,0,0
5/21/26 11:00,5.83,258,WSW,7.58,0,0
5/21/26 12:00,5.25,257,WSW,7.97,0,0
5/21/26 13:00,7.19,255,WSW,9.14,0,0
5/21/26 14:00,7,257,WSW,8.75,0,0
5/21/26 15:00,10.3,255,WSW,12.44,0,0
5/21/26 16:00,9.52,244,WSW,12.44,0,0
5/21/26 17:00,10.69,245,WSW,13.8,0,0
5/21/26 18:00,9.52,254,WSW,12.44,0,0
5/21/26 19:00,7.97,262,W,11.66,0,0
5/21/26 20:00,7.58,266,W,10.3,0,0
5/21/26 21:00,7.78,250,WSW,10.3,0,0
5/21/26 22:00,10.5,228,SW,14.58,0,0
5/21/26 23:00,6.03,240,WSW,7.97,0,0
5/22/26 0:00,9.91,253,WSW,12.05,0,0
5/22/26 1:00,12.83,252,WSW,17.11,0,0
5/22/26 2:00,13.8,243,WSW,17.69,0,0
5/22/26 3:00,13.02,238,WSW,17.88,0,0
5/22/26 4:00,17.11,232,SW,20.8,0,0
5/22/26 5:00,14.58,235,SW,19.83,0,0
5/22/26 6:00,9.91,241,WSW,14,0,0
5/22/26 7:00,8.36,259,W,13.02,0,0
5/22/26 8:00,8.94,269,W,13.61,0,0
5/22/26 9:00,8.75,236,SW,11.86,0,0
5/22/26 10:00,10.11,240,WSW,13.61,0,0
5/22/26 11:00,10.5,253,WSW,15.55,0,0
5/22/26 12:00,11.86,253,WSW,15.36,0,0
5/22/26 13:00,12.05,230,SW,14.97,0,0
5/22/26 14:00,12.05,226,SW,16.91,0,0
5/22/26 15:00,15.75,229,SW,18.27,0,0
5/22/26 16:00,15.94,228,SW,19.44,0,0
5/22/26 17:00,15.94,220,SW,18.27,0,0
5/22/26 18:00,15.36,225,SW,18.86,0,0
5/22/26 19:00,13.8,222,SW,18.27,0,0
5/22/26 20:00,16.33,232,SW,20.41,0,0
5/22/26 21:00,16.91,232,SW,20.02,0,0
5/22/26 22:00,14.38,241,WSW,20.02,0,0
5/22/26 23:00,11.66,249,WSW,16.52,0,0
5/23/26 0:00,12.05,249,WSW,16.33,0,0
5/23/26 1:00,11.66,264,W,17.11,0,0
5/23/26 2:00,14.19,259,W,19.05,0,0
5/23/26 3:00,12.44,247,WSW,16.13,0,0
5/23/26 4:00,12.05,260,W,18.47,0,0
5/23/26 5:00,13.61,260,W,19.24,0,0
5/23/26 6:00,11.47,260,W,17.88,0,0
5/23/26 7:00,16.72,231,SW,20.02,0,0
5/23/26 8:00,14.38,240,WSW,17.3,0,0
5/23/26 9:00,12.83,258,WSW,18.47,0,0
5/23/26 10:00,12.64,266,W,16.72,0,0
5/23/26 11:00,13.41,269,W,20.22,0,0
5/23/26 12:00,12.25,247,WSW,19.05,0,0
5/23/26 13:00,11.86,245,WSW,15.36,0,0
5/23/26 14:00,15.36,251,WSW,22.16,0,0
5/23/26 15:00,13.02,258,WSW,21.97,0,0
5/23/26 16:00,14.19,249,WSW,21.77,0,0
5/23/26 17:00,14.97,247,WSW,21.77,0,0
5/23/26 18:00,18.08,237,WSW,21.77,0,0
5/23/26 19:00,17.49,230,SW,21.58,0,0
5/23/26 20:00,18.08,224,SW,23.33,0,0
5/23/26 21:00,18.08,231,SW,21.97,0,0
5/23/26 22:00,14.38,245,WSW,21.38,0,0
5/23/26 23:00,14.58,255,WSW,18.47,0,0
5/24/26 0:00,17.3,256,WSW,23.33,0,0
5/24/26 1:00,16.52,253,WSW,20.99,0,0
5/24/26 2:00,13.41,264,W,19.63,0,0
5/24/26 3:00,14.19,247,WSW,19.63,0,0
5/24/26 4:00,12.83,261,W,17.49,0,0
5/24/26 5:00,12.83,256,WSW,15.94,0,0
5/24/26 6:00,9.14,260,W,13.8,0,0
5/24/26 7:00,10.89,251,WSW,15.36,0,0
5/24/26 8:00,10.89,261,W,15.16,0,0
5/24/26 9:00,10.3,270,W,14.97,0,0
5/24/26 10:00,12.25,268,W,15.94,0,0
5/24/26 11:00,12.64,249,WSW,18.27,0,0
5/24/26 12:00,10.11,243,WSW,13.8,0,0
5/24/26 13:00,12.44,257,WSW,15.16,0,0
5/24/26 14:00,14.58,235,SW,17.69,0,0
5/24/26 15:00,15.16,235,SW,19.44,0,0
5/24/26 16:00,16.13,234,SW,19.05,0,0
5/24/26 17:00,17.69,235,SW,20.41,0,0
5/24/26 18:00,17.49,233,SW,22.35,0,0
5/24/26 19:00,17.11,231,SW,20.99,0,0
5/24/26 20:00,16.33,233,SW,19.44,0,0
5/24/26 21:00,14.38,236,SW,17.88,0,0
5/24/26 22:00,12.25,237,WSW,16.91,0,0
5/24/26 23:00,8.94,246,WSW,12.83,0,0
5/25/26 0:00,9.91,254,WSW,14.19,0,0
5/25/26 1:00,8.75,275,W,12.44,0,0
5/25/26 2:00,9.14,264,W,13.22,0,0
5/25/26 3:00,9.91,268,W,15.55,0,0
5/25/26 4:00,12.05,235,SW,14.77,0,0
5/25/26 5:00,12.05,235,SW,16.91,0,0
5/25/26 6:00,12.25,265,W,17.49,0,0
5/25/26 7:00,11.08,267,W,15.36,0,0
5/25/26 8:00,12.44,277,W,16.72,0,0
5/25/26 9:00,8.55,281,W,13.61,0,0
5/25/26 10:00,10.89,248,WSW,14.58,0,0
5/25/26 11:00,9.33,239,WSW,14.19,0,0
5/25/26 12:00,11.08,239,WSW,14.19,0,0
5/25/26 13:00,13.02,254,WSW,16.52,0,0
5/25/26 14:00,13.02,239,WSW,17.49,0,0
5/25/26 15:00,15.36,239,WSW,18.86,0,0
5/25/26 16:00,17.3,239,WSW,20.8,0,0
5/25/26 17:00,13.02,241,WSW,20.22,0,0
5/25/26 18:00,14,242,WSW,20.41,0,0
5/25/26 19:00,12.44,244,WSW,19.05,0,0
5/25/26 20:00,12.25,258,WSW,19.05,0,0
5/25/26 21:00,13.8,289,WNW,20.41,0,0
5/25/26 22:00,15.36,258,WSW,19.05,0,0
5/25/26 23:00,12.83,257,WSW,18.27,0,0
5/26/26 0:00,13.22,254,WSW,17.11,0,0
5/26/26 1:00,10.11,244,WSW,17.11,0,0
5/26/26 2:00,11.08,249,WSW,17.88,0,0
5/26/26 3:00,10.3,250,WSW,15.36,0,0
5/26/26 4:00,13.8,298,WNW,16.91,0,0
5/26/26 5:00,9.52,274,W,13.22,0,0
5/26/26 6:00,11.27,280,W,16.13,0,0
5/26/26 7:00,10.11,274,W,12.44,0,0
5/26/26 8:00,10.11,283,WNW,14.77,0,0
5/26/26 9:00,10.89,298,WNW,14.19,0,0
5/26/26 10:00,8.75,293,WNW,11.27,0,0
5/26/26 11:00,7.78,278,W,13.02,0,0
5/26/26 12:00,9.91,250,WSW,15.75,0,0
5/26/26 13:00,9.33,268,W,15.94,0,0
5/26/26 14:00,11.08,262,W,15.94,0,0
5/26/26 15:00,13.8,269,W,17.88,0,0
5/26/26 16:00,14.58,258,WSW,20.22,0,0
5/26/26 17:00,12.25,274,W,16.72,0,0
5/26/26 18:00,9.72,282,WNW,13.41,0,0
5/26/26 19:00,9.72,279,W,13.22,0,0
5/26/26 20:00,11.66,287,WNW,14,0,0
5/26/26 21:00,6.22,259,W,9.33,0,0
5/26/26 22:00,9.14,269,W,11.47,0,0
5/26/26 23:00,7.58,259,W,10.89,0,0
5/27/26 0:00,8.94,273,W,12.25,0,0
5/27/26 1:00,6.41,275,W,10.11,0,0
5/27/26 2:00,6.22,250,WSW,8.94,0,0
5/27/26 3:00,7,210,SSW,10.11,0,0
5/27/26 4:00,7,204,SSW,8.36,0,0
5/27/26 5:00,7.58,212,SSW,9.52,0,0
5/27/26 6:00,3.69,224,SW,5.25,0,0
5/27/26 7:00,7,204,SSW,8.36,0,0
5/27/26 8:00,5.25,232,SW,7.19,0,0
5/27/26 9:00,3.3,244,WSW,6.03,0,0
5/27/26 10:00,6.61,262,W,10.69,0,0
5/27/26 11:00,10.3,256,WSW,13.02,0,0
5/27/26 12:00,8.94,242,WSW,11.27,0,0
5/27/26 13:00,8.75,265,W,11.08,0,0
5/27/26 14:00,10.89,234,SW,14.19,0,0
5/27/26 15:00,13.41,240,WSW,17.69,0,0
5/27/26 16:00,14,237,WSW,16.72,0,0
5/27/26 17:00,9.91,221,SW,14,0,0
5/27/26 18:00,12.64,223,SW,17.11,0,0
5/27/26 19:00,14.19,207,SSW,17.49,0,0
5/27/26 20:00,14,212,SSW,19.63,0,0
5/27/26 21:00,12.64,212,SSW,15.36,0,0
5/27/26 22:00,15.36,222,SW,18.86,0,0
5/27/26 23:00,13.02,224,SW,16.91,0,0
5/28/26 0:00,13.02,220,SW,17.88,0,0
5/28/26 1:00,8.36,229,SW,10.69,0,0
5/28/26 2:00,14.38,240,WSW,18.47,0,0
5/28/26 3:00,12.83,233,SW,14.97,0,0
5/28/26 4:00,5.05,233,SW,6.61,0,0
5/28/26 5:00,4.86,76,ENE,5.83,0,0
5/28/26 6:00,6.8,82,E,7.97,0,0
5/28/26 7:00,8.94,98,E,10.69,0,0
5/28/26 8:00,11.66,96,E,14.19,0,0
5/28/26 9:00,11.27,96,E,14.19,0,0
5/28/26 10:00,14.19,82,E,18.27,0,0
5/28/26 11:00,15.94,89,E,19.44,0,0
5/28/26 12:00,15.36,92,E,19.63,0,0
5/28/26 13:00,14,90,E,17.88,0,0
5/28/26 14:00,12.64,94,E,15.36,0,0
5/28/26 15:00,10.5,90,E,12.83,0,0
5/28/26 16:00,13.8,86,E,16.72,0,0
5/28/26 17:00,12.05,106,ESE,13.61,0,0
5/28/26 18:00,7.19,103,ESE,11.08,0,0
5/28/26 19:00,6.22,228,SW,7.97,0,0
5/28/26 20:00,8.94,306,NW,15.16,0,0
5/28/26 21:00,7.97,307,NW,12.64,0,0
5/28/26 22:00,0.78,124,SE,1.75,0,0
5/28/26 23:00,5.64,248,WSW,7.78,0,0
5/29/26 0:00,6.22,205,SSW,7.19,0,0
5/29/26 1:00,8.36,238,WSW,11.66,0,0
5/29/26 2:00,8.75,216,SW,10.5,0,0
5/29/26 3:00,5.83,207,SSW,7.19,0,0
5/29/26 4:00,5.44,204,SSW,6.03,0,0
5/29/26 5:00,5.83,205,SSW,7.97,0,0
5/29/26 6:00,11.27,235,SW,14.58,0,0
5/29/26 7:00,7.39,213,SSW,9.52,0,0
5/29/26 8:00,9.52,255,WSW,12.83,0,0
5/29/26 9:00,10.5,273,W,14.19,0,0
5/29/26 10:00,9.52,268,W,13.02,0,0
5/29/26 11:00,7.19,265,W,10.89,0,0
5/29/26 12:00,7.58,234,SW,9.91,0,0
5/29/26 13:00,9.52,232,SW,12.05,0,0
5/29/26 14:00,10.69,206,SSW,13.41,0,0
5/29/26 15:00,10.11,225,SW,14,0,0
5/29/26 16:00,11.27,229,SW,14.19,0,0
5/29/26 17:00,10.5,232,SW,12.44,0,0
5/29/26 18:00,9.91,228,SW,12.44,0,0
5/29/26 19:00,8.55,225,SW,12.05,0,0
5/29/26 20:00,9.91,233,SW,12.05,0,0
5/29/26 21:00,10.3,228,SW,12.64,0,0
5/29/26 22:00,7.19,285,WNW,11.47,0,0
5/29/26 23:00,9.14,289,WNW,11.47,0,0
5/30/26 0:00,5.64,281,W,8.94,0,0
5/30/26 1:00,5.25,275,W,7.97,0,0
5/30/26 2:00,7.97,218,SW,9.14,0,0
5/30/26 3:00,6.41,248,WSW,8.36,0,0
5/30/26 4:00,7.19,250,WSW,11.08,0,0
5/30/26 5:00,8.16,241,WSW,11.47,0,0
5/30/26 6:00,8.16,250,WSW,14.38,0,0
5/30/26 7:00,6.22,271,W,9.91,0,0
5/30/26 8:00,7.19,226,SW,9.52,0,0
5/30/26 9:00,5.64,249,WSW,9.72,0,0
5/30/26 10:00,6.03,275,W,9.14,0,0
5/30/26 11:00,5.25,288,WNW,10.89,0,0
5/30/26 12:00,9.52,299,WNW,11.86,0,0
5/30/26 13:00,6.8,251,WSW,8.75,0,0
5/30/26 14:00,7,251,WSW,10.3,0,0
5/30/26 15:00,11.47,238,WSW,13.02,0,0
5/30/26 16:00,11.08,231,SW,13.61,0,0
5/30/26 17:00,9.14,228,SW,12.83,0,0
5/30/26 18:00,10.5,228,SW,13.02,0,0
5/30/26 19:00,7.39,258,WSW,11.27,0,0
5/30/26 20:00,8.36,252,WSW,10.69,0,0
5/30/26 21:00,7.39,251,WSW,12.25,0,0
5/30/26 22:00,10.11,234,SW,11.86,0,0
5/30/26 23:00,,,,,1,1
5/31/26 0:00,5.83,260,W,7.58,0,0
5/31/26 1:00,4.28,241,WSW,5.83,0,0
5/31/26 2:00,3.5,247,WSW,4.86,0,0
5/31/26 3:00,4.08,232,SW,6.03,0,0
5/31/26 4:00,5.83,218,SW,7,0,0
5/31/26 5:00,4.08,234,SW,5.05,0,0
5/31/26 6:00,5.05,242,WSW,6.8,0,0
5/31/26 7:00,4.08,248,WSW,5.25,0,0
5/31/26 8:00,3.11,248,WSW,4.47,0,0
5/31/26 9:00,3.5,264,W,5.25,0,0
5/31/26 10:00,3.11,283,WNW,5.44,0,0
5/31/26 11:00,4.86,305,NW,6.22,0,0
5/31/26 12:00,5.25,273,W,7.78,0,0
5/31/26 13:00,8.36,277,W,9.91,0,0
5/31/26 14:00,9.33,241,WSW,12.25,0,0
5/31/26 15:00,7.78,249,WSW,11.08,0,0
5/31/26 16:00,13.41,235,SW,16.13,0,0
5/31/26 17:00,10.89,241,WSW,14.19,0,0
5/31/26 18:00,8.94,240,WSW,11.08,0,0
5/31/26 19:00,5.44,256,WSW,7.58,0,0
5/31/26 20:00,3.3,246,WSW,6.03,0,0
5/31/26 21:00,4.67,232,SW,6.22,0,0
5/31/26 22:00,3.89,247,WSW,6.03,0,0
5/31/26 23:00,7.19,237,WSW,8.36,0,0
6/1/26 0:00,5.83,258,WSW,7.19,0,0
6/1/26 1:00,2.33,242,WSW,4.08,0,0
6/1/26 2:00,3.5,272,W,5.25,0,0
6/1/26 3:00,4.47,264,W,7.19,0,0
6/1/26 4:00,4.67,262,W,7.58,0,0
6/1/26 5:00,5.05,266,W,7.78,0,0
6/1/26 6:00,5.83,259,W,7.97,0,0
6/1/26 7:00,3.5,278,W,4.47,0,0
6/1/26 8:00,1.94,255,WSW,3.11,0,0
6/1/26 9:00,1.56,285,WNW,3.3,0,0
6/1/26 10:00,3.89,307,NW,5.05,0,0
6/1/26 11:00,3.3,303,WNW,4.86,0,0
6/1/26 12:00,5.44,261,W,7.78,0,0
6/1/26 13:00,7,257,WSW,8.94,0,0
6/1/26 14:00,7,247,WSW,8.36,0,0
6/1/26 15:00,8.94,247,WSW,12.83,0,0
6/1/26 16:00,11.08,243,WSW,14.19,0,0
6/1/26 17:00,12.44,231,SW,14.77,0,0
6/1/26 18:00,9.91,231,SW,11.47,0,0
6/1/26 19:00,5.25,249,WSW,7.97,0,0
6/1/26 20:00,6.61,244,WSW,7.97,0,0
6/1/26 21:00,6.61,228,SW,8.75,0,0
6/1/26 22:00,7.97,250,WSW,10.3,0,0
6/1/26 23:00,9.72,243,WSW,13.02,0,0
6/2/26 0:00,10.11,240,WSW,14.97,0,0
6/2/26 1:00,12.25,240,WSW,17.11,0,0
6/2/26 2:00,13.8,241,WSW,17.69,0,0
6/2/26 3:00,19.24,236,SW,22.55,0,0
6/2/26 4:00,12.44,222,SW,15.36,0,0
6/2/26 5:00,11.86,230,SW,15.55,0,0
6/2/26 6:00,11.27,236,SW,14.77,0,0
6/2/26 7:00,10.5,236,SW,14.58,0,0
6/2/26 8:00,9.72,238,WSW,15.94,0,0
6/2/26 9:00,10.69,259,W,14.19,0,0
6/2/26 10:00,13.41,260,W,16.91,0,0
6/2/26 11:00,11.27,234,SW,13.41,0,0
6/2/26 12:00,10.11,233,SW,13.8,0,0
6/2/26 13:00,12.64,238,WSW,15.55,0,0
6/2/26 14:00,13.8,234,SW,16.33,0,0
6/2/26 15:00,12.83,233,SW,14.97,0,0
6/2/26 16:00,13.61,234,SW,16.91,0,0
6/2/26 17:00,14,229,SW,16.91,0,0
6/2/26 18:00,10.69,229,SW,14,0,0
6/2/26 19:00,10.5,237,WSW,12.83,0,0
6/2/26 20:00,11.08,237,WSW,13.02,0,0
6/2/26 21:00,11.47,229,SW,14.77,0,0
6/2/26 22:00,10.89,234,SW,13.8,0,0
6/2/26 23:00,11.47,234,SW,13.22,0,0
6/3/26 0:00,10.69,240,WSW,15.16,0,0
6/3/26 1:00,11.66,227,SW,14.97,0,0
6/3/26 2:00,10.89,222,SW,13.22,0,0
6/3/26 3:00,11.47,221,SW,14.97,0,0
6/3/26 4:00,10.5,238,WSW,12.64,0,0
6/3/26 5:00,7.78,245,WSW,9.72,0,0
6/3/26 6:00,7.78,248,WSW,11.08,0,0
6/3/26 7:00,9.14,245,WSW,11.66,0,0
6/3/26 8:00,8.55,245,WSW,13.02,0,0
6/3/26 9:00,7.97,253,WSW,12.25,0,0
6/3/26 10:00,7.97,250,WSW,13.61,0,0
6/3/26 11:00,7.39,251,WSW,12.64,0,0
6/3/26 12:00,7,244,WSW,9.52,0,0
6/3/26 13:00,10.5,237,WSW,12.83,0,0
6/3/26 14:00,11.47,233,SW,13.41,0,0
6/3/26 15:00,12.83,233,SW,14.77,0,0
6/3/26 16:00,11.86,228,SW,14.97,0,0
6/3/26 17:00,9.72,233,SW,13.41,0,0
6/3/26 18:00,12.05,256,WSW,15.16,0,0
6/3/26 19:00,11.27,232,SW,14,0,0
6/3/26 20:00,11.86,236,SW,16.72,0,0
6/3/26 21:00,13.22,223,SW,16.91,0,0
6/3/26 22:00,12.44,239,WSW,15.36,0,0
6/3/26 23:00,13.61,227,SW,17.3,0,0
6/4/26 0:00,8.94,245,WSW,14,0,0
6/4/26 1:00,10.69,258,WSW,14,0,0
6/4/26 2:00,7.39,252,WSW,11.86,0,0
6/4/26 3:00,8.75,236,SW,10.69,0,0
6/4/26 4:00,6.41,231,SW,8.16,0,0
6/4/26 5:00,6.41,237,WSW,7.78,0,0
6/4/26 6:00,4.86,238,WSW,6.41,0,0
6/4/26 7:00,6.61,225,SW,8.94,0,0
6/4/26 8:00,5.44,237,WSW,6.8,0,0
6/4/26 9:00,7,251,WSW,9.14,0,0
6/4/26 10:00,5.25,247,WSW,8.94,0,0
6/4/26 11:00,6.41,253,WSW,8.94,0,0
6/4/26 12:00,8.36,240,WSW,10.11,0,0
6/4/26 13:00,6.8,244,WSW,10.11,0,0
6/4/26 14:00,7.97,245,WSW,12.25,0,0
6/4/26 15:00,10.11,235,SW,12.05,0,0
6/4/26 16:00,10.69,232,SW,12.64,0,0
6/4/26 17:00,11.47,238,WSW,13.22,0,0
6/4/26 18:00,10.11,231,SW,11.47,0,0
6/4/26 19:00,8.36,246,WSW,13.02,0,0
6/4/26 20:00,7.78,241,WSW,10.11,0,0
6/4/26 21:00,8.94,260,W,10.5,0,0
6/4/26 22:00,7.58,242,WSW,10.69,0,0
6/4/26 23:00,6.41,273,W,8.75,0,0
6/5/26 0:00,7.58,264,W,10.69,0,0
6/5/26 1:00,7.19,235,SW,9.91,0,0
6/5/26 2:00,7,263,W,9.72,0,0
6/5/26 3:00,7.58,267,W,9.72,0,0
6/5/26 4:00,6.61,249,WSW,8.75,0,0
6/5/26 5:00,7,241,WSW,8.55,0,0
6/5/26 6:00,5.05,270,W,6.61,0,0
6/5/26 7:00,5.44,266,W,7.39,0,0
6/5/26 8:00,5.44,247,WSW,7.19,0,0
6/5/26 9:00,6.61,254,WSW,8.75,0,0
6/5/26 10:00,6.41,253,WSW,8.16,0,0
6/5/26 11:00,7.19,255,WSW,8.75,0,0
6/5/26 12:00,3.89,247,WSW,7.19,0,0
6/5/26 13:00,6.61,243,WSW,10.11,0,0
6/5/26 14:00,10.11,242,WSW,12.25,0,0
6/5/26 15:00,10.5,238,WSW,11.86,0,0
6/5/26 16:00,11.47,238,WSW,14.58,0,0
6/5/26 17:00,12.25,236,SW,14,0,0
6/5/26 18:00,14.38,239,WSW,16.52,0,0
6/5/26 19:00,10.3,247,WSW,14.97,0,0
6/5/26 20:00,8.55,245,WSW,11.86,0,0
6/5/26 21:00,15.55,242,WSW,20.99,0,0
6/5/26 22:00,12.83,237,WSW,15.36,0,0
6/5/26 23:00,12.25,226,SW,14.97,0,0
6/6/26 0:00,14.19,236,SW,17.3,0,0
6/6/26 1:00,12.25,230,SW,15.75,0,0
6/6/26 2:00,11.08,246,WSW,16.52,0,0
6/6/26 3:00,11.66,243,WSW,15.94,0,0
6/6/26 4:00,13.41,237,WSW,16.91,0,0
6/6/26 5:00,12.05,241,WSW,17.3,0,0
6/6/26 6:00,10.3,234,SW,13.41,0,0
6/6/26 7:00,14.19,238,WSW,18.86,0,0
6/6/26 8:00,8.36,244,WSW,13.8,0,0
6/6/26 9:00,8.16,257,WSW,11.66,0,0
6/6/26 10:00,8.94,254,WSW,11.86,0,0
6/6/26 11:00,8.75,246,WSW,11.86,0,0
6/6/26 12:00,7.19,244,WSW,10.11,0,0
6/6/26 13:00,7.58,261,W,10.89,0,0
6/6/26 14:00,9.72,252,WSW,12.64,0,0
6/6/26 15:00,9.14,256,WSW,13.02,0,0
6/6/26 16:00,11.66,269,W,15.75,0,0
6/6/26 17:00,11.08,264,W,16.72,0,0
6/6/26 18:00,12.64,254,WSW,17.11,0,0
6/6/26 19:00,12.25,248,WSW,16.52,0,0
6/6/26 20:00,11.47,263,W,18.47,0,0
6/6/26 21:00,13.02,254,WSW,16.52,0,0
6/6/26 22:00,10.11,214,SW,15.16,0,0
6/6/26 23:00,11.86,260,W,17.3,0,0
6/7/26 0:00,11.86,236,SW,15.16,0,0
6/7/26 1:00,11.47,238,WSW,15.94,0,0
6/7/26 2:00,10.3,240,WSW,13.8,0,0
6/7/26 3:00,10.3,239,WSW,13.8,0,0
6/7/26 4:00,11.66,239,WSW,16.33,0,0
6/7/26 5:00,7.97,226,SW,10.3,0,0
6/7/26 6:00,8.36,226,SW,11.27,0,0
6/7/26 7:00,4.08,225,SW,5.64,0,0
6/7/26 8:00,5.44,223,SW,7.39,0,0
6/7/26 9:00,4.86,267,W,7.78,0,0
6/7/26 10:00,6.03,246,WSW,7.97,0,0
6/7/26 11:00,7.39,275,W,10.11,0,0
6/7/26 12:00,7.19,261,W,10.11,0,0
6/7/26 13:00,8.94,241,WSW,11.08,0,0
6/7/26 14:00,9.72,232,SW,11.66,0,0
6/7/26 15:00,13.22,232,SW,15.75,0,0
6/7/26 16:00,13.02,223,SW,16.13,0,0
6/7/26 17:00,11.27,244,WSW,15.75,0,0
6/7/26 18:00,8.36,261,W,11.86,0,0
6/7/26 19:00,8.75,251,WSW,12.83,0,0
6/7/26 20:00,9.91,237,WSW,12.64,0,0
6/7/26 21:00,11.27,232,SW,14.58,0,0
6/7/26 22:00,10.89,238,WSW,13.61,0,0
6/7/26 23:00,7.78,252,WSW,12.05,0,0
6/8/26 0:00,5.83,242,WSW,8.16,0,0
6/8/26 1:00,8.36,237,WSW,9.91,0,0
6/8/26 2:00,9.33,227,SW,12.25,0,0
6/8/26 3:00,8.55,228,SW,10.89,0,0
6/8/26 4:00,8.55,235,SW,12.25,0,0
6/8/26 5:00,8.75,228,SW,10.69,0,0
6/8/26 6:00,7.19,215,SW,11.08,0,0
6/8/26 7:00,9.33,222,SW,12.05,0,0
6/8/26 8:00,9.52,240,WSW,14,0,0
6/8/26 9:00,6.61,243,WSW,10.5,0,0
6/8/26 10:00,8.55,253,WSW,13.02,0,0
6/8/26 11:00,11.66,231,SW,14.77,0,0
6/8/26 12:00,9.52,245,WSW,13.41,0,0
6/8/26 13:00,10.89,240,WSW,13.41,0,0
6/8/26 14:00,9.91,252,WSW,13.02,0,0
6/8/26 15:00,11.08,261,W,19.24,0,0
6/8/26 16:00,12.44,262,W,18.08,0,0
6/8/26 17:00,12.05,263,W,17.69,0,0
6/8/26 18:00,16.91,280,W,22.74,0,0
6/8/26 19:00,10.69,289,WNW,17.88,0,0
6/8/26 20:00,9.91,285,WNW,16.13,0,0
6/8/26 21:00,11.47,277,W,15.36,0,0
6/8/26 22:00,10.69,280,W,14.38,0,0
6/8/26 23:00,7.58,273,W,11.27,0,0
6/9/26 0:00,7.39,261,W,10.3,0,0
6/9/26 1:00,10.3,234,SW,12.25,0,0
6/9/26 2:00,8.36,228,SW,13.02,0,0
6/9/26 3:00,7.39,219,SW,10.11,0,0
6/9/26 4:00,7.78,201,SSW,9.33,0,0
6/9/26 5:00,7.39,204,SSW,8.75,0,0
6/9/26 6:00,5.05,209,SSW,6.61,0,0
6/9/26 7:00,5.25,268,W,7,0,0
6/9/26 8:00,9.52,303,WNW,12.25,0,0
6/9/26 9:00,6.8,301,WNW,8.75,0,0
6/9/26 10:00,5.44,285,WNW,7.58,0,0
6/9/26 11:00,3.69,258,WSW,6.03,0,0
6/9/26 12:00,5.44,242,WSW,7,0,0
6/9/26 13:00,7.39,234,SW,9.52,0,0
6/9/26 14:00,5.83,243,WSW,10.89,0,0
6/9/26 15:00,9.52,232,SW,12.05,0,0
6/9/26 16:00,9.72,228,SW,12.44,0,0
6/9/26 17:00,9.91,234,SW,11.66,0,0
6/9/26 18:00,8.55,239,WSW,11.08,0,0
6/9/26 19:00,5.44,243,WSW,9.52,0,0
6/9/26 20:00,6.61,246,WSW,9.33,0,0
6/9/26 21:00,9.33,230,SW,10.89,0,0
6/9/26 22:00,8.55,237,WSW,9.91,0,0
6/9/26 23:00,5.05,275,W,6.8,0,0
6/10/26 0:00,5.44,258,WSW,7.78,0,0
6/10/26 1:00,3.3,280,W,4.86,0,0
6/10/26 2:00,2.92,257,WSW,3.69,0,0
6/10/26 3:00,2.92,237,WSW,4.47,0,0
6/10/26 4:00,3.69,226,SW,5.44,0,0
6/10/26 5:00,3.5,228,SW,4.28,0,0
6/10/26 6:00,3.5,247,WSW,4.86,0,0
6/10/26 7:00,3.69,249,WSW,6.03,0,0
6/10/26 8:00,4.47,248,WSW,6.22,0,0
6/10/26 9:00,2.14,266,W,4.67,0,0
6/10/26 10:00,3.5,230,SW,4.67,0,0
6/10/26 11:00,3.3,233,SW,4.67,0,0
6/10/26 12:00,4.47,238,WSW,5.83,0,0
6/10/26 13:00,5.05,237,WSW,6.22,0,0
6/10/26 14:00,4.67,244,WSW,6.22,0,0
6/10/26 15:00,7.19,245,WSW,9.52,0,0
6/10/26 16:00,9.33,252,WSW,12.83,0,0
6/10/26 17:00,9.14,254,WSW,11.27,0,0
6/10/26 18:00,6.8,263,W,8.94,0,0
6/10/26 19:00,4.67,245,WSW,6.61,0,0
6/10/26 20:00,4.47,250,WSW,5.25,0,0
6/10/26 21:00,4.08,240,WSW,5.64,0,0
6/10/26 22:00,5.25,238,WSW,5.64,0,0
6/10/26 23:00,4.67,247,WSW,5.44,0,0
6/11/26 0:00,0.58,297,WNW,1.75,0,0
6/11/26 1:00,2.72,220,SW,3.89,0,0
6/11/26 2:00,1.56,255,WSW,3.5,0,0
6/11/26 3:00,1.94,237,WSW,3.89,0,0
6/11/26 4:00,4.28,216,SW,5.05,0,0
6/11/26 5:00,1.75,196,SSW,3.3,0,0
6/11/26 6:00,4.08,170,S,5.44,0,0
6/11/26 7:00,1.17,306,NW,2.72,0,0
6/11/26 8:00,3.69,312,NW,4.28,0,0
6/11/26 9:00,2.14,294,WNW,3.69,0,0
6/11/26 10:00,2.33,302,WNW,5.05,0,0
6/11/26 11:00,3.5,311,NW,3.89,0,0
6/11/26 12:00,5.05,271,W,6.41,0,0
6/11/26 13:00,4.47,269,W,6.41,0,0
6/11/26 14:00,6.61,266,W,8.75,0,0
6/11/26 15:00,9.91,243,WSW,14.19,0,0
6/11/26 16:00,11.47,242,WSW,14.97,0,0
6/11/26 17:00,12.05,224,SW,14.97,0,0
6/11/26 18:00,11.08,221,SW,13.41,0,0
6/11/26 19:00,10.69,220,SW,13.8,0,0
6/11/26 20:00,9.33,226,SW,11.66,0,0
6/11/26 21:00,9.72,245,WSW,12.64,0,0
6/11/26 22:00,14.58,240,WSW,16.72,0,0
6/11/26 23:00,16.33,238,WSW,18.66,0,0
6/12/26 0:00,15.75,237,WSW,19.44,0,0
6/12/26 1:00,12.25,233,SW,16.33,0,0
6/12/26 2:00,12.25,237,WSW,14.38,0,0
6/12/26 3:00,7,231,SW,10.69,0,0
6/12/26 4:00,7.39,249,WSW,9.91,0,0
6/12/26 5:00,7.39,220,SW,9.52,0,0
6/12/26 6:00,5.44,241,WSW,7.58,0,0
6/12/26 7:00,6.03,236,SW,7.58,0,0
6/12/26 8:00,3.89,249,WSW,6.41,0,0
6/12/26 9:00,4.28,256,WSW,5.44,0,0
6/12/26 10:00,5.25,298,WNW,6.41,0,0
6/12/26 11:00,6.61,304,NW,8.16,0,0
6/12/26 12:00,7.39,292,WNW,8.75,0,0
6/12/26 13:00,8.75,266,W,10.69,0,0
6/12/26 14:00,9.33,243,WSW,14.38,0,0
6/12/26 15:00,9.52,244,WSW,14.19,0,0
6/12/26 16:00,10.89,234,SW,13.41,0,0
6/12/26 17:00,10.5,242,WSW,13.02,0,0
6/12/26 18:00,10.5,234,SW,12.64,0,0
6/12/26 19:00,9.72,233,SW,11.86,0,0
6/12/26 20:00,11.27,239,WSW,13.41,0,0
6/12/26 21:00,13.41,234,SW,15.55,0,0
6/12/26 22:00,11.86,237,WSW,13.8,0,0
6/12/26 23:00,12.25,243,WSW,17.11,0,0
6/13/26 0:00,14.58,239,WSW,17.49,0,0
6/13/26 1:00,13.22,225,SW,16.52,0,0
6/13/26 2:00,11.66,236,SW,15.36,0,0
6/13/26 3:00,9.72,236,SW,13.02,0,0
6/13/26 4:00,7.97,260,W,11.08,0,0
6/13/26 5:00,8.36,224,SW,10.5,0,0
6/13/26 6:00,8.94,224,SW,11.47,0,0
6/13/26 7:00,9.91,223,SW,11.66,0,0
6/13/26 8:00,8.75,230,SW,12.05,0,0
6/13/26 9:00,9.14,254,WSW,12.25,0,0
6/13/26 10:00,12.44,236,SW,14.58,0,0
6/13/26 11:00,7.97,245,WSW,12.05,0,0
6/13/26 12:00,8.75,240,WSW,12.05,0,0
6/13/26 13:00,9.72,257,WSW,13.8,0,0
6/13/26 14:00,12.83,258,WSW,16.52,0,0
6/13/26 15:00,11.66,244,WSW,15.16,0,0
6/13/26 16:00,12.83,252,WSW,18.08,0,0
6/13/26 17:00,15.36,236,SW,18.66,0,0
6/13/26 18:00,13.22,231,SW,16.72,0,0
6/13/26 19:00,13.41,225,SW,16.91,0,0
6/13/26 20:00,13.8,225,SW,15.94,0,0
6/13/26 21:00,14.77,214,SW,18.08,0,0
6/13/26 22:00,11.47,231,SW,14,0,0
6/13/26 23:00,12.64,234,SW,15.36,0,0
6/14/26 0:00,9.33,245,WSW,13.22,0,0
6/14/26 1:00,10.89,246,WSW,14.77,0,0
6/14/26 2:00,11.27,246,WSW,15.55,0,0
6/14/26 3:00,11.08,246,WSW,16.52,0,0
6/14/26 4:00,13.41,237,WSW,16.33,0,0
6/14/26 5:00,10.11,238,WSW,14.38,0,0
6/14/26 6:00,10.69,242,WSW,14.19,0,0
6/14/26 7:00,12.44,230,SW,16.33,0,0
6/14/26 8:00,7.97,246,WSW,13.02,0,0
6/14/26 9:00,9.72,265,W,13.41,0,0
6/14/26 10:00,10.3,268,W,13.8,0,0
6/14/26 11:00,10.69,254,WSW,13.02,0,0
6/14/26 12:00,11.66,234,SW,14.19,0,0
6/14/26 13:00,13.61,235,SW,16.33,0,0
6/14/26 14:00,13.22,230,SW,15.36,0,0
6/14/26 15:00,12.44,231,SW,15.16,0,0
6/14/26 16:00,15.55,228,SW,17.69,0,0
6/14/26 17:00,16.52,227,SW,20.22,0,0
6/14/26 18:00,14.38,224,SW,18.27,0,0
6/14/26 19:00,14.19,223,SW,18.27,0,0
6/14/26 20:00,15.94,219,SW,19.44,0,0
6/14/26 21:00,13.8,240,WSW,18.27,0,0
6/14/26 22:00,14.58,238,WSW,16.91,0,0
6/14/26 23:00,9.91,240,WSW,12.83,0,0
6/15/26 0:00,11.27,239,WSW,14.38,0,0
6/15/26 1:00,9.72,250,WSW,13.02,0,0
6/15/26 2:00,10.69,254,WSW,13.61,0,0
6/15/26 3:00,9.33,261,W,12.83,0,0
6/15/26 4:00,8.55,271,W,14,0,0
6/15/26 5:00,8.94,276,W,12.05,0,0
6/15/26 6:00,7,254,WSW,11.08,0,0
6/15/26 7:00,9.52,234,SW,12.25,0,0
6/15/26 8:00,9.52,235,SW,12.64,0,0
6/15/26 9:00,7.19,260,W,10.11,0,0
6/15/26 10:00,8.16,248,WSW,12.64,0,0
6/15/26 11:00,11.47,237,WSW,13.8,0,0
6/15/26 12:00,11.86,228,SW,14,0,0
6/15/26 13:00,12.64,224,SW,15.55,0,0
6/15/26 14:00,12.83,221,SW,15.75,0,0
6/15/26 15:00,13.41,226,SW,16.72,0,0
6/15/26 16:00,13.8,225,SW,16.13,0,0
6/15/26 17:00,13.61,229,SW,17.88,0,0
6/15/26 18:00,14,225,SW,16.72,0,0
6/15/26 19:00,13.22,224,SW,16.72,0,0
6/15/26 20:00,15.75,219,SW,20.02,0,0
6/15/26 21:00,12.05,220,SW,15.36,0,0
6/15/26 22:00,13.02,225,SW,17.11,0,0
6/15/26 23:00,13.02,231,SW,15.16,0,0
6/16/26 0:00,12.44,236,SW,16.33,0,0
6/16/26 1:00,14.38,225,SW,16.72,0,0
6/16/26 2:00,13.02,232,SW,16.52,0,0
6/16/26 3:00,13.8,233,SW,16.91,0,0
6/16/26 4:00,11.27,233,SW,15.16,0,0
6/16/26 5:00,10.89,234,SW,13.02,0,0
6/16/26 6:00,11.66,230,SW,15.16,0,0
6/16/26 7:00,13.02,234,SW,16.33,0,0
6/16/26 8:00,11.47,239,WSW,15.94,0,0
6/16/26 9:00,9.72,247,WSW,13.41,0,0
6/16/26 10:00,10.3,269,W,14.38,0,0
6/16/26 11:00,9.72,246,WSW,13.61,0,0
6/16/26 12:00,7.39,246,WSW,12.05,0,0
6/16/26 13:00,7.78,245,WSW,11.08,0,0
6/16/26 14:00,11.86,231,SW,14.77,0,0
6/16/26 15:00,13.02,228,SW,16.33,0,0
6/16/26 16:00,17.49,223,SW,22.35,0,0
6/16/26 17:00,18.47,218,SW,23.71,0,0
6/16/26 18:00,18.47,223,SW,21.58,0,0
6/16/26 19:00,14.19,217,SW,18.08,0,0
6/16/26 20:00,15.75,228,SW,18.66,0,0
6/16/26 21:00,14.97,226,SW,19.44,0,0
6/16/26 22:00,14.19,241,WSW,18.47,0,0
6/16/26 23:00,11.08,243,WSW,17.3,0,0
6/17/26 0:00,11.08,244,WSW,16.91,0,0
6/17/26 1:00,13.61,267,W,17.3,0,0
6/17/26 2:00,10.89,264,W,18.08,0,0
6/17/26 3:00,10.89,263,W,15.75,0,0
6/17/26 4:00,12.44,273,W,16.13,0,0
6/17/26 5:00,10.89,247,WSW,14,0,0
6/17/26 6:00,11.27,239,WSW,14.58,0,0
6/17/26 7:00,13.41,230,SW,17.49,0,0
6/17/26 8:00,12.25,232,SW,16.13,0,0
6/17/26 9:00,10.89,270,W,13.41,0,0
6/17/26 10:00,9.33,268,W,14.58,0,0
6/17/26 11:00,9.52,246,WSW,14.19,0,0
6/17/26 12:00,10.3,242,WSW,15.36,0,0
6/17/26 13:00,14.58,234,SW,17.69,0,0
6/17/26 14:00,14.58,231,SW,17.49,0,0
6/17/26 15:00,15.94,228,SW,19.44,0,0
6/17/26 16:00,18.66,232,SW,21.77,0,0
6/17/26 17:00,19.83,230,SW,23.91,0,0
6/17/26 18:00,17.11,225,SW,21.77,0,0
6/17/26 19:00,19.63,233,SW,23.71,0,0
6/17/26 20:00,13.02,246,WSW,18.86,0,0
6/17/26 21:00,14.19,248,WSW,19.63,0,0
6/17/26 22:00,13.61,248,WSW,19.24,0,0
6/17/26 23:00,14,257,WSW,18.86,0,0
6/18/26 0:00,13.61,255,WSW,18.66,0,0
6/18/26 1:00,15.75,257,WSW,20.41,0,0
6/18/26 2:00,17.3,257,WSW,21.38,0,0
6/18/26 3:00,16.13,258,WSW,21.19,0,0
6/18/26 4:00,14,256,WSW,17.11,0,0
6/18/26 5:00,12.25,265,W,18.47,0,0
6/18/26 6:00,13.61,263,W,18.66,0,0
6/18/26 7:00,10.5,272,W,14.97,0,0
6/18/26 8:00,12.83,264,W,16.91,0,0
6/18/26 9:00,10.11,266,W,14.38,0,0
6/18/26 10:00,11.08,240,WSW,14.58,0,0
6/18/26 11:00,9.33,257,WSW,13.41,0,0
6/18/26 12:00,14.19,221,SW,17.49,0,0
6/18/26 13:00,15.55,236,SW,18.86,0,0
6/18/26 14:00,17.88,233,SW,21.19,0,0
6/18/26 15:00,20.8,233,SW,25.08,0,0
6/18/26 16:00,18.66,239,WSW,25.08,0,0
6/18/26 17:00,14.19,245,WSW,19.44,0,0
6/18/26 18:00,16.13,245,WSW,23.52,0,0
6/18/26 19:00,13.22,245,WSW,23.13,0,0
6/18/26 20:00,17.3,254,WSW,22.35,0,0
6/18/26 21:00,14.58,250,WSW,20.99,0,0
6/18/26 22:00,17.49,254,WSW,21.97,0,0
6/18/26 23:00,14.77,268,W,19.24,0,0
6/19/26 0:00,12.64,262,W,18.66,0,0
6/19/26 1:00,12.25,264,W,17.88,0,0
6/19/26 2:00,11.47,265,W,15.94,0,0
6/19/26 3:00,11.08,249,WSW,15.36,0,0
6/19/26 4:00,10.89,264,W,14,0,0
6/19/26 5:00,13.02,246,WSW,17.49,0,0
6/19/26 6:00,12.25,246,WSW,15.75,0,0
6/19/26 7:00,9.33,252,WSW,13.22,0,0
6/19/26 8:00,10.5,273,W,13.61,0,0
6/19/26 9:00,9.33,256,WSW,13.02,0,0
6/19/26 10:00,11.86,275,W,16.13,0,0
6/19/26 11:00,12.25,274,W,16.72,0,0
6/19/26 12:00,11.47,245,WSW,19.05,0,0
6/19/26 13:00,14.19,273,W,17.49,0,0
6/19/26 14:00,14.97,275,W,18.86,0,0
6/19/26 15:00,15.36,253,WSW,20.22,0,0
6/19/26 16:00,14.38,251,WSW,19.44,0,0
6/19/26 17:00,11.66,244,WSW,17.49,0,0
6/19/26 18:00,15.94,241,WSW,21.19,0,0
6/19/26 19:00,12.44,261,W,17.69,0,0
6/19/26 20:00,11.27,248,WSW,15.94,0,0
6/19/26 21:00,10.69,254,WSW,14.38,0,0
6/19/26 22:00,8.75,244,WSW,14.58,0,0
6/19/26 23:00,7.97,245,WSW,12.25,0,0
6/20/26 0:00,7.78,264,W,10.3,0,0
6/20/26 1:00,7.78,260,W,11.08,0,0
6/20/26 2:00,8.16,245,WSW,13.41,0,0
6/20/26 3:00,9.72,268,W,13.8,0,0
6/20/26 4:00,8.55,295,WNW,11.08,0,0
6/20/26 5:00,7.78,276,W,12.05,0,0
6/20/26 6:00,7.39,282,WNW,10.3,0,0
6/20/26 7:00,7.58,283,WNW,9.72,0,0
6/20/26 8:00,5.25,287,WNW,9.14,0,0
6/20/26 9:00,8.16,281,W,10.89,0,0
6/20/26 10:00,9.14,279,W,12.64,0,0
6/20/26 11:00,10.5,274,W,12.83,0,0
6/20/26 12:00,10.11,239,WSW,12.64,0,0
6/20/26 13:00,12.05,233,SW,15.16,0,0
6/20/26 14:00,11.86,234,SW,17.3,0,0
6/20/26 15:00,13.61,234,SW,16.91,0,0
6/20/26 16:00,14.38,226,SW,16.52,0,0
6/20/26 17:00,14.38,235,SW,18.27,0,0
6/20/26 18:00,12.44,226,SW,14.77,0,0
6/20/26 19:00,11.47,267,W,15.55,0,0
6/20/26 20:00,13.8,284,WNW,17.49,0,0
6/20/26 21:00,10.89,286,WNW,16.33,0,0
6/20/26 22:00,9.33,285,WNW,15.94,0,0
6/20/26 23:00,11.08,285,WNW,13.8,0,0
6/21/26 0:00,8.36,279,W,11.66,0,0
6/21/26 1:00,8.16,235,SW,10.69,0,0
6/21/26 2:00,10.69,220,SW,12.25,0,0
6/21/26 3:00,9.52,221,SW,12.05,0,0
6/21/26 4:00,10.69,249,WSW,14.77,0,0
6/21/26 5:00,10.5,233,SW,14.38,0,0
6/21/26 6:00,9.33,230,SW,13.61,0,0
6/21/26 7:00,11.08,233,SW,13.41,0,0
6/21/26 8:00,10.5,235,SW,13.8,0,0
6/21/26 9:00,11.86,230,SW,14.58,0,0
6/21/26 10:00,9.72,234,SW,13.41,0,0
6/21/26 11:00,10.11,239,WSW,14,0,0
6/21/26 12:00,10.11,252,WSW,12.64,0,0
6/21/26 13:00,9.33,240,WSW,13.02,0,0
6/21/26 14:00,12.64,235,SW,15.55,0,0
6/21/26 15:00,11.86,239,WSW,14.97,0,0
6/21/26 16:00,13.02,236,SW,15.75,0,0
6/21/26 17:00,14.77,237,WSW,17.11,0,0
6/21/26 18:00,12.25,237,WSW,16.52,0,0
6/21/26 19:00,11.66,227,SW,13.8,0,0
6/21/26 20:00,10.11,225,SW,12.25,0,0
6/21/26 21:00,10.11,227,SW,13.02,0,0
6/21/26 22:00,12.05,235,SW,14.58,0,0
6/21/26 23:00,13.22,243,WSW,18.86,0,0
6/22/26 0:00,14.58,240,WSW,19.24,0,0
6/22/26 1:00,16.13,229,SW,21.77,0,0
6/22/26 2:00,15.75,233,SW,20.99,0,0
6/22/26 3:00,14.19,234,SW,17.11,0,0
6/22/26 4:00,12.64,250,WSW,17.69,0,0
6/22/26 5:00,11.27,246,WSW,15.36,0,0
6/22/26 6:00,12.64,228,SW,17.49,0,0
6/22/26 7:00,9.72,238,WSW,14.97,0,0
6/22/26 8:00,10.5,243,WSW,14.97,0,0
6/22/26 9:00,11.86,242,WSW,16.33,0,0
6/22/26 10:00,11.27,242,WSW,15.94,0,0
6/22/26 11:00,11.86,246,WSW,16.13,0,0
6/22/26 12:00,12.25,242,WSW,16.91,0,0
6/22/26 13:00,14.38,234,SW,17.11,0,0
6/22/26 14:00,13.61,227,SW,17.88,0,0
6/22/26 15:00,14.19,229,SW,17.11,0,0
6/22/26 16:00,15.75,229,SW,18.86,0,0
6/22/26 17:00,14.97,224,SW,17.88,0,0
6/22/26 18:00,14.38,225,SW,18.86,0,0
6/22/26 19:00,13.02,219,SW,15.75,0,0
6/22/26 20:00,14.58,220,SW,18.27,0,0
6/22/26 21:00,11.66,221,SW,14.58,0,0
6/22/26 22:00,14.97,223,SW,18.08,0,0
6/22/26 23:00,14.77,226,SW,18.47,0,0
6/23/26 0:00,9.91,250,WSW,14,0,0
6/23/26 1:00,10.89,230,SW,14.19,0,0
6/23/26 2:00,10.5,234,SW,14.77,0,0
6/23/26 3:00,9.72,239,WSW,15.16,0,0
6/23/26 4:00,11.27,224,SW,14.77,0,0
6/23/26 5:00,8.55,263,W,11.86,0,0
6/23/26 6:00,9.91,238,WSW,13.61,0,0
6/23/26 7:00,7.39,258,WSW,11.66,0,0
6/23/26 8:00,7.39,253,WSW,11.66,0,0
6/23/26 9:00,9.52,266,W,13.22,0,0
6/23/26 10:00,8.55,257,WSW,11.66,0,0
6/23/26 11:00,8.16,257,WSW,11.66,0,0
6/23/26 12:00,8.75,245,WSW,11.27,0,0
6/23/26 13:00,11.66,227,SW,14.19,0,0
6/23/26 14:00,12.64,229,SW,15.36,0,0
6/23/26 15:00,13.02,226,SW,15.94,0,0
6/23/26 16:00,14.58,227,SW,18.47,0,0
6/23/26 17:00,12.83,236,SW,15.55,0,0
6/23/26 18:00,12.83,236,SW,15.16,0,0
6/23/26 19:00,13.41,233,SW,15.36,0,0
6/23/26 20:00,10.11,236,SW,11.86,0,0
6/23/26 21:00,9.33,227,SW,10.89,0,0
6/23/26 22:00,16.13,230,SW,20.02,0,0
6/23/26 23:00,17.69,233,SW,21.58,0,0
6/24/26 0:00,15.36,238,WSW,19.63,0,0
6/24/26 1:00,13.02,228,SW,16.91,0,0
6/24/26 2:00,11.47,245,WSW,19.24,0,0
6/24/26 3:00,12.05,237,WSW,15.94,0,0
6/24/26 4:00,11.66,233,SW,15.36,0,0
6/24/26 5:00,11.66,242,WSW,16.52,0,0
6/24/26 6:00,9.52,240,WSW,12.83,0,0
6/24/26 7:00,8.75,258,WSW,13.61,0,0
6/24/26 8:00,9.72,241,WSW,14.77,0,0
6/24/26 9:00,9.52,264,W,14.97,0,0
6/24/26 10:00,9.91,261,W,15.75,0,0
6/24/26 11:00,11.27,238,WSW,14,0,0
6/24/26 12:00,8.75,245,WSW,12.64,0,0
6/24/26 13:00,12.25,221,SW,16.33,0,0
6/24/26 14:00,12.64,228,SW,15.75,0,0
6/24/26 15:00,13.61,224,SW,16.33,0,0
6/24/26 16:00,16.13,224,SW,20.22,0,0
6/24/26 17:00,17.49,225,SW,22.16,0,0
6/24/26 18:00,19.44,207,SSW,23.13,0,0
6/24/26 19:00,16.33,212,SSW,20.99,0,0
6/24/26 20:00,14.77,222,SW,19.44,0,0
6/24/26 21:00,17.11,221,SW,22.16,0,0
6/24/26 22:00,13.02,234,SW,18.47,0,0
6/24/26 23:00,16.13,230,SW,19.44,0,0
6/25/26 0:00,15.16,236,SW,17.88,0,0
6/25/26 1:00,14.97,230,SW,18.08,0,0
6/25/26 2:00,14.58,228,SW,17.88,0,0
6/25/26 3:00,11.86,256,WSW,16.52,0,0
6/25/26 4:00,12.05,244,WSW,17.88,0,0
6/25/26 5:00,11.08,240,WSW,15.36,0,0
6/25/26 6:00,8.75,262,W,14,0,0
6/25/26 7:00,10.5,237,WSW,13.22,0,0
6/25/26 8:00,8.55,250,WSW,13.41,0,0
6/25/26 9:00,9.91,261,W,13.41,0,0
6/25/26 10:00,11.66,267,W,17.11,0,0
6/25/26 11:00,8.94,263,W,13.02,0,0
6/25/26 12:00,7.39,257,WSW,11.08,0,0
6/25/26 13:00,11.08,230,SW,13.02,0,0
6/25/26 14:00,12.25,226,SW,14.97,0,0
6/25/26 15:00,14.97,221,SW,16.91,0,0
6/25/26 16:00,13.61,223,SW,16.72,0,0
6/25/26 17:00,16.91,222,SW,20.22,0,0
6/25/26 18:00,14.77,227,SW,17.3,0,0
6/25/26 19:00,12.83,224,SW,17.88,0,0
6/25/26 20:00,14,220,SW,17.49,0,0
6/25/26 21:00,15.36,235,SW,18.47,0,0
6/25/26 22:00,17.3,227,SW,21.19,0,0
6/25/26 23:00,16.91,229,SW,21.38,0,0
6/26/26 0:00,18.08,220,SW,21.19,0,0
6/26/26 1:00,11.86,223,SW,16.72,0,0
6/26/26 2:00,13.02,219,SW,16.72,0,0
6/26/26 3:00,15.55,224,SW,18.27,0,0
6/26/26 4:00,14.58,231,SW,19.24,0,0
6/26/26 5:00,12.64,237,WSW,17.11,0,0
6/26/26 6:00,13.22,231,SW,16.33,0,0
6/26/26 7:00,13.22,237,WSW,15.94,0,0
6/26/26 8:00,12.64,241,WSW,17.11,0,0
6/26/26 9:00,10.3,264,W,14.38,0,0
6/26/26 10:00,10.11,268,W,13.61,0,0
6/26/26 11:00,9.91,262,W,14.19,0,0
6/26/26 12:00,13.02,269,W,18.27,0,0
6/26/26 13:00,9.33,243,WSW,14,0,0
6/26/26 14:00,12.05,246,WSW,16.72,0,0
6/26/26 15:00,9.72,266,W,13.41,0,0
6/26/26 16:00,10.3,269,W,14,0,0
6/26/26 17:00,11.08,279,W,16.72,0,0
6/26/26 18:00,9.72,297,WNW,13.41,0,0
6/26/26 19:00,14,271,W,16.72,0,0
6/26/26 20:00,10.3,283,WNW,15.94,0,0
6/26/26 21:00,13.22,272,W,19.83,0,0
6/26/26 22:00,13.02,262,W,16.91,0,0
6/26/26 23:00,11.08,246,WSW,17.49,0,0
6/27/26 0:00,13.22,256,WSW,17.49,0,0
6/27/26 1:00,12.25,252,WSW,17.69,0,0
6/27/26 2:00,11.86,278,W,16.33,0,0
6/27/26 3:00,12.64,268,W,17.69,0,0
6/27/26 4:00,10.89,271,W,18.47,0,0
6/27/26 5:00,12.05,249,WSW,18.27,0,0
6/27/26 6:00,14.77,259,W,20.99,0,0
6/27/26 7:00,12.05,276,W,17.49,0,0
6/27/26 8:00,9.14,270,W,15.16,0,0
6/27/26 9:00,13.22,256,WSW,17.11,0,0
6/27/26 10:00,8.55,268,W,13.8,0,0
6/27/26 11:00,11.86,253,WSW,14.97,0,0
6/27/26 12:00,9.91,235,SW,13.22,0,0
6/27/26 13:00,8.55,266,W,12.25,0,0
6/27/26 14:00,8.55,275,W,11.66,0,0
6/27/26 15:00,8.16,275,W,12.25,0,0
6/27/26 16:00,9.33,274,W,14,0,0
6/27/26 17:00,14,278,W,17.3,0,0
6/27/26 18:00,8.94,270,W,11.86,0,0
6/27/26 19:00,10.11,266,W,13.22,0,0
6/27/26 20:00,10.89,236,SW,14.77,0,0
6/27/26 21:00,11.47,236,SW,14,0,0
6/27/26 22:00,14.19,251,WSW,18.27,0,0
6/27/26 23:00,10.5,235,SW,12.44,0,0
6/28/26 0:00,9.52,215,SW,11.27,0,0
6/28/26 1:00,8.16,217,SW,10.3,0,0
6/28/26 2:00,7.78,217,SW,10.11,0,0
6/28/26 3:00,5.83,214,SW,7.58,0,0
6/28/26 4:00,6.03,218,SW,7,0,0
6/28/26 5:00,5.83,261,W,8.36,0,0
6/28/26 6:00,6.8,204,SSW,8.75,0,0
6/28/26 7:00,5.44,212,SSW,7.39,0,0
6/28/26 8:00,3.69,271,W,6.8,0,0
6/28/26 9:00,3.89,233,SW,6.03,0,0
6/28/26 10:00,5.25,290,WNW,6.03,0,0
6/28/26 11:00,6.03,283,WNW,7.58,0,0
6/28/26 12:00,4.08,246,WSW,6.61,0,0
6/28/26 13:00,7,237,WSW,7.78,0,0
6/28/26 14:00,4.86,228,SW,6.22,0,0
6/28/26 15:00,8.55,242,WSW,11.66,0,0
6/28/26 16:00,11.27,235,SW,14,0,0
6/28/26 17:00,10.11,229,SW,12.25,0,0
6/28/26 18:00,7.19,263,W,10.69,0,0
6/28/26 19:00,6.8,240,WSW,10.3,0,0
6/28/26 20:00,9.52,269,W,11.86,0,0
6/28/26 21:00,7,253,WSW,9.33,0,0
6/28/26 22:00,4.28,289,WNW,6.22,0,0
6/28/26 23:00,8.75,258,WSW,11.86,0,0
6/29/26 0:00,6.22,278,W,7.58,0,0
6/29/26 1:00,7.78,244,WSW,10.69,0,0
6/29/26 2:00,6.8,238,WSW,9.14,0,0
6/29/26 3:00,5.44,233,SW,7.39,0,0
6/29/26 4:00,3.11,238,WSW,4.47,0,0
6/29/26 5:00,5.64,219,SW,8.75,0,0
6/29/26 6:00,5.05,261,W,6.41,0,0
6/29/26 7:00,5.44,233,SW,7.58,0,0
6/29/26 8:00,2.53,267,W,5.05,0,0
6/29/26 9:00,6.22,263,W,9.91,0,0
6/29/26 10:00,7.58,267,W,10.3,0,0
6/29/26 11:00,9.52,255,WSW,11.86,0,0
6/29/26 12:00,9.72,261,W,13.22,0,0
6/29/26 13:00,8.55,243,WSW,12.83,0,0
6/29/26 14:00,10.3,234,SW,12.05,0,0
6/29/26 15:00,12.44,254,WSW,14.77,0,0
6/29/26 16:00,13.41,235,SW,17.49,0,0
6/29/26 17:00,9.72,236,SW,12.83,0,0
6/29/26 18:00,9.91,236,SW,11.08,0,0
6/29/26 19:00,8.75,220,SW,10.89,0,0
6/29/26 20:00,6.61,243,WSW,8.55,0,0
6/29/26 21:00,8.75,221,SW,10.69,0,0
6/29/26 22:00,11.47,239,WSW,13.41,0,0
6/29/26 23:00,9.14,231,SW,11.86,0,0
6/30/26 0:00,11.47,241,WSW,14,0,0
6/30/26 1:00,12.25,234,SW,14.19,0,0
6/30/26 2:00,11.66,234,SW,15.16,0,0
6/30/26 3:00,10.89,238,WSW,13.8,0,0
6/30/26 4:00,10.11,230,SW,12.64,0,0
6/30/26 5:00,10.89,238,WSW,13.8,0,0
6/30/26 6:00,15.36,230,SW,18.66,0,0
6/30/26 7:00,16.91,229,SW,21.38,0,0
6/30/26 8:00,12.44,233,SW,18.08,0,0
6/30/26 9:00,14.77,229,SW,19.63,0,0
6/30/26 10:00,15.55,232,SW,20.8,0,0
6/30/26 11:00,14.77,236,SW,19.44,0,0
6/30/26 12:00,15.94,237,WSW,18.86,0,0
6/30/26 13:00,15.94,232,SW,20.6,0,0
6/30/26 14:00,15.55,225,SW,20.02,0,0
6/30/26 15:00,18.08,228,SW,21.97,0,0
6/30/26 16:00,20.8,228,SW,24.88,0,0
6/30/26 17:00,19.44,222,SW,24.3,0,0
6/30/26 18:00,14.97,219,SW,19.44,0,0
6/30/26 19:00,16.52,210,SSW,20.02,0,0
6/30/26 20:00,14.58,218,SW,17.88,0,0
6/30/26 21:00,14.58,219,SW,18.66,0,0
6/30/26 22:00,17.3,225,SW,21.77,0,0
6/30/26 23:00,15.16,229,SW,20.41,0,0
7/1/26 0:00,13.22,231,SW,16.33,0,0
7/1/26 1:00,10.89,228,SW,14.77,0,0
7/1/26 2:00,9.33,227,SW,13.22,0,0
7/1/26 3:00,12.05,220,SW,15.55,0,0
7/1/26 4:00,9.33,224,SW,12.05,0,0
7/1/26 5:00,9.91,223,SW,13.02,0,0
7/1/26 6:00,,,,,1,1
7/1/26 7:00,6.22,226,SW,7.19,0,0
7/1/26 8:00,7.97,224,SW,10.3,0,0
7/1/26 9:00,10.89,235,SW,13.61,0,0
7/1/26 10:00,12.44,240,WSW,16.52,0,0
7/1/26 11:00,11.47,239,WSW,15.75,0,0
7/1/26 12:00,12.05,242,WSW,16.13,0,0
7/1/26 13:00,13.22,238,WSW,18.66,0,0
7/1/26 14:00,14.19,228,SW,18.47,0,0
7/1/26 15:00,15.94,221,SW,18.66,0,0
7/1/26 16:00,17.69,209,SSW,20.6,0,0
7/1/26 17:00,18.47,217,SW,24.88,0,0
7/1/26 18:00,18.08,217,SW,24.3,0,0
7/1/26 19:00,19.05,218,SW,24.3,0,0
7/1/26 20:00,17.49,216,SW,22.94,0,0
7/1/26 21:00,16.72,215,SW,21.58,0,0
7/1/26 22:00,14.38,228,SW,20.02,0,0
7/1/26 23:00,16.13,236,SW,20.6,0,0
7/2/26 0:00,12.25,243,WSW,17.49,0,0
7/2/26 1:00,11.86,245,WSW,15.16,0,0
7/2/26 2:00,11.86,241,WSW,14.77,0,0
7/2/26 3:00,13.41,254,WSW,18.47,0,0
7/2/26 4:00,13.02,260,W,19.24,0,0
7/2/26 5:00,14.77,258,WSW,20.02,0,0
7/2/26 6:00,9.72,269,W,12.64,0,0
7/2/26 7:00,11.47,240,WSW,16.13,0,0
7/2/26 8:00,11.86,272,W,14.97,0,0
7/2/26 9:00,9.33,273,W,12.64,0,0
7/2/26 10:00,8.55,278,W,12.25,0,0
7/2/26 11:00,8.55,295,WNW,10.3,0,0
7/2/26 12:00,8.16,277,W,11.08,0,0
7/2/26 13:00,11.66,238,WSW,14.97,0,0
7/2/26 14:00,13.41,233,SW,16.13,0,0
7/2/26 15:00,16.91,229,SW,20.41,0,0
7/2/26 16:00,14.77,230,SW,18.27,0,0
7/2/26 17:00,15.55,231,SW,20.22,0,0
7/2/26 18:00,17.49,229,SW,19.83,0,0
7/2/26 19:00,14.38,223,SW,19.05,0,0
7/2/26 20:00,15.36,225,SW,19.24,0,0
7/2/26 21:00,14.58,223,SW,17.3,0,0
7/2/26 22:00,13.8,221,SW,18.47,0,0
7/2/26 23:00,13.61,230,SW,17.69,0,0
7/3/26 0:00,11.47,237,WSW,14.97,0,0
7/3/26 1:00,12.05,234,SW,14.97,0,0
7/3/26 2:00,10.11,257,WSW,15.75,0,0
7/3/26 3:00,11.27,236,SW,14.19,0,0
7/3/26 4:00,11.66,231,SW,15.94,0,0
7/3/26 5:00,11.47,232,SW,16.13,0,0
7/3/26 6:00,9.52,240,WSW,13.61,0,0
7/3/26 7:00,6.8,251,WSW,12.25,0,0
7/3/26 8:00,8.55,263,W,12.83,0,0
7/3/26 9:00,6.03,266,W,9.72,0,0
7/3/26 10:00,5.25,282,WNW,8.75,0,0
7/3/26 11:00,5.83,288,WNW,8.55,0,0
7/3/26 12:00,5.83,271,W,9.52,0,0
7/3/26 13:00,5.25,242,WSW,7.39,0,0
7/3/26 14:00,11.08,236,SW,13.22,0,0
7/3/26 15:00,9.33,243,WSW,13.8,0,0
7/3/26 16:00,9.14,244,WSW,13.61,0,0
7/3/26 17:00,12.64,239,WSW,14.77,0,0
7/3/26 18:00,8.36,242,WSW,13.02,0,0
7/3/26 19:00,13.41,237,WSW,15.55,0,0
7/3/26 20:00,10.89,238,WSW,13.61,0,0
7/3/26 21:00,10.3,227,SW,12.44,0,0
7/3/26 22:00,7.58,239,WSW,9.91,0,0
7/3/26 23:00,11.86,240,WSW,15.94,0,0
7/4/26 0:00,13.61,233,SW,18.47,0,0
7/4/26 1:00,14.58,237,WSW,19.05,0,0
7/4/26 2:00,14.77,230,SW,17.88,0,0
7/4/26 3:00,11.86,239,WSW,15.36,0,0
7/4/26 4:00,11.08,241,WSW,17.69,0,0
7/4/26 5:00,11.86,245,WSW,15.94,0,0
7/4/26 6:00,13.02,242,WSW,17.3,0,0
7/4/26 7:00,11.86,236,SW,14,0,0
7/4/26 8:00,11.47,232,SW,17.3,0,0
7/4/26 9:00,12.83,236,SW,14.97,0,0
7/4/26 10:00,8.36,259,W,12.64,0,0
7/4/26 11:00,10.5,255,WSW,14.58,0,0
7/4/26 12:00,11.08,246,WSW,15.55,0,0
7/4/26 13:00,10.69,251,WSW,14,0,0
7/4/26 14:00,10.5,249,WSW,14.58,0,0
7/4/26 15:00,13.02,234,SW,15.16,0,0
7/4/26 16:00,11.66,234,SW,14,0,0
7/4/26 17:00,13.02,234,SW,15.75,0,0
7/4/26 18:00,13.61,230,SW,16.13,0,0
7/4/26 19:00,11.47,237,WSW,13.8,0,0
7/4/26 20:00,11.08,240,WSW,13.41,0,0
7/4/26 21:00,9.52,225,SW,12.64,0,0
7/4/26 22:00,13.22,213,SSW,17.69,0,0
7/4/26 23:00,15.16,222,SW,18.86,0,0
7/5/26 0:00,16.13,224,SW,20.22,0,0
7/5/26 1:00,12.05,250,WSW,16.91,0,0
7/5/26 2:00,11.66,256,WSW,17.11,0,0
7/5/26 3:00,11.86,231,SW,14.38,0,0
7/5/26 4:00,11.27,237,WSW,13.41,0,0
7/5/26 5:00,12.05,249,WSW,17.49,0,0
7/5/26 6:00,7.97,249,WSW,13.02,0,0
7/5/26 7:00,9.91,266,W,14,0,0
7/5/26 8:00,9.91,258,WSW,13.61,0,0
7/5/26 9:00,11.08,230,SW,15.55,0,0
7/5/26 10:00,8.75,254,WSW,13.02,0,0
7/5/26 11:00,8.55,234,SW,12.64,0,0
7/5/26 12:00,10.69,231,SW,14.97,0,0
7/5/26 13:00,14.38,228,SW,18.08,0,0
7/5/26 14:00,11.66,247,WSW,17.3,0,0
7/5/26 15:00,12.83,228,SW,16.91,0,0
7/5/26 16:00,14.19,211,SSW,18.27,0,0
7/5/26 17:00,16.13,210,SSW,20.6,0,0
7/5/26 18:00,16.72,219,SW,20.22,0,0
7/5/26 19:00,14.77,221,SW,17.88,0,0
7/5/26 20:00,13.41,222,SW,19.05,0,0
7/5/26 21:00,14.38,216,SW,18.66,0,0
7/5/26 22:00,14.38,235,SW,18.47,0,0
7/5/26 23:00,13.02,226,SW,17.88,0,0
7/6/26 0:00,13.41,232,SW,17.69,0,0
7/6/26 1:00,11.47,246,WSW,16.91,0,0
7/6/26 2:00,11.08,246,WSW,17.88,0,0
7/6/26 3:00,11.86,246,WSW,15.16,0,0
7/6/26 4:00,12.83,234,SW,18.66,0,0
7/6/26 5:00,11.86,239,WSW,14.77,0,0
7/6/26 6:00,10.69,234,SW,14.19,0,0
7/6/26 7:00,9.72,237,WSW,14.58,0,0
7/6/26 8:00,10.5,239,WSW,16.13,0,0
7/6/26 9:00,7.39,259,W,10.89,0,0
7/6/26 10:00,8.55,251,WSW,11.86,0,0
7/6/26 11:00,8.55,259,W,13.02,0,0
7/6/26 12:00,7,271,W,11.66,0,0
7/6/26 13:00,10.3,240,WSW,13.8,0,0
7/6/26 14:00,14,233,SW,17.3,0,0
7/6/26 15:00,14.58,228,SW,17.49,0,0
7/6/26 16:00,13.61,222,SW,16.91,0,0
7/6/26 17:00,13.61,230,SW,16.52,0,0
7/6/26 18:00,14.38,229,SW,17.11,0,0
7/6/26 19:00,15.75,213,SSW,18.08,0,0
7/6/26 20:00,13.22,226,SW,16.52,0,0
7/6/26 21:00,14.97,215,SW,18.86,0,0
7/6/26 22:00,11.86,227,SW,14.77,0,0
7/6/26 23:00,13.02,231,SW,15.94,0,0
7/7/26 0:00,10.3,236,SW,15.55,0,0
7/7/26 1:00,12.25,234,SW,17.11,0,0
7/7/26 2:00,11.27,239,WSW,14.38,0,0
7/7/26 3:00,13.22,232,SW,16.91,0,0
7/7/26 4:00,15.36,222,SW,18.47,0,0
7/7/26 5:00,14.19,225,SW,17.88,0,0
7/7/26 6:00,8.75,271,W,13.41,0,0
7/7/26 7:00,8.75,226,SW,12.64,0,0
7/7/26 8:00,8.94,233,SW,11.27,0,0
7/7/26 9:00,8.94,240,WSW,13.22,0,0
7/7/26 10:00,11.08,244,WSW,16.33,0,0
7/7/26 11:00,15.36,235,SW,19.05,0,0
7/7/26 12:00,14.19,219,SW,19.63,0,0
7/7/26 13:00,10.3,217,SW,14.77,0,0
7/7/26 14:00,9.72,235,SW,11.86,0,0
7/7/26 15:00,13.8,228,SW,15.94,0,0
7/7/26 16:00,13.41,227,SW,15.75,0,0
7/7/26 17:00,13.02,222,SW,16.13,0,0
7/7/26 18:00,15.36,228,SW,18.08,0,0
7/7/26 19:00,12.64,223,SW,15.55,0,0
7/7/26 20:00,11.66,225,SW,16.72,0,0
7/7/26 21:00,11.66,274,W,17.3,0,0
7/7/26 22:00,11.86,273,W,14.19,0,0
7/7/26 23:00,10.3,243,WSW,14.38,0,0
7/8/26 0:00,14.19,223,SW,20.22,0,0
7/8/26 1:00,14.38,212,SSW,18.08,0,0
7/8/26 2:00,11.27,234,SW,14.58,0,0
7/8/26 3:00,9.52,253,WSW,12.05,0,0
7/8/26 4:00,11.08,236,SW,14.58,0,0
7/8/26 5:00,9.14,272,W,13.22,0,0
7/8/26 6:00,6.8,249,WSW,11.27,0,0
7/8/26 7:00,9.33,217,SW,13.02,0,0
7/8/26 8:00,11.47,217,SW,13.8,0,0
7/8/26 9:00,13.61,237,WSW,16.33,0,0
7/8/26 10:00,11.27,246,WSW,16.72,0,0
7/8/26 11:00,10.3,248,WSW,15.75,0,0
7/8/26 12:00,9.91,239,WSW,14.19,0,0
7/8/26 13:00,12.25,235,SW,14.19,0,0
7/8/26 14:00,10.89,238,WSW,13.22,0,0
7/8/26 15:00,10.69,236,SW,12.64,0,0
7/8/26 16:00,14.77,235,SW,16.72,0,0
7/8/26 17:00,15.36,233,SW,17.49,0,0
7/8/26 18:00,13.8,216,SW,16.72,0,0
7/8/26 19:00,13.02,231,SW,16.52,0,0
7/8/26 20:00,12.64,231,SW,14.58,0,0
7/8/26 21:00,13.22,228,SW,15.94,0,0
7/8/26 22:00,12.83,234,SW,17.11,0,0
7/8/26 23:00,12.83,249,WSW,16.91,0,0
7/9/26 0:00,12.05,247,WSW,16.13,0,0
7/9/26 1:00,9.72,260,W,15.16,0,0
7/9/26 2:00,7.78,239,WSW,10.5,0,0
7/9/26 3:00,9.72,244,WSW,14.19,0,0
7/9/26 4:00,8.75,239,WSW,12.25,0,0
7/9/26 5:00,9.33,236,SW,12.25,0,0
7/9/26 6:00,7.97,235,SW,13.8,0,0
7/9/26 7:00,9.91,241,WSW,14.38,0,0
7/9/26 8:00,9.91,259,W,12.83,0,0
7/9/26 9:00,8.36,257,WSW,14,0,0
7/9/26 10:00,9.91,265,W,13.8,0,0
7/9/26 11:00,9.52,269,W,11.86,0,0
7/9/26 12:00,6.22,265,W,8.75,0,0
7/9/26 13:00,6.03,249,WSW,8.36,0,0
7/9/26 14:00,8.55,252,WSW,10.69,0,0
7/9/26 15:00,8.16,258,WSW,10.69,0,0
7/9/26 16:00,11.66,239,WSW,13.61,0,0
7/9/26 17:00,11.66,243,WSW,15.16,0,0
7/9/26 18:00,11.66,227,SW,14.38,0,0
7/9/26 19:00,14.19,224,SW,17.3,0,0
7/9/26 20:00,11.08,236,SW,14.38,0,0
7/9/26 21:00,10.89,241,WSW,14,0,0
7/9/26 22:00,9.14,259,W,12.44,0,0
7/9/26 23:00,9.72,244,WSW,14.19,0,0
7/10/26 0:00,8.55,242,WSW,13.61,0,0
7/10/26 1:00,10.89,241,WSW,15.16,0,0
7/10/26 2:00,11.47,237,WSW,15.36,0,0
7/10/26 3:00,10.5,239,WSW,14.77,0,0
7/10/26 4:00,9.72,234,SW,12.05,0,0
7/10/26 5:00,6.41,245,WSW,9.52,0,0
7/10/26 6:00,9.52,240,WSW,12.44,0,0
7/10/26 7:00,7.78,239,WSW,11.27,0,0
7/10/26 8:00,11.27,237,WSW,13.41,0,0
7/10/26 9:00,10.89,236,SW,12.64,0,0
7/10/26 10:00,13.41,234,SW,16.33,0,0
7/10/26 11:00,14.38,230,SW,18.08,0,0
7/10/26 12:00,14.19,239,WSW,16.33,0,0
7/10/26 13:00,15.16,230,SW,18.47,0,0
7/10/26 14:00,16.91,231,SW,19.63,0,0
7/10/26 15:00,16.91,223,SW,21.58,0,0
7/10/26 16:00,14,225,SW,18.27,0,0
7/10/26 17:00,12.44,230,SW,14.77,0,0
7/10/26 18:00,8.94,239,WSW,12.05,0,0
7/10/26 19:00,12.83,230,SW,14.77,0,0
7/10/26 20:00,10.11,242,WSW,14.38,0,0
7/10/26 21:00,8.55,248,WSW,11.66,0,0
7/10/26 22:00,13.8,235,SW,15.55,0,0
7/10/26 23:00,11.27,234,SW,14.58,0,0
7/11/26 0:00,8.36,241,WSW,12.83,0,0
7/11/26 1:00,7.58,245,WSW,12.05,0,0
7/11/26 2:00,10.5,242,WSW,14.58,0,0
7/11/26 3:00,12.05,241,WSW,16.52,0,0
7/11/26 4:00,11.47,238,WSW,15.55,0,0
7/11/26 5:00,8.55,248,WSW,11.86,0,0
7/11/26 6:00,7.58,240,WSW,10.3,0,0
7/11/26 7:00,6.8,242,WSW,9.91,0,0
7/11/26 8:00,7.19,244,WSW,11.86,0,0
7/11/26 9:00,10.11,234,SW,13.41,0,0
7/11/26 10:00,9.91,242,WSW,12.83,0,0
7/11/26 11:00,9.14,249,WSW,12.44,0,0
7/11/26 12:00,7.39,246,WSW,10.69,0,0
7/11/26 13:00,11.08,252,WSW,13.61,0,0
7/11/26 14:00,9.72,252,WSW,12.05,0,0
7/11/26 15:00,11.08,240,WSW,12.64,0,0
7/11/26 16:00,6.8,257,WSW,10.3,0,0
7/11/26 17:00,10.3,234,SW,12.05,0,0
7/11/26 18:00,6.22,244,WSW,8.94,0,0
7/11/26 19:00,10.5,230,SW,13.22,0,0
7/11/26 20:00,11.27,240,WSW,13.02,0,0
7/11/26 21:00,9.33,242,WSW,14.19,0,0
7/11/26 22:00,9.33,246,WSW,13.02,0,0
7/11/26 23:00,8.16,252,WSW,10.89,0,0
7/12/26 0:00,8.75,262,W,11.86,0,0
7/12/26 1:00,9.52,260,W,14,0,0
7/12/26 2:00,8.75,246,WSW,13.22,0,0
7/12/26 3:00,9.33,243,WSW,14.38,0,0
7/12/26 4:00,12.64,241,WSW,16.33,0,0
7/12/26 5:00,7,252,WSW,11.27,0,0
7/12/26 6:00,8.94,240,WSW,13.02,0,0
7/12/26 7:00,9.72,255,WSW,13.22,0,0
7/12/26 8:00,9.91,243,WSW,13.41,0,0
7/12/26 9:00,7,255,WSW,9.91,0,0
7/12/26 10:00,8.55,226,SW,11.08,0,0
7/12/26 11:00,7.58,259,W,10.11,0,0
7/12/26 12:00,5.64,276,W,9.33,0,0
7/12/26 13:00,7.78,299,WNW,9.52,0,0
7/12/26 14:00,6.22,260,W,9.72,0,0
7/12/26 15:00,6.22,250,WSW,9.33,0,0
7/12/26 16:00,8.16,250,WSW,10.69,0,0
7/12/26 17:00,9.14,255,WSW,11.86,0,0
7/12/26 18:00,6.03,244,WSW,8.16,0,0
7/12/26 19:00,7.39,246,WSW,9.91,0,0
7/12/26 20:00,9.33,244,WSW,11.86,0,0
7/12/26 21:00,8.75,248,WSW,11.47,0,0
7/12/26 22:00,8.75,261,W,10.89,0,0
7/12/26 23:00,7.97,243,WSW,10.5,0,0
7/13/26 0:00,10.11,243,WSW,12.25,0,0
7/13/26 1:00,10.5,239,WSW,13.61,0,0
7/13/26 2:00,4.08,247,WSW,6.22,0,0
7/13/26 3:00,5.25,252,WSW,7.58,0,0
7/13/26 4:00,5.05,268,W,6.8,0,0
7/13/26 5:00,5.05,230,SW,6.61,0,0
7/13/26 6:00,6.22,220,SW,7.19,0,0
7/13/26 7:00,3.5,293,WNW,4.47,0,0
7/13/26 8:00,2.72,265,W,3.5,0,0
7/13/26 9:00,3.11,253,WSW,4.47,0,0
7/13/26 10:00,3.5,310,NW,4.28,0,0
7/13/26 11:00,3.89,313,NW,5.25,0,0
7/13/26 12:00,5.64,320,NW,5.83,0,0
7/13/26 13:00,3.69,308,NW,4.67,0,0
7/13/26 14:00,4.86,303,WNW,5.44,0,0