Date Time, Speed, Direction, Direction, Gust, X, R 
1/1/25 0:00,2.92,5,N,3.69,0,0
1/1/25 1:00,,,,,1,1
1/1/25 2:00,0.97,288,WNW,1.56,0,0
1/1/25 3:00,4.47,14,NNE,5.25,0,0
1/1/25 4:00,3.69,15,NNE,6.22,0,0
1/1/25 5:00,5.25,353,N,6.22,0,0
1/1/25 6:00,6.03,354,N,7,0,0
1/1/25 7:00,2.33,34,NE,3.11,0,0
1/1/25 8:00,2.92,354,N,4.28,0,0
1/1/25 9:00,4.86,19,NNE,8.16,0,0
1/1/25 10:00,3.89,358,N,5.64,0,0
1/1/25 11:00,2.14,13,NNE,4.08,0,0
1/1/25 12:00,2.33,346,NNW,4.86,0,0
1/1/25 13:00,3.3,337,NNW,4.86,0,0
1/1/25 14:00,7.58,350,N,9.52,0,0
1/1/25 15:00,7.58,337,NNW,10.5,0,0
1/1/25 16:00,8.75,342,NNW,10.3,0,0
1/1/25 17:00,5.05,357,N,7.78,0,0
1/1/25 18:00,6.03,328,NNW,7.78,0,0
1/1/25 19:00,5.44,354,N,7.39,0,0
1/1/25 20:00,6.61,1,N,9.14,0,0
1/1/25 21:00,4.86,349,N,7.78,0,0
1/1/25 22:00,6.22,9,N,7.97,0,0
1/1/25 23:00,5.05,9,N,7,0,0
1/2/25 0:00,6.61,17,NNE,11.27,0,0
1/2/25 1:00,8.75,350,N,9.72,0,0
1/2/25 2:00,6.61,355,N,8.55,0,0
1/2/25 3:00,8.16,349,N,9.14,0,0
1/2/25 4:00,4.86,356,N,6.22,0,0
1/2/25 5:00,3.69,33,NNE,4.67,0,0
1/2/25 6:00,4.67,4,N,6.03,0,0
1/2/25 7:00,3.89,74,ENE,8.16,0,0
1/2/25 8:00,5.44,337,NNW,7,0,0
1/2/25 9:00,5.05,46,NE,8.55,0,0
1/2/25 10:00,1.56,86,E,6.03,0,0
1/2/25 11:00,1.36,287,WNW,2.33,0,0
1/2/25 12:00,11.86,28,NNE,14.19,0,0
1/2/25 13:00,7.78,5,N,10.5,0,0
1/2/25 14:00,8.16,14,NNE,12.64,0,0
1/2/25 15:00,6.41,357,N,9.91,0,0
1/2/25 16:00,8.75,22,NNE,11.86,0,0
1/2/25 17:00,6.22,23,NNE,8.55,0,0
1/2/25 18:00,5.05,356,N,7,0,0
1/2/25 19:00,6.22,356,N,7.19,0,0
1/2/25 20:00,6.8,348,NNW,7.58,0,0
1/2/25 21:00,6.41,344,NNW,7.19,0,0
1/2/25 22:00,4.86,341,NNW,6.22,0,0
1/2/25 23:00,0.39,357,N,0.97,0,0
1/3/25 0:00,2.33,283,WNW,3.89,0,0
1/3/25 1:00,0,103,ESE,0.19,0,0
1/3/25 2:00,3.11,283,WNW,4.08,0,0
1/3/25 3:00,1.56,81,E,2.14,0,0
1/3/25 4:00,2.92,116,ESE,3.89,0,0
1/3/25 5:00,6.22,134,SE,8.55,0,0
1/3/25 6:00,5.64,155,SSE,7.78,0,0
1/3/25 7:00,7.58,125,SE,10.11,0,0
1/3/25 8:00,12.05,165,SSE,13.41,0,0
1/3/25 9:00,9.14,114,ESE,10.5,0,0
1/3/25 10:00,11.86,121,ESE,14,0,0
1/3/25 11:00,8.16,170,S,9.14,0,0
1/3/25 12:00,8.16,173,S,10.89,0,0
1/3/25 13:00,12.25,232,SW,15.55,0,0
1/3/25 14:00,11.27,251,WSW,18.86,0,0
1/3/25 15:00,12.25,260,W,16.33,0,0
1/3/25 16:00,6.41,272,W,11.27,0,0
1/3/25 17:00,4.67,328,NNW,7.19,0,0
1/3/25 18:00,3.5,228,SW,4.67,0,0
1/3/25 19:00,5.25,233,SW,6.8,0,0
1/3/25 20:00,2.53,255,WSW,4.08,0,0
1/3/25 21:00,2.53,108,ESE,2.92,0,0
1/3/25 22:00,3.3,180,S,3.69,0,0
1/3/25 23:00,6.03,185,S,7.19,0,0
1/4/25 0:00,4.28,115,ESE,5.64,0,0
1/4/25 1:00,4.86,124,SE,6.8,0,0
1/4/25 2:00,4.08,162,SSE,5.83,0,0
1/4/25 3:00,2.14,191,S,2.92,0,0
1/4/25 4:00,2.33,108,ESE,3.11,0,0
1/4/25 5:00,1.17,211,SSW,2.14,0,0
1/4/25 6:00,1.75,291,WNW,2.72,0,0
1/4/25 7:00,3.3,110,ESE,5.25,0,0
1/4/25 8:00,1.36,117,ESE,1.94,0,0
1/4/25 9:00,1.36,334,NNW,2.53,0,0
1/4/25 10:00,0.97,333,NNW,1.94,0,0
1/4/25 11:00,3.11,343,NNW,4.08,0,0
1/4/25 12:00,2.72,270,W,3.69,0,0
1/4/25 13:00,1.75,279,W,3.69,0,0
1/4/25 14:00,1.56,251,WSW,2.53,0,0
1/4/25 15:00,1.94,261,W,3.3,0,0
1/4/25 16:00,2.53,260,W,3.11,0,0
1/4/25 17:00,2.14,263,W,2.92,0,0
1/4/25 18:00,0,341,NNW,1.17,0,0
1/4/25 19:00,1.36,310,NW,4.28,0,0
1/4/25 20:00,1.36,312,NW,1.56,0,0
1/4/25 21:00,4.67,342,NNW,5.05,0,0
1/4/25 22:00,2.53,34,NE,3.11,0,0
1/4/25 23:00,2.14,346,NNW,2.33,0,0
1/5/25 0:00,2.53,87,E,3.5,0,0
1/5/25 1:00,0.97,168,SSE,2.33,0,0
1/5/25 2:00,2.14,71,ENE,2.72,0,0
1/5/25 3:00,1.75,76,ENE,2.33,0,0
1/5/25 4:00,1.56,46,NE,1.94,0,0
1/5/25 5:00,4.08,38,NE,4.86,0,0
1/5/25 6:00,2.33,342,NNW,2.92,0,0
1/5/25 7:00,4.47,1,N,5.64,0,0
1/5/25 8:00,4.28,6,N,5.05,0,0
1/5/25 9:00,3.69,353,N,5.05,0,0
1/5/25 10:00,2.92,9,N,5.44,0,0
1/5/25 11:00,4.08,9,N,6.03,0,0
1/5/25 12:00,4.67,7,N,7.19,0,0
1/5/25 13:00,3.3,270,W,5.83,0,0
1/5/25 14:00,2.92,236,SW,4.67,0,0
1/5/25 15:00,2.53,228,SW,4.86,0,0
1/5/25 16:00,3.3,279,W,5.64,0,0
1/5/25 17:00,3.3,238,WSW,4.08,0,0
1/5/25 18:00,2.72,38,NE,3.11,0,0
1/5/25 19:00,2.53,92,E,3.3,0,0
1/5/25 20:00,4.86,187,S,6.61,0,0
1/5/25 21:00,2.33,214,SW,3.11,0,0
1/5/25 22:00,2.53,105,ESE,3.11,0,0
1/5/25 23:00,0,299,WNW,0.78,0,0
1/6/25 0:00,2.72,57,ENE,3.11,0,0
1/6/25 1:00,2.53,15,NNE,3.3,0,0
1/6/25 2:00,3.5,46,NE,3.89,0,0
1/6/25 3:00,0.97,190,S,2.33,0,0
1/6/25 4:00,2.33,138,SE,3.69,0,0
1/6/25 5:00,0.39,201,SSW,1.56,0,0
1/6/25 6:00,0,281,W,0.19,0,0
1/6/25 7:00,1.94,133,SE,2.92,0,0
1/6/25 8:00,0.97,70,ENE,1.75,0,0
1/6/25 9:00,2.33,357,N,3.89,0,0
1/6/25 10:00,1.17,225,SW,1.75,0,0
1/6/25 11:00,1.75,287,WNW,5.64,0,0
1/6/25 12:00,5.83,332,NNW,6.8,0,0
1/6/25 13:00,5.44,346,NNW,7.58,0,0
1/6/25 14:00,3.11,271,W,4.86,0,0
1/6/25 15:00,5.64,305,NW,7.78,0,0
1/6/25 16:00,3.69,282,WNW,5.44,0,0
1/6/25 17:00,4.67,325,NW,7,0,0
1/6/25 18:00,5.25,351,N,5.83,0,0
1/6/25 19:00,5.64,349,N,7.39,0,0
1/6/25 20:00,7.58,3,N,10.11,0,0
1/6/25 21:00,5.25,9,N,9.33,0,0
1/6/25 22:00,5.44,7,N,7.58,0,0
1/6/25 23:00,3.3,315,NW,4.28,0,0
1/7/25 0:00,3.3,313,NW,4.86,0,0
1/7/25 1:00,8.36,356,N,10.89,0,0
1/7/25 2:00,14.58,354,N,18.86,0,0
1/7/25 3:00,13.41,347,NNW,17.49,0,0
1/7/25 4:00,8.75,328,NNW,11.86,0,0
1/7/25 5:00,4.86,315,NW,7.58,0,0
1/7/25 6:00,9.52,4,N,17.88,0,0
1/7/25 7:00,7.97,1,N,14.97,0,0
1/7/25 8:00,6.03,339,NNW,9.33,0,0
1/7/25 9:00,4.47,355,N,10.5,0,0
1/7/25 10:00,13.22,4,N,19.24,0,0
1/7/25 11:00,11.86,2,N,17.3,0,0
1/7/25 12:00,14.19,14,NNE,22.74,0,0
1/7/25 13:00,10.11,359,N,18.27,0,0
1/7/25 14:00,7.97,6,N,14.77,0,0
1/7/25 15:00,10.89,19,NNE,19.05,0,0
1/7/25 16:00,7.97,344,NNW,11.66,0,0
1/7/25 17:00,4.28,323,NW,9.14,0,0
1/7/25 18:00,10.69,20,NNE,14.97,0,0
1/7/25 19:00,10.89,17,NNE,17.11,0,0
1/7/25 20:00,9.91,346,NNW,12.25,0,0
1/7/25 21:00,10.5,333,NNW,14.77,0,0
1/7/25 22:00,13.41,9,N,18.08,0,0
1/7/25 23:00,14.77,14,NNE,26.82,0,0
1/8/25 0:00,10.5,14,NNE,16.72,0,0
1/8/25 1:00,18.66,30,NNE,23.13,0,0
1/8/25 2:00,7.39,351,N,9.33,0,0
1/8/25 3:00,4.47,343,NNW,8.16,0,0
1/8/25 4:00,7,21,NNE,11.27,0,0
1/8/25 5:00,1.75,354,N,4.08,0,0
1/8/25 6:00,,,,,1,1
1/8/25 7:00,3.3,46,NE,4.67,0,0
1/8/25 8:00,2.14,83,E,2.92,0,0
1/8/25 9:00,5.25,139,SE,7.97,0,0
1/8/25 10:00,0.39,210,SSW,1.36,0,0
1/8/25 11:00,4.86,187,S,6.03,0,0
1/8/25 12:00,3.69,186,S,5.44,0,0
1/8/25 13:00,3.69,182,S,4.67,0,0
1/8/25 14:00,,,,,1,1
1/8/25 15:00,1.17,198,SSW,3.11,0,0
1/8/25 16:00,1.36,95,E,1.94,0,0
1/8/25 17:00,3.11,79,E,3.5,0,0
1/8/25 18:00,3.11,103,ESE,4.28,0,0
1/8/25 19:00,4.86,128,SE,6.41,0,0
1/8/25 20:00,5.05,177,S,5.83,0,0
1/8/25 21:00,0,180,S,0.97,0,0
1/8/25 22:00,6.8,354,N,7.58,0,0
1/8/25 23:00,7,340,NNW,7.97,0,0
1/9/25 0:00,1.94,38,NE,2.72,0,0
1/9/25 1:00,6.61,350,N,9.14,0,0
1/9/25 2:00,11.66,342,NNW,12.25,0,0
1/9/25 3:00,11.47,341,NNW,13.8,0,0
1/9/25 4:00,8.36,342,NNW,9.72,0,0
1/9/25 5:00,7.78,333,NNW,9.14,0,0
1/9/25 6:00,4.47,355,N,5.64,0,0
1/9/25 7:00,6.61,0,N,9.33,0,0
1/9/25 8:00,4.67,356,N,6.41,0,0
1/9/25 9:00,0.97,41,NE,2.33,0,0
1/9/25 10:00,0.97,268,W,1.17,0,0
1/9/25 11:00,0.97,112,ESE,1.94,0,0
1/9/25 12:00,2.53,135,SE,3.89,0,0
1/9/25 13:00,2.72,184,S,3.69,0,0
1/9/25 14:00,,,,,1,1
1/9/25 15:00,1.17,103,ESE,1.75,0,0
1/9/25 16:00,0.19,214,SW,0.58,0,0
1/9/25 17:00,1.75,258,WSW,2.14,0,0
1/9/25 18:00,0,60,ENE,1.17,0,0
1/9/25 19:00,3.11,94,E,4.08,0,0
1/9/25 20:00,3.11,85,E,3.3,0,0
1/9/25 21:00,2.33,73,ENE,4.08,0,0
1/9/25 22:00,1.56,268,W,3.11,0,0
1/9/25 23:00,,,,,1,1
1/10/25 0:00,0.39,174,S,3.3,0,0
1/10/25 1:00,3.89,95,E,7.58,0,0
1/10/25 2:00,2.72,91,E,6.22,0,0
1/10/25 3:00,3.69,318,NW,4.28,0,0
1/10/25 4:00,2.92,346,NNW,3.5,0,0
1/10/25 5:00,5.05,340,NNW,5.64,0,0
1/10/25 6:00,9.14,344,NNW,9.72,0,0
1/10/25 7:00,1.94,46,NE,2.53,0,0
1/10/25 8:00,1.94,70,ENE,3.3,0,0
1/10/25 9:00,1.75,348,NNW,2.53,0,0
1/10/25 10:00,1.36,199,SSW,2.72,0,0
1/10/25 11:00,2.14,222,SW,2.53,0,0
1/10/25 12:00,4.47,112,ESE,5.05,0,0
1/10/25 13:00,4.47,193,SSW,5.44,0,0
1/10/25 14:00,8.36,197,SSW,10.11,0,0
1/10/25 15:00,8.36,214,SW,11.66,0,0
1/10/25 16:00,9.72,226,SW,12.05,0,0
1/10/25 17:00,10.89,222,SW,12.64,0,0
1/10/25 18:00,9.33,203,SSW,12.64,0,0
1/10/25 19:00,6.03,244,WSW,9.14,0,0
1/10/25 20:00,4.08,116,ESE,4.67,0,0
1/10/25 21:00,0,324,NW,0,0,0
1/10/25 22:00,2.72,146,SE,4.08,0,0
1/10/25 23:00,3.89,218,SW,5.05,0,0
1/11/25 0:00,1.75,18,NNE,3.11,0,0
1/11/25 1:00,4.47,358,N,6.61,0,0
1/11/25 2:00,7,7,N,9.72,0,0
1/11/25 3:00,6.03,347,NNW,8.75,0,0
1/11/25 4:00,6.22,335,NNW,9.52,0,0
1/11/25 5:00,5.64,332,NNW,7.39,0,0
1/11/25 6:00,2.72,22,NNE,3.5,0,0
1/11/25 7:00,5.05,5,N,8.55,0,0
1/11/25 8:00,9.14,341,NNW,11.08,0,0
1/11/25 9:00,9.52,357,N,15.55,0,0
1/11/25 10:00,10.89,346,NNW,15.16,0,0
1/11/25 11:00,9.14,354,N,14,0,0
1/11/25 12:00,15.75,343,NNW,23.33,0,0
1/11/25 13:00,12.64,330,NNW,17.88,0,0
1/11/25 14:00,12.44,351,N,20.99,0,0
1/11/25 15:00,16.13,7,N,23.71,0,0
1/11/25 16:00,14,9,N,22.35,0,0
1/11/25 17:00,10.89,348,NNW,15.94,0,0
1/11/25 18:00,12.05,357,N,18.47,0,0
1/11/25 19:00,12.64,349,N,18.86,0,0
1/11/25 20:00,9.91,354,N,14.38,0,0
1/11/25 21:00,11.27,354,N,15.36,0,0
1/11/25 22:00,14.38,339,NNW,18.47,0,0
1/11/25 23:00,10.89,346,NNW,14.97,0,0
1/12/25 0:00,7,19,NNE,9.14,0,0
1/12/25 1:00,6.22,353,N,11.66,0,0
1/12/25 2:00,12.05,353,N,15.94,0,0
1/12/25 3:00,10.69,351,N,15.16,0,0
1/12/25 4:00,11.08,347,NNW,13.61,0,0
1/12/25 5:00,7.97,337,NNW,10.11,0,0
1/12/25 6:00,4.67,320,NW,6.22,0,0
1/12/25 7:00,4.67,339,NNW,6.61,0,0
1/12/25 8:00,3.3,32,NNE,5.64,0,0
1/12/25 9:00,,,,,1,1
1/12/25 10:00,5.44,349,N,8.94,0,0
1/12/25 11:00,5.25,347,NNW,8.94,0,0
1/12/25 12:00,8.55,336,NNW,12.05,0,0
1/12/25 13:00,11.66,9,N,16.13,0,0
1/12/25 14:00,10.89,6,N,15.36,0,0
1/12/25 15:00,11.08,2,N,15.36,0,0
1/12/25 16:00,1.75,52,NE,7.19,0,0
1/12/25 17:00,1.36,70,ENE,4.67,0,0
1/12/25 18:00,,,,,1,1
1/12/25 19:00,1.75,270,W,2.53,0,0
1/12/25 20:00,2.92,98,E,4.86,0,0
1/12/25 21:00,5.05,191,S,5.83,0,0
1/12/25 22:00,5.83,189,S,6.8,0,0
1/12/25 23:00,6.22,171,S,7.19,0,0
1/13/25 0:00,6.61,347,NNW,7.39,0,0
1/13/25 1:00,9.14,346,NNW,10.5,0,0
1/13/25 2:00,5.83,25,NNE,7.78,0,0
1/13/25 3:00,16.13,37,NE,22.35,0,0
1/13/25 4:00,10.69,48,NE,16.33,0,0
1/13/25 5:00,19.05,40,NE,22.55,0,0
1/13/25 6:00,15.75,42,NE,21.77,0,0
1/13/25 7:00,9.91,44,NE,12.83,0,0
1/13/25 8:00,2.92,12,NNE,8.16,0,0
1/13/25 9:00,5.64,6,N,11.86,0,0
1/13/25 10:00,16.72,36,NE,20.99,0,0
1/13/25 11:00,11.47,29,NNE,20.02,0,0
1/13/25 12:00,14.77,41,NE,19.83,0,0
1/13/25 13:00,7.19,43,NE,14,0,0
1/13/25 14:00,12.64,39,NE,20.22,0,0
1/13/25 15:00,5.64,37,NE,14.38,0,0
1/13/25 16:00,4.28,36,NE,6.8,0,0
1/13/25 17:00,2.33,58,ENE,7,0,0
1/13/25 18:00,,,,,1,1
1/13/25 19:00,6.03,290,WNW,7,0,0
1/13/25 20:00,1.94,79,E,2.33,0,0
1/13/25 21:00,2.33,82,E,2.92,0,0
1/13/25 22:00,1.17,104,ESE,1.75,0,0
1/13/25 23:00,3.69,170,S,4.47,0,0
1/14/25 0:00,4.67,118,ESE,5.25,0,0
1/14/25 1:00,3.69,107,ESE,4.86,0,0
1/14/25 2:00,2.53,117,ESE,3.3,0,0
1/14/25 3:00,3.89,350,N,5.05,0,0
1/14/25 4:00,0.19,359,N,0.78,0,0
1/14/25 5:00,5.25,17,NNE,6.03,0,0
1/14/25 6:00,6.8,335,NNW,7.19,0,0
1/14/25 7:00,8.75,343,NNW,9.33,0,0
1/14/25 8:00,5.44,343,NNW,6.22,0,0
1/14/25 9:00,3.69,320,NW,4.47,0,0
1/14/25 10:00,1.94,326,NW,2.92,0,0
1/14/25 11:00,2.92,272,W,3.5,0,0
1/14/25 12:00,3.11,255,WSW,4.28,0,0
1/14/25 13:00,2.92,266,W,5.64,0,0
1/14/25 14:00,4.28,290,WNW,6.61,0,0
1/14/25 15:00,4.08,309,NW,6.8,0,0
1/14/25 16:00,4.47,283,WNW,7.19,0,0
1/14/25 17:00,5.64,291,WNW,7.78,0,0
1/14/25 18:00,5.83,12,NNE,8.16,0,0
1/14/25 19:00,4.28,339,NNW,5.05,0,0
1/14/25 20:00,2.14,284,WNW,3.11,0,0
1/14/25 21:00,5.25,352,N,7.78,0,0
1/14/25 22:00,9.72,357,N,11.47,0,0
1/14/25 23:00,9.52,351,N,10.69,0,0
1/15/25 0:00,12.25,345,NNW,13.22,0,0
1/15/25 1:00,6.41,353,N,8.16,0,0
1/15/25 2:00,2.33,32,NNE,3.3,0,0
1/15/25 3:00,2.92,17,NNE,4.08,0,0
1/15/25 4:00,8.16,351,N,9.33,0,0
1/15/25 5:00,9.33,354,N,12.05,0,0
1/15/25 6:00,7.58,356,N,9.52,0,0
1/15/25 7:00,5.05,1,N,7.19,0,0
1/15/25 8:00,6.61,356,N,9.72,0,0
1/15/25 9:00,5.64,360,N,7.58,0,0
1/15/25 10:00,6.22,333,NNW,7.19,0,0
1/15/25 11:00,8.36,333,NNW,10.69,0,0
1/15/25 12:00,9.52,332,NNW,11.47,0,0
1/15/25 13:00,4.28,267,W,8.75,0,0
1/15/25 14:00,5.44,267,W,7.97,0,0
1/15/25 15:00,5.83,279,W,7.39,0,0
1/15/25 16:00,5.05,270,W,6.22,0,0
1/15/25 17:00,1.36,24,NNE,3.69,0,0
1/15/25 18:00,3.5,42,NE,4.67,0,0
1/15/25 19:00,,,,,1,1
1/15/25 20:00,0.58,297,WNW,0.97,0,0
1/15/25 21:00,7.19,357,N,8.36,0,0
1/15/25 22:00,6.03,0,N,6.61,0,0
1/15/25 23:00,5.44,352,N,6.61,0,0
1/16/25 0:00,6.8,352,N,7.97,0,0
1/16/25 1:00,8.75,350,N,9.91,0,0
1/16/25 2:00,9.33,350,N,11.66,0,0
1/16/25 3:00,11.66,350,N,14.19,0,0
1/16/25 4:00,5.83,18,NNE,10.11,0,0
1/16/25 5:00,3.69,1,N,5.44,0,0
1/16/25 6:00,6.03,328,NNW,8.75,0,0
1/16/25 7:00,7,353,N,8.36,0,0
1/16/25 8:00,5.25,33,NNE,6.03,0,0
1/16/25 9:00,3.69,27,NNE,4.86,0,0
1/16/25 10:00,0.19,93,E,0.97,0,0
1/16/25 11:00,4.47,267,W,5.25,0,0
1/16/25 12:00,5.64,264,W,7,0,0
1/16/25 13:00,7.97,314,NW,10.3,0,0
1/16/25 14:00,4.86,269,W,6.22,0,0
1/16/25 15:00,2.14,265,W,3.89,0,0
1/16/25 16:00,2.53,233,SW,4.67,0,0
1/16/25 17:00,,,,,1,1
1/16/25 18:00,0.58,175,S,1.75,0,0
1/16/25 19:00,3.89,197,SSW,6.03,0,0
1/16/25 20:00,2.33,227,SW,3.11,0,0
1/16/25 21:00,2.53,186,S,4.08,0,0
1/16/25 22:00,3.11,326,NW,3.69,0,0
1/16/25 23:00,0.19,55,NE,2.33,0,0
1/17/25 0:00,2.33,219,SW,3.5,0,0
1/17/25 1:00,,,,,1,1
1/17/25 2:00,5.83,200,SSW,7.19,0,0
1/17/25 3:00,9.14,186,S,11.27,0,0
1/17/25 4:00,6.8,227,SW,10.11,0,0
1/17/25 5:00,7.58,210,SSW,11.08,0,0
1/17/25 6:00,4.67,220,SW,5.83,0,0
1/17/25 7:00,6.22,359,N,7.58,0,0
1/17/25 8:00,2.72,355,N,3.69,0,0
1/17/25 9:00,1.75,8,N,2.53,0,0
1/17/25 10:00,2.33,188,S,4.67,0,0
1/17/25 11:00,7.78,197,SSW,10.5,0,0
1/17/25 12:00,7.78,188,S,9.52,0,0
1/17/25 13:00,7.39,210,SSW,9.91,0,0
1/17/25 14:00,9.52,216,SW,11.86,0,0
1/17/25 15:00,9.14,221,SW,11.86,0,0
1/17/25 16:00,10.5,228,SW,12.05,0,0
1/17/25 17:00,7.97,261,W,12.25,0,0
1/17/25 18:00,6.61,269,W,8.94,0,0
1/17/25 19:00,4.67,276,W,6.61,0,0
1/17/25 20:00,1.94,352,N,3.5,0,0
1/17/25 21:00,1.36,41,NE,1.94,0,0
1/17/25 22:00,2.14,317,NW,2.92,0,0
1/17/25 23:00,1.17,279,W,2.33,0,0
1/18/25 0:00,1.36,308,NW,3.5,0,0
1/18/25 1:00,1.75,288,WNW,3.3,0,0
1/18/25 2:00,2.92,279,W,3.89,0,0
1/18/25 3:00,0.19,305,NW,1.94,0,0
1/18/25 4:00,1.56,310,NW,3.3,0,0
1/18/25 5:00,,,,,1,1
1/18/25 6:00,3.11,333,NNW,5.05,0,0
1/18/25 7:00,7.78,32,NNE,8.94,0,0
1/18/25 8:00,3.89,27,NNE,6.41,0,0
1/18/25 9:00,6.03,33,NNE,7.39,0,0
1/18/25 10:00,2.14,354,N,4.08,0,0
1/18/25 11:00,4.67,339,NNW,7,0,0
1/18/25 12:00,6.41,327,NNW,10.11,0,0
1/18/25 13:00,9.14,340,NNW,11.08,0,0
1/18/25 14:00,1.75,318,NW,4.67,0,0
1/18/25 15:00,3.11,225,SW,4.86,0,0
1/18/25 16:00,1.94,246,WSW,4.47,0,0
1/18/25 17:00,2.14,265,W,3.69,0,0
1/18/25 18:00,0.97,303,WNW,1.36,0,0
1/18/25 19:00,0.58,224,SW,1.56,0,0
1/18/25 20:00,1.94,38,NE,2.53,0,0
1/18/25 21:00,1.17,348,NNW,1.94,0,0
1/18/25 22:00,3.5,24,NNE,4.08,0,0
1/18/25 23:00,3.11,350,N,3.69,0,0
1/19/25 0:00,5.25,350,N,5.44,0,0
1/19/25 1:00,6.61,10,N,7.58,0,0
1/19/25 2:00,6.03,355,N,8.16,0,0
1/19/25 3:00,4.86,13,NNE,7.19,0,0
1/19/25 4:00,0.39,19,NNE,1.75,0,0
1/19/25 5:00,2.72,119,ESE,4.47,0,0
1/19/25 6:00,4.08,188,S,6.41,0,0
1/19/25 7:00,3.89,110,ESE,4.86,0,0
1/19/25 8:00,5.25,357,N,7,0,0
1/19/25 9:00,6.22,353,N,8.16,0,0
1/19/25 10:00,7,347,NNW,8.36,0,0
1/19/25 11:00,5.25,348,NNW,6.8,0,0
1/19/25 12:00,4.47,339,NNW,5.25,0,0
1/19/25 13:00,0.78,355,N,2.92,0,0
1/19/25 14:00,2.72,112,ESE,3.89,0,0
1/19/25 15:00,2.72,176,S,3.69,0,0
1/19/25 16:00,3.69,176,S,5.25,0,0
1/19/25 17:00,3.89,221,SW,5.25,0,0
1/19/25 18:00,0.97,178,S,1.75,0,0
1/19/25 19:00,0.39,291,WNW,1.75,0,0
1/19/25 20:00,5.05,353,N,7,0,0
1/19/25 21:00,2.53,346,NNW,5.05,0,0
1/19/25 22:00,2.33,329,NNW,3.3,0,0
1/19/25 23:00,5.25,323,NW,7.19,0,0
1/20/25 0:00,3.11,25,NNE,3.89,0,0
1/20/25 1:00,1.75,116,ESE,4.67,0,0
1/20/25 2:00,0.39,354,N,1.17,0,0
1/20/25 3:00,3.3,22,NNE,5.64,0,0
1/20/25 4:00,4.08,11,N,6.41,0,0
1/20/25 5:00,5.44,348,NNW,8.55,0,0
1/20/25 6:00,6.61,332,NNW,8.94,0,0
1/20/25 7:00,3.5,342,NNW,4.28,0,0
1/20/25 8:00,5.05,331,NNW,7,0,0
1/20/25 9:00,3.3,309,NW,5.44,0,0
1/20/25 10:00,6.61,25,NNE,8.55,0,0
1/20/25 11:00,10.5,24,NNE,16.91,0,0
1/20/25 12:00,10.69,24,NNE,15.16,0,0
1/20/25 13:00,6.8,27,NNE,14.38,0,0
1/20/25 14:00,9.72,11,N,13.8,0,0
1/20/25 15:00,4.86,46,NE,9.33,0,0
1/20/25 16:00,7.19,46,NE,14.38,0,0
1/20/25 17:00,3.11,47,NE,8.16,0,0
1/20/25 18:00,2.92,81,E,6.22,0,0
1/20/25 19:00,3.89,108,ESE,7.39,0,0
1/20/25 20:00,1.75,238,WSW,2.53,0,0
1/20/25 21:00,2.33,137,SE,5.05,0,0
1/20/25 22:00,3.3,129,SE,3.89,0,0
1/20/25 23:00,2.53,240,WSW,3.89,0,0
1/21/25 0:00,3.11,110,ESE,3.89,0,0
1/21/25 1:00,3.5,166,SSE,4.08,0,0
1/21/25 2:00,1.75,294,WNW,2.14,0,0
1/21/25 3:00,7.97,354,N,8.94,0,0
1/21/25 4:00,10.3,355,N,12.64,0,0
1/21/25 5:00,13.22,348,NNW,14.58,0,0
1/21/25 6:00,4.67,347,NNW,6.22,0,0
1/21/25 7:00,6.8,8,N,7.58,0,0
1/21/25 8:00,7.97,358,N,9.52,0,0
1/21/25 9:00,8.55,349,N,12.05,0,0
1/21/25 10:00,8.94,343,NNW,11.47,0,0
1/21/25 11:00,7.97,336,NNW,10.11,0,0
1/21/25 12:00,7.19,332,NNW,8.55,0,0
1/21/25 13:00,2.72,255,WSW,4.67,0,0
1/21/25 14:00,4.86,337,NNW,6.41,0,0
1/21/25 15:00,2.72,229,SW,3.69,0,0
1/21/25 16:00,7,7,N,9.72,0,0
1/21/25 17:00,5.05,340,NNW,6.41,0,0
1/21/25 18:00,5.83,33,NNE,8.36,0,0
1/21/25 19:00,0.19,0,N,1.94,0,0
1/21/25 20:00,2.92,309,NW,3.5,0,0
1/21/25 21:00,6.61,353,N,7.58,0,0
1/21/25 22:00,9.14,347,NNW,10.3,0,0
1/21/25 23:00,8.94,358,N,12.05,0,0
1/22/25 0:00,9.52,351,N,11.08,0,0
1/22/25 1:00,11.47,345,NNW,13.22,0,0
1/22/25 2:00,9.52,353,N,11.86,0,0
1/22/25 3:00,8.75,353,N,10.3,0,0
1/22/25 4:00,9.52,354,N,10.89,0,0
1/22/25 5:00,5.64,17,NNE,8.36,0,0
1/22/25 6:00,5.64,356,N,7.97,0,0
1/22/25 7:00,6.8,354,N,7.97,0,0
1/22/25 8:00,8.55,357,N,10.89,0,0
1/22/25 9:00,8.16,348,NNW,10.69,0,0
1/22/25 10:00,9.52,344,NNW,12.05,0,0
1/22/25 11:00,6.61,334,NNW,10.11,0,0
1/22/25 12:00,6.8,332,NNW,8.16,0,0
1/22/25 13:00,2.53,269,W,4.47,0,0
1/22/25 14:00,1.75,202,SSW,2.53,0,0
1/22/25 15:00,4.86,331,NNW,6.61,0,0
1/22/25 16:00,3.11,332,NNW,4.08,0,0
1/22/25 17:00,2.33,49,NE,3.89,0,0
1/22/25 18:00,3.3,51,NE,3.5,0,0
1/22/25 19:00,2.33,21,NNE,2.92,0,0
1/22/25 20:00,6.61,354,N,8.94,0,0
1/22/25 21:00,5.05,326,NW,6.41,0,0
1/22/25 22:00,4.47,317,NW,7.97,0,0
1/22/25 23:00,11.47,344,NNW,13.02,0,0
1/23/25 0:00,9.14,351,N,10.5,0,0
1/23/25 1:00,9.72,347,NNW,11.08,0,0
1/23/25 2:00,8.16,349,N,9.14,0,0
1/23/25 3:00,7.78,344,NNW,9.52,0,0
1/23/25 4:00,7.97,347,NNW,9.33,0,0
1/23/25 5:00,1.17,45,NE,3.3,0,0
1/23/25 6:00,17.11,44,NE,23.91,0,0
1/23/25 7:00,5.44,40,NE,8.75,0,0
1/23/25 8:00,3.3,48,NE,9.52,0,0
1/23/25 9:00,7,44,NE,11.86,0,0
1/23/25 10:00,5.64,51,NE,13.22,0,0
1/23/25 11:00,10.89,42,NE,17.11,0,0
1/23/25 12:00,2.53,99,E,6.41,0,0
1/23/25 13:00,,,,,1,1
1/23/25 14:00,1.17,11,N,3.11,0,0
1/23/25 15:00,5.44,34,NE,9.91,0,0
1/23/25 16:00,7,31,NNE,9.33,0,0
1/23/25 17:00,6.22,12,NNE,8.55,0,0
1/23/25 18:00,7.58,349,N,9.14,0,0
1/23/25 19:00,7.97,340,NNW,8.75,0,0
1/23/25 20:00,7.19,356,N,9.14,0,0
1/23/25 21:00,8.94,345,NNW,9.91,0,0
1/23/25 22:00,7.78,355,N,9.52,0,0
1/23/25 23:00,9.72,0,N,12.44,0,0
1/24/25 0:00,8.36,345,NNW,9.14,0,0
1/24/25 1:00,3.69,325,NW,6.8,0,0
1/24/25 2:00,6.8,355,N,8.75,0,0
1/24/25 3:00,9.91,354,N,12.83,0,0
1/24/25 4:00,8.75,355,N,11.27,0,0
1/24/25 5:00,4.86,4,N,7.39,0,0
1/24/25 6:00,6.61,358,N,8.36,0,0
1/24/25 7:00,7.97,341,NNW,10.11,0,0
1/24/25 8:00,12.44,342,NNW,14.97,0,0
1/24/25 9:00,6.03,349,N,8.36,0,0
1/24/25 10:00,4.86,339,NNW,6.22,0,0
1/24/25 11:00,4.67,330,NNW,6.41,0,0
1/24/25 12:00,8.55,330,NNW,10.89,0,0
1/24/25 13:00,9.14,330,NNW,13.22,0,0
1/24/25 14:00,4.67,331,NNW,6.61,0,0
1/24/25 15:00,8.16,331,NNW,9.52,0,0
1/24/25 16:00,5.44,333,NNW,7.97,0,0
1/24/25 17:00,4.47,235,SW,5.64,0,0
1/24/25 18:00,0.58,230,SW,0.97,0,0
1/24/25 19:00,2.72,161,SSE,3.5,0,0
1/24/25 20:00,3.69,113,ESE,4.86,0,0
1/24/25 21:00,3.11,190,S,3.89,0,0
1/24/25 22:00,7.58,214,SW,12.44,0,0
1/24/25 23:00,13.02,184,S,14.38,0,0
1/25/25 0:00,10.89,188,S,12.05,0,0
1/25/25 1:00,8.16,199,SSW,11.86,0,0
1/25/25 2:00,7.39,177,S,8.75,0,0
1/25/25 3:00,5.64,347,NNW,8.16,0,0
1/25/25 4:00,3.3,34,NE,4.67,0,0
1/25/25 5:00,2.33,134,SE,3.69,0,0
1/25/25 6:00,3.69,40,NE,4.86,0,0
1/25/25 7:00,7.58,357,N,9.72,0,0
1/25/25 8:00,5.25,1,N,6.8,0,0
1/25/25 9:00,3.69,352,N,6.22,0,0
1/25/25 10:00,3.11,341,NNW,4.86,0,0
1/25/25 11:00,1.56,203,SSW,3.11,0,0
1/25/25 12:00,3.3,187,S,4.08,0,0
1/25/25 13:00,5.25,217,SW,7.58,0,0
1/25/25 14:00,6.61,218,SW,7.97,0,0
1/25/25 15:00,5.25,216,SW,7.39,0,0
1/25/25 16:00,3.11,278,W,3.89,0,0
1/25/25 17:00,4.67,229,SW,5.83,0,0
1/25/25 18:00,3.5,262,W,5.64,0,0
1/25/25 19:00,9.72,330,NNW,24.1,0,0
1/25/25 20:00,8.36,32,NNE,10.89,0,0
1/25/25 21:00,5.25,29,NNE,8.16,0,0
1/25/25 22:00,1.17,184,S,1.56,0,0
1/25/25 23:00,4.47,43,NE,5.25,0,0
1/26/25 0:00,5.83,40,NE,10.11,0,0
1/26/25 1:00,2.92,44,NE,5.83,0,0
1/26/25 2:00,15.16,32,NNE,19.63,0,0
1/26/25 3:00,12.64,42,NE,17.88,0,0
1/26/25 4:00,6.22,43,NE,10.69,0,0
1/26/25 5:00,8.55,41,NE,14.97,0,0
1/26/25 6:00,13.8,41,NE,18.66,0,0
1/26/25 7:00,12.83,44,NE,17.3,0,0
1/26/25 8:00,15.94,45,NE,20.8,0,0
1/26/25 9:00,15.16,33,NNE,20.02,0,0
1/26/25 10:00,7.58,21,NNE,17.69,0,0
1/26/25 11:00,12.44,40,NE,20.02,0,0
1/26/25 12:00,14.77,42,NE,17.88,0,0
1/26/25 13:00,10.3,38,NE,16.72,0,0
1/26/25 14:00,8.16,350,N,14.58,0,0
1/26/25 15:00,8.36,4,N,14.58,0,0
1/26/25 16:00,6.61,24,NNE,12.64,0,0
1/26/25 17:00,3.69,34,NE,5.05,0,0
1/26/25 18:00,3.69,40,NE,4.86,0,0
1/26/25 19:00,4.08,314,NW,7.19,0,0
1/26/25 20:00,3.69,351,N,4.47,0,0
1/26/25 21:00,1.56,56,NE,1.75,0,0
1/26/25 22:00,5.64,358,N,7,0,0
1/26/25 23:00,6.03,336,NNW,7.39,0,0
1/27/25 0:00,7.58,356,N,9.14,0,0
1/27/25 1:00,4.47,342,NNW,5.83,0,0
1/27/25 2:00,3.5,24,NNE,4.08,0,0
1/27/25 3:00,2.72,100,E,3.5,0,0
1/27/25 4:00,1.94,95,E,2.72,0,0
1/27/25 5:00,1.56,139,SE,2.72,0,0
1/27/25 6:00,2.14,133,SE,2.92,0,0
1/27/25 7:00,3.3,107,ESE,4.67,0,0
1/27/25 8:00,2.72,107,ESE,3.5,0,0
1/27/25 9:00,3.5,123,ESE,4.47,0,0
1/27/25 10:00,4.28,147,SSE,5.83,0,0
1/27/25 11:00,4.08,177,S,5.05,0,0
1/27/25 12:00,3.5,196,SSW,4.47,0,0
1/27/25 13:00,4.67,229,SW,5.44,0,0
1/27/25 14:00,5.05,203,SSW,7.78,0,0
1/27/25 15:00,,,,,1,1
1/27/25 16:00,7.78,223,SW,9.33,0,0
1/27/25 17:00,4.28,202,SSW,6.22,0,0
1/27/25 18:00,3.69,227,SW,5.05,0,0
1/27/25 19:00,2.53,62,ENE,3.3,0,0
1/27/25 20:00,1.56,104,ESE,2.53,0,0
1/27/25 21:00,3.11,236,SW,4.86,0,0
1/27/25 22:00,1.36,118,ESE,2.33,0,0
1/27/25 23:00,1.56,264,W,2.14,0,0
1/28/25 0:00,1.56,252,WSW,1.94,0,0
1/28/25 1:00,0.19,113,ESE,1.17,0,0
1/28/25 2:00,2.33,148,SSE,5.05,0,0
1/28/25 3:00,1.75,126,SE,2.53,0,0
1/28/25 4:00,1.36,275,W,2.14,0,0
1/28/25 5:00,3.69,8,N,4.86,0,0
1/28/25 6:00,3.5,33,NNE,4.47,0,0
1/28/25 7:00,6.41,346,NNW,7.19,0,0
1/28/25 8:00,2.72,22,NNE,3.5,0,0
1/28/25 9:00,3.69,29,NNE,4.28,0,0
1/28/25 10:00,2.72,166,SSE,3.5,0,0
1/28/25 11:00,2.33,172,S,3.69,0,0
1/28/25 12:00,2.33,143,SE,4.28,0,0
1/28/25 13:00,4.67,213,SSW,6.41,0,0
1/28/25 14:00,7,207,SSW,9.91,0,0
1/28/25 15:00,6.41,211,SSW,9.33,0,0
1/28/25 16:00,7,220,SW,8.75,0,0
1/28/25 17:00,5.83,226,SW,7.58,0,0
1/28/25 18:00,6.41,227,SW,9.33,0,0
1/28/25 19:00,2.72,310,NW,4.28,0,0
1/28/25 20:00,1.56,309,NW,1.94,0,0
1/28/25 21:00,2.33,21,NNE,2.92,0,0
1/28/25 22:00,1.75,298,WNW,2.92,0,0
1/28/25 23:00,2.14,44,NE,4.08,0,0
1/29/25 0:00,2.92,174,S,3.69,0,0
1/29/25 1:00,4.08,194,SSW,5.44,0,0
1/29/25 2:00,5.44,175,S,6.61,0,0
1/29/25 3:00,2.33,241,WSW,3.69,0,0
1/29/25 4:00,4.08,206,SSW,6.03,0,0
1/29/25 5:00,5.25,241,WSW,6.61,0,0
1/29/25 6:00,3.5,261,W,5.25,0,0
1/29/25 7:00,1.75,315,NW,2.92,0,0
1/29/25 8:00,1.94,245,WSW,2.92,0,0
1/29/25 9:00,2.72,270,W,3.69,0,0
1/29/25 10:00,1.75,274,W,2.53,0,0
1/29/25 11:00,0.78,192,SSW,1.75,0,0
1/29/25 12:00,1.36,203,SSW,2.72,0,0
1/29/25 13:00,2.33,200,SSW,3.3,0,0
1/29/25 14:00,3.5,177,S,4.86,0,0
1/29/25 15:00,4.47,201,SSW,6.03,0,0
1/29/25 16:00,7.19,229,SW,8.36,0,0
1/29/25 17:00,4.47,260,W,7.97,0,0
1/29/25 18:00,6.8,262,W,8.55,0,0
1/29/25 19:00,5.05,286,WNW,7,0,0
1/29/25 20:00,5.44,319,NW,7.19,0,0
1/29/25 21:00,4.47,320,NW,6.41,0,0
1/29/25 22:00,4.08,298,WNW,5.83,0,0
1/29/25 23:00,3.5,282,WNW,5.05,0,0
1/30/25 0:00,2.33,311,NW,3.3,0,0
1/30/25 1:00,2.72,291,WNW,4.67,0,0
1/30/25 2:00,4.67,309,NW,7,0,0
1/30/25 3:00,3.3,312,NW,4.86,0,0
1/30/25 4:00,3.3,317,NW,4.28,0,0
1/30/25 5:00,4.86,333,NNW,5.83,0,0
1/30/25 6:00,6.22,333,NNW,7.58,0,0
1/30/25 7:00,5.25,19,NNE,7.19,0,0
1/30/25 8:00,0.39,3,N,1.36,0,0
1/30/25 9:00,4.86,349,N,7,0,0
1/30/25 10:00,4.28,5,N,6.03,0,0
1/30/25 11:00,2.92,20,NNE,4.08,0,0
1/30/25 12:00,1.17,270,W,3.5,0,0
1/30/25 13:00,0.78,139,SE,2.14,0,0
1/30/25 14:00,2.14,159,SSE,2.92,0,0
1/30/25 15:00,3.69,111,ESE,4.67,0,0
1/30/25 16:00,3.5,180,S,4.67,0,0
1/30/25 17:00,2.72,182,S,3.3,0,0
1/30/25 18:00,6.22,265,W,8.55,0,0
1/30/25 19:00,4.08,256,WSW,6.22,0,0
1/30/25 20:00,2.72,288,WNW,3.3,0,0
1/30/25 21:00,1.56,308,NW,2.14,0,0
1/30/25 22:00,1.94,111,ESE,2.92,0,0
1/30/25 23:00,0.39,105,ESE,3.3,0,0
1/31/25 0:00,7.97,115,ESE,8.94,0,0
1/31/25 1:00,8.75,149,SSE,12.25,0,0
1/31/25 2:00,7.58,155,SSE,11.08,0,0
1/31/25 3:00,7.58,134,SE,12.05,0,0
1/31/25 4:00,6.8,125,SE,9.52,0,0
1/31/25 5:00,6.41,138,SE,8.75,0,0
1/31/25 6:00,6.8,127,SE,9.33,0,0
1/31/25 7:00,7.58,131,SE,10.69,0,0
1/31/25 8:00,7.19,141,SE,9.91,0,0
1/31/25 9:00,8.55,150,SSE,11.27,0,0
1/31/25 10:00,8.94,153,SSE,13.02,0,0
1/31/25 11:00,12.44,141,SE,18.86,0,0
1/31/25 12:00,12.44,159,SSE,16.72,0,0
1/31/25 13:00,8.16,147,SSE,12.05,0,0
1/31/25 14:00,10.89,151,SSE,15.94,0,0
1/31/25 15:00,7.78,123,ESE,10.69,0,0
1/31/25 16:00,8.36,129,SE,11.66,0,0
1/31/25 17:00,10.3,124,SE,13.41,0,0
1/31/25 18:00,7.39,123,ESE,9.72,0,0
1/31/25 19:00,7.78,135,SE,13.22,0,0
1/31/25 20:00,8.36,114,ESE,9.91,0,0
1/31/25 21:00,8.55,115,ESE,9.91,0,0
1/31/25 22:00,2.92,141,SE,5.64,0,0
1/31/25 23:00,7.58,123,ESE,10.5,0,0
2/1/25 0:00,6.61,137,SE,10.5,0,0
2/1/25 1:00,9.91,123,ESE,11.66,0,0
2/1/25 2:00,5.25,139,SE,8.94,0,0
2/1/25 3:00,8.55,172,S,10.69,0,0
2/1/25 4:00,7.19,176,S,9.52,0,0
2/1/25 5:00,9.52,120,ESE,11.66,0,0
2/1/25 6:00,7.19,157,SSE,9.91,0,0
2/1/25 7:00,8.36,159,SSE,10.11,0,0
2/1/25 8:00,6.8,190,S,7.97,0,0
2/1/25 9:00,5.44,177,S,6.8,0,0
2/1/25 10:00,5.64,173,S,6.41,0,0
2/1/25 11:00,4.08,221,SW,5.05,0,0
2/1/25 12:00,5.44,149,SSE,7,0,0
2/1/25 13:00,15.94,168,SSE,19.44,0,0
2/1/25 14:00,14.38,187,S,17.11,0,0
2/1/25 15:00,17.69,213,SSW,23.13,0,0
2/1/25 16:00,18.86,221,SW,26.24,0,0
2/1/25 17:00,14.97,212,SSW,20.8,0,0
2/1/25 18:00,14.38,196,SSW,19.83,0,0
2/1/25 19:00,18.47,189,S,20.22,0,0
2/1/25 20:00,16.52,193,SSW,19.05,0,0
2/1/25 21:00,15.94,197,SSW,19.44,0,0
2/1/25 22:00,18.08,189,S,20.22,0,0
2/1/25 23:00,15.75,180,S,17.49,0,0
2/2/25 0:00,15.55,185,S,19.24,0,0
2/2/25 1:00,14,176,S,19.05,0,0
2/2/25 2:00,,,,,1,1
2/2/25 3:00,18.47,169,S,21.77,0,0
2/2/25 4:00,17.49,178,S,19.63,0,0
2/2/25 5:00,18.47,161,SSE,21.77,0,0
2/2/25 6:00,14.58,158,SSE,19.44,0,0
2/2/25 7:00,15.75,164,SSE,18.27,0,0
2/2/25 8:00,13.02,146,SE,17.69,0,0
2/2/25 9:00,11.86,153,SSE,18.08,0,0
2/2/25 10:00,12.83,151,SSE,17.69,0,0
2/2/25 11:00,11.66,146,SE,16.13,0,0
2/2/25 12:00,,,,,1,1
2/2/25 13:00,10.5,148,SSE,14.38,0,0
2/2/25 14:00,11.47,150,SSE,15.75,0,0
2/2/25 15:00,12.83,157,SSE,16.72,0,0
2/2/25 16:00,15.36,164,SSE,17.69,0,0
2/2/25 17:00,14.19,163,SSE,16.33,0,0
2/2/25 18:00,13.22,160,SSE,15.36,0,0
2/2/25 19:00,14.97,170,S,15.94,0,0
2/2/25 20:00,15.16,165,SSE,16.52,0,0
2/2/25 21:00,16.52,162,SSE,18.47,0,0
2/2/25 22:00,10.11,157,SSE,12.83,0,0
2/2/25 23:00,10.5,169,S,11.47,0,0
2/3/25 0:00,5.44,194,SSW,6.41,0,0
2/3/25 1:00,9.14,193,SSW,12.83,0,0
2/3/25 2:00,10.11,174,S,12.25,0,0
2/3/25 3:00,13.41,191,S,15.94,0,0
2/3/25 4:00,12.25,181,S,15.36,0,0
2/3/25 5:00,12.25,167,SSE,13.22,0,0
2/3/25 6:00,14.58,169,S,15.36,0,0
2/3/25 7:00,15.75,171,S,17.11,0,0
2/3/25 8:00,15.55,171,S,17.69,0,0
2/3/25 9:00,14.38,163,SSE,16.72,0,0
2/3/25 10:00,14.58,154,SSE,20.22,0,0
2/3/25 11:00,13.02,147,SSE,17.3,0,0
2/3/25 12:00,13.61,159,SSE,17.69,0,0
2/3/25 13:00,19.83,170,S,22.16,0,0
2/3/25 14:00,17.3,184,S,21.58,0,0
2/3/25 15:00,19.44,176,S,25.08,0,0
2/3/25 16:00,25.27,173,S,29.94,0,0
2/3/25 17:00,21.58,160,SSE,26.05,0,0
2/3/25 18:00,21.97,164,SSE,25.85,0,0
2/3/25 19:00,19.63,168,SSE,22.16,0,0
2/3/25 20:00,16.52,167,SSE,20.02,0,0
2/3/25 21:00,20.99,169,S,24.1,0,0
2/3/25 22:00,14.77,136,SE,20.22,0,0
2/3/25 23:00,16.52,159,SSE,20.99,0,0
2/4/25 0:00,19.63,163,SSE,24.69,0,0
2/4/25 1:00,16.72,123,ESE,19.24,0,0
2/4/25 2:00,16.72,128,SE,23.52,0,0
2/4/25 3:00,16.91,134,SE,23.33,0,0
2/4/25 4:00,16.91,127,SE,20.22,0,0
2/4/25 5:00,19.24,123,ESE,23.71,0,0
2/4/25 6:00,18.66,122,ESE,25.27,0,0
2/4/25 7:00,20.02,124,SE,24.1,0,0
2/4/25 8:00,22.16,127,SE,31.68,0,0
2/4/25 9:00,19.83,129,SE,29.35,0,0
2/4/25 10:00,19.05,144,SE,27.6,0,0
2/4/25 11:00,20.99,143,SE,34.21,0,0
2/4/25 12:00,25.08,136,SE,35.57,0,0
2/4/25 13:00,22.74,127,SE,32.07,0,0
2/4/25 14:00,21.38,148,SSE,31.1,0,0
2/4/25 15:00,23.33,143,SE,30.71,0,0
2/4/25 16:00,19.44,173,S,25.27,0,0
2/4/25 17:00,9.33,307,NW,12.25,0,0
2/4/25 18:00,6.41,310,NW,9.52,0,0
2/4/25 19:00,12.25,277,W,17.49,0,0
2/4/25 20:00,13.02,285,WNW,16.91,0,0
2/4/25 21:00,10.69,284,WNW,14.77,0,0
2/4/25 22:00,9.33,291,WNW,12.64,0,0
2/4/25 23:00,9.91,293,WNW,14.38,0,0
2/5/25 0:00,11.27,299,WNW,16.52,0,0
2/5/25 1:00,8.36,285,WNW,10.3,0,0
2/5/25 2:00,4.08,286,WNW,5.44,0,0
2/5/25 3:00,4.08,16,NNE,5.05,0,0
2/5/25 4:00,2.53,48,NE,2.72,0,0
2/5/25 5:00,4.67,10,N,5.25,0,0
2/5/25 6:00,2.92,11,N,3.89,0,0
2/5/25 7:00,1.17,76,ENE,2.53,0,0
2/5/25 8:00,1.56,293,WNW,2.72,0,0
2/5/25 9:00,0.58,276,W,1.56,0,0
2/5/25 10:00,2.92,115,ESE,5.25,0,0
2/5/25 11:00,3.3,188,S,4.67,0,0
2/5/25 12:00,2.53,219,SW,3.89,0,0
2/5/25 13:00,5.44,262,W,6.61,0,0
2/5/25 14:00,6.22,308,NW,8.55,0,0
2/5/25 15:00,4.28,354,N,7.58,0,0
2/5/25 16:00,6.22,344,NNW,9.52,0,0
2/5/25 17:00,4.08,352,N,7.19,0,0
2/5/25 18:00,4.86,31,NNE,5.64,0,0
2/5/25 19:00,6.41,33,NNE,8.36,0,0
2/5/25 20:00,3.89,12,NNE,5.83,0,0
2/5/25 21:00,5.25,346,NNW,6.41,0,0
2/5/25 22:00,6.61,350,N,9.14,0,0
2/5/25 23:00,3.69,11,N,5.44,0,0
2/6/25 0:00,2.53,54,NE,3.69,0,0
2/6/25 1:00,4.08,1,N,5.83,0,0
2/6/25 2:00,1.56,96,E,3.69,0,0
2/6/25 3:00,2.72,31,NNE,3.3,0,0
2/6/25 4:00,4.86,19,NNE,7,0,0
2/6/25 5:00,6.8,26,NNE,9.72,0,0
2/6/25 6:00,6.22,43,NE,8.94,0,0
2/6/25 7:00,,,,,1,1
2/6/25 8:00,2.53,170,S,3.5,0,0
2/6/25 9:00,2.53,352,N,4.67,0,0
2/6/25 10:00,2.72,198,SSW,7,0,0
2/6/25 11:00,5.25,2,N,6.8,0,0
2/6/25 12:00,5.64,234,SW,8.16,0,0
2/6/25 13:00,4.47,197,SSW,6.61,0,0
2/6/25 14:00,15.36,129,SE,23.13,0,0
2/6/25 15:00,24.1,161,SSE,28.77,0,0
2/6/25 16:00,23.52,167,SSE,28.96,0,0
2/6/25 17:00,23.71,178,S,28.96,0,0
2/6/25 18:00,22.35,172,S,25.46,0,0
2/6/25 19:00,24.49,193,SSW,29.94,0,0
2/6/25 20:00,26.82,196,SSW,31.88,0,0
2/6/25 21:00,14.58,260,W,26.63,0,0
2/6/25 22:00,5.64,269,W,12.83,0,0
2/6/25 23:00,9.72,229,SW,12.05,0,0
2/7/25 0:00,9.72,238,WSW,14.58,0,0
2/7/25 1:00,11.08,234,SW,14.38,0,0
2/7/25 2:00,9.52,228,SW,10.89,0,0
2/7/25 3:00,11.47,228,SW,14.19,0,0
2/7/25 4:00,6.8,260,W,8.16,0,0
2/7/25 5:00,1.75,8,N,3.69,0,0
2/7/25 6:00,2.72,324,NW,5.25,0,0
2/7/25 7:00,3.89,302,WNW,4.47,0,0
2/7/25 8:00,2.53,246,WSW,4.08,0,0
2/7/25 9:00,0.78,251,WSW,1.75,0,0
2/7/25 10:00,2.92,28,NNE,4.08,0,0
2/7/25 11:00,3.11,349,N,5.25,0,0
2/7/25 12:00,4.08,267,W,5.64,0,0
2/7/25 13:00,3.69,260,W,5.64,0,0
2/7/25 14:00,6.61,265,W,8.94,0,0
2/7/25 15:00,4.47,232,SW,6.61,0,0
2/7/25 16:00,2.33,207,SSW,3.3,0,0
2/7/25 17:00,11.08,301,WNW,14.77,0,0
2/7/25 18:00,10.89,300,WNW,14,0,0
2/7/25 19:00,8.55,294,WNW,12.05,0,0
2/7/25 20:00,8.16,302,WNW,11.08,0,0
2/7/25 21:00,3.69,328,NNW,4.67,0,0
2/7/25 22:00,0.58,21,NNE,1.75,0,0
2/7/25 23:00,3.11,346,NNW,5.64,0,0
2/8/25 0:00,3.11,315,NW,4.28,0,0
2/8/25 1:00,4.47,327,NNW,6.41,0,0
2/8/25 2:00,4.86,356,N,6.61,0,0
2/8/25 3:00,4.67,0,N,7.78,0,0
2/8/25 4:00,7,11,N,10.5,0,0
2/8/25 5:00,7.78,358,N,11.27,0,0
2/8/25 6:00,4.28,351,N,6.61,0,0
2/8/25 7:00,,,,,1,1
2/8/25 8:00,8.94,1,N,11.86,0,0
2/8/25 9:00,9.33,359,N,13.61,0,0
2/8/25 10:00,7.19,353,N,13.02,0,0
2/8/25 11:00,4.28,6,N,8.75,0,0
2/8/25 12:00,5.25,3,N,8.16,0,0
2/8/25 13:00,6.22,352,N,8.55,0,0
2/8/25 14:00,6.03,338,NNW,10.3,0,0
2/8/25 15:00,8.55,346,NNW,11.66,0,0
2/8/25 16:00,8.75,343,NNW,12.25,0,0
2/8/25 17:00,6.03,312,NW,8.55,0,0
2/8/25 18:00,7.97,300,WNW,11.47,0,0
2/8/25 19:00,8.94,309,NW,11.86,0,0
2/8/25 20:00,2.14,300,WNW,4.08,0,0
2/8/25 21:00,5.83,358,N,7.78,0,0
2/8/25 22:00,4.86,359,N,7.39,0,0
2/8/25 23:00,7,9,N,10.69,0,0
2/9/25 0:00,3.3,346,NNW,3.69,0,0
2/9/25 1:00,2.92,345,NNW,4.47,0,0
2/9/25 2:00,4.86,10,N,5.64,0,0
2/9/25 3:00,5.44,358,N,7.39,0,0
2/9/25 4:00,5.44,26,NNE,6.22,0,0
2/9/25 5:00,3.3,4,N,3.89,0,0
2/9/25 6:00,3.5,19,NNE,4.47,0,0
2/9/25 7:00,,,,,1,1
2/9/25 8:00,4.47,354,N,5.44,0,0
2/9/25 9:00,4.28,352,N,6.8,0,0
2/9/25 10:00,2.72,34,NE,5.25,0,0
2/9/25 11:00,2.53,20,NNE,6.22,0,0
2/9/25 12:00,4.67,323,NW,6.61,0,0
2/9/25 13:00,4.86,341,NNW,7.78,0,0
2/9/25 14:00,6.41,262,W,8.16,0,0
2/9/25 15:00,6.22,258,WSW,9.72,0,0
2/9/25 16:00,5.64,330,NNW,8.75,0,0
2/9/25 17:00,,,,,1,1
2/9/25 18:00,3.3,345,NNW,3.89,0,0
2/9/25 19:00,6.61,309,NW,9.14,0,0
2/9/25 20:00,,,,,1,1
2/9/25 21:00,0.78,71,ENE,1.56,0,0
2/9/25 22:00,0.97,82,E,1.94,0,0
2/9/25 23:00,0,74,ENE,0.97,0,0
2/10/25 0:00,2.14,59,ENE,4.08,0,0
2/10/25 1:00,3.11,78,ENE,4.08,0,0
2/10/25 2:00,1.94,133,SE,2.72,0,0
2/10/25 3:00,1.56,165,SSE,2.14,0,0
2/10/25 4:00,1.94,20,NNE,3.89,0,0
2/10/25 5:00,3.89,41,NE,4.47,0,0
2/10/25 6:00,1.17,282,WNW,1.36,0,0
2/10/25 7:00,4.47,5,N,5.44,0,0
2/10/25 8:00,5.25,355,N,6.22,0,0
2/10/25 9:00,3.5,0,N,5.44,0,0
2/10/25 10:00,0.97,137,SE,2.33,0,0
2/10/25 11:00,1.56,184,S,2.53,0,0
2/10/25 12:00,2.53,227,SW,4.08,0,0
2/10/25 13:00,2.14,214,SW,3.5,0,0
2/10/25 14:00,2.53,220,SW,3.3,0,0
2/10/25 15:00,5.05,209,SSW,7.39,0,0
2/10/25 16:00,7.78,222,SW,8.75,0,0
2/10/25 17:00,7,225,SW,9.14,0,0
2/10/25 18:00,3.89,257,WSW,6.22,0,0
2/10/25 19:00,7.78,306,NW,10.89,0,0
2/10/25 20:00,5.05,344,NNW,7.58,0,0
2/10/25 21:00,3.11,331,NNW,4.28,0,0
2/10/25 22:00,1.94,56,NE,2.92,0,0
2/10/25 23:00,1.94,55,NE,2.33,0,0
2/11/25 0:00,1.17,76,ENE,1.94,0,0
2/11/25 1:00,2.72,9,N,3.5,0,0
2/11/25 2:00,3.69,12,NNE,4.67,0,0
2/11/25 3:00,2.92,29,NNE,3.11,0,0
2/11/25 4:00,3.3,113,ESE,3.69,0,0
2/11/25 5:00,1.75,121,ESE,3.11,0,0
2/11/25 6:00,3.89,126,SE,5.64,0,0
2/11/25 7:00,5.05,152,SSE,6.8,0,0
2/11/25 8:00,5.25,122,ESE,7.58,0,0
2/11/25 9:00,6.61,125,SE,9.72,0,0
2/11/25 10:00,6.61,127,SE,8.94,0,0
2/11/25 11:00,7,161,SSE,9.14,0,0
2/11/25 12:00,4.08,172,S,5.25,0,0
2/11/25 13:00,2.92,133,SE,4.86,0,0
2/11/25 14:00,3.69,184,S,4.67,0,0
2/11/25 15:00,5.25,289,WNW,7.39,0,0
2/11/25 16:00,6.22,287,WNW,9.33,0,0
2/11/25 17:00,5.25,267,W,9.14,0,0
2/11/25 18:00,7.97,226,SW,9.72,0,0
2/11/25 19:00,7.39,246,WSW,10.89,0,0
2/11/25 20:00,8.55,267,W,11.47,0,0
2/11/25 21:00,13.02,227,SW,15.36,0,0
2/11/25 22:00,7,213,SSW,9.14,0,0
2/11/25 23:00,6.41,154,SSE,9.91,0,0
2/12/25 0:00,5.05,121,ESE,7,0,0
2/12/25 1:00,1.75,136,SE,4.86,0,0
2/12/25 2:00,2.33,45,NE,3.89,0,0
2/12/25 3:00,4.47,33,NNE,6.61,0,0
2/12/25 4:00,6.61,32,NNE,7.78,0,0
2/12/25 5:00,6.41,38,NE,9.72,0,0
2/12/25 6:00,4.08,55,NE,10.69,0,0
2/12/25 7:00,11.47,43,NE,18.86,0,0
2/12/25 8:00,7.19,47,NE,14,0,0
2/12/25 9:00,,,,,1,1
2/12/25 10:00,3.3,56,NE,7.58,0,0
2/12/25 11:00,4.08,36,NE,10.11,0,0
2/12/25 12:00,3.89,49,NE,9.72,0,0
2/12/25 13:00,8.36,43,NE,13.8,0,0
2/12/25 14:00,2.92,41,NE,9.91,0,0
2/12/25 15:00,2.72,111,ESE,8.16,0,0
2/12/25 16:00,8.75,38,NE,11.27,0,0
2/12/25 17:00,3.3,46,NE,9.33,0,0
2/12/25 18:00,1.56,56,NE,7.97,0,0
2/12/25 19:00,2.53,131,SE,3.89,0,0
2/12/25 20:00,,,,,1,1
2/12/25 21:00,3.69,126,SE,5.44,0,0
2/12/25 22:00,7.19,122,ESE,9.52,0,0
2/12/25 23:00,2.92,163,SSE,5.83,0,0
2/13/25 0:00,15.16,123,ESE,22.74,0,0
2/13/25 1:00,20.22,127,SE,26.63,0,0
2/13/25 2:00,17.88,133,SE,26.63,0,0
2/13/25 3:00,20.99,154,SSE,29.94,0,0
2/13/25 4:00,17.11,218,SW,21.97,0,0
2/13/25 5:00,13.02,148,SSE,17.69,0,0
2/13/25 6:00,18.66,194,SSW,24.49,0,0
2/13/25 7:00,16.52,202,SSW,24.1,0,0
2/13/25 8:00,19.05,201,SSW,28.38,0,0
2/13/25 9:00,20.02,195,SSW,28.38,0,0
2/13/25 10:00,22.55,191,S,28.77,0,0
2/13/25 11:00,25.46,193,SSW,31.88,0,0
2/13/25 12:00,26.44,187,S,34.6,0,0
2/13/25 13:00,25.08,211,SSW,35.18,0,0
2/13/25 14:00,22.55,206,SSW,32.46,0,0
2/13/25 15:00,24.49,211,SSW,33.05,0,0
2/13/25 16:00,24.3,217,SW,31.88,0,0
2/13/25 17:00,20.6,261,W,29.16,0,0
2/13/25 18:00,17.11,230,SW,21.58,0,0
2/13/25 19:00,16.91,230,SW,25.08,0,0
2/13/25 20:00,17.69,230,SW,22.55,0,0
2/13/25 21:00,17.3,229,SW,23.91,0,0
2/13/25 22:00,21.58,229,SW,28.19,0,0
2/13/25 23:00,17.11,261,W,22.55,0,0
2/14/25 0:00,11.08,256,WSW,18.86,0,0
2/14/25 1:00,14.77,259,W,23.52,0,0
2/14/25 2:00,12.25,265,W,15.75,0,0
2/14/25 3:00,11.27,285,WNW,15.94,0,0
2/14/25 4:00,12.44,291,WNW,18.47,0,0
2/14/25 5:00,8.36,280,W,11.47,0,0
2/14/25 6:00,9.52,292,WNW,18.08,0,0
2/14/25 7:00,7.78,289,WNW,12.25,0,0
2/14/25 8:00,8.94,295,WNW,14.77,0,0
2/14/25 9:00,8.36,303,WNW,11.27,0,0
2/14/25 10:00,9.14,299,WNW,12.25,0,0
2/14/25 11:00,6.41,275,W,9.72,0,0
2/14/25 12:00,11.86,283,WNW,14.97,0,0
2/14/25 13:00,9.14,290,WNW,15.16,0,0
2/14/25 14:00,12.83,297,WNW,17.3,0,0
2/14/25 15:00,,,,,1,1
2/14/25 16:00,9.14,298,WNW,13.41,0,0
2/14/25 17:00,,,,,1,1
2/14/25 18:00,12.64,298,WNW,14.97,0,0
2/14/25 19:00,8.94,296,WNW,10.89,0,0
2/14/25 20:00,5.25,311,NW,7.39,0,0
2/14/25 21:00,2.53,306,NW,4.47,0,0
2/14/25 22:00,2.53,324,NW,3.89,0,0
2/14/25 23:00,1.56,81,E,2.92,0,0
2/15/25 0:00,2.33,51,NE,3.11,0,0
2/15/25 1:00,2.33,354,N,2.92,0,0
2/15/25 2:00,4.08,28,NNE,4.86,0,0
2/15/25 3:00,4.08,341,NNW,5.05,0,0
2/15/25 4:00,0,35,NE,0.78,0,0
2/15/25 5:00,1.94,22,NNE,2.53,0,0
2/15/25 6:00,1.56,47,NE,2.33,0,0
2/15/25 7:00,4.08,1,N,5.64,0,0
2/15/25 8:00,4.86,8,N,7.39,0,0
2/15/25 9:00,4.08,10,N,6.61,0,0
2/15/25 10:00,,,,,1,1
2/15/25 11:00,5.83,266,W,7.58,0,0
2/15/25 12:00,1.75,181,S,2.53,0,0
2/15/25 13:00,3.11,183,S,3.5,0,0
2/15/25 14:00,3.69,193,SSW,4.67,0,0
2/15/25 15:00,2.14,200,SSW,3.3,0,0
2/15/25 16:00,1.36,148,SSE,2.14,0,0
2/15/25 17:00,0,24,NNE,0.58,0,0
2/15/25 18:00,0.58,349,N,1.75,0,0
2/15/25 19:00,,,,,1,1
2/15/25 20:00,,,,,1,1
2/15/25 21:00,3.5,14,NNE,5.83,0,0
2/15/25 22:00,5.83,356,N,7.78,0,0
2/15/25 23:00,1.94,42,NE,3.3,0,0
2/16/25 0:00,0.97,96,E,1.17,0,0
2/16/25 1:00,0.97,104,ESE,1.94,0,0
2/16/25 2:00,4.47,352,N,4.67,0,0
2/16/25 3:00,4.08,3,N,4.86,0,0
2/16/25 4:00,1.17,41,NE,2.72,0,0
2/16/25 5:00,0.39,147,SSE,2.33,0,0
2/16/25 6:00,6.41,336,NNW,8.55,0,0
2/16/25 7:00,6.8,355,N,8.94,0,0
2/16/25 8:00,5.44,111,ESE,8.36,0,0
2/16/25 9:00,1.94,306,NW,4.28,0,0
2/16/25 10:00,0.58,284,WNW,1.75,0,0
2/16/25 11:00,2.92,190,S,3.89,0,0
2/16/25 12:00,2.33,206,SSW,3.3,0,0
2/16/25 13:00,2.14,215,SW,2.92,0,0
2/16/25 14:00,8.55,220,SW,9.52,0,0
2/16/25 15:00,9.14,197,SSW,10.3,0,0
2/16/25 16:00,9.14,225,SW,10.11,0,0
2/16/25 17:00,6.8,216,SW,8.55,0,0
2/16/25 18:00,5.64,218,SW,8.16,0,0
2/16/25 19:00,,,,,1,1
2/16/25 20:00,0,126,SE,0.19,0,0
2/16/25 21:00,3.89,218,SW,5.25,0,0
2/16/25 22:00,4.08,269,W,6.22,0,0
2/16/25 23:00,8.55,298,WNW,10.11,0,0
2/17/25 0:00,4.28,294,WNW,7,0,0
2/17/25 1:00,1.56,30,NNE,2.53,0,0
2/17/25 2:00,,,,,1,1
2/17/25 3:00,2.33,105,ESE,3.11,0,0
2/17/25 4:00,0.97,248,WSW,2.53,0,0
2/17/25 5:00,3.89,12,NNE,6.22,0,0
2/17/25 6:00,3.11,279,W,4.47,0,0
2/17/25 7:00,1.36,144,SE,1.94,0,0
2/17/25 8:00,2.53,222,SW,4.67,0,0
2/17/25 9:00,3.5,106,ESE,4.28,0,0
2/17/25 10:00,3.3,157,SSE,4.08,0,0
2/17/25 11:00,3.69,166,SSE,4.67,0,0
2/17/25 12:00,4.67,220,SW,6.22,0,0
2/17/25 13:00,3.11,150,SSE,4.47,0,0
2/17/25 14:00,5.05,182,S,7,0,0
2/17/25 15:00,3.89,261,W,5.25,0,0
2/17/25 16:00,9.52,301,WNW,13.61,0,0
2/17/25 17:00,,,,,1,1
2/17/25 18:00,8.16,281,W,12.83,0,0
2/17/25 19:00,8.36,296,WNW,10.5,0,0
2/17/25 20:00,8.75,297,WNW,11.66,0,0
2/17/25 21:00,8.55,312,NW,12.44,0,0
2/17/25 22:00,,,,,1,1
2/17/25 23:00,1.56,359,N,3.3,0,0
2/18/25 0:00,4.67,329,NNW,7.78,0,0
2/18/25 1:00,2.53,15,NNE,3.69,0,0
2/18/25 2:00,2.72,337,NNW,3.3,0,0
2/18/25 3:00,4.28,23,NNE,5.44,0,0
2/18/25 4:00,4.08,24,NNE,4.28,0,0
2/18/25 5:00,3.89,38,NE,4.47,0,0
2/18/25 6:00,2.53,21,NNE,2.92,0,0
2/18/25 7:00,3.11,358,N,3.89,0,0
2/18/25 8:00,3.11,346,NNW,3.89,0,0
2/18/25 9:00,4.67,340,NNW,5.83,0,0
2/18/25 10:00,3.11,27,NNE,4.08,0,0
2/18/25 11:00,4.08,257,WSW,5.83,0,0
2/18/25 12:00,4.47,263,W,6.22,0,0
2/18/25 13:00,4.28,276,W,5.64,0,0
2/18/25 14:00,3.11,245,WSW,5.05,0,0
2/18/25 15:00,2.92,247,WSW,4.86,0,0
2/18/25 16:00,1.75,208,SSW,2.53,0,0
2/18/25 17:00,3.3,176,S,4.86,0,0
2/18/25 18:00,0.39,221,SW,2.72,0,0
2/18/25 19:00,0.97,66,ENE,3.3,0,0
2/18/25 20:00,0,135,SE,0.39,0,0
2/18/25 21:00,1.17,39,NE,3.11,0,0
2/18/25 22:00,0.78,39,NE,2.92,0,0
2/18/25 23:00,2.14,212,SSW,3.3,0,0
2/19/25 0:00,2.14,200,SSW,3.3,0,0
2/19/25 1:00,5.44,180,S,6.03,0,0
2/19/25 2:00,2.53,213,SSW,3.5,0,0
2/19/25 3:00,0.97,256,WSW,10.11,0,0
2/19/25 4:00,4.08,138,SE,6.22,0,0
2/19/25 5:00,4.08,174,S,7.19,0,0
2/19/25 6:00,3.5,213,SSW,4.67,0,0
2/19/25 7:00,7.39,181,S,7.97,0,0
2/19/25 8:00,6.03,171,S,7.19,0,0
2/19/25 9:00,4.67,139,SE,7.39,0,0
2/19/25 10:00,7,198,SSW,9.52,0,0
2/19/25 11:00,,,,,1,1
2/19/25 12:00,5.25,172,S,8.16,0,0
2/19/25 13:00,5.64,211,SSW,7.78,0,0
2/19/25 14:00,8.16,201,SSW,11.66,0,0
2/19/25 15:00,6.03,166,SSE,7.39,0,0
2/19/25 16:00,2.53,158,SSE,4.28,0,0
2/19/25 17:00,8.94,300,WNW,11.47,0,0
2/19/25 18:00,5.64,283,WNW,8.75,0,0
2/19/25 19:00,2.92,293,WNW,5.83,0,0
2/19/25 20:00,3.3,342,NNW,5.05,0,0
2/19/25 21:00,4.28,326,NW,7.39,0,0
2/19/25 22:00,2.14,337,NNW,2.72,0,0
2/19/25 23:00,3.3,1,N,4.67,0,0
2/20/25 0:00,4.47,6,N,6.22,0,0
2/20/25 1:00,4.28,359,N,5.64,0,0
2/20/25 2:00,4.47,27,NNE,5.25,0,0
2/20/25 3:00,3.3,16,NNE,5.44,0,0
2/20/25 4:00,1.36,13,NNE,2.33,0,0
2/20/25 5:00,4.47,16,NNE,6.41,0,0
2/20/25 6:00,4.08,10,N,6.61,0,0
2/20/25 7:00,4.67,353,N,6.61,0,0
2/20/25 8:00,1.75,11,N,5.05,0,0
2/20/25 9:00,6.03,344,NNW,9.14,0,0
2/20/25 10:00,3.69,226,SW,4.47,0,0
2/20/25 11:00,4.08,194,SSW,5.05,0,0
2/20/25 12:00,,,,,1,1
2/20/25 13:00,5.25,201,SSW,7.97,0,0
2/20/25 14:00,,,,,1,1
2/20/25 15:00,7,230,SW,10.3,0,0
2/20/25 16:00,9.91,224,SW,11.47,0,0
2/20/25 17:00,10.3,220,SW,12.64,0,0
2/20/25 18:00,2.53,119,ESE,3.3,0,0
2/20/25 19:00,3.3,135,SE,4.47,0,0
2/20/25 20:00,4.28,184,S,5.44,0,0
2/20/25 21:00,2.53,238,WSW,2.72,0,0
2/20/25 22:00,2.14,163,SSE,2.72,0,0
2/20/25 23:00,2.33,273,W,2.53,0,0
2/21/25 0:00,1.36,92,E,2.33,0,0
2/21/25 1:00,2.14,118,ESE,2.33,0,0
2/21/25 2:00,3.5,149,SSE,4.86,0,0
2/21/25 3:00,1.75,112,ESE,1.94,0,0
2/21/25 4:00,1.17,53,NE,2.14,0,0
2/21/25 5:00,0.97,356,N,2.53,0,0
2/21/25 6:00,0.39,156,SSE,0.78,0,0
2/21/25 7:00,3.89,299,WNW,5.64,0,0
2/21/25 8:00,,,,,1,1
2/21/25 9:00,,,,,1,1
2/21/25 10:00,,,,,1,1
2/21/25 11:00,,,,,1,1
2/21/25 12:00,5.05,335,NNW,7.58,0,0
2/21/25 13:00,,,,,1,1
2/21/25 14:00,,,,,1,1
2/21/25 15:00,,,,,1,1
2/21/25 16:00,,,,,1,1
2/21/25 17:00,4.28,267,W,5.44,0,0
2/21/25 18:00,,,,,1,1
2/21/25 19:00,2.33,204,SSW,3.3,0,0
2/21/25 20:00,1.17,277,W,1.75,0,0
2/21/25 21:00,4.28,43,NE,5.44,0,0
2/21/25 22:00,4.67,17,NNE,6.41,0,0
2/21/25 23:00,3.69,349,N,4.67,0,0
2/22/25 0:00,2.33,213,SSW,3.89,0,0
2/22/25 1:00,2.53,44,NE,2.72,0,0
2/22/25 2:00,1.36,291,WNW,2.53,0,0
2/22/25 3:00,0,123,ESE,0.58,0,0
2/22/25 4:00,2.14,42,NE,2.72,0,0
2/22/25 5:00,,,,,1,1
2/22/25 6:00,5.64,336,NNW,7.78,0,0
2/22/25 7:00,6.22,10,N,7.58,0,0
2/22/25 8:00,7,345,NNW,8.16,0,0
2/22/25 9:00,5.05,335,NNW,6.41,0,0
2/22/25 10:00,2.33,35,NE,3.69,0,0
2/22/25 11:00,2.33,221,SW,3.89,0,0
2/22/25 12:00,,,,,1,1
2/22/25 13:00,,,,,1,1
2/22/25 14:00,3.3,206,SSW,5.25,0,0
2/22/25 15:00,7.39,225,SW,9.52,0,0
2/22/25 16:00,6.41,228,SW,8.75,0,0
2/22/25 17:00,,,,,1,1
2/22/25 18:00,2.33,201,SSW,4.28,0,0
2/22/25 19:00,,,,,1,1
2/22/25 20:00,3.69,141,SE,6.22,0,0
2/22/25 21:00,4.86,197,SSW,7.39,0,0
2/22/25 22:00,3.3,205,SSW,5.25,0,0
2/22/25 23:00,0.39,65,ENE,2.53,0,0
2/23/25 0:00,5.05,111,ESE,7.19,0,0
2/23/25 1:00,1.94,171,S,2.33,0,0
2/23/25 2:00,5.44,187,S,6.41,0,0
2/23/25 3:00,5.44,221,SW,6.8,0,0
2/23/25 4:00,4.67,163,SSE,5.25,0,0
2/23/25 5:00,4.47,157,SSE,6.03,0,0
2/23/25 6:00,0.78,275,W,1.94,0,0
2/23/25 7:00,1.36,198,SSW,2.53,0,0
2/23/25 8:00,2.33,185,S,2.72,0,0
2/23/25 9:00,2.33,219,SW,3.11,0,0
2/23/25 10:00,0.39,86,E,1.36,0,0
2/23/25 11:00,1.94,163,SSE,3.11,0,0
2/23/25 12:00,4.47,169,S,5.05,0,0
2/23/25 13:00,4.08,218,SW,5.25,0,0
2/23/25 14:00,5.64,225,SW,8.94,0,0
2/23/25 15:00,4.28,273,W,6.41,0,0
2/23/25 16:00,1.17,277,W,2.92,0,0
2/23/25 17:00,,,,,1,1
2/23/25 18:00,5.83,192,SSW,7.39,0,0
2/23/25 19:00,0.58,206,SSW,2.33,0,0
2/23/25 20:00,9.72,179,S,10.89,0,0
2/23/25 21:00,3.69,203,SSW,6.41,0,0
2/23/25 22:00,4.67,223,SW,6.03,0,0
2/23/25 23:00,6.03,225,SW,7.97,0,0
2/24/25 0:00,6.22,223,SW,7.58,0,0
2/24/25 1:00,3.5,6,N,5.25,0,0
2/24/25 2:00,3.5,21,NNE,5.44,0,0
2/24/25 3:00,6.22,19,NNE,8.94,0,0
2/24/25 4:00,0,43,NE,1.56,0,0
2/24/25 5:00,0.39,226,SW,1.36,0,0
2/24/25 6:00,5.05,108,ESE,5.64,0,0
2/24/25 7:00,5.83,159,SSE,7.19,0,0
2/24/25 8:00,7,163,SSE,9.91,0,0
2/24/25 9:00,6.22,206,SSW,7.78,0,0
2/24/25 10:00,7,155,SSE,10.5,0,0
2/24/25 11:00,5.25,177,S,6.41,0,0
2/24/25 12:00,6.22,186,S,7.78,0,0
2/24/25 13:00,6.41,191,S,8.16,0,0
2/24/25 14:00,7.78,219,SW,10.11,0,0
2/24/25 15:00,,,,,1,1
2/24/25 16:00,6.03,236,SW,7.97,0,0
2/24/25 17:00,2.72,252,WSW,4.86,0,0
2/24/25 18:00,4.28,231,SW,7.19,0,0
2/24/25 19:00,6.03,223,SW,6.8,0,0
2/24/25 20:00,6.61,258,WSW,7.78,0,0
2/24/25 21:00,5.05,274,W,6.41,0,0
2/24/25 22:00,4.08,235,SW,5.83,0,0
2/24/25 23:00,1.94,172,S,2.14,0,0
2/25/25 0:00,1.56,304,NW,2.53,0,0
2/25/25 1:00,1.56,77,ENE,2.53,0,0
2/25/25 2:00,3.69,35,NE,4.28,0,0
2/25/25 3:00,3.11,43,NE,3.89,0,0
2/25/25 4:00,5.44,342,NNW,7,0,0
2/25/25 5:00,6.03,14,NNE,8.16,0,0
2/25/25 6:00,4.67,12,NNE,7,0,0
2/25/25 7:00,5.83,352,N,8.55,0,0
2/25/25 8:00,10.11,349,N,14,0,0
2/25/25 9:00,,,,,1,1
2/25/25 10:00,5.25,360,N,7.78,0,0
2/25/25 11:00,2.53,7,N,5.05,0,0
2/25/25 12:00,6.41,336,NNW,8.94,0,0
2/25/25 13:00,5.05,355,N,9.33,0,0
2/25/25 14:00,,,,,1,1
2/25/25 15:00,4.28,205,SSW,6.03,0,0
2/25/25 16:00,,,,,1,1
2/25/25 17:00,,,,,1,1
2/25/25 18:00,6.22,302,WNW,8.94,0,0
2/25/25 19:00,3.3,292,WNW,7.19,0,0
2/25/25 20:00,6.8,326,NW,11.66,0,0
2/25/25 21:00,1.56,348,NNW,4.47,0,0
2/25/25 22:00,4.67,12,NNE,6.22,0,0
2/25/25 23:00,3.3,15,NNE,4.28,0,0
2/26/25 0:00,3.69,337,NNW,4.67,0,0
2/26/25 1:00,2.72,326,NW,3.5,0,0
2/26/25 2:00,3.89,4,N,4.67,0,0
2/26/25 3:00,3.89,22,NNE,4.86,0,0
2/26/25 4:00,3.11,358,N,3.89,0,0
2/26/25 5:00,3.11,24,NNE,3.5,0,0
2/26/25 6:00,5.64,353,N,6.41,0,0
2/26/25 7:00,5.25,343,NNW,6.03,0,0
2/26/25 8:00,7.39,357,N,9.52,0,0
2/26/25 9:00,2.14,356,N,3.89,0,0
2/26/25 10:00,3.5,268,W,5.44,0,0
2/26/25 11:00,2.33,217,SW,2.92,0,0
2/26/25 12:00,2.53,285,WNW,5.05,0,0
2/26/25 13:00,7.39,266,W,8.94,0,0
2/26/25 14:00,6.22,286,WNW,7.97,0,0
2/26/25 15:00,6.61,15,NNE,9.91,0,0
2/26/25 16:00,6.03,19,NNE,10.69,0,0
2/26/25 17:00,5.44,336,NNW,7.78,0,0
2/26/25 18:00,9.14,23,NNE,14,0,0
2/26/25 19:00,5.64,20,NNE,7,0,0
2/26/25 20:00,,,,,1,1
2/26/25 21:00,9.91,355,N,12.44,0,0
2/26/25 22:00,7.97,352,N,12.44,0,0
2/26/25 23:00,11.27,345,NNW,13.8,0,0
2/27/25 0:00,8.75,353,N,12.25,0,0
2/27/25 1:00,11.08,357,N,14.97,0,0
2/27/25 2:00,11.86,344,NNW,14.19,0,0
2/27/25 3:00,8.94,349,N,10.69,0,0
2/27/25 4:00,8.94,348,NNW,10.5,0,0
2/27/25 5:00,7.78,339,NNW,9.91,0,0
2/27/25 6:00,10.5,28,NNE,11.66,0,0
2/27/25 7:00,7.19,355,N,8.55,0,0
2/27/25 8:00,11.47,36,NE,16.52,0,0
2/27/25 9:00,8.36,33,NNE,13.02,0,0
2/27/25 10:00,4.28,53,NE,6.61,0,0
2/27/25 11:00,2.72,123,ESE,6.8,0,0
2/27/25 12:00,1.94,78,ENE,3.3,0,0
2/27/25 13:00,9.91,40,NE,12.64,0,0
2/27/25 14:00,8.75,46,NE,14.58,0,0
2/27/25 15:00,10.89,33,NNE,15.75,0,0
2/27/25 16:00,7.78,30,NNE,10.5,0,0
2/27/25 17:00,13.02,38,NE,17.88,0,0
2/27/25 18:00,9.91,31,NNE,12.44,0,0
2/27/25 19:00,5.44,36,NE,6.22,0,0
2/27/25 20:00,6.8,21,NNE,10.5,0,0
2/27/25 21:00,4.67,6,N,5.83,0,0
2/27/25 22:00,6.03,19,NNE,7.78,0,0
2/27/25 23:00,5.25,354,N,6.22,0,0
2/28/25 0:00,4.86,323,NW,7.58,0,0
2/28/25 1:00,8.75,351,N,11.08,0,0
2/28/25 2:00,4.86,356,N,5.64,0,0
2/28/25 3:00,5.05,355,N,6.03,0,0
2/28/25 4:00,8.36,351,N,9.14,0,0
2/28/25 5:00,2.72,10,N,5.44,0,0
2/28/25 6:00,4.47,4,N,5.44,0,0
2/28/25 7:00,3.5,354,N,5.44,0,0
2/28/25 8:00,1.56,7,N,4.86,0,0
2/28/25 9:00,1.75,345,NNW,3.11,0,0
2/28/25 10:00,1.56,224,SW,2.92,0,0
2/28/25 11:00,5.83,180,S,6.03,0,0
2/28/25 12:00,2.14,233,SW,3.5,0,0
2/28/25 13:00,1.17,273,W,3.11,0,0
2/28/25 14:00,9.14,192,SSW,10.69,0,0
2/28/25 15:00,,,,,1,1
2/28/25 16:00,2.72,166,SSE,4.08,0,0
2/28/25 17:00,5.83,211,SSW,7.97,0,0
2/28/25 18:00,6.22,190,S,7.58,0,0
2/28/25 19:00,3.3,197,SSW,5.25,0,0
2/28/25 20:00,,,,,1,1
2/28/25 21:00,9.33,215,SW,11.66,0,0
2/28/25 22:00,5.44,203,SSW,8.94,0,0
2/28/25 23:00,0.97,235,SW,4.86,0,0
3/1/25 0:00,5.44,191,S,7.78,0,0
3/1/25 1:00,13.61,181,S,17.88,0,0
3/1/25 2:00,13.41,176,S,15.16,0,0
3/1/25 3:00,9.91,192,SSW,12.25,0,0
3/1/25 4:00,8.55,190,S,10.69,0,0
3/1/25 5:00,1.17,256,WSW,3.89,0,0
3/1/25 6:00,3.69,219,SW,6.61,0,0
3/1/25 7:00,4.67,199,SSW,8.36,0,0
3/1/25 8:00,5.44,240,WSW,10.11,0,0
3/1/25 9:00,6.61,194,SSW,9.14,0,0
3/1/25 10:00,10.3,206,SSW,13.22,0,0
3/1/25 11:00,8.75,220,SW,11.47,0,0
3/1/25 12:00,9.33,222,SW,14.58,0,0
3/1/25 13:00,16.52,230,SW,20.8,0,0
3/1/25 14:00,17.69,231,SW,22.55,0,0
3/1/25 15:00,11.66,238,WSW,20.02,0,0
3/1/25 16:00,9.52,225,SW,12.05,0,0
3/1/25 17:00,8.75,189,S,10.89,0,0
3/1/25 18:00,16.33,224,SW,19.05,0,0
3/1/25 19:00,15.36,232,SW,17.69,0,0
3/1/25 20:00,,,,,1,1
3/1/25 21:00,15.94,265,W,18.27,0,0
3/1/25 22:00,17.11,266,W,22.16,0,0
3/1/25 23:00,8.55,263,W,10.5,0,0
3/2/25 0:00,10.3,244,WSW,14.58,0,0
3/2/25 1:00,9.72,261,W,12.83,0,0
3/2/25 2:00,11.27,260,W,14.19,0,0
3/2/25 3:00,8.36,262,W,11.27,0,0
3/2/25 4:00,7.97,270,W,10.11,0,0
3/2/25 5:00,7.39,264,W,9.14,0,0
3/2/25 6:00,4.28,273,W,6.41,0,0
3/2/25 7:00,6.03,264,W,7.78,0,0
3/2/25 8:00,7.78,282,WNW,14.19,0,0
3/2/25 9:00,11.08,286,WNW,15.75,0,0
3/2/25 10:00,12.44,300,WNW,19.05,0,0
3/2/25 11:00,14.77,298,WNW,20.6,0,0
3/2/25 12:00,14.77,296,WNW,20.22,0,0
3/2/25 13:00,15.75,300,WNW,20.02,0,0
3/2/25 14:00,16.72,295,WNW,22.16,0,0
3/2/25 15:00,17.69,299,WNW,22.74,0,0
3/2/25 16:00,21.38,296,WNW,30.32,0,0
3/2/25 17:00,22.94,297,WNW,28.96,0,0
3/2/25 18:00,13.61,282,WNW,20.8,0,0
3/2/25 19:00,16.72,299,WNW,23.52,0,0
3/2/25 20:00,16.13,296,WNW,24.88,0,0
3/2/25 21:00,10.3,297,WNW,13.61,0,0
3/2/25 22:00,5.44,294,WNW,7.97,0,0
3/2/25 23:00,10.89,305,NW,16.52,0,0
3/3/25 0:00,10.5,308,NW,12.83,0,0
3/3/25 1:00,6.8,295,WNW,8.94,0,0
3/3/25 2:00,7,292,WNW,11.08,0,0
3/3/25 3:00,6.61,304,NW,10.69,0,0
3/3/25 4:00,5.83,321,NW,9.14,0,0
3/3/25 5:00,8.16,349,N,13.8,0,0
3/3/25 6:00,5.44,318,NW,7.78,0,0
3/3/25 7:00,1.75,22,NNE,3.5,0,0
3/3/25 8:00,1.36,18,NNE,4.67,0,0
3/3/25 9:00,7,293,WNW,8.94,0,0
3/3/25 10:00,1.56,160,SSE,2.53,0,0
3/3/25 11:00,5.25,179,S,6.22,0,0
3/3/25 12:00,7.19,185,S,9.91,0,0
3/3/25 13:00,7.39,207,SSW,10.3,0,0
3/3/25 14:00,3.3,163,SSE,5.83,0,0
3/3/25 15:00,11.27,295,WNW,14.97,0,0
3/3/25 16:00,,,,,1,1
3/3/25 17:00,7,300,WNW,9.72,0,0
3/3/25 18:00,8.75,297,WNW,12.83,0,0
3/3/25 19:00,8.55,306,NW,12.25,0,0
3/3/25 20:00,8.16,313,NW,12.64,0,0
3/3/25 21:00,5.44,306,NW,8.16,0,0
3/3/25 22:00,0.78,99,E,2.72,0,0
3/3/25 23:00,5.05,320,NW,7.19,0,0
3/4/25 0:00,3.11,288,WNW,5.05,0,0
3/4/25 1:00,2.72,226,SW,4.86,0,0
3/4/25 2:00,5.83,230,SW,8.36,0,0
3/4/25 3:00,5.64,224,SW,7.19,0,0
3/4/25 4:00,4.47,241,WSW,7.19,0,0
3/4/25 5:00,4.67,231,SW,6.8,0,0
3/4/25 6:00,2.14,241,WSW,3.3,0,0
3/4/25 7:00,3.69,182,S,4.47,0,0
3/4/25 8:00,7,171,S,8.36,0,0
3/4/25 9:00,7,183,S,9.33,0,0
3/4/25 10:00,7.58,163,SSE,8.94,0,0
3/4/25 11:00,4.86,147,SSE,7.39,0,0
3/4/25 12:00,3.69,213,SSW,5.05,0,0
3/4/25 13:00,3.89,228,SW,5.25,0,0
3/4/25 14:00,4.67,271,W,6.8,0,0
3/4/25 15:00,3.5,343,NNW,6.41,0,0
3/4/25 16:00,5.64,334,NNW,8.75,0,0
3/4/25 17:00,7.97,337,NNW,10.3,0,0
3/4/25 18:00,5.25,0,N,7.58,0,0
3/4/25 19:00,3.69,334,NNW,4.67,0,0
3/4/25 20:00,5.44,27,NNE,6.61,0,0
3/4/25 21:00,4.08,7,N,7,0,0
3/4/25 22:00,4.67,14,NNE,6.41,0,0
3/4/25 23:00,4.08,357,N,5.25,0,0
3/5/25 0:00,3.5,5,N,5.25,0,0
3/5/25 1:00,4.86,19,NNE,7.39,0,0
3/5/25 2:00,3.5,3,N,6.61,0,0
3/5/25 3:00,6.22,351,N,8.36,0,0
3/5/25 4:00,9.52,347,NNW,12.44,0,0
3/5/25 5:00,4.67,1,N,8.16,0,0
3/5/25 6:00,4.08,20,NNE,6.03,0,0
3/5/25 7:00,4.47,0,N,7.19,0,0
3/5/25 8:00,3.11,20,NNE,5.05,0,0
3/5/25 9:00,3.89,346,NNW,6.61,0,0
3/5/25 10:00,2.53,103,ESE,3.89,0,0
3/5/25 11:00,2.53,190,S,3.5,0,0
3/5/25 12:00,7.97,309,NW,10.3,0,0
3/5/25 13:00,3.11,322,NW,6.61,0,0
3/5/25 14:00,10.89,299,WNW,16.13,0,0
3/5/25 15:00,14,303,WNW,20.41,0,0
3/5/25 16:00,13.61,311,NW,20.99,0,0
3/5/25 17:00,13.22,289,WNW,17.49,0,0
3/5/25 18:00,8.55,277,W,17.49,0,0
3/5/25 19:00,8.75,274,W,12.44,0,0
3/5/25 20:00,10.5,299,WNW,15.36,0,0
3/5/25 21:00,8.16,299,WNW,12.44,0,0
3/5/25 22:00,10.11,294,WNW,13.61,0,0
3/5/25 23:00,10.69,278,W,13.8,0,0
3/6/25 0:00,14.97,294,WNW,20.02,0,0
3/6/25 1:00,13.02,301,WNW,16.91,0,0
3/6/25 2:00,16.72,284,WNW,21.97,0,0
3/6/25 3:00,12.25,305,NW,16.52,0,0
3/6/25 4:00,9.91,292,WNW,13.8,0,0
3/6/25 5:00,10.11,292,WNW,12.83,0,0
3/6/25 6:00,5.64,315,NW,7.78,0,0
3/6/25 7:00,3.89,308,NW,6.03,0,0
3/6/25 8:00,7,294,WNW,8.75,0,0
3/6/25 9:00,5.25,280,W,7.78,0,0
3/6/25 10:00,1.17,307,NW,5.83,0,0
3/6/25 11:00,3.5,246,WSW,6.22,0,0
3/6/25 12:00,5.25,211,SSW,8.16,0,0
3/6/25 13:00,5.44,218,SW,7,0,0
3/6/25 14:00,8.94,216,SW,11.27,0,0
3/6/25 15:00,9.91,222,SW,11.86,0,0
3/6/25 16:00,6.8,225,SW,9.14,0,0
3/6/25 17:00,8.55,231,SW,10.69,0,0
3/6/25 18:00,6.22,218,SW,10.3,0,0
3/6/25 19:00,10.5,302,WNW,13.22,0,0
3/6/25 20:00,9.14,303,WNW,10.69,0,0
3/6/25 21:00,3.5,330,NNW,5.44,0,0
3/6/25 22:00,0,55,NE,0,0,0
3/6/25 23:00,1.75,292,WNW,2.14,0,0
3/7/25 0:00,2.14,276,W,2.92,0,0
3/7/25 1:00,1.36,130,SE,2.92,0,0
3/7/25 2:00,1.36,71,ENE,1.75,0,0
3/7/25 3:00,2.33,43,NE,3.69,0,0
3/7/25 4:00,1.94,26,NNE,3.3,0,0
3/7/25 5:00,4.08,27,NNE,5.25,0,0
3/7/25 6:00,4.08,343,NNW,5.05,0,0
3/7/25 7:00,3.69,351,N,4.28,0,0
3/7/25 8:00,4.28,353,N,5.83,0,0
3/7/25 9:00,5.25,324,NW,7.97,0,0
3/7/25 10:00,5.25,334,NNW,8.55,0,0
3/7/25 11:00,6.22,333,NNW,10.89,0,0
3/7/25 12:00,6.22,347,NNW,11.86,0,0
3/7/25 13:00,8.55,318,NW,12.83,0,0
3/7/25 14:00,6.03,28,NNE,9.52,0,0
3/7/25 15:00,6.22,353,N,10.3,0,0
3/7/25 16:00,8.75,264,W,11.27,0,0
3/7/25 17:00,5.64,270,W,8.75,0,0
3/7/25 18:00,10.3,303,WNW,13.61,0,0
3/7/25 19:00,9.72,307,NW,12.83,0,0
3/7/25 20:00,2.72,334,NNW,4.08,0,0
3/7/25 21:00,0.78,61,ENE,1.75,0,0
3/7/25 22:00,2.72,173,S,4.86,0,0
3/7/25 23:00,2.33,190,S,2.53,0,0
3/8/25 0:00,4.28,184,S,6.8,0,0
3/8/25 1:00,4.47,201,SSW,6.41,0,0
3/8/25 2:00,4.47,123,ESE,5.64,0,0
3/8/25 3:00,5.25,203,SSW,7,0,0
3/8/25 4:00,4.67,179,S,6.41,0,0
3/8/25 5:00,5.05,189,S,5.83,0,0
3/8/25 6:00,5.64,211,SSW,7.39,0,0
3/8/25 7:00,4.86,195,SSW,6.22,0,0
3/8/25 8:00,3.69,192,SSW,5.83,0,0
3/8/25 9:00,3.89,196,SSW,4.86,0,0
3/8/25 10:00,2.92,211,SSW,4.47,0,0
3/8/25 11:00,4.47,222,SW,6.22,0,0
3/8/25 12:00,6.22,216,SW,7.58,0,0
3/8/25 13:00,5.64,215,SW,7.97,0,0
3/8/25 14:00,,,,,1,1
3/8/25 15:00,9.33,215,SW,12.83,0,0
3/8/25 16:00,7.78,222,SW,9.72,0,0
3/8/25 17:00,7.19,215,SW,9.33,0,0
3/8/25 18:00,6.41,190,S,7.97,0,0
3/8/25 19:00,5.64,208,SSW,8.16,0,0
3/8/25 20:00,5.25,201,SSW,7,0,0
3/8/25 21:00,3.11,244,WSW,4.86,0,0
3/8/25 22:00,1.17,224,SW,1.56,0,0
3/8/25 23:00,2.53,201,SSW,4.28,0,0
3/9/25 0:00,0,306,NW,0,0,0
3/9/25 1:00,2.14,291,WNW,2.72,0,0
3/9/25 2:00,,,,,1,1
3/9/25 3:00,2.72,48,NE,3.3,0,0
3/9/25 4:00,0,49,NE,0.78,0,0
3/9/25 5:00,3.5,24,NNE,4.28,0,0
3/9/25 6:00,1.94,71,ENE,3.11,0,0
3/9/25 7:00,0.97,192,SSW,2.33,0,0
3/9/25 8:00,4.47,359,N,5.44,0,0
3/9/25 9:00,1.36,14,NNE,2.33,0,0
3/9/25 10:00,1.17,260,W,2.33,0,0
3/9/25 11:00,3.5,188,S,5.44,0,0
3/9/25 12:00,9.91,227,SW,13.22,0,0
3/9/25 13:00,10.5,229,SW,13.8,0,0
3/9/25 14:00,9.33,233,SW,15.16,0,0
3/9/25 15:00,11.47,228,SW,14.58,0,0
3/9/25 16:00,,,,,1,1
3/9/25 17:00,5.64,259,W,10.3,0,0
3/9/25 18:00,4.47,223,SW,5.64,0,0
3/9/25 19:00,1.56,138,SE,2.53,0,0
3/9/25 20:00,5.05,230,SW,6.41,0,0
3/9/25 21:00,2.53,217,SW,3.5,0,0
3/9/25 22:00,0.39,225,SW,0.97,0,0
3/9/25 23:00,0.97,264,W,1.75,0,0
3/10/25 0:00,2.33,301,WNW,2.92,0,0
3/10/25 1:00,1.17,296,WNW,1.94,0,0
3/10/25 2:00,2.14,317,NW,2.92,0,0
3/10/25 3:00,4.47,11,N,5.25,0,0
3/10/25 4:00,3.5,4,N,4.86,0,0
3/10/25 5:00,4.86,17,NNE,7.58,0,0
3/10/25 6:00,1.36,330,NNW,2.92,0,0
3/10/25 7:00,2.92,342,NNW,4.08,0,0
3/10/25 8:00,1.94,22,NNE,5.25,0,0
3/10/25 9:00,4.67,24,NNE,6.41,0,0
3/10/25 10:00,2.72,24,NNE,4.67,0,0
3/10/25 11:00,5.25,346,NNW,7.39,0,0
3/10/25 12:00,9.91,339,NNW,13.02,0,0
3/10/25 13:00,9.72,331,NNW,11.86,0,0
3/10/25 14:00,4.86,270,W,7,0,0
3/10/25 15:00,4.86,271,W,6.03,0,0
3/10/25 16:00,6.03,281,W,7.78,0,0
3/10/25 17:00,8.16,211,SSW,13.22,0,0
3/10/25 18:00,12.64,232,SW,14.58,0,0
3/10/25 19:00,11.66,230,SW,15.55,0,0
3/10/25 20:00,6.41,177,S,7.97,0,0
3/10/25 21:00,6.22,157,SSE,7.58,0,0
3/10/25 22:00,0,177,S,2.92,0,0
3/10/25 23:00,4.28,19,NNE,6.61,0,0
3/11/25 0:00,6.22,354,N,7.58,0,0
3/11/25 1:00,6.41,352,N,7.78,0,0
3/11/25 2:00,1.56,264,W,1.94,0,0
3/11/25 3:00,0.58,43,NE,1.94,0,0
3/11/25 4:00,6.03,124,SE,6.8,0,0
3/11/25 5:00,5.05,168,SSE,5.64,0,0
3/11/25 6:00,4.86,185,S,5.64,0,0
3/11/25 7:00,0.58,122,ESE,1.94,0,0
3/11/25 8:00,0.19,51,NE,2.14,0,0
3/11/25 9:00,4.86,151,SSE,7.39,0,0
3/11/25 10:00,7.19,177,S,8.16,0,0
3/11/25 11:00,9.14,168,SSE,10.89,0,0
3/11/25 12:00,9.91,212,SSW,12.44,0,0
3/11/25 13:00,10.89,225,SW,13.02,0,0
3/11/25 14:00,10.11,238,WSW,14.19,0,0
3/11/25 15:00,10.69,230,SW,12.83,0,0
3/11/25 16:00,8.16,229,SW,10.3,0,0
3/11/25 17:00,3.89,229,SW,7.58,0,0
3/11/25 18:00,6.03,235,SW,8.94,0,0
3/11/25 19:00,7.97,218,SW,9.91,0,0
3/11/25 20:00,4.47,203,SSW,6.8,0,0
3/11/25 21:00,4.86,270,W,5.64,0,0
3/11/25 22:00,9.33,226,SW,10.89,0,0
3/11/25 23:00,11.27,223,SW,13.41,0,0
3/12/25 0:00,8.94,183,S,11.08,0,0
3/12/25 1:00,9.14,189,S,11.27,0,0
3/12/25 2:00,9.33,189,S,12.05,0,0
3/12/25 3:00,9.72,201,SSW,13.41,0,0
3/12/25 4:00,10.89,155,SSE,14.77,0,0
3/12/25 5:00,8.94,130,SE,13.22,0,0
3/12/25 6:00,7,135,SE,10.3,0,0
3/12/25 7:00,17.69,159,SSE,21.58,0,0
3/12/25 8:00,13.8,135,SE,19.24,0,0
3/12/25 9:00,18.08,142,SE,25.66,0,0
3/12/25 10:00,22.16,159,SSE,29.74,0,0
3/12/25 11:00,22.35,167,SSE,25.46,0,0
3/12/25 12:00,17.49,145,SE,24.88,0,0
3/12/25 13:00,30.71,164,SSE,36.16,0,0
3/12/25 14:00,25.46,177,S,31.3,0,0
3/12/25 15:00,21.38,232,SW,28.38,0,0
3/12/25 16:00,18.08,187,S,20.99,0,0
3/12/25 17:00,17.88,187,S,21.19,0,0
3/12/25 18:00,13.8,235,SW,21.19,0,0
3/12/25 19:00,12.64,241,WSW,16.91,0,0
3/12/25 20:00,13.22,230,SW,15.55,0,0
3/12/25 21:00,7.19,256,WSW,9.91,0,0
3/12/25 22:00,10.69,213,SSW,15.16,0,0
3/12/25 23:00,11.66,221,SW,16.13,0,0
3/13/25 0:00,12.05,174,S,13.61,0,0
3/13/25 1:00,9.91,168,SSE,11.66,0,0
3/13/25 2:00,4.67,244,WSW,10.3,0,0
3/13/25 3:00,0.39,107,ESE,3.11,0,0
3/13/25 4:00,5.44,280,W,8.16,0,0
3/13/25 5:00,0.97,139,SE,1.75,0,0
3/13/25 6:00,5.44,224,SW,6.8,0,0
3/13/25 7:00,3.69,244,WSW,4.67,0,0
3/13/25 8:00,3.3,316,NW,5.05,0,0
3/13/25 9:00,4.28,279,W,6.61,0,0
3/13/25 10:00,7.19,284,WNW,10.11,0,0
3/13/25 11:00,12.64,294,WNW,15.94,0,0
3/13/25 12:00,10.69,302,WNW,13.22,0,0
3/13/25 13:00,13.41,300,WNW,17.88,0,0
3/13/25 14:00,14.97,298,WNW,19.24,0,0
3/13/25 15:00,11.86,299,WNW,17.49,0,0
3/13/25 16:00,13.02,290,WNW,19.44,0,0
3/13/25 17:00,8.94,268,W,13.22,0,0
3/13/25 18:00,7.58,268,W,13.8,0,0
3/13/25 19:00,9.14,261,W,12.05,0,0
3/13/25 20:00,8.55,264,W,10.89,0,0
3/13/25 21:00,4.08,210,SSW,5.83,0,0
3/13/25 22:00,4.47,215,SW,6.03,0,0
3/13/25 23:00,10.89,213,SSW,14.58,0,0
3/14/25 0:00,12.05,176,S,13.61,0,0
3/14/25 1:00,15.55,176,S,17.49,0,0
3/14/25 2:00,16.72,163,SSE,21.77,0,0
3/14/25 3:00,16.91,177,S,20.99,0,0
3/14/25 4:00,16.91,150,SSE,24.88,0,0
3/14/25 5:00,15.75,125,SE,21.38,0,0
3/14/25 6:00,21.19,127,SE,26.05,0,0
3/14/25 7:00,20.8,125,SE,32.07,0,0
3/14/25 8:00,15.75,126,SE,20.8,0,0
3/14/25 9:00,17.88,140,SE,25.85,0,0
3/14/25 10:00,14.97,146,SE,21.19,0,0
3/14/25 11:00,1.36,70,ENE,2.72,0,0
3/14/25 12:00,6.41,270,W,8.36,0,0
3/14/25 13:00,21.19,282,WNW,35.18,0,0
3/14/25 14:00,10.5,312,NW,15.55,0,0
3/14/25 15:00,,,,,1,1
3/14/25 16:00,8.75,285,WNW,14.58,0,0
3/14/25 17:00,15.36,294,WNW,21.58,0,0
3/14/25 18:00,8.36,289,WNW,14.58,0,0
3/14/25 19:00,10.5,282,WNW,14.77,0,0
3/14/25 20:00,9.33,285,WNW,12.44,0,0
3/14/25 21:00,8.16,302,WNW,10.69,0,0
3/14/25 22:00,7.39,298,WNW,10.3,0,0
3/14/25 23:00,10.3,294,WNW,15.36,0,0
3/15/25 0:00,9.33,284,WNW,13.22,0,0
3/15/25 1:00,6.41,300,WNW,8.36,0,0
3/15/25 2:00,7.78,283,WNW,9.91,0,0
3/15/25 3:00,6.03,228,SW,8.75,0,0
3/15/25 4:00,6.61,273,W,10.3,0,0
3/15/25 5:00,4.08,246,WSW,6.61,0,0
3/15/25 6:00,7.78,229,SW,9.33,0,0
3/15/25 7:00,7.39,228,SW,8.75,0,0
3/15/25 8:00,9.52,225,SW,10.69,0,0
3/15/25 9:00,7,261,W,9.14,0,0
3/15/25 10:00,7.58,199,SSW,9.72,0,0
3/15/25 11:00,10.3,228,SW,14.19,0,0
3/15/25 12:00,11.66,217,SW,13.61,0,0
3/15/25 13:00,10.69,214,SW,14.19,0,0
3/15/25 14:00,11.47,232,SW,14.77,0,0
3/15/25 15:00,8.55,245,WSW,13.61,0,0
3/15/25 16:00,7.78,233,SW,12.05,0,0
3/15/25 17:00,8.55,226,SW,11.08,0,0
3/15/25 18:00,7.97,226,SW,10.69,0,0
3/15/25 19:00,7,217,SW,8.94,0,0
3/15/25 20:00,6.03,250,WSW,9.91,0,0
3/15/25 21:00,7.97,224,SW,10.5,0,0
3/15/25 22:00,7.19,227,SW,8.55,0,0
3/15/25 23:00,1.75,169,S,2.14,0,0
3/16/25 0:00,6.03,125,SE,7.58,0,0
3/16/25 1:00,8.36,117,ESE,10.5,0,0
3/16/25 2:00,13.22,124,SE,15.55,0,0
3/16/25 3:00,14.38,118,ESE,17.3,0,0
3/16/25 4:00,13.41,125,SE,16.13,0,0
3/16/25 5:00,11.27,127,SE,15.16,0,0
3/16/25 6:00,9.91,126,SE,14.77,0,0
3/16/25 7:00,10.5,153,SSE,16.13,0,0
3/16/25 8:00,12.83,132,SE,17.69,0,0
3/16/25 9:00,14,147,SSE,17.69,0,0
3/16/25 10:00,,,,,1,1
3/16/25 11:00,13.22,159,SSE,18.47,0,0
3/16/25 12:00,19.05,173,S,21.77,0,0
3/16/25 13:00,15.94,168,SSE,18.66,0,0
3/16/25 14:00,24.49,167,SSE,28.19,0,0
3/16/25 15:00,18.47,163,SSE,22.74,0,0
3/16/25 16:00,23.52,175,S,27.6,0,0
3/16/25 17:00,22.16,177,S,25.85,0,0
3/16/25 18:00,20.8,174,S,26.44,0,0
3/16/25 19:00,24.49,172,S,29.16,0,0
3/16/25 20:00,24.49,171,S,27.99,0,0
3/16/25 21:00,25.66,178,S,31.88,0,0
3/16/25 22:00,12.05,196,SSW,16.33,0,0
3/16/25 23:00,10.11,240,WSW,16.33,0,0
3/17/25 0:00,6.61,253,WSW,11.66,0,0
3/17/25 1:00,5.83,194,SSW,7.39,0,0
3/17/25 2:00,8.94,155,SSE,11.27,0,0
3/17/25 3:00,,,,,1,1
3/17/25 4:00,10.5,173,S,11.86,0,0
3/17/25 5:00,7.19,172,S,9.52,0,0
3/17/25 6:00,7.97,208,SSW,11.27,0,0
3/17/25 7:00,10.11,220,SW,14.77,0,0
3/17/25 8:00,10.5,213,SSW,14.97,0,0
3/17/25 9:00,11.86,214,SW,15.16,0,0
3/17/25 10:00,16.13,222,SW,19.44,0,0
3/17/25 11:00,13.61,260,W,18.27,0,0
3/17/25 12:00,11.86,203,SSW,17.3,0,0
3/17/25 13:00,16.91,222,SW,20.8,0,0
3/17/25 14:00,16.72,241,WSW,24.49,0,0
3/17/25 15:00,20.22,234,SW,25.46,0,0
3/17/25 16:00,16.13,232,SW,23.52,0,0
3/17/25 17:00,17.11,226,SW,19.83,0,0
3/17/25 18:00,16.52,293,WNW,21.97,0,0
3/17/25 19:00,11.08,313,NW,16.13,0,0
3/17/25 20:00,7.97,305,NW,12.83,0,0
3/17/25 21:00,10.5,314,NW,16.72,0,0
3/17/25 22:00,11.27,315,NW,16.72,0,0
3/17/25 23:00,13.22,309,NW,16.91,0,0
3/18/25 0:00,7.97,309,NW,11.08,0,0
3/18/25 1:00,7.19,300,WNW,11.47,0,0
3/18/25 2:00,10.11,311,NW,12.44,0,0
3/18/25 3:00,11.47,313,NW,18.66,0,0
3/18/25 4:00,9.52,314,NW,13.41,0,0
3/18/25 5:00,12.05,317,NW,14,0,0
3/18/25 6:00,11.47,352,N,14.38,0,0
3/18/25 7:00,4.47,348,NNW,8.36,0,0
3/18/25 8:00,3.89,20,NNE,6.41,0,0
3/18/25 9:00,6.8,352,N,10.3,0,0
3/18/25 10:00,6.22,357,N,10.5,0,0
3/18/25 11:00,4.47,7,N,7.78,0,0
3/18/25 12:00,3.89,237,WSW,6.22,0,0
3/18/25 13:00,5.25,222,SW,6.61,0,0
3/18/25 14:00,3.5,213,SSW,6.41,0,0
3/18/25 15:00,3.69,219,SW,5.05,0,0
3/18/25 16:00,6.8,217,SW,9.33,0,0
3/18/25 17:00,8.36,215,SW,10.89,0,0
3/18/25 18:00,6.61,219,SW,9.91,0,0
3/18/25 19:00,4.67,224,SW,6.61,0,0
3/18/25 20:00,7.58,305,NW,10.5,0,0
3/18/25 21:00,7.39,339,NNW,12.44,0,0
3/18/25 22:00,4.28,303,WNW,7.78,0,0
3/18/25 23:00,1.94,31,NNE,2.72,0,0
3/19/25 0:00,2.92,4,N,4.08,0,0
3/19/25 1:00,1.56,47,NE,2.33,0,0
3/19/25 2:00,2.53,126,SE,4.28,0,0
3/19/25 3:00,2.53,113,ESE,4.86,0,0
3/19/25 4:00,1.75,122,ESE,3.3,0,0
3/19/25 5:00,1.75,51,NE,2.53,0,0
3/19/25 6:00,1.94,43,NE,2.72,0,0
3/19/25 7:00,3.69,124,SE,5.44,0,0
3/19/25 8:00,2.14,75,ENE,5.25,0,0
3/19/25 9:00,4.28,173,S,5.83,0,0
3/19/25 10:00,5.05,184,S,6.03,0,0
3/19/25 11:00,2.92,180,S,3.89,0,0
3/19/25 12:00,3.89,229,SW,5.44,0,0
3/19/25 13:00,9.52,218,SW,11.66,0,0
3/19/25 14:00,9.52,185,S,10.89,0,0
3/19/25 15:00,10.3,233,SW,13.61,0,0
3/19/25 16:00,7.39,203,SSW,9.91,0,0
3/19/25 17:00,5.44,225,SW,7.78,0,0
3/19/25 18:00,14.58,229,SW,15.94,0,0
3/19/25 19:00,12.25,226,SW,14.77,0,0
3/19/25 20:00,14,220,SW,17.11,0,0
3/19/25 21:00,11.27,183,S,13.8,0,0
3/19/25 22:00,6.61,174,S,10.89,0,0
3/19/25 23:00,10.3,198,SSW,14,0,0
3/20/25 0:00,7.58,321,NW,12.05,0,0
3/20/25 1:00,4.28,278,W,6.8,0,0
3/20/25 2:00,1.17,42,NE,2.33,0,0
3/20/25 3:00,0.97,61,ENE,1.56,0,0
3/20/25 4:00,0.97,288,WNW,1.94,0,0
3/20/25 5:00,2.53,300,WNW,3.3,0,0
3/20/25 6:00,3.3,3,N,4.28,0,0
3/20/25 7:00,4.28,4,N,5.25,0,0
3/20/25 8:00,3.5,18,NNE,4.28,0,0
3/20/25 9:00,5.25,349,N,7.39,0,0
3/20/25 10:00,5.64,19,NNE,7.78,0,0
3/20/25 11:00,5.25,9,N,8.36,0,0
3/20/25 12:00,9.33,347,NNW,13.61,0,0
3/20/25 13:00,7.19,359,N,13.02,0,0
3/20/25 14:00,4.28,9,N,8.75,0,0
3/20/25 15:00,9.72,217,SW,11.27,0,0
3/20/25 16:00,9.52,215,SW,12.05,0,0
3/20/25 17:00,7.78,188,S,8.75,0,0
3/20/25 18:00,7.78,296,WNW,11.86,0,0
3/20/25 19:00,14.38,301,WNW,19.44,0,0
3/20/25 20:00,9.33,304,NW,15.16,0,0
3/20/25 21:00,11.08,299,WNW,14.58,0,0
3/20/25 22:00,8.16,302,WNW,11.27,0,0
3/20/25 23:00,8.36,307,NW,13.41,0,0
3/21/25 0:00,3.5,358,N,7.78,0,0
3/21/25 1:00,1.56,339,NNW,3.11,0,0
3/21/25 2:00,2.53,329,NNW,3.5,0,0
3/21/25 3:00,2.53,26,NNE,3.11,0,0
3/21/25 4:00,3.3,30,NNE,3.69,0,0
3/21/25 5:00,0.78,78,ENE,1.36,0,0
3/21/25 6:00,1.94,28,NNE,2.53,0,0
3/21/25 7:00,2.33,15,NNE,2.72,0,0
3/21/25 8:00,1.36,80,E,2.53,0,0
3/21/25 9:00,2.14,35,NE,2.92,0,0
3/21/25 10:00,1.56,151,SSE,2.33,0,0
3/21/25 11:00,3.89,205,SSW,5.44,0,0
3/21/25 12:00,4.08,209,SSW,6.61,0,0
3/21/25 13:00,6.41,187,S,7.19,0,0
3/21/25 14:00,6.03,184,S,7.39,0,0
3/21/25 15:00,5.25,212,SSW,7.97,0,0
3/21/25 16:00,4.47,216,SW,6.41,0,0
3/21/25 17:00,10.11,296,WNW,13.41,0,0
3/21/25 18:00,,,,,1,1
3/21/25 19:00,11.86,291,WNW,19.05,0,0
3/21/25 20:00,8.55,291,WNW,12.64,0,0
3/21/25 21:00,6.8,296,WNW,9.72,0,0
3/21/25 22:00,9.14,296,WNW,11.86,0,0
3/21/25 23:00,7.39,295,WNW,10.3,0,0
3/22/25 0:00,4.08,301,WNW,5.83,0,0
3/22/25 1:00,1.56,328,NNW,3.11,0,0
3/22/25 2:00,1.17,314,NW,2.53,0,0
3/22/25 3:00,2.14,285,WNW,3.3,0,0
3/22/25 4:00,5.44,307,NW,7.19,0,0
3/22/25 5:00,9.14,293,WNW,11.27,0,0
3/22/25 6:00,8.94,305,NW,12.64,0,0
3/22/25 7:00,5.64,291,WNW,8.16,0,0
3/22/25 8:00,7.58,303,WNW,9.72,0,0
3/22/25 9:00,3.69,227,SW,4.86,0,0
3/22/25 10:00,4.08,194,SSW,5.44,0,0
3/22/25 11:00,5.05,214,SW,7.97,0,0
3/22/25 12:00,5.83,279,W,8.36,0,0
3/22/25 13:00,10.11,306,NW,12.64,0,0
3/22/25 14:00,9.14,303,WNW,11.27,0,0
3/22/25 15:00,7.58,276,W,10.89,0,0
3/22/25 16:00,6.8,301,WNW,8.75,0,0
3/22/25 17:00,6.61,284,WNW,8.75,0,0
3/22/25 18:00,8.16,292,WNW,11.08,0,0
3/22/25 19:00,9.33,298,WNW,13.02,0,0
3/22/25 20:00,9.91,290,WNW,12.25,0,0
3/22/25 21:00,6.61,302,WNW,9.72,0,0
3/22/25 22:00,8.75,298,WNW,13.41,0,0
3/22/25 23:00,5.64,340,NNW,9.72,0,0
3/23/25 0:00,2.53,272,W,3.3,0,0
3/23/25 1:00,1.56,290,WNW,2.72,0,0
3/23/25 2:00,1.17,213,SSW,2.53,0,0
3/23/25 3:00,4.08,229,SW,5.25,0,0
3/23/25 4:00,1.17,285,WNW,2.92,0,0
3/23/25 5:00,0.97,235,SW,1.75,0,0
3/23/25 6:00,2.33,113,ESE,3.5,0,0
3/23/25 7:00,1.94,121,ESE,2.33,0,0
3/23/25 8:00,4.47,126,SE,5.83,0,0
3/23/25 9:00,2.14,178,S,3.89,0,0
3/23/25 10:00,3.11,176,S,4.28,0,0
3/23/25 11:00,4.08,205,SSW,6.03,0,0
3/23/25 12:00,4.28,190,S,5.83,0,0
3/23/25 13:00,9.33,214,SW,12.83,0,0
3/23/25 14:00,8.75,195,SSW,11.27,0,0
3/23/25 15:00,3.89,199,SSW,5.83,0,0
3/23/25 16:00,8.36,213,SSW,12.44,0,0
3/23/25 17:00,8.16,211,SSW,12.25,0,0
3/23/25 18:00,7,209,SSW,9.14,0,0
3/23/25 19:00,5.83,202,SSW,8.94,0,0
3/23/25 20:00,4.86,207,SSW,7.78,0,0
3/23/25 21:00,5.44,224,SW,8.16,0,0
3/23/25 22:00,3.11,222,SW,4.47,0,0
3/23/25 23:00,2.14,187,S,2.72,0,0
3/24/25 0:00,4.86,186,S,5.25,0,0
3/24/25 1:00,4.28,193,SSW,5.44,0,0
3/24/25 2:00,1.94,150,SSE,2.72,0,0
3/24/25 3:00,1.17,236,SW,1.36,0,0
3/24/25 4:00,0.78,246,WSW,1.56,0,0
3/24/25 5:00,4.67,9,N,5.83,0,0
3/24/25 6:00,6.61,356,N,7.39,0,0
3/24/25 7:00,2.72,316,NW,5.44,0,0
3/24/25 8:00,,,,,1,1
3/24/25 9:00,6.8,357,N,9.91,0,0
3/24/25 10:00,9.52,338,NNW,11.86,0,0
3/24/25 11:00,7.97,345,NNW,10.5,0,0
3/24/25 12:00,12.83,28,NNE,15.94,0,0
3/24/25 13:00,13.8,29,NNE,18.27,0,0
3/24/25 14:00,10.69,43,NE,15.36,0,0
3/24/25 15:00,7,44,NE,10.89,0,0
3/24/25 16:00,5.83,33,NNE,9.33,0,0
3/24/25 17:00,2.33,57,ENE,6.41,0,0
3/24/25 18:00,9.14,38,NE,11.86,0,0
3/24/25 19:00,3.69,43,NE,8.16,0,0
3/24/25 20:00,4.67,338,NNW,5.44,0,0
3/24/25 21:00,8.94,344,NNW,10.69,0,0
3/24/25 22:00,7.39,348,NNW,9.33,0,0
3/24/25 23:00,7,2,N,9.72,0,0
3/25/25 0:00,6.22,351,N,7.78,0,0
3/25/25 1:00,9.33,344,NNW,9.91,0,0
3/25/25 2:00,11.47,350,N,12.64,0,0
3/25/25 3:00,7.19,347,NNW,8.94,0,0
3/25/25 4:00,8.55,354,N,10.11,0,0
3/25/25 5:00,5.83,343,NNW,8.16,0,0
3/25/25 6:00,8.55,349,N,10.11,0,0
3/25/25 7:00,5.05,339,NNW,10.69,0,0
3/25/25 8:00,5.83,340,NNW,7.78,0,0
3/25/25 9:00,4.47,351,N,6.8,0,0
3/25/25 10:00,0.19,316,NW,1.75,0,0
3/25/25 11:00,4.08,264,W,5.64,0,0
3/25/25 12:00,3.5,264,W,4.67,0,0
3/25/25 13:00,0.19,211,SSW,1.36,0,0
3/25/25 14:00,7.58,281,W,11.08,0,0
3/25/25 15:00,8.94,263,W,12.83,0,0
3/25/25 16:00,7,229,SW,9.33,0,0
3/25/25 17:00,5.64,229,SW,7.58,0,0
3/25/25 18:00,,,,,1,1
3/25/25 19:00,3.3,193,SSW,4.47,0,0
3/25/25 20:00,6.61,223,SW,7.97,0,0
3/25/25 21:00,13.22,230,SW,16.91,0,0
3/25/25 22:00,6.8,232,SW,8.55,0,0
3/25/25 23:00,6.03,199,SSW,7,0,0
3/26/25 0:00,5.83,203,SSW,9.91,0,0
3/26/25 1:00,7.19,179,S,9.91,0,0
3/26/25 2:00,6.41,227,SW,7.97,0,0
3/26/25 3:00,10.11,236,SW,20.22,0,0
3/26/25 4:00,12.44,238,WSW,18.27,0,0
3/26/25 5:00,14.77,235,SW,21.58,0,0
3/26/25 6:00,15.16,227,SW,19.24,0,0
3/26/25 7:00,9.14,239,WSW,15.75,0,0
3/26/25 8:00,,,,,1,1
3/26/25 9:00,6.41,193,SSW,7.39,0,0
3/26/25 10:00,14,228,SW,17.11,0,0
3/26/25 11:00,11.08,212,SSW,15.94,0,0
3/26/25 12:00,17.69,219,SW,24.69,0,0
3/26/25 13:00,11.86,184,S,14.19,0,0
3/26/25 14:00,14.97,224,SW,18.08,0,0
3/26/25 15:00,21.19,226,SW,23.71,0,0
3/26/25 16:00,13.8,219,SW,18.47,0,0
3/26/25 17:00,9.52,210,SSW,14.97,0,0
3/26/25 18:00,18.27,178,S,21.58,0,0
3/26/25 19:00,17.3,177,S,20.02,0,0
3/26/25 20:00,15.36,183,S,19.24,0,0
3/26/25 21:00,14.97,182,S,16.72,0,0
3/26/25 22:00,13.8,199,SSW,17.3,0,0
3/26/25 23:00,14.77,190,S,17.11,0,0
3/27/25 0:00,14.77,192,SSW,16.72,0,0
3/27/25 1:00,16.13,179,S,18.66,0,0
3/27/25 2:00,13.41,182,S,14.97,0,0
3/27/25 3:00,13.61,198,SSW,17.69,0,0
3/27/25 4:00,10.69,205,SSW,15.75,0,0
3/27/25 5:00,13.41,185,S,15.55,0,0
3/27/25 6:00,15.94,172,S,17.69,0,0
3/27/25 7:00,,,,,1,1
3/27/25 8:00,11.66,178,S,13.41,0,0
3/27/25 9:00,13.61,174,S,15.16,0,0
3/27/25 10:00,15.16,168,SSE,16.52,0,0
3/27/25 11:00,16.72,170,S,18.27,0,0
3/27/25 12:00,13.41,207,SSW,21.58,0,0
3/27/25 13:00,14.38,218,SW,17.88,0,0
3/27/25 14:00,9.33,188,S,12.64,0,0
3/27/25 15:00,13.22,222,SW,16.52,0,0
3/27/25 16:00,15.55,221,SW,18.27,0,0
3/27/25 17:00,16.33,229,SW,19.05,0,0
3/27/25 18:00,14.19,228,SW,16.72,0,0
3/27/25 19:00,8.94,232,SW,10.69,0,0
3/27/25 20:00,10.11,224,SW,12.25,0,0
3/27/25 21:00,7.19,220,SW,8.75,0,0
3/27/25 22:00,13.41,190,S,15.36,0,0
3/27/25 23:00,9.91,224,SW,12.25,0,0
3/28/25 0:00,8.94,218,SW,11.47,0,0
3/28/25 1:00,,,,,1,1
3/28/25 2:00,11.27,220,SW,13.41,0,0
3/28/25 3:00,10.11,227,SW,11.86,0,0
3/28/25 4:00,7.58,243,WSW,11.08,0,0
3/28/25 5:00,7.39,233,SW,9.33,0,0
3/28/25 6:00,7.97,257,WSW,10.5,0,0
3/28/25 7:00,3.89,223,SW,8.75,0,0
3/28/25 8:00,6.41,261,W,10.89,0,0
3/28/25 9:00,4.08,254,WSW,6.22,0,0
3/28/25 10:00,,,,,1,1
3/28/25 11:00,4.47,270,W,7.39,0,0
3/28/25 12:00,,,,,1,1
3/28/25 13:00,9.14,232,SW,13.22,0,0
3/28/25 14:00,10.11,248,WSW,17.3,0,0
3/28/25 15:00,14.58,230,SW,18.27,0,0
3/28/25 16:00,14.58,231,SW,18.08,0,0
3/28/25 17:00,7.97,207,SSW,11.47,0,0
3/28/25 18:00,14.77,230,SW,17.49,0,0
3/28/25 19:00,7.97,251,WSW,13.02,0,0
3/28/25 20:00,7.58,264,W,9.91,0,0
3/28/25 21:00,6.22,270,W,8.36,0,0
3/28/25 22:00,6.22,267,W,7.97,0,0
3/28/25 23:00,3.3,298,WNW,4.67,0,0
3/29/25 0:00,5.25,258,WSW,6.61,0,0
3/29/25 1:00,3.11,313,NW,4.08,0,0
3/29/25 2:00,4.86,312,NW,6.61,0,0
3/29/25 3:00,7,302,WNW,9.72,0,0
3/29/25 4:00,6.22,299,WNW,8.94,0,0
3/29/25 5:00,6.61,308,NW,9.33,0,0
3/29/25 6:00,2.14,327,NNW,3.89,0,0
3/29/25 7:00,1.75,288,WNW,3.3,0,0
3/29/25 8:00,,,,,1,1
3/29/25 9:00,1.36,70,ENE,2.53,0,0
3/29/25 10:00,5.25,14,NNE,9.14,0,0
3/29/25 11:00,1.94,17,NNE,4.86,0,0
3/29/25 12:00,7.19,262,W,9.72,0,0
3/29/25 13:00,6.8,224,SW,8.94,0,0
3/29/25 14:00,10.5,216,SW,12.83,0,0
3/29/25 15:00,8.75,227,SW,11.08,0,0
3/29/25 16:00,7.39,233,SW,9.14,0,0
3/29/25 17:00,7.97,240,WSW,11.47,0,0
3/29/25 18:00,7.97,239,WSW,11.47,0,0
3/29/25 19:00,3.11,222,SW,4.86,0,0
3/29/25 20:00,4.08,245,WSW,7,0,0
3/29/25 21:00,2.33,213,SSW,3.3,0,0
3/29/25 22:00,7.78,192,SSW,10.11,0,0
3/29/25 23:00,8.75,218,SW,11.47,0,0
3/30/25 0:00,6.61,196,SSW,9.52,0,0
3/30/25 1:00,11.86,183,S,14,0,0
3/30/25 2:00,7.97,127,SE,10.3,0,0
3/30/25 3:00,9.91,122,ESE,12.25,0,0
3/30/25 4:00,9.33,121,ESE,12.83,0,0
3/30/25 5:00,13.02,121,ESE,18.47,0,0
3/30/25 6:00,13.22,125,SE,17.69,0,0
3/30/25 7:00,16.91,126,SE,23.71,0,0
3/30/25 8:00,14.77,153,SSE,23.91,0,0
3/30/25 9:00,20.41,144,SE,30.71,0,0
3/30/25 10:00,20.6,154,SSE,27.99,0,0
3/30/25 11:00,24.1,165,SSE,27.21,0,0
3/30/25 12:00,21.38,174,S,25.27,0,0
3/30/25 13:00,16.72,194,SSW,22.55,0,0
3/30/25 14:00,13.61,201,SSW,20.41,0,0
3/30/25 15:00,16.91,192,SSW,18.86,0,0
3/30/25 16:00,14.97,222,SW,19.44,0,0
3/30/25 17:00,18.86,226,SW,21.19,0,0
3/30/25 18:00,16.52,225,SW,19.63,0,0
3/30/25 19:00,12.64,225,SW,16.13,0,0
3/30/25 20:00,12.25,222,SW,15.36,0,0
3/30/25 21:00,12.05,220,SW,14.19,0,0
3/30/25 22:00,12.64,214,SW,15.55,0,0
3/30/25 23:00,,,,,1,1
3/31/25 0:00,9.52,202,SSW,12.44,0,0
3/31/25 1:00,10.69,205,SSW,14.58,0,0
3/31/25 2:00,10.89,200,SSW,14.77,0,0
3/31/25 3:00,12.25,259,W,25.46,0,0
3/31/25 4:00,5.25,208,SSW,8.36,0,0
3/31/25 5:00,7.78,193,SSW,9.33,0,0
3/31/25 6:00,9.52,206,SSW,12.44,0,0
3/31/25 7:00,10.5,223,SW,14.38,0,0
3/31/25 8:00,11.66,222,SW,14.58,0,0
3/31/25 9:00,9.72,235,SW,12.44,0,0
3/31/25 10:00,10.11,264,W,13.61,0,0
3/31/25 11:00,14.97,234,SW,18.47,0,0
3/31/25 12:00,14.58,237,WSW,22.74,0,0
3/31/25 13:00,16.72,222,SW,20.22,0,0
3/31/25 14:00,14.58,238,WSW,20.6,0,0
3/31/25 15:00,17.69,261,W,23.71,0,0
3/31/25 16:00,10.11,231,SW,14.77,0,0
3/31/25 17:00,11.86,229,SW,15.36,0,0
3/31/25 18:00,11.86,244,WSW,21.58,0,0
3/31/25 19:00,11.86,271,W,15.94,0,0
3/31/25 20:00,11.86,263,W,17.69,0,0
3/31/25 21:00,10.69,265,W,13.02,0,0
3/31/25 22:00,12.25,265,W,15.94,0,0
3/31/25 23:00,10.69,249,WSW,16.72,0,0
4/1/25 0:00,8.94,252,WSW,12.44,0,0
4/1/25 1:00,9.33,242,WSW,14.58,0,0
4/1/25 2:00,11.47,231,SW,17.69,0,0
4/1/25 3:00,13.61,226,SW,16.72,0,0
4/1/25 4:00,13.22,241,WSW,18.08,0,0
4/1/25 5:00,9.33,242,WSW,14.19,0,0
4/1/25 6:00,9.33,231,SW,12.83,0,0
4/1/25 7:00,13.22,266,W,18.66,0,0
4/1/25 8:00,10.69,263,W,14.58,0,0
4/1/25 9:00,5.05,280,W,8.94,0,0
4/1/25 10:00,3.11,340,NNW,8.94,0,0
4/1/25 11:00,9.91,251,WSW,13.22,0,0
4/1/25 12:00,11.27,267,W,13.22,0,0
4/1/25 13:00,10.11,268,W,15.75,0,0
4/1/25 14:00,13.8,299,WNW,18.47,0,0
4/1/25 15:00,13.61,281,W,19.83,0,0
4/1/25 16:00,15.94,289,WNW,21.58,0,0
4/1/25 17:00,14.19,292,WNW,21.77,0,0
4/1/25 18:00,11.66,281,W,16.91,0,0
4/1/25 19:00,14,287,WNW,19.83,0,0
4/1/25 20:00,16.91,302,WNW,22.74,0,0
4/1/25 21:00,8.94,291,WNW,14.38,0,0
4/1/25 22:00,7.97,306,NW,14.19,0,0
4/1/25 23:00,12.83,299,WNW,15.75,0,0
4/2/25 0:00,7.58,306,NW,12.64,0,0
4/2/25 1:00,8.75,311,NW,14.19,0,0
4/2/25 2:00,13.61,319,NW,20.22,0,0
4/2/25 3:00,13.41,315,NW,18.27,0,0
4/2/25 4:00,5.25,301,WNW,7,0,0
4/2/25 5:00,9.52,318,NW,12.83,0,0
4/2/25 6:00,8.36,317,NW,11.08,0,0
4/2/25 7:00,4.67,312,NW,5.83,0,0
4/2/25 8:00,4.67,303,WNW,6.03,0,0
4/2/25 9:00,6.41,300,WNW,8.55,0,0
4/2/25 10:00,7,345,NNW,12.25,0,0
4/2/25 11:00,3.69,296,WNW,6.41,0,0
4/2/25 12:00,3.5,317,NW,7,0,0
4/2/25 13:00,6.22,179,S,7.78,0,0
4/2/25 14:00,6.61,194,SSW,9.33,0,0
4/2/25 15:00,4.28,208,SSW,6.03,0,0
4/2/25 16:00,4.86,230,SW,7.58,0,0
4/2/25 17:00,11.27,291,WNW,14.19,0,0
4/2/25 18:00,8.75,302,WNW,11.27,0,0
4/2/25 19:00,11.27,308,NW,13.41,0,0
4/2/25 20:00,11.08,300,WNW,17.69,0,0
4/2/25 21:00,10.5,289,WNW,15.75,0,0
4/2/25 22:00,12.44,297,WNW,15.75,0,0
4/2/25 23:00,6.22,285,WNW,8.55,0,0
4/3/25 0:00,3.69,265,W,5.64,0,0
4/3/25 1:00,5.25,121,ESE,6.03,0,0
4/3/25 2:00,1.75,37,NE,1.94,0,0
4/3/25 3:00,1.75,352,N,2.53,0,0
4/3/25 4:00,0.97,175,S,1.94,0,0
4/3/25 5:00,3.69,123,ESE,5.64,0,0
4/3/25 6:00,0.58,45,NE,1.56,0,0
4/3/25 7:00,5.44,356,N,6.41,0,0
4/3/25 8:00,4.47,30,NNE,5.25,0,0
4/3/25 9:00,2.33,111,ESE,5.05,0,0
4/3/25 10:00,3.69,175,S,5.05,0,0
4/3/25 11:00,2.92,209,SSW,4.67,0,0
4/3/25 12:00,3.89,225,SW,6.41,0,0
4/3/25 13:00,2.72,192,SSW,4.08,0,0
4/3/25 14:00,9.72,216,SW,12.64,0,0
4/3/25 15:00,10.11,218,SW,13.8,0,0
4/3/25 16:00,10.5,224,SW,12.25,0,0
4/3/25 17:00,6.03,211,SSW,8.94,0,0
4/3/25 18:00,6.8,225,SW,9.14,0,0
4/3/25 19:00,5.44,251,WSW,9.33,0,0
4/3/25 20:00,7.58,313,NW,10.69,0,0
4/3/25 21:00,9.91,301,WNW,12.05,0,0
4/3/25 22:00,7,315,NW,9.72,0,0
4/3/25 23:00,9.33,322,NW,11.27,0,0
4/4/25 0:00,0.58,121,ESE,0.97,0,0
4/4/25 1:00,0.97,87,E,1.75,0,0
4/4/25 2:00,3.89,223,SW,4.47,0,0
4/4/25 3:00,2.72,117,ESE,3.3,0,0
4/4/25 4:00,3.89,139,SE,4.86,0,0
4/4/25 5:00,1.56,66,ENE,2.14,0,0
4/4/25 6:00,2.92,20,NNE,4.28,0,0
4/4/25 7:00,1.36,10,N,1.94,0,0
4/4/25 8:00,1.56,272,W,2.33,0,0
4/4/25 9:00,1.75,113,ESE,2.72,0,0
4/4/25 10:00,2.53,222,SW,4.28,0,0
4/4/25 11:00,2.92,243,WSW,5.05,0,0
4/4/25 12:00,1.17,248,WSW,7.78,0,0
4/4/25 13:00,1.75,273,W,4.47,0,0
4/4/25 14:00,5.64,298,WNW,9.33,0,0
4/4/25 15:00,7.97,21,NNE,12.44,0,0
4/4/25 16:00,6.03,2,N,10.69,0,0
4/4/25 17:00,7.58,220,SW,11.47,0,0
4/4/25 18:00,8.16,260,W,10.69,0,0
4/4/25 19:00,9.52,305,NW,12.83,0,0
4/4/25 20:00,8.94,305,NW,11.86,0,0
4/4/25 21:00,6.61,295,WNW,9.91,0,0
4/4/25 22:00,3.69,223,SW,5.64,0,0
4/4/25 23:00,7.97,225,SW,10.11,0,0
4/5/25 0:00,4.47,200,SSW,6.22,0,0
4/5/25 1:00,7.58,204,SSW,10.89,0,0
4/5/25 2:00,9.91,180,S,11.66,0,0
4/5/25 3:00,,,,,1,1
4/5/25 4:00,3.69,205,SSW,5.44,0,0
4/5/25 5:00,4.86,194,SSW,5.83,0,0
4/5/25 6:00,4.08,190,S,5.25,0,0
4/5/25 7:00,3.5,152,SSE,4.86,0,0
4/5/25 8:00,,,,,1,1
4/5/25 9:00,3.3,221,SW,4.67,0,0
4/5/25 10:00,2.72,196,SSW,4.08,0,0
4/5/25 11:00,5.64,231,SW,7.19,0,0
4/5/25 12:00,,,,,1,1
4/5/25 13:00,2.14,207,SSW,3.3,0,0
4/5/25 14:00,6.22,208,SSW,8.94,0,0
4/5/25 15:00,9.72,218,SW,12.64,0,0
4/5/25 16:00,9.14,215,SW,11.66,0,0
4/5/25 17:00,8.16,214,SW,10.3,0,0
4/5/25 18:00,7.58,206,SSW,11.47,0,0
4/5/25 19:00,4.86,189,S,6.03,0,0
4/5/25 20:00,4.08,193,SSW,5.44,0,0
4/5/25 21:00,0.78,92,E,1.94,0,0
4/5/25 22:00,1.56,53,NE,2.53,0,0
4/5/25 23:00,,,,,1,1
4/6/25 0:00,9.33,185,S,10.11,0,0
4/6/25 1:00,8.36,195,SSW,10.69,0,0
4/6/25 2:00,7.78,212,SSW,11.66,0,0
4/6/25 3:00,8.75,211,SSW,12.44,0,0
4/6/25 4:00,8.16,198,SSW,10.89,0,0
4/6/25 5:00,9.14,197,SSW,11.86,0,0
4/6/25 6:00,6.61,198,SSW,9.72,0,0
4/6/25 7:00,7.58,197,SSW,9.14,0,0
4/6/25 8:00,4.67,213,SSW,6.61,0,0
4/6/25 9:00,3.89,210,SSW,6.03,0,0
4/6/25 10:00,2.14,181,S,3.3,0,0
4/6/25 11:00,2.33,216,SW,3.89,0,0
4/6/25 12:00,3.69,227,SW,5.44,0,0
4/6/25 13:00,6.8,203,SSW,10.5,0,0
4/6/25 14:00,8.16,196,SSW,11.66,0,0
4/6/25 15:00,8.94,209,SSW,13.61,0,0
4/6/25 16:00,6.8,209,SSW,10.5,0,0
4/6/25 17:00,5.83,185,S,7,0,0
4/6/25 18:00,11.08,181,S,12.64,0,0
4/6/25 19:00,9.14,190,S,11.27,0,0
4/6/25 20:00,11.47,197,SSW,16.13,0,0
4/6/25 21:00,11.08,197,SSW,13.8,0,0
4/6/25 22:00,7.39,190,S,9.33,0,0
4/6/25 23:00,11.08,193,SSW,12.83,0,0
4/7/25 0:00,11.27,227,SW,13.61,0,0
4/7/25 1:00,6.22,193,SSW,8.36,0,0
4/7/25 2:00,6.03,188,S,7.39,0,0
4/7/25 3:00,9.91,186,S,11.66,0,0
4/7/25 4:00,8.75,141,SE,12.25,0,0
4/7/25 5:00,7.19,134,SE,12.83,0,0
4/7/25 6:00,7.19,126,SE,12.25,0,0
4/7/25 7:00,6.41,124,SE,8.16,0,0
4/7/25 8:00,,,,,1,1
4/7/25 9:00,5.05,198,SSW,6.8,0,0
4/7/25 10:00,6.22,230,SW,7.39,0,0
4/7/25 11:00,6.8,213,SSW,8.75,0,0
4/7/25 12:00,7,214,SW,9.14,0,0
4/7/25 13:00,6.22,206,SSW,8.94,0,0
4/7/25 14:00,7.58,209,SSW,10.5,0,0
4/7/25 15:00,8.75,214,SW,12.44,0,0
4/7/25 16:00,9.72,227,SW,12.25,0,0
4/7/25 17:00,13.22,229,SW,16.52,0,0
4/7/25 18:00,11.66,215,SW,15.75,0,0
4/7/25 19:00,9.52,224,SW,12.64,0,0
4/7/25 20:00,2.33,275,W,3.3,0,0
4/7/25 21:00,6.03,300,WNW,8.55,0,0
4/7/25 22:00,1.17,200,SSW,2.14,0,0
4/7/25 23:00,5.25,263,W,6.61,0,0
4/8/25 0:00,,,,,1,1
4/8/25 1:00,2.92,225,SW,3.5,0,0
4/8/25 2:00,1.36,347,NNW,2.14,0,0
4/8/25 3:00,1.36,316,NW,1.94,0,0
4/8/25 4:00,2.53,277,W,3.3,0,0
4/8/25 5:00,1.36,124,SE,2.14,0,0
4/8/25 6:00,0.78,250,WSW,1.36,0,0
4/8/25 7:00,2.33,225,SW,3.5,0,0
4/8/25 8:00,2.92,224,SW,4.08,0,0
4/8/25 9:00,2.14,231,SW,2.92,0,0
4/8/25 10:00,5.05,197,SSW,6.41,0,0
4/8/25 11:00,5.83,192,SSW,7.19,0,0
4/8/25 12:00,4.28,202,SSW,6.8,0,0
4/8/25 13:00,7.19,216,SW,9.33,0,0
4/8/25 14:00,10.11,219,SW,12.05,0,0
4/8/25 15:00,9.33,231,SW,11.66,0,0
4/8/25 16:00,7.58,217,SW,9.52,0,0
4/8/25 17:00,6.03,215,SW,7.78,0,0
4/8/25 18:00,4.67,205,SSW,6.8,0,0
4/8/25 19:00,4.28,193,SSW,6.22,0,0
4/8/25 20:00,5.44,310,NW,8.36,0,0
4/8/25 21:00,7.19,301,WNW,11.66,0,0
4/8/25 22:00,4.28,33,NNE,5.05,0,0
4/8/25 23:00,2.92,305,NW,5.25,0,0
4/9/25 0:00,4.47,201,SSW,5.64,0,0
4/9/25 1:00,4.67,188,S,6.03,0,0
4/9/25 2:00,1.75,133,SE,3.11,0,0
4/9/25 3:00,2.72,127,SE,4.47,0,0
4/9/25 4:00,6.03,125,SE,7.19,0,0
4/9/25 5:00,5.44,119,ESE,6.61,0,0
4/9/25 6:00,3.69,127,SE,4.47,0,0
4/9/25 7:00,0.19,211,SSW,1.75,0,0
4/9/25 8:00,2.33,26,NNE,3.69,0,0
4/9/25 9:00,0.97,67,ENE,1.94,0,0
4/9/25 10:00,,,,,1,1
4/9/25 11:00,4.08,279,W,6.8,0,0
4/9/25 12:00,6.8,345,NNW,9.72,0,0
4/9/25 13:00,7.58,345,NNW,10.89,0,0
4/9/25 14:00,3.5,265,W,6.61,0,0
4/9/25 15:00,6.8,225,SW,8.36,0,0
4/9/25 16:00,,,,,1,1
4/9/25 17:00,9.72,222,SW,11.08,0,0
4/9/25 18:00,6.41,214,SW,8.55,0,0
4/9/25 19:00,9.33,214,SW,11.08,0,0
4/9/25 20:00,5.64,220,SW,8.94,0,0
4/9/25 21:00,2.33,117,ESE,3.5,0,0
4/9/25 22:00,6.41,214,SW,7.78,0,0
4/9/25 23:00,5.44,206,SSW,7.58,0,0
4/10/25 0:00,9.72,212,SSW,13.22,0,0
4/10/25 1:00,13.8,191,S,16.13,0,0
4/10/25 2:00,7.58,181,S,8.55,0,0
4/10/25 3:00,7.39,218,SW,9.72,0,0
4/10/25 4:00,7.58,210,SSW,11.66,0,0
4/10/25 5:00,9.14,214,SW,13.8,0,0
4/10/25 6:00,7.97,212,SSW,12.44,0,0
4/10/25 7:00,4.28,191,S,6.22,0,0
4/10/25 8:00,4.08,271,W,5.44,0,0
4/10/25 9:00,2.92,127,SE,5.44,0,0
4/10/25 10:00,,,,,1,1
4/10/25 11:00,6.22,176,S,7.39,0,0
4/10/25 12:00,4.67,197,SSW,6.61,0,0
4/10/25 13:00,11.47,220,SW,14.58,0,0
4/10/25 14:00,9.33,216,SW,12.25,0,0
4/10/25 15:00,7.78,211,SSW,11.86,0,0
4/10/25 16:00,5.25,198,SSW,7.78,0,0
4/10/25 17:00,12.44,298,WNW,15.16,0,0
4/10/25 18:00,8.94,321,NW,13.22,0,0
4/10/25 19:00,11.86,308,NW,16.33,0,0
4/10/25 20:00,5.05,264,W,11.08,0,0
4/10/25 21:00,0.19,218,SW,0.97,0,0
4/10/25 22:00,7.39,192,SSW,8.75,0,0
4/10/25 23:00,4.67,179,S,6.41,0,0
4/11/25 0:00,4.08,205,SSW,5.44,0,0
4/11/25 1:00,4.08,196,SSW,5.25,0,0
4/11/25 2:00,4.47,187,S,5.44,0,0
4/11/25 3:00,4.28,146,SE,6.22,0,0
4/11/25 4:00,7.19,109,ESE,9.14,0,0
4/11/25 5:00,9.91,178,S,11.27,0,0
4/11/25 6:00,8.16,184,S,9.14,0,0
4/11/25 7:00,4.67,203,SSW,6.41,0,0
4/11/25 8:00,7.58,176,S,9.33,0,0
4/11/25 9:00,10.11,172,S,11.08,0,0
4/11/25 10:00,5.64,209,SSW,9.91,0,0
4/11/25 11:00,7.97,213,SSW,10.5,0,0
4/11/25 12:00,13.61,214,SW,17.3,0,0
4/11/25 13:00,14.38,183,S,17.11,0,0
4/11/25 14:00,13.02,165,SSE,15.16,0,0
4/11/25 15:00,8.16,162,SSE,11.86,0,0
4/11/25 16:00,2.92,88,E,4.86,0,0
4/11/25 17:00,2.92,359,N,5.44,0,0
4/11/25 18:00,3.11,155,SSE,5.64,0,0
4/11/25 19:00,4.08,70,ENE,7.97,0,0
4/11/25 20:00,5.25,276,W,8.75,0,0
4/11/25 21:00,4.28,263,W,6.61,0,0
4/11/25 22:00,4.08,136,SE,7.19,0,0
4/11/25 23:00,7.39,174,S,8.75,0,0
4/12/25 0:00,6.22,191,S,7.97,0,0
4/12/25 1:00,7.58,170,S,8.75,0,0
4/12/25 2:00,7.78,154,SSE,12.05,0,0
4/12/25 3:00,0.97,305,NW,3.11,0,0
4/12/25 4:00,3.89,6,N,4.86,0,0
4/12/25 5:00,4.28,10,N,5.83,0,0
4/12/25 6:00,0.97,349,N,3.11,0,0
4/12/25 7:00,4.28,114,ESE,6.22,0,0
4/12/25 8:00,4.47,289,WNW,6.22,0,0
4/12/25 9:00,1.75,214,SW,3.11,0,0
4/12/25 10:00,1.94,186,S,3.3,0,0
4/12/25 11:00,3.69,205,SSW,5.44,0,0
4/12/25 12:00,5.64,199,SSW,7.58,0,0
4/12/25 13:00,7.39,205,SSW,10.69,0,0
4/12/25 14:00,8.55,214,SW,12.05,0,0
4/12/25 15:00,8.94,198,SSW,11.86,0,0
4/12/25 16:00,8.75,192,SSW,11.47,0,0
4/12/25 17:00,13.41,189,S,15.55,0,0
4/12/25 18:00,12.83,184,S,15.16,0,0
4/12/25 19:00,13.02,177,S,14.77,0,0
4/12/25 20:00,13.61,178,S,15.16,0,0
4/12/25 21:00,10.89,177,S,12.83,0,0
4/12/25 22:00,7.58,209,SSW,10.69,0,0
4/12/25 23:00,9.91,211,SSW,13.8,0,0
4/13/25 0:00,9.14,217,SW,12.64,0,0
4/13/25 1:00,10.11,218,SW,12.44,0,0
4/13/25 2:00,7,223,SW,8.55,0,0
4/13/25 3:00,7.78,222,SW,10.3,0,0
4/13/25 4:00,,,,,1,1
4/13/25 5:00,4.86,202,SSW,6.61,0,0
4/13/25 6:00,3.89,190,S,5.44,0,0
4/13/25 7:00,4.47,192,SSW,5.64,0,0
4/13/25 8:00,3.5,195,SSW,5.44,0,0
4/13/25 9:00,3.11,177,S,4.86,0,0
4/13/25 10:00,3.11,184,S,4.28,0,0
4/13/25 11:00,2.53,210,SSW,4.08,0,0
4/13/25 12:00,3.69,226,SW,4.86,0,0
4/13/25 13:00,7.97,267,W,9.91,0,0
4/13/25 14:00,8.36,264,W,10.5,0,0
4/13/25 15:00,9.33,221,SW,10.3,0,0
4/13/25 16:00,8.36,216,SW,11.66,0,0
4/13/25 17:00,5.05,205,SSW,7.39,0,0
4/13/25 18:00,4.08,202,SSW,5.83,0,0
4/13/25 19:00,3.3,108,ESE,4.08,0,0
4/13/25 20:00,4.47,177,S,5.44,0,0
4/13/25 21:00,4.67,186,S,5.83,0,0
4/13/25 22:00,5.83,205,SSW,11.27,0,0
4/13/25 23:00,9.52,209,SSW,13.61,0,0
4/14/25 0:00,11.66,200,SSW,15.55,0,0
4/14/25 1:00,11.66,196,SSW,14.19,0,0
4/14/25 2:00,11.66,213,SSW,15.55,0,0
4/14/25 3:00,8.55,220,SW,10.69,0,0
4/14/25 4:00,6.41,215,SW,7.97,0,0
4/14/25 5:00,1.56,208,SSW,2.33,0,0
4/14/25 6:00,3.11,210,SSW,4.08,0,0
4/14/25 7:00,7,214,SW,9.91,0,0
4/14/25 8:00,8.75,214,SW,12.44,0,0
4/14/25 9:00,8.16,215,SW,10.69,0,0
4/14/25 10:00,9.14,217,SW,12.05,0,0
4/14/25 11:00,7.39,194,SSW,9.52,0,0
4/14/25 12:00,9.33,215,SW,12.05,0,0
4/14/25 13:00,7.97,213,SSW,10.5,0,0
4/14/25 14:00,10.3,217,SW,14.38,0,0
4/14/25 15:00,12.25,219,SW,16.33,0,0
4/14/25 16:00,11.86,223,SW,15.94,0,0
4/14/25 17:00,10.3,216,SW,14.38,0,0
4/14/25 18:00,4.67,196,SSW,9.14,0,0
4/14/25 19:00,6.8,207,SSW,9.14,0,0
4/14/25 20:00,9.14,215,SW,12.05,0,0
4/14/25 21:00,10.69,226,SW,13.61,0,0
4/14/25 22:00,10.11,222,SW,12.05,0,0
4/14/25 23:00,9.33,232,SW,12.64,0,0
4/15/25 0:00,9.52,225,SW,11.27,0,0
4/15/25 1:00,12.83,227,SW,15.55,0,0
4/15/25 2:00,12.25,227,SW,14.97,0,0
4/15/25 3:00,6.03,226,SW,8.55,0,0
4/15/25 4:00,10.89,221,SW,12.83,0,0
4/15/25 5:00,11.47,228,SW,16.91,0,0
4/15/25 6:00,7.78,226,SW,10.69,0,0
4/15/25 7:00,8.75,224,SW,11.86,0,0
4/15/25 8:00,8.16,225,SW,11.27,0,0
4/15/25 9:00,8.94,238,WSW,14.19,0,0
4/15/25 10:00,11.47,224,SW,14.77,0,0
4/15/25 11:00,12.25,222,SW,14.97,0,0
4/15/25 12:00,7.97,228,SW,13.41,0,0
4/15/25 13:00,10.3,242,WSW,14.38,0,0
4/15/25 14:00,10.89,231,SW,14.58,0,0
4/15/25 15:00,9.52,243,WSW,16.33,0,0
4/15/25 16:00,9.91,241,WSW,13.61,0,0
4/15/25 17:00,12.83,230,SW,15.94,0,0
4/15/25 18:00,9.91,230,SW,13.61,0,0
4/15/25 19:00,8.75,261,W,14.58,0,0
4/15/25 20:00,9.72,257,WSW,12.83,0,0
4/15/25 21:00,5.64,251,WSW,9.33,0,0
4/15/25 22:00,6.61,251,WSW,10.3,0,0
4/15/25 23:00,6.41,240,WSW,9.72,0,0
4/16/25 0:00,6.61,253,WSW,8.55,0,0
4/16/25 1:00,5.44,256,WSW,9.14,0,0
4/16/25 2:00,5.05,260,W,8.16,0,0
4/16/25 3:00,4.47,253,WSW,7,0,0
4/16/25 4:00,5.05,228,SW,7,0,0
4/16/25 5:00,7.19,279,W,9.91,0,0
4/16/25 6:00,8.36,281,W,11.08,0,0
4/16/25 7:00,7.19,271,W,10.3,0,0
4/16/25 8:00,8.55,263,W,11.08,0,0
4/16/25 9:00,6.8,259,W,8.94,0,0
4/16/25 10:00,7.19,231,SW,10.89,0,0
4/16/25 11:00,9.91,236,SW,13.02,0,0
4/16/25 12:00,6.41,226,SW,13.61,0,0
4/16/25 13:00,9.52,234,SW,14.38,0,0
4/16/25 14:00,9.14,235,SW,13.41,0,0
4/16/25 15:00,11.27,223,SW,14.19,0,0
4/16/25 16:00,9.14,229,SW,11.66,0,0
4/16/25 17:00,10.5,228,SW,14.77,0,0
4/16/25 18:00,11.66,215,SW,15.36,0,0
4/16/25 19:00,12.05,221,SW,15.94,0,0
4/16/25 20:00,13.61,219,SW,18.47,0,0
4/16/25 21:00,10.5,230,SW,14.19,0,0
4/16/25 22:00,10.3,217,SW,13.22,0,0
4/16/25 23:00,10.89,227,SW,13.22,0,0
4/17/25 0:00,8.55,232,SW,10.89,0,0
4/17/25 1:00,6.8,221,SW,9.14,0,0
4/17/25 2:00,9.91,215,SW,12.64,0,0
4/17/25 3:00,10.11,224,SW,11.86,0,0
4/17/25 4:00,7.19,225,SW,11.08,0,0
4/17/25 5:00,3.89,244,WSW,5.05,0,0
4/17/25 6:00,2.92,251,WSW,4.67,0,0
4/17/25 7:00,3.3,202,SSW,4.47,0,0
4/17/25 8:00,0.97,260,W,1.94,0,0
4/17/25 9:00,0.97,202,SSW,1.56,0,0
4/17/25 10:00,4.47,208,SSW,5.83,0,0
4/17/25 11:00,1.94,180,S,3.5,0,0
4/17/25 12:00,3.69,196,SSW,5.05,0,0
4/17/25 13:00,6.8,215,SW,9.14,0,0
4/17/25 14:00,8.94,221,SW,11.47,0,0
4/17/25 15:00,9.52,211,SSW,13.02,0,0
4/17/25 16:00,11.08,221,SW,14,0,0
4/17/25 17:00,11.47,225,SW,14.38,0,0
4/17/25 18:00,10.11,230,SW,13.8,0,0
4/17/25 19:00,5.44,240,WSW,8.75,0,0
4/17/25 20:00,9.33,228,SW,12.44,0,0
4/17/25 21:00,8.36,228,SW,11.08,0,0
4/17/25 22:00,8.75,231,SW,11.66,0,0
4/17/25 23:00,6.22,229,SW,9.33,0,0
4/18/25 0:00,5.83,241,WSW,8.75,0,0
4/18/25 1:00,4.67,240,WSW,7,0,0
4/18/25 2:00,6.61,259,W,8.55,0,0
4/18/25 3:00,4.86,230,SW,7.39,0,0
4/18/25 4:00,5.25,250,WSW,9.72,0,0
4/18/25 5:00,7.39,235,SW,9.72,0,0
4/18/25 6:00,4.67,244,WSW,8.36,0,0
4/18/25 7:00,4.08,238,WSW,7.39,0,0
4/18/25 8:00,3.5,276,W,4.86,0,0
4/18/25 9:00,3.5,226,SW,4.67,0,0
4/18/25 10:00,4.28,205,SSW,5.83,0,0
4/18/25 11:00,6.41,216,SW,8.75,0,0
4/18/25 12:00,6.22,223,SW,8.55,0,0
4/18/25 13:00,7.58,215,SW,9.91,0,0
4/18/25 14:00,8.55,223,SW,12.05,0,0
4/18/25 15:00,8.94,212,SSW,12.83,0,0
4/18/25 16:00,11.66,218,SW,14.38,0,0
4/18/25 17:00,8.36,221,SW,11.86,0,0
4/18/25 18:00,5.83,181,S,7.39,0,0
4/18/25 19:00,6.8,213,SSW,8.75,0,0
4/18/25 20:00,3.3,207,SSW,5.25,0,0
4/18/25 21:00,2.33,113,ESE,3.3,0,0
4/18/25 22:00,7.78,189,S,8.94,0,0
4/18/25 23:00,6.8,214,SW,10.3,0,0
4/19/25 0:00,12.25,184,S,14.97,0,0
4/19/25 1:00,13.02,179,S,15.75,0,0
4/19/25 2:00,11.08,179,S,15.16,0,0
4/19/25 3:00,11.86,188,S,14.58,0,0
4/19/25 4:00,10.11,181,S,12.44,0,0
4/19/25 5:00,11.27,191,S,13.22,0,0
4/19/25 6:00,11.08,182,S,13.41,0,0
4/19/25 7:00,10.11,187,S,11.86,0,0
4/19/25 8:00,10.3,191,S,13.02,0,0
4/19/25 9:00,7.78,204,SSW,10.3,0,0
4/19/25 10:00,8.16,209,SSW,11.66,0,0
4/19/25 11:00,12.25,225,SW,14.38,0,0
4/19/25 12:00,12.83,227,SW,16.33,0,0
4/19/25 13:00,8.94,226,SW,11.27,0,0
4/19/25 14:00,11.47,213,SSW,16.13,0,0
4/19/25 15:00,12.05,218,SW,16.13,0,0
4/19/25 16:00,12.25,210,SSW,18.27,0,0
4/19/25 17:00,13.61,218,SW,16.33,0,0
4/19/25 18:00,11.27,231,SW,14.77,0,0
4/19/25 19:00,11.27,227,SW,13.41,0,0
4/19/25 20:00,11.27,234,SW,17.11,0,0
4/19/25 21:00,7.97,224,SW,12.05,0,0
4/19/25 22:00,7.19,219,SW,8.94,0,0
4/19/25 23:00,7.39,223,SW,10.11,0,0
4/20/25 0:00,7.19,218,SW,9.52,0,0
4/20/25 1:00,7.58,223,SW,11.27,0,0
4/20/25 2:00,7.58,210,SSW,12.05,0,0
4/20/25 3:00,4.67,199,SSW,7.19,0,0
4/20/25 4:00,5.25,208,SSW,7,0,0
4/20/25 5:00,5.64,190,S,7.39,0,0
4/20/25 6:00,4.08,214,SW,6.22,0,0
4/20/25 7:00,2.14,264,W,5.05,0,0
4/20/25 8:00,4.47,196,SSW,6.41,0,0
4/20/25 9:00,1.75,233,SW,4.67,0,0
4/20/25 10:00,3.3,267,W,4.28,0,0
4/20/25 11:00,3.3,205,SSW,5.25,0,0
4/20/25 12:00,4.47,215,SW,6.41,0,0
4/20/25 13:00,6.8,212,SSW,9.91,0,0
4/20/25 14:00,8.36,212,SSW,12.44,0,0
4/20/25 15:00,8.94,213,SSW,12.83,0,0
4/20/25 16:00,9.14,210,SSW,13.22,0,0
4/20/25 17:00,8.55,210,SSW,11.66,0,0
4/20/25 18:00,9.91,214,SW,14,0,0
4/20/25 19:00,11.86,215,SW,14.77,0,0
4/20/25 20:00,6.22,199,SSW,7.97,0,0
4/20/25 21:00,7.58,197,SSW,10.89,0,0
4/20/25 22:00,8.16,206,SSW,12.25,0,0
4/20/25 23:00,12.83,187,S,16.33,0,0
4/21/25 0:00,13.02,187,S,16.33,0,0
4/21/25 1:00,12.64,196,SSW,15.75,0,0
4/21/25 2:00,11.27,209,SSW,14.77,0,0
4/21/25 3:00,11.66,212,SSW,15.16,0,0
4/21/25 4:00,9.72,193,SSW,12.83,0,0
4/21/25 5:00,9.33,209,SSW,12.83,0,0
4/21/25 6:00,7.39,203,SSW,11.27,0,0
4/21/25 7:00,6.61,181,S,8.16,0,0
4/21/25 8:00,5.25,195,SSW,7.58,0,0
4/21/25 9:00,5.83,180,S,7.78,0,0
4/21/25 10:00,2.53,174,S,4.86,0,0
4/21/25 11:00,3.5,226,SW,4.67,0,0
4/21/25 12:00,4.28,221,SW,5.44,0,0
4/21/25 13:00,5.83,218,SW,7.39,0,0
4/21/25 14:00,8.36,216,SW,10.5,0,0
4/21/25 15:00,6.41,215,SW,8.94,0,0
4/21/25 16:00,7.19,207,SSW,9.72,0,0
4/21/25 17:00,7.58,197,SSW,10.3,0,0
4/21/25 18:00,8.16,190,S,9.72,0,0
4/21/25 19:00,8.55,184,S,10.11,0,0
4/21/25 20:00,5.83,121,ESE,6.61,0,0
4/21/25 21:00,4.08,208,SSW,6.8,0,0
4/21/25 22:00,7.78,214,SW,9.33,0,0
4/21/25 23:00,9.33,212,SSW,12.83,0,0
4/22/25 0:00,16.91,192,SSW,18.66,0,0
4/22/25 1:00,12.25,202,SSW,15.75,0,0
4/22/25 2:00,10.89,205,SSW,14.19,0,0
4/22/25 3:00,11.27,208,SSW,16.33,0,0
4/22/25 4:00,13.41,213,SSW,16.72,0,0
4/22/25 5:00,12.83,207,SSW,18.08,0,0
4/22/25 6:00,13.8,218,SW,17.49,0,0
4/22/25 7:00,12.25,215,SW,15.75,0,0
4/22/25 8:00,11.66,221,SW,16.52,0,0
4/22/25 9:00,12.44,223,SW,15.55,0,0
4/22/25 10:00,12.83,214,SW,17.11,0,0
4/22/25 11:00,13.41,218,SW,16.91,0,0
4/22/25 12:00,11.27,213,SSW,14.58,0,0
4/22/25 13:00,12.83,215,SW,17.49,0,0
4/22/25 14:00,12.05,214,SW,16.52,0,0
4/22/25 15:00,15.36,218,SW,19.83,0,0
4/22/25 16:00,17.49,219,SW,21.38,0,0
4/22/25 17:00,17.3,223,SW,20.99,0,0
4/22/25 18:00,14.38,219,SW,16.91,0,0
4/22/25 19:00,13.02,219,SW,17.11,0,0
4/22/25 20:00,13.22,221,SW,16.33,0,0
4/22/25 21:00,11.27,219,SW,14.77,0,0
4/22/25 22:00,11.08,220,SW,14,0,0
4/22/25 23:00,9.33,196,SSW,12.05,0,0
4/23/25 0:00,8.55,204,SSW,13.41,0,0
4/23/25 1:00,11.08,193,SSW,14.19,0,0
4/23/25 2:00,10.11,193,SSW,12.44,0,0
4/23/25 3:00,8.16,196,SSW,10.69,0,0
4/23/25 4:00,7.78,224,SW,10.69,0,0
4/23/25 5:00,7.19,226,SW,8.94,0,0
4/23/25 6:00,3.89,236,SW,6.22,0,0
4/23/25 7:00,2.14,359,N,2.72,0,0
4/23/25 8:00,3.89,206,SSW,6.22,0,0
4/23/25 9:00,1.94,129,SE,3.5,0,0
4/23/25 10:00,1.94,174,S,4.67,0,0
4/23/25 11:00,10.69,203,SSW,15.16,0,0
4/23/25 12:00,15.16,194,SSW,18.66,0,0
4/23/25 13:00,15.16,199,SSW,19.44,0,0
4/23/25 14:00,14,198,SSW,18.08,0,0
4/23/25 15:00,13.41,202,SSW,16.52,0,0
4/23/25 16:00,11.86,207,SSW,15.55,0,0
4/23/25 17:00,11.47,204,SSW,14.97,0,0
4/23/25 18:00,12.05,227,SW,16.13,0,0
4/23/25 19:00,12.83,229,SW,14.38,0,0
4/23/25 20:00,8.16,231,SW,11.66,0,0
4/23/25 21:00,6.61,244,WSW,10.11,0,0
4/23/25 22:00,0.39,229,SW,1.56,0,0
4/23/25 23:00,9.72,226,SW,11.66,0,0
4/24/25 0:00,8.55,224,SW,11.08,0,0
4/24/25 1:00,8.94,234,SW,11.66,0,0
4/24/25 2:00,7.39,240,WSW,9.72,0,0
4/24/25 3:00,4.67,230,SW,8.55,0,0
4/24/25 4:00,5.44,241,WSW,9.33,0,0
4/24/25 5:00,1.75,197,SSW,2.92,0,0
4/24/25 6:00,0.97,186,S,1.56,0,0
4/24/25 7:00,3.11,318,NW,4.86,0,0
4/24/25 8:00,6.03,248,WSW,8.94,0,0
4/24/25 9:00,8.55,249,WSW,14.38,0,0
4/24/25 10:00,7.58,237,WSW,12.83,0,0
4/24/25 11:00,7.58,231,SW,11.66,0,0
4/24/25 12:00,3.3,213,SSW,4.47,0,0
4/24/25 13:00,8.36,243,WSW,13.8,0,0
4/24/25 14:00,7.39,256,WSW,12.25,0,0
4/24/25 15:00,10.3,234,SW,13.22,0,0
4/24/25 16:00,10.5,231,SW,14.38,0,0
4/24/25 17:00,11.27,248,WSW,18.08,0,0
4/24/25 18:00,10.11,253,WSW,17.49,0,0
4/24/25 19:00,8.94,252,WSW,12.44,0,0
4/24/25 20:00,5.83,243,WSW,9.72,0,0
4/24/25 21:00,7,236,SW,9.72,0,0
4/24/25 22:00,7.19,263,W,9.52,0,0
4/24/25 23:00,7.97,240,WSW,13.8,0,0
4/25/25 0:00,11.47,248,WSW,15.94,0,0
4/25/25 1:00,10.5,233,SW,14.19,0,0
4/25/25 2:00,8.94,259,W,12.05,0,0
4/25/25 3:00,7.97,245,WSW,11.86,0,0
4/25/25 4:00,7.39,239,WSW,13.22,0,0
4/25/25 5:00,7,252,WSW,11.47,0,0
4/25/25 6:00,8.16,253,WSW,12.83,0,0
4/25/25 7:00,8.75,268,W,12.05,0,0
4/25/25 8:00,6.41,265,W,8.36,0,0
4/25/25 9:00,7,227,SW,8.75,0,0
4/25/25 10:00,8.75,228,SW,11.08,0,0
4/25/25 11:00,9.33,228,SW,12.05,0,0
4/25/25 12:00,11.27,227,SW,14.38,0,0
4/25/25 13:00,9.91,215,SW,13.02,0,0
4/25/25 14:00,11.27,216,SW,14.38,0,0
4/25/25 15:00,9.72,218,SW,12.25,0,0
4/25/25 16:00,8.36,219,SW,10.69,0,0
4/25/25 17:00,11.47,221,SW,14.97,0,0
4/25/25 18:00,7.19,239,WSW,11.86,0,0
4/25/25 19:00,7.39,233,SW,9.91,0,0
4/25/25 20:00,5.05,241,WSW,8.36,0,0
4/25/25 21:00,5.83,266,W,7.97,0,0
4/25/25 22:00,5.05,314,NW,7.39,0,0
4/25/25 23:00,4.47,299,WNW,7,0,0
4/26/25 0:00,3.11,322,NW,3.89,0,0
4/26/25 1:00,4.28,306,NW,5.05,0,0
4/26/25 2:00,4.67,291,WNW,6.03,0,0
4/26/25 3:00,5.64,306,NW,6.41,0,0
4/26/25 4:00,2.14,19,NNE,3.3,0,0
4/26/25 5:00,3.3,348,NNW,3.89,0,0
4/26/25 6:00,0.39,46,NE,0.97,0,0
4/26/25 7:00,0,331,NNW,0,0,0
4/26/25 8:00,4.08,316,NW,6.8,0,0
4/26/25 9:00,3.3,256,WSW,5.25,0,0
4/26/25 10:00,4.47,138,SE,7,0,0
4/26/25 11:00,6.61,193,SSW,8.16,0,0
4/26/25 12:00,10.69,214,SW,13.61,0,0
4/26/25 13:00,11.47,216,SW,14.77,0,0
4/26/25 14:00,10.3,228,SW,12.83,0,0
4/26/25 15:00,9.14,226,SW,11.86,0,0
4/26/25 16:00,7.19,242,WSW,11.27,0,0
4/26/25 17:00,7,242,WSW,11.66,0,0
4/26/25 18:00,7,231,SW,10.11,0,0
4/26/25 19:00,5.05,239,WSW,8.16,0,0
4/26/25 20:00,7.78,229,SW,12.05,0,0
4/26/25 21:00,8.94,228,SW,12.05,0,0
4/26/25 22:00,6.41,224,SW,7.97,0,0
4/26/25 23:00,5.64,230,SW,8.55,0,0
4/27/25 0:00,4.47,253,WSW,5.64,0,0
4/27/25 1:00,5.44,223,SW,6.8,0,0
4/27/25 2:00,4.67,219,SW,6.22,0,0
4/27/25 3:00,4.08,262,W,6.03,0,0
4/27/25 4:00,2.72,263,W,4.08,0,0
4/27/25 5:00,4.08,254,WSW,6.61,0,0
4/27/25 6:00,1.36,202,SSW,2.53,0,0
4/27/25 7:00,3.5,225,SW,4.67,0,0
4/27/25 8:00,2.33,192,SSW,3.69,0,0
4/27/25 9:00,3.11,234,SW,4.08,0,0
4/27/25 10:00,4.86,273,W,5.83,0,0
4/27/25 11:00,2.92,169,S,4.28,0,0
4/27/25 12:00,2.53,177,S,4.08,0,0
4/27/25 13:00,3.3,197,SSW,4.86,0,0
4/27/25 14:00,3.89,191,S,4.86,0,0
4/27/25 15:00,6.03,172,S,6.8,0,0
4/27/25 16:00,5.25,192,SSW,6.8,0,0
4/27/25 17:00,3.89,217,SW,5.44,0,0
4/27/25 18:00,8.75,215,SW,11.27,0,0
4/27/25 19:00,9.33,220,SW,11.47,0,0
4/27/25 20:00,7.78,226,SW,9.14,0,0
4/27/25 21:00,5.44,198,SSW,8.75,0,0
4/27/25 22:00,5.83,213,SSW,7.97,0,0
4/27/25 23:00,3.5,210,SSW,4.47,0,0
4/28/25 0:00,6.41,192,SSW,7.58,0,0
4/28/25 1:00,7.39,183,S,8.36,0,0
4/28/25 2:00,6.03,197,SSW,9.14,0,0
4/28/25 3:00,7.19,197,SSW,9.52,0,0
4/28/25 4:00,6.8,193,SSW,8.36,0,0
4/28/25 5:00,6.61,203,SSW,8.94,0,0
4/28/25 6:00,4.67,198,SSW,7.78,0,0
4/28/25 7:00,6.41,185,S,7.97,0,0
4/28/25 8:00,5.25,206,SSW,8.75,0,0
4/28/25 9:00,4.67,184,S,6.61,0,0
4/28/25 10:00,4.08,197,SSW,6.41,0,0
4/28/25 11:00,5.25,182,S,7.39,0,0
4/28/25 12:00,9.91,220,SW,12.05,0,0
4/28/25 13:00,13.22,216,SW,16.52,0,0
4/28/25 14:00,14,214,SW,17.3,0,0
4/28/25 15:00,12.25,215,SW,16.52,0,0
4/28/25 16:00,12.25,216,SW,15.55,0,0
4/28/25 17:00,10.89,217,SW,15.75,0,0
4/28/25 18:00,11.86,213,SSW,16.33,0,0
4/28/25 19:00,12.25,220,SW,15.36,0,0
4/28/25 20:00,11.27,224,SW,14.77,0,0
4/28/25 21:00,4.47,222,SW,7,0,0
4/28/25 22:00,14.38,184,S,16.13,0,0
4/28/25 23:00,13.61,190,S,15.16,0,0
4/29/25 0:00,11.86,195,SSW,14.77,0,0
4/29/25 1:00,11.86,207,SSW,14.97,0,0
4/29/25 2:00,10.5,200,SSW,13.41,0,0
4/29/25 3:00,11.27,193,SSW,13.22,0,0
4/29/25 4:00,7.78,196,SSW,9.91,0,0
4/29/25 5:00,8.94,218,SW,10.89,0,0
4/29/25 6:00,7.78,218,SW,9.72,0,0
4/29/25 7:00,6.22,202,SSW,8.16,0,0
4/29/25 8:00,4.28,210,SSW,6.22,0,0
4/29/25 9:00,5.44,208,SSW,8.36,0,0
4/29/25 10:00,5.83,221,SW,7.39,0,0
4/29/25 11:00,4.67,214,SW,6.41,0,0
4/29/25 12:00,7,215,SW,8.55,0,0
4/29/25 13:00,6.41,215,SW,7.97,0,0
4/29/25 14:00,9.52,214,SW,12.25,0,0
4/29/25 15:00,10.5,213,SSW,14.19,0,0
4/29/25 16:00,7.97,213,SSW,10.3,0,0
4/29/25 17:00,10.89,214,SW,14.19,0,0
4/29/25 18:00,9.14,192,SSW,10.89,0,0
4/29/25 19:00,14.58,195,SSW,17.49,0,0
4/29/25 20:00,16.33,191,S,18.47,0,0
4/29/25 21:00,14.77,192,SSW,17.88,0,0
4/29/25 22:00,16.91,186,S,19.24,0,0
4/29/25 23:00,13.22,184,S,16.33,0,0
4/30/25 0:00,11.66,191,S,14.58,0,0
4/30/25 1:00,12.44,182,S,14.58,0,0
4/30/25 2:00,10.5,185,S,12.25,0,0
4/30/25 3:00,10.69,199,SSW,13.8,0,0
4/30/25 4:00,9.52,201,SSW,13.02,0,0
4/30/25 5:00,9.91,192,SSW,12.44,0,0
4/30/25 6:00,8.16,195,SSW,11.27,0,0
4/30/25 7:00,8.55,183,S,10.69,0,0
4/30/25 8:00,5.64,174,S,8.94,0,0
4/30/25 9:00,7.19,184,S,9.33,0,0
4/30/25 10:00,6.22,203,SSW,8.75,0,0
4/30/25 11:00,6.61,211,SSW,8.55,0,0
4/30/25 12:00,6.8,211,SSW,8.94,0,0
4/30/25 13:00,10.11,216,SW,12.25,0,0
4/30/25 14:00,10.69,217,SW,13.8,0,0
4/30/25 15:00,11.08,213,SSW,14.38,0,0
4/30/25 16:00,10.3,212,SSW,14,0,0
4/30/25 17:00,8.94,196,SSW,12.25,0,0
4/30/25 18:00,7.58,201,SSW,11.66,0,0
4/30/25 19:00,9.52,212,SSW,12.83,0,0
4/30/25 20:00,8.75,218,SW,11.86,0,0
4/30/25 21:00,12.44,225,SW,14.58,0,0
4/30/25 22:00,15.75,220,SW,21.19,0,0
4/30/25 23:00,16.33,216,SW,20.8,0,0
5/1/25 0:00,14.58,216,SW,19.24,0,0
5/1/25 1:00,15.75,222,SW,19.05,0,0
5/1/25 2:00,14.97,217,SW,19.63,0,0
5/1/25 3:00,14.19,222,SW,18.47,0,0
5/1/25 4:00,12.64,220,SW,15.75,0,0
5/1/25 5:00,11.08,203,SSW,15.55,0,0
5/1/25 6:00,11.86,220,SW,15.36,0,0
5/1/25 7:00,11.08,221,SW,13.41,0,0
5/1/25 8:00,10.3,230,SW,12.83,0,0
5/1/25 9:00,10.5,228,SW,13.02,0,0
5/1/25 10:00,11.86,229,SW,14,0,0
5/1/25 11:00,12.64,223,SW,15.94,0,0
5/1/25 12:00,13.61,220,SW,17.3,0,0
5/1/25 13:00,12.25,211,SSW,18.27,0,0
5/1/25 14:00,15.75,216,SW,20.02,0,0
5/1/25 15:00,14.77,215,SW,19.05,0,0
5/1/25 16:00,13.02,217,SW,17.11,0,0
5/1/25 17:00,11.27,214,SW,15.16,0,0
5/1/25 18:00,9.52,209,SSW,14.97,0,0
5/1/25 19:00,7,202,SSW,11.08,0,0
5/1/25 20:00,8.55,218,SW,11.86,0,0
5/1/25 21:00,11.08,217,SW,15.55,0,0
5/1/25 22:00,9.33,219,SW,11.86,0,0
5/1/25 23:00,11.27,210,SSW,14.77,0,0
5/2/25 0:00,7.19,208,SSW,12.44,0,0
5/2/25 1:00,8.36,238,WSW,11.86,0,0
5/2/25 2:00,7.58,226,SW,11.66,0,0
5/2/25 3:00,6.61,227,SW,8.94,0,0
5/2/25 4:00,4.28,174,S,6.61,0,0
5/2/25 5:00,4.47,208,SSW,7.39,0,0
5/2/25 6:00,8.55,228,SW,11.08,0,0
5/2/25 7:00,5.64,201,SSW,8.16,0,0
5/2/25 8:00,4.47,203,SSW,7.19,0,0
5/2/25 9:00,5.83,219,SW,7.97,0,0
5/2/25 10:00,6.22,219,SW,7.97,0,0
5/2/25 11:00,4.86,207,SSW,7.58,0,0
5/2/25 12:00,6.61,200,SSW,9.33,0,0
5/2/25 13:00,6.8,204,SSW,9.72,0,0
5/2/25 14:00,8.36,205,SSW,12.25,0,0
5/2/25 15:00,8.94,213,SSW,12.05,0,0
5/2/25 16:00,10.5,218,SW,13.02,0,0
5/2/25 17:00,10.11,220,SW,12.44,0,0
5/2/25 18:00,8.36,225,SW,9.72,0,0
5/2/25 19:00,3.11,191,S,5.25,0,0
5/2/25 20:00,4.86,266,W,6.8,0,0
5/2/25 21:00,3.3,59,ENE,6.41,0,0
5/2/25 22:00,4.67,147,SSE,6.41,0,0
5/2/25 23:00,2.14,124,SE,4.67,0,0
5/3/25 0:00,4.08,111,ESE,7.39,0,0
5/3/25 1:00,8.55,160,SSE,10.89,0,0
5/3/25 2:00,1.94,164,SSE,2.92,0,0
5/3/25 3:00,0.39,192,SSW,1.17,0,0
5/3/25 4:00,3.5,202,SSW,5.44,0,0
5/3/25 5:00,2.92,332,NNW,3.5,0,0
5/3/25 6:00,3.11,193,SSW,4.47,0,0
5/3/25 7:00,2.92,317,NW,6.22,0,0
5/3/25 8:00,11.27,300,WNW,15.75,0,0
5/3/25 9:00,6.61,179,S,8.16,0,0
5/3/25 10:00,5.25,164,SSE,6.22,0,0
5/3/25 11:00,4.08,187,S,7.19,0,0
5/3/25 12:00,4.28,226,SW,6.03,0,0
5/3/25 13:00,7.58,173,S,8.94,0,0
5/3/25 14:00,8.16,181,S,8.94,0,0
5/3/25 15:00,5.44,269,W,8.16,0,0
5/3/25 16:00,14,306,NW,18.86,0,0
5/3/25 17:00,15.94,296,WNW,20.6,0,0
5/3/25 18:00,13.61,289,WNW,19.83,0,0
5/3/25 19:00,10.3,296,WNW,15.36,0,0
5/3/25 20:00,15.55,303,WNW,19.63,0,0
5/3/25 21:00,13.61,294,WNW,16.91,0,0
5/3/25 22:00,10.11,291,WNW,14.77,0,0
5/3/25 23:00,6.22,289,WNW,9.33,0,0
5/4/25 0:00,5.64,299,WNW,7.39,0,0
5/4/25 1:00,6.41,121,ESE,7.58,0,0
5/4/25 2:00,2.92,305,NW,4.67,0,0
5/4/25 3:00,3.3,327,NNW,4.86,0,0
5/4/25 4:00,4.28,326,NW,6.8,0,0
5/4/25 5:00,3.69,329,NNW,6.22,0,0
5/4/25 6:00,4.28,333,NNW,6.61,0,0
5/4/25 7:00,1.36,332,NNW,2.92,0,0
5/4/25 8:00,5.25,310,NW,7.58,0,0
5/4/25 9:00,4.47,297,WNW,7.58,0,0
5/4/25 10:00,3.69,208,SSW,5.83,0,0
5/4/25 11:00,6.61,191,S,7.97,0,0
5/4/25 12:00,7.19,207,SSW,11.27,0,0
5/4/25 13:00,8.94,207,SSW,13.61,0,0
5/4/25 14:00,13.41,190,S,15.36,0,0
5/4/25 15:00,12.83,177,S,15.55,0,0
5/4/25 16:00,12.64,174,S,15.16,0,0
5/4/25 17:00,12.44,172,S,17.49,0,0
5/4/25 18:00,1.17,126,SE,4.08,0,0
5/4/25 19:00,3.3,210,SSW,6.03,0,0
5/4/25 20:00,5.25,200,SSW,8.36,0,0
5/4/25 21:00,7.97,212,SSW,12.44,0,0
5/4/25 22:00,0.19,179,S,1.75,0,0
5/4/25 23:00,2.33,65,ENE,5.44,0,0
5/5/25 0:00,2.53,119,ESE,3.3,0,0
5/5/25 1:00,2.53,181,S,3.5,0,0
5/5/25 2:00,0.97,247,WSW,1.75,0,0
5/5/25 3:00,3.69,322,NW,4.86,0,0
5/5/25 4:00,8.55,0,N,12.44,0,0
5/5/25 5:00,11.47,8,N,18.66,0,0
5/5/25 6:00,8.55,12,NNE,11.47,0,0
5/5/25 7:00,9.91,356,N,17.3,0,0
5/5/25 8:00,10.89,352,N,17.88,0,0
5/5/25 9:00,9.33,343,NNW,14.58,0,0
5/5/25 10:00,11.66,9,N,18.47,0,0
5/5/25 11:00,12.64,8,N,20.41,0,0
5/5/25 12:00,16.72,13,NNE,28.19,0,0
5/5/25 13:00,14.97,3,N,21.77,0,0
5/5/25 14:00,13.02,11,N,19.44,0,0
5/5/25 15:00,16.91,335,NNW,22.16,0,0
5/5/25 16:00,12.44,332,NNW,18.66,0,0
5/5/25 17:00,10.11,341,NNW,13.8,0,0
5/5/25 18:00,6.41,228,SW,8.75,0,0
5/5/25 19:00,5.83,214,SW,7.19,0,0
5/5/25 20:00,1.36,151,SSE,3.5,0,0
5/5/25 21:00,3.11,209,SSW,4.08,0,0
5/5/25 22:00,3.3,185,S,4.08,0,0
5/5/25 23:00,2.33,192,SSW,3.5,0,0
5/6/25 0:00,8.36,220,SW,9.52,0,0
5/6/25 1:00,8.36,244,WSW,11.47,0,0
5/6/25 2:00,4.86,201,SSW,8.36,0,0
5/6/25 3:00,11.08,228,SW,14.58,0,0
5/6/25 4:00,7.78,248,WSW,11.47,0,0
5/6/25 5:00,5.25,263,W,7.78,0,0
5/6/25 6:00,4.86,233,SW,7.19,0,0
5/6/25 7:00,5.25,213,SSW,6.8,0,0
5/6/25 8:00,7.97,218,SW,12.44,0,0
5/6/25 9:00,9.72,187,S,11.27,0,0
5/6/25 10:00,9.91,198,SSW,13.61,0,0
5/6/25 11:00,9.72,216,SW,12.44,0,0
5/6/25 12:00,8.16,231,SW,11.66,0,0
5/6/25 13:00,10.69,228,SW,14,0,0
5/6/25 14:00,12.44,227,SW,16.13,0,0
5/6/25 15:00,12.44,230,SW,17.49,0,0
5/6/25 16:00,10.5,235,SW,17.69,0,0
5/6/25 17:00,10.11,236,SW,16.33,0,0
5/6/25 18:00,10.11,242,WSW,15.36,0,0
5/6/25 19:00,13.61,226,SW,17.3,0,0
5/6/25 20:00,11.27,232,SW,19.44,0,0
5/6/25 21:00,7.78,261,W,10.69,0,0
5/6/25 22:00,9.14,222,SW,11.47,0,0
5/6/25 23:00,10.69,226,SW,15.36,0,0
5/7/25 0:00,11.86,229,SW,16.52,0,0
5/7/25 1:00,15.36,225,SW,19.05,0,0
5/7/25 2:00,13.61,228,SW,17.3,0,0
5/7/25 3:00,11.86,229,SW,17.88,0,0
5/7/25 4:00,15.16,223,SW,19.83,0,0
5/7/25 5:00,13.41,225,SW,16.13,0,0
5/7/25 6:00,12.64,225,SW,16.72,0,0
5/7/25 7:00,16.52,223,SW,20.22,0,0
5/7/25 8:00,15.94,225,SW,19.05,0,0
5/7/25 9:00,12.83,230,SW,16.52,0,0
5/7/25 10:00,9.14,246,WSW,15.36,0,0
5/7/25 11:00,8.94,236,SW,15.16,0,0
5/7/25 12:00,8.36,245,WSW,14.19,0,0
5/7/25 13:00,8.94,242,WSW,13.61,0,0
5/7/25 14:00,10.89,240,WSW,16.13,0,0
5/7/25 15:00,11.27,238,WSW,17.49,0,0
5/7/25 16:00,11.86,241,WSW,18.47,0,0
5/7/25 17:00,10.69,233,SW,16.91,0,0
5/7/25 18:00,11.08,227,SW,15.55,0,0
5/7/25 19:00,11.27,226,SW,13.41,0,0
5/7/25 20:00,9.91,198,SSW,13.22,0,0
5/7/25 21:00,8.16,204,SSW,13.02,0,0
5/7/25 22:00,9.72,212,SSW,13.41,0,0
5/7/25 23:00,10.5,205,SSW,14.38,0,0
5/8/25 0:00,11.47,189,S,13.61,0,0
5/8/25 1:00,11.47,185,S,13.8,0,0
5/8/25 2:00,9.52,196,SSW,11.66,0,0
5/8/25 3:00,8.94,200,SSW,12.05,0,0
5/8/25 4:00,7.39,190,S,10.3,0,0
5/8/25 5:00,7.58,188,S,9.91,0,0
5/8/25 6:00,8.55,190,S,10.5,0,0
5/8/25 7:00,7.39,183,S,10.5,0,0
5/8/25 8:00,5.25,198,SSW,7.58,0,0
5/8/25 9:00,6.22,210,SSW,8.36,0,0
5/8/25 10:00,7.58,218,SW,9.91,0,0
5/8/25 11:00,6.61,215,SW,8.16,0,0
5/8/25 12:00,4.67,212,SSW,6.22,0,0
5/8/25 13:00,6.41,210,SSW,10.3,0,0
5/8/25 14:00,7.39,213,SSW,11.27,0,0
5/8/25 15:00,5.64,195,SSW,8.16,0,0
5/8/25 16:00,7.19,190,S,8.75,0,0
5/8/25 17:00,4.08,208,SSW,6.41,0,0
5/8/25 18:00,5.64,209,SSW,8.75,0,0
5/8/25 19:00,5.25,206,SSW,8.16,0,0
5/8/25 20:00,6.61,206,SSW,10.5,0,0
5/8/25 21:00,6.61,193,SSW,9.33,0,0
5/8/25 22:00,7.19,210,SSW,11.47,0,0
5/8/25 23:00,10.11,194,SSW,12.44,0,0
5/9/25 0:00,8.16,212,SSW,11.08,0,0
5/9/25 1:00,7,210,SSW,9.91,0,0
5/9/25 2:00,8.16,212,SSW,11.08,0,0
5/9/25 3:00,7.39,210,SSW,10.3,0,0
5/9/25 4:00,6.41,214,SW,9.52,0,0
5/9/25 5:00,5.44,211,SSW,8.16,0,0
5/9/25 6:00,3.11,204,SSW,5.44,0,0
5/9/25 7:00,0.39,304,NW,0.97,0,0
5/9/25 8:00,0.97,113,ESE,1.94,0,0
5/9/25 9:00,1.75,173,S,2.53,0,0
5/9/25 10:00,3.3,209,SSW,4.47,0,0
5/9/25 11:00,4.47,210,SSW,5.64,0,0
5/9/25 12:00,2.33,206,SSW,3.89,0,0
5/9/25 13:00,3.69,198,SSW,5.25,0,0
5/9/25 14:00,4.47,204,SSW,6.8,0,0
5/9/25 15:00,6.41,209,SSW,9.14,0,0
5/9/25 16:00,5.64,209,SSW,7.78,0,0
5/9/25 17:00,7.19,195,SSW,8.75,0,0
5/9/25 18:00,4.28,177,S,7,0,0
5/9/25 19:00,2.33,189,S,3.69,0,0
5/9/25 20:00,4.47,110,ESE,5.83,0,0
5/9/25 21:00,9.33,202,SSW,13.22,0,0
5/9/25 22:00,6.41,206,SSW,9.33,0,0
5/9/25 23:00,9.72,194,SSW,14.19,0,0
5/10/25 0:00,14.58,194,SSW,16.91,0,0
5/10/25 1:00,9.91,200,SSW,13.02,0,0
5/10/25 2:00,9.52,209,SSW,13.8,0,0
5/10/25 3:00,6.61,212,SSW,9.14,0,0
5/10/25 4:00,9.33,208,SSW,13.41,0,0
5/10/25 5:00,4.08,200,SSW,6.61,0,0
5/10/25 6:00,3.5,170,S,4.47,0,0
5/10/25 7:00,12.25,194,SSW,14.77,0,0
5/10/25 8:00,6.41,201,SSW,8.55,0,0
5/10/25 9:00,8.16,216,SW,10.3,0,0
5/10/25 10:00,7.58,217,SW,9.52,0,0
5/10/25 11:00,7.19,198,SSW,10.5,0,0
5/10/25 12:00,9.72,212,SSW,13.41,0,0
5/10/25 13:00,10.89,213,SSW,14.19,0,0
5/10/25 14:00,14.38,217,SW,18.08,0,0
5/10/25 15:00,10.89,209,SSW,16.33,0,0
5/10/25 16:00,12.44,215,SW,16.52,0,0
5/10/25 17:00,9.72,210,SSW,13.41,0,0
5/10/25 18:00,9.72,212,SSW,13.22,0,0
5/10/25 19:00,8.36,207,SSW,11.27,0,0
5/10/25 20:00,10.11,211,SSW,14,0,0
5/10/25 21:00,8.16,208,SSW,12.44,0,0
5/10/25 22:00,8.36,205,SSW,11.86,0,0
5/10/25 23:00,18.66,183,S,20.99,0,0
5/11/25 0:00,13.61,168,SSE,15.36,0,0
5/11/25 1:00,9.14,167,SSE,12.05,0,0
5/11/25 2:00,13.22,167,SSE,14.77,0,0
5/11/25 3:00,11.47,170,S,13.8,0,0
5/11/25 4:00,8.16,191,S,9.72,0,0
5/11/25 5:00,10.11,181,S,11.08,0,0
5/11/25 6:00,11.08,185,S,12.44,0,0
5/11/25 7:00,10.3,186,S,11.86,0,0
5/11/25 8:00,14.58,178,S,16.91,0,0
5/11/25 9:00,15.36,176,S,19.05,0,0
5/11/25 10:00,8.55,197,SSW,10.69,0,0
5/11/25 11:00,8.94,211,SSW,12.05,0,0
5/11/25 12:00,9.14,207,SSW,12.25,0,0
5/11/25 13:00,14.77,221,SW,18.66,0,0
5/11/25 14:00,16.72,227,SW,19.63,0,0
5/11/25 15:00,13.02,238,WSW,18.66,0,0
5/11/25 16:00,12.83,238,WSW,18.47,0,0
5/11/25 17:00,11.08,234,SW,17.49,0,0
5/11/25 18:00,10.11,253,WSW,16.33,0,0
5/11/25 19:00,11.47,250,WSW,16.33,0,0
5/11/25 20:00,7.58,248,WSW,12.83,0,0
5/11/25 21:00,8.75,258,WSW,12.25,0,0
5/11/25 22:00,6.03,232,SW,10.5,0,0
5/11/25 23:00,8.55,223,SW,10.89,0,0
5/12/25 0:00,8.55,223,SW,10.69,0,0
5/12/25 1:00,11.08,223,SW,13.22,0,0
5/12/25 2:00,10.5,214,SW,14.58,0,0
5/12/25 3:00,12.05,209,SSW,16.52,0,0
5/12/25 4:00,13.61,219,SW,17.69,0,0
5/12/25 5:00,13.22,196,SSW,16.52,0,0
5/12/25 6:00,13.8,229,SW,19.44,0,0
5/12/25 7:00,7,219,SW,9.14,0,0
5/12/25 8:00,9.72,221,SW,13.22,0,0
5/12/25 9:00,10.69,227,SW,13.8,0,0
5/12/25 10:00,12.05,243,WSW,16.72,0,0
5/12/25 11:00,13.02,231,SW,15.94,0,0
5/12/25 12:00,11.86,229,SW,16.13,0,0
5/12/25 13:00,11.86,229,SW,14.97,0,0
5/12/25 14:00,12.25,228,SW,16.13,0,0
5/12/25 15:00,12.44,231,SW,15.16,0,0
5/12/25 16:00,13.41,230,SW,18.27,0,0
5/12/25 17:00,10.89,238,WSW,17.11,0,0
5/12/25 18:00,9.91,237,WSW,14.77,0,0
5/12/25 19:00,12.83,231,SW,14.97,0,0
5/12/25 20:00,8.94,251,WSW,12.83,0,0
5/12/25 21:00,8.36,244,WSW,13.02,0,0
5/12/25 22:00,7,259,W,10.5,0,0
5/12/25 23:00,8.36,294,WNW,11.86,0,0
5/13/25 0:00,9.33,294,WNW,13.41,0,0
5/13/25 1:00,5.25,276,W,8.36,0,0
5/13/25 2:00,5.64,279,W,8.55,0,0
5/13/25 3:00,8.55,284,WNW,10.89,0,0
5/13/25 4:00,7,297,WNW,10.11,0,0
5/13/25 5:00,6.03,289,WNW,8.16,0,0
5/13/25 6:00,4.08,297,WNW,5.25,0,0
5/13/25 7:00,2.33,320,NW,3.11,0,0
5/13/25 8:00,3.3,266,W,4.86,0,0
5/13/25 9:00,3.11,173,S,4.08,0,0
5/13/25 10:00,4.67,185,S,6.22,0,0
5/13/25 11:00,4.86,219,SW,6.8,0,0
5/13/25 12:00,5.25,204,SSW,8.16,0,0
5/13/25 13:00,8.75,212,SSW,11.47,0,0
5/13/25 14:00,13.22,221,SW,15.55,0,0
5/13/25 15:00,14.58,223,SW,17.3,0,0
5/13/25 16:00,13.22,227,SW,15.16,0,0
5/13/25 17:00,9.91,221,SW,14.38,0,0
5/13/25 18:00,7.39,244,WSW,10.69,0,0
5/13/25 19:00,7.19,299,WNW,9.91,0,0
5/13/25 20:00,7.39,309,NW,11.08,0,0
5/13/25 21:00,3.69,297,WNW,6.22,0,0
5/13/25 22:00,3.69,309,NW,7.39,0,0
5/13/25 23:00,5.44,149,SSE,8.75,0,0
5/14/25 0:00,8.75,127,SE,10.89,0,0
5/14/25 1:00,6.8,132,SE,10.5,0,0
5/14/25 2:00,7,189,S,8.36,0,0
5/14/25 3:00,5.64,193,SSW,7.19,0,0
5/14/25 4:00,8.94,180,S,10.5,0,0
5/14/25 5:00,7,188,S,9.52,0,0
5/14/25 6:00,4.47,135,SE,7.78,0,0
5/14/25 7:00,7.97,176,S,10.89,0,0
5/14/25 8:00,8.94,169,S,11.27,0,0
5/14/25 9:00,8.16,169,S,10.11,0,0
5/14/25 10:00,5.83,215,SW,7.97,0,0
5/14/25 11:00,5.83,203,SSW,8.55,0,0
5/14/25 12:00,8.75,215,SW,11.86,0,0
5/14/25 13:00,9.72,213,SSW,12.64,0,0
5/14/25 14:00,9.33,210,SSW,13.22,0,0
5/14/25 15:00,8.75,203,SSW,12.64,0,0
5/14/25 16:00,9.14,207,SSW,12.83,0,0
5/14/25 17:00,9.14,214,SW,13.22,0,0
5/14/25 18:00,10.11,214,SW,14,0,0
5/14/25 19:00,6.61,219,SW,8.75,0,0
5/14/25 20:00,6.8,204,SSW,10.11,0,0
5/14/25 21:00,10.89,172,S,12.64,0,0
5/14/25 22:00,7.78,173,S,8.75,0,0
5/14/25 23:00,7.78,188,S,9.72,0,0
5/15/25 0:00,6.03,205,SSW,8.36,0,0
5/15/25 1:00,7.78,212,SSW,9.14,0,0
5/15/25 2:00,7.58,216,SW,9.52,0,0
5/15/25 3:00,5.25,194,SSW,6.41,0,0
5/15/25 4:00,5.44,194,SSW,7,0,0
5/15/25 5:00,5.44,207,SSW,7.39,0,0
5/15/25 6:00,5.05,202,SSW,7.39,0,0
5/15/25 7:00,4.67,198,SSW,6.61,0,0
5/15/25 8:00,4.47,210,SSW,6.61,0,0
5/15/25 9:00,4.47,210,SSW,6.22,0,0
5/15/25 10:00,6.41,225,SW,7.58,0,0
5/15/25 11:00,3.89,221,SW,6.61,0,0
5/15/25 12:00,7.58,219,SW,9.72,0,0
5/15/25 13:00,9.14,212,SSW,12.83,0,0
5/15/25 14:00,10.3,213,SSW,13.22,0,0
5/15/25 15:00,6.8,199,SSW,9.52,0,0
5/15/25 16:00,10.5,192,SSW,13.02,0,0
5/15/25 17:00,7.58,161,SSE,10.69,0,0
5/15/25 18:00,9.33,209,SSW,13.41,0,0
5/15/25 19:00,4.47,114,ESE,5.44,0,0
5/15/25 20:00,2.33,202,SSW,4.28,0,0
5/15/25 21:00,7.19,196,SSW,10.3,0,0
5/15/25 22:00,13.8,189,S,15.75,0,0
5/15/25 23:00,10.3,187,S,11.86,0,0
5/16/25 0:00,9.72,190,S,11.27,0,0
5/16/25 1:00,8.94,186,S,10.5,0,0
5/16/25 2:00,10.5,181,S,12.64,0,0
5/16/25 3:00,9.91,180,S,13.41,0,0
5/16/25 4:00,8.75,124,SE,11.27,0,0
5/16/25 5:00,9.72,165,SSE,12.44,0,0
5/16/25 6:00,7.39,174,S,9.14,0,0
5/16/25 7:00,8.55,119,ESE,10.3,0,0
5/16/25 8:00,7.39,167,SSE,8.94,0,0
5/16/25 9:00,5.64,144,SE,8.75,0,0
5/16/25 10:00,7.19,175,S,8.94,0,0
5/16/25 11:00,5.64,211,SSW,7.97,0,0
5/16/25 12:00,10.11,216,SW,13.41,0,0
5/16/25 13:00,10.11,213,SSW,13.61,0,0
5/16/25 14:00,11.08,194,SSW,13.8,0,0
5/16/25 15:00,11.66,197,SSW,15.36,0,0
5/16/25 16:00,11.08,207,SSW,16.33,0,0
5/16/25 17:00,6.8,204,SSW,9.52,0,0
5/16/25 18:00,16.72,188,S,18.86,0,0
5/16/25 19:00,18.86,180,S,21.58,0,0
5/16/25 20:00,18.47,172,S,20.22,0,0
5/16/25 21:00,18.08,175,S,21.77,0,0
5/16/25 22:00,14,183,S,17.11,0,0
5/16/25 23:00,17.49,163,SSE,21.38,0,0
5/17/25 0:00,15.94,167,SSE,18.47,0,0
5/17/25 1:00,14,159,SSE,19.24,0,0
5/17/25 2:00,13.8,161,SSE,16.52,0,0
5/17/25 3:00,14.58,166,SSE,19.05,0,0
5/17/25 4:00,10.11,177,S,14,0,0
5/17/25 5:00,4.28,225,SW,7.58,0,0
5/17/25 6:00,6.61,193,SSW,8.75,0,0
5/17/25 7:00,7.97,258,WSW,12.44,0,0
5/17/25 8:00,13.41,291,WNW,17.88,0,0
5/17/25 9:00,12.83,303,WNW,19.24,0,0
5/17/25 10:00,5.64,161,SSE,6.8,0,0
5/17/25 11:00,7,214,SW,11.27,0,0
5/17/25 12:00,14,303,WNW,17.69,0,0
5/17/25 13:00,8.36,281,W,15.75,0,0
5/17/25 14:00,10.5,249,WSW,15.55,0,0
5/17/25 15:00,5.83,261,W,9.14,0,0
5/17/25 16:00,13.8,303,WNW,18.86,0,0
5/17/25 17:00,11.47,281,W,17.11,0,0
5/17/25 18:00,17.69,287,WNW,23.33,0,0
5/17/25 19:00,8.36,189,S,13.41,0,0
5/17/25 20:00,6.22,184,S,10.5,0,0
5/17/25 21:00,2.92,214,SW,5.25,0,0
5/17/25 22:00,4.47,179,S,6.22,0,0
5/17/25 23:00,9.33,160,SSE,12.25,0,0
5/18/25 0:00,4.86,204,SSW,6.8,0,0
5/18/25 1:00,2.92,143,SE,5.05,0,0
5/18/25 2:00,6.03,131,SE,9.72,0,0
5/18/25 3:00,10.11,119,ESE,11.27,0,0
5/18/25 4:00,7.58,165,SSE,9.52,0,0
5/18/25 5:00,5.83,121,ESE,7,0,0
5/18/25 6:00,4.28,179,S,5.83,0,0
5/18/25 7:00,2.92,175,S,4.86,0,0
5/18/25 8:00,3.69,167,SSE,4.67,0,0
5/18/25 9:00,2.72,197,SSW,3.89,0,0
5/18/25 10:00,4.28,177,S,5.25,0,0
5/18/25 11:00,7.19,191,S,8.75,0,0
5/18/25 12:00,9.14,218,SW,11.47,0,0
5/18/25 13:00,7.19,197,SSW,11.08,0,0
5/18/25 14:00,5.25,181,S,6.41,0,0
5/18/25 15:00,7.97,230,SW,9.52,0,0
5/18/25 16:00,5.25,265,W,7.39,0,0
5/18/25 17:00,11.66,302,WNW,14.77,0,0
5/18/25 18:00,11.27,300,WNW,14.77,0,0
5/18/25 19:00,10.3,291,WNW,13.22,0,0
5/18/25 20:00,11.08,295,WNW,14.58,0,0
5/18/25 21:00,9.33,293,WNW,11.66,0,0
5/18/25 22:00,8.36,297,WNW,14.19,0,0
5/18/25 23:00,11.86,299,WNW,15.36,0,0
5/19/25 0:00,6.8,300,WNW,10.3,0,0
5/19/25 1:00,3.11,288,WNW,4.47,0,0
5/19/25 2:00,2.92,300,WNW,4.08,0,0
5/19/25 3:00,0.97,190,S,2.14,0,0
5/19/25 4:00,2.92,151,SSE,4.47,0,0
5/19/25 5:00,2.92,203,SSW,4.28,0,0
5/19/25 6:00,3.5,174,S,4.08,0,0
5/19/25 7:00,1.56,131,SE,3.11,0,0
5/19/25 8:00,2.33,174,S,3.11,0,0
5/19/25 9:00,2.92,175,S,4.08,0,0
5/19/25 10:00,5.05,205,SSW,7.78,0,0
5/19/25 11:00,7.78,218,SW,9.52,0,0
5/19/25 12:00,7.19,207,SSW,11.47,0,0
5/19/25 13:00,6.22,198,SSW,10.11,0,0
5/19/25 14:00,9.33,213,SSW,12.83,0,0
5/19/25 15:00,8.55,214,SW,11.66,0,0
5/19/25 16:00,4.67,220,SW,8.16,0,0
5/19/25 17:00,11.47,190,S,15.16,0,0
5/19/25 18:00,6.03,246,WSW,13.02,0,0
5/19/25 19:00,15.94,281,W,24.88,0,0
5/19/25 20:00,8.55,285,WNW,12.25,0,0
5/19/25 21:00,10.11,292,WNW,13.22,0,0
5/19/25 22:00,5.64,294,WNW,8.94,0,0
5/19/25 23:00,8.75,192,SSW,11.66,0,0
5/20/25 0:00,3.3,162,SSE,5.25,0,0
5/20/25 1:00,6.22,190,S,9.14,0,0
5/20/25 2:00,3.89,159,SSE,5.44,0,0
5/20/25 3:00,7.97,163,SSE,9.72,0,0
5/20/25 4:00,8.36,171,S,9.72,0,0
5/20/25 5:00,6.03,182,S,7.39,0,0
5/20/25 6:00,4.47,197,SSW,6.61,0,0
5/20/25 7:00,4.08,186,S,5.44,0,0
5/20/25 8:00,3.69,196,SSW,6.03,0,0
5/20/25 9:00,4.86,200,SSW,6.22,0,0
5/20/25 10:00,4.47,205,SSW,6.61,0,0
5/20/25 11:00,7.39,213,SSW,9.52,0,0
5/20/25 12:00,10.69,212,SSW,14.19,0,0
5/20/25 13:00,9.91,197,SSW,13.61,0,0
5/20/25 14:00,13.61,188,S,15.94,0,0
5/20/25 15:00,9.33,201,SSW,13.41,0,0
5/20/25 16:00,9.33,210,SSW,15.36,0,0
5/20/25 17:00,3.69,258,WSW,6.41,0,0
5/20/25 18:00,10.5,299,WNW,15.75,0,0
5/20/25 19:00,7,188,S,9.52,0,0
5/20/25 20:00,7.78,191,S,9.91,0,0
5/20/25 21:00,9.33,189,S,11.08,0,0
5/20/25 22:00,7.78,190,S,9.91,0,0
5/20/25 23:00,7,185,S,8.55,0,0
5/21/25 0:00,5.64,201,SSW,7.39,0,0
5/21/25 1:00,6.03,190,S,7.58,0,0
5/21/25 2:00,7.39,209,SSW,10.3,0,0
5/21/25 3:00,7,187,S,8.75,0,0
5/21/25 4:00,6.41,206,SSW,10.11,0,0
5/21/25 5:00,6.03,214,SW,7.97,0,0
5/21/25 6:00,4.86,181,S,6.03,0,0
5/21/25 7:00,4.86,215,SW,6.22,0,0
5/21/25 8:00,4.28,208,SSW,6.41,0,0
5/21/25 9:00,3.89,216,SW,5.44,0,0
5/21/25 10:00,4.86,217,SW,6.41,0,0
5/21/25 11:00,4.86,208,SSW,7,0,0
5/21/25 12:00,7,205,SSW,12.05,0,0
5/21/25 13:00,10.89,212,SSW,15.36,0,0
5/21/25 14:00,9.52,214,SW,14.58,0,0
5/21/25 15:00,8.55,210,SSW,12.44,0,0
5/21/25 16:00,10.3,201,SSW,15.36,0,0
5/21/25 17:00,9.91,208,SSW,14.19,0,0
5/21/25 18:00,13.02,221,SW,17.3,0,0
5/21/25 19:00,10.11,215,SW,13.61,0,0
5/21/25 20:00,10.69,212,SSW,14.38,0,0
5/21/25 21:00,14,189,S,15.94,0,0
5/21/25 22:00,11.47,198,SSW,14.58,0,0
5/21/25 23:00,12.25,190,S,13.8,0,0
5/22/25 0:00,10.3,195,SSW,12.83,0,0
5/22/25 1:00,12.64,178,S,14.77,0,0
5/22/25 2:00,10.69,163,SSE,12.44,0,0
5/22/25 3:00,7.58,175,S,11.27,0,0
5/22/25 4:00,,,,,1,1
5/22/25 5:00,9.33,149,SSE,13.22,0,0
5/22/25 6:00,8.55,177,S,11.47,0,0
5/22/25 7:00,7.97,177,S,10.3,0,0
5/22/25 8:00,7.19,196,SSW,9.33,0,0
5/22/25 9:00,7.78,184,S,10.11,0,0
5/22/25 10:00,8.94,189,S,11.47,0,0
5/22/25 11:00,10.3,182,S,11.27,0,0
5/22/25 12:00,6.41,182,S,7.78,0,0
5/22/25 13:00,8.36,183,S,9.91,0,0
5/22/25 14:00,8.94,216,SW,12.25,0,0
5/22/25 15:00,8.55,197,SSW,10.89,0,0
5/22/25 16:00,6.8,229,SW,9.91,0,0
5/22/25 17:00,7.39,256,WSW,12.25,0,0
5/22/25 18:00,11.27,306,NW,15.16,0,0
5/22/25 19:00,6.61,194,SSW,11.27,0,0
5/22/25 20:00,5.83,197,SSW,8.75,0,0
5/22/25 21:00,2.33,235,SW,9.52,0,0
5/22/25 22:00,13.41,296,WNW,15.94,0,0
5/22/25 23:00,3.89,213,SSW,5.64,0,0
5/23/25 0:00,2.53,307,NW,4.86,0,0
5/23/25 1:00,9.33,306,NW,12.64,0,0
5/23/25 2:00,6.41,303,WNW,11.08,0,0
5/23/25 3:00,5.05,327,NNW,7.58,0,0
5/23/25 4:00,1.56,13,NNE,3.5,0,0
5/23/25 5:00,5.64,175,S,7.58,0,0
5/23/25 6:00,7,221,SW,10.3,0,0
5/23/25 7:00,5.05,202,SSW,7.58,0,0
5/23/25 8:00,5.83,190,S,7.97,0,0
5/23/25 9:00,6.41,175,S,9.14,0,0
5/23/25 10:00,10.3,183,S,13.22,0,0
5/23/25 11:00,13.61,179,S,16.91,0,0
5/23/25 12:00,17.3,178,S,20.02,0,0
5/23/25 13:00,14.58,171,S,16.13,0,0
5/23/25 14:00,13.41,170,S,14.77,0,0
5/23/25 15:00,16.13,180,S,18.27,0,0
5/23/25 16:00,16.91,182,S,18.27,0,0
5/23/25 17:00,18.66,181,S,21.97,0,0
5/23/25 18:00,15.75,181,S,18.47,0,0
5/23/25 19:00,9.91,201,SSW,13.61,0,0
5/23/25 20:00,10.11,194,SSW,12.44,0,0
5/23/25 21:00,17.88,173,S,19.63,0,0
5/23/25 22:00,16.72,181,S,19.44,0,0
5/23/25 23:00,15.36,178,S,18.47,0,0
5/24/25 0:00,15.75,189,S,19.05,0,0
5/24/25 1:00,16.33,183,S,18.08,0,0
5/24/25 2:00,14,187,S,16.72,0,0
5/24/25 3:00,13.22,192,SSW,16.72,0,0
5/24/25 4:00,12.44,184,S,14.97,0,0
5/24/25 5:00,11.66,173,S,14.77,0,0
5/24/25 6:00,12.64,173,S,14.97,0,0
5/24/25 7:00,12.83,175,S,16.33,0,0
5/24/25 8:00,13.8,172,S,17.49,0,0
5/24/25 9:00,14.58,168,SSE,17.11,0,0
5/24/25 10:00,13.02,174,S,15.16,0,0
5/24/25 11:00,12.64,177,S,14.58,0,0
5/24/25 12:00,10.11,191,S,11.66,0,0
5/24/25 13:00,16.91,181,S,18.86,0,0
5/24/25 14:00,18.66,175,S,21.77,0,0
5/24/25 15:00,16.91,177,S,20.8,0,0
5/24/25 16:00,17.3,181,S,20.22,0,0
5/24/25 17:00,9.52,212,SSW,14.97,0,0
5/24/25 18:00,11.27,229,SW,13.61,0,0
5/24/25 19:00,10.69,224,SW,12.83,0,0
5/24/25 20:00,9.33,221,SW,11.86,0,0
5/24/25 21:00,6.61,244,WSW,10.89,0,0
5/24/25 22:00,5.83,207,SSW,7.58,0,0
5/24/25 23:00,9.14,220,SW,12.25,0,0
5/25/25 0:00,8.55,217,SW,12.44,0,0
5/25/25 1:00,4.47,210,SSW,7.39,0,0
5/25/25 2:00,0.97,117,ESE,3.11,0,0
5/25/25 3:00,2.33,273,W,3.89,0,0
5/25/25 4:00,4.67,114,ESE,6.03,0,0
5/25/25 5:00,2.72,177,S,4.28,0,0
5/25/25 6:00,0.97,279,W,1.56,0,0
5/25/25 7:00,1.17,134,SE,2.72,0,0
5/25/25 8:00,3.5,200,SSW,4.28,0,0
5/25/25 9:00,3.89,179,S,5.64,0,0
5/25/25 10:00,7,194,SSW,9.91,0,0
5/25/25 11:00,7.97,208,SSW,11.08,0,0
5/25/25 12:00,7,190,S,8.36,0,0
5/25/25 13:00,7.97,211,SSW,11.27,0,0
5/25/25 14:00,10.69,218,SW,13.22,0,0
5/25/25 15:00,11.86,230,SW,14.58,0,0
5/25/25 16:00,12.05,227,SW,14.38,0,0
5/25/25 17:00,10.69,216,SW,13.61,0,0
5/25/25 18:00,9.91,224,SW,12.44,0,0
5/25/25 19:00,9.14,233,SW,13.61,0,0
5/25/25 20:00,7.19,232,SW,10.3,0,0
5/25/25 21:00,7.58,235,SW,11.27,0,0
5/25/25 22:00,9.33,267,W,14.19,0,0
5/25/25 23:00,9.52,273,W,13.22,0,0
5/26/25 0:00,7.19,221,SW,8.75,0,0
5/26/25 1:00,7.19,210,SSW,9.72,0,0
5/26/25 2:00,7,199,SSW,9.33,0,0
5/26/25 3:00,3.69,251,WSW,7.19,0,0
5/26/25 4:00,6.61,244,WSW,10.3,0,0
5/26/25 5:00,7.39,257,WSW,10.69,0,0
5/26/25 6:00,2.53,239,WSW,3.69,0,0
5/26/25 7:00,4.67,230,SW,7.58,0,0
5/26/25 8:00,5.25,211,SSW,7.78,0,0
5/26/25 9:00,6.03,195,SSW,7.78,0,0
5/26/25 10:00,10.69,215,SW,14.38,0,0
5/26/25 11:00,12.64,213,SSW,16.91,0,0
5/26/25 12:00,11.86,213,SSW,16.13,0,0
5/26/25 13:00,11.86,217,SW,14.77,0,0
5/26/25 14:00,7.97,211,SSW,11.66,0,0
5/26/25 15:00,10.89,213,SSW,14,0,0
5/26/25 16:00,10.5,216,SW,13.02,0,0
5/26/25 17:00,7.97,210,SSW,11.47,0,0
5/26/25 18:00,4.28,197,SSW,7.39,0,0
5/26/25 19:00,5.25,173,S,6.8,0,0
5/26/25 20:00,5.83,184,S,6.61,0,0
5/26/25 21:00,10.5,175,S,13.02,0,0
5/26/25 22:00,8.55,180,S,11.66,0,0
5/26/25 23:00,10.11,131,SE,14.97,0,0
5/27/25 0:00,12.05,174,S,13.02,0,0
5/27/25 1:00,9.52,180,S,11.47,0,0
5/27/25 2:00,9.72,180,S,11.47,0,0
5/27/25 3:00,8.36,181,S,10.5,0,0
5/27/25 4:00,6.03,201,SSW,9.72,0,0
5/27/25 5:00,7.39,207,SSW,11.47,0,0
5/27/25 6:00,7.39,197,SSW,11.47,0,0
5/27/25 7:00,9.72,216,SW,12.25,0,0
5/27/25 8:00,7.58,204,SSW,11.86,0,0
5/27/25 9:00,7.58,190,S,11.47,0,0
5/27/25 10:00,7.39,216,SW,11.47,0,0
5/27/25 11:00,12.44,218,SW,15.16,0,0
5/27/25 12:00,17.69,219,SW,20.8,0,0
5/27/25 13:00,13.61,208,SSW,19.05,0,0
5/27/25 14:00,13.22,205,SSW,20.8,0,0
5/27/25 15:00,12.05,199,SSW,15.55,0,0
5/27/25 16:00,10.89,213,SSW,15.75,0,0
5/27/25 17:00,9.91,198,SSW,14.77,0,0
5/27/25 18:00,8.55,192,SSW,11.66,0,0
5/27/25 19:00,7.58,199,SSW,10.5,0,0
5/27/25 20:00,5.64,202,SSW,8.55,0,0
5/27/25 21:00,6.8,221,SW,9.52,0,0
5/27/25 22:00,12.44,191,S,14.38,0,0
5/27/25 23:00,6.03,210,SSW,9.52,0,0
5/28/25 0:00,,,,,1,1
5/28/25 1:00,9.72,197,SSW,11.66,0,0
5/28/25 2:00,9.52,200,SSW,12.05,0,0
5/28/25 3:00,8.55,207,SSW,11.08,0,0
5/28/25 4:00,9.14,226,SW,13.02,0,0
5/28/25 5:00,8.16,222,SW,9.72,0,0
5/28/25 6:00,4.08,185,S,5.25,0,0
5/28/25 7:00,3.69,101,E,6.61,0,0
5/28/25 8:00,2.33,123,ESE,5.44,0,0
5/28/25 9:00,10.11,178,S,14,0,0
5/28/25 10:00,9.14,187,S,11.27,0,0
5/28/25 11:00,7.97,186,S,10.3,0,0
5/28/25 12:00,3.89,169,S,7.19,0,0
5/28/25 13:00,5.44,183,S,7.19,0,0
5/28/25 14:00,9.72,189,S,10.89,0,0
5/28/25 15:00,8.94,200,SSW,12.44,0,0
5/28/25 16:00,13.41,211,SSW,19.24,0,0
5/28/25 17:00,13.8,228,SW,16.33,0,0
5/28/25 18:00,9.33,215,SW,12.64,0,0
5/28/25 19:00,4.86,228,SW,7.39,0,0
5/28/25 20:00,5.44,14,NNE,11.86,0,0
5/28/25 21:00,1.94,206,SSW,3.69,0,0
5/28/25 22:00,6.8,157,SSE,9.91,0,0
5/28/25 23:00,7.78,177,S,10.3,0,0
5/29/25 0:00,8.75,197,SSW,10.5,0,0
5/29/25 1:00,13.02,176,S,15.75,0,0
5/29/25 2:00,5.25,164,SSE,6.61,0,0
5/29/25 3:00,0.78,20,NNE,4.28,0,0
5/29/25 4:00,9.52,151,SSE,14,0,0
5/29/25 5:00,9.33,123,ESE,10.89,0,0
5/29/25 6:00,10.11,168,SSE,11.66,0,0
5/29/25 7:00,8.36,161,SSE,10.11,0,0
5/29/25 8:00,6.22,151,SSE,9.33,0,0
5/29/25 9:00,10.3,168,SSE,13.22,0,0
5/29/25 10:00,10.5,179,S,12.25,0,0
5/29/25 11:00,7.39,184,S,8.75,0,0
5/29/25 12:00,7.58,209,SSW,11.47,0,0
5/29/25 13:00,11.27,212,SSW,14.77,0,0
5/29/25 14:00,15.94,189,S,18.08,0,0
5/29/25 15:00,14,180,S,16.52,0,0
5/29/25 16:00,13.02,175,S,15.16,0,0
5/29/25 17:00,11.27,183,S,13.61,0,0
5/29/25 18:00,12.83,171,S,14.58,0,0
5/29/25 19:00,10.11,188,S,12.64,0,0
5/29/25 20:00,11.86,202,SSW,16.91,0,0
5/29/25 21:00,11.66,200,SSW,16.13,0,0
5/29/25 22:00,10.69,196,SSW,13.41,0,0
5/29/25 23:00,9.52,204,SSW,13.8,0,0
5/30/25 0:00,10.11,194,SSW,13.02,0,0
5/30/25 1:00,9.52,196,SSW,12.05,0,0
5/30/25 2:00,7.58,195,SSW,9.52,0,0
5/30/25 3:00,8.94,209,SSW,11.27,0,0
5/30/25 4:00,9.72,214,SW,12.25,0,0
5/30/25 5:00,9.14,216,SW,11.66,0,0
5/30/25 6:00,6.61,199,SSW,8.75,0,0
5/30/25 7:00,7.78,214,SW,9.72,0,0
5/30/25 8:00,7.78,212,SSW,10.3,0,0
5/30/25 9:00,5.25,226,SW,7.39,0,0
5/30/25 10:00,1.94,213,SSW,3.89,0,0
5/30/25 11:00,3.11,219,SW,4.86,0,0
5/30/25 12:00,3.69,199,SSW,5.64,0,0
5/30/25 13:00,7.78,213,SSW,10.69,0,0
5/30/25 14:00,5.44,208,SSW,9.33,0,0
5/30/25 15:00,5.83,201,SSW,9.52,0,0
5/30/25 16:00,8.55,188,S,11.08,0,0
5/30/25 17:00,10.11,195,SSW,12.83,0,0
5/30/25 18:00,9.72,188,S,12.44,0,0
5/30/25 19:00,6.8,206,SSW,10.3,0,0
5/30/25 20:00,10.5,195,SSW,13.22,0,0
5/30/25 21:00,12.05,200,SSW,16.52,0,0
5/30/25 22:00,16.33,180,S,19.05,0,0
5/30/25 23:00,13.8,195,SSW,16.52,0,0
5/31/25 0:00,12.05,201,SSW,16.72,0,0
5/31/25 1:00,13.61,197,SSW,17.3,0,0
5/31/25 2:00,13.22,205,SSW,18.47,0,0
5/31/25 3:00,11.86,198,SSW,15.75,0,0
5/31/25 4:00,14.97,188,S,16.52,0,0
5/31/25 5:00,8.36,205,SSW,12.25,0,0
5/31/25 6:00,8.55,200,SSW,11.47,0,0
5/31/25 7:00,9.72,213,SSW,11.86,0,0
5/31/25 8:00,7.78,201,SSW,12.64,0,0
5/31/25 9:00,8.94,199,SSW,12.05,0,0
5/31/25 10:00,10.69,216,SW,14.19,0,0
5/31/25 11:00,14.77,216,SW,18.47,0,0
5/31/25 12:00,11.47,213,SSW,16.52,0,0
5/31/25 13:00,18.27,215,SW,22.35,0,0
5/31/25 14:00,18.66,188,S,21.19,0,0
5/31/25 15:00,15.75,193,SSW,18.27,0,0
5/31/25 16:00,17.11,191,S,20.99,0,0
5/31/25 17:00,12.25,200,SSW,18.27,0,0
5/31/25 18:00,11.66,209,SSW,18.08,0,0
5/31/25 19:00,16.13,185,S,18.66,0,0
5/31/25 20:00,17.88,184,S,20.41,0,0
5/31/25 21:00,17.3,189,S,20.8,0,0
5/31/25 22:00,17.88,193,SSW,20.8,0,0
5/31/25 23:00,14.97,195,SSW,17.88,0,0
6/1/25 0:00,15.94,193,SSW,18.47,0,0
6/1/25 1:00,15.75,191,S,17.88,0,0
6/1/25 2:00,16.13,185,S,20.22,0,0
6/1/25 3:00,17.69,185,S,20.8,0,0
6/1/25 4:00,17.3,181,S,20.99,0,0
6/1/25 5:00,15.36,179,S,17.88,0,0
6/1/25 6:00,15.36,179,S,18.27,0,0
6/1/25 7:00,15.16,179,S,18.08,0,0
6/1/25 8:00,18.66,180,S,23.13,0,0
6/1/25 9:00,19.83,185,S,24.49,0,0
6/1/25 10:00,19.24,183,S,22.35,0,0
6/1/25 11:00,19.44,188,S,22.16,0,0
6/1/25 12:00,18.08,191,S,21.38,0,0
6/1/25 13:00,14.38,200,SSW,20.99,0,0
6/1/25 14:00,17.3,210,SSW,23.52,0,0
6/1/25 15:00,15.94,204,SSW,20.99,0,0
6/1/25 16:00,15.55,207,SSW,22.74,0,0
6/1/25 17:00,15.75,205,SSW,22.94,0,0
6/1/25 18:00,17.3,209,SSW,22.35,0,0
6/1/25 19:00,14.58,200,SSW,20.02,0,0
6/1/25 20:00,14.97,198,SSW,19.05,0,0
6/1/25 21:00,16.52,221,SW,19.44,0,0
6/1/25 22:00,14.97,213,SSW,20.02,0,0
6/1/25 23:00,12.05,216,SW,17.88,0,0
6/2/25 0:00,12.05,209,SSW,16.52,0,0
6/2/25 1:00,12.25,215,SW,18.86,0,0
6/2/25 2:00,16.33,225,SW,18.66,0,0
6/2/25 3:00,14.19,226,SW,17.69,0,0
6/2/25 4:00,7.78,238,WSW,10.89,0,0
6/2/25 5:00,7.97,214,SW,10.5,0,0
6/2/25 6:00,7.97,229,SW,10.3,0,0
6/2/25 7:00,8.16,222,SW,11.27,0,0
6/2/25 8:00,6.41,209,SSW,8.75,0,0
6/2/25 9:00,6.22,215,SW,8.55,0,0
6/2/25 10:00,8.55,225,SW,9.91,0,0
6/2/25 11:00,5.44,234,SW,7.39,0,0
6/2/25 12:00,7.97,232,SW,10.3,0,0
6/2/25 13:00,12.83,232,SW,17.49,0,0
6/2/25 14:00,11.47,231,SW,16.52,0,0
6/2/25 15:00,15.55,230,SW,17.49,0,0
6/2/25 16:00,14.19,230,SW,18.08,0,0
6/2/25 17:00,12.05,234,SW,16.72,0,0
6/2/25 18:00,7.97,266,W,13.22,0,0
6/2/25 19:00,10.11,237,WSW,14.38,0,0
6/2/25 20:00,8.36,245,WSW,11.66,0,0
6/2/25 21:00,7.97,246,WSW,12.25,0,0
6/2/25 22:00,8.16,227,SW,9.72,0,0
6/2/25 23:00,7,213,SSW,9.52,0,0
6/3/25 0:00,9.14,220,SW,11.27,0,0
6/3/25 1:00,5.64,213,SSW,7.78,0,0
6/3/25 2:00,7.19,210,SSW,9.72,0,0
6/3/25 3:00,9.72,207,SSW,12.64,0,0
6/3/25 4:00,10.69,224,SW,13.8,0,0
6/3/25 5:00,13.41,224,SW,16.91,0,0
6/3/25 6:00,10.89,224,SW,14.58,0,0
6/3/25 7:00,10.5,226,SW,12.83,0,0
6/3/25 8:00,9.91,224,SW,13.22,0,0
6/3/25 9:00,11.47,228,SW,13.41,0,0
6/3/25 10:00,8.94,232,SW,14.19,0,0
6/3/25 11:00,13.02,232,SW,15.36,0,0
6/3/25 12:00,12.44,230,SW,14.19,0,0
6/3/25 13:00,14,218,SW,16.13,0,0
6/3/25 14:00,11.27,211,SSW,16.13,0,0
6/3/25 15:00,9.14,212,SSW,13.22,0,0
6/3/25 16:00,8.94,216,SW,12.64,0,0
6/3/25 17:00,9.52,217,SW,13.02,0,0
6/3/25 18:00,7.58,214,SW,9.91,0,0
6/3/25 19:00,5.44,218,SW,7.97,0,0
6/3/25 20:00,8.75,229,SW,12.64,0,0
6/3/25 21:00,9.72,199,SSW,13.41,0,0
6/3/25 22:00,14.77,195,SSW,18.66,0,0
6/3/25 23:00,11.66,207,SSW,17.11,0,0
6/4/25 0:00,10.69,208,SSW,14.19,0,0
6/4/25 1:00,12.83,218,SW,17.49,0,0
6/4/25 2:00,12.83,223,SW,16.33,0,0
6/4/25 3:00,10.89,225,SW,13.8,0,0
6/4/25 4:00,13.41,219,SW,18.66,0,0
6/4/25 5:00,14.19,223,SW,17.49,0,0
6/4/25 6:00,10.5,221,SW,12.64,0,0
6/4/25 7:00,12.64,221,SW,14.58,0,0
6/4/25 8:00,9.72,228,SW,12.64,0,0
6/4/25 9:00,4.67,197,SSW,6.8,0,0
6/4/25 10:00,1.36,181,S,2.92,0,0
6/4/25 11:00,7.39,196,SSW,9.52,0,0
6/4/25 12:00,9.91,209,SSW,13.22,0,0
6/4/25 13:00,11.27,213,SSW,14.58,0,0
6/4/25 14:00,7.97,216,SW,10.69,0,0
6/4/25 15:00,9.33,218,SW,11.27,0,0
6/4/25 16:00,10.3,215,SW,12.64,0,0
6/4/25 17:00,11.47,213,SSW,14.19,0,0
6/4/25 18:00,7.19,229,SW,11.47,0,0
6/4/25 19:00,10.69,207,SSW,14.77,0,0
6/4/25 20:00,10.89,218,SW,14.38,0,0
6/4/25 21:00,7.97,216,SW,10.11,0,0
6/4/25 22:00,11.08,225,SW,14.38,0,0
6/4/25 23:00,13.61,224,SW,18.86,0,0
6/5/25 0:00,14.97,228,SW,18.86,0,0
6/5/25 1:00,14,230,SW,17.11,0,0
6/5/25 2:00,14,230,SW,17.49,0,0
6/5/25 3:00,14.97,228,SW,17.11,0,0
6/5/25 4:00,14,234,SW,18.86,0,0
6/5/25 5:00,15.75,230,SW,20.6,0,0
6/5/25 6:00,17.69,226,SW,22.16,0,0
6/5/25 7:00,16.13,224,SW,19.83,0,0
6/5/25 8:00,15.16,229,SW,19.83,0,0
6/5/25 9:00,17.11,225,SW,19.63,0,0
6/5/25 10:00,10.69,237,WSW,16.52,0,0
6/5/25 11:00,12.83,239,WSW,19.44,0,0
6/5/25 12:00,16.13,232,SW,20.22,0,0
6/5/25 13:00,14.58,238,WSW,19.05,0,0
6/5/25 14:00,14.38,234,SW,19.44,0,0
6/5/25 15:00,13.22,246,WSW,18.47,0,0
6/5/25 16:00,16.52,232,SW,21.38,0,0
6/5/25 17:00,11.27,234,SW,16.91,0,0
6/5/25 18:00,13.8,231,SW,18.47,0,0
6/5/25 19:00,9.72,236,SW,15.55,0,0
6/5/25 20:00,13.22,235,SW,18.08,0,0
6/5/25 21:00,10.3,229,SW,15.94,0,0
6/5/25 22:00,9.14,232,SW,13.61,0,0
6/5/25 23:00,7.78,243,WSW,11.66,0,0
6/6/25 0:00,9.91,247,WSW,13.8,0,0
6/6/25 1:00,8.55,268,W,10.69,0,0
6/6/25 2:00,9.72,233,SW,13.02,0,0
6/6/25 3:00,8.75,242,WSW,13.02,0,0
6/6/25 4:00,9.33,226,SW,12.64,0,0
6/6/25 5:00,9.33,229,SW,12.25,0,0
6/6/25 6:00,10.3,232,SW,13.22,0,0
6/6/25 7:00,8.16,239,WSW,11.66,0,0
6/6/25 8:00,8.16,241,WSW,12.25,0,0
6/6/25 9:00,7.58,264,W,9.52,0,0
6/6/25 10:00,6.03,260,W,8.94,0,0
6/6/25 11:00,4.47,243,WSW,7.39,0,0
6/6/25 12:00,8.94,213,SSW,12.64,0,0
6/6/25 13:00,9.33,214,SW,12.25,0,0
6/6/25 14:00,10.89,215,SW,14.38,0,0
6/6/25 15:00,9.33,215,SW,13.02,0,0
6/6/25 16:00,7.58,226,SW,11.08,0,0
6/6/25 17:00,7,214,SW,10.69,0,0
6/6/25 18:00,8.36,223,SW,11.27,0,0
6/6/25 19:00,7.19,216,SW,9.91,0,0
6/6/25 20:00,9.72,226,SW,11.47,0,0
6/6/25 21:00,6.41,228,SW,7.97,0,0
6/6/25 22:00,5.83,226,SW,7.78,0,0
6/6/25 23:00,5.83,218,SW,8.55,0,0
6/7/25 0:00,4.67,224,SW,6.03,0,0
6/7/25 1:00,5.64,216,SW,7.78,0,0
6/7/25 2:00,2.92,251,WSW,4.67,0,0
6/7/25 3:00,4.47,225,SW,5.83,0,0
6/7/25 4:00,5.25,190,S,7.19,0,0
6/7/25 5:00,6.61,195,SSW,8.36,0,0
6/7/25 6:00,4.67,227,SW,6.8,0,0
6/7/25 7:00,6.41,228,SW,8.16,0,0
6/7/25 8:00,6.61,208,SSW,9.33,0,0
6/7/25 9:00,6.61,194,SSW,8.16,0,0
6/7/25 10:00,6.22,210,SSW,10.5,0,0
6/7/25 11:00,10.5,195,SSW,12.83,0,0
6/7/25 12:00,9.91,196,SSW,12.83,0,0
6/7/25 13:00,7.78,211,SSW,11.08,0,0
6/7/25 14:00,9.33,211,SSW,13.41,0,0
6/7/25 15:00,11.86,215,SW,14.58,0,0
6/7/25 16:00,10.5,214,SW,15.16,0,0
6/7/25 17:00,10.3,216,SW,13.61,0,0
6/7/25 18:00,9.52,227,SW,11.66,0,0
6/7/25 19:00,8.94,223,SW,10.89,0,0
6/7/25 20:00,10.11,226,SW,13.02,0,0
6/7/25 21:00,11.08,229,SW,14,0,0
6/7/25 22:00,8.75,226,SW,12.05,0,0
6/7/25 23:00,5.83,223,SW,7.97,0,0
6/8/25 0:00,8.94,226,SW,12.05,0,0
6/8/25 1:00,7.78,220,SW,12.44,0,0
6/8/25 2:00,7.58,207,SSW,10.89,0,0
6/8/25 3:00,8.16,211,SSW,11.47,0,0
6/8/25 4:00,7.58,223,SW,9.33,0,0
6/8/25 5:00,7.39,210,SSW,12.44,0,0
6/8/25 6:00,8.16,210,SSW,12.05,0,0
6/8/25 7:00,8.36,212,SSW,12.64,0,0
6/8/25 8:00,7.97,217,SW,10.5,0,0
6/8/25 9:00,9.14,208,SSW,12.64,0,0
6/8/25 10:00,10.69,210,SSW,16.13,0,0
6/8/25 11:00,11.66,206,SSW,16.52,0,0
6/8/25 12:00,11.47,212,SSW,16.52,0,0
6/8/25 13:00,12.83,211,SSW,18.08,0,0
6/8/25 14:00,12.83,212,SSW,17.69,0,0
6/8/25 15:00,13.22,216,SW,17.3,0,0
6/8/25 16:00,13.8,217,SW,17.49,0,0
6/8/25 17:00,13.22,215,SW,18.08,0,0
6/8/25 18:00,11.08,219,SW,15.36,0,0
6/8/25 19:00,11.66,227,SW,14.58,0,0
6/8/25 20:00,8.16,220,SW,10.89,0,0
6/8/25 21:00,10.89,225,SW,12.05,0,0
6/8/25 22:00,7.19,239,WSW,10.11,0,0
6/8/25 23:00,,,,,1,1
6/9/25 0:00,8.36,189,S,10.5,0,0
6/9/25 1:00,6.61,200,SSW,9.33,0,0
6/9/25 2:00,8.16,198,SSW,10.89,0,0
6/9/25 3:00,11.66,228,SW,14,0,0
6/9/25 4:00,8.16,222,SW,10.89,0,0
6/9/25 5:00,8.36,183,S,10.69,0,0
6/9/25 6:00,10.11,189,S,12.64,0,0
6/9/25 7:00,9.52,198,SSW,12.83,0,0
6/9/25 8:00,9.33,206,SSW,14,0,0
6/9/25 9:00,5.83,180,S,10.5,0,0
6/9/25 10:00,9.91,192,SSW,13.22,0,0
6/9/25 11:00,9.72,197,SSW,12.44,0,0
6/9/25 12:00,14.38,189,S,16.72,0,0
6/9/25 13:00,16.91,187,S,19.05,0,0
6/9/25 14:00,12.05,189,S,15.36,0,0
6/9/25 15:00,11.66,193,SSW,14.19,0,0
6/9/25 16:00,9.52,206,SSW,13.22,0,0
6/9/25 17:00,11.08,218,SW,13.61,0,0
6/9/25 18:00,7.58,217,SW,9.91,0,0
6/9/25 19:00,9.72,229,SW,12.25,0,0
6/9/25 20:00,6.61,222,SW,8.36,0,0
6/9/25 21:00,3.89,184,S,5.25,0,0
6/9/25 22:00,8.55,201,SSW,10.89,0,0
6/9/25 23:00,8.16,200,SSW,11.27,0,0
6/10/25 0:00,8.16,200,SSW,11.27,0,0
6/10/25 1:00,4.08,203,SSW,5.83,0,0
6/10/25 2:00,5.44,224,SW,9.91,0,0
6/10/25 3:00,10.5,222,SW,12.44,0,0
6/10/25 4:00,10.5,226,SW,12.25,0,0
6/10/25 5:00,7.78,219,SW,9.91,0,0
6/10/25 6:00,6.41,219,SW,8.75,0,0
6/10/25 7:00,9.33,227,SW,11.27,0,0
6/10/25 8:00,7.39,190,S,8.75,0,0
6/10/25 9:00,9.72,189,S,12.05,0,0
6/10/25 10:00,7,215,SW,12.25,0,0
6/10/25 11:00,7.78,188,S,10.3,0,0
6/10/25 12:00,8.94,206,SSW,11.86,0,0
6/10/25 13:00,11.08,202,SSW,14.97,0,0
6/10/25 14:00,14.97,194,SSW,17.88,0,0
6/10/25 15:00,14.58,194,SSW,17.69,0,0
6/10/25 16:00,9.52,209,SSW,13.8,0,0
6/10/25 17:00,10.5,214,SW,14,0,0
6/10/25 18:00,8.75,211,SSW,11.86,0,0
6/10/25 19:00,7.39,219,SW,9.52,0,0
6/10/25 20:00,10.11,229,SW,13.8,0,0
6/10/25 21:00,7.58,224,SW,9.52,0,0
6/10/25 22:00,4.47,232,SW,7.58,0,0
6/10/25 23:00,3.3,232,SW,6.41,0,0
6/11/25 0:00,5.25,230,SW,7,0,0
6/11/25 1:00,9.72,202,SSW,15.16,0,0
6/11/25 2:00,7.78,214,SW,12.05,0,0
6/11/25 3:00,4.28,210,SSW,6.8,0,0
6/11/25 4:00,6.41,229,SW,8.94,0,0
6/11/25 5:00,7,219,SW,9.33,0,0
6/11/25 6:00,7.78,227,SW,9.33,0,0
6/11/25 7:00,8.75,224,SW,11.86,0,0
6/11/25 8:00,9.72,226,SW,12.25,0,0
6/11/25 9:00,9.52,227,SW,11.08,0,0
6/11/25 10:00,2.72,173,S,5.25,0,0
6/11/25 11:00,7.58,182,S,9.52,0,0
6/11/25 12:00,6.61,199,SSW,13.41,0,0
6/11/25 13:00,9.91,194,SSW,12.64,0,0
6/11/25 14:00,10.11,206,SSW,14.38,0,0
6/11/25 15:00,12.05,227,SW,14,0,0
6/11/25 16:00,10.11,227,SW,11.86,0,0
6/11/25 17:00,10.3,226,SW,13.22,0,0
6/11/25 18:00,11.27,229,SW,13.02,0,0
6/11/25 19:00,8.94,226,SW,10.89,0,0
6/11/25 20:00,8.75,231,SW,10.89,0,0
6/11/25 21:00,7.78,221,SW,10.3,0,0
6/11/25 22:00,4.08,218,SW,5.44,0,0
6/11/25 23:00,3.69,175,S,5.83,0,0
6/12/25 0:00,5.05,162,SSE,8.16,0,0
6/12/25 1:00,6.61,178,S,8.55,0,0
6/12/25 2:00,4.08,149,SSE,6.03,0,0
6/12/25 3:00,3.3,164,SSE,5.64,0,0
6/12/25 4:00,9.33,177,S,11.66,0,0
6/12/25 5:00,14.77,185,S,18.86,0,0
6/12/25 6:00,14,195,SSW,16.91,0,0
6/12/25 7:00,,,,,1,1
6/12/25 8:00,12.44,181,S,15.36,0,0
6/12/25 9:00,11.47,185,S,14.77,0,0
6/12/25 10:00,12.83,177,S,14.38,0,0
6/12/25 11:00,13.8,191,S,16.13,0,0
6/12/25 12:00,14.58,191,S,18.27,0,0
6/12/25 13:00,19.05,178,S,22.94,0,0
6/12/25 14:00,22.35,181,S,25.08,0,0
6/12/25 15:00,21.58,179,S,24.49,0,0
6/12/25 16:00,22.16,174,S,24.49,0,0
6/12/25 17:00,14.58,215,SW,19.63,0,0
6/12/25 18:00,11.47,212,SSW,15.75,0,0
6/12/25 19:00,12.25,212,SSW,16.33,0,0
6/12/25 20:00,4.67,200,SSW,6.22,0,0
6/12/25 21:00,15.16,169,S,16.91,0,0
6/12/25 22:00,18.27,173,S,21.38,0,0
6/12/25 23:00,17.11,172,S,21.97,0,0
6/13/25 0:00,16.33,177,S,17.69,0,0
6/13/25 1:00,4.86,189,S,7,0,0
6/13/25 2:00,6.41,174,S,7.78,0,0
6/13/25 3:00,2.72,212,SSW,4.47,0,0
6/13/25 4:00,2.72,196,SSW,3.89,0,0
6/13/25 5:00,3.3,164,SSE,4.67,0,0
6/13/25 6:00,5.64,184,S,8.55,0,0
6/13/25 7:00,5.83,194,SSW,9.14,0,0
6/13/25 8:00,12.64,182,S,16.33,0,0
6/13/25 9:00,12.83,196,SSW,17.49,0,0
6/13/25 10:00,12.64,198,SSW,19.63,0,0
6/13/25 11:00,14.38,186,S,17.49,0,0
6/13/25 12:00,16.52,185,S,19.44,0,0
6/13/25 13:00,15.75,190,S,20.02,0,0
6/13/25 14:00,16.33,192,SSW,19.63,0,0
6/13/25 15:00,9.33,206,SSW,13.02,0,0
6/13/25 16:00,11.86,211,SSW,15.55,0,0
6/13/25 17:00,11.86,213,SSW,15.36,0,0
6/13/25 18:00,10.5,202,SSW,14.58,0,0
6/13/25 19:00,9.14,210,SSW,12.44,0,0
6/13/25 20:00,18.08,174,S,21.38,0,0
6/13/25 21:00,17.3,161,SSE,20.8,0,0
6/13/25 22:00,12.44,175,S,15.94,0,0
6/13/25 23:00,12.64,173,S,15.75,0,0
6/14/25 0:00,13.61,179,S,16.52,0,0
6/14/25 1:00,15.36,182,S,17.88,0,0
6/14/25 2:00,15.36,189,S,17.11,0,0
6/14/25 3:00,13.8,184,S,16.33,0,0
6/14/25 4:00,14.58,180,S,16.91,0,0
6/14/25 5:00,13.02,181,S,16.72,0,0
6/14/25 6:00,12.83,183,S,17.3,0,0
6/14/25 7:00,12.25,176,S,15.55,0,0
6/14/25 8:00,12.64,188,S,14.97,0,0
6/14/25 9:00,11.86,184,S,14.97,0,0
6/14/25 10:00,11.27,200,SSW,14,0,0
6/14/25 11:00,12.44,204,SSW,16.91,0,0
6/14/25 12:00,15.94,198,SSW,19.63,0,0
6/14/25 13:00,17.88,180,S,20.02,0,0
6/14/25 14:00,15.94,185,S,19.05,0,0
6/14/25 15:00,16.91,194,SSW,20.6,0,0
6/14/25 16:00,13.61,203,SSW,18.66,0,0
6/14/25 17:00,10.3,199,SSW,14.38,0,0
6/14/25 18:00,12.25,213,SSW,15.36,0,0
6/14/25 19:00,13.22,216,SW,16.13,0,0
6/14/25 20:00,10.89,212,SSW,14.77,0,0
6/14/25 21:00,10.5,181,S,13.41,0,0
6/14/25 22:00,17.11,175,S,19.83,0,0
6/14/25 23:00,13.22,174,S,16.52,0,0
6/15/25 0:00,13.22,176,S,17.11,0,0
6/15/25 1:00,14.38,185,S,16.52,0,0
6/15/25 2:00,13.61,190,S,15.16,0,0
6/15/25 3:00,11.08,192,SSW,15.36,0,0
6/15/25 4:00,11.47,184,S,13.22,0,0
6/15/25 5:00,11.86,186,S,14.38,0,0
6/15/25 6:00,12.64,186,S,16.72,0,0
6/15/25 7:00,8.36,202,SSW,11.66,0,0
6/15/25 8:00,6.8,204,SSW,10.5,0,0
6/15/25 9:00,8.36,195,SSW,11.08,0,0
6/15/25 10:00,8.36,212,SSW,11.27,0,0
6/15/25 11:00,12.64,221,SW,14.19,0,0
6/15/25 12:00,12.44,221,SW,15.94,0,0
6/15/25 13:00,15.75,216,SW,19.63,0,0
6/15/25 14:00,11.66,212,SSW,16.52,0,0
6/15/25 15:00,11.08,207,SSW,15.36,0,0
6/15/25 16:00,12.25,206,SSW,16.72,0,0
6/15/25 17:00,11.86,204,SSW,16.13,0,0
6/15/25 18:00,10.5,191,S,12.83,0,0
6/15/25 19:00,7,195,SSW,9.72,0,0
6/15/25 20:00,8.36,207,SSW,12.44,0,0
6/15/25 21:00,16.72,168,SSE,18.66,0,0
6/15/25 22:00,15.55,169,S,18.27,0,0
6/15/25 23:00,15.55,172,S,18.27,0,0
6/16/25 0:00,18.66,184,S,21.58,0,0
6/16/25 1:00,15.75,187,S,19.24,0,0
6/16/25 2:00,15.16,181,S,17.88,0,0
6/16/25 3:00,11.86,179,S,15.94,0,0
6/16/25 4:00,15.16,176,S,17.69,0,0
6/16/25 5:00,15.36,179,S,18.47,0,0
6/16/25 6:00,11.27,180,S,13.02,0,0
6/16/25 7:00,12.83,190,S,15.36,0,0
6/16/25 8:00,7.97,176,S,10.11,0,0
6/16/25 9:00,17.11,180,S,20.02,0,0
6/16/25 10:00,13.8,178,S,17.88,0,0
6/16/25 11:00,12.05,185,S,15.16,0,0
6/16/25 12:00,14.19,179,S,17.3,0,0
6/16/25 13:00,15.36,170,S,17.69,0,0
6/16/25 14:00,18.86,175,S,21.38,0,0
6/16/25 15:00,21.38,177,S,23.91,0,0
6/16/25 16:00,21.97,176,S,24.88,0,0
6/16/25 17:00,17.49,166,SSE,20.99,0,0
6/16/25 18:00,10.5,187,S,14.38,0,0
6/16/25 19:00,8.75,194,SSW,10.89,0,0
6/16/25 20:00,17.3,162,SSE,20.6,0,0
6/16/25 21:00,13.41,168,SSE,15.36,0,0
6/16/25 22:00,11.08,157,SSE,13.61,0,0
6/16/25 23:00,10.3,159,SSE,13.8,0,0
6/17/25 0:00,9.72,134,SE,13.22,0,0
6/17/25 1:00,11.47,169,S,13.02,0,0
6/17/25 2:00,8.75,150,SSE,13.22,0,0
6/17/25 3:00,12.05,172,S,13.61,0,0
6/17/25 4:00,8.16,127,SE,10.89,0,0
6/17/25 5:00,7.58,153,SSE,9.72,0,0
6/17/25 6:00,8.94,170,S,11.08,0,0
6/17/25 7:00,8.36,162,SSE,10.69,0,0
6/17/25 8:00,8.36,129,SE,10.69,0,0
6/17/25 9:00,8.36,156,SSE,11.86,0,0
6/17/25 10:00,10.89,158,SSE,14,0,0
6/17/25 11:00,5.64,198,SSW,8.55,0,0
6/17/25 12:00,11.27,215,SW,14.77,0,0
6/17/25 13:00,10.3,202,SSW,14.19,0,0
6/17/25 14:00,16.33,194,SSW,18.86,0,0
6/17/25 15:00,17.69,194,SSW,20.22,0,0
6/17/25 16:00,18.66,181,S,20.8,0,0
6/17/25 17:00,11.66,182,S,14.97,0,0
6/17/25 18:00,8.16,191,S,12.44,0,0
6/17/25 19:00,17.69,170,S,19.44,0,0
6/17/25 20:00,14.38,186,S,17.11,0,0
6/17/25 21:00,13.22,188,S,15.75,0,0
6/17/25 22:00,11.86,182,S,13.02,0,0
6/17/25 23:00,11.08,179,S,12.83,0,0
6/18/25 0:00,10.11,197,SSW,13.22,0,0
6/18/25 1:00,8.36,195,SSW,12.44,0,0
6/18/25 2:00,9.91,195,SSW,12.64,0,0
6/18/25 3:00,9.91,189,S,11.27,0,0
6/18/25 4:00,10.11,198,SSW,12.44,0,0
6/18/25 5:00,9.33,203,SSW,14.19,0,0
6/18/25 6:00,11.47,194,SSW,14.19,0,0
6/18/25 7:00,9.14,185,S,11.66,0,0
6/18/25 8:00,10.89,169,S,12.64,0,0
6/18/25 9:00,7.39,184,S,9.33,0,0
6/18/25 10:00,11.47,216,SW,14.58,0,0
6/18/25 11:00,11.47,215,SW,15.36,0,0
6/18/25 12:00,13.02,214,SW,15.75,0,0
6/18/25 13:00,14.77,214,SW,20.41,0,0
6/18/25 14:00,11.27,200,SSW,15.94,0,0
6/18/25 15:00,16.91,189,S,19.83,0,0
6/18/25 16:00,17.49,192,SSW,20.41,0,0
6/18/25 17:00,16.52,181,S,19.83,0,0
6/18/25 18:00,14.58,178,S,18.47,0,0
6/18/25 19:00,14.19,178,S,17.88,0,0
6/18/25 20:00,13.22,176,S,15.75,0,0
6/18/25 21:00,14.58,186,S,16.91,0,0
6/18/25 22:00,14.77,179,S,17.69,0,0
6/18/25 23:00,13.22,177,S,15.16,0,0
6/19/25 0:00,10.3,167,SSE,12.05,0,0
6/19/25 1:00,12.44,164,SSE,14.77,0,0
6/19/25 2:00,12.25,190,S,14.58,0,0
6/19/25 3:00,14.58,186,S,18.08,0,0
6/19/25 4:00,16.33,185,S,20.02,0,0
6/19/25 5:00,15.36,176,S,19.63,0,0
6/19/25 6:00,16.33,179,S,18.47,0,0
6/19/25 7:00,16.91,179,S,20.02,0,0
6/19/25 8:00,13.02,172,S,15.75,0,0
6/19/25 9:00,16.72,178,S,19.24,0,0
6/19/25 10:00,9.72,149,SSE,13.02,0,0
6/19/25 11:00,16.13,179,S,18.08,0,0
6/19/25 12:00,19.63,163,SSE,23.13,0,0
6/19/25 13:00,17.11,158,SSE,22.55,0,0
6/19/25 14:00,7.58,124,SE,12.25,0,0
6/19/25 15:00,8.75,199,SSW,11.86,0,0
6/19/25 16:00,6.8,208,SSW,9.91,0,0
6/19/25 17:00,5.83,118,ESE,8.16,0,0
6/19/25 18:00,2.72,140,SE,5.83,0,0
6/19/25 19:00,8.55,168,SSE,10.69,0,0
6/19/25 20:00,2.53,183,S,7.19,0,0
6/19/25 21:00,4.86,49,NE,7.19,0,0
6/19/25 22:00,6.61,154,SSE,9.72,0,0
6/19/25 23:00,12.05,160,SSE,14,0,0
6/20/25 0:00,13.8,172,S,16.13,0,0
6/20/25 1:00,11.08,168,SSE,12.44,0,0
6/20/25 2:00,10.5,155,SSE,15.75,0,0
6/20/25 3:00,8.36,128,SE,13.41,0,0
6/20/25 4:00,4.08,298,WNW,6.22,0,0
6/20/25 5:00,1.75,43,NE,4.28,0,0
6/20/25 6:00,2.72,84,E,6.03,0,0
6/20/25 7:00,2.14,316,NW,5.44,0,0
6/20/25 8:00,4.28,159,SSE,6.8,0,0
6/20/25 9:00,5.83,184,S,8.55,0,0
6/20/25 10:00,10.5,174,S,11.66,0,0
6/20/25 11:00,8.94,161,SSE,12.64,0,0
6/20/25 12:00,2.33,177,S,6.22,0,0
6/20/25 13:00,11.08,294,WNW,15.94,0,0
6/20/25 14:00,12.44,294,WNW,21.38,0,0
6/20/25 15:00,17.49,293,WNW,23.71,0,0
6/20/25 16:00,18.08,300,WNW,23.33,0,0
6/20/25 17:00,15.75,279,W,22.35,0,0
6/20/25 18:00,14.58,278,W,21.97,0,0
6/20/25 19:00,20.41,296,WNW,27.02,0,0
6/20/25 20:00,17.88,286,WNW,23.91,0,0
6/20/25 21:00,13.8,286,WNW,20.99,0,0
6/20/25 22:00,12.83,290,WNW,18.66,0,0
6/20/25 23:00,11.08,284,WNW,14.38,0,0
6/21/25 0:00,12.05,292,WNW,16.52,0,0
6/21/25 1:00,11.08,294,WNW,14.58,0,0
6/21/25 2:00,8.16,299,WNW,10.89,0,0
6/21/25 3:00,10.11,305,NW,14.38,0,0
6/21/25 4:00,8.94,297,WNW,12.05,0,0
6/21/25 5:00,5.83,322,NW,9.14,0,0
6/21/25 6:00,4.08,311,NW,6.61,0,0
6/21/25 7:00,5.25,303,WNW,7.97,0,0
6/21/25 8:00,7.58,317,NW,9.91,0,0
6/21/25 9:00,3.5,280,W,7.97,0,0
6/21/25 10:00,3.5,271,W,6.41,0,0
6/21/25 11:00,8.16,214,SW,10.69,0,0
6/21/25 12:00,11.27,216,SW,13.8,0,0
6/21/25 13:00,10.5,216,SW,13.41,0,0
6/21/25 14:00,,,,,1,1
6/21/25 15:00,,,,,1,1
6/21/25 16:00,14.38,306,NW,17.88,0,0
6/21/25 17:00,13.22,305,NW,16.91,0,0
6/21/25 18:00,11.66,298,WNW,15.55,0,0
6/21/25 19:00,11.47,300,WNW,17.11,0,0
6/21/25 20:00,8.16,229,SW,11.27,0,0
6/21/25 21:00,5.44,294,WNW,7,0,0
6/21/25 22:00,2.53,251,WSW,7,0,0
6/21/25 23:00,5.05,315,NW,7.58,0,0
6/22/25 0:00,,,,,1,1
6/22/25 1:00,2.72,309,NW,3.89,0,0
6/22/25 2:00,5.25,316,NW,7.78,0,0
6/22/25 3:00,0.39,99,E,2.92,0,0
6/22/25 4:00,1.56,181,S,3.11,0,0
6/22/25 5:00,2.53,196,SSW,4.67,0,0
6/22/25 6:00,4.47,216,SW,5.44,0,0
6/22/25 7:00,3.69,212,SSW,5.25,0,0
6/22/25 8:00,1.94,219,SW,2.53,0,0
6/22/25 9:00,3.69,187,S,4.67,0,0
6/22/25 10:00,4.08,216,SW,5.25,0,0
6/22/25 11:00,6.61,213,SSW,9.14,0,0
6/22/25 12:00,9.33,216,SW,11.86,0,0
6/22/25 13:00,9.33,215,SW,14.19,0,0
6/22/25 14:00,,,,,1,1
6/22/25 15:00,10.3,196,SSW,12.44,0,0
6/22/25 16:00,10.69,213,SSW,14.77,0,0
6/22/25 17:00,10.11,199,SSW,13.02,0,0
6/22/25 18:00,9.52,206,SSW,14.38,0,0
6/22/25 19:00,,,,,1,1
6/22/25 20:00,9.14,163,SSE,10.89,0,0
6/22/25 21:00,10.11,189,S,12.64,0,0
6/22/25 22:00,7.39,187,S,8.36,0,0
6/22/25 23:00,6.8,192,SSW,8.16,0,0
6/23/25 0:00,6.8,205,SSW,9.72,0,0
6/23/25 1:00,6.41,207,SSW,9.14,0,0
6/23/25 2:00,8.16,214,SW,11.47,0,0
6/23/25 3:00,7.97,214,SW,11.27,0,0
6/23/25 4:00,8.16,218,SW,9.91,0,0
6/23/25 5:00,7.19,218,SW,9.91,0,0
6/23/25 6:00,7.78,212,SSW,10.69,0,0
6/23/25 7:00,13.41,220,SW,15.36,0,0
6/23/25 8:00,12.44,218,SW,14.77,0,0
6/23/25 9:00,13.02,216,SW,16.72,0,0
6/23/25 10:00,,,,,1,1
6/23/25 11:00,13.02,216,SW,16.91,0,0
6/23/25 12:00,18.27,215,SW,21.38,0,0
6/23/25 13:00,,,,,1,1
6/23/25 14:00,18.86,184,S,21.77,0,0
6/23/25 15:00,18.47,186,S,23.71,0,0
6/23/25 16:00,19.24,189,S,22.55,0,0
6/23/25 17:00,10.89,196,SSW,14.77,0,0
6/23/25 18:00,8.36,209,SSW,12.05,0,0
6/23/25 19:00,6.22,227,SW,9.14,0,0
6/23/25 20:00,9.52,180,S,12.25,0,0
6/23/25 21:00,15.36,185,S,16.52,0,0
6/23/25 22:00,15.55,183,S,18.47,0,0
6/23/25 23:00,4.28,201,SSW,7.19,0,0
6/24/25 0:00,14.97,184,S,18.86,0,0
6/24/25 1:00,14,183,S,15.55,0,0
6/24/25 2:00,15.55,193,SSW,18.86,0,0
6/24/25 3:00,6.03,198,SSW,9.14,0,0
6/24/25 4:00,7.58,223,SW,9.72,0,0
6/24/25 5:00,10.5,191,S,12.64,0,0
6/24/25 6:00,10.11,198,SSW,13.8,0,0
6/24/25 7:00,8.36,200,SSW,12.83,0,0
6/24/25 8:00,8.36,224,SW,10.69,0,0
6/24/25 9:00,10.11,193,SSW,13.22,0,0
6/24/25 10:00,9.33,197,SSW,13.8,0,0
6/24/25 11:00,14.38,186,S,17.11,0,0
6/24/25 12:00,14.58,189,S,17.3,0,0
6/24/25 13:00,12.25,205,SSW,16.91,0,0
6/24/25 14:00,8.94,206,SSW,13.61,0,0
6/24/25 15:00,10.5,203,SSW,14,0,0
6/24/25 16:00,11.47,226,SW,14.58,0,0
6/24/25 17:00,10.89,226,SW,13.02,0,0
6/24/25 18:00,12.64,228,SW,15.16,0,0
6/24/25 19:00,10.3,226,SW,12.05,0,0
6/24/25 20:00,8.16,231,SW,10.5,0,0
6/24/25 21:00,9.33,228,SW,10.89,0,0
6/24/25 22:00,3.89,202,SSW,6.61,0,0
6/24/25 23:00,7.97,203,SSW,10.69,0,0
6/25/25 0:00,6.61,190,S,8.36,0,0
6/25/25 1:00,7.39,212,SSW,11.27,0,0
6/25/25 2:00,6.22,218,SW,9.52,0,0
6/25/25 3:00,6.8,207,SSW,10.69,0,0
6/25/25 4:00,7.58,197,SSW,10.3,0,0
6/25/25 5:00,7.58,210,SSW,12.05,0,0
6/25/25 6:00,10.3,201,SSW,16.13,0,0
6/25/25 7:00,12.64,190,S,15.94,0,0
6/25/25 8:00,9.72,203,SSW,14,0,0
6/25/25 9:00,11.08,192,SSW,13.61,0,0
6/25/25 10:00,9.14,189,S,12.44,0,0
6/25/25 11:00,8.55,206,SSW,12.64,0,0
6/25/25 12:00,10.89,216,SW,13.22,0,0
6/25/25 13:00,13.22,212,SSW,16.72,0,0
6/25/25 14:00,16.91,191,S,19.63,0,0
6/25/25 15:00,18.66,184,S,21.97,0,0
6/25/25 16:00,11.27,199,SSW,16.13,0,0
6/25/25 17:00,11.08,192,SSW,13.8,0,0
6/25/25 18:00,19.63,174,S,21.58,0,0
6/25/25 19:00,20.99,170,S,22.94,0,0
6/25/25 20:00,19.24,171,S,21.38,0,0
6/25/25 21:00,16.72,178,S,18.47,0,0
6/25/25 22:00,18.66,174,S,23.13,0,0
6/25/25 23:00,17.11,179,S,20.22,0,0
6/26/25 0:00,17.3,173,S,20.22,0,0
6/26/25 1:00,14.58,175,S,18.08,0,0
6/26/25 2:00,14.58,167,SSE,17.3,0,0
6/26/25 3:00,12.83,174,S,17.3,0,0
6/26/25 4:00,10.11,159,SSE,14.58,0,0
6/26/25 5:00,13.8,176,S,16.91,0,0
6/26/25 6:00,12.83,165,SSE,16.33,0,0
6/26/25 7:00,10.89,171,S,13.41,0,0
6/26/25 8:00,10.5,167,SSE,15.75,0,0
6/26/25 9:00,10.69,170,S,13.02,0,0
6/26/25 10:00,8.36,136,SE,12.83,0,0
6/26/25 11:00,11.08,170,S,13.02,0,0
6/26/25 12:00,10.69,157,SSE,13.22,0,0
6/26/25 13:00,7.78,193,SSW,9.72,0,0
6/26/25 14:00,11.27,198,SSW,15.94,0,0
6/26/25 15:00,18.08,184,S,20.8,0,0
6/26/25 16:00,15.75,189,S,17.88,0,0
6/26/25 17:00,17.49,183,S,20.41,0,0
6/26/25 18:00,17.88,186,S,20.8,0,0
6/26/25 19:00,18.27,179,S,21.19,0,0
6/26/25 20:00,17.49,175,S,20.22,0,0
6/26/25 21:00,14.58,184,S,16.52,0,0
6/26/25 22:00,14,183,S,16.52,0,0
6/26/25 23:00,12.64,187,S,14.77,0,0
6/27/25 0:00,10.89,186,S,12.25,0,0
6/27/25 1:00,7.39,194,SSW,9.33,0,0
6/27/25 2:00,7,189,S,8.55,0,0
6/27/25 3:00,6.8,195,SSW,7.97,0,0
6/27/25 4:00,6.41,189,S,8.16,0,0
6/27/25 5:00,5.64,201,SSW,7.19,0,0
6/27/25 6:00,6.61,211,SSW,9.52,0,0
6/27/25 7:00,8.55,218,SW,10.11,0,0
6/27/25 8:00,6.61,218,SW,9.14,0,0
6/27/25 9:00,8.36,215,SW,10.5,0,0
6/27/25 10:00,8.94,216,SW,10.69,0,0
6/27/25 11:00,8.75,216,SW,10.89,0,0
6/27/25 12:00,15.55,219,SW,18.66,0,0
6/27/25 13:00,13.02,207,SSW,18.47,0,0
6/27/25 14:00,10.89,205,SSW,14.97,0,0
6/27/25 15:00,11.08,204,SSW,15.75,0,0
6/27/25 16:00,15.94,195,SSW,20.41,0,0
6/27/25 17:00,17.69,190,S,20.41,0,0
6/27/25 18:00,20.8,181,S,24.3,0,0
6/27/25 19:00,19.83,182,S,23.71,0,0
6/27/25 20:00,15.36,203,SSW,21.58,0,0
6/27/25 21:00,13.41,206,SSW,18.27,0,0
6/27/25 22:00,12.44,203,SSW,17.11,0,0
6/27/25 23:00,11.66,199,SSW,15.55,0,0
6/28/25 0:00,13.22,211,SSW,18.47,0,0
6/28/25 1:00,14.97,213,SSW,19.24,0,0
6/28/25 2:00,14.38,211,SSW,18.66,0,0
6/28/25 3:00,14.58,219,SW,18.86,0,0
6/28/25 4:00,13.02,212,SSW,16.33,0,0
6/28/25 5:00,8.75,209,SSW,13.41,0,0
6/28/25 6:00,10.5,218,SW,13.02,0,0
6/28/25 7:00,3.89,215,SW,5.64,0,0
6/28/25 8:00,1.36,197,SSW,2.33,0,0
6/28/25 9:00,,,,,1,1
6/28/25 10:00,,,,,1,1
6/28/25 11:00,,,,,1,1
6/28/25 12:00,7,195,SSW,8.94,0,0
6/28/25 13:00,8.16,197,SSW,12.05,0,0
6/28/25 14:00,10.89,204,SSW,14.58,0,0
6/28/25 15:00,11.08,212,SSW,14.19,0,0
6/28/25 16:00,11.08,197,SSW,14.19,0,0
6/28/25 17:00,7.97,185,S,9.72,0,0
6/28/25 18:00,7,228,SW,10.11,0,0
6/28/25 19:00,8.36,193,SSW,10.3,0,0
6/28/25 20:00,9.52,177,S,12.05,0,0
6/28/25 21:00,13.41,189,S,15.16,0,0
6/28/25 22:00,10.5,201,SSW,14.77,0,0
6/28/25 23:00,10.89,193,SSW,13.61,0,0
6/29/25 0:00,17.88,191,S,19.63,0,0
6/29/25 1:00,18.27,191,S,20.8,0,0
6/29/25 2:00,12.25,207,SSW,16.13,0,0
6/29/25 3:00,14.38,196,SSW,16.72,0,0
6/29/25 4:00,11.66,212,SSW,15.36,0,0
6/29/25 5:00,7.58,213,SSW,9.33,0,0
6/29/25 6:00,6.41,215,SW,8.16,0,0
6/29/25 7:00,6.22,221,SW,8.16,0,0
6/29/25 8:00,9.52,221,SW,11.66,0,0
6/29/25 9:00,10.5,217,SW,14.19,0,0
6/29/25 10:00,12.05,204,SSW,18.66,0,0
6/29/25 11:00,10.69,196,SSW,14.97,0,0
6/29/25 12:00,13.41,215,SW,17.88,0,0
6/29/25 13:00,14.77,214,SW,19.83,0,0
6/29/25 14:00,14.19,215,SW,19.44,0,0
6/29/25 15:00,11.86,206,SSW,16.91,0,0
6/29/25 16:00,13.22,201,SSW,17.69,0,0
6/29/25 17:00,14.58,212,SSW,18.86,0,0
6/29/25 18:00,13.22,201,SSW,18.66,0,0
6/29/25 19:00,12.25,209,SSW,17.3,0,0
6/29/25 20:00,14.77,195,SSW,17.88,0,0
6/29/25 21:00,12.44,212,SSW,19.05,0,0
6/29/25 22:00,11.66,193,SSW,13.8,0,0
6/29/25 23:00,11.66,204,SSW,15.55,0,0
6/30/25 0:00,13.8,200,SSW,18.08,0,0
6/30/25 1:00,15.55,212,SSW,20.41,0,0
6/30/25 2:00,14.58,200,SSW,18.86,0,0
6/30/25 3:00,7.97,205,SSW,10.69,0,0
6/30/25 4:00,11.86,197,SSW,15.36,0,0
6/30/25 5:00,9.91,216,SW,12.64,0,0
6/30/25 6:00,4.28,211,SSW,6.03,0,0
6/30/25 7:00,8.94,212,SSW,12.83,0,0
6/30/25 8:00,7.78,204,SSW,11.86,0,0
6/30/25 9:00,8.75,201,SSW,12.64,0,0
6/30/25 10:00,7.78,209,SSW,12.44,0,0
6/30/25 11:00,12.44,215,SW,15.36,0,0
6/30/25 12:00,12.25,213,SSW,18.66,0,0
6/30/25 13:00,13.8,213,SSW,18.47,0,0
6/30/25 14:00,12.44,198,SSW,16.52,0,0
6/30/25 15:00,16.33,192,SSW,19.44,0,0
6/30/25 16:00,18.27,194,SSW,21.38,0,0
6/30/25 17:00,15.55,196,SSW,18.47,0,0
6/30/25 18:00,18.08,188,S,20.8,0,0
6/30/25 19:00,13.22,193,SSW,15.75,0,0
6/30/25 20:00,9.52,188,S,14.58,0,0
6/30/25 21:00,10.89,193,SSW,14.19,0,0
6/30/25 22:00,10.89,201,SSW,14,0,0
6/30/25 23:00,11.66,202,SSW,14.77,0,0
7/1/25 0:00,11.27,212,SSW,15.55,0,0
7/1/25 1:00,10.11,212,SSW,13.61,0,0
7/1/25 2:00,12.44,218,SW,15.75,0,0
7/1/25 3:00,11.47,212,SSW,15.75,0,0
7/1/25 4:00,10.89,227,SW,13.8,0,0
7/1/25 5:00,8.55,220,SW,12.05,0,0
7/1/25 6:00,11.47,209,SSW,15.94,0,0
7/1/25 7:00,12.83,205,SSW,17.3,0,0
7/1/25 8:00,7.97,213,SSW,12.25,0,0
7/1/25 9:00,5.25,224,SW,8.36,0,0
7/1/25 10:00,3.89,197,SSW,5.05,0,0
7/1/25 11:00,7.78,203,SSW,11.47,0,0
7/1/25 12:00,,,,,1,1
7/1/25 13:00,13.41,216,SW,17.11,0,0
7/1/25 14:00,18.27,192,SSW,20.99,0,0
7/1/25 15:00,21.19,181,S,24.1,0,0
7/1/25 16:00,17.69,191,S,20.02,0,0
7/1/25 17:00,9.33,191,S,12.05,0,0
7/1/25 18:00,9.52,185,S,10.89,0,0
7/1/25 19:00,11.66,215,SW,14.58,0,0
7/1/25 20:00,7.19,189,S,10.89,0,0
7/1/25 21:00,9.33,200,SSW,12.64,0,0
7/1/25 22:00,12.05,192,SSW,14.38,0,0
7/1/25 23:00,13.02,198,SSW,17.69,0,0
7/2/25 0:00,14,187,S,16.91,0,0
7/2/25 1:00,11.47,196,SSW,14.77,0,0
7/2/25 2:00,9.33,216,SW,16.33,0,0
7/2/25 3:00,14,192,SSW,16.33,0,0
7/2/25 4:00,16.13,182,S,19.05,0,0
7/2/25 5:00,14.19,190,S,15.94,0,0
7/2/25 6:00,12.25,191,S,14.77,0,0
7/2/25 7:00,9.52,192,SSW,12.05,0,0
7/2/25 8:00,11.27,219,SW,14.77,0,0
7/2/25 9:00,7.97,211,SSW,10.69,0,0
7/2/25 10:00,,,,,1,1
7/2/25 11:00,13.61,217,SW,16.72,0,0
7/2/25 12:00,13.8,217,SW,16.13,0,0
7/2/25 13:00,14.97,210,SSW,21.38,0,0
7/2/25 14:00,15.55,208,SSW,20.8,0,0
7/2/25 15:00,19.83,192,SSW,23.13,0,0
7/2/25 16:00,17.69,191,S,21.19,0,0
7/2/25 17:00,18.66,194,SSW,21.38,0,0
7/2/25 18:00,20.41,188,S,23.13,0,0
7/2/25 19:00,21.38,180,S,24.69,0,0
7/2/25 20:00,20.99,183,S,23.71,0,0
7/2/25 21:00,17.49,179,S,21.97,0,0
7/2/25 22:00,15.94,186,S,19.05,0,0
7/2/25 23:00,13.8,202,SSW,18.27,0,0
7/3/25 0:00,15.36,185,S,19.63,0,0
7/3/25 1:00,15.16,189,S,16.91,0,0
7/3/25 2:00,14.77,179,S,18.27,0,0
7/3/25 3:00,16.91,177,S,19.44,0,0
7/3/25 4:00,13.61,181,S,16.13,0,0
7/3/25 5:00,12.64,180,S,14.58,0,0
7/3/25 6:00,14.77,179,S,17.3,0,0
7/3/25 7:00,14.19,180,S,16.72,0,0
7/3/25 8:00,14.19,178,S,17.11,0,0
7/3/25 9:00,16.91,185,S,20.22,0,0
7/3/25 10:00,15.16,185,S,17.69,0,0
7/3/25 11:00,15.55,186,S,18.27,0,0
7/3/25 12:00,17.3,182,S,21.19,0,0
7/3/25 13:00,21.38,187,S,24.1,0,0
7/3/25 14:00,17.88,186,S,20.99,0,0
7/3/25 15:00,13.41,217,SW,16.52,0,0
7/3/25 16:00,13.41,196,SSW,16.52,0,0
7/3/25 17:00,9.72,202,SSW,14.77,0,0
7/3/25 18:00,14.58,190,S,16.91,0,0
7/3/25 19:00,13.02,207,SSW,18.66,0,0
7/3/25 20:00,15.36,180,S,19.24,0,0
7/3/25 21:00,14.77,185,S,17.69,0,0
7/3/25 22:00,14.19,193,SSW,17.49,0,0
7/3/25 23:00,16.33,183,S,19.05,0,0
7/4/25 0:00,15.75,185,S,19.24,0,0
7/4/25 1:00,17.3,183,S,20.8,0,0
7/4/25 2:00,18.27,173,S,20.6,0,0
7/4/25 3:00,5.83,161,SSE,8.36,0,0
7/4/25 4:00,14,174,S,17.3,0,0
7/4/25 5:00,14.97,177,S,16.91,0,0
7/4/25 6:00,14,174,S,17.11,0,0
7/4/25 7:00,11.86,176,S,14,0,0
7/4/25 8:00,12.05,170,S,14.58,0,0
7/4/25 9:00,16.52,178,S,17.88,0,0
7/4/25 10:00,18.08,176,S,20.6,0,0
7/4/25 11:00,16.52,181,S,19.24,0,0
7/4/25 12:00,16.72,175,S,19.83,0,0
7/4/25 13:00,16.13,172,S,19.44,0,0
7/4/25 14:00,16.13,214,SW,21.77,0,0
7/4/25 15:00,13.8,216,SW,18.47,0,0
7/4/25 16:00,12.25,218,SW,15.55,0,0
7/4/25 17:00,7.58,243,WSW,11.86,0,0
7/4/25 18:00,5.64,210,SSW,8.16,0,0
7/4/25 19:00,4.28,112,ESE,7.39,0,0
7/4/25 20:00,2.92,204,SSW,6.03,0,0
7/4/25 21:00,3.11,18,NNE,4.47,0,0
7/4/25 22:00,7.39,176,S,8.94,0,0
7/4/25 23:00,7.78,180,S,9.91,0,0
7/5/25 0:00,11.27,169,S,12.44,0,0
7/5/25 1:00,9.14,137,SE,13.61,0,0
7/5/25 2:00,10.89,159,SSE,13.22,0,0
7/5/25 3:00,6.61,180,S,10.89,0,0
7/5/25 4:00,8.75,162,SSE,11.66,0,0
7/5/25 5:00,7.19,154,SSE,10.3,0,0
7/5/25 6:00,9.52,145,SE,12.64,0,0
7/5/25 7:00,10.3,175,S,12.44,0,0
7/5/25 8:00,10.69,183,S,12.83,0,0
7/5/25 9:00,11.27,175,S,14.38,0,0
7/5/25 10:00,10.11,185,S,12.44,0,0
7/5/25 11:00,8.36,206,SSW,12.64,0,0
7/5/25 12:00,10.11,216,SW,13.8,0,0
7/5/25 13:00,13.61,196,SSW,16.33,0,0
7/5/25 14:00,15.16,192,SSW,18.66,0,0
7/5/25 15:00,11.08,201,SSW,14.97,0,0
7/5/25 16:00,15.16,188,S,18.27,0,0
7/5/25 17:00,12.83,198,SSW,15.75,0,0
7/5/25 18:00,16.72,191,S,18.86,0,0
7/5/25 19:00,9.33,214,SW,13.22,0,0
7/5/25 20:00,15.16,185,S,17.11,0,0
7/5/25 21:00,20.02,169,S,22.16,0,0
7/5/25 22:00,17.69,170,S,21.19,0,0
7/5/25 23:00,14.97,166,SSE,18.47,0,0
7/6/25 0:00,14.38,176,S,16.72,0,0
7/6/25 1:00,13.61,175,S,16.52,0,0
7/6/25 2:00,12.83,185,S,15.36,0,0
7/6/25 3:00,11.27,176,S,15.55,0,0
7/6/25 4:00,12.83,189,S,14.58,0,0
7/6/25 5:00,8.36,205,SSW,13.8,0,0
7/6/25 6:00,7.39,196,SSW,9.91,0,0
7/6/25 7:00,8.94,196,SSW,11.66,0,0
7/6/25 8:00,10.69,186,S,12.44,0,0
7/6/25 9:00,10.69,188,S,12.83,0,0
7/6/25 10:00,9.52,178,S,11.47,0,0
7/6/25 11:00,11.08,221,SW,14.38,0,0
7/6/25 12:00,14.97,219,SW,18.86,0,0
7/6/25 13:00,13.61,209,SSW,19.24,0,0
7/6/25 14:00,15.75,209,SSW,19.63,0,0
7/6/25 15:00,18.66,187,S,21.58,0,0
7/6/25 16:00,8.55,202,SSW,12.25,0,0
7/6/25 17:00,12.05,212,SSW,15.36,0,0
7/6/25 18:00,6.61,210,SSW,9.72,0,0
7/6/25 19:00,5.05,224,SW,8.36,0,0
7/6/25 20:00,8.94,210,SSW,11.66,0,0
7/6/25 21:00,11.08,208,SSW,14.97,0,0
7/6/25 22:00,5.83,224,SW,9.72,0,0
7/6/25 23:00,12.05,206,SSW,16.33,0,0
7/7/25 0:00,12.05,214,SW,17.3,0,0
7/7/25 1:00,9.14,212,SSW,12.44,0,0
7/7/25 2:00,6.8,205,SSW,10.11,0,0
7/7/25 3:00,12.64,216,SW,15.75,0,0
7/7/25 4:00,12.25,222,SW,15.75,0,0
7/7/25 5:00,13.61,222,SW,16.52,0,0
7/7/25 6:00,9.33,223,SW,14,0,0
7/7/25 7:00,6.22,209,SSW,8.75,0,0
7/7/25 8:00,8.94,243,WSW,12.44,0,0
7/7/25 9:00,12.25,227,SW,14.77,0,0
7/7/25 10:00,16.33,226,SW,19.63,0,0
7/7/25 11:00,16.52,221,SW,19.63,0,0
7/7/25 12:00,10.3,229,SW,14.19,0,0
7/7/25 13:00,,,,,1,1
7/7/25 14:00,10.5,228,SW,17.11,0,0
7/7/25 15:00,14.58,219,SW,18.08,0,0
7/7/25 16:00,15.75,209,SSW,21.19,0,0
7/7/25 17:00,13.61,232,SW,15.94,0,0
7/7/25 18:00,13.61,235,SW,19.44,0,0
7/7/25 19:00,15.16,239,WSW,20.02,0,0
7/7/25 20:00,13.61,231,SW,18.27,0,0
7/7/25 21:00,8.55,229,SW,14.58,0,0
7/7/25 22:00,8.94,238,WSW,15.55,0,0
7/7/25 23:00,10.11,240,WSW,16.33,0,0
7/8/25 0:00,7.97,231,SW,13.61,0,0
7/8/25 1:00,12.25,230,SW,16.72,0,0
7/8/25 2:00,10.89,227,SW,13.61,0,0
7/8/25 3:00,12.05,224,SW,15.16,0,0
7/8/25 4:00,12.25,230,SW,15.36,0,0
7/8/25 5:00,10.3,231,SW,13.41,0,0
7/8/25 6:00,10.89,235,SW,14.19,0,0
7/8/25 7:00,11.08,238,WSW,14.97,0,0
7/8/25 8:00,8.16,241,WSW,13.22,0,0
7/8/25 9:00,8.55,252,WSW,12.64,0,0
7/8/25 10:00,7.58,229,SW,11.86,0,0
7/8/25 11:00,9.33,269,W,12.83,0,0
7/8/25 12:00,9.91,230,SW,12.64,0,0
7/8/25 13:00,10.11,235,SW,13.22,0,0
7/8/25 14:00,11.08,217,SW,14.19,0,0
7/8/25 15:00,8.75,230,SW,13.02,0,0
7/8/25 16:00,9.72,231,SW,13.41,0,0
7/8/25 17:00,10.5,227,SW,13.41,0,0
7/8/25 18:00,12.83,225,SW,14.97,0,0
7/8/25 19:00,16.52,227,SW,18.66,0,0
7/8/25 20:00,14.77,223,SW,17.3,0,0
7/8/25 21:00,14.58,231,SW,17.3,0,0
7/8/25 22:00,13.02,229,SW,14.19,0,0
7/8/25 23:00,7.78,241,WSW,12.64,0,0
7/9/25 0:00,8.75,264,W,10.89,0,0
7/9/25 1:00,6.61,249,WSW,11.27,0,0
7/9/25 2:00,7.19,224,SW,9.14,0,0
7/9/25 3:00,7.19,234,SW,9.33,0,0
7/9/25 4:00,4.67,227,SW,7.78,0,0
7/9/25 5:00,4.47,238,WSW,7.58,0,0
7/9/25 6:00,4.86,227,SW,7.78,0,0
7/9/25 7:00,3.89,292,WNW,5.25,0,0
7/9/25 8:00,2.14,193,SSW,4.47,0,0
7/9/25 9:00,2.72,214,SW,3.89,0,0
7/9/25 10:00,5.64,176,S,7.97,0,0
7/9/25 11:00,6.22,181,S,9.14,0,0
7/9/25 12:00,9.33,209,SSW,12.44,0,0
7/9/25 13:00,10.69,207,SSW,14.97,0,0
7/9/25 14:00,15.55,192,SSW,17.3,0,0
7/9/25 15:00,,,,,1,1
7/9/25 16:00,12.05,202,SSW,15.36,0,0
7/9/25 17:00,9.52,210,SSW,13.41,0,0
7/9/25 18:00,13.41,181,S,15.36,0,0
7/9/25 19:00,14.58,178,S,16.52,0,0
7/9/25 20:00,16.72,177,S,18.86,0,0
7/9/25 21:00,17.69,181,S,19.44,0,0
7/9/25 22:00,14.58,195,SSW,18.08,0,0
7/9/25 23:00,15.36,196,SSW,18.66,0,0
7/10/25 0:00,14,198,SSW,17.11,0,0
7/10/25 1:00,11.66,183,S,14.19,0,0
7/10/25 2:00,10.11,193,SSW,12.05,0,0
7/10/25 3:00,8.75,190,S,10.89,0,0
7/10/25 4:00,7.19,185,S,8.75,0,0
7/10/25 5:00,7.78,190,S,9.91,0,0
7/10/25 6:00,8.16,198,SSW,11.27,0,0
7/10/25 7:00,7.78,206,SSW,10.69,0,0
7/10/25 8:00,7.97,199,SSW,10.5,0,0
7/10/25 9:00,9.52,220,SW,11.66,0,0
7/10/25 10:00,11.47,217,SW,13.8,0,0
7/10/25 11:00,11.27,222,SW,13.61,0,0
7/10/25 12:00,14,216,SW,16.52,0,0
7/10/25 13:00,13.22,209,SSW,18.66,0,0
7/10/25 14:00,17.88,189,S,19.83,0,0
7/10/25 15:00,13.22,185,S,14.97,0,0
7/10/25 16:00,13.8,194,SSW,16.52,0,0
7/10/25 17:00,8.36,208,SSW,13.02,0,0
7/10/25 18:00,8.16,200,SSW,10.89,0,0
7/10/25 19:00,9.33,205,SSW,14,0,0
7/10/25 20:00,7.78,205,SSW,11.86,0,0
7/10/25 21:00,14,188,S,15.94,0,0
7/10/25 22:00,21.77,186,S,23.71,0,0
7/10/25 23:00,17.11,180,S,19.44,0,0
7/11/25 0:00,14.97,200,SSW,18.66,0,0
7/11/25 1:00,14.58,213,SSW,19.05,0,0
7/11/25 2:00,13.61,210,SSW,18.27,0,0
7/11/25 3:00,12.44,201,SSW,15.94,0,0
7/11/25 4:00,11.27,206,SSW,15.36,0,0
7/11/25 5:00,11.08,204,SSW,15.94,0,0
7/11/25 6:00,11.08,203,SSW,15.36,0,0
7/11/25 7:00,10.89,204,SSW,14.77,0,0
7/11/25 8:00,10.89,209,SSW,15.94,0,0
7/11/25 9:00,11.47,213,SSW,14.97,0,0
7/11/25 10:00,13.02,221,SW,16.33,0,0
7/11/25 11:00,15.55,219,SW,19.63,0,0
7/11/25 12:00,16.13,217,SW,19.63,0,0
7/11/25 13:00,15.94,214,SW,21.58,0,0
7/11/25 14:00,15.94,200,SSW,20.99,0,0
7/11/25 15:00,19.24,190,S,21.97,0,0
7/11/25 16:00,18.27,186,S,20.99,0,0
7/11/25 17:00,20.22,185,S,23.52,0,0
7/11/25 18:00,17.69,193,SSW,21.19,0,0
7/11/25 19:00,16.33,207,SSW,22.55,0,0
7/11/25 20:00,16.33,196,SSW,21.38,0,0
7/11/25 21:00,16.13,215,SW,21.77,0,0
7/11/25 22:00,14.97,204,SSW,20.22,0,0
7/11/25 23:00,15.36,200,SSW,20.99,0,0
7/12/25 0:00,13.61,215,SW,17.69,0,0
7/12/25 1:00,16.52,208,SSW,20.41,0,0
7/12/25 2:00,11.08,211,SSW,15.94,0,0
7/12/25 3:00,12.64,218,SW,16.52,0,0
7/12/25 4:00,14.19,219,SW,18.66,0,0
7/12/25 5:00,11.86,224,SW,16.52,0,0
7/12/25 6:00,10.89,213,SSW,17.69,0,0
7/12/25 7:00,14.58,225,SW,19.05,0,0
7/12/25 8:00,12.25,228,SW,15.75,0,0
7/12/25 9:00,14.58,227,SW,16.72,0,0
7/12/25 10:00,14.77,218,SW,19.24,0,0
7/12/25 11:00,16.52,217,SW,20.99,0,0
7/12/25 12:00,13.8,216,SW,17.11,0,0
7/12/25 13:00,17.3,216,SW,20.99,0,0
7/12/25 14:00,14,220,SW,18.47,0,0
7/12/25 15:00,15.75,210,SSW,22.35,0,0
7/12/25 16:00,15.16,213,SSW,21.38,0,0
7/12/25 17:00,11.47,215,SW,15.94,0,0
7/12/25 18:00,12.25,208,SSW,18.47,0,0
7/12/25 19:00,11.47,211,SSW,16.13,0,0
7/12/25 20:00,7.58,218,SW,12.44,0,0
7/12/25 21:00,6.03,224,SW,7.97,0,0
7/12/25 22:00,7.78,235,SW,11.66,0,0
7/12/25 23:00,9.33,234,SW,14.19,0,0
7/13/25 0:00,9.14,227,SW,13.02,0,0
7/13/25 1:00,6.8,238,WSW,10.89,0,0
7/13/25 2:00,6.8,227,SW,9.33,0,0
7/13/25 3:00,6.41,221,SW,9.72,0,0
7/13/25 4:00,5.25,207,SSW,7.97,0,0
7/13/25 5:00,6.8,223,SW,8.75,0,0
7/13/25 6:00,5.05,250,WSW,7.19,0,0
7/13/25 7:00,8.94,224,SW,10.89,0,0
7/13/25 8:00,9.14,227,SW,11.86,0,0
7/13/25 9:00,9.91,224,SW,12.44,0,0
7/13/25 10:00,8.55,203,SSW,12.05,0,0
7/13/25 11:00,10.11,193,SSW,12.64,0,0
7/13/25 12:00,14.38,187,S,15.94,0,0
7/13/25 13:00,15.94,190,S,17.69,0,0
7/13/25 14:00,16.13,193,SSW,18.47,0,0
7/13/25 15:00,13.8,200,SSW,17.3,0,0
7/13/25 16:00,14.38,200,SSW,19.24,0,0
7/13/25 17:00,11.08,205,SSW,16.72,0,0
7/13/25 18:00,8.36,201,SSW,10.69,0,0
7/13/25 19:00,5.05,194,SSW,9.52,0,0
7/13/25 20:00,9.33,191,S,11.86,0,0
7/13/25 21:00,8.36,198,SSW,12.05,0,0
7/13/25 22:00,8.75,213,SSW,11.86,0,0
7/13/25 23:00,8.16,218,SW,10.3,0,0
7/14/25 0:00,11.66,217,SW,14.38,0,0
7/14/25 1:00,10.11,208,SSW,13.02,0,0
7/14/25 2:00,8.36,203,SSW,11.47,0,0
7/14/25 3:00,8.36,205,SSW,12.05,0,0
7/14/25 4:00,5.25,230,SW,7,0,0
7/14/25 5:00,7.58,203,SSW,9.52,0,0
7/14/25 6:00,8.55,181,S,9.33,0,0
7/14/25 7:00,5.64,210,SSW,8.55,0,0
7/14/25 8:00,6.03,195,SSW,8.55,0,0
7/14/25 9:00,5.25,195,SSW,7.97,0,0
7/14/25 10:00,6.8,193,SSW,8.16,0,0
7/14/25 11:00,9.14,202,SSW,13.22,0,0
7/14/25 12:00,15.16,193,SSW,18.08,0,0
7/14/25 13:00,17.88,191,S,20.02,0,0
7/14/25 14:00,13.02,209,SSW,17.49,0,0
7/14/25 15:00,12.05,199,SSW,16.33,0,0
7/14/25 16:00,11.66,204,SSW,15.36,0,0
7/14/25 17:00,9.14,196,SSW,13.41,0,0
7/14/25 18:00,4.28,221,SW,8.16,0,0
7/14/25 19:00,9.33,225,SW,11.08,0,0
7/14/25 20:00,4.08,173,S,5.83,0,0
7/14/25 21:00,7.39,183,S,9.52,0,0
7/14/25 22:00,6.8,222,SW,8.55,0,0
7/14/25 23:00,11.27,206,SSW,14.77,0,0
7/15/25 0:00,8.16,211,SSW,13.22,0,0
7/15/25 1:00,9.14,214,SW,13.02,0,0
7/15/25 2:00,7.58,214,SW,11.08,0,0
7/15/25 3:00,7.58,217,SW,11.08,0,0
7/15/25 4:00,10.69,215,SW,13.22,0,0
7/15/25 5:00,7.58,225,SW,11.08,0,0
7/15/25 6:00,11.27,226,SW,16.13,0,0
7/15/25 7:00,11.47,217,SW,15.16,0,0
7/15/25 8:00,12.05,221,SW,15.16,0,0
7/15/25 9:00,11.08,216,SW,14.58,0,0
7/15/25 10:00,14.38,219,SW,17.3,0,0
7/15/25 11:00,16.52,222,SW,19.05,0,0
7/15/25 12:00,11.86,234,SW,16.91,0,0
7/15/25 13:00,,,,,1,1
7/15/25 14:00,14.19,229,SW,17.3,0,0
7/15/25 15:00,14.38,225,SW,18.27,0,0
7/15/25 16:00,16.33,222,SW,18.86,0,0
7/15/25 17:00,13.41,225,SW,19.83,0,0
7/15/25 18:00,14.58,229,SW,18.08,0,0
7/15/25 19:00,13.61,230,SW,19.44,0,0
7/15/25 20:00,14,231,SW,17.3,0,0
7/15/25 21:00,14.38,226,SW,19.05,0,0
7/15/25 22:00,12.64,227,SW,16.72,0,0
7/15/25 23:00,12.44,227,SW,18.27,0,0
7/16/25 0:00,14.19,229,SW,17.11,0,0
7/16/25 1:00,13.41,226,SW,16.91,0,0
7/16/25 2:00,12.44,228,SW,14.97,0,0
7/16/25 3:00,14,226,SW,16.91,0,0
7/16/25 4:00,12.83,233,SW,18.47,0,0
7/16/25 5:00,12.64,235,SW,16.72,0,0
7/16/25 6:00,12.44,233,SW,16.33,0,0
7/16/25 7:00,12.83,224,SW,16.72,0,0
7/16/25 8:00,13.02,225,SW,15.94,0,0
7/16/25 9:00,12.83,225,SW,16.52,0,0
7/16/25 10:00,14.38,226,SW,18.47,0,0
7/16/25 11:00,15.55,228,SW,18.66,0,0
7/16/25 12:00,15.36,226,SW,20.6,0,0
7/16/25 13:00,13.02,221,SW,16.52,0,0
7/16/25 14:00,8.55,224,SW,12.05,0,0
7/16/25 15:00,10.11,230,SW,12.83,0,0
7/16/25 16:00,10.3,217,SW,12.83,0,0
7/16/25 17:00,10.69,218,SW,14.19,0,0
7/16/25 18:00,8.36,221,SW,12.05,0,0
7/16/25 19:00,10.3,231,SW,13.8,0,0
7/16/25 20:00,9.91,238,WSW,13.8,0,0
7/16/25 21:00,9.33,235,SW,13.02,0,0
7/16/25 22:00,8.75,228,SW,11.27,0,0
7/16/25 23:00,8.16,237,WSW,11.47,0,0
7/17/25 0:00,9.52,228,SW,11.08,0,0
7/17/25 1:00,7.39,236,SW,10.5,0,0
7/17/25 2:00,8.75,258,WSW,11.66,0,0
7/17/25 3:00,7.97,227,SW,9.33,0,0
7/17/25 4:00,8.94,226,SW,10.89,0,0
7/17/25 5:00,7.58,227,SW,8.94,0,0
7/17/25 6:00,6.41,227,SW,8.55,0,0
7/17/25 7:00,7.78,226,SW,9.91,0,0
7/17/25 8:00,7.58,223,SW,10.11,0,0
7/17/25 9:00,8.16,228,SW,10.3,0,0
7/17/25 10:00,7.78,217,SW,9.91,0,0
7/17/25 11:00,8.55,224,SW,10.69,0,0
7/17/25 12:00,7.97,219,SW,10.3,0,0
7/17/25 13:00,7.39,230,SW,10.11,0,0
7/17/25 14:00,11.66,227,SW,13.61,0,0
7/17/25 15:00,12.44,215,SW,16.72,0,0
7/17/25 16:00,12.64,215,SW,15.75,0,0
7/17/25 17:00,11.47,209,SSW,16.72,0,0
7/17/25 18:00,10.89,212,SSW,13.61,0,0
7/17/25 19:00,9.52,222,SW,11.66,0,0
7/17/25 20:00,10.89,230,SW,14,0,0
7/17/25 21:00,8.16,235,SW,12.25,0,0
7/17/25 22:00,9.14,238,WSW,11.47,0,0
7/17/25 23:00,7.78,225,SW,10.69,0,0
7/18/25 0:00,5.64,243,WSW,9.14,0,0
7/18/25 1:00,7.78,223,SW,9.91,0,0
7/18/25 2:00,6.41,229,SW,8.94,0,0
7/18/25 3:00,5.83,203,SSW,8.94,0,0
7/18/25 4:00,6.03,235,SW,9.91,0,0
7/18/25 5:00,6.61,211,SSW,9.33,0,0
7/18/25 6:00,5.64,237,WSW,7.97,0,0
7/18/25 7:00,5.44,228,SW,7.58,0,0
7/18/25 8:00,5.05,198,SSW,7,0,0
7/18/25 9:00,5.64,232,SW,7.78,0,0
7/18/25 10:00,6.03,214,SW,8.75,0,0
7/18/25 11:00,6.03,201,SSW,8.36,0,0
7/18/25 12:00,10.11,194,SSW,12.64,0,0
7/18/25 13:00,9.91,202,SSW,13.8,0,0
7/18/25 14:00,11.08,207,SSW,16.33,0,0
7/18/25 15:00,11.27,205,SSW,16.52,0,0
7/18/25 16:00,10.89,201,SSW,14.77,0,0
7/18/25 17:00,8.55,197,SSW,10.69,0,0
7/18/25 18:00,6.03,200,SSW,9.14,0,0
7/18/25 19:00,6.22,206,SSW,9.33,0,0
7/18/25 20:00,6.61,182,S,7.58,0,0
7/18/25 21:00,6.41,220,SW,9.72,0,0
7/18/25 22:00,6.41,217,SW,8.36,0,0
7/18/25 23:00,4.67,227,SW,6.22,0,0
7/19/25 0:00,6.61,208,SSW,9.33,0,0
7/19/25 1:00,4.08,199,SSW,6.61,0,0
7/19/25 2:00,7,183,S,8.55,0,0
7/19/25 3:00,7.39,235,SW,10.5,0,0
7/19/25 4:00,3.11,185,S,4.86,0,0
7/19/25 5:00,8.36,223,SW,11.08,0,0
7/19/25 6:00,6.22,212,SSW,9.33,0,0
7/19/25 7:00,4.67,192,SSW,7.39,0,0
7/19/25 8:00,5.25,239,WSW,8.36,0,0
7/19/25 9:00,5.83,216,SW,8.36,0,0
7/19/25 10:00,6.22,230,SW,8.36,0,0
7/19/25 11:00,5.64,194,SSW,7.39,0,0
7/19/25 12:00,10.11,191,S,12.05,0,0
7/19/25 13:00,11.27,193,SSW,13.61,0,0
7/19/25 14:00,8.94,202,SSW,13.02,0,0
7/19/25 15:00,13.61,192,SSW,15.75,0,0
7/19/25 16:00,10.5,205,SSW,12.83,0,0
7/19/25 17:00,9.91,208,SSW,15.16,0,0
7/19/25 18:00,8.55,210,SSW,11.47,0,0
7/19/25 19:00,7.19,201,SSW,10.69,0,0
7/19/25 20:00,6.8,222,SW,9.14,0,0
7/19/25 21:00,7.78,226,SW,10.11,0,0
7/19/25 22:00,10.89,203,SSW,14.19,0,0
7/19/25 23:00,14.38,204,SSW,19.05,0,0
7/20/25 0:00,13.61,222,SW,16.72,0,0
7/20/25 1:00,12.44,199,SSW,17.11,0,0
7/20/25 2:00,12.44,189,S,14.97,0,0
7/20/25 3:00,12.05,219,SW,15.75,0,0
7/20/25 4:00,12.25,220,SW,15.75,0,0
7/20/25 5:00,12.05,190,S,13.8,0,0
7/20/25 6:00,14.19,188,S,17.3,0,0
7/20/25 7:00,11.27,193,SSW,15.16,0,0
7/20/25 8:00,9.72,196,SSW,13.22,0,0
7/20/25 9:00,11.08,200,SSW,15.75,0,0
7/20/25 10:00,10.69,191,S,12.44,0,0
7/20/25 11:00,10.89,208,SSW,15.55,0,0
7/20/25 12:00,11.08,197,SSW,14.77,0,0
7/20/25 13:00,14.77,193,SSW,19.05,0,0
7/20/25 14:00,16.33,192,SSW,19.83,0,0
7/20/25 15:00,15.94,196,SSW,20.02,0,0
7/20/25 16:00,11.86,200,SSW,17.49,0,0
7/20/25 17:00,13.61,199,SSW,16.91,0,0
7/20/25 18:00,10.69,219,SW,14.19,0,0
7/20/25 19:00,11.66,227,SW,14.58,0,0
7/20/25 20:00,11.08,227,SW,15.36,0,0
7/20/25 21:00,8.94,222,SW,10.89,0,0
7/20/25 22:00,7.39,218,SW,10.5,0,0
7/20/25 23:00,9.91,219,SW,13.8,0,0
7/21/25 0:00,11.47,211,SSW,16.13,0,0
7/21/25 1:00,13.02,192,SSW,15.55,0,0
7/21/25 2:00,9.72,198,SSW,13.02,0,0
7/21/25 3:00,10.89,204,SSW,14,0,0
7/21/25 4:00,10.3,205,SSW,16.52,0,0
7/21/25 5:00,10.5,208,SSW,15.36,0,0
7/21/25 6:00,8.55,201,SSW,11.66,0,0
7/21/25 7:00,9.14,222,SW,11.27,0,0
7/21/25 8:00,7.97,226,SW,9.72,0,0
7/21/25 9:00,9.14,226,SW,11.27,0,0
7/21/25 10:00,11.47,227,SW,13.41,0,0
7/21/25 11:00,14,229,SW,16.72,0,0
7/21/25 12:00,15.55,226,SW,19.44,0,0
7/21/25 13:00,17.88,227,SW,20.6,0,0
7/21/25 14:00,18.27,226,SW,22.16,0,0
7/21/25 15:00,19.24,228,SW,22.55,0,0
7/21/25 16:00,16.13,225,SW,20.02,0,0
7/21/25 17:00,14.77,227,SW,17.3,0,0
7/21/25 18:00,14.58,228,SW,18.08,0,0
7/21/25 19:00,12.83,230,SW,17.11,0,0
7/21/25 20:00,10.5,239,WSW,14.38,0,0
7/21/25 21:00,10.69,225,SW,13.41,0,0
7/21/25 22:00,7.39,219,SW,10.11,0,0
7/21/25 23:00,8.94,213,SSW,11.86,0,0
7/22/25 0:00,8.55,231,SW,11.47,0,0
7/22/25 1:00,10.3,220,SW,11.86,0,0
7/22/25 2:00,7.78,225,SW,9.33,0,0
7/22/25 3:00,4.86,220,SW,8.16,0,0
7/22/25 4:00,6.41,234,SW,9.33,0,0
7/22/25 5:00,6.41,238,WSW,9.14,0,0
7/22/25 6:00,3.89,255,WSW,8.75,0,0
7/22/25 7:00,5.83,260,W,8.55,0,0
7/22/25 8:00,5.25,226,SW,6.61,0,0
7/22/25 9:00,8.55,199,SSW,11.66,0,0
7/22/25 10:00,8.75,204,SSW,12.25,0,0
7/22/25 11:00,8.94,213,SSW,13.41,0,0
7/22/25 12:00,10.11,208,SSW,15.36,0,0
7/22/25 13:00,10.69,198,SSW,15.16,0,0
7/22/25 14:00,10.69,207,SSW,15.55,0,0
7/22/25 15:00,12.44,208,SSW,17.49,0,0
7/22/25 16:00,10.5,216,SW,14.97,0,0
7/22/25 17:00,10.5,214,SW,15.55,0,0
7/22/25 18:00,10.3,253,WSW,15.16,0,0
7/22/25 19:00,11.66,231,SW,16.52,0,0
7/22/25 20:00,7.78,228,SW,12.83,0,0
7/22/25 21:00,9.52,238,WSW,14.19,0,0
7/22/25 22:00,7.19,230,SW,9.91,0,0
7/22/25 23:00,9.72,224,SW,13.02,0,0
7/23/25 0:00,11.66,228,SW,14.19,0,0
7/23/25 1:00,6.41,225,SW,10.69,0,0
7/23/25 2:00,6.03,227,SW,9.72,0,0
7/23/25 3:00,8.55,227,SW,11.86,0,0
7/23/25 4:00,6.8,265,W,9.72,0,0
7/23/25 5:00,7,240,WSW,10.69,0,0
7/23/25 6:00,4.47,256,WSW,7.39,0,0
7/23/25 7:00,5.64,235,SW,9.33,0,0
7/23/25 8:00,4.47,223,SW,6.8,0,0
7/23/25 9:00,4.47,228,SW,5.64,0,0
7/23/25 10:00,6.22,217,SW,8.36,0,0
7/23/25 11:00,6.22,211,SSW,8.55,0,0
7/23/25 12:00,9.52,216,SW,12.25,0,0
7/23/25 13:00,9.52,215,SW,12.64,0,0
7/23/25 14:00,11.47,228,SW,13.61,0,0
7/23/25 15:00,8.55,231,SW,14.38,0,0
7/23/25 16:00,7.78,220,SW,12.64,0,0
7/23/25 17:00,8.16,239,WSW,12.64,0,0
7/23/25 18:00,9.14,228,SW,12.25,0,0
7/23/25 19:00,9.52,225,SW,13.02,0,0
7/23/25 20:00,8.55,246,WSW,11.86,0,0
7/23/25 21:00,8.36,237,WSW,12.05,0,0
7/23/25 22:00,7.78,224,SW,12.05,0,0
7/23/25 23:00,6.8,233,SW,10.5,0,0
7/24/25 0:00,8.55,264,W,12.05,0,0
7/24/25 1:00,7.39,240,WSW,11.47,0,0
7/24/25 2:00,7.58,221,SW,11.66,0,0
7/24/25 3:00,8.16,214,SW,12.05,0,0
7/24/25 4:00,6.61,226,SW,8.16,0,0
7/24/25 5:00,4.67,221,SW,8.94,0,0
7/24/25 6:00,5.64,244,WSW,8.75,0,0
7/24/25 7:00,6.41,266,W,9.52,0,0
7/24/25 8:00,5.44,263,W,7.58,0,0
7/24/25 9:00,2.92,222,SW,7.97,0,0
7/24/25 10:00,7.97,211,SSW,11.27,0,0
7/24/25 11:00,8.94,225,SW,11.66,0,0
7/24/25 12:00,9.91,210,SSW,14.58,0,0
7/24/25 13:00,11.08,198,SSW,14.58,0,0
7/24/25 14:00,10.3,208,SSW,14.77,0,0
7/24/25 15:00,9.72,227,SW,12.25,0,0
7/24/25 16:00,9.33,230,SW,13.02,0,0
7/24/25 17:00,8.94,229,SW,12.25,0,0
7/24/25 18:00,9.91,231,SW,12.83,0,0
7/24/25 19:00,6.03,223,SW,9.33,0,0
7/24/25 20:00,11.27,229,SW,13.8,0,0
7/24/25 21:00,7.19,228,SW,10.3,0,0
7/24/25 22:00,8.36,232,SW,11.27,0,0
7/24/25 23:00,10.5,216,SW,13.41,0,0
7/25/25 0:00,10.69,222,SW,14.58,0,0
7/25/25 1:00,8.75,225,SW,11.47,0,0
7/25/25 2:00,7.97,214,SW,11.86,0,0
7/25/25 3:00,8.75,213,SSW,11.27,0,0
7/25/25 4:00,9.14,194,SSW,13.41,0,0
7/25/25 5:00,6.22,228,SW,10.3,0,0
7/25/25 6:00,10.11,223,SW,11.86,0,0
7/25/25 7:00,7.39,223,SW,9.33,0,0
7/25/25 8:00,9.52,232,SW,13.02,0,0
7/25/25 9:00,3.89,249,WSW,6.22,0,0
7/25/25 10:00,7.58,198,SSW,10.5,0,0
7/25/25 11:00,9.91,202,SSW,12.83,0,0
7/25/25 12:00,10.3,211,SSW,14.58,0,0
7/25/25 13:00,11.47,227,SW,13.41,0,0
7/25/25 14:00,14.58,221,SW,17.88,0,0
7/25/25 15:00,13.22,231,SW,17.88,0,0
7/25/25 16:00,13.8,229,SW,16.91,0,0
7/25/25 17:00,16.91,226,SW,21.19,0,0
7/25/25 18:00,14.58,230,SW,18.27,0,0
7/25/25 19:00,12.83,233,SW,17.69,0,0
7/25/25 20:00,9.72,244,WSW,14,0,0
7/25/25 21:00,11.27,261,W,15.16,0,0
7/25/25 22:00,10.3,233,SW,14,0,0
7/25/25 23:00,10.11,234,SW,13.41,0,0
7/26/25 0:00,11.27,230,SW,13.61,0,0
7/26/25 1:00,6.61,207,SSW,10.3,0,0
7/26/25 2:00,11.08,229,SW,14.77,0,0
7/26/25 3:00,8.55,245,WSW,14.58,0,0
7/26/25 4:00,8.94,233,SW,12.05,0,0
7/26/25 5:00,6.8,245,WSW,11.08,0,0
7/26/25 6:00,8.55,229,SW,10.3,0,0
7/26/25 7:00,6.61,243,WSW,11.08,0,0
7/26/25 8:00,8.94,239,WSW,15.16,0,0
7/26/25 9:00,9.14,231,SW,13.61,0,0
7/26/25 10:00,8.16,228,SW,11.27,0,0
7/26/25 11:00,9.14,206,SSW,13.02,0,0
7/26/25 12:00,8.75,191,S,10.69,0,0
7/26/25 13:00,11.47,199,SSW,14,0,0
7/26/25 14:00,10.5,206,SSW,15.36,0,0
7/26/25 15:00,12.05,218,SW,15.55,0,0
7/26/25 16:00,12.64,229,SW,15.36,0,0
7/26/25 17:00,14.58,233,SW,20.02,0,0
7/26/25 18:00,14.38,233,SW,18.47,0,0
7/26/25 19:00,13.61,232,SW,16.52,0,0
7/26/25 20:00,10.89,237,WSW,15.55,0,0
7/26/25 21:00,9.14,229,SW,12.83,0,0
7/26/25 22:00,9.14,226,SW,11.08,0,0
7/26/25 23:00,9.14,226,SW,11.86,0,0
7/27/25 0:00,8.94,226,SW,11.27,0,0
7/27/25 1:00,11.08,227,SW,13.02,0,0
7/27/25 2:00,8.36,233,SW,12.25,0,0
7/27/25 3:00,8.75,231,SW,11.08,0,0
7/27/25 4:00,4.08,221,SW,7.19,0,0
7/27/25 5:00,5.44,227,SW,7.78,0,0
7/27/25 6:00,6.03,220,SW,8.75,0,0
7/27/25 7:00,3.3,221,SW,5.83,0,0
7/27/25 8:00,7,229,SW,10.3,0,0
7/27/25 9:00,8.36,222,SW,10.5,0,0
7/27/25 10:00,8.55,217,SW,10.89,0,0
7/27/25 11:00,9.14,191,S,11.08,0,0
7/27/25 12:00,9.33,201,SSW,12.25,0,0
7/27/25 13:00,10.3,219,SW,14,0,0
7/27/25 14:00,11.08,212,SSW,14.58,0,0
7/27/25 15:00,11.27,215,SW,14.97,0,0
7/27/25 16:00,11.27,215,SW,14.97,0,0
7/27/25 17:00,10.3,217,SW,13.02,0,0
7/27/25 18:00,11.08,225,SW,13.61,0,0
7/27/25 19:00,9.52,222,SW,10.89,0,0
7/27/25 20:00,8.75,207,SSW,11.47,0,0
7/27/25 21:00,6.8,218,SW,8.75,0,0
7/27/25 22:00,7.78,222,SW,9.33,0,0
7/27/25 23:00,6.22,215,SW,8.75,0,0
7/28/25 0:00,4.67,190,S,7,0,0
7/28/25 1:00,12.64,187,S,13.61,0,0
7/28/25 2:00,14.97,181,S,17.69,0,0
7/28/25 3:00,13.22,183,S,15.75,0,0
7/28/25 4:00,14.38,182,S,15.94,0,0
7/28/25 5:00,7.97,193,SSW,9.72,0,0
7/28/25 6:00,5.64,186,S,7.39,0,0
7/28/25 7:00,8.55,176,S,13.22,0,0
7/28/25 8:00,12.05,178,S,13.61,0,0
7/28/25 9:00,9.91,187,S,12.44,0,0
7/28/25 10:00,11.86,180,S,14,0,0
7/28/25 11:00,11.66,193,SSW,14.38,0,0
7/28/25 12:00,13.61,187,S,15.94,0,0
7/28/25 13:00,15.16,185,S,18.47,0,0
7/28/25 14:00,15.94,187,S,18.08,0,0
7/28/25 15:00,10.69,208,SSW,15.55,0,0
7/28/25 16:00,10.5,205,SSW,14.19,0,0
7/28/25 17:00,11.66,214,SW,16.33,0,0
7/28/25 18:00,9.52,212,SSW,12.44,0,0
7/28/25 19:00,7,206,SSW,9.91,0,0
7/28/25 20:00,10.11,207,SSW,13.8,0,0
7/28/25 21:00,16.33,178,S,19.83,0,0
7/28/25 22:00,17.49,176,S,19.83,0,0
7/28/25 23:00,14.19,168,SSE,18.27,0,0
7/29/25 0:00,12.83,176,S,15.36,0,0
7/29/25 1:00,14.19,189,S,15.55,0,0
7/29/25 2:00,11.86,183,S,14.19,0,0
7/29/25 3:00,12.83,180,S,15.16,0,0
7/29/25 4:00,14.58,186,S,15.75,0,0
7/29/25 5:00,11.08,176,S,14.77,0,0
7/29/25 6:00,11.27,179,S,13.22,0,0
7/29/25 7:00,10.11,190,S,12.44,0,0
7/29/25 8:00,11.08,172,S,13.22,0,0
7/29/25 9:00,11.86,187,S,13.8,0,0
7/29/25 10:00,9.14,210,SSW,13.22,0,0
7/29/25 11:00,11.47,212,SSW,15.55,0,0
7/29/25 12:00,15.55,193,SSW,18.66,0,0
7/29/25 13:00,18.66,187,S,21.77,0,0
7/29/25 14:00,15.94,192,SSW,19.63,0,0
7/29/25 15:00,14.97,191,S,18.27,0,0
7/29/25 16:00,12.44,210,SSW,15.94,0,0
7/29/25 17:00,10.89,207,SSW,15.16,0,0
7/29/25 18:00,8.36,209,SSW,12.83,0,0
7/29/25 19:00,5.44,174,S,7.39,0,0
7/29/25 20:00,3.3,177,S,4.86,0,0
7/29/25 21:00,6.22,195,SSW,9.91,0,0
7/29/25 22:00,7.78,178,S,9.91,0,0
7/29/25 23:00,14.38,173,S,15.36,0,0
7/30/25 0:00,11.47,170,S,13.41,0,0
7/30/25 1:00,13.02,178,S,15.16,0,0
7/30/25 2:00,13.02,172,S,16.13,0,0
7/30/25 3:00,9.14,180,S,11.66,0,0
7/30/25 4:00,14.58,188,S,17.3,0,0
7/30/25 5:00,13.8,190,S,16.91,0,0
7/30/25 6:00,13.41,185,S,16.91,0,0
7/30/25 7:00,13.22,191,S,17.3,0,0
7/30/25 8:00,14,181,S,18.47,0,0
7/30/25 9:00,13.02,197,SSW,16.13,0,0
7/30/25 10:00,12.44,195,SSW,15.16,0,0
7/30/25 11:00,11.66,189,S,16.33,0,0
7/30/25 12:00,9.52,182,S,12.64,0,0
7/30/25 13:00,10.69,207,SSW,14.58,0,0
7/30/25 14:00,17.88,191,S,21.97,0,0
7/30/25 15:00,19.44,190,S,23.13,0,0
7/30/25 16:00,14.97,195,SSW,22.35,0,0
7/30/25 17:00,17.88,185,S,21.19,0,0
7/30/25 18:00,12.25,205,SSW,16.52,0,0
7/30/25 19:00,6.61,196,SSW,8.75,0,0
7/30/25 20:00,7.58,207,SSW,11.08,0,0
7/30/25 21:00,6.22,205,SSW,9.72,0,0
7/30/25 22:00,10.11,182,S,12.44,0,0
7/30/25 23:00,15.36,178,S,17.49,0,0
7/31/25 0:00,14.97,185,S,17.49,0,0
7/31/25 1:00,12.83,188,S,17.69,0,0
7/31/25 2:00,13.22,191,S,15.36,0,0
7/31/25 3:00,12.64,187,S,16.72,0,0
7/31/25 4:00,11.47,189,S,13.61,0,0
7/31/25 5:00,11.47,189,S,14.97,0,0
7/31/25 6:00,10.5,190,S,12.64,0,0
7/31/25 7:00,8.94,209,SSW,11.27,0,0
7/31/25 8:00,10.69,226,SW,12.64,0,0
7/31/25 9:00,6.41,225,SW,8.75,0,0
7/31/25 10:00,4.86,238,WSW,7.39,0,0
7/31/25 11:00,5.25,228,SW,7.78,0,0
7/31/25 12:00,11.27,220,SW,13.02,0,0
7/31/25 13:00,14.77,222,SW,17.11,0,0
7/31/25 14:00,17.49,220,SW,20.99,0,0
7/31/25 15:00,13.61,205,SSW,17.69,0,0
7/31/25 16:00,14.38,206,SSW,20.99,0,0
7/31/25 17:00,10.89,207,SSW,17.3,0,0
7/31/25 18:00,18.08,187,S,20.41,0,0
7/31/25 19:00,20.02,182,S,23.71,0,0
7/31/25 20:00,20.8,168,SSE,24.3,0,0
7/31/25 21:00,20.02,165,SSE,23.91,0,0
7/31/25 22:00,19.44,179,S,22.94,0,0
7/31/25 23:00,14.58,181,S,17.88,0,0
8/1/25 0:00,16.72,174,S,19.24,0,0
8/1/25 1:00,14.19,176,S,19.44,0,0
8/1/25 2:00,13.8,191,S,16.33,0,0
8/1/25 3:00,16.52,181,S,18.86,0,0
8/1/25 4:00,14.97,182,S,17.88,0,0
8/1/25 5:00,10.5,175,S,13.22,0,0
8/1/25 6:00,10.89,185,S,13.61,0,0
8/1/25 7:00,12.05,180,S,16.72,0,0
8/1/25 8:00,11.08,188,S,14.19,0,0
8/1/25 9:00,9.14,189,S,11.08,0,0
8/1/25 10:00,9.52,213,SSW,13.41,0,0
8/1/25 11:00,12.44,219,SW,15.55,0,0
8/1/25 12:00,13.22,219,SW,17.3,0,0
8/1/25 13:00,13.41,214,SW,18.66,0,0
8/1/25 14:00,13.8,212,SSW,19.83,0,0
8/1/25 15:00,14.58,212,SSW,20.22,0,0
8/1/25 16:00,19.63,195,SSW,24.3,0,0
8/1/25 17:00,18.66,188,S,21.38,0,0
8/1/25 18:00,13.02,208,SSW,18.66,0,0
8/1/25 19:00,8.94,193,SSW,12.44,0,0
8/1/25 20:00,6.41,206,SSW,10.3,0,0
8/1/25 21:00,15.16,184,S,17.69,0,0
8/1/25 22:00,17.11,182,S,20.22,0,0
8/1/25 23:00,14.77,173,S,19.24,0,0
8/2/25 0:00,13.61,182,S,18.66,0,0
8/2/25 1:00,14.77,180,S,17.49,0,0
8/2/25 2:00,14.19,185,S,17.88,0,0
8/2/25 3:00,13.8,178,S,18.08,0,0
8/2/25 4:00,15.36,183,S,18.86,0,0
8/2/25 5:00,14.77,186,S,18.86,0,0
8/2/25 6:00,16.33,176,S,18.86,0,0
8/2/25 7:00,11.47,175,S,14.58,0,0
8/2/25 8:00,11.86,183,S,15.36,0,0
8/2/25 9:00,12.83,178,S,15.36,0,0
8/2/25 10:00,10.89,194,SSW,14.19,0,0
8/2/25 11:00,10.69,195,SSW,13.22,0,0
8/2/25 12:00,13.22,186,S,15.16,0,0
8/2/25 13:00,13.02,208,SSW,17.69,0,0
8/2/25 14:00,16.91,183,S,21.38,0,0
8/2/25 15:00,16.13,175,S,19.05,0,0
8/2/25 16:00,14.19,190,S,15.94,0,0
8/2/25 17:00,18.08,180,S,20.6,0,0
8/2/25 18:00,23.33,180,S,26.05,0,0
8/2/25 19:00,22.16,174,S,25.46,0,0
8/2/25 20:00,19.05,183,S,22.16,0,0
8/2/25 21:00,18.47,181,S,21.97,0,0
8/2/25 22:00,15.94,186,S,19.83,0,0
8/2/25 23:00,16.13,183,S,19.05,0,0
8/3/25 0:00,15.16,181,S,18.08,0,0
8/3/25 1:00,12.83,181,S,16.52,0,0
8/3/25 2:00,13.22,181,S,16.13,0,0
8/3/25 3:00,10.89,188,S,13.22,0,0
8/3/25 4:00,6.61,184,S,9.33,0,0
8/3/25 5:00,12.25,184,S,13.41,0,0
8/3/25 6:00,9.52,180,S,11.86,0,0
8/3/25 7:00,9.14,150,SSE,13.41,0,0
8/3/25 8:00,9.14,166,SSE,13.02,0,0
8/3/25 9:00,10.89,162,SSE,13.8,0,0
8/3/25 10:00,11.08,184,S,12.64,0,0
8/3/25 11:00,12.44,198,SSW,15.16,0,0
8/3/25 12:00,11.47,192,SSW,13.8,0,0
8/3/25 13:00,14,182,S,15.94,0,0
8/3/25 14:00,14.58,159,SSE,19.83,0,0
8/3/25 15:00,8.75,140,SE,12.64,0,0
8/3/25 16:00,13.02,179,S,14.97,0,0
8/3/25 17:00,16.72,178,S,19.05,0,0
8/3/25 18:00,11.86,199,SSW,14.97,0,0
8/3/25 19:00,17.3,165,SSE,20.8,0,0
8/3/25 20:00,6.8,161,SSE,9.72,0,0
8/3/25 21:00,11.08,125,SE,13.02,0,0
8/3/25 22:00,11.47,136,SE,15.36,0,0
8/3/25 23:00,12.44,141,SE,16.72,0,0
8/4/25 0:00,10.3,169,S,11.66,0,0
8/4/25 1:00,12.44,176,S,13.8,0,0
8/4/25 2:00,10.11,162,SSE,11.86,0,0
8/4/25 3:00,10.89,169,S,14.38,0,0
8/4/25 4:00,10.69,158,SSE,14.38,0,0
8/4/25 5:00,11.47,168,SSE,14.38,0,0
8/4/25 6:00,10.89,149,SSE,14.38,0,0
8/4/25 7:00,12.44,172,S,14.77,0,0
8/4/25 8:00,7.39,130,SE,10.3,0,0
8/4/25 9:00,,,,,1,1
8/4/25 10:00,11.27,174,S,13.22,0,0
8/4/25 11:00,16.72,181,S,18.47,0,0
8/4/25 12:00,14.77,182,S,16.91,0,0
8/4/25 13:00,15.16,174,S,19.05,0,0
8/4/25 14:00,11.86,155,SSE,15.16,0,0
8/4/25 15:00,9.14,186,S,11.47,0,0
8/4/25 16:00,8.75,219,SW,11.47,0,0
8/4/25 17:00,11.08,187,S,14.19,0,0
8/4/25 18:00,7.19,195,SSW,9.52,0,0
8/4/25 19:00,5.83,181,S,7.19,0,0
8/4/25 20:00,9.14,189,S,11.08,0,0
8/4/25 21:00,15.55,176,S,16.52,0,0
8/4/25 22:00,17.69,181,S,19.83,0,0
8/4/25 23:00,13.8,184,S,15.75,0,0
8/5/25 0:00,16.13,176,S,19.05,0,0
8/5/25 1:00,11.66,172,S,13.22,0,0
8/5/25 2:00,12.05,178,S,14.77,0,0
8/5/25 3:00,12.25,175,S,15.55,0,0
8/5/25 4:00,17.69,178,S,20.8,0,0
8/5/25 5:00,16.13,182,S,19.24,0,0
8/5/25 6:00,15.16,183,S,18.86,0,0
8/5/25 7:00,13.02,191,S,16.72,0,0
8/5/25 8:00,14.19,184,S,17.3,0,0
8/5/25 9:00,12.25,185,S,14.77,0,0
8/5/25 10:00,13.61,192,SSW,15.94,0,0
8/5/25 11:00,10.69,204,SSW,14.97,0,0
8/5/25 12:00,10.5,209,SSW,14.19,0,0
8/5/25 13:00,11.86,198,SSW,15.36,0,0
8/5/25 14:00,15.55,194,SSW,17.69,0,0
8/5/25 15:00,17.49,182,S,20.22,0,0
8/5/25 16:00,16.72,184,S,19.05,0,0
8/5/25 17:00,17.11,182,S,18.86,0,0
8/5/25 18:00,8.75,193,SSW,12.64,0,0
8/5/25 19:00,11.47,200,SSW,14.58,0,0
8/5/25 20:00,17.49,180,S,19.83,0,0
8/5/25 21:00,16.52,183,S,19.63,0,0
8/5/25 22:00,12.25,197,SSW,15.75,0,0
8/5/25 23:00,13.02,192,SSW,14.77,0,0
8/6/25 0:00,11.66,185,S,12.44,0,0
8/6/25 1:00,6.41,196,SSW,8.75,0,0
8/6/25 2:00,7.39,179,S,9.52,0,0
8/6/25 3:00,6.41,209,SSW,9.14,0,0
8/6/25 4:00,6.22,204,SSW,8.55,0,0
8/6/25 5:00,6.22,192,SSW,7.97,0,0
8/6/25 6:00,6.41,179,S,7.78,0,0
8/6/25 7:00,7,174,S,8.36,0,0
8/6/25 8:00,5.44,210,SSW,8.16,0,0
8/6/25 9:00,5.83,224,SW,7.58,0,0
8/6/25 10:00,5.05,214,SW,7,0,0
8/6/25 11:00,5.05,220,SW,6.61,0,0
8/6/25 12:00,7,212,SSW,9.14,0,0
8/6/25 13:00,7.58,200,SSW,12.44,0,0
8/6/25 14:00,,,,,1,1
8/6/25 15:00,9.91,186,S,12.64,0,0
8/6/25 16:00,7.78,206,SSW,12.83,0,0
8/6/25 17:00,11.08,212,SSW,15.36,0,0
8/6/25 18:00,9.91,198,SSW,13.02,0,0
8/6/25 19:00,9.52,194,SSW,13.61,0,0
8/6/25 20:00,9.91,214,SW,13.61,0,0
8/6/25 21:00,7.58,193,SSW,11.47,0,0
8/6/25 22:00,7.97,179,S,9.33,0,0
8/6/25 23:00,7.97,187,S,10.89,0,0
8/7/25 0:00,8.75,183,S,9.72,0,0
8/7/25 1:00,7.58,199,SSW,10.11,0,0
8/7/25 2:00,8.55,192,SSW,10.11,0,0
8/7/25 3:00,9.72,187,S,11.66,0,0
8/7/25 4:00,8.94,185,S,10.69,0,0
8/7/25 5:00,8.55,191,S,9.91,0,0
8/7/25 6:00,8.94,188,S,9.91,0,0
8/7/25 7:00,6.41,139,SE,10.3,0,0
8/7/25 8:00,7.19,200,SSW,8.94,0,0
8/7/25 9:00,7.78,207,SSW,11.47,0,0
8/7/25 10:00,9.91,214,SW,12.64,0,0
8/7/25 11:00,13.41,217,SW,15.75,0,0
8/7/25 12:00,15.16,218,SW,18.47,0,0
8/7/25 13:00,14.77,211,SSW,18.47,0,0
8/7/25 14:00,10.89,202,SSW,14.58,0,0
8/7/25 15:00,13.8,209,SSW,18.47,0,0
8/7/25 16:00,12.64,204,SSW,16.52,0,0
8/7/25 17:00,12.64,197,SSW,15.75,0,0
8/7/25 18:00,10.11,202,SSW,14.19,0,0
8/7/25 19:00,13.22,191,S,16.72,0,0
8/7/25 20:00,11.47,199,SSW,16.13,0,0
8/7/25 21:00,17.11,183,S,19.44,0,0
8/7/25 22:00,13.22,198,SSW,18.27,0,0
8/7/25 23:00,14.19,203,SSW,17.3,0,0
8/8/25 0:00,11.66,202,SSW,16.72,0,0
8/8/25 1:00,11.08,205,SSW,16.13,0,0
8/8/25 2:00,11.27,214,SW,14.97,0,0
8/8/25 3:00,13.02,218,SW,16.13,0,0
8/8/25 4:00,11.86,220,SW,15.55,0,0
8/8/25 5:00,12.25,222,SW,14.38,0,0
8/8/25 6:00,9.91,222,SW,11.47,0,0
8/8/25 7:00,5.64,215,SW,8.16,0,0
8/8/25 8:00,3.89,193,SSW,4.86,0,0
8/8/25 9:00,1.94,172,S,2.53,0,0
8/8/25 10:00,5.44,185,S,6.41,0,0
8/8/25 11:00,6.03,193,SSW,7.78,0,0
8/8/25 12:00,8.75,212,SSW,12.83,0,0
8/8/25 13:00,8.16,206,SSW,10.69,0,0
8/8/25 14:00,7.39,201,SSW,10.89,0,0
8/8/25 15:00,7.78,195,SSW,10.69,0,0
8/8/25 16:00,7.58,191,S,10.5,0,0
8/8/25 17:00,6.8,192,SSW,8.94,0,0
8/8/25 18:00,8.36,186,S,13.22,0,0
8/8/25 19:00,5.64,182,S,7.78,0,0
8/8/25 20:00,7.39,188,S,8.75,0,0
8/8/25 21:00,7.97,188,S,9.33,0,0
8/8/25 22:00,6.61,219,SW,8.55,0,0
8/8/25 23:00,2.53,186,S,3.69,0,0
8/9/25 0:00,16.72,186,S,18.66,0,0
8/9/25 1:00,11.47,186,S,13.02,0,0
8/9/25 2:00,8.94,188,S,10.89,0,0
8/9/25 3:00,7.58,197,SSW,10.11,0,0
8/9/25 4:00,4.28,218,SW,7.19,0,0
8/9/25 5:00,2.72,191,S,5.83,0,0
8/9/25 6:00,6.61,253,WSW,8.36,0,0
8/9/25 7:00,4.28,227,SW,6.22,0,0
8/9/25 8:00,4.08,236,SW,5.64,0,0
8/9/25 9:00,5.25,181,S,6.41,0,0
8/9/25 10:00,7.19,210,SSW,9.91,0,0
8/9/25 11:00,9.52,211,SSW,12.83,0,0
8/9/25 12:00,8.36,207,SSW,12.83,0,0
8/9/25 13:00,12.25,196,SSW,15.36,0,0
8/9/25 14:00,15.55,191,S,17.88,0,0
8/9/25 15:00,9.33,210,SSW,13.22,0,0
8/9/25 16:00,6.61,197,SSW,8.55,0,0
8/9/25 17:00,7.58,208,SSW,11.27,0,0
8/9/25 18:00,8.36,191,S,11.08,0,0
8/9/25 19:00,7.78,188,S,9.91,0,0
8/9/25 20:00,5.44,234,SW,7,0,0
8/9/25 21:00,6.41,221,SW,8.36,0,0
8/9/25 22:00,5.25,225,SW,7.39,0,0
8/9/25 23:00,6.41,212,SSW,10.11,0,0
8/10/25 0:00,9.91,195,SSW,13.22,0,0
8/10/25 1:00,8.36,205,SSW,11.47,0,0
8/10/25 2:00,4.47,203,SSW,5.44,0,0
8/10/25 3:00,6.03,196,SSW,7.78,0,0
8/10/25 4:00,9.33,212,SSW,12.44,0,0
8/10/25 5:00,7.58,220,SW,9.91,0,0
8/10/25 6:00,4.08,224,SW,5.83,0,0
8/10/25 7:00,2.72,208,SSW,4.47,0,0
8/10/25 8:00,5.05,199,SSW,8.36,0,0
8/10/25 9:00,7.58,210,SSW,11.08,0,0
8/10/25 10:00,9.14,194,SSW,12.44,0,0
8/10/25 11:00,13.22,190,S,15.36,0,0
8/10/25 12:00,13.02,198,SSW,16.72,0,0
8/10/25 13:00,15.55,196,SSW,19.05,0,0
8/10/25 14:00,17.69,196,SSW,21.77,0,0
8/10/25 15:00,15.75,192,SSW,18.86,0,0
8/10/25 16:00,9.14,193,SSW,12.25,0,0
8/10/25 17:00,6.22,223,SW,9.14,0,0
8/10/25 18:00,8.55,214,SW,10.69,0,0
8/10/25 19:00,7.97,226,SW,10.11,0,0
8/10/25 20:00,7.39,228,SW,8.94,0,0
8/10/25 21:00,9.91,224,SW,11.86,0,0
8/10/25 22:00,7.58,227,SW,8.55,0,0
8/10/25 23:00,5.25,206,SSW,7.58,0,0
8/11/25 0:00,9.14,202,SSW,11.47,0,0
8/11/25 1:00,6.61,201,SSW,9.33,0,0
8/11/25 2:00,3.3,247,WSW,6.03,0,0
8/11/25 3:00,6.03,208,SSW,8.16,0,0
8/11/25 4:00,7.19,219,SW,10.5,0,0
8/11/25 5:00,8.55,223,SW,9.91,0,0
8/11/25 6:00,7.78,221,SW,11.66,0,0
8/11/25 7:00,5.64,219,SW,7.97,0,0
8/11/25 8:00,3.89,223,SW,5.44,0,0
8/11/25 9:00,5.64,194,SSW,7,0,0
8/11/25 10:00,7.78,210,SSW,11.86,0,0
8/11/25 11:00,10.3,186,S,11.66,0,0
8/11/25 12:00,8.55,204,SSW,11.08,0,0
8/11/25 13:00,8.55,208,SSW,10.89,0,0
8/11/25 14:00,7.97,205,SSW,10.69,0,0
8/11/25 15:00,9.72,211,SSW,12.44,0,0
8/11/25 16:00,9.52,213,SSW,12.44,0,0
8/11/25 17:00,9.52,212,SSW,12.83,0,0
8/11/25 18:00,11.08,219,SW,13.61,0,0
8/11/25 19:00,6.41,200,SSW,10.69,0,0
8/11/25 20:00,5.64,216,SW,8.36,0,0
8/11/25 21:00,5.25,224,SW,7.58,0,0
8/11/25 22:00,6.61,230,SW,8.75,0,0
8/11/25 23:00,7.78,189,S,10.3,0,0
8/12/25 0:00,4.86,203,SSW,8.55,0,0
8/12/25 1:00,5.83,205,SSW,9.14,0,0
8/12/25 2:00,6.03,222,SW,7.97,0,0
8/12/25 3:00,4.08,202,SSW,6.41,0,0
8/12/25 4:00,5.64,215,SW,10.69,0,0
8/12/25 5:00,5.44,222,SW,7.19,0,0
8/12/25 6:00,3.89,227,SW,6.41,0,0
8/12/25 7:00,5.83,213,SSW,7.78,0,0
8/12/25 8:00,3.69,186,S,5.25,0,0
8/12/25 9:00,4.86,186,S,7.78,0,0
8/12/25 10:00,10.5,190,S,12.05,0,0
8/12/25 11:00,12.05,192,SSW,15.16,0,0
8/12/25 12:00,14,192,SSW,16.13,0,0
8/12/25 13:00,11.66,195,SSW,14.97,0,0
8/12/25 14:00,10.3,204,SSW,14.19,0,0
8/12/25 15:00,11.08,207,SSW,15.75,0,0
8/12/25 16:00,9.33,213,SSW,13.22,0,0
8/12/25 17:00,7.97,206,SSW,11.47,0,0
8/12/25 18:00,6.8,227,SW,8.55,0,0
8/12/25 19:00,11.27,220,SW,14.77,0,0
8/12/25 20:00,9.91,222,SW,12.05,0,0
8/12/25 21:00,7.58,215,SW,11.27,0,0
8/12/25 22:00,8.75,208,SSW,12.83,0,0
8/12/25 23:00,7.78,216,SW,12.25,0,0
8/13/25 0:00,8.16,218,SW,9.91,0,0
8/13/25 1:00,5.83,233,SW,9.72,0,0
8/13/25 2:00,8.94,242,WSW,12.83,0,0
8/13/25 3:00,7.58,216,SW,9.14,0,0
8/13/25 4:00,11.66,227,SW,14.19,0,0
8/13/25 5:00,10.5,228,SW,13.22,0,0
8/13/25 6:00,8.75,227,SW,11.08,0,0
8/13/25 7:00,7.58,228,SW,10.3,0,0
8/13/25 8:00,7.39,220,SW,9.14,0,0
8/13/25 9:00,6.22,227,SW,8.36,0,0
8/13/25 10:00,6.22,191,S,8.16,0,0
8/13/25 11:00,6.61,224,SW,8.94,0,0
8/13/25 12:00,8.75,201,SSW,11.86,0,0
8/13/25 13:00,11.08,214,SW,15.16,0,0
8/13/25 14:00,11.08,217,SW,14.19,0,0
8/13/25 15:00,13.02,219,SW,16.72,0,0
8/13/25 16:00,9.91,212,SSW,14.97,0,0
8/13/25 17:00,10.3,217,SW,14,0,0
8/13/25 18:00,14,229,SW,16.72,0,0
8/13/25 19:00,13.02,224,SW,15.55,0,0
8/13/25 20:00,11.08,226,SW,14.58,0,0
8/13/25 21:00,10.69,215,SW,15.36,0,0
8/13/25 22:00,9.52,205,SSW,13.8,0,0
8/13/25 23:00,9.33,220,SW,11.27,0,0
8/14/25 0:00,10.11,232,SW,13.61,0,0
8/14/25 1:00,10.3,229,SW,12.83,0,0
8/14/25 2:00,10.11,219,SW,14.77,0,0
8/14/25 3:00,8.36,199,SSW,12.44,0,0
8/14/25 4:00,10.11,214,SW,13.02,0,0
8/14/25 5:00,7.19,209,SSW,9.91,0,0
8/14/25 6:00,7.78,214,SW,11.27,0,0
8/14/25 7:00,7.97,209,SSW,10.89,0,0
8/14/25 8:00,7.97,202,SSW,10.69,0,0
8/14/25 9:00,6.03,221,SW,9.33,0,0
8/14/25 10:00,7.97,216,SW,10.5,0,0
8/14/25 11:00,8.16,221,SW,10.69,0,0
8/14/25 12:00,13.8,223,SW,16.13,0,0
8/14/25 13:00,14.19,223,SW,16.33,0,0
8/14/25 14:00,13.61,201,SSW,17.69,0,0
8/14/25 15:00,17.11,195,SSW,21.38,0,0
8/14/25 16:00,15.94,191,S,18.47,0,0
8/14/25 17:00,10.69,199,SSW,14.97,0,0
8/14/25 18:00,12.05,189,S,13.41,0,0
8/14/25 19:00,20.22,178,S,24.1,0,0
8/14/25 20:00,18.66,177,S,21.77,0,0
8/14/25 21:00,16.33,175,S,19.83,0,0
8/14/25 22:00,11.86,174,S,13.02,0,0
8/14/25 23:00,10.5,157,SSE,14.38,0,0
8/15/25 0:00,14,177,S,15.36,0,0
8/15/25 1:00,10.5,178,S,13.41,0,0
8/15/25 2:00,11.66,178,S,13.22,0,0
8/15/25 3:00,8.16,182,S,10.11,0,0
8/15/25 4:00,8.55,170,S,10.89,0,0
8/15/25 5:00,8.75,171,S,10.69,0,0
8/15/25 6:00,6.8,195,SSW,10.11,0,0
8/15/25 7:00,6.03,197,SSW,7.97,0,0
8/15/25 8:00,5.44,193,SSW,6.8,0,0
8/15/25 9:00,7,185,S,8.94,0,0
8/15/25 10:00,6.8,194,SSW,9.33,0,0
8/15/25 11:00,8.36,210,SSW,11.27,0,0
8/15/25 12:00,11.27,214,SW,15.16,0,0
8/15/25 13:00,12.83,203,SSW,16.91,0,0
8/15/25 14:00,17.11,193,SSW,19.24,0,0
8/15/25 15:00,19.63,181,S,22.74,0,0
8/15/25 16:00,17.49,177,S,20.8,0,0
8/15/25 17:00,12.44,180,S,15.36,0,0
8/15/25 18:00,12.05,188,S,14,0,0
8/15/25 19:00,7.97,150,SSE,12.05,0,0
8/15/25 20:00,3.5,201,SSW,5.25,0,0
8/15/25 21:00,6.61,292,WNW,10.3,0,0
8/15/25 22:00,4.86,129,SE,7.39,0,0
8/15/25 23:00,18.27,175,S,20.99,0,0
8/16/25 0:00,9.91,191,S,12.83,0,0
8/16/25 1:00,15.36,156,SSE,21.19,0,0
8/16/25 2:00,8.75,191,S,12.05,0,0
8/16/25 3:00,8.55,218,SW,11.47,0,0
8/16/25 4:00,8.36,222,SW,10.89,0,0
8/16/25 5:00,8.36,213,SSW,11.27,0,0
8/16/25 6:00,7.58,209,SSW,10.69,0,0
8/16/25 7:00,8.55,207,SSW,13.41,0,0
8/16/25 8:00,9.14,210,SSW,12.05,0,0
8/16/25 9:00,10.3,195,SSW,11.66,0,0
8/16/25 10:00,15.16,176,S,17.11,0,0
8/16/25 11:00,12.64,181,S,15.55,0,0
8/16/25 12:00,14.97,183,S,16.72,0,0
8/16/25 13:00,15.75,176,S,17.3,0,0
8/16/25 14:00,11.08,201,SSW,13.8,0,0
8/16/25 15:00,10.5,211,SSW,15.16,0,0
8/16/25 16:00,12.83,221,SW,15.55,0,0
8/16/25 17:00,14.58,225,SW,16.72,0,0
8/16/25 18:00,14.38,217,SW,17.88,0,0
8/16/25 19:00,17.11,218,SW,20.41,0,0
8/16/25 20:00,11.27,208,SSW,15.16,0,0
8/16/25 21:00,13.8,192,SSW,15.75,0,0
8/16/25 22:00,16.13,173,S,18.27,0,0
8/16/25 23:00,6.03,192,SSW,7,0,0
8/17/25 0:00,3.3,183,S,4.28,0,0
8/17/25 1:00,4.08,116,ESE,4.67,0,0
8/17/25 2:00,6.61,117,ESE,9.33,0,0
8/17/25 3:00,6.03,139,SE,7.97,0,0
8/17/25 4:00,7.19,145,SE,12.25,0,0
8/17/25 5:00,10.5,179,S,12.44,0,0
8/17/25 6:00,9.52,161,SSE,11.86,0,0
8/17/25 7:00,7.39,202,SSW,10.3,0,0
8/17/25 8:00,3.5,227,SW,6.03,0,0
8/17/25 9:00,6.8,227,SW,8.75,0,0
8/17/25 10:00,7.78,214,SW,11.27,0,0
8/17/25 11:00,10.89,216,SW,14.19,0,0
8/17/25 12:00,10.11,224,SW,13.8,0,0
8/17/25 13:00,12.25,225,SW,15.55,0,0
8/17/25 14:00,13.02,228,SW,16.13,0,0
8/17/25 15:00,10.3,229,SW,13.22,0,0
8/17/25 16:00,13.41,229,SW,15.55,0,0
8/17/25 17:00,12.83,226,SW,15.36,0,0
8/17/25 18:00,13.22,228,SW,15.75,0,0
8/17/25 19:00,9.52,224,SW,11.47,0,0
8/17/25 20:00,8.75,226,SW,9.52,0,0
8/17/25 21:00,5.44,217,SW,7.97,0,0
8/17/25 22:00,4.08,195,SSW,5.83,0,0
8/17/25 23:00,7.19,218,SW,9.14,0,0
8/18/25 0:00,4.47,215,SW,6.61,0,0
8/18/25 1:00,2.92,220,SW,5.25,0,0
8/18/25 2:00,5.64,215,SW,7.78,0,0
8/18/25 3:00,5.83,201,SSW,8.36,0,0
8/18/25 4:00,6.41,198,SSW,8.16,0,0
8/18/25 5:00,6.03,210,SSW,8.75,0,0
8/18/25 6:00,10.11,188,S,12.05,0,0
8/18/25 7:00,9.72,187,S,11.27,0,0
8/18/25 8:00,10.3,185,S,11.27,0,0
8/18/25 9:00,10.3,191,S,12.83,0,0
8/18/25 10:00,12.64,190,S,14.38,0,0
8/18/25 11:00,9.72,204,SSW,13.8,0,0
8/18/25 12:00,11.66,195,SSW,15.36,0,0
8/18/25 13:00,6.8,205,SSW,11.08,0,0
8/18/25 14:00,11.47,215,SW,14.97,0,0
8/18/25 15:00,7.19,207,SSW,11.66,0,0
8/18/25 16:00,7.78,191,S,9.33,0,0
8/18/25 17:00,4.86,200,SSW,7.58,0,0
8/18/25 18:00,11.86,303,WNW,15.36,0,0
8/18/25 19:00,13.8,309,NW,19.05,0,0
8/18/25 20:00,12.25,301,WNW,17.88,0,0
8/18/25 21:00,11.08,295,WNW,17.3,0,0
8/18/25 22:00,6.61,195,SSW,12.64,0,0
8/18/25 23:00,5.83,185,S,7.19,0,0
8/19/25 0:00,7,196,SSW,8.75,0,0
8/19/25 1:00,6.8,196,SSW,8.94,0,0
8/19/25 2:00,7,181,S,8.36,0,0
8/19/25 3:00,5.05,138,SE,8.94,0,0
8/19/25 4:00,5.05,200,SSW,7.39,0,0
8/19/25 5:00,5.64,191,S,7.19,0,0
8/19/25 6:00,6.41,190,S,7.58,0,0
8/19/25 7:00,7.78,184,S,9.72,0,0
8/19/25 8:00,8.16,204,SSW,12.83,0,0
8/19/25 9:00,7,205,SSW,10.3,0,0
8/19/25 10:00,,,,,1,1
8/19/25 11:00,9.14,216,SW,12.44,0,0
8/19/25 12:00,10.89,214,SW,13.61,0,0
8/19/25 13:00,11.66,203,SSW,14.97,0,0
8/19/25 14:00,14.38,192,SSW,16.91,0,0
8/19/25 15:00,9.72,213,SSW,13.61,0,0
8/19/25 16:00,13.02,215,SW,16.33,0,0
8/19/25 17:00,9.14,212,SSW,13.02,0,0
8/19/25 18:00,7.97,181,S,10.11,0,0
8/19/25 19:00,3.69,175,S,5.25,0,0
8/19/25 20:00,6.22,138,SE,8.55,0,0
8/19/25 21:00,10.3,173,S,12.25,0,0
8/19/25 22:00,9.33,137,SE,13.61,0,0
8/19/25 23:00,9.14,186,S,10.11,0,0
8/20/25 0:00,8.16,180,S,9.72,0,0
8/20/25 1:00,7.97,175,S,9.14,0,0
8/20/25 2:00,7.78,179,S,9.52,0,0
8/20/25 3:00,7.97,166,SSE,9.52,0,0
8/20/25 4:00,6.8,172,S,8.16,0,0
8/20/25 5:00,7,168,SSE,8.94,0,0
8/20/25 6:00,6.03,167,SSE,7.58,0,0
8/20/25 7:00,6.22,205,SSW,8.16,0,0
8/20/25 8:00,5.44,208,SSW,7.97,0,0
8/20/25 9:00,5.44,195,SSW,7.39,0,0
8/20/25 10:00,4.47,211,SSW,6.41,0,0
8/20/25 11:00,3.89,209,SSW,6.03,0,0
8/20/25 12:00,5.44,219,SW,7,0,0
8/20/25 13:00,7.39,207,SSW,10.69,0,0
8/20/25 14:00,7.97,207,SSW,11.27,0,0
8/20/25 15:00,9.14,209,SSW,12.83,0,0
8/20/25 16:00,12.25,190,S,14.77,0,0
8/20/25 17:00,8.16,209,SSW,12.25,0,0
8/20/25 18:00,8.75,194,SSW,12.25,0,0
8/20/25 19:00,8.75,190,S,13.02,0,0
8/20/25 20:00,13.02,187,S,16.52,0,0
8/20/25 21:00,12.64,178,S,16.52,0,0
8/20/25 22:00,,,,,1,1
8/20/25 23:00,10.3,188,S,11.86,0,0
8/21/25 0:00,6.8,201,SSW,9.91,0,0
8/21/25 1:00,7,197,SSW,9.33,0,0
8/21/25 2:00,5.25,199,SSW,8.36,0,0
8/21/25 3:00,7.97,217,SW,9.91,0,0
8/21/25 4:00,8.36,211,SSW,10.89,0,0
8/21/25 5:00,7.78,215,SW,10.11,0,0
8/21/25 6:00,7,215,SW,8.94,0,0
8/21/25 7:00,5.25,204,SSW,7.19,0,0
8/21/25 8:00,5.64,195,SSW,7.39,0,0
8/21/25 9:00,6.03,212,SSW,8.16,0,0
8/21/25 10:00,4.67,192,SSW,5.83,0,0
8/21/25 11:00,7.78,195,SSW,9.72,0,0
8/21/25 12:00,9.52,217,SW,12.05,0,0
8/21/25 13:00,7.78,207,SSW,11.08,0,0
8/21/25 14:00,7.58,203,SSW,11.08,0,0
8/21/25 15:00,8.55,200,SSW,11.66,0,0
8/21/25 16:00,13.41,190,S,15.94,0,0
8/21/25 17:00,8.94,205,SSW,12.64,0,0
8/21/25 18:00,9.14,211,SSW,13.22,0,0
8/21/25 19:00,7,211,SSW,11.08,0,0
8/21/25 20:00,13.22,186,S,16.91,0,0
8/21/25 21:00,13.41,186,S,16.52,0,0
8/21/25 22:00,11.66,188,S,13.61,0,0
8/21/25 23:00,12.05,189,S,13.8,0,0
8/22/25 0:00,11.27,187,S,13.02,0,0
8/22/25 1:00,10.11,191,S,12.05,0,0
8/22/25 2:00,9.72,184,S,11.66,0,0
8/22/25 3:00,10.11,181,S,11.66,0,0
8/22/25 4:00,12.44,190,S,13.61,0,0
8/22/25 5:00,10.89,190,S,13.8,0,0
8/22/25 6:00,10.11,185,S,13.02,0,0
8/22/25 7:00,9.72,187,S,12.25,0,0
8/22/25 8:00,11.47,175,S,14,0,0
8/22/25 9:00,9.52,189,S,13.22,0,0
8/22/25 10:00,12.05,189,S,14,0,0
8/22/25 11:00,10.5,191,S,13.22,0,0
8/22/25 12:00,12.05,193,SSW,14.19,0,0
8/22/25 13:00,13.22,190,S,15.75,0,0
8/22/25 14:00,12.05,196,SSW,14.97,0,0
8/22/25 15:00,12.64,191,S,14.19,0,0
8/22/25 16:00,14.97,190,S,16.91,0,0
8/22/25 17:00,10.5,198,SSW,13.22,0,0
8/22/25 18:00,9.72,199,SSW,12.44,0,0
8/22/25 19:00,14.97,195,SSW,18.66,0,0
8/22/25 20:00,19.24,184,S,21.19,0,0
8/22/25 21:00,8.94,206,SSW,13.02,0,0
8/22/25 22:00,14.19,196,SSW,16.52,0,0
8/22/25 23:00,13.02,203,SSW,16.91,0,0
8/23/25 0:00,14.97,191,S,16.72,0,0
8/23/25 1:00,8.75,200,SSW,12.05,0,0
8/23/25 2:00,6.8,201,SSW,10.3,0,0
8/23/25 3:00,8.55,181,S,10.11,0,0
8/23/25 4:00,11.27,187,S,14.19,0,0
8/23/25 5:00,13.22,181,S,16.13,0,0
8/23/25 6:00,10.5,180,S,12.83,0,0
8/23/25 7:00,10.69,189,S,13.22,0,0
8/23/25 8:00,11.08,182,S,13.61,0,0
8/23/25 9:00,11.08,184,S,13.02,0,0
8/23/25 10:00,11.27,192,SSW,13.61,0,0
8/23/25 11:00,9.91,215,SW,14.77,0,0
8/23/25 12:00,18.08,183,S,21.38,0,0
8/23/25 13:00,15.16,190,S,17.69,0,0
8/23/25 14:00,9.91,201,SSW,12.64,0,0
8/23/25 15:00,11.27,208,SSW,16.13,0,0
8/23/25 16:00,9.52,206,SSW,15.75,0,0
8/23/25 17:00,6.41,182,S,8.55,0,0
8/23/25 18:00,7.78,211,SSW,11.27,0,0
8/23/25 19:00,4.67,223,SW,7.19,0,0
8/23/25 20:00,7.97,192,SSW,9.52,0,0
8/23/25 21:00,2.53,266,W,3.3,0,0
8/23/25 22:00,3.11,210,SSW,4.67,0,0
8/23/25 23:00,4.28,192,SSW,6.03,0,0
8/24/25 0:00,4.28,131,SE,6.61,0,0
8/24/25 1:00,10.3,189,S,11.47,0,0
8/24/25 2:00,6.41,181,S,8.16,0,0
8/24/25 3:00,2.72,152,SSE,4.28,0,0
8/24/25 4:00,4.28,195,SSW,6.03,0,0
8/24/25 5:00,3.11,159,SSE,4.86,0,0
8/24/25 6:00,3.5,148,SSE,5.05,0,0
8/24/25 7:00,5.05,178,S,6.61,0,0
8/24/25 8:00,4.67,185,S,6.03,0,0
8/24/25 9:00,1.75,198,SSW,5.05,0,0
8/24/25 10:00,5.25,165,SSE,6.61,0,0
8/24/25 11:00,8.55,187,S,10.5,0,0
8/24/25 12:00,11.27,191,S,13.22,0,0
8/24/25 13:00,10.89,196,SSW,12.83,0,0
8/24/25 14:00,13.8,194,SSW,16.91,0,0
8/24/25 15:00,12.25,198,SSW,16.13,0,0
8/24/25 16:00,13.41,197,SSW,16.72,0,0
8/24/25 17:00,10.69,216,SW,14.38,0,0
8/24/25 18:00,4.28,214,SW,7,0,0
8/24/25 19:00,5.64,200,SSW,8.55,0,0
8/24/25 20:00,7.58,220,SW,8.75,0,0
8/24/25 21:00,3.69,206,SSW,7.19,0,0
8/24/25 22:00,6.61,231,SW,9.14,0,0
8/24/25 23:00,6.03,222,SW,7.78,0,0
8/25/25 0:00,6.22,220,SW,8.16,0,0
8/25/25 1:00,6.41,224,SW,7.58,0,0
8/25/25 2:00,3.69,226,SW,4.67,0,0
8/25/25 3:00,6.03,227,SW,8.94,0,0
8/25/25 4:00,5.83,195,SSW,8.75,0,0
8/25/25 5:00,5.25,189,S,8.36,0,0
8/25/25 6:00,7.97,194,SSW,12.44,0,0
8/25/25 7:00,8.16,189,S,10.5,0,0
8/25/25 8:00,7.78,205,SSW,12.05,0,0
8/25/25 9:00,8.75,209,SSW,12.44,0,0
8/25/25 10:00,10.3,219,SW,12.83,0,0
8/25/25 11:00,8.75,213,SSW,11.47,0,0
8/25/25 12:00,11.08,211,SSW,14.77,0,0
8/25/25 13:00,15.55,191,S,17.69,0,0
8/25/25 14:00,10.3,203,SSW,12.44,0,0
8/25/25 15:00,6.8,205,SSW,11.47,0,0
8/25/25 16:00,9.72,210,SSW,14,0,0
8/25/25 17:00,10.3,200,SSW,14,0,0
8/25/25 18:00,9.72,205,SSW,13.22,0,0
8/25/25 19:00,9.14,213,SSW,12.44,0,0
8/25/25 20:00,7.19,228,SW,8.55,0,0
8/25/25 21:00,6.41,211,SSW,9.91,0,0
8/25/25 22:00,7.39,199,SSW,9.91,0,0
8/25/25 23:00,6.8,212,SSW,9.52,0,0
8/26/25 0:00,4.67,221,SW,7.19,0,0
8/26/25 1:00,8.16,219,SW,11.08,0,0
8/26/25 2:00,10.5,217,SW,14.97,0,0
8/26/25 3:00,8.55,228,SW,10.11,0,0
8/26/25 4:00,13.61,224,SW,16.91,0,0
8/26/25 5:00,11.66,219,SW,15.75,0,0
8/26/25 6:00,12.64,215,SW,17.3,0,0
8/26/25 7:00,12.44,216,SW,16.33,0,0
8/26/25 8:00,7.97,223,SW,10.11,0,0
8/26/25 9:00,5.44,253,WSW,7.78,0,0
8/26/25 10:00,4.08,232,SW,8.94,0,0
8/26/25 11:00,6.03,234,SW,7.97,0,0
8/26/25 12:00,5.64,214,SW,8.55,0,0
8/26/25 13:00,9.14,208,SSW,13.22,0,0
8/26/25 14:00,12.44,216,SW,15.55,0,0
8/26/25 15:00,8.36,215,SW,11.86,0,0
8/26/25 16:00,7,202,SSW,9.91,0,0
8/26/25 17:00,8.55,210,SSW,12.05,0,0
8/26/25 18:00,9.52,217,SW,12.64,0,0
8/26/25 19:00,9.14,227,SW,11.08,0,0
8/26/25 20:00,9.72,228,SW,11.86,0,0
8/26/25 21:00,9.72,208,SSW,14.58,0,0
8/26/25 22:00,7.78,194,SSW,9.52,0,0
8/26/25 23:00,7.39,217,SW,8.94,0,0
8/27/25 0:00,8.55,212,SSW,11.27,0,0
8/27/25 1:00,8.75,211,SSW,11.66,0,0
8/27/25 2:00,9.52,221,SW,11.08,0,0
8/27/25 3:00,7.58,246,WSW,11.47,0,0
8/27/25 4:00,7.97,236,SW,11.27,0,0
8/27/25 5:00,9.14,228,SW,12.25,0,0
8/27/25 6:00,7.19,221,SW,9.33,0,0
8/27/25 7:00,5.64,221,SW,7,0,0
8/27/25 8:00,4.08,249,WSW,6.22,0,0
8/27/25 9:00,3.89,267,W,6.22,0,0
8/27/25 10:00,6.61,231,SW,8.16,0,0
8/27/25 11:00,9.14,217,SW,11.08,0,0
8/27/25 12:00,9.72,219,SW,12.25,0,0
8/27/25 13:00,7.97,214,SW,10.69,0,0
8/27/25 14:00,8.55,201,SSW,10.5,0,0
8/27/25 15:00,10.69,217,SW,15.16,0,0
8/27/25 16:00,10.3,218,SW,13.22,0,0
8/27/25 17:00,10.11,217,SW,13.41,0,0
8/27/25 18:00,6.61,222,SW,8.94,0,0
8/27/25 19:00,4.08,212,SSW,6.41,0,0
8/27/25 20:00,3.11,199,SSW,4.67,0,0
8/27/25 21:00,4.28,230,SW,6.61,0,0
8/27/25 22:00,2.72,240,WSW,4.86,0,0
8/27/25 23:00,3.69,272,W,5.83,0,0
8/28/25 0:00,9.52,226,SW,10.69,0,0
8/28/25 1:00,7.97,224,SW,10.69,0,0
8/28/25 2:00,4.08,246,WSW,7.19,0,0
8/28/25 3:00,3.11,257,WSW,4.67,0,0
8/28/25 4:00,5.44,226,SW,7,0,0
8/28/25 5:00,3.69,233,SW,6.41,0,0
8/28/25 6:00,4.28,230,SW,5.83,0,0
8/28/25 7:00,6.22,227,SW,7.58,0,0
8/28/25 8:00,4.47,270,W,6.03,0,0
8/28/25 9:00,5.44,225,SW,7.39,0,0
8/28/25 10:00,5.05,218,SW,6.8,0,0
8/28/25 11:00,7,196,SSW,9.52,0,0
8/28/25 12:00,6.41,199,SSW,8.94,0,0
8/28/25 13:00,9.72,212,SSW,13.22,0,0
8/28/25 14:00,12.83,217,SW,17.3,0,0
8/28/25 15:00,12.05,212,SSW,16.13,0,0
8/28/25 16:00,14,193,SSW,16.72,0,0
8/28/25 17:00,9.72,195,SSW,12.05,0,0
8/28/25 18:00,6.03,217,SW,7.97,0,0
8/28/25 19:00,10.89,233,SW,13.61,0,0
8/28/25 20:00,6.22,248,WSW,9.72,0,0
8/28/25 21:00,4.67,208,SSW,8.16,0,0
8/28/25 22:00,5.25,222,SW,7,0,0
8/28/25 23:00,5.64,225,SW,7.58,0,0
8/29/25 0:00,4.67,233,SW,7,0,0
8/29/25 1:00,5.83,226,SW,7.39,0,0
8/29/25 2:00,3.11,196,SSW,4.67,0,0
8/29/25 3:00,5.64,225,SW,7,0,0
8/29/25 4:00,4.28,229,SW,5.83,0,0
8/29/25 5:00,4.08,218,SW,5.83,0,0
8/29/25 6:00,4.86,221,SW,6.03,0,0
8/29/25 7:00,3.89,221,SW,5.05,0,0
8/29/25 8:00,2.53,312,NW,3.69,0,0
8/29/25 9:00,2.72,303,WNW,5.44,0,0
8/29/25 10:00,4.86,168,SSE,6.41,0,0
8/29/25 11:00,5.05,167,SSE,6.8,0,0
8/29/25 12:00,7.78,192,SSW,9.91,0,0
8/29/25 13:00,7.58,202,SSW,11.08,0,0
8/29/25 14:00,10.89,201,SSW,13.8,0,0
8/29/25 15:00,10.5,204,SSW,14.97,0,0
8/29/25 16:00,13.61,188,S,14.97,0,0
8/29/25 17:00,9.14,199,SSW,13.41,0,0
8/29/25 18:00,9.52,191,S,10.69,0,0
8/29/25 19:00,10.89,163,SSE,12.25,0,0
8/29/25 20:00,11.47,184,S,13.8,0,0
8/29/25 21:00,10.11,183,S,11.47,0,0
8/29/25 22:00,6.8,197,SSW,8.55,0,0
8/29/25 23:00,5.25,198,SSW,7.39,0,0
8/30/25 0:00,6.41,188,S,7.58,0,0
8/30/25 1:00,5.25,199,SSW,6.8,0,0
8/30/25 2:00,6.03,187,S,7.78,0,0
8/30/25 3:00,5.64,189,S,6.8,0,0
8/30/25 4:00,6.03,179,S,7.78,0,0
8/30/25 5:00,5.25,194,SSW,6.61,0,0
8/30/25 6:00,4.67,203,SSW,6.03,0,0
8/30/25 7:00,4.47,184,S,5.25,0,0
8/30/25 8:00,4.47,220,SW,6.61,0,0
8/30/25 9:00,3.11,185,S,4.08,0,0
8/30/25 10:00,3.3,204,SSW,5.44,0,0
8/30/25 11:00,6.41,182,S,7.58,0,0
8/30/25 12:00,4.86,199,SSW,6.61,0,0
8/30/25 13:00,6.41,212,SSW,8.55,0,0
8/30/25 14:00,6.03,205,SSW,9.33,0,0
8/30/25 15:00,5.83,201,SSW,9.91,0,0
8/30/25 16:00,10.3,214,SW,12.25,0,0
8/30/25 17:00,6.03,205,SSW,9.72,0,0
8/30/25 18:00,1.56,48,NE,2.72,0,0
8/30/25 19:00,4.47,212,SSW,5.83,0,0
8/30/25 20:00,4.67,199,SSW,7,0,0
8/30/25 21:00,3.69,187,S,5.05,0,0
8/30/25 22:00,5.83,183,S,7.19,0,0
8/30/25 23:00,6.22,213,SSW,9.33,0,0
8/31/25 0:00,5.64,192,SSW,6.41,0,0
8/31/25 1:00,2.72,191,S,3.69,0,0
8/31/25 2:00,4.08,212,SSW,5.44,0,0
8/31/25 3:00,3.89,196,SSW,4.86,0,0
8/31/25 4:00,4.67,205,SSW,6.03,0,0
8/31/25 5:00,6.22,192,SSW,7.58,0,0
8/31/25 6:00,0.97,218,SW,1.56,0,0
8/31/25 7:00,2.14,142,SE,3.3,0,0
8/31/25 8:00,1.56,176,S,2.14,0,0
8/31/25 9:00,2.14,178,S,2.92,0,0
8/31/25 10:00,2.72,187,S,3.5,0,0
8/31/25 11:00,3.11,205,SSW,5.05,0,0
8/31/25 12:00,7.58,211,SSW,9.72,0,0
8/31/25 13:00,8.36,205,SSW,12.64,0,0
8/31/25 14:00,9.52,210,SSW,12.83,0,0
8/31/25 15:00,9.33,195,SSW,12.25,0,0
8/31/25 16:00,7,206,SSW,11.47,0,0
8/31/25 17:00,5.25,191,S,6.8,0,0
8/31/25 18:00,3.89,189,S,5.44,0,0
8/31/25 19:00,5.44,196,SSW,7.78,0,0
8/31/25 20:00,5.64,196,SSW,7.78,0,0
8/31/25 21:00,13.02,190,S,15.55,0,0
8/31/25 22:00,10.69,192,SSW,13.61,0,0
8/31/25 23:00,8.55,201,SSW,13.61,0,0
9/1/25 0:00,10.3,215,SW,14.77,0,0
9/1/25 1:00,8.16,213,SSW,12.64,0,0
9/1/25 2:00,7.78,212,SSW,12.05,0,0
9/1/25 3:00,10.5,195,SSW,12.64,0,0
9/1/25 4:00,13.02,186,S,14.77,0,0
9/1/25 5:00,11.08,195,SSW,13.8,0,0
9/1/25 6:00,8.94,215,SW,11.47,0,0
9/1/25 7:00,8.94,206,SSW,12.25,0,0
9/1/25 8:00,7.78,211,SSW,11.27,0,0
9/1/25 9:00,6.61,217,SW,9.72,0,0
9/1/25 10:00,7.39,214,SW,9.33,0,0
9/1/25 11:00,6.03,208,SSW,7.97,0,0
9/1/25 12:00,4.67,209,SSW,7.39,0,0
9/1/25 13:00,8.94,213,SSW,11.27,0,0
9/1/25 14:00,7.39,194,SSW,10.89,0,0
9/1/25 15:00,10.69,211,SSW,16.52,0,0
9/1/25 16:00,6.61,207,SSW,10.11,0,0
9/1/25 17:00,5.83,199,SSW,9.52,0,0
9/1/25 18:00,7,187,S,8.55,0,0
9/1/25 19:00,5.25,193,SSW,8.55,0,0
9/1/25 20:00,8.94,196,SSW,12.25,0,0
9/1/25 21:00,13.8,191,S,16.33,0,0
9/1/25 22:00,13.61,188,S,14.97,0,0
9/1/25 23:00,11.27,215,SW,14.77,0,0
9/2/25 0:00,9.91,212,SSW,13.61,0,0
9/2/25 1:00,10.69,197,SSW,13.41,0,0
9/2/25 2:00,11.86,213,SSW,16.91,0,0
9/2/25 3:00,13.8,216,SW,17.49,0,0
9/2/25 4:00,10.5,215,SW,14.97,0,0
9/2/25 5:00,13.22,196,SSW,15.94,0,0
9/2/25 6:00,11.08,198,SSW,14.19,0,0
9/2/25 7:00,7.78,227,SW,9.52,0,0
9/2/25 8:00,8.55,211,SSW,11.27,0,0
9/2/25 9:00,8.94,218,SW,11.27,0,0
9/2/25 10:00,6.8,217,SW,8.16,0,0
9/2/25 11:00,11.27,221,SW,14.77,0,0
9/2/25 12:00,7.19,205,SSW,13.61,0,0
9/2/25 13:00,8.55,232,SW,13.61,0,0
9/2/25 14:00,15.75,228,SW,18.86,0,0
9/2/25 15:00,14.19,236,SW,21.58,0,0
9/2/25 16:00,12.25,233,SW,16.52,0,0
9/2/25 17:00,18.27,238,WSW,24.1,0,0
9/2/25 18:00,17.11,235,SW,22.94,0,0
9/2/25 19:00,19.05,230,SW,25.08,0,0
9/2/25 20:00,17.88,226,SW,22.55,0,0
9/2/25 21:00,12.83,224,SW,16.72,0,0
9/2/25 22:00,7.78,238,WSW,11.08,0,0
9/2/25 23:00,6.41,273,W,7.97,0,0
9/3/25 0:00,7,290,WNW,9.91,0,0
9/3/25 1:00,7.78,259,W,10.11,0,0
9/3/25 2:00,7.97,263,W,10.11,0,0
9/3/25 3:00,7.19,274,W,10.11,0,0
9/3/25 4:00,5.44,274,W,8.16,0,0
9/3/25 5:00,3.11,334,NNW,3.89,0,0
9/3/25 6:00,4.08,290,WNW,5.83,0,0
9/3/25 7:00,4.08,296,WNW,5.64,0,0
9/3/25 8:00,4.67,300,WNW,6.03,0,0
9/3/25 9:00,5.44,293,WNW,7.19,0,0
9/3/25 10:00,4.47,266,W,6.41,0,0
9/3/25 11:00,5.25,225,SW,7.97,0,0
9/3/25 12:00,7.19,194,SSW,8.75,0,0
9/3/25 13:00,9.72,215,SW,13.41,0,0
9/3/25 14:00,9.52,212,SSW,13.02,0,0
9/3/25 15:00,12.83,213,SSW,17.11,0,0
9/3/25 16:00,8.16,207,SSW,11.27,0,0
9/3/25 17:00,5.64,196,SSW,7.19,0,0
9/3/25 18:00,6.61,194,SSW,8.55,0,0
9/3/25 19:00,6.8,223,SW,8.36,0,0
9/3/25 20:00,6.03,221,SW,7.78,0,0
9/3/25 21:00,5.44,206,SSW,8.36,0,0
9/3/25 22:00,7.58,219,SW,8.94,0,0
9/3/25 23:00,9.91,206,SSW,13.02,0,0
9/4/25 0:00,7.97,211,SSW,11.27,0,0
9/4/25 1:00,10.3,222,SW,14.38,0,0
9/4/25 2:00,7.78,226,SW,9.72,0,0
9/4/25 3:00,5.44,220,SW,8.75,0,0
9/4/25 4:00,5.44,208,SSW,8.55,0,0
9/4/25 5:00,6.03,219,SW,7.78,0,0
9/4/25 6:00,7.78,182,S,10.5,0,0
9/4/25 7:00,6.41,197,SSW,8.55,0,0
9/4/25 8:00,3.89,220,SW,6.41,0,0
9/4/25 9:00,7,204,SSW,10.3,0,0
9/4/25 10:00,8.75,195,SSW,11.08,0,0
9/4/25 11:00,9.72,194,SSW,12.83,0,0
9/4/25 12:00,10.11,202,SSW,13.41,0,0
9/4/25 13:00,9.14,205,SSW,13.22,0,0
9/4/25 14:00,7.78,204,SSW,10.89,0,0
9/4/25 15:00,12.44,225,SW,17.49,0,0
9/4/25 16:00,11.86,228,SW,14.58,0,0
9/4/25 17:00,11.27,226,SW,13.41,0,0
9/4/25 18:00,11.86,226,SW,13.61,0,0
9/4/25 19:00,10.3,228,SW,13.22,0,0
9/4/25 20:00,6.41,238,WSW,10.3,0,0
9/4/25 21:00,5.25,319,NW,8.94,0,0
9/4/25 22:00,0.58,8,N,1.56,0,0
9/4/25 23:00,4.47,211,SSW,7,0,0
9/5/25 0:00,3.89,162,SSE,4.47,0,0
9/5/25 1:00,5.44,228,SW,7.58,0,0
9/5/25 2:00,5.25,289,WNW,9.14,0,0
9/5/25 3:00,1.36,125,SE,2.92,0,0
9/5/25 4:00,3.3,121,ESE,4.28,0,0
9/5/25 5:00,5.05,119,ESE,5.83,0,0
9/5/25 6:00,6.8,148,SSE,9.14,0,0
9/5/25 7:00,7.58,180,S,9.14,0,0
9/5/25 8:00,6.03,177,S,7.97,0,0
9/5/25 9:00,3.3,169,S,4.86,0,0
9/5/25 10:00,4.28,156,SSE,5.64,0,0
9/5/25 11:00,6.03,168,SSE,7.78,0,0
9/5/25 12:00,9.91,167,SSE,11.86,0,0
9/5/25 13:00,10.89,192,SSW,12.25,0,0
9/5/25 14:00,14.97,181,S,16.33,0,0
9/5/25 15:00,9.14,211,SSW,12.25,0,0
9/5/25 16:00,8.55,215,SW,10.69,0,0
9/5/25 17:00,5.83,196,SSW,7.78,0,0
9/5/25 18:00,6.8,191,S,7.58,0,0
9/5/25 19:00,7.39,218,SW,9.14,0,0
9/5/25 20:00,5.64,266,W,6.8,0,0
9/5/25 21:00,7.78,213,SSW,9.72,0,0
9/5/25 22:00,8.16,231,SW,9.91,0,0
9/5/25 23:00,5.64,221,SW,8.75,0,0
9/6/25 0:00,6.61,221,SW,8.75,0,0
9/6/25 1:00,6.61,213,SSW,9.52,0,0
9/6/25 2:00,6.61,205,SSW,8.94,0,0
9/6/25 3:00,9.14,226,SW,10.89,0,0
9/6/25 4:00,4.67,227,SW,8.36,0,0
9/6/25 5:00,1.94,177,S,3.89,0,0
9/6/25 6:00,1.36,99,E,3.69,0,0
9/6/25 7:00,0.97,206,SSW,3.11,0,0
9/6/25 8:00,4.86,225,SW,7,0,0
9/6/25 9:00,7.19,219,SW,9.72,0,0
9/6/25 10:00,7.78,224,SW,10.3,0,0
9/6/25 11:00,9.14,201,SSW,12.64,0,0
9/6/25 12:00,11.86,192,SSW,13.22,0,0
9/6/25 13:00,11.08,212,SSW,15.55,0,0
9/6/25 14:00,10.5,211,SSW,13.22,0,0
9/6/25 15:00,13.61,225,SW,16.33,0,0
9/6/25 16:00,14.97,233,SW,18.86,0,0
9/6/25 17:00,14,227,SW,16.72,0,0
9/6/25 18:00,12.83,236,SW,17.88,0,0
9/6/25 19:00,12.83,234,SW,16.33,0,0
9/6/25 20:00,7.78,236,SW,12.64,0,0
9/6/25 21:00,7,203,SSW,9.91,0,0
9/6/25 22:00,7.58,214,SW,10.11,0,0
9/6/25 23:00,6.22,215,SW,7.97,0,0
9/7/25 0:00,4.28,231,SW,6.03,0,0
9/7/25 1:00,,,,,1,1
9/7/25 2:00,6.03,191,S,7.19,0,0
9/7/25 3:00,6.03,191,S,7.58,0,0
9/7/25 4:00,7.19,185,S,9.33,0,0
9/7/25 5:00,5.05,190,S,7,0,0
9/7/25 6:00,4.28,184,S,5.25,0,0
9/7/25 7:00,2.72,205,SSW,4.28,0,0
9/7/25 8:00,3.89,234,SW,5.44,0,0
9/7/25 9:00,5.83,189,S,6.8,0,0
9/7/25 10:00,6.22,192,SSW,7.97,0,0
9/7/25 11:00,6.03,203,SSW,8.36,0,0
9/7/25 12:00,7.78,212,SSW,11.08,0,0
9/7/25 13:00,8.16,208,SSW,12.44,0,0
9/7/25 14:00,10.69,212,SSW,14.38,0,0
9/7/25 15:00,7.58,202,SSW,10.89,0,0
9/7/25 16:00,6.22,209,SSW,8.75,0,0
9/7/25 17:00,8.16,211,SSW,12.25,0,0
9/7/25 18:00,6.22,203,SSW,9.33,0,0
9/7/25 19:00,7.58,189,S,8.55,0,0
9/7/25 20:00,4.86,218,SW,6.41,0,0
9/7/25 21:00,7.97,215,SW,10.11,0,0
9/7/25 22:00,6.61,217,SW,8.55,0,0
9/7/25 23:00,4.67,219,SW,5.64,0,0
9/8/25 0:00,3.69,210,SSW,5.05,0,0
9/8/25 1:00,9.72,184,S,12.25,0,0
9/8/25 2:00,9.72,190,S,11.86,0,0
9/8/25 3:00,11.08,178,S,12.44,0,0
9/8/25 4:00,8.75,189,S,10.3,0,0
9/8/25 5:00,8.55,183,S,10.5,0,0
9/8/25 6:00,10.3,190,S,12.25,0,0
9/8/25 7:00,8.94,198,SSW,11.86,0,0
9/8/25 8:00,9.52,187,S,11.08,0,0
9/8/25 9:00,6.41,207,SSW,9.52,0,0
9/8/25 10:00,7.39,200,SSW,9.72,0,0
9/8/25 11:00,9.33,182,S,11.27,0,0
9/8/25 12:00,8.55,215,SW,10.89,0,0
9/8/25 13:00,10.3,239,WSW,16.33,0,0
9/8/25 14:00,11.66,225,SW,13.61,0,0
9/8/25 15:00,9.91,227,SW,11.86,0,0
9/8/25 16:00,9.52,224,SW,11.86,0,0
9/8/25 17:00,7.78,229,SW,10.69,0,0
9/8/25 18:00,13.8,223,SW,16.13,0,0
9/8/25 19:00,12.44,233,SW,15.16,0,0
9/8/25 20:00,7.78,246,WSW,10.3,0,0
9/8/25 21:00,9.52,228,SW,11.27,0,0
9/8/25 22:00,7.97,206,SSW,12.25,0,0
9/8/25 23:00,10.5,219,SW,14.38,0,0
9/9/25 0:00,10.5,219,SW,14,0,0
9/9/25 1:00,10.3,227,SW,12.05,0,0
9/9/25 2:00,9.91,224,SW,11.66,0,0
9/9/25 3:00,7,215,SW,9.14,0,0
9/9/25 4:00,3.69,205,SSW,6.03,0,0
9/9/25 5:00,4.47,211,SSW,5.64,0,0
9/9/25 6:00,3.3,203,SSW,5.05,0,0
9/9/25 7:00,5.44,211,SSW,7.39,0,0
9/9/25 8:00,8.36,221,SW,9.72,0,0
9/9/25 9:00,7.78,218,SW,9.33,0,0
9/9/25 10:00,7.78,217,SW,9.91,0,0
9/9/25 11:00,9.33,215,SW,12.05,0,0
9/9/25 12:00,8.36,237,WSW,11.27,0,0
9/9/25 13:00,8.94,229,SW,10.89,0,0
9/9/25 14:00,9.72,231,SW,12.83,0,0
9/9/25 15:00,11.66,227,SW,13.8,0,0
9/9/25 16:00,8.94,223,SW,11.86,0,0
9/9/25 17:00,11.27,228,SW,13.61,0,0
9/9/25 18:00,9.33,221,SW,11.27,0,0
9/9/25 19:00,7.97,221,SW,9.72,0,0
9/9/25 20:00,6.61,227,SW,8.16,0,0
9/9/25 21:00,4.08,209,SSW,6.03,0,0
9/9/25 22:00,5.25,191,S,6.41,0,0
9/9/25 23:00,6.03,218,SW,7.97,0,0
9/10/25 0:00,8.75,220,SW,10.5,0,0
9/10/25 1:00,5.44,212,SSW,7.19,0,0
9/10/25 2:00,3.11,218,SW,4.47,0,0
9/10/25 3:00,3.89,227,SW,4.47,0,0
9/10/25 4:00,5.64,227,SW,6.22,0,0
9/10/25 5:00,4.08,267,W,5.25,0,0
9/10/25 6:00,3.89,232,SW,5.44,0,0
9/10/25 7:00,2.14,216,SW,3.11,0,0
9/10/25 8:00,5.05,195,SSW,6.61,0,0
9/10/25 9:00,5.44,192,SSW,7.39,0,0
9/10/25 10:00,6.03,212,SSW,8.55,0,0
9/10/25 11:00,7.19,189,S,7.97,0,0
9/10/25 12:00,7.39,205,SSW,10.3,0,0
9/10/25 13:00,11.08,211,SSW,15.36,0,0
9/10/25 14:00,9.91,228,SW,12.64,0,0
9/10/25 15:00,10.5,195,SSW,13.61,0,0
9/10/25 16:00,12.83,219,SW,15.94,0,0
9/10/25 17:00,9.91,204,SSW,13.41,0,0
9/10/25 18:00,7,200,SSW,10.89,0,0
9/10/25 19:00,4.86,189,S,6.61,0,0
9/10/25 20:00,9.14,237,WSW,13.22,0,0
9/10/25 21:00,8.75,238,WSW,12.25,0,0
9/10/25 22:00,8.94,232,SW,10.3,0,0
9/10/25 23:00,8.16,228,SW,9.91,0,0
9/11/25 0:00,6.03,221,SW,7.58,0,0
9/11/25 1:00,4.28,210,SSW,5.83,0,0
9/11/25 2:00,3.11,185,S,4.08,0,0
9/11/25 3:00,2.53,173,S,3.89,0,0
9/11/25 4:00,4.47,168,SSE,5.25,0,0
9/11/25 5:00,5.05,291,WNW,7.19,0,0
9/11/25 6:00,5.44,283,WNW,9.33,0,0
9/11/25 7:00,5.44,302,WNW,6.8,0,0
9/11/25 8:00,3.3,230,SW,4.67,0,0
9/11/25 9:00,4.28,225,SW,5.83,0,0
9/11/25 10:00,3.5,224,SW,4.08,0,0
9/11/25 11:00,3.69,207,SSW,5.25,0,0
9/11/25 12:00,9.52,214,SW,12.44,0,0
9/11/25 13:00,8.94,203,SSW,13.02,0,0
9/11/25 14:00,9.72,201,SSW,13.22,0,0
9/11/25 15:00,13.8,220,SW,16.72,0,0
9/11/25 16:00,10.89,201,SSW,14.19,0,0
9/11/25 17:00,7.97,181,S,10.3,0,0
9/11/25 18:00,9.33,193,SSW,10.89,0,0
9/11/25 19:00,3.3,221,SW,4.47,0,0
9/11/25 20:00,7.97,184,S,9.33,0,0
9/11/25 21:00,13.22,178,S,14.19,0,0
9/11/25 22:00,9.33,183,S,10.3,0,0
9/11/25 23:00,8.36,178,S,10.11,0,0
9/12/25 0:00,10.89,185,S,12.64,0,0
9/12/25 1:00,11.86,191,S,14.19,0,0
9/12/25 2:00,12.64,180,S,14.77,0,0
9/12/25 3:00,13.41,172,S,15.16,0,0
9/12/25 4:00,7.19,178,S,11.27,0,0
9/12/25 5:00,8.94,178,S,11.66,0,0
9/12/25 6:00,9.72,187,S,12.44,0,0
9/12/25 7:00,7.58,194,SSW,9.91,0,0
9/12/25 8:00,8.36,186,S,10.89,0,0
9/12/25 9:00,7.78,208,SSW,11.27,0,0
9/12/25 10:00,8.36,202,SSW,11.27,0,0
9/12/25 11:00,8.16,195,SSW,11.66,0,0
9/12/25 12:00,9.91,213,SSW,12.44,0,0
9/12/25 13:00,10.11,214,SW,14.38,0,0
9/12/25 14:00,15.55,184,S,17.69,0,0
9/12/25 15:00,16.72,187,S,18.66,0,0
9/12/25 16:00,15.55,198,SSW,19.44,0,0
9/12/25 17:00,13.61,191,S,16.13,0,0
9/12/25 18:00,15.16,184,S,17.88,0,0
9/12/25 19:00,11.08,188,S,12.44,0,0
9/12/25 20:00,9.91,164,SSE,14.19,0,0
9/12/25 21:00,11.08,158,SSE,15.55,0,0
9/12/25 22:00,13.8,169,S,16.13,0,0
9/12/25 23:00,13.61,172,S,16.33,0,0
9/13/25 0:00,14,174,S,15.55,0,0
9/13/25 1:00,14.19,179,S,15.36,0,0
9/13/25 2:00,11.66,181,S,14.97,0,0
9/13/25 3:00,12.83,183,S,14.77,0,0
9/13/25 4:00,13.02,177,S,15.94,0,0
9/13/25 5:00,14.77,182,S,16.72,0,0
9/13/25 6:00,14.38,178,S,17.11,0,0
9/13/25 7:00,12.83,179,S,15.36,0,0
9/13/25 8:00,12.25,188,S,14.97,0,0
9/13/25 9:00,12.44,191,S,14.77,0,0
9/13/25 10:00,12.44,191,S,13.8,0,0
9/13/25 11:00,14.19,180,S,17.69,0,0
9/13/25 12:00,14.97,189,S,17.3,0,0
9/13/25 13:00,14.97,181,S,18.86,0,0
9/13/25 14:00,11.27,191,S,13.8,0,0
9/13/25 15:00,11.27,195,SSW,14.38,0,0
9/13/25 16:00,13.41,188,S,15.75,0,0
9/13/25 17:00,9.72,208,SSW,13.02,0,0
9/13/25 18:00,6.41,211,SSW,8.75,0,0
9/13/25 19:00,1.36,216,SW,3.69,0,0
9/13/25 20:00,5.83,185,S,6.8,0,0
9/13/25 21:00,8.94,211,SSW,12.64,0,0
9/13/25 22:00,2.53,220,SW,4.86,0,0
9/13/25 23:00,7,173,S,8.36,0,0
9/14/25 0:00,10.89,175,S,12.44,0,0
9/14/25 1:00,7,164,SSE,9.91,0,0
9/14/25 2:00,1.36,264,W,2.72,0,0
9/14/25 3:00,4.28,215,SW,5.83,0,0
9/14/25 4:00,6.61,186,S,7.78,0,0
9/14/25 5:00,10.11,163,SSE,11.47,0,0
9/14/25 6:00,13.22,180,S,14.77,0,0
9/14/25 7:00,10.69,166,SSE,12.83,0,0
9/14/25 8:00,8.55,175,S,10.89,0,0
9/14/25 9:00,8.55,175,S,10.69,0,0
9/14/25 10:00,8.55,180,S,10.69,0,0
9/14/25 11:00,10.3,188,S,11.47,0,0
9/14/25 12:00,10.89,182,S,12.25,0,0
9/14/25 13:00,8.36,210,SSW,11.08,0,0
9/14/25 14:00,7.97,204,SSW,10.89,0,0
9/14/25 15:00,6.8,200,SSW,9.91,0,0
9/14/25 16:00,8.75,193,SSW,10.89,0,0
9/14/25 17:00,6.8,213,SSW,9.33,0,0
9/14/25 18:00,8.75,200,SSW,12.64,0,0
9/14/25 19:00,7.58,208,SSW,10.5,0,0
9/14/25 20:00,7,173,S,7.97,0,0
9/14/25 21:00,17.3,180,S,18.66,0,0
9/14/25 22:00,14,187,S,16.33,0,0
9/14/25 23:00,10.89,184,S,13.61,0,0
9/15/25 0:00,8.36,183,S,11.08,0,0
9/15/25 1:00,9.14,190,S,10.69,0,0
9/15/25 2:00,7.19,190,S,8.75,0,0
9/15/25 3:00,4.86,207,SSW,7,0,0
9/15/25 4:00,5.05,186,S,6.61,0,0
9/15/25 5:00,3.5,222,SW,4.67,0,0
9/15/25 6:00,3.69,233,SW,5.25,0,0
9/15/25 7:00,1.56,210,SSW,2.72,0,0
9/15/25 8:00,0.78,201,SSW,1.36,0,0
9/15/25 9:00,,,,,1,1
9/15/25 10:00,3.11,223,SW,4.67,0,0
9/15/25 11:00,1.94,235,SW,3.11,0,0
9/15/25 12:00,3.89,216,SW,5.64,0,0
9/15/25 13:00,5.64,231,SW,6.41,0,0
9/15/25 14:00,4.67,202,SSW,6.22,0,0
9/15/25 15:00,7.39,226,SW,8.94,0,0
9/15/25 16:00,5.64,205,SSW,8.16,0,0
9/15/25 17:00,5.44,194,SSW,7.19,0,0
9/15/25 18:00,3.69,192,SSW,5.05,0,0
9/15/25 19:00,5.64,188,S,6.8,0,0
9/15/25 20:00,1.94,132,SE,3.69,0,0
9/15/25 21:00,2.14,195,SSW,3.69,0,0
9/15/25 22:00,2.53,218,SW,3.5,0,0
9/15/25 23:00,3.3,181,S,4.08,0,0
9/16/25 0:00,,,,,1,1
9/16/25 1:00,12.25,192,SSW,15.16,0,0
9/16/25 2:00,10.3,195,SSW,13.02,0,0
9/16/25 3:00,8.75,195,SSW,10.89,0,0
9/16/25 4:00,7,210,SSW,11.47,0,0
9/16/25 5:00,6.03,212,SSW,8.75,0,0
9/16/25 6:00,4.47,201,SSW,6.61,0,0
9/16/25 7:00,4.67,213,SSW,6.22,0,0
9/16/25 8:00,3.89,195,SSW,5.25,0,0
9/16/25 9:00,7.78,210,SSW,10.11,0,0
9/16/25 10:00,6.41,195,SSW,8.55,0,0
9/16/25 11:00,10.11,211,SSW,14.38,0,0
9/16/25 12:00,9.91,213,SSW,12.64,0,0
9/16/25 13:00,7.97,209,SSW,10.5,0,0
9/16/25 14:00,6.03,189,S,9.14,0,0
9/16/25 15:00,7.78,193,SSW,9.72,0,0
9/16/25 16:00,9.52,197,SSW,11.86,0,0
9/16/25 17:00,7.39,195,SSW,10.89,0,0
9/16/25 18:00,12.05,191,S,13.8,0,0
9/16/25 19:00,7.97,188,S,9.52,0,0
9/16/25 20:00,5.83,190,S,7.58,0,0
9/16/25 21:00,5.05,179,S,7.19,0,0
9/16/25 22:00,4.28,199,SSW,7.78,0,0
9/16/25 23:00,6.22,201,SSW,8.55,0,0
9/17/25 0:00,10.11,183,S,12.64,0,0
9/17/25 1:00,12.64,184,S,14.38,0,0
9/17/25 2:00,,,,,1,1
9/17/25 3:00,8.16,197,SSW,10.69,0,0
9/17/25 4:00,8.36,194,SSW,10.69,0,0
9/17/25 5:00,9.14,191,S,11.86,0,0
9/17/25 6:00,8.94,198,SSW,12.25,0,0
9/17/25 7:00,7.78,192,SSW,9.14,0,0
9/17/25 8:00,7.78,182,S,9.33,0,0
9/17/25 9:00,5.83,205,SSW,7.97,0,0
9/17/25 10:00,3.89,217,SW,5.83,0,0
9/17/25 11:00,1.94,208,SSW,2.72,0,0
9/17/25 12:00,4.67,200,SSW,6.61,0,0
9/17/25 13:00,4.28,204,SSW,7.19,0,0
9/17/25 14:00,6.03,189,S,8.75,0,0
9/17/25 15:00,5.83,187,S,7.39,0,0
9/17/25 16:00,6.22,188,S,8.75,0,0
9/17/25 17:00,6.61,187,S,8.16,0,0
9/17/25 18:00,5.44,186,S,7.19,0,0
9/17/25 19:00,8.55,192,SSW,10.5,0,0
9/17/25 20:00,4.67,179,S,6.03,0,0
9/17/25 21:00,4.28,178,S,4.67,0,0
9/17/25 22:00,8.55,191,S,9.72,0,0
9/17/25 23:00,9.14,199,SSW,12.44,0,0
9/18/25 0:00,8.55,192,SSW,10.69,0,0
9/18/25 1:00,11.66,215,SW,16.72,0,0
9/18/25 2:00,10.89,214,SW,15.55,0,0
9/18/25 3:00,16.52,218,SW,19.44,0,0
9/18/25 4:00,12.83,194,SSW,16.33,0,0
9/18/25 5:00,9.72,213,SSW,14.58,0,0
9/18/25 6:00,10.5,205,SSW,14.58,0,0
9/18/25 7:00,14,198,SSW,17.69,0,0
9/18/25 8:00,13.02,205,SSW,17.69,0,0
9/18/25 9:00,13.02,214,SW,16.52,0,0
9/18/25 10:00,14.19,214,SW,19.44,0,0
9/18/25 11:00,15.75,211,SSW,20.99,0,0
9/18/25 12:00,17.69,213,SSW,22.35,0,0
9/18/25 13:00,,,,,1,1
9/18/25 14:00,14.97,220,SW,21.38,0,0
9/18/25 15:00,10.3,226,SW,16.13,0,0
9/18/25 16:00,9.91,202,SSW,13.41,0,0
9/18/25 17:00,7.97,266,W,11.47,0,0
9/18/25 18:00,16.33,193,SSW,19.63,0,0
9/18/25 19:00,12.05,192,SSW,15.36,0,0
9/18/25 20:00,5.44,221,SW,8.36,0,0
9/18/25 21:00,12.64,199,SSW,16.13,0,0
9/18/25 22:00,14.19,219,SW,17.3,0,0
9/18/25 23:00,,,,,1,1
9/19/25 0:00,11.86,210,SSW,14.77,0,0
9/19/25 1:00,6.03,217,SW,11.86,0,0
9/19/25 2:00,5.44,253,WSW,8.36,0,0
9/19/25 3:00,3.89,229,SW,5.05,0,0
9/19/25 4:00,5.25,236,SW,7.39,0,0
9/19/25 5:00,9.72,225,SW,12.44,0,0
9/19/25 6:00,2.72,223,SW,4.86,0,0
9/19/25 7:00,3.3,192,SSW,4.67,0,0
9/19/25 8:00,0.39,2,N,1.75,0,0
9/19/25 9:00,2.14,120,ESE,3.3,0,0
9/19/25 10:00,4.67,189,S,6.61,0,0
9/19/25 11:00,3.3,216,SW,4.47,0,0
9/19/25 12:00,6.41,189,S,7.39,0,0
9/19/25 13:00,8.16,198,SSW,10.11,0,0
9/19/25 14:00,11.47,213,SSW,15.75,0,0
9/19/25 15:00,11.08,210,SSW,15.36,0,0
9/19/25 16:00,11.47,206,SSW,17.69,0,0
9/19/25 17:00,9.91,203,SSW,13.61,0,0
9/19/25 18:00,8.16,202,SSW,12.25,0,0
9/19/25 19:00,6.22,186,S,7.58,0,0
9/19/25 20:00,5.44,225,SW,6.61,0,0
9/19/25 21:00,6.61,225,SW,7.58,0,0
9/19/25 22:00,5.44,235,SW,8.16,0,0
9/19/25 23:00,4.28,240,WSW,6.03,0,0
9/20/25 0:00,1.75,300,WNW,4.67,0,0
9/20/25 1:00,1.36,36,NE,2.72,0,0
9/20/25 2:00,1.94,343,NNW,3.11,0,0
9/20/25 3:00,0,332,NNW,0.58,0,0
9/20/25 4:00,2.14,118,ESE,3.11,0,0
9/20/25 5:00,0.19,93,E,0.97,0,0
9/20/25 6:00,2.14,192,SSW,2.53,0,0
9/20/25 7:00,1.56,137,SE,2.14,0,0
9/20/25 8:00,2.33,37,NE,3.5,0,0
9/20/25 9:00,0.58,142,SE,1.56,0,0
9/20/25 10:00,4.67,202,SSW,7.19,0,0
9/20/25 11:00,6.41,198,SSW,9.14,0,0
9/20/25 12:00,7.78,199,SSW,10.5,0,0
9/20/25 13:00,8.36,199,SSW,13.61,0,0
9/20/25 14:00,9.33,213,SSW,12.83,0,0
9/20/25 15:00,4.28,204,SSW,6.61,0,0
9/20/25 16:00,4.28,224,SW,6.8,0,0
9/20/25 17:00,5.05,204,SSW,8.16,0,0
9/20/25 18:00,5.64,208,SSW,9.14,0,0
9/20/25 19:00,3.5,213,SSW,7.78,0,0
9/20/25 20:00,2.14,105,ESE,6.22,0,0
9/20/25 21:00,2.33,109,ESE,2.72,0,0
9/20/25 22:00,3.69,108,ESE,4.47,0,0
9/20/25 23:00,6.61,204,SSW,8.94,0,0
9/21/25 0:00,8.55,181,S,9.72,0,0
9/21/25 1:00,6.61,199,SSW,9.52,0,0
9/21/25 2:00,8.75,185,S,9.72,0,0
9/21/25 3:00,9.52,207,SSW,12.83,0,0
9/21/25 4:00,13.61,182,S,15.94,0,0
9/21/25 5:00,14,187,S,16.33,0,0
9/21/25 6:00,12.25,188,S,15.36,0,0
9/21/25 7:00,11.86,184,S,14.58,0,0
9/21/25 8:00,10.89,183,S,14.19,0,0
9/21/25 9:00,3.3,127,SE,5.83,0,0
9/21/25 10:00,6.22,145,SE,9.33,0,0
9/21/25 11:00,10.11,183,S,12.64,0,0
9/21/25 12:00,8.94,208,SSW,12.25,0,0
9/21/25 13:00,12.44,216,SW,15.75,0,0
9/21/25 14:00,10.5,204,SSW,14.77,0,0
9/21/25 15:00,12.25,197,SSW,15.94,0,0
9/21/25 16:00,11.47,197,SSW,14.77,0,0
9/21/25 17:00,10.11,195,SSW,13.41,0,0
9/21/25 18:00,8.36,193,SSW,11.27,0,0
9/21/25 19:00,5.83,216,SW,8.16,0,0
9/21/25 20:00,9.33,197,SSW,13.02,0,0
9/21/25 21:00,,,,,1,1
9/21/25 22:00,10.5,176,S,11.86,0,0
9/21/25 23:00,7.39,199,SSW,10.5,0,0
9/22/25 0:00,7.78,205,SSW,11.08,0,0
9/22/25 1:00,9.14,208,SSW,12.25,0,0
9/22/25 2:00,8.55,193,SSW,10.11,0,0
9/22/25 3:00,7.39,214,SW,9.91,0,0
9/22/25 4:00,6.41,200,SSW,8.55,0,0
9/22/25 5:00,6.03,213,SSW,7.58,0,0
9/22/25 6:00,7.39,194,SSW,9.72,0,0
9/22/25 7:00,5.05,200,SSW,6.22,0,0
9/22/25 8:00,6.22,211,SSW,9.14,0,0
9/22/25 9:00,7.39,214,SW,8.94,0,0
9/22/25 10:00,5.64,207,SSW,8.75,0,0
9/22/25 11:00,6.22,216,SW,7.97,0,0
9/22/25 12:00,3.5,208,SSW,4.47,0,0
9/22/25 13:00,5.25,188,S,6.22,0,0
9/22/25 14:00,5.05,207,SSW,7.19,0,0
9/22/25 15:00,7,208,SSW,9.72,0,0
9/22/25 16:00,7.78,211,SSW,11.27,0,0
9/22/25 17:00,9.72,189,S,12.05,0,0
9/22/25 18:00,8.16,190,S,10.5,0,0
9/22/25 19:00,6.03,181,S,8.55,0,0
9/22/25 20:00,3.3,111,ESE,5.25,0,0
9/22/25 21:00,2.72,120,ESE,3.89,0,0
9/22/25 22:00,2.53,205,SSW,3.11,0,0
9/22/25 23:00,4.47,179,S,5.05,0,0
9/23/25 0:00,5.44,186,S,6.41,0,0
9/23/25 1:00,3.3,183,S,3.69,0,0
9/23/25 2:00,3.69,184,S,4.47,0,0
9/23/25 3:00,3.5,216,SW,4.28,0,0
9/23/25 4:00,3.3,231,SW,3.89,0,0
9/23/25 5:00,1.75,357,N,2.33,0,0
9/23/25 6:00,7,350,N,7.97,0,0
9/23/25 7:00,10.69,349,N,11.86,0,0
9/23/25 8:00,2.53,22,NNE,3.5,0,0
9/23/25 9:00,1.56,44,NE,2.72,0,0
9/23/25 10:00,3.3,264,W,4.86,0,0
9/23/25 11:00,4.47,211,SSW,6.03,0,0
9/23/25 12:00,2.53,204,SSW,3.89,0,0
9/23/25 13:00,3.5,221,SW,4.28,0,0
9/23/25 14:00,1.94,174,S,3.89,0,0
9/23/25 15:00,3.3,179,S,4.67,0,0
9/23/25 16:00,0.97,206,SSW,2.92,0,0
9/23/25 17:00,1.75,114,ESE,4.08,0,0
9/23/25 18:00,,,,,1,1
9/23/25 19:00,2.53,89,E,3.69,0,0
9/23/25 20:00,2.72,139,SE,3.5,0,0
9/23/25 21:00,14.97,216,SW,18.66,0,0
9/23/25 22:00,8.94,230,SW,12.64,0,0
9/23/25 23:00,9.91,229,SW,16.13,0,0
9/24/25 0:00,18.86,219,SW,23.52,0,0
9/24/25 1:00,8.94,216,SW,14.97,0,0
9/24/25 2:00,12.83,198,SSW,17.88,0,0
9/24/25 3:00,11.66,208,SSW,15.94,0,0
9/24/25 4:00,6.8,181,S,8.16,0,0
9/24/25 5:00,6.41,221,SW,9.33,0,0
9/24/25 6:00,8.75,226,SW,11.08,0,0
9/24/25 7:00,7.78,268,W,9.72,0,0
9/24/25 8:00,3.69,258,WSW,6.03,0,0
9/24/25 9:00,7.58,259,W,9.91,0,0
9/24/25 10:00,9.14,216,SW,13.22,0,0
9/24/25 11:00,7.19,183,S,8.75,0,0
9/24/25 12:00,7.78,201,SSW,10.89,0,0
9/24/25 13:00,2.33,306,NW,3.5,0,0
9/24/25 14:00,12.44,346,NNW,15.94,0,0
9/24/25 15:00,5.05,333,NNW,7.19,0,0
9/24/25 16:00,6.41,256,WSW,11.66,0,0
9/24/25 17:00,7.58,223,SW,9.33,0,0
9/24/25 18:00,10.5,264,W,12.64,0,0
9/24/25 19:00,8.16,129,SE,12.05,0,0
9/24/25 20:00,10.5,133,SE,13.22,0,0
9/24/25 21:00,7.19,158,SSE,11.47,0,0
9/24/25 22:00,6.61,118,ESE,7.97,0,0
9/24/25 23:00,9.33,236,SW,15.16,0,0
9/25/25 0:00,3.5,224,SW,5.05,0,0
9/25/25 1:00,7.19,200,SSW,9.33,0,0
9/25/25 2:00,3.3,47,NE,5.64,0,0
9/25/25 3:00,5.25,221,SW,7,0,0
9/25/25 4:00,6.41,217,SW,7.97,0,0
9/25/25 5:00,9.72,215,SW,12.64,0,0
9/25/25 6:00,10.3,189,S,12.44,0,0
9/25/25 7:00,3.89,187,S,4.86,0,0
9/25/25 8:00,7,114,ESE,8.36,0,0
9/25/25 9:00,8.16,203,SSW,12.64,0,0
9/25/25 10:00,10.5,206,SSW,14.77,0,0
9/25/25 11:00,11.08,198,SSW,14.58,0,0
9/25/25 12:00,11.47,188,S,13.22,0,0
9/25/25 13:00,11.27,216,SW,14.19,0,0
9/25/25 14:00,10.89,208,SSW,14.38,0,0
9/25/25 15:00,11.86,211,SSW,15.36,0,0
9/25/25 16:00,7.78,217,SW,9.91,0,0
9/25/25 17:00,9.33,229,SW,13.02,0,0
9/25/25 18:00,15.55,231,SW,17.69,0,0
9/25/25 19:00,10.11,229,SW,13.02,0,0
9/25/25 20:00,7.39,227,SW,9.52,0,0
9/25/25 21:00,8.16,215,SW,10.5,0,0
9/25/25 22:00,10.89,198,SSW,15.55,0,0
9/25/25 23:00,10.5,189,S,12.83,0,0
9/26/25 0:00,11.08,219,SW,14.19,0,0
9/26/25 1:00,10.3,214,SW,14.58,0,0
9/26/25 2:00,8.75,204,SSW,12.25,0,0
9/26/25 3:00,8.94,198,SSW,12.05,0,0
9/26/25 4:00,9.52,219,SW,12.64,0,0
9/26/25 5:00,5.05,236,SW,7.39,0,0
9/26/25 6:00,1.56,277,W,2.72,0,0
9/26/25 7:00,3.69,233,SW,6.41,0,0
9/26/25 8:00,4.28,197,SSW,6.03,0,0
9/26/25 9:00,2.92,213,SSW,4.67,0,0
9/26/25 10:00,3.3,182,S,4.28,0,0
9/26/25 11:00,4.28,214,SW,6.61,0,0
9/26/25 12:00,9.91,215,SW,12.05,0,0
9/26/25 13:00,11.66,208,SSW,18.08,0,0
9/26/25 14:00,13.41,205,SSW,16.52,0,0
9/26/25 15:00,12.64,213,SSW,16.33,0,0
9/26/25 16:00,12.25,198,SSW,16.52,0,0
9/26/25 17:00,13.41,178,S,15.55,0,0
9/26/25 18:00,17.69,179,S,21.58,0,0
9/26/25 19:00,14.97,185,S,17.49,0,0
9/26/25 20:00,10.69,202,SSW,14.38,0,0
9/26/25 21:00,14.38,190,S,16.72,0,0
9/26/25 22:00,11.47,205,SSW,16.91,0,0
9/26/25 23:00,12.25,215,SW,17.11,0,0
9/27/25 0:00,12.25,207,SSW,15.55,0,0
9/27/25 1:00,11.86,202,SSW,16.13,0,0
9/27/25 2:00,11.08,211,SSW,15.16,0,0
9/27/25 3:00,16.13,221,SW,18.08,0,0
9/27/25 4:00,15.36,224,SW,18.86,0,0
9/27/25 5:00,14.97,226,SW,19.24,0,0
9/27/25 6:00,12.44,230,SW,14.58,0,0
9/27/25 7:00,10.69,230,SW,15.16,0,0
9/27/25 8:00,13.02,228,SW,14.58,0,0
9/27/25 9:00,16.72,223,SW,19.63,0,0
9/27/25 10:00,15.36,229,SW,19.83,0,0
9/27/25 11:00,19.24,227,SW,22.16,0,0
9/27/25 12:00,17.3,233,SW,23.33,0,0
9/27/25 13:00,14.38,235,SW,23.52,0,0
9/27/25 14:00,16.13,224,SW,20.02,0,0
9/27/25 15:00,20.22,224,SW,23.52,0,0
9/27/25 16:00,17.3,225,SW,20.8,0,0
9/27/25 17:00,17.49,222,SW,19.83,0,0
9/27/25 18:00,14.19,227,SW,16.52,0,0
9/27/25 19:00,12.05,225,SW,15.36,0,0
9/27/25 20:00,12.44,230,SW,16.13,0,0
9/27/25 21:00,10.89,227,SW,14.38,0,0
9/27/25 22:00,10.11,224,SW,13.22,0,0
9/27/25 23:00,10.69,222,SW,13.61,0,0
9/28/25 0:00,13.41,227,SW,16.13,0,0
9/28/25 1:00,13.02,225,SW,16.13,0,0
9/28/25 2:00,11.08,226,SW,13.41,0,0
9/28/25 3:00,11.08,227,SW,14,0,0
9/28/25 4:00,13.22,227,SW,15.75,0,0
9/28/25 5:00,12.83,222,SW,15.94,0,0
9/28/25 6:00,14.58,227,SW,16.52,0,0
9/28/25 7:00,10.89,224,SW,13.41,0,0
9/28/25 8:00,10.11,228,SW,11.47,0,0
9/28/25 9:00,11.27,225,SW,12.83,0,0
9/28/25 10:00,9.91,226,SW,11.86,0,0
9/28/25 11:00,9.52,226,SW,11.47,0,0
9/28/25 12:00,6.41,236,SW,10.11,0,0
9/28/25 13:00,6.41,244,WSW,10.3,0,0
9/28/25 14:00,6.41,246,WSW,10.89,0,0
9/28/25 15:00,5.25,244,WSW,10.3,0,0
9/28/25 16:00,9.14,225,SW,11.66,0,0
9/28/25 17:00,10.69,228,SW,12.64,0,0
9/28/25 18:00,10.11,228,SW,12.64,0,0
9/28/25 19:00,12.44,220,SW,15.36,0,0
9/28/25 20:00,8.94,205,SSW,11.86,0,0
9/28/25 21:00,6.61,219,SW,8.75,0,0
9/28/25 22:00,4.08,240,WSW,6.8,0,0
9/28/25 23:00,6.22,229,SW,7.39,0,0
9/29/25 0:00,5.83,237,WSW,8.36,0,0
9/29/25 1:00,8.55,226,SW,11.08,0,0
9/29/25 2:00,6.8,224,SW,10.11,0,0
9/29/25 3:00,6.03,240,WSW,9.14,0,0
9/29/25 4:00,5.05,235,SW,8.55,0,0
9/29/25 5:00,5.64,226,SW,6.8,0,0
9/29/25 6:00,1.36,234,SW,4.08,0,0
9/29/25 7:00,1.94,122,ESE,2.72,0,0
9/29/25 8:00,1.94,143,SE,3.5,0,0
9/29/25 9:00,4.08,139,SE,7,0,0
9/29/25 10:00,6.22,177,S,7.97,0,0
9/29/25 11:00,7.39,226,SW,8.94,0,0
9/29/25 12:00,14.77,228,SW,19.05,0,0
9/29/25 13:00,12.64,225,SW,14.77,0,0
9/29/25 14:00,9.33,223,SW,12.25,0,0
9/29/25 15:00,10.3,240,WSW,15.36,0,0
9/29/25 16:00,7.97,255,WSW,12.05,0,0
9/29/25 17:00,6.41,254,WSW,9.91,0,0
9/29/25 18:00,9.14,247,WSW,14.19,0,0
9/29/25 19:00,10.5,228,SW,12.05,0,0
9/29/25 20:00,10.89,224,SW,13.02,0,0
9/29/25 21:00,6.8,221,SW,8.55,0,0
9/29/25 22:00,7.97,209,SSW,12.05,0,0
9/29/25 23:00,8.75,222,SW,12.44,0,0
9/30/25 0:00,10.11,176,S,11.27,0,0
9/30/25 1:00,6.41,196,SSW,8.16,0,0
9/30/25 2:00,7,185,S,7.78,0,0
9/30/25 3:00,4.28,216,SW,6.03,0,0
9/30/25 4:00,6.03,208,SSW,8.55,0,0
9/30/25 5:00,6.22,188,S,7.19,0,0
9/30/25 6:00,4.28,203,SSW,6.41,0,0
9/30/25 7:00,9.14,127,SE,13.61,0,0
9/30/25 8:00,7.97,216,SW,12.83,0,0
9/30/25 9:00,8.16,223,SW,10.3,0,0
9/30/25 10:00,5.44,211,SSW,7.78,0,0
9/30/25 11:00,11.27,222,SW,14.58,0,0
9/30/25 12:00,10.89,235,SW,15.16,0,0
9/30/25 13:00,14.77,225,SW,18.66,0,0
9/30/25 14:00,12.25,241,WSW,19.05,0,0
9/30/25 15:00,12.25,240,WSW,17.69,0,0
9/30/25 16:00,8.75,239,WSW,15.16,0,0
9/30/25 17:00,6.22,244,WSW,8.94,0,0
9/30/25 18:00,8.36,224,SW,9.91,0,0
9/30/25 19:00,10.89,227,SW,13.61,0,0
9/30/25 20:00,9.33,230,SW,12.44,0,0
9/30/25 21:00,8.55,228,SW,11.66,0,0
9/30/25 22:00,7.78,226,SW,9.91,0,0
9/30/25 23:00,7.39,231,SW,9.72,0,0
10/1/25 0:00,4.67,224,SW,6.03,0,0
10/1/25 1:00,3.3,215,SW,4.28,0,0
10/1/25 2:00,6.8,194,SSW,8.75,0,0
10/1/25 3:00,6.41,185,S,7.97,0,0
10/1/25 4:00,5.44,212,SSW,7.78,0,0
10/1/25 5:00,11.47,170,S,14.58,0,0
10/1/25 6:00,6.03,130,SE,9.33,0,0
10/1/25 7:00,6.41,136,SE,8.94,0,0
10/1/25 8:00,8.36,136,SE,13.41,0,0
10/1/25 9:00,8.75,176,S,9.91,0,0
10/1/25 10:00,8.55,162,SSE,10.89,0,0
10/1/25 11:00,13.61,172,S,16.72,0,0
10/1/25 12:00,10.5,154,SSE,15.36,0,0
10/1/25 13:00,7.97,180,S,9.91,0,0
10/1/25 14:00,5.05,189,S,6.8,0,0
10/1/25 15:00,5.25,274,W,6.41,0,0
10/1/25 16:00,7,263,W,9.52,0,0
10/1/25 17:00,7.97,256,WSW,12.64,0,0
10/1/25 18:00,7.78,262,W,10.3,0,0
10/1/25 19:00,4.08,302,WNW,7,0,0
10/1/25 20:00,2.92,325,NW,5.83,0,0
10/1/25 21:00,3.5,267,W,4.47,0,0
10/1/25 22:00,4.08,299,WNW,5.64,0,0
10/1/25 23:00,0.19,13,NNE,2.14,0,0
10/2/25 0:00,1.36,57,ENE,3.11,0,0
10/2/25 1:00,2.53,334,NNW,2.92,0,0
10/2/25 2:00,0,252,WSW,0,0,0
10/2/25 3:00,0.97,30,NNE,1.56,0,0
10/2/25 4:00,0.58,352,N,1.56,0,0
10/2/25 5:00,2.72,297,WNW,3.5,0,0
10/2/25 6:00,4.47,26,NNE,5.44,0,0
10/2/25 7:00,4.08,36,NE,4.67,0,0
10/2/25 8:00,5.64,194,SSW,7.58,0,0
10/2/25 9:00,8.55,226,SW,11.08,0,0
10/2/25 10:00,7.19,189,S,8.16,0,0
10/2/25 11:00,10.89,205,SSW,13.41,0,0
10/2/25 12:00,7.58,203,SSW,10.3,0,0
10/2/25 13:00,10.69,227,SW,13.61,0,0
10/2/25 14:00,10.11,215,SW,12.05,0,0
10/2/25 15:00,8.55,223,SW,11.27,0,0
10/2/25 16:00,12.25,224,SW,14.38,0,0
10/2/25 17:00,9.14,241,WSW,14.38,0,0
10/2/25 18:00,10.89,253,WSW,16.33,0,0
10/2/25 19:00,8.16,237,WSW,14.77,0,0
10/2/25 20:00,5.83,240,WSW,8.75,0,0
10/2/25 21:00,5.05,247,WSW,8.16,0,0
10/2/25 22:00,7.39,303,WNW,10.3,0,0
10/2/25 23:00,5.05,309,NW,7.19,0,0
10/3/25 0:00,6.61,295,WNW,8.75,0,0
10/3/25 1:00,6.03,276,W,7.97,0,0
10/3/25 2:00,6.03,278,W,9.14,0,0
10/3/25 3:00,8.55,279,W,12.25,0,0
10/3/25 4:00,9.33,294,WNW,14.58,0,0
10/3/25 5:00,8.75,275,W,12.05,0,0
10/3/25 6:00,7,295,WNW,10.5,0,0
10/3/25 7:00,9.52,294,WNW,12.25,0,0
10/3/25 8:00,7.78,304,NW,10.3,0,0
10/3/25 9:00,5.83,300,WNW,8.94,0,0
10/3/25 10:00,2.14,257,WSW,4.86,0,0
10/3/25 11:00,4.86,26,NNE,8.16,0,0
10/3/25 12:00,5.05,190,S,6.22,0,0
10/3/25 13:00,6.61,213,SSW,9.52,0,0
10/3/25 14:00,7.78,213,SSW,9.33,0,0
10/3/25 15:00,6.41,210,SSW,10.11,0,0
10/3/25 16:00,9.14,215,SW,11.86,0,0
10/3/25 17:00,8.36,200,SSW,10.5,0,0
10/3/25 18:00,4.86,207,SSW,6.61,0,0
10/3/25 19:00,3.3,297,WNW,9.33,0,0
10/3/25 20:00,6.41,305,NW,8.36,0,0
10/3/25 21:00,2.53,0,N,3.89,0,0
10/3/25 22:00,4.08,186,S,5.05,0,0
10/3/25 23:00,2.53,214,SW,3.69,0,0
10/4/25 0:00,3.5,124,SE,5.05,0,0
10/4/25 1:00,4.28,129,SE,5.83,0,0
10/4/25 2:00,6.41,115,ESE,7.78,0,0
10/4/25 3:00,5.64,161,SSE,7.58,0,0
10/4/25 4:00,8.55,118,ESE,9.52,0,0
10/4/25 5:00,8.55,116,ESE,9.52,0,0
10/4/25 6:00,6.22,139,SE,10.5,0,0
10/4/25 7:00,7.78,125,SE,9.72,0,0
10/4/25 8:00,5.83,128,SE,8.36,0,0
10/4/25 9:00,5.64,138,SE,7.97,0,0
10/4/25 10:00,5.83,178,S,8.36,0,0
10/4/25 11:00,6.03,180,S,7.39,0,0
10/4/25 12:00,6.03,206,SSW,8.94,0,0
10/4/25 13:00,7.19,210,SSW,9.52,0,0
10/4/25 14:00,8.75,213,SSW,11.27,0,0
10/4/25 15:00,10.11,216,SW,13.02,0,0
10/4/25 16:00,10.89,215,SW,13.22,0,0
10/4/25 17:00,7.78,206,SSW,12.64,0,0
10/4/25 18:00,6.61,185,S,8.55,0,0
10/4/25 19:00,8.16,183,S,10.69,0,0
10/4/25 20:00,7,196,SSW,9.52,0,0
10/4/25 21:00,5.64,213,SSW,8.16,0,0
10/4/25 22:00,7.97,210,SSW,10.5,0,0
10/4/25 23:00,10.69,182,S,11.86,0,0
10/5/25 0:00,7.97,208,SSW,11.08,0,0
10/5/25 1:00,6.41,195,SSW,7.78,0,0
10/5/25 2:00,6.41,181,S,7.78,0,0
10/5/25 3:00,4.47,200,SSW,6.22,0,0
10/5/25 4:00,5.64,216,SW,7,0,0
10/5/25 5:00,4.47,207,SSW,6.8,0,0
10/5/25 6:00,3.89,186,S,5.44,0,0
10/5/25 7:00,2.72,199,SSW,3.69,0,0
10/5/25 8:00,3.11,187,S,4.67,0,0
10/5/25 9:00,1.94,217,SW,2.72,0,0
10/5/25 10:00,2.53,225,SW,3.69,0,0
10/5/25 11:00,4.08,235,SW,5.44,0,0
10/5/25 12:00,3.3,203,SSW,4.86,0,0
10/5/25 13:00,5.25,216,SW,6.41,0,0
10/5/25 14:00,7.19,228,SW,8.36,0,0
10/5/25 15:00,8.75,220,SW,11.08,0,0
10/5/25 16:00,8.36,218,SW,10.3,0,0
10/5/25 17:00,4.86,197,SSW,7,0,0
10/5/25 18:00,4.67,187,S,6.03,0,0
10/5/25 19:00,3.3,141,SE,5.25,0,0
10/5/25 20:00,3.89,186,S,4.67,0,0
10/5/25 21:00,2.92,103,ESE,4.28,0,0
10/5/25 22:00,2.53,112,ESE,2.92,0,0
10/5/25 23:00,1.56,54,NE,2.14,0,0
10/6/25 0:00,2.72,37,NE,3.11,0,0
10/6/25 1:00,2.92,39,NE,3.3,0,0
10/6/25 2:00,1.56,87,E,2.53,0,0
10/6/25 3:00,0.39,47,NE,1.36,0,0
10/6/25 4:00,2.92,14,NNE,3.89,0,0
10/6/25 5:00,6.22,2,N,7.58,0,0
10/6/25 6:00,6.03,336,NNW,7.97,0,0
10/6/25 7:00,6.22,6,N,7.97,0,0
10/6/25 8:00,7.78,346,NNW,8.94,0,0
10/6/25 9:00,5.25,14,NNE,8.36,0,0
10/6/25 10:00,2.92,108,ESE,3.69,0,0
10/6/25 11:00,2.33,217,SW,3.89,0,0
10/6/25 12:00,2.53,239,WSW,5.83,0,0
10/6/25 13:00,3.5,249,WSW,5.44,0,0
10/6/25 14:00,3.5,263,W,4.86,0,0
10/6/25 15:00,6.22,272,W,7.78,0,0
10/6/25 16:00,6.22,275,W,8.16,0,0
10/6/25 17:00,5.05,224,SW,6.61,0,0
10/6/25 18:00,5.44,234,SW,7,0,0
10/6/25 19:00,2.72,58,ENE,3.5,0,0
10/6/25 20:00,1.56,32,NNE,5.44,0,0
10/6/25 21:00,4.47,342,NNW,5.44,0,0
10/6/25 22:00,2.53,317,NW,3.11,0,0
10/6/25 23:00,2.53,226,SW,3.3,0,0
10/7/25 0:00,7.19,350,N,8.16,0,0
10/7/25 1:00,5.44,348,NNW,6.61,0,0
10/7/25 2:00,0.58,263,W,0.97,0,0
10/7/25 3:00,1.94,11,N,2.53,0,0
10/7/25 4:00,2.14,60,ENE,2.92,0,0
10/7/25 5:00,2.92,39,NE,3.11,0,0
10/7/25 6:00,4.47,4,N,5.05,0,0
10/7/25 7:00,4.08,1,N,5.44,0,0
10/7/25 8:00,4.28,349,N,6.41,0,0
10/7/25 9:00,6.41,334,NNW,7.78,0,0
10/7/25 10:00,1.56,211,SSW,3.11,0,0
10/7/25 11:00,4.08,209,SSW,6.03,0,0
10/7/25 12:00,6.22,213,SSW,8.16,0,0
10/7/25 13:00,8.75,212,SSW,11.27,0,0
10/7/25 14:00,7.78,212,SSW,10.3,0,0
10/7/25 15:00,7.78,208,SSW,11.86,0,0
10/7/25 16:00,6.03,198,SSW,8.94,0,0
10/7/25 17:00,5.83,206,SSW,9.33,0,0
10/7/25 18:00,7.19,211,SSW,9.72,0,0
10/7/25 19:00,7.58,220,SW,9.52,0,0
10/7/25 20:00,5.64,218,SW,6.8,0,0
10/7/25 21:00,5.64,219,SW,7.39,0,0
10/7/25 22:00,5.83,217,SW,7.78,0,0
10/7/25 23:00,9.72,231,SW,12.44,0,0
10/8/25 0:00,9.14,227,SW,10.89,0,0
10/8/25 1:00,9.52,222,SW,11.86,0,0
10/8/25 2:00,8.16,225,SW,9.52,0,0
10/8/25 3:00,9.72,228,SW,11.47,0,0
10/8/25 4:00,11.47,228,SW,13.61,0,0
10/8/25 5:00,12.25,222,SW,15.55,0,0
10/8/25 6:00,11.27,227,SW,13.41,0,0
10/8/25 7:00,11.86,225,SW,14.58,0,0
10/8/25 8:00,9.52,217,SW,11.86,0,0
10/8/25 9:00,10.3,216,SW,13.41,0,0
10/8/25 10:00,12.44,214,SW,15.75,0,0
10/8/25 11:00,13.61,226,SW,17.3,0,0
10/8/25 12:00,12.25,229,SW,14.58,0,0
10/8/25 13:00,15.75,228,SW,18.47,0,0
10/8/25 14:00,14,227,SW,15.75,0,0
10/8/25 15:00,13.8,229,SW,16.33,0,0
10/8/25 16:00,10.5,237,WSW,15.16,0,0
10/8/25 17:00,13.41,230,SW,15.94,0,0
10/8/25 18:00,10.11,239,WSW,14.77,0,0
10/8/25 19:00,9.91,239,WSW,14.77,0,0
10/8/25 20:00,,,,,1,1
10/8/25 21:00,8.75,221,SW,12.05,0,0
10/8/25 22:00,9.33,223,SW,11.66,0,0
10/8/25 23:00,6.41,185,S,7.39,0,0
10/9/25 0:00,8.94,207,SSW,14.58,0,0
10/9/25 1:00,8.36,209,SSW,11.86,0,0
10/9/25 2:00,7.58,213,SSW,9.72,0,0
10/9/25 3:00,9.91,189,S,11.08,0,0
10/9/25 4:00,6.22,207,SSW,8.16,0,0
10/9/25 5:00,6.61,192,SSW,8.16,0,0
10/9/25 6:00,11.27,123,ESE,12.44,0,0
10/9/25 7:00,10.5,121,ESE,12.25,0,0
10/9/25 8:00,9.14,125,SE,12.25,0,0
10/9/25 9:00,8.94,149,SSE,12.25,0,0
10/9/25 10:00,6.61,181,S,8.75,0,0
10/9/25 11:00,3.11,220,SW,4.47,0,0
10/9/25 12:00,6.8,222,SW,8.55,0,0
10/9/25 13:00,7.97,234,SW,10.11,0,0
10/9/25 14:00,9.91,226,SW,12.25,0,0
10/9/25 15:00,9.14,224,SW,12.64,0,0
10/9/25 16:00,7.19,213,SSW,9.14,0,0
10/9/25 17:00,8.55,223,SW,10.11,0,0
10/9/25 18:00,4.28,237,WSW,6.22,0,0
10/9/25 19:00,1.75,208,SSW,2.92,0,0
10/9/25 20:00,2.14,136,SE,3.11,0,0
10/9/25 21:00,3.3,231,SW,4.86,0,0
10/9/25 22:00,6.8,190,S,8.55,0,0
10/9/25 23:00,6.22,218,SW,7.97,0,0
10/10/25 0:00,8.16,226,SW,9.52,0,0
10/10/25 1:00,7.78,221,SW,9.33,0,0
10/10/25 2:00,4.28,266,W,7,0,0
10/10/25 3:00,1.56,285,WNW,2.33,0,0
10/10/25 4:00,0.78,278,W,2.14,0,0
10/10/25 5:00,3.5,242,WSW,5.05,0,0
10/10/25 6:00,2.14,301,WNW,2.72,0,0
10/10/25 7:00,0.58,31,NNE,0.97,0,0
10/10/25 8:00,0.58,113,ESE,1.56,0,0
10/10/25 9:00,1.17,110,ESE,2.72,0,0
10/10/25 10:00,1.94,145,SE,3.69,0,0
10/10/25 11:00,6.61,172,S,7.58,0,0
10/10/25 12:00,7,186,S,8.16,0,0
10/10/25 13:00,8.94,212,SSW,11.66,0,0
10/10/25 14:00,9.72,221,SW,12.44,0,0
10/10/25 15:00,12.25,222,SW,14.38,0,0
10/10/25 16:00,9.33,221,SW,11.66,0,0
10/10/25 17:00,9.72,227,SW,11.66,0,0
10/10/25 18:00,6.03,247,WSW,10.89,0,0
10/10/25 19:00,12.83,225,SW,14.97,0,0
10/10/25 20:00,5.83,253,WSW,8.94,0,0
10/10/25 21:00,5.25,236,SW,6.61,0,0
10/10/25 22:00,9.91,263,W,12.05,0,0
10/10/25 23:00,8.16,276,W,10.69,0,0
10/11/25 0:00,4.86,283,WNW,7.19,0,0
10/11/25 1:00,6.41,281,W,8.16,0,0
10/11/25 2:00,6.22,304,NW,9.72,0,0
10/11/25 3:00,7.19,304,NW,12.05,0,0
10/11/25 4:00,5.64,300,WNW,7.97,0,0
10/11/25 5:00,4.08,18,NNE,6.61,0,0
10/11/25 6:00,5.05,8,N,7,0,0
10/11/25 7:00,5.25,347,NNW,7.19,0,0
10/11/25 8:00,5.05,9,N,6.22,0,0
10/11/25 9:00,2.72,27,NNE,3.89,0,0
10/11/25 10:00,2.33,270,W,3.5,0,0
10/11/25 11:00,3.69,235,SW,6.61,0,0
10/11/25 12:00,3.3,201,SSW,6.03,0,0
10/11/25 13:00,6.8,195,SSW,8.75,0,0
10/11/25 14:00,6.41,183,S,9.14,0,0
10/11/25 15:00,3.5,198,SSW,5.44,0,0
10/11/25 16:00,5.05,271,W,11.66,0,0
10/11/25 17:00,8.75,272,W,12.25,0,0
10/11/25 18:00,10.69,294,WNW,13.22,0,0
10/11/25 19:00,9.33,298,WNW,12.44,0,0
10/11/25 20:00,12.44,308,NW,17.11,0,0
10/11/25 21:00,4.67,316,NW,8.16,0,0
10/11/25 22:00,2.14,347,NNW,3.3,0,0
10/11/25 23:00,6.41,317,NW,7.78,0,0
10/12/25 0:00,6.8,348,NNW,9.14,0,0
10/12/25 1:00,7.19,354,N,10.11,0,0
10/12/25 2:00,5.83,353,N,7.97,0,0
10/12/25 3:00,6.22,9,N,8.55,0,0
10/12/25 4:00,6.41,23,NNE,9.33,0,0
10/12/25 5:00,3.5,6,N,5.64,0,0
10/12/25 6:00,6.61,10,N,7.97,0,0
10/12/25 7:00,4.67,10,N,7.97,0,0
10/12/25 8:00,3.69,15,NNE,5.83,0,0
10/12/25 9:00,3.5,10,N,5.83,0,0
10/12/25 10:00,2.92,30,NNE,5.83,0,0
10/12/25 11:00,2.33,348,NNW,4.86,0,0
10/12/25 12:00,3.3,226,SW,4.86,0,0
10/12/25 13:00,9.52,219,SW,11.66,0,0
10/12/25 14:00,11.47,215,SW,14.58,0,0
10/12/25 15:00,12.44,212,SSW,14.77,0,0
10/12/25 16:00,10.89,221,SW,13.61,0,0
10/12/25 17:00,10.11,216,SW,12.05,0,0
10/12/25 18:00,7.78,220,SW,9.33,0,0
10/12/25 19:00,8.36,301,WNW,10.11,0,0
10/12/25 20:00,8.94,283,WNW,12.64,0,0
10/12/25 21:00,9.52,303,WNW,13.22,0,0
10/12/25 22:00,8.75,293,WNW,14.58,0,0
10/12/25 23:00,7,289,WNW,11.27,0,0
10/13/25 0:00,10.5,296,WNW,12.83,0,0
10/13/25 1:00,10.3,290,WNW,13.61,0,0
10/13/25 2:00,10.11,299,WNW,13.22,0,0
10/13/25 3:00,9.33,299,WNW,11.08,0,0
10/13/25 4:00,7,299,WNW,9.91,0,0
10/13/25 5:00,7.19,289,WNW,11.08,0,0
10/13/25 6:00,8.75,302,WNW,12.64,0,0
10/13/25 7:00,9.52,283,WNW,13.41,0,0
10/13/25 8:00,9.33,291,WNW,13.41,0,0
10/13/25 9:00,6.61,294,WNW,9.72,0,0
10/13/25 10:00,6.03,233,SW,8.36,0,0
10/13/25 11:00,8.55,213,SSW,12.44,0,0
10/13/25 12:00,9.91,218,SW,13.61,0,0
10/13/25 13:00,13.41,210,SSW,18.47,0,0
10/13/25 14:00,18.66,172,S,20.6,0,0
10/13/25 15:00,23.52,176,S,27.41,0,0
10/13/25 16:00,9.91,238,WSW,13.61,0,0
10/13/25 17:00,6.22,118,ESE,8.16,0,0
10/13/25 18:00,7,215,SW,8.94,0,0
10/13/25 19:00,3.69,225,SW,4.86,0,0
10/13/25 20:00,10.89,115,ESE,13.02,0,0
10/13/25 21:00,5.25,116,ESE,6.41,0,0
10/13/25 22:00,4.67,33,NNE,5.44,0,0
10/13/25 23:00,3.11,38,NE,7.78,0,0
10/14/25 0:00,7.58,40,NE,11.08,0,0
10/14/25 1:00,5.25,35,NE,8.36,0,0
10/14/25 2:00,7.39,23,NNE,9.91,0,0
10/14/25 3:00,2.53,54,NE,5.25,0,0
10/14/25 4:00,4.28,42,NE,6.61,0,0
10/14/25 5:00,1.36,32,NNE,1.94,0,0
10/14/25 6:00,6.22,29,NNE,7.19,0,0
10/14/25 7:00,3.89,31,NNE,5.05,0,0
10/14/25 8:00,2.72,6,N,3.69,0,0
10/14/25 9:00,6.41,27,NNE,9.14,0,0
10/14/25 10:00,2.14,48,NE,6.03,0,0
10/14/25 11:00,1.94,157,SSE,3.5,0,0
10/14/25 12:00,2.14,256,WSW,2.92,0,0
10/14/25 13:00,1.75,311,NW,3.11,0,0
10/14/25 14:00,6.22,24,NNE,8.94,0,0
10/14/25 15:00,3.69,7,N,7.58,0,0
10/14/25 16:00,8.16,345,NNW,11.47,0,0
10/14/25 17:00,9.33,340,NNW,13.41,0,0
10/14/25 18:00,5.44,351,N,7.78,0,0
10/14/25 19:00,2.33,45,NE,4.86,0,0
10/14/25 20:00,4.47,40,NE,5.44,0,0
10/14/25 21:00,2.53,31,NNE,3.3,0,0
10/14/25 22:00,1.75,14,NNE,3.11,0,0
10/14/25 23:00,2.92,37,NE,4.47,0,0
10/15/25 0:00,2.14,79,E,4.28,0,0
10/15/25 1:00,6.03,122,ESE,6.8,0,0
10/15/25 2:00,,,,,1,1
10/15/25 3:00,10.69,115,ESE,12.05,0,0
10/15/25 4:00,11.66,119,ESE,12.83,0,0
10/15/25 5:00,7,113,ESE,8.55,0,0
10/15/25 6:00,9.72,111,ESE,12.05,0,0
10/15/25 7:00,7.39,120,ESE,8.36,0,0
10/15/25 8:00,6.61,122,ESE,8.36,0,0
10/15/25 9:00,7.78,118,ESE,9.33,0,0
10/15/25 10:00,5.25,130,SE,7.39,0,0
10/15/25 11:00,4.47,110,ESE,6.8,0,0
10/15/25 12:00,2.53,100,E,4.08,0,0
10/15/25 13:00,3.5,180,S,4.47,0,0
10/15/25 14:00,6.8,286,WNW,8.75,0,0
10/15/25 15:00,5.05,278,W,6.61,0,0
10/15/25 16:00,4.67,263,W,6.41,0,0
10/15/25 17:00,2.72,267,W,4.86,0,0
10/15/25 18:00,4.67,271,W,6.22,0,0
10/15/25 19:00,3.11,291,WNW,4.28,0,0
10/15/25 20:00,1.94,37,NE,2.92,0,0
10/15/25 21:00,4.67,306,NW,6.41,0,0
10/15/25 22:00,7.39,345,NNW,9.14,0,0
10/15/25 23:00,5.44,317,NW,7.78,0,0
10/16/25 0:00,2.33,48,NE,3.3,0,0
10/16/25 1:00,4.08,4,N,4.86,0,0
10/16/25 2:00,5.83,4,N,6.41,0,0
10/16/25 3:00,4.47,7,N,5.83,0,0
10/16/25 4:00,5.05,7,N,6.8,0,0
10/16/25 5:00,5.64,348,NNW,6.03,0,0
10/16/25 6:00,5.05,6,N,6.8,0,0
10/16/25 7:00,3.69,7,N,5.25,0,0
10/16/25 8:00,3.69,24,NNE,5.44,0,0
10/16/25 9:00,3.11,13,NNE,4.86,0,0
10/16/25 10:00,1.36,21,NNE,2.92,0,0
10/16/25 11:00,2.92,218,SW,4.28,0,0
10/16/25 12:00,4.47,227,SW,5.64,0,0
10/16/25 13:00,4.28,226,SW,5.25,0,0
10/16/25 14:00,4.47,230,SW,6.41,0,0
10/16/25 15:00,3.3,206,SSW,4.86,0,0
10/16/25 16:00,6.61,214,SW,9.72,0,0
10/16/25 17:00,6.8,234,SW,8.94,0,0
10/16/25 18:00,5.83,216,SW,7.78,0,0
10/16/25 19:00,1.94,229,SW,3.11,0,0
10/16/25 20:00,0.19,168,SSE,1.94,0,0
10/16/25 21:00,2.92,265,W,4.28,0,0
10/16/25 22:00,0.97,227,SW,1.75,0,0
10/16/25 23:00,3.5,218,SW,4.67,0,0
10/17/25 0:00,4.86,195,SSW,6.03,0,0
10/17/25 1:00,4.47,217,SW,5.64,0,0
10/17/25 2:00,1.56,213,SSW,3.11,0,0
10/17/25 3:00,1.36,309,NW,2.14,0,0
10/17/25 4:00,3.3,23,NNE,4.08,0,0
10/17/25 5:00,2.72,26,NNE,4.28,0,0
10/17/25 6:00,3.11,17,NNE,3.69,0,0
10/17/25 7:00,4.47,1,N,5.44,0,0
10/17/25 8:00,3.5,354,N,4.08,0,0
10/17/25 9:00,1.36,340,NNW,1.94,0,0
10/17/25 10:00,1.56,290,WNW,2.72,0,0
10/17/25 11:00,3.5,343,NNW,6.41,0,0
10/17/25 12:00,5.25,268,W,6.8,0,0
10/17/25 13:00,6.8,337,NNW,9.72,0,0
10/17/25 14:00,7.19,270,W,8.36,0,0
10/17/25 15:00,5.05,305,NW,7.58,0,0
10/17/25 16:00,3.5,234,SW,6.22,0,0
10/17/25 17:00,6.41,225,SW,8.55,0,0
10/17/25 18:00,4.28,222,SW,6.03,0,0
10/17/25 19:00,2.92,205,SSW,3.89,0,0
10/17/25 20:00,2.33,200,SSW,4.86,0,0
10/17/25 21:00,0.39,54,NE,1.36,0,0
10/17/25 22:00,1.94,107,ESE,4.08,0,0
10/17/25 23:00,3.5,39,NE,4.67,0,0
10/18/25 0:00,1.56,75,ENE,3.11,0,0
10/18/25 1:00,0.97,79,E,2.72,0,0
10/18/25 2:00,1.56,62,ENE,1.94,0,0
10/18/25 3:00,4.67,6,N,6.61,0,0
10/18/25 4:00,8.55,358,N,10.3,0,0
10/18/25 5:00,9.52,350,N,11.08,0,0
10/18/25 6:00,10.3,340,NNW,11.47,0,0
10/18/25 7:00,6.61,358,N,8.36,0,0
10/18/25 8:00,9.52,356,N,14,0,0
10/18/25 9:00,9.33,2,N,13.02,0,0
10/18/25 10:00,6.8,2,N,9.52,0,0
10/18/25 11:00,6.8,30,NNE,12.05,0,0
10/18/25 12:00,0.19,85,E,4.08,0,0
10/18/25 13:00,1.94,167,SSE,3.3,0,0
10/18/25 14:00,4.86,264,W,6.41,0,0
10/18/25 15:00,5.64,273,W,7.39,0,0
10/18/25 16:00,6.03,273,W,7.97,0,0
10/18/25 17:00,7.39,302,WNW,9.72,0,0
10/18/25 18:00,4.47,323,NW,6.22,0,0
10/18/25 19:00,5.05,29,NNE,6.22,0,0
10/18/25 20:00,3.3,255,WSW,4.28,0,0
10/18/25 21:00,1.56,322,NW,2.33,0,0
10/18/25 22:00,0.97,49,NE,1.36,0,0
10/18/25 23:00,2.53,49,NE,3.3,0,0
10/19/25 0:00,2.53,42,NE,3.3,0,0
10/19/25 1:00,1.36,109,ESE,2.14,0,0
10/19/25 2:00,2.72,313,NW,4.08,0,0
10/19/25 3:00,8.94,215,SW,10.69,0,0
10/19/25 4:00,4.08,201,SSW,5.64,0,0
10/19/25 5:00,3.89,209,SSW,5.05,0,0
10/19/25 6:00,2.72,127,SE,3.5,0,0
10/19/25 7:00,5.83,205,SSW,8.94,0,0
10/19/25 8:00,4.08,214,SW,5.44,0,0
10/19/25 9:00,3.89,217,SW,7,0,0
10/19/25 10:00,9.91,181,S,11.27,0,0
10/19/25 11:00,7.58,188,S,9.33,0,0
10/19/25 12:00,5.64,196,SSW,7.39,0,0
10/19/25 13:00,6.03,185,S,8.36,0,0
10/19/25 14:00,4.28,173,S,5.05,0,0
10/19/25 15:00,9.14,209,SSW,12.64,0,0
10/19/25 16:00,9.91,217,SW,12.64,0,0
10/19/25 17:00,8.36,217,SW,11.08,0,0
10/19/25 18:00,5.25,200,SSW,7.58,0,0
10/19/25 19:00,5.05,181,S,7,0,0
10/19/25 20:00,7.39,200,SSW,9.72,0,0
10/19/25 21:00,10.89,169,S,13.02,0,0
10/19/25 22:00,7.97,179,S,9.33,0,0
10/19/25 23:00,7.58,186,S,8.94,0,0
10/20/25 0:00,4.67,206,SSW,7.19,0,0
10/20/25 1:00,4.47,193,SSW,6.22,0,0
10/20/25 2:00,0.58,204,SSW,2.53,0,0
10/20/25 3:00,1.36,343,NNW,2.33,0,0
10/20/25 4:00,2.92,17,NNE,4.08,0,0
10/20/25 5:00,3.5,324,NW,3.89,0,0
10/20/25 6:00,2.53,352,N,3.11,0,0
10/20/25 7:00,3.89,335,NNW,4.86,0,0
10/20/25 8:00,7,353,N,8.55,0,0
10/20/25 9:00,4.86,354,N,7.58,0,0
10/20/25 10:00,1.17,179,S,1.56,0,0
10/20/25 11:00,1.94,294,WNW,4.08,0,0
10/20/25 12:00,4.47,268,W,5.44,0,0
10/20/25 13:00,7.19,268,W,8.55,0,0
10/20/25 14:00,5.44,273,W,6.41,0,0
10/20/25 15:00,4.67,270,W,5.83,0,0
10/20/25 16:00,4.67,268,W,6.41,0,0
10/20/25 17:00,5.05,281,W,6.41,0,0
10/20/25 18:00,1.75,267,W,2.14,0,0
10/20/25 19:00,1.94,19,NNE,2.92,0,0
10/20/25 20:00,0.58,317,NW,1.94,0,0
10/20/25 21:00,7,4,N,8.55,0,0
10/20/25 22:00,9.52,354,N,11.47,0,0
10/20/25 23:00,7.97,360,N,9.91,0,0
10/21/25 0:00,9.91,348,NNW,11.86,0,0
10/21/25 1:00,11.47,349,N,13.8,0,0
10/21/25 2:00,8.16,1,N,10.69,0,0
10/21/25 3:00,9.52,351,N,11.27,0,0
10/21/25 4:00,7.97,352,N,10.3,0,0
10/21/25 5:00,6.41,344,NNW,8.16,0,0
10/21/25 6:00,7.39,0,N,9.52,0,0
10/21/25 7:00,8.16,349,N,9.72,0,0
10/21/25 8:00,11.66,344,NNW,13.22,0,0
10/21/25 9:00,4.08,24,NNE,6.03,0,0
10/21/25 10:00,3.89,229,SW,5.25,0,0
10/21/25 11:00,4.47,229,SW,5.64,0,0
10/21/25 12:00,4.67,212,SSW,5.83,0,0
10/21/25 13:00,8.55,214,SW,10.11,0,0
10/21/25 14:00,10.3,222,SW,13.61,0,0
10/21/25 15:00,7.58,215,SW,9.72,0,0
10/21/25 16:00,6.41,214,SW,8.94,0,0
10/21/25 17:00,6.03,211,SSW,9.52,0,0
10/21/25 18:00,5.64,218,SW,7.39,0,0
10/21/25 19:00,8.55,230,SW,11.08,0,0
10/21/25 20:00,9.33,259,W,12.25,0,0
10/21/25 21:00,11.27,223,SW,13.61,0,0
10/21/25 22:00,9.91,241,WSW,14.38,0,0
10/21/25 23:00,10.89,229,SW,14.38,0,0
10/22/25 0:00,9.33,223,SW,11.47,0,0
10/22/25 1:00,7.19,267,W,9.91,0,0
10/22/25 2:00,10.89,213,SSW,13.8,0,0
10/22/25 3:00,10.89,213,SSW,15.16,0,0
10/22/25 4:00,9.14,222,SW,14,0,0
10/22/25 5:00,7.78,272,W,14.97,0,0
10/22/25 6:00,9.52,249,WSW,13.8,0,0
10/22/25 7:00,9.33,243,WSW,13.22,0,0
10/22/25 8:00,7,257,WSW,10.69,0,0
10/22/25 9:00,5.83,262,W,8.55,0,0
10/22/25 10:00,7,245,WSW,10.11,0,0
10/22/25 11:00,7.97,263,W,10.5,0,0
10/22/25 12:00,5.64,218,SW,8.55,0,0
10/22/25 13:00,8.36,192,SSW,10.5,0,0
10/22/25 14:00,9.33,215,SW,13.22,0,0
10/22/25 15:00,12.25,228,SW,14.58,0,0
10/22/25 16:00,11.27,231,SW,14,0,0
10/22/25 17:00,10.11,246,WSW,14.19,0,0
10/22/25 18:00,9.33,263,W,13.22,0,0
10/22/25 19:00,4.28,235,SW,8.16,0,0
10/22/25 20:00,5.05,212,SSW,6.61,0,0
10/22/25 21:00,6.03,296,WNW,7.97,0,0
10/22/25 22:00,5.64,318,NW,7.58,0,0
10/22/25 23:00,4.67,316,NW,7.19,0,0
10/23/25 0:00,7,307,NW,8.55,0,0
10/23/25 1:00,5.25,335,NNW,7.97,0,0
10/23/25 2:00,6.22,304,NW,10.3,0,0
10/23/25 3:00,6.03,285,WNW,7.39,0,0
10/23/25 4:00,0.58,81,E,1.36,0,0
10/23/25 5:00,4.08,129,SE,6.03,0,0
10/23/25 6:00,5.25,111,ESE,6.61,0,0
10/23/25 7:00,2.53,119,ESE,3.89,0,0
10/23/25 8:00,5.83,112,ESE,7,0,0
10/23/25 9:00,5.44,155,SSE,8.36,0,0
10/23/25 10:00,2.92,202,SSW,4.86,0,0
10/23/25 11:00,1.36,157,SSE,2.14,0,0
10/23/25 12:00,6.22,158,SSE,7.78,0,0
10/23/25 13:00,5.05,193,SSW,6.22,0,0
10/23/25 14:00,8.36,215,SW,10.3,0,0
10/23/25 15:00,8.55,216,SW,11.86,0,0
10/23/25 16:00,10.11,216,SW,12.05,0,0
10/23/25 17:00,7.58,205,SSW,10.89,0,0
10/23/25 18:00,6.03,215,SW,8.16,0,0
10/23/25 19:00,3.5,209,SSW,4.86,0,0
10/23/25 20:00,2.92,195,SSW,3.5,0,0
10/23/25 21:00,6.03,186,S,7,0,0
10/23/25 22:00,10.11,164,SSE,11.47,0,0
10/23/25 23:00,8.36,165,SSE,12.25,0,0
10/24/25 0:00,6.61,184,S,8.55,0,0
10/24/25 1:00,6.41,145,SE,8.75,0,0
10/24/25 2:00,7,174,S,8.75,0,0
10/24/25 3:00,7.19,164,SSE,9.33,0,0
10/24/25 4:00,5.83,146,SE,8.94,0,0
10/24/25 5:00,4.08,129,SE,7.97,0,0
10/24/25 6:00,4.67,205,SSW,7,0,0
10/24/25 7:00,4.67,287,WNW,6.61,0,0
10/24/25 8:00,5.44,301,WNW,7,0,0
10/24/25 9:00,2.33,232,SW,4.28,0,0
10/24/25 10:00,3.69,173,S,4.28,0,0
10/24/25 11:00,5.83,181,S,7,0,0
10/24/25 12:00,6.22,192,SSW,7.19,0,0
10/24/25 13:00,9.14,213,SSW,10.5,0,0
10/24/25 14:00,10.11,213,SSW,14,0,0
10/24/25 15:00,10.5,201,SSW,14.19,0,0
10/24/25 16:00,9.72,218,SW,14,0,0
10/24/25 17:00,7.78,262,W,9.91,0,0
10/24/25 18:00,7.39,233,SW,9.72,0,0
10/24/25 19:00,4.08,254,WSW,7.78,0,0
10/24/25 20:00,3.69,232,SW,4.86,0,0
10/24/25 21:00,2.14,204,SSW,3.5,0,0
10/24/25 22:00,3.89,172,S,4.67,0,0
10/24/25 23:00,5.44,276,W,7.58,0,0
10/25/25 0:00,1.56,222,SW,2.33,0,0
10/25/25 1:00,3.69,229,SW,5.25,0,0
10/25/25 2:00,7.19,174,S,7.97,0,0
10/25/25 3:00,5.25,212,SSW,7,0,0
10/25/25 4:00,7.78,176,S,9.14,0,0
10/25/25 5:00,9.14,194,SSW,12.25,0,0
10/25/25 6:00,7.39,138,SE,10.5,0,0
10/25/25 7:00,10.11,135,SE,15.55,0,0
10/25/25 8:00,12.64,128,SE,18.47,0,0
10/25/25 9:00,13.02,147,SSE,19.44,0,0
10/25/25 10:00,10.5,146,SE,16.13,0,0
10/25/25 11:00,13.41,182,S,17.69,0,0
10/25/25 12:00,10.11,215,SW,13.8,0,0
10/25/25 13:00,9.33,232,SW,11.66,0,0
10/25/25 14:00,9.14,222,SW,11.66,0,0
10/25/25 15:00,7.97,223,SW,9.91,0,0
10/25/25 16:00,8.94,225,SW,10.89,0,0
10/25/25 17:00,9.14,225,SW,11.66,0,0
10/25/25 18:00,8.36,230,SW,10.11,0,0
10/25/25 19:00,5.64,311,NW,8.16,0,0
10/25/25 20:00,3.69,339,NNW,4.67,0,0
10/25/25 21:00,4.08,111,ESE,5.05,0,0
10/25/25 22:00,,,,,1,1
10/25/25 23:00,3.11,241,WSW,4.86,0,0
10/26/25 0:00,3.5,313,NW,4.67,0,0
10/26/25 1:00,3.5,327,NNW,5.83,0,0
10/26/25 2:00,0,328,NNW,0,0,0
10/26/25 3:00,0.58,322,NW,2.14,0,0
10/26/25 4:00,4.28,26,NNE,5.83,0,0
10/26/25 5:00,5.44,25,NNE,7,0,0
10/26/25 6:00,1.36,40,NE,2.33,0,0
10/26/25 7:00,5.64,176,S,6.61,0,0
10/26/25 8:00,5.44,213,SSW,7.58,0,0
10/26/25 9:00,9.52,219,SW,11.86,0,0
10/26/25 10:00,12.44,169,S,14.58,0,0
10/26/25 11:00,14.77,162,SSE,17.11,0,0
10/26/25 12:00,17.3,172,S,21.19,0,0
10/26/25 13:00,15.36,187,S,20.6,0,0
10/26/25 14:00,17.88,178,S,20.8,0,0
10/26/25 15:00,19.44,195,SSW,25.27,0,0
10/26/25 16:00,14.97,244,WSW,23.13,0,0
10/26/25 17:00,15.94,235,SW,24.69,0,0
10/26/25 18:00,11.86,282,WNW,16.13,0,0
10/26/25 19:00,9.72,276,W,12.44,0,0
10/26/25 20:00,11.86,228,SW,14.97,0,0
10/26/25 21:00,6.8,232,SW,9.33,0,0
10/26/25 22:00,5.05,236,SW,8.55,0,0
10/26/25 23:00,0,352,N,1.56,0,0
10/27/25 0:00,1.17,187,S,2.53,0,0
10/27/25 1:00,4.86,304,NW,7.97,0,0
10/27/25 2:00,1.94,8,N,2.72,0,0
10/27/25 3:00,0.19,317,NW,1.75,0,0
10/27/25 4:00,1.94,334,NNW,2.92,0,0
10/27/25 5:00,4.47,333,NNW,6.22,0,0
10/27/25 6:00,8.16,338,NNW,11.08,0,0
10/27/25 7:00,9.14,355,N,13.22,0,0
10/27/25 8:00,7,337,NNW,9.33,0,0
10/27/25 9:00,7.78,355,N,10.3,0,0
10/27/25 10:00,4.86,336,NNW,7.19,0,0
10/27/25 11:00,7.19,330,NNW,10.5,0,0
10/27/25 12:00,4.67,344,NNW,8.16,0,0
10/27/25 13:00,6.61,346,NNW,12.05,0,0
10/27/25 14:00,8.75,354,N,13.02,0,0
10/27/25 15:00,9.33,339,NNW,12.25,0,0
10/27/25 16:00,3.3,346,NNW,7,0,0
10/27/25 17:00,6.22,239,WSW,9.33,0,0
10/27/25 18:00,5.64,250,WSW,8.36,0,0
10/27/25 19:00,1.94,231,SW,4.28,0,0
10/27/25 20:00,0.39,81,E,2.14,0,0
10/27/25 21:00,0.19,125,SE,1.36,0,0
10/27/25 22:00,4.28,348,NNW,5.25,0,0
10/27/25 23:00,0,313,NW,1.17,0,0
10/28/25 0:00,1.94,339,NNW,3.3,0,0
10/28/25 1:00,4.08,18,NNE,6.61,0,0
10/28/25 2:00,4.08,343,NNW,5.25,0,0
10/28/25 3:00,4.28,331,NNW,5.83,0,0
10/28/25 4:00,7.78,11,N,10.11,0,0
10/28/25 5:00,7.58,351,N,9.14,0,0
10/28/25 6:00,5.05,330,NNW,7.39,0,0
10/28/25 7:00,5.44,339,NNW,7.39,0,0
10/28/25 8:00,5.25,357,N,7.58,0,0
10/28/25 9:00,6.22,347,NNW,7.78,0,0
10/28/25 10:00,6.61,348,NNW,9.14,0,0
10/28/25 11:00,4.67,344,NNW,6.61,0,0
10/28/25 12:00,5.25,269,W,6.22,0,0
10/28/25 13:00,4.86,267,W,7.39,0,0
10/28/25 14:00,7.58,333,NNW,9.72,0,0
10/28/25 15:00,10.89,338,NNW,14.19,0,0
10/28/25 16:00,8.16,330,NNW,11.08,0,0
10/28/25 17:00,5.64,341,NNW,9.91,0,0
10/28/25 18:00,4.67,22,NNE,6.41,0,0
10/28/25 19:00,4.47,275,W,5.64,0,0
10/28/25 20:00,1.56,32,NNE,2.14,0,0
10/28/25 21:00,2.72,32,NNE,3.69,0,0
10/28/25 22:00,2.72,6,N,4.67,0,0
10/28/25 23:00,5.44,13,NNE,8.36,0,0
10/29/25 0:00,7,347,NNW,7.78,0,0
10/29/25 1:00,,,,,1,1
10/29/25 2:00,2.92,350,N,5.64,0,0
10/29/25 3:00,6.61,358,N,8.36,0,0
10/29/25 4:00,8.16,360,N,10.3,0,0
10/29/25 5:00,8.94,343,NNW,10.69,0,0
10/29/25 6:00,9.52,341,NNW,11.27,0,0
10/29/25 7:00,7.97,337,NNW,9.91,0,0
10/29/25 8:00,8.94,1,N,12.44,0,0
10/29/25 9:00,10.5,339,NNW,15.55,0,0
10/29/25 10:00,12.25,338,NNW,13.8,0,0
10/29/25 11:00,9.14,350,N,11.66,0,0
10/29/25 12:00,7.19,339,NNW,8.94,0,0
10/29/25 13:00,0.78,275,W,3.5,0,0
10/29/25 14:00,1.94,272,W,3.69,0,0
10/29/25 15:00,4.47,224,SW,6.41,0,0
10/29/25 16:00,10.89,215,SW,12.83,0,0
10/29/25 17:00,7.78,219,SW,9.91,0,0
10/29/25 18:00,5.64,194,SSW,8.75,0,0
10/29/25 19:00,,,,,1,1
10/29/25 20:00,5.25,200,SSW,7.78,0,0
10/29/25 21:00,7,197,SSW,9.33,0,0
10/29/25 22:00,1.75,229,SW,2.72,0,0
10/29/25 23:00,2.92,226,SW,3.89,0,0
10/30/25 0:00,0.97,232,SW,2.72,0,0
10/30/25 1:00,4.28,209,SSW,6.41,0,0
10/30/25 2:00,5.05,220,SW,7,0,0
10/30/25 3:00,2.92,221,SW,4.28,0,0
10/30/25 4:00,4.47,213,SSW,6.8,0,0
10/30/25 5:00,4.67,220,SW,6.41,0,0
10/30/25 6:00,0.39,5,N,1.94,0,0
10/30/25 7:00,3.69,204,SSW,5.64,0,0
10/30/25 8:00,6.03,159,SSE,8.16,0,0
10/30/25 9:00,3.11,228,SW,4.86,0,0
10/30/25 10:00,4.67,162,SSE,7.19,0,0
10/30/25 11:00,6.22,165,SSE,8.16,0,0
10/30/25 12:00,5.83,178,S,8.75,0,0
10/30/25 13:00,4.86,212,SSW,7.19,0,0
10/30/25 14:00,8.75,214,SW,12.44,0,0
10/30/25 15:00,11.47,191,S,13.61,0,0
10/30/25 16:00,11.27,186,S,12.64,0,0
10/30/25 17:00,12.25,171,S,13.61,0,0
10/30/25 18:00,3.11,146,SE,7.58,0,0
10/30/25 19:00,5.83,283,WNW,8.16,0,0
10/30/25 20:00,7.58,183,S,9.33,0,0
10/30/25 21:00,9.52,126,SE,11.27,0,0
10/30/25 22:00,11.47,167,SSE,13.61,0,0
10/30/25 23:00,9.91,172,S,13.02,0,0
10/31/25 0:00,7.39,167,SSE,10.3,0,0
10/31/25 1:00,3.5,118,ESE,6.41,0,0
10/31/25 2:00,6.61,143,SE,10.69,0,0
10/31/25 3:00,6.8,127,SE,10.3,0,0
10/31/25 4:00,3.69,150,SSE,5.44,0,0
10/31/25 5:00,2.72,219,SW,4.47,0,0
10/31/25 6:00,4.67,116,ESE,5.83,0,0
10/31/25 7:00,2.33,100,E,4.47,0,0
10/31/25 8:00,0.58,84,E,2.53,0,0
10/31/25 9:00,2.92,15,NNE,5.25,0,0
10/31/25 10:00,1.94,30,NNE,4.08,0,0
10/31/25 11:00,2.33,199,SSW,3.89,0,0
10/31/25 12:00,2.72,220,SW,4.08,0,0
10/31/25 13:00,2.72,200,SSW,4.28,0,0
10/31/25 14:00,8.16,211,SSW,10.89,0,0
10/31/25 15:00,12.05,192,SSW,13.61,0,0
10/31/25 16:00,13.02,189,S,15.16,0,0
10/31/25 17:00,12.05,186,S,14,0,0
10/31/25 18:00,14,191,S,15.55,0,0
10/31/25 19:00,9.91,190,S,11.66,0,0
10/31/25 20:00,11.47,180,S,13.02,0,0
10/31/25 21:00,9.52,188,S,10.89,0,0
10/31/25 22:00,6.03,208,SSW,8.55,0,0
10/31/25 23:00,4.47,198,SSW,5.83,0,0
11/1/25 0:00,3.89,174,S,4.86,0,0
11/1/25 1:00,2.72,141,SE,4.28,0,0
11/1/25 2:00,4.08,206,SSW,6.22,0,0
11/1/25 3:00,4.08,208,SSW,5.64,0,0
11/1/25 4:00,4.86,219,SW,6.22,0,0
11/1/25 5:00,6.8,215,SW,8.36,0,0
11/1/25 6:00,6.03,210,SSW,8.55,0,0
11/1/25 7:00,2.92,232,SW,4.47,0,0
11/1/25 8:00,5.05,194,SSW,6.8,0,0
11/1/25 9:00,5.44,196,SSW,7.97,0,0
11/1/25 10:00,4.86,215,SW,6.8,0,0
11/1/25 11:00,4.47,185,S,6.61,0,0
11/1/25 12:00,3.11,114,ESE,4.67,0,0
11/1/25 13:00,4.86,192,SSW,5.44,0,0
11/1/25 14:00,5.44,218,SW,7.39,0,0
11/1/25 15:00,4.28,215,SW,6.03,0,0
11/1/25 16:00,5.25,199,SSW,7.39,0,0
11/1/25 17:00,4.08,211,SSW,6.03,0,0
11/1/25 18:00,1.75,276,W,3.11,0,0
11/1/25 19:00,0.97,126,SE,2.53,0,0
11/1/25 20:00,4.86,181,S,5.83,0,0
11/1/25 21:00,2.33,213,SSW,3.69,0,0
11/1/25 22:00,5.05,218,SW,6.03,0,0
11/1/25 23:00,4.08,209,SSW,6.03,0,0
11/2/25 0:00,4.47,194,SSW,6.22,0,0
11/2/25 1:00,0.39,94,E,1.56,0,0
11/2/25 2:00,0.58,178,S,2.53,0,0
11/2/25 3:00,1.75,75,ENE,2.33,0,0
11/2/25 4:00,2.72,14,NNE,3.89,0,0
11/2/25 5:00,0.58,337,NNW,1.75,0,0
11/2/25 6:00,2.92,46,NE,3.11,0,0
11/2/25 7:00,1.17,104,ESE,1.94,0,0
11/2/25 8:00,0,124,SE,1.56,0,0
11/2/25 9:00,1.56,106,ESE,2.72,0,0
11/2/25 10:00,1.56,264,W,2.33,0,0
11/2/25 11:00,1.17,234,SW,3.11,0,0
11/2/25 12:00,1.75,230,SW,2.53,0,0
11/2/25 13:00,4.08,221,SW,5.25,0,0
11/2/25 14:00,5.44,231,SW,6.41,0,0
11/2/25 15:00,4.86,212,SSW,6.61,0,0
11/2/25 16:00,2.53,199,SSW,4.28,0,0
11/2/25 17:00,4.28,203,SSW,6.41,0,0
11/2/25 18:00,5.83,226,SW,8.16,0,0
11/2/25 19:00,3.5,223,SW,5.05,0,0
11/2/25 20:00,5.64,202,SSW,7.19,0,0
11/2/25 21:00,2.92,220,SW,4.47,0,0
11/2/25 22:00,4.47,204,SSW,6.8,0,0
11/2/25 23:00,6.61,216,SW,9.72,0,0
11/3/25 0:00,7.39,217,SW,8.94,0,0
11/3/25 1:00,4.28,217,SW,6.03,0,0
11/3/25 2:00,6.22,196,SSW,8.94,0,0
11/3/25 3:00,6.8,201,SSW,9.91,0,0
11/3/25 4:00,7.78,191,S,10.11,0,0
11/3/25 5:00,6.41,177,S,8.55,0,0
11/3/25 6:00,9.52,189,S,11.27,0,0
11/3/25 7:00,10.11,188,S,14.19,0,0
11/3/25 8:00,12.83,193,SSW,15.36,0,0
11/3/25 9:00,11.66,192,SSW,14.97,0,0
11/3/25 10:00,9.33,212,SSW,11.66,0,0
11/3/25 11:00,9.14,193,SSW,11.08,0,0
11/3/25 12:00,10.3,198,SSW,13.02,0,0
11/3/25 13:00,11.08,215,SW,14,0,0
11/3/25 14:00,8.75,215,SW,11.27,0,0
11/3/25 15:00,9.91,216,SW,12.05,0,0
11/3/25 16:00,7.58,230,SW,9.72,0,0
11/3/25 17:00,8.16,258,WSW,11.08,0,0
11/3/25 18:00,3.69,240,WSW,7,0,0
11/3/25 19:00,2.33,12,NNE,4.28,0,0
11/3/25 20:00,1.36,179,S,2.53,0,0
11/3/25 21:00,8.36,191,S,10.11,0,0
11/3/25 22:00,7.78,187,S,9.14,0,0
11/3/25 23:00,7,190,S,7.97,0,0
11/4/25 0:00,6.03,121,ESE,7.58,0,0
11/4/25 1:00,5.83,161,SSE,8.16,0,0
11/4/25 2:00,7.58,151,SSE,10.69,0,0
11/4/25 3:00,7.19,131,SE,9.72,0,0
11/4/25 4:00,6.03,156,SSE,7.78,0,0
11/4/25 5:00,7.39,169,S,7.97,0,0
11/4/25 6:00,6.8,162,SSE,9.72,0,0
11/4/25 7:00,7.19,146,SE,10.69,0,0
11/4/25 8:00,7.97,170,S,9.52,0,0
11/4/25 9:00,5.44,162,SSE,8.55,0,0
11/4/25 10:00,5.44,178,S,6.8,0,0
11/4/25 11:00,3.5,193,SSW,5.05,0,0
11/4/25 12:00,5.83,186,S,6.8,0,0
11/4/25 13:00,9.52,231,SW,11.86,0,0
11/4/25 14:00,13.22,234,SW,17.3,0,0
11/4/25 15:00,13.8,228,SW,17.11,0,0
11/4/25 16:00,12.44,220,SW,17.11,0,0
11/4/25 17:00,13.41,222,SW,16.13,0,0
11/4/25 18:00,14.97,227,SW,17.3,0,0
11/4/25 19:00,11.66,188,S,15.16,0,0
11/4/25 20:00,8.55,230,SW,10.5,0,0
11/4/25 21:00,11.27,193,SSW,14.19,0,0
11/4/25 22:00,19.05,181,S,21.58,0,0
11/4/25 23:00,8.55,182,S,11.08,0,0
11/5/25 0:00,13.8,189,S,17.3,0,0
11/5/25 1:00,17.3,170,S,19.63,0,0
11/5/25 2:00,15.75,173,S,17.49,0,0
11/5/25 3:00,18.66,158,SSE,23.91,0,0
11/5/25 4:00,27.8,167,SSE,32.85,0,0
11/5/25 5:00,18.08,143,SE,27.41,0,0
11/5/25 6:00,22.55,150,SSE,33.05,0,0
11/5/25 7:00,23.91,159,SSE,30.32,0,0
11/5/25 8:00,25.66,165,SSE,32.46,0,0
11/5/25 9:00,26.63,170,S,33.43,0,0
11/5/25 10:00,25.46,169,S,29.16,0,0
11/5/25 11:00,20.99,182,S,26.05,0,0
11/5/25 12:00,20.41,186,S,25.85,0,0
11/5/25 13:00,19.63,177,S,24.3,0,0
11/5/25 14:00,13.22,178,S,15.16,0,0
11/5/25 15:00,11.27,168,SSE,13.22,0,0
11/5/25 16:00,13.22,156,SSE,17.69,0,0
11/5/25 17:00,11.47,154,SSE,16.33,0,0
11/5/25 18:00,11.27,179,S,13.22,0,0
11/5/25 19:00,12.05,180,S,14.19,0,0
11/5/25 20:00,10.89,178,S,12.64,0,0
11/5/25 21:00,11.66,180,S,13.22,0,0
11/5/25 22:00,7.97,179,S,8.94,0,0
11/5/25 23:00,8.36,165,SSE,9.52,0,0
11/6/25 0:00,4.47,210,SSW,5.44,0,0
11/6/25 1:00,6.22,250,WSW,10.3,0,0
11/6/25 2:00,5.44,240,WSW,8.36,0,0
11/6/25 3:00,4.86,241,WSW,8.55,0,0
11/6/25 4:00,4.28,241,WSW,6.61,0,0
11/6/25 5:00,6.22,236,SW,8.55,0,0
11/6/25 6:00,5.64,267,W,7,0,0
11/6/25 7:00,2.33,247,WSW,3.69,0,0
11/6/25 8:00,2.72,236,SW,3.69,0,0
11/6/25 9:00,4.28,294,WNW,6.22,0,0
11/6/25 10:00,1.75,219,SW,2.72,0,0
11/6/25 11:00,2.92,218,SW,3.89,0,0
11/6/25 12:00,2.72,219,SW,4.47,0,0
11/6/25 13:00,3.5,266,W,6.41,0,0
11/6/25 14:00,5.44,230,SW,7.39,0,0
11/6/25 15:00,5.83,209,SSW,8.16,0,0
11/6/25 16:00,8.36,215,SW,10.89,0,0
11/6/25 17:00,7.97,218,SW,9.33,0,0
11/6/25 18:00,5.44,192,SSW,7,0,0
11/6/25 19:00,3.89,224,SW,4.67,0,0
11/6/25 20:00,5.64,219,SW,7,0,0
11/6/25 21:00,1.75,153,SSE,3.5,0,0
11/6/25 22:00,2.53,166,SSE,3.11,0,0
11/6/25 23:00,3.11,105,ESE,4.08,0,0
11/7/25 0:00,4.47,112,ESE,5.83,0,0
11/7/25 1:00,3.89,120,ESE,4.67,0,0
11/7/25 2:00,2.72,131,SE,3.5,0,0
11/7/25 3:00,3.69,180,S,4.47,0,0
11/7/25 4:00,4.67,121,ESE,5.64,0,0
11/7/25 5:00,4.67,132,SE,6.61,0,0
11/7/25 6:00,4.28,136,SE,6.22,0,0
11/7/25 7:00,5.05,119,ESE,6.8,0,0
11/7/25 8:00,4.86,150,SSE,7.58,0,0
11/7/25 9:00,6.41,163,SSE,7.97,0,0
11/7/25 10:00,3.69,163,SSE,5.05,0,0
11/7/25 11:00,3.3,183,S,3.89,0,0
11/7/25 12:00,3.3,190,S,4.08,0,0
11/7/25 13:00,4.28,219,SW,6.03,0,0
11/7/25 14:00,3.89,194,SSW,5.64,0,0
11/7/25 15:00,4.47,193,SSW,5.44,0,0
11/7/25 16:00,4.67,224,SW,5.83,0,0
11/7/25 17:00,2.53,255,WSW,4.86,0,0
11/7/25 18:00,1.56,201,SSW,2.33,0,0
11/7/25 19:00,0.19,128,SE,0.58,0,0
11/7/25 20:00,4.47,6,N,6.03,0,0
11/7/25 21:00,3.89,355,N,5.25,0,0
11/7/25 22:00,6.03,3,N,7.19,0,0
11/7/25 23:00,7,358,N,7.97,0,0
11/8/25 0:00,6.8,356,N,7.78,0,0
11/8/25 1:00,2.72,22,NNE,3.89,0,0
11/8/25 2:00,3.5,350,N,4.08,0,0
11/8/25 3:00,3.69,10,N,5.05,0,0
11/8/25 4:00,4.08,311,NW,5.64,0,0
11/8/25 5:00,6.61,357,N,7.97,0,0
11/8/25 6:00,4.67,317,NW,5.83,0,0
11/8/25 7:00,6.61,336,NNW,7.58,0,0
11/8/25 8:00,7.39,353,N,10.89,0,0
11/8/25 9:00,6.22,333,NNW,7.39,0,0
11/8/25 10:00,7.78,352,N,10.89,0,0
11/8/25 11:00,5.25,322,NW,7.58,0,0
11/8/25 12:00,7.19,339,NNW,8.75,0,0
11/8/25 13:00,5.05,332,NNW,7.97,0,0
11/8/25 14:00,9.14,318,NW,11.86,0,0
11/8/25 15:00,8.55,331,NNW,12.05,0,0
11/8/25 16:00,7.58,359,N,10.5,0,0
11/8/25 17:00,5.25,340,NNW,6.41,0,0
11/8/25 18:00,4.86,24,NNE,6.03,0,0
11/8/25 19:00,6.03,30,NNE,7.58,0,0
11/8/25 20:00,4.67,3,N,6.22,0,0
11/8/25 21:00,6.22,341,NNW,8.55,0,0
11/8/25 22:00,8.55,347,NNW,10.3,0,0
11/8/25 23:00,10.11,345,NNW,12.05,0,0
11/9/25 0:00,10.5,345,NNW,12.05,0,0
11/9/25 1:00,6.61,1,N,8.75,0,0
11/9/25 2:00,7.58,349,N,8.94,0,0
11/9/25 3:00,6.22,1,N,8.16,0,0
11/9/25 4:00,6.61,2,N,8.55,0,0
11/9/25 5:00,7.39,355,N,9.33,0,0
11/9/25 6:00,2.33,22,NNE,3.69,0,0
11/9/25 7:00,6.03,359,N,7.78,0,0
11/9/25 8:00,6.03,22,NNE,8.94,0,0
11/9/25 9:00,3.89,41,NE,7.78,0,0
11/9/25 10:00,4.86,55,NE,11.47,0,0
11/9/25 11:00,4.08,54,NE,7.58,0,0
11/9/25 12:00,2.33,76,ENE,4.86,0,0
11/9/25 13:00,5.83,36,NE,8.36,0,0
11/9/25 14:00,8.36,28,NNE,11.27,0,0
11/9/25 15:00,6.03,39,NE,7.78,0,0
11/9/25 16:00,6.41,32,NNE,8.36,0,0
11/9/25 17:00,5.44,39,NE,8.16,0,0
11/9/25 18:00,0.19,45,NE,2.33,0,0
11/9/25 19:00,1.56,19,NNE,2.92,0,0
11/9/25 20:00,,,,,1,1
11/9/25 21:00,7,2,N,8.36,0,0
11/9/25 22:00,8.55,352,N,10.3,0,0
11/9/25 23:00,4.08,15,NNE,8.94,0,0
11/10/25 0:00,6.22,356,N,7.19,0,0
11/10/25 1:00,5.25,2,N,7.39,0,0
11/10/25 2:00,11.86,343,NNW,13.22,0,0
11/10/25 3:00,12.44,346,NNW,15.36,0,0
11/10/25 4:00,9.72,353,N,12.05,0,0
11/10/25 5:00,3.89,10,N,6.61,0,0
11/10/25 6:00,6.61,359,N,7.97,0,0
11/10/25 7:00,6.22,5,N,8.75,0,0
11/10/25 8:00,6.41,2,N,9.14,0,0
11/10/25 9:00,6.03,354,N,8.16,0,0
11/10/25 10:00,11.66,333,NNW,13.8,0,0
11/10/25 11:00,7.58,337,NNW,9.72,0,0
11/10/25 12:00,5.83,15,NNE,8.75,0,0
11/10/25 13:00,1.17,140,SE,1.94,0,0
11/10/25 14:00,8.55,334,NNW,10.5,0,0
11/10/25 15:00,9.52,342,NNW,11.08,0,0
11/10/25 16:00,6.22,335,NNW,7.97,0,0
11/10/25 17:00,7.39,343,NNW,8.75,0,0
11/10/25 18:00,7.78,350,N,8.94,0,0
11/10/25 19:00,5.05,332,NNW,7.58,0,0
11/10/25 20:00,10.11,347,NNW,12.05,0,0
11/10/25 21:00,10.11,350,N,12.05,0,0
11/10/25 22:00,4.28,10,N,8.16,0,0
11/10/25 23:00,5.44,360,N,7,0,0
11/11/25 0:00,6.8,7,N,8.36,0,0
11/11/25 1:00,8.75,347,NNW,10.11,0,0
11/11/25 2:00,9.33,353,N,12.44,0,0
11/11/25 3:00,9.91,351,N,12.44,0,0
11/11/25 4:00,3.89,8,N,6.22,0,0
11/11/25 5:00,4.86,14,NNE,6.61,0,0
11/11/25 6:00,7,1,N,8.16,0,0
11/11/25 7:00,6.8,357,N,7.97,0,0
11/11/25 8:00,7.97,346,NNW,9.33,0,0
11/11/25 9:00,3.5,312,NW,4.67,0,0
11/11/25 10:00,4.08,20,NNE,6.03,0,0
11/11/25 11:00,1.17,140,SE,2.33,0,0
11/11/25 12:00,4.08,265,W,5.83,0,0
11/11/25 13:00,3.89,212,SSW,5.64,0,0
11/11/25 14:00,1.75,182,S,3.69,0,0
11/11/25 15:00,3.89,258,WSW,7.19,0,0
11/11/25 16:00,0.78,161,SSE,2.14,0,0
11/11/25 17:00,5.25,257,WSW,9.14,0,0
11/11/25 18:00,3.3,256,WSW,6.22,0,0
11/11/25 19:00,7.39,246,WSW,9.52,0,0
11/11/25 20:00,12.44,225,SW,17.88,0,0
11/11/25 21:00,13.02,231,SW,17.3,0,0
11/11/25 22:00,12.83,235,SW,18.86,0,0
11/11/25 23:00,14,230,SW,16.91,0,0
11/12/25 0:00,10.3,223,SW,11.47,0,0
11/12/25 1:00,6.41,194,SSW,7.58,0,0
11/12/25 2:00,8.94,224,SW,11.08,0,0
11/12/25 3:00,8.94,226,SW,10.69,0,0
11/12/25 4:00,4.08,226,SW,4.86,0,0
11/12/25 5:00,5.83,126,SE,7.58,0,0
11/12/25 6:00,10.69,164,SSE,12.25,0,0
11/12/25 7:00,8.36,130,SE,12.44,0,0
11/12/25 8:00,8.94,127,SE,13.02,0,0
11/12/25 9:00,9.14,131,SE,11.86,0,0
11/12/25 10:00,8.75,179,S,10.11,0,0
11/12/25 11:00,8.36,181,S,9.91,0,0
11/12/25 12:00,10.89,130,SE,16.91,0,0
11/12/25 13:00,11.47,160,SSE,13.8,0,0
11/12/25 14:00,9.52,153,SSE,13.02,0,0
11/12/25 15:00,7.97,147,SSE,11.86,0,0
11/12/25 16:00,8.75,156,SSE,12.25,0,0
11/12/25 17:00,7.19,148,SSE,9.72,0,0
11/12/25 18:00,,,,,1,1
11/12/25 19:00,10.3,142,SE,14,0,0
11/12/25 20:00,11.27,123,ESE,14.19,0,0
11/12/25 21:00,10.5,127,SE,14.77,0,0
11/12/25 22:00,10.69,124,SE,14.97,0,0
11/12/25 23:00,11.27,125,SE,14.97,0,0
11/13/25 0:00,15.55,125,SE,20.41,0,0
11/13/25 1:00,14.58,130,SE,20.6,0,0
11/13/25 2:00,19.24,141,SE,28.77,0,0
11/13/25 3:00,17.69,142,SE,25.08,0,0
11/13/25 4:00,20.22,135,SE,27.8,0,0
11/13/25 5:00,18.66,133,SE,26.24,0,0
11/13/25 6:00,19.63,132,SE,26.24,0,0
11/13/25 7:00,16.91,136,SE,22.55,0,0
11/13/25 8:00,18.86,130,SE,26.82,0,0
11/13/25 9:00,12.64,219,SW,17.69,0,0
11/13/25 10:00,8.55,214,SW,11.27,0,0
11/13/25 11:00,10.11,188,S,11.86,0,0
11/13/25 12:00,5.05,182,S,6.03,0,0
11/13/25 13:00,3.11,155,SSE,4.47,0,0
11/13/25 14:00,8.55,190,S,11.27,0,0
11/13/25 15:00,7.78,182,S,10.11,0,0
11/13/25 16:00,6.61,141,SE,9.14,0,0
11/13/25 17:00,4.08,220,SW,4.86,0,0
11/13/25 18:00,10.11,212,SSW,14.58,0,0
11/13/25 19:00,11.86,184,S,14.19,0,0
11/13/25 20:00,12.64,187,S,15.16,0,0
11/13/25 21:00,13.41,196,SSW,16.13,0,0
11/13/25 22:00,9.14,213,SSW,12.64,0,0
11/13/25 23:00,8.16,203,SSW,12.25,0,0
11/14/25 0:00,7.78,207,SSW,9.91,0,0
11/14/25 1:00,3.5,201,SSW,6.61,0,0
11/14/25 2:00,4.08,188,S,5.83,0,0
11/14/25 3:00,4.28,189,S,5.64,0,0
11/14/25 4:00,1.75,106,ESE,2.72,0,0
11/14/25 5:00,0,78,ENE,0,0,0
11/14/25 6:00,1.75,49,NE,3.11,0,0
11/14/25 7:00,0.97,23,NNE,2.72,0,0
11/14/25 8:00,5.83,295,WNW,7.78,0,0
11/14/25 9:00,0.78,327,NNW,2.72,0,0
11/14/25 10:00,5.05,266,W,7,0,0
11/14/25 11:00,2.14,115,ESE,2.92,0,0
11/14/25 12:00,2.14,254,WSW,3.89,0,0
11/14/25 13:00,3.11,265,W,4.28,0,0
11/14/25 14:00,2.72,259,W,4.67,0,0
11/14/25 15:00,3.3,228,SW,3.89,0,0
11/14/25 16:00,3.89,231,SW,4.67,0,0
11/14/25 17:00,1.56,8,N,3.69,0,0
11/14/25 18:00,4.86,34,NE,6.03,0,0
11/14/25 19:00,,,,,1,1
11/14/25 20:00,2.72,337,NNW,4.67,0,0
11/14/25 21:00,4.47,10,N,10.5,0,0
11/14/25 22:00,6.22,339,NNW,7.78,0,0
11/14/25 23:00,7.58,358,N,9.91,0,0
11/15/25 0:00,8.16,360,N,11.66,0,0
11/15/25 1:00,6.41,354,N,8.55,0,0
11/15/25 2:00,7.39,355,N,10.89,0,0
11/15/25 3:00,7,4,N,9.72,0,0
11/15/25 4:00,7.19,2,N,10.11,0,0
11/15/25 5:00,7.39,2,N,10.5,0,0
11/15/25 6:00,5.44,9,N,7.97,0,0
11/15/25 7:00,5.25,8,N,7.39,0,0
11/15/25 8:00,8.16,26,NNE,9.91,0,0
11/15/25 9:00,3.11,11,N,5.64,0,0
11/15/25 10:00,2.92,353,N,6.22,0,0
11/15/25 11:00,0.97,300,WNW,2.14,0,0
11/15/25 12:00,2.14,163,SSE,2.33,0,0
11/15/25 13:00,4.47,181,S,5.25,0,0
11/15/25 14:00,7.39,178,S,8.75,0,0
11/15/25 15:00,12.05,162,SSE,14.97,0,0
11/15/25 16:00,11.08,215,SW,14,0,0
11/15/25 17:00,11.27,207,SSW,14.97,0,0
11/15/25 18:00,12.64,208,SSW,16.13,0,0
11/15/25 19:00,14.97,195,SSW,19.05,0,0
11/15/25 20:00,11.08,205,SSW,15.16,0,0
11/15/25 21:00,13.41,193,SSW,16.33,0,0
11/15/25 22:00,13.61,201,SSW,16.72,0,0
11/15/25 23:00,10.11,208,SSW,14.97,0,0
11/16/25 0:00,10.11,209,SSW,15.36,0,0
11/16/25 1:00,5.25,226,SW,7.97,0,0
11/16/25 2:00,9.14,233,SW,12.44,0,0
11/16/25 3:00,7.58,232,SW,10.69,0,0
11/16/25 4:00,8.16,226,SW,11.66,0,0
11/16/25 5:00,8.55,229,SW,10.5,0,0
11/16/25 6:00,6.8,252,WSW,12.05,0,0
11/16/25 7:00,10.11,226,SW,12.83,0,0
11/16/25 8:00,8.36,218,SW,10.69,0,0
11/16/25 9:00,10.69,216,SW,14.19,0,0
11/16/25 10:00,8.55,185,S,10.5,0,0
11/16/25 11:00,7.97,209,SSW,11.66,0,0
11/16/25 12:00,8.75,186,S,11.47,0,0
11/16/25 13:00,12.64,176,S,14.77,0,0
11/16/25 14:00,11.08,173,S,12.44,0,0
11/16/25 15:00,14,176,S,15.55,0,0
11/16/25 16:00,10.5,204,SSW,14,0,0
11/16/25 17:00,18.27,181,S,21.38,0,0
11/16/25 18:00,21.19,176,S,24.3,0,0
11/16/25 19:00,14.77,147,SSE,21.97,0,0
11/16/25 20:00,16.72,145,SE,21.97,0,0
11/16/25 21:00,15.16,135,SE,21.58,0,0
11/16/25 22:00,24.1,163,SSE,27.21,0,0
11/16/25 23:00,18.08,145,SE,26.05,0,0
11/17/25 0:00,11.47,242,WSW,21.58,0,0
11/17/25 1:00,7,152,SSE,9.14,0,0
11/17/25 2:00,12.05,156,SSE,15.36,0,0
11/17/25 3:00,10.11,197,SSW,13.8,0,0
11/17/25 4:00,12.05,174,S,13.02,0,0
11/17/25 5:00,8.94,222,SW,13.02,0,0
11/17/25 6:00,9.14,234,SW,12.44,0,0
11/17/25 7:00,9.52,226,SW,12.25,0,0
11/17/25 8:00,8.75,308,NW,12.05,0,0
11/17/25 9:00,10.3,272,W,18.27,0,0
11/17/25 10:00,8.55,230,SW,12.25,0,0
11/17/25 11:00,16.72,232,SW,24.1,0,0
11/17/25 12:00,13.22,265,W,16.33,0,0
11/17/25 13:00,11.08,264,W,15.94,0,0
11/17/25 14:00,12.83,279,W,16.91,0,0
11/17/25 15:00,13.61,282,WNW,16.13,0,0
11/17/25 16:00,10.89,281,W,16.91,0,0
11/17/25 17:00,9.52,285,WNW,12.44,0,0
11/17/25 18:00,9.33,301,WNW,14,0,0
11/17/25 19:00,8.75,306,NW,12.83,0,0
11/17/25 20:00,7,296,WNW,9.33,0,0
11/17/25 21:00,6.61,289,WNW,8.36,0,0
11/17/25 22:00,2.92,307,NW,4.08,0,0
11/17/25 23:00,3.11,29,NNE,3.69,0,0
11/18/25 0:00,3.89,45,NE,4.47,0,0
11/18/25 1:00,5.64,33,NNE,6.41,0,0
11/18/25 2:00,1.17,102,ESE,3.3,0,0
11/18/25 3:00,7.97,34,NE,10.89,0,0
11/18/25 4:00,8.36,28,NNE,9.91,0,0
11/18/25 5:00,12.44,24,NNE,15.75,0,0
11/18/25 6:00,8.75,28,NNE,13.41,0,0
11/18/25 7:00,3.69,329,NNW,4.86,0,0
11/18/25 8:00,9.33,41,NE,10.89,0,0
11/18/25 9:00,2.92,106,ESE,4.86,0,0
11/18/25 10:00,5.64,112,ESE,7.78,0,0
11/18/25 11:00,4.67,222,SW,5.83,0,0
11/18/25 12:00,4.08,254,WSW,6.8,0,0
11/18/25 13:00,3.11,193,SSW,4.47,0,0
11/18/25 14:00,6.61,231,SW,8.75,0,0
11/18/25 15:00,6.03,226,SW,7.78,0,0
11/18/25 16:00,6.8,220,SW,8.36,0,0
11/18/25 17:00,7.39,244,WSW,11.08,0,0
11/18/25 18:00,6.03,249,WSW,8.94,0,0
11/18/25 19:00,2.92,256,WSW,4.86,0,0
11/18/25 20:00,6.22,257,WSW,7.97,0,0
11/18/25 21:00,2.33,288,WNW,3.69,0,0
11/18/25 22:00,4.28,250,WSW,7.19,0,0
11/18/25 23:00,3.3,228,SW,5.25,0,0
11/19/25 0:00,2.53,210,SSW,3.89,0,0
11/19/25 1:00,4.08,178,S,6.03,0,0
11/19/25 2:00,6.41,195,SSW,8.36,0,0
11/19/25 3:00,6.22,185,S,8.75,0,0
11/19/25 4:00,6.41,128,SE,9.33,0,0
11/19/25 5:00,6.22,133,SE,9.14,0,0
11/19/25 6:00,7.58,125,SE,10.5,0,0
11/19/25 7:00,8.36,126,SE,11.47,0,0
11/19/25 8:00,7.58,143,SE,12.05,0,0
11/19/25 9:00,8.75,153,SSE,11.27,0,0
11/19/25 10:00,6.61,133,SE,9.33,0,0
11/19/25 11:00,6.8,134,SE,8.94,0,0
11/19/25 12:00,8.16,171,S,9.52,0,0
11/19/25 13:00,7.78,186,S,10.3,0,0
11/19/25 14:00,8.94,223,SW,12.64,0,0
11/19/25 15:00,8.55,229,SW,9.91,0,0
11/19/25 16:00,6.61,222,SW,8.55,0,0
11/19/25 17:00,5.05,170,S,6.22,0,0
11/19/25 18:00,2.72,227,SW,3.69,0,0
11/19/25 19:00,4.67,141,SE,9.14,0,0
11/19/25 20:00,9.33,263,W,11.08,0,0
11/19/25 21:00,8.75,223,SW,11.08,0,0
11/19/25 22:00,8.75,228,SW,10.5,0,0
11/19/25 23:00,6.03,199,SSW,8.16,0,0
11/20/25 0:00,6.8,198,SSW,8.55,0,0
11/20/25 1:00,6.03,186,S,7.39,0,0
11/20/25 2:00,5.25,162,SSE,7.39,0,0
11/20/25 3:00,4.28,285,WNW,7.39,0,0
11/20/25 4:00,4.08,126,SE,5.44,0,0
11/20/25 5:00,6.22,114,ESE,7.19,0,0
11/20/25 6:00,,,,,1,1
11/20/25 7:00,0,65,ENE,0,0,0
11/20/25 8:00,1.56,43,NE,1.94,0,0
11/20/25 9:00,1.75,351,N,3.3,0,0
11/20/25 10:00,2.92,311,NW,4.47,0,0
11/20/25 11:00,2.33,275,W,3.5,0,0
11/20/25 12:00,4.28,286,WNW,8.36,0,0
11/20/25 13:00,2.72,337,NNW,5.83,0,0
11/20/25 14:00,2.53,176,S,4.08,0,0
11/20/25 15:00,3.89,269,W,7.39,0,0
11/20/25 16:00,7.39,287,WNW,10.69,0,0
11/20/25 17:00,7.58,295,WNW,9.72,0,0
11/20/25 18:00,7.19,306,NW,8.94,0,0
11/20/25 19:00,1.94,284,WNW,3.3,0,0
11/20/25 20:00,3.5,301,WNW,5.25,0,0
11/20/25 21:00,3.3,10,N,4.28,0,0
11/20/25 22:00,3.5,24,NNE,4.86,0,0
11/20/25 23:00,2.33,13,NNE,4.86,0,0
11/21/25 0:00,4.86,4,N,5.83,0,0
11/21/25 1:00,5.83,359,N,7.58,0,0
11/21/25 2:00,5.64,358,N,7,0,0
11/21/25 3:00,9.72,2,N,13.02,0,0
11/21/25 4:00,6.03,28,NNE,10.5,0,0
11/21/25 5:00,5.64,349,N,6.8,0,0
11/21/25 6:00,5.44,23,NNE,6.8,0,0
11/21/25 7:00,1.94,32,NNE,2.92,0,0
11/21/25 8:00,3.89,111,ESE,5.83,0,0
11/21/25 9:00,1.75,123,ESE,2.92,0,0
11/21/25 10:00,3.89,186,S,4.67,0,0
11/21/25 11:00,7,161,SSE,8.36,0,0
11/21/25 12:00,6.61,177,S,7.78,0,0
11/21/25 13:00,2.92,218,SW,4.67,0,0
11/21/25 14:00,4.08,224,SW,5.83,0,0
11/21/25 15:00,2.33,233,SW,4.28,0,0
11/21/25 16:00,,,,,1,1
11/21/25 17:00,4.47,141,SE,5.25,0,0
11/21/25 18:00,6.03,213,SSW,8.36,0,0
11/21/25 19:00,5.64,177,S,7,0,0
11/21/25 20:00,5.05,192,SSW,5.83,0,0
11/21/25 21:00,5.64,216,SW,7.39,0,0
11/21/25 22:00,5.05,181,S,5.83,0,0
11/21/25 23:00,4.86,196,SSW,6.61,0,0
11/22/25 0:00,4.47,23,NNE,5.05,0,0
11/22/25 1:00,3.11,19,NNE,4.08,0,0
11/22/25 2:00,2.33,330,NNW,3.69,0,0
11/22/25 3:00,3.5,360,N,4.08,0,0
11/22/25 4:00,3.11,14,NNE,3.89,0,0
11/22/25 5:00,7.78,350,N,9.14,0,0
11/22/25 6:00,5.64,341,NNW,6.61,0,0
11/22/25 7:00,3.11,335,NNW,4.28,0,0
11/22/25 8:00,6.41,347,NNW,8.36,0,0
11/22/25 9:00,7.78,341,NNW,8.75,0,0
11/22/25 10:00,5.44,354,N,9.33,0,0
11/22/25 11:00,2.72,359,N,5.83,0,0
11/22/25 12:00,1.56,248,WSW,3.3,0,0
11/22/25 13:00,3.11,216,SW,4.47,0,0
11/22/25 14:00,6.8,194,SSW,8.55,0,0
11/22/25 15:00,9.72,213,SSW,13.41,0,0
11/22/25 16:00,11.66,184,S,13.02,0,0
11/22/25 17:00,5.83,215,SW,7.58,0,0
11/22/25 18:00,7,196,SSW,8.75,0,0
11/22/25 19:00,7.19,192,SSW,9.52,0,0
11/22/25 20:00,3.89,212,SSW,5.44,0,0
11/22/25 21:00,2.72,306,NW,3.11,0,0
11/22/25 22:00,1.56,310,NW,1.94,0,0
11/22/25 23:00,0.39,302,WNW,1.94,0,0
11/23/25 0:00,2.33,35,NE,3.11,0,0
11/23/25 1:00,2.92,277,W,4.67,0,0
11/23/25 2:00,0.58,4,N,0.97,0,0
11/23/25 3:00,1.17,310,NW,1.94,0,0
11/23/25 4:00,1.56,321,NW,2.14,0,0
11/23/25 5:00,3.69,305,NW,4.67,0,0
11/23/25 6:00,1.75,302,WNW,2.53,0,0
11/23/25 7:00,0.78,11,N,2.92,0,0
11/23/25 8:00,1.94,359,N,3.69,0,0
11/23/25 9:00,2.33,34,NE,3.5,0,0
11/23/25 10:00,1.17,191,S,2.92,0,0
11/23/25 11:00,3.89,226,SW,5.25,0,0
11/23/25 12:00,6.22,303,WNW,8.75,0,0
11/23/25 13:00,8.75,344,NNW,10.3,0,0
11/23/25 14:00,3.69,345,NNW,7.19,0,0
11/23/25 15:00,4.47,340,NNW,8.94,0,0
11/23/25 16:00,4.08,343,NNW,6.41,0,0
11/23/25 17:00,2.33,333,NNW,3.5,0,0
11/23/25 18:00,1.17,357,N,2.14,0,0
11/23/25 19:00,1.56,345,NNW,2.53,0,0
11/23/25 20:00,6.8,319,NW,8.36,0,0
11/23/25 21:00,1.17,326,NW,3.11,0,0
11/23/25 22:00,1.17,211,SSW,2.72,0,0
11/23/25 23:00,6.22,120,ESE,7,0,0
11/24/25 0:00,2.72,25,NNE,4.08,0,0
11/24/25 1:00,4.47,17,NNE,7.78,0,0
11/24/25 2:00,5.44,4,N,7.19,0,0
11/24/25 3:00,2.72,9,N,6.41,0,0
11/24/25 4:00,5.83,351,N,7.97,0,0
11/24/25 5:00,4.08,347,NNW,6.22,0,0
11/24/25 6:00,4.47,355,N,7.78,0,0
11/24/25 7:00,4.67,33,NNE,7.39,0,0
11/24/25 8:00,3.5,47,NE,6.8,0,0
11/24/25 9:00,5.44,10,N,11.66,0,0
11/24/25 10:00,7.58,35,NE,12.25,0,0
11/24/25 11:00,5.44,5,N,9.52,0,0
11/24/25 12:00,11.47,333,NNW,14.58,0,0
11/24/25 13:00,10.11,341,NNW,13.02,0,0
11/24/25 14:00,6.8,4,N,11.08,0,0
11/24/25 15:00,4.86,359,N,7.58,0,0
11/24/25 16:00,3.5,319,NW,5.44,0,0
11/24/25 17:00,6.22,305,NW,7.58,0,0
11/24/25 18:00,5.05,333,NNW,5.83,0,0
11/24/25 19:00,3.69,355,N,4.08,0,0
11/24/25 20:00,0.78,75,ENE,1.94,0,0
11/24/25 21:00,4.28,354,N,4.86,0,0
11/24/25 22:00,8.55,3,N,10.3,0,0
11/24/25 23:00,10.11,351,N,11.08,0,0
11/25/25 0:00,9.33,351,N,11.86,0,0
11/25/25 1:00,7.39,352,N,10.3,0,0
11/25/25 2:00,6.8,356,N,8.36,0,0
11/25/25 3:00,9.72,340,NNW,11.47,0,0
11/25/25 4:00,9.33,350,N,11.08,0,0
11/25/25 5:00,11.08,345,NNW,12.64,0,0
11/25/25 6:00,9.33,355,N,12.64,0,0
11/25/25 7:00,7.97,14,NNE,12.44,0,0
11/25/25 8:00,8.16,34,NE,13.22,0,0
11/25/25 9:00,11.47,40,NE,16.13,0,0
11/25/25 10:00,11.27,40,NE,15.75,0,0
11/25/25 11:00,6.03,34,NE,12.44,0,0
11/25/25 12:00,11.08,33,NNE,13.8,0,0
11/25/25 13:00,6.41,42,NE,10.89,0,0
11/25/25 14:00,6.41,31,NNE,9.52,0,0
11/25/25 15:00,7,11,N,10.69,0,0
11/25/25 16:00,6.61,22,NNE,9.52,0,0
11/25/25 17:00,7,4,N,10.11,0,0
11/25/25 18:00,7.58,353,N,10.3,0,0
11/25/25 19:00,7.58,356,N,10.5,0,0
11/25/25 20:00,8.16,354,N,10.5,0,0
11/25/25 21:00,8.36,358,N,10.89,0,0
11/25/25 22:00,11.47,354,N,14.77,0,0
11/25/25 23:00,8.94,344,NNW,10.69,0,0
11/26/25 0:00,10.69,359,N,13.61,0,0
11/26/25 1:00,9.91,342,NNW,13.22,0,0
11/26/25 2:00,9.33,352,N,12.44,0,0
11/26/25 3:00,8.94,351,N,13.22,0,0
11/26/25 4:00,9.33,354,N,14.19,0,0
11/26/25 5:00,11.66,1,N,15.16,0,0
11/26/25 6:00,10.69,4,N,13.61,0,0
11/26/25 7:00,10.11,28,NNE,12.64,0,0
11/26/25 8:00,9.33,29,NNE,12.05,0,0
11/26/25 9:00,7.19,28,NNE,9.33,0,0
11/26/25 10:00,8.16,26,NNE,12.05,0,0
11/26/25 11:00,9.14,21,NNE,16.72,0,0
11/26/25 12:00,9.33,40,NE,12.83,0,0
11/26/25 13:00,9.72,26,NNE,13.61,0,0
11/26/25 14:00,10.89,32,NNE,13.41,0,0
11/26/25 15:00,7,23,NNE,12.25,0,0
11/26/25 16:00,6.41,17,NNE,10.11,0,0
11/26/25 17:00,7.78,24,NNE,10.89,0,0
11/26/25 18:00,4.86,18,NNE,7,0,0
11/26/25 19:00,7.78,360,N,11.08,0,0
11/26/25 20:00,10.89,347,NNW,12.44,0,0
11/26/25 21:00,11.86,344,NNW,13.41,0,0
11/26/25 22:00,14,342,NNW,16.52,0,0
11/26/25 23:00,9.91,349,N,13.02,0,0
11/27/25 0:00,11.86,347,NNW,14.97,0,0
11/27/25 1:00,11.08,353,N,16.91,0,0
11/27/25 2:00,9.52,4,N,13.8,0,0
11/27/25 3:00,11.66,6,N,16.13,0,0
11/27/25 4:00,7.39,14,NNE,12.44,0,0
11/27/25 5:00,12.64,3,N,17.88,0,0
11/27/25 6:00,8.75,31,NNE,11.66,0,0
11/27/25 7:00,8.94,9,N,13.22,0,0
11/27/25 8:00,9.14,35,NE,12.44,0,0
11/27/25 9:00,8.36,22,NNE,12.25,0,0
11/27/25 10:00,9.52,21,NNE,14.19,0,0
11/27/25 11:00,8.55,9,N,14.19,0,0
11/27/25 12:00,6.61,21,NNE,11.27,0,0
11/27/25 13:00,4.86,360,N,8.94,0,0
11/27/25 14:00,6.03,357,N,10.89,0,0
11/27/25 15:00,7.19,343,NNW,10.11,0,0
11/27/25 16:00,7.58,353,N,11.86,0,0
11/27/25 17:00,6.41,327,NNW,8.94,0,0
11/27/25 18:00,5.83,335,NNW,6.8,0,0
11/27/25 19:00,5.05,351,N,6.41,0,0
11/27/25 20:00,7.39,351,N,9.14,0,0
11/27/25 21:00,6.03,359,N,7.39,0,0
11/27/25 22:00,6.41,342,NNW,7.19,0,0
11/27/25 23:00,6.03,3,N,9.72,0,0
11/28/25 0:00,7.97,350,N,10.11,0,0
11/28/25 1:00,7.97,344,NNW,9.33,0,0
11/28/25 2:00,7,355,N,9.72,0,0
11/28/25 3:00,5.64,356,N,7.39,0,0
11/28/25 4:00,6.41,358,N,8.36,0,0
11/28/25 5:00,5.25,5,N,7,0,0
11/28/25 6:00,6.41,22,NNE,10.5,0,0
11/28/25 7:00,7.19,21,NNE,9.33,0,0
11/28/25 8:00,6.22,26,NNE,8.75,0,0
11/28/25 9:00,5.64,35,NE,9.33,0,0
11/28/25 10:00,4.28,18,NNE,7.97,0,0
11/28/25 11:00,5.64,8,N,7.78,0,0
11/28/25 12:00,6.61,353,N,10.89,0,0
11/28/25 13:00,8.94,335,NNW,11.47,0,0
11/28/25 14:00,13.8,340,NNW,15.55,0,0
11/28/25 15:00,7.97,343,NNW,11.86,0,0
11/28/25 16:00,11.86,334,NNW,14.38,0,0
11/28/25 17:00,9.91,351,N,14,0,0
11/28/25 18:00,8.16,334,NNW,9.72,0,0
11/28/25 19:00,9.52,342,NNW,11.66,0,0
11/28/25 20:00,9.52,344,NNW,12.05,0,0
11/28/25 21:00,7.58,346,NNW,10.11,0,0
11/28/25 22:00,8.94,349,N,11.08,0,0
11/28/25 23:00,8.75,1,N,13.8,0,0
11/29/25 0:00,10.69,351,N,14.38,0,0
11/29/25 1:00,9.91,27,NNE,12.83,0,0
11/29/25 2:00,6.8,18,NNE,9.72,0,0
11/29/25 3:00,6.22,358,N,9.52,0,0
11/29/25 4:00,5.83,14,NNE,9.33,0,0
11/29/25 5:00,10.11,28,NNE,15.16,0,0
11/29/25 6:00,7.97,30,NNE,10.3,0,0
11/29/25 7:00,4.47,22,NNE,6.22,0,0
11/29/25 8:00,7.97,41,NE,11.27,0,0
11/29/25 9:00,5.83,53,NE,12.05,0,0
11/29/25 10:00,9.72,31,NNE,12.64,0,0
11/29/25 11:00,1.94,314,NW,9.14,0,0
11/29/25 12:00,8.16,32,NNE,10.11,0,0
11/29/25 13:00,5.83,21,NNE,12.25,0,0
11/29/25 14:00,9.33,12,NNE,13.02,0,0
11/29/25 15:00,7.97,3,N,11.66,0,0
11/29/25 16:00,6.03,12,NNE,11.86,0,0
11/29/25 17:00,7.97,9,N,12.44,0,0
11/29/25 18:00,7.78,14,NNE,12.25,0,0
11/29/25 19:00,7,21,NNE,10.89,0,0
11/29/25 20:00,9.91,27,NNE,13.02,0,0
11/29/25 21:00,5.05,359,N,6.41,0,0
11/29/25 22:00,5.64,352,N,7,0,0
11/29/25 23:00,5.64,358,N,7.19,0,0
11/30/25 0:00,6.41,10,N,9.33,0,0
11/30/25 1:00,,,,,1,1
11/30/25 2:00,7.78,18,NNE,13.02,0,0
11/30/25 3:00,4.08,40,NE,5.44,0,0
11/30/25 4:00,5.44,31,NNE,7.19,0,0
11/30/25 5:00,7.19,33,NNE,8.75,0,0
11/30/25 6:00,10.11,29,NNE,11.86,0,0
11/30/25 7:00,9.72,27,NNE,12.25,0,0
11/30/25 8:00,5.64,27,NNE,7.78,0,0
11/30/25 9:00,3.89,47,NE,4.86,0,0
11/30/25 10:00,3.89,16,NNE,7.19,0,0
11/30/25 11:00,10.89,42,NE,14.38,0,0
11/30/25 12:00,9.72,26,NNE,12.25,0,0
11/30/25 13:00,7,13,NNE,14,0,0
11/30/25 14:00,9.14,4,N,14,0,0
11/30/25 15:00,8.94,24,NNE,12.25,0,0
11/30/25 16:00,7.78,360,N,10.3,0,0
11/30/25 17:00,7.58,352,N,10.69,0,0
11/30/25 18:00,9.91,344,NNW,11.86,0,0
11/30/25 19:00,6.03,356,N,7.58,0,0
11/30/25 20:00,6.22,344,NNW,7.19,0,0
11/30/25 21:00,2.72,326,NW,4.47,0,0
11/30/25 22:00,5.64,354,N,7.58,0,0
11/30/25 23:00,7,348,NNW,8.16,0,0
12/1/25 0:00,9.33,350,N,12.25,0,0
12/1/25 1:00,6.03,360,N,7.78,0,0
12/1/25 2:00,5.05,16,NNE,7.97,0,0
12/1/25 3:00,6.41,27,NNE,8.16,0,0
12/1/25 4:00,6.03,27,NNE,8.55,0,0
12/1/25 5:00,5.25,27,NNE,6.03,0,0
12/1/25 6:00,3.69,20,NNE,4.86,0,0
12/1/25 7:00,3.11,13,NNE,5.83,0,0
12/1/25 8:00,4.67,34,NE,6.41,0,0
12/1/25 9:00,8.16,42,NE,14.97,0,0
12/1/25 10:00,3.3,45,NE,9.91,0,0
12/1/25 11:00,11.66,41,NE,14.38,0,0
12/1/25 12:00,4.67,41,NE,12.05,0,0
12/1/25 13:00,5.05,62,ENE,12.44,0,0
12/1/25 14:00,1.94,357,N,6.03,0,0
12/1/25 15:00,1.56,142,SE,6.8,0,0
12/1/25 16:00,5.44,33,NNE,8.94,0,0
12/1/25 17:00,9.91,35,NE,12.25,0,0
12/1/25 18:00,6.03,13,NNE,8.55,0,0
12/1/25 19:00,6.03,350,N,7.97,0,0
12/1/25 20:00,9.33,352,N,11.27,0,0
12/1/25 21:00,7.78,1,N,12.25,0,0
12/1/25 22:00,4.86,19,NNE,7.58,0,0
12/1/25 23:00,7.19,356,N,8.75,0,0
12/2/25 0:00,7.19,0,N,9.33,0,0
12/2/25 1:00,6.61,3,N,8.16,0,0
12/2/25 2:00,5.83,11,N,8.16,0,0
12/2/25 3:00,7.78,3,N,11.27,0,0
12/2/25 4:00,8.94,339,NNW,11.27,0,0
12/2/25 5:00,9.72,345,NNW,11.47,0,0
12/2/25 6:00,8.16,0,N,10.69,0,0
12/2/25 7:00,7.58,351,N,9.33,0,0
12/2/25 8:00,4.86,357,N,6.41,0,0
12/2/25 9:00,5.83,1,N,10.89,0,0
12/2/25 10:00,7.39,336,NNW,9.14,0,0
12/2/25 11:00,7.97,348,NNW,10.69,0,0
12/2/25 12:00,7.39,332,NNW,9.33,0,0
12/2/25 13:00,5.64,337,NNW,7,0,0
12/2/25 14:00,1.36,245,WSW,3.11,0,0
12/2/25 15:00,2.72,251,WSW,4.28,0,0
12/2/25 16:00,3.3,150,SSE,4.28,0,0
12/2/25 17:00,3.3,204,SSW,6.22,0,0
12/2/25 18:00,0,224,SW,1.75,0,0
12/2/25 19:00,0.78,130,SE,3.69,0,0
12/2/25 20:00,0,316,NW,0.58,0,0
12/2/25 21:00,4.86,3,N,6.22,0,0
12/2/25 22:00,6.61,33,NNE,8.16,0,0
12/2/25 23:00,5.44,20,NNE,7.78,0,0
12/3/25 0:00,9.52,23,NNE,12.25,0,0
12/3/25 1:00,5.44,327,NNW,6.8,0,0
12/3/25 2:00,5.64,0,N,8.36,0,0
12/3/25 3:00,2.72,9,N,3.89,0,0
12/3/25 4:00,2.53,7,N,4.28,0,0
12/3/25 5:00,1.75,310,NW,2.14,0,0
12/3/25 6:00,4.08,34,NE,4.67,0,0
12/3/25 7:00,1.75,107,ESE,4.08,0,0
12/3/25 8:00,0.97,87,E,2.33,0,0
12/3/25 9:00,0.78,201,SSW,1.36,0,0
12/3/25 10:00,2.53,247,WSW,5.64,0,0
12/3/25 11:00,0.78,200,SSW,1.36,0,0
12/3/25 12:00,0.78,149,SSE,1.36,0,0
12/3/25 13:00,1.75,141,SE,3.11,0,0
12/3/25 14:00,1.17,225,SW,2.72,0,0
12/3/25 15:00,2.33,237,WSW,4.08,0,0
12/3/25 16:00,4.08,289,WNW,6.22,0,0
12/3/25 17:00,2.92,256,WSW,3.89,0,0
12/3/25 18:00,2.72,119,ESE,4.47,0,0
12/3/25 19:00,2.53,78,ENE,3.89,0,0
12/3/25 20:00,3.11,107,ESE,4.08,0,0
12/3/25 21:00,1.17,210,SSW,1.94,0,0
12/3/25 22:00,0.39,239,WSW,1.75,0,0
12/3/25 23:00,1.75,59,ENE,2.72,0,0
12/4/25 0:00,0.97,263,W,1.56,0,0
12/4/25 1:00,0.97,43,NE,1.94,0,0
12/4/25 2:00,5.64,8,N,7.39,0,0
12/4/25 3:00,7,4,N,7.78,0,0
12/4/25 4:00,6.61,356,N,8.16,0,0
12/4/25 5:00,9.72,345,NNW,10.69,0,0
12/4/25 6:00,7.58,338,NNW,9.72,0,0
12/4/25 7:00,5.44,11,N,7.78,0,0
12/4/25 8:00,7.97,27,NNE,10.5,0,0
12/4/25 9:00,6.8,25,NNE,10.3,0,0
12/4/25 10:00,6.61,26,NNE,9.52,0,0
12/4/25 11:00,12.83,33,NNE,16.52,0,0
12/4/25 12:00,5.05,29,NNE,7.39,0,0
12/4/25 13:00,3.3,73,ENE,9.52,0,0
12/4/25 14:00,2.33,31,NNE,5.64,0,0
12/4/25 15:00,12.05,30,NNE,13.61,0,0
12/4/25 16:00,5.25,355,N,7.78,0,0
12/4/25 17:00,8.16,1,N,10.69,0,0
12/4/25 18:00,5.64,339,NNW,7.97,0,0
12/4/25 19:00,4.08,355,N,4.86,0,0
12/4/25 20:00,7.97,337,NNW,10.5,0,0
12/4/25 21:00,7.97,349,N,9.33,0,0
12/4/25 22:00,6.41,347,NNW,7.58,0,0
12/4/25 23:00,4.86,329,NNW,6.41,0,0
12/5/25 0:00,5.05,339,NNW,8.94,0,0
12/5/25 1:00,5.64,339,NNW,6.03,0,0
12/5/25 2:00,3.89,34,NE,5.05,0,0
12/5/25 3:00,3.89,355,N,4.67,0,0
12/5/25 4:00,3.11,9,N,3.89,0,0
12/5/25 5:00,7.19,341,NNW,8.36,0,0
12/5/25 6:00,6.61,343,NNW,8.75,0,0
12/5/25 7:00,7.97,352,N,10.5,0,0
12/5/25 8:00,9.72,339,NNW,10.89,0,0
12/5/25 9:00,7,326,NW,9.52,0,0
12/5/25 10:00,9.14,333,NNW,10.5,0,0
12/5/25 11:00,11.27,335,NNW,14,0,0
12/5/25 12:00,14,334,NNW,15.94,0,0
12/5/25 13:00,14,333,NNW,16.52,0,0
12/5/25 14:00,9.52,328,NNW,13.02,0,0
12/5/25 15:00,12.83,333,NNW,14.38,0,0
12/5/25 16:00,5.44,292,WNW,7.97,0,0
12/5/25 17:00,4.47,314,NW,5.83,0,0
12/5/25 18:00,2.92,318,NW,4.08,0,0
12/5/25 19:00,4.47,5,N,6.41,0,0
12/5/25 20:00,2.53,326,NW,3.89,0,0
12/5/25 21:00,3.3,295,WNW,5.25,0,0
12/5/25 22:00,0.97,313,NW,2.33,0,0
12/5/25 23:00,2.53,313,NW,3.69,0,0
12/6/25 0:00,2.72,314,NW,3.89,0,0
12/6/25 1:00,7.19,8,N,10.69,0,0
12/6/25 2:00,8.55,358,N,12.64,0,0
12/6/25 3:00,5.25,8,N,8.75,0,0
12/6/25 4:00,3.89,342,NNW,4.86,0,0
12/6/25 5:00,5.05,4,N,7.78,0,0
12/6/25 6:00,3.69,12,NNE,5.44,0,0
12/6/25 7:00,6.41,37,NE,9.52,0,0
12/6/25 8:00,5.05,358,N,8.16,0,0
12/6/25 9:00,8.75,40,NE,10.3,0,0
12/6/25 10:00,6.22,338,NNW,7.78,0,0
12/6/25 11:00,7.19,17,NNE,11.08,0,0
12/6/25 12:00,8.75,340,NNW,11.27,0,0
12/6/25 13:00,10.3,333,NNW,12.05,0,0
12/6/25 14:00,11.47,349,N,16.72,0,0
12/6/25 15:00,7.78,357,N,12.83,0,0
12/6/25 16:00,8.55,340,NNW,10.5,0,0
12/6/25 17:00,9.33,345,NNW,11.66,0,0
12/6/25 18:00,10.89,342,NNW,12.44,0,0
12/6/25 19:00,11.66,344,NNW,13.8,0,0
12/6/25 20:00,11.66,348,NNW,14.97,0,0
12/6/25 21:00,11.47,348,NNW,13.22,0,0
12/6/25 22:00,10.5,348,NNW,12.64,0,0
12/6/25 23:00,8.16,356,N,10.69,0,0
12/7/25 0:00,6.61,1,N,9.72,0,0
12/7/25 1:00,9.72,337,NNW,11.47,0,0
12/7/25 2:00,11.27,15,NNE,15.36,0,0
12/7/25 3:00,8.75,2,N,12.44,0,0
12/7/25 4:00,7.19,4,N,9.91,0,0
12/7/25 5:00,7.19,2,N,10.11,0,0
12/7/25 6:00,6.61,21,NNE,11.27,0,0
12/7/25 7:00,7.19,355,N,11.08,0,0
12/7/25 8:00,5.83,18,NNE,9.14,0,0
12/7/25 9:00,7.58,8,N,11.27,0,0
12/7/25 10:00,3.89,90,E,7,0,0
12/7/25 11:00,1.36,108,ESE,3.89,0,0
12/7/25 12:00,6.8,2,N,9.52,0,0
12/7/25 13:00,9.33,353,N,13.61,0,0
12/7/25 14:00,9.14,334,NNW,13.8,0,0
12/7/25 15:00,11.08,329,NNW,13.22,0,0
12/7/25 16:00,10.89,335,NNW,12.83,0,0
12/7/25 17:00,11.08,340,NNW,13.02,0,0
12/7/25 18:00,6.03,324,NW,7.97,0,0
12/7/25 19:00,7.19,338,NNW,8.36,0,0
12/7/25 20:00,9.52,351,N,11.27,0,0
12/7/25 21:00,8.16,347,NNW,10.5,0,0
12/7/25 22:00,5.25,0,N,8.16,0,0
12/7/25 23:00,9.52,20,NNE,15.16,0,0
12/8/25 0:00,7.58,359,N,12.25,0,0
12/8/25 1:00,6.61,16,NNE,10.11,0,0
12/8/25 2:00,7.97,16,NNE,12.44,0,0
12/8/25 3:00,8.16,18,NNE,11.86,0,0
12/8/25 4:00,9.91,27,NNE,12.44,0,0
12/8/25 5:00,8.94,31,NNE,10.89,0,0
12/8/25 6:00,5.64,17,NNE,8.75,0,0
12/8/25 7:00,5.44,7,N,10.5,0,0
12/8/25 8:00,8.36,30,NNE,9.91,0,0
12/8/25 9:00,8.55,9,N,13.02,0,0
12/8/25 10:00,6.61,8,N,12.05,0,0
12/8/25 11:00,12.44,342,NNW,15.16,0,0
12/8/25 12:00,9.14,12,NNE,13.61,0,0
12/8/25 13:00,13.02,352,N,16.72,0,0
12/8/25 14:00,6.03,352,N,9.14,0,0
12/8/25 15:00,11.08,330,NNW,14.77,0,0
12/8/25 16:00,12.25,343,NNW,14.77,0,0
12/8/25 17:00,14.58,346,NNW,18.08,0,0
12/8/25 18:00,12.83,349,N,15.16,0,0
12/8/25 19:00,9.91,357,N,13.41,0,0
12/8/25 20:00,11.66,346,NNW,14.97,0,0
12/8/25 21:00,10.3,339,NNW,11.66,0,0
12/8/25 22:00,8.55,341,NNW,10.11,0,0
12/8/25 23:00,9.91,347,NNW,12.83,0,0
12/9/25 0:00,11.27,351,N,14.58,0,0
12/9/25 1:00,8.16,356,N,12.83,0,0
12/9/25 2:00,11.08,1,N,14.77,0,0
12/9/25 3:00,9.91,5,N,14,0,0
12/9/25 4:00,6.22,5,N,8.94,0,0
12/9/25 5:00,7.78,1,N,10.69,0,0
12/9/25 6:00,9.14,2,N,11.66,0,0
12/9/25 7:00,7,2,N,10.69,0,0
12/9/25 8:00,7.39,354,N,9.52,0,0
12/9/25 9:00,8.16,4,N,12.05,0,0
12/9/25 10:00,6.8,347,NNW,10.3,0,0
12/9/25 11:00,7.39,358,N,10.11,0,0
12/9/25 12:00,10.69,350,N,14.58,0,0
12/9/25 13:00,12.44,339,NNW,16.13,0,0
12/9/25 14:00,11.27,352,N,15.36,0,0
12/9/25 15:00,11.47,347,NNW,16.33,0,0
12/9/25 16:00,13.41,346,NNW,16.91,0,0
12/9/25 17:00,14,344,NNW,16.13,0,0
12/9/25 18:00,11.66,345,NNW,14.38,0,0
12/9/25 19:00,12.25,346,NNW,14,0,0
12/9/25 20:00,10.69,352,N,14,0,0
12/9/25 21:00,9.14,351,N,12.83,0,0
12/9/25 22:00,10.5,355,N,14,0,0
12/9/25 23:00,7.39,359,N,11.27,0,0
12/10/25 0:00,11.27,351,N,14.97,0,0
12/10/25 1:00,12.25,6,N,17.49,0,0
12/10/25 2:00,9.72,18,NNE,14.19,0,0
12/10/25 3:00,9.91,5,N,13.8,0,0
12/10/25 4:00,6.41,6,N,9.52,0,0
12/10/25 5:00,6.03,358,N,10.5,0,0
12/10/25 6:00,7.97,332,NNW,11.08,0,0
12/10/25 7:00,8.75,356,N,12.44,0,0
12/10/25 8:00,11.27,341,NNW,13.02,0,0
12/10/25 9:00,9.33,355,N,13.02,0,0
12/10/25 10:00,9.52,2,N,15.36,0,0
12/10/25 11:00,13.22,351,N,16.91,0,0
12/10/25 12:00,9.91,356,N,14.97,0,0
12/10/25 13:00,13.41,349,N,17.88,0,0
12/10/25 14:00,12.05,347,NNW,16.52,0,0
12/10/25 15:00,12.64,347,NNW,17.69,0,0
12/10/25 16:00,14.38,332,NNW,16.91,0,0
12/10/25 17:00,14.38,343,NNW,16.72,0,0
12/10/25 18:00,13.22,350,N,15.94,0,0
12/10/25 19:00,13.41,352,N,16.33,0,0
12/10/25 20:00,14.97,346,NNW,17.49,0,0
12/10/25 21:00,15.36,345,NNW,17.11,0,0
12/10/25 22:00,,,,,1,1
12/10/25 23:00,12.25,1,N,15.36,0,0
12/11/25 0:00,12.64,351,N,15.75,0,0
12/11/25 1:00,13.8,344,NNW,16.13,0,0
12/11/25 2:00,9.72,352,N,12.44,0,0
12/11/25 3:00,10.5,348,NNW,12.83,0,0
12/11/25 4:00,12.64,347,NNW,15.16,0,0
12/11/25 5:00,10.5,349,N,13.8,0,0
12/11/25 6:00,12.25,358,N,16.72,0,0
12/11/25 7:00,9.14,2,N,13.22,0,0
12/11/25 8:00,9.33,3,N,13.61,0,0
12/11/25 9:00,14.38,351,N,17.49,0,0
12/11/25 10:00,7.97,356,N,13.61,0,0
12/11/25 11:00,10.11,336,NNW,12.64,0,0
12/11/25 12:00,9.33,331,NNW,12.83,0,0
12/11/25 13:00,13.8,341,NNW,16.52,0,0
12/11/25 14:00,13.02,330,NNW,18.66,0,0
12/11/25 15:00,16.33,343,NNW,17.88,0,0
12/11/25 16:00,14.97,338,NNW,17.49,0,0
12/11/25 17:00,12.05,342,NNW,14.38,0,0
12/11/25 18:00,8.75,336,NNW,11.27,0,0
12/11/25 19:00,9.72,343,NNW,10.69,0,0
12/11/25 20:00,7.97,333,NNW,10.11,0,0
12/11/25 21:00,7.39,335,NNW,10.11,0,0
12/11/25 22:00,13.02,344,NNW,14,0,0
12/11/25 23:00,11.08,347,NNW,13.22,0,0
12/12/25 0:00,12.25,341,NNW,14,0,0
12/12/25 1:00,8.94,353,N,12.05,0,0
12/12/25 2:00,10.3,357,N,13.41,0,0
12/12/25 3:00,11.86,2,N,18.47,0,0
12/12/25 4:00,10.3,329,NNW,13.41,0,0
12/12/25 5:00,12.05,352,N,15.75,0,0
12/12/25 6:00,9.33,354,N,11.66,0,0
12/12/25 7:00,9.33,358,N,12.64,0,0
12/12/25 8:00,6.41,356,N,9.33,0,0
12/12/25 9:00,4.67,359,N,8.16,0,0
12/12/25 10:00,6.41,23,NNE,11.47,0,0
12/12/25 11:00,8.36,11,N,12.25,0,0
12/12/25 12:00,11.66,26,NNE,16.33,0,0
12/12/25 13:00,6.8,2,N,10.89,0,0
12/12/25 14:00,11.27,348,NNW,15.55,0,0
12/12/25 15:00,14.19,346,NNW,17.88,0,0
12/12/25 16:00,12.64,332,NNW,16.52,0,0
12/12/25 17:00,14.58,341,NNW,17.11,0,0
12/12/25 18:00,13.61,344,NNW,15.75,0,0
12/12/25 19:00,12.05,351,N,14.97,0,0
12/12/25 20:00,9.72,340,NNW,10.89,0,0
12/12/25 21:00,11.47,346,NNW,12.83,0,0
12/12/25 22:00,9.91,347,NNW,11.86,0,0
12/12/25 23:00,9.33,347,NNW,11.47,0,0
12/13/25 0:00,7.19,352,N,9.52,0,0
12/13/25 1:00,10.69,348,NNW,12.64,0,0
12/13/25 2:00,10.3,346,NNW,12.44,0,0
12/13/25 3:00,9.52,349,N,11.86,0,0
12/13/25 4:00,9.14,350,N,11.27,0,0
12/13/25 5:00,9.14,345,NNW,9.91,0,0
12/13/25 6:00,9.72,355,N,13.61,0,0
12/13/25 7:00,7.58,337,NNW,8.94,0,0
12/13/25 8:00,7.19,348,NNW,8.55,0,0
12/13/25 9:00,6.61,345,NNW,9.91,0,0
12/13/25 10:00,4.28,352,N,6.8,0,0
12/13/25 11:00,4.67,329,NNW,7.39,0,0
12/13/25 12:00,4.67,325,NW,6.41,0,0
12/13/25 13:00,4.08,282,WNW,8.16,0,0
12/13/25 14:00,7.19,317,NW,8.94,0,0
12/13/25 15:00,7.78,318,NW,10.11,0,0
12/13/25 16:00,6.61,295,WNW,8.94,0,0
12/13/25 17:00,2.53,311,NW,3.69,0,0
12/13/25 18:00,3.3,287,WNW,4.47,0,0
12/13/25 19:00,7.58,355,N,10.69,0,0
12/13/25 20:00,2.72,307,NW,5.83,0,0
12/13/25 21:00,7.78,3,N,9.72,0,0
12/13/25 22:00,5.05,299,WNW,7.19,0,0
12/13/25 23:00,2.92,327,NNW,6.03,0,0
12/14/25 0:00,5.64,337,NNW,6.41,0,0
12/14/25 1:00,8.55,350,N,10.5,0,0
12/14/25 2:00,8.55,1,N,11.47,0,0
12/14/25 3:00,10.11,6,N,14.97,0,0
12/14/25 4:00,10.3,339,NNW,11.86,0,0
12/14/25 5:00,9.52,300,WNW,11.66,0,0
12/14/25 6:00,7.97,356,N,10.5,0,0
12/14/25 7:00,6.8,349,N,9.52,0,0
12/14/25 8:00,8.55,356,N,11.47,0,0
12/14/25 9:00,10.3,349,N,13.22,0,0
12/14/25 10:00,9.14,335,NNW,11.47,0,0
12/14/25 11:00,9.33,341,NNW,10.69,0,0
12/14/25 12:00,5.44,340,NNW,8.55,0,0
12/14/25 13:00,9.91,331,NNW,12.83,0,0
12/14/25 14:00,10.5,328,NNW,13.02,0,0
12/14/25 15:00,10.69,318,NW,13.8,0,0
12/14/25 16:00,10.89,342,NNW,14.19,0,0
12/14/25 17:00,12.83,347,NNW,17.11,0,0
12/14/25 18:00,10.3,352,N,14,0,0
12/14/25 19:00,5.25,5,N,7.19,0,0
12/14/25 20:00,7.39,347,NNW,8.36,0,0
12/14/25 21:00,7.19,350,N,10.11,0,0
12/14/25 22:00,2.14,312,NW,3.89,0,0
12/14/25 23:00,10.89,341,NNW,13.02,0,0
12/15/25 0:00,8.36,336,NNW,11.27,0,0
12/15/25 1:00,7.97,353,N,11.66,0,0
12/15/25 2:00,10.69,3,N,14,0,0
12/15/25 3:00,9.91,355,N,14.77,0,0
12/15/25 4:00,7.19,352,N,9.52,0,0
12/15/25 5:00,9.33,341,NNW,10.69,0,0
12/15/25 6:00,,,,,1,1
12/15/25 7:00,11.08,353,N,16.52,0,0
12/15/25 8:00,7.78,357,N,11.47,0,0
12/15/25 9:00,1.56,14,NNE,2.72,0,0
12/15/25 10:00,1.56,327,NNW,2.14,0,0
12/15/25 11:00,7.78,334,NNW,10.3,0,0
12/15/25 12:00,10.5,341,NNW,13.22,0,0
12/15/25 13:00,11.86,340,NNW,16.52,0,0
12/15/25 14:00,10.11,344,NNW,13.22,0,0
12/15/25 15:00,7.97,352,N,11.27,0,0
12/15/25 16:00,5.83,11,N,8.16,0,0
12/15/25 17:00,3.5,304,NW,5.64,0,0
12/15/25 18:00,3.69,319,NW,5.64,0,0
12/15/25 19:00,3.5,345,NNW,5.05,0,0
12/15/25 20:00,2.72,1,N,4.86,0,0
12/15/25 21:00,2.72,12,NNE,5.05,0,0
12/15/25 22:00,5.25,323,NW,6.61,0,0
12/15/25 23:00,2.53,316,NW,5.25,0,0
12/16/25 0:00,4.08,306,NW,6.61,0,0
12/16/25 1:00,5.25,335,NNW,7.19,0,0
12/16/25 2:00,6.61,27,NNE,7.39,0,0
12/16/25 3:00,3.69,0,N,5.25,0,0
12/16/25 4:00,4.28,18,NNE,8.75,0,0
12/16/25 5:00,4.08,324,NW,5.25,0,0
12/16/25 6:00,7.19,340,NNW,8.36,0,0
12/16/25 7:00,7.97,27,NNE,8.94,0,0
12/16/25 8:00,2.72,0,N,5.64,0,0
12/16/25 9:00,7.39,332,NNW,10.5,0,0
12/16/25 10:00,2.33,353,N,3.89,0,0
12/16/25 11:00,2.72,1,N,5.25,0,0
12/16/25 12:00,8.55,7,N,12.05,0,0
12/16/25 13:00,6.61,336,NNW,9.52,0,0
12/16/25 14:00,12.05,339,NNW,13.8,0,0
12/16/25 15:00,8.16,338,NNW,10.3,0,0
12/16/25 16:00,3.69,285,WNW,5.83,0,0
12/16/25 17:00,6.22,297,WNW,10.11,0,0
12/16/25 18:00,4.08,322,NW,6.8,0,0
12/16/25 19:00,3.11,279,W,4.67,0,0
12/16/25 20:00,3.89,342,NNW,4.86,0,0
12/16/25 21:00,1.75,29,NNE,2.14,0,0
12/16/25 22:00,5.64,352,N,7.58,0,0
12/16/25 23:00,4.08,25,NNE,5.25,0,0
12/17/25 0:00,1.56,208,SSW,2.14,0,0
12/17/25 1:00,1.36,140,SE,1.94,0,0
12/17/25 2:00,4.08,139,SE,6.03,0,0
12/17/25 3:00,5.64,127,SE,7.78,0,0
12/17/25 4:00,6.03,133,SE,9.33,0,0
12/17/25 5:00,10.69,159,SSE,13.02,0,0
12/17/25 6:00,9.72,179,S,12.83,0,0
12/17/25 7:00,8.36,146,SE,14,0,0
12/17/25 8:00,7.78,127,SE,9.72,0,0
12/17/25 9:00,7.39,132,SE,10.69,0,0
12/17/25 10:00,12.64,162,SSE,14,0,0
12/17/25 11:00,7.78,123,ESE,10.89,0,0
12/17/25 12:00,10.11,170,S,11.08,0,0
12/17/25 13:00,8.55,181,S,9.72,0,0
12/17/25 14:00,9.33,187,S,11.47,0,0
12/17/25 15:00,8.75,219,SW,11.66,0,0
12/17/25 16:00,2.33,154,SSE,4.86,0,0
12/17/25 17:00,4.28,80,E,6.41,0,0
12/17/25 18:00,4.67,112,ESE,5.44,0,0
12/17/25 19:00,2.92,216,SW,3.69,0,0
12/17/25 20:00,2.33,185,S,2.72,0,0
12/17/25 21:00,1.94,146,SE,3.11,0,0
12/17/25 22:00,1.75,67,ENE,2.33,0,0
12/17/25 23:00,3.89,352,N,4.86,0,0
12/18/25 0:00,3.5,356,N,4.08,0,0
12/18/25 1:00,5.05,20,NNE,5.83,0,0
12/18/25 2:00,1.17,108,ESE,1.94,0,0
12/18/25 3:00,2.92,43,NE,3.69,0,0
12/18/25 4:00,3.11,339,NNW,5.25,0,0
12/18/25 5:00,1.56,53,NE,1.94,0,0
12/18/25 6:00,0,26,NNE,0,0,0
12/18/25 7:00,0,35,NE,0.58,0,0
12/18/25 8:00,0.78,107,ESE,3.11,0,0
12/18/25 9:00,2.33,184,S,3.11,0,0
12/18/25 10:00,2.72,315,NW,3.5,0,0
12/18/25 11:00,1.94,187,S,2.92,0,0
12/18/25 12:00,3.11,133,SE,5.83,0,0
12/18/25 13:00,2.72,186,S,3.11,0,0
12/18/25 14:00,4.86,262,W,6.41,0,0
12/18/25 15:00,4.08,267,W,5.25,0,0
12/18/25 16:00,2.53,284,WNW,5.05,0,0
12/18/25 17:00,1.36,283,WNW,2.14,0,0
12/18/25 18:00,2.53,279,W,3.3,0,0
12/18/25 19:00,5.25,219,SW,6.8,0,0
12/18/25 20:00,2.33,177,S,2.72,0,0
12/18/25 21:00,2.53,120,ESE,3.3,0,0
12/18/25 22:00,3.69,179,S,4.86,0,0
12/18/25 23:00,7.19,175,S,8.75,0,0
12/19/25 0:00,8.94,155,SSE,11.86,0,0
12/19/25 1:00,7.39,135,SE,10.69,0,0
12/19/25 2:00,7.19,162,SSE,8.55,0,0
12/19/25 3:00,3.69,167,SSE,5.64,0,0
12/19/25 4:00,1.36,218,SW,1.94,0,0
12/19/25 5:00,5.05,168,SSE,5.64,0,0
12/19/25 6:00,4.28,153,SSE,7.19,0,0
12/19/25 7:00,10.89,176,S,12.64,0,0
12/19/25 8:00,8.16,155,SSE,11.27,0,0
12/19/25 9:00,11.47,166,SSE,12.83,0,0
12/19/25 10:00,9.52,173,S,10.11,0,0
12/19/25 11:00,13.22,170,S,14,0,0
12/19/25 12:00,10.69,173,S,12.25,0,0
12/19/25 13:00,12.25,200,SSW,15.16,0,0
12/19/25 14:00,12.64,195,SSW,14.97,0,0
12/19/25 15:00,11.27,163,SSE,13.41,0,0
12/19/25 16:00,11.08,148,SSE,14.77,0,0
12/19/25 17:00,5.64,130,SE,9.72,0,0
12/19/25 18:00,7.97,152,SSE,11.66,0,0
12/19/25 19:00,9.52,150,SSE,13.41,0,0
12/19/25 20:00,8.55,146,SE,13.22,0,0
12/19/25 21:00,10.69,155,SSE,14,0,0
12/19/25 22:00,8.36,149,SSE,13.02,0,0
12/19/25 23:00,12.83,182,S,15.55,0,0
12/20/25 0:00,9.14,177,S,11.08,0,0
12/20/25 1:00,10.89,173,S,12.25,0,0
12/20/25 2:00,9.14,164,SSE,11.27,0,0
12/20/25 3:00,7,150,SSE,8.55,0,0
12/20/25 4:00,5.64,140,SE,8.94,0,0
12/20/25 5:00,5.05,136,SE,6.61,0,0
12/20/25 6:00,3.3,200,SSW,4.67,0,0
12/20/25 7:00,4.86,215,SW,6.03,0,0
12/20/25 8:00,3.5,204,SSW,5.05,0,0
12/20/25 9:00,4.08,232,SW,5.25,0,0
12/20/25 10:00,3.5,265,W,4.08,0,0
12/20/25 11:00,2.53,229,SW,3.11,0,0
12/20/25 12:00,2.33,245,WSW,3.89,0,0
12/20/25 13:00,2.53,260,W,3.3,0,0
12/20/25 14:00,3.3,198,SSW,3.69,0,0
12/20/25 15:00,2.53,232,SW,3.3,0,0
12/20/25 16:00,1.75,229,SW,2.72,0,0
12/20/25 17:00,0.58,141,SE,0.78,0,0
12/20/25 18:00,1.56,230,SW,1.94,0,0
12/20/25 19:00,3.5,191,S,3.89,0,0
12/20/25 20:00,4.47,167,SSE,5.44,0,0
12/20/25 21:00,3.3,176,S,3.89,0,0
12/20/25 22:00,6.61,186,S,7.39,0,0
12/20/25 23:00,16.91,184,S,18.27,0,0
12/21/25 0:00,12.25,178,S,13.22,0,0
12/21/25 1:00,16.13,172,S,17.49,0,0
12/21/25 2:00,12.25,189,S,13.22,0,0
12/21/25 3:00,15.75,178,S,18.08,0,0
12/21/25 4:00,13.8,168,SSE,16.33,0,0
12/21/25 5:00,12.44,159,SSE,17.11,0,0
12/21/25 6:00,12.64,174,S,15.94,0,0
12/21/25 7:00,14.38,196,SSW,16.91,0,0
12/21/25 8:00,14.58,186,S,19.63,0,0
12/21/25 9:00,12.83,162,SSE,15.36,0,0
12/21/25 10:00,17.3,167,SSE,19.24,0,0
12/21/25 11:00,13.41,167,SSE,18.66,0,0
12/21/25 12:00,16.33,168,SSE,19.05,0,0
12/21/25 13:00,14.38,152,SSE,18.47,0,0
12/21/25 14:00,14.58,161,SSE,17.69,0,0
12/21/25 15:00,17.3,185,S,20.02,0,0
12/21/25 16:00,17.3,184,S,19.44,0,0
12/21/25 17:00,18.86,174,S,21.77,0,0
12/21/25 18:00,19.63,170,S,22.35,0,0
12/21/25 19:00,21.77,167,SSE,25.08,0,0
12/21/25 20:00,19.44,162,SSE,22.94,0,0
12/21/25 21:00,18.47,162,SSE,21.19,0,0
12/21/25 22:00,15.75,156,SSE,19.83,0,0
12/21/25 23:00,16.13,163,SSE,18.27,0,0
12/22/25 0:00,18.66,172,S,21.58,0,0
12/22/25 1:00,18.47,175,S,21.38,0,0
12/22/25 2:00,14.19,163,SSE,16.13,0,0
12/22/25 3:00,17.11,164,SSE,18.27,0,0
12/22/25 4:00,12.83,161,SSE,14.58,0,0
12/22/25 5:00,11.27,130,SE,17.49,0,0
12/22/25 6:00,10.69,125,SE,15.16,0,0
12/22/25 7:00,11.27,130,SE,16.91,0,0
12/22/25 8:00,9.14,158,SSE,11.66,0,0
12/22/25 9:00,14.19,150,SSE,18.86,0,0
12/22/25 10:00,18.66,114,ESE,21.38,0,0
12/22/25 11:00,6.61,203,SSW,12.25,0,0
12/22/25 12:00,10.89,186,S,12.25,0,0
12/22/25 13:00,5.44,258,WSW,7.78,0,0
12/22/25 14:00,6.22,266,W,9.33,0,0
12/22/25 15:00,0.78,158,SSE,1.75,0,0
12/22/25 16:00,4.86,248,WSW,6.41,0,0
12/22/25 17:00,0.39,271,W,1.56,0,0
12/22/25 18:00,0.78,50,NE,1.56,0,0
12/22/25 19:00,4.28,305,NW,5.44,0,0
12/22/25 20:00,1.56,3,N,3.69,0,0
12/22/25 21:00,1.56,353,N,1.94,0,0
12/22/25 22:00,1.17,331,NNW,1.36,0,0
12/22/25 23:00,1.75,133,SE,2.72,0,0
12/23/25 0:00,1.94,98,E,2.92,0,0
12/23/25 1:00,1.56,101,E,1.75,0,0
12/23/25 2:00,1.56,208,SSW,2.33,0,0
12/23/25 3:00,1.75,131,SE,3.3,0,0
12/23/25 4:00,4.08,142,SE,6.03,0,0
12/23/25 5:00,5.05,168,SSE,5.64,0,0
12/23/25 6:00,1.94,193,SSW,5.83,0,0
12/23/25 7:00,1.75,194,SSW,2.72,0,0
12/23/25 8:00,1.56,198,SSW,2.92,0,0
12/23/25 9:00,7.97,189,S,8.55,0,0
12/23/25 10:00,7.97,169,S,8.94,0,0
12/23/25 11:00,8.94,144,SE,12.83,0,0
12/23/25 12:00,14.19,161,SSE,17.49,0,0
12/23/25 13:00,10.69,137,SE,15.16,0,0
12/23/25 14:00,9.72,140,SE,14,0,0
12/23/25 15:00,12.44,172,S,13.22,0,0
12/23/25 16:00,9.52,171,S,10.69,0,0
12/23/25 17:00,6.41,213,SSW,9.72,0,0
12/23/25 18:00,5.25,111,ESE,6.61,0,0
12/23/25 19:00,2.53,106,ESE,3.69,0,0
12/23/25 20:00,0,149,SSE,3.11,0,0
12/23/25 21:00,21.38,163,SSE,25.46,0,0
12/23/25 22:00,16.13,155,SSE,20.02,0,0
12/23/25 23:00,16.33,129,SE,23.33,0,0
12/24/25 0:00,20.41,138,SE,28.96,0,0
12/24/25 1:00,21.77,158,SSE,27.6,0,0
12/24/25 2:00,19.05,133,SE,28.38,0,0
12/24/25 3:00,19.83,166,SSE,21.19,0,0
12/24/25 4:00,19.63,188,S,23.52,0,0
12/24/25 5:00,19.24,218,SW,25.27,0,0
12/24/25 6:00,10.5,230,SW,12.83,0,0
12/24/25 7:00,10.3,226,SW,12.64,0,0
12/24/25 8:00,4.86,265,W,6.22,0,0
12/24/25 9:00,2.92,193,SSW,3.3,0,0
12/24/25 10:00,,,,,1,1
12/24/25 11:00,5.64,181,S,6.41,0,0
12/24/25 12:00,4.28,154,SSE,6.41,0,0
12/24/25 13:00,6.03,159,SSE,7.39,0,0
12/24/25 14:00,7.58,168,SSE,8.16,0,0
12/24/25 15:00,3.69,214,SW,4.47,0,0
12/24/25 16:00,13.41,143,SE,17.11,0,0
12/24/25 17:00,13.02,166,SSE,13.8,0,0
12/24/25 18:00,8.16,137,SE,11.08,0,0
12/24/25 19:00,17.88,168,SSE,27.8,0,0
12/24/25 20:00,26.82,177,S,35.57,0,0
12/24/25 21:00,17.88,176,S,26.82,0,0
12/24/25 22:00,23.71,168,SSE,32.07,0,0
12/24/25 23:00,14.77,154,SSE,20.41,0,0
12/25/25 0:00,12.44,148,SSE,18.86,0,0
12/25/25 1:00,24.1,160,SSE,36.54,0,0
12/25/25 2:00,23.91,132,SE,35.18,0,0
12/25/25 3:00,29.35,179,S,35.18,0,0
12/25/25 4:00,19.24,177,S,25.08,0,0
12/25/25 5:00,18.86,196,SSW,25.27,0,0
12/25/25 6:00,19.63,217,SW,26.05,0,0
12/25/25 7:00,17.49,196,SSW,24.69,0,0
12/25/25 8:00,18.86,194,SSW,22.94,0,0
12/25/25 9:00,17.88,194,SSW,21.77,0,0
12/25/25 10:00,18.66,188,S,23.91,0,0
12/25/25 11:00,20.41,184,S,25.46,0,0
12/25/25 12:00,22.94,192,SSW,26.63,0,0
12/25/25 13:00,20.02,163,SSE,23.91,0,0
12/25/25 14:00,26.82,176,S,32.85,0,0
12/25/25 15:00,16.52,184,S,19.63,0,0
12/25/25 16:00,11.08,155,SSE,16.13,0,0
12/25/25 17:00,22.55,168,SSE,27.21,0,0
12/25/25 18:00,21.19,136,SE,30.32,0,0
12/25/25 19:00,17.49,203,SSW,24.1,0,0
12/25/25 20:00,13.61,135,SE,20.41,0,0
12/25/25 21:00,20.02,170,S,23.33,0,0
12/25/25 22:00,20.02,177,S,28.96,0,0
12/25/25 23:00,22.94,185,S,27.6,0,0
12/26/25 0:00,16.52,190,S,22.94,0,0
12/26/25 1:00,17.49,190,S,21.19,0,0
12/26/25 2:00,18.27,185,S,20.6,0,0
12/26/25 3:00,19.63,193,SSW,23.13,0,0
12/26/25 4:00,17.49,181,S,23.52,0,0
12/26/25 5:00,15.75,176,S,18.08,0,0
12/26/25 6:00,17.11,181,S,20.41,0,0
12/26/25 7:00,19.24,173,S,21.97,0,0
12/26/25 8:00,19.05,179,S,21.58,0,0
12/26/25 9:00,17.49,175,S,21.97,0,0
12/26/25 10:00,18.47,176,S,21.77,0,0
12/26/25 11:00,18.86,187,S,25.66,0,0
12/26/25 12:00,20.22,183,S,24.49,0,0
12/26/25 13:00,24.49,190,S,30.52,0,0
12/26/25 14:00,22.16,197,SSW,30.32,0,0
12/26/25 15:00,19.63,189,S,22.35,0,0
12/26/25 16:00,7.19,244,WSW,11.86,0,0
12/26/25 17:00,,,,,1,1
12/26/25 18:00,7.58,290,WNW,9.33,0,0
12/26/25 19:00,5.44,270,W,7.97,0,0
12/26/25 20:00,5.64,254,WSW,8.36,0,0
12/26/25 21:00,5.83,283,WNW,8.75,0,0
12/26/25 22:00,3.69,281,W,7.19,0,0
12/26/25 23:00,3.5,280,W,5.05,0,0
12/27/25 0:00,2.14,255,WSW,4.67,0,0
12/27/25 1:00,3.89,281,W,5.83,0,0
12/27/25 2:00,9.91,293,WNW,14.38,0,0
12/27/25 3:00,11.08,295,WNW,16.52,0,0
12/27/25 4:00,5.83,302,WNW,10.11,0,0
12/27/25 5:00,6.8,306,NW,8.94,0,0
12/27/25 6:00,2.14,57,ENE,3.89,0,0
12/27/25 7:00,3.5,39,NE,4.47,0,0
12/27/25 8:00,4.67,20,NNE,5.64,0,0
12/27/25 9:00,2.92,345,NNW,3.89,0,0
12/27/25 10:00,8.36,341,NNW,9.91,0,0
12/27/25 11:00,4.86,16,NNE,8.94,0,0
12/27/25 12:00,6.61,323,NW,8.94,0,0
12/27/25 13:00,4.08,355,N,6.41,0,0
12/27/25 14:00,3.69,44,NE,5.44,0,0
12/27/25 15:00,0.78,113,ESE,2.92,0,0
12/27/25 16:00,3.5,14,NNE,5.44,0,0
12/27/25 17:00,2.53,10,N,3.5,0,0
12/27/25 18:00,0.39,119,ESE,1.75,0,0
12/27/25 19:00,1.75,31,NNE,2.33,0,0
12/27/25 20:00,0.39,336,NNW,1.36,0,0
12/27/25 21:00,4.47,353,N,6.22,0,0
12/27/25 22:00,5.44,2,N,6.41,0,0
12/27/25 23:00,5.44,1,N,6.41,0,0
12/28/25 0:00,2.92,295,WNW,4.08,0,0
12/28/25 1:00,2.53,24,NNE,3.69,0,0
12/28/25 2:00,5.83,2,N,7.39,0,0
12/28/25 3:00,6.03,356,N,6.8,0,0
12/28/25 4:00,4.28,333,NNW,4.86,0,0
12/28/25 5:00,7,349,N,7.78,0,0
12/28/25 6:00,4.86,354,N,7.78,0,0
12/28/25 7:00,4.67,356,N,7.78,0,0
12/28/25 8:00,2.53,325,NW,3.69,0,0
12/28/25 9:00,2.72,40,NE,3.5,0,0
12/28/25 10:00,0.58,108,ESE,1.36,0,0
12/28/25 11:00,1.36,276,W,2.33,0,0
12/28/25 12:00,2.72,238,WSW,4.67,0,0
12/28/25 13:00,3.11,278,W,5.25,0,0
12/28/25 14:00,3.11,271,W,4.67,0,0
12/28/25 15:00,2.53,243,WSW,4.47,0,0
12/28/25 16:00,0.58,224,SW,1.75,0,0
12/28/25 17:00,6.41,42,NE,8.55,0,0
12/28/25 18:00,3.89,47,NE,6.8,0,0
12/28/25 19:00,4.08,46,NE,6.8,0,0
12/28/25 20:00,7.58,28,NNE,9.72,0,0
12/28/25 21:00,1.94,42,NE,9.33,0,0
12/28/25 22:00,7.78,45,NE,10.69,0,0
12/28/25 23:00,13.22,41,NE,16.91,0,0
12/29/25 0:00,2.33,61,ENE,7.58,0,0
12/29/25 1:00,15.16,45,NE,21.19,0,0
12/29/25 2:00,11.47,43,NE,18.47,0,0
12/29/25 3:00,6.03,43,NE,12.64,0,0
12/29/25 4:00,8.94,42,NE,16.52,0,0
12/29/25 5:00,9.72,36,NE,14.19,0,0
12/29/25 6:00,8.75,28,NNE,15.36,0,0
12/29/25 7:00,7.19,40,NE,10.11,0,0
12/29/25 8:00,9.14,44,NE,14.38,0,0
12/29/25 9:00,6.22,44,NE,9.72,0,0
12/29/25 10:00,2.72,95,E,4.86,0,0
12/29/25 11:00,6.8,38,NE,12.83,0,0
12/29/25 12:00,2.53,34,NE,5.44,0,0
12/29/25 13:00,2.33,203,SSW,4.08,0,0
12/29/25 14:00,1.56,62,ENE,5.44,0,0
12/29/25 15:00,4.08,44,NE,8.16,0,0
12/29/25 16:00,6.22,27,NNE,7.39,0,0
12/29/25 17:00,5.25,21,NNE,7.39,0,0
12/29/25 18:00,5.64,4,N,7.78,0,0
12/29/25 19:00,7.19,353,N,8.16,0,0
12/29/25 20:00,6.22,3,N,9.14,0,0
12/29/25 21:00,5.44,348,NNW,7,0,0
12/29/25 22:00,7.19,352,N,8.55,0,0
12/29/25 23:00,4.67,5,N,6.41,0,0
12/30/25 0:00,9.72,352,N,11.86,0,0
12/30/25 1:00,15.36,342,NNW,16.91,0,0
12/30/25 2:00,15.16,337,NNW,19.24,0,0
12/30/25 3:00,14.77,344,NNW,16.52,0,0
12/30/25 4:00,15.94,344,NNW,17.3,0,0
12/30/25 5:00,15.75,342,NNW,17.49,0,0
12/30/25 6:00,7.97,359,N,10.3,0,0
12/30/25 7:00,7.19,355,N,10.3,0,0
12/30/25 8:00,7.78,22,NNE,10.69,0,0
12/30/25 9:00,10.11,25,NNE,13.61,0,0
12/30/25 10:00,2.14,98,E,3.11,0,0
12/30/25 11:00,4.08,52,NE,9.14,0,0
12/30/25 12:00,3.69,69,ENE,12.05,0,0
12/30/25 13:00,4.28,15,NNE,8.36,0,0
12/30/25 14:00,3.3,36,NE,7.78,0,0
12/30/25 15:00,5.44,28,NNE,7.97,0,0
12/30/25 16:00,6.8,33,NNE,10.3,0,0
12/30/25 17:00,6.61,14,NNE,8.94,0,0
12/30/25 18:00,7,347,NNW,8.55,0,0
12/30/25 19:00,8.16,357,N,10.89,0,0
12/30/25 20:00,7.19,347,NNW,10.11,0,0
12/30/25 21:00,5.64,342,NNW,7.19,0,0
12/30/25 22:00,7.78,339,NNW,10.3,0,0
12/30/25 23:00,9.91,344,NNW,10.69,0,0
12/31/25 0:00,7.58,347,NNW,9.72,0,0
12/31/25 1:00,8.16,348,NNW,9.33,0,0
12/31/25 2:00,10.11,343,NNW,12.05,0,0
12/31/25 3:00,7.97,345,NNW,12.05,0,0
12/31/25 4:00,5.83,1,N,7.19,0,0
12/31/25 5:00,7.58,357,N,9.33,0,0
12/31/25 6:00,5.64,11,N,7.58,0,0
12/31/25 7:00,3.89,5,N,6.41,0,0
12/31/25 8:00,6.61,346,NNW,7.58,0,0
12/31/25 9:00,,,,,1,1
12/31/25 10:00,1.94,353,N,3.11,0,0
12/31/25 11:00,0.97,66,ENE,2.92,0,0
12/31/25 12:00,7.78,42,NE,10.5,0,0
12/31/25 13:00,11.08,40,NE,15.16,0,0
12/31/25 14:00,11.86,41,NE,15.55,0,0
12/31/25 15:00,11.86,26,NNE,14,0,0
12/31/25 16:00,8.36,22,NNE,12.05,0,0
12/31/25 17:00,10.69,28,NNE,12.64,0,0
12/31/25 18:00,6.03,15,NNE,9.33,0,0
12/31/25 19:00,,,,,1,1
12/31/25 20:00,7.97,39,NE,12.05,0,0
12/31/25 21:00,9.33,36,NE,13.8,0,0
12/31/25 22:00,8.94,40,NE,11.47,0,0
12/31/25 23:00,10.11,41,NE,12.83,0,0
1/1/26 0:00,7.39,43,NE,11.08,0,0
1/1/26 1:00,5.25,45,NE,10.3,0,0
1/1/26 2:00,7.78,46,NE,12.64,0,0
1/1/26 3:00,6.22,45,NE,10.89,0,0
1/1/26 4:00,8.94,42,NE,11.66,0,0
1/1/26 5:00,5.64,13,NNE,7.78,0,0
1/1/26 6:00,6.41,21,NNE,8.94,0,0
1/1/26 7:00,5.83,357,N,9.33,0,0
1/1/26 8:00,4.86,11,N,6.22,0,0
1/1/26 9:00,4.67,272,W,6.03,0,0
1/1/26 10:00,1.36,207,SSW,2.33,0,0
1/1/26 11:00,3.11,280,W,4.86,0,0
1/1/26 12:00,2.72,172,S,4.08,0,0
1/1/26 13:00,4.28,206,SSW,6.03,0,0
1/1/26 14:00,3.3,126,SE,4.67,0,0
1/1/26 15:00,7.97,166,SSE,8.55,0,0
1/1/26 16:00,5.44,165,SSE,6.61,0,0
1/1/26 17:00,8.55,181,S,9.33,0,0
1/1/26 18:00,5.05,177,S,5.64,0,0
1/1/26 19:00,11.27,128,SE,14.77,0,0
1/1/26 20:00,13.02,128,SE,17.11,0,0
1/1/26 21:00,14.77,167,SSE,18.66,0,0
1/1/26 22:00,11.27,171,S,14.58,0,0
1/1/26 23:00,8.16,132,SE,12.83,0,0
1/2/26 0:00,6.8,144,SE,12.83,0,0
1/2/26 1:00,7.19,163,SSE,8.36,0,0
1/2/26 2:00,3.69,137,SE,5.83,0,0
1/2/26 3:00,3.89,148,SSE,6.22,0,0
1/2/26 4:00,7,127,SE,9.91,0,0
1/2/26 5:00,5.83,176,S,7,0,0
1/2/26 6:00,8.36,122,ESE,9.14,0,0
1/2/26 7:00,13.22,121,ESE,15.75,0,0
1/2/26 8:00,10.69,154,SSE,13.8,0,0
1/2/26 9:00,9.91,127,SE,12.64,0,0
1/2/26 10:00,10.3,141,SE,13.8,0,0
1/2/26 11:00,11.86,140,SE,14.77,0,0
1/2/26 12:00,12.44,132,SE,18.66,0,0
1/2/26 13:00,13.41,128,SE,19.05,0,0
1/2/26 14:00,13.02,128,SE,21.58,0,0
1/2/26 15:00,10.89,127,SE,15.55,0,0
1/2/26 16:00,15.55,146,SE,22.55,0,0
1/2/26 17:00,10.3,136,SE,13.61,0,0
1/2/26 18:00,11.86,187,S,13.61,0,0
1/2/26 19:00,9.72,178,S,13.41,0,0
1/2/26 20:00,13.8,157,SSE,19.83,0,0
1/2/26 21:00,14.38,157,SSE,18.66,0,0
1/2/26 22:00,21.58,170,S,26.63,0,0
1/2/26 23:00,16.52,159,SSE,20.6,0,0
1/3/26 0:00,18.66,165,SSE,22.35,0,0
1/3/26 1:00,,,,,1,1
1/3/26 2:00,17.69,180,S,22.16,0,0
1/3/26 3:00,17.88,166,SSE,19.83,0,0
1/3/26 4:00,13.61,159,SSE,18.27,0,0
1/3/26 5:00,17.11,161,SSE,20.22,0,0
1/3/26 6:00,11.66,151,SSE,17.3,0,0
1/3/26 7:00,14.38,167,SSE,17.49,0,0
1/3/26 8:00,16.91,159,SSE,21.77,0,0
1/3/26 9:00,8.36,168,SSE,11.66,0,0
1/3/26 10:00,,,,,1,1
1/3/26 11:00,15.55,184,S,22.74,0,0
1/3/26 12:00,20.41,199,SSW,25.27,0,0
1/3/26 13:00,18.08,197,SSW,24.88,0,0
1/3/26 14:00,20.8,191,S,25.08,0,0
1/3/26 15:00,17.11,187,S,18.86,0,0
1/3/26 16:00,14.58,198,SSW,21.19,0,0
1/3/26 17:00,14.19,192,SSW,18.08,0,0
1/3/26 18:00,15.75,184,S,19.24,0,0
1/3/26 19:00,15.36,170,S,17.3,0,0
1/3/26 20:00,12.83,184,S,19.05,0,0
1/3/26 21:00,10.89,160,SSE,14.38,0,0
1/3/26 22:00,17.3,169,S,18.86,0,0
1/3/26 23:00,14,170,S,16.13,0,0
1/4/26 0:00,12.83,156,SSE,17.49,0,0
1/4/26 1:00,13.41,166,SSE,16.13,0,0
1/4/26 2:00,13.61,155,SSE,18.86,0,0
1/4/26 3:00,8.36,228,SW,10.3,0,0
1/4/26 4:00,11.27,167,SSE,13.02,0,0
1/4/26 5:00,11.86,172,S,13.8,0,0
1/4/26 6:00,9.91,202,SSW,13.41,0,0
1/4/26 7:00,11.08,167,SSE,11.86,0,0
1/4/26 8:00,7.39,157,SSE,9.72,0,0
1/4/26 9:00,10.11,173,S,10.89,0,0
1/4/26 10:00,8.16,129,SE,11.86,0,0
1/4/26 11:00,8.55,134,SE,11.47,0,0
1/4/26 12:00,8.55,128,SE,11.86,0,0
1/4/26 13:00,6.41,182,S,7.97,0,0
1/4/26 14:00,11.08,170,S,12.05,0,0
1/4/26 15:00,8.75,183,S,11.27,0,0
1/4/26 16:00,8.55,220,SW,11.27,0,0
1/4/26 17:00,3.69,249,WSW,4.86,0,0
1/4/26 18:00,6.22,240,WSW,8.36,0,0
1/4/26 19:00,5.44,194,SSW,7,0,0
1/4/26 20:00,7.97,175,S,8.94,0,0
1/4/26 21:00,9.33,124,SE,10.89,0,0
1/4/26 22:00,11.47,125,SE,14,0,0
1/4/26 23:00,11.27,119,ESE,12.44,0,0
1/5/26 0:00,8.75,126,SE,14.38,0,0
1/5/26 1:00,10.89,132,SE,16.33,0,0
1/5/26 2:00,11.66,150,SSE,17.3,0,0
1/5/26 3:00,13.41,120,ESE,15.94,0,0
1/5/26 4:00,14.97,132,SE,22.16,0,0
1/5/26 5:00,13.22,131,SE,18.86,0,0
1/5/26 6:00,14.38,123,ESE,17.49,0,0
1/5/26 7:00,14.77,137,SE,23.52,0,0
1/5/26 8:00,17.69,134,SE,26.44,0,0
1/5/26 9:00,15.36,127,SE,22.55,0,0
1/5/26 10:00,19.05,140,SE,24.69,0,0
1/5/26 11:00,14.77,131,SE,21.58,0,0
1/5/26 12:00,17.49,155,SSE,22.94,0,0
1/5/26 13:00,18.27,141,SE,25.46,0,0
1/5/26 14:00,16.33,145,SE,23.91,0,0
1/5/26 15:00,14.97,158,SSE,20.99,0,0
1/5/26 16:00,15.36,128,SE,22.94,0,0
1/5/26 17:00,14.97,128,SE,20.99,0,0
1/5/26 18:00,14.38,126,SE,18.66,0,0
1/5/26 19:00,13.61,125,SE,16.72,0,0
1/5/26 20:00,15.75,118,ESE,19.05,0,0
1/5/26 21:00,15.55,122,ESE,19.83,0,0
1/5/26 22:00,3.89,144,SE,6.03,0,0
1/5/26 23:00,0.19,221,SW,1.94,0,0
1/6/26 0:00,4.47,352,N,5.64,0,0
1/6/26 1:00,4.47,122,ESE,7.19,0,0
1/6/26 2:00,4.08,103,ESE,6.41,0,0
1/6/26 3:00,8.55,26,NNE,9.91,0,0
1/6/26 4:00,7.58,8,N,10.5,0,0
1/6/26 5:00,,,,,1,1
1/6/26 6:00,3.5,21,NNE,4.67,0,0
1/6/26 7:00,5.25,19,NNE,6.61,0,0
1/6/26 8:00,4.47,353,N,6.22,0,0
1/6/26 9:00,2.72,114,ESE,4.67,0,0
1/6/26 10:00,3.89,355,N,6.8,0,0
1/6/26 11:00,8.16,17,NNE,13.02,0,0
1/6/26 12:00,7.78,31,NNE,11.27,0,0
1/6/26 13:00,4.28,20,NNE,8.94,0,0
1/6/26 14:00,0.78,33,NNE,2.14,0,0
1/6/26 15:00,9.91,330,NNW,11.66,0,0
1/6/26 16:00,6.41,36,NE,8.16,0,0
1/6/26 17:00,3.89,338,NNW,4.86,0,0
1/6/26 18:00,4.47,1,N,5.64,0,0
1/6/26 19:00,1.75,48,NE,2.33,0,0
1/6/26 20:00,3.5,291,WNW,4.08,0,0
1/6/26 21:00,7.19,347,NNW,7.97,0,0
1/6/26 22:00,3.5,44,NE,4.28,0,0
1/6/26 23:00,4.47,342,NNW,5.05,0,0
1/7/26 0:00,3.89,355,N,5.25,0,0
1/7/26 1:00,1.56,54,NE,2.14,0,0
1/7/26 2:00,2.33,100,E,2.53,0,0
1/7/26 3:00,6.22,142,SE,7.58,0,0
1/7/26 4:00,5.64,156,SSE,7.39,0,0
1/7/26 5:00,3.11,113,ESE,4.08,0,0
1/7/26 6:00,3.11,121,ESE,3.89,0,0
1/7/26 7:00,2.33,140,SE,2.92,0,0
1/7/26 8:00,7.97,282,WNW,9.33,0,0
1/7/26 9:00,7.19,302,WNW,10.5,0,0
1/7/26 10:00,8.75,302,WNW,12.05,0,0
1/7/26 11:00,6.03,286,WNW,9.33,0,0
1/7/26 12:00,4.67,266,W,6.03,0,0
1/7/26 13:00,3.5,194,SSW,5.05,0,0
1/7/26 14:00,7.58,283,WNW,10.5,0,0
1/7/26 15:00,11.66,299,WNW,17.11,0,0
1/7/26 16:00,10.11,290,WNW,14.19,0,0
1/7/26 17:00,14,297,WNW,20.41,0,0
1/7/26 18:00,16.72,297,WNW,22.74,0,0
1/7/26 19:00,12.25,315,NW,17.3,0,0
1/7/26 20:00,9.33,288,WNW,12.64,0,0
1/7/26 21:00,4.08,283,WNW,8.16,0,0
1/7/26 22:00,5.83,261,W,8.16,0,0
1/7/26 23:00,8.36,290,WNW,12.25,0,0
1/8/26 0:00,8.75,293,WNW,16.72,0,0
1/8/26 1:00,5.44,327,NNW,9.14,0,0
1/8/26 2:00,12.05,310,NW,18.47,0,0
1/8/26 3:00,8.94,305,NW,14.58,0,0
1/8/26 4:00,9.14,309,NW,12.25,0,0
1/8/26 5:00,7.58,324,NW,11.08,0,0
1/8/26 6:00,8.36,328,NNW,12.44,0,0
1/8/26 7:00,4.47,317,NW,6.03,0,0
1/8/26 8:00,5.83,3,N,8.55,0,0
1/8/26 9:00,8.36,0,N,14,0,0
1/8/26 10:00,10.11,347,NNW,15.16,0,0
1/8/26 11:00,7.78,356,N,14.38,0,0
1/8/26 12:00,7.39,333,NNW,12.05,0,0
1/8/26 13:00,7.78,323,NW,14.97,0,0
1/8/26 14:00,10.5,333,NNW,13.41,0,0
1/8/26 15:00,10.11,15,NNE,15.75,0,0
1/8/26 16:00,13.22,21,NNE,18.47,0,0
1/8/26 17:00,7.78,8,N,11.27,0,0
1/8/26 18:00,8.16,16,NNE,12.83,0,0
1/8/26 19:00,8.16,7,N,12.25,0,0
1/8/26 20:00,9.52,343,NNW,13.8,0,0
1/8/26 21:00,3.5,357,N,6.41,0,0
1/8/26 22:00,8.75,356,N,12.44,0,0
1/8/26 23:00,9.91,25,NNE,12.44,0,0
1/9/26 0:00,4.28,356,N,5.83,0,0
1/9/26 1:00,5.83,7,N,8.94,0,0
1/9/26 2:00,7.39,27,NNE,8.75,0,0
1/9/26 3:00,2.53,32,NNE,3.5,0,0
1/9/26 4:00,1.17,90,E,3.89,0,0
1/9/26 5:00,4.28,9,N,5.05,0,0
1/9/26 6:00,3.3,19,NNE,4.67,0,0
1/9/26 7:00,7.39,41,NE,9.91,0,0
1/9/26 8:00,3.5,1,N,5.44,0,0
1/9/26 9:00,3.5,29,NNE,5.25,0,0
1/9/26 10:00,7.78,45,NE,10.5,0,0
1/9/26 11:00,7.78,45,NE,11.08,0,0
1/9/26 12:00,,,,,1,1
1/9/26 13:00,10.5,45,NE,16.91,0,0
1/9/26 14:00,10.5,43,NE,15.16,0,0
1/9/26 15:00,5.05,45,NE,8.94,0,0
1/9/26 16:00,1.94,88,E,7,0,0
1/9/26 17:00,1.94,63,ENE,5.83,0,0
1/9/26 18:00,3.69,25,NNE,5.44,0,0
1/9/26 19:00,2.53,14,NNE,3.3,0,0
1/9/26 20:00,7.19,329,NNW,8.16,0,0
1/9/26 21:00,8.16,350,N,11.66,0,0
1/9/26 22:00,9.72,349,N,12.25,0,0
1/9/26 23:00,12.05,356,N,15.16,0,0
1/10/26 0:00,9.52,350,N,13.61,0,0
1/10/26 1:00,10.11,346,NNW,12.44,0,0
1/10/26 2:00,6.22,353,N,11.08,0,0
1/10/26 3:00,10.89,1,N,13.8,0,0
1/10/26 4:00,11.66,358,N,15.55,0,0
1/10/26 5:00,10.11,346,NNW,12.25,0,0
1/10/26 6:00,10.69,357,N,14,0,0
1/10/26 7:00,8.75,349,N,10.89,0,0
1/10/26 8:00,10.3,345,NNW,12.05,0,0
1/10/26 9:00,7.19,352,N,9.33,0,0
1/10/26 10:00,14,28,NNE,16.91,0,0
1/10/26 11:00,9.91,30,NNE,13.02,0,0
1/10/26 12:00,3.5,34,NE,7.97,0,0
1/10/26 13:00,4.47,56,NE,8.75,0,0
1/10/26 14:00,3.69,34,NE,6.8,0,0
1/10/26 15:00,2.72,82,E,6.8,0,0
1/10/26 16:00,8.36,33,NNE,10.11,0,0
1/10/26 17:00,4.67,46,NE,6.61,0,0
1/10/26 18:00,3.69,48,NE,5.44,0,0
1/10/26 19:00,3.3,62,ENE,6.22,0,0
1/10/26 20:00,1.94,69,ENE,4.47,0,0
1/10/26 21:00,2.72,17,NNE,5.44,0,0
1/10/26 22:00,3.89,12,NNE,6.22,0,0
1/10/26 23:00,4.67,9,N,6.61,0,0
1/11/26 0:00,6.03,360,N,7.39,0,0
1/11/26 1:00,8.36,345,NNW,9.72,0,0
1/11/26 2:00,11.47,346,NNW,13.22,0,0
1/11/26 3:00,9.14,342,NNW,10.5,0,0
1/11/26 4:00,10.5,351,N,13.61,0,0
1/11/26 5:00,11.47,348,NNW,13.41,0,0
1/11/26 6:00,11.08,345,NNW,12.64,0,0
1/11/26 7:00,7.78,6,N,10.5,0,0
1/11/26 8:00,11.08,352,N,15.16,0,0
1/11/26 9:00,12.05,349,N,14.38,0,0
1/11/26 10:00,12.25,343,NNW,14.19,0,0
1/11/26 11:00,7.19,333,NNW,8.36,0,0
1/11/26 12:00,4.28,337,NNW,6.8,0,0
1/11/26 13:00,1.94,272,W,4.67,0,0
1/11/26 14:00,6.03,329,NNW,9.72,0,0
1/11/26 15:00,8.36,338,NNW,10.69,0,0
1/11/26 16:00,6.41,340,NNW,8.94,0,0
1/11/26 17:00,4.28,11,N,6.8,0,0
1/11/26 18:00,5.64,344,NNW,6.22,0,0
1/11/26 19:00,6.22,334,NNW,7.19,0,0
1/11/26 20:00,3.69,352,N,5.25,0,0
1/11/26 21:00,8.16,348,NNW,9.14,0,0
1/11/26 22:00,9.14,341,NNW,10.11,0,0
1/11/26 23:00,5.44,350,N,9.33,0,0
1/12/26 0:00,4.47,331,NNW,5.83,0,0
1/12/26 1:00,6.61,9,N,8.55,0,0
1/12/26 2:00,7.97,359,N,9.72,0,0
1/12/26 3:00,10.89,347,NNW,12.44,0,0
1/12/26 4:00,8.55,334,NNW,11.27,0,0
1/12/26 5:00,12.83,347,NNW,15.75,0,0
1/12/26 6:00,11.08,341,NNW,13.41,0,0
1/12/26 7:00,9.14,336,NNW,12.25,0,0
1/12/26 8:00,10.69,337,NNW,13.61,0,0
1/12/26 9:00,11.08,357,N,15.94,0,0
1/12/26 10:00,8.94,359,N,13.22,0,0
1/12/26 11:00,7.78,30,NNE,10.89,0,0
1/12/26 12:00,9.91,28,NNE,15.55,0,0
1/12/26 13:00,9.91,51,NE,16.72,0,0
1/12/26 14:00,8.55,29,NNE,14,0,0
1/12/26 15:00,10.3,38,NE,16.33,0,0
1/12/26 16:00,10.89,35,NE,15.55,0,0
1/12/26 17:00,7.19,32,NNE,9.72,0,0
1/12/26 18:00,,,,,1,1
1/12/26 19:00,5.64,357,N,9.14,0,0
1/12/26 20:00,6.61,9,N,8.94,0,0
1/12/26 21:00,10.89,344,NNW,11.86,0,0
1/12/26 22:00,10.89,342,NNW,12.25,0,0
1/12/26 23:00,7.78,7,N,10.5,0,0
1/13/26 0:00,10.89,352,N,12.64,0,0
1/13/26 1:00,11.86,348,NNW,14,0,0
1/13/26 2:00,11.08,359,N,14.19,0,0
1/13/26 3:00,10.69,354,N,14.97,0,0
1/13/26 4:00,10.69,338,NNW,14.58,0,0
1/13/26 5:00,11.08,352,N,14,0,0
1/13/26 6:00,5.05,19,NNE,6.8,0,0
1/13/26 7:00,5.83,354,N,6.61,0,0
1/13/26 8:00,6.61,346,NNW,7.58,0,0
1/13/26 9:00,8.36,344,NNW,9.72,0,0
1/13/26 10:00,7.39,339,NNW,9.14,0,0
1/13/26 11:00,7.19,341,NNW,10.11,0,0
1/13/26 12:00,2.33,103,ESE,3.5,0,0
1/13/26 13:00,0,163,SSE,0.58,0,0
1/13/26 14:00,13.22,31,NNE,15.16,0,0
1/13/26 15:00,8.94,22,NNE,13.22,0,0
1/13/26 16:00,8.55,40,NE,13.41,0,0
1/13/26 17:00,6.8,26,NNE,9.33,0,0
1/13/26 18:00,7.58,349,N,8.36,0,0
1/13/26 19:00,7.19,357,N,9.33,0,0
1/13/26 20:00,4.28,336,NNW,5.83,0,0
1/13/26 21:00,10.3,357,N,11.27,0,0
1/13/26 22:00,11.27,352,N,13.22,0,0
1/13/26 23:00,14.19,339,NNW,15.75,0,0
1/14/26 0:00,11.66,342,NNW,14,0,0
1/14/26 1:00,8.75,8,N,11.08,0,0
1/14/26 2:00,12.64,350,N,14.77,0,0
1/14/26 3:00,13.8,346,NNW,16.33,0,0
1/14/26 4:00,8.16,6,N,10.69,0,0
1/14/26 5:00,6.22,358,N,8.94,0,0
1/14/26 6:00,,,,,1,1
1/14/26 7:00,7.19,347,NNW,9.52,0,0
1/14/26 8:00,6.22,6,N,7.97,0,0
1/14/26 9:00,9.52,349,N,11.86,0,0
1/14/26 10:00,6.41,336,NNW,7.97,0,0
1/14/26 11:00,12.05,332,NNW,15.55,0,0
1/14/26 12:00,13.41,333,NNW,15.55,0,0
1/14/26 13:00,9.33,39,NE,15.36,0,0
1/14/26 14:00,5.44,74,ENE,10.69,0,0
1/14/26 15:00,5.64,22,NNE,12.64,0,0
1/14/26 16:00,6.8,9,N,10.3,0,0
1/14/26 17:00,6.8,333,NNW,8.16,0,0
1/14/26 18:00,9.33,343,NNW,10.3,0,0
1/14/26 19:00,11.86,345,NNW,14.19,0,0
1/14/26 20:00,13.22,343,NNW,15.36,0,0
1/14/26 21:00,11.86,351,N,15.94,0,0
1/14/26 22:00,13.22,349,N,15.75,0,0
1/14/26 23:00,13.02,348,NNW,15.36,0,0
1/15/26 0:00,7.97,333,NNW,10.3,0,0
1/15/26 1:00,11.86,349,N,13.61,0,0
1/15/26 2:00,8.36,353,N,11.86,0,0
1/15/26 3:00,7.78,354,N,10.3,0,0
1/15/26 4:00,10.89,345,NNW,13.22,0,0
1/15/26 5:00,6.22,14,NNE,8.16,0,0
1/15/26 6:00,11.27,357,N,14.97,0,0
1/15/26 7:00,,,,,1,1
1/15/26 8:00,7.58,355,N,10.3,0,0
1/15/26 9:00,2.33,317,NW,6.22,0,0
1/15/26 10:00,1.56,24,NNE,2.72,0,0
1/15/26 11:00,3.89,36,NE,4.28,0,0
1/15/26 12:00,4.08,41,NE,9.72,0,0
1/15/26 13:00,4.47,43,NE,8.36,0,0
1/15/26 14:00,2.72,114,ESE,4.28,0,0
1/15/26 15:00,0,187,S,0.78,0,0
1/15/26 16:00,0.39,337,NNW,0.97,0,0
1/15/26 17:00,0.19,81,E,1.94,0,0
1/15/26 18:00,1.94,60,ENE,5.64,0,0
1/15/26 19:00,2.92,35,NE,3.3,0,0
1/15/26 20:00,2.53,352,N,3.11,0,0
1/15/26 21:00,5.64,2,N,6.22,0,0
1/15/26 22:00,1.17,357,N,1.94,0,0
1/15/26 23:00,1.36,334,NNW,2.92,0,0
1/16/26 0:00,5.25,328,NNW,7.39,0,0
1/16/26 1:00,0.58,12,NNE,1.36,0,0
1/16/26 2:00,7.19,3,N,8.55,0,0
1/16/26 3:00,8.55,332,NNW,11.27,0,0
1/16/26 4:00,11.08,351,N,13.02,0,0
1/16/26 5:00,9.72,348,NNW,11.08,0,0
1/16/26 6:00,8.75,354,N,10.69,0,0
1/16/26 7:00,9.14,351,N,11.27,0,0
1/16/26 8:00,7.58,351,N,10.11,0,0
1/16/26 9:00,,,,,1,1
1/16/26 10:00,4.28,22,NNE,6.03,0,0
1/16/26 11:00,9.91,42,NE,14.58,0,0
1/16/26 12:00,8.36,40,NE,12.64,0,0
1/16/26 13:00,0.97,109,ESE,1.94,0,0
1/16/26 14:00,0.78,62,ENE,4.67,0,0
1/16/26 15:00,1.36,139,SE,3.5,0,0
1/16/26 16:00,4.47,18,NNE,7.58,0,0
1/16/26 17:00,7.58,338,NNW,9.91,0,0
1/16/26 18:00,9.72,346,NNW,11.47,0,0
1/16/26 19:00,10.5,342,NNW,11.27,0,0
1/16/26 20:00,7.78,338,NNW,9.33,0,0
1/16/26 21:00,10.5,350,N,11.66,0,0
1/16/26 22:00,10.3,348,NNW,11.47,0,0
1/16/26 23:00,8.16,333,NNW,9.72,0,0
1/17/26 0:00,7,357,N,8.75,0,0
1/17/26 1:00,9.91,351,N,12.05,0,0
1/17/26 2:00,10.5,352,N,12.83,0,0
1/17/26 3:00,5.64,338,NNW,7.39,0,0
1/17/26 4:00,9.33,350,N,11.86,0,0
1/17/26 5:00,9.72,344,NNW,10.69,0,0
1/17/26 6:00,8.36,357,N,11.47,0,0
1/17/26 7:00,9.33,358,N,11.47,0,0
1/17/26 8:00,6.22,21,NNE,9.14,0,0
1/17/26 9:00,7.39,358,N,10.89,0,0
1/17/26 10:00,3.69,46,NE,10.11,0,0
1/17/26 11:00,7.19,49,NE,17.3,0,0
1/17/26 12:00,11.08,42,NE,16.33,0,0
1/17/26 13:00,3.11,72,ENE,4.86,0,0
1/17/26 14:00,12.64,38,NE,16.72,0,0
1/17/26 15:00,7.19,47,NE,15.55,0,0
1/17/26 16:00,8.36,39,NE,11.86,0,0
1/17/26 17:00,5.83,44,NE,8.36,0,0
1/17/26 18:00,,,,,1,1
1/17/26 19:00,10.11,345,NNW,10.89,0,0
1/17/26 20:00,8.55,350,N,9.91,0,0
1/17/26 21:00,10.89,357,N,12.83,0,0
1/17/26 22:00,11.08,341,NNW,13.61,0,0
1/17/26 23:00,12.83,344,NNW,15.16,0,0
1/18/26 0:00,9.52,1,N,12.25,0,0
1/18/26 1:00,10.11,347,NNW,12.44,0,0
1/18/26 2:00,11.27,345,NNW,14.19,0,0
1/18/26 3:00,11.86,342,NNW,14.77,0,0
1/18/26 4:00,10.89,349,N,14.19,0,0
1/18/26 5:00,6.22,21,NNE,8.75,0,0
1/18/26 6:00,6.61,351,N,8.36,0,0
1/18/26 7:00,11.47,350,N,13.8,0,0
1/18/26 8:00,10.89,339,NNW,12.64,0,0
1/18/26 9:00,8.36,347,NNW,10.3,0,0
1/18/26 10:00,9.91,342,NNW,13.22,0,0
1/18/26 11:00,1.17,70,ENE,2.72,0,0
1/18/26 12:00,1.36,65,ENE,3.11,0,0
1/18/26 13:00,6.03,29,NNE,9.52,0,0
1/18/26 14:00,4.28,34,NE,5.44,0,0
1/18/26 15:00,8.75,25,NNE,10.5,0,0
1/18/26 16:00,1.94,45,NE,4.28,0,0
1/18/26 17:00,4.47,33,NNE,5.05,0,0
1/18/26 18:00,7.97,344,NNW,9.33,0,0
1/18/26 19:00,10.11,349,N,11.27,0,0
1/18/26 20:00,9.33,352,N,10.89,0,0
1/18/26 21:00,13.22,345,NNW,14.19,0,0
1/18/26 22:00,8.75,356,N,10.5,0,0
1/18/26 23:00,9.91,351,N,12.05,0,0
1/19/26 0:00,10.11,350,N,11.66,0,0
1/19/26 1:00,7,330,NNW,9.72,0,0
1/19/26 2:00,7.58,8,N,9.52,0,0
1/19/26 3:00,7.97,354,N,9.33,0,0
1/19/26 4:00,11.86,347,NNW,13.41,0,0
1/19/26 5:00,14,343,NNW,15.75,0,0
1/19/26 6:00,9.91,357,N,12.64,0,0
1/19/26 7:00,6.03,6,N,9.91,0,0
1/19/26 8:00,6.41,346,NNW,8.36,0,0
1/19/26 9:00,6.61,331,NNW,8.55,0,0
1/19/26 10:00,10.5,344,NNW,13.22,0,0
1/19/26 11:00,12.05,341,NNW,14,0,0
1/19/26 12:00,12.64,343,NNW,14.58,0,0
1/19/26 13:00,0.19,272,W,2.72,0,0
1/19/26 14:00,3.89,335,NNW,5.25,0,0
1/19/26 15:00,2.33,266,W,3.5,0,0
1/19/26 16:00,2.53,274,W,4.47,0,0
1/19/26 17:00,1.75,287,WNW,3.11,0,0
1/19/26 18:00,0.39,81,E,1.56,0,0
1/19/26 19:00,4.28,330,NNW,5.64,0,0
1/19/26 20:00,2.72,334,NNW,7,0,0
1/19/26 21:00,7.78,349,N,9.72,0,0
1/19/26 22:00,4.08,41,NE,4.86,0,0
1/19/26 23:00,6.8,325,NW,9.33,0,0
1/20/26 0:00,12.05,358,N,15.94,0,0
1/20/26 1:00,8.36,332,NNW,11.08,0,0
1/20/26 2:00,9.52,4,N,13.41,0,0
1/20/26 3:00,10.11,350,N,13.22,0,0
1/20/26 4:00,8.94,347,NNW,9.91,0,0
1/20/26 5:00,11.66,341,NNW,13.41,0,0
1/20/26 6:00,12.44,349,N,15.55,0,0
1/20/26 7:00,13.8,343,NNW,16.91,0,0
1/20/26 8:00,7.97,359,N,11.27,0,0
1/20/26 9:00,7.39,24,NNE,9.91,0,0
1/20/26 10:00,10.69,340,NNW,12.64,0,0
1/20/26 11:00,10.5,329,NNW,12.44,0,0
1/20/26 12:00,9.33,32,NNE,12.05,0,0
1/20/26 13:00,3.3,14,NNE,6.8,0,0
1/20/26 14:00,5.64,358,N,9.52,0,0
1/20/26 15:00,2.92,38,NE,7.19,0,0
1/20/26 16:00,4.08,351,N,6.22,0,0
1/20/26 17:00,4.47,1,N,6.8,0,0
1/20/26 18:00,6.61,344,NNW,8.94,0,0
1/20/26 19:00,10.5,345,NNW,11.47,0,0
1/20/26 20:00,8.75,342,NNW,10.5,0,0
1/20/26 21:00,8.55,341,NNW,9.72,0,0
1/20/26 22:00,10.3,340,NNW,12.25,0,0
1/20/26 23:00,11.47,341,NNW,14.19,0,0
1/21/26 0:00,11.08,347,NNW,14.58,0,0
1/21/26 1:00,4.08,6,N,5.83,0,0
1/21/26 2:00,8.16,351,N,10.3,0,0
1/21/26 3:00,8.16,346,NNW,9.52,0,0
1/21/26 4:00,5.64,12,NNE,8.36,0,0
1/21/26 5:00,3.3,322,NW,5.05,0,0
1/21/26 6:00,3.69,305,NW,5.64,0,0
1/21/26 7:00,6.03,335,NNW,7.58,0,0
1/21/26 8:00,5.83,12,NNE,10.11,0,0
1/21/26 9:00,10.89,339,NNW,13.61,0,0
1/21/26 10:00,3.89,13,NNE,7.78,0,0
1/21/26 11:00,8.36,335,NNW,11.86,0,0
1/21/26 12:00,2.92,336,NNW,3.89,0,0
1/21/26 13:00,8.94,331,NNW,10.69,0,0
1/21/26 14:00,5.44,302,WNW,7.97,0,0
1/21/26 15:00,5.25,329,NNW,6.8,0,0
1/21/26 16:00,2.72,49,NE,5.44,0,0
1/21/26 17:00,8.55,331,NNW,10.5,0,0
1/21/26 18:00,10.3,345,NNW,12.05,0,0
1/21/26 19:00,6.22,10,N,8.94,0,0
1/21/26 20:00,9.14,339,NNW,10.69,0,0
1/21/26 21:00,7.39,348,NNW,10.5,0,0
1/21/26 22:00,6.61,2,N,7.78,0,0
1/21/26 23:00,5.25,320,NW,7.19,0,0
1/22/26 0:00,8.36,342,NNW,10.11,0,0
1/22/26 1:00,6.22,40,NE,7,0,0
1/22/26 2:00,6.22,294,WNW,7.19,0,0
1/22/26 3:00,10.89,357,N,15.55,0,0
1/22/26 4:00,9.91,3,N,12.83,0,0
1/22/26 5:00,3.89,7,N,6.61,0,0
1/22/26 6:00,5.83,3,N,7.19,0,0
1/22/26 7:00,0.78,344,NNW,3.5,0,0
1/22/26 8:00,1.94,275,W,2.14,0,0
1/22/26 9:00,2.92,9,N,4.47,0,0
1/22/26 10:00,2.33,163,SSE,3.3,0,0
1/22/26 11:00,2.72,195,SSW,3.89,0,0
1/22/26 12:00,7.19,173,S,7.78,0,0
1/22/26 13:00,8.75,173,S,9.72,0,0
1/22/26 14:00,7.19,186,S,8.16,0,0
1/22/26 15:00,8.75,196,SSW,10.5,0,0
1/22/26 16:00,5.44,189,S,6.61,0,0
1/22/26 17:00,5.83,183,S,6.41,0,0
1/22/26 18:00,7.58,216,SW,9.33,0,0
1/22/26 19:00,2.33,68,ENE,4.08,0,0
1/22/26 20:00,3.5,115,ESE,4.86,0,0
1/22/26 21:00,6.22,350,N,7.19,0,0
1/22/26 22:00,4.08,24,NNE,6.03,0,0
1/22/26 23:00,0,320,NW,0.58,0,0
1/23/26 0:00,5.64,207,SSW,7.39,0,0
1/23/26 1:00,4.67,203,SSW,6.22,0,0
1/23/26 2:00,3.69,229,SW,6.03,0,0
1/23/26 3:00,2.92,293,WNW,3.5,0,0
1/23/26 4:00,0,305,NW,0,0,0
1/23/26 5:00,1.75,1,N,3.3,0,0
1/23/26 6:00,4.86,339,NNW,5.83,0,0
1/23/26 7:00,2.14,344,NNW,2.92,0,0
1/23/26 8:00,1.36,354,N,1.94,0,0
1/23/26 9:00,2.14,28,NNE,2.92,0,0
1/23/26 10:00,1.17,296,WNW,1.75,0,0
1/23/26 11:00,0.39,167,SSE,1.36,0,0
1/23/26 12:00,4.86,266,W,6.22,0,0
1/23/26 13:00,6.22,285,WNW,7.78,0,0
1/23/26 14:00,5.05,332,NNW,7.78,0,0
1/23/26 15:00,3.89,340,NNW,7.39,0,0
1/23/26 16:00,3.3,327,NNW,5.25,0,0
1/23/26 17:00,1.75,252,WSW,3.69,0,0
1/23/26 18:00,2.14,328,NNW,2.72,0,0
1/23/26 19:00,0,13,NNE,0,0,0
1/23/26 20:00,0.19,327,NNW,1.17,0,0
1/23/26 21:00,0.97,46,NE,1.36,0,0
1/23/26 22:00,1.56,134,SE,3.11,0,0
1/23/26 23:00,2.53,306,NW,3.89,0,0
1/24/26 0:00,1.56,125,SE,2.53,0,0
1/24/26 1:00,3.11,350,N,4.28,0,0
1/24/26 2:00,6.03,41,NE,7.39,0,0
1/24/26 3:00,5.05,29,NNE,6.03,0,0
1/24/26 4:00,4.47,20,NNE,6.22,0,0
1/24/26 5:00,4.28,346,NNW,5.25,0,0
1/24/26 6:00,5.05,10,N,6.03,0,0
1/24/26 7:00,7.39,346,NNW,8.16,0,0
1/24/26 8:00,6.03,349,N,7.39,0,0
1/24/26 9:00,4.28,322,NW,6.03,0,0
1/24/26 10:00,3.5,311,NW,6.03,0,0
1/24/26 11:00,3.3,358,N,6.8,0,0
1/24/26 12:00,1.17,359,N,5.83,0,0
1/24/26 13:00,6.03,25,NNE,8.94,0,0
1/24/26 14:00,6.41,351,N,10.11,0,0
1/24/26 15:00,5.25,284,WNW,7.39,0,0
1/24/26 16:00,7.97,28,NNE,9.52,0,0
1/24/26 17:00,2.92,313,NW,4.86,0,0
1/24/26 18:00,2.92,220,SW,4.28,0,0
1/24/26 19:00,1.56,294,WNW,2.72,0,0
1/24/26 20:00,3.3,90,E,4.08,0,0
1/24/26 21:00,0.19,79,E,1.94,0,0
1/24/26 22:00,3.3,65,ENE,5.05,0,0
1/24/26 23:00,2.72,256,WSW,4.47,0,0
1/25/26 0:00,4.28,11,N,6.03,0,0
1/25/26 1:00,7,341,NNW,8.75,0,0
1/25/26 2:00,3.3,325,NW,4.67,0,0
1/25/26 3:00,8.36,50,NE,12.05,0,0
1/25/26 4:00,10.11,36,NE,11.86,0,0
1/25/26 5:00,8.36,354,N,10.69,0,0
1/25/26 6:00,7.97,360,N,11.47,0,0
1/25/26 7:00,9.52,3,N,13.02,0,0
1/25/26 8:00,10.5,23,NNE,15.36,0,0
1/25/26 9:00,10.11,24,NNE,15.94,0,0
1/25/26 10:00,9.14,33,NNE,11.86,0,0
1/25/26 11:00,6.61,3,N,9.14,0,0
1/25/26 12:00,1.56,44,NE,4.28,0,0
1/25/26 13:00,3.89,1,N,7.97,0,0
1/25/26 14:00,5.25,26,NNE,7.78,0,0
1/25/26 15:00,8.94,28,NNE,10.5,0,0
1/25/26 16:00,7.58,28,NNE,8.94,0,0
1/25/26 17:00,5.25,24,NNE,6.41,0,0
1/25/26 18:00,2.14,357,N,3.3,0,0
1/25/26 19:00,3.5,13,NNE,4.67,0,0
1/25/26 20:00,4.67,358,N,6.03,0,0
1/25/26 21:00,4.86,6,N,5.83,0,0
1/25/26 22:00,6.03,339,NNW,6.8,0,0
1/25/26 23:00,5.25,334,NNW,6.8,0,0
1/26/26 0:00,5.44,4,N,7.39,0,0
1/26/26 1:00,6.22,347,NNW,7.39,0,0
1/26/26 2:00,5.64,351,N,7.19,0,0
1/26/26 3:00,4.67,1,N,6.03,0,0
1/26/26 4:00,3.89,3,N,5.44,0,0
1/26/26 5:00,6.61,33,NNE,7.78,0,0
1/26/26 6:00,4.47,20,NNE,7.39,0,0
1/26/26 7:00,2.53,56,NE,6.41,0,0
1/26/26 8:00,3.69,12,NNE,5.64,0,0
1/26/26 9:00,4.67,34,NE,7,0,0
1/26/26 10:00,3.69,53,NE,6.41,0,0
1/26/26 11:00,2.33,215,SW,2.92,0,0
1/26/26 12:00,2.72,222,SW,3.89,0,0
1/26/26 13:00,6.61,360,N,10.3,0,0
1/26/26 14:00,5.25,351,N,9.33,0,0
1/26/26 15:00,4.86,345,NNW,8.36,0,0
1/26/26 16:00,5.83,6,N,9.14,0,0
1/26/26 17:00,7.19,29,NNE,9.33,0,0
1/26/26 18:00,3.89,335,NNW,4.67,0,0
1/26/26 19:00,0.78,339,NNW,2.53,0,0
1/26/26 20:00,0.78,267,W,1.56,0,0
1/26/26 21:00,,,,,1,1
1/26/26 22:00,2.53,13,NNE,3.3,0,0
1/26/26 23:00,1.75,347,NNW,2.33,0,0
1/27/26 0:00,3.11,355,N,4.47,0,0
1/27/26 1:00,2.14,16,NNE,2.53,0,0
1/27/26 2:00,5.05,347,NNW,6.03,0,0
1/27/26 3:00,3.3,355,N,5.83,0,0
1/27/26 4:00,0.19,0,N,0.78,0,0
1/27/26 5:00,3.69,0,N,4.86,0,0
1/27/26 6:00,0,331,NNW,0.58,0,0
1/27/26 7:00,0.19,351,N,1.36,0,0
1/27/26 8:00,3.11,44,NE,3.3,0,0
1/27/26 9:00,0.97,40,NE,2.53,0,0
1/27/26 10:00,3.69,258,WSW,5.64,0,0
1/27/26 11:00,4.67,266,W,6.03,0,0
1/27/26 12:00,2.33,220,SW,3.11,0,0
1/27/26 13:00,2.53,281,W,4.86,0,0
1/27/26 14:00,2.33,109,ESE,2.72,0,0
1/27/26 15:00,2.33,272,W,3.5,0,0
1/27/26 16:00,0.39,232,SW,1.36,0,0
1/27/26 17:00,1.94,94,E,3.11,0,0
1/27/26 18:00,5.25,178,S,5.64,0,0
1/27/26 19:00,4.86,285,WNW,7,0,0
1/27/26 20:00,7.58,118,ESE,8.75,0,0
1/27/26 21:00,5.83,132,SE,7.39,0,0
1/27/26 22:00,5.25,130,SE,8.36,0,0
1/27/26 23:00,1.17,76,ENE,2.33,0,0
1/28/26 0:00,3.5,242,WSW,4.67,0,0
1/28/26 1:00,4.28,163,SSE,5.25,0,0
1/28/26 2:00,0,93,E,1.94,0,0
1/28/26 3:00,2.53,12,NNE,4.28,0,0
1/28/26 4:00,3.3,339,NNW,3.69,0,0
1/28/26 5:00,0.97,280,W,3.11,0,0
1/28/26 6:00,9.33,341,NNW,10.69,0,0
1/28/26 7:00,7.78,350,N,10.3,0,0
1/28/26 8:00,8.36,346,NNW,10.11,0,0
1/28/26 9:00,4.86,19,NNE,6.61,0,0
1/28/26 10:00,5.25,39,NE,9.52,0,0
1/28/26 11:00,12.83,36,NE,15.75,0,0
1/28/26 12:00,10.3,45,NE,14.19,0,0
1/28/26 13:00,7.19,41,NE,10.5,0,0
1/28/26 14:00,9.52,36,NE,12.05,0,0
1/28/26 15:00,5.05,319,NW,7.39,0,0
1/28/26 16:00,5.64,345,NNW,9.33,0,0
1/28/26 17:00,1.17,220,SW,3.3,0,0
1/28/26 18:00,4.47,306,NW,6.03,0,0
1/28/26 19:00,,,,,1,1
1/28/26 20:00,4.67,2,N,6.22,0,0
1/28/26 21:00,6.03,26,NNE,7.19,0,0
1/28/26 22:00,4.86,2,N,5.83,0,0
1/28/26 23:00,6.41,1,N,7.97,0,0
1/29/26 0:00,4.67,19,NNE,5.64,0,0
1/29/26 1:00,7.78,348,NNW,10.3,0,0
1/29/26 2:00,4.47,12,NNE,6.41,0,0
1/29/26 3:00,6.8,350,N,9.33,0,0
1/29/26 4:00,2.92,34,NE,3.5,0,0
1/29/26 5:00,1.17,281,W,1.75,0,0
1/29/26 6:00,7.58,352,N,8.94,0,0
1/29/26 7:00,9.52,343,NNW,10.5,0,0
1/29/26 8:00,7.39,356,N,10.89,0,0
1/29/26 9:00,9.52,5,N,12.25,0,0
1/29/26 10:00,5.64,3,N,8.55,0,0
1/29/26 11:00,6.41,345,NNW,11.47,0,0
1/29/26 12:00,7.58,17,NNE,12.64,0,0
1/29/26 13:00,9.52,6,N,13.61,0,0
1/29/26 14:00,9.33,7,N,12.44,0,0
1/29/26 15:00,10.3,32,NNE,13.22,0,0
1/29/26 16:00,5.25,348,NNW,9.33,0,0
1/29/26 17:00,8.16,44,NE,12.05,0,0
1/29/26 18:00,4.47,61,ENE,7.58,0,0
1/29/26 19:00,6.8,340,NNW,7.58,0,0
1/29/26 20:00,8.75,347,NNW,10.89,0,0
1/29/26 21:00,6.61,334,NNW,8.16,0,0
1/29/26 22:00,,,,,1,1
1/29/26 23:00,9.14,349,N,10.89,0,0
1/30/26 0:00,9.33,343,NNW,11.66,0,0
1/30/26 1:00,11.47,342,NNW,13.02,0,0
1/30/26 2:00,13.41,343,NNW,15.16,0,0
1/30/26 3:00,10.3,358,N,13.41,0,0
1/30/26 4:00,9.91,347,NNW,11.86,0,0
1/30/26 5:00,10.89,352,N,14.58,0,0
1/30/26 6:00,13.61,343,NNW,16.33,0,0
1/30/26 7:00,7,356,N,9.33,0,0
1/30/26 8:00,6.03,347,NNW,7.39,0,0
1/30/26 9:00,3.69,351,N,5.05,0,0
1/30/26 10:00,3.69,342,NNW,5.25,0,0
1/30/26 11:00,8.55,350,N,11.86,0,0
1/30/26 12:00,12.44,358,N,15.36,0,0
1/30/26 13:00,15.16,27,NNE,18.08,0,0
1/30/26 14:00,7.58,27,NNE,9.14,0,0
1/30/26 15:00,5.25,38,NE,10.5,0,0
1/30/26 16:00,7.58,35,NE,10.11,0,0
1/30/26 17:00,10.5,44,NE,12.64,0,0
1/30/26 18:00,10.69,37,NE,15.75,0,0
1/30/26 19:00,1.75,39,NE,4.28,0,0
1/30/26 20:00,3.5,50,NE,7.58,0,0
1/30/26 21:00,3.11,46,NE,6.8,0,0
1/30/26 22:00,3.5,61,ENE,6.8,0,0
1/30/26 23:00,4.86,4,N,6.03,0,0
1/31/26 0:00,5.83,351,N,6.8,0,0
1/31/26 1:00,8.36,341,NNW,10.11,0,0
1/31/26 2:00,9.91,345,NNW,11.08,0,0
1/31/26 3:00,10.5,342,NNW,11.66,0,0
1/31/26 4:00,8.94,349,N,11.27,0,0
1/31/26 5:00,5.05,355,N,6.22,0,0
1/31/26 6:00,4.47,6,N,6.03,0,0
1/31/26 7:00,4.28,14,NNE,6.61,0,0
1/31/26 8:00,8.36,357,N,11.08,0,0
1/31/26 9:00,6.22,16,NNE,8.75,0,0
1/31/26 10:00,6.22,340,NNW,8.36,0,0
1/31/26 11:00,11.86,30,NNE,14.97,0,0
1/31/26 12:00,11.27,24,NNE,16.52,0,0
1/31/26 13:00,10.11,25,NNE,12.83,0,0
1/31/26 14:00,9.91,26,NNE,13.41,0,0
1/31/26 15:00,6.22,15,NNE,9.33,0,0
1/31/26 16:00,3.11,7,N,5.05,0,0
1/31/26 17:00,4.67,44,NE,6.8,0,0
1/31/26 18:00,3.11,24,NNE,3.69,0,0
1/31/26 19:00,4.47,353,N,5.25,0,0
1/31/26 20:00,0.78,95,E,3.3,0,0
1/31/26 21:00,4.08,289,WNW,5.25,0,0
1/31/26 22:00,2.14,24,NNE,3.5,0,0
1/31/26 23:00,6.22,27,NNE,7.39,0,0
2/1/26 0:00,8.16,343,NNW,10.3,0,0
2/1/26 1:00,6.8,15,NNE,8.75,0,0
2/1/26 2:00,7.19,24,NNE,8.55,0,0
2/1/26 3:00,7.78,289,WNW,11.27,0,0
2/1/26 4:00,4.28,21,NNE,5.83,0,0
2/1/26 5:00,7.19,338,NNW,8.94,0,0
2/1/26 6:00,7,351,N,7.78,0,0
2/1/26 7:00,5.25,353,N,6.61,0,0
2/1/26 8:00,5.83,355,N,7.78,0,0
2/1/26 9:00,5.64,340,NNW,7.78,0,0
2/1/26 10:00,7.19,19,NNE,11.47,0,0
2/1/26 11:00,6.8,5,N,8.75,0,0
2/1/26 12:00,5.44,340,NNW,8.36,0,0
2/1/26 13:00,4.67,347,NNW,6.61,0,0
2/1/26 14:00,4.08,263,W,5.05,0,0
2/1/26 15:00,2.53,216,SW,3.5,0,0
2/1/26 16:00,3.11,214,SW,4.08,0,0
2/1/26 17:00,1.94,236,SW,2.72,0,0
2/1/26 18:00,1.75,224,SW,2.33,0,0
2/1/26 19:00,3.3,69,ENE,4.47,0,0
2/1/26 20:00,1.94,184,S,2.33,0,0
2/1/26 21:00,2.14,77,ENE,3.3,0,0
2/1/26 22:00,,,,,1,1
2/1/26 23:00,0.78,8,N,0.97,0,0
2/2/26 0:00,4.08,19,NNE,4.67,0,0
2/2/26 1:00,7.58,350,N,8.36,0,0
2/2/26 2:00,4.86,340,NNW,6.03,0,0
2/2/26 3:00,5.83,341,NNW,6.41,0,0
2/2/26 4:00,6.61,338,NNW,7.39,0,0
2/2/26 5:00,,,,,1,1
2/2/26 6:00,5.44,355,N,6.03,0,0
2/2/26 7:00,4.28,356,N,6.03,0,0
2/2/26 8:00,4.67,332,NNW,5.64,0,0
2/2/26 9:00,5.05,344,NNW,6.41,0,0
2/2/26 10:00,4.08,334,NNW,5.25,0,0
2/2/26 11:00,2.14,246,WSW,4.67,0,0
2/2/26 12:00,4.86,223,SW,6.03,0,0
2/2/26 13:00,2.53,257,WSW,4.28,0,0
2/2/26 14:00,2.72,244,WSW,4.47,0,0
2/2/26 15:00,2.53,193,SSW,4.08,0,0
2/2/26 16:00,4.47,231,SW,5.64,0,0
2/2/26 17:00,3.11,224,SW,4.47,0,0
2/2/26 18:00,3.5,153,SSE,4.86,0,0
2/2/26 19:00,5.83,170,S,7,0,0
2/2/26 20:00,1.75,238,WSW,3.11,0,0
2/2/26 21:00,1.36,56,NE,1.75,0,0
2/2/26 22:00,3.69,32,NNE,4.08,0,0
2/2/26 23:00,3.5,36,NE,4.67,0,0
2/3/26 0:00,2.92,4,N,3.3,0,0
2/3/26 1:00,3.69,9,N,4.67,0,0
2/3/26 2:00,7.97,349,N,9.14,0,0
2/3/26 3:00,3.89,310,NW,5.44,0,0
2/3/26 4:00,9.72,354,N,12.05,0,0
2/3/26 5:00,11.47,357,N,15.16,0,0
2/3/26 6:00,11.86,342,NNW,14.19,0,0
2/3/26 7:00,11.86,343,NNW,14.58,0,0
2/3/26 8:00,9.91,352,N,12.83,0,0
2/3/26 9:00,12.05,34,NE,16.91,0,0
2/3/26 10:00,6.41,39,NE,9.91,0,0
2/3/26 11:00,14.38,38,NE,17.69,0,0
2/3/26 12:00,14.58,38,NE,19.63,0,0
2/3/26 13:00,14.38,34,NE,16.72,0,0
2/3/26 14:00,9.33,28,NNE,13.02,0,0
2/3/26 15:00,11.08,28,NNE,14.38,0,0
2/3/26 16:00,6.61,35,NE,10.69,0,0
2/3/26 17:00,7,30,NNE,8.94,0,0
2/3/26 18:00,2.92,65,ENE,6.61,0,0
2/3/26 19:00,3.69,70,ENE,7.58,0,0
2/3/26 20:00,3.5,357,N,4.67,0,0
2/3/26 21:00,6.61,1,N,9.14,0,0
2/3/26 22:00,9.91,341,NNW,11.47,0,0
2/3/26 23:00,9.52,351,N,12.25,0,0
2/4/26 0:00,8.36,354,N,10.89,0,0
2/4/26 1:00,8.55,4,N,10.11,0,0
2/4/26 2:00,3.11,327,NNW,5.25,0,0
2/4/26 3:00,,,,,1,1
2/4/26 4:00,10.5,347,NNW,12.05,0,0
2/4/26 5:00,8.55,358,N,10.69,0,0
2/4/26 6:00,11.47,352,N,13.61,0,0
2/4/26 7:00,6.41,9,N,10.11,0,0
2/4/26 8:00,,,,,1,1
2/4/26 9:00,4.86,357,N,7.39,0,0
2/4/26 10:00,10.11,346,NNW,13.22,0,0
2/4/26 11:00,10.5,33,NNE,13.41,0,0
2/4/26 12:00,7.78,29,NNE,9.91,0,0
2/4/26 13:00,4.86,52,NE,9.52,0,0
2/4/26 14:00,4.67,36,NE,11.27,0,0
2/4/26 15:00,11.08,35,NE,14,0,0
2/4/26 16:00,6.03,31,NNE,11.86,0,0
2/4/26 17:00,3.69,36,NE,5.83,0,0
2/4/26 18:00,6.03,46,NE,9.14,0,0
2/4/26 19:00,8.36,346,NNW,9.33,0,0
2/4/26 20:00,8.75,350,N,9.91,0,0
2/4/26 21:00,10.11,344,NNW,11.08,0,0
2/4/26 22:00,6.61,10,N,9.52,0,0
2/4/26 23:00,4.86,20,NNE,6.03,0,0
2/5/26 0:00,1.36,110,ESE,2.14,0,0
2/5/26 1:00,3.69,330,NNW,5.64,0,0
2/5/26 2:00,8.75,346,NNW,11.86,0,0
2/5/26 3:00,8.36,352,N,9.72,0,0
2/5/26 4:00,8.75,339,NNW,10.11,0,0
2/5/26 5:00,7,351,N,8.36,0,0
2/5/26 6:00,7.58,1,N,9.91,0,0
2/5/26 7:00,3.5,64,ENE,9.14,0,0
2/5/26 8:00,7.39,27,NNE,9.91,0,0
2/5/26 9:00,4.47,172,S,6.22,0,0
2/5/26 10:00,2.14,140,SE,3.5,0,0
2/5/26 11:00,1.94,228,SW,2.92,0,0
2/5/26 12:00,2.33,332,NNW,4.28,0,0
2/5/26 13:00,6.8,21,NNE,11.27,0,0
2/5/26 14:00,6.41,341,NNW,9.52,0,0
2/5/26 15:00,7,269,W,9.91,0,0
2/5/26 16:00,5.05,11,N,7.39,0,0
2/5/26 17:00,1.56,352,N,3.5,0,0
2/5/26 18:00,1.75,317,NW,2.92,0,0
2/5/26 19:00,,,,,1,1
2/5/26 20:00,0.39,70,ENE,2.53,0,0
2/5/26 21:00,1.94,343,NNW,3.3,0,0
2/5/26 22:00,7.19,343,NNW,8.55,0,0
2/5/26 23:00,4.67,275,W,6.41,0,0
2/6/26 0:00,3.11,72,ENE,5.25,0,0
2/6/26 1:00,1.75,114,ESE,2.72,0,0
2/6/26 2:00,6.61,0,N,9.33,0,0
2/6/26 3:00,6.03,9,N,7.97,0,0
2/6/26 4:00,0.19,151,SSE,1.75,0,0
2/6/26 5:00,0.97,13,NNE,2.53,0,0
2/6/26 6:00,1.17,90,E,1.94,0,0
2/6/26 7:00,7,356,N,8.36,0,0
2/6/26 8:00,4.67,346,NNW,5.64,0,0
2/6/26 9:00,4.28,357,N,5.83,0,0
2/6/26 10:00,2.72,35,NE,3.5,0,0
2/6/26 11:00,2.53,127,SE,3.11,0,0
2/6/26 12:00,3.11,222,SW,3.69,0,0
2/6/26 13:00,6.03,182,S,7.39,0,0
2/6/26 14:00,7.39,216,SW,8.94,0,0
2/6/26 15:00,7.97,215,SW,10.3,0,0
2/6/26 16:00,4.67,218,SW,7.19,0,0
2/6/26 17:00,4.47,212,SSW,5.64,0,0
2/6/26 18:00,9.91,194,SSW,11.27,0,0
2/6/26 19:00,4.28,186,S,7.19,0,0
2/6/26 20:00,7.39,187,S,9.52,0,0
2/6/26 21:00,9.33,213,SSW,12.64,0,0
2/6/26 22:00,8.94,198,SSW,11.86,0,0
2/6/26 23:00,7.39,211,SSW,10.69,0,0
2/7/26 0:00,3.89,224,SW,4.47,0,0
2/7/26 1:00,3.69,179,S,4.47,0,0
2/7/26 2:00,8.75,187,S,10.5,0,0
2/7/26 3:00,7.58,189,S,9.72,0,0
2/7/26 4:00,,,,,1,1
2/7/26 5:00,4.47,155,SSE,7.39,0,0
2/7/26 6:00,6.61,121,ESE,9.72,0,0
2/7/26 7:00,8.16,120,ESE,9.33,0,0
2/7/26 8:00,3.11,117,ESE,4.28,0,0
2/7/26 9:00,0,145,SE,0.39,0,0
2/7/26 10:00,0.97,157,SSE,3.5,0,0
2/7/26 11:00,0.97,51,NE,4.08,0,0
2/7/26 12:00,2.92,213,SSW,4.67,0,0
2/7/26 13:00,,,,,1,1
2/7/26 14:00,4.86,192,SSW,6.61,0,0
2/7/26 15:00,2.14,119,ESE,2.92,0,0
2/7/26 16:00,1.94,169,S,2.53,0,0
2/7/26 17:00,2.92,193,SSW,4.47,0,0
2/7/26 18:00,1.94,270,W,4.08,0,0
2/7/26 19:00,3.3,243,WSW,4.47,0,0
2/7/26 20:00,4.67,230,SW,7.39,0,0
2/7/26 21:00,2.92,130,SE,3.69,0,0
2/7/26 22:00,3.3,215,SW,4.86,0,0
2/7/26 23:00,3.3,286,WNW,4.67,0,0
2/8/26 0:00,4.08,40,NE,6.03,0,0
2/8/26 1:00,0,342,NNW,0,0,0
2/8/26 2:00,0,338,NNW,1.56,0,0
2/8/26 3:00,4.28,36,NE,5.05,0,0
2/8/26 4:00,3.89,109,ESE,4.86,0,0
2/8/26 5:00,3.5,175,S,4.47,0,0
2/8/26 6:00,5.44,6,N,6.22,0,0
2/8/26 7:00,1.56,12,NNE,2.33,0,0
2/8/26 8:00,4.08,170,S,5.25,0,0
2/8/26 9:00,5.64,149,SSE,8.75,0,0
2/8/26 10:00,6.41,157,SSE,9.14,0,0
2/8/26 11:00,5.83,133,SE,9.52,0,0
2/8/26 12:00,6.22,164,SSE,8.55,0,0
2/8/26 13:00,4.08,220,SW,5.25,0,0
2/8/26 14:00,5.05,192,SSW,6.03,0,0
2/8/26 15:00,9.14,256,WSW,15.16,0,0
2/8/26 16:00,8.55,228,SW,10.3,0,0
2/8/26 17:00,7,249,WSW,10.5,0,0
2/8/26 18:00,6.22,241,WSW,8.55,0,0
2/8/26 19:00,9.14,224,SW,10.3,0,0
2/8/26 20:00,6.22,201,SSW,9.14,0,0
2/8/26 21:00,8.94,186,S,10.5,0,0
2/8/26 22:00,3.3,203,SSW,5.05,0,0
2/8/26 23:00,1.94,207,SSW,3.11,0,0
2/9/26 0:00,4.08,342,NNW,4.28,0,0
2/9/26 1:00,2.14,13,NNE,3.89,0,0
2/9/26 2:00,11.86,340,NNW,16.52,0,0
2/9/26 3:00,7.97,348,NNW,12.44,0,0
2/9/26 4:00,5.83,358,N,8.75,0,0
2/9/26 5:00,5.44,21,NNE,7.19,0,0
2/9/26 6:00,5.64,17,NNE,9.33,0,0
2/9/26 7:00,6.41,12,NNE,10.11,0,0
2/9/26 8:00,6.61,7,N,8.75,0,0
2/9/26 9:00,5.25,5,N,7.39,0,0
2/9/26 10:00,6.41,6,N,10.89,0,0
2/9/26 11:00,7.97,4,N,12.25,0,0
2/9/26 12:00,7.39,351,N,9.52,0,0
2/9/26 13:00,2.92,3,N,6.41,0,0
2/9/26 14:00,8.36,345,NNW,10.69,0,0
2/9/26 15:00,3.89,317,NW,9.72,0,0
2/9/26 16:00,3.89,186,S,4.67,0,0
2/9/26 17:00,6.61,229,SW,10.11,0,0
2/9/26 18:00,1.17,230,SW,3.3,0,0
2/9/26 19:00,3.5,107,ESE,4.28,0,0
2/9/26 20:00,4.86,354,N,6.8,0,0
2/9/26 21:00,5.05,193,SSW,7,0,0
2/9/26 22:00,1.56,169,S,2.33,0,0
2/9/26 23:00,4.47,33,NNE,7.39,0,0
2/10/26 0:00,3.5,91,E,8.55,0,0
2/10/26 1:00,2.33,258,WSW,3.89,0,0
2/10/26 2:00,9.14,49,NE,16.13,0,0
2/10/26 3:00,,,,,1,1
2/10/26 4:00,4.86,39,NE,8.16,0,0
2/10/26 5:00,7.97,45,NE,14.38,0,0
2/10/26 6:00,3.11,49,NE,7,0,0
2/10/26 7:00,2.92,35,NE,5.83,0,0
2/10/26 8:00,2.72,53,NE,4.08,0,0
2/10/26 9:00,4.28,256,WSW,6.41,0,0
2/10/26 10:00,3.5,267,W,4.67,0,0
2/10/26 11:00,0.58,43,NE,3.3,0,0
2/10/26 12:00,5.25,306,NW,7.19,0,0
2/10/26 13:00,4.47,296,WNW,6.8,0,0
2/10/26 14:00,,,,,1,1
2/10/26 15:00,5.64,40,NE,11.08,0,0
2/10/26 16:00,5.64,41,NE,10.5,0,0
2/10/26 17:00,8.75,47,NE,14.77,0,0
2/10/26 18:00,13.22,108,ESE,17.69,0,0
2/10/26 19:00,4.28,58,ENE,11.08,0,0
2/10/26 20:00,9.33,45,NE,12.44,0,0
2/10/26 21:00,4.67,59,ENE,9.72,0,0
2/10/26 22:00,7.97,61,ENE,15.16,0,0
2/10/26 23:00,7,52,NE,16.13,0,0
2/11/26 0:00,11.47,47,NE,17.69,0,0
2/11/26 1:00,20.6,114,ESE,25.66,0,0
2/11/26 2:00,16.72,129,SE,24.49,0,0
2/11/26 3:00,19.05,113,ESE,21.19,0,0
2/11/26 4:00,,,,,1,1
2/11/26 5:00,18.27,122,ESE,21.77,0,0
2/11/26 6:00,12.64,125,SE,20.41,0,0
2/11/26 7:00,12.83,132,SE,17.69,0,0
2/11/26 8:00,10.89,127,SE,15.75,0,0
2/11/26 9:00,12.05,151,SSE,18.66,0,0
2/11/26 10:00,16.13,127,SE,22.74,0,0
2/11/26 11:00,14.19,127,SE,20.8,0,0
2/11/26 12:00,16.33,134,SE,23.13,0,0
2/11/26 13:00,10.89,160,SSE,16.91,0,0
2/11/26 14:00,12.05,176,S,14.19,0,0
2/11/26 15:00,12.25,179,S,16.33,0,0
2/11/26 16:00,11.08,151,SSE,15.55,0,0
2/11/26 17:00,17.11,168,SSE,20.02,0,0
2/11/26 18:00,12.25,161,SSE,16.52,0,0
2/11/26 19:00,10.89,146,SE,16.91,0,0
2/11/26 20:00,12.05,127,SE,16.13,0,0
2/11/26 21:00,9.72,119,ESE,12.44,0,0
2/11/26 22:00,10.89,114,ESE,12.05,0,0
2/11/26 23:00,10.5,121,ESE,12.64,0,0
2/12/26 0:00,8.55,117,ESE,9.91,0,0
2/12/26 1:00,6.41,114,ESE,7.78,0,0
2/12/26 2:00,8.75,110,ESE,10.69,0,0
2/12/26 3:00,5.44,34,NE,6.8,0,0
2/12/26 4:00,4.47,9,N,5.83,0,0
2/12/26 5:00,5.83,0,N,7.39,0,0
2/12/26 6:00,4.67,13,NNE,7,0,0
2/12/26 7:00,0.58,64,ENE,2.92,0,0
2/12/26 8:00,2.14,323,NW,2.72,0,0
2/12/26 9:00,5.05,37,NE,7.39,0,0
2/12/26 10:00,4.28,32,NNE,8.75,0,0
2/12/26 11:00,6.41,27,NNE,8.94,0,0
2/12/26 12:00,4.67,344,NNW,7.78,0,0
2/12/26 13:00,5.44,333,NNW,8.94,0,0
2/12/26 14:00,5.25,336,NNW,8.36,0,0
2/12/26 15:00,4.08,326,NW,8.16,0,0
2/12/26 16:00,2.92,17,NNE,6.03,0,0
2/12/26 17:00,5.25,281,W,7.97,0,0
2/12/26 18:00,10.69,301,WNW,14,0,0
2/12/26 19:00,9.14,298,WNW,12.83,0,0
2/12/26 20:00,5.83,308,NW,7.39,0,0
2/12/26 21:00,2.14,313,NW,3.89,0,0
2/12/26 22:00,0,284,WNW,0,0,0
2/12/26 23:00,0,306,NW,1.36,0,0
2/13/26 0:00,0.78,115,ESE,1.36,0,0
2/13/26 1:00,1.75,360,N,3.5,0,0
2/13/26 2:00,0.97,100,E,2.33,0,0
2/13/26 3:00,1.94,103,ESE,2.53,0,0
2/13/26 4:00,0,63,ENE,0,0,0
2/13/26 5:00,0.58,336,NNW,2.14,0,0
2/13/26 6:00,1.36,234,SW,2.14,0,0
2/13/26 7:00,2.92,158,SSE,4.47,0,0
2/13/26 8:00,4.86,141,SE,7.19,0,0
2/13/26 9:00,3.89,157,SSE,5.05,0,0
2/13/26 10:00,3.5,191,S,4.67,0,0
2/13/26 11:00,4.08,135,SE,6.03,0,0
2/13/26 12:00,5.05,179,S,5.83,0,0
2/13/26 13:00,7,181,S,8.16,0,0
2/13/26 14:00,8.75,166,SSE,10.11,0,0
2/13/26 15:00,7.19,198,SSW,10.5,0,0
2/13/26 16:00,2.92,139,SE,5.44,0,0
2/13/26 17:00,7.78,305,NW,10.69,0,0
2/13/26 18:00,8.16,186,S,9.33,0,0
2/13/26 19:00,4.47,294,WNW,7.39,0,0
2/13/26 20:00,1.75,207,SSW,2.92,0,0
2/13/26 21:00,5.83,308,NW,8.55,0,0
2/13/26 22:00,0.39,2,N,3.69,0,0
2/13/26 23:00,4.86,144,SE,7.39,0,0
2/14/26 0:00,10.3,182,S,13.22,0,0
2/14/26 1:00,8.16,176,S,10.3,0,0
2/14/26 2:00,7.97,181,S,9.14,0,0
2/14/26 3:00,5.83,126,SE,8.36,0,0
2/14/26 4:00,6.8,185,S,7.97,0,0
2/14/26 5:00,5.83,173,S,7,0,0
2/14/26 6:00,4.28,136,SE,6.41,0,0
2/14/26 7:00,4.67,351,N,6.03,0,0
2/14/26 8:00,3.3,2,N,4.67,0,0
2/14/26 9:00,0.78,92,E,2.72,0,0
2/14/26 10:00,6.41,132,SE,8.55,0,0
2/14/26 11:00,7.39,173,S,9.14,0,0
2/14/26 12:00,8.55,227,SW,9.72,0,0
2/14/26 13:00,6.22,189,S,8.16,0,0
2/14/26 14:00,8.75,191,S,12.25,0,0
2/14/26 15:00,10.11,227,SW,12.25,0,0
2/14/26 16:00,8.55,228,SW,10.69,0,0
2/14/26 17:00,13.02,226,SW,16.52,0,0
2/14/26 18:00,13.61,197,SSW,16.13,0,0
2/14/26 19:00,11.86,189,S,14.97,0,0
2/14/26 20:00,11.47,197,SSW,16.33,0,0
2/14/26 21:00,16.52,194,SSW,22.55,0,0
2/14/26 22:00,16.13,193,SSW,20.8,0,0
2/14/26 23:00,14.58,185,S,16.72,0,0
2/15/26 0:00,13.41,177,S,16.33,0,0
2/15/26 1:00,12.25,162,SSE,15.94,0,0
2/15/26 2:00,8.94,130,SE,13.41,0,0
2/15/26 3:00,11.08,142,SE,15.16,0,0
2/15/26 4:00,15.75,126,SE,20.22,0,0
2/15/26 5:00,14.38,127,SE,19.63,0,0
2/15/26 6:00,12.83,140,SE,18.27,0,0
2/15/26 7:00,14.58,125,SE,19.83,0,0
2/15/26 8:00,9.14,127,SE,11.66,0,0
2/15/26 9:00,13.61,139,SE,18.27,0,0
2/15/26 10:00,9.14,124,SE,11.86,0,0
2/15/26 11:00,7.97,132,SE,12.44,0,0
2/15/26 12:00,14.19,138,SE,20.41,0,0
2/15/26 13:00,11.86,148,SSE,16.52,0,0
2/15/26 14:00,13.02,150,SSE,21.38,0,0
2/15/26 15:00,13.41,162,SSE,16.91,0,0
2/15/26 16:00,15.55,172,S,17.88,0,0
2/15/26 17:00,13.61,116,ESE,18.08,0,0
2/15/26 18:00,11.08,112,ESE,12.83,0,0
2/15/26 19:00,15.16,167,SSE,17.69,0,0
2/15/26 20:00,11.08,148,SSE,15.55,0,0
2/15/26 21:00,14.38,123,ESE,17.11,0,0
2/15/26 22:00,13.61,130,SE,18.47,0,0
2/15/26 23:00,9.52,134,SE,13.22,0,0
2/16/26 0:00,12.25,127,SE,17.49,0,0
2/16/26 1:00,12.25,123,ESE,14.77,0,0
2/16/26 2:00,7.97,218,SW,10.89,0,0
2/16/26 3:00,9.52,126,SE,14.58,0,0
2/16/26 4:00,9.33,118,ESE,11.08,0,0
2/16/26 5:00,11.86,114,ESE,13.22,0,0
2/16/26 6:00,5.64,129,SE,8.55,0,0
2/16/26 7:00,7,111,ESE,7.97,0,0
2/16/26 8:00,7,119,ESE,8.36,0,0
2/16/26 9:00,2.33,209,SSW,2.92,0,0
2/16/26 10:00,5.05,39,NE,6.41,0,0
2/16/26 11:00,4.47,26,NNE,5.83,0,0
2/16/26 12:00,2.72,317,NW,3.69,0,0
2/16/26 13:00,1.75,226,SW,3.11,0,0
2/16/26 14:00,3.89,108,ESE,5.44,0,0
2/16/26 15:00,5.83,168,SSE,6.8,0,0
2/16/26 16:00,7.58,169,S,9.72,0,0
2/16/26 17:00,11.08,175,S,13.41,0,0
2/16/26 18:00,6.22,223,SW,8.16,0,0
2/16/26 19:00,11.47,235,SW,15.16,0,0
2/16/26 20:00,10.5,300,WNW,15.75,0,0
2/16/26 21:00,12.64,293,WNW,17.11,0,0
2/16/26 22:00,13.22,298,WNW,19.05,0,0
2/16/26 23:00,5.83,291,WNW,7.97,0,0
2/17/26 0:00,10.5,277,W,16.91,0,0
2/17/26 1:00,12.05,267,W,17.3,0,0
2/17/26 2:00,10.11,235,SW,14.19,0,0
2/17/26 3:00,11.08,244,WSW,14.97,0,0
2/17/26 4:00,9.72,220,SW,14.58,0,0
2/17/26 5:00,19.05,225,SW,23.52,0,0
2/17/26 6:00,18.66,203,SSW,25.27,0,0
2/17/26 7:00,15.36,202,SSW,22.55,0,0
2/17/26 8:00,14.38,261,W,19.24,0,0
2/17/26 9:00,10.3,248,WSW,19.44,0,0
2/17/26 10:00,10.89,250,WSW,17.3,0,0
2/17/26 11:00,11.66,264,W,14.38,0,0
2/17/26 12:00,14.38,197,SSW,20.6,0,0
2/17/26 13:00,16.33,199,SSW,22.35,0,0
2/17/26 14:00,18.27,216,SW,24.49,0,0
2/17/26 15:00,19.63,225,SW,23.71,0,0
2/17/26 16:00,16.52,262,W,22.55,0,0
2/17/26 17:00,18.47,267,W,29.16,0,0
2/17/26 18:00,9.14,255,WSW,14.97,0,0
2/17/26 19:00,7.78,239,WSW,11.47,0,0
2/17/26 20:00,6.41,322,NW,9.52,0,0
2/17/26 21:00,12.05,296,WNW,24.49,0,0
2/17/26 22:00,10.11,292,WNW,13.61,0,0
2/17/26 23:00,10.89,319,NW,14.19,0,0
2/18/26 0:00,5.64,306,NW,8.36,0,0
2/18/26 1:00,2.92,284,WNW,4.86,0,0
2/18/26 2:00,6.03,316,NW,9.14,0,0
2/18/26 3:00,5.44,286,WNW,9.91,0,0
2/18/26 4:00,3.69,294,WNW,5.64,0,0
2/18/26 5:00,3.69,298,WNW,5.83,0,0
2/18/26 6:00,3.89,314,NW,4.67,0,0
2/18/26 7:00,0.19,290,WNW,2.53,0,0
2/18/26 8:00,6.22,224,SW,7.58,0,0
2/18/26 9:00,10.11,125,SE,12.44,0,0
2/18/26 10:00,,,,,1,1
2/18/26 11:00,6.41,122,ESE,7.97,0,0
2/18/26 12:00,13.41,193,SSW,17.88,0,0
2/18/26 13:00,6.22,165,SSE,8.16,0,0
2/18/26 14:00,,,,,1,1
2/18/26 15:00,10.69,233,SW,14.58,0,0
2/18/26 16:00,10.5,239,WSW,13.8,0,0
2/18/26 17:00,7.39,223,SW,10.11,0,0
2/18/26 18:00,10.11,224,SW,13.8,0,0
2/18/26 19:00,7.39,222,SW,9.14,0,0
2/18/26 20:00,10.89,225,SW,13.41,0,0
2/18/26 21:00,9.14,158,SSE,12.44,0,0
2/18/26 22:00,11.47,140,SE,16.72,0,0
2/18/26 23:00,15.94,122,ESE,19.44,0,0
2/19/26 0:00,15.16,123,ESE,17.88,0,0
2/19/26 1:00,15.16,124,SE,20.8,0,0
2/19/26 2:00,14.77,125,SE,20.22,0,0
2/19/26 3:00,19.05,112,ESE,22.55,0,0
2/19/26 4:00,6.61,105,ESE,15.94,0,0
2/19/26 5:00,9.72,352,N,13.22,0,0
2/19/26 6:00,11.86,334,NNW,14.19,0,0
2/19/26 7:00,9.14,307,NW,12.64,0,0
2/19/26 8:00,5.44,288,WNW,8.75,0,0
2/19/26 9:00,10.69,302,WNW,16.52,0,0
2/19/26 10:00,15.16,297,WNW,20.99,0,0
2/19/26 11:00,15.55,290,WNW,21.38,0,0
2/19/26 12:00,16.91,295,WNW,23.91,0,0
2/19/26 13:00,18.08,295,WNW,26.24,0,0
2/19/26 14:00,17.88,298,WNW,22.35,0,0
2/19/26 15:00,17.3,294,WNW,23.13,0,0
2/19/26 16:00,16.91,294,WNW,22.35,0,0
2/19/26 17:00,14.19,301,WNW,18.66,0,0
2/19/26 18:00,14.38,293,WNW,21.19,0,0
2/19/26 19:00,13.8,297,WNW,18.86,0,0
2/19/26 20:00,13.8,293,WNW,18.27,0,0
2/19/26 21:00,7.39,306,NW,10.69,0,0
2/19/26 22:00,9.52,311,NW,13.41,0,0
2/19/26 23:00,7.58,312,NW,10.69,0,0
2/20/26 0:00,7.97,320,NW,12.25,0,0
2/20/26 1:00,4.67,319,NW,6.22,0,0
2/20/26 2:00,4.28,354,N,5.44,0,0
2/20/26 3:00,4.28,344,NNW,5.83,0,0
2/20/26 4:00,1.75,22,NNE,3.11,0,0
2/20/26 5:00,3.69,20,NNE,4.86,0,0
2/20/26 6:00,2.72,350,N,4.47,0,0
2/20/26 7:00,1.94,44,NE,4.67,0,0
2/20/26 8:00,4.08,358,N,5.25,0,0
2/20/26 9:00,,,,,1,1
2/20/26 10:00,2.14,29,NNE,3.89,0,0
2/20/26 11:00,2.53,250,WSW,3.69,0,0
2/20/26 12:00,3.3,186,S,4.47,0,0
2/20/26 13:00,6.03,271,W,8.16,0,0
2/20/26 14:00,6.41,263,W,9.14,0,0
2/20/26 15:00,5.05,264,W,7.19,0,0
2/20/26 16:00,5.44,264,W,6.8,0,0
2/20/26 17:00,0.97,274,W,3.3,0,0
2/20/26 18:00,0.19,54,NE,1.75,0,0
2/20/26 19:00,0.58,140,SE,1.36,0,0
2/20/26 20:00,0.58,49,NE,2.92,0,0
2/20/26 21:00,2.14,288,WNW,2.72,0,0
2/20/26 22:00,1.36,7,N,2.33,0,0
2/20/26 23:00,2.33,45,NE,2.72,0,0
2/21/26 0:00,0.19,31,NNE,1.17,0,0
2/21/26 1:00,3.5,116,ESE,5.44,0,0
2/21/26 2:00,3.3,114,ESE,4.67,0,0
2/21/26 3:00,4.86,118,ESE,7,0,0
2/21/26 4:00,4.47,115,ESE,6.8,0,0
2/21/26 5:00,3.69,22,NNE,5.25,0,0
2/21/26 6:00,0.78,310,NW,1.36,0,0
2/21/26 7:00,3.3,32,NNE,5.44,0,0
2/21/26 8:00,3.89,131,SE,5.64,0,0
2/21/26 9:00,9.52,147,SSE,13.22,0,0
2/21/26 10:00,7.78,132,SE,11.27,0,0
2/21/26 11:00,6.61,186,S,7.78,0,0
2/21/26 12:00,6.41,180,S,8.16,0,0
2/21/26 13:00,5.05,170,S,7,0,0
2/21/26 14:00,2.33,208,SSW,4.28,0,0
2/21/26 15:00,8.55,175,S,10.11,0,0
2/21/26 16:00,14.38,188,S,18.27,0,0
2/21/26 17:00,14.97,186,S,19.05,0,0
2/21/26 18:00,14,195,SSW,16.13,0,0
2/21/26 19:00,15.16,181,S,17.69,0,0
2/21/26 20:00,8.55,137,SE,11.86,0,0
2/21/26 21:00,13.8,163,SSE,16.91,0,0
2/21/26 22:00,,,,,1,1
2/21/26 23:00,14.58,123,ESE,16.72,0,0
2/22/26 0:00,13.41,124,SE,17.11,0,0
2/22/26 1:00,13.22,124,SE,16.13,0,0
2/22/26 2:00,10.69,131,SE,16.52,0,0
2/22/26 3:00,12.25,167,SSE,14.38,0,0
2/22/26 4:00,12.44,126,SE,16.33,0,0
2/22/26 5:00,5.44,145,SE,9.33,0,0
2/22/26 6:00,7.97,132,SE,10.69,0,0
2/22/26 7:00,10.5,128,SE,14.77,0,0
2/22/26 8:00,8.36,134,SE,12.44,0,0
2/22/26 9:00,11.27,161,SSE,14,0,0
2/22/26 10:00,9.33,181,S,10.89,0,0
2/22/26 11:00,,,,,1,1
2/22/26 12:00,7.97,177,S,8.94,0,0
2/22/26 13:00,3.5,256,WSW,5.64,0,0
2/22/26 14:00,3.11,267,W,4.67,0,0
2/22/26 15:00,6.03,266,W,8.16,0,0
2/22/26 16:00,5.83,276,W,7.58,0,0
2/22/26 17:00,7.19,252,WSW,10.11,0,0
2/22/26 18:00,7.97,251,WSW,10.5,0,0
2/22/26 19:00,8.94,260,W,10.5,0,0
2/22/26 20:00,7.58,268,W,9.33,0,0
2/22/26 21:00,9.52,265,W,11.47,0,0
2/22/26 22:00,5.83,261,W,6.61,0,0
2/22/26 23:00,7.19,241,WSW,9.33,0,0
2/23/26 0:00,6.22,233,SW,8.16,0,0
2/23/26 1:00,1.75,107,ESE,2.14,0,0
2/23/26 2:00,0.78,304,NW,2.53,0,0
2/23/26 3:00,2.53,43,NE,2.92,0,0
2/23/26 4:00,3.69,330,NNW,4.47,0,0
2/23/26 5:00,0.78,29,NNE,1.94,0,0
2/23/26 6:00,3.5,289,WNW,4.28,0,0
2/23/26 7:00,2.33,323,NW,4.47,0,0
2/23/26 8:00,0,39,NE,0,0,0
2/23/26 9:00,2.33,182,S,2.72,0,0
2/23/26 10:00,1.36,184,S,3.11,0,0
2/23/26 11:00,2.92,198,SSW,4.67,0,0
2/23/26 12:00,1.94,219,SW,3.89,0,0
2/23/26 13:00,2.14,191,S,2.53,0,0
2/23/26 14:00,2.14,268,W,4.47,0,0
2/23/26 15:00,2.92,253,WSW,4.67,0,0
2/23/26 16:00,4.67,108,ESE,6.22,0,0
2/23/26 17:00,2.53,260,W,3.3,0,0
2/23/26 18:00,3.89,155,SSE,4.47,0,0
2/23/26 19:00,1.94,306,NW,4.08,0,0
2/23/26 20:00,3.3,190,S,4.08,0,0
2/23/26 21:00,1.94,162,SSE,2.92,0,0
2/23/26 22:00,,,,,1,1
2/23/26 23:00,9.72,224,SW,11.86,0,0
2/24/26 0:00,4.08,221,SW,5.44,0,0
2/24/26 1:00,2.53,219,SW,3.3,0,0
2/24/26 2:00,2.53,115,ESE,3.11,0,0
2/24/26 3:00,,,,,1,1
2/24/26 4:00,5.44,116,ESE,7.19,0,0
2/24/26 5:00,5.25,151,SSE,7.39,0,0
2/24/26 6:00,6.03,154,SSE,8.94,0,0
2/24/26 7:00,5.05,240,WSW,7.58,0,0
2/24/26 8:00,7.58,181,S,7.97,0,0
2/24/26 9:00,11.86,180,S,13.41,0,0
2/24/26 10:00,6.41,180,S,8.36,0,0
2/24/26 11:00,7.97,212,SSW,11.86,0,0
2/24/26 12:00,11.47,170,S,13.22,0,0
2/24/26 13:00,11.27,228,SW,15.16,0,0
2/24/26 14:00,11.27,225,SW,13.61,0,0
2/24/26 15:00,20.22,226,SW,22.74,0,0
2/24/26 16:00,15.75,226,SW,18.47,0,0
2/24/26 17:00,7.97,182,S,10.11,0,0
2/24/26 18:00,11.47,163,SSE,13.22,0,0
2/24/26 19:00,8.16,186,S,8.94,0,0
2/24/26 20:00,7.19,218,SW,9.52,0,0
2/24/26 21:00,9.91,176,S,10.89,0,0
2/24/26 22:00,14,170,S,15.36,0,0
2/24/26 23:00,15.55,176,S,17.11,0,0
2/25/26 0:00,9.91,160,SSE,11.66,0,0
2/25/26 1:00,3.89,145,SE,6.41,0,0
2/25/26 2:00,6.41,122,ESE,9.52,0,0
2/25/26 3:00,6.22,132,SE,9.14,0,0
2/25/26 4:00,7.58,172,S,9.52,0,0
2/25/26 5:00,7.78,182,S,8.36,0,0
2/25/26 6:00,7.58,161,SSE,8.36,0,0
2/25/26 7:00,1.94,158,SSE,4.08,0,0
2/25/26 8:00,,,,,1,1
2/25/26 9:00,8.55,221,SW,10.3,0,0
2/25/26 10:00,5.05,245,WSW,7.39,0,0
2/25/26 11:00,6.41,218,SW,7.78,0,0
2/25/26 12:00,8.55,228,SW,10.11,0,0
2/25/26 13:00,2.53,209,SSW,3.69,0,0
2/25/26 14:00,6.03,224,SW,7.58,0,0
2/25/26 15:00,1.75,192,SSW,2.14,0,0
2/25/26 16:00,7.39,225,SW,8.94,0,0
2/25/26 17:00,3.3,219,SW,4.08,0,0
2/25/26 18:00,1.75,239,WSW,2.92,0,0
2/25/26 19:00,3.11,194,SSW,3.69,0,0
2/25/26 20:00,3.3,216,SW,4.28,0,0
2/25/26 21:00,2.33,188,S,2.53,0,0
2/25/26 22:00,1.36,113,ESE,1.56,0,0
2/25/26 23:00,0.97,64,ENE,1.36,0,0
2/26/26 0:00,2.72,114,ESE,3.3,0,0
2/26/26 1:00,0,239,WSW,0.58,0,0
2/26/26 2:00,1.94,23,NNE,2.33,0,0
2/26/26 3:00,4.28,350,N,5.64,0,0
2/26/26 4:00,7,0,N,9.52,0,0
2/26/26 5:00,5.64,353,N,9.14,0,0
2/26/26 6:00,4.08,351,N,5.64,0,0
2/26/26 7:00,,,,,1,1
2/26/26 8:00,5.25,10,N,7,0,0
2/26/26 9:00,6.22,347,NNW,8.16,0,0
2/26/26 10:00,5.83,343,NNW,8.55,0,0
2/26/26 11:00,8.75,334,NNW,10.3,0,0
2/26/26 12:00,6.8,329,NNW,8.94,0,0
2/26/26 13:00,7.39,325,NW,11.66,0,0
2/26/26 14:00,8.16,334,NNW,10.69,0,0
2/26/26 15:00,6.22,331,NNW,8.94,0,0
2/26/26 16:00,6.03,320,NW,9.14,0,0
2/26/26 17:00,4.67,21,NNE,6.8,0,0
2/26/26 18:00,1.17,347,NNW,3.11,0,0
2/26/26 19:00,3.5,293,WNW,4.67,0,0
2/26/26 20:00,4.86,331,NNW,6.61,0,0
2/26/26 21:00,3.5,4,N,5.25,0,0
2/26/26 22:00,6.41,4,N,7.78,0,0
2/26/26 23:00,2.92,2,N,6.03,0,0
2/27/26 0:00,5.05,3,N,6.41,0,0
2/27/26 1:00,4.47,20,NNE,6.03,0,0
2/27/26 2:00,4.47,359,N,6.03,0,0
2/27/26 3:00,2.72,277,W,6.03,0,0
2/27/26 4:00,6.41,18,NNE,8.36,0,0
2/27/26 5:00,6.22,357,N,8.75,0,0
2/27/26 6:00,9.14,350,N,11.27,0,0
2/27/26 7:00,7.58,19,NNE,10.11,0,0
2/27/26 8:00,8.55,334,NNW,10.69,0,0
2/27/26 9:00,2.92,249,WSW,3.89,0,0
2/27/26 10:00,2.53,266,W,3.89,0,0
2/27/26 11:00,3.5,244,WSW,4.47,0,0
2/27/26 12:00,1.17,287,WNW,3.69,0,0
2/27/26 13:00,2.53,121,ESE,5.44,0,0
2/27/26 14:00,10.3,341,NNW,12.64,0,0
2/27/26 15:00,8.16,341,NNW,10.89,0,0
2/27/26 16:00,3.5,350,N,7.58,0,0
2/27/26 17:00,7.97,28,NNE,10.11,0,0
2/27/26 18:00,4.67,344,NNW,5.25,0,0
2/27/26 19:00,5.05,340,NNW,5.83,0,0
2/27/26 20:00,5.25,350,N,7.97,0,0
2/27/26 21:00,6.41,345,NNW,7.39,0,0
2/27/26 22:00,3.5,8,N,6.61,0,0
2/27/26 23:00,4.86,342,NNW,5.44,0,0
2/28/26 0:00,7.58,356,N,9.72,0,0
2/28/26 1:00,8.55,356,N,10.11,0,0
2/28/26 2:00,6.8,2,N,8.36,0,0
2/28/26 3:00,1.56,335,NNW,4.28,0,0
2/28/26 4:00,5.44,24,NNE,6.22,0,0
2/28/26 5:00,4.28,315,NW,7,0,0
2/28/26 6:00,9.72,348,NNW,10.89,0,0
2/28/26 7:00,12.25,344,NNW,13.8,0,0
2/28/26 8:00,0.78,105,ESE,1.94,0,0
2/28/26 9:00,3.69,278,W,4.86,0,0
2/28/26 10:00,1.56,214,SW,2.33,0,0
2/28/26 11:00,7.39,302,WNW,13.02,0,0
2/28/26 12:00,6.22,200,SSW,8.16,0,0
2/28/26 13:00,5.64,196,SSW,7.97,0,0
2/28/26 14:00,1.75,144,SE,3.5,0,0
2/28/26 15:00,4.28,185,S,5.25,0,0
2/28/26 16:00,6.61,228,SW,8.94,0,0
2/28/26 17:00,6.41,194,SSW,8.16,0,0
2/28/26 18:00,7.58,237,WSW,10.69,0,0
2/28/26 19:00,2.33,200,SSW,4.08,0,0
2/28/26 20:00,5.05,129,SE,7,0,0
2/28/26 21:00,2.92,118,ESE,4.08,0,0
2/28/26 22:00,2.33,129,SE,3.11,0,0
2/28/26 23:00,,,,,1,1
3/1/26 0:00,4.28,177,S,4.86,0,0
3/1/26 1:00,2.72,203,SSW,5.05,0,0
3/1/26 2:00,9.72,171,S,10.3,0,0
3/1/26 3:00,7.19,210,SSW,10.3,0,0
3/1/26 4:00,3.5,179,S,4.47,0,0
3/1/26 5:00,6.61,193,SSW,8.16,0,0
3/1/26 6:00,4.86,229,SW,7,0,0
3/1/26 7:00,3.89,294,WNW,5.44,0,0
3/1/26 8:00,2.33,251,WSW,3.89,0,0
3/1/26 9:00,5.05,199,SSW,7,0,0
3/1/26 10:00,9.33,176,S,10.69,0,0
3/1/26 11:00,5.64,212,SSW,7.97,0,0
3/1/26 12:00,8.94,217,SW,10.89,0,0
3/1/26 13:00,9.72,218,SW,12.25,0,0
3/1/26 14:00,12.44,229,SW,14.19,0,0
3/1/26 15:00,8.94,232,SW,10.89,0,0
3/1/26 16:00,7.58,219,SW,9.33,0,0
3/1/26 17:00,8.36,218,SW,10.69,0,0
3/1/26 18:00,2.72,257,WSW,5.25,0,0
3/1/26 19:00,5.64,226,SW,6.8,0,0
3/1/26 20:00,7.58,252,WSW,11.47,0,0
3/1/26 21:00,7,255,WSW,10.69,0,0
3/1/26 22:00,3.89,252,WSW,7.78,0,0
3/1/26 23:00,5.83,242,WSW,9.14,0,0
3/2/26 0:00,4.67,238,WSW,6.41,0,0
3/2/26 1:00,1.56,193,SSW,3.11,0,0
3/2/26 2:00,4.47,198,SSW,6.03,0,0
3/2/26 3:00,3.89,228,SW,4.67,0,0
3/2/26 4:00,4.47,214,SW,7.78,0,0
3/2/26 5:00,7,227,SW,8.94,0,0
3/2/26 6:00,4.67,251,WSW,6.22,0,0
3/2/26 7:00,2.92,203,SSW,4.28,0,0
3/2/26 8:00,3.89,231,SW,5.05,0,0
3/2/26 9:00,1.75,149,SSE,2.72,0,0
3/2/26 10:00,3.69,164,SSE,4.47,0,0
3/2/26 11:00,7,200,SSW,9.72,0,0
3/2/26 12:00,5.83,193,SSW,7.78,0,0
3/2/26 13:00,7.58,221,SW,9.14,0,0
3/2/26 14:00,7.78,217,SW,9.33,0,0
3/2/26 15:00,8.36,217,SW,10.11,0,0
3/2/26 16:00,4.86,204,SSW,8.16,0,0
3/2/26 17:00,7.97,218,SW,10.5,0,0
3/2/26 18:00,5.64,218,SW,7,0,0
3/2/26 19:00,5.83,271,W,7.97,0,0
3/2/26 20:00,5.83,310,NW,9.14,0,0
3/2/26 21:00,2.14,347,NNW,4.47,0,0
3/2/26 22:00,,,,,1,1
3/2/26 23:00,,,,,1,1
3/3/26 0:00,2.53,320,NW,2.92,0,0
3/3/26 1:00,0.58,186,S,2.53,0,0
3/3/26 2:00,4.08,143,SE,5.25,0,0
3/3/26 3:00,2.53,129,SE,3.69,0,0
3/3/26 4:00,2.53,317,NW,3.69,0,0
3/3/26 5:00,3.89,280,W,4.67,0,0
3/3/26 6:00,4.28,321,NW,5.83,0,0
3/3/26 7:00,2.72,301,WNW,3.3,0,0
3/3/26 8:00,3.3,276,W,4.86,0,0
3/3/26 9:00,1.17,138,SE,1.75,0,0
3/3/26 10:00,3.89,224,SW,5.83,0,0
3/3/26 11:00,5.05,225,SW,7,0,0
3/3/26 12:00,3.5,207,SSW,5.05,0,0
3/3/26 13:00,5.64,215,SW,7.39,0,0
3/3/26 14:00,8.94,212,SSW,11.47,0,0
3/3/26 15:00,9.52,216,SW,12.25,0,0
3/3/26 16:00,,,,,1,1
3/3/26 17:00,2.92,189,S,4.28,0,0
3/3/26 18:00,10.89,306,NW,14.38,0,0
3/3/26 19:00,7.19,303,WNW,12.25,0,0
3/3/26 20:00,6.8,315,NW,9.91,0,0
3/3/26 21:00,5.83,301,WNW,7.78,0,0
3/3/26 22:00,4.28,133,SE,7,0,0
3/3/26 23:00,6.61,184,S,8.55,0,0
3/4/26 0:00,11.08,205,SSW,14.97,0,0
3/4/26 1:00,2.53,294,WNW,4.28,0,0
3/4/26 2:00,3.3,286,WNW,4.28,0,0
3/4/26 3:00,4.67,303,WNW,6.8,0,0
3/4/26 4:00,4.08,294,WNW,6.8,0,0
3/4/26 5:00,11.08,295,WNW,14,0,0
3/4/26 6:00,2.33,281,W,5.83,0,0
3/4/26 7:00,8.55,277,W,12.05,0,0
3/4/26 8:00,,,,,1,1
3/4/26 9:00,4.47,258,WSW,7.39,0,0
3/4/26 10:00,7.78,274,W,10.89,0,0
3/4/26 11:00,7.58,269,W,9.91,0,0
3/4/26 12:00,5.83,263,W,8.94,0,0
3/4/26 13:00,6.22,266,W,8.75,0,0
3/4/26 14:00,10.69,298,WNW,15.16,0,0
3/4/26 15:00,12.83,295,WNW,16.91,0,0
3/4/26 16:00,15.36,297,WNW,20.6,0,0
3/4/26 17:00,12.44,289,WNW,17.88,0,0
3/4/26 18:00,15.75,299,WNW,21.38,0,0
3/4/26 19:00,13.41,302,WNW,19.05,0,0
3/4/26 20:00,15.16,311,NW,21.97,0,0
3/4/26 21:00,6.03,310,NW,10.5,0,0
3/4/26 22:00,11.86,329,NNW,17.49,0,0
3/4/26 23:00,11.27,324,NW,15.75,0,0
3/5/26 0:00,4.47,320,NW,9.91,0,0
3/5/26 1:00,8.75,332,NNW,12.83,0,0
3/5/26 2:00,9.14,326,NW,16.52,0,0
3/5/26 3:00,6.8,310,NW,8.36,0,0
3/5/26 4:00,4.86,321,NW,8.55,0,0
3/5/26 5:00,6.22,2,N,9.33,0,0
3/5/26 6:00,7.78,342,NNW,10.69,0,0
3/5/26 7:00,5.44,352,N,8.94,0,0
3/5/26 8:00,11.08,334,NNW,14.97,0,0
3/5/26 9:00,11.27,338,NNW,16.13,0,0
3/5/26 10:00,15.75,331,NNW,19.83,0,0
3/5/26 11:00,10.5,326,NW,15.55,0,0
3/5/26 12:00,13.22,332,NNW,17.88,0,0
3/5/26 13:00,14,338,NNW,17.49,0,0
3/5/26 14:00,9.91,315,NW,14.19,0,0
3/5/26 15:00,11.08,289,WNW,14,0,0
3/5/26 16:00,11.47,296,WNW,15.94,0,0
3/5/26 17:00,9.52,291,WNW,14.58,0,0
3/5/26 18:00,12.05,287,WNW,15.16,0,0
3/5/26 19:00,8.55,295,WNW,13.02,0,0
3/5/26 20:00,9.91,314,NW,15.36,0,0
3/5/26 21:00,9.33,311,NW,12.44,0,0
3/5/26 22:00,5.64,347,NNW,8.75,0,0
3/5/26 23:00,4.08,318,NW,6.22,0,0
3/6/26 0:00,10.3,345,NNW,15.16,0,0
3/6/26 1:00,4.67,337,NNW,9.52,0,0
3/6/26 2:00,9.72,334,NNW,14.58,0,0
3/6/26 3:00,11.66,339,NNW,16.91,0,0
3/6/26 4:00,9.14,340,NNW,14.97,0,0
3/6/26 5:00,11.27,353,N,16.13,0,0
3/6/26 6:00,6.22,319,NW,9.14,0,0
3/6/26 7:00,2.72,327,NNW,5.25,0,0
3/6/26 8:00,5.05,345,NNW,7.19,0,0
3/6/26 9:00,3.5,15,NNE,6.22,0,0
3/6/26 10:00,12.25,7,N,16.91,0,0
3/6/26 11:00,9.33,1,N,15.55,0,0
3/6/26 12:00,12.64,14,NNE,17.88,0,0
3/6/26 13:00,14.19,25,NNE,19.24,0,0
3/6/26 14:00,17.49,35,NE,22.16,0,0
3/6/26 15:00,8.75,6,N,14.19,0,0
3/6/26 16:00,13.02,28,NNE,17.11,0,0
3/6/26 17:00,,,,,1,1
3/6/26 18:00,6.03,18,NNE,8.75,0,0
3/6/26 19:00,6.61,343,NNW,9.52,0,0
3/6/26 20:00,4.86,337,NNW,7.97,0,0
3/6/26 21:00,6.22,330,NNW,8.75,0,0
3/6/26 22:00,7.39,337,NNW,9.33,0,0
3/6/26 23:00,9.91,345,NNW,12.25,0,0
3/7/26 0:00,5.25,341,NNW,9.14,0,0
3/7/26 1:00,6.03,13,NNE,7.19,0,0
3/7/26 2:00,15.36,26,NNE,17.49,0,0
3/7/26 3:00,11.66,15,NNE,15.75,0,0
3/7/26 4:00,11.08,9,N,15.16,0,0
3/7/26 5:00,9.33,349,N,10.69,0,0
3/7/26 6:00,5.64,352,N,10.11,0,0
3/7/26 7:00,4.67,339,NNW,5.64,0,0
3/7/26 8:00,3.69,334,NNW,5.83,0,0
3/7/26 9:00,8.36,351,N,12.64,0,0
3/7/26 10:00,5.64,357,N,12.25,0,0
3/7/26 11:00,9.72,10,N,16.33,0,0
3/7/26 12:00,10.69,352,N,16.91,0,0
3/7/26 13:00,11.86,332,NNW,19.05,0,0
3/7/26 14:00,10.69,14,NNE,15.36,0,0
3/7/26 15:00,14,36,NE,16.91,0,0
3/7/26 16:00,4.67,218,SW,6.61,0,0
3/7/26 17:00,3.11,244,WSW,5.25,0,0
3/7/26 18:00,4.47,260,W,6.22,0,0
3/7/26 19:00,3.3,167,SSE,4.67,0,0
3/7/26 20:00,0,116,ESE,1.36,0,0
3/7/26 21:00,2.92,188,S,4.08,0,0
3/7/26 22:00,4.28,172,S,5.83,0,0
3/7/26 23:00,6.41,214,SW,8.75,0,0
3/8/26 0:00,0.97,280,W,1.94,0,0
3/8/26 1:00,5.25,214,SW,7.19,0,0
3/8/26 2:00,,,,,1,1
3/8/26 3:00,3.5,258,WSW,5.44,0,0
3/8/26 4:00,0,325,NW,0,0,0
3/8/26 5:00,5.25,165,SSE,6.03,0,0
3/8/26 6:00,2.53,116,ESE,3.5,0,0
3/8/26 7:00,2.72,185,S,2.92,0,0
3/8/26 8:00,1.36,195,SSW,2.53,0,0
3/8/26 9:00,0.39,169,S,0.78,0,0
3/8/26 10:00,1.36,271,W,2.33,0,0
3/8/26 11:00,2.72,224,SW,3.3,0,0
3/8/26 12:00,4.08,222,SW,5.05,0,0
3/8/26 13:00,2.72,222,SW,3.5,0,0
3/8/26 14:00,3.89,256,WSW,5.05,0,0
3/8/26 15:00,10.3,219,SW,11.66,0,0
3/8/26 16:00,11.08,219,SW,12.64,0,0
3/8/26 17:00,6.03,218,SW,7.78,0,0
3/8/26 18:00,8.16,215,SW,9.33,0,0
3/8/26 19:00,4.67,216,SW,7,0,0
3/8/26 20:00,5.25,208,SSW,7.97,0,0
3/8/26 21:00,6.22,194,SSW,8.36,0,0
3/8/26 22:00,7,189,S,9.14,0,0
3/8/26 23:00,12.64,183,S,14.58,0,0
3/9/26 0:00,10.11,213,SSW,14,0,0
3/9/26 1:00,9.91,194,SSW,12.44,0,0
3/9/26 2:00,10.3,192,SSW,12.44,0,0
3/9/26 3:00,8.16,198,SSW,10.5,0,0
3/9/26 4:00,6.8,195,SSW,8.55,0,0
3/9/26 5:00,3.5,246,WSW,6.61,0,0
3/9/26 6:00,2.72,286,WNW,3.5,0,0
3/9/26 7:00,2.72,313,NW,3.11,0,0
3/9/26 8:00,3.69,23,NNE,4.86,0,0
3/9/26 9:00,4.28,346,NNW,5.83,0,0
3/9/26 10:00,6.8,340,NNW,8.94,0,0
3/9/26 11:00,1.75,341,NNW,3.89,0,0
3/9/26 12:00,5.25,224,SW,7.19,0,0
3/9/26 13:00,7.19,215,SW,8.75,0,0
3/9/26 14:00,7,196,SSW,9.52,0,0
3/9/26 15:00,5.83,208,SSW,9.52,0,0
3/9/26 16:00,8.16,208,SSW,12.05,0,0
3/9/26 17:00,8.36,198,SSW,10.5,0,0
3/9/26 18:00,9.91,191,S,12.05,0,0
3/9/26 19:00,10.5,320,NW,13.61,0,0
3/9/26 20:00,6.8,289,WNW,13.02,0,0
3/9/26 21:00,8.94,209,SSW,12.44,0,0
3/9/26 22:00,0,74,ENE,1.56,0,0
3/9/26 23:00,2.53,281,W,3.89,0,0
3/10/26 0:00,9.91,168,SSE,12.05,0,0
3/10/26 1:00,4.67,181,S,5.64,0,0
3/10/26 2:00,7.39,151,SSE,9.91,0,0
3/10/26 3:00,5.44,192,SSW,7.39,0,0
3/10/26 4:00,7.39,127,SE,9.33,0,0
3/10/26 5:00,7.39,148,SSE,10.11,0,0
3/10/26 6:00,6.8,172,S,8.75,0,0
3/10/26 7:00,8.16,128,SE,10.89,0,0
3/10/26 8:00,6.41,146,SE,9.72,0,0
3/10/26 9:00,2.92,186,S,4.67,0,0
3/10/26 10:00,2.53,203,SSW,4.28,0,0
3/10/26 11:00,6.03,180,S,8.55,0,0
3/10/26 12:00,6.61,194,SSW,8.55,0,0
3/10/26 13:00,5.05,179,S,6.03,0,0
3/10/26 14:00,8.16,181,S,9.33,0,0
3/10/26 15:00,7.97,193,SSW,9.33,0,0
3/10/26 16:00,9.91,192,SSW,11.08,0,0
3/10/26 17:00,4.67,195,SSW,6.8,0,0
3/10/26 18:00,9.72,306,NW,15.55,0,0
3/10/26 19:00,9.91,305,NW,13.61,0,0
3/10/26 20:00,1.94,227,SW,4.47,0,0
3/10/26 21:00,3.69,303,WNW,6.41,0,0
3/10/26 22:00,1.56,225,SW,3.3,0,0
3/10/26 23:00,,,,,1,1
3/11/26 0:00,3.11,293,WNW,5.05,0,0
3/11/26 1:00,0.97,293,WNW,1.56,0,0
3/11/26 2:00,1.36,128,SE,2.33,0,0
3/11/26 3:00,0.97,55,NE,1.75,0,0
3/11/26 4:00,2.72,12,NNE,3.3,0,0
3/11/26 5:00,4.08,9,N,4.86,0,0
3/11/26 6:00,2.14,36,NE,2.53,0,0
3/11/26 7:00,4.67,20,NNE,6.03,0,0
3/11/26 8:00,,,,,1,1
3/11/26 9:00,4.08,21,NNE,6.41,0,0
3/11/26 10:00,7.97,356,N,11.08,0,0
3/11/26 11:00,4.28,357,N,9.52,0,0
3/11/26 12:00,6.22,341,NNW,8.16,0,0
3/11/26 13:00,6.41,324,NW,8.94,0,0
3/11/26 14:00,6.22,328,NNW,9.52,0,0
3/11/26 15:00,6.41,285,WNW,7.97,0,0
3/11/26 16:00,5.25,263,W,7.39,0,0
3/11/26 17:00,,,,,1,1
3/11/26 18:00,5.83,225,SW,6.8,0,0
3/11/26 19:00,1.94,162,SSE,2.72,0,0
3/11/26 20:00,2.53,57,ENE,3.69,0,0
3/11/26 21:00,1.94,97,E,4.67,0,0
3/11/26 22:00,0.19,86,E,1.17,0,0
3/11/26 23:00,2.53,220,SW,3.3,0,0
3/12/26 0:00,2.53,44,NE,3.11,0,0
3/12/26 1:00,4.08,10,N,5.44,0,0
3/12/26 2:00,1.94,353,N,3.89,0,0
3/12/26 3:00,1.36,24,NNE,2.33,0,0
3/12/26 4:00,0.39,288,WNW,1.36,0,0
3/12/26 5:00,3.89,360,N,4.08,0,0
3/12/26 6:00,4.67,14,NNE,5.83,0,0
3/12/26 7:00,3.69,354,N,4.28,0,0
3/12/26 8:00,3.89,12,NNE,5.44,0,0
3/12/26 9:00,2.72,10,N,5.05,0,0
3/12/26 10:00,2.53,23,NNE,4.08,0,0
3/12/26 11:00,3.3,346,NNW,6.22,0,0
3/12/26 12:00,4.28,338,NNW,6.41,0,0
3/12/26 13:00,4.47,227,SW,5.83,0,0
3/12/26 14:00,6.41,220,SW,7.58,0,0
3/12/26 15:00,,,,,1,1
3/12/26 16:00,9.72,217,SW,11.66,0,0
3/12/26 17:00,8.16,212,SSW,11.66,0,0
3/12/26 18:00,5.64,210,SSW,8.36,0,0
3/12/26 19:00,3.11,210,SSW,5.64,0,0
3/12/26 20:00,4.28,209,SSW,7,0,0
3/12/26 21:00,6.61,214,SW,9.72,0,0
3/12/26 22:00,10.89,193,SSW,13.8,0,0
3/12/26 23:00,7.58,200,SSW,10.89,0,0
3/13/26 0:00,6.61,198,SSW,9.52,0,0
3/13/26 1:00,8.16,216,SW,11.27,0,0
3/13/26 2:00,6.41,219,SW,8.16,0,0
3/13/26 3:00,8.94,217,SW,12.05,0,0
3/13/26 4:00,7,190,S,7.78,0,0
3/13/26 5:00,8.55,215,SW,10.3,0,0
3/13/26 6:00,6.03,208,SSW,8.16,0,0
3/13/26 7:00,4.86,202,SSW,7.78,0,0
3/13/26 8:00,1.36,191,S,2.72,0,0
3/13/26 9:00,1.17,148,SSE,2.14,0,0
3/13/26 10:00,1.36,184,S,2.33,0,0
3/13/26 11:00,3.11,218,SW,4.28,0,0
3/13/26 12:00,4.67,229,SW,6.03,0,0
3/13/26 13:00,3.5,212,SSW,4.86,0,0
3/13/26 14:00,7.39,224,SW,8.94,0,0
3/13/26 15:00,4.08,206,SSW,7.97,0,0
3/13/26 16:00,5.64,205,SSW,9.33,0,0
3/13/26 17:00,7.97,211,SSW,12.44,0,0
3/13/26 18:00,7.58,216,SW,9.14,0,0
3/13/26 19:00,5.64,208,SSW,7.78,0,0
3/13/26 20:00,8.36,189,S,9.91,0,0
3/13/26 21:00,8.75,193,SSW,10.3,0,0
3/13/26 22:00,6.61,183,S,7.78,0,0
3/13/26 23:00,4.86,201,SSW,6.8,0,0
3/14/26 0:00,4.47,197,SSW,5.44,0,0
3/14/26 1:00,3.5,123,ESE,5.44,0,0
3/14/26 2:00,3.89,122,ESE,5.25,0,0
3/14/26 3:00,7.19,161,SSE,8.55,0,0
3/14/26 4:00,5.83,120,ESE,7.39,0,0
3/14/26 5:00,4.28,126,SE,7.39,0,0
3/14/26 6:00,5.25,200,SSW,7.39,0,0
3/14/26 7:00,6.03,184,S,7.39,0,0
3/14/26 8:00,6.41,180,S,7.58,0,0
3/14/26 9:00,6.41,163,SSE,8.55,0,0
3/14/26 10:00,7.19,174,S,8.36,0,0
3/14/26 11:00,6.41,165,SSE,7.39,0,0
3/14/26 12:00,6.03,177,S,7.19,0,0
3/14/26 13:00,5.64,191,S,7.19,0,0
3/14/26 14:00,6.61,189,S,7.19,0,0
3/14/26 15:00,9.52,215,SW,11.66,0,0
3/14/26 16:00,6.03,217,SW,9.14,0,0
3/14/26 17:00,,,,,1,1
3/14/26 18:00,4.47,221,SW,6.41,0,0
3/14/26 19:00,0,277,W,1.94,0,0
3/14/26 20:00,12.83,313,NW,16.91,0,0
3/14/26 21:00,5.25,198,SSW,7.97,0,0
3/14/26 22:00,6.61,213,SSW,8.75,0,0
3/14/26 23:00,4.08,203,SSW,6.41,0,0
3/15/26 0:00,3.69,192,SSW,4.67,0,0
3/15/26 1:00,2.92,215,SW,4.08,0,0
3/15/26 2:00,1.17,202,SSW,2.14,0,0
3/15/26 3:00,1.17,179,S,1.75,0,0
3/15/26 4:00,2.53,200,SSW,3.5,0,0
3/15/26 5:00,2.14,197,SSW,2.72,0,0
3/15/26 6:00,0.58,156,SSE,1.17,0,0
3/15/26 7:00,0.19,212,SSW,1.17,0,0
3/15/26 8:00,0.58,102,ESE,1.75,0,0
3/15/26 9:00,0.19,263,W,1.75,0,0
3/15/26 10:00,2.53,170,S,3.5,0,0
3/15/26 11:00,1.56,184,S,2.33,0,0
3/15/26 12:00,1.36,216,SW,3.11,0,0
3/15/26 13:00,2.92,225,SW,3.89,0,0
3/15/26 14:00,,,,,1,1
3/15/26 15:00,5.05,262,W,7.78,0,0
3/15/26 16:00,3.11,256,WSW,6.22,0,0
3/15/26 17:00,7.39,231,SW,9.91,0,0
3/15/26 18:00,3.3,198,SSW,4.28,0,0
3/15/26 19:00,3.5,165,SSE,4.28,0,0
3/15/26 20:00,2.92,210,SSW,4.47,0,0
3/15/26 21:00,1.94,156,SSE,3.89,0,0
3/15/26 22:00,2.14,66,ENE,3.11,0,0
3/15/26 23:00,4.08,46,NE,5.05,0,0
3/16/26 0:00,1.94,56,NE,4.28,0,0
3/16/26 1:00,2.33,10,N,3.3,0,0
3/16/26 2:00,1.56,312,NW,2.92,0,0
3/16/26 3:00,0.78,111,ESE,2.14,0,0
3/16/26 4:00,3.69,337,NNW,4.28,0,0
3/16/26 5:00,4.47,335,NNW,4.67,0,0
3/16/26 6:00,2.92,344,NNW,4.86,0,0
3/16/26 7:00,3.3,340,NNW,4.47,0,0
3/16/26 8:00,5.44,360,N,7.39,0,0
3/16/26 9:00,4.67,355,N,6.22,0,0
3/16/26 10:00,5.44,340,NNW,7.19,0,0
3/16/26 11:00,1.94,226,SW,3.11,0,0
3/16/26 12:00,2.14,257,WSW,5.25,0,0
3/16/26 13:00,2.33,187,S,2.53,0,0
3/16/26 14:00,1.75,201,SSW,2.53,0,0
3/16/26 15:00,3.89,231,SW,4.47,0,0
3/16/26 16:00,5.25,278,W,7,0,0
3/16/26 17:00,5.64,226,SW,6.61,0,0
3/16/26 18:00,3.3,111,ESE,3.89,0,0
3/16/26 19:00,1.36,70,ENE,1.75,0,0
3/16/26 20:00,1.75,125,SE,3.69,0,0
3/16/26 21:00,1.75,129,SE,3.89,0,0
3/16/26 22:00,10.3,225,SW,11.27,0,0
3/16/26 23:00,8.16,215,SW,9.91,0,0
3/17/26 0:00,0.78,266,W,1.36,0,0
3/17/26 1:00,2.92,96,E,4.28,0,0
3/17/26 2:00,2.14,70,ENE,2.72,0,0
3/17/26 3:00,0,76,ENE,1.94,0,0
3/17/26 4:00,2.14,12,NNE,3.5,0,0
3/17/26 5:00,2.72,324,NW,3.89,0,0
3/17/26 6:00,2.33,343,NNW,3.11,0,0
3/17/26 7:00,5.25,345,NNW,6.61,0,0
3/17/26 8:00,4.47,345,NNW,7,0,0
3/17/26 9:00,8.55,359,N,11.86,0,0
3/17/26 10:00,7.58,341,NNW,9.72,0,0
3/17/26 11:00,7.97,343,NNW,10.3,0,0
3/17/26 12:00,3.89,270,W,5.64,0,0
3/17/26 13:00,9.14,333,NNW,10.89,0,0
3/17/26 14:00,,,,,1,1
3/17/26 15:00,7.97,21,NNE,10.11,0,0
3/17/26 16:00,3.5,348,NNW,7.39,0,0
3/17/26 17:00,10.11,344,NNW,11.27,0,0
3/17/26 18:00,6.22,356,N,9.14,0,0
3/17/26 19:00,4.08,17,NNE,5.64,0,0
3/17/26 20:00,0.97,304,NW,1.75,0,0
3/17/26 21:00,2.53,62,ENE,3.69,0,0
3/17/26 22:00,3.69,58,ENE,4.28,0,0
3/17/26 23:00,3.5,47,NE,4.67,0,0
3/18/26 0:00,0.58,343,NNW,2.14,0,0
3/18/26 1:00,2.14,20,NNE,3.11,0,0
3/18/26 2:00,2.14,88,E,3.11,0,0
3/18/26 3:00,2.72,17,NNE,4.28,0,0
3/18/26 4:00,1.94,7,N,3.89,0,0
3/18/26 5:00,2.72,335,NNW,3.3,0,0
3/18/26 6:00,4.67,339,NNW,6.03,0,0
3/18/26 7:00,8.55,346,NNW,10.11,0,0
3/18/26 8:00,9.33,337,NNW,10.69,0,0
3/18/26 9:00,4.86,349,N,8.16,0,0
3/18/26 10:00,10.11,336,NNW,12.05,0,0
3/18/26 11:00,7,340,NNW,9.33,0,0
3/18/26 12:00,3.5,271,W,6.22,0,0
3/18/26 13:00,6.22,330,NNW,9.14,0,0
3/18/26 14:00,7.58,337,NNW,9.72,0,0
3/18/26 15:00,7.58,318,NW,9.91,0,0
3/18/26 16:00,4.86,232,SW,7,0,0
3/18/26 17:00,3.5,202,SSW,5.25,0,0
3/18/26 18:00,3.11,178,S,3.89,0,0
3/18/26 19:00,3.3,126,SE,3.89,0,0
3/18/26 20:00,3.69,94,E,5.83,0,0
3/18/26 21:00,1.56,134,SE,3.3,0,0
3/18/26 22:00,3.5,47,NE,4.08,0,0
3/18/26 23:00,5.44,206,SSW,7,0,0
3/19/26 0:00,6.41,191,S,8.36,0,0
3/19/26 1:00,4.08,196,SSW,5.05,0,0
3/19/26 2:00,3.5,212,SSW,4.86,0,0
3/19/26 3:00,0.58,184,S,1.17,0,0
3/19/26 4:00,0.19,75,ENE,1.36,0,0
3/19/26 5:00,0.19,41,NE,2.14,0,0
3/19/26 6:00,0.19,142,SE,1.94,0,0
3/19/26 7:00,2.53,334,NNW,3.89,0,0
3/19/26 8:00,5.25,339,NNW,7,0,0
3/19/26 9:00,3.89,356,N,5.83,0,0
3/19/26 10:00,5.64,346,NNW,7.78,0,0
3/19/26 11:00,7.39,332,NNW,8.94,0,0
3/19/26 12:00,9.72,338,NNW,11.47,0,0
3/19/26 13:00,8.36,344,NNW,10.3,0,0
3/19/26 14:00,5.44,286,WNW,7.39,0,0
3/19/26 15:00,7.97,340,NNW,10.69,0,0
3/19/26 16:00,7.39,330,NNW,9.91,0,0
3/19/26 17:00,7.78,333,NNW,9.72,0,0
3/19/26 18:00,1.75,212,SSW,2.92,0,0
3/19/26 19:00,4.28,238,WSW,4.67,0,0
3/19/26 20:00,4.08,181,S,4.67,0,0
3/19/26 21:00,4.08,63,ENE,5.64,0,0
3/19/26 22:00,1.36,113,ESE,2.53,0,0
3/19/26 23:00,3.69,68,ENE,4.08,0,0
3/20/26 0:00,3.11,65,ENE,3.69,0,0
3/20/26 1:00,1.36,20,NNE,2.92,0,0
3/20/26 2:00,0,351,N,0.78,0,0
3/20/26 3:00,5.44,8,N,6.22,0,0
3/20/26 4:00,5.64,338,NNW,8.16,0,0
3/20/26 5:00,7.58,353,N,9.52,0,0
3/20/26 6:00,3.3,330,NNW,6.03,0,0
3/20/26 7:00,6.03,355,N,7,0,0
3/20/26 8:00,6.41,335,NNW,8.36,0,0
3/20/26 9:00,7.39,331,NNW,8.55,0,0
3/20/26 10:00,5.83,333,NNW,7.19,0,0
3/20/26 11:00,2.33,262,W,3.5,0,0
3/20/26 12:00,1.75,261,W,2.92,0,0
3/20/26 13:00,4.47,270,W,5.44,0,0
3/20/26 14:00,3.69,287,WNW,4.86,0,0
3/20/26 15:00,5.64,274,W,6.41,0,0
3/20/26 16:00,4.28,260,W,6.41,0,0
3/20/26 17:00,3.69,241,WSW,4.67,0,0
3/20/26 18:00,2.14,150,SSE,3.11,0,0
3/20/26 19:00,1.94,141,SE,3.5,0,0
3/20/26 20:00,2.72,126,SE,3.5,0,0
3/20/26 21:00,11.27,191,S,12.83,0,0
3/20/26 22:00,10.11,198,SSW,13.41,0,0
3/20/26 23:00,11.66,217,SW,14.77,0,0
3/21/26 0:00,14,217,SW,17.11,0,0
3/21/26 1:00,9.14,220,SW,11.27,0,0
3/21/26 2:00,8.55,206,SSW,11.47,0,0
3/21/26 3:00,8.94,201,SSW,12.25,0,0
3/21/26 4:00,14.97,194,SSW,18.08,0,0
3/21/26 5:00,10.3,203,SSW,15.55,0,0
3/21/26 6:00,11.86,192,SSW,15.94,0,0
3/21/26 7:00,6.41,208,SSW,10.89,0,0
3/21/26 8:00,6.03,216,SW,7.97,0,0
3/21/26 9:00,4.28,215,SW,5.44,0,0
3/21/26 10:00,1.94,197,SSW,2.72,0,0
3/21/26 11:00,5.05,188,S,6.03,0,0
3/21/26 12:00,5.44,215,SW,6.8,0,0
3/21/26 13:00,11.47,216,SW,14.38,0,0
3/21/26 14:00,9.72,211,SSW,14.38,0,0
3/21/26 15:00,7.39,198,SSW,10.69,0,0
3/21/26 16:00,4.28,195,SSW,5.64,0,0
3/21/26 17:00,6.61,193,SSW,8.75,0,0
3/21/26 18:00,18.47,301,WNW,22.16,0,0
3/21/26 19:00,12.25,302,WNW,15.36,0,0
3/21/26 20:00,6.61,238,WSW,8.75,0,0
3/21/26 21:00,7.58,199,SSW,10.11,0,0
3/21/26 22:00,10.11,196,SSW,13.22,0,0
3/21/26 23:00,7.78,177,S,9.14,0,0
3/22/26 0:00,7.19,183,S,8.36,0,0
3/22/26 1:00,6.22,197,SSW,8.36,0,0
3/22/26 2:00,6.61,195,SSW,8.16,0,0
3/22/26 3:00,7,205,SSW,9.72,0,0
3/22/26 4:00,5.25,212,SSW,7.39,0,0
3/22/26 5:00,4.47,195,SSW,6.03,0,0
3/22/26 6:00,4.86,202,SSW,7.19,0,0
3/22/26 7:00,5.25,206,SSW,7.97,0,0
3/22/26 8:00,3.69,206,SSW,5.25,0,0
3/22/26 9:00,3.69,189,S,5.25,0,0
3/22/26 10:00,5.05,193,SSW,6.03,0,0
3/22/26 11:00,4.47,190,S,6.22,0,0
3/22/26 12:00,9.33,213,SSW,13.41,0,0
3/22/26 13:00,11.86,214,SW,15.55,0,0
3/22/26 14:00,8.94,205,SSW,12.83,0,0
3/22/26 15:00,11.08,212,SSW,17.11,0,0
3/22/26 16:00,8.94,208,SSW,13.41,0,0
3/22/26 17:00,10.89,211,SSW,15.16,0,0
3/22/26 18:00,8.55,208,SSW,13.02,0,0
3/22/26 19:00,14,186,S,16.52,0,0
3/22/26 20:00,12.05,177,S,13.8,0,0
3/22/26 21:00,13.22,169,S,15.16,0,0
3/22/26 22:00,9.72,182,S,11.27,0,0
3/22/26 23:00,9.52,168,SSE,11.08,0,0
3/23/26 0:00,6.41,180,S,8.16,0,0
3/23/26 1:00,6.61,180,S,9.14,0,0
3/23/26 2:00,5.64,207,SSW,8.16,0,0
3/23/26 3:00,6.22,167,SSE,8.16,0,0
3/23/26 4:00,5.25,191,S,6.8,0,0
3/23/26 5:00,4.86,194,SSW,7.19,0,0
3/23/26 6:00,7.58,168,SSE,8.94,0,0
3/23/26 7:00,6.03,156,SSE,7.97,0,0
3/23/26 8:00,6.03,154,SSE,8.75,0,0
3/23/26 9:00,5.64,162,SSE,7,0,0
3/23/26 10:00,6.03,177,S,6.8,0,0
3/23/26 11:00,4.67,191,S,6.41,0,0
3/23/26 12:00,3.5,209,SSW,5.83,0,0
3/23/26 13:00,7.78,195,SSW,10.5,0,0
3/23/26 14:00,6.41,213,SSW,10.11,0,0
3/23/26 15:00,4.86,198,SSW,7,0,0
3/23/26 16:00,5.44,189,S,7.78,0,0
3/23/26 17:00,3.5,184,S,5.64,0,0
3/23/26 18:00,1.17,190,S,1.94,0,0
3/23/26 19:00,7.39,305,NW,9.33,0,0
3/23/26 20:00,13.02,299,WNW,17.69,0,0
3/23/26 21:00,10.89,298,WNW,17.49,0,0
3/23/26 22:00,4.08,194,SSW,6.03,0,0
3/23/26 23:00,4.08,214,SW,5.44,0,0
3/24/26 0:00,8.75,192,SSW,10.69,0,0
3/24/26 1:00,4.67,191,S,6.03,0,0
3/24/26 2:00,5.05,201,SSW,7.19,0,0
3/24/26 3:00,2.53,175,S,2.92,0,0
3/24/26 4:00,1.75,221,SW,2.14,0,0
3/24/26 5:00,2.72,155,SSE,3.69,0,0
3/24/26 6:00,0,243,WSW,1.94,0,0
3/24/26 7:00,1.75,110,ESE,2.14,0,0
3/24/26 8:00,0,96,E,0.39,0,0
3/24/26 9:00,2.92,27,NNE,4.28,0,0
3/24/26 10:00,1.75,190,S,3.3,0,0
3/24/26 11:00,2.33,180,S,3.69,0,0
3/24/26 12:00,,,,,1,1
3/24/26 13:00,7.39,215,SW,9.33,0,0
3/24/26 14:00,11.08,215,SW,13.8,0,0
3/24/26 15:00,7.78,211,SSW,12.25,0,0
3/24/26 16:00,5.64,201,SSW,9.91,0,0
3/24/26 17:00,1.36,153,SSE,3.89,0,0
3/24/26 18:00,3.89,144,SE,4.86,0,0
3/24/26 19:00,7.39,215,SW,8.94,0,0
3/24/26 20:00,4.28,217,SW,5.44,0,0
3/24/26 21:00,5.83,336,NNW,8.75,0,0
3/24/26 22:00,10.5,302,WNW,13.61,0,0
3/24/26 23:00,7.19,303,WNW,10.3,0,0
3/25/26 0:00,6.8,183,S,7.78,0,0
3/25/26 1:00,9.33,186,S,10.69,0,0
3/25/26 2:00,10.11,189,S,11.08,0,0
3/25/26 3:00,8.36,192,SSW,10.3,0,0
3/25/26 4:00,9.91,183,S,10.89,0,0
3/25/26 5:00,10.11,188,S,11.27,0,0
3/25/26 6:00,,,,,1,1
3/25/26 7:00,6.8,183,S,7.58,0,0
3/25/26 8:00,4.28,215,SW,6.22,0,0
3/25/26 9:00,5.25,172,S,6.22,0,0
3/25/26 10:00,5.25,189,S,6.41,0,0
3/25/26 11:00,5.44,193,SSW,7,0,0
3/25/26 12:00,6.22,215,SW,9.72,0,0
3/25/26 13:00,10.11,184,S,12.44,0,0
3/25/26 14:00,7.58,191,S,9.72,0,0
3/25/26 15:00,4.28,201,SSW,6.8,0,0
3/25/26 16:00,7.39,276,W,12.25,0,0
3/25/26 17:00,14.58,307,NW,19.63,0,0
3/25/26 18:00,12.05,298,WNW,16.72,0,0
3/25/26 19:00,11.86,286,WNW,15.55,0,0
3/25/26 20:00,5.25,259,W,10.5,0,0
3/25/26 21:00,10.5,289,WNW,15.55,0,0
3/25/26 22:00,6.8,220,SW,9.52,0,0
3/25/26 23:00,4.28,209,SSW,7.39,0,0
3/26/26 0:00,3.5,196,SSW,5.25,0,0
3/26/26 1:00,6.03,184,S,6.8,0,0
3/26/26 2:00,4.67,207,SSW,7.39,0,0
3/26/26 3:00,6.22,191,S,7.78,0,0
3/26/26 4:00,4.86,205,SSW,6.41,0,0
3/26/26 5:00,3.11,180,S,4.86,0,0
3/26/26 6:00,3.11,178,S,4.28,0,0
3/26/26 7:00,0.39,178,S,1.56,0,0
3/26/26 8:00,2.14,109,ESE,3.69,0,0
3/26/26 9:00,3.69,9,N,6.41,0,0
3/26/26 10:00,,,,,1,1
3/26/26 11:00,8.94,342,NNW,11.86,0,0
3/26/26 12:00,5.64,345,NNW,8.94,0,0
3/26/26 13:00,7,268,W,9.14,0,0
3/26/26 14:00,6.61,270,W,8.75,0,0
3/26/26 15:00,5.25,237,WSW,7.58,0,0
3/26/26 16:00,7.19,226,SW,8.36,0,0
3/26/26 17:00,,,,,1,1
3/26/26 18:00,3.3,202,SSW,5.05,0,0
3/26/26 19:00,0.39,198,SSW,1.56,0,0
3/26/26 20:00,3.11,101,E,3.5,0,0
3/26/26 21:00,0.97,213,SSW,1.56,0,0
3/26/26 22:00,1.56,225,SW,2.53,0,0
3/26/26 23:00,0,175,S,0,0,0
3/27/26 0:00,0.58,305,NW,0.97,0,0
3/27/26 1:00,2.92,335,NNW,3.3,0,0
3/27/26 2:00,0.78,190,S,1.75,0,0
3/27/26 3:00,1.94,9,N,4.08,0,0
3/27/26 4:00,2.92,26,NNE,3.3,0,0
3/27/26 5:00,5.64,341,NNW,6.03,0,0
3/27/26 6:00,4.67,356,N,6.03,0,0
3/27/26 7:00,3.3,332,NNW,5.05,0,0
3/27/26 8:00,2.72,354,N,5.05,0,0
3/27/26 9:00,4.67,358,N,6.61,0,0
3/27/26 10:00,1.94,330,NNW,3.69,0,0
3/27/26 11:00,1.56,266,W,3.89,0,0
3/27/26 12:00,3.3,283,WNW,7.58,0,0
3/27/26 13:00,1.75,198,SSW,2.92,0,0
3/27/26 14:00,3.3,222,SW,3.89,0,0
3/27/26 15:00,6.41,272,W,8.55,0,0
3/27/26 16:00,6.41,262,W,8.16,0,0
3/27/26 17:00,7.58,258,WSW,9.91,0,0
3/27/26 18:00,3.3,238,WSW,4.47,0,0
3/27/26 19:00,3.5,153,SSE,4.86,0,0
3/27/26 20:00,2.14,104,ESE,3.11,0,0
3/27/26 21:00,2.53,200,SSW,4.28,0,0
3/27/26 22:00,5.83,207,SSW,8.36,0,0
3/27/26 23:00,6.61,194,SSW,8.94,0,0
3/28/26 0:00,9.14,206,SSW,15.16,0,0
3/28/26 1:00,12.25,195,SSW,14.58,0,0
3/28/26 2:00,10.3,198,SSW,13.22,0,0
3/28/26 3:00,11.27,211,SSW,15.75,0,0
3/28/26 4:00,11.86,214,SW,16.13,0,0
3/28/26 5:00,12.64,188,S,14,0,0
3/28/26 6:00,10.69,216,SW,13.22,0,0
3/28/26 7:00,10.11,210,SSW,13.61,0,0
3/28/26 8:00,11.66,214,SW,15.36,0,0
3/28/26 9:00,6.8,205,SSW,9.52,0,0
3/28/26 10:00,7.97,211,SSW,10.89,0,0
3/28/26 11:00,9.33,211,SSW,13.41,0,0
3/28/26 12:00,8.36,210,SSW,11.66,0,0
3/28/26 13:00,5.25,213,SSW,6.41,0,0
3/28/26 14:00,3.89,225,SW,5.44,0,0
3/28/26 15:00,5.25,190,S,7,0,0
3/28/26 16:00,5.05,188,S,6.03,0,0
3/28/26 17:00,5.64,183,S,6.22,0,0
3/28/26 18:00,4.28,187,S,5.25,0,0
3/28/26 19:00,1.94,157,SSE,3.69,0,0
3/28/26 20:00,0.78,167,SSE,2.14,0,0
3/28/26 21:00,1.94,113,ESE,2.72,0,0
3/28/26 22:00,2.53,198,SSW,3.5,0,0
3/28/26 23:00,0,137,SE,0,0,0
3/29/26 0:00,1.17,77,ENE,3.69,0,0
3/29/26 1:00,,,,,1,1
3/29/26 2:00,0.97,160,SSE,1.36,0,0
3/29/26 3:00,1.17,280,W,1.36,0,0
3/29/26 4:00,2.72,13,NNE,3.5,0,0
3/29/26 5:00,6.03,356,N,6.61,0,0
3/29/26 6:00,4.08,0,N,5.64,0,0
3/29/26 7:00,4.47,338,NNW,5.25,0,0
3/29/26 8:00,4.28,340,NNW,5.05,0,0
3/29/26 9:00,3.5,357,N,6.22,0,0
3/29/26 10:00,1.17,244,WSW,2.72,0,0
3/29/26 11:00,2.53,253,WSW,4.86,0,0
3/29/26 12:00,3.5,225,SW,4.08,0,0
3/29/26 13:00,4.47,260,W,5.44,0,0
3/29/26 14:00,6.61,254,WSW,8.55,0,0
3/29/26 15:00,6.41,217,SW,7.78,0,0
3/29/26 16:00,5.44,228,SW,11.47,0,0
3/29/26 17:00,2.92,105,ESE,4.08,0,0
3/29/26 18:00,2.33,103,ESE,3.3,0,0
3/29/26 19:00,3.11,136,SE,4.08,0,0
3/29/26 20:00,2.33,80,E,3.3,0,0
3/29/26 21:00,2.33,98,E,3.69,0,0
3/29/26 22:00,1.75,79,E,2.92,0,0
3/29/26 23:00,0.58,100,E,1.56,0,0
3/30/26 0:00,,,,,1,1
3/30/26 1:00,0.97,80,E,2.53,0,0
3/30/26 2:00,1.56,92,E,2.14,0,0
3/30/26 3:00,0.78,73,ENE,0.97,0,0
3/30/26 4:00,1.17,3,N,1.75,0,0
3/30/26 5:00,4.08,354,N,4.86,0,0
3/30/26 6:00,4.28,338,NNW,6.22,0,0
3/30/26 7:00,2.72,301,WNW,6.03,0,0
3/30/26 8:00,0.97,91,E,3.89,0,0
3/30/26 9:00,3.3,177,S,4.08,0,0
3/30/26 10:00,0,115,ESE,0.97,0,0
3/30/26 11:00,1.36,116,ESE,1.75,0,0
3/30/26 12:00,3.69,226,SW,4.47,0,0
3/30/26 13:00,14.77,225,SW,17.49,0,0
3/30/26 14:00,14.19,217,SW,16.72,0,0
3/30/26 15:00,12.05,222,SW,14.19,0,0
3/30/26 16:00,14.38,227,SW,20.02,0,0
3/30/26 17:00,7,245,WSW,11.86,0,0
3/30/26 18:00,8.94,218,SW,11.08,0,0
3/30/26 19:00,1.94,176,S,3.3,0,0
3/30/26 20:00,4.28,257,WSW,7.78,0,0
3/30/26 21:00,6.03,241,WSW,8.94,0,0
3/30/26 22:00,6.03,238,WSW,8.36,0,0
3/30/26 23:00,5.44,264,W,7,0,0
3/31/26 0:00,18.86,232,SW,24.1,0,0
3/31/26 1:00,9.72,222,SW,12.44,0,0
3/31/26 2:00,13.41,231,SW,18.47,0,0
3/31/26 3:00,11.47,242,WSW,15.75,0,0
3/31/26 4:00,10.89,219,SW,13.61,0,0
3/31/26 5:00,3.69,211,SSW,4.67,0,0
3/31/26 6:00,7.39,263,W,9.91,0,0
3/31/26 7:00,9.52,217,SW,11.47,0,0
3/31/26 8:00,4.28,264,W,7,0,0
3/31/26 9:00,1.94,358,N,4.08,0,0
3/31/26 10:00,2.53,53,NE,5.05,0,0
3/31/26 11:00,0.78,93,E,2.53,0,0
3/31/26 12:00,0.78,206,SSW,1.94,0,0
3/31/26 13:00,8.36,187,S,10.3,0,0
3/31/26 14:00,4.47,279,W,8.94,0,0
3/31/26 15:00,,,,,1,1
3/31/26 16:00,19.63,229,SW,23.13,0,0
3/31/26 17:00,13.41,224,SW,16.52,0,0
3/31/26 18:00,9.14,228,SW,10.11,0,0
3/31/26 19:00,4.28,211,SSW,5.83,0,0
3/31/26 20:00,5.05,265,W,7.39,0,0
3/31/26 21:00,6.03,229,SW,8.55,0,0
3/31/26 22:00,6.03,221,SW,7.58,0,0
3/31/26 23:00,2.53,211,SSW,3.3,0,0
4/1/26 0:00,1.75,252,WSW,2.14,0,0
4/1/26 1:00,3.69,211,SSW,6.03,0,0
4/1/26 2:00,9.14,227,SW,10.5,0,0
4/1/26 3:00,11.66,224,SW,13.22,0,0
4/1/26 4:00,10.89,223,SW,13.41,0,0
4/1/26 5:00,7.58,223,SW,10.5,0,0
4/1/26 6:00,6.22,209,SSW,9.72,0,0
4/1/26 7:00,,,,,1,1
4/1/26 8:00,9.91,219,SW,12.64,0,0
4/1/26 9:00,13.22,218,SW,16.13,0,0
4/1/26 10:00,12.05,213,SSW,13.8,0,0
4/1/26 11:00,12.83,225,SW,15.55,0,0
4/1/26 12:00,15.55,223,SW,18.27,0,0
4/1/26 13:00,11.27,229,SW,13.8,0,0
4/1/26 14:00,4.47,263,W,7.58,0,0
4/1/26 15:00,7.58,195,SSW,9.14,0,0
4/1/26 16:00,9.33,196,SSW,11.66,0,0
4/1/26 17:00,8.36,214,SW,12.05,0,0
4/1/26 18:00,5.44,206,SSW,8.75,0,0
4/1/26 19:00,9.91,214,SW,13.22,0,0
4/1/26 20:00,9.33,198,SSW,12.64,0,0
4/1/26 21:00,15.36,212,SSW,21.77,0,0
4/1/26 22:00,11.08,230,SW,14,0,0
4/1/26 23:00,14,217,SW,17.3,0,0
4/2/26 0:00,11.27,231,SW,14,0,0
4/2/26 1:00,6.61,305,NW,10.69,0,0
4/2/26 2:00,5.83,304,NW,9.52,0,0
4/2/26 3:00,3.3,272,W,4.47,0,0
4/2/26 4:00,5.83,300,WNW,8.75,0,0
4/2/26 5:00,7.19,303,WNW,11.47,0,0
4/2/26 6:00,5.44,312,NW,7.19,0,0
4/2/26 7:00,5.05,300,WNW,8.36,0,0
4/2/26 8:00,5.64,291,WNW,7.78,0,0
4/2/26 9:00,6.22,7,N,10.5,0,0
4/2/26 10:00,5.44,20,NNE,8.75,0,0
4/2/26 11:00,7.58,358,N,15.16,0,0
4/2/26 12:00,10.5,355,N,16.33,0,0
4/2/26 13:00,6.03,338,NNW,10.3,0,0
4/2/26 14:00,10.5,312,NW,12.83,0,0
4/2/26 15:00,10.89,330,NNW,13.8,0,0
4/2/26 16:00,7.19,314,NW,13.22,0,0
4/2/26 17:00,3.5,338,NNW,8.36,0,0
4/2/26 18:00,,,,,1,1
4/2/26 19:00,11.08,308,NW,16.72,0,0
4/2/26 20:00,11.27,304,NW,16.91,0,0
4/2/26 21:00,7,305,NW,10.11,0,0
4/2/26 22:00,4.86,355,N,7.58,0,0
4/2/26 23:00,2.14,348,NNW,3.89,0,0
4/3/26 0:00,3.11,30,NNE,3.69,0,0
4/3/26 1:00,1.94,62,ENE,2.92,0,0
4/3/26 2:00,3.69,30,NNE,4.47,0,0
4/3/26 3:00,4.47,341,NNW,5.83,0,0
4/3/26 4:00,0.97,59,ENE,3.11,0,0
4/3/26 5:00,3.3,340,NNW,5.05,0,0
4/3/26 6:00,3.69,356,N,5.25,0,0
4/3/26 7:00,2.33,8,N,3.5,0,0
4/3/26 8:00,3.89,28,NNE,5.44,0,0
4/3/26 9:00,5.25,343,NNW,6.41,0,0
4/3/26 10:00,3.11,13,NNE,6.03,0,0
4/3/26 11:00,8.36,33,NNE,13.02,0,0
4/3/26 12:00,4.08,81,E,7,0,0
4/3/26 13:00,4.08,354,N,7.78,0,0
4/3/26 14:00,6.22,223,SW,7.39,0,0
4/3/26 15:00,4.28,234,SW,6.41,0,0
4/3/26 16:00,8.36,225,SW,10.89,0,0
4/3/26 17:00,8.36,213,SSW,10.11,0,0
4/3/26 18:00,9.52,221,SW,10.5,0,0
4/3/26 19:00,5.44,218,SW,7.58,0,0
4/3/26 20:00,3.11,48,NE,4.08,0,0
4/3/26 21:00,2.14,128,SE,3.69,0,0
4/3/26 22:00,4.28,17,NNE,6.8,0,0
4/3/26 23:00,7,11,N,9.14,0,0
4/4/26 0:00,8.16,359,N,10.69,0,0
4/4/26 1:00,5.44,11,N,7.39,0,0
4/4/26 2:00,5.64,16,NNE,7,0,0
4/4/26 3:00,6.61,356,N,8.94,0,0
4/4/26 4:00,7.58,346,NNW,9.33,0,0
4/4/26 5:00,5.83,354,N,7.19,0,0
4/4/26 6:00,7.39,334,NNW,9.52,0,0
4/4/26 7:00,11.08,345,NNW,12.83,0,0
4/4/26 8:00,9.52,339,NNW,11.66,0,0
4/4/26 9:00,6.8,2,N,10.5,0,0
4/4/26 10:00,10.69,46,NE,14.97,0,0
4/4/26 11:00,9.91,66,ENE,15.75,0,0
4/4/26 12:00,3.89,70,ENE,12.83,0,0
4/4/26 13:00,5.25,45,NE,11.27,0,0
4/4/26 14:00,2.92,68,ENE,5.44,0,0
4/4/26 15:00,3.5,272,W,6.8,0,0
4/4/26 16:00,6.61,278,W,7.97,0,0
4/4/26 17:00,5.44,280,W,7,0,0
4/4/26 18:00,5.25,312,NW,7,0,0
4/4/26 19:00,3.69,324,NW,5.25,0,0
4/4/26 20:00,4.08,282,WNW,4.86,0,0
4/4/26 21:00,,,,,1,1
4/4/26 22:00,2.53,57,ENE,3.11,0,0
4/4/26 23:00,7,8,N,9.33,0,0
4/5/26 0:00,7.19,5,N,7.97,0,0
4/5/26 1:00,1.94,273,W,2.53,0,0
4/5/26 2:00,3.89,345,NNW,4.47,0,0
4/5/26 3:00,7.58,353,N,9.72,0,0
4/5/26 4:00,4.08,32,NNE,5.44,0,0
4/5/26 5:00,5.05,354,N,5.44,0,0
4/5/26 6:00,6.41,355,N,7.19,0,0
4/5/26 7:00,7.39,352,N,9.14,0,0
4/5/26 8:00,9.33,355,N,12.05,0,0
4/5/26 9:00,11.66,339,NNW,13.02,0,0
4/5/26 10:00,6.03,336,NNW,8.16,0,0
4/5/26 11:00,6.61,338,NNW,9.14,0,0
4/5/26 12:00,5.83,324,NW,8.55,0,0
4/5/26 13:00,7.78,342,NNW,9.72,0,0
4/5/26 14:00,4.47,322,NW,7.97,0,0
4/5/26 15:00,7.97,264,W,9.33,0,0
4/5/26 16:00,9.72,221,SW,11.27,0,0
4/5/26 17:00,7.97,218,SW,9.91,0,0
4/5/26 18:00,6.61,203,SSW,9.52,0,0
4/5/26 19:00,5.64,209,SSW,8.16,0,0
4/5/26 20:00,3.3,181,S,4.86,0,0
4/5/26 21:00,4.67,211,SSW,6.61,0,0
4/5/26 22:00,6.03,213,SSW,7.58,0,0
4/5/26 23:00,6.8,210,SSW,9.33,0,0
4/6/26 0:00,4.67,197,SSW,6.22,0,0
4/6/26 1:00,,,,,1,1
4/6/26 2:00,4.47,198,SSW,5.64,0,0
4/6/26 3:00,1.94,232,SW,4.08,0,0
4/6/26 4:00,3.89,197,SSW,5.25,0,0
4/6/26 5:00,5.83,227,SW,7.39,0,0
4/6/26 6:00,5.64,219,SW,7.58,0,0
4/6/26 7:00,3.5,224,SW,5.05,0,0
4/6/26 8:00,4.67,159,SSE,6.03,0,0
4/6/26 9:00,7.78,186,S,9.52,0,0
4/6/26 10:00,10.3,187,S,12.05,0,0
4/6/26 11:00,8.94,197,SSW,11.86,0,0
4/6/26 12:00,8.55,200,SSW,12.25,0,0
4/6/26 13:00,7.78,207,SSW,10.3,0,0
4/6/26 14:00,9.33,214,SW,13.61,0,0
4/6/26 15:00,8.94,211,SSW,11.66,0,0
4/6/26 16:00,10.89,220,SW,13.41,0,0
4/6/26 17:00,12.64,229,SW,14.58,0,0
4/6/26 18:00,8.75,221,SW,11.66,0,0
4/6/26 19:00,11.47,236,SW,16.52,0,0
4/6/26 20:00,10.89,238,WSW,14.77,0,0
4/6/26 21:00,6.61,268,W,10.5,0,0
4/6/26 22:00,,,,,1,1
4/6/26 23:00,0.39,275,W,1.75,0,0
4/7/26 0:00,0,317,NW,0.58,0,0
4/7/26 1:00,3.11,194,SSW,4.67,0,0
4/7/26 2:00,7,227,SW,8.94,0,0
4/7/26 3:00,2.14,280,W,3.11,0,0
4/7/26 4:00,6.22,265,W,9.72,0,0
4/7/26 5:00,3.89,266,W,5.83,0,0
4/7/26 6:00,2.53,310,NW,3.89,0,0
4/7/26 7:00,3.69,302,WNW,6.03,0,0
4/7/26 8:00,2.33,148,SSE,4.47,0,0
4/7/26 9:00,3.69,221,SW,5.44,0,0
4/7/26 10:00,3.3,176,S,4.67,0,0
4/7/26 11:00,8.16,195,SSW,10.11,0,0
4/7/26 12:00,8.55,202,SSW,12.83,0,0
4/7/26 13:00,7.58,204,SSW,10.89,0,0
4/7/26 14:00,10.11,210,SSW,14,0,0
4/7/26 15:00,7.97,204,SSW,11.66,0,0
4/7/26 16:00,8.36,206,SSW,12.25,0,0
4/7/26 17:00,7.39,201,SSW,9.52,0,0
4/7/26 18:00,7.58,210,SSW,10.5,0,0
4/7/26 19:00,8.75,224,SW,11.66,0,0
4/7/26 20:00,2.92,254,WSW,4.86,0,0
4/7/26 21:00,6.61,228,SW,9.72,0,0
4/7/26 22:00,0.39,316,NW,1.36,0,0
4/7/26 23:00,2.14,190,S,4.47,0,0
4/8/26 0:00,3.89,154,SSE,5.44,0,0
4/8/26 1:00,8.36,190,S,9.52,0,0
4/8/26 2:00,15.36,179,S,17.88,0,0
4/8/26 3:00,12.83,181,S,14.97,0,0
4/8/26 4:00,12.83,185,S,15.16,0,0
4/8/26 5:00,9.72,184,S,11.08,0,0
4/8/26 6:00,9.91,172,S,11.66,0,0
4/8/26 7:00,7.19,169,S,8.36,0,0
4/8/26 8:00,6.61,168,SSE,8.36,0,0
4/8/26 9:00,6.8,163,SSE,8.36,0,0
4/8/26 10:00,7.19,170,S,9.14,0,0
4/8/26 11:00,7.39,214,SW,9.91,0,0
4/8/26 12:00,8.75,197,SSW,11.86,0,0
4/8/26 13:00,5.05,193,SSW,7.19,0,0
4/8/26 14:00,10.5,215,SW,13.22,0,0
4/8/26 15:00,9.33,213,SSW,11.66,0,0
4/8/26 16:00,,,,,1,1
4/8/26 17:00,7.97,192,SSW,9.52,0,0
4/8/26 18:00,8.94,196,SSW,11.66,0,0
4/8/26 19:00,7.97,224,SW,10.11,0,0
4/8/26 20:00,8.36,209,SSW,12.25,0,0
4/8/26 21:00,1.36,64,ENE,2.72,0,0
4/8/26 22:00,2.92,127,SE,4.28,0,0
4/8/26 23:00,3.3,180,S,4.47,0,0
4/9/26 0:00,7.78,194,SSW,9.14,0,0
4/9/26 1:00,12.44,183,S,13.8,0,0
4/9/26 2:00,8.75,181,S,10.3,0,0
4/9/26 3:00,8.36,170,S,11.27,0,0
4/9/26 4:00,7.58,145,SE,10.89,0,0
4/9/26 5:00,5.44,139,SE,9.52,0,0
4/9/26 6:00,7,207,SSW,9.52,0,0
4/9/26 7:00,5.05,195,SSW,7.78,0,0
4/9/26 8:00,5.64,208,SSW,8.55,0,0
4/9/26 9:00,6.8,192,SSW,8.55,0,0
4/9/26 10:00,5.25,185,S,7.58,0,0
4/9/26 11:00,6.22,203,SSW,10.5,0,0
4/9/26 12:00,9.33,217,SW,11.08,0,0
4/9/26 13:00,9.33,212,SSW,12.64,0,0
4/9/26 14:00,6.8,195,SSW,9.52,0,0
4/9/26 15:00,7.19,206,SSW,10.89,0,0
4/9/26 16:00,7.97,195,SSW,10.3,0,0
4/9/26 17:00,9.52,208,SSW,14.19,0,0
4/9/26 18:00,11.86,241,WSW,15.94,0,0
4/9/26 19:00,12.05,232,SW,15.75,0,0
4/9/26 20:00,9.91,247,WSW,14,0,0
4/9/26 21:00,4.67,250,WSW,7,0,0
4/9/26 22:00,7,225,SW,9.52,0,0
4/9/26 23:00,6.41,223,SW,8.55,0,0
4/10/26 0:00,6.61,227,SW,9.33,0,0
4/10/26 1:00,2.33,229,SW,3.5,0,0
4/10/26 2:00,0.19,160,SSE,0.78,0,0
4/10/26 3:00,5.25,168,SSE,7.19,0,0
4/10/26 4:00,6.41,111,ESE,9.72,0,0
4/10/26 5:00,12.05,184,S,14.77,0,0
4/10/26 6:00,8.55,190,S,10.5,0,0
4/10/26 7:00,5.05,181,S,6.22,0,0
4/10/26 8:00,4.86,156,SSE,7.78,0,0
4/10/26 9:00,,,,,1,1
4/10/26 10:00,6.8,131,SE,10.89,0,0
4/10/26 11:00,12.44,171,S,14.77,0,0
4/10/26 12:00,9.52,152,SSE,13.02,0,0
4/10/26 13:00,7.58,183,S,8.55,0,0
4/10/26 14:00,7.58,158,SSE,10.11,0,0
4/10/26 15:00,2.72,164,SSE,5.05,0,0
4/10/26 16:00,14.97,228,SW,16.91,0,0
4/10/26 17:00,13.02,232,SW,16.52,0,0
4/10/26 18:00,9.72,230,SW,12.64,0,0
4/10/26 19:00,10.11,233,SW,14,0,0
4/10/26 20:00,11.27,224,SW,13.8,0,0
4/10/26 21:00,12.05,223,SW,14.19,0,0
4/10/26 22:00,7.58,210,SSW,10.3,0,0
4/10/26 23:00,8.36,217,SW,11.27,0,0
4/11/26 0:00,5.83,227,SW,8.55,0,0
4/11/26 1:00,5.05,233,SW,6.8,0,0
4/11/26 2:00,7,213,SSW,8.94,0,0
4/11/26 3:00,5.25,206,SSW,7.78,0,0
4/11/26 4:00,8.55,224,SW,11.47,0,0
4/11/26 5:00,7.78,211,SSW,10.3,0,0
4/11/26 6:00,6.8,187,S,8.75,0,0
4/11/26 7:00,11.66,185,S,13.02,0,0
4/11/26 8:00,13.22,169,S,14.77,0,0
4/11/26 9:00,17.49,175,S,19.63,0,0
4/11/26 10:00,17.3,177,S,18.86,0,0
4/11/26 11:00,15.75,173,S,19.44,0,0
4/11/26 12:00,19.63,188,S,23.13,0,0
4/11/26 13:00,19.24,172,S,22.16,0,0
4/11/26 14:00,24.3,175,S,27.02,0,0
4/11/26 15:00,20.41,182,S,24.88,0,0
4/11/26 16:00,26.24,185,S,31.88,0,0
4/11/26 17:00,26.63,179,S,29.55,0,0
4/11/26 18:00,7.58,243,WSW,12.64,0,0
4/11/26 19:00,9.91,190,S,12.44,0,0
4/11/26 20:00,10.3,179,S,13.02,0,0
4/11/26 21:00,16.52,174,S,19.63,0,0
4/11/26 22:00,21.97,174,S,25.85,0,0
4/11/26 23:00,21.19,172,S,26.05,0,0
4/12/26 0:00,16.91,191,S,26.24,0,0
4/12/26 1:00,15.16,226,SW,20.6,0,0
4/12/26 2:00,17.11,237,WSW,20.41,0,0
4/12/26 3:00,15.94,241,WSW,20.22,0,0
4/12/26 4:00,11.27,242,WSW,17.3,0,0
4/12/26 5:00,11.66,225,SW,16.13,0,0
4/12/26 6:00,15.55,228,SW,18.47,0,0
4/12/26 7:00,14.58,228,SW,18.47,0,0
4/12/26 8:00,14,186,S,18.47,0,0
4/12/26 9:00,15.55,198,SSW,20.6,0,0
4/12/26 10:00,15.94,190,S,19.24,0,0
4/12/26 11:00,12.44,186,S,15.55,0,0
4/12/26 12:00,13.02,208,SSW,19.83,0,0
4/12/26 13:00,7.19,234,SW,12.44,0,0
4/12/26 14:00,10.89,224,SW,14.77,0,0
4/12/26 15:00,12.05,266,W,16.52,0,0
4/12/26 16:00,12.05,233,SW,16.52,0,0
4/12/26 17:00,15.16,229,SW,19.44,0,0
4/12/26 18:00,10.5,260,W,16.91,0,0
4/12/26 19:00,8.36,237,WSW,11.08,0,0
4/12/26 20:00,7.39,233,SW,9.14,0,0
4/12/26 21:00,6.8,227,SW,9.52,0,0
4/12/26 22:00,4.67,209,SSW,6.61,0,0
4/12/26 23:00,5.44,212,SSW,7.19,0,0
4/13/26 0:00,2.14,255,WSW,3.3,0,0
4/13/26 1:00,0.58,355,N,2.14,0,0
4/13/26 2:00,3.3,347,NNW,3.89,0,0
4/13/26 3:00,1.36,3,N,2.33,0,0
4/13/26 4:00,0.78,45,NE,1.94,0,0
4/13/26 5:00,2.92,358,N,3.69,0,0
4/13/26 6:00,3.5,357,N,4.28,0,0
4/13/26 7:00,5.83,35,NE,6.61,0,0
4/13/26 8:00,3.3,21,NNE,4.86,0,0
4/13/26 9:00,7.19,334,NNW,9.14,0,0
4/13/26 10:00,7.78,336,NNW,10.5,0,0
4/13/26 11:00,3.89,341,NNW,8.36,0,0
4/13/26 12:00,3.69,252,WSW,5.44,0,0
4/13/26 13:00,7,229,SW,8.36,0,0
4/13/26 14:00,7.39,229,SW,9.52,0,0
4/13/26 15:00,10.3,228,SW,12.25,0,0
4/13/26 16:00,9.72,237,WSW,12.83,0,0
4/13/26 17:00,8.75,234,SW,11.08,0,0
4/13/26 18:00,7.97,247,WSW,14.19,0,0
4/13/26 19:00,9.91,309,NW,11.86,0,0
4/13/26 20:00,10.11,297,WNW,15.36,0,0
4/13/26 21:00,9.91,301,WNW,14.19,0,0
4/13/26 22:00,7.78,301,WNW,12.25,0,0
4/13/26 23:00,5.25,310,NW,7.19,0,0
4/14/26 0:00,2.53,105,ESE,3.5,0,0
4/14/26 1:00,7,109,ESE,8.36,0,0
4/14/26 2:00,1.75,137,SE,2.92,0,0
4/14/26 3:00,0.39,288,WNW,1.56,0,0
4/14/26 4:00,4.47,334,NNW,6.41,0,0
4/14/26 5:00,,,,,1,1
4/14/26 6:00,3.69,313,NW,5.44,0,0
4/14/26 7:00,4.47,308,NW,6.22,0,0
4/14/26 8:00,2.33,310,NW,3.11,0,0
4/14/26 9:00,,,,,1,1
4/14/26 10:00,0.58,278,W,1.94,0,0
4/14/26 11:00,7.97,189,S,11.47,0,0
4/14/26 12:00,10.3,201,SSW,13.22,0,0
4/14/26 13:00,9.91,210,SSW,14,0,0
4/14/26 14:00,,,,,1,1
4/14/26 15:00,13.61,232,SW,15.55,0,0
4/14/26 16:00,10.5,240,WSW,15.94,0,0
4/14/26 17:00,12.44,232,SW,15.16,0,0
4/14/26 18:00,,,,,1,1
4/14/26 19:00,9.52,235,SW,14,0,0
4/14/26 20:00,6.61,280,W,9.72,0,0
4/14/26 21:00,9.14,296,WNW,11.66,0,0
4/14/26 22:00,7.58,304,NW,10.89,0,0
4/14/26 23:00,3.11,117,ESE,4.47,0,0
4/15/26 0:00,5.83,40,NE,7.19,0,0
4/15/26 1:00,1.36,126,SE,1.94,0,0
4/15/26 2:00,0.39,155,SSE,1.75,0,0
4/15/26 3:00,5.44,359,N,7.19,0,0
4/15/26 4:00,4.67,30,NNE,5.44,0,0
4/15/26 5:00,2.33,0,N,2.92,0,0
4/15/26 6:00,3.3,342,NNW,3.69,0,0
4/15/26 7:00,1.94,1,N,2.72,0,0
4/15/26 8:00,2.72,307,NW,3.5,0,0
4/15/26 9:00,3.11,299,WNW,6.03,0,0
4/15/26 10:00,1.56,257,WSW,2.92,0,0
4/15/26 11:00,3.3,174,S,4.28,0,0
4/15/26 12:00,6.22,171,S,7.58,0,0
4/15/26 13:00,8.36,182,S,9.91,0,0
4/15/26 14:00,5.64,175,S,7.58,0,0
4/15/26 15:00,4.08,217,SW,6.8,0,0
4/15/26 16:00,9.72,298,WNW,13.8,0,0
4/15/26 17:00,9.52,229,SW,11.86,0,0
4/15/26 18:00,,,,,1,1
4/15/26 19:00,12.05,307,NW,15.55,0,0
4/15/26 20:00,13.8,291,WNW,18.27,0,0
4/15/26 21:00,7.78,297,WNW,11.66,0,0
4/15/26 22:00,7.39,306,NW,10.5,0,0
4/15/26 23:00,6.22,296,WNW,8.75,0,0
4/16/26 0:00,1.36,223,SW,3.11,0,0
4/16/26 1:00,5.44,259,W,7.97,0,0
4/16/26 2:00,6.8,310,NW,9.52,0,0
4/16/26 3:00,7.39,301,WNW,11.47,0,0
4/16/26 4:00,6.03,336,NNW,10.3,0,0
4/16/26 5:00,3.5,324,NW,4.47,0,0
4/16/26 6:00,3.89,11,N,4.86,0,0
4/16/26 7:00,2.72,347,NNW,5.05,0,0
4/16/26 8:00,6.41,343,NNW,9.91,0,0
4/16/26 9:00,8.16,357,N,11.47,0,0
4/16/26 10:00,10.69,13,NNE,15.94,0,0
4/16/26 11:00,9.33,358,N,15.94,0,0
4/16/26 12:00,7.78,320,NW,12.83,0,0
4/16/26 13:00,8.36,358,N,14.77,0,0
4/16/26 14:00,7.19,309,NW,10.89,0,0
4/16/26 15:00,9.52,313,NW,13.41,0,0
4/16/26 16:00,11.27,332,NNW,14.58,0,0
4/16/26 17:00,7.78,327,NNW,14.77,0,0
4/16/26 18:00,12.44,332,NNW,17.3,0,0
4/16/26 19:00,9.91,323,NW,16.91,0,0
4/16/26 20:00,9.14,310,NW,11.47,0,0
4/16/26 21:00,1.94,58,ENE,4.86,0,0
4/16/26 22:00,6.8,352,N,9.52,0,0
4/16/26 23:00,8.36,350,N,12.64,0,0
4/17/26 0:00,14.38,359,N,19.63,0,0
4/17/26 1:00,12.05,8,N,19.63,0,0
4/17/26 2:00,11.66,5,N,20.41,0,0
4/17/26 3:00,11.47,2,N,20.22,0,0
4/17/26 4:00,7.78,9,N,13.8,0,0
4/17/26 5:00,12.25,20,NNE,18.66,0,0
4/17/26 6:00,9.33,21,NNE,16.33,0,0
4/17/26 7:00,8.75,36,NE,13.02,0,0
4/17/26 8:00,4.47,40,NE,6.8,0,0
4/17/26 9:00,2.72,46,NE,6.61,0,0
4/17/26 10:00,3.69,52,NE,9.52,0,0
4/17/26 11:00,6.03,3,N,10.5,0,0
4/17/26 12:00,6.61,345,NNW,11.08,0,0
4/17/26 13:00,8.75,274,W,12.05,0,0
4/17/26 14:00,6.22,314,NW,11.08,0,0
4/17/26 15:00,10.11,230,SW,13.22,0,0
4/17/26 16:00,11.66,230,SW,14.19,0,0
4/17/26 17:00,7.19,267,W,10.11,0,0
4/17/26 18:00,4.28,226,SW,5.64,0,0
4/17/26 19:00,3.69,212,SSW,6.03,0,0
4/17/26 20:00,3.3,180,S,4.47,0,0
4/17/26 21:00,0.19,149,SSE,2.33,0,0
4/17/26 22:00,0.78,14,NNE,2.14,0,0
4/17/26 23:00,5.44,19,NNE,8.16,0,0
4/18/26 0:00,2.92,17,NNE,5.25,0,0
4/18/26 1:00,3.11,196,SSW,4.86,0,0
4/18/26 2:00,5.05,220,SW,7.39,0,0
4/18/26 3:00,4.86,196,SSW,6.61,0,0
4/18/26 4:00,4.28,220,SW,6.03,0,0
4/18/26 5:00,4.08,226,SW,5.25,0,0
4/18/26 6:00,2.92,229,SW,4.28,0,0
4/18/26 7:00,2.72,11,N,2.72,0,0
4/18/26 8:00,2.33,3,N,4.08,0,0
4/18/26 9:00,2.92,18,NNE,5.83,0,0
4/18/26 10:00,3.5,343,NNW,5.83,0,0
4/18/26 11:00,6.03,267,W,7.58,0,0
4/18/26 12:00,5.05,277,W,7.58,0,0
4/18/26 13:00,6.61,271,W,9.14,0,0
4/18/26 14:00,6.41,265,W,7.97,0,0
4/18/26 15:00,7,220,SW,8.16,0,0
4/18/26 16:00,7.58,213,SSW,11.08,0,0
4/18/26 17:00,10.3,222,SW,12.64,0,0
4/18/26 18:00,8.36,219,SW,9.91,0,0
4/18/26 19:00,7.78,221,SW,11.66,0,0
4/18/26 20:00,6.8,215,SW,8.94,0,0
4/18/26 21:00,6.8,232,SW,9.52,0,0
4/18/26 22:00,3.5,212,SSW,4.47,0,0
4/18/26 23:00,0.39,235,SW,1.94,0,0
4/19/26 0:00,5.05,212,SSW,7.58,0,0
4/19/26 1:00,5.83,200,SSW,7.78,0,0
4/19/26 2:00,7.58,205,SSW,11.08,0,0
4/19/26 3:00,8.75,217,SW,10.89,0,0
4/19/26 4:00,5.05,222,SW,7.39,0,0
4/19/26 5:00,7,218,SW,8.36,0,0
4/19/26 6:00,,,,,1,1
4/19/26 7:00,6.61,209,SSW,9.33,0,0
4/19/26 8:00,7.58,211,SSW,10.3,0,0
4/19/26 9:00,6.03,209,SSW,7.58,0,0
4/19/26 10:00,7.78,216,SW,10.11,0,0
4/19/26 11:00,7.97,224,SW,10.69,0,0
4/19/26 12:00,9.33,221,SW,11.27,0,0
4/19/26 13:00,8.16,218,SW,10.69,0,0
4/19/26 14:00,7.97,218,SW,11.08,0,0
4/19/26 15:00,12.64,220,SW,15.16,0,0
4/19/26 16:00,11.47,235,SW,15.75,0,0
4/19/26 17:00,6.8,251,WSW,9.52,0,0
4/19/26 18:00,6.41,215,SW,8.55,0,0
4/19/26 19:00,13.02,235,SW,18.47,0,0
4/19/26 20:00,11.86,228,SW,14.77,0,0
4/19/26 21:00,11.47,228,SW,13.8,0,0
4/19/26 22:00,8.55,236,SW,12.64,0,0
4/19/26 23:00,,,,,1,1
4/20/26 0:00,12.64,196,SSW,16.33,0,0
4/20/26 1:00,10.89,194,SSW,13.8,0,0
4/20/26 2:00,5.64,231,SW,7,0,0
4/20/26 3:00,3.89,150,SSE,5.25,0,0
4/20/26 4:00,2.33,232,SW,6.03,0,0
4/20/26 5:00,6.03,226,SW,7.97,0,0
4/20/26 6:00,6.22,176,S,8.94,0,0
4/20/26 7:00,11.08,124,SE,13.61,0,0
4/20/26 8:00,14.38,121,ESE,16.52,0,0
4/20/26 9:00,11.86,126,SE,15.75,0,0
4/20/26 10:00,10.69,132,SE,14.97,0,0
4/20/26 11:00,11.27,151,SSE,16.52,0,0
4/20/26 12:00,9.52,220,SW,11.66,0,0
4/20/26 13:00,11.08,154,SSE,14,0,0
4/20/26 14:00,9.52,126,SE,12.05,0,0
4/20/26 15:00,10.5,166,SSE,12.64,0,0
4/20/26 16:00,14,180,S,15.94,0,0
4/20/26 17:00,9.14,174,S,10.5,0,0
4/20/26 18:00,5.64,256,WSW,8.36,0,0
4/20/26 19:00,5.64,269,W,7.97,0,0
4/20/26 20:00,2.92,228,SW,4.67,0,0
4/20/26 21:00,1.17,64,ENE,2.53,0,0
4/20/26 22:00,4.86,196,SSW,7.19,0,0
4/20/26 23:00,6.03,225,SW,8.36,0,0
4/21/26 0:00,6.61,227,SW,7.97,0,0
4/21/26 1:00,2.33,226,SW,4.47,0,0
4/21/26 2:00,3.69,214,SW,6.22,0,0
4/21/26 3:00,5.05,209,SSW,6.61,0,0
4/21/26 4:00,7.39,190,S,9.14,0,0
4/21/26 5:00,4.67,154,SSE,5.83,0,0
4/21/26 6:00,7.78,121,ESE,8.75,0,0
4/21/26 7:00,8.94,152,SSE,12.05,0,0
4/21/26 8:00,10.69,177,S,14,0,0
4/21/26 9:00,14.97,174,S,18.08,0,0
4/21/26 10:00,12.83,224,SW,15.36,0,0
4/21/26 11:00,11.27,217,SW,15.75,0,0
4/21/26 12:00,11.08,221,SW,14.19,0,0
4/21/26 13:00,6.03,257,WSW,11.47,0,0
4/21/26 14:00,12.05,237,WSW,16.33,0,0
4/21/26 15:00,12.64,225,SW,15.75,0,0
4/21/26 16:00,11.66,238,WSW,15.94,0,0
4/21/26 17:00,10.3,260,W,19.24,0,0
4/21/26 18:00,12.44,265,W,14.97,0,0
4/21/26 19:00,5.44,250,WSW,10.89,0,0
4/21/26 20:00,6.22,252,WSW,11.86,0,0
4/21/26 21:00,8.55,244,WSW,12.44,0,0
4/21/26 22:00,6.22,201,SSW,9.33,0,0
4/21/26 23:00,7.19,234,SW,9.33,0,0
4/22/26 0:00,7.58,228,SW,10.11,0,0
4/22/26 1:00,8.16,205,SSW,10.69,0,0
4/22/26 2:00,,,,,1,1
4/22/26 3:00,11.27,179,S,13.02,0,0
4/22/26 4:00,10.5,173,S,13.41,0,0
4/22/26 5:00,10.89,132,SE,14.38,0,0
4/22/26 6:00,18.27,124,SE,21.77,0,0
4/22/26 7:00,15.94,180,S,20.22,0,0
4/22/26 8:00,8.36,156,SSE,11.86,0,0
4/22/26 9:00,13.61,117,ESE,14.97,0,0
4/22/26 10:00,10.11,126,SE,13.8,0,0
4/22/26 11:00,9.14,158,SSE,12.64,0,0
4/22/26 12:00,10.69,176,S,12.44,0,0
4/22/26 13:00,5.64,174,S,8.36,0,0
4/22/26 14:00,4.28,225,SW,6.61,0,0
4/22/26 15:00,6.41,218,SW,8.94,0,0
4/22/26 16:00,4.86,239,WSW,7.58,0,0
4/22/26 17:00,8.94,219,SW,11.08,0,0
4/22/26 18:00,5.44,234,SW,9.52,0,0
4/22/26 19:00,5.44,229,SW,7.39,0,0
4/22/26 20:00,4.86,296,WNW,6.8,0,0
4/22/26 21:00,5.25,318,NW,6.8,0,0
4/22/26 22:00,5.25,313,NW,7,0,0
4/22/26 23:00,2.53,326,NW,3.11,0,0
4/23/26 0:00,0,308,NW,0.39,0,0
4/23/26 1:00,2.72,358,N,3.11,0,0
4/23/26 2:00,1.94,9,N,2.53,0,0
4/23/26 3:00,0.19,354,N,2.72,0,0
4/23/26 4:00,4.47,355,N,6.03,0,0
4/23/26 5:00,4.08,12,NNE,6.03,0,0
4/23/26 6:00,3.69,1,N,5.44,0,0
4/23/26 7:00,1.56,311,NW,3.3,0,0
4/23/26 8:00,5.44,8,N,7.97,0,0
4/23/26 9:00,5.64,334,NNW,7.58,0,0
4/23/26 10:00,,,,,1,1
4/23/26 11:00,6.03,269,W,7.78,0,0
4/23/26 12:00,4.08,274,W,6.41,0,0
4/23/26 13:00,4.47,228,SW,5.64,0,0
4/23/26 14:00,10.69,223,SW,12.64,0,0
4/23/26 15:00,12.25,224,SW,13.8,0,0
4/23/26 16:00,12.05,215,SW,15.36,0,0
4/23/26 17:00,9.52,230,SW,12.44,0,0
4/23/26 18:00,7,258,WSW,11.66,0,0
4/23/26 19:00,8.36,213,SSW,10.3,0,0
4/23/26 20:00,7,308,NW,9.72,0,0
4/23/26 21:00,,,,,1,1
4/23/26 22:00,0.39,312,NW,2.14,0,0
4/23/26 23:00,2.33,182,S,2.92,0,0
4/24/26 0:00,4.28,170,S,5.83,0,0
4/24/26 1:00,3.69,177,S,7.97,0,0
4/24/26 2:00,8.16,187,S,10.69,0,0
4/24/26 3:00,7.58,200,SSW,10.69,0,0
4/24/26 4:00,5.64,240,WSW,8.36,0,0
4/24/26 5:00,,,,,1,1
4/24/26 6:00,5.05,222,SW,7,0,0
4/24/26 7:00,3.89,243,WSW,6.03,0,0
4/24/26 8:00,4.67,181,S,6.61,0,0
4/24/26 9:00,5.05,221,SW,7.19,0,0
4/24/26 10:00,5.83,220,SW,9.14,0,0
4/24/26 11:00,9.14,219,SW,11.66,0,0
4/24/26 12:00,13.22,218,SW,16.13,0,0
4/24/26 13:00,9.72,232,SW,13.02,0,0
4/24/26 14:00,11.08,224,SW,12.64,0,0
4/24/26 15:00,11.27,215,SW,16.91,0,0
4/24/26 16:00,11.27,230,SW,13.61,0,0
4/24/26 17:00,,,,,1,1
4/24/26 18:00,9.72,255,WSW,16.13,0,0
4/24/26 19:00,8.16,253,WSW,13.22,0,0
4/24/26 20:00,9.72,234,SW,11.86,0,0
4/24/26 21:00,7.97,243,WSW,11.66,0,0
4/24/26 22:00,7,250,WSW,10.5,0,0
4/24/26 23:00,8.75,259,W,13.22,0,0
4/25/26 0:00,8.55,241,WSW,11.86,0,0
4/25/26 1:00,10.5,228,SW,13.22,0,0
4/25/26 2:00,8.75,257,WSW,12.25,0,0
4/25/26 3:00,7.19,230,SW,9.14,0,0
4/25/26 4:00,7.78,233,SW,11.86,0,0
4/25/26 5:00,7.78,229,SW,10.5,0,0
4/25/26 6:00,8.75,269,W,11.08,0,0
4/25/26 7:00,7.58,270,W,10.89,0,0
4/25/26 8:00,7,265,W,9.72,0,0
4/25/26 9:00,7.39,249,WSW,11.47,0,0
4/25/26 10:00,5.83,240,WSW,10.3,0,0
4/25/26 11:00,,,,,1,1
4/25/26 12:00,6.8,234,SW,10.5,0,0
4/25/26 13:00,10.5,232,SW,15.55,0,0
4/25/26 14:00,10.5,233,SW,12.64,0,0
4/25/26 15:00,9.72,227,SW,12.64,0,0
4/25/26 16:00,,,,,1,1
4/25/26 17:00,10.5,228,SW,13.61,0,0
4/25/26 18:00,10.3,263,W,13.8,0,0
4/25/26 19:00,11.86,264,W,14.38,0,0
4/25/26 20:00,9.33,233,SW,13.41,0,0
4/25/26 21:00,9.91,225,SW,11.66,0,0
4/25/26 22:00,9.91,218,SW,14.38,0,0
4/25/26 23:00,8.94,208,SSW,11.27,0,0
4/26/26 0:00,9.14,215,SW,11.86,0,0
4/26/26 1:00,7.58,196,SSW,11.27,0,0
4/26/26 2:00,8.16,225,SW,10.69,0,0
4/26/26 3:00,7.19,252,WSW,10.3,0,0
4/26/26 4:00,6.8,222,SW,8.94,0,0
4/26/26 5:00,3.89,273,W,6.61,0,0
4/26/26 6:00,6.61,248,WSW,9.33,0,0
4/26/26 7:00,8.16,315,NW,11.66,0,0
4/26/26 8:00,8.75,305,NW,11.47,0,0
4/26/26 9:00,6.41,292,WNW,10.3,0,0
4/26/26 10:00,5.64,225,SW,7.97,0,0
4/26/26 11:00,,,,,1,1
4/26/26 12:00,10.3,234,SW,13.8,0,0
4/26/26 13:00,12.64,235,SW,15.75,0,0
4/26/26 14:00,10.89,235,SW,14.97,0,0
4/26/26 15:00,13.02,227,SW,16.72,0,0
4/26/26 16:00,12.05,251,WSW,16.72,0,0
4/26/26 17:00,12.83,244,WSW,16.72,0,0
4/26/26 18:00,12.44,256,WSW,17.11,0,0
4/26/26 19:00,,,,,1,1
4/26/26 20:00,9.14,263,W,11.47,0,0
4/26/26 21:00,6.41,277,W,11.86,0,0
4/26/26 22:00,5.44,307,NW,7.97,0,0
4/26/26 23:00,2.92,230,SW,4.28,0,0
4/27/26 0:00,5.44,304,NW,8.94,0,0
4/27/26 1:00,5.64,270,W,9.52,0,0
4/27/26 2:00,7.19,301,WNW,11.08,0,0
4/27/26 3:00,7.58,305,NW,10.11,0,0
4/27/26 4:00,5.83,290,WNW,8.94,0,0
4/27/26 5:00,8.55,308,NW,10.3,0,0
4/27/26 6:00,6.61,302,WNW,9.14,0,0
4/27/26 7:00,7.58,298,WNW,9.72,0,0
4/27/26 8:00,7.39,310,NW,9.52,0,0
4/27/26 9:00,9.14,310,NW,11.86,0,0
4/27/26 10:00,3.5,214,SW,4.28,0,0
4/27/26 11:00,5.25,191,S,6.61,0,0
4/27/26 12:00,6.8,194,SSW,9.14,0,0
4/27/26 13:00,9.52,200,SSW,12.44,0,0
4/27/26 14:00,11.27,216,SW,15.75,0,0
4/27/26 15:00,9.72,230,SW,13.61,0,0
4/27/26 16:00,10.89,233,SW,13.41,0,0
4/27/26 17:00,9.52,233,SW,14.19,0,0
4/27/26 18:00,10.89,232,SW,13.02,0,0
4/27/26 19:00,,,,,1,1
4/27/26 20:00,7.19,237,WSW,11.08,0,0
4/27/26 21:00,4.86,322,NW,7.39,0,0
4/27/26 22:00,8.75,305,NW,11.27,0,0
4/27/26 23:00,5.05,319,NW,8.36,0,0
4/28/26 0:00,1.56,203,SSW,2.72,0,0
4/28/26 1:00,6.41,169,S,8.55,0,0
4/28/26 2:00,7.39,182,S,8.36,0,0
4/28/26 3:00,10.11,175,S,11.08,0,0
4/28/26 4:00,6.41,207,SSW,9.52,0,0
4/28/26 5:00,4.28,282,WNW,6.22,0,0
4/28/26 6:00,1.94,258,WSW,3.5,0,0
4/28/26 7:00,1.56,322,NW,2.14,0,0
4/28/26 8:00,4.08,233,SW,6.22,0,0
4/28/26 9:00,4.47,173,S,5.83,0,0
4/28/26 10:00,3.5,188,S,5.83,0,0
4/28/26 11:00,3.5,140,SE,5.05,0,0
4/28/26 12:00,4.08,183,S,5.44,0,0
4/28/26 13:00,4.67,208,SSW,6.8,0,0
4/28/26 14:00,10.5,215,SW,13.02,0,0
4/28/26 15:00,8.94,214,SW,12.83,0,0
4/28/26 16:00,7.78,216,SW,10.5,0,0
4/28/26 17:00,7.19,212,SSW,9.91,0,0
4/28/26 18:00,5.05,216,SW,7,0,0
4/28/26 19:00,3.89,215,SW,5.64,0,0
4/28/26 20:00,5.25,292,WNW,7.58,0,0
4/28/26 21:00,5.05,314,NW,6.61,0,0
4/28/26 22:00,1.36,37,NE,2.33,0,0
4/28/26 23:00,13.02,192,SSW,14.58,0,0
4/29/26 0:00,,,,,1,1
4/29/26 1:00,0.39,336,NNW,2.33,0,0
4/29/26 2:00,1.17,285,WNW,2.53,0,0
4/29/26 3:00,1.94,287,WNW,3.5,0,0
4/29/26 4:00,3.89,168,SSE,5.64,0,0
4/29/26 5:00,6.03,125,SE,7.19,0,0
4/29/26 6:00,4.47,117,ESE,5.83,0,0
4/29/26 7:00,5.05,125,SE,5.83,0,0
4/29/26 8:00,1.94,233,SW,2.72,0,0
4/29/26 9:00,3.69,184,S,4.86,0,0
4/29/26 10:00,6.61,218,SW,8.75,0,0
4/29/26 11:00,10.69,219,SW,13.02,0,0
4/29/26 12:00,11.08,217,SW,13.22,0,0
4/29/26 13:00,10.89,213,SSW,13.61,0,0
4/29/26 14:00,,,,,1,1
4/29/26 15:00,10.69,213,SSW,14.19,0,0
4/29/26 16:00,6.41,200,SSW,8.75,0,0
4/29/26 17:00,11.08,212,SSW,15.36,0,0
4/29/26 18:00,6.61,206,SSW,9.33,0,0
4/29/26 19:00,1.36,156,SSE,5.05,0,0
4/29/26 20:00,3.5,312,NW,6.41,0,0
4/29/26 21:00,5.05,320,NW,11.27,0,0
4/29/26 22:00,5.05,263,W,7,0,0
4/29/26 23:00,7.97,191,S,10.11,0,0
4/30/26 0:00,9.33,190,S,10.3,0,0
4/30/26 1:00,7.97,185,S,8.94,0,0
4/30/26 2:00,5.05,166,SSE,6.61,0,0
4/30/26 3:00,1.56,259,W,3.3,0,0
4/30/26 4:00,2.92,225,SW,4.67,0,0
4/30/26 5:00,7.97,120,ESE,9.33,0,0
4/30/26 6:00,10.3,194,SSW,12.44,0,0
4/30/26 7:00,12.05,190,S,14,0,0
4/30/26 8:00,8.36,214,SW,12.64,0,0
4/30/26 9:00,8.94,188,S,10.3,0,0
4/30/26 10:00,,,,,1,1
4/30/26 11:00,10.3,217,SW,13.22,0,0
4/30/26 12:00,9.91,212,SSW,12.83,0,0
4/30/26 13:00,,,,,1,1
4/30/26 14:00,15.16,186,S,18.47,0,0
4/30/26 15:00,11.47,204,SSW,15.16,0,0
4/30/26 16:00,11.08,210,SSW,16.52,0,0
4/30/26 17:00,8.36,209,SSW,13.22,0,0
4/30/26 18:00,10.3,218,SW,12.44,0,0
4/30/26 19:00,5.25,199,SSW,7.58,0,0
4/30/26 20:00,10.3,219,SW,12.83,0,0
4/30/26 21:00,5.25,229,SW,6.41,0,0
4/30/26 22:00,9.52,187,S,11.08,0,0
4/30/26 23:00,17.88,172,S,19.83,0,0
5/1/26 0:00,17.49,182,S,20.41,0,0
5/1/26 1:00,15.75,181,S,19.63,0,0
5/1/26 2:00,14.19,188,S,16.91,0,0
5/1/26 3:00,13.61,186,S,17.3,0,0
5/1/26 4:00,12.44,183,S,15.36,0,0
5/1/26 5:00,13.02,185,S,14.77,0,0
5/1/26 6:00,12.44,187,S,14.97,0,0
5/1/26 7:00,8.36,202,SSW,12.25,0,0
5/1/26 8:00,11.66,193,SSW,14.19,0,0
5/1/26 9:00,,,,,1,1
5/1/26 10:00,10.89,189,S,14.19,0,0
5/1/26 11:00,10.69,186,S,12.25,0,0
5/1/26 12:00,,,,,1,1
5/1/26 13:00,12.64,194,SSW,14.77,0,0
5/1/26 14:00,13.8,197,SSW,16.72,0,0
5/1/26 15:00,17.69,187,S,20.22,0,0
5/1/26 16:00,16.91,192,SSW,20.02,0,0
5/1/26 17:00,15.16,190,S,17.3,0,0
5/1/26 18:00,9.91,197,SSW,12.83,0,0
5/1/26 19:00,9.14,207,SSW,12.83,0,0
5/1/26 20:00,10.69,201,SSW,15.75,0,0
5/1/26 21:00,9.14,206,SSW,12.64,0,0
5/1/26 22:00,14.19,190,S,17.3,0,0
5/1/26 23:00,12.25,193,SSW,15.36,0,0
5/2/26 0:00,13.22,198,SSW,19.05,0,0
5/2/26 1:00,13.02,201,SSW,16.91,0,0
5/2/26 2:00,11.66,209,SSW,16.33,0,0
5/2/26 3:00,14,190,S,16.52,0,0
5/2/26 4:00,12.44,203,SSW,16.91,0,0
5/2/26 5:00,12.64,211,SSW,17.11,0,0
5/2/26 6:00,13.61,193,SSW,16.52,0,0
5/2/26 7:00,10.89,202,SSW,15.75,0,0
5/2/26 8:00,12.05,217,SW,16.72,0,0
5/2/26 9:00,10.11,227,SW,12.83,0,0
5/2/26 10:00,9.72,218,SW,13.41,0,0
5/2/26 11:00,10.11,200,SSW,13.22,0,0
5/2/26 12:00,13.22,215,SW,16.13,0,0
5/2/26 13:00,10.89,206,SSW,14.77,0,0
5/2/26 14:00,11.27,205,SSW,14.77,0,0
5/2/26 15:00,10.89,211,SSW,14.58,0,0
5/2/26 16:00,9.91,231,SW,13.61,0,0
5/2/26 17:00,13.41,230,SW,15.94,0,0
5/2/26 18:00,9.52,247,WSW,15.94,0,0
5/2/26 19:00,10.5,240,WSW,13.8,0,0
5/2/26 20:00,5.64,258,WSW,9.91,0,0
5/2/26 21:00,4.08,294,WNW,7.39,0,0
5/2/26 22:00,4.28,248,WSW,5.83,0,0
5/2/26 23:00,4.08,250,WSW,6.03,0,0
5/3/26 0:00,3.69,228,SW,4.86,0,0
5/3/26 1:00,4.28,209,SSW,6.61,0,0
5/3/26 2:00,7.19,240,WSW,10.3,0,0
5/3/26 3:00,7.58,230,SW,10.11,0,0
5/3/26 4:00,5.25,236,SW,7.58,0,0
5/3/26 5:00,7.39,225,SW,9.33,0,0
5/3/26 6:00,7,242,WSW,10.11,0,0
5/3/26 7:00,6.8,229,SW,8.94,0,0
5/3/26 8:00,5.25,224,SW,7.78,0,0
5/3/26 9:00,6.41,202,SSW,10.3,0,0
5/3/26 10:00,9.91,216,SW,12.44,0,0
5/3/26 11:00,8.94,214,SW,11.86,0,0
5/3/26 12:00,8.36,196,SSW,11.08,0,0
5/3/26 13:00,11.27,217,SW,14.58,0,0
5/3/26 14:00,12.83,226,SW,15.55,0,0
5/3/26 15:00,12.64,220,SW,17.49,0,0
5/3/26 16:00,11.27,230,SW,13.8,0,0
5/3/26 17:00,11.86,232,SW,14,0,0
5/3/26 18:00,10.69,232,SW,12.64,0,0
5/3/26 19:00,7.97,253,WSW,13.02,0,0
5/3/26 20:00,6.41,244,WSW,10.5,0,0
5/3/26 21:00,5.25,225,SW,8.94,0,0
5/3/26 22:00,3.5,242,WSW,7.19,0,0
5/3/26 23:00,4.47,234,SW,6.03,0,0
5/4/26 0:00,4.28,225,SW,8.36,0,0
5/4/26 1:00,6.03,239,WSW,9.52,0,0
5/4/26 2:00,5.83,251,WSW,7.39,0,0
5/4/26 3:00,2.53,226,SW,3.5,0,0
5/4/26 4:00,2.92,349,N,3.69,0,0
5/4/26 5:00,0.58,325,NW,1.17,0,0
5/4/26 6:00,1.75,223,SW,2.53,0,0
5/4/26 7:00,4.08,231,SW,4.86,0,0
5/4/26 8:00,2.14,228,SW,3.11,0,0
5/4/26 9:00,3.11,207,SSW,4.67,0,0
5/4/26 10:00,5.83,225,SW,7.97,0,0
5/4/26 11:00,8.16,217,SW,11.47,0,0
5/4/26 12:00,8.75,214,SW,11.08,0,0
5/4/26 13:00,10.11,210,SSW,14.19,0,0
5/4/26 14:00,8.55,231,SW,11.08,0,0
5/4/26 15:00,10.11,225,SW,12.25,0,0
5/4/26 16:00,10.3,227,SW,13.02,0,0
5/4/26 17:00,7.19,245,WSW,12.25,0,0
5/4/26 18:00,9.33,266,W,12.25,0,0
5/4/26 19:00,8.55,319,NW,11.27,0,0
5/4/26 20:00,4.28,296,WNW,7.19,0,0
5/4/26 21:00,6.61,327,NNW,8.94,0,0
5/4/26 22:00,6.03,292,WNW,7.97,0,0
5/4/26 23:00,3.5,279,W,5.64,0,0
5/5/26 0:00,4.67,315,NW,7.58,0,0
5/5/26 1:00,3.69,211,SSW,5.44,0,0
5/5/26 2:00,4.47,170,S,6.8,0,0
5/5/26 3:00,4.47,199,SSW,6.22,0,0
5/5/26 4:00,3.11,192,SSW,4.08,0,0
5/5/26 5:00,5.44,226,SW,6.8,0,0
5/5/26 6:00,7.39,265,W,10.5,0,0
5/5/26 7:00,6.61,265,W,8.36,0,0
5/5/26 8:00,6.8,264,W,8.55,0,0
5/5/26 9:00,4.86,278,W,7,0,0
5/5/26 10:00,8.55,300,WNW,11.08,0,0
5/5/26 11:00,6.22,295,WNW,9.91,0,0
5/5/26 12:00,4.86,301,WNW,7.97,0,0
5/5/26 13:00,6.41,194,SSW,8.16,0,0
5/5/26 14:00,8.94,217,SW,10.69,0,0
5/5/26 15:00,9.14,217,SW,12.25,0,0
5/5/26 16:00,9.72,233,SW,12.64,0,0
5/5/26 17:00,,,,,1,1
5/5/26 18:00,12.64,230,SW,15.36,0,0
5/5/26 19:00,11.66,231,SW,15.55,0,0
5/5/26 20:00,9.91,231,SW,14.38,0,0
5/5/26 21:00,6.22,263,W,8.36,0,0
5/5/26 22:00,6.41,245,WSW,9.33,0,0
5/5/26 23:00,7.78,261,W,8.94,0,0
5/6/26 0:00,5.44,269,W,7.78,0,0
5/6/26 1:00,4.67,265,W,6.22,0,0
5/6/26 2:00,3.5,277,W,6.41,0,0
5/6/26 3:00,4.08,278,W,5.05,0,0
5/6/26 4:00,3.89,269,W,6.03,0,0
5/6/26 5:00,5.05,310,NW,6.61,0,0
5/6/26 6:00,3.3,298,WNW,4.28,0,0
5/6/26 7:00,1.36,311,NW,3.11,0,0
5/6/26 8:00,1.94,229,SW,3.69,0,0
5/6/26 9:00,2.72,178,S,4.08,0,0
5/6/26 10:00,3.5,207,SSW,4.86,0,0
5/6/26 11:00,4.08,219,SW,5.83,0,0
5/6/26 12:00,4.28,225,SW,5.05,0,0
5/6/26 13:00,9.72,213,SSW,11.86,0,0
5/6/26 14:00,,,,,1,1
5/6/26 15:00,10.69,216,SW,12.83,0,0
5/6/26 16:00,9.72,218,SW,12.44,0,0
5/6/26 17:00,6.22,207,SSW,9.14,0,0
5/6/26 18:00,7,209,SSW,10.11,0,0
5/6/26 19:00,6.22,289,WNW,8.16,0,0
5/6/26 20:00,7.58,322,NW,10.11,0,0
5/6/26 21:00,3.3,313,NW,5.64,0,0
5/6/26 22:00,0.58,341,NNW,2.14,0,0
5/6/26 23:00,7.19,169,S,8.75,0,0
5/7/26 0:00,5.25,191,S,6.61,0,0
5/7/26 1:00,,,,,1,1
5/7/26 2:00,6.41,221,SW,8.36,0,0
5/7/26 3:00,3.69,179,S,5.25,0,0
5/7/26 4:00,4.47,254,WSW,10.11,0,0
5/7/26 5:00,4.47,149,SSE,6.03,0,0
5/7/26 6:00,3.11,117,ESE,5.83,0,0
5/7/26 7:00,3.11,150,SSE,4.67,0,0
5/7/26 8:00,3.5,140,SE,6.03,0,0
5/7/26 9:00,4.47,144,SE,8.16,0,0
5/7/26 10:00,3.3,131,SE,5.05,0,0
5/7/26 11:00,3.3,174,S,5.25,0,0
5/7/26 12:00,4.28,219,SW,6.22,0,0
5/7/26 13:00,7.19,211,SSW,10.69,0,0
5/7/26 14:00,7,207,SSW,10.11,0,0
5/7/26 15:00,9.33,214,SW,12.64,0,0
5/7/26 16:00,10.3,214,SW,13.41,0,0
5/7/26 17:00,12.05,189,S,14,0,0
5/7/26 18:00,,,,,1,1
5/7/26 19:00,7.78,211,SSW,11.27,0,0
5/7/26 20:00,7,211,SSW,10.5,0,0
5/7/26 21:00,5.44,194,SSW,7.39,0,0
5/7/26 22:00,2.72,309,NW,4.08,0,0
5/7/26 23:00,6.41,303,WNW,8.75,0,0
5/8/26 0:00,5.64,290,WNW,7.19,0,0
5/8/26 1:00,1.17,132,SE,4.08,0,0
5/8/26 2:00,1.94,182,S,7.78,0,0
5/8/26 3:00,3.3,201,SSW,6.8,0,0
5/8/26 4:00,4.28,166,SSE,6.41,0,0
5/8/26 5:00,3.5,123,ESE,5.05,0,0
5/8/26 6:00,4.28,155,SSE,6.22,0,0
5/8/26 7:00,3.89,151,SSE,7,0,0
5/8/26 8:00,4.28,133,SE,6.61,0,0
5/8/26 9:00,4.47,169,S,6.22,0,0
5/8/26 10:00,7.19,187,S,9.91,0,0
5/8/26 11:00,10.5,183,S,12.64,0,0
5/8/26 12:00,12.25,172,S,14.19,0,0
5/8/26 13:00,12.83,176,S,14.77,0,0
5/8/26 14:00,13.41,181,S,14.58,0,0
5/8/26 15:00,13.61,181,S,16.13,0,0
5/8/26 16:00,11.86,187,S,13.41,0,0
5/8/26 17:00,12.05,195,SSW,14.58,0,0
5/8/26 18:00,10.69,186,S,13.41,0,0
5/8/26 19:00,16.13,171,S,18.86,0,0
5/8/26 20:00,14.58,176,S,16.13,0,0
5/8/26 21:00,,,,,1,1
5/8/26 22:00,,,,,1,1
5/8/26 23:00,13.41,179,S,16.33,0,0
5/9/26 0:00,12.25,177,S,14,0,0
5/9/26 1:00,12.44,173,S,13.61,0,0
5/9/26 2:00,11.66,186,S,12.83,0,0
5/9/26 3:00,10.3,181,S,12.83,0,0
5/9/26 4:00,10.69,173,S,13.61,0,0
5/9/26 5:00,10.5,181,S,13.22,0,0
5/9/26 6:00,,,,,1,1
5/9/26 7:00,,,,,1,1
5/9/26 8:00,8.94,196,SSW,11.27,0,0
5/9/26 9:00,7,178,S,9.72,0,0
5/9/26 10:00,8.16,180,S,9.72,0,0
5/9/26 11:00,7.78,214,SW,11.47,0,0
5/9/26 12:00,10.3,208,SSW,13.61,0,0
5/9/26 13:00,11.47,202,SSW,15.36,0,0
5/9/26 14:00,15.55,185,S,17.11,0,0
5/9/26 15:00,14.77,171,S,16.91,0,0
5/9/26 16:00,18.66,169,S,20.6,0,0
5/9/26 17:00,14.19,149,SSE,19.24,0,0
5/9/26 18:00,13.22,144,SE,19.44,0,0
5/9/26 19:00,8.55,147,SSE,13.8,0,0
5/9/26 20:00,12.05,195,SSW,14.38,0,0
5/9/26 21:00,17.3,181,S,19.63,0,0
5/9/26 22:00,17.49,175,S,20.22,0,0
5/9/26 23:00,16.52,175,S,19.63,0,0
5/10/26 0:00,15.55,175,S,18.47,0,0
5/10/26 1:00,14.77,174,S,17.3,0,0
5/10/26 2:00,5.64,168,SSE,8.94,0,0
5/10/26 3:00,6.41,160,SSE,9.91,0,0
5/10/26 4:00,7.19,169,S,8.94,0,0
5/10/26 5:00,6.22,166,SSE,10.69,0,0
5/10/26 6:00,,,,,1,1
5/10/26 7:00,8.16,188,S,10.5,0,0
5/10/26 8:00,8.16,170,S,10.5,0,0
5/10/26 9:00,7.58,167,SSE,10.69,0,0
5/10/26 10:00,14,178,S,15.75,0,0
5/10/26 11:00,12.05,180,S,14,0,0
5/10/26 12:00,10.5,187,S,13.02,0,0
5/10/26 13:00,10.89,201,SSW,14.77,0,0
5/10/26 14:00,11.27,211,SSW,15.16,0,0
5/10/26 15:00,13.61,193,SSW,17.88,0,0
5/10/26 16:00,15.36,183,S,18.27,0,0
5/10/26 17:00,18.66,187,S,20.8,0,0
5/10/26 18:00,18.47,184,S,20.8,0,0
5/10/26 19:00,17.3,185,S,20.6,0,0
5/10/26 20:00,18.08,178,S,20.99,0,0
5/10/26 21:00,12.64,198,SSW,19.24,0,0
5/10/26 22:00,15.36,185,S,17.3,0,0
5/10/26 23:00,10.89,196,SSW,14,0,0
5/11/26 0:00,10.5,191,S,12.83,0,0
5/11/26 1:00,8.16,200,SSW,12.05,0,0
5/11/26 2:00,7.39,209,SSW,10.11,0,0
5/11/26 3:00,8.75,212,SSW,12.05,0,0
5/11/26 4:00,8.16,207,SSW,10.89,0,0
5/11/26 5:00,7.39,195,SSW,10.11,0,0
5/11/26 6:00,8.36,210,SSW,11.27,0,0
5/11/26 7:00,8.75,202,SSW,13.22,0,0
5/11/26 8:00,8.75,214,SW,11.86,0,0
5/11/26 9:00,6.03,201,SSW,8.94,0,0
5/11/26 10:00,2.53,208,SSW,4.08,0,0
5/11/26 11:00,3.69,176,S,4.67,0,0
5/11/26 12:00,4.47,205,SSW,6.41,0,0
5/11/26 13:00,7.78,220,SW,9.52,0,0
5/11/26 14:00,7.78,211,SSW,11.27,0,0
5/11/26 15:00,11.66,212,SSW,15.55,0,0
5/11/26 16:00,6.8,208,SSW,10.11,0,0
5/11/26 17:00,6.03,194,SSW,7.97,0,0
5/11/26 18:00,8.16,185,S,10.3,0,0
5/11/26 19:00,14.77,196,SSW,19.44,0,0
5/11/26 20:00,13.02,204,SSW,16.52,0,0
5/11/26 21:00,8.94,189,S,13.22,0,0
5/11/26 22:00,12.44,191,S,15.16,0,0
5/11/26 23:00,13.41,192,SSW,17.3,0,0
5/12/26 0:00,9.14,202,SSW,12.25,0,0
5/12/26 1:00,5.44,198,SSW,9.91,0,0
5/12/26 2:00,6.41,188,S,7.58,0,0
5/12/26 3:00,3.5,162,SSE,5.05,0,0
5/12/26 4:00,1.75,223,SW,3.3,0,0
5/12/26 5:00,6.03,223,SW,8.36,0,0
5/12/26 6:00,9.91,193,SSW,12.25,0,0
5/12/26 7:00,8.55,196,SSW,12.25,0,0
5/12/26 8:00,,,,,1,1
5/12/26 9:00,,,,,1,1
5/12/26 10:00,9.72,198,SSW,13.41,0,0
5/12/26 11:00,9.33,217,SW,11.86,0,0
5/12/26 12:00,9.72,197,SSW,12.83,0,0
5/12/26 13:00,10.69,197,SSW,13.02,0,0
5/12/26 14:00,9.52,207,SSW,13.22,0,0
5/12/26 15:00,10.3,195,SSW,12.44,0,0
5/12/26 16:00,15.94,175,S,19.44,0,0
5/12/26 17:00,8.94,232,SW,11.66,0,0
5/12/26 18:00,10.69,229,SW,14,0,0
5/12/26 19:00,8.75,208,SSW,12.05,0,0
5/12/26 20:00,,,,,1,1
5/12/26 21:00,3.11,222,SW,5.05,0,0
5/12/26 22:00,7.39,154,SSE,10.69,0,0
5/12/26 23:00,12.25,132,SE,18.47,0,0
5/13/26 0:00,9.52,131,SE,15.16,0,0
5/13/26 1:00,9.72,153,SSE,13.61,0,0
5/13/26 2:00,7.97,222,SW,9.52,0,0
5/13/26 3:00,7.97,225,SW,9.14,0,0
5/13/26 4:00,0.19,31,NNE,0.97,0,0
5/13/26 5:00,0,337,NNW,0.39,0,0
5/13/26 6:00,6.41,173,S,9.33,0,0
5/13/26 7:00,5.44,284,WNW,7.39,0,0
5/13/26 8:00,5.05,301,WNW,8.94,0,0
5/13/26 9:00,7.39,181,S,8.55,0,0
5/13/26 10:00,6.22,179,S,7.19,0,0
5/13/26 11:00,5.05,173,S,6.61,0,0
5/13/26 12:00,6.8,152,SSE,9.14,0,0
5/13/26 13:00,6.41,183,S,7.58,0,0
5/13/26 14:00,7.97,186,S,9.52,0,0
5/13/26 15:00,6.22,237,WSW,10.5,0,0
5/13/26 16:00,9.72,297,WNW,15.94,0,0
5/13/26 17:00,10.69,299,WNW,14.77,0,0
5/13/26 18:00,7.97,271,W,11.27,0,0
5/13/26 19:00,7.97,188,S,9.14,0,0
5/13/26 20:00,6.22,214,SW,7.78,0,0
5/13/26 21:00,2.92,215,SW,3.69,0,0
5/13/26 22:00,5.25,123,ESE,7.58,0,0
5/13/26 23:00,6.8,179,S,12.44,0,0
5/14/26 0:00,6.41,130,SE,8.36,0,0
5/14/26 1:00,7.58,119,ESE,8.55,0,0
5/14/26 2:00,4.28,202,SSW,6.03,0,0
5/14/26 3:00,5.83,186,S,7,0,0
5/14/26 4:00,4.86,174,S,6.03,0,0
5/14/26 5:00,5.83,176,S,8.55,0,0
5/14/26 6:00,4.47,214,SW,6.41,0,0
5/14/26 7:00,5.25,200,SSW,7,0,0
5/14/26 8:00,5.64,204,SSW,7.97,0,0
5/14/26 9:00,5.05,199,SSW,8.36,0,0
5/14/26 10:00,9.91,220,SW,11.66,0,0
5/14/26 11:00,12.25,213,SSW,15.55,0,0
5/14/26 12:00,9.72,206,SSW,13.02,0,0
5/14/26 13:00,15.55,197,SSW,18.47,0,0
5/14/26 14:00,14.19,201,SSW,18.66,0,0
5/14/26 15:00,16.33,192,SSW,20.02,0,0
5/14/26 16:00,19.44,184,S,22.94,0,0
5/14/26 17:00,19.05,181,S,21.58,0,0
5/14/26 18:00,19.05,175,S,21.58,0,0
5/14/26 19:00,15.36,164,SSE,18.27,0,0
5/14/26 20:00,12.83,171,S,15.36,0,0
5/14/26 21:00,11.47,172,S,12.44,0,0
5/14/26 22:00,9.14,152,SSE,14.38,0,0
5/14/26 23:00,9.14,156,SSE,13.41,0,0
5/15/26 0:00,11.08,132,SE,14.58,0,0
5/15/26 1:00,11.27,169,S,13.41,0,0
5/15/26 2:00,9.33,122,ESE,12.05,0,0
5/15/26 3:00,7.58,146,SE,10.5,0,0
5/15/26 4:00,8.16,121,ESE,9.52,0,0
5/15/26 5:00,,,,,1,1
5/15/26 6:00,5.83,120,ESE,7.19,0,0
5/15/26 7:00,7.39,116,ESE,8.16,0,0
5/15/26 8:00,4.08,190,S,5.25,0,0
5/15/26 9:00,6.41,175,S,7.78,0,0
5/15/26 10:00,5.83,219,SW,7.39,0,0
5/15/26 11:00,8.55,211,SSW,11.27,0,0
5/15/26 12:00,8.55,204,SSW,12.05,0,0
5/15/26 13:00,12.05,186,S,14.38,0,0
5/15/26 14:00,10.11,172,S,12.64,0,0
5/15/26 15:00,12.83,187,S,14.77,0,0
5/15/26 16:00,3.11,211,SSW,6.41,0,0
5/15/26 17:00,5.44,202,SSW,7,0,0
5/15/26 18:00,6.22,298,WNW,12.05,0,0
5/15/26 19:00,9.33,194,SSW,12.44,0,0
5/15/26 20:00,4.67,202,SSW,7.78,0,0
5/15/26 21:00,4.28,233,SW,6.8,0,0
5/15/26 22:00,13.61,300,WNW,17.3,0,0
5/15/26 23:00,9.91,304,NW,13.8,0,0
5/16/26 0:00,11.27,294,WNW,15.16,0,0
5/16/26 1:00,5.25,245,WSW,12.05,0,0
5/16/26 2:00,7.97,304,NW,11.08,0,0
5/16/26 3:00,6.61,299,WNW,9.91,0,0
5/16/26 4:00,8.55,301,WNW,11.27,0,0
5/16/26 5:00,12.44,296,WNW,15.75,0,0
5/16/26 6:00,10.89,280,W,13.41,0,0
5/16/26 7:00,7.58,306,NW,10.11,0,0
5/16/26 8:00,3.3,280,W,6.8,0,0
5/16/26 9:00,5.83,250,WSW,9.14,0,0
5/16/26 10:00,6.61,288,WNW,8.94,0,0
5/16/26 11:00,6.22,278,W,9.91,0,0
5/16/26 12:00,7.97,271,W,11.27,0,0
5/16/26 13:00,8.75,218,SW,11.27,0,0
5/16/26 14:00,8.16,195,SSW,10.3,0,0
5/16/26 15:00,5.25,244,WSW,8.16,0,0
5/16/26 16:00,13.61,304,NW,15.94,0,0
5/16/26 17:00,15.36,303,WNW,19.63,0,0
5/16/26 18:00,15.94,303,WNW,20.6,0,0
5/16/26 19:00,14.97,302,WNW,18.86,0,0
5/16/26 20:00,10.5,296,WNW,14,0,0
5/16/26 21:00,11.08,301,WNW,15.94,0,0
5/16/26 22:00,9.72,298,WNW,15.16,0,0
5/16/26 23:00,8.16,295,WNW,10.89,0,0
5/17/26 0:00,6.61,299,WNW,12.83,0,0
5/17/26 1:00,7.78,294,WNW,12.83,0,0
5/17/26 2:00,2.33,280,W,4.08,0,0
5/17/26 3:00,7.97,215,SW,9.91,0,0
5/17/26 4:00,5.44,205,SSW,7.19,0,0
5/17/26 5:00,3.89,214,SW,6.03,0,0
5/17/26 6:00,3.11,340,NNW,4.47,0,0
5/17/26 7:00,1.36,354,N,2.33,0,0
5/17/26 8:00,0.19,265,W,0.97,0,0
5/17/26 9:00,3.3,228,SW,3.89,0,0
5/17/26 10:00,5.25,212,SSW,7.78,0,0
5/17/26 11:00,6.61,203,SSW,8.75,0,0
5/17/26 12:00,6.41,179,S,7.39,0,0
5/17/26 13:00,6.8,190,S,8.36,0,0
5/17/26 14:00,9.14,216,SW,11.27,0,0
5/17/26 15:00,4.28,206,SSW,9.14,0,0
5/17/26 16:00,18.08,4,N,25.27,0,0
5/17/26 17:00,16.13,0,N,23.13,0,0
5/17/26 18:00,17.88,356,N,28.38,0,0
5/17/26 19:00,17.11,14,NNE,25.08,0,0
5/17/26 20:00,14.77,6,N,23.33,0,0
5/17/26 21:00,12.64,5,N,21.19,0,0
5/17/26 22:00,11.47,1,N,17.49,0,0
5/17/26 23:00,11.86,350,N,17.88,0,0
5/18/26 0:00,10.89,352,N,14.19,0,0
5/18/26 1:00,12.05,344,NNW,18.66,0,0
5/18/26 2:00,14.97,343,NNW,20.99,0,0
5/18/26 3:00,13.61,1,N,21.77,0,0
5/18/26 4:00,16.33,2,N,22.74,0,0
5/18/26 5:00,12.05,358,N,19.24,0,0
5/18/26 6:00,16.52,343,NNW,19.44,0,0
5/18/26 7:00,15.36,350,N,21.77,0,0
5/18/26 8:00,12.25,351,N,19.05,0,0
5/18/26 9:00,11.66,346,NNW,15.55,0,0
5/18/26 10:00,13.41,9,N,20.41,0,0
5/18/26 11:00,13.8,1,N,20.02,0,0
5/18/26 12:00,10.5,337,NNW,16.13,0,0
5/18/26 13:00,11.66,315,NW,18.08,0,0
5/18/26 14:00,10.5,312,NW,14.97,0,0
5/18/26 15:00,7.58,313,NW,12.83,0,0
5/18/26 16:00,7.78,357,N,15.36,0,0
5/18/26 17:00,7.19,1,N,12.25,0,0
5/18/26 18:00,6.8,280,W,9.91,0,0
5/18/26 19:00,11.08,296,WNW,14.77,0,0
5/18/26 20:00,11.08,300,WNW,15.36,0,0
5/18/26 21:00,2.33,251,WSW,4.67,0,0
5/18/26 22:00,4.08,170,S,4.67,0,0
5/18/26 23:00,3.11,179,S,4.47,0,0
5/19/26 0:00,1.94,208,SSW,2.53,0,0
5/19/26 1:00,3.3,207,SSW,4.86,0,0
5/19/26 2:00,3.3,219,SW,3.89,0,0
5/19/26 3:00,0,47,NE,0.78,0,0
5/19/26 4:00,2.72,124,SE,3.11,0,0
5/19/26 5:00,0.19,21,NNE,0.97,0,0
5/19/26 6:00,2.53,341,NNW,3.11,0,0
5/19/26 7:00,4.28,356,N,6.8,0,0
5/19/26 8:00,4.86,26,NNE,6.61,0,0
5/19/26 9:00,2.14,223,SW,2.92,0,0
5/19/26 10:00,3.89,190,S,5.05,0,0
5/19/26 11:00,3.69,227,SW,4.67,0,0
5/19/26 12:00,2.92,223,SW,4.28,0,0
5/19/26 13:00,6.41,227,SW,7.97,0,0
5/19/26 14:00,9.14,224,SW,10.5,0,0
5/19/26 15:00,10.11,216,SW,11.66,0,0
5/19/26 16:00,8.94,220,SW,12.25,0,0
5/19/26 17:00,2.33,119,ESE,7.19,0,0
5/19/26 18:00,3.89,115,ESE,5.25,0,0
5/19/26 19:00,4.86,193,SSW,6.61,0,0
5/19/26 20:00,3.89,198,SSW,6.03,0,0
5/19/26 21:00,4.86,189,S,7.78,0,0
5/19/26 22:00,8.55,199,SSW,11.08,0,0
5/19/26 23:00,9.72,188,S,11.27,0,0
5/20/26 0:00,11.08,198,SSW,14.19,0,0
5/20/26 1:00,9.72,198,SSW,11.66,0,0
5/20/26 2:00,11.08,217,SW,14.97,0,0
5/20/26 3:00,9.72,211,SSW,13.02,0,0
5/20/26 4:00,9.14,207,SSW,13.02,0,0
5/20/26 5:00,9.14,210,SSW,13.41,0,0
5/20/26 6:00,10.69,193,SSW,14.19,0,0
5/20/26 7:00,10.11,212,SSW,13.8,0,0
5/20/26 8:00,8.75,219,SW,11.08,0,0
5/20/26 9:00,4.47,191,S,6.22,0,0
5/20/26 10:00,6.8,192,SSW,8.16,0,0
5/20/26 11:00,7.19,214,SW,9.91,0,0
5/20/26 12:00,7.78,209,SSW,10.89,0,0
5/20/26 13:00,5.64,202,SSW,8.55,0,0
5/20/26 14:00,8.55,210,SSW,11.08,0,0
5/20/26 15:00,5.44,203,SSW,9.52,0,0
5/20/26 16:00,7.19,214,SW,10.89,0,0
5/20/26 17:00,8.36,211,SSW,10.5,0,0
5/20/26 18:00,8.55,210,SSW,12.44,0,0
5/20/26 19:00,11.27,189,S,13.22,0,0
5/20/26 20:00,7.39,212,SSW,10.11,0,0
5/20/26 21:00,8.94,214,SW,12.05,0,0
5/20/26 22:00,8.55,208,SSW,11.86,0,0
5/20/26 23:00,13.8,184,S,15.55,0,0
5/21/26 0:00,12.25,191,S,13.8,0,0
5/21/26 1:00,12.83,194,SSW,15.16,0,0
5/21/26 2:00,13.02,195,SSW,16.13,0,0
5/21/26 3:00,10.5,209,SSW,13.8,0,0
5/21/26 4:00,10.89,212,SSW,15.36,0,0
5/21/26 5:00,12.25,215,SW,15.55,0,0
5/21/26 6:00,12.05,214,SW,14.19,0,0
5/21/26 7:00,9.91,208,SSW,13.61,0,0
5/21/26 8:00,12.83,220,SW,15.94,0,0
5/21/26 9:00,10.5,216,SW,14.19,0,0
5/21/26 10:00,9.14,216,SW,12.05,0,0
5/21/26 11:00,12.05,221,SW,13.8,0,0
5/21/26 12:00,10.11,218,SW,12.64,0,0
5/21/26 13:00,10.89,215,SW,13.22,0,0
5/21/26 14:00,,,,,1,1
5/21/26 15:00,12.44,213,SSW,16.33,0,0
5/21/26 16:00,8.16,197,SSW,11.66,0,0
5/21/26 17:00,8.94,213,SSW,11.47,0,0
5/21/26 18:00,7.78,208,SSW,10.3,0,0
5/21/26 19:00,6.22,196,SSW,10.3,0,0
5/21/26 20:00,9.52,199,SSW,13.02,0,0
5/21/26 21:00,11.08,211,SSW,14.38,0,0
5/21/26 22:00,9.91,211,SSW,14,0,0
5/21/26 23:00,12.64,194,SSW,14.77,0,0
5/22/26 0:00,13.8,184,S,18.27,0,0
5/22/26 1:00,13.61,191,S,15.55,0,0
5/22/26 2:00,,,,,1,1
5/22/26 3:00,12.44,214,SW,17.3,0,0
5/22/26 4:00,14.19,207,SSW,18.66,0,0
5/22/26 5:00,13.02,216,SW,17.49,0,0
5/22/26 6:00,9.91,210,SSW,12.44,0,0
5/22/26 7:00,9.14,206,SSW,12.64,0,0
5/22/26 8:00,7,220,SW,12.25,0,0
5/22/26 9:00,9.91,215,SW,13.61,0,0
5/22/26 10:00,10.3,198,SSW,14.19,0,0
5/22/26 11:00,11.86,218,SW,14.97,0,0
5/22/26 12:00,13.41,216,SW,17.49,0,0
5/22/26 13:00,13.02,192,SSW,16.52,0,0
5/22/26 14:00,11.66,197,SSW,15.16,0,0
5/22/26 15:00,6.41,207,SSW,13.22,0,0
5/22/26 16:00,9.91,225,SW,12.25,0,0
5/22/26 17:00,11.08,228,SW,14.58,0,0
5/22/26 18:00,11.27,232,SW,14.19,0,0
5/22/26 19:00,12.44,229,SW,16.72,0,0
5/22/26 20:00,12.44,229,SW,16.13,0,0
5/22/26 21:00,9.91,227,SW,13.41,0,0
5/22/26 22:00,13.02,232,SW,16.72,0,0
5/22/26 23:00,14.97,236,SW,18.86,0,0
5/23/26 0:00,14.38,233,SW,18.66,0,0
5/23/26 1:00,13.02,232,SW,16.33,0,0
5/23/26 2:00,13.61,226,SW,15.94,0,0
5/23/26 3:00,16.52,222,SW,20.99,0,0
5/23/26 4:00,14.58,232,SW,18.08,0,0
5/23/26 5:00,14.97,232,SW,18.66,0,0
5/23/26 6:00,13.41,231,SW,18.08,0,0
5/23/26 7:00,13.41,229,SW,19.05,0,0
5/23/26 8:00,15.75,227,SW,18.66,0,0
5/23/26 9:00,11.47,236,SW,15.55,0,0
5/23/26 10:00,10.11,237,WSW,16.72,0,0
5/23/26 11:00,11.47,249,WSW,16.13,0,0
5/23/26 12:00,14.19,242,WSW,22.16,0,0
5/23/26 13:00,16.13,239,WSW,21.97,0,0
5/23/26 14:00,18.66,234,SW,25.66,0,0
5/23/26 15:00,16.91,240,WSW,23.33,0,0
5/23/26 16:00,15.55,242,WSW,24.3,0,0
5/23/26 17:00,19.63,227,SW,23.13,0,0
5/23/26 18:00,12.05,242,WSW,19.05,0,0
5/23/26 19:00,14.77,234,SW,18.66,0,0
5/23/26 20:00,13.02,236,SW,17.49,0,0
5/23/26 21:00,14.58,236,SW,20.99,0,0
5/23/26 22:00,14.19,234,SW,18.27,0,0
5/23/26 23:00,18.08,230,SW,20.99,0,0
5/24/26 0:00,15.16,229,SW,20.41,0,0
5/24/26 1:00,14.58,227,SW,19.05,0,0
5/24/26 2:00,13.61,232,SW,18.86,0,0
5/24/26 3:00,10.11,251,WSW,16.52,0,0
5/24/26 4:00,10.11,244,WSW,14.77,0,0
5/24/26 5:00,9.14,234,SW,14,0,0
5/24/26 6:00,7.97,244,WSW,12.64,0,0
5/24/26 7:00,12.25,230,SW,15.75,0,0
5/24/26 8:00,9.72,227,SW,12.64,0,0
5/24/26 9:00,9.14,233,SW,14.19,0,0
5/24/26 10:00,11.27,237,WSW,16.33,0,0
5/24/26 11:00,14.77,234,SW,18.66,0,0
5/24/26 12:00,8.16,249,WSW,14,0,0
5/24/26 13:00,11.47,233,SW,15.36,0,0
5/24/26 14:00,11.66,232,SW,14.77,0,0
5/24/26 15:00,12.64,229,SW,15.36,0,0
5/24/26 16:00,11.66,229,SW,14.38,0,0
5/24/26 17:00,9.72,229,SW,12.25,0,0
5/24/26 18:00,11.86,241,WSW,15.75,0,0
5/24/26 19:00,10.5,245,WSW,14.77,0,0
5/24/26 20:00,6.8,218,SW,10.5,0,0
5/24/26 21:00,9.33,235,SW,12.64,0,0
5/24/26 22:00,6.61,233,SW,8.75,0,0
5/24/26 23:00,7.19,256,WSW,12.05,0,0
5/25/26 0:00,8.36,250,WSW,13.8,0,0
5/25/26 1:00,9.52,238,WSW,12.83,0,0
5/25/26 2:00,8.55,249,WSW,13.41,0,0
5/25/26 3:00,9.91,249,WSW,14,0,0
5/25/26 4:00,9.91,246,WSW,13.22,0,0
5/25/26 5:00,10.89,205,SSW,15.94,0,0
5/25/26 6:00,8.36,231,SW,11.08,0,0
5/25/26 7:00,9.33,226,SW,13.41,0,0
5/25/26 8:00,8.75,236,SW,14,0,0
5/25/26 9:00,7.39,225,SW,10.89,0,0
5/25/26 10:00,8.94,230,SW,10.69,0,0
5/25/26 11:00,8.94,212,SSW,12.05,0,0
5/25/26 12:00,9.33,216,SW,11.86,0,0
5/25/26 13:00,9.91,221,SW,13.22,0,0
5/25/26 14:00,11.08,235,SW,15.55,0,0
5/25/26 15:00,14.77,226,SW,18.47,0,0
5/25/26 16:00,11.86,227,SW,15.75,0,0
5/25/26 17:00,14.19,239,WSW,19.83,0,0
5/25/26 18:00,12.25,245,WSW,17.69,0,0
5/25/26 19:00,11.66,237,WSW,16.33,0,0
5/25/26 20:00,9.91,237,WSW,14.77,0,0
5/25/26 21:00,8.94,249,WSW,13.41,0,0
5/25/26 22:00,10.11,242,WSW,13.8,0,0
5/25/26 23:00,9.52,238,WSW,14,0,0
5/26/26 0:00,11.66,230,SW,13.61,0,0
5/26/26 1:00,9.52,254,WSW,15.55,0,0
5/26/26 2:00,10.69,244,WSW,15.16,0,0
5/26/26 3:00,8.55,229,SW,10.3,0,0
5/26/26 4:00,10.89,301,WNW,13.61,0,0
5/26/26 5:00,10.89,307,NW,14.38,0,0
5/26/26 6:00,10.69,298,WNW,16.52,0,0
5/26/26 7:00,9.72,294,WNW,13.22,0,0
5/26/26 8:00,7,292,WNW,11.66,0,0
5/26/26 9:00,7.97,283,WNW,12.83,0,0
5/26/26 10:00,9.33,289,WNW,12.05,0,0
5/26/26 11:00,7.97,287,WNW,12.64,0,0
5/26/26 12:00,8.16,276,W,11.66,0,0
5/26/26 13:00,10.3,268,W,14.19,0,0
5/26/26 14:00,11.27,288,WNW,16.72,0,0
5/26/26 15:00,12.44,291,WNW,17.88,0,0
5/26/26 16:00,14.77,291,WNW,19.44,0,0
5/26/26 17:00,14,291,WNW,21.19,0,0
5/26/26 18:00,13.02,298,WNW,18.08,0,0
5/26/26 19:00,13.41,306,NW,18.08,0,0
5/26/26 20:00,12.64,296,WNW,17.49,0,0
5/26/26 21:00,12.64,296,WNW,17.3,0,0
5/26/26 22:00,9.91,300,WNW,13.8,0,0
5/26/26 23:00,8.16,279,W,11.66,0,0
5/27/26 0:00,9.52,303,WNW,12.64,0,0
5/27/26 1:00,7.58,305,NW,9.91,0,0
5/27/26 2:00,5.44,296,WNW,7.97,0,0
5/27/26 3:00,1.17,224,SW,3.11,0,0
5/27/26 4:00,7.78,121,ESE,8.75,0,0
5/27/26 5:00,4.28,198,SSW,6.03,0,0
5/27/26 6:00,7,171,S,8.55,0,0
5/27/26 7:00,5.25,136,SE,8.36,0,0
5/27/26 8:00,5.05,139,SE,7.58,0,0
5/27/26 9:00,8.94,178,S,10.3,0,0
5/27/26 10:00,7.19,200,SSW,11.47,0,0
5/27/26 11:00,11.27,211,SSW,13.02,0,0
5/27/26 12:00,6.22,204,SSW,8.94,0,0
5/27/26 13:00,13.02,218,SW,15.55,0,0
5/27/26 14:00,14.19,220,SW,17.88,0,0
5/27/26 15:00,14.97,219,SW,20.6,0,0
5/27/26 16:00,11.66,227,SW,14.97,0,0
5/27/26 17:00,9.72,222,SW,15.55,0,0
5/27/26 18:00,10.3,214,SW,13.41,0,0
5/27/26 19:00,6.22,208,SSW,8.55,0,0
5/27/26 20:00,12.25,189,S,15.55,0,0
5/27/26 21:00,10.89,206,SSW,15.75,0,0
5/27/26 22:00,11.66,200,SSW,14.77,0,0
5/27/26 23:00,9.33,199,SSW,12.05,0,0
5/28/26 0:00,11.27,221,SW,14.77,0,0
5/28/26 1:00,8.36,205,SSW,11.66,0,0
5/28/26 2:00,11.66,221,SW,15.75,0,0
5/28/26 3:00,7.78,208,SSW,10.89,0,0
5/28/26 4:00,7.78,125,SE,10.11,0,0
5/28/26 5:00,8.55,108,ESE,11.08,0,0
5/28/26 6:00,4.86,103,ESE,7.78,0,0
5/28/26 7:00,3.5,42,NE,5.44,0,0
5/28/26 8:00,0.78,178,S,6.8,0,0
5/28/26 9:00,3.3,86,E,7.97,0,0
5/28/26 10:00,3.5,99,E,9.52,0,0
5/28/26 11:00,4.47,106,ESE,8.55,0,0
5/28/26 12:00,4.47,102,ESE,12.64,0,0
5/28/26 13:00,7.97,42,NE,15.94,0,0
5/28/26 14:00,6.03,74,ENE,11.47,0,0
5/28/26 15:00,6.22,208,SSW,8.36,0,0
5/28/26 16:00,4.47,220,SW,6.61,0,0
5/28/26 17:00,4.67,231,SW,6.03,0,0
5/28/26 18:00,10.11,217,SW,12.25,0,0
5/28/26 19:00,9.14,224,SW,11.08,0,0
5/28/26 20:00,,,,,1,1
5/28/26 21:00,7.19,303,WNW,10.89,0,0
5/28/26 22:00,3.89,289,WNW,7.19,0,0
5/28/26 23:00,0.39,193,SSW,1.94,0,0
5/29/26 0:00,8.55,198,SSW,11.08,0,0
5/29/26 1:00,7.58,217,SW,9.72,0,0
5/29/26 2:00,6.03,217,SW,9.33,0,0
5/29/26 3:00,5.64,185,S,6.41,0,0
5/29/26 4:00,6.8,211,SSW,9.91,0,0
5/29/26 5:00,11.08,218,SW,14.38,0,0
5/29/26 6:00,9.33,186,S,12.05,0,0
5/29/26 7:00,7.97,224,SW,10.11,0,0
5/29/26 8:00,10.5,255,WSW,14.97,0,0
5/29/26 9:00,10.5,227,SW,14.58,0,0
5/29/26 10:00,10.5,228,SW,11.86,0,0
5/29/26 11:00,8.75,211,SSW,12.25,0,0
5/29/26 12:00,9.91,213,SSW,13.22,0,0
5/29/26 13:00,8.94,222,SW,11.86,0,0
5/29/26 14:00,10.11,228,SW,11.66,0,0
5/29/26 15:00,11.86,197,SSW,14.97,0,0
5/29/26 16:00,12.44,190,S,14.38,0,0
5/29/26 17:00,13.22,182,S,14.97,0,0
5/29/26 18:00,,,,,1,1
5/29/26 19:00,6.61,212,SSW,8.94,0,0
5/29/26 20:00,4.86,212,SSW,7.78,0,0
5/29/26 21:00,5.83,228,SW,7,0,0
5/29/26 22:00,4.28,216,SW,5.44,0,0
5/29/26 23:00,3.5,220,SW,5.25,0,0
5/30/26 0:00,4.28,185,S,5.64,0,0
5/30/26 1:00,2.92,133,SE,4.86,0,0
5/30/26 2:00,7.39,178,S,8.94,0,0
5/30/26 3:00,9.14,194,SSW,11.08,0,0
5/30/26 4:00,9.33,183,S,13.02,0,0
5/30/26 5:00,7.19,164,SSE,10.3,0,0
5/30/26 6:00,6.22,196,SSW,8.16,0,0
5/30/26 7:00,5.25,194,SSW,7.39,0,0
5/30/26 8:00,4.47,215,SW,7.58,0,0
5/30/26 9:00,4.86,213,SSW,7.39,0,0
5/30/26 10:00,6.22,213,SSW,8.36,0,0
5/30/26 11:00,6.8,213,SSW,9.91,0,0
5/30/26 12:00,6.61,191,S,8.16,0,0
5/30/26 13:00,6.22,211,SSW,8.55,0,0
5/30/26 14:00,11.47,199,SSW,15.75,0,0
5/30/26 15:00,9.91,201,SSW,13.61,0,0
5/30/26 16:00,9.52,209,SSW,13.8,0,0
5/30/26 17:00,9.72,208,SSW,15.36,0,0
5/30/26 18:00,14.19,111,ESE,17.3,0,0
5/30/26 19:00,7.58,329,NNW,12.25,0,0
5/30/26 20:00,8.36,183,S,10.69,0,0
5/30/26 21:00,8.75,188,S,10.11,0,0
5/30/26 22:00,9.14,191,S,10.3,0,0
5/30/26 23:00,6.41,180,S,7.97,0,0
5/31/26 0:00,8.16,125,SE,9.52,0,0
5/31/26 1:00,6.41,139,SE,9.72,0,0
5/31/26 2:00,4.86,201,SSW,6.41,0,0
5/31/26 3:00,5.64,187,S,7,0,0
5/31/26 4:00,6.22,157,SSE,9.91,0,0
5/31/26 5:00,5.83,182,S,6.8,0,0
5/31/26 6:00,5.05,210,SSW,6.8,0,0
5/31/26 7:00,4.67,189,S,6.22,0,0
5/31/26 8:00,4.67,152,SSE,7.58,0,0
5/31/26 9:00,4.28,191,S,5.83,0,0
5/31/26 10:00,5.05,208,SSW,7,0,0
5/31/26 11:00,7.39,212,SSW,9.72,0,0
5/31/26 12:00,8.55,213,SSW,11.08,0,0
5/31/26 13:00,8.94,211,SSW,12.05,0,0
5/31/26 14:00,11.27,213,SSW,13.61,0,0
5/31/26 15:00,9.72,214,SW,12.64,0,0
5/31/26 16:00,8.94,212,SSW,12.05,0,0
5/31/26 17:00,8.16,192,SSW,10.11,0,0
5/31/26 18:00,8.16,189,S,11.47,0,0
5/31/26 19:00,7.97,196,SSW,11.27,0,0
5/31/26 20:00,5.05,191,S,7.58,0,0
5/31/26 21:00,7.58,188,S,8.94,0,0
5/31/26 22:00,10.3,198,SSW,14.38,0,0
5/31/26 23:00,16.52,182,S,18.27,0,0
6/1/26 0:00,11.86,193,SSW,14.19,0,0
6/1/26 1:00,9.91,197,SSW,12.64,0,0
6/1/26 2:00,9.91,201,SSW,12.64,0,0
6/1/26 3:00,9.72,213,SSW,13.22,0,0
6/1/26 4:00,10.11,213,SSW,14,0,0
6/1/26 5:00,7.97,207,SSW,10.89,0,0
6/1/26 6:00,7.19,207,SSW,10.5,0,0
6/1/26 7:00,5.25,200,SSW,8.75,0,0
6/1/26 8:00,8.55,215,SW,10.11,0,0
6/1/26 9:00,8.55,216,SW,10.5,0,0
6/1/26 10:00,8.36,213,SSW,11.47,0,0
6/1/26 11:00,10.5,214,SW,14.19,0,0
6/1/26 12:00,10.11,199,SSW,12.83,0,0
6/1/26 13:00,7.97,201,SSW,13.02,0,0
6/1/26 14:00,11.27,213,SSW,14.38,0,0
6/1/26 15:00,12.05,214,SW,16.33,0,0
6/1/26 16:00,8.36,211,SSW,10.69,0,0
6/1/26 17:00,7.39,213,SSW,10.69,0,0
6/1/26 18:00,5.25,207,SSW,10.69,0,0
6/1/26 19:00,7.78,202,SSW,10.89,0,0
6/1/26 20:00,9.52,196,SSW,11.47,0,0
6/1/26 21:00,7.39,215,SW,10.3,0,0
6/1/26 22:00,6.41,213,SSW,8.94,0,0
6/1/26 23:00,19.44,186,S,21.58,0,0
6/2/26 0:00,16.72,187,S,19.24,0,0
6/2/26 1:00,16.33,192,SSW,19.63,0,0
6/2/26 2:00,10.89,213,SSW,14.38,0,0
6/2/26 3:00,11.47,221,SW,14.97,0,0
6/2/26 4:00,6.22,208,SSW,10.11,0,0
6/2/26 5:00,7.78,218,SW,11.27,0,0
6/2/26 6:00,6.22,211,SSW,9.91,0,0
6/2/26 7:00,3.89,213,SSW,7.19,0,0
6/2/26 8:00,7.39,211,SSW,10.3,0,0
6/2/26 9:00,9.52,206,SSW,12.25,0,0
6/2/26 10:00,10.5,205,SSW,15.16,0,0
6/2/26 11:00,9.72,199,SSW,12.64,0,0
6/2/26 12:00,12.25,195,SSW,15.16,0,0
6/2/26 13:00,12.25,208,SSW,16.91,0,0
6/2/26 14:00,10.89,208,SSW,15.55,0,0
6/2/26 15:00,11.27,217,SW,13.8,0,0
6/2/26 16:00,12.64,216,SW,15.55,0,0
6/2/26 17:00,8.55,202,SSW,12.44,0,0
6/2/26 18:00,7.78,214,SW,11.27,0,0
6/2/26 19:00,7,213,SSW,10.3,0,0
6/2/26 20:00,7.19,219,SW,9.91,0,0
6/2/26 21:00,10.11,187,S,12.05,0,0
6/2/26 22:00,5.83,186,S,7.58,0,0
6/2/26 23:00,18.27,175,S,21.38,0,0
6/3/26 0:00,14.97,180,S,17.3,0,0
6/3/26 1:00,15.55,172,S,17.69,0,0
6/3/26 2:00,14.77,179,S,17.11,0,0
6/3/26 3:00,12.44,178,S,16.13,0,0
6/3/26 4:00,10.69,182,S,14,0,0
6/3/26 5:00,12.05,166,SSE,13.8,0,0
6/3/26 6:00,10.89,183,S,13.8,0,0
6/3/26 7:00,10.11,189,S,12.44,0,0
6/3/26 8:00,10.11,178,S,12.25,0,0
6/3/26 9:00,8.75,170,S,12.44,0,0
6/3/26 10:00,12.05,166,SSE,13.8,0,0
6/3/26 11:00,7.39,187,S,9.14,0,0
6/3/26 12:00,12.25,189,S,14,0,0
6/3/26 13:00,11.08,186,S,12.64,0,0
6/3/26 14:00,8.94,175,S,10.69,0,0
6/3/26 15:00,9.91,186,S,11.86,0,0
6/3/26 16:00,11.66,183,S,12.44,0,0
6/3/26 17:00,10.89,172,S,13.41,0,0
6/3/26 18:00,11.27,188,S,12.83,0,0
6/3/26 19:00,9.72,190,S,11.08,0,0
6/3/26 20:00,11.47,297,WNW,18.47,0,0
6/3/26 21:00,5.83,185,S,7.39,0,0
6/3/26 22:00,11.27,184,S,13.02,0,0
6/3/26 23:00,11.27,184,S,12.44,0,0
6/4/26 0:00,12.64,183,S,14,0,0
6/4/26 1:00,8.75,178,S,11.86,0,0
6/4/26 2:00,14.19,161,SSE,18.27,0,0
6/4/26 3:00,10.69,166,SSE,12.83,0,0
6/4/26 4:00,10.89,135,SE,14.97,0,0
6/4/26 5:00,10.3,146,SE,15.55,0,0
6/4/26 6:00,8.75,140,SE,11.86,0,0
6/4/26 7:00,8.55,161,SSE,11.86,0,0
6/4/26 8:00,7.78,169,S,9.52,0,0
6/4/26 9:00,8.16,185,S,9.52,0,0
6/4/26 10:00,7.78,188,S,10.11,0,0
6/4/26 11:00,7.58,215,SW,10.89,0,0
6/4/26 12:00,10.11,216,SW,13.61,0,0
6/4/26 13:00,16.33,188,S,18.86,0,0
6/4/26 14:00,11.86,197,SSW,15.16,0,0
6/4/26 15:00,15.36,195,SSW,18.27,0,0
6/4/26 16:00,18.47,178,S,22.94,0,0
6/4/26 17:00,19.63,174,S,22.74,0,0
6/4/26 18:00,18.08,178,S,21.97,0,0
6/4/26 19:00,13.61,186,S,15.16,0,0
6/4/26 20:00,11.08,190,S,12.05,0,0
6/4/26 21:00,10.3,200,SSW,14.38,0,0
6/4/26 22:00,11.47,208,SSW,14.58,0,0
6/4/26 23:00,10.3,199,SSW,12.83,0,0
6/5/26 0:00,11.66,191,S,14.19,0,0
6/5/26 1:00,10.69,193,SSW,12.64,0,0
6/5/26 2:00,9.52,195,SSW,12.25,0,0
6/5/26 3:00,9.14,191,S,10.89,0,0
6/5/26 4:00,6.61,202,SSW,9.72,0,0
6/5/26 5:00,6.41,166,SSE,8.55,0,0
6/5/26 6:00,7.39,180,S,9.14,0,0
6/5/26 7:00,6.41,184,S,7.78,0,0
6/5/26 8:00,5.64,199,SSW,8.55,0,0
6/5/26 9:00,7,216,SW,9.91,0,0
6/5/26 10:00,6.41,216,SW,8.36,0,0
6/5/26 11:00,8.75,216,SW,10.5,0,0
6/5/26 12:00,9.14,216,SW,13.02,0,0
6/5/26 13:00,13.22,213,SSW,19.44,0,0
6/5/26 14:00,12.05,203,SSW,18.27,0,0
6/5/26 15:00,13.8,189,S,17.49,0,0
6/5/26 16:00,15.75,174,S,19.44,0,0
6/5/26 17:00,9.72,155,SSE,12.25,0,0
6/5/26 18:00,12.25,167,SSE,13.41,0,0
6/5/26 19:00,8.94,200,SSW,11.66,0,0
6/5/26 20:00,8.94,184,S,10.5,0,0
6/5/26 21:00,7.19,188,S,11.08,0,0
6/5/26 22:00,8.94,189,S,10.11,0,0
6/5/26 23:00,11.47,183,S,13.41,0,0
6/6/26 0:00,13.8,174,S,15.94,0,0
6/6/26 1:00,11.86,178,S,14,0,0
6/6/26 2:00,11.27,157,SSE,15.36,0,0
6/6/26 3:00,10.69,172,S,12.83,0,0
6/6/26 4:00,9.52,156,SSE,13.02,0,0
6/6/26 5:00,13.22,165,SSE,15.16,0,0
6/6/26 6:00,12.44,170,S,14,0,0
6/6/26 7:00,8.16,162,SSE,11.08,0,0
6/6/26 8:00,4.47,126,SE,5.83,0,0
6/6/26 9:00,5.83,149,SSE,8.36,0,0
6/6/26 10:00,7.97,179,S,9.33,0,0
6/6/26 11:00,9.14,184,S,10.69,0,0
6/6/26 12:00,9.52,181,S,10.89,0,0
6/6/26 13:00,7.58,172,S,8.75,0,0
6/6/26 14:00,7.39,169,S,8.94,0,0
6/6/26 15:00,5.25,175,S,6.8,0,0
6/6/26 16:00,5.64,154,SSE,9.14,0,0
6/6/26 17:00,7.58,160,SSE,9.91,0,0
6/6/26 18:00,3.89,157,SSE,6.03,0,0
6/6/26 19:00,15.55,305,NW,21.19,0,0
6/6/26 20:00,9.14,296,WNW,12.64,0,0
6/6/26 21:00,3.89,220,SW,5.44,0,0
6/6/26 22:00,0.19,1,N,2.14,0,0
6/6/26 23:00,5.83,170,S,8.75,0,0
6/7/26 0:00,6.41,156,SSE,8.94,0,0
6/7/26 1:00,8.36,163,SSE,10.69,0,0
6/7/26 2:00,5.64,183,S,8.55,0,0
6/7/26 3:00,7.58,167,SSE,9.91,0,0
6/7/26 4:00,8.55,146,SE,11.47,0,0
6/7/26 5:00,9.72,129,SE,12.05,0,0
6/7/26 6:00,7.39,147,SSE,10.11,0,0
6/7/26 7:00,11.27,117,ESE,12.83,0,0
6/7/26 8:00,8.55,138,SE,12.83,0,0
6/7/26 9:00,10.89,172,S,12.44,0,0
6/7/26 10:00,8.16,174,S,10.11,0,0
6/7/26 11:00,5.83,207,SSW,8.55,0,0
6/7/26 12:00,10.3,219,SW,12.05,0,0
6/7/26 13:00,9.91,209,SSW,15.36,0,0
6/7/26 14:00,12.44,218,SW,16.72,0,0
6/7/26 15:00,9.91,207,SSW,15.16,0,0
6/7/26 16:00,11.27,194,SSW,14,0,0
6/7/26 17:00,9.14,111,ESE,12.83,0,0
6/7/26 18:00,8.16,139,SE,11.47,0,0
6/7/26 19:00,8.36,184,S,11.27,0,0
6/7/26 20:00,9.91,179,S,13.61,0,0
6/7/26 21:00,8.94,177,S,12.44,0,0
6/7/26 22:00,9.91,125,SE,14.97,0,0
6/7/26 23:00,11.86,124,SE,14.38,0,0
6/8/26 0:00,8.75,127,SE,12.05,0,0
6/8/26 1:00,9.52,125,SE,12.25,0,0
6/8/26 2:00,12.05,156,SSE,15.75,0,0
6/8/26 3:00,10.89,155,SSE,15.16,0,0
6/8/26 4:00,10.11,151,SSE,14,0,0
6/8/26 5:00,9.72,139,SE,14.58,0,0
6/8/26 6:00,8.36,131,SE,14.19,0,0
6/8/26 7:00,8.75,133,SE,12.83,0,0
6/8/26 8:00,10.89,163,SSE,13.61,0,0
6/8/26 9:00,10.3,153,SSE,14.38,0,0
6/8/26 10:00,14.19,170,S,16.72,0,0
6/8/26 11:00,10.69,181,S,13.02,0,0
6/8/26 12:00,12.64,169,S,14.38,0,0
6/8/26 13:00,6.41,175,S,7.78,0,0
6/8/26 14:00,8.55,195,SSW,10.11,0,0
6/8/26 15:00,4.28,250,WSW,5.44,0,0
6/8/26 16:00,12.44,310,NW,15.36,0,0
6/8/26 17:00,7.19,210,SSW,9.91,0,0
6/8/26 18:00,7.39,202,SSW,10.5,0,0
6/8/26 19:00,9.14,228,SW,13.02,0,0
6/8/26 20:00,8.16,211,SSW,9.91,0,0
6/8/26 21:00,5.44,253,WSW,9.33,0,0
6/8/26 22:00,8.55,223,SW,9.52,0,0
6/8/26 23:00,8.36,220,SW,10.5,0,0
6/9/26 0:00,7,195,SSW,8.94,0,0
6/9/26 1:00,7,209,SSW,9.33,0,0
6/9/26 2:00,6.03,207,SSW,8.94,0,0
6/9/26 3:00,7.58,219,SW,9.72,0,0
6/9/26 4:00,9.52,222,SW,10.5,0,0
6/9/26 5:00,7,213,SSW,9.91,0,0
6/9/26 6:00,8.16,184,S,9.52,0,0
6/9/26 7:00,5.44,209,SSW,8.16,0,0
6/9/26 8:00,3.5,210,SSW,5.05,0,0
6/9/26 9:00,5.05,207,SSW,7.97,0,0
6/9/26 10:00,5.25,210,SSW,7,0,0
6/9/26 11:00,9.72,214,SW,13.22,0,0
6/9/26 12:00,8.36,207,SSW,11.86,0,0
6/9/26 13:00,9.91,208,SSW,14,0,0
6/9/26 14:00,10.69,206,SSW,14.77,0,0
6/9/26 15:00,9.72,213,SSW,12.83,0,0
6/9/26 16:00,11.66,213,SSW,15.36,0,0
6/9/26 17:00,14.38,192,SSW,16.13,0,0
6/9/26 18:00,7.39,198,SSW,10.11,0,0
6/9/26 19:00,6.41,176,S,7.97,0,0
6/9/26 20:00,8.75,189,S,10.89,0,0
6/9/26 21:00,8.94,183,S,10.5,0,0
6/9/26 22:00,7,200,SSW,9.72,0,0
6/9/26 23:00,7,203,SSW,8.75,0,0
6/10/26 0:00,4.67,210,SSW,6.8,0,0
6/10/26 1:00,3.69,187,S,4.86,0,0
6/10/26 2:00,3.69,202,SSW,5.05,0,0
6/10/26 3:00,3.89,209,SSW,5.64,0,0
6/10/26 4:00,4.47,196,SSW,5.83,0,0
6/10/26 5:00,4.47,200,SSW,6.22,0,0
6/10/26 6:00,4.67,213,SSW,7,0,0
6/10/26 7:00,2.53,197,SSW,3.89,0,0
6/10/26 8:00,2.53,200,SSW,4.08,0,0
6/10/26 9:00,3.3,183,S,4.08,0,0
6/10/26 10:00,3.11,200,SSW,5.64,0,0
6/10/26 11:00,7.19,214,SW,9.72,0,0
6/10/26 12:00,6.8,213,SSW,9.14,0,0
6/10/26 13:00,6.41,202,SSW,9.52,0,0
6/10/26 14:00,10.89,192,SSW,13.8,0,0
6/10/26 15:00,15.16,220,SW,18.86,0,0
6/10/26 16:00,15.94,218,SW,19.83,0,0
6/10/26 17:00,9.52,213,SSW,12.64,0,0
6/10/26 18:00,5.64,203,SSW,8.75,0,0
6/10/26 19:00,5.83,197,SSW,7.58,0,0
6/10/26 20:00,8.16,212,SSW,10.5,0,0
6/10/26 21:00,6.8,209,SSW,9.33,0,0
6/10/26 22:00,6.41,183,S,7.58,0,0
6/10/26 23:00,8.94,206,SSW,12.25,0,0
6/11/26 0:00,,,,,1,1
6/11/26 1:00,5.25,204,SSW,7.97,0,0
6/11/26 2:00,7,179,S,7.78,0,0
6/11/26 3:00,3.11,171,S,3.89,0,0
6/11/26 4:00,4.08,171,S,4.86,0,0
6/11/26 5:00,3.3,183,S,4.08,0,0
6/11/26 6:00,,,,,1,1
6/11/26 7:00,1.17,138,SE,1.56,0,0
6/11/26 8:00,0.97,193,SSW,1.75,0,0
6/11/26 9:00,2.33,223,SW,3.69,0,0
6/11/26 10:00,2.92,217,SW,4.08,0,0
6/11/26 11:00,1.36,205,SSW,2.53,0,0
6/11/26 12:00,4.28,195,SSW,5.44,0,0
6/11/26 13:00,1.94,239,WSW,4.47,0,0
6/11/26 14:00,14.19,218,SW,17.11,0,0
6/11/26 15:00,13.61,218,SW,16.72,0,0
6/11/26 16:00,9.52,216,SW,12.44,0,0
6/11/26 17:00,13.61,216,SW,16.91,0,0
6/11/26 18:00,7.78,200,SSW,11.27,0,0
6/11/26 19:00,5.64,201,SSW,8.75,0,0
6/11/26 20:00,4.67,248,WSW,7.58,0,0
6/11/26 21:00,5.25,246,WSW,9.72,0,0
6/11/26 22:00,7.97,222,SW,13.02,0,0
6/11/26 23:00,9.72,222,SW,12.64,0,0
6/12/26 0:00,13.61,220,SW,17.49,0,0
6/12/26 1:00,9.33,212,SSW,11.86,0,0
6/12/26 2:00,6.8,205,SSW,8.94,0,0
6/12/26 3:00,6.41,231,SW,8.55,0,0
6/12/26 4:00,3.3,227,SW,4.08,0,0
6/12/26 5:00,4.28,205,SSW,7,0,0
6/12/26 6:00,0.19,331,NNW,1.36,0,0
6/12/26 7:00,1.36,74,ENE,6.41,0,0
6/12/26 8:00,4.28,171,S,5.44,0,0
6/12/26 9:00,6.41,201,SSW,9.52,0,0
6/12/26 10:00,6.03,213,SSW,8.16,0,0
6/12/26 11:00,10.3,217,SW,12.83,0,0
6/12/26 12:00,8.36,221,SW,9.91,0,0
6/12/26 13:00,14.77,198,SSW,18.66,0,0
6/12/26 14:00,16.33,188,S,19.05,0,0
6/12/26 15:00,15.55,186,S,17.88,0,0
6/12/26 16:00,14.77,186,S,17.88,0,0
6/12/26 17:00,10.3,187,S,13.61,0,0
6/12/26 18:00,11.86,183,S,14.97,0,0
6/12/26 19:00,14,189,S,15.94,0,0
6/12/26 20:00,8.75,199,SSW,14.19,0,0
6/12/26 21:00,12.44,201,SSW,16.33,0,0
6/12/26 22:00,12.44,204,SSW,16.52,0,0
6/12/26 23:00,10.69,201,SSW,14.58,0,0
6/13/26 0:00,10.69,194,SSW,14.19,0,0
6/13/26 1:00,12.25,192,SSW,14.58,0,0
6/13/26 2:00,10.69,223,SW,14,0,0
6/13/26 3:00,7.78,222,SW,11.27,0,0
6/13/26 4:00,5.64,232,SW,7.19,0,0
6/13/26 5:00,6.61,224,SW,8.16,0,0
6/13/26 6:00,6.41,240,WSW,8.36,0,0
6/13/26 7:00,6.22,230,SW,9.14,0,0
6/13/26 8:00,3.3,176,S,5.83,0,0
6/13/26 9:00,11.08,201,SSW,14,0,0
6/13/26 10:00,9.52,204,SSW,13.8,0,0
6/13/26 11:00,10.5,215,SW,13.02,0,0
6/13/26 12:00,9.14,213,SSW,11.47,0,0
6/13/26 13:00,14,213,SSW,18.08,0,0
6/13/26 14:00,9.33,209,SSW,12.44,0,0
6/13/26 15:00,12.44,195,SSW,14.97,0,0
6/13/26 16:00,9.72,187,S,13.02,0,0
6/13/26 17:00,8.75,183,S,10.69,0,0
6/13/26 18:00,7,194,SSW,9.91,0,0
6/13/26 19:00,5.25,234,SW,8.36,0,0
6/13/26 20:00,5.25,232,SW,8.55,0,0
6/13/26 21:00,7.39,230,SW,10.5,0,0
6/13/26 22:00,9.72,233,SW,12.83,0,0
6/13/26 23:00,6.41,228,SW,10.3,0,0
6/14/26 0:00,12.44,229,SW,16.52,0,0
6/14/26 1:00,11.86,232,SW,14.58,0,0
6/14/26 2:00,,,,,1,1
6/14/26 3:00,11.47,235,SW,15.36,0,0
6/14/26 4:00,7.39,235,SW,9.72,0,0
6/14/26 5:00,9.52,235,SW,12.25,0,0
6/14/26 6:00,11.08,232,SW,13.22,0,0
6/14/26 7:00,11.27,227,SW,14.58,0,0
6/14/26 8:00,7.58,238,WSW,11.66,0,0
6/14/26 9:00,8.75,241,WSW,13.22,0,0
6/14/26 10:00,9.14,237,WSW,13.22,0,0
6/14/26 11:00,10.3,231,SW,11.86,0,0
6/14/26 12:00,9.14,207,SSW,13.22,0,0
6/14/26 13:00,11.86,214,SW,15.55,0,0
6/14/26 14:00,11.08,209,SSW,14.97,0,0
6/14/26 15:00,11.08,213,SSW,14.97,0,0
6/14/26 16:00,13.41,216,SW,16.52,0,0
6/14/26 17:00,12.64,217,SW,16.13,0,0
6/14/26 18:00,11.86,231,SW,15.16,0,0
6/14/26 19:00,10.11,230,SW,13.8,0,0
6/14/26 20:00,10.3,226,SW,14.19,0,0
6/14/26 21:00,10.11,237,WSW,13.41,0,0
6/14/26 22:00,9.14,233,SW,12.05,0,0
6/14/26 23:00,7.19,239,WSW,11.08,0,0
6/15/26 0:00,6.41,231,SW,7.97,0,0
6/15/26 1:00,7.19,222,SW,8.75,0,0
6/15/26 2:00,7,220,SW,9.52,0,0
6/15/26 3:00,8.16,222,SW,10.11,0,0
6/15/26 4:00,9.91,260,W,12.25,0,0
6/15/26 5:00,8.94,232,SW,11.27,0,0
6/15/26 6:00,5.44,228,SW,6.61,0,0
6/15/26 7:00,5.83,207,SSW,8.16,0,0
6/15/26 8:00,7.19,216,SW,9.91,0,0
6/15/26 9:00,7.58,203,SSW,10.3,0,0
6/15/26 10:00,7.97,203,SSW,11.66,0,0
6/15/26 11:00,8.55,201,SSW,11.47,0,0
6/15/26 12:00,9.52,206,SSW,14.38,0,0
6/15/26 13:00,10.3,209,SSW,15.16,0,0
6/15/26 14:00,9.72,215,SW,13.61,0,0
6/15/26 15:00,10.11,213,SSW,14,0,0
6/15/26 16:00,7.58,218,SW,13.02,0,0
6/15/26 17:00,11.86,215,SW,14.97,0,0
6/15/26 18:00,13.61,224,SW,15.75,0,0
6/15/26 19:00,13.41,217,SW,16.52,0,0
6/15/26 20:00,9.52,220,SW,12.05,0,0
6/15/26 21:00,8.36,203,SSW,11.66,0,0
6/15/26 22:00,9.52,227,SW,14,0,0
6/15/26 23:00,7.19,208,SSW,9.52,0,0
6/16/26 0:00,7,216,SW,9.72,0,0
6/16/26 1:00,6.61,207,SSW,9.72,0,0
6/16/26 2:00,7.39,213,SSW,9.91,0,0
6/16/26 3:00,7.39,225,SW,9.14,0,0
6/16/26 4:00,9.72,228,SW,11.86,0,0
6/16/26 5:00,6.61,218,SW,10.69,0,0
6/16/26 6:00,6.8,224,SW,9.72,0,0
6/16/26 7:00,8.55,219,SW,11.08,0,0
6/16/26 8:00,9.33,218,SW,11.27,0,0
6/16/26 9:00,10.3,219,SW,13.8,0,0
6/16/26 10:00,10.69,225,SW,13.41,0,0
6/16/26 11:00,9.33,198,SSW,12.83,0,0
6/16/26 12:00,7.97,201,SSW,10.69,0,0
6/16/26 13:00,10.69,205,SSW,14.58,0,0
6/16/26 14:00,14.19,198,SSW,17.88,0,0
6/16/26 15:00,14.19,201,SSW,18.86,0,0
6/16/26 16:00,15.16,215,SW,19.83,0,0
6/16/26 17:00,14.97,220,SW,19.05,0,0
6/16/26 18:00,12.83,213,SSW,17.69,0,0
6/16/26 19:00,10.89,228,SW,14.38,0,0
6/16/26 20:00,12.64,227,SW,17.3,0,0
6/16/26 21:00,12.83,230,SW,15.94,0,0
6/16/26 22:00,9.52,235,SW,12.83,0,0
6/16/26 23:00,7.58,238,WSW,13.02,0,0
6/17/26 0:00,9.72,229,SW,11.86,0,0
6/17/26 1:00,13.22,221,SW,15.75,0,0
6/17/26 2:00,11.47,219,SW,14.97,0,0
6/17/26 3:00,10.11,219,SW,12.25,0,0
6/17/26 4:00,10.11,218,SW,13.02,0,0
6/17/26 5:00,8.55,222,SW,12.44,0,0
6/17/26 6:00,7.97,220,SW,10.69,0,0
6/17/26 7:00,8.16,218,SW,11.27,0,0
6/17/26 8:00,7.19,231,SW,8.94,0,0
6/17/26 9:00,10.5,229,SW,12.05,0,0
6/17/26 10:00,8.94,227,SW,10.89,0,0
6/17/26 11:00,9.52,235,SW,11.86,0,0
6/17/26 12:00,9.91,230,SW,13.41,0,0
6/17/26 13:00,9.33,240,WSW,13.8,0,0
6/17/26 14:00,11.66,230,SW,15.94,0,0
6/17/26 15:00,15.94,223,SW,19.83,0,0
6/17/26 16:00,16.91,226,SW,21.58,0,0
6/17/26 17:00,15.36,228,SW,19.83,0,0
6/17/26 18:00,14,240,WSW,20.41,0,0
6/17/26 19:00,13.41,236,SW,18.08,0,0
6/17/26 20:00,17.49,230,SW,20.8,0,0
6/17/26 21:00,13.41,227,SW,19.44,0,0
6/17/26 22:00,12.05,229,SW,16.91,0,0
6/17/26 23:00,13.41,231,SW,16.13,0,0
6/18/26 0:00,14.58,232,SW,17.69,0,0
6/18/26 1:00,12.05,236,SW,17.49,0,0
6/18/26 2:00,14.38,238,WSW,19.05,0,0
6/18/26 3:00,12.05,240,WSW,17.88,0,0
6/18/26 4:00,10.69,244,WSW,17.3,0,0
6/18/26 5:00,14.38,229,SW,18.66,0,0
6/18/26 6:00,15.75,228,SW,19.24,0,0
6/18/26 7:00,12.44,232,SW,17.11,0,0
6/18/26 8:00,8.55,231,SW,12.83,0,0
6/18/26 9:00,10.3,229,SW,15.94,0,0
6/18/26 10:00,11.08,228,SW,16.33,0,0
6/18/26 11:00,10.11,242,WSW,14.77,0,0
6/18/26 12:00,10.3,253,WSW,16.72,0,0
6/18/26 13:00,12.25,236,SW,17.69,0,0
6/18/26 14:00,14.38,231,SW,17.3,0,0
6/18/26 15:00,14.77,232,SW,19.44,0,0
6/18/26 16:00,11.86,239,WSW,17.49,0,0
6/18/26 17:00,12.44,229,SW,19.05,0,0
6/18/26 18:00,13.22,245,WSW,17.49,0,0
6/18/26 19:00,11.66,248,WSW,17.49,0,0
6/18/26 20:00,11.47,244,WSW,18.08,0,0
6/18/26 21:00,10.3,240,WSW,16.13,0,0
6/18/26 22:00,12.83,228,SW,15.75,0,0
6/18/26 23:00,12.64,231,SW,17.49,0,0
6/19/26 0:00,12.25,225,SW,14.97,0,0
6/19/26 1:00,13.02,227,SW,15.75,0,0
6/19/26 2:00,9.14,227,SW,13.8,0,0
6/19/26 3:00,12.83,225,SW,15.94,0,0
6/19/26 4:00,13.41,229,SW,15.36,0,0
6/19/26 5:00,9.33,235,SW,12.64,0,0
6/19/26 6:00,10.5,226,SW,13.02,0,0
6/19/26 7:00,9.14,232,SW,11.66,0,0
6/19/26 8:00,8.94,225,SW,10.89,0,0
6/19/26 9:00,10.3,228,SW,12.05,0,0
6/19/26 10:00,10.89,227,SW,15.36,0,0
6/19/26 11:00,11.47,227,SW,13.41,0,0
6/19/26 12:00,12.64,229,SW,14.77,0,0
6/19/26 13:00,11.86,239,WSW,17.3,0,0
6/19/26 14:00,10.89,245,WSW,16.91,0,0
6/19/26 15:00,7,243,WSW,12.83,0,0
6/19/26 16:00,9.91,243,WSW,17.3,0,0
6/19/26 17:00,10.11,241,WSW,15.55,0,0
6/19/26 18:00,10.3,250,WSW,16.13,0,0
6/19/26 19:00,9.33,262,W,12.44,0,0
6/19/26 20:00,11.08,266,W,15.36,0,0
6/19/26 21:00,7.58,256,WSW,10.11,0,0
6/19/26 22:00,8.36,257,WSW,13.02,0,0
6/19/26 23:00,5.05,251,WSW,10.5,0,0
6/20/26 0:00,,,,,1,1
6/20/26 1:00,9.14,227,SW,12.05,0,0
6/20/26 2:00,5.25,269,W,8.36,0,0
6/20/26 3:00,6.8,270,W,9.52,0,0
6/20/26 4:00,7,261,W,8.94,0,0
6/20/26 5:00,3.89,266,W,5.83,0,0
6/20/26 6:00,5.25,268,W,7.19,0,0
6/20/26 7:00,4.86,285,WNW,6.61,0,0
6/20/26 8:00,5.44,274,W,7.39,0,0
6/20/26 9:00,5.83,270,W,6.8,0,0
6/20/26 10:00,5.64,265,W,9.72,0,0
6/20/26 11:00,6.8,239,WSW,10.5,0,0
6/20/26 12:00,7.58,246,WSW,13.02,0,0
6/20/26 13:00,11.66,230,SW,13.41,0,0
6/20/26 14:00,13.22,230,SW,15.36,0,0
6/20/26 15:00,14,231,SW,16.52,0,0
6/20/26 16:00,12.44,234,SW,16.91,0,0
6/20/26 17:00,11.47,227,SW,14.19,0,0
6/20/26 18:00,11.66,200,SSW,15.55,0,0
6/20/26 19:00,10.3,216,SW,13.61,0,0
6/20/26 20:00,11.86,229,SW,14.19,0,0
6/20/26 21:00,5.05,243,WSW,8.75,0,0
6/20/26 22:00,5.64,289,WNW,7.97,0,0
6/20/26 23:00,4.47,284,WNW,7.19,0,0
6/21/26 0:00,6.8,247,WSW,9.33,0,0
6/21/26 1:00,4.86,240,WSW,8.16,0,0
6/21/26 2:00,7.58,194,SSW,10.69,0,0
6/21/26 3:00,8.55,216,SW,12.44,0,0
6/21/26 4:00,8.75,206,SSW,11.66,0,0
6/21/26 5:00,6.41,216,SW,11.08,0,0
6/21/26 6:00,7.19,214,SW,9.33,0,0
6/21/26 7:00,8.16,190,S,10.69,0,0
6/21/26 8:00,7.78,215,SW,10.11,0,0
6/21/26 9:00,7.78,204,SSW,9.72,0,0
6/21/26 10:00,8.16,216,SW,10.89,0,0
6/21/26 11:00,7.39,212,SSW,12.44,0,0
6/21/26 12:00,9.91,215,SW,13.41,0,0
6/21/26 13:00,11.08,198,SSW,14.19,0,0
6/21/26 14:00,13.41,216,SW,18.08,0,0
6/21/26 15:00,12.64,216,SW,15.36,0,0
6/21/26 16:00,11.86,214,SW,16.72,0,0
6/21/26 17:00,10.89,205,SSW,14.77,0,0
6/21/26 18:00,7.58,192,SSW,11.08,0,0
6/21/26 19:00,7,213,SSW,10.11,0,0
6/21/26 20:00,6.41,198,SSW,8.55,0,0
6/21/26 21:00,8.75,202,SSW,11.08,0,0
6/21/26 22:00,15.16,187,S,18.66,0,0
6/21/26 23:00,14.38,190,S,16.91,0,0
6/22/26 0:00,10.11,194,SSW,12.64,0,0
6/22/26 1:00,7.97,217,SW,10.89,0,0
6/22/26 2:00,8.75,204,SSW,12.25,0,0
6/22/26 3:00,7.97,205,SSW,12.44,0,0
6/22/26 4:00,10.11,203,SSW,13.22,0,0
6/22/26 5:00,11.08,202,SSW,14.58,0,0
6/22/26 6:00,9.72,217,SW,14.38,0,0
6/22/26 7:00,10.5,208,SSW,13.61,0,0
6/22/26 8:00,9.72,206,SSW,13.8,0,0
6/22/26 9:00,8.55,195,SSW,12.83,0,0
6/22/26 10:00,10.11,187,S,13.41,0,0
6/22/26 11:00,10.11,212,SSW,13.8,0,0
6/22/26 12:00,13.02,195,SSW,15.16,0,0
6/22/26 13:00,10.69,199,SSW,15.55,0,0
6/22/26 14:00,10.3,203,SSW,14.97,0,0
6/22/26 15:00,10.89,209,SSW,16.33,0,0
6/22/26 16:00,9.52,204,SSW,12.83,0,0
6/22/26 17:00,8.16,209,SSW,10.5,0,0
6/22/26 18:00,8.55,202,SSW,12.05,0,0
6/22/26 19:00,7,219,SW,10.5,0,0
6/22/26 20:00,9.91,218,SW,12.44,0,0
6/22/26 21:00,9.14,222,SW,11.08,0,0
6/22/26 22:00,8.55,217,SW,10.89,0,0
6/22/26 23:00,8.55,198,SSW,11.47,0,0
6/23/26 0:00,8.16,206,SSW,11.08,0,0
6/23/26 1:00,7.78,197,SSW,10.89,0,0
6/23/26 2:00,7.58,201,SSW,11.86,0,0
6/23/26 3:00,7.97,233,SW,11.86,0,0
6/23/26 4:00,9.14,225,SW,12.64,0,0
6/23/26 5:00,8.36,233,SW,11.66,0,0
6/23/26 6:00,4.67,269,W,8.75,0,0
6/23/26 7:00,7,219,SW,9.14,0,0
6/23/26 8:00,7.78,217,SW,10.69,0,0
6/23/26 9:00,7,226,SW,10.3,0,0
6/23/26 10:00,6.8,220,SW,10.11,0,0
6/23/26 11:00,6.61,210,SSW,9.72,0,0
6/23/26 12:00,8.55,204,SSW,12.05,0,0
6/23/26 13:00,9.33,211,SSW,13.41,0,0
6/23/26 14:00,11.08,211,SSW,15.55,0,0
6/23/26 15:00,11.86,205,SSW,15.16,0,0
6/23/26 16:00,8.94,201,SSW,12.64,0,0
6/23/26 17:00,10.5,203,SSW,16.13,0,0
6/23/26 18:00,11.27,209,SSW,14.19,0,0
6/23/26 19:00,9.72,211,SSW,13.41,0,0
6/23/26 20:00,6.03,188,S,8.75,0,0
6/23/26 21:00,5.44,205,SSW,8.36,0,0
6/23/26 22:00,8.16,208,SSW,11.86,0,0
6/23/26 23:00,9.91,212,SSW,13.41,0,0
6/24/26 0:00,11.27,204,SSW,17.11,0,0
6/24/26 1:00,13.41,221,SW,17.49,0,0
6/24/26 2:00,10.5,221,SW,13.22,0,0
6/24/26 3:00,8.75,228,SW,12.83,0,0
6/24/26 4:00,7.58,227,SW,11.08,0,0
6/24/26 5:00,9.72,223,SW,13.61,0,0
6/24/26 6:00,9.14,217,SW,12.64,0,0
6/24/26 7:00,8.75,228,SW,12.44,0,0
6/24/26 8:00,6.41,204,SSW,10.5,0,0
6/24/26 9:00,8.94,229,SW,12.05,0,0
6/24/26 10:00,9.52,221,SW,12.25,0,0
6/24/26 11:00,9.72,213,SSW,13.61,0,0
6/24/26 12:00,12.25,213,SSW,15.75,0,0
6/24/26 13:00,12.64,212,SSW,18.08,0,0
6/24/26 14:00,13.22,221,SW,17.49,0,0
6/24/26 15:00,14.58,222,SW,17.49,0,0
6/24/26 16:00,14.38,217,SW,18.66,0,0
6/24/26 17:00,14.77,220,SW,18.08,0,0
6/24/26 18:00,12.25,214,SW,16.13,0,0
6/24/26 19:00,12.83,213,SSW,16.72,0,0
6/24/26 20:00,12.83,215,SW,15.94,0,0
6/24/26 21:00,10.3,218,SW,13.02,0,0
6/24/26 22:00,8.16,214,SW,11.47,0,0
6/24/26 23:00,9.52,214,SW,14,0,0
6/25/26 0:00,8.55,216,SW,12.64,0,0
6/25/26 1:00,8.36,221,SW,11.47,0,0
6/25/26 2:00,7.58,222,SW,9.91,0,0
6/25/26 3:00,11.47,194,SSW,14.97,0,0
6/25/26 4:00,9.91,205,SSW,15.94,0,0
6/25/26 5:00,12.64,226,SW,14.77,0,0
6/25/26 6:00,10.3,221,SW,14,0,0
6/25/26 7:00,10.11,197,SSW,12.25,0,0
6/25/26 8:00,10.11,228,SW,12.05,0,0
6/25/26 9:00,7.78,217,SW,11.66,0,0
6/25/26 10:00,8.36,230,SW,10.5,0,0
6/25/26 11:00,5.05,252,WSW,9.91,0,0
6/25/26 12:00,10.3,211,SSW,12.64,0,0
6/25/26 13:00,11.86,217,SW,15.36,0,0
6/25/26 14:00,12.83,219,SW,17.49,0,0
6/25/26 15:00,19.44,223,SW,22.16,0,0
6/25/26 16:00,11.86,216,SW,16.33,0,0
6/25/26 17:00,13.02,216,SW,16.13,0,0
6/25/26 18:00,11.08,227,SW,13.61,0,0
6/25/26 19:00,12.05,220,SW,15.16,0,0
6/25/26 20:00,15.36,219,SW,17.88,0,0
6/25/26 21:00,13.61,221,SW,17.49,0,0
6/25/26 22:00,10.11,227,SW,13.8,0,0
6/25/26 23:00,8.94,223,SW,11.47,0,0
6/26/26 0:00,8.36,222,SW,12.05,0,0
6/26/26 1:00,9.91,227,SW,12.44,0,0
6/26/26 2:00,10.11,223,SW,11.86,0,0
6/26/26 3:00,9.52,219,SW,11.47,0,0
6/26/26 4:00,6.22,268,W,9.14,0,0
6/26/26 5:00,7,203,SSW,9.33,0,0
6/26/26 6:00,11.27,230,SW,14.38,0,0
6/26/26 7:00,10.89,235,SW,15.16,0,0
6/26/26 8:00,3.69,182,S,5.25,0,0
6/26/26 9:00,5.64,218,SW,8.36,0,0
6/26/26 10:00,6.03,201,SSW,8.75,0,0
6/26/26 11:00,10.3,204,SSW,14.19,0,0
6/26/26 12:00,13.22,214,SW,16.13,0,0
6/26/26 13:00,14,217,SW,19.05,0,0
6/26/26 14:00,18.27,227,SW,23.71,0,0
6/26/26 15:00,16.52,230,SW,21.19,0,0
6/26/26 16:00,14,230,SW,18.47,0,0
6/26/26 17:00,17.11,226,SW,19.63,0,0
6/26/26 18:00,13.02,229,SW,17.3,0,0
6/26/26 19:00,11.86,224,SW,14.58,0,0
6/26/26 20:00,12.05,239,WSW,15.55,0,0
6/26/26 21:00,10.11,240,WSW,15.16,0,0
6/26/26 22:00,7.58,237,WSW,11.08,0,0
6/26/26 23:00,9.72,231,SW,12.25,0,0
6/27/26 0:00,8.94,226,SW,12.44,0,0
6/27/26 1:00,7.39,235,SW,12.05,0,0
6/27/26 2:00,7.97,241,WSW,10.5,0,0
6/27/26 3:00,4.47,231,SW,7,0,0
6/27/26 4:00,8.36,246,WSW,10.69,0,0
6/27/26 5:00,6.61,261,W,9.72,0,0
6/27/26 6:00,7.58,253,WSW,11.27,0,0
6/27/26 7:00,8.55,285,WNW,13.41,0,0
6/27/26 8:00,10.11,270,W,15.55,0,0
6/27/26 9:00,6.8,272,W,12.25,0,0
6/27/26 10:00,7.58,255,WSW,10.3,0,0
6/27/26 11:00,9.72,290,WNW,14.97,0,0
6/27/26 12:00,8.94,196,SSW,12.25,0,0
6/27/26 13:00,9.33,227,SW,11.47,0,0
6/27/26 14:00,12.44,227,SW,14.38,0,0
6/27/26 15:00,12.05,223,SW,14.19,0,0
6/27/26 16:00,12.44,227,SW,14.38,0,0
6/27/26 17:00,9.14,221,SW,12.44,0,0
6/27/26 18:00,7.78,212,SSW,9.72,0,0
6/27/26 19:00,4.08,145,SE,6.03,0,0
6/27/26 20:00,5.44,160,SSE,8.55,0,0
6/27/26 21:00,6.41,180,S,8.16,0,0
6/27/26 22:00,0.19,145,SE,2.14,0,0
6/27/26 23:00,4.67,147,SSE,6.8,0,0
6/28/26 0:00,8.16,150,SSE,12.44,0,0
6/28/26 1:00,9.91,126,SE,12.05,0,0
6/28/26 2:00,9.52,171,S,11.08,0,0
6/28/26 3:00,7.19,158,SSE,10.11,0,0
6/28/26 4:00,7,117,ESE,9.14,0,0
6/28/26 5:00,7.19,119,ESE,8.36,0,0
6/28/26 6:00,7.19,118,ESE,8.75,0,0
6/28/26 7:00,7.58,121,ESE,9.72,0,0
6/28/26 8:00,4.28,135,SE,8.16,0,0
6/28/26 9:00,4.28,173,S,5.83,0,0
6/28/26 10:00,4.08,198,SSW,6.41,0,0
6/28/26 11:00,5.05,204,SSW,6.41,0,0
6/28/26 12:00,9.72,222,SW,11.47,0,0
6/28/26 13:00,10.5,219,SW,12.83,0,0
6/28/26 14:00,12.83,218,SW,15.75,0,0
6/28/26 15:00,12.25,218,SW,14,0,0
6/28/26 16:00,10.5,221,SW,13.02,0,0
6/28/26 17:00,13.22,213,SSW,17.3,0,0
6/28/26 18:00,10.5,208,SSW,14,0,0
6/28/26 19:00,10.69,216,SW,13.8,0,0
6/28/26 20:00,5.25,203,SSW,7.58,0,0
6/28/26 21:00,5.83,196,SSW,8.55,0,0
6/28/26 22:00,11.66,192,SSW,13.8,0,0
6/28/26 23:00,9.33,197,SSW,11.27,0,0
6/29/26 0:00,11.86,184,S,12.83,0,0
6/29/26 1:00,9.52,188,S,11.27,0,0
6/29/26 2:00,8.75,197,SSW,11.66,0,0
6/29/26 3:00,8.75,179,S,11.08,0,0
6/29/26 4:00,11.86,163,SSE,14.97,0,0
6/29/26 5:00,8.75,150,SSE,14.97,0,0
6/29/26 6:00,10.5,176,S,12.64,0,0
6/29/26 7:00,7.97,143,SE,12.25,0,0
6/29/26 8:00,3.5,150,SSE,7,0,0
6/29/26 9:00,5.44,216,SW,7.97,0,0
6/29/26 10:00,6.41,196,SSW,8.75,0,0
6/29/26 11:00,6.61,198,SSW,8.55,0,0
6/29/26 12:00,8.94,216,SW,11.47,0,0
6/29/26 13:00,8.36,214,SW,11.66,0,0
6/29/26 14:00,11.27,213,SSW,15.75,0,0
6/29/26 15:00,10.11,218,SW,14.38,0,0
6/29/26 16:00,12.44,220,SW,15.36,0,0
6/29/26 17:00,13.41,224,SW,17.3,0,0
6/29/26 18:00,11.27,213,SSW,16.52,0,0
6/29/26 19:00,8.36,206,SSW,11.47,0,0
6/29/26 20:00,9.52,216,SW,11.86,0,0
6/29/26 21:00,11.27,215,SW,14.19,0,0
6/29/26 22:00,10.89,211,SSW,16.33,0,0
6/29/26 23:00,17.49,183,S,21.77,0,0
6/30/26 0:00,17.3,182,S,20.6,0,0
6/30/26 1:00,15.75,185,S,17.3,0,0
6/30/26 2:00,14.19,198,SSW,17.88,0,0
6/30/26 3:00,13.8,192,SSW,16.52,0,0
6/30/26 4:00,12.64,196,SSW,16.52,0,0
6/30/26 5:00,13.22,210,SSW,17.88,0,0
6/30/26 6:00,16.52,218,SW,21.19,0,0
6/30/26 7:00,17.49,219,SW,20.6,0,0
6/30/26 8:00,11.66,218,SW,15.94,0,0
6/30/26 9:00,15.16,222,SW,18.47,0,0
6/30/26 10:00,15.94,224,SW,19.24,0,0
6/30/26 11:00,14.97,227,SW,18.08,0,0
6/30/26 12:00,16.13,229,SW,19.83,0,0
6/30/26 13:00,19.63,228,SW,23.52,0,0
6/30/26 14:00,19.05,226,SW,23.71,0,0
6/30/26 15:00,19.44,225,SW,22.16,0,0
6/30/26 16:00,20.99,223,SW,25.27,0,0
6/30/26 17:00,17.88,222,SW,22.16,0,0
6/30/26 18:00,20.41,222,SW,26.44,0,0
6/30/26 19:00,14.77,218,SW,22.16,0,0
6/30/26 20:00,16.72,198,SSW,22.16,0,0
6/30/26 21:00,18.47,193,SSW,22.55,0,0
6/30/26 22:00,15.75,194,SSW,21.19,0,0
6/30/26 23:00,14.77,195,SSW,18.47,0,0
7/1/26 0:00,14,189,S,16.91,0,0
7/1/26 1:00,13.22,199,SSW,18.66,0,0
7/1/26 2:00,15.16,193,SSW,17.69,0,0
7/1/26 3:00,13.22,201,SSW,17.11,0,0
7/1/26 4:00,13.8,198,SSW,17.11,0,0
7/1/26 5:00,11.66,205,SSW,15.36,0,0
7/1/26 6:00,12.05,190,S,14.19,0,0
7/1/26 7:00,11.47,190,S,14.19,0,0
7/1/26 8:00,10.3,207,SSW,14.77,0,0
7/1/26 9:00,9.91,204,SSW,13.61,0,0
7/1/26 10:00,14.19,228,SW,16.52,0,0
7/1/26 11:00,12.64,224,SW,15.36,0,0
7/1/26 12:00,17.11,225,SW,19.83,0,0
7/1/26 13:00,16.52,226,SW,19.05,0,0
7/1/26 14:00,18.86,224,SW,21.58,0,0
7/1/26 15:00,19.24,218,SW,24.3,0,0
7/1/26 16:00,18.47,222,SW,22.94,0,0
7/1/26 17:00,18.86,220,SW,23.91,0,0
7/1/26 18:00,18.47,218,SW,22.35,0,0
7/1/26 19:00,16.91,218,SW,19.63,0,0
7/1/26 20:00,14.38,222,SW,20.22,0,0
7/1/26 21:00,17.88,223,SW,22.94,0,0
7/1/26 22:00,15.94,225,SW,19.44,0,0
7/1/26 23:00,16.72,226,SW,20.22,0,0
7/2/26 0:00,16.52,223,SW,20.02,0,0
7/2/26 1:00,14,226,SW,18.47,0,0
7/2/26 2:00,17.11,227,SW,19.24,0,0
7/2/26 3:00,15.94,229,SW,19.05,0,0
7/2/26 4:00,13.61,232,SW,17.49,0,0
7/2/26 5:00,13.22,228,SW,16.13,0,0
7/2/26 6:00,14,233,SW,19.24,0,0
7/2/26 7:00,12.05,231,SW,15.55,0,0
7/2/26 8:00,12.05,231,SW,15.55,0,0
7/2/26 9:00,6.41,231,SW,9.14,0,0
7/2/26 10:00,3.5,268,W,4.86,0,0
7/2/26 11:00,2.33,218,SW,3.69,0,0
7/2/26 12:00,9.91,227,SW,12.44,0,0
7/2/26 13:00,12.44,219,SW,15.75,0,0
7/2/26 14:00,14.77,223,SW,17.49,0,0
7/2/26 15:00,15.16,223,SW,17.3,0,0
7/2/26 16:00,16.52,218,SW,19.83,0,0
7/2/26 17:00,15.16,221,SW,18.27,0,0
7/2/26 18:00,16.33,223,SW,20.22,0,0
7/2/26 19:00,15.55,225,SW,19.83,0,0
7/2/26 20:00,16.91,218,SW,20.02,0,0
7/2/26 21:00,11.47,215,SW,15.16,0,0
7/2/26 22:00,14.97,226,SW,18.86,0,0
7/2/26 23:00,14.77,219,SW,18.47,0,0
7/3/26 0:00,12.44,227,SW,15.55,0,0
7/3/26 1:00,12.44,226,SW,18.66,0,0
7/3/26 2:00,13.02,220,SW,16.13,0,0
7/3/26 3:00,13.02,228,SW,15.16,0,0
7/3/26 4:00,11.47,228,SW,14.77,0,0
7/3/26 5:00,10.89,225,SW,13.41,0,0
7/3/26 6:00,8.55,228,SW,11.08,0,0
7/3/26 7:00,6.03,250,WSW,11.47,0,0
7/3/26 8:00,7.19,256,WSW,9.91,0,0
7/3/26 9:00,7.19,225,SW,9.91,0,0
7/3/26 10:00,6.22,233,SW,8.94,0,0
7/3/26 11:00,6.61,227,SW,8.75,0,0
7/3/26 12:00,5.05,201,SSW,7,0,0
7/3/26 13:00,9.91,211,SSW,13.02,0,0
7/3/26 14:00,9.91,212,SSW,12.83,0,0
7/3/26 15:00,10.5,211,SSW,14.58,0,0
7/3/26 16:00,8.36,201,SSW,11.66,0,0
7/3/26 17:00,8.94,213,SSW,14.38,0,0
7/3/26 18:00,6.03,204,SSW,11.27,0,0
7/3/26 19:00,7.58,200,SSW,12.05,0,0
7/3/26 20:00,7,191,S,9.14,0,0
7/3/26 21:00,6.41,196,SSW,9.91,0,0
7/3/26 22:00,12.83,209,SSW,18.27,0,0
7/3/26 23:00,13.41,207,SSW,17.88,0,0
7/4/26 0:00,13.02,209,SSW,18.66,0,0
7/4/26 1:00,12.25,208,SSW,17.88,0,0
7/4/26 2:00,13.22,221,SW,17.11,0,0
7/4/26 3:00,11.66,221,SW,14,0,0
7/4/26 4:00,8.94,218,SW,12.25,0,0
7/4/26 5:00,9.33,209,SSW,12.83,0,0
7/4/26 6:00,8.94,197,SSW,13.02,0,0
7/4/26 7:00,7.97,210,SSW,12.25,0,0
7/4/26 8:00,9.52,206,SSW,12.64,0,0
7/4/26 9:00,8.55,211,SSW,12.05,0,0
7/4/26 10:00,9.91,221,SW,11.86,0,0
7/4/26 11:00,10.11,216,SW,12.83,0,0
7/4/26 12:00,12.25,204,SSW,15.16,0,0
7/4/26 13:00,15.94,193,SSW,18.66,0,0
7/4/26 14:00,16.13,193,SSW,18.86,0,0
7/4/26 15:00,18.86,194,SSW,21.19,0,0
7/4/26 16:00,17.49,188,S,20.6,0,0
7/4/26 17:00,20.6,183,S,23.33,0,0
7/4/26 18:00,17.69,189,S,20.41,0,0
7/4/26 19:00,15.36,191,S,18.08,0,0
7/4/26 20:00,11.86,194,SSW,15.36,0,0
7/4/26 21:00,13.8,210,SSW,20.41,0,0
7/4/26 22:00,12.44,203,SSW,16.91,0,0
7/4/26 23:00,5.25,223,SW,12.05,0,0
7/5/26 0:00,13.22,199,SSW,18.27,0,0
7/5/26 1:00,11.08,225,SW,14.97,0,0
7/5/26 2:00,7.58,222,SW,12.64,0,0
7/5/26 3:00,5.44,225,SW,8.36,0,0
7/5/26 4:00,8.36,225,SW,12.44,0,0
7/5/26 5:00,10.89,216,SW,14.58,0,0
7/5/26 6:00,6.8,222,SW,10.11,0,0
7/5/26 7:00,8.36,227,SW,13.22,0,0
7/5/26 8:00,11.27,214,SW,14.38,0,0
7/5/26 9:00,9.14,210,SSW,14.38,0,0
7/5/26 10:00,6.22,220,SW,13.22,0,0
7/5/26 11:00,9.52,206,SSW,13.02,0,0
7/5/26 12:00,11.66,215,SW,15.16,0,0
7/5/26 13:00,10.69,215,SW,14.19,0,0
7/5/26 14:00,9.52,223,SW,15.16,0,0
7/5/26 15:00,9.52,203,SSW,14.58,0,0
7/5/26 16:00,11.66,201,SSW,15.36,0,0
7/5/26 17:00,12.05,212,SSW,16.13,0,0
7/5/26 18:00,11.47,209,SSW,16.52,0,0
7/5/26 19:00,10.11,219,SW,12.44,0,0
7/5/26 20:00,10.89,225,SW,15.36,0,0
7/5/26 21:00,9.52,202,SSW,13.22,0,0
7/5/26 22:00,11.47,224,SW,14.97,0,0
7/5/26 23:00,9.33,230,SW,12.83,0,0
7/6/26 0:00,10.69,229,SW,14.38,0,0
7/6/26 1:00,8.55,228,SW,13.02,0,0
7/6/26 2:00,10.5,195,SSW,13.61,0,0
7/6/26 3:00,9.72,213,SSW,13.22,0,0
7/6/26 4:00,10.5,225,SW,14.19,0,0
7/6/26 5:00,7.78,216,SW,10.11,0,0
7/6/26 6:00,8.36,209,SSW,13.22,0,0
7/6/26 7:00,10.89,212,SSW,14.77,0,0
7/6/26 8:00,8.75,213,SSW,12.64,0,0
7/6/26 9:00,8.94,212,SSW,12.44,0,0
7/6/26 10:00,9.52,223,SW,11.86,0,0
7/6/26 11:00,8.94,218,SW,11.08,0,0
7/6/26 12:00,7.58,213,SSW,12.64,0,0
7/6/26 13:00,8.36,213,SSW,12.44,0,0
7/6/26 14:00,13.61,214,SW,18.27,0,0
7/6/26 15:00,14.58,198,SSW,18.86,0,0
7/6/26 16:00,14.19,204,SSW,18.47,0,0
7/6/26 17:00,13.22,195,SSW,17.88,0,0
7/6/26 18:00,12.25,198,SSW,17.3,0,0
7/6/26 19:00,12.83,196,SSW,15.94,0,0
7/6/26 20:00,,,,,1,1
7/6/26 21:00,10.5,236,SW,14.38,0,0
7/6/26 22:00,10.3,231,SW,13.02,0,0
7/6/26 23:00,8.75,226,SW,11.27,0,0
7/7/26 0:00,10.5,222,SW,14.97,0,0
7/7/26 1:00,8.75,209,SSW,12.05,0,0
7/7/26 2:00,10.3,228,SW,12.25,0,0
7/7/26 3:00,8.16,234,SW,10.89,0,0
7/7/26 4:00,10.89,228,SW,14,0,0
7/7/26 5:00,10.89,231,SW,15.55,0,0
7/7/26 6:00,6.61,220,SW,10.3,0,0
7/7/26 7:00,3.69,178,S,4.86,0,0
7/7/26 8:00,7.78,198,SSW,10.89,0,0
7/7/26 9:00,8.36,220,SW,12.25,0,0
7/7/26 10:00,7.39,221,SW,10.69,0,0
7/7/26 11:00,8.75,212,SSW,13.41,0,0
7/7/26 12:00,9.14,208,SSW,13.22,0,0
7/7/26 13:00,11.66,194,SSW,15.16,0,0
7/7/26 14:00,10.3,209,SSW,14.19,0,0
7/7/26 15:00,9.14,207,SSW,13.02,0,0
7/7/26 16:00,11.66,212,SSW,15.16,0,0
7/7/26 17:00,12.05,217,SW,15.55,0,0
7/7/26 18:00,8.94,216,SW,12.25,0,0
7/7/26 19:00,7,220,SW,9.33,0,0
7/7/26 20:00,5.44,218,SW,7.19,0,0
7/7/26 21:00,3.5,199,SSW,5.25,0,0
7/7/26 22:00,2.72,231,SW,4.08,0,0
7/7/26 23:00,6.03,121,ESE,7.78,0,0
7/8/26 0:00,6.22,220,SW,7.78,0,0
7/8/26 1:00,6.22,178,S,7.78,0,0
7/8/26 2:00,5.83,193,SSW,7.78,0,0
7/8/26 3:00,5.44,120,ESE,6.22,0,0
7/8/26 4:00,1.56,117,ESE,2.92,0,0
7/8/26 5:00,6.22,192,SSW,9.14,0,0
7/8/26 6:00,4.47,162,SSE,6.03,0,0
7/8/26 7:00,5.44,178,S,8.36,0,0
7/8/26 8:00,6.22,174,S,9.72,0,0
7/8/26 9:00,9.72,183,S,12.44,0,0
7/8/26 10:00,12.25,197,SSW,15.75,0,0
7/8/26 11:00,11.08,192,SSW,14.58,0,0
7/8/26 12:00,12.83,184,S,14.77,0,0
7/8/26 13:00,12.83,194,SSW,14.97,0,0
7/8/26 14:00,16.13,181,S,18.66,0,0
7/8/26 15:00,16.91,189,S,20.6,0,0
7/8/26 16:00,20.02,184,S,21.97,0,0
7/8/26 17:00,17.3,186,S,20.6,0,0
7/8/26 18:00,18.86,179,S,21.77,0,0
7/8/26 19:00,19.83,173,S,21.97,0,0
7/8/26 20:00,15.36,188,S,18.08,0,0
7/8/26 21:00,18.08,175,S,20.8,0,0
7/8/26 22:00,16.52,176,S,18.66,0,0
7/8/26 23:00,17.49,179,S,19.63,0,0
7/9/26 0:00,14.77,189,S,18.66,0,0
7/9/26 1:00,13.61,189,S,16.72,0,0
7/9/26 2:00,14.58,184,S,18.66,0,0
7/9/26 3:00,13.8,176,S,16.91,0,0
7/9/26 4:00,12.83,187,S,16.72,0,0
7/9/26 5:00,11.27,182,S,14,0,0
7/9/26 6:00,12.05,167,SSE,13.61,0,0
7/9/26 7:00,7.97,197,SSW,11.86,0,0
7/9/26 8:00,9.91,188,S,11.66,0,0
7/9/26 9:00,9.72,178,S,12.64,0,0
7/9/26 10:00,6.8,182,S,10.69,0,0
7/9/26 11:00,5.64,193,SSW,8.94,0,0
7/9/26 12:00,8.75,216,SW,10.3,0,0
7/9/26 13:00,13.8,214,SW,18.47,0,0
7/9/26 14:00,12.64,195,SSW,15.16,0,0
7/9/26 15:00,8.36,200,SSW,11.66,0,0
7/9/26 16:00,18.47,194,SSW,21.97,0,0
7/9/26 17:00,17.3,196,SSW,20.6,0,0
7/9/26 18:00,22.16,189,S,25.46,0,0
7/9/26 19:00,20.6,183,S,22.74,0,0
7/9/26 20:00,20.02,173,S,22.74,0,0
7/9/26 21:00,20.02,171,S,22.94,0,0
7/9/26 22:00,16.91,174,S,20.41,0,0
7/9/26 23:00,15.94,189,S,19.83,0,0
7/10/26 0:00,19.83,185,S,22.35,0,0
7/10/26 1:00,17.49,192,SSW,21.19,0,0
7/10/26 2:00,15.55,183,S,18.47,0,0
7/10/26 3:00,12.64,182,S,16.13,0,0
7/10/26 4:00,15.36,174,S,17.88,0,0
7/10/26 5:00,13.61,185,S,16.91,0,0
7/10/26 6:00,14.38,183,S,16.33,0,0
7/10/26 7:00,13.8,178,S,16.13,0,0
7/10/26 8:00,13.41,171,S,15.55,0,0
7/10/26 9:00,14.19,180,S,15.94,0,0
7/10/26 10:00,16.52,187,S,19.05,0,0
7/10/26 11:00,17.11,189,S,21.38,0,0
7/10/26 12:00,17.49,187,S,19.63,0,0
7/10/26 13:00,19.63,183,S,23.52,0,0
7/10/26 14:00,19.05,189,S,24.1,0,0
7/10/26 15:00,15.36,195,SSW,19.83,0,0
7/10/26 16:00,11.86,197,SSW,14.97,0,0
7/10/26 17:00,22.74,173,S,25.08,0,0
7/10/26 18:00,18.66,168,SSE,20.41,0,0
7/10/26 19:00,22.55,175,S,25.66,0,0
7/10/26 20:00,20.22,166,SSE,24.69,0,0
7/10/26 21:00,18.47,168,SSE,22.35,0,0
7/10/26 22:00,18.86,165,SSE,21.19,0,0
7/10/26 23:00,14.38,159,SSE,19.63,0,0
7/11/26 0:00,13.61,171,S,16.91,0,0
7/11/26 1:00,15.94,170,S,18.47,0,0
7/11/26 2:00,16.52,176,S,19.24,0,0
7/11/26 3:00,14.58,182,S,19.63,0,0
7/11/26 4:00,14,183,S,18.47,0,0
7/11/26 5:00,13.02,186,S,16.52,0,0
7/11/26 6:00,9.52,187,S,14,0,0
7/11/26 7:00,11.66,174,S,14.97,0,0
7/11/26 8:00,13.22,184,S,15.94,0,0
7/11/26 9:00,13.8,179,S,16.13,0,0
7/11/26 10:00,11.66,196,SSW,15.75,0,0
7/11/26 11:00,11.47,190,S,13.61,0,0
7/11/26 12:00,12.44,210,SSW,17.88,0,0
7/11/26 13:00,14,200,SSW,19.24,0,0
7/11/26 14:00,8.36,202,SSW,11.66,0,0
7/11/26 15:00,13.22,199,SSW,17.49,0,0
7/11/26 16:00,10.5,194,SSW,13.02,0,0
7/11/26 17:00,7.97,203,SSW,12.64,0,0
7/11/26 18:00,10.11,182,S,15.36,0,0
7/11/26 19:00,17.11,184,S,19.05,0,0
7/11/26 20:00,14.38,208,SSW,18.08,0,0
7/11/26 21:00,16.72,184,S,18.66,0,0
7/11/26 22:00,18.08,181,S,20.8,0,0
7/11/26 23:00,15.55,188,S,18.27,0,0
7/12/26 0:00,10.11,194,SSW,11.47,0,0
7/12/26 1:00,14.97,216,SW,19.05,0,0
7/12/26 2:00,11.66,200,SSW,15.75,0,0
7/12/26 3:00,10.11,208,SSW,16.13,0,0
7/12/26 4:00,12.83,206,SSW,18.47,0,0
7/12/26 5:00,10.3,219,SW,14.19,0,0
7/12/26 6:00,11.27,216,SW,13.41,0,0
7/12/26 7:00,8.36,196,SSW,10.69,0,0
7/12/26 8:00,1.36,277,W,2.53,0,0
7/12/26 9:00,5.83,192,SSW,7.19,0,0
7/12/26 10:00,9.33,212,SSW,11.47,0,0
7/12/26 11:00,6.41,223,SW,8.16,0,0
7/12/26 12:00,7.58,223,SW,9.33,0,0
7/12/26 13:00,9.52,211,SSW,14,0,0
7/12/26 14:00,11.08,220,SW,13.22,0,0
7/12/26 15:00,7.58,197,SSW,10.89,0,0
7/12/26 16:00,8.55,212,SSW,13.22,0,0
7/12/26 17:00,11.27,216,SW,14.97,0,0
7/12/26 18:00,4.28,199,SSW,6.8,0,0
7/12/26 19:00,14.38,191,S,17.3,0,0
7/12/26 20:00,11.86,198,SSW,15.55,0,0
7/12/26 21:00,14.77,190,S,16.52,0,0
7/12/26 22:00,12.83,196,SSW,16.13,0,0
7/12/26 23:00,15.94,186,S,18.47,0,0
7/13/26 0:00,11.47,212,SSW,15.55,0,0
7/13/26 1:00,6.61,201,SSW,8.94,0,0
7/13/26 2:00,9.72,186,S,10.89,0,0
7/13/26 3:00,11.08,181,S,12.44,0,0
7/13/26 4:00,1.17,285,WNW,2.14,0,0
7/13/26 5:00,0.39,90,E,1.56,0,0
7/13/26 6:00,3.11,209,SSW,4.86,0,0
7/13/26 7:00,0,157,SSE,1.94,0,0
7/13/26 8:00,2.72,45,NE,3.3,0,0
7/13/26 9:00,7.78,188,S,9.91,0,0
7/13/26 10:00,4.67,225,SW,9.52,0,0
7/13/26 11:00,7.78,186,S,9.14,0,0
7/13/26 12:00,6.61,226,SW,7.39,0,0
7/13/26 13:00,6.61,184,S,8.75,0,0
7/13/26 14:00,14.58,221,SW,17.49,0,0